huc12_id,year,irrwdgw_mgd,irrwdtot_mgd,irrwdsw_mgd
111301040402,2000,0.0,0.0,0.0
111301040402,2001,0.0,0.0,0.0
111301040402,2002,0.0,0.0,0.0
111301040402,2003,0.0,0.0,0.0
111301040402,2004,0.0,0.0,0.0
111301040402,2005,0.0,0.0,0.0
111301040402,2006,0.0,0.0,0.0
111301040402,2007,0.0,0.0,0.0
111301040402,2008,0.0,0.0,0.0
111301040402,2009,0.0,0.0,0.0
111301040402,2010,0.0,0.0,0.0
111301040402,2011,0.0,0.0,0.0
111301040402,2012,0.0,0.0,0.0
111301040402,2013,0.0,0.0,0.0
111301040402,2014,0.0,0.0,0.0
111301040402,2015,0.0,0.0,0.0
111301040402,2016,0.0,0.0,0.0
111301040402,2017,0.0,0.0,0.0
111301040402,2018,0.51211423,0.51211423,0.0
111301040402,2019,0.0,0.0,0.0
111301040402,2020,0.0,0.0,0.0
111301040403,2000,0.0,0.0,0.0
111301040403,2001,0.0,0.0,0.0
111301040403,2002,0.0,0.0,0.0
111301040403,2003,0.0,0.0,0.0
111301040403,2004,0.0,0.0,0.0
111301040403,2005,0.0,0.0,0.0
111301040403,2006,0.0,0.0,0.0
111301040403,2007,0.0,0.0,0.0
111301040403,2008,0.0,0.0,0.0
111301040403,2009,0.0,0.0,0.0
111301040403,2010,0.0,0.0,0.0
111301040403,2011,0.0,0.0,0.0
111301040403,2012,0.0,0.0,0.0
111301040403,2013,0.0,0.0,0.0
111301040403,2014,0.0,0.0,0.0
111301040403,2015,0.0,0.0,0.0
111301040403,2016,0.0,0.0,0.0
111301040403,2017,0.0,0.0,0.0
111301040403,2018,0.0,0.0,0.0
111301040403,2019,0.0,0.0,0.0
111301040403,2020,0.0,0.0,0.0
111301040404,2000,0.0,0.0,0.0
111301040404,2001,0.0,0.0,0.0
111301040404,2002,0.0,0.0,0.0
111301040404,2003,0.0,0.0,0.0
111301040404,2004,0.0,0.0,0.0
111301040404,2005,0.0,0.0,0.0
111301040404,2006,0.0,0.0,0.0
111301040404,2007,0.0,0.0,0.0
111301040404,2008,0.0,0.0,0.0
111301040404,2009,0.0,0.0,0.0
111301040404,2010,0.0,0.0,0.0
111301040404,2011,0.0,0.0,0.0
111301040404,2012,0.0,0.0,0.0
111301040404,2013,0.0,0.0,0.0
111301040404,2014,0.0,0.0,0.0
111301040404,2015,0.0,0.0,0.0
111301040404,2016,0.0,0.0,0.0
111301040404,2017,0.0,0.0,0.0
111301040404,2018,0.0,0.0,0.0
111301040404,2019,0.0,0.0,0.0
111301040404,2020,0.0,0.0,0.0
111301040405,2000,0.0,0.0,0.0
111301040405,2001,0.0,0.0,0.0
111301040405,2002,0.0,0.0,0.0
111301040405,2003,0.0,0.0,0.0
111301040405,2004,0.0,0.0,0.0
111301040405,2005,0.0,0.0,0.0
111301040405,2006,0.0,0.0,0.0
111301040405,2007,0.0,0.0,0.0
111301040405,2008,0.0,0.0,0.0
111301040405,2009,0.0,0.0,0.0
111301040405,2010,0.0,0.0,0.0
111301040405,2011,0.0,0.0,0.0
111301040405,2012,0.0,0.0,0.0
111301040405,2013,0.0,0.0,0.0
111301040405,2014,0.0,0.0,0.0
111301040405,2015,0.0,0.0,0.0
111301040405,2016,0.0,0.0,0.0
111301040405,2017,0.0,0.0,0.0
111301040405,2018,0.268619049,0.268619049,0.0
111301040405,2019,0.0,0.0,0.0
111301040405,2020,0.0,0.0,0.0
111301040406,2000,0.0,0.0,0.0
111301040406,2001,0.0,0.0,0.0
111301040406,2002,0.0,0.0,0.0
111301040406,2003,0.0,0.0,0.0
111301040406,2004,0.0,0.0,0.0
111301040406,2005,0.0,0.0,0.0
111301040406,2006,0.0,0.0,0.0
111301040406,2007,0.0,0.0,0.0
111301040406,2008,0.0,0.0,0.0
111301040406,2009,0.0,0.0,0.0
111301040406,2010,0.0,0.0,0.0
111301040406,2011,0.0,0.0,0.0
111301040406,2012,0.0,0.0,0.0
111301040406,2013,0.0,0.0,0.0
111301040406,2014,0.0,0.0,0.0
111301040406,2015,0.0,0.0,0.0
111301040406,2016,0.0,0.0,0.0
111301040406,2017,0.0,0.0,0.0
111301040406,2018,0.0,0.0,0.0
111301040406,2019,0.0,0.0,0.0
111301040406,2020,0.0,0.0,0.0
111301040407,2000,0.0,0.0,0.0
111301040407,2001,0.0,0.0,0.0
111301040407,2002,0.0,0.0,0.0
111301040407,2003,0.0,0.0,0.0
111301040407,2004,0.0,0.0,0.0
111301040407,2005,0.0,0.0,0.0
111301040407,2006,0.0,0.0,0.0
111301040407,2007,0.0,0.0,0.0
111301040407,2008,0.0,0.0,0.0
111301040407,2009,0.0,0.0,0.0
111301040407,2010,0.0,0.0,0.0
111301040407,2011,0.0,0.0,0.0
111301040407,2012,0.0,0.0,0.0
111301040407,2013,0.0,0.0,0.0
111301040407,2014,0.0,0.0,0.0
111301040407,2015,0.0,0.0,0.0
111301040407,2016,0.0,0.0,0.0
111301040407,2017,0.0,0.0,0.0
111301040407,2018,0.0,0.0,0.0
111301040407,2019,0.0,0.0,0.0
111301040407,2020,0.0,0.0,0.0
111301040408,2000,0.0,0.0,0.0
111301040408,2001,0.0,0.0,0.0
111301040408,2002,0.0,0.0,0.0
111301040408,2003,0.0,0.0,0.0
111301040408,2004,0.0,0.0,0.0
111301040408,2005,0.0,0.0,0.0
111301040408,2006,0.0,0.0,0.0
111301040408,2007,0.0,0.0,0.0
111301040408,2008,0.0,0.0,0.0
111301040408,2009,0.0,0.0,0.0
111301040408,2010,0.0,0.0,0.0
111301040408,2011,0.0,0.0,0.0
111301040408,2012,0.0,0.0,0.0
111301040408,2013,0.0,0.0,0.0
111301040408,2014,0.0,0.0,0.0
111301040408,2015,0.0,0.0,0.0
111301040408,2016,0.0,0.0,0.0
111301040408,2017,0.0,0.0,0.0
111301040408,2018,0.0,0.0,0.0
111301040408,2019,0.0,0.0,0.0
111301040408,2020,0.0,0.0,0.0
111301040409,2000,0.0,0.0,0.0
111301040409,2001,0.0,0.0,0.0
111301040409,2002,0.0,0.0,0.0
111301040409,2003,0.0,0.0,0.0
111301040409,2004,0.0,0.0,0.0
111301040409,2005,0.0,0.0,0.0
111301040409,2006,0.0,0.0,0.0
111301040409,2007,0.0,0.0,0.0
111301040409,2008,0.0,0.0,0.0
111301040409,2009,0.0,0.0,0.0
111301040409,2010,0.0,0.0,0.0
111301040409,2011,0.0,0.0,0.0
111301040409,2012,0.0,0.0,0.0
111301040409,2013,0.0,0.0,0.0
111301040409,2014,0.0,0.0,0.0
111301040409,2015,0.0,0.0,0.0
111301040409,2016,0.0,0.0,0.0
111301040409,2017,0.0,0.0,0.0
111301040409,2018,0.0,0.0,0.0
111301040409,2019,0.0,0.0,0.0
111301040409,2020,0.0,0.0,0.0
111301040410,2000,0.0,0.0,0.0
111301040410,2001,0.0,0.0,0.0
111301040410,2002,0.0,0.0,0.0
111301040410,2003,0.0,0.0,0.0
111301040410,2004,0.0,0.0,0.0
111301040410,2005,0.0,0.0,0.0
111301040410,2006,0.0,0.0,0.0
111301040410,2007,0.0,0.0,0.0
111301040410,2008,0.0,0.0,0.0
111301040410,2009,0.0,0.0,0.0
111301040410,2010,0.0,0.0,0.0
111301040410,2011,0.0,0.0,0.0
111301040410,2012,0.0,0.0,0.0
111301040410,2013,0.0,0.0,0.0
111301040410,2014,0.0,0.0,0.0
111301040410,2015,0.0,0.0,0.0
111301040410,2016,0.0,0.0,0.0
111301040410,2017,0.0,0.0,0.0
111301040410,2018,0.0,0.0,0.0
111301040410,2019,0.0,0.0,0.0
111301040410,2020,0.0,0.0,0.0
111301040501,2000,0.0,0.0,0.0
111301040501,2001,0.0,0.0,0.0
111301040501,2002,0.0,0.0,0.0
111301040501,2003,0.0,0.0,0.0
111301040501,2004,0.0,0.0,0.0
111301040501,2005,0.0,0.0,0.0
111301040501,2006,0.0,0.0,0.0
111301040501,2007,0.0,0.0,0.0
111301040501,2008,0.0,0.0,0.0
111301040501,2009,0.0,0.0,0.0
111301040501,2010,0.0,0.0,0.0
111301040501,2011,0.0,0.0,0.0
111301040501,2012,0.0,0.0,0.0
111301040501,2013,0.0,0.0,0.0
111301040501,2014,0.0,0.0,0.0
111301040501,2015,0.0,0.0,0.0
111301040501,2016,0.0,0.0,0.0
111301040501,2017,0.0,0.0,0.0
111301040501,2018,0.0,0.0,0.0
111301040501,2019,0.0,0.0,0.0
111301040501,2020,0.0,0.0,0.0
111301040502,2000,0.0,0.0,0.0
111301040502,2001,0.0,0.0,0.0
111301040502,2002,0.0,0.0,0.0
111301040502,2003,0.0,0.0,0.0
111301040502,2004,0.0,0.0,0.0
111301040502,2005,0.0,0.0,0.0
111301040502,2006,0.0,0.0,0.0
111301040502,2007,0.0,0.0,0.0
111301040502,2008,0.0,0.0,0.0
111301040502,2009,0.0,0.0,0.0
111301040502,2010,0.0,0.0,0.0
111301040502,2011,0.0,0.0,0.0
111301040502,2012,0.0,0.0,0.0
111301040502,2013,0.0,0.0,0.0
111301040502,2014,0.0,0.0,0.0
111301040502,2015,0.0,0.0,0.0
111301040502,2016,0.0,0.0,0.0
111301040502,2017,0.0,0.0,0.0
111301040502,2018,0.0,0.0,0.0
111301040502,2019,0.0,0.0,0.0
111301040502,2020,0.0,0.0,0.0
111301040503,2000,0.0,0.0,0.0
111301040503,2001,0.0,0.0,0.0
111301040503,2002,0.0,0.0,0.0
111301040503,2003,0.0,0.0,0.0
111301040503,2004,0.0,0.0,0.0
111301040503,2005,0.0,0.0,0.0
111301040503,2006,0.0,0.0,0.0
111301040503,2007,0.0,0.0,0.0
111301040503,2008,0.0,0.0,0.0
111301040503,2009,0.0,0.0,0.0
111301040503,2010,0.0,0.0,0.0
111301040503,2011,0.0,0.0,0.0
111301040503,2012,0.0,0.0,0.0
111301040503,2013,0.0,0.0,0.0
111301040503,2014,0.0,0.0,0.0
111301040503,2015,0.0,0.0,0.0
111301040503,2016,0.0,0.0,0.0
111301040503,2017,0.0,0.0,0.0
111301040503,2018,0.0,0.0,0.0
111301040503,2019,0.0,0.0,0.0
111301040503,2020,0.0,0.0,0.0
111301050101,2000,0.0,0.0,0.0
111301050101,2001,0.0,0.0,0.0
111301050101,2002,0.0,0.0,0.0
111301050101,2003,0.0,0.0,0.0
111301050101,2004,0.0,0.0,0.0
111301050101,2005,0.0,0.0,0.0
111301050101,2006,0.0,0.0,0.0
111301050101,2007,0.0,0.0,0.0
111301050101,2008,0.0,0.0,0.0
111301050101,2009,0.0,0.0,0.0
111301050101,2010,0.0,0.0,0.0
111301050101,2011,0.0,0.0,0.0
111301050101,2012,0.0,0.0,0.0
111301050101,2013,0.0,0.0,0.0
111301050101,2014,0.0,0.0,0.0
111301050101,2015,0.0,0.0,0.0
111301050101,2016,0.0,0.0,0.0
111301050101,2017,0.0,0.0,0.0
111301050101,2018,0.0,0.0,0.0
111301050101,2019,0.0,0.0,0.0
111301050101,2020,0.0,0.0,0.0
111301050102,2000,0.0,0.0,0.0
111301050102,2001,0.0,0.0,0.0
111301050102,2002,0.0,0.0,0.0
111301050102,2003,0.0,0.0,0.0
111301050102,2004,0.0,0.0,0.0
111301050102,2005,0.0,0.0,0.0
111301050102,2006,0.0,0.0,0.0
111301050102,2007,0.0,0.0,0.0
111301050102,2008,0.0,0.0,0.0
111301050102,2009,0.0,0.0,0.0
111301050102,2010,0.0,0.0,0.0
111301050102,2011,0.0,0.0,0.0
111301050102,2012,0.0,0.0,0.0
111301050102,2013,0.0,0.0,0.0
111301050102,2014,0.0,0.0,0.0
111301050102,2015,0.0,0.0,0.0
111301050102,2016,0.0,0.0,0.0
111301050102,2017,0.0,0.0,0.0
111301050102,2018,0.0,0.0,0.0
111301050102,2019,0.0,0.0,0.0
111301050102,2020,0.0,0.0,0.0
111301050103,2000,0.0,0.0,0.0
111301050103,2001,0.0,0.0,0.0
111301050103,2002,0.0,0.0,0.0
111301050103,2003,0.0,0.0,0.0
111301050103,2004,0.0,0.0,0.0
111301050103,2005,0.0,0.0,0.0
111301050103,2006,0.0,0.0,0.0
111301050103,2007,0.0,0.0,0.0
111301050103,2008,0.0,0.0,0.0
111301050103,2009,0.0,0.0,0.0
111301050103,2010,0.0,0.0,0.0
111301050103,2011,0.0,0.0,0.0
111301050103,2012,0.0,0.0,0.0
111301050103,2013,0.0,0.0,0.0
111301050103,2014,0.0,0.0,0.0
111301050103,2015,0.0,0.0,0.0
111301050103,2016,0.0,0.0,0.0
111301050103,2017,0.0,0.0,0.0
111301050103,2018,0.0,0.0,0.0
111301050103,2019,0.0,0.0,0.0
111301050103,2020,0.0,0.0,0.0
111301050104,2000,0.0,0.0,0.0
111301050104,2001,0.0,0.0,0.0
111301050104,2002,0.0,0.0,0.0
111301050104,2003,0.0,0.0,0.0
111301050104,2004,0.0,0.0,0.0
111301050104,2005,0.0,0.0,0.0
111301050104,2006,0.0,0.0,0.0
111301050104,2007,0.0,0.0,0.0
111301050104,2008,0.0,0.0,0.0
111301050104,2009,0.0,0.0,0.0
111301050104,2010,0.0,0.0,0.0
111301050104,2011,0.0,0.0,0.0
111301050104,2012,0.0,0.0,0.0
111301050104,2013,0.0,0.0,0.0
111301050104,2014,0.0,0.0,0.0
111301050104,2015,0.0,0.0,0.0
111301050104,2016,0.0,0.0,0.0
111301050104,2017,0.0,0.0,0.0
111301050104,2018,0.0,0.0,0.0
111301050104,2019,0.0,0.0,0.0
111301050104,2020,0.0,0.0,0.0
111301050105,2000,0.0,0.0,0.0
111301050105,2001,0.0,0.0,0.0
111301050105,2002,0.0,0.0,0.0
111301050105,2003,0.0,0.0,0.0
111301050105,2004,0.0,0.0,0.0
111301050105,2005,0.0,0.0,0.0
111301050105,2006,0.0,0.0,0.0
111301050105,2007,0.0,0.0,0.0
111301050105,2008,0.0,0.0,0.0
111301050105,2009,0.0,0.0,0.0
111301050105,2010,0.0,0.0,0.0
111301050105,2011,0.0,0.0,0.0
111301050105,2012,0.0,0.0,0.0
111301050105,2013,0.0,0.0,0.0
111301050105,2014,0.0,0.0,0.0
111301050105,2015,0.0,0.0,0.0
111301050105,2016,0.0,0.0,0.0
111301050105,2017,0.0,0.0,0.0
111301050105,2018,0.0,0.0,0.0
111301050105,2019,0.0,0.0,0.0
111301050105,2020,0.0,0.0,0.0
111301050106,2000,0.0,0.0,0.0
111301050106,2001,0.0,0.0,0.0
111301050106,2002,0.0,0.0,0.0
111301050106,2003,0.0,0.0,0.0
111301050106,2004,0.0,0.0,0.0
111301050106,2005,0.0,0.0,0.0
111301050106,2006,0.0,0.0,0.0
111301050106,2007,0.0,0.0,0.0
111301050106,2008,0.0,0.0,0.0
111301050106,2009,0.0,0.0,0.0
111301050106,2010,0.0,0.0,0.0
111301050106,2011,0.0,0.0,0.0
111301050106,2012,0.0,0.0,0.0
111301050106,2013,0.0,0.0,0.0
111301050106,2014,0.0,0.0,0.0
111301050106,2015,0.0,0.0,0.0
111301050106,2016,0.0,0.0,0.0
111301050106,2017,0.0,0.0,0.0
111301050106,2018,0.0,0.0,0.0
111301050106,2019,0.0,0.0,0.0
111301050106,2020,0.0,0.0,0.0
111301050107,2000,0.0,0.0,0.0
111301050107,2001,0.0,0.0,0.0
111301050107,2002,0.0,0.0,0.0
111301050107,2003,0.0,0.0,0.0
111301050107,2004,0.0,0.0,0.0
111301050107,2005,0.0,0.0,0.0
111301050107,2006,0.0,0.0,0.0
111301050107,2007,0.0,0.0,0.0
111301050107,2008,0.0,0.0,0.0
111301050107,2009,0.0,0.0,0.0
111301050107,2010,0.0,0.0,0.0
111301050107,2011,0.0,0.0,0.0
111301050107,2012,0.0,0.0,0.0
111301050107,2013,0.0,0.0,0.0
111301050107,2014,0.0,0.0,0.0
111301050107,2015,0.0,0.0,0.0
111301050107,2016,0.0,0.0,0.0
111301050107,2017,0.0,0.0,0.0
111301050107,2018,0.0,0.0,0.0
111301050107,2019,0.0,0.0,0.0
111301050107,2020,0.0,0.0,0.0
111301050108,2000,0.0,0.0,0.0
111301050108,2001,0.0,0.0,0.0
111301050108,2002,0.0,0.0,0.0
111301050108,2003,0.0,0.0,0.0
111301050108,2004,0.0,0.0,0.0
111301050108,2005,0.0,0.0,0.0
111301050108,2006,0.0,0.0,0.0
111301050108,2007,0.0,0.0,0.0
111301050108,2008,0.0,0.0,0.0
111301050108,2009,0.0,0.0,0.0
111301050108,2010,0.0,0.0,0.0
111301050108,2011,0.0,0.0,0.0
111301050108,2012,0.0,0.0,0.0
111301050108,2013,0.0,0.0,0.0
111301050108,2014,0.0,0.0,0.0
111301050108,2015,0.0,0.0,0.0
111301050108,2016,0.0,0.0,0.0
111301050108,2017,0.0,0.0,0.0
111301050108,2018,0.008106679,0.008106679,0.0
111301050108,2019,0.039523715,0.039523715,0.0
111301050108,2020,0.0,0.0,0.0
111301050109,2000,0.0,0.0,0.0
111301050109,2001,0.000511934,0.000511934,0.0
111301050109,2002,0.0,0.0,0.0
111301050109,2003,0.018419329,0.018419329,0.0
111301050109,2004,0.0,0.0,0.0
111301050109,2005,0.0,0.0,0.0
111301050109,2006,0.0,0.0,0.0
111301050109,2007,0.0,0.0,0.0
111301050109,2008,0.0,0.0,0.0
111301050109,2009,0.0,0.0,0.0
111301050109,2010,0.014126855,0.014126855,0.0
111301050109,2011,0.0,0.0,0.0
111301050109,2012,0.0,0.0,0.0
111301050109,2013,0.0,0.0,0.0
111301050109,2014,0.0,0.0,0.0
111301050109,2015,0.0,0.0,0.0
111301050109,2016,0.0,0.0,0.0
111301050109,2017,0.0,0.0,0.0
111301050109,2018,0.0,0.0,0.0
111301050109,2019,0.0,0.0,0.0
111301050109,2020,0.012168735,0.012168735,0.0
111301050110,2000,0.072800779,0.072800779,0.0
111301050110,2001,0.086299027,0.086299027,0.0
111301050110,2002,0.0,0.0,0.0
111301050110,2003,0.053350403,0.053350403,0.0
111301050110,2004,0.000268746,0.000268746,0.0
111301050110,2005,0.112960501,0.112960501,0.0
111301050110,2006,0.295693416,0.295693416,0.0
111301050110,2007,0.165816707,0.165816707,0.0
111301050110,2008,0.0,0.0,0.0
111301050110,2009,0.26093611,0.26093611,0.0
111301050110,2010,0.104719619,0.104719619,0.0
111301050110,2011,0.0,0.0,0.0
111301050110,2012,0.119739172,0.119739172,0.0
111301050110,2013,0.0,0.0,0.0
111301050110,2014,0.144264118,0.144264118,0.0
111301050110,2015,0.0,0.0,0.0
111301050110,2016,0.0,0.0,0.0
111301050110,2017,0.0,0.0,0.0
111301050110,2018,0.12636786,0.12636786,0.0
111301050110,2019,0.498591589,0.498591589,0.0
111301050110,2020,0.337893716,0.337893716,0.0
111301050111,2000,0.026034434,0.026034434,0.0
111301050111,2001,0.082476836,0.082476836,0.0
111301050111,2002,0.005780712,0.005780712,0.0
111301050111,2003,0.071473321,0.071473321,0.0
111301050111,2004,0.052976888,0.052976888,0.0
111301050111,2005,0.024312745,0.024312745,0.0
111301050111,2006,0.099044405,0.099044405,0.0
111301050111,2007,0.05201477,0.05201477,0.0
111301050111,2008,0.0,0.0,0.0
111301050111,2009,0.094376123,0.094376123,0.0
111301050111,2010,0.061928455,0.061928455,0.0
111301050111,2011,0.009888493,0.009888493,0.0
111301050111,2012,0.061978339,0.061978339,0.0
111301050111,2013,0.0,0.0,0.0
111301050111,2014,0.088937405,0.088937405,0.0
111301050111,2015,0.021352622,0.021352622,0.0
111301050111,2016,0.043281115,0.043281115,0.0
111301050111,2017,0.011019745,0.011019745,0.0
111301050111,2018,0.108042173,0.108042173,0.0
111301050111,2019,0.07945291,0.07945291,0.0
111301050111,2020,0.082223008,0.082223008,0.0
111301050201,2000,2.723438303,2.723438303,0.0
111301050201,2001,3.539896268,3.539896268,0.0
111301050201,2002,1.772939126,1.772939126,0.0
111301050201,2003,3.2110712,3.2110712,0.0
111301050201,2004,1.355705689,1.355705689,0.0
111301050201,2005,2.369753055,2.369753055,0.0
111301050201,2006,2.443221493,2.443221493,0.0
111301050201,2007,2.500139414,2.500139414,0.0
111301050201,2008,1.409511246,1.409511246,0.0
111301050201,2009,2.598474167,2.598474167,0.0
111301050201,2010,1.498930153,1.498930153,0.0
111301050201,2011,1.679627444,1.679627444,0.0
111301050201,2012,2.012093653,2.012093653,0.0
111301050201,2013,1.125641501,1.125641501,0.0
111301050201,2014,2.140626499,2.140626499,0.0
111301050201,2015,0.567175468,0.567175468,0.0
111301050201,2016,0.617679514,0.617679514,0.0
111301050201,2017,1.118987745,1.118987745,0.0
111301050201,2018,2.066479068,2.066479068,0.0
111301050201,2019,1.940372151,1.940372151,0.0
111301050201,2020,3.630852817,3.630852817,0.0
111301050202,2000,10.422630265,10.464488298,0.041857951
111301050202,2001,9.536196419,9.574494466,0.038297967
111301050202,2002,7.195955764,7.224855126,0.028899526
111301050202,2003,9.01673814,9.052949995,0.036211773
111301050202,2004,8.305301402,8.338656096,0.033354527
111301050202,2005,8.762530526,8.797721734,0.035190871
111301050202,2006,6.602062597,6.628576858,0.026514258
111301050202,2007,7.392461364,7.42214986,0.029688581
111301050202,2008,8.553511497,8.587863145,0.034351396
111301050202,2009,8.127033995,8.159672567,0.032638742
111301050202,2010,7.694751145,7.72565377,0.030902542
111301050202,2011,9.185905992,9.222797299,0.036891225
111301050202,2012,7.173629571,7.202439347,0.028809697
111301050202,2013,5.92083229,5.94461086,0.023778403
111301050202,2014,8.082848967,8.11531014,0.032461337
111301050202,2015,5.589792279,5.612241033,0.022449003
111301050202,2016,7.067232612,7.095614984,0.028382456
111301050202,2017,10.504537918,10.546724926,0.042186841
111301050202,2018,8.736040888,8.771125342,0.03508454
111301050202,2019,10.218609493,10.25964811,0.041038616
111301050202,2020,13.707035423,13.762083825,0.055048238
111301050203,2000,1.615628503,1.620489915,0.004861413
111301050203,2001,2.896669668,2.905385871,0.008716205
111301050203,2002,4.077882603,4.090153082,0.012270482
111301050203,2003,2.079758726,2.088111055,0.008352581
111301050203,2004,3.618418781,3.629306612,0.010887831
111301050203,2005,4.836245871,4.850798282,0.014552493
111301050203,2006,2.31851929,2.325495797,0.006976592
111301050203,2007,1.942676932,1.948522712,0.005845526
111301050203,2008,2.569155257,2.574303828,0.005148568
111301050203,2009,2.694480888,2.705302137,0.010821164
111301050203,2010,4.334311608,4.34735371,0.013042019
111301050203,2011,3.898591595,3.914248408,0.015657066
111301050203,2012,4.36708006,4.380220645,0.013140664
111301050203,2013,1.951383493,1.955294167,0.003910589
111301050203,2014,2.300414567,2.309653195,0.00923863
111301050203,2015,4.028099403,4.044276523,0.016177121
111301050203,2016,2.868930751,2.877563292,0.008632705
111301050203,2017,1.137120416,1.140542148,0.003421732
111301050203,2018,2.235109975,2.239589104,0.004479214
111301050203,2019,2.609047482,2.616898216,0.007850814
111301050203,2020,2.036902877,2.038941874,0.002038997
111301050204,2000,4.724360235,4.743333432,0.018973281
111301050204,2001,5.852968123,5.876473932,0.023505811
111301050204,2002,4.783726167,4.802937951,0.019211781
111301050204,2003,3.407730833,3.421416384,0.013685636
111301050204,2004,5.525194831,5.54738453,0.022189533
111301050204,2005,5.001667282,5.021754112,0.020086912
111301050204,2006,3.314120534,3.327430233,0.013309699
111301050204,2007,2.762234729,2.773327986,0.011093258
111301050204,2008,3.83978697,3.855207686,0.015420877
111301050204,2009,3.051005033,3.063258014,0.012253066
111301050204,2010,4.074764644,4.091129142,0.016364663
111301050204,2011,4.25695526,4.274051405,0.017096312
111301050204,2012,3.793285126,3.80851923,0.015234104
111301050204,2013,3.494340614,3.508374129,0.014033515
111301050204,2014,3.558017112,3.572306433,0.014289153
111301050204,2015,2.931007329,2.942778271,0.011771025
111301050204,2016,2.775741426,2.786889098,0.011147423
111301050204,2017,5.206196888,5.227105405,0.020908438
111301050204,2018,4.587033285,4.605455099,0.018421814
111301050204,2019,5.062101326,5.08243109,0.020329685
111301050204,2020,7.356127276,7.385669907,0.029542631
111301050205,2000,0.173777066,0.174474984,0.000697839
111301050205,2001,0.003340647,0.003354099,1.3534e-05
111301050205,2002,0.083083616,0.083417332,0.000333797
111301050205,2003,0.037266485,0.037415986,0.000149668
111301050205,2004,0.05954974,0.059788861,0.000239205
111301050205,2005,0.053696208,0.05391174,0.000215696
111301050205,2006,0.124349592,0.124848978,0.000499553
111301050205,2007,0.097239841,0.097630425,0.000390499
111301050205,2008,0.05118259,0.05138832,0.00020556
111301050205,2009,0.058913581,0.059150134,0.000236636
111301050205,2010,0.000703907,0.000706674,2.852e-06
111301050205,2011,0.0,0.0,0.0
111301050205,2012,0.0,0.0,0.0
111301050205,2013,0.0,0.0,0.0
111301050205,2014,0.000756589,0.000759603,2.934e-06
111301050205,2015,0.0,0.0,0.0
111301050205,2016,0.0,0.0,0.0
111301050205,2017,0.0,0.0,0.0
111301050205,2018,0.0,0.0,0.0
111301050205,2019,0.48232551,0.484262592,0.001936995
111301050205,2020,0.565735852,0.568007956,0.002271937
111301050206,2000,2.475961372,2.485904962,0.00994359
111301050206,2001,2.28383886,2.293010918,0.009172058
111301050206,2002,1.912373433,1.92005363,0.007680197
111301050206,2003,1.871404003,1.87891971,0.00751571
111301050206,2004,1.281709322,1.286856675,0.005147519
111301050206,2005,1.442154649,1.4479466,0.005791614
111301050206,2006,1.118699452,1.123192066,0.004492699
111301050206,2007,0.968412756,0.972302047,0.003889208
111301050206,2008,1.020740555,1.02483985,0.00409938
111301050206,2009,1.735221707,1.742190375,0.006968751
111301050206,2010,0.859079395,0.86252971,0.003450145
111301050206,2011,1.575612115,1.581939712,0.006327849
111301050206,2012,1.297712511,1.302924208,0.005211694
111301050206,2013,0.756479575,0.759517671,0.003038016
111301050206,2014,1.569848781,1.576153389,0.006304608
111301050206,2015,0.914448564,0.918120978,0.003672414
111301050206,2016,1.005484544,1.009522511,0.004038049
111301050206,2017,1.476619279,1.482549416,0.005930389
111301050206,2018,2.031715712,2.039875074,0.008159532
111301050206,2019,1.786606203,1.793781167,0.007175047
111301050206,2020,2.90793582,2.919614451,0.01167847
111301050207,2000,0.312896721,0.314153391,0.00125659
111301050207,2001,0.155150121,0.155773219,0.000623099
111301050207,2002,0.472113353,0.474009362,0.001896178
111301050207,2003,0.066799433,0.067067704,0.000268274
111301050207,2004,0.438047262,0.43980644,0.001759262
111301050207,2005,0.385556323,0.387104855,0.001548449
111301050207,2006,0.1337116,0.134248685,0.000537003
111301050207,2007,0.346878345,0.348271551,0.001393205
111301050207,2008,0.284617303,0.285760331,0.001142945
111301050207,2009,0.176858058,0.177568312,0.000710173
111301050207,2010,0.522464359,0.524562655,0.002098214
111301050207,2011,0.158539019,0.159175778,0.000636759
111301050207,2012,0.347930123,0.349327391,0.00139735
111301050207,2013,0.014534071,0.014592482,5.8493e-05
111301050207,2014,0.218727871,0.219606353,0.0008784
111301050207,2015,0.080543795,0.080867277,0.000323652
111301050207,2016,0.254821749,0.255845199,0.001023372
111301050207,2017,0.303424989,0.304643556,0.00121857
111301050207,2018,0.338522392,0.339881879,0.001359573
111301050207,2019,0.59690123,0.59929846,0.00239723
111301050207,2020,0.517551363,0.519629915,0.002078637
111302010103,2000,0.033705314,0.033705314,0.0
111302010103,2001,0.0,0.0,0.0
111302010103,2002,0.031321471,0.031321471,0.0
111302010103,2003,0.0,0.0,0.0
111302010103,2004,0.0,0.0,0.0
111302010103,2005,0.0,0.0,0.0
111302010103,2006,0.013058499,0.013058499,0.0
111302010103,2007,0.0,0.0,0.0
111302010103,2008,0.012670893,0.012670893,0.0
111302010103,2009,0.018861274,0.018861274,0.0
111302010103,2010,0.084351926,0.084351926,0.0
111302010103,2011,0.005638419,0.005638419,0.0
111302010103,2012,0.0,0.0,0.0
111302010103,2013,0.0,0.0,0.0
111302010103,2014,0.0,0.0,0.0
111302010103,2015,0.0,0.0,0.0
111302010103,2016,0.0,0.0,0.0
111302010103,2017,0.0,0.0,0.0
111302010103,2018,0.0,0.0,0.0
111302010103,2019,0.087897268,0.087897268,0.0
111302010103,2020,0.060388314,0.060388314,0.0
111302010203,2000,0.0,0.0,0.0
111302010203,2001,0.0,0.0,0.0
111302010203,2002,0.0,0.0,0.0
111302010203,2003,0.0,0.0,0.0
111302010203,2004,0.0,0.0,0.0
111302010203,2005,0.0,0.0,0.0
111302010203,2006,0.0,0.0,0.0
111302010203,2007,0.0,0.0,0.0
111302010203,2008,0.0,0.0,0.0
111302010203,2009,0.0,0.0,0.0
111302010203,2010,0.0,0.0,0.0
111302010203,2011,0.0,0.0,0.0
111302010203,2012,0.0,0.0,0.0
111302010203,2013,0.0,0.0,0.0
111302010203,2014,0.0,0.0,0.0
111302010203,2015,0.0,0.0,0.0
111302010203,2016,0.0,0.0,0.0
111302010203,2017,0.0,0.0,0.0
111302010203,2018,0.0,0.0,0.0
111302010203,2019,0.000352633,0.000365786,1.3153e-05
111302010203,2020,0.0,0.0,0.0
111302010204,2000,0.0,0.0,0.0
111302010204,2001,0.0,0.0,0.0
111302010204,2002,0.0,0.0,0.0
111302010204,2003,0.0,0.0,0.0
111302010204,2004,0.0,0.0,0.0
111302010204,2005,0.0,0.0,0.0
111302010204,2006,0.0,0.0,0.0
111302010204,2007,0.0,0.0,0.0
111302010204,2008,0.0,0.0,0.0
111302010204,2009,0.0,0.0,0.0
111302010204,2010,0.0,0.0,0.0
111302010204,2011,0.0,0.0,0.0
111302010204,2012,0.249542525,0.25886162,0.009318926
111302010204,2013,0.0,0.0,0.0
111302010204,2014,0.0,0.0,0.0
111302010204,2015,0.0,0.0,0.0
111302010204,2016,0.0,0.0,0.0
111302010204,2017,0.0,0.0,0.0
111302010204,2018,0.335847241,0.348389189,0.012542033
111302010204,2019,0.278717671,0.289126342,0.010408589
111302010204,2020,0.572177664,0.593545257,0.021367678
111302010205,2000,0.0,0.0,0.0
111302010205,2001,0.0,0.0,0.0
111302010205,2002,0.0,0.0,0.0
111302010205,2003,0.0,0.0,0.0
111302010205,2004,0.0,0.0,0.0
111302010205,2005,0.0,0.0,0.0
111302010205,2006,0.0,0.0,0.0
111302010205,2007,0.0,0.0,0.0
111302010205,2008,0.0,0.0,0.0
111302010205,2009,0.0,0.0,0.0
111302010205,2010,0.0,0.0,0.0
111302010205,2011,0.0,0.0,0.0
111302010205,2012,0.0,0.0,0.0
111302010205,2013,0.0,0.0,0.0
111302010205,2014,0.0,0.0,0.0
111302010205,2015,0.0,0.0,0.0
111302010205,2016,0.0,0.0,0.0
111302010205,2017,0.0,0.0,0.0
111302010205,2018,0.0,0.0,0.0
111302010205,2019,0.0,0.0,0.0
111302010205,2020,0.0,0.0,0.0
111302010206,2000,0.0,0.0,0.0
111302010206,2001,0.0,0.0,0.0
111302010206,2002,0.0,0.0,0.0
111302010206,2003,0.0,0.0,0.0
111302010206,2004,0.0,0.0,0.0
111302010206,2005,0.0,0.0,0.0
111302010206,2006,0.0,0.0,0.0
111302010206,2007,0.0,0.0,0.0
111302010206,2008,0.0,0.0,0.0
111302010206,2009,0.0,0.0,0.0
111302010206,2010,0.0,0.0,0.0
111302010206,2011,0.0,0.0,0.0
111302010206,2012,0.0,0.0,0.0
111302010206,2013,0.0,0.0,0.0
111302010206,2014,0.0,0.0,0.0
111302010206,2015,0.0,0.0,0.0
111302010206,2016,0.0,0.0,0.0
111302010206,2017,0.0,0.0,0.0
111302010206,2018,0.0,0.0,0.0
111302010206,2019,0.0,0.0,0.0
111302010206,2020,0.0,0.0,0.0
111302010208,2000,0.0,0.0,0.0
111302010208,2001,0.0,0.0,0.0
111302010208,2002,0.0,0.0,0.0
111302010208,2003,0.0,0.0,0.0
111302010208,2004,0.0,0.0,0.0
111302010208,2005,0.0,0.0,0.0
111302010208,2006,0.0,0.0,0.0
111302010208,2007,0.0,0.0,0.0
111302010208,2008,0.0,0.0,0.0
111302010208,2009,0.0,0.0,0.0
111302010208,2010,0.0,0.0,0.0
111302010208,2011,0.0,0.0,0.0
111302010208,2012,0.0,0.0,0.0
111302010208,2013,0.0,0.0,0.0
111302010208,2014,0.0,0.0,0.0
111302010208,2015,0.0,0.0,0.0
111302010208,2016,0.0,0.0,0.0
111302010208,2017,0.0,0.0,0.0
111302010208,2018,0.0,0.0,0.0
111302010208,2019,0.0,0.0,0.0
111302010208,2020,0.0,0.0,0.0
111302010209,2000,0.0,0.0,0.0
111302010209,2001,0.0,0.0,0.0
111302010209,2002,0.0,0.0,0.0
111302010209,2003,0.0,0.0,0.0
111302010209,2004,0.0,0.0,0.0
111302010209,2005,0.0,0.0,0.0
111302010209,2006,0.0,0.0,0.0
111302010209,2007,0.0,0.0,0.0
111302010209,2008,0.0,0.0,0.0
111302010209,2009,0.0,0.0,0.0
111302010209,2010,0.0,0.0,0.0
111302010209,2011,0.0,0.0,0.0
111302010209,2012,0.0,0.0,0.0
111302010209,2013,0.0,0.0,0.0
111302010209,2014,0.0,0.0,0.0
111302010209,2015,0.0,0.0,0.0
111302010209,2016,0.0,0.0,0.0
111302010209,2017,0.0,0.0,0.0
111302010209,2018,0.0,0.0,0.0
111302010209,2019,0.0,0.0,0.0
111302010209,2020,0.0,0.0,0.0
111302010210,2000,0.0,0.0,0.0
111302010210,2001,0.0,0.0,0.0
111302010210,2002,0.0,0.0,0.0
111302010210,2003,0.0,0.0,0.0
111302010210,2004,0.0,0.0,0.0
111302010210,2005,0.0,0.0,0.0
111302010210,2006,0.0,0.0,0.0
111302010210,2007,0.0,0.0,0.0
111302010210,2008,0.0,0.0,0.0
111302010210,2009,0.0,0.0,0.0
111302010210,2010,0.0,0.0,0.0
111302010210,2011,0.0,0.0,0.0
111302010210,2012,0.0,0.0,0.0
111302010210,2013,0.0,0.0,0.0
111302010210,2014,0.0,0.0,0.0
111302010210,2015,0.0,0.0,0.0
111302010210,2016,0.0,0.0,0.0
111302010210,2017,0.0,0.0,0.0
111302010210,2018,0.0,0.0,0.0
111302010210,2019,0.0,0.0,0.0
111302010210,2020,0.0,0.0,0.0
111302010505,2000,0.0,0.0,0.0
111302010505,2001,0.0,0.0,0.0
111302010505,2002,0.0,0.0,0.0
111302010505,2003,0.0,0.0,0.0
111302010505,2004,0.0,0.0,0.0
111302010505,2005,0.0,0.0,0.0
111302010505,2006,0.0,0.0,0.0
111302010505,2007,0.0,0.0,0.0
111302010505,2008,0.0,0.0,0.0
111302010505,2009,0.0,0.0,0.0
111302010505,2010,0.0,0.0,0.0
111302010505,2011,0.0,0.0,0.0
111302010505,2012,0.0,0.0,0.0
111302010505,2013,0.0,0.0,0.0
111302010505,2014,0.0,0.0,0.0
111302010505,2015,0.0,0.0,0.0
111302010505,2016,0.0,0.0,0.0
111302010505,2017,0.0,0.0,0.0
111302010505,2018,0.0,0.0,0.0
111302010505,2019,0.0,0.0,0.0
111302010505,2020,0.0,0.0,0.0
111302010506,2000,0.0,0.0,0.0
111302010506,2001,0.0,0.0,0.0
111302010506,2002,0.0,0.0,0.0
111302010506,2003,0.0,0.0,0.0
111302010506,2004,0.0,0.0,0.0
111302010506,2005,0.0,0.0,0.0
111302010506,2006,0.0,0.0,0.0
111302010506,2007,0.0,0.0,0.0
111302010506,2008,0.0,0.0,0.0
111302010506,2009,0.0,0.0,0.0
111302010506,2010,0.0,0.0,0.0
111302010506,2011,0.0,0.0,0.0
111302010506,2012,0.0,0.0,0.0
111302010506,2013,0.0,0.0,0.0
111302010506,2014,0.0,0.0,0.0
111302010506,2015,0.0,0.0,0.0
111302010506,2016,0.0,0.0,0.0
111302010506,2017,0.0,0.0,0.0
111302010506,2018,0.0,0.0,0.0
111302010506,2019,0.0,0.0,0.0
111302010506,2020,0.0,0.0,0.0
111302010701,2000,0.0,0.0,0.0
111302010701,2001,0.0,0.0,0.0
111302010701,2002,0.0,0.0,0.0
111302010701,2003,0.0,0.0,0.0
111302010701,2004,0.0,0.0,0.0
111302010701,2005,0.0,0.0,0.0
111302010701,2006,0.0,0.0,0.0
111302010701,2007,0.0,0.0,0.0
111302010701,2008,0.0,0.0,0.0
111302010701,2009,0.0,0.0,0.0
111302010701,2010,0.0,0.0,0.0
111302010701,2011,0.0,0.0,0.0
111302010701,2012,0.0,0.0,0.0
111302010701,2013,0.0,0.0,0.0
111302010701,2014,0.0,0.0,0.0
111302010701,2015,0.0,0.0,0.0
111302010701,2016,0.0,0.0,0.0
111302010701,2017,0.0,0.0,0.0
111302010701,2018,0.0,0.0,0.0
111302010701,2019,0.0,0.0,0.0
111302010701,2020,0.0,0.0,0.0
111302010707,2000,0.0,0.0,0.0
111302010707,2001,0.0,0.0,0.0
111302010707,2002,0.0,0.0,0.0
111302010707,2003,0.0,0.0,0.0
111302010707,2004,0.0,0.0,0.0
111302010707,2005,0.0,0.0,0.0
111302010707,2006,0.0,0.0,0.0
111302010707,2007,0.0,0.0,0.0
111302010707,2008,0.0,0.0,0.0
111302010707,2009,0.0,0.0,0.0
111302010707,2010,0.0,0.0,0.0
111302010707,2011,0.0,0.0,0.0
111302010707,2012,0.0,0.0,0.0
111302010707,2013,0.0,0.0,0.0
111302010707,2014,0.0,0.0,0.0
111302010707,2015,0.0,0.0,0.0
111302010707,2016,0.0,0.0,0.0
111302010707,2017,0.0,0.0,0.0
111302010707,2018,0.000206627,0.000206627,0.0
111302010707,2019,0.0,0.0,0.0
111302010707,2020,0.0,0.0,0.0
111302040101,2000,0.0,0.0,0.0
111302040101,2001,0.0,0.0,0.0
111302040101,2002,0.0,0.0,0.0
111302040101,2003,0.0,0.0,0.0
111302040101,2004,0.0,0.0,0.0
111302040101,2005,0.0,0.0,0.0
111302040101,2006,0.0,0.0,0.0
111302040101,2007,0.0,0.0,0.0
111302040101,2008,0.0,0.0,0.0
111302040101,2009,0.0,0.0,0.0
111302040101,2010,0.0,0.0,0.0
111302040101,2011,0.0,0.0,0.0
111302040101,2012,0.0,0.0,0.0
111302040101,2013,0.0,0.0,0.0
111302040101,2014,0.0,0.0,0.0
111302040101,2015,0.0,0.0,0.0
111302040101,2016,0.0,0.0,0.0
111302040101,2017,0.0,0.0,0.0
111302040101,2018,0.0,0.0,0.0
111302040101,2019,0.0,0.0,0.0
111302040101,2020,0.0,0.0,0.0
111302040102,2000,0.0,0.0,0.0
111302040102,2001,0.132917367,0.133183668,0.000266386
111302040102,2002,0.0,0.0,0.0
111302040102,2003,0.202237827,0.202237827,0.0
111302040102,2004,0.254849189,0.255104202,0.000255014
111302040102,2005,0.225962082,0.226414789,0.000452871
111302040102,2006,0.049770745,0.049820507,4.9762e-05
111302040102,2007,0.057556622,0.057614211,5.7507e-05
111302040102,2008,0.108635445,0.108853057,0.000217776
111302040102,2009,0.268463658,0.268732477,0.000268819
111302040102,2010,0.036608773,0.036645447,3.6674e-05
111302040102,2011,0.03058663,0.030647932,6.1301e-05
111302040102,2012,0.0,0.0,0.0
111302040102,2013,0.0,0.0,0.0
111302040102,2014,0.206224847,0.206224847,0.0
111302040102,2015,0.0,0.0,0.0
111302040102,2016,0.21999853,0.220439404,0.000440959
111302040102,2017,0.0,0.0,0.0
111302040102,2018,0.0,0.0,0.0
111302040102,2019,0.137136197,0.13741103,0.000274918
111302040102,2020,0.176350347,0.17652697,0.000176538
111302040103,2000,0.370035645,0.370777251,0.000741691
111302040103,2001,0.097420805,0.097616003,0.000195279
111302040103,2002,0.362010882,0.362736444,0.000725477
111302040103,2003,0.0,0.0,0.0
111302040103,2004,0.603382413,0.604591626,0.00120921
111302040103,2005,0.863815178,0.865546145,0.001730967
111302040103,2006,0.043962715,0.044050953,8.8071e-05
111302040103,2007,0.532513542,0.533580677,0.001067216
111302040103,2008,0.095331262,0.095522186,0.000191172
111302040103,2009,0.139026123,0.139304784,0.00027866
111302040103,2010,0.579310984,0.580471984,0.001160918
111302040103,2011,0.040085241,0.040165548,8.031e-05
111302040103,2012,0.0,0.0,0.0
111302040103,2013,0.888895151,0.890676518,0.0017812
111302040103,2014,0.644140814,0.645431732,0.001290918
111302040103,2015,0.243348825,0.243836518,0.000487611
111302040103,2016,0.033542008,0.033609104,6.7093e-05
111302040103,2017,0.320237066,0.320878899,0.000641668
111302040103,2018,0.581809556,0.582975562,0.001165923
111302040103,2019,0.752561945,0.754070011,0.001508068
111302040103,2020,0.324783574,0.32543438,0.000650888
111302040104,2000,0.0,0.0,0.0
111302040104,2001,0.0,0.0,0.0
111302040104,2002,0.0,0.0,0.0
111302040104,2003,0.153401863,0.15355529,0.00015351
111302040104,2004,0.018280765,0.018299077,1.8311e-05
111302040104,2005,0.707570693,0.708278844,0.0007084
111302040104,2006,0.004179964,0.004184222,4.09e-06
111302040104,2007,0.234024077,0.234258345,0.000234268
111302040104,2008,0.083718008,0.083801831,8.3822e-05
111302040104,2009,0.013595466,0.013595466,0.0
111302040104,2010,0.0,0.0,0.0
111302040104,2011,0.124954627,0.125079877,0.000125082
111302040104,2012,0.0,0.0,0.0
111302040104,2013,0.0,0.0,0.0
111302040104,2014,0.0,0.0,0.0
111302040104,2015,0.0,0.0,0.0
111302040104,2016,0.008804183,0.008821984,1.7716e-05
111302040104,2017,0.0,0.0,0.0
111302040104,2018,0.0,0.0,0.0
111302040104,2019,0.510410153,0.511433038,0.001022805
111302040104,2020,0.443436383,0.443880303,0.000443926
111302040105,2000,0.0,0.0,0.0
111302040105,2001,0.0,0.0,0.0
111302040105,2002,0.110240186,0.110240186,0.0
111302040105,2003,0.0,0.0,0.0
111302040105,2004,0.0,0.0,0.0
111302040105,2005,0.0,0.0,0.0
111302040105,2006,0.0,0.0,0.0
111302040105,2007,0.317406786,0.317406786,0.0
111302040105,2008,0.0,0.0,0.0
111302040105,2009,0.163504759,0.163504759,0.0
111302040105,2010,0.0,0.0,0.0
111302040105,2011,0.33524126,0.33524126,0.0
111302040105,2012,0.0,0.0,0.0
111302040105,2013,0.348965471,0.348965471,0.0
111302040105,2014,0.0,0.0,0.0
111302040105,2015,0.0,0.0,0.0
111302040105,2016,0.0,0.0,0.0
111302040105,2017,0.0,0.0,0.0
111302040105,2018,0.244251164,0.244251164,0.0
111302040105,2019,0.182731296,0.182731296,0.0
111302040105,2020,0.0,0.0,0.0
111302040106,2000,0.0,0.0,0.0
111302040106,2001,0.0,0.0,0.0
111302040106,2002,0.0,0.0,0.0
111302040106,2003,0.0,0.0,0.0
111302040106,2004,0.0,0.0,0.0
111302040106,2005,0.0,0.0,0.0
111302040106,2006,0.0,0.0,0.0
111302040106,2007,0.0,0.0,0.0
111302040106,2008,0.0,0.0,0.0
111302040106,2009,0.0,0.0,0.0
111302040106,2010,0.0,0.0,0.0
111302040106,2011,0.0,0.0,0.0
111302040106,2012,0.0,0.0,0.0
111302040106,2013,0.0,0.0,0.0
111302040106,2014,0.0,0.0,0.0
111302040106,2015,0.0,0.0,0.0
111302040106,2016,0.0,0.0,0.0
111302040106,2017,0.0,0.0,0.0
111302040106,2018,0.597835792,0.597835792,0.0
111302040106,2019,0.151609227,0.151609227,0.0
111302040106,2020,0.278780773,0.278780773,0.0
111302040107,2000,0.0,0.0,0.0
111302040107,2001,0.0,0.0,0.0
111302040107,2002,0.0,0.0,0.0
111302040107,2003,0.0,0.0,0.0
111302040107,2004,0.0,0.0,0.0
111302040107,2005,0.0,0.0,0.0
111302040107,2006,0.0,0.0,0.0
111302040107,2007,0.000161701,0.000161701,0.0
111302040107,2008,0.0,0.0,0.0
111302040107,2009,0.0,0.0,0.0
111302040107,2010,0.0,0.0,0.0
111302040107,2011,0.0,0.0,0.0
111302040107,2012,0.0,0.0,0.0
111302040107,2013,0.0,0.0,0.0
111302040107,2014,0.0,0.0,0.0
111302040107,2015,0.0,0.0,0.0
111302040107,2016,0.0,0.0,0.0
111302040107,2017,0.0,0.0,0.0
111302040107,2018,0.125755584,0.125755584,0.0
111302040107,2019,0.491038786,0.491038786,0.0
111302040107,2020,0.453372918,0.453372918,0.0
111302040108,2000,4.821393495,4.821393495,0.0
111302040108,2001,3.199224951,3.199224951,0.0
111302040108,2002,3.791245132,3.791245132,0.0
111302040108,2003,1.363794814,1.363794814,0.0
111302040108,2004,1.244852604,1.244852604,0.0
111302040108,2005,0.955264671,0.955264671,0.0
111302040108,2006,1.388611449,1.388611449,0.0
111302040108,2007,0.898114047,0.898114047,0.0
111302040108,2008,1.132747664,1.132747664,0.0
111302040108,2009,1.779090373,1.779090373,0.0
111302040108,2010,1.571903334,1.571903334,0.0
111302040108,2011,3.99508066,3.99508066,0.0
111302040108,2012,3.614396019,3.614396019,0.0
111302040108,2013,2.166089811,2.166089811,0.0
111302040108,2014,1.929879742,1.929879742,0.0
111302040108,2015,2.236624784,2.236624784,0.0
111302040108,2016,1.117453489,1.117453489,0.0
111302040108,2017,1.401204359,1.401204359,0.0
111302040108,2018,1.40714277,1.40714277,0.0
111302040108,2019,2.41909614,2.41909614,0.0
111302040108,2020,1.969452298,1.969452298,0.0
111302040201,2000,0.0,0.0,0.0
111302040201,2001,0.0,0.0,0.0
111302040201,2002,0.0,0.0,0.0
111302040201,2003,0.0,0.0,0.0
111302040201,2004,0.0,0.0,0.0
111302040201,2005,0.0,0.0,0.0
111302040201,2006,0.0,0.0,0.0
111302040201,2007,0.0,0.0,0.0
111302040201,2008,0.0,0.0,0.0
111302040201,2009,0.0,0.0,0.0
111302040201,2010,0.0,0.0,0.0
111302040201,2011,0.0,0.0,0.0
111302040201,2012,0.0,0.0,0.0
111302040201,2013,0.0,0.0,0.0
111302040201,2014,0.0,0.0,0.0
111302040201,2015,0.0,0.0,0.0
111302040201,2016,0.0,0.0,0.0
111302040201,2017,0.0,0.0,0.0
111302040201,2018,0.047455685,0.047455685,0.0
111302040201,2019,0.006601704,0.006601704,0.0
111302040201,2020,0.058891104,0.058891104,0.0
111302040202,2000,0.0,0.0,0.0
111302040202,2001,0.0,0.0,0.0
111302040202,2002,0.0,0.0,0.0
111302040202,2003,0.0,0.0,0.0
111302040202,2004,0.0,0.0,0.0
111302040202,2005,0.0,0.0,0.0
111302040202,2006,0.0,0.0,0.0
111302040202,2007,0.0,0.0,0.0
111302040202,2008,0.0,0.0,0.0
111302040202,2009,0.0,0.0,0.0
111302040202,2010,0.0,0.0,0.0
111302040202,2011,0.0,0.0,0.0
111302040202,2012,0.0,0.0,0.0
111302040202,2013,0.0,0.0,0.0
111302040202,2014,0.0,0.0,0.0
111302040202,2015,0.0,0.0,0.0
111302040202,2016,0.0,0.0,0.0
111302040202,2017,0.0,0.0,0.0
111302040202,2018,0.432957734,0.432957734,0.0
111302040202,2019,0.158972148,0.158972148,0.0
111302040202,2020,0.408720658,0.408720658,0.0
111302040203,2000,0.0,0.0,0.0
111302040203,2001,0.0,0.0,0.0
111302040203,2002,9.258e-06,9.258e-06,0.0
111302040203,2003,0.0,0.0,0.0
111302040203,2004,0.0,0.0,0.0
111302040203,2005,0.0,0.0,0.0
111302040203,2006,0.004707745,0.004707745,0.0
111302040203,2007,0.0,0.0,0.0
111302040203,2008,0.004832189,0.004832189,0.0
111302040203,2009,0.0,0.0,0.0
111302040203,2010,0.0,0.0,0.0
111302040203,2011,0.0,0.0,0.0
111302040203,2012,0.0,0.0,0.0
111302040203,2013,0.0,0.0,0.0
111302040203,2014,0.0,0.0,0.0
111302040203,2015,0.0,0.0,0.0
111302040203,2016,0.0,0.0,0.0
111302040203,2017,0.0,0.0,0.0
111302040203,2018,0.0,0.0,0.0
111302040203,2019,0.02995949,0.02995949,0.0
111302040203,2020,0.0,0.0,0.0
111302040204,2000,0.0,0.0,0.0
111302040204,2001,0.0,0.0,0.0
111302040204,2002,0.0,0.0,0.0
111302040204,2003,0.0,0.0,0.0
111302040204,2004,0.0,0.0,0.0
111302040204,2005,0.0,0.0,0.0
111302040204,2006,0.0,0.0,0.0
111302040204,2007,0.0,0.0,0.0
111302040204,2008,0.002395582,0.002395582,0.0
111302040204,2009,0.0,0.0,0.0
111302040204,2010,0.0,0.0,0.0
111302040204,2011,0.0,0.0,0.0
111302040204,2012,0.0,0.0,0.0
111302040204,2013,0.0,0.0,0.0
111302040204,2014,0.0,0.0,0.0
111302040204,2015,0.0,0.0,0.0
111302040204,2016,0.0,0.0,0.0
111302040204,2017,0.0,0.0,0.0
111302040204,2018,0.0,0.0,0.0
111302040204,2019,0.002547633,0.002547633,0.0
111302040204,2020,0.0,0.0,0.0
111302040205,2000,0.0,0.0,0.0
111302040205,2001,0.0,0.0,0.0
111302040205,2002,0.0,0.0,0.0
111302040205,2003,0.0,0.0,0.0
111302040205,2004,0.0,0.0,0.0
111302040205,2005,0.0,0.0,0.0
111302040205,2006,0.0,0.0,0.0
111302040205,2007,0.0,0.0,0.0
111302040205,2008,0.0,0.0,0.0
111302040205,2009,0.0,0.0,0.0
111302040205,2010,0.0,0.0,0.0
111302040205,2011,0.0,0.0,0.0
111302040205,2012,0.0,0.0,0.0
111302040205,2013,0.0,0.0,0.0
111302040205,2014,0.0,0.0,0.0
111302040205,2015,0.0,0.0,0.0
111302040205,2016,0.0,0.0,0.0
111302040205,2017,0.0,0.0,0.0
111302040205,2018,0.0,0.0,0.0
111302040205,2019,0.0,0.0,0.0
111302040205,2020,0.0,0.0,0.0
111302040206,2000,0.0,0.0,0.0
111302040206,2001,0.0,0.0,0.0
111302040206,2002,0.0,0.0,0.0
111302040206,2003,0.0,0.0,0.0
111302040206,2004,0.0,0.0,0.0
111302040206,2005,0.0,0.0,0.0
111302040206,2006,0.0,0.0,0.0
111302040206,2007,0.0,0.0,0.0
111302040206,2008,0.0,0.0,0.0
111302040206,2009,0.0,0.0,0.0
111302040206,2010,0.0,0.0,0.0
111302040206,2011,0.0,0.0,0.0
111302040206,2012,0.0,0.0,0.0
111302040206,2013,0.0,0.0,0.0
111302040206,2014,0.0,0.0,0.0
111302040206,2015,0.0,0.0,0.0
111302040206,2016,0.0,0.0,0.0
111302040206,2017,0.0,0.0,0.0
111302040206,2018,0.0,0.0,0.0
111302040206,2019,9.5734e-05,9.5819e-05,1.67e-07
111302040206,2020,0.0,0.0,0.0
111302040207,2000,0.0,0.0,0.0
111302040207,2001,0.0,0.0,0.0
111302040207,2002,0.0,0.0,0.0
111302040207,2003,0.0,0.0,0.0
111302040207,2004,0.0,0.0,0.0
111302040207,2005,0.0,0.0,0.0
111302040207,2006,0.0,0.0,0.0
111302040207,2007,0.0,0.0,0.0
111302040207,2008,0.0,0.0,0.0
111302040207,2009,0.0,0.0,0.0
111302040207,2010,0.0,0.0,0.0
111302040207,2011,0.0,0.0,0.0
111302040207,2012,0.0,0.0,0.0
111302040207,2013,0.0,0.0,0.0
111302040207,2014,0.0,0.0,0.0
111302040207,2015,0.0,0.0,0.0
111302040207,2016,0.0,0.0,0.0
111302040207,2017,0.0,0.0,0.0
111302040207,2018,0.0,0.0,0.0
111302040207,2019,0.0,0.0,0.0
111302040207,2020,0.0,0.0,0.0
111302040208,2000,0.0,0.0,0.0
111302040208,2001,0.0,0.0,0.0
111302040208,2002,0.0,0.0,0.0
111302040208,2003,0.0,0.0,0.0
111302040208,2004,0.0,0.0,0.0
111302040208,2005,0.0,0.0,0.0
111302040208,2006,0.0,0.0,0.0
111302040208,2007,0.0,0.0,0.0
111302040208,2008,0.0,0.0,0.0
111302040208,2009,0.0,0.0,0.0
111302040208,2010,0.0,0.0,0.0
111302040208,2011,0.0,0.0,0.0
111302040208,2012,0.0,0.0,0.0
111302040208,2013,0.0,0.0,0.0
111302040208,2014,0.0,0.0,0.0
111302040208,2015,0.0,0.0,0.0
111302040208,2016,0.0,0.0,0.0
111302040208,2017,0.0,0.0,0.0
111302040208,2018,0.0,0.0,0.0
111302040208,2019,0.0,0.0,0.0
111302040208,2020,0.0,0.0,0.0
111302040209,2000,0.0,0.0,0.0
111302040209,2001,0.0,0.0,0.0
111302040209,2002,0.0,0.0,0.0
111302040209,2003,0.0,0.0,0.0
111302040209,2004,0.0,0.0,0.0
111302040209,2005,0.0,0.0,0.0
111302040209,2006,0.0,0.0,0.0
111302040209,2007,0.0,0.0,0.0
111302040209,2008,0.0,0.0,0.0
111302040209,2009,0.0,0.0,0.0
111302040209,2010,0.0,0.0,0.0
111302040209,2011,0.0,0.0,0.0
111302040209,2012,0.0,0.0,0.0
111302040209,2013,0.0,0.0,0.0
111302040209,2014,0.0,0.0,0.0
111302040209,2015,0.0,0.0,0.0
111302040209,2016,0.0,0.0,0.0
111302040209,2017,0.0,0.0,0.0
111302040209,2018,0.0,0.0,0.0
111302040209,2019,0.0,0.0,0.0
111302040209,2020,0.0,0.0,0.0
111302040210,2000,0.0,0.0,0.0
111302040210,2001,0.0,0.0,0.0
111302040210,2002,0.0,0.0,0.0
111302040210,2003,0.0,0.0,0.0
111302040210,2004,0.0,0.0,0.0
111302040210,2005,0.0,0.0,0.0
111302040210,2006,0.0,0.0,0.0
111302040210,2007,0.0,0.0,0.0
111302040210,2008,0.0,0.0,0.0
111302040210,2009,0.0,0.0,0.0
111302040210,2010,0.0,0.0,0.0
111302040210,2011,0.0,0.0,0.0
111302040210,2012,0.0,0.0,0.0
111302040210,2013,0.0,0.0,0.0
111302040210,2014,0.0,0.0,0.0
111302040210,2015,0.0,0.0,0.0
111302040210,2016,0.0,0.0,0.0
111302040210,2017,0.0,0.0,0.0
111302040210,2018,0.0,0.0,0.0
111302040210,2019,0.0,0.0,0.0
111302040210,2020,0.0,0.0,0.0
111302040301,2000,0.0,0.0,0.0
111302040301,2001,0.0,0.0,0.0
111302040301,2002,0.0,0.0,0.0
111302040301,2003,0.180989296,0.180989296,0.0
111302040301,2004,0.174074601,0.174074601,0.0
111302040301,2005,0.033254868,0.033254868,0.0
111302040301,2006,0.0,0.0,0.0
111302040301,2007,0.142430027,0.142430027,0.0
111302040301,2008,0.0,0.0,0.0
111302040301,2009,0.0,0.0,0.0
111302040301,2010,0.0,0.0,0.0
111302040301,2011,0.200287351,0.200287351,0.0
111302040301,2012,0.0,0.0,0.0
111302040301,2013,0.0,0.0,0.0
111302040301,2014,0.0,0.0,0.0
111302040301,2015,0.067812789,0.067812789,0.0
111302040301,2016,0.346537579,0.346537579,0.0
111302040301,2017,0.454116556,0.454116556,0.0
111302040301,2018,0.0,0.0,0.0
111302040301,2019,0.171255726,0.171255726,0.0
111302040301,2020,0.210485191,0.210485191,0.0
111302040302,2000,0.0,0.0,0.0
111302040302,2001,0.0,0.0,0.0
111302040302,2002,0.0,0.0,0.0
111302040302,2003,0.019212542,0.019212542,0.0
111302040302,2004,0.025702776,0.025702776,0.0
111302040302,2005,0.0,0.0,0.0
111302040302,2006,0.0,0.0,0.0
111302040302,2007,0.001864441,0.001864441,0.0
111302040302,2008,0.0,0.0,0.0
111302040302,2009,0.0,0.0,0.0
111302040302,2010,0.0,0.0,0.0
111302040302,2011,0.0,0.0,0.0
111302040302,2012,0.0,0.0,0.0
111302040302,2013,0.0,0.0,0.0
111302040302,2014,0.0,0.0,0.0
111302040302,2015,0.001985088,0.001985088,0.0
111302040302,2016,0.008520462,0.008520462,0.0
111302040302,2017,0.009876167,0.009876167,0.0
111302040302,2018,0.0,0.0,0.0
111302040302,2019,0.219350444,0.219350444,0.0
111302040302,2020,0.070456197,0.070456197,0.0
111302040303,2000,0.0,0.0,0.0
111302040303,2001,0.083595164,0.083595164,0.0
111302040303,2002,0.0,0.0,0.0
111302040303,2003,0.035984019,0.035984019,0.0
111302040303,2004,0.088300719,0.088300719,0.0
111302040303,2005,0.094652118,0.094652118,0.0
111302040303,2006,0.0,0.0,0.0
111302040303,2007,0.030393477,0.030393477,0.0
111302040303,2008,0.0,0.0,0.0
111302040303,2009,0.0,0.0,0.0
111302040303,2010,0.055430271,0.055430271,0.0
111302040303,2011,0.020612222,0.020612222,0.0
111302040303,2012,0.0,0.0,0.0
111302040303,2013,0.032073567,0.032073567,0.0
111302040303,2014,0.038810781,0.038810781,0.0
111302040303,2015,0.061792082,0.061792082,0.0
111302040303,2016,0.134124678,0.134124678,0.0
111302040303,2017,0.0,0.0,0.0
111302040303,2018,0.0,0.0,0.0
111302040303,2019,0.180492811,0.180492811,0.0
111302040303,2020,0.009523552,0.009523552,0.0
111302040304,2000,0.0,0.0,0.0
111302040304,2001,0.0,0.0,0.0
111302040304,2002,0.0,0.0,0.0
111302040304,2003,0.101727586,0.101727586,0.0
111302040304,2004,0.062097626,0.062097626,0.0
111302040304,2005,0.054320942,0.054320942,0.0
111302040304,2006,0.0,0.0,0.0
111302040304,2007,0.029935608,0.029935608,0.0
111302040304,2008,0.0,0.0,0.0
111302040304,2009,0.0,0.0,0.0
111302040304,2010,0.006312542,0.006312542,0.0
111302040304,2011,0.0,0.0,0.0
111302040304,2012,0.0,0.0,0.0
111302040304,2013,0.003240879,0.003240879,0.0
111302040304,2014,0.002629389,0.002629389,0.0
111302040304,2015,0.0,0.0,0.0
111302040304,2016,0.015073459,0.015073459,0.0
111302040304,2017,0.0,0.0,0.0
111302040304,2018,0.0,0.0,0.0
111302040304,2019,0.048498786,0.048498786,0.0
111302040304,2020,0.040819265,0.040819265,0.0
111302040305,2000,0.0,0.0,0.0
111302040305,2001,0.145542142,0.145542142,0.0
111302040305,2002,0.012549479,0.012549479,0.0
111302040305,2003,0.032846367,0.032846367,0.0
111302040305,2004,0.202671926,0.202671926,0.0
111302040305,2005,0.007086584,0.007086584,0.0
111302040305,2006,0.001383786,0.001383786,0.0
111302040305,2007,0.062112789,0.062112789,0.0
111302040305,2008,0.0,0.0,0.0
111302040305,2009,0.0,0.0,0.0
111302040305,2010,0.063149877,0.063149877,0.0
111302040305,2011,0.053658181,0.053658181,0.0
111302040305,2012,0.0,0.0,0.0
111302040305,2013,0.060454285,0.060454285,0.0
111302040305,2014,0.090664049,0.090664049,0.0
111302040305,2015,0.1125036,0.1125036,0.0
111302040305,2016,0.112246399,0.112246399,0.0
111302040305,2017,0.004993258,0.004993258,0.0
111302040305,2018,0.0,0.0,0.0
111302040305,2019,0.076938367,0.076938367,0.0
111302040305,2020,0.18206968,0.18206968,0.0
111302040306,2000,0.004328249,0.004328249,0.0
111302040306,2001,0.51399314,0.51399314,0.0
111302040306,2002,0.076407301,0.076407301,0.0
111302040306,2003,0.199766107,0.199766107,0.0
111302040306,2004,0.21743703,0.21743703,0.0
111302040306,2005,0.0,0.0,0.0
111302040306,2006,0.260794326,0.260794326,0.0
111302040306,2007,0.102001101,0.102001101,0.0
111302040306,2008,0.074187798,0.074187798,0.0
111302040306,2009,0.001546997,0.001546997,0.0
111302040306,2010,0.146705641,0.146705641,0.0
111302040306,2011,0.28774266,0.28774266,0.0
111302040306,2012,0.094366751,0.094366751,0.0
111302040306,2013,0.142730422,0.142730422,0.0
111302040306,2014,0.092431033,0.092431033,0.0
111302040306,2015,0.064021241,0.064021241,0.0
111302040306,2016,0.412642937,0.412642937,0.0
111302040306,2017,0.167371614,0.167371614,0.0
111302040306,2018,0.215367375,0.215367375,0.0
111302040306,2019,0.009532433,0.009532433,0.0
111302040306,2020,0.148811079,0.148811079,0.0
111302050101,2000,0.0,0.0,0.0
111302050101,2001,0.0,0.0,0.0
111302050101,2002,0.0,0.0,0.0
111302050101,2003,0.0,0.0,0.0
111302050101,2004,0.0,0.0,0.0
111302050101,2005,0.0,0.0,0.0
111302050101,2006,0.0,0.0,0.0
111302050101,2007,0.0,0.0,0.0
111302050101,2008,0.0,0.0,0.0
111302050101,2009,0.0,0.0,0.0
111302050101,2010,0.0,0.0,0.0
111302050101,2011,0.0,0.0,0.0
111302050101,2012,0.0,0.0,0.0
111302050101,2013,0.0,0.0,0.0
111302050101,2014,0.0,0.0,0.0
111302050101,2015,0.0,0.0,0.0
111302050101,2016,0.0,0.0,0.0
111302050101,2017,0.0,0.0,0.0
111302050101,2018,0.0,0.0,0.0
111302050101,2019,0.0,0.0,0.0
111302050101,2020,0.0,0.0,0.0
111302050102,2000,0.0,0.0,0.0
111302050102,2001,0.0,0.0,0.0
111302050102,2002,0.0,0.0,0.0
111302050102,2003,0.0,0.0,0.0
111302050102,2004,0.0,0.0,0.0
111302050102,2005,0.0,0.0,0.0
111302050102,2006,0.0,0.0,0.0
111302050102,2007,0.0,0.0,0.0
111302050102,2008,0.0,0.0,0.0
111302050102,2009,0.0,0.0,0.0
111302050102,2010,0.0,0.0,0.0
111302050102,2011,0.0,0.0,0.0
111302050102,2012,0.0,0.0,0.0
111302050102,2013,0.0,0.0,0.0
111302050102,2014,0.0,0.0,0.0
111302050102,2015,0.0,0.0,0.0
111302050102,2016,0.0,0.0,0.0
111302050102,2017,0.0,0.0,0.0
111302050102,2018,0.0,0.0,0.0
111302050102,2019,0.0,0.0,0.0
111302050102,2020,0.0,0.0,0.0
111302050103,2000,0.0,0.0,0.0
111302050103,2001,0.0,0.0,0.0
111302050103,2002,0.0,0.0,0.0
111302050103,2003,0.0,0.0,0.0
111302050103,2004,0.0,0.0,0.0
111302050103,2005,0.0,0.0,0.0
111302050103,2006,0.0,0.0,0.0
111302050103,2007,0.0,0.0,0.0
111302050103,2008,0.0,0.0,0.0
111302050103,2009,0.0,0.0,0.0
111302050103,2010,0.0,0.0,0.0
111302050103,2011,0.0,0.0,0.0
111302050103,2012,0.0,0.0,0.0
111302050103,2013,0.0,0.0,0.0
111302050103,2014,0.0,0.0,0.0
111302050103,2015,0.0,0.0,0.0
111302050103,2016,0.0,0.0,0.0
111302050103,2017,0.0,0.0,0.0
111302050103,2018,0.0,0.0,0.0
111302050103,2019,0.0,0.0,0.0
111302050103,2020,0.0,0.0,0.0
111302050104,2000,0.0,0.0,0.0
111302050104,2001,0.0,0.0,0.0
111302050104,2002,0.0,0.0,0.0
111302050104,2003,0.0,0.0,0.0
111302050104,2004,0.0,0.0,0.0
111302050104,2005,0.0,0.0,0.0
111302050104,2006,0.0,0.0,0.0
111302050104,2007,0.0,0.0,0.0
111302050104,2008,0.0,0.0,0.0
111302050104,2009,0.0,0.0,0.0
111302050104,2010,0.0,0.0,0.0
111302050104,2011,0.0,0.0,0.0
111302050104,2012,0.0,0.0,0.0
111302050104,2013,0.0,0.0,0.0
111302050104,2014,0.0,0.0,0.0
111302050104,2015,0.0,0.0,0.0
111302050104,2016,0.0,0.0,0.0
111302050104,2017,0.0,0.0,0.0
111302050104,2018,0.0,0.0,0.0
111302050104,2019,0.0,0.0,0.0
111302050104,2020,0.0,0.0,0.0
111302050105,2000,0.0,0.0,0.0
111302050105,2001,0.0,0.0,0.0
111302050105,2002,0.0,0.0,0.0
111302050105,2003,0.0,0.0,0.0
111302050105,2004,0.0,0.0,0.0
111302050105,2005,0.004400364,0.004409236,8.789e-06
111302050105,2006,0.22563963,0.226091849,0.000452219
111302050105,2007,0.0,0.0,0.0
111302050105,2008,0.392776402,0.393563402,0.000786997
111302050105,2009,0.002667647,0.002673244,5.26e-06
111302050105,2010,0.002008625,0.002012633,4.011e-06
111302050105,2011,0.0,0.0,0.0
111302050105,2012,0.0,0.0,0.0
111302050105,2013,0.0,0.0,0.0
111302050105,2014,0.0,0.0,0.0
111302050105,2015,0.0,0.0,0.0
111302050105,2016,0.0,0.0,0.0
111302050105,2017,0.0,0.0,0.0
111302050105,2018,0.0,0.0,0.0
111302050105,2019,0.0,0.0,0.0
111302050105,2020,0.0,0.0,0.0
111302050106,2000,0.0,0.0,0.0
111302050106,2001,0.0,0.0,0.0
111302050106,2002,0.0,0.0,0.0
111302050106,2003,0.0,0.0,0.0
111302050106,2004,0.0,0.0,0.0
111302050106,2005,0.0,0.0,0.0
111302050106,2006,0.0,0.0,0.0
111302050106,2007,0.0,0.0,0.0
111302050106,2008,0.0,0.0,0.0
111302050106,2009,0.0,0.0,0.0
111302050106,2010,0.0,0.0,0.0
111302050106,2011,0.0,0.0,0.0
111302050106,2012,0.0,0.0,0.0
111302050106,2013,0.0,0.0,0.0
111302050106,2014,0.0,0.0,0.0
111302050106,2015,0.0,0.0,0.0
111302050106,2016,0.0,0.0,0.0
111302050106,2017,0.0,0.0,0.0
111302050106,2018,0.0,0.0,0.0
111302050106,2019,0.0,0.0,0.0
111302050106,2020,0.0,0.0,0.0
111302050107,2000,0.0,0.0,0.0
111302050107,2001,0.0,0.0,0.0
111302050107,2002,0.0,0.0,0.0
111302050107,2003,0.0,0.0,0.0
111302050107,2004,0.0,0.0,0.0
111302050107,2005,0.0,0.0,0.0
111302050107,2006,0.0,0.0,0.0
111302050107,2007,0.0,0.0,0.0
111302050107,2008,0.0,0.0,0.0
111302050107,2009,0.0,0.0,0.0
111302050107,2010,0.0,0.0,0.0
111302050107,2011,0.0,0.0,0.0
111302050107,2012,0.0,0.0,0.0
111302050107,2013,0.0,0.0,0.0
111302050107,2014,0.0,0.0,0.0
111302050107,2015,0.0,0.0,0.0
111302050107,2016,0.0,0.0,0.0
111302050107,2017,0.0,0.0,0.0
111302050107,2018,0.0,0.0,0.0
111302050107,2019,0.0,0.0,0.0
111302050107,2020,0.0,0.0,0.0
111302050201,2000,0.0,0.0,0.0
111302050201,2001,0.0,0.0,0.0
111302050201,2002,0.0,0.0,0.0
111302050201,2003,0.0,0.0,0.0
111302050201,2004,0.0,0.0,0.0
111302050201,2005,0.0,0.0,0.0
111302050201,2006,0.0,0.0,0.0
111302050201,2007,0.0,0.0,0.0
111302050201,2008,0.0,0.0,0.0
111302050201,2009,0.0,0.0,0.0
111302050201,2010,0.0,0.0,0.0
111302050201,2011,0.0,0.0,0.0
111302050201,2012,0.0,0.0,0.0
111302050201,2013,0.0,0.0,0.0
111302050201,2014,0.0,0.0,0.0
111302050201,2015,0.0,0.0,0.0
111302050201,2016,0.0,0.0,0.0
111302050201,2017,0.0,0.0,0.0
111302050201,2018,0.0,0.0,0.0
111302050201,2019,0.0,0.0,0.0
111302050201,2020,0.0,0.0,0.0
111302050202,2000,0.0,0.0,0.0
111302050202,2001,0.0,0.0,0.0
111302050202,2002,0.0,0.0,0.0
111302050202,2003,0.0,0.0,0.0
111302050202,2004,0.0,0.0,0.0
111302050202,2005,0.0,0.0,0.0
111302050202,2006,0.0,0.0,0.0
111302050202,2007,0.0,0.0,0.0
111302050202,2008,0.0,0.0,0.0
111302050202,2009,0.0,0.0,0.0
111302050202,2010,0.0,0.0,0.0
111302050202,2011,0.0,0.0,0.0
111302050202,2012,0.0,0.0,0.0
111302050202,2013,0.0,0.0,0.0
111302050202,2014,0.0,0.0,0.0
111302050202,2015,0.0,0.0,0.0
111302050202,2016,0.0,0.0,0.0
111302050202,2017,0.0,0.0,0.0
111302050202,2018,0.0,0.0,0.0
111302050202,2019,0.0,0.0,0.0
111302050202,2020,0.0,0.0,0.0
111302050203,2000,0.0,0.0,0.0
111302050203,2001,0.0,0.0,0.0
111302050203,2002,0.0,0.0,0.0
111302050203,2003,0.0,0.0,0.0
111302050203,2004,0.0,0.0,0.0
111302050203,2005,0.0,0.0,0.0
111302050203,2006,0.0,0.0,0.0
111302050203,2007,0.0,0.0,0.0
111302050203,2008,0.0,0.0,0.0
111302050203,2009,0.0,0.0,0.0
111302050203,2010,0.0,0.0,0.0
111302050203,2011,0.0,0.0,0.0
111302050203,2012,0.0,0.0,0.0
111302050203,2013,0.0,0.0,0.0
111302050203,2014,0.0,0.0,0.0
111302050203,2015,0.0,0.0,0.0
111302050203,2016,0.0,0.0,0.0
111302050203,2017,0.0,0.0,0.0
111302050203,2018,0.0,0.0,0.0
111302050203,2019,0.0,0.0,0.0
111302050203,2020,0.0,0.0,0.0
111302050204,2000,0.0,0.0,0.0
111302050204,2001,0.0,0.0,0.0
111302050204,2002,0.0,0.0,0.0
111302050204,2003,0.0,0.0,0.0
111302050204,2004,0.0,0.0,0.0
111302050204,2005,0.0,0.0,0.0
111302050204,2006,0.0,0.0,0.0
111302050204,2007,0.0,0.0,0.0
111302050204,2008,0.0,0.0,0.0
111302050204,2009,0.0,0.0,0.0
111302050204,2010,0.0,0.0,0.0
111302050204,2011,0.0,0.0,0.0
111302050204,2012,0.0,0.0,0.0
111302050204,2013,0.0,0.0,0.0
111302050204,2014,0.0,0.0,0.0
111302050204,2015,0.0,0.0,0.0
111302050204,2016,0.0,0.0,0.0
111302050204,2017,0.0,0.0,0.0
111302050204,2018,0.0,0.0,0.0
111302050204,2019,0.0,0.0,0.0
111302050204,2020,0.0,0.0,0.0
111302050205,2000,0.0,0.0,0.0
111302050205,2001,0.0,0.0,0.0
111302050205,2002,0.0,0.0,0.0
111302050205,2003,0.0,0.0,0.0
111302050205,2004,0.0,0.0,0.0
111302050205,2005,0.0,0.0,0.0
111302050205,2006,0.0,0.0,0.0
111302050205,2007,0.0,0.0,0.0
111302050205,2008,0.0,0.0,0.0
111302050205,2009,0.0,0.0,0.0
111302050205,2010,0.0,0.0,0.0
111302050205,2011,0.0,0.0,0.0
111302050205,2012,0.0,0.0,0.0
111302050205,2013,0.0,0.0,0.0
111302050205,2014,0.0,0.0,0.0
111302050205,2015,0.0,0.0,0.0
111302050205,2016,0.0,0.0,0.0
111302050205,2017,0.0,0.0,0.0
111302050205,2018,0.0,0.0,0.0
111302050205,2019,0.009597836,0.009597836,0.0
111302050205,2020,0.0,0.0,0.0
111302050206,2000,0.0,0.0,0.0
111302050206,2001,0.0,0.0,0.0
111302050206,2002,0.0,0.0,0.0
111302050206,2003,0.0,0.0,0.0
111302050206,2004,0.0,0.0,0.0
111302050206,2005,0.001714118,0.001714118,0.0
111302050206,2006,0.0,0.0,0.0
111302050206,2007,0.001247855,0.001247855,0.0
111302050206,2008,0.0,0.0,0.0
111302050206,2009,0.0,0.0,0.0
111302050206,2010,0.001917537,0.001917537,0.0
111302050206,2011,0.0,0.0,0.0
111302050206,2012,0.0,0.0,0.0
111302050206,2013,0.0,0.0,0.0
111302050206,2014,0.0,0.0,0.0
111302050206,2015,0.0,0.0,0.0
111302050206,2016,0.0,0.0,0.0
111302050206,2017,0.0,0.0,0.0
111302050206,2018,0.0,0.0,0.0
111302050206,2019,0.013077548,0.013077548,0.0
111302050206,2020,0.0,0.0,0.0
111302050207,2000,0.0,0.0,0.0
111302050207,2001,0.061099622,0.061099622,0.0
111302050207,2002,0.0,0.0,0.0
111302050207,2003,0.050042792,0.050042792,0.0
111302050207,2004,0.014063178,0.014063178,0.0
111302050207,2005,0.000650441,0.000650441,0.0
111302050207,2006,0.001292956,0.001292956,0.0
111302050207,2007,0.006041329,0.006041329,0.0
111302050207,2008,0.0,0.0,0.0
111302050207,2009,0.05192011,0.05192011,0.0
111302050207,2010,0.006762718,0.006762718,0.0
111302050207,2011,0.063401041,0.063401041,0.0
111302050207,2012,0.002097279,0.002097279,0.0
111302050207,2013,0.0,0.0,0.0
111302050207,2014,0.108609252,0.108609252,0.0
111302050207,2015,0.134811682,0.134811682,0.0
111302050207,2016,0.121105085,0.121105085,0.0
111302050207,2017,0.003099027,0.003099027,0.0
111302050207,2018,0.002936326,0.002936326,0.0
111302050207,2019,0.011909479,0.011909479,0.0
111302050207,2020,0.132182202,0.132182202,0.0
111302050208,2000,0.036659932,0.036659932,0.0
111302050208,2001,0.135471899,0.135471899,0.0
111302050208,2002,0.174338178,0.174338178,0.0
111302050208,2003,0.104203811,0.104203811,0.0
111302050208,2004,0.206219669,0.206219669,0.0
111302050208,2005,0.000407647,0.000407647,0.0
111302050208,2006,0.115143529,0.115143529,0.0
111302050208,2007,0.128514307,0.128514307,0.0
111302050208,2008,0.0,0.0,0.0
111302050208,2009,0.030164214,0.030164214,0.0
111302050208,2010,0.0,0.0,0.0
111302050208,2011,0.141825123,0.141825123,0.0
111302050208,2012,0.000156986,0.000156986,0.0
111302050208,2013,0.0,0.0,0.0
111302050208,2014,0.88436303,0.88436303,0.0
111302050208,2015,0.605659781,0.605659781,0.0
111302050208,2016,0.977061402,0.977061402,0.0
111302050208,2017,0.1906658,0.1906658,0.0
111302050208,2018,0.20912594,0.20912594,0.0
111302050208,2019,0.58648209,0.58648209,0.0
111302050208,2020,0.307133691,0.307133691,0.0
111302060101,2000,0.0,0.0,0.0
111302060101,2001,0.0,0.0,0.0
111302060101,2002,0.0,0.0,0.0
111302060101,2003,0.0,0.0,0.0
111302060101,2004,0.0,0.0,0.0
111302060101,2005,0.0,0.0,0.0
111302060101,2006,0.0,0.0,0.0
111302060101,2007,0.0,0.0,0.0
111302060101,2008,0.0,0.0,0.0
111302060101,2009,0.0,0.0,0.0
111302060101,2010,0.0,0.0,0.0
111302060101,2011,0.0,0.0,0.0
111302060101,2012,0.0,0.0,0.0
111302060101,2013,0.0,0.0,0.0
111302060101,2014,0.0,0.0,0.0
111302060101,2015,0.0,0.0,0.0
111302060101,2016,0.0,0.0,0.0
111302060101,2017,0.0,0.0,0.0
111302060101,2018,0.0,0.0,0.0
111302060101,2019,0.0,0.0,0.0
111302060101,2020,0.0,0.0,0.0
111302060102,2000,0.0,0.0,0.0
111302060102,2001,0.0,0.0,0.0
111302060102,2002,0.0,0.0,0.0
111302060102,2003,0.0,0.0,0.0
111302060102,2004,0.0,0.0,0.0
111302060102,2005,0.0,0.0,0.0
111302060102,2006,0.0,0.0,0.0
111302060102,2007,0.0,0.0,0.0
111302060102,2008,0.0,0.0,0.0
111302060102,2009,0.0,0.0,0.0
111302060102,2010,0.0,0.0,0.0
111302060102,2011,0.0,0.0,0.0
111302060102,2012,0.0,0.0,0.0
111302060102,2013,0.0,0.0,0.0
111302060102,2014,0.0,0.0,0.0
111302060102,2015,0.0,0.0,0.0
111302060102,2016,0.0,0.0,0.0
111302060102,2017,0.0,0.0,0.0
111302060102,2018,0.0,0.0,0.0
111302060102,2019,0.0,0.0,0.0
111302060102,2020,0.0,0.0,0.0
111302060103,2000,0.010618426,0.016617273,0.005998847
111302060103,2001,0.0084384,0.013351847,0.004913444
111302060103,2002,0.137935008,0.169037879,0.031102789
111302060103,2003,0.023722534,0.027330005,0.003607553
111302060103,2004,0.344131074,0.396921598,0.052790525
111302060103,2005,0.0,0.0,0.0
111302060103,2006,0.344715984,0.505448573,0.160732753
111302060103,2007,0.152052685,0.181230836,0.029178068
111302060103,2008,0.454248653,0.615512997,0.161264514
111302060103,2009,0.029204603,0.047797953,0.018593351
111302060103,2010,0.030166408,0.044957581,0.014791088
111302060103,2011,0.037817104,0.061893923,0.024076649
111302060103,2012,0.212141251,0.253152055,0.041010721
111302060103,2013,0.203894268,0.323128784,0.119234515
111302060103,2014,0.35863137,0.459783819,0.101152359
111302060103,2015,0.247847427,0.291242529,0.043395186
111302060103,2016,0.193133667,0.311505861,0.118372107
111302060103,2017,0.005440455,0.008904479,0.003463688
111302060103,2018,0.205124542,0.301653786,0.096529247
111302060103,2019,0.214256671,0.342263003,0.128006329
111302060103,2020,0.552381281,0.693946374,0.141565011
111302060104,2000,0.0,0.0,0.0
111302060104,2001,0.0,0.0,0.0
111302060104,2002,0.0,0.0,0.0
111302060104,2003,0.0,0.0,0.0
111302060104,2004,0.0,0.0,0.0
111302060104,2005,0.0,0.0,0.0
111302060104,2006,0.0,0.0,0.0
111302060104,2007,0.0,0.0,0.0
111302060104,2008,0.0,0.0,0.0
111302060104,2009,0.0,0.0,0.0
111302060104,2010,0.0,0.0,0.0
111302060104,2011,0.0,0.0,0.0
111302060104,2012,0.0,0.0,0.0
111302060104,2013,0.0,0.0,0.0
111302060104,2014,0.0,0.0,0.0
111302060104,2015,0.0,0.0,0.0
111302060104,2016,0.0,0.0,0.0
111302060104,2017,0.0,0.0,0.0
111302060104,2018,0.0,0.0,0.0
111302060104,2019,3.6164e-05,5.9326e-05,2.3074e-05
111302060104,2020,0.0,0.0,0.0
111302060105,2000,0.0,0.0,0.0
111302060105,2001,0.0,0.0,0.0
111302060105,2002,0.0,0.0,0.0
111302060105,2003,0.0,0.0,0.0
111302060105,2004,0.0,0.0,0.0
111302060105,2005,0.0,0.0,0.0
111302060105,2006,0.0,0.0,0.0
111302060105,2007,0.0,0.0,0.0
111302060105,2008,0.0,0.0,0.0
111302060105,2009,0.0,0.0,0.0
111302060105,2010,0.0,0.0,0.0
111302060105,2011,0.0,0.0,0.0
111302060105,2012,0.0,0.0,0.0
111302060105,2013,0.0,0.0,0.0
111302060105,2014,0.0,0.0,0.0
111302060105,2015,0.0,0.0,0.0
111302060105,2016,0.0,0.0,0.0
111302060105,2017,0.0,0.0,0.0
111302060105,2018,0.0,0.0,0.0
111302060105,2019,0.0,0.0,0.0
111302060105,2020,0.0,0.0,0.0
111302060106,2000,0.163729514,0.267969795,0.104240199
111302060106,2001,0.088388195,0.144661707,0.056273512
111302060106,2002,0.151332348,0.24767974,0.096347474
111302060106,2003,0.111837449,0.183040132,0.071202685
111302060106,2004,0.110049322,0.180113377,0.070064142
111302060106,2005,0.0,0.0,0.0
111302060106,2006,0.496063951,0.811888704,0.315824756
111302060106,2007,0.095453934,0.156225885,0.060771784
111302060106,2008,0.492550161,0.806137779,0.313587533
111302060106,2009,0.266960047,0.436922973,0.169963181
111302060106,2010,0.107582611,0.17607649,0.068493715
111302060106,2011,0.19316294,0.316142279,0.122979512
111302060106,2012,0.23493468,0.38450853,0.149573852
111302060106,2013,0.451624162,0.739155975,0.287531647
111302060106,2014,0.53189103,0.8705254,0.338634619
111302060106,2015,0.045036359,0.073709167,0.02867289
111302060106,2016,0.078389669,0.12829718,0.049907516
111302060106,2017,0.328002381,0.536828729,0.208826345
111302060106,2018,0.640473132,1.048237564,0.407764433
111302060106,2019,0.077028627,0.126069816,0.049041271
111302060106,2020,0.369032877,0.603982014,0.234949049
111302060107,2000,0.0,0.0,0.0
111302060107,2001,0.0,0.0,0.0
111302060107,2002,0.0,0.0,0.0
111302060107,2003,0.0,0.0,0.0
111302060107,2004,0.000685587,0.000688265,2.678e-06
111302060107,2005,0.00199554,0.002003499,8.041e-06
111302060107,2006,0.0,0.0,0.0
111302060107,2007,0.0,0.0,0.0
111302060107,2008,0.003202719,0.00321544,1.2891e-05
111302060107,2009,0.0,0.0,0.0
111302060107,2010,0.0,0.0,0.0
111302060107,2011,0.003507885,0.00352189,1.4173e-05
111302060107,2012,0.000998077,0.001002087,3.926e-06
111302060107,2013,0.0,0.0,0.0
111302060107,2014,0.0,0.0,0.0
111302060107,2015,0.0,0.0,0.0
111302060107,2016,0.0,0.0,0.0
111302060107,2017,0.0,0.0,0.0
111302060107,2018,0.0,0.0,0.0
111302060107,2019,0.0,0.0,0.0
111302060107,2020,0.0,0.0,0.0
111302060108,2000,0.0,0.0,0.0
111302060108,2001,0.0,0.0,0.0
111302060108,2002,0.0,0.0,0.0
111302060108,2003,0.0,0.0,0.0
111302060108,2004,0.0,0.0,0.0
111302060108,2005,0.0,0.0,0.0
111302060108,2006,0.0,0.0,0.0
111302060108,2007,0.0,0.0,0.0
111302060108,2008,0.0,0.0,0.0
111302060108,2009,0.0,0.0,0.0
111302060108,2010,0.0,0.0,0.0
111302060108,2011,0.0,0.0,0.0
111302060108,2012,0.0,0.0,0.0
111302060108,2013,0.0,0.0,0.0
111302060108,2014,0.0,0.0,0.0
111302060108,2015,0.0,0.0,0.0
111302060108,2016,0.0,0.0,0.0
111302060108,2017,0.0,0.0,0.0
111302060108,2018,0.0,0.0,0.0
111302060108,2019,0.0,0.0,0.0
111302060108,2020,0.0,0.0,0.0
111302060201,2000,0.0,0.0,0.0
111302060201,2001,0.08635817,0.141339014,0.054981011
111302060201,2002,0.0,0.0,0.0
111302060201,2003,0.0,0.0,0.0
111302060201,2004,0.0,0.0,0.0
111302060201,2005,0.0,0.0,0.0
111302060201,2006,0.0,0.0,0.0
111302060201,2007,0.0,0.0,0.0
111302060201,2008,0.0,0.0,0.0
111302060201,2009,0.0,0.0,0.0
111302060201,2010,0.075836353,0.124118605,0.048282003
111302060201,2011,0.068150871,0.111539841,0.04338897
111302060201,2012,0.0,0.0,0.0
111302060201,2013,0.0,0.0,0.0
111302060201,2014,0.0384658,0.062955564,0.024489764
111302060201,2015,0.0,0.0,0.0
111302060201,2016,0.1235955,0.202283869,0.078688366
111302060201,2017,0.0,0.0,0.0
111302060201,2018,0.0,0.0,0.0
111302060201,2019,0.062827474,0.102827293,0.039999901
111302060201,2020,0.0,0.0,0.0
111302060202,2000,0.0,0.0,0.0
111302060202,2001,0.0,0.0,0.0
111302060202,2002,0.0,0.0,0.0
111302060202,2003,0.0,0.0,0.0
111302060202,2004,0.0,0.0,0.0
111302060202,2005,0.0,0.0,0.0
111302060202,2006,0.0,0.0,0.0
111302060202,2007,0.0,0.0,0.0
111302060202,2008,0.0,0.0,0.0
111302060202,2009,0.0,0.0,0.0
111302060202,2010,0.0,0.0,0.0
111302060202,2011,0.0,0.0,0.0
111302060202,2012,0.0,0.0,0.0
111302060202,2013,0.0,0.0,0.0
111302060202,2014,0.0,0.0,0.0
111302060202,2015,0.0,0.0,0.0
111302060202,2016,0.0,0.0,0.0
111302060202,2017,0.0,0.0,0.0
111302060202,2018,0.0,0.0,0.0
111302060202,2019,0.0,0.0,0.0
111302060202,2020,0.0,0.0,0.0
111302060203,2000,0.0,0.0,0.0
111302060203,2001,0.0,0.0,0.0
111302060203,2002,0.0,0.0,0.0
111302060203,2003,0.0,0.0,0.0
111302060203,2004,0.0,0.0,0.0
111302060203,2005,0.0,0.0,0.0
111302060203,2006,0.0,0.0,0.0
111302060203,2007,0.0,0.0,0.0
111302060203,2008,0.0,0.0,0.0
111302060203,2009,0.0,0.0,0.0
111302060203,2010,0.0,0.0,0.0
111302060203,2011,0.0,0.0,0.0
111302060203,2012,0.0,0.0,0.0
111302060203,2013,0.0,0.0,0.0
111302060203,2014,0.0,0.0,0.0
111302060203,2015,0.0,0.0,0.0
111302060203,2016,0.0,0.0,0.0
111302060203,2017,0.0,0.0,0.0
111302060203,2018,0.0,0.0,0.0
111302060203,2019,0.0,0.0,0.0
111302060203,2020,0.0,0.0,0.0
111302060204,2000,0.0,0.0,0.0
111302060204,2001,0.0,0.0,0.0
111302060204,2002,0.0,0.0,0.0
111302060204,2003,0.239652981,0.585948515,0.346295619
111302060204,2004,0.251892,0.631307959,0.379416208
111302060204,2005,0.058053112,0.333638693,0.275585581
111302060204,2006,0.014427019,0.236507775,0.222080756
111302060204,2007,0.095967222,0.178046674,0.082079455
111302060204,2008,0.0,0.0,0.0
111302060204,2009,0.104987548,0.278481575,0.173493942
111302060204,2010,0.457819726,1.133216899,0.675397088
111302060204,2011,0.04289046,0.297850162,0.254959786
111302060204,2012,0.0,0.0,0.0
111302060204,2013,0.0,0.0,0.0
111302060204,2014,0.0,0.0,0.0
111302060204,2015,0.014780625,0.175961033,0.161180241
111302060204,2016,0.0,0.0,0.0
111302060204,2017,0.095196178,0.449038932,0.353842668
111302060204,2018,0.156365011,0.673987156,0.517622145
111302060204,2019,0.0,0.0,0.0
111302060204,2020,0.158010557,0.981432325,0.823421683
111302060301,2000,0.0,0.0,0.0
111302060301,2001,0.0,0.0,0.0
111302060301,2002,0.0,0.0,0.0
111302060301,2003,0.0,0.0,0.0
111302060301,2004,0.023814079,0.044181888,0.020367893
111302060301,2005,0.0,0.0,0.0
111302060301,2006,0.0,0.0,0.0
111302060301,2007,0.0,0.0,0.0
111302060301,2008,0.0,0.0,0.0
111302060301,2009,0.0,0.0,0.0
111302060301,2010,0.0,0.0,0.0
111302060301,2011,0.0,0.0,0.0
111302060301,2012,0.0,0.0,0.0
111302060301,2013,0.0,0.0,0.0
111302060301,2014,0.0,0.0,0.0
111302060301,2015,0.0,0.0,0.0
111302060301,2016,0.0,0.0,0.0
111302060301,2017,0.0,0.0,0.0
111302060301,2018,0.0,0.0,0.0
111302060301,2019,0.0,0.0,0.0
111302060301,2020,0.04423635,0.082071178,0.037834831
111302060302,2000,0.0,0.0,0.0
111302060302,2001,0.0,0.0,0.0
111302060302,2002,0.0,0.0,0.0
111302060302,2003,0.0,0.0,0.0
111302060302,2004,0.182895202,0.339323268,0.156428063
111302060302,2005,0.0,0.0,0.0
111302060302,2006,0.0,0.0,0.0
111302060302,2007,0.0,0.0,0.0
111302060302,2008,0.0,0.0,0.0
111302060302,2009,0.0,0.0,0.0
111302060302,2010,0.0,0.0,0.0
111302060302,2011,0.0,0.0,0.0
111302060302,2012,0.0,0.0,0.0
111302060302,2013,0.0,0.0,0.0
111302060302,2014,0.0,0.0,0.0
111302060302,2015,0.0,0.0,0.0
111302060302,2016,0.0,0.0,0.0
111302060302,2017,0.0,0.0,0.0
111302060302,2018,0.0,0.0,0.0
111302060302,2019,0.0,0.0,0.0
111302060302,2020,0.178585068,0.33132665,0.152741664
111302060303,2000,0.0,0.0,0.0
111302060303,2001,0.0,0.0,0.0
111302060303,2002,0.0,0.0,0.0
111302060303,2003,0.0,0.0,0.0
111302060303,2004,0.205502831,0.406936352,0.201433525
111302060303,2005,0.0,0.0,0.0
111302060303,2006,0.0,0.0,0.0
111302060303,2007,0.0,0.0,0.0
111302060303,2008,0.0,0.0,0.0
111302060303,2009,0.0,0.0,0.0
111302060303,2010,0.0,0.0,0.0
111302060303,2011,0.001476888,0.002913159,0.001436104
111302060303,2012,0.0,0.0,0.0
111302060303,2013,0.0,0.0,0.0
111302060303,2014,0.0,0.0,0.0
111302060303,2015,0.0,0.0,0.0
111302060303,2016,0.0,0.0,0.0
111302060303,2017,0.0,0.0,0.0
111302060303,2018,0.0,0.0,0.0
111302060303,2019,0.0,0.0,0.0
111302060303,2020,0.411268055,0.79395391,0.38268577
111302060304,2000,0.0,0.0,0.0
111302060304,2001,0.0,0.0,0.0
111302060304,2002,0.0,0.0,0.0
111302060304,2003,0.0,0.0,0.0
111302060304,2004,0.00086553,0.022191546,0.021326098
111302060304,2005,0.0,0.0,0.0
111302060304,2006,0.0,0.0,0.0
111302060304,2007,0.0,0.0,0.0
111302060304,2008,0.0,0.0,0.0
111302060304,2009,0.0,0.0,0.0
111302060304,2010,0.0,0.0,0.0
111302060304,2011,0.0,0.0,0.0
111302060304,2012,0.0,0.0,0.0
111302060304,2013,0.0,0.0,0.0
111302060304,2014,0.0,0.0,0.0
111302060304,2015,0.0,0.0,0.0
111302060304,2016,0.0,0.0,0.0
111302060304,2017,0.0,0.0,0.0
111302060304,2018,0.0,0.0,0.0
111302060304,2019,2.178e-06,5.6362e-05,5.4268e-05
111302060304,2020,0.001299964,0.029547019,0.028246973
111302060401,2000,0.0,0.0,0.0
111302060401,2001,0.0,0.0,0.0
111302060401,2002,0.0,0.0,0.0
111302060401,2003,0.0,0.0,0.0
111302060401,2004,0.0,0.0,0.0
111302060401,2005,0.0,0.0,0.0
111302060401,2006,0.0,0.0,0.0
111302060401,2007,0.0,0.0,0.0
111302060401,2008,0.0,0.0,0.0
111302060401,2009,0.0,0.0,0.0
111302060401,2010,0.0,0.0,0.0
111302060401,2011,0.0,0.0,0.0
111302060401,2012,0.0,0.0,0.0
111302060401,2013,0.0,0.0,0.0
111302060401,2014,0.0,0.0,0.0
111302060401,2015,0.0,0.0,0.0
111302060401,2016,0.0,0.0,0.0
111302060401,2017,0.0,0.0,0.0
111302060401,2018,0.0,0.0,0.0
111302060401,2019,0.0,0.0,0.0
111302060401,2020,0.003703273,0.09495432,0.091250877
111302060402,2000,0.094340705,2.418992672,2.324652049
111302060402,2001,0.073193033,1.876744822,1.803551874
111302060402,2002,0.041425773,1.062199233,1.020773542
111302060402,2003,0.013815318,0.354235756,0.340420521
111302060402,2004,0.068678951,1.761001281,1.692322164
111302060402,2005,0.033813277,0.867005638,0.833192447
111302060402,2006,0.053806923,1.379662578,1.325855819
111302060402,2007,0.059390641,1.52283689,1.463446414
111302060402,2008,0.088147803,2.260201828,2.172053858
111302060402,2009,0.025957732,0.665585784,0.6396278
111302060402,2010,0.102553992,2.629585868,2.527031959
111302060402,2011,0.026246222,0.672980581,0.646734197
111302060402,2012,0.084758393,2.173298071,2.088539429
111302060402,2013,0.070190929,1.79976606,1.729575132
111302060402,2014,0.032313973,0.828562951,0.796249063
111302060402,2015,0.035913359,0.920858663,0.884945052
111302060402,2016,0.007252022,0.185951432,0.178699495
111302060402,2017,0.018662173,0.478519022,0.459856767
111302060402,2018,0.016941244,0.434390529,0.417449033
111302060402,2019,0.023799364,0.61023817,0.586438888
111302060402,2020,0.047028268,1.205850934,1.158822667
111302060403,2000,0.001243926,0.031892306,0.030648628
111302060403,2001,0.037349277,0.957674074,0.920324721
111302060403,2002,0.012346737,0.316582581,0.304235926
111302060403,2003,0.002048737,0.052530811,0.050482074
111302060403,2004,0.021310418,0.546421161,0.525110743
111302060403,2005,0.012951912,0.332099638,0.319147641
111302060403,2006,0.018260441,0.468218718,0.449958277
111302060403,2007,0.014716482,0.377346288,0.362629888
111302060403,2008,0.028689027,0.735620301,0.706931273
111302060403,2009,0.006889885,0.176661471,0.169771838
111302060403,2010,0.050674279,1.299339553,1.248665359
111302060403,2011,0.016572984,0.424950271,0.408377203
111302060403,2012,0.036870033,0.94538371,0.90851359
111302060403,2013,0.040005663,1.025788351,0.985782518
111302060403,2014,0.012044468,0.308833904,0.296789436
111302060403,2015,0.034408764,0.88227491,0.847866227
111302060403,2016,0.003416232,0.087595361,0.084179213
111302060403,2017,0.016268688,0.417145364,0.400876518
111302060403,2018,0.005332173,0.136723192,0.131391016
111302060403,2019,0.013656611,0.350169866,0.33651317
111302060403,2020,0.028740798,0.736943555,0.708202923
111302060404,2000,0.00673953,0.172808112,0.166068669
111302060404,2001,0.0,9.12e-07,8.3e-07
111302060404,2002,0.003869863,0.099226614,0.09535683
111302060404,2003,0.004925614,0.126298079,0.121372466
111302060404,2004,0.005264385,0.134986593,0.129722044
111302060404,2005,0.013990712,0.358736912,0.344746364
111302060404,2006,0.015948641,0.408942151,0.392993342
111302060404,2007,0.005359348,0.137419679,0.132060416
111302060404,2008,0.000816016,0.020923675,0.020107574
111302060404,2009,0.010615274,0.272186397,0.26157129
111302060404,2010,0.007699323,0.197417036,0.189717879
111302060404,2011,0.012981616,0.332863534,0.319881921
111302060404,2012,0.0,0.0,0.0
111302060404,2013,0.01241574,0.318350825,0.305935003
111302060404,2014,0.0,0.0,0.0
111302060404,2015,0.010188014,0.261231614,0.251043597
111302060404,2016,0.010218489,0.262013891,0.251795407
111302060404,2017,0.010175455,0.260909649,0.250734203
111302060404,2018,0.009757408,0.250190115,0.240432789
111302060404,2019,0.023917156,0.61326303,0.589345795
111302060404,2020,0.028522568,0.731346768,0.702824281
111302060405,2000,0.0,0.0,0.0
111302060405,2001,1.0137e-05,0.000261515,0.00025146
111302060405,2002,0.0,0.0,0.0
111302060405,2003,0.0,0.0,0.0
111302060405,2004,0.000164593,0.004220342,0.004055582
111302060405,2005,1.167e-06,3.3474e-05,3.2142e-05
111302060405,2006,0.036454668,0.934734636,0.898280052
111302060405,2007,0.0,0.0,0.0
111302060405,2008,0.0,0.0,0.0
111302060405,2009,0.020464781,0.524738723,0.504273775
111302060405,2010,3.0403e-05,0.00077654,0.000746055
111302060405,2011,0.031011844,0.795176934,0.764164921
111302060405,2012,0.0,0.0,0.0
111302060405,2013,0.000127364,0.00326597,0.003138526
111302060405,2014,0.0,0.0,0.0
111302060405,2015,0.000133984,0.003435222,0.003301236
111302060405,2016,6.8593e-05,0.001758186,0.001689675
111302060405,2017,0.00013117,0.003362745,0.003231658
111302060405,2018,0.010662674,0.273403099,0.26274026
111302060405,2019,0.012105745,0.263167088,0.25106126
111302060405,2020,0.044917582,1.151732877,1.10681538
111302060406,2000,0.031846809,0.81658723,0.784740342
111302060406,2001,0.019771137,0.506955962,0.487184825
111302060406,2002,0.002491737,0.063892792,0.06140089
111302060406,2003,0.01413097,0.362334068,0.348203014
111302060406,2004,0.024086385,0.617597276,0.593510888
111302060406,2005,0.044758962,1.147661907,1.102903364
111302060406,2006,0.039358644,1.009196047,0.969837485
111302060406,2007,0.024221753,0.621067567,0.596845814
111302060406,2008,0.017215604,0.441423391,0.424207872
111302060406,2009,0.017545247,0.449879101,0.4323336
111302060406,2010,0.00801557,0.205529504,0.197513764
111302060406,2011,0.01861883,0.477406627,0.458787556
111302060406,2012,0.000387883,0.00994691,0.009558691
111302060406,2013,0.021912827,0.561869901,0.539957077
111302060406,2014,0.000355323,0.009110085,0.008754674
111302060406,2015,0.012151592,0.31158009,0.299428247
111302060406,2016,0.00287526,0.0737255,0.070850156
111302060406,2017,0.005748214,0.147389433,0.141641389
111302060406,2018,0.008004581,0.205244696,0.197240115
111302060406,2019,0.01178677,0.302225932,0.290439077
111302060406,2020,0.042521191,1.090286525,1.047765415
111302060407,2000,0.017271918,0.442866552,0.425594716
111302060407,2001,0.000444499,0.011397773,0.010953274
111302060407,2002,0.0,0.0,0.0
111302060407,2003,0.005282474,0.135450038,0.130167564
111302060407,2004,0.012782311,0.327751727,0.314969497
111302060407,2005,0.007624605,0.195505452,0.187880847
111302060407,2006,0.01712143,0.439014397,0.4218928
111302060407,2007,0.006539685,0.16768394,0.161144175
111302060407,2008,0.003380967,0.086690153,0.08330927
111302060407,2009,0.00621943,0.159470288,0.153250775
111302060407,2010,0.016934556,0.434216748,0.417282277
111302060407,2011,0.014758534,0.378425186,0.363666567
111302060407,2012,0.004195852,0.107583995,0.103388478
111302060407,2013,0.010709592,0.274604474,0.263894882
111302060407,2014,0.001364156,0.034979403,0.033615164
111302060407,2015,0.022438477,0.575347151,0.552908592
111302060407,2016,0.02201674,0.564534055,0.542517396
111302060407,2017,0.010503671,0.269323386,0.258819721
111302060407,2018,0.028896973,0.740949479,0.712052422
111302060407,2019,0.0170128,0.436225512,0.419212542
111302060407,2020,0.020710383,0.531034842,0.510324623
111302060501,2000,0.229583973,0.859865306,0.630281251
111302060501,2001,0.058321405,0.613909458,0.555587973
111302060501,2002,0.0,0.0,0.0
111302060501,2003,0.03748946,0.749789216,0.712299753
111302060501,2004,0.055407525,0.729048117,0.673640342
111302060501,2005,0.283105121,0.940548833,0.657443795
111302060501,2006,0.052536227,0.972895058,0.920358663
111302060501,2007,0.16214026,0.948188323,0.786047978
111302060501,2008,0.322376153,0.857383385,0.53500715
111302060501,2009,0.21100074,1.060305151,0.849304329
111302060501,2010,0.120544882,0.996238512,0.875693712
111302060501,2011,0.193080244,1.409344745,1.216264501
111302060501,2012,0.002760104,0.02244024,0.019679967
111302060501,2013,0.062568893,0.408947115,0.346378304
111302060501,2014,0.094125416,1.271966244,1.177840742
111302060501,2015,0.072398981,0.8618924,0.789493337
111302060501,2016,0.279875623,2.169579525,1.889703732
111302060501,2017,0.006104307,0.026086942,0.019982636
111302060501,2018,0.416012112,1.419836279,1.003824332
111302060501,2019,0.484262501,2.273532918,1.789270416
111302060501,2020,0.03978838,0.468097825,0.428309445
111302060502,2000,0.03162288,0.048501511,0.016878634
111302060502,2001,0.066356964,0.066356964,0.0
111302060502,2002,0.0,0.0,0.0
111302060502,2003,0.0,0.0,0.0
111302060502,2004,0.081178637,0.08420997,0.003031667
111302060502,2005,0.168859677,0.168859677,0.0
111302060502,2006,0.405607934,0.427405515,0.021797666
111302060502,2007,0.149323942,0.159704918,0.01038089
111302060502,2008,0.398168399,0.398567022,0.000398541
111302060502,2009,0.288129337,0.292516975,0.004387803
111302060502,2010,0.074043074,0.089532153,0.015488995
111302060502,2011,0.158313408,0.158313408,0.0
111302060502,2012,0.0,0.0,0.0
111302060502,2013,0.0,0.0,0.0
111302060502,2014,0.153598723,0.153598723,0.0
111302060502,2015,0.070193244,0.070193244,0.0
111302060502,2016,0.425308049,0.425308049,0.0
111302060502,2017,0.0,0.0,0.0
111302060502,2018,0.389066014,0.395392268,0.006326337
111302060502,2019,0.234090948,0.238868332,0.004777466
111302060502,2020,0.034430964,0.041284104,0.006852973
111302070101,2000,0.0,0.0,0.0
111302070101,2001,0.036841937,0.036841937,0.0
111302070101,2002,0.0,0.0,0.0
111302070101,2003,0.038006381,0.038006381,0.0
111302070101,2004,0.0,0.0,0.0
111302070101,2005,0.0,0.0,0.0
111302070101,2006,0.010599781,0.010599781,0.0
111302070101,2007,0.028144904,0.028144904,0.0
111302070101,2008,0.009151557,0.009151557,0.0
111302070101,2009,0.006543863,0.006543863,0.0
111302070101,2010,0.0,0.0,0.0
111302070101,2011,0.004501197,0.004501197,0.0
111302070101,2012,0.0,0.0,0.0
111302070101,2013,0.0,0.0,0.0
111302070101,2014,0.015010449,0.015010449,0.0
111302070101,2015,0.0,0.0,0.0
111302070101,2016,0.0,0.0,0.0
111302070101,2017,0.003088449,0.003088449,0.0
111302070101,2018,0.045889405,0.045889405,0.0
111302070101,2019,0.061910795,0.061910795,0.0
111302070101,2020,0.04882868,0.04882868,0.0
111302070102,2000,0.0,0.0,0.0
111302070102,2001,0.0,0.0,0.0
111302070102,2002,0.0,0.0,0.0
111302070102,2003,1.891e-05,1.891e-05,0.0
111302070102,2004,0.0,0.0,0.0
111302070102,2005,0.0,0.0,0.0
111302070102,2006,0.0,0.0,0.0
111302070102,2007,0.0,0.0,0.0
111302070102,2008,0.0,0.0,0.0
111302070102,2009,0.0,0.0,0.0
111302070102,2010,0.0,0.0,0.0
111302070102,2011,0.0,0.0,0.0
111302070102,2012,0.0,0.0,0.0
111302070102,2013,0.0,0.0,0.0
111302070102,2014,0.0,0.0,0.0
111302070102,2015,0.0,0.0,0.0
111302070102,2016,0.0,0.0,0.0
111302070102,2017,0.0,0.0,0.0
111302070102,2018,0.0,0.0,0.0
111302070102,2019,0.058760721,0.058760721,0.0
111302070102,2020,0.0,0.0,0.0
111302070103,2000,0.000691792,0.000691792,0.0
111302070103,2001,0.0,0.0,0.0
111302070103,2002,0.00212634,0.00212634,0.0
111302070103,2003,0.000569233,0.000569233,0.0
111302070103,2004,0.0,0.0,0.0
111302070103,2005,0.0,0.0,0.0
111302070103,2006,0.0,0.0,0.0
111302070103,2007,0.0,0.0,0.0
111302070103,2008,0.0,0.0,0.0
111302070103,2009,0.0,0.0,0.0
111302070103,2010,0.0,0.0,0.0
111302070103,2011,0.0,0.0,0.0
111302070103,2012,0.0,0.0,0.0
111302070103,2013,0.006301189,0.006301189,0.0
111302070103,2014,0.0,0.0,0.0
111302070103,2015,0.0,0.0,0.0
111302070103,2016,0.007405587,0.007405587,0.0
111302070103,2017,0.0,0.0,0.0
111302070103,2018,0.066742252,0.066742252,0.0
111302070103,2019,0.049790134,0.049790134,0.0
111302070103,2020,0.074691997,0.074691997,0.0
111302070201,2000,0.0,0.0,0.0
111302070201,2001,0.0,0.0,0.0
111302070201,2002,0.0,0.0,0.0
111302070201,2003,0.006708266,0.006708266,0.0
111302070201,2004,0.0,0.0,0.0
111302070201,2005,0.0,0.0,0.0
111302070201,2006,0.0,0.0,0.0
111302070201,2007,0.0,0.0,0.0
111302070201,2008,0.0,0.0,0.0
111302070201,2009,0.0,0.0,0.0
111302070201,2010,0.0,0.0,0.0
111302070201,2011,0.0,0.0,0.0
111302070201,2012,0.0,0.0,0.0
111302070201,2013,0.0,0.0,0.0
111302070201,2014,0.0,0.0,0.0
111302070201,2015,0.0,0.0,0.0
111302070201,2016,0.0,0.0,0.0
111302070201,2017,0.0,0.0,0.0
111302070201,2018,0.0,0.0,0.0
111302070201,2019,0.001660436,0.001660436,0.0
111302070201,2020,0.0,0.0,0.0
111302070202,2000,0.0,0.0,0.0
111302070202,2001,0.0,0.0,0.0
111302070202,2002,0.001941896,0.001949674,7.778e-06
111302070202,2003,0.002027364,0.002035603,8.151e-06
111302070202,2004,0.0,0.0,0.0
111302070202,2005,0.0,0.0,0.0
111302070202,2006,0.0,0.0,0.0
111302070202,2007,0.0,0.0,0.0
111302070202,2008,0.0,0.0,0.0
111302070202,2009,0.0,0.0,0.0
111302070202,2010,0.0,0.0,0.0
111302070202,2011,0.0,0.0,0.0
111302070202,2012,0.0,0.0,0.0
111302070202,2013,0.0,0.0,0.0
111302070202,2014,0.0,0.0,0.0
111302070202,2015,0.0,0.0,0.0
111302070202,2016,0.0,0.0,0.0
111302070202,2017,0.0,0.0,0.0
111302070202,2018,0.0,0.0,0.0
111302070202,2019,0.0,0.0,0.0
111302070202,2020,0.0,0.0,0.0
111302070203,2000,0.516537172,0.517572131,0.001034959
111302070203,2001,0.538726422,0.539806107,0.001079682
111302070203,2002,0.941799455,0.943686838,0.001887301
111302070203,2003,0.146255353,0.14654834,0.000292986
111302070203,2004,1.657567852,1.662555464,0.004987612
111302070203,2005,0.201646822,0.202456663,0.000809759
111302070203,2006,2.102296184,2.106509216,0.004212948
111302070203,2007,0.187696847,0.188261529,0.000564934
111302070203,2008,0.777219609,0.77799765,0.000778038
111302070203,2009,0.184605808,0.184605808,0.0
111302070203,2010,1.277069318,1.279628638,0.002559148
111302070203,2011,1.462919586,1.465851249,0.002931581
111302070203,2012,0.133130448,0.133397074,0.000266792
111302070203,2013,0.091996156,0.092180482,0.000184408
111302070203,2014,0.023912047,0.023936008,2.3962e-05
111302070203,2015,1.377191997,1.379951888,0.002759975
111302070203,2016,1.007234148,1.008242363,0.001008216
111302070203,2017,0.065553099,0.06581626,0.000263411
111302070203,2018,0.684177792,0.686236408,0.002058616
111302070203,2019,0.862214099,0.863077181,0.000863167
111302070203,2020,0.000260358,0.000260358,0.0
111302070204,2000,0.058316281,0.05855047,0.000234104
111302070204,2001,0.345694351,0.347082633,0.001388279
111302070204,2002,0.727916992,0.730840244,0.002923334
111302070204,2003,0.835807921,0.8391646,0.003356679
111302070204,2004,0.558794434,0.561038628,0.00224403
111302070204,2005,0.675128422,0.677839726,0.002711474
111302070204,2006,1.200636216,1.205457863,0.004821899
111302070204,2007,0.002454858,0.002464723,9.784e-06
111302070204,2008,0.615136937,0.617607164,0.002470311
111302070204,2009,0.355179655,0.356606107,0.001426537
111302070204,2010,0.524086425,0.526191129,0.002104704
111302070204,2011,1.32079837,1.326102729,0.005304441
111302070204,2012,1.431095295,1.436842612,0.005747399
111302070204,2013,0.379673696,0.381198414,0.001524885
111302070204,2014,0.003598471,0.003613049,1.4493e-05
111302070204,2015,0.336112816,0.337462611,0.001349877
111302070204,2016,0.501593262,0.50360785,0.002014336
111302070204,2017,0.0,0.0,0.0
111302070204,2018,3.77e-06,3.77e-06,0.0
111302070204,2019,0.450401668,0.452210488,0.001808819
111302070204,2020,0.0,0.0,0.0
111302070301,2000,4.675e-06,4.757e-06,0.0
111302070301,2001,1.214888499,1.219767551,0.004878967
111302070301,2002,0.084962803,0.085303959,0.000341241
111302070301,2003,0.323792373,0.325092882,0.001300255
111302070301,2004,0.0,0.0,0.0
111302070301,2005,0.552880184,0.555100597,0.002220499
111302070301,2006,0.017307614,0.017377367,6.9501e-05
111302070301,2007,0.001224962,0.001230063,4.849e-06
111302070301,2008,0.255399913,0.256425404,0.001025746
111302070301,2009,0.0,0.0,0.0
111302070301,2010,0.423382726,0.425083005,0.001700449
111302070301,2011,0.926571436,0.930292707,0.003721019
111302070301,2012,0.672047503,0.67474653,0.002699027
111302070301,2013,0.296018792,0.297207784,0.00118891
111302070301,2014,0.276222838,0.277332178,0.001109255
111302070301,2015,0.196789181,0.197579537,0.000790362
111302070301,2016,0.13064368,0.131168101,0.000524754
111302070301,2017,0.001728666,0.001735784,7.033e-06
111302070301,2018,0.119338964,0.119818066,0.000479353
111302070301,2019,0.105813885,0.106238858,0.000425058
111302070301,2020,0.0,0.0,0.0
111302070302,2000,0.0,0.0,0.0
111302070302,2001,0.198525063,0.199322252,0.000797359
111302070302,2002,0.027984214,0.028096589,0.000112373
111302070302,2003,0.007163896,0.007192581,2.8688e-05
111302070302,2004,0.0,0.0,0.0
111302070302,2005,0.004649953,0.0046686,1.8729e-05
111302070302,2006,0.0,0.0,0.0
111302070302,2007,0.0,0.0,0.0
111302070302,2008,0.071033773,0.071318948,0.000285257
111302070302,2009,0.0,0.0,0.0
111302070302,2010,0.0,0.0,0.0
111302070302,2011,0.0,0.0,0.0
111302070302,2012,0.092611954,0.092983779,0.00037191
111302070302,2013,0.046748633,0.04693629,0.00018774
111302070302,2014,0.043000515,0.043173173,0.000172655
111302070302,2015,0.007061896,0.007090195,2.8299e-05
111302070302,2016,0.035131555,0.035272653,0.000141098
111302070302,2017,0.0,0.0,0.0
111302070302,2018,0.005125195,0.005145803,2.0608e-05
111302070302,2019,0.058172362,0.058405959,0.000233597
111302070302,2020,0.0,0.0,0.0
111302070303,2000,0.004034175,0.004050434,1.626e-05
111302070303,2001,0.033994677,0.034131279,0.000136603
111302070303,2002,0.0,0.0,0.0
111302070303,2003,0.00947783,0.009516077,3.7997e-05
111302070303,2004,0.004261686,0.004278888,1.712e-05
111302070303,2005,0.022234134,0.022323392,8.9342e-05
111302070303,2006,0.0,0.0,0.0
111302070303,2007,9.21e-07,9.21e-07,0.0
111302070303,2008,0.0,0.0,0.0
111302070303,2009,0.001429101,0.001434863,5.679e-06
111302070303,2010,0.022656222,0.02274723,9.109e-05
111302070303,2011,0.0,0.0,0.0
111302070303,2012,0.000700011,0.000702844,2.833e-06
111302070303,2013,0.0,0.0,0.0
111302070303,2014,0.011010501,0.011054907,4.4321e-05
111302070303,2015,0.003201762,0.003214581,1.2901e-05
111302070303,2016,0.0,0.0,0.0
111302070303,2017,7.53e-07,7.53e-07,0.0
111302070303,2018,0.002207773,0.002216737,8.964e-06
111302070303,2019,0.017344301,0.017414027,6.9723e-05
111302070303,2020,0.001093945,0.001098284,4.257e-06
111302070304,2000,0.0,0.0,0.0
111302070304,2001,0.00545697,0.005478981,2.1926e-05
111302070304,2002,0.04086611,0.041030362,0.000164167
111302070304,2003,0.000130277,0.000130696,5.04e-07
111302070304,2004,0.002990768,0.003002702,1.2016e-05
111302070304,2005,0.014149175,0.01420589,5.6877e-05
111302070304,2006,0.0,0.0,0.0
111302070304,2007,0.000882786,0.000886299,3.43e-06
111302070304,2008,0.001283708,0.001288954,5.243e-06
111302070304,2009,0.0,0.0,0.0
111302070304,2010,0.036645718,0.036792879,0.000147077
111302070304,2011,0.0,0.0,0.0
111302070304,2012,0.060034527,0.060275607,0.000241082
111302070304,2013,0.028485573,0.028600044,0.000114468
111302070304,2014,0.015009803,0.015070071,6.0271e-05
111302070304,2015,0.005291945,0.005313203,2.1173e-05
111302070304,2016,0.011997131,0.01204524,4.827e-05
111302070304,2017,0.0,0.0,0.0
111302070304,2018,0.012825581,0.012876995,5.1414e-05
111302070304,2019,0.009828647,0.009868132,3.9485e-05
111302070304,2020,0.001980661,0.001988432,8.104e-06
111302070305,2000,0.0,0.0,0.0
111302070305,2001,0.046098071,0.046283211,0.000185225
111302070305,2002,0.001830304,0.001837668,7.277e-06
111302070305,2003,0.0,0.0,0.0
111302070305,2004,0.0,0.0,0.0
111302070305,2005,0.0,0.0,0.0
111302070305,2006,0.0,0.0,0.0
111302070305,2007,0.0,0.0,0.0
111302070305,2008,0.005791995,0.005815298,2.3303e-05
111302070305,2009,0.0,0.0,0.0
111302070305,2010,0.002469036,0.002478989,9.953e-06
111302070305,2011,0.021037397,0.021121926,8.4529e-05
111302070305,2012,0.047222579,0.047412243,0.000189664
111302070305,2013,0.000709932,0.000712781,2.847e-06
111302070305,2014,0.03724717,0.037396655,0.000149567
111302070305,2015,0.007383844,0.007413559,2.9715e-05
111302070305,2016,0.0,0.0,0.0
111302070305,2017,0.0,0.0,0.0
111302070305,2018,0.009380649,0.009418263,3.7699e-05
111302070305,2019,0.0,0.0,0.0
111302070305,2020,0.0,0.0,0.0
111302070306,2000,0.0,0.0,0.0
111302070306,2001,0.0,0.0,0.0
111302070306,2002,8.5e-08,8.5e-08,0.0
111302070306,2003,0.061023786,0.061268786,0.000245085
111302070306,2004,0.000516052,0.000518227,2.093e-06
111302070306,2005,0.118194112,0.118668756,0.000474729
111302070306,2006,0.0,0.0,0.0
111302070306,2007,0.0,0.0,0.0
111302070306,2008,2.49e-07,2.49e-07,0.0
111302070306,2009,0.0,0.0,0.0
111302070306,2010,0.0,0.0,0.0
111302070306,2011,0.000248671,0.000249586,1e-06
111302070306,2012,0.290835033,0.292003123,0.00116809
111302070306,2013,0.0,0.0,0.0
111302070306,2014,0.0,0.0,0.0
111302070306,2015,0.049322153,0.049520233,0.000198079
111302070306,2016,0.072916221,0.073209046,0.000292825
111302070306,2017,0.0,0.0,0.0
111302070306,2018,0.0,0.0,0.0
111302070306,2019,0.0,0.0,0.0
111302070306,2020,0.0,0.0,0.0
111302070307,2000,0.000506399,0.00050832,2e-06
111302070307,2001,0.0,0.0,0.0
111302070307,2002,0.0,0.0,0.0
111302070307,2003,0.0,0.0,0.0
111302070307,2004,0.00141141,0.001417,5.672e-06
111302070307,2005,0.002594833,0.002605134,1.0468e-05
111302070307,2006,0.0,0.0,0.0
111302070307,2007,0.0,0.0,0.0
111302070307,2008,0.0,0.0,0.0
111302070307,2009,0.0,0.0,0.0
111302070307,2010,0.0,0.0,0.0
111302070307,2011,0.0,0.0,0.0
111302070307,2012,0.000596781,0.000599109,2.328e-06
111302070307,2013,0.0,0.0,0.0
111302070307,2014,0.0,0.0,0.0
111302070307,2015,0.0,0.0,0.0
111302070307,2016,0.0,0.0,0.0
111302070307,2017,0.0,0.0,0.0
111302070307,2018,0.0,0.0,0.0
111302070307,2019,0.000207529,0.000208375,7.62e-07
111302070307,2020,0.0,0.0,0.0
111302070401,2000,0.0,0.0,0.0
111302070401,2001,0.004858266,0.124571888,0.119713707
111302070401,2002,0.000237299,0.006084748,0.005847449
111302070401,2003,0.012813732,0.067088066,0.054274249
111302070401,2004,0.013603839,0.067014074,0.053410235
111302070401,2005,0.00185609,0.047591501,0.045735493
111302070401,2006,0.008462562,0.031112132,0.02264957
111302070401,2007,0.0,0.0,0.0
111302070401,2008,0.0,0.0,0.0
111302070401,2009,0.0,0.0,0.0
111302070401,2010,0.000913118,0.023414592,0.022501556
111302070401,2011,0.0,0.0,0.0
111302070401,2012,0.000157735,0.004045322,0.003887669
111302070401,2013,0.0,0.0,0.0
111302070401,2014,0.0,0.0,0.0
111302070401,2015,0.0,0.0,0.0
111302070401,2016,0.0,0.0,0.0
111302070401,2017,0.0,0.0,0.0
111302070401,2018,0.0,0.0,0.0
111302070401,2019,0.004375808,0.029367742,0.024992019
111302070401,2020,0.0,0.0,0.0
111302070402,2000,0.0,0.0,0.0
111302070402,2001,0.001353474,0.034703526,0.033349967
111302070402,2002,0.0,0.0,0.0
111302070402,2003,0.002292627,0.058784123,0.056491496
111302070402,2004,0.000216109,0.005542514,0.005326404
111302070402,2005,0.001106926,0.028384134,0.027277208
111302070402,2006,0.0,0.0,0.0
111302070402,2007,0.000385351,0.009880597,0.009495162
111302070402,2008,0.0,0.0,0.0
111302070402,2009,0.000309005,0.007924545,0.007615455
111302070402,2010,0.000278222,0.007133282,0.00685506
111302070402,2011,0.0,0.0,0.0
111302070402,2012,0.000847615,0.02173626,0.020888475
111302070402,2013,0.0,0.0,0.0
111302070402,2014,0.0,0.0,0.0
111302070402,2015,0.0,0.0,0.0
111302070402,2016,0.0,0.0,0.0
111302070402,2017,0.0,0.0,0.0
111302070402,2018,0.0,0.0,0.0
111302070402,2019,0.0,0.0,0.0
111302070402,2020,0.0,0.0,0.0
111302070403,2000,0.0,0.0,0.0
111302070403,2001,0.007954088,0.203953863,0.195999353
111302070403,2002,0.003524342,0.090368729,0.086844468
111302070403,2003,0.006592912,0.16904891,0.162455995
111302070403,2004,0.008841801,0.226713913,0.217872112
111302070403,2005,0.002122589,0.054423211,0.052300789
111302070403,2006,0.001161419,0.029779622,0.028618203
111302070403,2007,0.0,0.0,0.0
111302070403,2008,0.0,0.0,0.0
111302070403,2009,0.0,0.0,0.0
111302070403,2010,0.002803222,0.071878167,0.069074863
111302070403,2011,0.0,0.0,0.0
111302070403,2012,0.0,0.0,0.0
111302070403,2013,0.0,0.0,0.0
111302070403,2014,0.0,0.0,0.0
111302070403,2015,0.0,0.0,0.0
111302070403,2016,0.0,0.0,0.0
111302070403,2017,0.0,0.0,0.0
111302070403,2018,0.0,0.0,0.0
111302070403,2019,0.000358186,0.009184233,0.008826047
111302070403,2020,0.0,0.0,0.0
111302090101,2000,0.0,0.0,0.0
111302090101,2001,0.0,0.0,0.0
111302090101,2002,0.0,0.0,0.0
111302090101,2003,0.0,0.0,0.0
111302090101,2004,0.0,0.0,0.0
111302090101,2005,0.0,0.0,0.0
111302090101,2006,0.0,0.0,0.0
111302090101,2007,0.0,0.0,0.0
111302090101,2008,0.0,0.0,0.0
111302090101,2009,0.0,0.0,0.0
111302090101,2010,0.0,0.0,0.0
111302090101,2011,0.0,0.0,0.0
111302090101,2012,0.0,0.0,0.0
111302090101,2013,0.0,0.0,0.0
111302090101,2014,0.0,0.0,0.0
111302090101,2015,0.0,0.0,0.0
111302090101,2016,0.0,0.0,0.0
111302090101,2017,0.0,0.0,0.0
111302090101,2018,0.087231605,0.14276849,0.05553697
111302090101,2019,0.133925899,0.21919134,0.085265438
111302090101,2020,0.0,0.0,0.0
111302090102,2000,0.0,0.0,0.0
111302090102,2001,0.264603685,0.433776655,0.169172885
111302090102,2002,0.0,0.0,0.0
111302090102,2003,0.000326715,0.000534638,0.000207923
111302090102,2004,0.0,0.0,0.0
111302090102,2005,1.9107e-05,3.1315e-05,1.2123e-05
111302090102,2006,0.0,0.0,0.0
111302090102,2007,0.0,0.0,0.0
111302090102,2008,0.0,0.0,0.0
111302090102,2009,0.0,0.0,0.0
111302090102,2010,0.0,0.0,0.0
111302090102,2011,0.0,0.0,0.0
111302090102,2012,0.0,0.0,0.0
111302090102,2013,0.0,0.0,0.0
111302090102,2014,0.0,0.0,0.0
111302090102,2015,0.0,0.0,0.0
111302090102,2016,0.0,0.0,0.0
111302090102,2017,0.0,0.0,0.0
111302090102,2018,0.000184112,0.000301236,0.000117208
111302090102,2019,0.000592981,0.00097034,0.000377359
111302090102,2020,0.0,0.0,0.0
111302090103,2000,0.0,0.0,0.0
111302090103,2001,0.003619934,0.006187981,0.002567964
111302090103,2002,0.0,0.0,0.0
111302090103,2003,0.021037858,0.037837803,0.01680003
111302090103,2004,0.004727997,0.008771751,0.004043839
111302090103,2005,0.046323759,0.084378392,0.038054715
111302090103,2006,0.0,0.0,0.0
111302090103,2007,0.0,0.0,0.0
111302090103,2008,0.0,0.0,0.0
111302090103,2009,0.0,0.0,0.0
111302090103,2010,0.0,0.0,0.0
111302090103,2011,0.0,0.0,0.0
111302090103,2012,0.0,0.0,0.0
111302090103,2013,0.0,0.0,0.0
111302090103,2014,0.0,0.0,0.0
111302090103,2015,0.0,0.0,0.0
111302090103,2016,0.0,0.0,0.0
111302090103,2017,0.0,0.0,0.0
111302090103,2018,0.0,0.0,0.0
111302090103,2019,0.0,0.0,0.0
111302090103,2020,0.0,0.0,0.0
111302090104,2000,0.0,0.0,0.0
111302090104,2001,0.0,0.0,0.0
111302090104,2002,0.0,0.0,0.0
111302090104,2003,0.0,0.0,0.0
111302090104,2004,0.0,0.0,0.0
111302090104,2005,0.0,0.0,0.0
111302090104,2006,0.0,0.0,0.0
111302090104,2007,0.0,0.0,0.0
111302090104,2008,0.0,0.0,0.0
111302090104,2009,0.0,0.0,0.0
111302090104,2010,0.0,0.0,0.0
111302090104,2011,0.0,0.0,0.0
111302090104,2012,0.0,0.0,0.0
111302090104,2013,0.0,0.0,0.0
111302090104,2014,0.0,0.0,0.0
111302090104,2015,0.0,0.0,0.0
111302090104,2016,0.0,0.0,0.0
111302090104,2017,0.0,0.0,0.0
111302090104,2018,0.002413301,0.003949581,0.001536444
111302090104,2019,0.000153942,0.000251992,9.7964e-05
111302090104,2020,0.0,0.0,0.0
111302090105,2000,0.0,0.0,0.0
111302090105,2001,0.0,0.0,0.0
111302090105,2002,0.0,0.0,0.0
111302090105,2003,0.0,0.0,0.0
111302090105,2004,0.0,0.0,0.0
111302090105,2005,0.0,0.0,0.0
111302090105,2006,0.0,0.0,0.0
111302090105,2007,0.0,0.0,0.0
111302090105,2008,0.0,0.0,0.0
111302090105,2009,0.0,0.0,0.0
111302090105,2010,0.0,0.0,0.0
111302090105,2011,0.0,0.0,0.0
111302090105,2012,0.0,0.0,0.0
111302090105,2013,0.0,0.0,0.0
111302090105,2014,0.0,0.0,0.0
111302090105,2015,0.0,0.0,0.0
111302090105,2016,0.0,0.0,0.0
111302090105,2017,0.0,0.0,0.0
111302090105,2018,0.0,0.0,0.0
111302090105,2019,0.0,0.0,0.0
111302090105,2020,0.0,0.0,0.0
111302090106,2000,0.0,0.0,0.0
111302090106,2001,0.0,0.0,0.0
111302090106,2002,0.0,0.0,0.0
111302090106,2003,0.0,0.0,0.0
111302090106,2004,0.0,0.0,0.0
111302090106,2005,0.0,0.0,0.0
111302090106,2006,0.0,0.0,0.0
111302090106,2007,0.0,0.0,0.0
111302090106,2008,0.0,0.0,0.0
111302090106,2009,0.0,0.0,0.0
111302090106,2010,0.0,0.0,0.0
111302090106,2011,0.0,0.0,0.0
111302090106,2012,0.0,0.0,0.0
111302090106,2013,0.0,0.0,0.0
111302090106,2014,0.0,0.0,0.0
111302090106,2015,0.0,0.0,0.0
111302090106,2016,0.0,0.0,0.0
111302090106,2017,0.0,0.0,0.0
111302090106,2018,0.0,0.0,0.0
111302090106,2019,0.0,0.0,0.0
111302090106,2020,0.0,0.0,0.0
111302090107,2000,0.0,0.0,0.0
111302090107,2001,0.0,0.0,0.0
111302090107,2002,0.0,0.0,0.0
111302090107,2003,0.0,0.0,0.0
111302090107,2004,0.0,0.0,0.0
111302090107,2005,0.0,0.0,0.0
111302090107,2006,0.0,0.0,0.0
111302090107,2007,0.0,0.0,0.0
111302090107,2008,0.0,0.0,0.0
111302090107,2009,0.0,0.0,0.0
111302090107,2010,0.0,0.0,0.0
111302090107,2011,0.0,0.0,0.0
111302090107,2012,0.0,0.0,0.0
111302090107,2013,0.0,0.0,0.0
111302090107,2014,0.0,0.0,0.0
111302090107,2015,0.0,0.0,0.0
111302090107,2016,0.0,0.0,0.0
111302090107,2017,0.0,0.0,0.0
111302090107,2018,0.0,0.0,0.0
111302090107,2019,0.0,0.0,0.0
111302090107,2020,0.0,0.0,0.0
111302090201,2000,0.0,0.0,0.0
111302090201,2001,0.005077814,0.009420871,0.004342973
111302090201,2002,0.0,0.0,0.0
111302090201,2003,0.0,0.0,0.0
111302090201,2004,0.0,0.0,0.0
111302090201,2005,0.0,0.0,0.0
111302090201,2006,0.0,0.0,0.0
111302090201,2007,0.0,0.0,0.0
111302090201,2008,0.0,0.0,0.0
111302090201,2009,0.0,0.0,0.0
111302090201,2010,0.0,0.0,0.0
111302090201,2011,0.0,0.0,0.0
111302090201,2012,0.0,0.0,0.0
111302090201,2013,0.0,0.0,0.0
111302090201,2014,0.0,0.0,0.0
111302090201,2015,0.0,0.0,0.0
111302090201,2016,0.0,0.0,0.0
111302090201,2017,0.0,0.0,0.0
111302090201,2018,0.000473345,0.000877948,0.00040477
111302090201,2019,0.0,0.0,0.0
111302090201,2020,0.0,0.0,0.0
111302090202,2000,0.0,0.0,0.0
111302090202,2001,0.0,0.0,0.0
111302090202,2002,0.0,0.0,0.0
111302090202,2003,0.0,0.0,0.0
111302090202,2004,0.0,0.0,0.0
111302090202,2005,0.0,0.0,0.0
111302090202,2006,0.0,0.0,0.0
111302090202,2007,0.0,0.0,0.0
111302090202,2008,0.0,0.0,0.0
111302090202,2009,0.0,0.0,0.0
111302090202,2010,0.0,0.0,0.0
111302090202,2011,0.0,0.0,0.0
111302090202,2012,0.0,0.0,0.0
111302090202,2013,0.0,0.0,0.0
111302090202,2014,0.0,0.0,0.0
111302090202,2015,0.0,0.0,0.0
111302090202,2016,0.0,0.0,0.0
111302090202,2017,0.0,0.0,0.0
111302090202,2018,0.0,0.0,0.0
111302090202,2019,0.0,0.0,0.0
111302090202,2020,0.0,0.0,0.0
111302090203,2000,0.0,0.0,0.0
111302090203,2001,0.0,0.0,0.0
111302090203,2002,0.0,0.0,0.0
111302090203,2003,0.0,0.0,0.0
111302090203,2004,0.0,0.0,0.0
111302090203,2005,0.0,0.0,0.0
111302090203,2006,0.0,0.0,0.0
111302090203,2007,0.0,0.0,0.0
111302090203,2008,0.0,0.0,0.0
111302090203,2009,0.0,0.0,0.0
111302090203,2010,0.0,0.0,0.0
111302090203,2011,0.0,0.0,0.0
111302090203,2012,0.0,0.0,0.0
111302090203,2013,0.0,0.0,0.0
111302090203,2014,0.0,0.0,0.0
111302090203,2015,0.0,0.0,0.0
111302090203,2016,0.0,0.0,0.0
111302090203,2017,0.0,0.0,0.0
111302090203,2018,0.0,0.0,0.0
111302090203,2019,0.0,0.0,0.0
111302090203,2020,0.0,0.0,0.0
111302090204,2000,0.0,0.0,0.0
111302090204,2001,0.0,0.0,0.0
111302090204,2002,0.0,0.0,0.0
111302090204,2003,0.0,0.0,0.0
111302090204,2004,0.0,0.0,0.0
111302090204,2005,0.0,0.0,0.0
111302090204,2006,0.0,0.0,0.0
111302090204,2007,0.0,0.0,0.0
111302090204,2008,0.0,0.0,0.0
111302090204,2009,0.0,0.0,0.0
111302090204,2010,0.0,0.0,0.0
111302090204,2011,0.0,0.0,0.0
111302090204,2012,0.0,0.0,0.0
111302090204,2013,0.0,0.0,0.0
111302090204,2014,0.0,0.0,0.0
111302090204,2015,0.0,0.0,0.0
111302090204,2016,0.0,0.0,0.0
111302090204,2017,0.0,0.0,0.0
111302090204,2018,0.0,0.0,0.0
111302090204,2019,0.0,0.0,0.0
111302090204,2020,0.000266557,0.000494533,0.000227975
111302090205,2000,0.0,0.0,0.0
111302090205,2001,0.0,0.0,0.0
111302090205,2002,0.0,0.0,0.0
111302090205,2003,0.0,0.0,0.0
111302090205,2004,0.0,0.0,0.0
111302090205,2005,0.0,0.0,0.0
111302090205,2006,0.0,0.0,0.0
111302090205,2007,0.0,0.0,0.0
111302090205,2008,0.0,0.0,0.0
111302090205,2009,0.0,0.0,0.0
111302090205,2010,0.0,0.0,0.0
111302090205,2011,0.0,0.0,0.0
111302090205,2012,0.0,0.0,0.0
111302090205,2013,0.0,0.0,0.0
111302090205,2014,0.0,0.0,0.0
111302090205,2015,0.0,0.0,0.0
111302090205,2016,0.0,0.0,0.0
111302090205,2017,0.0,0.0,0.0
111302090205,2018,0.0,0.0,0.0
111302090205,2019,0.0,0.0,0.0
111302090205,2020,0.0,0.0,0.0
111302090206,2000,0.0,0.0,0.0
111302090206,2001,0.025799893,0.047865888,0.022066247
111302090206,2002,0.0,0.0,0.0
111302090206,2003,0.0,0.0,0.0
111302090206,2004,0.021297183,0.039512615,0.018215265
111302090206,2005,0.0,0.0,0.0
111302090206,2006,0.0,0.0,0.0
111302090206,2007,0.0,0.0,0.0
111302090206,2008,0.003691429,0.006848475,0.003157301
111302090206,2009,0.0,0.0,0.0
111302090206,2010,0.007251573,0.013453625,0.006202307
111302090206,2011,0.006936112,0.01286869,0.005932408
111302090206,2012,0.0,0.0,0.0
111302090206,2013,0.0,0.0,0.0
111302090206,2014,0.007833074,0.014532641,0.006699485
111302090206,2015,0.0,0.0,0.0
111302090206,2016,0.011130872,0.020650929,0.009520055
111302090206,2017,0.00919969,0.017068085,0.007868395
111302090206,2018,0.0,0.0,0.0
111302090206,2019,0.000108959,0.000202184,9.3225e-05
111302090206,2020,0.013676221,0.025373399,0.011697096
111302090207,2000,0.0,0.0,0.0
111302090207,2001,0.251676871,0.466932953,0.215256085
111302090207,2002,0.0,0.0,0.0
111302090207,2003,0.0,0.0,0.0
111302090207,2004,0.131743205,0.244421514,0.112678311
111302090207,2005,0.0,0.0,0.0
111302090207,2006,0.004202449,0.007796827,0.00359429
111302090207,2007,0.0,0.0,0.0
111302090207,2008,0.260181383,0.482711093,0.222529874
111302090207,2009,0.025665907,0.047617611,0.021951789
111302090207,2010,0.217892932,0.404254419,0.186361321
111302090207,2011,0.145732767,0.270376205,0.124643438
111302090207,2012,0.173143544,0.321231303,0.14808759
111302090207,2013,0.112983553,0.209617334,0.096633532
111302090207,2014,0.138086178,0.256189704,0.118103523
111302090207,2015,0.0,0.0,0.0
111302090207,2016,0.170820481,0.316921279,0.146100628
111302090207,2017,0.196984534,0.365463227,0.168478526
111302090207,2018,0.101264438,0.187874844,0.086610151
111302090207,2019,0.07643329,0.1418058,0.06537251
111302090207,2020,0.117781036,0.218517667,0.100736798
111302090208,2000,0.0,0.0,0.0
111302090208,2001,0.018251559,0.033861789,0.015610312
111302090208,2002,0.025636458,0.047562896,0.021926441
111302090208,2003,0.025250463,0.046846877,0.021596411
111302090208,2004,0.0,0.0,0.0
111302090208,2005,0.0,0.0,0.0
111302090208,2006,0.010651781,0.019761756,0.00911014
111302090208,2007,0.0,0.0,0.0
111302090208,2008,0.054571,0.101244896,0.046673981
111302090208,2009,0.09023129,0.167405189,0.077173814
111302090208,2010,0.085510877,0.158647304,0.073136427
111302090208,2011,0.012670981,0.023508359,0.010837296
111302090208,2012,0.0,0.0,0.0
111302090208,2013,0.0,0.0,0.0
111302090208,2014,0.037638597,0.069830625,0.03219186
111302090208,2015,0.03155034,0.058535025,0.02698477
111302090208,2016,0.026949213,0.049998413,0.023049284
111302090208,2017,0.069444205,0.128839011,0.05939489
111302090208,2018,0.020361005,0.037775504,0.017414584
111302090208,2019,0.021559551,0.03999923,0.018439677
111302090208,2020,0.13611918,0.252540189,0.116421008
111302090301,2000,0.0,0.0,0.0
111302090301,2001,0.313109049,0.580907375,0.267798244
111302090301,2002,0.032699808,0.060667597,0.027967789
111302090301,2003,0.0,0.0,0.0
111302090301,2004,0.005612445,0.010412664,0.004800301
111302090301,2005,0.0,0.0,0.0
111302090301,2006,0.431107784,0.799829049,0.368721184
111302090301,2007,0.0,0.0,0.0
111302090301,2008,0.75956394,1.409209792,0.649645601
111302090301,2009,0.398397419,0.739141811,0.340744395
111302090301,2010,0.433721934,0.80467886,0.370957096
111302090301,2011,0.303691677,0.56343523,0.259743553
111302090301,2012,0.308060049,0.571539858,0.263479896
111302090301,2013,0.356765611,0.661902556,0.305137027
111302090301,2014,0.531647247,0.986358559,0.45471123
111302090301,2015,0.061349458,0.113820682,0.052471392
111302090301,2016,0.297158962,0.551315574,0.254156525
111302090301,2017,0.523750307,0.971707488,0.447957093
111302090301,2018,0.407678644,0.756361173,0.348682529
111302090301,2019,0.222191784,0.412229693,0.190037822
111302090301,2020,0.495727746,0.919717197,0.423989787
111302090302,2000,0.001776923,0.001898522,0.000121516
111302090302,2001,0.611922668,0.693789978,0.081867058
111302090302,2002,0.115412729,0.131599474,0.016186912
111302090302,2003,0.0,0.0,0.0
111302090302,2004,0.0,0.0,0.0
111302090302,2005,0.004491532,0.00542454,0.000933011
111302090302,2006,0.306558077,0.404964532,0.098406455
111302090302,2007,0.0,0.0,0.0
111302090302,2008,0.8258735,1.002273418,0.176400167
111302090302,2009,0.253324085,0.316260011,0.062935759
111302090302,2010,0.593578778,0.670710496,0.077131636
111302090302,2011,0.760012679,0.873577699,0.113565107
111302090302,2012,0.984058686,1.098279801,0.114221202
111302090302,2013,0.293813,0.320756567,0.026943649
111302090302,2014,0.47368454,0.596579956,0.122895419
111302090302,2015,0.208592551,0.226730989,0.018138523
111302090302,2016,0.412049172,0.537923377,0.125874123
111302090302,2017,0.567967458,0.688445332,0.120477874
111302090302,2018,0.421337348,0.470767959,0.049430611
111302090302,2019,0.366183858,0.420901077,0.054717052
111302090302,2020,0.530594393,0.597516068,0.06692176
111302090303,2000,0.0,0.0,0.0
111302090303,2001,0.0,0.0,0.0
111302090303,2002,0.0,0.0,0.0
111302090303,2003,0.0,0.0,0.0
111302090303,2004,0.0,0.0,0.0
111302090303,2005,0.0,0.0,0.0
111302090303,2006,0.0,0.0,0.0
111302090303,2007,0.0,0.0,0.0
111302090303,2008,0.028816104,0.028816104,0.0
111302090303,2009,0.0,0.0,0.0
111302090303,2010,0.056723789,0.056723789,0.0
111302090303,2011,0.040664781,0.040664781,0.0
111302090303,2012,0.083044691,0.083044691,0.0
111302090303,2013,0.016470584,0.016470584,0.0
111302090303,2014,0.046804888,0.046804888,0.0
111302090303,2015,0.007307578,0.007307578,0.0
111302090303,2016,0.0,0.0,0.0
111302090303,2017,0.018967997,0.018967997,0.0
111302090303,2018,0.035514778,0.035514778,0.0
111302090303,2019,0.165126197,0.165126197,0.0
111302090303,2020,0.195536814,0.195536814,0.0
111302090304,2000,0.0,0.0,0.0
111302090304,2001,0.037434575,0.069451989,0.032017414
111302090304,2002,0.054316575,0.07340049,0.019084082
111302090304,2003,0.027619425,0.051241948,0.023622608
111302090304,2004,0.0,0.0,0.0
111302090304,2005,0.0,0.0,0.0
111302090304,2006,0.050268362,0.079287929,0.029019403
111302090304,2007,0.0,0.0,0.0
111302090304,2008,0.150859352,0.279887352,0.129028085
111302090304,2009,0.215538603,0.305728427,0.090189827
111302090304,2010,0.13065417,0.188534241,0.057879984
111302090304,2011,0.050102381,0.066273115,0.016170649
111302090304,2012,0.032785691,0.060826921,0.028041232
111302090304,2013,0.000277132,0.000514627,0.000237241
111302090304,2014,0.054273307,0.100692578,0.046419353
111302090304,2015,0.05598263,0.08928646,0.03330383
111302090304,2016,0.028830667,0.053489057,0.024658473
111302090304,2017,0.089446014,0.165947816,0.07650197
111302090304,2018,0.041137422,0.068791493,0.027654071
111302090304,2019,0.096117501,0.114425518,0.018308016
111302090304,2020,0.174411623,0.188349522,0.013937814
111302090401,2000,0.0,0.0,0.0
111302090401,2001,0.0,0.0,0.0
111302090401,2002,0.0,0.0,0.0
111302090401,2003,0.0,0.0,0.0
111302090401,2004,0.0,0.0,0.0
111302090401,2005,0.0,0.0,0.0
111302090401,2006,0.0,0.0,0.0
111302090401,2007,0.0,0.0,0.0
111302090401,2008,0.109342221,0.109342221,0.0
111302090401,2009,0.0,0.0,0.0
111302090401,2010,0.0,0.0,0.0
111302090401,2011,0.0,0.0,0.0
111302090401,2012,0.0,0.0,0.0
111302090401,2013,0.0,0.0,0.0
111302090401,2014,0.0,0.0,0.0
111302090401,2015,0.0,0.0,0.0
111302090401,2016,0.0,0.0,0.0
111302090401,2017,0.0,0.0,0.0
111302090401,2018,0.409821293,0.409821293,0.0
111302090401,2019,0.0,0.0,0.0
111302090401,2020,0.132500292,0.132500292,0.0
111302090402,2000,0.0,0.0,0.0
111302090402,2001,0.0,0.0,0.0
111302090402,2002,0.0,0.0,0.0
111302090402,2003,0.0,0.0,0.0
111302090402,2004,0.0,0.0,0.0
111302090402,2005,0.0,0.0,0.0
111302090402,2006,0.0,0.0,0.0
111302090402,2007,0.0,0.0,0.0
111302090402,2008,0.211029601,0.211029601,0.0
111302090402,2009,0.0,0.0,0.0
111302090402,2010,0.0,0.0,0.0
111302090402,2011,0.000788532,0.000788532,0.0
111302090402,2012,0.0,0.0,0.0
111302090402,2013,0.0,0.0,0.0
111302090402,2014,0.0,0.0,0.0
111302090402,2015,0.0,0.0,0.0
111302090402,2016,0.0,0.0,0.0
111302090402,2017,0.0,0.0,0.0
111302090402,2018,0.018072532,0.018072532,0.0
111302090402,2019,0.0,0.0,0.0
111302090402,2020,0.197662131,0.197662131,0.0
111302090403,2000,0.0,0.0,0.0
111302090403,2001,0.0,0.0,0.0
111302090403,2002,0.0,0.0,0.0
111302090403,2003,0.0,0.0,0.0
111302090403,2004,0.0,0.0,0.0
111302090403,2005,0.0,0.0,0.0
111302090403,2006,0.0,0.0,0.0
111302090403,2007,0.0,0.0,0.0
111302090403,2008,0.0,0.0,0.0
111302090403,2009,0.0,0.0,0.0
111302090403,2010,0.0,0.0,0.0
111302090403,2011,0.0,0.0,0.0
111302090403,2012,0.0,0.0,0.0
111302090403,2013,0.0,0.0,0.0
111302090403,2014,0.0,0.0,0.0
111302090403,2015,0.0,0.0,0.0
111302090403,2016,0.0,0.0,0.0
111302090403,2017,0.0,0.0,0.0
111302090403,2018,0.0,0.0,0.0
111302090403,2019,0.0,0.0,0.0
111302090403,2020,0.0,0.0,0.0
111302090404,2000,0.0,0.0,0.0
111302090404,2001,0.0,0.0,0.0
111302090404,2002,0.0,0.0,0.0
111302090404,2003,0.0,0.0,0.0
111302090404,2004,0.0,0.0,0.0
111302090404,2005,0.0,0.0,0.0
111302090404,2006,0.0,0.0,0.0
111302090404,2007,0.0,0.0,0.0
111302090404,2008,0.0,0.0,0.0
111302090404,2009,0.0,0.0,0.0
111302090404,2010,0.0,0.0,0.0
111302090404,2011,0.0,0.0,0.0
111302090404,2012,0.0,0.0,0.0
111302090404,2013,0.0,0.0,0.0
111302090404,2014,0.0,0.0,0.0
111302090404,2015,0.0,0.0,0.0
111302090404,2016,0.0,0.0,0.0
111302090404,2017,0.0,0.0,0.0
111302090404,2018,0.0,0.0,0.0
111302090404,2019,0.0,0.0,0.0
111302090404,2020,0.0,0.0,0.0
111302090405,2000,0.0,0.0,0.0
111302090405,2001,0.0,0.0,0.0
111302090405,2002,0.0,0.0,0.0
111302090405,2003,0.0,0.0,0.0
111302090405,2004,0.0,0.0,0.0
111302090405,2005,0.0,0.0,0.0
111302090405,2006,0.0,0.0,0.0
111302090405,2007,0.0,0.0,0.0
111302090405,2008,0.0,0.0,0.0
111302090405,2009,0.0,0.0,0.0
111302090405,2010,0.0,0.0,0.0
111302090405,2011,0.0,0.0,0.0
111302090405,2012,0.0,0.0,0.0
111302090405,2013,0.0,0.0,0.0
111302090405,2014,0.0,0.0,0.0
111302090405,2015,0.0,0.0,0.0
111302090405,2016,0.0,0.0,0.0
111302090405,2017,0.0,0.0,0.0
111302090405,2018,0.0,0.0,0.0
111302090405,2019,0.0,0.0,0.0
111302090405,2020,0.0,0.0,0.0
111302090406,2000,0.0,0.0,0.0
111302090406,2001,0.0,0.0,0.0
111302090406,2002,0.0,0.0,0.0
111302090406,2003,0.104807463,0.104807463,0.0
111302090406,2004,0.0,0.0,0.0
111302090406,2005,0.0,0.0,0.0
111302090406,2006,0.0,0.0,0.0
111302090406,2007,0.0,0.0,0.0
111302090406,2008,0.0,0.0,0.0
111302090406,2009,0.0,0.0,0.0
111302090406,2010,0.0,0.0,0.0
111302090406,2011,0.0,0.0,0.0
111302090406,2012,0.0,0.0,0.0
111302090406,2013,0.0,0.0,0.0
111302090406,2014,0.0,0.0,0.0
111302090406,2015,0.0,0.0,0.0
111302090406,2016,0.0,0.0,0.0
111302090406,2017,0.0,0.0,0.0
111302090406,2018,0.0,0.0,0.0
111302090406,2019,0.0,0.0,0.0
111302090406,2020,0.0,0.0,0.0
111302090501,2000,0.0,0.0,0.0
111302090501,2001,0.0,0.0,0.0
111302090501,2002,0.0,0.0,0.0
111302090501,2003,0.0,0.0,0.0
111302090501,2004,0.0,0.0,0.0
111302090501,2005,0.0,0.0,0.0
111302090501,2006,0.0,0.0,0.0
111302090501,2007,0.0,0.0,0.0
111302090501,2008,0.0,0.0,0.0
111302090501,2009,0.0,0.0,0.0
111302090501,2010,0.0,0.0,0.0
111302090501,2011,0.0,0.0,0.0
111302090501,2012,0.0,0.0,0.0
111302090501,2013,0.0,0.0,0.0
111302090501,2014,0.0,0.0,0.0
111302090501,2015,0.0,0.0,0.0
111302090501,2016,0.0,0.0,0.0
111302090501,2017,0.0,0.0,0.0
111302090501,2018,0.0,0.0,0.0
111302090501,2019,0.117544005,0.218078077,0.100534071
111302090501,2020,0.357779735,0.663784303,0.306004566
111302090502,2000,0.0,0.0,0.0
111302090502,2001,0.0,0.0,0.0
111302090502,2002,0.0,0.0,0.0
111302090502,2003,0.0,0.0,0.0
111302090502,2004,0.0,0.0,0.0
111302090502,2005,0.0,0.0,0.0
111302090502,2006,0.0,0.0,0.0
111302090502,2007,0.0,0.0,0.0
111302090502,2008,0.0,0.0,0.0
111302090502,2009,0.0,0.0,0.0
111302090502,2010,0.0,0.0,0.0
111302090502,2011,0.0,0.0,0.0
111302090502,2012,0.0,0.0,0.0
111302090502,2013,0.0,0.0,0.0
111302090502,2014,0.0,0.0,0.0
111302090502,2015,0.0,0.0,0.0
111302090502,2016,0.0,0.0,0.0
111302090502,2017,0.0,0.0,0.0
111302090502,2018,0.0,0.0,0.0
111302090502,2019,0.101225153,0.18780163,0.086576477
111302090502,2020,0.132540443,0.262977169,0.130436642
111302090503,2000,0.0,0.0,0.0
111302090503,2001,0.0,0.0,0.0
111302090503,2002,0.0,0.0,0.0
111302090503,2003,0.0,0.0,0.0
111302090503,2004,0.0,0.0,0.0
111302090503,2005,0.0,0.0,0.0
111302090503,2006,0.0,0.0,0.0
111302090503,2007,0.0,0.0,0.0
111302090503,2008,0.0,0.0,0.0
111302090503,2009,0.0,0.0,0.0
111302090503,2010,0.0,0.0,0.0
111302090503,2011,0.0,0.0,0.0
111302090503,2012,0.0,0.0,0.0
111302090503,2013,0.0,0.0,0.0
111302090503,2014,0.0,0.0,0.0
111302090503,2015,0.0,0.0,0.0
111302090503,2016,0.0,0.0,0.0
111302090503,2017,0.0,0.0,0.0
111302090503,2018,0.0,0.0,0.0
111302090503,2019,0.336055595,0.432503915,0.096448321
111302090503,2020,0.183294429,0.198156079,0.014861735
111302090504,2000,0.0,0.0,0.0
111302090504,2001,0.0,0.0,0.0
111302090504,2002,0.0,0.0,0.0
111302090504,2003,0.0,0.0,0.0
111302090504,2004,0.0,0.0,0.0
111302090504,2005,0.0,0.0,0.0
111302090504,2006,0.0,0.0,0.0
111302090504,2007,0.0,0.0,0.0
111302090504,2008,0.0,0.0,0.0
111302090504,2009,0.0,0.0,0.0
111302090504,2010,0.0,0.0,0.0
111302090504,2011,0.0,0.0,0.0
111302090504,2012,0.0,0.0,0.0
111302090504,2013,0.0,0.0,0.0
111302090504,2014,0.0,0.0,0.0
111302090504,2015,0.0,0.0,0.0
111302090504,2016,0.0,0.0,0.0
111302090504,2017,0.0,0.0,0.0
111302090504,2018,0.0,0.0,0.0
111302090504,2019,0.0,0.0,0.0
111302090504,2020,0.0,0.0,0.0
111302090505,2000,0.0,0.0,0.0
111302090505,2001,0.0,0.0,0.0
111302090505,2002,0.0,0.0,0.0
111302090505,2003,0.0,0.0,0.0
111302090505,2004,0.0,0.0,0.0
111302090505,2005,0.0,0.0,0.0
111302090505,2006,0.0,0.0,0.0
111302090505,2007,0.0,0.0,0.0
111302090505,2008,0.005106577,0.005106577,0.0
111302090505,2009,0.0,0.0,0.0
111302090505,2010,0.267158115,0.267158115,0.0
111302090505,2011,0.0,0.0,0.0
111302090505,2012,0.0,0.0,0.0
111302090505,2013,0.0,0.0,0.0
111302090505,2014,0.0,0.0,0.0
111302090505,2015,0.0,0.0,0.0
111302090505,2016,0.0,0.0,0.0
111302090505,2017,0.0,0.0,0.0
111302090505,2018,0.0,0.0,0.0
111302090505,2019,0.323631973,0.323631973,0.0
111302090505,2020,0.0,0.0,0.0
111302090506,2000,0.0,0.0,0.0
111302090506,2001,0.0,0.0,0.0
111302090506,2002,0.0,0.0,0.0
111302090506,2003,0.0,0.0,0.0
111302090506,2004,0.0,0.0,0.0
111302090506,2005,0.0,0.0,0.0
111302090506,2006,0.0,0.0,0.0
111302090506,2007,0.0,0.0,0.0
111302090506,2008,0.0,0.0,0.0
111302090506,2009,0.0,0.0,0.0
111302090506,2010,0.0,0.0,0.0
111302090506,2011,0.0,0.0,0.0
111302090506,2012,0.0,0.0,0.0
111302090506,2013,0.0,0.0,0.0
111302090506,2014,0.0,0.0,0.0
111302090506,2015,0.0,0.0,0.0
111302090506,2016,0.0,0.0,0.0
111302090506,2017,0.0,0.0,0.0
111302090506,2018,0.0,0.0,0.0
111302090506,2019,0.0,0.0,0.0
111302090506,2020,0.0,0.0,0.0
111302090507,2000,0.0,0.0,0.0
111302090507,2001,0.0,0.0,0.0
111302090507,2002,0.0,0.0,0.0
111302090507,2003,0.0,0.0,0.0
111302090507,2004,0.0,0.0,0.0
111302090507,2005,0.0,0.0,0.0
111302090507,2006,0.0,0.0,0.0
111302090507,2007,0.0,0.0,0.0
111302090507,2008,0.0,0.0,0.0
111302090507,2009,0.0,0.0,0.0
111302090507,2010,0.0,0.0,0.0
111302090507,2011,0.0,0.0,0.0
111302090507,2012,0.0,0.0,0.0
111302090507,2013,0.0,0.0,0.0
111302090507,2014,0.0,0.0,0.0
111302090507,2015,0.0,0.0,0.0
111302090507,2016,0.0,0.0,0.0
111302090507,2017,0.0,0.0,0.0
111302090507,2018,0.0,0.0,0.0
111302090507,2019,0.0,0.0,0.0
111302090507,2020,0.0,0.0,0.0
111302090508,2000,0.0,0.0,0.0
111302090508,2001,0.0,0.0,0.0
111302090508,2002,0.0,0.0,0.0
111302090508,2003,0.0,0.0,0.0
111302090508,2004,0.0,0.0,0.0
111302090508,2005,0.0,0.0,0.0
111302090508,2006,0.0,0.0,0.0
111302090508,2007,0.0,0.0,0.0
111302090508,2008,0.0,0.0,0.0
111302090508,2009,3.019e-06,3.019e-06,0.0
111302090508,2010,3.268e-06,3.268e-06,0.0
111302090508,2011,0.0,0.0,0.0
111302090508,2012,0.0,0.0,0.0
111302090508,2013,0.0,0.0,0.0
111302090508,2014,0.0,0.0,0.0
111302090508,2015,0.0,0.0,0.0
111302090508,2016,0.0,0.0,0.0
111302090508,2017,0.0,0.0,0.0
111302090508,2018,0.0,0.0,0.0
111302090508,2019,5.8088e-05,5.8088e-05,0.0
111302090508,2020,0.0,0.0,0.0
111302090509,2000,0.0,0.0,0.0
111302090509,2001,0.0,0.0,0.0
111302090509,2002,0.0,0.0,0.0
111302090509,2003,0.0,0.0,0.0
111302090509,2004,0.0,0.0,0.0
111302090509,2005,0.0,0.0,0.0
111302090509,2006,0.0,0.0,0.0
111302090509,2007,0.0,0.0,0.0
111302090509,2008,0.0,0.0,0.0
111302090509,2009,0.0,0.0,0.0
111302090509,2010,0.050834205,0.050834205,0.0
111302090509,2011,0.0,0.0,0.0
111302090509,2012,0.0,0.0,0.0
111302090509,2013,0.0,0.0,0.0
111302090509,2014,0.0,0.0,0.0
111302090509,2015,0.0,0.0,0.0
111302090509,2016,0.0,0.0,0.0
111302090509,2017,0.0,0.0,0.0
111302090509,2018,0.0,0.0,0.0
111302090509,2019,0.074550222,0.074550222,0.0
111302090509,2020,0.0,0.0,0.0
111302090510,2000,0.000963191,0.000963191,0.0
111302090510,2001,0.0,0.0,0.0
111302090510,2002,0.002716858,0.002716858,0.0
111302090510,2003,0.000116405,0.000116405,0.0
111302090510,2004,0.000228352,0.000231522,3.254e-06
111302090510,2005,0.000237666,0.000245745,8.079e-06
111302090510,2006,0.0,0.0,0.0
111302090510,2007,0.0,0.0,0.0
111302090510,2008,0.01611424,0.01611424,0.0
111302090510,2009,0.0,0.0,0.0
111302090510,2010,0.0,0.0,0.0
111302090510,2011,0.0,0.0,0.0
111302090510,2012,3.33e-07,3.33e-07,0.0
111302090510,2013,0.0,0.0,0.0
111302090510,2014,0.0,0.0,0.0
111302090510,2015,0.0,0.0,0.0
111302090510,2016,0.0,0.0,0.0
111302090510,2017,0.0,0.0,0.0
111302090510,2018,0.007401759,0.007401759,0.0
111302090510,2019,0.0,0.0,0.0
111302090510,2020,0.282175705,0.282458161,0.000282544
111302100201,2000,0.0,0.0,0.0
111302100201,2001,0.0,0.0,0.0
111302100201,2002,0.0,0.0,0.0
111302100201,2003,0.0,0.0,0.0
111302100201,2004,0.0,0.0,0.0
111302100201,2005,0.0,0.0,0.0
111302100201,2006,0.0,0.0,0.0
111302100201,2007,0.0,0.0,0.0
111302100201,2008,0.0,0.0,0.0
111302100201,2009,0.0,0.0,0.0
111302100201,2010,0.0,0.0,0.0
111302100201,2011,0.0,0.0,0.0
111302100201,2012,0.0,0.0,0.0
111302100201,2013,0.0,0.0,0.0
111302100201,2014,0.0,0.0,0.0
111302100201,2015,0.0,0.0,0.0
111302100201,2016,0.0,0.0,0.0
111302100201,2017,0.0,0.0,0.0
111302100201,2018,0.0,0.0,0.0
111302100201,2019,0.0,0.0,0.0
111302100201,2020,0.0,0.0,0.0
111302100401,2000,0.0,0.0,0.0
111302100401,2001,0.0,0.0,0.0
111302100401,2002,0.0,0.0,0.0
111302100401,2003,0.0,0.0,0.0
111302100401,2004,0.0,0.0,0.0
111302100401,2005,0.0,0.0,0.0
111302100401,2006,0.0,0.0,0.0
111302100401,2007,1.2088e-05,1.36e-05,1.595e-06
111302100401,2008,0.0,0.0,0.0
111302100401,2009,0.0,0.0,0.0
111302100401,2010,0.0,0.0,0.0
111302100401,2011,0.0,0.0,0.0
111302100401,2012,0.0,0.0,0.0
111302100401,2013,0.0,0.0,0.0
111302100401,2014,0.0,0.0,0.0
111302100401,2015,0.0,0.0,0.0
111302100401,2016,0.0,0.0,0.0
111302100401,2017,0.0,0.0,0.0
111302100401,2018,0.0,0.0,0.0
111302100401,2019,0.0,0.0,0.0
111302100401,2020,0.0,0.0,0.0
111302100402,2000,0.0,0.0,0.0
111302100402,2001,0.0,0.0,0.0
111302100402,2002,0.0,0.0,0.0
111302100402,2003,0.0,0.0,0.0
111302100402,2004,0.0,0.0,0.0
111302100402,2005,0.0,0.0,0.0
111302100402,2006,0.0,0.0,0.0
111302100402,2007,0.0,0.0,0.0
111302100402,2008,0.0,0.0,0.0
111302100402,2009,0.0,0.0,0.0
111302100402,2010,0.0,0.0,0.0
111302100402,2011,0.0,0.0,0.0
111302100402,2012,0.0,0.0,0.0
111302100402,2013,0.0,0.0,0.0
111302100402,2014,0.0,0.0,0.0
111302100402,2015,0.0,0.0,0.0
111302100402,2016,0.0,0.0,0.0
111302100402,2017,0.0,0.0,0.0
111302100402,2018,0.0,0.0,0.0
111302100402,2019,0.0,0.0,0.0
111302100402,2020,0.000340492,0.000386027,4.5451e-05
111302100403,2000,0.0,0.0,0.0
111302100403,2001,0.0,0.0,0.0
111302100403,2002,0.0,0.0,0.0
111302100403,2003,0.0,0.0,0.0
111302100403,2004,0.0,0.0,0.0
111302100403,2005,0.0,0.0,0.0
111302100403,2006,0.0,0.0,0.0
111302100403,2007,0.0,0.0,0.0
111302100403,2008,0.0,0.0,0.0
111302100403,2009,0.0,0.0,0.0
111302100403,2010,0.0,0.0,0.0
111302100403,2011,0.0,0.0,0.0
111302100403,2012,0.0,0.0,0.0
111302100403,2013,0.0,0.0,0.0
111302100403,2014,0.0,0.0,0.0
111302100403,2015,0.0,0.0,0.0
111302100403,2016,0.0,0.0,0.0
111302100403,2017,0.0,0.0,0.0
111302100403,2018,0.002562123,0.002904718,0.000342844
111302100403,2019,0.0,0.0,0.0
111302100403,2020,0.0,0.0,0.0
111302100404,2000,0.0,0.0,0.0
111302100404,2001,0.0,0.0,0.0
111302100404,2002,0.0,0.0,0.0
111302100404,2003,0.0,0.0,0.0
111302100404,2004,0.0,0.0,0.0
111302100404,2005,0.0,0.0,0.0
111302100404,2006,0.0,0.0,0.0
111302100404,2007,0.0,0.0,0.0
111302100404,2008,0.0,0.0,0.0
111302100404,2009,0.0,0.0,0.0
111302100404,2010,0.0,0.0,0.0
111302100404,2011,0.0,0.0,0.0
111302100404,2012,0.0,0.0,0.0
111302100404,2013,0.0,0.0,0.0
111302100404,2014,0.0,0.0,0.0
111302100404,2015,0.0,0.0,0.0
111302100404,2016,0.0,0.0,0.0
111302100404,2017,0.0,0.0,0.0
111302100404,2018,0.0,0.0,0.0
111302100404,2019,0.0,0.0,0.0
111302100404,2020,0.0,0.0,0.0
111302100405,2000,0.0,0.0,0.0
111302100405,2001,0.0,0.0,0.0
111302100405,2002,0.0,0.0,0.0
111302100405,2003,0.0,0.0,0.0
111302100405,2004,0.0,0.0,0.0
111302100405,2005,0.0,0.0,0.0
111302100405,2006,0.0,0.0,0.0
111302100405,2007,0.0,0.0,0.0
111302100405,2008,0.0,0.0,0.0
111302100405,2009,0.0,0.0,0.0
111302100405,2010,0.0,0.0,0.0
111302100405,2011,0.0,0.0,0.0
111302100405,2012,0.0,0.0,0.0
111302100405,2013,0.0,0.0,0.0
111302100405,2014,0.0,0.0,0.0
111302100405,2015,0.0,0.0,0.0
111302100405,2016,0.0,0.0,0.0
111302100405,2017,0.0,0.0,0.0
111302100405,2018,0.0,0.0,0.0
111302100405,2019,0.0,0.0,0.0
111302100405,2020,0.0,0.0,0.0
111302100406,2000,0.0,0.0,0.0
111302100406,2001,0.0,0.0,0.0
111302100406,2002,0.0,0.0,0.0
111302100406,2003,0.0,0.0,0.0
111302100406,2004,0.0,0.0,0.0
111302100406,2005,0.0,0.0,0.0
111302100406,2006,0.0,0.0,0.0
111302100406,2007,0.0,0.0,0.0
111302100406,2008,0.0,0.0,0.0
111302100406,2009,0.0,0.0,0.0
111302100406,2010,0.0,0.0,0.0
111302100406,2011,0.0,0.0,0.0
111302100406,2012,0.0,0.0,0.0
111302100406,2013,0.0,0.0,0.0
111302100406,2014,0.0,0.0,0.0
111302100406,2015,0.0,0.0,0.0
111302100406,2016,0.0,0.0,0.0
111302100406,2017,0.0,0.0,0.0
111302100406,2018,0.0,0.0,0.0
111302100406,2019,0.0,0.0,0.0
111302100406,2020,0.0,0.0,0.0
111302100504,2000,0.0,0.0,0.0
111302100504,2001,0.0,0.0,0.0
111302100504,2002,0.0,0.0,0.0
111302100504,2003,0.0,0.0,0.0
111302100504,2004,0.0,0.0,0.0
111302100504,2005,0.0,0.0,0.0
111302100504,2006,0.0,0.0,0.0
111302100504,2007,0.0,0.0,0.0
111302100504,2008,0.0,0.0,0.0
111302100504,2009,0.0,0.0,0.0
111302100504,2010,0.0,0.0,0.0
111302100504,2011,0.0,0.0,0.0
111302100504,2012,0.0,0.0,0.0
111302100504,2013,0.0,0.0,0.0
111302100504,2014,0.0,0.0,0.0
111302100504,2015,0.0,0.0,0.0
111302100504,2016,0.0,0.0,0.0
111302100504,2017,0.0,0.0,0.0
111302100504,2018,0.0,0.0,0.0
111302100504,2019,0.0,0.0,0.0
111302100504,2020,0.0,0.0,0.0
111303010101,2000,1.06729409,1.06729409,0.0
111303010101,2001,1.085438329,1.085438329,0.0
111303010101,2002,1.034493197,1.034493197,0.0
111303010101,2003,1.258193995,1.258193995,0.0
111303010101,2004,1.073758331,1.073758331,0.0
111303010101,2005,0.616137323,0.616137323,0.0
111303010101,2006,0.809979562,0.809979562,0.0
111303010101,2007,1.384673989,1.384673989,0.0
111303010101,2008,1.251983902,1.251983902,0.0
111303010101,2009,0.972392718,0.972392718,0.0
111303010101,2010,1.686149452,1.686149452,0.0
111303010101,2011,1.958077121,1.958077121,0.0
111303010101,2012,2.211706795,2.211706795,0.0
111303010101,2013,1.686893441,1.686893441,0.0
111303010101,2014,1.105307918,1.105307918,0.0
111303010101,2015,1.150182948,1.150182948,0.0
111303010101,2016,1.927736943,1.927736943,0.0
111303010101,2017,1.963186033,1.963186033,0.0
111303010101,2018,1.01627403,1.01627403,0.0
111303010101,2019,1.581904997,1.581904997,0.0
111303010101,2020,2.183511779,2.183511779,0.0
111303010102,2000,0.095164516,0.095164516,0.0
111303010102,2001,0.082136433,0.082136433,0.0
111303010102,2002,0.120646266,0.120646266,0.0
111303010102,2003,0.080673255,0.080673255,0.0
111303010102,2004,0.060140027,0.060140027,0.0
111303010102,2005,0.063715605,0.063715605,0.0
111303010102,2006,0.143912825,0.143912825,0.0
111303010102,2007,0.082265271,0.082265271,0.0
111303010102,2008,0.081302093,0.081302093,0.0
111303010102,2009,0.117178441,0.117178441,0.0
111303010102,2010,0.0,0.0,0.0
111303010102,2011,0.081835929,0.081835929,0.0
111303010102,2012,0.0,0.0,0.0
111303010102,2013,0.0,0.0,0.0
111303010102,2014,0.0,0.0,0.0
111303010102,2015,0.0,0.0,0.0
111303010102,2016,0.0,0.0,0.0
111303010102,2017,0.0,0.0,0.0
111303010102,2018,0.167798049,0.167798049,0.0
111303010102,2019,0.06000097,0.06000097,0.0
111303010102,2020,0.139792888,0.139792888,0.0
111303010103,2000,0.385243475,0.385243475,0.0
111303010103,2001,0.497646923,0.497646923,0.0
111303010103,2002,0.698995044,0.698995044,0.0
111303010103,2003,0.506540827,0.506540827,0.0
111303010103,2004,0.271454369,0.271454369,0.0
111303010103,2005,0.273403721,0.273403721,0.0
111303010103,2006,0.490514085,0.490514085,0.0
111303010103,2007,0.456349438,0.456349438,0.0
111303010103,2008,0.265445284,0.265445284,0.0
111303010103,2009,0.615606107,0.615606107,0.0
111303010103,2010,0.303299414,0.303299414,0.0
111303010103,2011,0.419923356,0.419923356,0.0
111303010103,2012,0.0,0.0,0.0
111303010103,2013,0.0,0.0,0.0
111303010103,2014,0.0,0.0,0.0
111303010103,2015,0.0,0.0,0.0
111303010103,2016,0.0,0.0,0.0
111303010103,2017,0.0,0.0,0.0
111303010103,2018,0.0,0.0,0.0
111303010103,2019,0.0,0.0,0.0
111303010103,2020,0.0,0.0,0.0
111303010104,2000,0.258901268,0.258901268,0.0
111303010104,2001,0.131390997,0.131390997,0.0
111303010104,2002,0.067987578,0.067987578,0.0
111303010104,2003,0.220329211,0.220329211,0.0
111303010104,2004,0.068170216,0.068170216,0.0
111303010104,2005,0.097264441,0.097264441,0.0
111303010104,2006,0.056814822,0.056814822,0.0
111303010104,2007,0.263582093,0.263582093,0.0
111303010104,2008,0.206299869,0.206299869,0.0
111303010104,2009,0.265618734,0.265618734,0.0
111303010104,2010,0.217424885,0.217424885,0.0
111303010104,2011,0.026002,0.026002,0.0
111303010104,2012,0.097566249,0.097566249,0.0
111303010104,2013,0.363486375,0.363486375,0.0
111303010104,2014,0.31394963,0.31394963,0.0
111303010104,2015,0.230026668,0.230026668,0.0
111303010104,2016,0.259367355,0.259367355,0.0
111303010104,2017,0.204777236,0.204777236,0.0
111303010104,2018,0.306397825,0.306397825,0.0
111303010104,2019,0.272656718,0.272656718,0.0
111303010104,2020,0.28234876,0.28234876,0.0
111303010105,2000,0.017474298,0.017474298,0.0
111303010105,2001,0.0,0.0,0.0
111303010105,2002,0.0,0.0,0.0
111303010105,2003,0.118748997,0.118748997,0.0
111303010105,2004,0.00579018,0.00579018,0.0
111303010105,2005,0.0,0.0,0.0
111303010105,2006,0.0,0.0,0.0
111303010105,2007,0.005549063,0.005549063,0.0
111303010105,2008,0.0,0.0,0.0
111303010105,2009,0.0,0.0,0.0
111303010105,2010,0.0,0.0,0.0
111303010105,2011,0.0,0.0,0.0
111303010105,2012,0.0,0.0,0.0
111303010105,2013,0.0,0.0,0.0
111303010105,2014,0.0,0.0,0.0
111303010105,2015,0.0,0.0,0.0
111303010105,2016,0.0,0.0,0.0
111303010105,2017,0.0,0.0,0.0
111303010105,2018,0.0,0.0,0.0
111303010105,2019,0.0,0.0,0.0
111303010105,2020,0.0,0.0,0.0
111303010106,2000,0.778859352,0.807108148,0.028248795
111303010106,2001,0.786052792,0.81710269,0.031049899
111303010106,2002,0.765655252,0.796727644,0.03107231
111303010106,2003,0.638412395,0.665012808,0.026600416
111303010106,2004,0.424181131,0.442316016,0.018134883
111303010106,2005,0.395456367,0.410650458,0.015194088
111303010106,2006,0.000593778,0.000620545,2.6679e-05
111303010106,2007,1.020317307,1.063938836,0.043621526
111303010106,2008,0.528115801,0.550120609,0.022004809
111303010106,2009,1.217465641,1.266873573,0.049408096
111303010106,2010,1.003597932,1.042157658,0.038559808
111303010106,2011,0.0,0.0,0.0
111303010106,2012,0.0,0.0,0.0
111303010106,2013,1.600398397,1.670562145,0.070163581
111303010106,2014,1.796979792,1.877721879,0.080742088
111303010106,2015,1.531259047,1.598391548,0.067132419
111303010106,2016,2.008819249,2.096888467,0.088069388
111303010106,2017,1.612509184,1.683203775,0.07069451
111303010106,2018,1.661678964,1.734529236,0.072850101
111303010106,2019,1.108406367,1.15700034,0.048594055
111303010106,2020,2.178164522,2.268921322,0.09075697
111303010107,2000,0.247175025,0.24891732,0.001742462
111303010107,2001,0.254395899,0.258269926,0.003874112
111303010107,2002,0.201677718,0.206214351,0.004536715
111303010107,2003,0.484831548,0.487267975,0.002436345
111303010107,2004,0.394106981,0.396486027,0.002379049
111303010107,2005,0.272277959,0.275584907,0.003306942
111303010107,2006,0.004758962,0.004811899,5.2934e-05
111303010107,2007,0.416939049,0.423718534,0.006779567
111303010107,2008,0.172770609,0.175579945,0.002809333
111303010107,2009,0.19778471,0.200593271,0.002808395
111303010107,2010,0.24372171,0.245439737,0.001718027
111303010107,2011,0.0,0.0,0.0
111303010107,2012,0.003535167,0.003581842,4.6511e-05
111303010107,2013,0.261888803,0.264534285,0.002645315
111303010107,2014,0.428168395,0.434688559,0.006520329
111303010107,2015,0.198112493,0.199308225,0.001195816
111303010107,2016,0.250900959,0.252161648,0.001260689
111303010107,2017,0.130904027,0.1319596,0.001055573
111303010107,2018,0.281774814,0.283190803,0.001415995
111303010107,2019,0.349368575,0.349368575,0.0
111303010107,2020,0.72779603,0.737381956,0.009585926
111303010201,2000,1.2705e-05,1.2705e-05,0.0
111303010201,2001,0.0,0.0,0.0
111303010201,2002,0.014474299,0.014474299,0.0
111303010201,2003,0.144733244,0.144733244,0.0
111303010201,2004,0.0,0.0,0.0
111303010201,2005,0.008279222,0.008279222,0.0
111303010201,2006,0.0,0.0,0.0
111303010201,2007,0.004881896,0.004881896,0.0
111303010201,2008,0.006438852,0.006438852,0.0
111303010201,2009,0.068109137,0.068109137,0.0
111303010201,2010,0.049301403,0.049301403,0.0
111303010201,2011,0.018442792,0.018442792,0.0
111303010201,2012,0.0,0.0,0.0
111303010201,2013,0.060281619,0.060281619,0.0
111303010201,2014,0.056445559,0.056445559,0.0
111303010201,2015,0.048494408,0.048494408,0.0
111303010201,2016,0.052839169,0.052839169,0.0
111303010201,2017,0.038139822,0.038139822,0.0
111303010201,2018,0.028548203,0.028548203,0.0
111303010201,2019,0.024999833,0.024999833,0.0
111303010201,2020,0.039787123,0.039787123,0.0
111401010101,2000,0.0,0.0,0.0
111401010101,2001,1.345e-06,1.597e-06,1.67e-07
111401010101,2002,0.0,0.0,0.0
111401010101,2003,0.000178175,0.000201926,2.3751e-05
111401010101,2004,0.0,0.0,0.0
111401010101,2005,0.0,0.0,0.0
111401010101,2006,0.0,0.0,0.0
111401010101,2007,7.6203e-05,8.6452e-05,1.0249e-05
111401010101,2008,0.0,0.0,0.0
111401010101,2009,5.81e-07,5.81e-07,8.2e-08
111401010101,2010,0.0,0.0,0.0
111401010101,2011,2.912e-06,3.326e-06,3.32e-07
111401010101,2012,0.0,0.0,0.0
111401010101,2013,0.0,0.0,0.0
111401010101,2014,0.0,0.0,0.0
111401010101,2015,0.0,0.0,0.0
111401010101,2016,0.0,0.0,0.0
111401010101,2017,0.0,0.0,0.0
111401010101,2018,0.264221633,0.299571022,0.035349389
111401010101,2019,6.5227e-05,7.389e-05,8.663e-06
111401010101,2020,0.085419836,0.096847792,0.011428041
111401010102,2000,0.0,0.0,0.0
111401010102,2001,0.0,0.0,0.0
111401010102,2002,0.0,0.0,0.0
111401010102,2003,0.0,0.0,0.0
111401010102,2004,0.0,0.0,0.0
111401010102,2005,0.0,0.0,0.0
111401010102,2006,0.0,0.0,0.0
111401010102,2007,0.0,0.0,0.0
111401010102,2008,0.0,0.0,0.0
111401010102,2009,0.0,0.0,0.0
111401010102,2010,0.0,0.0,0.0
111401010102,2011,0.0,0.0,0.0
111401010102,2012,0.0,0.0,0.0
111401010102,2013,0.0,0.0,0.0
111401010102,2014,0.0,0.0,0.0
111401010102,2015,0.0,0.0,0.0
111401010102,2016,0.0,0.0,0.0
111401010102,2017,0.0,0.0,0.0
111401010102,2018,0.0,0.0,0.0
111401010102,2019,0.0,0.0,0.0
111401010102,2020,0.169067563,0.191686609,0.022618962
111401010103,2000,0.0,0.0,0.0
111401010103,2001,0.0,0.0,0.0
111401010103,2002,0.0,0.0,0.0
111401010103,2003,0.0,0.0,0.0
111401010103,2004,0.0,0.0,0.0
111401010103,2005,0.0,0.0,0.0
111401010103,2006,0.0,0.0,0.0
111401010103,2007,0.0,0.0,0.0
111401010103,2008,0.0,0.0,0.0
111401010103,2009,0.0,0.0,0.0
111401010103,2010,0.0,0.0,0.0
111401010103,2011,0.0,0.0,0.0
111401010103,2012,0.0,0.0,0.0
111401010103,2013,0.0,0.0,0.0
111401010103,2014,0.0,0.0,0.0
111401010103,2015,0.0,0.0,0.0
111401010103,2016,0.0,0.0,0.0
111401010103,2017,0.0,0.0,0.0
111401010103,2018,0.06401066,0.072574414,0.008563838
111401010103,2019,0.0,0.0,0.0
111401010103,2020,0.16521144,0.187314377,0.022103189
111401010104,2000,0.0,0.0,0.0
111401010104,2001,0.0,0.0,0.0
111401010104,2002,0.0,0.0,0.0
111401010104,2003,0.0,0.0,0.0
111401010104,2004,0.0,0.0,0.0
111401010104,2005,0.0,0.0,0.0
111401010104,2006,0.0,0.0,0.0
111401010104,2007,0.0,0.0,0.0
111401010104,2008,0.0,0.0,0.0
111401010104,2009,0.0,0.0,0.0
111401010104,2010,0.0,0.0,0.0
111401010104,2011,0.0,0.0,0.0
111401010104,2012,0.0,0.0,0.0
111401010104,2013,0.0,0.0,0.0
111401010104,2014,0.0,0.0,0.0
111401010104,2015,0.0,0.0,0.0
111401010104,2016,0.0,0.0,0.0
111401010104,2017,0.0,0.0,0.0
111401010104,2018,0.0,0.0,0.0
111401010104,2019,0.0,0.0,0.0
111401010104,2020,0.030973186,0.035116863,0.004143842
111401010105,2000,0.0,0.0,0.0
111401010105,2001,0.0,0.0,0.0
111401010105,2002,0.000520945,0.000590742,6.9715e-05
111401010105,2003,0.0,0.0,0.0
111401010105,2004,0.0,0.0,0.0
111401010105,2005,0.0,0.0,0.0
111401010105,2006,0.0,0.0,0.0
111401010105,2007,0.0,0.0,0.0
111401010105,2008,0.0,0.0,0.0
111401010105,2009,0.0,0.0,0.0
111401010105,2010,0.001124641,0.001275167,0.000150444
111401010105,2011,0.0,0.0,0.0
111401010105,2012,0.001148566,0.001302213,0.000153732
111401010105,2013,0.0,0.0,0.0
111401010105,2014,0.0,0.0,0.0
111401010105,2015,0.0,0.0,0.0
111401010105,2016,0.0,0.0,0.0
111401010105,2017,0.0,0.0,0.0
111401010105,2018,0.021340562,0.024195704,0.002855058
111401010105,2019,0.0,0.0,0.0
111401010105,2020,0.121842342,0.138143175,0.016300833
111401010106,2000,0.0,0.0,0.0
111401010106,2001,0.0,0.0,0.0
111401010106,2002,0.0,0.0,0.0
111401010106,2003,0.0,0.0,0.0
111401010106,2004,0.0,0.0,0.0
111401010106,2005,0.0,0.0,0.0
111401010106,2006,0.0,0.0,0.0
111401010106,2007,0.0,0.0,0.0
111401010106,2008,0.0,0.0,0.0
111401010106,2009,0.0,0.0,0.0
111401010106,2010,0.0,0.0,0.0
111401010106,2011,0.0,0.0,0.0
111401010106,2012,0.0,0.0,0.0
111401010106,2013,0.0,0.0,0.0
111401010106,2014,0.0,0.0,0.0
111401010106,2015,0.0,0.0,0.0
111401010106,2016,0.0,0.0,0.0
111401010106,2017,0.0,0.0,0.0
111401010106,2018,0.0,0.0,0.0
111401010106,2019,0.0,0.0,0.0
111401010106,2020,0.023607801,0.026766235,0.003158352
111401010401,2000,0.0,0.0,0.0
111401010401,2001,0.0,0.0,0.0
111401010401,2002,0.001126871,0.0065524,0.00542511
111401010401,2003,0.0,0.0,0.0
111401010401,2004,0.000402959,0.005373063,0.004970019
111401010401,2005,0.0,0.0,0.0
111401010401,2006,0.001420997,0.009472419,0.008051589
111401010401,2007,6.282e-06,6.18e-05,5.5438e-05
111401010401,2008,0.0,0.0,0.0
111401010401,2009,0.003683321,0.015673742,0.011990425
111401010401,2010,0.0,0.0,0.0
111401010401,2011,0.004713551,0.027890964,0.023177419
111401010401,2012,0.000825199,0.003300883,0.002475683
111401010401,2013,0.0,0.0,0.0
111401010401,2014,0.0,0.0,0.0
111401010401,2015,0.0,0.0,0.0
111401010401,2016,0.0,0.0,0.0
111401010401,2017,0.0,0.0,0.0
111401010401,2018,0.104358668,0.815303118,0.710944364
111401010401,2019,0.00100086,0.003679589,0.002678647
111401010401,2020,0.016836516,0.271555008,0.254718746
111401010402,2000,0.0,0.0,0.0
111401010402,2001,0.0,0.0,0.0
111401010402,2002,1.9953e-05,0.000462827,0.000442956
111401010402,2003,4.7378e-05,0.00110051,0.001053214
111401010402,2004,2.0686e-05,0.000478634,0.000457863
111401010402,2005,0.0,0.0,0.0
111401010402,2006,0.0,0.0,0.0
111401010402,2007,0.0,0.0,0.0
111401010402,2008,0.0,0.0,0.0
111401010402,2009,0.0,0.0,0.0
111401010402,2010,0.0,0.0,0.0
111401010402,2011,0.0,0.0,0.0
111401010402,2012,0.0,0.0,0.0
111401010402,2013,0.0,0.0,0.0
111401010402,2014,0.0,0.0,0.0
111401010402,2015,0.0,0.0,0.0
111401010402,2016,0.0,0.0,0.0
111401010402,2017,0.0,0.0,0.0
111401010402,2018,0.002083808,0.048461397,0.046377504
111401010402,2019,0.0,0.0,0.0
111401010402,2020,0.000221303,0.005146402,0.00492518
111401010501,2000,0.008689388,0.02915868,0.02046929
111401010501,2001,0.0,0.0,0.0
111401010501,2002,0.041258948,0.239877425,0.198618477
111401010501,2003,0.011021195,0.034877236,0.023856126
111401010501,2004,0.141105295,0.605602019,0.464496642
111401010501,2005,0.221277745,0.363346395,0.142068564
111401010501,2006,0.137566688,0.545899668,0.408332901
111401010501,2007,0.029085756,0.155539205,0.126453449
111401010501,2008,0.037914716,0.209473186,0.171558724
111401010501,2009,0.339043066,0.47485026,0.135807195
111401010501,2010,0.11398629,0.228888082,0.114901707
111401010501,2011,0.318230071,0.677085326,0.358855175
111401010501,2012,0.122244172,0.261764732,0.139520563
111401010501,2013,0.127263249,0.362573614,0.235310195
111401010501,2014,0.44242083,0.526065153,0.083644238
111401010501,2015,0.010712236,0.063763567,0.053051167
111401010501,2016,0.0,0.0,0.0
111401010501,2017,0.0,0.0,0.0
111401010501,2018,0.598798463,1.379719671,0.780921375
111401010501,2019,0.550757375,1.232119471,0.681362093
111401010501,2020,0.238583557,0.994098158,0.755514686
111401010502,2000,0.028545653,0.663854984,0.635309331
111401010502,2001,0.0,0.0,0.0
111401010502,2002,0.02346497,0.545696307,0.522231337
111401010502,2003,0.031495077,0.732444033,0.700948707
111401010502,2004,0.056376202,1.311073396,1.254697194
111401010502,2005,0.017120008,0.398139556,0.381019633
111401010502,2006,0.047471915,1.103996268,1.056524438
111401010502,2007,0.009094921,0.2115104,0.202415397
111401010502,2008,0.032531257,0.756542046,0.72401079
111401010502,2009,0.026292773,0.611459408,0.585166636
111401010502,2010,0.018515751,0.430600663,0.412084997
111401010502,2011,0.03813717,0.886911647,0.848774395
111401010502,2012,3.33e-07,9.913e-06,9.577e-06
111401010502,2013,0.031604115,0.734980318,0.703375951
111401010502,2014,0.014189449,0.329989022,0.315799408
111401010502,2015,6.9649e-05,0.001618734,0.00154917
111401010502,2016,4.5284e-05,0.001053369,0.001008003
111401010502,2017,0.006790896,0.157925655,0.151135019
111401010502,2018,0.047466444,1.103870195,1.056403751
111401010502,2019,0.011504312,0.267543395,0.256039082
111401010502,2020,0.024639997,0.573022355,0.54838244
111401010503,2000,0.0,0.0,0.0
111401010503,2001,0.0,0.0,0.0
111401010503,2002,0.012086203,0.28107357,0.26898737
111401010503,2003,0.006792022,0.157952159,0.151160386
111401010503,2004,0.012807762,0.297853055,0.285045292
111401010503,2005,0.01393166,0.323990438,0.31005886
111401010503,2006,0.005918836,0.137647811,0.131728893
111401010503,2007,0.0,0.0,0.0
111401010503,2008,0.001206995,0.028071713,0.026864637
111401010503,2009,0.005036066,0.117116688,0.112080622
111401010503,2010,0.0,0.0,0.0
111401010503,2011,0.007641362,0.177706485,0.170065211
111401010503,2012,0.0,0.0,0.0
111401010503,2013,0.0,3.37e-07,3.37e-07
111401010503,2014,0.0,0.0,0.0
111401010503,2015,0.0,0.0,0.0
111401010503,2016,0.0,0.0,0.0
111401010503,2017,0.004961877,0.115394005,0.110431962
111401010503,2018,0.005851838,0.136089932,0.130238005
111401010503,2019,0.004085247,0.095006132,0.090920967
111401010503,2020,0.000404175,0.009397205,0.008993197
111401010504,2000,0.0,0.0,0.0
111401010504,2001,0.0,0.0,0.0
111401010504,2002,0.003303479,0.076826055,0.07352249
111401010504,2003,0.007944564,0.18475769,0.176813211
111401010504,2004,0.0,0.0,0.0
111401010504,2005,0.0,0.0,0.0
111401010504,2006,0.0,0.0,0.0
111401010504,2007,0.0,0.0,0.0
111401010504,2008,0.0,0.0,0.0
111401010504,2009,0.0,0.0,0.0
111401010504,2010,0.013127584,0.305291975,0.292164395
111401010504,2011,0.006214764,0.144528422,0.138313573
111401010504,2012,0.0,0.0,0.0
111401010504,2013,0.028639625,0.666041866,0.637401822
111401010504,2014,0.021815948,0.507350137,0.485534101
111401010504,2015,0.0,0.0,0.0
111401010504,2016,0.0,0.0,0.0
111401010504,2017,0.0,0.0,0.0
111401010504,2018,0.01104986,0.256971173,0.245921312
111401010504,2019,0.0,0.0,0.0
111401010504,2020,0.028518519,0.663223697,0.634705096
111401010505,2000,0.000406284,0.009450161,0.009043792
111401010505,2001,0.0,0.0,0.0
111401010505,2002,0.003324468,0.077315392,0.073990923
111401010505,2003,0.005894088,0.137072077,0.131177989
111401010505,2004,0.004373262,0.101705658,0.097332309
111401010505,2005,0.0,0.0,0.0
111401010505,2006,0.015246266,0.354566077,0.339319641
111401010505,2007,0.0,0.0,0.0
111401010505,2008,0.001638216,0.038094817,0.036456601
111401010505,2009,0.000617466,0.014358685,0.013741219
111401010505,2010,0.001018652,0.023690189,0.022671449
111401010505,2011,0.016377441,0.380870504,0.364493063
111401010505,2012,0.0,0.0,0.0
111401010505,2013,9.57e-06,0.000221666,0.000212093
111401010505,2014,0.0,0.0,0.0
111401010505,2015,0.0,0.0,0.0
111401010505,2016,0.0,0.0,0.0
111401010505,2017,0.013296923,0.309229888,0.295933041
111401010505,2018,0.002321929,0.053998986,0.051676893
111401010505,2019,0.006907622,0.160641362,0.153733825
111401010505,2020,0.003728071,0.086699306,0.082971314
111401010506,2000,0.018528691,0.430896363,0.412367754
111401010506,2001,0.019195263,0.446400975,0.427205627
111401010506,2002,0.045188542,1.050893644,1.005705268
111401010506,2003,0.031636477,0.735732556,0.704095915
111401010506,2004,0.0,0.0,0.0
111401010506,2005,0.000381288,0.008870718,0.008489263
111401010506,2006,0.000337764,0.007856926,0.007519079
111401010506,2007,0.00507437,0.118008332,0.112934132
111401010506,2008,0.0,0.0,0.0
111401010506,2009,0.014625926,0.340138052,0.325512123
111401010506,2010,0.014185937,0.329906734,0.315720797
111401010506,2011,0.0,0.0,0.0
111401010506,2012,0.0,0.0,0.0
111401010506,2013,0.0,0.0,0.0
111401010506,2014,0.0,0.0,0.0
111401010506,2015,0.0,0.0,0.0
111401010506,2016,0.0,0.0,0.0
111401010506,2017,0.0,0.0,0.0
111401010506,2018,0.000965605,0.022454156,0.021488636
111401010506,2019,0.00031537,0.007333627,0.00701834
111401010506,2020,0.000162109,0.003767724,0.003605869
111401010507,2000,0.0,0.0,0.0
111401010507,2001,5.63e-06,0.000130071,0.00012469
111401010507,2002,0.0,0.0,0.0
111401010507,2003,0.000333655,0.007757652,0.007424162
111401010507,2004,0.000119284,0.002774161,0.002654877
111401010507,2005,6.047e-06,0.000139216,0.000133173
111401010507,2006,0.0,0.0,0.0
111401010507,2007,0.0,0.0,0.0
111401010507,2008,0.000222423,0.005172727,0.004950219
111401010507,2009,0.0,0.0,0.0
111401010507,2010,0.0,0.0,0.0
111401010507,2011,0.0,0.0,0.0
111401010507,2012,0.0,0.0,0.0
111401010507,2013,0.000502641,0.011691025,0.011188384
111401010507,2014,0.000558781,0.012993592,0.012434808
111401010507,2015,0.000110411,0.002567477,0.002457151
111401010507,2016,0.0,0.0,0.0
111401010507,2017,0.0,0.0,0.0
111401010507,2018,0.000202353,0.004707419,0.004505066
111401010507,2019,2.8268e-05,0.000657901,0.000629551
111401010507,2020,0.014469137,0.336491568,0.322022432
111401010508,2000,0.019594347,0.306161568,0.286567221
111401010508,2001,0.002838351,0.018430997,0.015592644
111401010508,2002,0.0,0.0,0.0
111401010508,2003,0.001276129,0.029677397,0.028401353
111401010508,2004,0.010905016,0.253603956,0.242698943
111401010508,2005,0.000517364,0.004074022,0.003556658
111401010508,2006,0.004782614,0.026718482,0.021935868
111401010508,2007,0.0,0.0,0.0
111401010508,2008,0.0,0.0,0.0
111401010508,2009,0.0,0.0,0.0
111401010508,2010,0.004281756,0.049214441,0.044932855
111401010508,2011,0.0,0.0,0.0
111401010508,2012,0.0,0.0,0.0
111401010508,2013,0.018397271,0.030816093,0.012418904
111401010508,2014,0.000578964,0.002209542,0.001630663
111401010508,2015,0.0,0.0,0.0
111401010508,2016,0.031688656,0.053079929,0.021391191
111401010508,2017,0.0,0.0,0.0
111401010508,2018,0.030354142,0.281056923,0.250702696
111401010508,2019,0.044155685,0.162337356,0.118181586
111401010508,2020,0.048498221,0.290408699,0.241910309
111401010601,2000,0.064034516,0.107260402,0.04322597
111401010601,2001,0.048831378,0.081794682,0.032963304
111401010601,2002,0.047066441,0.078838216,0.031771773
111401010601,2003,0.034968137,0.058573192,0.023604973
111401010601,2004,0.087658464,0.14683173,0.05917318
111401010601,2005,0.202249951,0.33877714,0.136527192
111401010601,2006,0.201355027,0.337278408,0.135923211
111401010601,2007,0.066740652,0.111793444,0.045052707
111401010601,2008,0.321036399,0.537749254,0.216712943
111401010601,2009,0.068217049,0.114266238,0.046049438
111401010601,2010,0.170893874,0.286254562,0.115360688
111401010601,2011,0.180812129,0.302868019,0.122055723
111401010601,2012,0.273589005,0.458272792,0.184683954
111401010601,2013,0.337817589,0.565858704,0.228041115
111401010601,2014,0.347751126,0.582497778,0.234746485
111401010601,2015,0.022567693,0.037801734,0.015234041
111401010601,2016,0.378802186,0.634509451,0.255707347
111401010601,2017,0.229566995,0.384534458,0.154967293
111401010601,2018,0.54103563,0.906257279,0.365221732
111401010601,2019,0.171394096,0.287092167,0.115698071
111401010601,2020,0.308294536,0.516406117,0.208111667
111401010602,2000,0.046946568,0.411811607,0.364865038
111401010602,2001,0.163444671,0.573490416,0.410045663
111401010602,2002,0.05077743,0.170394436,0.119616923
111401010602,2003,0.160446967,0.311547605,0.151100553
111401010602,2004,0.066110899,0.155921628,0.089810981
111401010602,2005,0.268069348,0.518509436,0.25044017
111401010602,2006,0.208172216,0.810008614,0.601836397
111401010602,2007,0.168303219,1.152762255,0.984458868
111401010602,2008,0.219292571,0.395121891,0.175829153
111401010602,2009,0.34548697,1.247245008,0.901758203
111401010602,2010,0.560033712,1.272803858,0.712770142
111401010602,2011,0.123344068,0.332463759,0.209119855
111401010602,2012,0.084503995,0.186543249,0.102039254
111401010602,2013,0.263506682,1.01348726,0.749980496
111401010602,2014,0.359456375,1.975035,1.615578789
111401010602,2015,0.228630425,0.757054285,0.52842386
111401010602,2016,0.334319104,1.242822383,0.908503279
111401010602,2017,0.233213375,0.866964279,0.633750912
111401010602,2018,0.693579825,2.657394088,1.963814096
111401010602,2019,0.232934326,0.658006499,0.425072173
111401010602,2020,0.316453372,1.212464989,0.896011617
111401010603,2000,0.114494221,0.302095221,0.187601246
111401010603,2001,0.096090441,0.500470844,0.404380573
111401010603,2002,0.065566778,0.326202778,0.260636
111401010603,2003,0.108061762,0.568746389,0.460684548
111401010603,2004,0.061665238,0.400423664,0.338758511
111401010603,2005,0.097107959,0.485540142,0.388431932
111401010603,2006,0.00059209,0.001437082,0.00084491
111401010603,2007,0.025846085,0.20351234,0.17766634
111401010603,2008,0.177709131,0.610684672,0.432975372
111401010603,2009,0.157526625,0.650936545,0.493409836
111401010603,2010,0.361886997,1.243598263,0.881711184
111401010603,2011,0.097142899,0.714287047,0.617143981
111401010603,2012,0.057699421,1.341848066,1.284148645
111401010603,2013,0.000246367,0.000919521,0.000673068
111401010603,2014,0.289557805,1.030454573,0.740896767
111401010603,2015,0.100090745,0.330332622,0.230241874
111401010603,2016,0.194389975,0.661190153,0.466800265
111401010603,2017,0.092372373,0.705133781,0.61276149
111401010603,2018,0.256232137,1.05445334,0.798221203
111401010603,2019,0.162666679,0.511530386,0.348863704
111401010603,2020,0.205138658,0.837300503,0.632161844
111401010604,2000,0.001086724,0.001820273,0.000733549
111401010604,2001,0.004714759,0.007897537,0.003182608
111401010604,2002,0.003929068,0.006581441,0.002652203
111401010604,2003,0.0,0.0,0.0
111401010604,2004,0.0,0.0,0.0
111401010604,2005,0.0,0.0,0.0
111401010604,2006,0.0,0.0,0.0
111401010604,2007,0.00014849,0.000248682,0.000100359
111401010604,2008,0.005654984,0.009472325,0.003817423
111401010604,2009,0.0,0.0,0.0
111401010604,2010,0.0,0.0,0.0
111401010604,2011,0.0,0.0,0.0
111401010604,2012,0.0,0.0,0.0
111401010604,2013,0.007612016,0.012750403,0.005138386
111401010604,2014,0.006549438,0.010970551,0.004421195
111401010604,2015,0.0,0.0,0.0
111401010604,2016,0.0,0.0,0.0
111401010604,2017,0.0,0.0,0.0
111401010604,2018,0.006109868,0.010234444,0.004124493
111401010604,2019,0.003541,0.005931378,0.002390296
111401010604,2020,0.000127937,0.000214238,8.6301e-05
111401010605,2000,0.0,0.0,0.0
111401010605,2001,0.0,0.0,0.0
111401010605,2002,0.0,0.0,0.0
111401010605,2003,0.0,0.0,0.0
111401010605,2004,0.0,0.0,0.0
111401010605,2005,0.0,0.0,0.0
111401010605,2006,0.0,0.0,0.0
111401010605,2007,0.0,0.0,0.0
111401010605,2008,0.0,0.0,0.0
111401010605,2009,0.0,0.0,0.0
111401010605,2010,0.0,0.0,0.0
111401010605,2011,0.0,0.0,0.0
111401010605,2012,0.0,0.0,0.0
111401010605,2013,0.0,0.0,0.0
111401010605,2014,0.0,0.0,0.0
111401010605,2015,0.0,0.0,0.0
111401010605,2016,0.0,0.0,0.0
111401010605,2017,0.0,0.0,0.0
111401010605,2018,0.0,0.0,0.0
111401010605,2019,0.0,0.0,0.0
111401010605,2020,0.0,0.0,0.0
111401010606,2000,0.094594186,0.158449219,0.06385503
111401010606,2001,0.125887118,0.210865732,0.084979036
111401010606,2002,0.049518104,0.082944956,0.03342677
111401010606,2003,0.01591271,0.026654641,0.010741764
111401010606,2004,0.090228096,0.151135929,0.060907746
111401010606,2005,0.111472274,0.186720742,0.075248468
111401010606,2006,0.167784811,0.281046348,0.113261707
111401010606,2007,0.043861666,0.073470077,0.029608496
111401010606,2008,0.041808525,0.070030997,0.028222473
111401010606,2009,0.0,0.0,0.0
111401010606,2010,0.0,0.0,0.0
111401010606,2011,0.622835556,1.043275553,0.42044
111401010606,2012,0.085332582,0.14293565,0.05760315
111401010606,2013,0.253802468,0.42512966,0.171327274
111401010606,2014,0.075561633,0.126568636,0.051007255
111401010606,2015,0.0,0.0,0.0
111401010606,2016,0.001330536,0.002228803,0.000898183
111401010606,2017,0.108938663,0.182476679,0.073538263
111401010606,2018,0.203240512,0.340436518,0.137195753
111401010606,2019,0.055360121,0.092730537,0.037370501
111401010606,2020,0.076090533,0.127455,0.051364301
111401010701,2000,0.119177634,0.199627653,0.080449934
111401010701,2001,0.154154778,0.258215647,0.104060868
111401010701,2002,0.137134997,0.229706981,0.092571814
111401010701,2003,0.0,0.0,0.0
111401010701,2004,0.0,0.0,0.0
111401010701,2005,0.0,0.0,0.0
111401010701,2006,0.0,0.0,0.0
111401010701,2007,0.049737427,0.083312137,0.033574792
111401010701,2008,0.09803006,0.164204617,0.066174475
111401010701,2009,0.0,0.0,0.0
111401010701,2010,0.0,0.0,0.0
111401010701,2011,0.0,0.0,0.0
111401010701,2012,0.0,0.0,0.0
111401010701,2013,0.181646729,0.30426569,0.122619044
111401010701,2014,0.28282217,0.473739082,0.190916912
111401010701,2015,0.0,0.0,0.0
111401010701,2016,0.0,0.0,0.0
111401010701,2017,0.0,0.0,0.0
111401010701,2018,0.15412934,0.258173,0.104043745
111401010701,2019,0.092226973,0.154483932,0.062257041
111401010701,2020,0.0,0.0,0.0
111401010702,2000,0.0,0.0,0.0
111401010702,2001,0.0,0.0,0.0
111401010702,2002,0.0,0.0,0.0
111401010702,2003,0.0,0.0,0.0
111401010702,2004,0.0,0.0,0.0
111401010702,2005,0.0,0.0,0.0
111401010702,2006,0.0,0.0,0.0
111401010702,2007,0.0,0.0,0.0
111401010702,2008,0.0,0.0,0.0
111401010702,2009,0.0,0.0,0.0
111401010702,2010,0.0,0.0,0.0
111401010702,2011,0.0,0.0,0.0
111401010702,2012,0.0,0.0,0.0
111401010702,2013,0.0,0.0,0.0
111401010702,2014,0.0,0.0,0.0
111401010702,2015,0.0,0.0,0.0
111401010702,2016,0.0,0.0,0.0
111401010702,2017,0.0,0.0,0.0
111401010702,2018,0.0,0.0,0.0
111401010702,2019,0.0,0.0,0.0
111401010702,2020,0.0,0.0,0.0
111401010703,2000,0.0,0.0,0.0
111401010703,2001,0.0,0.0,0.0
111401010703,2002,0.0,0.0,0.0
111401010703,2003,0.0,0.0,0.0
111401010703,2004,0.0,0.0,0.0
111401010703,2005,0.0,0.0,0.0
111401010703,2006,0.0,0.0,0.0
111401010703,2007,0.0,0.0,0.0
111401010703,2008,0.0,0.0,0.0
111401010703,2009,0.0,0.0,0.0
111401010703,2010,0.0,0.0,0.0
111401010703,2011,0.0,0.0,0.0
111401010703,2012,0.0,0.0,0.0
111401010703,2013,0.0,0.0,0.0
111401010703,2014,0.0,0.0,0.0
111401010703,2015,0.0,0.0,0.0
111401010703,2016,0.0,0.0,0.0
111401010703,2017,0.0,0.0,0.0
111401010703,2018,0.0,0.0,0.0
111401010703,2019,0.0,0.0,0.0
111401010703,2020,0.0,0.0,0.0
111401010704,2000,0.0,0.0,0.0
111401010704,2001,0.0,0.0,0.0
111401010704,2002,0.0,0.0,0.0
111401010704,2003,0.0,0.0,0.0
111401010704,2004,0.0,0.0,0.0
111401010704,2005,0.0,0.0,0.0
111401010704,2006,0.0,0.0,0.0
111401010704,2007,0.0,0.0,0.0
111401010704,2008,0.0,0.0,0.0
111401010704,2009,0.0,0.0,0.0
111401010704,2010,0.0,0.0,0.0
111401010704,2011,0.0,0.0,0.0
111401010704,2012,0.0,0.0,0.0
111401010704,2013,0.0,0.0,0.0
111401010704,2014,0.0,0.0,0.0
111401010704,2015,0.0,0.0,0.0
111401010704,2016,0.0,0.0,0.0
111401010704,2017,0.0,0.0,0.0
111401010704,2018,0.0,0.0,0.0
111401010704,2019,0.0,0.0,0.0
111401010704,2020,0.0,0.0,0.0
111401010705,2000,0.036062639,0.060406292,0.024343822
111401010705,2001,0.051972323,0.087055778,0.035083455
111401010705,2002,0.050738671,0.084989452,0.034250699
111401010705,2003,0.056168134,0.094084099,0.037915797
111401010705,2004,0.028271123,0.047355415,0.019084208
111401010705,2005,0.465605389,0.779908534,0.314302978
111401010705,2006,0.411709868,0.689631222,0.277921353
111401010705,2007,0.0,0.0,0.0
111401010705,2008,0.178213639,0.298515366,0.120301645
111401010705,2009,0.0,0.0,0.0
111401010705,2010,0.046335033,0.077613096,0.03127823
111401010705,2011,0.0,0.0,0.0
111401010705,2012,0.181435183,0.303911464,0.122476366
111401010705,2013,0.305966964,0.51250746,0.206540496
111401010705,2014,0.184748901,0.309462167,0.124713348
111401010705,2015,0.0,0.0,0.0
111401010705,2016,0.0,0.0,0.0
111401010705,2017,0.0,0.0,0.0
111401010705,2018,0.000441795,0.000739849,0.000298222
111401010705,2019,0.018173326,0.030441077,0.012267751
111401010705,2020,0.395581336,0.662615445,0.26703394
111401060104,2000,0.0,0.0,0.0
111401060104,2001,0.0,0.0,0.0
111401060104,2002,0.0,0.0,0.0
111401060104,2003,0.0,0.0,0.0
111401060104,2004,0.0,0.0,0.0
111401060104,2005,0.0,0.0,0.0
111401060104,2006,0.0,0.0,0.0
111401060104,2007,0.0,0.0,0.0
111401060104,2008,0.0,0.0,0.0
111401060104,2009,0.0,0.0,0.0
111401060104,2010,0.0,0.0,0.0
111401060104,2011,0.0,0.0,0.0
111401060104,2012,0.0,0.0,0.0
111401060104,2013,0.0,0.0,0.0
111401060104,2014,0.0,0.0,0.0
111401060104,2015,0.0,0.0,0.0
111401060104,2016,0.0,0.0,0.0
111401060104,2017,0.0,0.0,0.0
111401060104,2018,0.0,0.0,0.0
111401060104,2019,0.0,0.0,0.0
111401060104,2020,0.0,0.0,0.0
111401060105,2000,0.0,0.0,0.0
111401060105,2001,0.0,0.0,0.0
111401060105,2002,0.0,0.0,0.0
111401060105,2003,0.028260079,0.056976151,0.028715816
111401060105,2004,0.0,0.0,0.0
111401060105,2005,0.0,0.0,0.0
111401060105,2006,0.0,0.0,0.0
111401060105,2007,0.0,0.0,0.0
111401060105,2008,0.0,0.0,0.0
111401060105,2009,0.0,0.0,0.0
111401060105,2010,0.0,0.0,0.0
111401060105,2011,0.0,0.0,0.0
111401060105,2012,0.168101795,0.338914746,0.170813033
111401060105,2013,0.077265819,0.155778055,0.078512151
111401060105,2014,0.134470384,0.271109474,0.136639093
111401060105,2015,0.0,0.0,0.0
111401060105,2016,0.098768158,0.199129454,0.100361292
111401060105,2017,0.0,0.0,0.0
111401060105,2018,0.139737047,0.281728016,0.141990888
111401060105,2019,0.0777532,0.156760619,0.079007419
111401060105,2020,0.003403123,0.006861213,0.003458005
111401060106,2000,0.0,0.0,0.0
111401060106,2001,0.0,0.0,0.0
111401060106,2002,0.0,0.0,0.0
111401060106,2003,0.0,0.0,0.0
111401060106,2004,0.0,0.0,0.0
111401060106,2005,0.0,0.0,0.0
111401060106,2006,0.0,0.0,0.0
111401060106,2007,0.0,0.0,0.0
111401060106,2008,0.0,0.0,0.0
111401060106,2009,0.0,0.0,0.0
111401060106,2010,0.0,0.0,0.0
111401060106,2011,0.0,0.0,0.0
111401060106,2012,0.0,0.0,0.0
111401060106,2013,0.0,0.0,0.0
111401060106,2014,0.0,0.0,0.0
111401060106,2015,0.0,0.0,0.0
111401060106,2016,0.0,0.0,0.0
111401060106,2017,0.0,0.0,0.0
111401060106,2018,0.0,0.0,0.0
111401060106,2019,0.0,0.0,0.0
111401060106,2020,0.0,0.0,0.0
111401060201,2000,0.0,0.0,0.0
111401060201,2001,0.0,0.0,0.0
111401060201,2002,0.0,0.0,0.0
111401060201,2003,0.0,0.0,0.0
111401060201,2004,0.0,0.0,0.0
111401060201,2005,0.0,0.0,0.0
111401060201,2006,0.0,0.0,0.0
111401060201,2007,0.0,0.0,0.0
111401060201,2008,0.0,0.0,0.0
111401060201,2009,0.0,0.0,0.0
111401060201,2010,0.0,0.0,0.0
111401060201,2011,0.0,0.0,0.0
111401060201,2012,0.0,0.0,0.0
111401060201,2013,0.0,0.0,0.0
111401060201,2014,0.0,0.0,0.0
111401060201,2015,0.0,0.0,0.0
111401060201,2016,0.0,0.0,0.0
111401060201,2017,0.0,0.0,0.0
111401060201,2018,0.0,0.0,0.0
111401060201,2019,0.0,0.0,0.0
111401060201,2020,0.0,0.0,0.0
111401060202,2000,0.0,0.0,0.0
111401060202,2001,0.0,0.0,0.0
111401060202,2002,0.0,0.0,0.0
111401060202,2003,0.0,0.0,0.0
111401060202,2004,0.0,0.0,0.0
111401060202,2005,0.0,0.0,0.0
111401060202,2006,0.0,0.0,0.0
111401060202,2007,0.0,0.0,0.0
111401060202,2008,0.0,0.0,0.0
111401060202,2009,0.0,0.0,0.0
111401060202,2010,0.0,0.0,0.0
111401060202,2011,0.0,0.0,0.0
111401060202,2012,0.0,0.0,0.0
111401060202,2013,0.0,0.0,0.0
111401060202,2014,0.0,0.0,0.0
111401060202,2015,0.0,0.0,0.0
111401060202,2016,0.0,0.0,0.0
111401060202,2017,0.0,0.0,0.0
111401060202,2018,0.000619477,0.001248814,0.000629504
111401060202,2019,0.0,0.0,0.0
111401060202,2020,0.0,0.0,0.0
111401060203,2000,0.0,0.0,0.0
111401060203,2001,0.0,0.0,0.0
111401060203,2002,0.0,0.0,0.0
111401060203,2003,0.0,0.0,0.0
111401060203,2004,0.0,0.0,0.0
111401060203,2005,0.0,0.0,0.0
111401060203,2006,0.0,0.0,0.0
111401060203,2007,0.0,0.0,0.0
111401060203,2008,0.0,0.0,0.0
111401060203,2009,0.0,0.0,0.0
111401060203,2010,0.0,0.0,0.0
111401060203,2011,0.0,0.0,0.0
111401060203,2012,0.0,0.0,0.0
111401060203,2013,0.0,0.0,0.0
111401060203,2014,0.0,0.0,0.0
111401060203,2015,0.0,0.0,0.0
111401060203,2016,0.0,0.0,0.0
111401060203,2017,0.0,0.0,0.0
111401060203,2018,0.0,0.0,0.0
111401060203,2019,0.0,0.0,0.0
111401060203,2020,0.0,0.0,0.0
111401060204,2000,0.017517052,0.035316423,0.017799536
111401060204,2001,0.113479616,0.228789438,0.115309822
111401060204,2002,0.064340408,0.129718745,0.065378252
111401060204,2003,0.172432063,0.34764531,0.175213164
111401060204,2004,0.017277516,0.034833921,0.01755615
111401060204,2005,0.0,0.0,0.0
111401060204,2006,5.01e-07,1.088e-06,5.01e-07
111401060204,2007,0.0,0.0,0.0
111401060204,2008,0.045354661,0.091440825,0.046086249
111401060204,2009,0.077850153,0.156955978,0.079105822
111401060204,2010,0.0,0.0,0.0
111401060204,2011,0.0,0.0,0.0
111401060204,2012,0.018648208,0.037597178,0.01894897
111401060204,2013,0.0,0.0,0.0
111401060204,2014,0.0,0.0,0.0
111401060204,2015,0.0,0.0,0.0
111401060204,2016,0.0,0.0,0.0
111401060204,2017,0.0444346,0.089585882,0.045151282
111401060204,2018,0.047188353,0.095137951,0.047949512
111401060204,2019,0.0,0.0,0.0
111401060204,2020,0.161369577,0.325342011,0.16397235
111401060303,2000,0.0,0.0,0.0
111401060303,2001,0.0,0.0,0.0
111401060303,2002,0.0,0.0,0.0
111401060303,2003,0.0,0.0,0.0
111401060303,2004,0.0,0.0,0.0
111401060303,2005,0.0,0.0,0.0
111401060303,2006,0.0,0.0,0.0
111401060303,2007,0.0,0.0,0.0
111401060303,2008,0.0,0.0,0.0
111401060303,2009,0.0,0.0,0.0
111401060303,2010,0.0,0.0,0.0
111401060303,2011,0.0,0.0,0.0
111401060303,2012,0.0,0.0,0.0
111401060303,2013,0.0,0.0,0.0
111401060303,2014,0.0,0.0,0.0
111401060303,2015,0.0,0.0,0.0
111401060303,2016,0.0,0.0,0.0
111401060303,2017,0.0,0.0,0.0
111401060303,2018,0.0,0.0,0.0
111401060303,2019,0.0,0.0,0.0
111401060303,2020,0.0,0.0,0.0
111401060405,2000,0.0,0.0,0.0
111401060405,2001,0.0,0.0,0.0
111401060405,2002,0.0,0.0,0.0
111401060405,2003,0.0,0.0,0.0
111401060405,2004,0.0,0.0,0.0
111401060405,2005,0.0,0.0,0.0
111401060405,2006,0.0,0.0,0.0
111401060405,2007,0.0,0.0,0.0
111401060405,2008,0.0,0.0,0.0
111401060405,2009,0.0,0.0,0.0
111401060405,2010,0.0,0.0,0.0
111401060405,2011,0.0,0.0,0.0
111401060405,2012,0.0,0.0,0.0
111401060405,2013,0.0,0.0,0.0
111401060405,2014,0.0,0.0,0.0
111401060405,2015,0.0,0.0,0.0
111401060405,2016,0.0,0.0,0.0
111401060405,2017,0.0,0.0,0.0
111401060405,2018,0.0,0.0,0.0
111401060405,2019,0.0,0.0,0.0
111401060405,2020,0.0,0.0,0.0
111401060406,2000,0.010502926,0.031165967,0.020662959
111401060406,2001,0.010855008,0.032210597,0.021355671
111401060406,2002,0.095272945,0.282709167,0.187436389
111401060406,2003,0.047270468,0.140268052,0.092997668
111401060406,2004,0.010002117,0.029679675,0.019677557
111401060406,2005,0.064578811,0.19162851,0.127049614
111401060406,2006,0.016377726,0.048598586,0.03222086
111401060406,2007,0.012526518,0.037171249,0.024644312
111401060406,2008,0.025945128,0.076988377,0.051043336
111401060406,2009,0.037994608,0.112743458,0.074748932
111401060406,2010,0.170032732,0.504547827,0.334515263
111401060406,2011,0.062670885,0.185967036,0.123296236
111401060406,2012,0.027702883,0.082204306,0.05450159
111401060406,2013,0.062482584,0.185408395,0.122925726
111401060406,2014,0.005938203,0.017620649,0.011682367
111401060406,2015,0.026467622,0.078539175,0.052071471
111401060406,2016,0.042785883,0.126961262,0.084175295
111401060406,2017,0.097571496,0.289529696,0.191958285
111401060406,2018,0.076419137,0.226762882,0.150343825
111401060406,2019,0.049313063,0.146329148,0.097016334
111401060406,2020,0.038679486,0.114775973,0.076096402
111401060501,2000,0.025262708,0.074963855,0.049700978
111401060501,2001,0.001841326,0.005463893,0.003622649
111401060501,2002,0.028989874,0.08602334,0.057033466
111401060501,2003,0.012048847,0.035753016,0.023704337
111401060501,2004,0.033796396,0.100285899,0.066489587
111401060501,2005,0.077182575,0.229028471,0.151845899
111401060501,2006,0.030933071,0.091789556,0.06085657
111401060501,2007,0.042590142,0.126379904,0.083789844
111401060501,2008,0.060905612,0.180729008,0.119823232
111401060501,2009,0.054549101,0.161866671,0.10731757
111401060501,2010,0.11165031,0.331306597,0.219656203
111401060501,2011,0.104563173,0.310276707,0.205713452
111401060501,2012,0.098715153,0.29292326,0.194208191
111401060501,2013,0.058169611,0.172610373,0.11444051
111401060501,2014,0.043701742,0.129678597,0.08597694
111401060501,2015,0.021436405,0.063609721,0.0421734
111401060501,2016,0.013220336,0.039229552,0.026009219
111401060501,2017,0.036727699,0.10898431,0.072256447
111401060501,2018,0.098557616,0.292455595,0.193897978
111401060501,2019,0.028968704,0.085960438,0.056991734
111401060501,2020,0.139785836,0.41479435,0.27500868
111401060502,2000,0.0,0.0,0.0
111401060502,2001,0.088758093,0.26337726,0.174619167
111401060502,2002,0.105156718,0.312037918,0.206881203
111401060502,2003,0.147535096,0.437789151,0.290254222
111401060502,2004,0.0,0.0,0.0
111401060502,2005,0.192852186,0.572261562,0.379409375
111401060502,2006,0.0,0.0,0.0
111401060502,2007,0.0,0.0,0.0
111401060502,2008,0.018358462,0.054476134,0.036117672
111401060502,2009,0.0,0.0,0.0
111401060502,2010,0.097794586,0.290191507,0.192397
111401060502,2011,0.0,0.0,0.0
111401060502,2012,0.161745986,0.479958546,0.318212478
111401060502,2013,0.0,0.0,0.0
111401060502,2014,0.0,0.0,0.0
111401060502,2015,0.0,0.0,0.0
111401060502,2016,0.149263175,0.44291706,0.293654052
111401060502,2017,0.0,0.0,0.0
111401060502,2018,0.058632573,0.173983526,0.115351205
111401060502,2019,0.13800811,0.409519559,0.271511364
111401060502,2020,0.061711694,0.18312023,0.121408874
111401060503,2000,0.119242694,0.353836041,0.234593347
111401060503,2001,0.103279345,0.306466934,0.203187589
111401060503,2002,0.157356767,0.466933882,0.3095772
111401060503,2003,0.172196633,0.510968882,0.338772416
111401060503,2004,0.110018801,0.326465511,0.216446541
111401060503,2005,0.303646395,0.901027526,0.597381299
111401060503,2006,0.10927646,0.324262466,0.214986003
111401060503,2007,0.0,0.0,0.0
111401060503,2008,0.03304194,0.098047454,0.065005429
111401060503,2009,0.0,0.0,0.0
111401060503,2010,0.307935597,0.913755485,0.605819973
111401060503,2011,0.374143784,1.110218962,0.736075093
111401060503,2012,0.333993426,0.991078301,0.657084959
111401060503,2013,0.0,0.0,0.0
111401060503,2014,0.194194847,0.576245625,0.382050948
111401060503,2015,0.0,0.0,0.0
111401060503,2016,0.153823956,0.456450735,0.302626863
111401060503,2017,0.098744016,0.29300914,0.194264953
111401060503,2018,0.124889926,0.370593403,0.245703477
111401060503,2019,0.075578416,0.224268395,0.148689893
111401060503,2020,0.072221421,0.214307011,0.142085339
111401060603,2000,0.065371139,0.193979495,0.128608519
111401060603,2001,0.071182315,0.211223364,0.140041134
111401060603,2002,0.062599049,0.185753814,0.123154764
111401060603,2003,0.109453255,0.32478706,0.215333723
111401060603,2004,0.186859303,0.554478451,0.367619153
111401060603,2005,0.059925184,0.177819441,0.117894252
111401060603,2006,0.207747323,0.616460789,0.408713301
111401060603,2007,0.108010104,0.320504745,0.212494808
111401060603,2008,0.07788815,0.231122077,0.153233926
111401060603,2009,0.099223696,0.294432581,0.195208718
111401060603,2010,0.200984589,0.596393296,0.395408877
111401060603,2011,0.284172427,0.843241756,0.559069247
111401060603,2012,0.314192798,0.932322973,0.618130008
111401060603,2013,0.255228696,0.757355342,0.502126395
111401060603,2014,0.189860444,0.563384216,0.373523773
111401060603,2015,0.092767419,0.275274104,0.182506603
111401060603,2016,0.02200653,0.065301246,0.043294801
111401060603,2017,0.327208712,0.970945863,0.643736899
111401060603,2018,0.087323964,0.259121715,0.171797668
111401060603,2019,0.296386173,0.879484526,0.583098268
111401060603,2020,0.063463516,0.188318937,0.124855421
111401060604,2000,0.0,0.0,0.0
111401060604,2001,0.0,0.0,0.0
111401060604,2002,0.0,0.0,0.0
111401060604,2003,0.008433499,0.025025408,0.016591825
111401060604,2004,0.005679552,0.016853366,0.01117373
111401060604,2005,0.0,0.0,0.0
111401060604,2006,0.009385581,0.027850655,0.018464822
111401060604,2007,0.004448197,0.01319963,0.008751351
111401060604,2008,0.0,0.0,0.0
111401060604,2009,0.0,0.0,0.0
111401060604,2010,0.0,0.0,0.0
111401060604,2011,0.011903479,0.035322192,0.023418548
111401060604,2012,0.013892126,0.041223027,0.027330732
111401060604,2013,0.0,0.0,0.0
111401060604,2014,0.0,0.0,0.0
111401060604,2015,0.006012227,0.017840644,0.011828334
111401060604,2016,0.0,0.0,0.0
111401060604,2017,0.0,0.0,0.0
111401060604,2018,0.0,0.0,0.0
111401060604,2019,0.001862756,0.00552766,0.003664819
111401060604,2020,0.0,0.0,0.0
111403010101,2000,0.002620117,0.06093232,0.058312202
111403010101,2001,0.0,0.0,0.0
111403010101,2002,0.003586562,0.044277633,0.040691159
111403010101,2003,0.213155058,0.521161468,0.308006329
111403010101,2004,0.034840096,0.230729164,0.195889068
111403010101,2005,0.063345134,0.300213858,0.236868805
111403010101,2006,0.204738975,0.405423756,0.200684781
111403010101,2007,0.008056792,0.115095499,0.107038959
111403010101,2008,0.12308309,0.290290342,0.167207251
111403010101,2009,0.006627085,0.141001882,0.134374797
111403010101,2010,0.000258559,0.00278097,0.002522326
111403010101,2011,0.171987734,0.498515644,0.326527573
111403010101,2012,0.060776541,0.211765071,0.150988527
111403010101,2013,0.116635458,0.267512534,0.150877077
111403010101,2014,0.131057126,0.320433216,0.189375923
111403010101,2015,0.000250496,0.000449899,0.000199315
111403010101,2016,0.054624358,0.132905986,0.078281795
111403010101,2017,0.036755482,0.114147205,0.077391808
111403010101,2018,0.032352595,0.256766367,0.224413773
111403010101,2019,0.079114658,0.222232033,0.14311729
111403010101,2020,0.123827721,0.456928814,0.333101096
111403010102,2000,0.009204137,0.214048896,0.204844675
111403010102,2001,0.0,0.0,0.0
111403010102,2002,0.005725592,0.133152696,0.127427186
111403010102,2003,0.011905764,0.148822551,0.136916786
111403010102,2004,0.019847587,0.35442138,0.334573792
111403010102,2005,0.007391192,0.171886745,0.164495556
111403010102,2006,0.014938885,0.347415227,0.33247626
111403010102,2007,0.010614693,0.246853838,0.236239142
111403010102,2008,0.010994331,0.255678986,0.244684822
111403010102,2009,0.015949866,0.370927315,0.354977447
111403010102,2010,0.0,0.0,0.0
111403010102,2011,0.028293027,0.657978268,0.629685326
111403010102,2012,0.007731497,0.05483312,0.047101538
111403010102,2013,0.029274375,0.680799296,0.651525003
111403010102,2014,0.005103175,0.118677419,0.113574332
111403010102,2015,0.0,0.0,0.0
111403010102,2016,0.00887026,0.073308265,0.064438005
111403010102,2017,0.01873477,0.43569394,0.416959005
111403010102,2018,0.032647044,0.223610055,0.190963014
111403010102,2019,0.018443101,0.347982726,0.329539625
111403010102,2020,0.059702074,0.542746995,0.483044839
111403010103,2000,0.011749388,0.039164792,0.027415238
111403010103,2001,0.0,0.0,0.0
111403010103,2002,0.0,0.0,0.0
111403010103,2003,0.009973304,0.019216312,0.009243178
111403010103,2004,0.022249505,0.10696856,0.084719055
111403010103,2005,0.019684326,0.13390651,0.114222181
111403010103,2006,0.0,0.0,0.0
111403010103,2007,0.0,0.0,0.0
111403010103,2008,0.014360087,0.054601096,0.040241093
111403010103,2009,0.003305326,0.005611726,0.0023064
111403010103,2010,0.0,0.0,0.0
111403010103,2011,0.12612394,0.431931521,0.305807414
111403010103,2012,0.010219158,0.020855456,0.010636216
111403010103,2013,0.112862236,0.214975414,0.102113427
111403010103,2014,0.005669123,0.131839707,0.126170753
111403010103,2015,0.011794814,0.01768326,0.005888614
111403010103,2016,0.002017852,0.00302518,0.001007328
111403010103,2017,0.024590356,0.059685205,0.035095019
111403010103,2018,0.137180255,0.229398455,0.092218118
111403010103,2019,0.055642211,0.148775953,0.093133822
111403010103,2020,0.300423557,0.484554128,0.184130653
111403010104,2000,0.0,0.0,0.0
111403010104,2001,0.0,0.0,0.0
111403010104,2002,0.0,0.0,0.0
111403010104,2003,0.0,0.0,0.0
111403010104,2004,0.000489189,0.000733361,0.000244175
111403010104,2005,0.0,0.0,0.0
111403010104,2006,0.0,0.0,0.0
111403010104,2007,0.0,0.0,0.0
111403010104,2008,0.0,0.0,0.0
111403010104,2009,0.0,0.0,0.0
111403010104,2010,0.0,0.0,0.0
111403010104,2011,0.046947452,0.070385781,0.023438411
111403010104,2012,0.0,0.0,0.0
111403010104,2013,0.122220342,0.183238962,0.061018622
111403010104,2014,0.0,0.0,0.0
111403010104,2015,0.053345167,0.079977805,0.026632638
111403010104,2016,0.0,0.0,0.0
111403010104,2017,0.000418778,0.00062791,0.000209137
111403010104,2018,0.060713677,0.091024912,0.030311318
111403010104,2019,0.093556805,0.140265068,0.046708178
111403010104,2020,0.135802049,0.203601413,0.067799115
111403010105,2000,0.0,0.0,0.0
111403010105,2001,0.0,0.0,0.0
111403010105,2002,0.0,0.0,0.0
111403010105,2003,0.0,0.0,0.0
111403010105,2004,0.0,0.0,0.0
111403010105,2005,0.0,0.0,0.0
111403010105,2006,0.0,0.0,0.0
111403010105,2007,0.0,0.0,0.0
111403010105,2008,0.0,0.0,0.0
111403010105,2009,0.0,0.0,0.0
111403010105,2010,0.0,0.0,0.0
111403010105,2011,0.0,0.0,0.0
111403010105,2012,0.0,0.0,0.0
111403010105,2013,0.0,0.0,0.0
111403010105,2014,0.0,0.0,0.0
111403010105,2015,0.0,0.0,0.0
111403010105,2016,0.0,0.0,0.0
111403010105,2017,0.0,0.0,0.0
111403010105,2018,0.0,0.0,0.0
111403010105,2019,0.0,0.0,0.0
111403010105,2020,0.0,0.0,0.0
111403010106,2000,0.0,0.0,0.0
111403010106,2001,0.0,0.0,0.0
111403010106,2002,0.0,0.0,0.0
111403010106,2003,0.0,0.0,0.0
111403010106,2004,0.000894751,0.074567702,0.073672869
111403010106,2005,0.0,0.0,0.0
111403010106,2006,0.0,0.0,0.0
111403010106,2007,0.001231885,0.051330493,0.05009869
111403010106,2008,0.0,0.0,0.0
111403010106,2009,0.0,0.0,0.0
111403010106,2010,0.0,0.0,0.0
111403010106,2011,0.0,0.0,0.0
111403010106,2012,0.0,0.0,0.0
111403010106,2013,0.0,0.0,0.0
111403010106,2014,0.0,0.0,0.0
111403010106,2015,0.0,0.0,0.0
111403010106,2016,0.0,0.0,0.0
111403010106,2017,0.0,0.0,0.0
111403010106,2018,0.0,0.0,0.0
111403010106,2019,0.0,0.0,0.0
111403010106,2020,0.0,0.0,0.0
111403010201,2000,0.0,0.0,0.0
111403010201,2001,0.045066608,0.067566085,0.022499562
111403010201,2002,0.022860192,0.034273205,0.011413014
111403010201,2003,4.5101e-05,6.7567e-05,2.2551e-05
111403010201,2004,0.052080639,0.078082044,0.026001238
111403010201,2005,0.042333633,0.06346874,0.02113494
111403010201,2006,0.09209729,0.138076923,0.045979548
111403010201,2007,0.014203027,0.021293775,0.00709083
111403010201,2008,0.250426025,0.375451036,0.125025344
111403010201,2009,0.029298033,0.043925036,0.014627003
111403010201,2010,0.055135707,0.08266231,0.027526521
111403010201,2011,0.428034918,0.641731622,0.213696707
111403010201,2012,0.125397708,0.188002585,0.062604792
111403010201,2013,0.145297104,0.217836707,0.072539685
111403010201,2014,0.175675329,0.263381411,0.087706
111403010201,2015,0.099106112,0.148584816,0.049478786
111403010201,2016,0.13808023,0.207016934,0.06893679
111403010201,2017,0.067751074,0.101575915,0.033824674
111403010201,2018,0.287135258,0.430487948,0.143352523
111403010201,2019,0.531496523,0.812685953,0.281189345
111403010201,2020,0.197973366,0.310789866,0.112816833
111403010202,2000,0.0,0.0,0.0
111403010202,2001,0.157709184,0.236445463,0.078736364
111403010202,2002,0.034622348,0.051907542,0.017285277
111403010202,2003,0.098378077,0.147493447,0.049115288
111403010202,2004,0.156355005,0.234415134,0.078060295
111403010202,2005,0.179413044,0.268984981,0.089572107
111403010202,2006,0.053109,0.079623641,0.026514723
111403010202,2007,9.5025e-05,0.000142452,4.7427e-05
111403010202,2008,0.315408762,0.472876645,0.157467964
111403010202,2009,0.070419101,0.105576019,0.035156833
111403010202,2010,0.310573058,0.465626803,0.155053742
111403010202,2011,0.268495282,0.402541778,0.134046496
111403010202,2012,0.260837566,0.391060904,0.130223257
111403010202,2013,0.284828515,0.42702914,0.14220071
111403010202,2014,0.178920381,0.268246359,0.089325893
111403010202,2015,0.121026992,0.181449978,0.060422734
111403010202,2016,0.199466363,0.299050156,0.099583792
111403010202,2017,0.104962318,0.157364819,0.052402581
111403010202,2018,0.217065778,0.325436022,0.108370244
111403010202,2019,0.382537874,0.624042181,0.241504392
111403010202,2020,0.087031683,0.144092284,0.057060598
111403010203,2000,0.0,0.0,0.0
111403010203,2001,0.267140079,0.424031841,0.156891762
111403010203,2002,0.071310663,0.109540074,0.038229493
111403010203,2003,0.050784337,0.092167523,0.041383268
111403010203,2004,0.208987142,0.336533314,0.127546175
111403010203,2005,0.092483882,0.138656403,0.046172521
111403010203,2006,0.264599885,0.396701362,0.132101562
111403010203,2007,0.0,0.0,0.0
111403010203,2008,0.628812536,0.942747544,0.313934839
111403010203,2009,0.075886342,0.113772753,0.037886241
111403010203,2010,0.117208811,0.175725293,0.058516482
111403010203,2011,0.66574606,0.998120162,0.332374101
111403010203,2012,0.101927694,0.152815066,0.050887451
111403010203,2013,0.394985348,0.623989501,0.229004068
111403010203,2014,0.219049937,0.34825103,0.129201258
111403010203,2015,0.018088858,0.031679205,0.013590348
111403010203,2016,0.316704213,0.487988109,0.171283648
111403010203,2017,0.260939422,0.392390318,0.131450726
111403010203,2018,0.396285397,0.619195844,0.222910447
111403010203,2019,0.19864686,0.29782117,0.099174392
111403010203,2020,0.054635265,0.081911883,0.027276697
111403010204,2000,0.000847033,0.070593003,0.069746137
111403010204,2001,0.383243751,0.679510238,0.296266488
111403010204,2002,0.010069375,0.02568717,0.01561771
111403010204,2003,0.096199964,0.203382537,0.107182573
111403010204,2004,0.225084142,0.37702529,0.151941227
111403010204,2005,0.036868764,0.165330803,0.128461953
111403010204,2006,0.079199997,0.168153027,0.088952778
111403010204,2007,3.959e-06,6.063e-06,2.104e-06
111403010204,2008,0.480482754,0.799472022,0.31898927
111403010204,2009,0.070701721,0.105999532,0.035297893
111403010204,2010,0.056822074,0.085190721,0.028368477
111403010204,2011,0.312430767,0.489703225,0.177272622
111403010204,2012,0.010549254,0.015816014,0.005266847
111403010204,2013,0.1675706,0.327926885,0.160356285
111403010204,2014,0.077710636,0.142326964,0.064616578
111403010204,2015,0.003644049,0.01375103,0.010106981
111403010204,2016,0.21009515,0.384789738,0.174694585
111403010204,2017,0.204726814,0.416958762,0.212231945
111403010204,2018,0.071259033,0.195230397,0.123971279
111403010204,2019,0.144259249,0.335486611,0.191227362
111403010204,2020,0.019703445,0.082441066,0.06273762
111403010205,2000,0.0,0.0,0.0
111403010205,2001,0.000689334,0.002757337,0.002068003
111403010205,2002,4.589e-06,7.006e-05,6.5389e-05
111403010205,2003,6.732e-06,0.000116877,0.000110058
111403010205,2004,0.079557519,0.284133803,0.204576284
111403010205,2005,6.7584e-05,0.002333408,0.002265742
111403010205,2006,1.8364e-05,0.001149803,0.001131186
111403010205,2007,0.0,0.0,0.0
111403010205,2008,0.156360973,0.448025527,0.291664555
111403010205,2009,0.0,0.0,0.0
111403010205,2010,0.093880288,0.613596238,0.519716033
111403010205,2011,0.0,0.0,0.0
111403010205,2012,0.0,0.0,0.0
111403010205,2013,0.076584948,0.254435252,0.177850222
111403010205,2014,0.000160074,0.001701975,0.001541984
111403010205,2015,0.0,0.0,0.0
111403010205,2016,0.014037071,0.127609858,0.113572533
111403010205,2017,5.3332e-05,0.00015674,0.000103493
111403010205,2018,0.000785258,0.004048047,0.003262874
111403010205,2019,0.0,0.0,0.0
111403010205,2020,4.5e-05,0.003461448,0.003416363
111403010206,2000,0.0,0.0,0.0
111403010206,2001,0.0,0.0,0.0
111403010206,2002,0.0,0.0,0.0
111403010206,2003,0.0,0.0,0.0
111403010206,2004,0.0,0.0,0.0
111403010206,2005,0.0,0.0,0.0
111403010206,2006,0.0,0.0,0.0
111403010206,2007,0.0,0.0,0.0
111403010206,2008,0.000164486,0.013705197,0.013540628
111403010206,2009,0.0,0.0,0.0
111403010206,2010,0.0,0.0,0.0
111403010206,2011,0.0,0.0,0.0
111403010206,2012,0.0,0.0,0.0
111403010206,2013,0.002578729,0.214893068,0.21231434
111403010206,2014,0.0,0.0,0.0
111403010206,2015,0.0,0.0,0.0
111403010206,2016,0.00177606,0.148004538,0.146228555
111403010206,2017,0.0,0.0,0.0
111403010206,2018,0.0,0.0,0.0
111403010206,2019,0.0,0.0,0.0
111403010206,2020,0.0,0.0,0.0
111403010207,2000,0.0,0.0,0.0
111403010207,2001,0.0,0.0,0.0
111403010207,2002,0.0,0.0,0.0
111403010207,2003,0.0,0.0,0.0
111403010207,2004,0.0,0.0,0.0
111403010207,2005,0.0,0.0,0.0
111403010207,2006,0.0,0.0,0.0
111403010207,2007,0.0,0.0,0.0
111403010207,2008,0.0,0.0,0.0
111403010207,2009,0.0,0.0,0.0
111403010207,2010,0.0,0.0,0.0
111403010207,2011,0.0,0.0,0.0
111403010207,2012,0.0,0.0,0.0
111403010207,2013,0.000404329,0.033692644,0.033288315
111403010207,2014,0.0,0.0,0.0
111403010207,2015,0.0,0.0,0.0
111403010207,2016,0.000210609,0.017547836,0.017337227
111403010207,2017,0.0,0.0,0.0
111403010207,2018,0.0,0.0,0.0
111403010207,2019,0.0,0.0,0.0
111403010207,2020,0.0,0.0,0.0
111403010208,2000,0.0,0.0,0.0
111403010208,2001,0.0,0.0,0.0
111403010208,2002,0.0,0.0,0.0
111403010208,2003,0.0,0.0,0.0
111403010208,2004,0.0,0.0,0.0
111403010208,2005,0.0,0.0,0.0
111403010208,2006,0.0,0.0,0.0
111403010208,2007,0.0,0.0,0.0
111403010208,2008,0.0,0.0,0.0
111403010208,2009,0.0,0.0,0.0
111403010208,2010,0.0,0.0,0.0
111403010208,2011,0.0,0.0,0.0
111403010208,2012,0.0,0.0,0.0
111403010208,2013,0.0,0.0,0.0
111403010208,2014,0.0,0.0,0.0
111403010208,2015,0.0,0.0,0.0
111403010208,2016,0.0,0.0,0.0
111403010208,2017,0.0,0.0,0.0
111403010208,2018,0.0,0.0,0.0
111403010208,2019,0.0,0.0,0.0
111403010208,2020,0.0,0.0,0.0
111403010301,2000,0.00867985,0.201856713,0.193176779
111403010301,2001,0.0,0.0,0.0
111403010301,2002,0.000956567,0.022246614,0.021289877
111403010301,2003,0.00460831,0.107170296,0.102561904
111403010301,2004,0.002398008,0.055768096,0.053370085
111403010301,2005,0.003102068,0.072143214,0.069041145
111403010301,2006,0.005287288,0.122958616,0.117671416
111403010301,2007,0.001317926,0.030646737,0.029328978
111403010301,2008,0.000190194,0.004422208,0.00423218
111403010301,2009,0.012174575,0.283130584,0.270955923
111403010301,2010,0.0,0.0,0.0
111403010301,2011,0.028528748,0.663457345,0.634928764
111403010301,2012,0.0,0.0,0.0
111403010301,2013,0.010848805,0.252298551,0.241449578
111403010301,2014,6.1507e-05,0.001431318,0.001369811
111403010301,2015,0.0,0.0,0.0
111403010301,2016,0.0,0.0,0.0
111403010301,2017,0.007999732,0.186041458,0.178041567
111403010301,2018,0.012520047,0.29116446,0.278644414
111403010301,2019,0.007520312,0.174890381,0.167370321
111403010301,2020,0.01431259,0.332850265,0.318537757
111403010302,2000,0.006218626,0.144618874,0.138400167
111403010302,2001,0.010029614,0.233244745,0.223215214
111403010302,2002,7.1671e-05,0.00166611,0.001594438
111403010302,2003,0.005349395,0.124403195,0.119053885
111403010302,2004,0.003936566,0.09154818,0.087611699
111403010302,2005,0.013805468,0.321060236,0.307254682
111403010302,2006,0.006233633,0.144966641,0.138733093
111403010302,2007,0.000179263,0.004167345,0.003988167
111403010302,2008,0.0,0.0,0.0
111403010302,2009,0.00239417,0.055677501,0.053283329
111403010302,2010,0.011612373,0.270056214,0.258443841
111403010302,2011,0.020767353,0.482960926,0.462193573
111403010302,2012,0.0,0.0,0.0
111403010302,2013,0.007366093,0.171305814,0.163939721
111403010302,2014,0.0,0.0,0.0
111403010302,2015,0.0,0.0,0.0
111403010302,2016,0.0,0.0,0.0
111403010302,2017,0.00783569,0.182228008,0.174392318
111403010302,2018,0.02204769,0.512735395,0.490687874
111403010302,2019,0.005249022,0.122070132,0.11682111
111403010302,2020,0.00640462,0.148943634,0.142539098
111403010303,2000,0.003082197,0.071681637,0.068599358
111403010303,2001,0.018372299,0.427261707,0.408889408
111403010303,2002,1.726e-05,0.000401589,0.000384329
111403010303,2003,0.006007923,0.139718384,0.13371046
111403010303,2004,0.011168732,0.259738358,0.248569544
111403010303,2005,0.001184441,0.027545334,0.026360814
111403010303,2006,0.007727874,0.179718414,0.17199071
111403010303,2007,0.000209099,0.004864145,0.004655047
111403010303,2008,0.0,0.0,0.0
111403010303,2009,0.001301263,0.030260268,0.028959088
111403010303,2010,0.00880671,0.204807342,0.196000633
111403010303,2011,0.004535622,0.105478671,0.100943049
111403010303,2012,0.0,0.0,0.0
111403010303,2013,0.001693389,0.039379704,0.037686397
111403010303,2014,0.0,0.0,0.0
111403010303,2015,0.0,0.0,0.0
111403010303,2016,0.0,0.0,0.0
111403010303,2017,0.0,0.0,0.0
111403010303,2018,0.010571044,0.245837145,0.235266101
111403010303,2019,0.009220137,0.21442254,0.205202403
111403010303,2020,0.002266626,0.052712811,0.050446186
111403010304,2000,0.01332124,0.104072281,0.090751041
111403010304,2001,0.014986784,0.146929307,0.131942523
111403010304,2002,0.001040841,0.024784186,0.023743175
111403010304,2003,0.015034014,0.10815837,0.093124356
111403010304,2004,0.003189366,0.053157549,0.049968014
111403010304,2005,2.8129e-05,0.000654274,0.000626233
111403010304,2006,0.003365496,0.007429307,0.004063896
111403010304,2007,1.2353e-05,6.9e-05,5.6729e-05
111403010304,2008,0.050140489,0.140449448,0.090309044
111403010304,2009,0.00666646,0.078429121,0.071762578
111403010304,2010,0.0,0.0,0.0
111403010304,2011,0.0,0.0,0.0
111403010304,2012,0.0,0.0,0.0
111403010304,2013,0.0,0.0,0.0
111403010304,2014,0.063830515,0.145069186,0.081238753
111403010304,2015,0.0,0.0,0.0
111403010304,2016,0.0,0.0,0.0
111403010304,2017,0.0,0.0,0.0
111403010304,2018,0.020935175,0.211467118,0.190531693
111403010304,2019,0.015085781,0.134694592,0.119608811
111403010304,2020,0.022123888,0.089934279,0.067810475
111403010305,2000,0.0,0.0,0.0
111403010305,2001,0.057170655,0.098400452,0.041229797
111403010305,2002,0.0,0.0,0.0
111403010305,2003,0.00648571,0.012214255,0.005728545
111403010305,2004,0.002939123,0.007714377,0.004775254
111403010305,2005,0.0,0.0,0.0
111403010305,2006,0.0,0.0,0.0
111403010305,2007,5.4175e-05,0.000121975,6.7803e-05
111403010305,2008,0.0,0.0,0.0
111403010305,2009,0.004647233,0.009407225,0.004760074
111403010305,2010,0.0,0.0,0.0
111403010305,2011,0.0,0.0,0.0
111403010305,2012,0.0,0.0,0.0
111403010305,2013,3.357e-05,0.000779359,0.000745792
111403010305,2014,0.000623682,0.001672197,0.0010486
111403010305,2015,0.0,0.0,0.0
111403010305,2016,0.0,0.0,0.0
111403010305,2017,0.000405389,0.001523649,0.001118348
111403010305,2018,0.059622567,0.425875707,0.366253137
111403010305,2019,0.002092137,0.007020633,0.004928496
111403010305,2020,0.00407812,0.031129951,0.027052
111403010306,2000,0.0,0.0,0.0
111403010306,2001,0.16594789,0.281267564,0.115319674
111403010306,2002,0.007745551,0.012974156,0.005228521
111403010306,2003,0.062263033,0.131634408,0.069371375
111403010306,2004,0.018365016,0.036803817,0.018438719
111403010306,2005,0.0,0.0,0.0
111403010306,2006,0.0,0.0,0.0
111403010306,2007,0.0,0.0,0.0
111403010306,2008,0.0,0.0,0.0
111403010306,2009,0.01295149,0.035289973,0.022338564
111403010306,2010,0.0,0.0,0.0
111403010306,2011,0.0,0.0,0.0
111403010306,2012,0.0,0.0,0.0
111403010306,2013,0.0,0.0,0.0
111403010306,2014,0.0,0.0,0.0
111403010306,2015,0.0,0.0,0.0
111403010306,2016,0.0,0.0,0.0
111403010306,2017,0.0,0.0,0.0
111403010306,2018,0.18713409,0.316104885,0.128970795
111403010306,2019,0.001907562,0.003195208,0.001287647
111403010306,2020,0.002495205,0.004179582,0.001684292
111403010307,2000,0.0,0.0,0.0
111403010307,2001,0.06598626,0.110529693,0.044543433
111403010307,2002,0.01120389,0.018767066,0.007563173
111403010307,2003,0.06723246,0.112617055,0.045384764
111403010307,2004,0.032593413,0.054595451,0.022001956
111403010307,2005,0.0,0.0,0.0
111403010307,2006,0.0,0.0,0.0
111403010307,2007,0.007898545,0.013230375,0.00533183
111403010307,2008,0.043047533,0.072106418,0.02905897
111403010307,2009,0.0,0.0,0.0
111403010307,2010,0.078555337,0.131583449,0.053028112
111403010307,2011,0.0,0.0,0.0
111403010307,2012,0.072063626,0.120709658,0.048645954
111403010307,2013,0.085429175,0.143097529,0.057668271
111403010307,2014,0.0,0.0,0.0
111403010307,2015,0.054914329,0.091983737,0.037069408
111403010307,2016,0.009607495,0.016092776,0.006485448
111403010307,2017,0.021517608,0.036042915,0.014525307
111403010307,2018,0.186605,0.312571318,0.125966315
111403010307,2019,0.023338244,0.039092529,0.015754285
111403010307,2020,0.0,0.0,0.0
111403010308,2000,0.0,0.0,0.0
111403010308,2001,0.065921986,0.110422047,0.04450006
111403010308,2002,0.02954054,0.057696293,0.028155751
111403010308,2003,0.084273655,0.144800121,0.060526466
111403010308,2004,0.064614557,0.122608265,0.057993708
111403010308,2005,0.017041477,0.031441847,0.01440037
111403010308,2006,0.067014986,0.114359838,0.047345019
111403010308,2007,0.003593282,0.006405178,0.002811896
111403010308,2008,0.071365847,0.139933003,0.068567238
111403010308,2009,0.056053153,0.099738608,0.043685537
111403010308,2010,0.07306311,0.12238374,0.04932063
111403010308,2011,0.154779726,0.300543184,0.145763458
111403010308,2012,0.169021885,0.334035393,0.165013423
111403010308,2013,0.119740836,0.204685301,0.084944384
111403010308,2014,0.038910189,0.075407392,0.036497121
111403010308,2015,0.032066036,0.053711912,0.021645877
111403010308,2016,0.02339727,0.040132593,0.016735153
111403010308,2017,0.021674712,0.053650258,0.031975375
111403010308,2018,0.460307266,0.790906153,0.330598723
111403010308,2019,0.061555044,0.103107104,0.04155223
111403010308,2020,0.015164492,0.025659038,0.010494628
111403010401,2000,0.00098082,0.031641855,0.030661036
111403010401,2001,0.004697808,0.138170989,0.133473345
111403010401,2002,0.000696784,0.024028463,0.023331762
111403010401,2003,0.0,0.0,0.0
111403010401,2004,0.00154124,0.067013194,0.065471954
111403010401,2005,0.0,0.0,0.0
111403010401,2006,0.0,0.0,0.0
111403010401,2007,0.002948482,0.122861584,0.119912934
111403010401,2008,0.000790486,0.065878962,0.065088306
111403010401,2009,7.879e-06,0.000658992,0.00065103
111403010401,2010,0.000331422,0.027617655,0.027286233
111403010401,2011,0.0,0.0,0.0
111403010401,2012,0.0,0.0,0.0
111403010401,2013,0.002529151,0.210765192,0.208235959
111403010401,2014,0.0,0.0,0.0
111403010401,2015,3.047e-06,0.000247189,0.000244225
111403010401,2016,0.000210525,0.017543311,0.017332872
111403010401,2017,0.0,0.0,0.0
111403010401,2018,0.004117386,0.316727107,0.312609803
111403010401,2019,0.000654581,0.025175151,0.024520488
111403010401,2020,0.0,0.0,0.0
111403010402,2000,0.0,0.0,0.0
111403010402,2001,0.001469444,0.035840567,0.034371041
111403010402,2002,0.000977052,0.023830827,0.022853778
111403010402,2003,0.0,0.0,0.0
111403010402,2004,0.001427552,0.034818254,0.033390784
111403010402,2005,0.0,0.0,0.0
111403010402,2006,0.000172937,0.014418584,0.014245564
111403010402,2007,0.000389011,0.017682362,0.017293268
111403010402,2008,0.0,0.0,0.0
111403010402,2009,0.000388633,0.009480748,0.00909203
111403010402,2010,0.0,0.0,0.0
111403010402,2011,0.0,0.0,0.0
111403010402,2012,0.0,0.0,0.0
111403010402,2013,0.000460334,0.03835311,0.03789286
111403010402,2014,0.000754499,0.062874214,0.062119715
111403010402,2015,0.000388647,0.032386236,0.031997674
111403010402,2016,0.001024038,0.085333525,0.084309484
111403010402,2017,0.000552608,0.046057679,0.045505071
111403010402,2018,0.001556523,0.103769233,0.102212625
111403010402,2019,0.000493611,0.012038668,0.011545142
111403010402,2020,0.000521216,0.028954361,0.028433063
111403010403,2000,0.0,0.0,0.0
111403010403,2001,0.004231085,0.114352036,0.110121115
111403010403,2002,0.003294279,0.089035595,0.085741233
111403010403,2003,0.005860849,0.142946808,0.137085877
111403010403,2004,0.011346407,0.276743817,0.26539724
111403010403,2005,0.008538688,0.208260436,0.199721753
111403010403,2006,0.039093603,0.953504227,0.91441054
111403010403,2007,0.028986047,0.724651537,0.695665411
111403010403,2008,0.001055798,0.025749161,0.024693363
111403010403,2009,0.012542164,0.305904332,0.293362337
111403010403,2010,0.023960186,0.584393986,0.5604338
111403010403,2011,0.004076616,0.119900493,0.1158238
111403010403,2012,0.007201784,0.175651945,0.168450331
111403010403,2013,0.009899762,0.274993688,0.265093926
111403010403,2014,0.083145904,2.078648285,1.995502466
111403010403,2015,0.000243548,0.020289978,0.020046597
111403010403,2016,0.002328921,0.064689842,0.062360921
111403010403,2017,0.015319559,0.392810345,0.377490534
111403010403,2018,0.041690742,1.042268496,1.000577668
111403010403,2019,0.000371132,0.020621433,0.020250301
111403010403,2020,0.002987634,0.072868158,0.069880607
111403010404,2000,0.0,0.0,0.0
111403010404,2001,0.0,0.0,0.0
111403010404,2002,0.0,0.0,0.0
111403010404,2003,0.000897195,0.074774707,0.073877595
111403010404,2004,0.00057418,0.047845612,0.047271514
111403010404,2005,0.0,0.0,0.0
111403010404,2006,0.005708959,0.475748647,0.470039603
111403010404,2007,0.000102255,0.008525918,0.008423663
111403010404,2008,0.000215262,0.017932055,0.017716962
111403010404,2009,0.0,0.0,0.0
111403010404,2010,0.0,0.0,0.0
111403010404,2011,0.0,0.0,0.0
111403010404,2012,0.000614322,0.051191937,0.050577697
111403010404,2013,0.008208244,0.684012907,0.675804745
111403010404,2014,0.000604674,0.050390022,0.049785266
111403010404,2015,0.000436899,0.036404578,0.035967849
111403010404,2016,0.002186087,0.182175202,0.179989115
111403010404,2017,0.002449348,0.204099912,0.201650816
111403010404,2018,0.002900044,0.241671482,0.238771438
111403010404,2019,0.000840932,0.070078104,0.069237088
111403010404,2020,0.000215467,0.017948096,0.01773271
111403010405,2000,0.0,0.0,0.0
111403010405,2001,0.0,0.0,0.0
111403010405,2002,0.004254633,0.007126559,0.002871923
111403010405,2003,0.00180883,0.003030003,0.001221088
111403010405,2004,0.001896082,0.003175981,0.001279899
111403010405,2005,0.0,0.0,0.0
111403010405,2006,0.0,0.0,0.0
111403010405,2007,0.0,0.0,0.0
111403010405,2008,0.0,0.0,0.0
111403010405,2009,0.000241967,0.000405312,0.000163345
111403010405,2010,0.000168367,0.000281847,0.000113649
111403010405,2011,0.0,0.0,0.0
111403010405,2012,0.0,0.0,0.0
111403010405,2013,0.0,0.0,0.0
111403010405,2014,0.0,0.0,0.0
111403010405,2015,0.0,0.0,0.0
111403010405,2016,0.0,0.0,0.0
111403010405,2017,0.0,0.0,0.0
111403010405,2018,4.3055e-05,7.2123e-05,2.9068e-05
111403010405,2019,1.1721e-05,1.9704e-05,7.899e-06
111403010405,2020,0.000430036,0.00072018,0.000290314
111403010406,2000,0.063360921,0.129572527,0.066211525
111403010406,2001,0.189732096,0.692452904,0.502720808
111403010406,2002,0.082992189,0.169717951,0.086725929
111403010406,2003,0.273084942,0.858757345,0.585672567
111403010406,2004,0.238660331,1.007005639,0.768345227
111403010406,2005,0.040046899,0.078832419,0.038785603
111403010406,2006,0.027204816,0.056324556,0.029119655
111403010406,2007,0.057179956,0.104342992,0.047163036
111403010406,2008,0.305808112,0.735115448,0.429307333
111403010406,2009,0.034073384,0.063927499,0.029854115
111403010406,2010,0.24960031,1.3714296,1.121829375
111403010406,2011,0.07077343,0.172617992,0.101844644
111403010406,2012,0.575787046,1.384103563,0.808316516
111403010406,2013,0.262605789,0.866685625,0.604079918
111403010406,2014,0.32571037,1.243169016,0.917458732
111403010406,2015,0.379195701,0.769159564,0.389963942
111403010406,2016,0.214992074,0.655463546,0.440471557
111403010406,2017,0.328956882,0.731015397,0.402058515
111403010406,2018,0.121156,0.492503748,0.371347833
111403010406,2019,0.134511745,0.294336345,0.1598246
111403010406,2020,0.043482044,0.09077668,0.047294719
111403010407,2000,0.0,0.0,0.0
111403010407,2001,0.010198068,0.849833441,0.839635375
111403010407,2002,0.008609079,0.662228874,0.653619962
111403010407,2003,0.03218606,1.46300503,1.430818803
111403010407,2004,0.110598287,1.095032134,0.984433932
111403010407,2005,0.094213112,0.632303263,0.538089981
111403010407,2006,0.016964392,1.211741797,1.194777488
111403010407,2007,0.36929086,2.029070384,1.659779608
111403010407,2008,0.40219394,1.107972,0.705778224
111403010407,2009,0.029568652,1.137257408,1.107688671
111403010407,2010,0.775335189,5.134670715,4.359335611
111403010407,2011,0.085260255,2.079518236,1.994258066
111403010407,2012,0.867547003,5.901680055,5.034133137
111403010407,2013,0.863105666,5.428337693,4.565232027
111403010407,2014,1.532630589,9.578940964,8.046310542
111403010407,2015,0.146522414,0.32344923,0.176926649
111403010407,2016,0.614110809,2.053881943,1.439771303
111403010407,2017,0.188833989,0.886544077,0.69771017
111403010407,2018,0.252036967,3.000439937,2.748403052
111403010407,2019,0.088258652,0.865280849,0.777022197
111403010407,2020,0.222036366,2.114632601,1.892596235
111403020101,2000,0.052057858,0.08719909,0.035141311
111403020101,2001,0.0,0.0,0.0
111403020101,2002,0.071084556,0.119069584,0.047985025
111403020101,2003,0.041247967,0.069092205,0.027844071
111403020101,2004,0.007732719,0.012952612,0.005219978
111403020101,2005,0.0,0.0,0.0
111403020101,2006,0.0,0.0,0.0
111403020101,2007,0.0,0.0,0.0
111403020101,2008,0.0,0.0,0.0
111403020101,2009,0.0,0.0,0.0
111403020101,2010,0.050118271,0.083950195,0.033831923
111403020101,2011,0.0,0.0,0.0
111403020101,2012,0.010976645,0.018386448,0.007409719
111403020101,2013,0.014241044,0.023854082,0.00961329
111403020101,2014,0.035221378,0.058997071,0.02377586
111403020101,2015,0.012602737,0.021109929,0.008507277
111403020101,2016,0.0,0.0,0.0
111403020101,2017,0.0,0.0,0.0
111403020101,2018,0.215265329,0.360578447,0.145313118
111403020101,2019,0.000868129,0.001453893,0.000585932
111403020101,2020,0.082404063,0.138030295,0.055626317
111403020102,2000,0.07950129,0.133167784,0.053666658
111403020102,2001,0.059184318,0.099136422,0.039952022
111403020102,2002,0.026663986,0.044663315,0.017999414
111403020102,2003,0.080575847,0.134967912,0.054392066
111403020102,2004,0.031759648,0.053198828,0.02143918
111403020102,2005,0.0,0.0,0.0
111403020102,2006,0.000576167,0.000964901,0.000388899
111403020102,2007,0.010306427,0.017263668,0.006957241
111403020102,2008,0.0,0.0,0.0
111403020102,2009,0.0,0.0,0.0
111403020102,2010,0.007016529,0.0117526,0.004736323
111403020102,2011,0.004372679,0.007324468,0.002951789
111403020102,2012,0.233878041,0.391755672,0.157877462
111403020102,2013,0.139439704,0.233567534,0.094127666
111403020102,2014,0.304711652,0.51040477,0.205693203
111403020102,2015,0.168506871,0.282256055,0.113749268
111403020102,2016,0.157927175,0.264534839,0.106607497
111403020102,2017,0.060122093,0.100707129,0.040584953
111403020102,2018,0.33147189,0.55522931,0.223757337
111403020102,2019,0.104320762,0.177718381,0.073397619
111403020102,2020,0.084899298,0.142209959,0.057310495
111403020103,2000,0.563956973,1.137009981,0.57305309
111403020103,2001,0.905626729,1.825860142,0.920233663
111403020103,2002,0.600153803,1.209987326,0.60983369
111403020103,2003,0.462866112,0.933197773,0.470331742
111403020103,2004,0.401155068,0.808780298,0.407625314
111403020103,2005,0.622262258,1.254561178,0.632298921
111403020103,2006,0.0,0.0,0.0
111403020103,2007,0.265737047,0.535760079,0.270023115
111403020103,2008,0.442549926,0.892237891,0.449687964
111403020103,2009,0.0,0.0,0.0
111403020103,2010,1.115678844,2.249352178,1.133673584
111403020103,2011,0.0,0.0,0.0
111403020103,2012,1.006982224,2.03020603,1.023223888
111403020103,2013,0.637156411,1.284589515,0.647433022
111403020103,2014,1.073245274,2.163801093,1.090555816
111403020103,2015,0.202534556,0.408335792,0.205801321
111403020103,2016,0.552842686,1.114602281,0.561759344
111403020103,2017,0.542389386,1.093527142,0.551137756
111403020103,2018,0.420941219,0.848671756,0.427730622
111403020103,2019,0.248710468,0.49841803,0.249707482
111403020103,2020,0.504060645,1.00812129,0.504060645
111403020104,2000,0.526906284,1.062310967,0.535404768
111403020104,2001,0.034592334,0.057943742,0.023351326
111403020104,2002,0.018950477,0.038206696,0.019256132
111403020104,2003,0.508058748,1.018153951,0.510095203
111403020104,2004,0.67665359,1.361476347,0.684822421
111403020104,2005,0.145781425,0.293914553,0.148132879
111403020104,2006,0.0,0.0,0.0
111403020104,2007,0.30698671,0.616438855,0.309452397
111403020104,2008,0.094932675,0.191396478,0.096463803
111403020104,2009,0.0,0.0,0.0
111403020104,2010,0.093700052,0.188911625,0.095211323
111403020104,2011,0.0,0.0,0.0
111403020104,2012,0.327094306,0.659464495,0.332370189
111403020104,2013,0.511455923,1.027019964,0.515563956
111403020104,2014,0.316503088,0.638111293,0.321608038
111403020104,2015,0.143125611,0.28567983,0.142554222
111403020104,2016,0.063772544,0.12857374,0.064801279
111403020104,2017,0.314762093,0.634600918,0.319838992
111403020104,2018,0.218025997,0.433451315,0.215425318
111403020104,2019,0.382412058,0.731189504,0.348777362
111403020104,2020,0.062591104,0.126191937,0.063600751
111403020105,2000,0.021340732,0.04302565,0.021684918
111403020105,2001,0.013149863,0.026511745,0.013362049
111403020105,2002,0.0,0.0,0.0
111403020105,2003,0.015424882,0.031098564,0.015673682
111403020105,2004,0.015935973,0.032129131,0.016193079
111403020105,2005,0.016230764,0.016230764,0.0
111403020105,2006,0.016909189,0.016909189,0.0
111403020105,2007,0.013553707,0.020290205,0.006736247
111403020105,2008,0.013841623,0.013841623,0.0
111403020105,2009,0.007821208,0.011832501,0.004023134
111403020105,2010,0.018590877,0.018590877,0.0
111403020105,2011,0.018635436,0.032465855,0.013830419
111403020105,2012,0.021288172,0.021288172,0.0
111403020105,2013,0.053232362,0.088133058,0.034900614
111403020105,2014,0.027706825,0.027706825,0.0
111403020105,2015,0.016459058,0.024900304,0.008466227
111403020105,2016,0.021960828,0.029556934,0.007596189
111403020105,2017,0.028634255,0.046333726,0.017699553
111403020105,2018,0.009602827,0.009602827,0.0
111403020105,2019,0.008520567,0.017178488,0.008657921
111403020105,2020,0.00753506,0.00753506,0.0
111403020106,2000,0.000185344,0.000373541,0.000188281
111403020106,2001,0.0,0.0,0.0
111403020106,2002,0.0,0.0,0.0
111403020106,2003,0.0,0.0,0.0
111403020106,2004,1.6158e-05,3.2656e-05,1.641e-05
111403020106,2005,0.0,0.0,0.0
111403020106,2006,0.0,0.0,0.0
111403020106,2007,9.0047e-05,0.000181781,9.1562e-05
111403020106,2008,0.0,0.0,0.0
111403020106,2009,0.0,0.0,0.0
111403020106,2010,0.0,0.0,0.0
111403020106,2011,0.0,0.0,0.0
111403020106,2012,0.000209432,0.000422287,0.00021294
111403020106,2013,0.0,0.0,0.0
111403020106,2014,0.0,0.0,0.0
111403020106,2015,0.0,0.0,0.0
111403020106,2016,0.0,0.0,0.0
111403020106,2017,0.0,0.0,0.0
111403020106,2018,0.0,0.0,0.0
111403020106,2019,0.0,0.0,0.0
111403020106,2020,0.0,0.0,0.0
111403020107,2000,0.0,0.0,0.0
111403020107,2001,0.0,0.0,0.0
111403020107,2002,0.0,0.0,0.0
111403020107,2003,0.0,0.0,0.0
111403020107,2004,0.0,0.0,0.0
111403020107,2005,0.0,0.0,0.0
111403020107,2006,0.0,0.0,0.0
111403020107,2007,0.0,0.0,0.0
111403020107,2008,0.0,0.0,0.0
111403020107,2009,0.0,0.0,0.0
111403020107,2010,0.0,0.0,0.0
111403020107,2011,0.0,0.0,0.0
111403020107,2012,0.0,0.0,0.0
111403020107,2013,0.0,0.0,0.0
111403020107,2014,0.0,0.0,0.0
111403020107,2015,0.0,0.0,0.0
111403020107,2016,0.0,0.0,0.0
111403020107,2017,0.0,0.0,0.0
111403020107,2018,0.0,0.0,0.0
111403020107,2019,0.0,0.0,0.0
111403020107,2020,0.0,0.0,0.0
111403020201,2000,0.097350615,0.175723134,0.078372601
111403020201,2001,0.0,0.0,0.0
111403020201,2002,0.131081022,0.245011129,0.113930277
111403020201,2003,0.143598559,0.257807016,0.114208542
111403020201,2004,0.070569361,0.131905161,0.061335801
111403020201,2005,0.247628096,0.478046477,0.230418466
111403020201,2006,0.268594942,0.523576904,0.254982047
111403020201,2007,0.0,0.0,0.0
111403020201,2008,0.218028115,0.42834618,0.210317984
111403020201,2009,0.0,0.0,0.0
111403020201,2010,0.324642364,0.6353082,0.310665751
111403020201,2011,0.527745523,0.975500063,0.44775446
111403020201,2012,0.487985781,0.940242448,0.452256667
111403020201,2013,0.303659737,0.556153362,0.252493625
111403020201,2014,0.36976763,0.738058934,0.368291468
111403020201,2015,0.444752148,0.880697151,0.435945003
111403020201,2016,0.644429907,1.271064708,0.62663488
111403020201,2017,0.23626514,0.47634103,0.240075808
111403020201,2018,0.564230474,1.132993,0.568762526
111403020201,2019,0.404802693,0.768126466,0.363323855
111403020201,2020,0.31925268,0.637231123,0.317978189
111403020202,2000,3.5393e-05,7.1454e-05,3.606e-05
111403020202,2001,0.0,0.0,0.0
111403020202,2002,0.0,0.0,0.0
111403020202,2003,0.0,0.0,0.0
111403020202,2004,0.000302046,0.00060906,0.000306929
111403020202,2005,0.019463605,0.039241241,0.019777551
111403020202,2006,0.080808047,0.162919488,0.082111441
111403020202,2007,0.000200359,0.000404332,0.000203723
111403020202,2008,0.037969246,0.076550975,0.038581645
111403020202,2009,0.0,0.0,0.0
111403020202,2010,0.048501707,0.097785773,0.049284151
111403020202,2011,0.096856263,0.195274885,0.098418619
111403020202,2012,0.039254016,0.079141342,0.03988724
111403020202,2013,0.094877696,0.191285707,0.096408014
111403020202,2014,0.022052408,0.044460515,0.022408104
111403020202,2015,0.097490721,0.19655366,0.099063025
111403020202,2016,0.130265109,0.262631385,0.132366107
111403020202,2017,0.066416408,0.133904142,0.067487652
111403020202,2018,0.191440345,0.385968449,0.194528268
111403020202,2019,0.069521148,0.140163647,0.070642499
111403020202,2020,0.144887,0.292110852,0.147223937
111403020203,2000,0.0,0.0,0.0
111403020203,2001,0.0,0.0,0.0
111403020203,2002,0.0,0.0,0.0
111403020203,2003,0.0,0.0,0.0
111403020203,2004,0.0,0.0,0.0
111403020203,2005,0.0,0.0,0.0
111403020203,2006,6.4537e-05,0.000130247,6.5625e-05
111403020203,2007,0.0,0.0,0.0
111403020203,2008,3.515e-05,7.106e-05,3.574e-05
111403020203,2009,0.0,0.0,0.0
111403020203,2010,0.0,0.0,0.0
111403020203,2011,9.1756e-05,0.000185099,9.3342e-05
111403020203,2012,0.0,0.0,0.0
111403020203,2013,0.0,0.0,0.0
111403020203,2014,0.0,0.0,0.0
111403020203,2015,0.000196729,0.000396671,0.000199858
111403020203,2016,0.00026624,0.00053659,0.000270434
111403020203,2017,0.0,0.0,0.0
111403020203,2018,0.010934458,0.022045096,0.011110723
111403020203,2019,5.1989e-05,0.000104822,5.2751e-05
111403020203,2020,0.0,0.0,0.0
111403020204,2000,0.0,0.0,0.0
111403020204,2001,0.0,0.0,0.0
111403020204,2002,0.0,0.0,0.0
111403020204,2003,0.0,0.0,0.0
111403020204,2004,0.0,0.0,0.0
111403020204,2005,0.0,0.0,0.0
111403020204,2006,0.0,0.0,0.0
111403020204,2007,0.0,0.0,0.0
111403020204,2008,0.0,0.0,0.0
111403020204,2009,0.0,0.0,0.0
111403020204,2010,0.0,0.0,0.0
111403020204,2011,0.0,0.0,0.0
111403020204,2012,0.0,0.0,0.0
111403020204,2013,0.0,0.0,0.0
111403020204,2014,0.0,0.0,0.0
111403020204,2015,0.0,0.0,0.0
111403020204,2016,0.0,0.0,0.0
111403020204,2017,0.0,0.0,0.0
111403020204,2018,0.0,0.0,0.0
111403020204,2019,0.0,0.0,0.0
111403020204,2020,0.0,0.0,0.0
111403020205,2000,0.0,0.0,0.0
111403020205,2001,0.0,0.0,0.0
111403020205,2002,0.0,0.0,0.0
111403020205,2003,0.0,0.0,0.0
111403020205,2004,0.0,0.0,0.0
111403020205,2005,0.0,0.0,0.0
111403020205,2006,0.0,0.0,0.0
111403020205,2007,0.0,0.0,0.0
111403020205,2008,0.0,0.0,0.0
111403020205,2009,0.0,0.0,0.0
111403020205,2010,0.0,0.0,0.0
111403020205,2011,0.0,0.0,0.0
111403020205,2012,0.0,0.0,0.0
111403020205,2013,0.0,0.0,0.0
111403020205,2014,0.0,0.0,0.0
111403020205,2015,0.0,0.0,0.0
111403020205,2016,0.0,0.0,0.0
111403020205,2017,0.0,0.0,0.0
111403020205,2018,0.00291429,0.005875679,0.002961304
111403020205,2019,0.0,0.0,0.0
111403020205,2020,0.0,0.0,0.0
111403020206,2000,0.0,0.0,0.0
111403020206,2001,0.0,0.0,0.0
111403020206,2002,0.0,0.0,0.0
111403020206,2003,0.0,0.0,0.0
111403020206,2004,0.0,0.0,0.0
111403020206,2005,0.0,0.0,0.0
111403020206,2006,0.0,0.0,0.0
111403020206,2007,0.0,0.0,0.0
111403020206,2008,0.0,0.0,0.0
111403020206,2009,0.0,0.0,0.0
111403020206,2010,0.0,0.0,0.0
111403020206,2011,0.0,0.0,0.0
111403020206,2012,0.0,0.0,0.0
111403020206,2013,0.0,0.0,0.0
111403020206,2014,0.0,0.0,0.0
111403020206,2015,0.0,0.0,0.0
111403020206,2016,0.0,0.0,0.0
111403020206,2017,0.0,0.0,0.0
111403020206,2018,0.20617674,0.415678953,0.209502299
111403020206,2019,0.0,0.0,0.0
111403020206,2020,0.0,0.0,0.0
111403020207,2000,0.0,0.0,0.0
111403020207,2001,0.0,0.0,0.0
111403020207,2002,0.0,0.0,0.0
111403020207,2003,0.0,0.0,0.0
111403020207,2004,0.0,0.0,0.0
111403020207,2005,0.0,0.0,0.0
111403020207,2006,0.0,0.0,0.0
111403020207,2007,0.0,0.0,0.0
111403020207,2008,0.0,0.0,0.0
111403020207,2009,0.0,0.0,0.0
111403020207,2010,0.0,0.0,0.0
111403020207,2011,0.0,0.0,0.0
111403020207,2012,0.0,0.0,0.0
111403020207,2013,0.0,0.0,0.0
111403020207,2014,0.0,0.0,0.0
111403020207,2015,0.0,0.0,0.0
111403020207,2016,0.0,0.0,0.0
111403020207,2017,0.0,0.0,0.0
111403020207,2018,0.0,0.0,0.0
111403020207,2019,0.0,0.0,0.0
111403020207,2020,0.0,0.0,0.0
111403020208,2000,0.027062986,0.054562505,0.027499519
111403020208,2001,0.0,0.0,0.0
111403020208,2002,0.000283734,0.000572077,0.00028834
111403020208,2003,0.0,0.0,0.0
111403020208,2004,0.0,0.0,0.0
111403020208,2005,0.000531099,0.001070573,0.000539559
111403020208,2006,0.0,0.0,0.0
111403020208,2007,0.0,0.0,0.0
111403020208,2008,0.0,0.0,0.0
111403020208,2009,0.0,0.0,0.0
111403020208,2010,0.0,0.0,0.0
111403020208,2011,0.0,0.0,0.0
111403020208,2012,0.0,0.0,0.0
111403020208,2013,0.0,0.0,0.0
111403020208,2014,0.0,0.0,0.0
111403020208,2015,0.0,0.0,0.0
111403020208,2016,0.0,0.0,0.0
111403020208,2017,0.0,0.0,0.0
111403020208,2018,0.102660981,0.206977526,0.104316797
111403020208,2019,0.0,0.0,0.0
111403020208,2020,0.0,0.0,0.0
111403020209,2000,0.0,0.0,0.0
111403020209,2001,0.0,0.0,0.0
111403020209,2002,0.025610112,0.05163323,0.026023118
111403020209,2003,0.0,0.0,0.0
111403020209,2004,0.0,0.0,0.0
111403020209,2005,0.05120757,0.103241181,0.052033529
111403020209,2006,0.0,0.0,0.0
111403020209,2007,0.0,0.0,0.0
111403020209,2008,0.0,0.0,0.0
111403020209,2009,0.0,0.0,0.0
111403020209,2010,0.0,0.0,0.0
111403020209,2011,0.0,0.0,0.0
111403020209,2012,0.0,0.0,0.0
111403020209,2013,0.0,0.0,0.0
111403020209,2014,0.0,0.0,0.0
111403020209,2015,0.0,0.0,0.0
111403020209,2016,0.0,0.0,0.0
111403020209,2017,0.0,0.0,0.0
111403020209,2018,0.0,0.0,0.0
111403020209,2019,0.0,0.0,0.0
111403020209,2020,0.0,0.0,0.0
111403020301,2000,0.0,0.0,0.0
111403020301,2001,0.0,0.0,0.0
111403020301,2002,0.0,0.0,0.0
111403020301,2003,0.0,0.0,0.0
111403020301,2004,0.0,0.0,0.0
111403020301,2005,0.0,0.0,0.0
111403020301,2006,0.0,0.0,0.0
111403020301,2007,0.0,0.0,0.0
111403020301,2008,0.0,0.0,0.0
111403020301,2009,0.0,0.0,0.0
111403020301,2010,0.0,0.0,0.0
111403020301,2011,0.0,0.0,0.0
111403020301,2012,0.0,0.0,0.0
111403020301,2013,0.0,0.0,0.0
111403020301,2014,0.0,0.0,0.0
111403020301,2015,0.0,0.0,0.0
111403020301,2016,0.0,0.0,0.0
111403020301,2017,0.0,0.0,0.0
111403020301,2018,0.0,0.0,0.0
111403020301,2019,0.0,0.0,0.0
111403020301,2020,0.0,0.0,0.0
111403020302,2000,0.0,0.0,0.0
111403020302,2001,0.0,0.0,0.0
111403020302,2002,0.0,0.0,0.0
111403020302,2003,0.0,0.0,0.0
111403020302,2004,0.0,0.0,0.0
111403020302,2005,0.0,0.0,0.0
111403020302,2006,0.0,0.0,0.0
111403020302,2007,0.0,0.0,0.0
111403020302,2008,0.0,0.0,0.0
111403020302,2009,0.0,0.0,0.0
111403020302,2010,0.0,0.0,0.0
111403020302,2011,0.0,0.0,0.0
111403020302,2012,0.0,0.0,0.0
111403020302,2013,0.0,0.0,0.0
111403020302,2014,0.0,0.0,0.0
111403020302,2015,0.0,0.0,0.0
111403020302,2016,0.0,0.0,0.0
111403020302,2017,0.0,0.0,0.0
111403020302,2018,0.0,0.0,0.0
111403020302,2019,0.0,0.0,0.0
111403020302,2020,0.0,0.0,0.0
111403020303,2000,0.0,0.0,0.0
111403020303,2001,0.0,0.0,0.0
111403020303,2002,0.0,0.0,0.0
111403020303,2003,0.0,0.0,0.0
111403020303,2004,0.0,0.0,0.0
111403020303,2005,0.127565948,0.378533995,0.250967879
111403020303,2006,0.0,0.0,0.0
111403020303,2007,0.0,0.0,0.0
111403020303,2008,0.119037719,0.353227429,0.23418988
111403020303,2009,0.0,0.0,0.0
111403020303,2010,0.0,0.0,0.0
111403020303,2011,0.235994181,0.700279723,0.464285375
111403020303,2012,0.180332396,0.535110612,0.354778467
111403020303,2013,0.0,0.0,0.0
111403020303,2014,0.0,0.0,0.0
111403020303,2015,0.091734992,0.272210879,0.180475721
111403020303,2016,0.0,0.0,0.0
111403020303,2017,0.139402427,0.413657405,0.274254808
111403020303,2018,0.143406236,0.425537537,0.282131301
111403020303,2019,0.0,0.0,0.0
111403020303,2020,0.093080221,0.276202765,0.183122459
111403020401,2000,0.0,0.0,0.0
111403020401,2001,0.0,0.0,0.0
111403020401,2002,0.0,0.0,0.0
111403020401,2003,0.0,0.0,0.0
111403020401,2004,0.0,0.0,0.0
111403020401,2005,0.0,0.0,0.0
111403020401,2006,0.0,0.0,0.0
111403020401,2007,0.0,0.0,0.0
111403020401,2008,0.0,0.0,0.0
111403020401,2009,0.0,0.0,0.0
111403020401,2010,0.0,0.0,0.0
111403020401,2011,0.0,0.0,0.0
111403020401,2012,0.0,0.0,0.0
111403020401,2013,0.0,0.0,0.0
111403020401,2014,0.0,0.0,0.0
111403020401,2015,0.0,0.0,0.0
111403020401,2016,0.0,0.0,0.0
111403020401,2017,0.0,0.0,0.0
111403020401,2018,0.0,0.0,0.0
111403020401,2019,0.0,0.0,0.0
111403020401,2020,0.0,0.0,0.0
111403020402,2000,0.0,0.0,0.0
111403020402,2001,0.0,0.0,0.0
111403020402,2002,0.0,0.0,0.0
111403020402,2003,0.0,0.0,0.0
111403020402,2004,0.0,0.0,0.0
111403020402,2005,0.0,0.0,0.0
111403020402,2006,0.0,0.0,0.0
111403020402,2007,0.0,0.0,0.0
111403020402,2008,0.0,0.0,0.0
111403020402,2009,0.0,0.0,0.0
111403020402,2010,0.0,0.0,0.0
111403020402,2011,0.0,0.0,0.0
111403020402,2012,0.0,0.0,0.0
111403020402,2013,0.0,0.0,0.0
111403020402,2014,0.0,0.0,0.0
111403020402,2015,0.0,0.0,0.0
111403020402,2016,0.0,0.0,0.0
111403020402,2017,0.0,0.0,0.0
111403020402,2018,0.0,0.0,0.0
111403020402,2019,0.0,0.0,0.0
111403020402,2020,0.0,0.0,0.0
111403020403,2000,0.0,0.0,0.0
111403020403,2001,0.0,0.0,0.0
111403020403,2002,0.0,0.0,0.0
111403020403,2003,0.0,0.0,0.0
111403020403,2004,0.0,0.0,0.0
111403020403,2005,0.0,0.0,0.0
111403020403,2006,0.0,0.0,0.0
111403020403,2007,0.0,0.0,0.0
111403020403,2008,0.0,0.0,0.0
111403020403,2009,0.0,0.0,0.0
111403020403,2010,0.0,0.0,0.0
111403020403,2011,0.0,0.0,0.0
111403020403,2012,0.0,0.0,0.0
111403020403,2013,0.0,0.0,0.0
111403020403,2014,0.0,0.0,0.0
111403020403,2015,0.0,0.0,0.0
111403020403,2016,0.0,0.0,0.0
111403020403,2017,0.0,0.0,0.0
111403020403,2018,0.0,0.0,0.0
111403020403,2019,0.0,0.0,0.0
111403020403,2020,0.0,0.0,0.0
111403020404,2000,0.0,0.0,0.0
111403020404,2001,0.0,0.0,0.0
111403020404,2002,0.0,0.0,0.0
111403020404,2003,0.0,0.0,0.0
111403020404,2004,0.0,0.0,0.0
111403020404,2005,0.0,0.0,0.0
111403020404,2006,0.0,0.0,0.0
111403020404,2007,0.0,0.0,0.0
111403020404,2008,0.0,0.0,0.0
111403020404,2009,0.0,0.0,0.0
111403020404,2010,0.0,0.0,0.0
111403020404,2011,0.0,0.0,0.0
111403020404,2012,0.0,0.0,0.0
111403020404,2013,0.0,0.0,0.0
111403020404,2014,0.0,0.0,0.0
111403020404,2015,0.0,0.0,0.0
111403020404,2016,0.0,0.0,0.0
111403020404,2017,0.0,0.0,0.0
111403020404,2018,0.0,0.0,0.0
111403020404,2019,0.0,0.0,0.0
111403020404,2020,0.0,0.0,0.0
111403020501,2000,0.0,0.0,0.0
111403020501,2001,0.0,0.0,0.0
111403020501,2002,0.0,0.0,0.0
111403020501,2003,0.0,0.0,0.0
111403020501,2004,0.0,0.0,0.0
111403020501,2005,0.0,0.0,0.0
111403020501,2006,0.0,0.0,0.0
111403020501,2007,0.0,0.0,0.0
111403020501,2008,0.0,0.0,0.0
111403020501,2009,0.0,0.0,0.0
111403020501,2010,0.0,0.0,0.0
111403020501,2011,0.0,0.0,0.0
111403020501,2012,0.0,0.0,0.0
111403020501,2013,0.0,0.0,0.0
111403020501,2014,0.0,0.0,0.0
111403020501,2015,0.0,0.0,0.0
111403020501,2016,0.0,0.0,0.0
111403020501,2017,0.0,0.0,0.0
111403020501,2018,0.0,0.0,0.0
111403020501,2019,0.0,0.0,0.0
111403020501,2020,0.0,0.0,0.0
111403020502,2000,0.0,0.0,0.0
111403020502,2001,0.0,0.0,0.0
111403020502,2002,0.0,0.0,0.0
111403020502,2003,0.0,0.0,0.0
111403020502,2004,0.0,0.0,0.0
111403020502,2005,0.0,0.0,0.0
111403020502,2006,0.0,0.0,0.0
111403020502,2007,0.0,0.0,0.0
111403020502,2008,0.0,0.0,0.0
111403020502,2009,0.0,0.0,0.0
111403020502,2010,0.0,0.0,0.0
111403020502,2011,0.0,0.0,0.0
111403020502,2012,0.0,0.0,0.0
111403020502,2013,0.0,0.0,0.0
111403020502,2014,0.0,0.0,0.0
111403020502,2015,0.0,0.0,0.0
111403020502,2016,0.0,0.0,0.0
111403020502,2017,0.0,0.0,0.0
111403020502,2018,0.0,0.0,0.0
111403020502,2019,0.0,0.0,0.0
111403020502,2020,0.0,0.0,0.0
111403020503,2000,0.0,0.0,0.0
111403020503,2001,0.0,0.0,0.0
111403020503,2002,0.0,0.0,0.0
111403020503,2003,0.0,0.0,0.0
111403020503,2004,0.0,0.0,0.0
111403020503,2005,0.0,0.0,0.0
111403020503,2006,0.0,0.0,0.0
111403020503,2007,0.0,0.0,0.0
111403020503,2008,0.0,0.0,0.0
111403020503,2009,0.0,0.0,0.0
111403020503,2010,0.0,0.0,0.0
111403020503,2011,0.0,0.0,0.0
111403020503,2012,0.0,0.0,0.0
111403020503,2013,0.0,0.0,0.0
111403020503,2014,0.0,0.0,0.0
111403020503,2015,0.0,0.0,0.0
111403020503,2016,0.0,0.0,0.0
111403020503,2017,0.0,0.0,0.0
111403020503,2018,0.0,0.0,0.0
111403020503,2019,0.0,0.0,0.0
111403020503,2020,0.0,0.0,0.0
111403020504,2000,0.0,0.0,0.0
111403020504,2001,0.0,0.0,0.0
111403020504,2002,0.0,0.0,0.0
111403020504,2003,0.0,0.0,0.0
111403020504,2004,0.0,0.0,0.0
111403020504,2005,0.0,0.0,0.0
111403020504,2006,0.0,0.0,0.0
111403020504,2007,0.0,0.0,0.0
111403020504,2008,0.0,0.0,0.0
111403020504,2009,0.0,0.0,0.0
111403020504,2010,0.0,0.0,0.0
111403020504,2011,0.0,0.0,0.0
111403020504,2012,0.0,0.0,0.0
111403020504,2013,0.0,0.0,0.0
111403020504,2014,0.0,0.0,0.0
111403020504,2015,0.0,0.0,0.0
111403020504,2016,0.0,0.0,0.0
111403020504,2017,0.0,0.0,0.0
111403020504,2018,0.0,0.0,0.0
111403020504,2019,0.0,0.0,0.0
111403020504,2020,0.0,0.0,0.0
111403020601,2000,0.0,0.0,0.0
111403020601,2001,0.0,0.0,0.0
111403020601,2002,0.0,0.0,0.0
111403020601,2003,0.0,0.0,0.0
111403020601,2004,0.0,0.0,0.0
111403020601,2005,0.0,0.0,0.0
111403020601,2006,0.0,0.0,0.0
111403020601,2007,0.0,0.0,0.0
111403020601,2008,0.0,0.0,0.0
111403020601,2009,0.0,0.0,0.0
111403020601,2010,0.0,0.0,0.0
111403020601,2011,0.0,0.0,0.0
111403020601,2012,0.0,0.0,0.0
111403020601,2013,0.0,0.0,0.0
111403020601,2014,0.0,0.0,0.0
111403020601,2015,0.0,0.0,0.0
111403020601,2016,0.0,0.0,0.0
111403020601,2017,0.0,0.0,0.0
111403020601,2018,0.0,0.0,0.0
111403020601,2019,0.0,0.0,0.0
111403020601,2020,0.0,0.0,0.0
111403020602,2000,0.0,0.0,0.0
111403020602,2001,0.0,0.0,0.0
111403020602,2002,0.0,0.0,0.0
111403020602,2003,0.0,0.0,0.0
111403020602,2004,0.0,0.0,0.0
111403020602,2005,0.0,0.0,0.0
111403020602,2006,0.0,0.0,0.0
111403020602,2007,0.0,0.0,0.0
111403020602,2008,0.0,0.0,0.0
111403020602,2009,0.0,0.0,0.0
111403020602,2010,0.0,0.0,0.0
111403020602,2011,0.0,0.0,0.0
111403020602,2012,0.0,0.0,0.0
111403020602,2013,0.0,0.0,0.0
111403020602,2014,0.0,0.0,0.0
111403020602,2015,0.0,0.0,0.0
111403020602,2016,0.0,0.0,0.0
111403020602,2017,0.0,0.0,0.0
111403020602,2018,0.0,0.0,0.0
111403020602,2019,0.0,0.0,0.0
111403020602,2020,0.0,0.0,0.0
111403020603,2000,0.0,0.0,0.0
111403020603,2001,0.0,0.0,0.0
111403020603,2002,0.0,0.0,0.0
111403020603,2003,0.0,0.0,0.0
111403020603,2004,0.0,0.0,0.0
111403020603,2005,0.0,0.0,0.0
111403020603,2006,0.0,0.0,0.0
111403020603,2007,0.0,0.0,0.0
111403020603,2008,0.0,0.0,0.0
111403020603,2009,0.0,0.0,0.0
111403020603,2010,0.0,0.0,0.0
111403020603,2011,0.0,0.0,0.0
111403020603,2012,0.0,0.0,0.0
111403020603,2013,0.0,0.0,0.0
111403020603,2014,0.0,0.0,0.0
111403020603,2015,0.0,0.0,0.0
111403020603,2016,0.0,0.0,0.0
111403020603,2017,0.0,0.0,0.0
111403020603,2018,0.0,0.0,0.0
111403020603,2019,0.0,0.0,0.0
111403020603,2020,0.0,0.0,0.0
111403020604,2000,0.0,0.0,0.0
111403020604,2001,0.0,0.0,0.0
111403020604,2002,0.0,0.0,0.0
111403020604,2003,0.0,0.0,0.0
111403020604,2004,0.0,0.0,0.0
111403020604,2005,0.0,0.0,0.0
111403020604,2006,0.0,0.0,0.0
111403020604,2007,0.0,0.0,0.0
111403020604,2008,0.0,0.0,0.0
111403020604,2009,0.0,0.0,0.0
111403020604,2010,0.0,0.0,0.0
111403020604,2011,0.0,0.0,0.0
111403020604,2012,0.0,0.0,0.0
111403020604,2013,0.0,0.0,0.0
111403020604,2014,0.0,0.0,0.0
111403020604,2015,0.0,0.0,0.0
111403020604,2016,0.0,0.0,0.0
111403020604,2017,0.0,0.0,0.0
111403020604,2018,0.0,0.0,0.0
111403020604,2019,0.0,0.0,0.0
111403020604,2020,0.0,0.0,0.0
111403020605,2000,0.0,0.0,0.0
111403020605,2001,0.0,0.0,0.0
111403020605,2002,0.0,0.0,0.0
111403020605,2003,0.0,0.0,0.0
111403020605,2004,0.0,0.0,0.0
111403020605,2005,0.0,0.0,0.0
111403020605,2006,0.0,0.0,0.0
111403020605,2007,0.0,0.0,0.0
111403020605,2008,0.0,0.0,0.0
111403020605,2009,0.0,0.0,0.0
111403020605,2010,0.0,0.0,0.0
111403020605,2011,0.0,0.0,0.0
111403020605,2012,0.0,0.0,0.0
111403020605,2013,0.0,0.0,0.0
111403020605,2014,0.0,0.0,0.0
111403020605,2015,0.0,0.0,0.0
111403020605,2016,0.0,0.0,0.0
111403020605,2017,0.0,0.0,0.0
111403020605,2018,0.0,0.0,0.0
111403020605,2019,0.0,0.0,0.0
111403020605,2020,0.0,0.0,0.0
111403020606,2000,0.0,0.0,0.0
111403020606,2001,0.0,0.0,0.0
111403020606,2002,0.0,0.0,0.0
111403020606,2003,0.0,0.0,0.0
111403020606,2004,0.0,0.0,0.0
111403020606,2005,0.0,0.0,0.0
111403020606,2006,0.0,0.0,0.0
111403020606,2007,0.0,0.0,0.0
111403020606,2008,0.0,0.0,0.0
111403020606,2009,0.0,0.0,0.0
111403020606,2010,0.0,0.0,0.0
111403020606,2011,0.0,0.0,0.0
111403020606,2012,0.0,0.0,0.0
111403020606,2013,0.0,0.0,0.0
111403020606,2014,0.0,0.0,0.0
111403020606,2015,0.0,0.0,0.0
111403020606,2016,0.0,0.0,0.0
111403020606,2017,0.0,0.0,0.0
111403020606,2018,0.0,0.0,0.0
111403020606,2019,0.0,0.0,0.0
111403020606,2020,0.0,0.0,0.0
111403020607,2000,0.0,0.0,0.0
111403020607,2001,0.0,0.0,0.0
111403020607,2002,0.0,0.0,0.0
111403020607,2003,0.0,0.0,0.0
111403020607,2004,0.0,0.0,0.0
111403020607,2005,0.0,0.0,0.0
111403020607,2006,0.0,0.0,0.0
111403020607,2007,0.0,0.0,0.0
111403020607,2008,0.0,0.0,0.0
111403020607,2009,0.0,0.0,0.0
111403020607,2010,0.0,0.0,0.0
111403020607,2011,0.0,0.0,0.0
111403020607,2012,0.0,0.0,0.0
111403020607,2013,0.0,0.0,0.0
111403020607,2014,0.0,0.0,0.0
111403020607,2015,0.0,0.0,0.0
111403020607,2016,0.0,0.0,0.0
111403020607,2017,0.0,0.0,0.0
111403020607,2018,0.0,0.0,0.0
111403020607,2019,0.0,0.0,0.0
111403020607,2020,0.0,0.0,0.0
111403020608,2000,0.0,0.0,0.0
111403020608,2001,0.0,0.0,0.0
111403020608,2002,0.0,0.0,0.0
111403020608,2003,0.0,0.0,0.0
111403020608,2004,0.0,0.0,0.0
111403020608,2005,0.0,0.0,0.0
111403020608,2006,0.0,0.0,0.0
111403020608,2007,0.0,0.0,0.0
111403020608,2008,0.0,0.0,0.0
111403020608,2009,0.0,0.0,0.0
111403020608,2010,0.0,0.0,0.0
111403020608,2011,0.0,0.0,0.0
111403020608,2012,0.0,0.0,0.0
111403020608,2013,0.0,0.0,0.0
111403020608,2014,0.0,0.0,0.0
111403020608,2015,0.0,0.0,0.0
111403020608,2016,0.0,0.0,0.0
111403020608,2017,0.0,0.0,0.0
111403020608,2018,0.0,0.0,0.0
111403020608,2019,0.0,0.0,0.0
111403020608,2020,0.0,0.0,0.0
111403020701,2000,0.0,0.0,0.0
111403020701,2001,0.0,0.0,0.0
111403020701,2002,0.0,0.0,0.0
111403020701,2003,0.0,0.0,0.0
111403020701,2004,0.0,0.0,0.0
111403020701,2005,0.0,0.0,0.0
111403020701,2006,0.0,0.0,0.0
111403020701,2007,0.0,0.0,0.0
111403020701,2008,0.0,0.0,0.0
111403020701,2009,0.0,0.0,0.0
111403020701,2010,0.0,0.0,0.0
111403020701,2011,0.0,0.0,0.0
111403020701,2012,0.0,0.0,0.0
111403020701,2013,0.0,0.0,0.0
111403020701,2014,0.0,0.0,0.0
111403020701,2015,0.0,0.0,0.0
111403020701,2016,0.0,0.0,0.0
111403020701,2017,0.0,0.0,0.0
111403020701,2018,0.0,0.0,0.0
111403020701,2019,0.0,0.0,0.0
111403020701,2020,0.0,0.0,0.0
111403030101,2000,0.0,0.0,0.0
111403030101,2001,0.0,0.0,0.0
111403030101,2002,0.0,0.0,0.0
111403030101,2003,0.0,0.0,0.0
111403030101,2004,0.0,0.0,0.0
111403030101,2005,0.0,0.0,0.0
111403030101,2006,0.0,0.0,0.0
111403030101,2007,0.0,0.0,0.0
111403030101,2008,0.0,0.0,0.0
111403030101,2009,0.0,0.0,0.0
111403030101,2010,0.0,0.0,0.0
111403030101,2011,0.0,0.0,0.0
111403030101,2012,0.0,0.0,0.0
111403030101,2013,0.0,0.0,0.0
111403030101,2014,0.0,0.0,0.0
111403030101,2015,0.0,0.0,0.0
111403030101,2016,0.0,0.0,0.0
111403030101,2017,0.0,0.0,0.0
111403030101,2018,0.0,0.0,0.0
111403030101,2019,0.0,0.0,0.0
111403030101,2020,0.0,0.0,0.0
111403030102,2000,0.000103254,0.002516842,0.002413751
111403030102,2001,0.0,0.0,0.0
111403030102,2002,0.0,0.0,0.0
111403030102,2003,5.279e-06,0.000129899,0.000124534
111403030102,2004,0.0,0.0,0.0
111403030102,2005,0.000107458,0.002620362,0.002512819
111403030102,2006,0.0,0.0,0.0
111403030102,2007,7.489e-05,0.00182649,0.0017516
111403030102,2008,0.0,0.0,0.0
111403030102,2009,0.0,0.0,0.0
111403030102,2010,0.0,0.0,0.0
111403030102,2011,0.0,0.0,0.0
111403030102,2012,0.0,0.0,0.0
111403030102,2013,0.0,0.0,0.0
111403030102,2014,0.0,0.0,0.0
111403030102,2015,0.0,0.0,0.0
111403030102,2016,0.0,0.0,0.0
111403030102,2017,0.0,0.0,0.0
111403030102,2018,0.0,0.0,0.0
111403030102,2019,0.000199504,0.004865471,0.004665967
111403030102,2020,0.0,0.0,0.0
111403030103,2000,0.003654112,0.089122153,0.085468041
111403030103,2001,0.001286342,0.031375178,0.030088918
111403030103,2002,0.001544085,0.037662208,0.036118038
111403030103,2003,0.001286493,0.031379438,0.030092863
111403030103,2004,0.001965634,0.047943601,0.045977967
111403030103,2005,0.000757074,0.018463375,0.017706551
111403030103,2006,0.0,0.0,0.0
111403030103,2007,0.001877405,0.045790301,0.043912811
111403030103,2008,0.001179005,0.028756803,0.027577716
111403030103,2009,0.000763937,0.018630918,0.017866984
111403030103,2010,0.0,0.0,0.0
111403030103,2011,0.002961548,0.07223277,0.069271307
111403030103,2012,0.0,0.0,0.0
111403030103,2013,0.002278707,0.055579471,0.053300849
111403030103,2014,0.002299638,0.056086148,0.053786762
111403030103,2015,0.001924638,0.046943715,0.045019162
111403030103,2016,0.001566456,0.038208937,0.036642314
111403030103,2017,0.000773975,0.018878781,0.018104805
111403030103,2018,0.001708162,0.041664208,0.039956132
111403030103,2019,0.001912068,0.04663717,0.044725101
111403030103,2020,0.002800727,0.068311082,0.065510191
111403030104,2000,0.021689459,0.52901274,0.507323115
111403030104,2001,0.013223123,0.32251657,0.309293362
111403030104,2002,0.014400315,0.351229789,0.336829304
111403030104,2003,0.030436205,0.742346597,0.711910392
111403030104,2004,0.028591429,0.697349208,0.668757863
111403030104,2005,0.022495096,0.548659244,0.526164395
111403030104,2006,0.027443921,0.66936391,0.641919907
111403030104,2007,0.022644534,0.55230251,0.529658145
111403030104,2008,0.021884336,0.533764757,0.511880503
111403030104,2009,0.019424962,0.473779529,0.454354564
111403030104,2010,0.025160214,0.613664332,0.588504033
111403030104,2011,0.047291055,1.153440619,1.106149564
111403030104,2012,0.000497568,0.012138514,0.011640699
111403030104,2013,0.048518274,1.183373616,1.134855175
111403030104,2014,0.029696216,0.724297247,0.69460103
111403030104,2015,0.028025405,0.683547123,0.655521636
111403030104,2016,0.021841511,0.532717721,0.51087629
111403030104,2017,0.017100595,0.417090405,0.399989718
111403030104,2018,0.039908622,0.973380836,0.933472378
111403030104,2019,0.027007038,0.658710041,0.631702833
111403030104,2020,0.028039109,0.683880055,0.655840945
111403030105,2000,0.007462243,0.182005205,0.174543046
111403030105,2001,0.0,0.0,0.0
111403030105,2002,0.0,0.0,0.0
111403030105,2003,0.007347458,0.17920471,0.171857252
111403030105,2004,0.0,0.0,0.0
111403030105,2005,0.010201389,0.248814551,0.238613162
111403030105,2006,0.0,0.0,0.0
111403030105,2007,0.007893847,0.192532745,0.184638899
111403030105,2008,0.0,0.0,0.0
111403030105,2009,0.0,0.0,0.0
111403030105,2010,0.0,0.0,0.0
111403030105,2011,0.0,0.0,0.0
111403030105,2012,0.0,0.0,0.0
111403030105,2013,0.0,0.0,0.0
111403030105,2014,0.0,0.0,0.0
111403030105,2015,0.0,0.0,0.0
111403030105,2016,0.0,0.0,0.0
111403030105,2017,0.0,0.0,0.0
111403030105,2018,0.0,0.0,0.0
111403030105,2019,0.005806852,0.141629912,0.13582306
111403030105,2020,0.0,0.0,0.0
111403030106,2000,0.005320434,0.129767262,0.124446661
111403030106,2001,0.00360789,0.087995992,0.084388184
111403030106,2002,0.00517871,0.126311592,0.121132797
111403030106,2003,0.007465474,0.182084329,0.174618855
111403030106,2004,0.006840926,0.166851445,0.160010604
111403030106,2005,0.003902778,0.095190704,0.091287926
111403030106,2006,0.005479682,0.133650041,0.128170526
111403030106,2007,0.005444767,0.13279914,0.127354373
111403030106,2008,0.006321721,0.154188167,0.147866366
111403030106,2009,0.00302131,0.073688959,0.070667649
111403030106,2010,0.0,0.0,0.0
111403030106,2011,0.01052577,0.256727386,0.246201534
111403030106,2012,0.0,0.0,0.0
111403030106,2013,0.009625792,0.234774419,0.225148625
111403030106,2014,0.009335805,0.227703521,0.218367463
111403030106,2015,0.006305408,0.153791005,0.147485512
111403030106,2016,0.008204036,0.200098393,0.191894276
111403030106,2017,0.003636551,0.088697734,0.085061268
111403030106,2018,0.009252208,0.225663285,0.216411159
111403030106,2019,0.006064745,0.147921888,0.141857142
111403030106,2020,0.006854216,0.167178055,0.160323923
111403030107,2000,0.0,0.0,0.0
111403030107,2001,0.0,0.0,0.0
111403030107,2002,0.0,0.0,0.0
111403030107,2003,0.0,0.0,0.0
111403030107,2004,0.0,0.0,0.0
111403030107,2005,0.0,0.0,0.0
111403030107,2006,0.0,0.0,0.0
111403030107,2007,0.0,0.0,0.0
111403030107,2008,0.0,0.0,0.0
111403030107,2009,0.0,0.0,0.0
111403030107,2010,0.0,0.0,0.0
111403030107,2011,0.0,0.0,0.0
111403030107,2012,0.0,0.0,0.0
111403030107,2013,0.0,0.0,0.0
111403030107,2014,0.0,0.0,0.0
111403030107,2015,0.0,0.0,0.0
111403030107,2016,0.0,0.0,0.0
111403030107,2017,0.0,0.0,0.0
111403030107,2018,0.0,0.0,0.0
111403030107,2019,0.0,0.0,0.0
111403030107,2020,0.0,0.0,0.0
111403030108,2000,3.527e-06,8.5459e-05,8.1932e-05
111403030108,2001,0.0,0.0,0.0
111403030108,2002,0.0,0.0,0.0
111403030108,2003,3.962e-06,0.000100101,9.5888e-05
111403030108,2004,4.093e-06,9.8478e-05,9.447e-05
111403030108,2005,0.0,0.0,0.0
111403030108,2006,0.0,0.0,0.0
111403030108,2007,0.00141391,0.034487162,0.033073164
111403030108,2008,0.0,0.0,0.0
111403030108,2009,0.0,0.0,0.0
111403030108,2010,0.0,0.0,0.0
111403030108,2011,0.0,0.0,0.0
111403030108,2012,0.0,0.0,0.0
111403030108,2013,0.0,0.0,0.0
111403030108,2014,0.0,0.0,0.0
111403030108,2015,0.0,0.0,0.0
111403030108,2016,0.0,0.0,0.0
111403030108,2017,0.0,0.0,0.0
111403030108,2018,5.195e-06,0.000125211,0.000120104
111403030108,2019,0.000769951,0.018778523,0.018008658
111403030108,2020,0.000360268,0.008784331,0.008424066
111403030109,2000,1.209e-05,0.000295926,0.000283839
111403030109,2001,7.59e-07,1.954e-05,1.8781e-05
111403030109,2002,0.005359767,0.130727745,0.12536806
111403030109,2003,0.013490052,0.32902857,0.315538521
111403030109,2004,0.00628521,0.153299702,0.147014238
111403030109,2005,0.007473666,0.182282668,0.17480909
111403030109,2006,0.005038485,0.122889096,0.117850611
111403030109,2007,0.014480211,0.353177244,0.338696868
111403030109,2008,0.010780877,0.262949328,0.252168366
111403030109,2009,0.007129923,0.173898677,0.166768753
111403030109,2010,0.013975521,0.34086523,0.326889877
111403030109,2011,0.020896647,0.509674921,0.488778192
111403030109,2012,0.016089781,0.392431454,0.376341921
111403030109,2013,0.029033712,0.70813849,0.679104696
111403030109,2014,0.013187723,0.321652153,0.308464515
111403030109,2015,0.016974058,0.414001534,0.397027559
111403030109,2016,0.009832109,0.239809724,0.229977615
111403030109,2017,0.009450375,0.230498044,0.221047581
111403030109,2018,0.023835036,0.581342074,0.557507038
111403030109,2019,0.01150746,0.280670011,0.269162551
111403030109,2020,0.016675402,0.406716806,0.390041317
111403030110,2000,0.0,0.0,0.0
111403030110,2001,0.0,0.0,0.0
111403030110,2002,0.034755211,0.077752178,0.04299697
111403030110,2003,0.057675342,0.169135926,0.111460586
111403030110,2004,0.076439954,0.226153642,0.149713604
111403030110,2005,0.095269074,0.215541008,0.120271852
111403030110,2006,0.059018036,0.132031425,0.073013389
111403030110,2007,0.122840126,0.286340748,0.163500537
111403030110,2008,0.081058169,0.211640287,0.130581951
111403030110,2009,0.235559978,0.381164877,0.145604986
111403030110,2010,0.17317774,0.329862373,0.156684715
111403030110,2011,0.723499066,1.083082441,0.359583373
111403030110,2012,0.219438492,0.429429604,0.209991033
111403030110,2013,0.613876011,1.04400686,0.430130849
111403030110,2014,0.284552682,0.356582222,0.072029625
111403030110,2015,0.310944164,0.55724757,0.246303405
111403030110,2016,0.215425533,0.298787052,0.083361601
111403030110,2017,0.19901006,0.263589589,0.064579447
111403030110,2018,0.445421605,0.808387786,0.362966096
111403030110,2019,0.0651096,0.290667493,0.225557978
111403030110,2020,0.20681082,0.439089052,0.232278066
111403030111,2000,0.0,0.0,0.0
111403030111,2001,0.0,0.0,0.0
111403030111,2002,0.0,0.0,0.0
111403030111,2003,0.0,0.0,0.0
111403030111,2004,0.0,0.0,0.0
111403030111,2005,0.0,0.0,0.0
111403030111,2006,0.0,0.0,0.0
111403030111,2007,0.006501515,0.158572942,0.152071512
111403030111,2008,0.0,0.0,0.0
111403030111,2009,0.0,0.0,0.0
111403030111,2010,0.0,0.0,0.0
111403030111,2011,0.0,0.0,0.0
111403030111,2012,0.0,0.0,0.0
111403030111,2013,0.026712984,0.651536211,0.62482323
111403030111,2014,0.02575571,0.628185195,0.602429567
111403030111,2015,0.0,0.0,0.0
111403030111,2016,0.0,0.0,0.0
111403030111,2017,0.0,0.0,0.0
111403030111,2018,0.0,0.0,0.0
111403030111,2019,0.0,0.0,0.0
111403030111,2020,0.0,0.0,0.0
111403030201,2000,0.0,0.0,0.0
111403030201,2001,0.0,0.0,0.0
111403030201,2002,0.10223603,0.10223603,0.0
111403030201,2003,0.161898433,0.161898433,0.0
111403030201,2004,0.301218361,0.301218361,0.0
111403030201,2005,0.12940634,0.12940634,0.0
111403030201,2006,0.220951827,0.220951827,0.0
111403030201,2007,0.382787121,0.382787121,0.0
111403030201,2008,0.223071872,0.223071872,0.0
111403030201,2009,0.136698948,0.136698948,0.0
111403030201,2010,0.190979132,0.190979132,0.0
111403030201,2011,0.452820562,0.452820562,0.0
111403030201,2012,0.171972697,0.171972697,0.0
111403030201,2013,0.250213033,0.250213033,0.0
111403030201,2014,0.341724986,0.341724986,0.0
111403030201,2015,0.136727474,0.136727474,0.0
111403030201,2016,0.227898314,0.227898314,0.0
111403030201,2017,0.4858878,0.4858878,0.0
111403030201,2018,0.508495096,0.508495096,0.0
111403030201,2019,0.267228315,0.267228315,0.0
111403030201,2020,0.155086762,0.155086762,0.0
111403030202,2000,0.244423287,0.244423287,0.0
111403030202,2001,0.094449178,0.094449178,0.0
111403030202,2002,0.0,0.0,0.0
111403030202,2003,0.324693759,0.324693759,0.0
111403030202,2004,0.097107167,0.097107167,0.0
111403030202,2005,0.392376197,0.392376197,0.0
111403030202,2006,0.428146658,0.428146658,0.0
111403030202,2007,0.270831526,0.270831526,0.0
111403030202,2008,0.0,0.0,0.0
111403030202,2009,0.0,0.0,0.0
111403030202,2010,0.0,0.0,0.0
111403030202,2011,0.284949559,0.284949559,0.0
111403030202,2012,0.171635055,0.171635055,0.0
111403030202,2013,0.0,0.0,0.0
111403030202,2014,0.0,0.0,0.0
111403030202,2015,0.0,0.0,0.0
111403030202,2016,0.0,0.0,0.0
111403030202,2017,0.0,0.0,0.0
111403030202,2018,0.046639822,0.046639822,0.0
111403030202,2019,0.083854882,0.083854882,0.0
111403030202,2020,0.0,0.0,0.0
111403030203,2000,0.084907273,0.261253112,0.176345754
111403030203,2001,0.055859115,0.164776195,0.108916995
111403030203,2002,0.0,0.0,0.0
111403030203,2003,1.178e-06,1.0844e-05,9.499e-06
111403030203,2004,0.059574923,0.227385235,0.167810311
111403030203,2005,0.012838263,0.033607718,0.020769622
111403030203,2006,0.142422016,0.432893559,0.290471622
111403030203,2007,0.067842173,0.221706838,0.153864581
111403030203,2008,0.0,0.0,0.0
111403030203,2009,0.0,0.0,0.0
111403030203,2010,0.0,0.0,0.0
111403030203,2011,0.0,0.0,0.0
111403030203,2012,7.41e-06,7.41e-06,0.0
111403030203,2013,0.0,0.0,0.0
111403030203,2014,0.0,0.0,0.0
111403030203,2015,0.0,0.0,0.0
111403030203,2016,0.0,0.0,0.0
111403030203,2017,0.0,0.0,0.0
111403030203,2018,0.0,0.0,0.0
111403030203,2019,0.0,0.0,0.0
111403030203,2020,0.0,0.0,0.0
111403030204,2000,0.0,0.0,0.0
111403030204,2001,0.0,0.0,0.0
111403030204,2002,0.0,0.0,0.0
111403030204,2003,0.0,0.0,0.0
111403030204,2004,0.0,0.0,0.0
111403030204,2005,0.0,0.0,0.0
111403030204,2006,0.0,0.0,0.0
111403030204,2007,0.0,0.0,0.0
111403030204,2008,0.0,0.0,0.0
111403030204,2009,0.0,0.0,0.0
111403030204,2010,0.0,0.0,0.0
111403030204,2011,0.0,0.0,0.0
111403030204,2012,0.0,0.0,0.0
111403030204,2013,0.0,0.0,0.0
111403030204,2014,0.0,0.0,0.0
111403030204,2015,0.0,0.0,0.0
111403030204,2016,0.0,0.0,0.0
111403030204,2017,0.0,0.0,0.0
111403030204,2018,0.0,0.0,0.0
111403030204,2019,0.0,0.0,0.0
111403030204,2020,0.0,0.0,0.0
111403030205,2000,0.0,0.0,0.0
111403030205,2001,0.0,0.0,0.0
111403030205,2002,0.0,0.0,0.0
111403030205,2003,0.0,0.0,0.0
111403030205,2004,0.0,0.0,0.0
111403030205,2005,0.0,0.0,0.0
111403030205,2006,0.0,0.0,0.0
111403030205,2007,0.0,0.0,0.0
111403030205,2008,0.0,0.0,0.0
111403030205,2009,0.0,0.0,0.0
111403030205,2010,0.0,0.0,0.0
111403030205,2011,0.0,0.0,0.0
111403030205,2012,0.0,0.0,0.0
111403030205,2013,0.0,0.0,0.0
111403030205,2014,0.0,0.0,0.0
111403030205,2015,0.0,0.0,0.0
111403030205,2016,0.0,0.0,0.0
111403030205,2017,0.0,0.0,0.0
111403030205,2018,0.0,0.0,0.0
111403030205,2019,0.0,0.0,0.0
111403030205,2020,0.0,0.0,0.0
111403030206,2000,0.0,0.0,0.0
111403030206,2001,0.0,0.0,0.0
111403030206,2002,0.0,0.0,0.0
111403030206,2003,0.0,0.0,0.0
111403030206,2004,0.0,0.0,0.0
111403030206,2005,0.0,0.0,0.0
111403030206,2006,0.0,0.0,0.0
111403030206,2007,0.0,0.0,0.0
111403030206,2008,0.0,0.0,0.0
111403030206,2009,0.0,0.0,0.0
111403030206,2010,0.0,0.0,0.0
111403030206,2011,0.0,0.0,0.0
111403030206,2012,0.0,0.0,0.0
111403030206,2013,0.0,0.0,0.0
111403030206,2014,0.0,0.0,0.0
111403030206,2015,0.0,0.0,0.0
111403030206,2016,0.0,0.0,0.0
111403030206,2017,0.0,0.0,0.0
111403030206,2018,0.0,0.0,0.0
111403030206,2019,0.0,0.0,0.0
111403030206,2020,0.0,0.0,0.0
111403030207,2000,0.0,0.0,0.0
111403030207,2001,0.0,0.0,0.0
111403030207,2002,0.0,0.0,0.0
111403030207,2003,0.0,0.0,0.0
111403030207,2004,0.0,0.0,0.0
111403030207,2005,0.0,0.0,0.0
111403030207,2006,0.0,0.0,0.0
111403030207,2007,0.0,0.0,0.0
111403030207,2008,0.0,0.0,0.0
111403030207,2009,0.0,0.0,0.0
111403030207,2010,0.0,0.0,0.0
111403030207,2011,0.0,0.0,0.0
111403030207,2012,0.0,0.0,0.0
111403030207,2013,0.0,0.0,0.0
111403030207,2014,0.0,0.0,0.0
111403030207,2015,0.0,0.0,0.0
111403030207,2016,0.0,0.0,0.0
111403030207,2017,0.0,0.0,0.0
111403030207,2018,0.0,0.0,0.0
111403030207,2019,0.0,0.0,0.0
111403030207,2020,0.0,0.0,0.0
111403030208,2000,0.0,0.0,0.0
111403030208,2001,0.0,0.0,0.0
111403030208,2002,0.0,0.0,0.0
111403030208,2003,0.0,0.0,0.0
111403030208,2004,0.0,0.0,0.0
111403030208,2005,0.0,0.0,0.0
111403030208,2006,0.0,0.0,0.0
111403030208,2007,0.0,0.0,0.0
111403030208,2008,0.0,0.0,0.0
111403030208,2009,0.0,0.0,0.0
111403030208,2010,0.0,0.0,0.0
111403030208,2011,0.0,0.0,0.0
111403030208,2012,0.0,0.0,0.0
111403030208,2013,0.0,0.0,0.0
111403030208,2014,0.0,0.0,0.0
111403030208,2015,0.0,0.0,0.0
111403030208,2016,0.0,0.0,0.0
111403030208,2017,0.0,0.0,0.0
111403030208,2018,0.0,0.0,0.0
111403030208,2019,0.0,0.0,0.0
111403030208,2020,0.0,0.0,0.0
111403040201,2000,0.0,0.0,0.0
111403040201,2001,0.0,0.0,0.0
111403040201,2002,0.0,0.0,0.0
111403040201,2003,0.0,0.0,0.0
111403040201,2004,0.0,0.0,0.0
111403040201,2005,0.0,0.0,0.0
111403040201,2006,0.0,0.0,0.0
111403040201,2007,0.0,0.0,0.0
111403040201,2008,0.0,0.0,0.0
111403040201,2009,0.0,0.0,0.0
111403040201,2010,0.0,0.0,0.0
111403040201,2011,0.0,0.0,0.0
111403040201,2012,0.0,0.0,0.0
111403040201,2013,0.0,0.0,0.0
111403040201,2014,0.0,0.0,0.0
111403040201,2015,0.0,0.0,0.0
111403040201,2016,0.0,0.0,0.0
111403040201,2017,0.0,0.0,0.0
111403040201,2018,0.0,0.0,0.0
111403040201,2019,0.0,0.0,0.0
111403040201,2020,0.0,0.0,0.0
111403040202,2000,0.0,0.0,0.0
111403040202,2001,0.0,0.0,0.0
111403040202,2002,0.0,0.0,0.0
111403040202,2003,0.0,0.0,0.0
111403040202,2004,0.0,0.0,0.0
111403040202,2005,0.0,0.0,0.0
111403040202,2006,0.0,0.0,0.0
111403040202,2007,0.0,0.0,0.0
111403040202,2008,0.0,0.0,0.0
111403040202,2009,0.0,0.0,0.0
111403040202,2010,0.0,0.0,0.0
111403040202,2011,0.0,0.0,0.0
111403040202,2012,0.0,0.0,0.0
111403040202,2013,0.0,0.0,0.0
111403040202,2014,0.0,0.0,0.0
111403040202,2015,0.0,0.0,0.0
111403040202,2016,0.0,0.0,0.0
111403040202,2017,0.0,0.0,0.0
111403040202,2018,0.0,0.0,0.0
111403040202,2019,0.0,0.0,0.0
111403040202,2020,0.0,0.0,0.0
111403050101,2000,0.0,0.0,0.0
111403050101,2001,0.0,0.0,0.0
111403050101,2002,3.9523e-05,0.000965688,0.000925995
111403050101,2003,7.0521e-05,0.001720107,0.001649586
111403050101,2004,5.4992e-05,0.001341273,0.001286281
111403050101,2005,7.4912e-05,0.001823742,0.001748997
111403050101,2006,6.2342e-05,0.001520942,0.001458515
111403050101,2007,0.005032625,0.122746052,0.117713512
111403050101,2008,0.005090929,0.124166672,0.119075995
111403050101,2009,4.1444e-05,0.001011808,0.000970279
111403050101,2010,6.1342e-05,0.001496852,0.001435425
111403050101,2011,9.5715e-05,0.002332408,0.002236778
111403050101,2012,0.0,0.0,0.0
111403050101,2013,9.3701e-05,0.002285712,0.002192011
111403050101,2014,7.5704e-05,0.001846049,0.00177051
111403050101,2015,3.9778e-05,0.00097069,0.000930915
111403050101,2016,4.7779e-05,0.001167626,0.001119598
111403050101,2017,5.5855e-05,0.001359614,0.001303926
111403050101,2018,0.00772694,0.188461751,0.180734896
111403050101,2019,0.005293066,0.129099153,0.123806085
111403050101,2020,5.2434e-05,0.001276426,0.001224156
111403050102,2000,0.0,0.0,0.0
111403050102,2001,0.0,0.0,0.0
111403050102,2002,0.000379677,0.000379677,0.0
111403050102,2003,0.0,0.0,0.0
111403050102,2004,0.0,0.0,0.0
111403050102,2005,0.0,0.0,0.0
111403050102,2006,0.0,0.0,0.0
111403050102,2007,0.000409641,0.000409641,0.0
111403050102,2008,0.000417923,0.000417923,0.0
111403050102,2009,0.000454307,0.000454307,0.0
111403050102,2010,0.0,0.0,0.0
111403050102,2011,0.000835296,0.000835296,0.0
111403050102,2012,0.0,0.0,0.0
111403050102,2013,0.0,0.0,0.0
111403050102,2014,0.000887934,0.000887934,0.0
111403050102,2015,0.000507556,0.000507556,0.0
111403050102,2016,0.0,0.0,0.0
111403050102,2017,0.0,0.0,0.0
111403050102,2018,0.000699504,0.000699504,0.0
111403050102,2019,0.000411896,0.000411896,0.0
111403050102,2020,0.000462781,0.000462781,0.0
111403050103,2000,0.0,0.0,0.0
111403050103,2001,0.0,0.0,0.0
111403050103,2002,0.0,0.0,0.0
111403050103,2003,0.0,0.0,0.0
111403050103,2004,0.0,0.0,0.0
111403050103,2005,0.0,0.0,0.0
111403050103,2006,0.0,0.0,0.0
111403050103,2007,0.0,0.0,0.0
111403050103,2008,0.0,0.0,0.0
111403050103,2009,0.0,0.0,0.0
111403050103,2010,0.0,0.0,0.0
111403050103,2011,0.0,0.0,0.0
111403050103,2012,0.0,0.0,0.0
111403050103,2013,0.0,0.0,0.0
111403050103,2014,0.0,0.0,0.0
111403050103,2015,0.0,0.0,0.0
111403050103,2016,0.0,0.0,0.0
111403050103,2017,0.0,0.0,0.0
111403050103,2018,0.0,0.0,0.0
111403050103,2019,0.0,0.0,0.0
111403050103,2020,0.0,0.0,0.0
111403050201,2000,0.171034156,0.178532574,0.007498333
111403050201,2001,0.114469384,0.124423337,0.009953786
111403050201,2002,0.181175022,0.192739345,0.011564323
111403050201,2003,0.216390838,0.239635425,0.023244586
111403050201,2004,0.192099331,0.215357932,0.023258683
111403050201,2005,0.333595,0.358319096,0.024724011
111403050201,2006,0.51383903,0.563420036,0.049580921
111403050201,2007,0.162255326,0.179089611,0.016834452
111403050201,2008,0.268052768,0.294240052,0.026187448
111403050201,2009,0.199612329,0.220322679,0.020710266
111403050201,2010,0.378959858,0.417356647,0.038396874
111403050201,2011,0.372828151,0.414714299,0.04188623
111403050201,2012,0.253439361,0.28832685,0.034887571
111403050201,2013,0.552340063,0.621305019,0.068964874
111403050201,2014,0.379631184,0.442976641,0.063345542
111403050201,2015,0.280794247,0.316923652,0.036129238
111403050201,2016,0.260881096,0.281729074,0.020847814
111403050201,2017,0.368526148,0.409019132,0.040492896
111403050201,2018,0.384733263,0.43620557,0.051472225
111403050201,2019,0.270956893,0.302407233,0.03145034
111403050201,2020,0.184242978,0.209605186,0.025362208
111403050202,2000,0.0,0.0,0.0
111403050202,2001,0.0,0.0,0.0
111403050202,2002,0.0,0.0,0.0
111403050202,2003,0.0,0.0,0.0
111403050202,2004,0.0,0.0,0.0
111403050202,2005,0.0,0.0,0.0
111403050202,2006,0.0,0.0,0.0
111403050202,2007,0.0,0.0,0.0
111403050202,2008,0.0,0.0,0.0
111403050202,2009,0.0,0.0,0.0
111403050202,2010,0.0,0.0,0.0
111403050202,2011,0.0,0.0,0.0
111403050202,2012,0.0,0.0,0.0
111403050202,2013,0.0,0.0,0.0
111403050202,2014,0.0,0.0,0.0
111403050202,2015,0.0,0.0,0.0
111403050202,2016,0.0,0.0,0.0
111403050202,2017,0.0,0.0,0.0
111403050202,2018,0.0,0.0,0.0
111403050202,2019,0.0,0.0,0.0
111403050202,2020,0.0,0.0,0.0
111403050203,2000,0.0,0.0,0.0
111403050203,2001,0.0,0.0,0.0
111403050203,2002,0.0,0.0,0.0
111403050203,2003,0.0,0.0,0.0
111403050203,2004,0.0,0.0,0.0
111403050203,2005,0.0,0.0,0.0
111403050203,2006,0.0,0.0,0.0
111403050203,2007,0.0,0.0,0.0
111403050203,2008,0.0,0.0,0.0
111403050203,2009,0.0,0.0,0.0
111403050203,2010,0.0,0.0,0.0
111403050203,2011,0.0,0.0,0.0
111403050203,2012,0.0,0.0,0.0
111403050203,2013,0.0,0.0,0.0
111403050203,2014,0.0,0.0,0.0
111403050203,2015,0.0,0.0,0.0
111403050203,2016,0.0,0.0,0.0
111403050203,2017,0.0,0.0,0.0
111403050203,2018,0.0,0.0,0.0
111403050203,2019,0.0,0.0,0.0
111403050203,2020,0.0,0.0,0.0
111403050204,2000,0.0,0.0,0.0
111403050204,2001,0.0,0.0,0.0
111403050204,2002,0.0,0.0,0.0
111403050204,2003,0.0,0.0,0.0
111403050204,2004,0.0,0.0,0.0
111403050204,2005,0.0,0.0,0.0
111403050204,2006,0.0,0.0,0.0
111403050204,2007,0.0,0.0,0.0
111403050204,2008,0.0,0.0,0.0
111403050204,2009,0.0,0.0,0.0
111403050204,2010,0.0,0.0,0.0
111403050204,2011,0.0,0.0,0.0
111403050204,2012,0.0,0.0,0.0
111403050204,2013,0.0,0.0,0.0
111403050204,2014,0.0,0.0,0.0
111403050204,2015,0.0,0.0,0.0
111403050204,2016,0.0,0.0,0.0
111403050204,2017,0.0,0.0,0.0
111403050204,2018,0.0,0.0,0.0
111403050204,2019,0.0,0.0,0.0
111403050204,2020,0.0,0.0,0.0
111403050301,2000,0.0,0.0,0.0
111403050301,2001,0.0,0.0,0.0
111403050301,2002,0.0,0.0,0.0
111403050301,2003,0.0,0.0,0.0
111403050301,2004,0.0,0.0,0.0
111403050301,2005,0.0,0.0,0.0
111403050301,2006,0.0,0.0,0.0
111403050301,2007,3.34e-07,4.079e-06,3.83e-06
111403050301,2008,0.0,0.0,0.0
111403050301,2009,0.0,0.0,0.0
111403050301,2010,0.0,0.0,0.0
111403050301,2011,0.0,0.0,0.0
111403050301,2012,0.0,0.0,0.0
111403050301,2013,0.0,0.0,0.0
111403050301,2014,0.0,0.0,0.0
111403050301,2015,0.0,0.0,0.0
111403050301,2016,0.0,0.0,0.0
111403050301,2017,0.0,0.0,0.0
111403050301,2018,0.0,0.0,0.0
111403050301,2019,0.0,0.0,0.0
111403050301,2020,0.0,0.0,0.0
111403050302,2000,0.0,0.0,0.0
111403050302,2001,0.0,0.0,0.0
111403050302,2002,0.0,0.0,0.0
111403050302,2003,0.0,0.0,0.0
111403050302,2004,0.0,0.0,0.0
111403050302,2005,0.0,0.0,0.0
111403050302,2006,0.0,0.0,0.0
111403050302,2007,0.0,0.0,0.0
111403050302,2008,0.0,0.0,0.0
111403050302,2009,0.0,0.0,0.0
111403050302,2010,0.0,0.0,0.0
111403050302,2011,0.0,0.0,0.0
111403050302,2012,0.0,0.0,0.0
111403050302,2013,0.0,0.0,0.0
111403050302,2014,0.0,0.0,0.0
111403050302,2015,0.0,0.0,0.0
111403050302,2016,0.0,0.0,0.0
111403050302,2017,0.0,0.0,0.0
111403050302,2018,0.0,0.0,0.0
111403050302,2019,0.0,0.0,0.0
111403050302,2020,0.0,0.0,0.0
111403050303,2000,0.0,0.0,0.0
111403050303,2001,0.0,0.0,0.0
111403050303,2002,0.0,0.0,0.0
111403050303,2003,0.0,0.0,0.0
111403050303,2004,0.0,0.0,0.0
111403050303,2005,0.0,0.0,0.0
111403050303,2006,0.0,0.0,0.0
111403050303,2007,0.027498151,0.046924975,0.01942691
111403050303,2008,0.0,0.0,0.0
111403050303,2009,0.0,0.0,0.0
111403050303,2010,0.0,0.0,0.0
111403050303,2011,0.0,0.0,0.0
111403050303,2012,0.0,0.0,0.0
111403050303,2013,0.0,0.0,0.0
111403050303,2014,0.0,0.0,0.0
111403050303,2015,0.0,0.0,0.0
111403050303,2016,0.0,0.0,0.0
111403050303,2017,0.0,0.0,0.0
111403050303,2018,0.0,0.0,0.0
111403050303,2019,0.0,0.0,0.0
111403050303,2020,0.0,0.0,0.0
111403050304,2000,0.0,0.0,0.0
111403050304,2001,0.0,0.0,0.0
111403050304,2002,0.0,0.0,0.0
111403050304,2003,0.0,0.0,0.0
111403050304,2004,0.0,0.0,0.0
111403050304,2005,0.0,0.0,0.0
111403050304,2006,0.0,0.0,0.0
111403050304,2007,0.0,0.0,0.0
111403050304,2008,0.0,0.0,0.0
111403050304,2009,0.0,0.0,0.0
111403050304,2010,0.0,0.0,0.0
111403050304,2011,0.0,0.0,0.0
111403050304,2012,0.0,0.0,0.0
111403050304,2013,0.0,0.0,0.0
111403050304,2014,0.0,0.0,0.0
111403050304,2015,0.0,0.0,0.0
111403050304,2016,0.0,0.0,0.0
111403050304,2017,0.0,0.0,0.0
111403050304,2018,0.0,0.0,0.0
111403050304,2019,0.0,0.0,0.0
111403050304,2020,0.0,0.0,0.0
111403050305,2000,0.0,0.0,0.0
111403050305,2001,0.0,0.0,0.0
111403050305,2002,0.0,0.0,0.0
111403050305,2003,0.0,0.0,0.0
111403050305,2004,0.0,0.0,0.0
111403050305,2005,0.0,0.0,0.0
111403050305,2006,0.0,0.0,0.0
111403050305,2007,0.0,0.0,0.0
111403050305,2008,0.0,0.0,0.0
111403050305,2009,0.0,0.0,0.0
111403050305,2010,0.0,0.0,0.0
111403050305,2011,0.0,0.0,0.0
111403050305,2012,0.0,0.0,0.0
111403050305,2013,0.0,0.0,0.0
111403050305,2014,0.0,0.0,0.0
111403050305,2015,0.0,0.0,0.0
111403050305,2016,0.0,0.0,0.0
111403050305,2017,0.0,0.0,0.0
111403050305,2018,0.0,0.0,0.0
111403050305,2019,0.0,0.0,0.0
111403050305,2020,0.0,0.0,0.0
111403050306,2000,0.0,0.0,0.0
111403050306,2001,0.0,0.0,0.0
111403050306,2002,0.0,0.0,0.0
111403050306,2003,0.051031715,0.051031715,0.0
111403050306,2004,0.040269566,0.040269566,0.0
111403050306,2005,0.0,0.0,0.0
111403050306,2006,0.0,0.0,0.0
111403050306,2007,0.041978597,0.046798921,0.004820323
111403050306,2008,0.023644459,0.023644459,0.0
111403050306,2009,0.073370175,0.073370175,0.0
111403050306,2010,0.091491638,0.10314737,0.011655647
111403050306,2011,0.0,0.0,0.0
111403050306,2012,0.0,0.0,0.0
111403050306,2013,0.0,0.0,0.0
111403050306,2014,0.0,0.0,0.0
111403050306,2015,0.081355145,0.081355145,0.0
111403050306,2016,0.0,0.0,0.0
111403050306,2017,0.060514652,0.060514652,0.0
111403050306,2018,0.0,0.0,0.0
111403050306,2019,0.0,0.0,0.0
111403050306,2020,0.07027115,0.079312803,0.009041732
111403050307,2000,0.0,0.0,0.0
111403050307,2001,0.0,0.0,0.0
111403050307,2002,0.0,0.0,0.0
111403050307,2003,0.0,0.0,0.0
111403050307,2004,0.0,0.0,0.0
111403050307,2005,0.0,0.0,0.0
111403050307,2006,0.0,0.0,0.0
111403050307,2007,0.191704321,0.327140496,0.135436175
111403050307,2008,0.0,0.0,0.0
111403050307,2009,0.0,0.0,0.0
111403050307,2010,0.0,0.0,0.0
111403050307,2011,0.0,0.0,0.0
111403050307,2012,0.0,0.0,0.0
111403050307,2013,0.0,0.0,0.0
111403050307,2014,0.0,0.0,0.0
111403050307,2015,0.0,0.0,0.0
111403050307,2016,0.0,0.0,0.0
111403050307,2017,0.0,0.0,0.0
111403050307,2018,0.0,0.0,0.0
111403050307,2019,0.0,0.0,0.0
111403050307,2020,0.0,0.0,0.0
111403050308,2000,0.0,0.0,0.0
111403050308,2001,0.0,0.0,0.0
111403050308,2002,0.0,0.0,0.0
111403050308,2003,0.0,0.0,0.0
111403050308,2004,0.0,0.0,0.0
111403050308,2005,0.0,0.0,0.0
111403050308,2006,0.0,0.0,0.0
111403050308,2007,0.0,0.0,0.0
111403050308,2008,0.0,0.0,0.0
111403050308,2009,0.0,0.0,0.0
111403050308,2010,0.0,0.0,0.0
111403050308,2011,0.0,0.0,0.0
111403050308,2012,0.0,0.0,0.0
111403050308,2013,0.0,0.0,0.0
111403050308,2014,0.0,0.0,0.0
111403050308,2015,0.0,0.0,0.0
111403050308,2016,0.0,0.0,0.0
111403050308,2017,0.0,0.0,0.0
111403050308,2018,0.0,0.0,0.0
111403050308,2019,0.0,0.0,0.0
111403050308,2020,0.0,0.0,0.0
111403050309,2000,0.0,0.0,0.0
111403050309,2001,0.0,0.0,0.0
111403050309,2002,0.0,0.0,0.0
111403050309,2003,0.0,0.0,0.0
111403050309,2004,0.0,0.0,0.0
111403050309,2005,0.0,0.0,0.0
111403050309,2006,0.0,0.0,0.0
111403050309,2007,0.0,0.0,0.0
111403050309,2008,0.0,0.0,0.0
111403050309,2009,0.0,0.0,0.0
111403050309,2010,0.0,0.0,0.0
111403050309,2011,0.0,0.0,0.0
111403050309,2012,0.0,0.0,0.0
111403050309,2013,0.0,0.0,0.0
111403050309,2014,0.0,0.0,0.0
111403050309,2015,0.0,0.0,0.0
111403050309,2016,0.0,0.0,0.0
111403050309,2017,0.0,0.0,0.0
111403050309,2018,0.0,0.0,0.0
111403050309,2019,0.0,0.0,0.0
111403050309,2020,0.0,0.0,0.0
111403050310,2000,0.0,0.0,0.0
111403050310,2001,0.0,0.0,0.0
111403050310,2002,0.0,0.0,0.0
111403050310,2003,0.0,0.0,0.0
111403050310,2004,0.0,0.0,0.0
111403050310,2005,0.0,0.0,0.0
111403050310,2006,0.0,0.0,0.0
111403050310,2007,0.0,0.0,0.0
111403050310,2008,0.0,0.0,0.0
111403050310,2009,0.0,0.0,0.0
111403050310,2010,0.0,0.0,0.0
111403050310,2011,0.0,0.0,0.0
111403050310,2012,0.0,0.0,0.0
111403050310,2013,0.0,0.0,0.0
111403050310,2014,0.0,0.0,0.0
111403050310,2015,0.0,0.0,0.0
111403050310,2016,0.0,0.0,0.0
111403050310,2017,0.0,0.0,0.0
111403050310,2018,0.0,0.0,0.0
111403050310,2019,0.0,0.0,0.0
111403050310,2020,0.0,0.0,0.0
111403050401,2000,0.0,0.0,0.0
111403050401,2001,0.0,0.0,0.0
111403050401,2002,0.0,0.0,0.0
111403050401,2003,0.0,0.0,0.0
111403050401,2004,0.0,0.0,0.0
111403050401,2005,0.0,0.0,0.0
111403050401,2006,0.0,0.0,0.0
111403050401,2007,0.0,0.0,0.0
111403050401,2008,0.0,0.0,0.0
111403050401,2009,0.0,0.0,0.0
111403050401,2010,0.0,0.0,0.0
111403050401,2011,0.0,0.0,0.0
111403050401,2012,0.0,0.0,0.0
111403050401,2013,0.0,0.0,0.0
111403050401,2014,0.0,0.0,0.0
111403050401,2015,0.0,0.0,0.0
111403050401,2016,0.0,0.0,0.0
111403050401,2017,0.0,0.0,0.0
111403050401,2018,0.0,0.0,0.0
111403050401,2019,0.0,0.0,0.0
111403050401,2020,0.0,0.0,0.0
111403050402,2000,0.0,0.0,0.0
111403050402,2001,0.0,0.0,0.0
111403050402,2002,0.0,0.0,0.0
111403050402,2003,0.0,0.0,0.0
111403050402,2004,0.0,0.0,0.0
111403050402,2005,0.0,0.0,0.0
111403050402,2006,0.0,0.0,0.0
111403050402,2007,0.0,0.0,0.0
111403050402,2008,0.0,0.0,0.0
111403050402,2009,0.0,0.0,0.0
111403050402,2010,0.0,0.0,0.0
111403050402,2011,0.0,0.0,0.0
111403050402,2012,0.0,0.0,0.0
111403050402,2013,0.0,0.0,0.0
111403050402,2014,0.0,0.0,0.0
111403050402,2015,0.0,0.0,0.0
111403050402,2016,0.0,0.0,0.0
111403050402,2017,0.0,0.0,0.0
111403050402,2018,0.0,0.0,0.0
111403050402,2019,0.0,0.0,0.0
111403050402,2020,0.0,0.0,0.0
111403050403,2000,0.0,0.0,0.0
111403050403,2001,0.0,0.0,0.0
111403050403,2002,0.0,0.0,0.0
111403050403,2003,0.0,0.0,0.0
111403050403,2004,0.0,0.0,0.0
111403050403,2005,0.0,0.0,0.0
111403050403,2006,0.0,0.0,0.0
111403050403,2007,0.0,0.0,0.0
111403050403,2008,0.0,0.0,0.0
111403050403,2009,0.0,0.0,0.0
111403050403,2010,0.0,0.0,0.0
111403050403,2011,0.0,0.0,0.0
111403050403,2012,0.0,0.0,0.0
111403050403,2013,0.0,0.0,0.0
111403050403,2014,0.0,0.0,0.0
111403050403,2015,0.0,0.0,0.0
111403050403,2016,0.0,0.0,0.0
111403050403,2017,0.0,0.0,0.0
111403050403,2018,0.0,0.0,0.0
111403050403,2019,0.0,0.0,0.0
111403050403,2020,0.0,0.0,0.0
111403050404,2000,0.0,0.0,0.0
111403050404,2001,0.0,0.0,0.0
111403050404,2002,0.0,0.0,0.0
111403050404,2003,0.0,0.0,0.0
111403050404,2004,0.0,0.0,0.0
111403050404,2005,0.0,0.0,0.0
111403050404,2006,0.0,0.0,0.0
111403050404,2007,0.0,0.0,0.0
111403050404,2008,0.0,0.0,0.0
111403050404,2009,0.0,0.0,0.0
111403050404,2010,0.0,0.0,0.0
111403050404,2011,0.0,0.0,0.0
111403050404,2012,0.0,0.0,0.0
111403050404,2013,0.0,0.0,0.0
111403050404,2014,0.0,0.0,0.0
111403050404,2015,0.0,0.0,0.0
111403050404,2016,0.0,0.0,0.0
111403050404,2017,0.0,0.0,0.0
111403050404,2018,0.0,0.0,0.0
111403050404,2019,0.0,0.0,0.0
111403050404,2020,0.0,0.0,0.0
111403050405,2000,0.0,0.0,0.0
111403050405,2001,0.0,0.0,0.0
111403050405,2002,0.0,0.0,0.0
111403050405,2003,0.0,0.0,0.0
111403050405,2004,0.0,0.0,0.0
111403050405,2005,0.0,0.0,0.0
111403050405,2006,0.0,0.0,0.0
111403050405,2007,0.0,0.0,0.0
111403050405,2008,0.0,0.0,0.0
111403050405,2009,0.0,0.0,0.0
111403050405,2010,0.0,0.0,0.0
111403050405,2011,0.0,0.0,0.0
111403050405,2012,0.0,0.0,0.0
111403050405,2013,0.0,0.0,0.0
111403050405,2014,0.0,0.0,0.0
111403050405,2015,0.0,0.0,0.0
111403050405,2016,0.0,0.0,0.0
111403050405,2017,0.0,0.0,0.0
111403050405,2018,0.0,0.0,0.0
111403050405,2019,0.0,0.0,0.0
111403050405,2020,0.0,0.0,0.0
111403050406,2000,0.0,0.0,0.0
111403050406,2001,0.0,0.0,0.0
111403050406,2002,0.0,0.0,0.0
111403050406,2003,0.0,0.0,0.0
111403050406,2004,0.0,0.0,0.0
111403050406,2005,0.0,0.0,0.0
111403050406,2006,0.0,0.0,0.0
111403050406,2007,0.0,0.0,0.0
111403050406,2008,0.0,0.0,0.0
111403050406,2009,0.0,0.0,0.0
111403050406,2010,0.0,0.0,0.0
111403050406,2011,0.0,0.0,0.0
111403050406,2012,0.0,0.0,0.0
111403050406,2013,0.0,0.0,0.0
111403050406,2014,0.0,0.0,0.0
111403050406,2015,0.0,0.0,0.0
111403050406,2016,0.0,0.0,0.0
111403050406,2017,0.0,0.0,0.0
111403050406,2018,0.0,0.0,0.0
111403050406,2019,0.0,0.0,0.0
111403050406,2020,0.0,0.0,0.0
111403050407,2000,0.0,0.0,0.0
111403050407,2001,0.0,0.0,0.0
111403050407,2002,0.0,0.0,0.0
111403050407,2003,0.0,0.0,0.0
111403050407,2004,0.0,0.0,0.0
111403050407,2005,0.0,0.0,0.0
111403050407,2006,0.0,0.0,0.0
111403050407,2007,0.0,0.0,0.0
111403050407,2008,0.0,0.0,0.0
111403050407,2009,0.0,0.0,0.0
111403050407,2010,0.0,0.0,0.0
111403050407,2011,0.0,0.0,0.0
111403050407,2012,0.0,0.0,0.0
111403050407,2013,0.0,0.0,0.0
111403050407,2014,0.0,0.0,0.0
111403050407,2015,0.0,0.0,0.0
111403050407,2016,0.0,0.0,0.0
111403050407,2017,0.0,0.0,0.0
111403050407,2018,0.0,0.0,0.0
111403050407,2019,0.0,0.0,0.0
111403050407,2020,0.0,0.0,0.0
111403060101,2000,0.0,0.0,0.0
111403060101,2001,0.0,0.0,0.0
111403060101,2002,0.0,0.0,0.0
111403060101,2003,0.0,0.0,0.0
111403060101,2004,0.0,0.0,0.0
111403060101,2005,0.0,0.0,0.0
111403060101,2006,0.0,0.0,0.0
111403060101,2007,0.0,0.0,0.0
111403060101,2008,0.0,0.0,0.0
111403060101,2009,0.0,0.0,0.0
111403060101,2010,0.0,0.0,0.0
111403060101,2011,0.0,0.0,0.0
111403060101,2012,0.0,0.0,0.0
111403060101,2013,0.0,0.0,0.0
111403060101,2014,0.0,0.0,0.0
111403060101,2015,0.0,0.0,0.0
111403060101,2016,0.0,0.0,0.0
111403060101,2017,0.0,0.0,0.0
111403060101,2018,0.0,0.0,0.0
111403060101,2019,0.0,0.0,0.0
111403060101,2020,0.0,0.0,0.0
111403060102,2000,0.0,0.0,0.0
111403060102,2001,0.0,0.0,0.0
111403060102,2002,0.0,0.0,0.0
111403060102,2003,0.0,0.0,0.0
111403060102,2004,0.0,0.0,0.0
111403060102,2005,0.0,0.0,0.0
111403060102,2006,0.0,0.0,0.0
111403060102,2007,0.0,0.0,0.0
111403060102,2008,0.0,0.0,0.0
111403060102,2009,0.0,0.0,0.0
111403060102,2010,0.0,0.0,0.0
111403060102,2011,0.0,0.0,0.0
111403060102,2012,0.0,0.0,0.0
111403060102,2013,0.0,0.0,0.0
111403060102,2014,0.0,0.0,0.0
111403060102,2015,0.0,0.0,0.0
111403060102,2016,0.0,0.0,0.0
111403060102,2017,0.0,0.0,0.0
111403060102,2018,0.0,0.0,0.0
111403060102,2019,0.0,0.0,0.0
111403060102,2020,0.0,0.0,0.0
111403060201,2000,0.0,0.0,0.0
111403060201,2001,0.0,0.0,0.0
111403060201,2002,0.0,0.0,0.0
111403060201,2003,0.0,0.0,0.0
111403060201,2004,0.0,0.0,0.0
111403060201,2005,0.0,0.0,0.0
111403060201,2006,0.0,0.0,0.0
111403060201,2007,0.0,0.0,0.0
111403060201,2008,0.0,0.0,0.0
111403060201,2009,0.0,0.0,0.0
111403060201,2010,0.0,0.0,0.0
111403060201,2011,0.0,0.0,0.0
111403060201,2012,0.0,0.0,0.0
111403060201,2013,0.0,0.0,0.0
111403060201,2014,0.0,0.0,0.0
111403060201,2015,0.0,0.0,0.0
111403060201,2016,0.0,0.0,0.0
111403060201,2017,0.0,0.0,0.0
111403060201,2018,0.0,0.0,0.0
111403060201,2019,0.0,0.0,0.0
111403060201,2020,0.0,0.0,0.0
111403060202,2000,0.0,0.0,0.0
111403060202,2001,0.0,0.0,0.0
111403060202,2002,0.0,0.0,0.0
111403060202,2003,0.0,0.0,0.0
111403060202,2004,0.0,0.0,0.0
111403060202,2005,0.0,0.0,0.0
111403060202,2006,0.0,0.0,0.0
111403060202,2007,0.0,0.0,0.0
111403060202,2008,0.0,0.0,0.0
111403060202,2009,0.0,0.0,0.0
111403060202,2010,0.0,0.0,0.0
111403060202,2011,0.0,0.0,0.0
111403060202,2012,0.0,0.0,0.0
111403060202,2013,0.0,0.0,0.0
111403060202,2014,0.0,0.0,0.0
111403060202,2015,0.0,0.0,0.0
111403060202,2016,0.0,0.0,0.0
111403060202,2017,0.0,0.0,0.0
111403060202,2018,0.0,0.0,0.0
111403060202,2019,0.0,0.0,0.0
111403060202,2020,0.0,0.0,0.0
111403060203,2000,0.0,0.0,0.0
111403060203,2001,0.0,0.0,0.0
111403060203,2002,0.0,0.0,0.0
111403060203,2003,0.0,0.0,0.0
111403060203,2004,0.0,0.0,0.0
111403060203,2005,0.0,0.0,0.0
111403060203,2006,0.0,0.0,0.0
111403060203,2007,0.0,0.0,0.0
111403060203,2008,0.0,0.0,0.0
111403060203,2009,0.0,0.0,0.0
111403060203,2010,0.0,0.0,0.0
111403060203,2011,0.0,0.0,0.0
111403060203,2012,0.0,0.0,0.0
111403060203,2013,0.0,0.0,0.0
111403060203,2014,0.0,0.0,0.0
111403060203,2015,0.0,0.0,0.0
111403060203,2016,0.0,0.0,0.0
111403060203,2017,0.0,0.0,0.0
111403060203,2018,0.0,0.0,0.0
111403060203,2019,0.0,0.0,0.0
111403060203,2020,0.0,0.0,0.0
111403060204,2000,0.0,0.0,0.0
111403060204,2001,0.0,0.0,0.0
111403060204,2002,0.0,0.0,0.0
111403060204,2003,0.0,0.0,0.0
111403060204,2004,0.0,0.0,0.0
111403060204,2005,0.0,0.0,0.0
111403060204,2006,0.0,0.0,0.0
111403060204,2007,0.0,0.0,0.0
111403060204,2008,0.0,0.0,0.0
111403060204,2009,0.0,0.0,0.0
111403060204,2010,0.0,0.0,0.0
111403060204,2011,0.0,0.0,0.0
111403060204,2012,0.0,0.0,0.0
111403060204,2013,0.0,0.0,0.0
111403060204,2014,0.0,0.0,0.0
111403060204,2015,0.0,0.0,0.0
111403060204,2016,0.0,0.0,0.0
111403060204,2017,0.0,0.0,0.0
111403060204,2018,0.0,0.0,0.0
111403060204,2019,0.0,0.0,0.0
111403060204,2020,0.0,0.0,0.0
111403060205,2000,0.0,0.0,0.0
111403060205,2001,0.0,0.0,0.0
111403060205,2002,0.0,0.0,0.0
111403060205,2003,0.0,0.0,0.0
111403060205,2004,0.0,0.0,0.0
111403060205,2005,0.0,0.0,0.0
111403060205,2006,0.0,0.0,0.0
111403060205,2007,0.0,0.0,0.0
111403060205,2008,0.0,0.0,0.0
111403060205,2009,0.0,0.0,0.0
111403060205,2010,0.0,0.0,0.0
111403060205,2011,0.0,0.0,0.0
111403060205,2012,0.0,0.0,0.0
111403060205,2013,0.0,0.0,0.0
111403060205,2014,0.0,0.0,0.0
111403060205,2015,0.0,0.0,0.0
111403060205,2016,0.0,0.0,0.0
111403060205,2017,0.0,0.0,0.0
111403060205,2018,0.0,0.0,0.0
111403060205,2019,0.0,0.0,0.0
111403060205,2020,0.0,0.0,0.0
111403060206,2000,0.0,0.0,0.0
111403060206,2001,0.0,0.0,0.0
111403060206,2002,0.0,0.0,0.0
111403060206,2003,0.0,0.0,0.0
111403060206,2004,0.0,0.0,0.0
111403060206,2005,0.0,0.0,0.0
111403060206,2006,0.0,0.0,0.0
111403060206,2007,0.0,0.0,0.0
111403060206,2008,0.0,0.0,0.0
111403060206,2009,0.0,0.0,0.0
111403060206,2010,0.0,0.0,0.0
111403060206,2011,0.0,0.0,0.0
111403060206,2012,0.0,0.0,0.0
111403060206,2013,0.0,0.0,0.0
111403060206,2014,0.0,0.0,0.0
111403060206,2015,0.0,0.0,0.0
111403060206,2016,0.0,0.0,0.0
111403060206,2017,0.0,0.0,0.0
111403060206,2018,0.0,0.0,0.0
111403060206,2019,0.0,0.0,0.0
111403060206,2020,0.0,0.0,0.0
111403060207,2000,0.0,0.0,0.0
111403060207,2001,0.0,0.0,0.0
111403060207,2002,0.0,0.0,0.0
111403060207,2003,0.0,0.0,0.0
111403060207,2004,0.0,0.0,0.0
111403060207,2005,0.0,0.0,0.0
111403060207,2006,0.0,0.0,0.0
111403060207,2007,0.0,0.0,0.0
111403060207,2008,0.0,0.0,0.0
111403060207,2009,0.0,0.0,0.0
111403060207,2010,0.0,0.0,0.0
111403060207,2011,0.0,0.0,0.0
111403060207,2012,0.0,0.0,0.0
111403060207,2013,0.0,0.0,0.0
111403060207,2014,0.0,0.0,0.0
111403060207,2015,0.0,0.0,0.0
111403060207,2016,0.0,0.0,0.0
111403060207,2017,0.0,0.0,0.0
111403060207,2018,0.0,0.0,0.0
111403060207,2019,0.0,0.0,0.0
111403060207,2020,0.0,0.0,0.0
111403060208,2000,0.0,0.0,0.0
111403060208,2001,0.0,0.0,0.0
111403060208,2002,0.0,0.0,0.0
111403060208,2003,0.0,0.0,0.0
111403060208,2004,0.0,0.0,0.0
111403060208,2005,0.0,0.0,0.0
111403060208,2006,0.0,0.0,0.0
111403060208,2007,0.0,0.0,0.0
111403060208,2008,0.0,0.0,0.0
111403060208,2009,0.0,0.0,0.0
111403060208,2010,0.0,0.0,0.0
111403060208,2011,0.0,0.0,0.0
111403060208,2012,0.0,0.0,0.0
111403060208,2013,0.0,0.0,0.0
111403060208,2014,0.0,0.0,0.0
111403060208,2015,0.0,0.0,0.0
111403060208,2016,0.0,0.0,0.0
111403060208,2017,0.0,0.0,0.0
111403060208,2018,0.0,0.0,0.0
111403060208,2019,0.0,0.0,0.0
111403060208,2020,0.0,0.0,0.0
111403060209,2000,0.0,0.0,0.0
111403060209,2001,0.0,0.0,0.0
111403060209,2002,0.0,0.0,0.0
111403060209,2003,0.0,0.0,0.0
111403060209,2004,0.0,0.0,0.0
111403060209,2005,0.0,0.0,0.0
111403060209,2006,0.0,0.0,0.0
111403060209,2007,0.0,0.0,0.0
111403060209,2008,0.0,0.0,0.0
111403060209,2009,0.0,0.0,0.0
111403060209,2010,0.0,0.0,0.0
111403060209,2011,0.0,0.0,0.0
111403060209,2012,0.0,0.0,0.0
111403060209,2013,0.0,0.0,0.0
111403060209,2014,0.0,0.0,0.0
111403060209,2015,0.0,0.0,0.0
111403060209,2016,0.0,0.0,0.0
111403060209,2017,0.0,0.0,0.0
111403060209,2018,0.0,0.0,0.0
111403060209,2019,0.0,0.0,0.0
111403060209,2020,0.0,0.0,0.0
111403060301,2000,0.0,0.0,0.0
111403060301,2001,0.0,0.0,0.0
111403060301,2002,0.0,0.0,0.0
111403060301,2003,0.0,0.0,0.0
111403060301,2004,0.0,0.0,0.0
111403060301,2005,0.0,0.0,0.0
111403060301,2006,0.0,0.0,0.0
111403060301,2007,0.0,0.0,0.0
111403060301,2008,0.0,0.0,0.0
111403060301,2009,0.0,0.0,0.0
111403060301,2010,0.0,0.0,0.0
111403060301,2011,0.0,0.0,0.0
111403060301,2012,0.0,0.0,0.0
111403060301,2013,0.0,0.0,0.0
111403060301,2014,0.0,0.0,0.0
111403060301,2015,0.0,0.0,0.0
111403060301,2016,0.0,0.0,0.0
111403060301,2017,0.0,0.0,0.0
111403060301,2018,0.0,0.0,0.0
111403060301,2019,0.0,0.0,0.0
111403060301,2020,0.0,0.0,0.0
111403060302,2000,0.0,0.0,0.0
111403060302,2001,0.0,0.0,0.0
111403060302,2002,0.0,0.0,0.0
111403060302,2003,0.0,0.0,0.0
111403060302,2004,0.0,0.0,0.0
111403060302,2005,0.0,0.0,0.0
111403060302,2006,0.0,0.0,0.0
111403060302,2007,0.0,0.0,0.0
111403060302,2008,0.0,0.0,0.0
111403060302,2009,0.0,0.0,0.0
111403060302,2010,0.0,0.0,0.0
111403060302,2011,0.0,0.0,0.0
111403060302,2012,0.0,0.0,0.0
111403060302,2013,0.0,0.0,0.0
111403060302,2014,0.0,0.0,0.0
111403060302,2015,0.0,0.0,0.0
111403060302,2016,0.0,0.0,0.0
111403060302,2017,0.0,0.0,0.0
111403060302,2018,0.0,0.0,0.0
111403060302,2019,0.0,0.0,0.0
111403060302,2020,0.0,0.0,0.0
111403060303,2000,0.0,0.0,0.0
111403060303,2001,0.0,0.0,0.0
111403060303,2002,0.0,0.0,0.0
111403060303,2003,0.0,0.0,0.0
111403060303,2004,0.0,0.0,0.0
111403060303,2005,0.0,0.0,0.0
111403060303,2006,0.0,0.0,0.0
111403060303,2007,0.0,0.0,0.0
111403060303,2008,0.0,0.0,0.0
111403060303,2009,0.0,0.0,0.0
111403060303,2010,0.0,0.0,0.0
111403060303,2011,0.0,0.0,0.0
111403060303,2012,0.0,0.0,0.0
111403060303,2013,0.0,0.0,0.0
111403060303,2014,0.0,0.0,0.0
111403060303,2015,0.0,0.0,0.0
111403060303,2016,0.0,0.0,0.0
111403060303,2017,0.0,0.0,0.0
111403060303,2018,0.0,0.0,0.0
111403060303,2019,0.0,0.0,0.0
111403060303,2020,0.0,0.0,0.0
111403060304,2000,0.0,0.0,0.0
111403060304,2001,0.0,0.0,0.0
111403060304,2002,0.0,0.0,0.0
111403060304,2003,0.0,0.0,0.0
111403060304,2004,0.0,0.0,0.0
111403060304,2005,0.0,0.0,0.0
111403060304,2006,0.0,0.0,0.0
111403060304,2007,0.0,0.0,0.0
111403060304,2008,0.0,0.0,0.0
111403060304,2009,0.0,0.0,0.0
111403060304,2010,0.0,0.0,0.0
111403060304,2011,0.0,0.0,0.0
111403060304,2012,0.0,0.0,0.0
111403060304,2013,0.0,0.0,0.0
111403060304,2014,0.0,0.0,0.0
111403060304,2015,0.0,0.0,0.0
111403060304,2016,0.0,0.0,0.0
111403060304,2017,0.0,0.0,0.0
111403060304,2018,0.0,0.0,0.0
111403060304,2019,0.0,0.0,0.0
111403060304,2020,0.0,0.0,0.0
111403060305,2000,0.0,0.0,0.0
111403060305,2001,0.0,0.0,0.0
111403060305,2002,0.0,0.0,0.0
111403060305,2003,0.0,0.0,0.0
111403060305,2004,0.0,0.0,0.0
111403060305,2005,0.0,0.0,0.0
111403060305,2006,0.0,0.0,0.0
111403060305,2007,0.0,0.0,0.0
111403060305,2008,0.0,0.0,0.0
111403060305,2009,0.0,0.0,0.0
111403060305,2010,0.0,0.0,0.0
111403060305,2011,0.0,0.0,0.0
111403060305,2012,0.0,0.0,0.0
111403060305,2013,0.0,0.0,0.0
111403060305,2014,0.0,0.0,0.0
111403060305,2015,0.0,0.0,0.0
111403060305,2016,0.0,0.0,0.0
111403060305,2017,0.0,0.0,0.0
111403060305,2018,0.0,0.0,0.0
111403060305,2019,0.0,0.0,0.0
111403060305,2020,0.0,0.0,0.0
111403060306,2000,0.0,0.0,0.0
111403060306,2001,0.0,0.0,0.0
111403060306,2002,0.0,0.0,0.0
111403060306,2003,0.0,0.0,0.0
111403060306,2004,0.0,0.0,0.0
111403060306,2005,0.0,0.0,0.0
111403060306,2006,0.0,0.0,0.0
111403060306,2007,0.0,0.0,0.0
111403060306,2008,0.0,0.0,0.0
111403060306,2009,0.0,0.0,0.0
111403060306,2010,0.0,0.0,0.0
111403060306,2011,0.0,0.0,0.0
111403060306,2012,0.0,0.0,0.0
111403060306,2013,0.0,0.0,0.0
111403060306,2014,0.0,0.0,0.0
111403060306,2015,0.0,0.0,0.0
111403060306,2016,0.0,0.0,0.0
111403060306,2017,0.0,0.0,0.0
111403060306,2018,0.0,0.0,0.0
111403060306,2019,0.0,0.0,0.0
111403060306,2020,0.0,0.0,0.0
111403060307,2000,0.0,0.0,0.0
111403060307,2001,0.0,0.0,0.0
111403060307,2002,0.0,0.0,0.0
111403060307,2003,0.0,0.0,0.0
111403060307,2004,0.0,0.0,0.0
111403060307,2005,0.0,0.0,0.0
111403060307,2006,0.0,0.0,0.0
111403060307,2007,0.0,0.0,0.0
111403060307,2008,0.0,0.0,0.0
111403060307,2009,0.0,0.0,0.0
111403060307,2010,0.0,0.0,0.0
111403060307,2011,0.0,0.0,0.0
111403060307,2012,0.0,0.0,0.0
111403060307,2013,0.0,0.0,0.0
111403060307,2014,0.0,0.0,0.0
111403060307,2015,0.0,0.0,0.0
111403060307,2016,0.0,0.0,0.0
111403060307,2017,0.0,0.0,0.0
111403060307,2018,0.0,0.0,0.0
111403060307,2019,0.0,0.0,0.0
111403060307,2020,0.0,0.0,0.0
111403060401,2000,0.0,0.0,0.0
111403060401,2001,0.0,0.0,0.0
111403060401,2002,0.0,0.0,0.0
111403060401,2003,0.0,0.0,0.0
111403060401,2004,0.0,0.0,0.0
111403060401,2005,0.0,0.0,0.0
111403060401,2006,0.0,0.0,0.0
111403060401,2007,0.0,0.0,0.0
111403060401,2008,0.0,0.0,0.0
111403060401,2009,0.0,0.0,0.0
111403060401,2010,0.0,0.0,0.0
111403060401,2011,0.0,0.0,0.0
111403060401,2012,0.0,0.0,0.0
111403060401,2013,0.0,0.0,0.0
111403060401,2014,0.0,0.0,0.0
111403060401,2015,0.0,0.0,0.0
111403060401,2016,0.0,0.0,0.0
111403060401,2017,0.0,0.0,0.0
111403060401,2018,0.0,0.0,0.0
111403060401,2019,0.0,0.0,0.0
111403060401,2020,0.0,0.0,0.0
111403060402,2000,0.0,0.0,0.0
111403060402,2001,0.0,0.0,0.0
111403060402,2002,0.0,0.0,0.0
111403060402,2003,0.0,0.0,0.0
111403060402,2004,0.0,0.0,0.0
111403060402,2005,0.0,0.0,0.0
111403060402,2006,0.0,0.0,0.0
111403060402,2007,0.0,0.0,0.0
111403060402,2008,0.0,0.0,0.0
111403060402,2009,0.0,0.0,0.0
111403060402,2010,0.0,0.0,0.0
111403060402,2011,0.0,0.0,0.0
111403060402,2012,0.0,0.0,0.0
111403060402,2013,0.0,0.0,0.0
111403060402,2014,0.0,0.0,0.0
111403060402,2015,0.0,0.0,0.0
111403060402,2016,0.0,0.0,0.0
111403060402,2017,0.0,0.0,0.0
111403060402,2018,0.0,0.0,0.0
111403060402,2019,0.0,0.0,0.0
111403060402,2020,0.0,0.0,0.0
111403060403,2000,0.0,0.0,0.0
111403060403,2001,0.0,0.0,0.0
111403060403,2002,0.0,0.0,0.0
111403060403,2003,0.0,0.0,0.0
111403060403,2004,0.0,0.0,0.0
111403060403,2005,0.0,0.0,0.0
111403060403,2006,0.0,0.0,0.0
111403060403,2007,0.0,0.0,0.0
111403060403,2008,0.0,0.0,0.0
111403060403,2009,0.0,0.0,0.0
111403060403,2010,0.0,0.0,0.0
111403060403,2011,0.0,0.0,0.0
111403060403,2012,0.0,0.0,0.0
111403060403,2013,0.0,0.0,0.0
111403060403,2014,0.0,0.0,0.0
111403060403,2015,0.0,0.0,0.0
111403060403,2016,0.0,0.0,0.0
111403060403,2017,0.0,0.0,0.0
111403060403,2018,0.0,0.0,0.0
111403060403,2019,0.0,0.0,0.0
111403060403,2020,0.0,0.0,0.0
111403060404,2000,0.0,0.0,0.0
111403060404,2001,0.0,0.0,0.0
111403060404,2002,0.0,0.0,0.0
111403060404,2003,0.0,0.0,0.0
111403060404,2004,0.0,0.0,0.0
111403060404,2005,0.0,0.0,0.0
111403060404,2006,0.0,0.0,0.0
111403060404,2007,0.0,0.0,0.0
111403060404,2008,0.0,0.0,0.0
111403060404,2009,0.0,0.0,0.0
111403060404,2010,0.0,0.0,0.0
111403060404,2011,0.0,0.0,0.0
111403060404,2012,0.0,0.0,0.0
111403060404,2013,0.0,0.0,0.0
111403060404,2014,0.0,0.0,0.0
111403060404,2015,0.0,0.0,0.0
111403060404,2016,0.0,0.0,0.0
111403060404,2017,0.0,0.0,0.0
111403060404,2018,0.0,0.0,0.0
111403060404,2019,0.0,0.0,0.0
111403060404,2020,0.0,0.0,0.0
111403060405,2000,0.0,0.0,0.0
111403060405,2001,0.0,0.0,0.0
111403060405,2002,0.0,0.0,0.0
111403060405,2003,0.0,0.0,0.0
111403060405,2004,0.0,0.0,0.0
111403060405,2005,0.0,0.0,0.0
111403060405,2006,0.0,0.0,0.0
111403060405,2007,0.0,0.0,0.0
111403060405,2008,0.0,0.0,0.0
111403060405,2009,0.0,0.0,0.0
111403060405,2010,0.0,0.0,0.0
111403060405,2011,0.0,0.0,0.0
111403060405,2012,0.0,0.0,0.0
111403060405,2013,0.0,0.0,0.0
111403060405,2014,0.0,0.0,0.0
111403060405,2015,0.0,0.0,0.0
111403060405,2016,0.0,0.0,0.0
111403060405,2017,0.0,0.0,0.0
111403060405,2018,0.0,0.0,0.0
111403060405,2019,0.0,0.0,0.0
111403060405,2020,0.0,0.0,0.0
111403060406,2000,0.0,0.0,0.0
111403060406,2001,0.0,0.0,0.0
111403060406,2002,0.0,0.0,0.0
111403060406,2003,0.0,0.0,0.0
111403060406,2004,0.0,0.0,0.0
111403060406,2005,0.0,0.0,0.0
111403060406,2006,0.0,0.0,0.0
111403060406,2007,0.0,0.0,0.0
111403060406,2008,0.0,0.0,0.0
111403060406,2009,0.0,0.0,0.0
111403060406,2010,0.0,0.0,0.0
111403060406,2011,0.0,0.0,0.0
111403060406,2012,0.0,0.0,0.0
111403060406,2013,0.0,0.0,0.0
111403060406,2014,0.0,0.0,0.0
111403060406,2015,0.0,0.0,0.0
111403060406,2016,0.0,0.0,0.0
111403060406,2017,0.0,0.0,0.0
111403060406,2018,0.0,0.0,0.0
111403060406,2019,0.0,0.0,0.0
111403060406,2020,0.0,0.0,0.0
111403060407,2000,0.0,0.0,0.0
111403060407,2001,0.0,0.0,0.0
111403060407,2002,0.0,0.0,0.0
111403060407,2003,0.0,0.0,0.0
111403060407,2004,0.0,0.0,0.0
111403060407,2005,0.0,0.0,0.0
111403060407,2006,0.0,0.0,0.0
111403060407,2007,0.0,0.0,0.0
111403060407,2008,0.0,0.0,0.0
111403060407,2009,0.0,0.0,0.0
111403060407,2010,0.0,0.0,0.0
111403060407,2011,0.0,0.0,0.0
111403060407,2012,0.0,0.0,0.0
111403060407,2013,0.0,0.0,0.0
111403060407,2014,0.0,0.0,0.0
111403060407,2015,0.0,0.0,0.0
111403060407,2016,0.0,0.0,0.0
111403060407,2017,0.0,0.0,0.0
111403060407,2018,0.0,0.0,0.0
111403060407,2019,0.0,0.0,0.0
111403060407,2020,0.0,0.0,0.0
111403070101,2000,0.0,0.0,0.0
111403070101,2001,0.0,0.0,0.0
111403070101,2002,0.000284948,0.000469521,0.00018449
111403070101,2003,0.0,0.0,0.0
111403070101,2004,8.6481e-05,0.000142393,5.5997e-05
111403070101,2005,0.003531586,0.005818334,0.002286499
111403070101,2006,0.002924734,0.004818447,0.00189363
111403070101,2007,2.9671e-05,4.8904e-05,1.9233e-05
111403070101,2008,9.012e-05,0.000148478,5.8358e-05
111403070101,2009,0.000604542,0.000995907,0.000391364
111403070101,2010,2.3564e-05,3.88e-05,1.5321e-05
111403070101,2011,0.005086266,0.008379225,0.003293126
111403070101,2012,0.00027582,0.000454426,0.000178607
111403070101,2013,0.001869353,0.00307969,0.001210337
111403070101,2014,0.0,0.0,0.0
111403070101,2015,0.000214452,0.000353315,0.000138863
111403070101,2016,4.8956e-05,8.0634e-05,3.1678e-05
111403070101,2017,0.000324014,0.000533795,0.000209781
111403070101,2018,0.000321847,0.000661005,0.000339079
111403070101,2019,0.000120219,0.000239121,0.000118901
111403070101,2020,0.0,0.0,0.0
111403070102,2000,0.0,0.0,0.0
111403070102,2001,0.0,0.0,0.0
111403070102,2002,0.0,0.0,0.0
111403070102,2003,0.0,0.0,0.0
111403070102,2004,0.0,0.0,0.0
111403070102,2005,0.0,0.0,0.0
111403070102,2006,0.0,0.0,0.0
111403070102,2007,0.0,0.0,0.0
111403070102,2008,0.0,0.0,0.0
111403070102,2009,0.0,0.0,0.0
111403070102,2010,0.0,0.0,0.0
111403070102,2011,0.0,0.0,0.0
111403070102,2012,0.0,0.0,0.0
111403070102,2013,0.0,0.0,0.0
111403070102,2014,0.0,0.0,0.0
111403070102,2015,0.0,0.0,0.0
111403070102,2016,0.0,0.0,0.0
111403070102,2017,0.0,0.0,0.0
111403070102,2018,0.0,0.0,0.0
111403070102,2019,0.0,0.0,0.0
111403070102,2020,0.0,0.0,0.0
111403070103,2000,0.0,0.0,0.0
111403070103,2001,0.0,0.0,0.0
111403070103,2002,0.0,0.0,0.0
111403070103,2003,0.0,0.0,0.0
111403070103,2004,0.0,0.0,0.0
111403070103,2005,0.0,0.0,0.0
111403070103,2006,0.0,0.0,0.0
111403070103,2007,0.0,0.0,0.0
111403070103,2008,0.0,0.0,0.0
111403070103,2009,0.0,0.0,0.0
111403070103,2010,0.0,0.0,0.0
111403070103,2011,0.0,0.0,0.0
111403070103,2012,0.0,0.0,0.0
111403070103,2013,0.0,0.0,0.0
111403070103,2014,0.0,0.0,0.0
111403070103,2015,0.0,0.0,0.0
111403070103,2016,0.0,0.0,0.0
111403070103,2017,0.0,0.0,0.0
111403070103,2018,0.0,0.0,0.0
111403070103,2019,0.0,0.0,0.0
111403070103,2020,0.0,0.0,0.0
111403070104,2000,0.0,0.0,0.0
111403070104,2001,0.0,0.0,0.0
111403070104,2002,0.0,0.0,0.0
111403070104,2003,0.0,0.0,0.0
111403070104,2004,0.0,0.0,0.0
111403070104,2005,0.0,0.0,0.0
111403070104,2006,0.0,0.0,0.0
111403070104,2007,0.0,0.0,0.0
111403070104,2008,0.0,0.0,0.0
111403070104,2009,0.0,0.0,0.0
111403070104,2010,0.0,0.0,0.0
111403070104,2011,0.0,0.0,0.0
111403070104,2012,0.0,0.0,0.0
111403070104,2013,0.0,0.0,0.0
111403070104,2014,0.0,0.0,0.0
111403070104,2015,0.0,0.0,0.0
111403070104,2016,0.0,0.0,0.0
111403070104,2017,0.0,0.0,0.0
111403070104,2018,0.0,0.0,0.0
111403070104,2019,0.0,0.0,0.0
111403070104,2020,0.0,0.0,0.0
111403070105,2000,0.0,0.0,0.0
111403070105,2001,0.0,0.0,0.0
111403070105,2002,0.0,0.0,0.0
111403070105,2003,0.0,0.0,0.0
111403070105,2004,0.089143811,0.158337142,0.069193328
111403070105,2005,0.0,0.0,0.0
111403070105,2006,0.0,0.0,0.0
111403070105,2007,0.061929005,0.128483438,0.066554351
111403070105,2008,0.0,0.0,0.0
111403070105,2009,0.0,0.0,0.0
111403070105,2010,0.125258501,0.261500096,0.136241595
111403070105,2011,0.0,0.0,0.0
111403070105,2012,0.0,0.0,0.0
111403070105,2013,0.0,0.0,0.0
111403070105,2014,0.196953504,0.364728581,0.167775077
111403070105,2015,0.144668121,0.267408663,0.122740542
111403070105,2016,0.096326598,0.179378932,0.083052415
111403070105,2017,0.120677677,0.221021485,0.100343723
111403070105,2018,0.089203337,0.166735093,0.077531841
111403070105,2019,0.084268164,0.16267983,0.078411666
111403070105,2020,0.055388281,0.113967765,0.058579399
111403070106,2000,0.0,0.0,0.0
111403070106,2001,0.0,0.0,0.0
111403070106,2002,0.0,0.0,0.0
111403070106,2003,0.0,0.0,0.0
111403070106,2004,0.043818579,0.074775694,0.030957202
111403070106,2005,0.0,0.0,0.0
111403070106,2006,0.0,0.0,0.0
111403070106,2007,0.021832145,0.037256444,0.015424134
111403070106,2008,0.0,0.0,0.0
111403070106,2009,0.0,0.0,0.0
111403070106,2010,0.025574945,0.04364343,0.018068318
111403070106,2011,0.0,0.0,0.0
111403070106,2012,0.0,0.0,0.0
111403070106,2013,0.0,0.0,0.0
111403070106,2014,0.0959638,0.163760575,0.067796858
111403070106,2015,0.067667351,0.115473542,0.047806022
111403070106,2016,0.052149224,0.088991798,0.036842574
111403070106,2017,0.052363578,0.089357874,0.036994129
111403070106,2018,0.041025712,0.070009918,0.028984036
111403070106,2019,0.023183751,0.039562753,0.016378918
111403070106,2020,0.015620691,0.026656549,0.011035691
111403070107,2000,0.0,0.0,0.0
111403070107,2001,0.0,0.0,0.0
111403070107,2002,0.0,0.0,0.0
111403070107,2003,0.0,0.0,0.0
111403070107,2004,0.0,0.0,0.0
111403070107,2005,0.0,0.0,0.0
111403070107,2006,0.0,0.0,0.0
111403070107,2007,7.614e-06,1.3134e-05,5.521e-06
111403070107,2008,0.0,0.0,0.0
111403070107,2009,0.0,0.0,0.0
111403070107,2010,0.0,0.0,0.0
111403070107,2011,0.0,0.0,0.0
111403070107,2012,0.0,0.0,0.0
111403070107,2013,0.0,0.0,0.0
111403070107,2014,0.0,0.0,0.0
111403070107,2015,0.0,0.0,0.0
111403070107,2016,0.0,0.0,0.0
111403070107,2017,0.0,0.0,0.0
111403070107,2018,0.0,0.0,0.0
111403070107,2019,0.0,0.0,0.0
111403070107,2020,0.0,0.0,0.0
111403070108,2000,0.0,0.0,0.0
111403070108,2001,0.0,0.0,0.0
111403070108,2002,0.0,0.0,0.0
111403070108,2003,0.0,0.0,0.0
111403070108,2004,0.0,0.0,0.0
111403070108,2005,0.0,0.0,0.0
111403070108,2006,0.0,0.0,0.0
111403070108,2007,0.0,0.0,0.0
111403070108,2008,0.0,0.0,0.0
111403070108,2009,0.0,0.0,0.0
111403070108,2010,0.0,0.0,0.0
111403070108,2011,0.0,0.0,0.0
111403070108,2012,0.0,0.0,0.0
111403070108,2013,0.0,0.0,0.0
111403070108,2014,0.0,0.0,0.0
111403070108,2015,0.0,0.0,0.0
111403070108,2016,0.0,0.0,0.0
111403070108,2017,0.0,0.0,0.0
111403070108,2018,0.0,0.0,0.0
111403070108,2019,0.0,0.0,0.0
111403070108,2020,0.0,0.0,0.0
111403070109,2000,0.0,0.0,0.0
111403070109,2001,0.0,0.0,0.0
111403070109,2002,0.0,0.0,0.0
111403070109,2003,0.0,0.0,0.0
111403070109,2004,0.0,0.0,0.0
111403070109,2005,0.0,0.0,0.0
111403070109,2006,0.0,0.0,0.0
111403070109,2007,0.0,0.0,0.0
111403070109,2008,0.0,0.0,0.0
111403070109,2009,0.0,0.0,0.0
111403070109,2010,0.0,0.0,0.0
111403070109,2011,0.0,0.0,0.0
111403070109,2012,0.0,0.0,0.0
111403070109,2013,0.0,0.0,0.0
111403070109,2014,0.0,0.0,0.0
111403070109,2015,0.0,0.0,0.0
111403070109,2016,0.0,0.0,0.0
111403070109,2017,0.0,0.0,0.0
111403070109,2018,0.0,0.0,0.0
111403070109,2019,0.0,0.0,0.0
111403070109,2020,0.0,0.0,0.0
111403070201,2000,0.0,0.0,0.0
111403070201,2001,0.0,0.0,0.0
111403070201,2002,0.0,0.0,0.0
111403070201,2003,0.0,0.0,0.0
111403070201,2004,0.0,0.0,0.0
111403070201,2005,0.0,0.0,0.0
111403070201,2006,0.0,0.0,0.0
111403070201,2007,0.0,0.0,0.0
111403070201,2008,0.0,0.0,0.0
111403070201,2009,0.0,0.0,0.0
111403070201,2010,0.0,0.0,0.0
111403070201,2011,0.0,0.0,0.0
111403070201,2012,0.0,0.0,0.0
111403070201,2013,0.0,0.0,0.0
111403070201,2014,0.0,0.0,0.0
111403070201,2015,0.0,0.0,0.0
111403070201,2016,0.0,0.0,0.0
111403070201,2017,0.0,0.0,0.0
111403070201,2018,0.0,0.0,0.0
111403070201,2019,0.0,0.0,0.0
111403070201,2020,0.0,0.0,0.0
111403070202,2000,0.0,0.0,0.0
111403070202,2001,0.0,0.0,0.0
111403070202,2002,0.0,0.0,0.0
111403070202,2003,0.0,0.0,0.0
111403070202,2004,0.0,0.0,0.0
111403070202,2005,0.0,0.0,0.0
111403070202,2006,0.0,0.0,0.0
111403070202,2007,0.0,0.0,0.0
111403070202,2008,0.0,0.0,0.0
111403070202,2009,0.0,0.0,0.0
111403070202,2010,0.0,0.0,0.0
111403070202,2011,0.0,0.0,0.0
111403070202,2012,0.0,0.0,0.0
111403070202,2013,0.0,0.0,0.0
111403070202,2014,0.0,0.0,0.0
111403070202,2015,0.0,0.0,0.0
111403070202,2016,0.0,0.0,0.0
111403070202,2017,0.0,0.0,0.0
111403070202,2018,0.0,0.0,0.0
111403070202,2019,0.0,0.0,0.0
111403070202,2020,0.0,0.0,0.0
111403070203,2000,0.0,0.0,0.0
111403070203,2001,0.0,0.0,0.0
111403070203,2002,0.0,0.0,0.0
111403070203,2003,0.0,0.0,0.0
111403070203,2004,0.0,0.0,0.0
111403070203,2005,0.0,0.0,0.0
111403070203,2006,0.0,0.0,0.0
111403070203,2007,0.0,0.0,0.0
111403070203,2008,0.0,0.0,0.0
111403070203,2009,0.0,0.0,0.0
111403070203,2010,0.0,0.0,0.0
111403070203,2011,0.0,0.0,0.0
111403070203,2012,0.0,0.0,0.0
111403070203,2013,0.0,0.0,0.0
111403070203,2014,0.0,0.0,0.0
111403070203,2015,0.0,0.0,0.0
111403070203,2016,0.0,0.0,0.0
111403070203,2017,0.0,0.0,0.0
111403070203,2018,0.0,0.0,0.0
111403070203,2019,0.0,0.0,0.0
111403070203,2020,0.0,0.0,0.0
111403070204,2000,0.0,0.0,0.0
111403070204,2001,0.0,0.0,0.0
111403070204,2002,0.0,0.0,0.0
111403070204,2003,0.0,0.0,0.0
111403070204,2004,0.0,0.0,0.0
111403070204,2005,0.0,0.0,0.0
111403070204,2006,0.0,0.0,0.0
111403070204,2007,0.0,0.0,0.0
111403070204,2008,0.0,0.0,0.0
111403070204,2009,0.0,0.0,0.0
111403070204,2010,0.0,0.0,0.0
111403070204,2011,0.0,0.0,0.0
111403070204,2012,0.0,0.0,0.0
111403070204,2013,0.0,0.0,0.0
111403070204,2014,0.0,0.0,0.0
111403070204,2015,0.0,0.0,0.0
111403070204,2016,0.0,0.0,0.0
111403070204,2017,0.0,0.0,0.0
111403070204,2018,0.0,0.0,0.0
111403070204,2019,0.0,0.0,0.0
111403070204,2020,0.0,0.0,0.0
111403070205,2000,0.0,0.0,0.0
111403070205,2001,0.0,0.0,0.0
111403070205,2002,0.0,0.0,0.0
111403070205,2003,0.0,0.0,0.0
111403070205,2004,0.0,0.0,0.0
111403070205,2005,0.0,0.0,0.0
111403070205,2006,0.0,0.0,0.0
111403070205,2007,0.0,0.0,0.0
111403070205,2008,0.0,0.0,0.0
111403070205,2009,0.0,0.0,0.0
111403070205,2010,0.0,0.0,0.0
111403070205,2011,0.0,0.0,0.0
111403070205,2012,0.0,0.0,0.0
111403070205,2013,0.0,0.0,0.0
111403070205,2014,0.0,0.0,0.0
111403070205,2015,0.0,0.0,0.0
111403070205,2016,0.0,0.0,0.0
111403070205,2017,0.0,0.0,0.0
111403070205,2018,0.0,0.0,0.0
111403070205,2019,0.0,0.0,0.0
111403070205,2020,0.0,0.0,0.0
111403070206,2000,0.0,0.0,0.0
111403070206,2001,0.0,0.0,0.0
111403070206,2002,0.0,0.0,0.0
111403070206,2003,0.0,0.0,0.0
111403070206,2004,0.0,0.0,0.0
111403070206,2005,0.0,0.0,0.0
111403070206,2006,0.0,0.0,0.0
111403070206,2007,0.0,0.0,0.0
111403070206,2008,0.0,0.0,0.0
111403070206,2009,0.0,0.0,0.0
111403070206,2010,0.0,0.0,0.0
111403070206,2011,0.0,0.0,0.0
111403070206,2012,0.0,0.0,0.0
111403070206,2013,0.0,0.0,0.0
111403070206,2014,0.0,0.0,0.0
111403070206,2015,0.0,0.0,0.0
111403070206,2016,0.0,0.0,0.0
111403070206,2017,0.0,0.0,0.0
111403070206,2018,0.0,0.0,0.0
111403070206,2019,0.0,0.0,0.0
111403070206,2020,0.0,0.0,0.0
111403070207,2000,0.0,0.0,0.0
111403070207,2001,0.0,0.0,0.0
111403070207,2002,0.0,0.0,0.0
111403070207,2003,0.0,0.0,0.0
111403070207,2004,0.0,0.0,0.0
111403070207,2005,0.0,0.0,0.0
111403070207,2006,0.0,0.0,0.0
111403070207,2007,0.0,0.0,0.0
111403070207,2008,0.0,0.0,0.0
111403070207,2009,0.0,0.0,0.0
111403070207,2010,0.0,0.0,0.0
111403070207,2011,0.0,0.0,0.0
111403070207,2012,0.0,0.0,0.0
111403070207,2013,0.0,0.0,0.0
111403070207,2014,0.0,0.0,0.0
111403070207,2015,0.0,0.0,0.0
111403070207,2016,0.0,0.0,0.0
111403070207,2017,0.0,0.0,0.0
111403070207,2018,0.0,0.0,0.0
111403070207,2019,0.0,0.0,0.0
111403070207,2020,0.0,0.0,0.0
111403070208,2000,0.0,0.0,0.0
111403070208,2001,0.0,0.0,0.0
111403070208,2002,0.0,0.0,0.0
111403070208,2003,0.0,0.0,0.0
111403070208,2004,0.0,0.0,0.0
111403070208,2005,0.0,0.0,0.0
111403070208,2006,0.0,0.0,0.0
111403070208,2007,0.0,0.0,0.0
111403070208,2008,0.0,0.0,0.0
111403070208,2009,0.0,0.0,0.0
111403070208,2010,0.0,0.0,0.0
111403070208,2011,0.0,0.0,0.0
111403070208,2012,0.0,0.0,0.0
111403070208,2013,0.0,0.0,0.0
111403070208,2014,0.0,0.0,0.0
111403070208,2015,0.0,0.0,0.0
111403070208,2016,0.0,0.0,0.0
111403070208,2017,0.0,0.0,0.0
111403070208,2018,0.0,0.0,0.0
111403070208,2019,0.0,0.0,0.0
111403070208,2020,0.0,0.0,0.0
111403070209,2000,0.0,0.0,0.0
111403070209,2001,0.0,0.0,0.0
111403070209,2002,0.0,0.0,0.0
111403070209,2003,0.0,0.0,0.0
111403070209,2004,0.0,0.0,0.0
111403070209,2005,0.0,0.0,0.0
111403070209,2006,0.0,0.0,0.0
111403070209,2007,0.0,0.0,0.0
111403070209,2008,0.0,0.0,0.0
111403070209,2009,0.0,0.0,0.0
111403070209,2010,0.0,0.0,0.0
111403070209,2011,0.0,0.0,0.0
111403070209,2012,0.0,0.0,0.0
111403070209,2013,0.0,0.0,0.0
111403070209,2014,0.0,0.0,0.0
111403070209,2015,0.0,0.0,0.0
111403070209,2016,0.0,0.0,0.0
111403070209,2017,0.0,0.0,0.0
111403070209,2018,0.0,0.0,0.0
111403070209,2019,0.0,0.0,0.0
111403070209,2020,0.0,0.0,0.0
120100010101,2000,0.0,0.0,0.0
120100010101,2001,0.0,0.0,0.0
120100010101,2002,0.0,0.0,0.0
120100010101,2003,0.28452666,0.426576775,0.142050197
120100010101,2004,0.0,0.0,0.0
120100010101,2005,0.23936289,0.358864838,0.119501948
120100010101,2006,0.015250751,0.022864734,0.007613899
120100010101,2007,0.0,0.0,0.0
120100010101,2008,0.638222254,0.956855046,0.318632877
120100010101,2009,0.000294266,0.000441274,0.000146926
120100010101,2010,0.087336386,0.13093931,0.043602677
120100010101,2011,0.474684074,0.711670192,0.236986118
120100010101,2012,0.140510943,0.21066129,0.070150178
120100010101,2013,0.0,0.0,0.0
120100010101,2014,0.193419066,0.289983589,0.096564521
120100010101,2015,0.0,0.0,0.0
120100010101,2016,0.189251178,0.283734921,0.094483743
120100010101,2017,0.0,0.0,0.0
120100010101,2018,0.0,0.0,0.0
120100010101,2019,0.009005819,0.013502148,0.004496329
120100010101,2020,0.219871347,0.329642284,0.109770852
120100010102,2000,0.238450082,0.357496475,0.119046391
120100010102,2001,0.0,0.0,0.0
120100010102,2002,0.0,0.0,0.0
120100010102,2003,0.0,0.0,0.0
120100010102,2004,0.341261872,0.511636858,0.170375071
120100010102,2005,0.068857855,0.103235277,0.034377348
120100010102,2006,0.157315271,0.235854896,0.07853954
120100010102,2007,0.084954271,0.127367868,0.04241343
120100010102,2008,0.0,0.0,0.0
120100010102,2009,0.0,0.0,0.0
120100010102,2010,0.0,0.0,0.0
120100010102,2011,0.292639841,0.438740296,0.146100537
120100010102,2012,0.0,0.0,0.0
120100010102,2013,0.388830463,0.582954312,0.194123764
120100010102,2014,0.23817303,0.357080863,0.118908082
120100010102,2015,0.0,0.0,0.0
120100010102,2016,0.0,0.0,0.0
120100010102,2017,0.266364419,0.399347033,0.132982614
120100010102,2018,0.175474419,0.263080044,0.087605707
120100010102,2019,0.276181189,0.414064786,0.137883515
120100010102,2020,0.512653235,0.768595563,0.255942328
120100010103,2000,0.0,0.0,0.0
120100010103,2001,0.0,0.0,0.0
120100010103,2002,0.0,0.0,0.0
120100010103,2003,0.0,0.0,0.0
120100010103,2004,0.137584284,0.206273344,0.068689148
120100010103,2005,0.0,0.0,0.0
120100010103,2006,8.7392e-05,0.000131088,4.3614e-05
120100010103,2007,0.0,0.0,0.0
120100010103,2008,0.0,0.0,0.0
120100010103,2009,0.001313526,0.001969285,0.000655677
120100010103,2010,0.0,0.0,0.0
120100010103,2011,0.267825488,0.401537386,0.133711984
120100010103,2012,0.0,0.0,0.0
120100010103,2013,0.414272079,0.621097595,0.206825512
120100010103,2014,0.000157186,0.000235485,7.8384e-05
120100010103,2015,0.0,0.0,0.0
120100010103,2016,0.0,0.0,0.0
120100010103,2017,0.392501888,0.588458666,0.195956699
120100010103,2018,0.0,0.0,0.0
120100010103,2019,0.005330701,0.007991868,0.002661249
120100010103,2020,0.572191044,0.857857784,0.285666656
120100010104,2000,0.0,0.0,0.0
120100010104,2001,0.0,0.0,0.0
120100010104,2002,0.0,0.0,0.0
120100010104,2003,0.0,0.0,0.0
120100010104,2004,0.0,0.0,0.0
120100010104,2005,0.0,0.0,0.0
120100010104,2006,0.0,0.0,0.0
120100010104,2007,0.0,0.0,0.0
120100010104,2008,0.0,0.0,0.0
120100010104,2009,0.0,0.0,0.0
120100010104,2010,0.0,0.0,0.0
120100010104,2011,0.0,0.0,0.0
120100010104,2012,0.0,0.0,0.0
120100010104,2013,0.0,0.0,0.0
120100010104,2014,0.0,0.0,0.0
120100010104,2015,0.0,0.0,0.0
120100010104,2016,0.0,0.0,0.0
120100010104,2017,0.0,0.0,0.0
120100010104,2018,0.0,0.0,0.0
120100010104,2019,0.0,0.0,0.0
120100010104,2020,0.014249311,0.021363325,0.007114016
120100010201,2000,0.058521765,0.087739057,0.029217123
120100010201,2001,0.040579164,0.060838373,0.020259293
120100010201,2002,0.0,0.0,0.0
120100010201,2003,0.12967857,0.194420633,0.064741981
120100010201,2004,0.311829762,0.467510973,0.155681049
120100010201,2005,0.143177904,0.214659471,0.071481567
120100010201,2006,0.180793523,0.271054773,0.090261247
120100010201,2007,0.158834984,0.238133274,0.079298373
120100010201,2008,0.0,0.0,0.0
120100010201,2009,0.244883422,0.367141373,0.122258203
120100010201,2010,0.0,0.0,0.0
120100010201,2011,0.280406173,0.420399389,0.139992962
120100010201,2012,0.146706325,0.219949593,0.073243178
120100010201,2013,0.233343058,0.34983969,0.116496633
120100010201,2014,0.331164803,0.496498882,0.165334079
120100010201,2015,0.146265501,0.219288633,0.073023044
120100010201,2016,0.0,0.0,0.0
120100010201,2017,0.0,0.0,0.0
120100010201,2018,0.511755277,0.767249038,0.255494096
120100010201,2019,0.349051904,0.523315942,0.174264205
120100010201,2020,0.595068708,0.892156992,0.297088202
120100010202,2000,0.471017388,0.93455838,0.463541074
120100010202,2001,0.002859362,0.004990293,0.002130847
120100010202,2002,0.0,0.0,0.0
120100010202,2003,0.320851321,0.61231186,0.291460288
120100010202,2004,1.049879555,2.164700197,1.114820639
120100010202,2005,0.610501244,1.321431507,0.710930104
120100010202,2006,0.0,0.0,0.0
120100010202,2007,0.842757745,1.881155932,1.038398186
120100010202,2008,0.000916568,0.002268811,0.001352077
120100010202,2009,0.547103608,1.03032691,0.483223301
120100010202,2010,0.149055301,0.355740416,0.206685115
120100010202,2011,0.218270296,0.399031737,0.180761526
120100010202,2012,0.47686565,0.771627213,0.294761563
120100010202,2013,0.00012271,0.000195003,7.246e-05
120100010202,2014,0.0,0.0,0.0
120100010202,2015,0.0,0.0,0.0
120100010202,2016,0.0,0.0,0.0
120100010202,2017,0.0,0.0,0.0
120100010202,2018,0.633564181,0.982269956,0.34870586
120100010202,2019,0.712291463,1.219676795,0.507385584
120100010202,2020,0.570154227,1.528563525,0.958409383
120100010203,2000,0.457224117,0.685493541,0.228269339
120100010203,2001,0.11680426,0.175118868,0.058314526
120100010203,2002,0.0,0.0,0.0
120100010203,2003,0.192785882,0.289034397,0.09624843
120100010203,2004,0.553102689,0.829239347,0.276136746
120100010203,2005,0.289435337,0.433936427,0.144500841
120100010203,2006,0.459352126,0.68868391,0.229331866
120100010203,2007,0.284741249,0.426898534,0.142157288
120100010203,2008,0.0,0.0,0.0
120100010203,2009,0.419215929,0.628509707,0.209293696
120100010203,2010,0.0,0.0,0.0
120100010203,2011,0.451054704,0.676243616,0.225189329
120100010203,2012,0.463779975,0.695322383,0.231542333
120100010203,2013,0.495505255,0.74288654,0.2473812
120100010203,2014,0.62385657,0.935317205,0.311460633
120100010203,2015,0.100546573,0.150744321,0.050197751
120100010203,2016,0.011371456,0.017048762,0.005677221
120100010203,2017,0.0,0.0,0.0
120100010203,2018,0.349157019,0.52347383,0.174316729
120100010203,2019,0.28387649,0.425601847,0.141725438
120100010203,2020,0.213692333,0.320378429,0.106686093
120100010204,2000,0.428428934,0.642322383,0.213893284
120100010204,2001,0.178730981,0.26796231,0.089231408
120100010204,2002,0.0,0.0,0.0
120100010204,2003,0.218337118,0.327341847,0.109004978
120100010204,2004,0.923854803,1.385089738,0.461234926
120100010204,2005,0.290511137,0.435548926,0.145037784
120100010204,2006,0.942364529,1.412840534,0.470475836
120100010204,2007,0.140350685,0.210420734,0.070070299
120100010204,2008,0.427422194,0.64081294,0.213390746
120100010204,2009,0.480268479,0.720042534,0.239774142
120100010204,2010,0.631507189,0.946787315,0.315280378
120100010204,2011,0.202050211,0.302923682,0.100873638
120100010204,2012,0.638922814,0.957905601,0.318982456
120100010204,2013,0.428544463,0.642495597,0.213951049
120100010204,2014,1.266960447,1.899490973,0.632530526
120100010204,2015,0.462755307,0.693786208,0.231030737
120100010204,2016,0.554748727,0.831707112,0.276958385
120100010204,2017,0.326442512,0.489419071,0.162976477
120100010204,2018,1.447756293,2.170549271,0.722792973
120100010204,2019,0.804992425,1.206885271,0.401892852
120100010204,2020,1.151042303,1.725700691,0.574658216
120100010301,2000,0.164855374,0.816116251,0.651260708
120100010301,2001,0.001121953,0.004487644,0.00336569
120100010301,2002,0.0,0.0,0.0
120100010301,2003,0.118773921,0.587989699,0.469215778
120100010301,2004,0.340885183,1.592921929,1.2520365
120100010301,2005,0.369177301,1.792122638,1.422945334
120100010301,2006,0.003659433,0.096301627,0.09264211
120100010301,2007,0.46532794,2.194942942,1.72961517
120100010301,2008,0.116838708,0.63499306,0.518154352
120100010301,2009,0.196996463,1.026023507,0.829026962
120100010301,2010,0.181715192,0.825978438,0.644263244
120100010301,2011,0.153338337,0.747992208,0.594653784
120100010301,2012,0.159969342,0.683629604,0.523660347
120100010301,2013,0.060618688,0.314085863,0.253467258
120100010301,2014,0.0,0.0,0.0
120100010301,2015,0.0,0.0,0.0
120100010301,2016,0.0,0.007959831,0.007959831
120100010301,2017,0.0,0.0,0.0
120100010301,2018,0.373222488,2.208416633,1.835194397
120100010301,2019,0.047750003,1.164631304,1.116881551
120100010301,2020,0.541050087,2.862698041,2.321648374
120100010302,2000,0.133860735,0.20069088,0.066830066
120100010302,2001,0.271018904,0.61876429,0.347745553
120100010302,2002,0.0,0.0,0.0
120100010302,2003,0.095668918,0.288159068,0.192490151
120100010302,2004,0.14679347,0.300806156,0.154012855
120100010302,2005,0.54739091,1.140397537,0.593006712
120100010302,2006,0.0,0.143408334,0.143408334
120100010302,2007,0.264029781,0.538836238,0.274806625
120100010302,2008,0.046546372,0.071280806,0.024734434
120100010302,2009,0.249722542,0.426876299,0.177153589
120100010302,2010,0.0,0.0,0.0
120100010302,2011,0.031273425,0.086870658,0.055597233
120100010302,2012,0.349525552,0.740520131,0.390994661
120100010302,2013,0.0,0.0,0.0
120100010302,2014,0.0,0.0,0.0
120100010302,2015,0.198199682,0.302594819,0.104395219
120100010302,2016,0.075386623,0.272153959,0.196767169
120100010302,2017,0.0,0.0,0.0
120100010302,2018,0.212004907,0.4896182,0.277613463
120100010302,2019,0.249869441,0.37461671,0.124747351
120100010302,2020,0.513424667,1.108908609,0.595484109
120100010303,2000,0.0,0.0,0.0
120100010303,2001,0.0,0.0,0.0
120100010303,2002,0.0,0.0,0.0
120100010303,2003,0.0,0.0,0.0
120100010303,2004,0.0,0.0,0.0
120100010303,2005,0.0,0.0,0.0
120100010303,2006,0.0,0.0,0.0
120100010303,2007,0.0,0.0,0.0
120100010303,2008,0.0,0.0,0.0
120100010303,2009,0.0,0.0,0.0
120100010303,2010,0.0,0.0,0.0
120100010303,2011,0.0,0.0,0.0
120100010303,2012,0.0,0.0,0.0
120100010303,2013,0.0,0.0,0.0
120100010303,2014,0.0,0.0,0.0
120100010303,2015,0.0,0.0,0.0
120100010303,2016,0.0,0.0,0.0
120100010303,2017,0.0,0.0,0.0
120100010303,2018,0.0,0.0,0.0
120100010303,2019,0.000428063,0.000966386,0.000538408
120100010303,2020,0.0,0.0,0.0
120100010401,2000,0.0,0.0,0.0
120100010401,2001,0.0,0.0,0.0
120100010401,2002,0.0,0.0,0.0
120100010401,2003,0.0,0.0,0.0
120100010401,2004,0.0,0.0,0.0
120100010401,2005,0.0,0.0,0.0
120100010401,2006,0.0,0.0,0.0
120100010401,2007,0.0,0.0,0.0
120100010401,2008,0.0,0.0,0.0
120100010401,2009,0.0,0.0,0.0
120100010401,2010,0.0,0.0,0.0
120100010401,2011,0.0,0.0,0.0
120100010401,2012,0.0,0.0,0.0
120100010401,2013,0.0,0.0,0.0
120100010401,2014,0.0,0.0,0.0
120100010401,2015,0.0,0.0,0.0
120100010401,2016,0.0,0.0,0.0
120100010401,2017,0.0,0.0,0.0
120100010401,2018,0.0,0.0,0.0
120100010401,2019,0.0,0.0,0.0
120100010401,2020,0.0,0.0,0.0
120100010402,2000,0.121390667,0.181994779,0.060604189
120100010402,2001,0.0,0.0,0.0
120100010402,2002,0.0,0.0,0.0
120100010402,2003,0.075919964,0.113822871,0.037903159
120100010402,2004,0.149518984,0.224166352,0.074647451
120100010402,2005,0.06592423,0.098836663,0.032912685
120100010402,2006,0.0,0.0,0.0
120100010402,2007,0.0,0.0,0.0
120100010402,2008,0.0,0.0,0.0
120100010402,2009,0.0,0.0,0.0
120100010402,2010,0.04732089,0.070946027,0.023624885
120100010402,2011,0.0,0.0,0.0
120100010402,2012,0.0,0.0,0.0
120100010402,2013,0.0,0.0,0.0
120100010402,2014,0.0,0.0,0.0
120100010402,2015,0.0,0.0,0.0
120100010402,2016,0.09848453,0.147652926,0.049168484
120100010402,2017,0.0,0.0,0.0
120100010402,2018,0.0,0.0,0.0
120100010402,2019,0.0,0.0,0.0
120100010402,2020,0.239321792,0.358802926,0.119481464
120100010403,2000,0.0,0.0,0.0
120100010403,2001,0.0,0.0,0.0
120100010403,2002,0.0,0.0,0.0
120100010403,2003,0.0,0.0,0.0
120100010403,2004,0.0,0.0,0.0
120100010403,2005,0.0,0.0,0.0
120100010403,2006,0.0,0.0,0.0
120100010403,2007,0.0,0.0,0.0
120100010403,2008,0.0,0.0,0.0
120100010403,2009,0.0,0.0,0.0
120100010403,2010,0.0,0.0,0.0
120100010403,2011,0.0,0.0,0.0
120100010403,2012,0.0,0.0,0.0
120100010403,2013,0.0,0.0,0.0
120100010403,2014,0.0,0.0,0.0
120100010403,2015,0.0,0.0,0.0
120100010403,2016,0.0,0.0,0.0
120100010403,2017,0.0,0.0,0.0
120100010403,2018,0.0,0.0,0.0
120100010403,2019,0.0,0.0,0.0
120100010403,2020,0.0,0.0,0.0
120100010404,2000,0.0,0.0,0.0
120100010404,2001,0.0,0.0,0.0
120100010404,2002,0.0,0.0,0.0
120100010404,2003,0.001296381,0.001943564,0.000647268
120100010404,2004,0.0,0.0,0.0
120100010404,2005,0.0,0.0,0.0
120100010404,2006,0.0,0.0,0.0
120100010404,2007,0.0,0.0,0.0
120100010404,2008,0.0,0.0,0.0
120100010404,2009,0.0,0.0,0.0
120100010404,2010,0.0,0.0,0.0
120100010404,2011,0.0,0.0,0.0
120100010404,2012,0.0,0.0,0.0
120100010404,2013,0.0,0.0,0.0
120100010404,2014,0.0,0.0,0.0
120100010404,2015,0.0,0.0,0.0
120100010404,2016,0.0,0.0,0.0
120100010404,2017,0.0,0.0,0.0
120100010404,2018,0.0,0.0,0.0
120100010404,2019,0.0,0.0,0.0
120100010404,2020,0.149978503,0.224855205,0.074876784
120100010405,2000,0.0,0.0,0.0
120100010405,2001,0.0,0.0,0.0
120100010405,2002,0.0,0.0,0.0
120100010405,2003,0.0,0.0,0.0
120100010405,2004,0.0,0.0,0.0
120100010405,2005,0.0,0.0,0.0
120100010405,2006,0.0,0.0,0.0
120100010405,2007,0.0,0.0,0.0
120100010405,2008,0.0,0.0,0.0
120100010405,2009,0.0,0.0,0.0
120100010405,2010,0.0,0.0,0.0
120100010405,2011,0.0,0.0,0.0
120100010405,2012,0.0,0.0,0.0
120100010405,2013,0.0,0.0,0.0
120100010405,2014,0.0,0.0,0.0
120100010405,2015,0.0,0.0,0.0
120100010405,2016,0.0,0.0,0.0
120100010405,2017,0.0,0.0,0.0
120100010405,2018,0.0,0.0,0.0
120100010405,2019,0.0,0.0,0.0
120100010405,2020,0.008076311,0.012108536,0.004032221
120100010406,2000,0.0,0.0,0.0
120100010406,2001,0.0,0.0,0.0
120100010406,2002,0.0,0.0,0.0
120100010406,2003,0.0,0.0,0.0
120100010406,2004,0.0,0.0,0.0
120100010406,2005,0.0,0.0,0.0
120100010406,2006,0.0,0.0,0.0
120100010406,2007,0.0,0.0,0.0
120100010406,2008,0.0,0.0,0.0
120100010406,2009,0.0,0.0,0.0
120100010406,2010,0.0,0.0,0.0
120100010406,2011,0.0,0.0,0.0
120100010406,2012,0.0,0.0,0.0
120100010406,2013,0.0,0.0,0.0
120100010406,2014,0.0,0.0,0.0
120100010406,2015,0.0,0.0,0.0
120100010406,2016,0.0,0.0,0.0
120100010406,2017,0.0,0.0,0.0
120100010406,2018,0.0,0.0,0.0
120100010406,2019,0.0,0.0,0.0
120100010406,2020,0.0,0.0,0.0
120100010407,2000,0.0,0.00234785,0.00234785
120100010407,2001,0.0,0.0,0.0
120100010407,2002,0.0,0.001515668,0.001515668
120100010407,2003,0.0,0.002395822,0.002395822
120100010407,2004,0.0,0.0,0.0
120100010407,2005,0.0,0.0,0.0
120100010407,2006,0.0,0.0,0.0
120100010407,2007,0.0,0.0,0.0
120100010407,2008,0.0,0.0,0.0
120100010407,2009,0.0,0.0,0.0
120100010407,2010,0.0,0.0,0.0
120100010407,2011,0.0,0.0,0.0
120100010407,2012,0.0,0.0,0.0
120100010407,2013,0.0,0.0,0.0
120100010407,2014,0.0,0.0,0.0
120100010407,2015,0.0,0.0,0.0
120100010407,2016,0.0,0.0,0.0
120100010407,2017,0.0,0.0,0.0
120100010407,2018,0.000941159,0.235259005,0.234317926
120100010407,2019,0.0,0.0,0.0
120100010407,2020,0.0,0.333284872,0.333284872
120100010501,2000,0.0,0.0,0.0
120100010501,2001,0.0,0.0,0.0
120100010501,2002,0.0,0.0,0.0
120100010501,2003,0.0,0.0,0.0
120100010501,2004,0.0,0.0,0.0
120100010501,2005,0.0,0.0,0.0
120100010501,2006,0.0,0.0,0.0
120100010501,2007,0.010202608,0.237267923,0.227065315
120100010501,2008,0.0,0.0,0.0
120100010501,2009,0.0,0.0,0.0
120100010501,2010,0.0,0.0,0.0
120100010501,2011,0.0,0.0,0.0
120100010501,2012,0.0,0.0,0.0
120100010501,2013,0.0,0.0,0.0
120100010501,2014,0.0,0.0,0.0
120100010501,2015,0.0,0.0,0.0
120100010501,2016,0.012111227,0.281654839,0.269543691
120100010501,2017,0.0,0.0,0.0
120100010501,2018,0.049081285,1.141425855,1.092344488
120100010501,2019,0.044403337,1.032636844,0.988233507
120100010501,2020,0.036315863,0.844555973,0.808240025
120100010502,2000,0.0,0.0,0.0
120100010502,2001,0.0,0.0,0.0
120100010502,2002,0.0,0.0,0.0
120100010502,2003,0.0,0.0,0.0
120100010502,2004,0.0,0.0,0.0
120100010502,2005,0.0,0.0,0.0
120100010502,2006,0.0,0.0,0.0
120100010502,2007,0.0,0.0,0.0
120100010502,2008,0.0,0.0,0.0
120100010502,2009,0.0,0.0,0.0
120100010502,2010,0.0,0.0,0.0
120100010502,2011,0.0,0.0,0.0
120100010502,2012,0.0,0.0,0.0
120100010502,2013,0.0,0.0,0.0
120100010502,2014,0.0,0.0,0.0
120100010502,2015,0.0,0.0,0.0
120100010502,2016,0.0,0.0,0.0
120100010502,2017,0.0,0.0,0.0
120100010502,2018,0.0,0.0,0.0
120100010502,2019,0.003813515,0.08868597,0.084872367
120100010502,2020,0.0,0.0,0.0
120100010503,2000,0.0,0.0,0.0
120100010503,2001,0.0,0.0,0.0
120100010503,2002,5.5197e-05,0.001282353,0.001227241
120100010503,2003,0.005569104,0.129513348,0.123944247
120100010503,2004,0.003318609,0.077179372,0.07386068
120100010503,2005,0.0,0.0,0.0
120100010503,2006,0.0,0.0,0.0
120100010503,2007,6.3337e-05,0.001475389,0.001411803
120100010503,2008,0.0,0.0,0.0
120100010503,2009,1.4e-05,0.000324518,0.000310433
120100010503,2010,0.0,0.0,0.0
120100010503,2011,0.0,0.0,0.0
120100010503,2012,0.0,0.0,0.0
120100010503,2013,0.00901831,0.209728307,0.200709915
120100010503,2014,0.008436296,0.196191474,0.187755096
120100010503,2015,0.0,0.0,0.0
120100010503,2016,0.0,0.0,0.0
120100010503,2017,0.006892447,0.160290386,0.153397855
120100010503,2018,0.006740079,0.156745995,0.150005997
120100010503,2019,0.004355255,0.101283592,0.096928419
120100010503,2020,0.005272648,0.122620459,0.11734773
120100010504,2000,0.0,0.0,0.0
120100010504,2001,0.0,0.0,0.0
120100010504,2002,0.0,0.0,0.0
120100010504,2003,0.0,0.0,0.0
120100010504,2004,0.0,0.0,0.0
120100010504,2005,0.0,0.0,0.0
120100010504,2006,0.0,0.0,0.0
120100010504,2007,0.0,0.0,0.0
120100010504,2008,0.0,0.0,0.0
120100010504,2009,0.0,0.0,0.0
120100010504,2010,0.0,0.0,0.0
120100010504,2011,0.0,0.0,0.0
120100010504,2012,0.0,0.0,0.0
120100010504,2013,0.0,0.0,0.0
120100010504,2014,0.0,0.0,0.0
120100010504,2015,0.0,0.0,0.0
120100010504,2016,0.0,0.0,0.0
120100010504,2017,0.0,0.0,0.0
120100010504,2018,0.0,0.0,0.0
120100010504,2019,0.0,0.0,0.0
120100010504,2020,0.0,0.0,0.0
120100010505,2000,0.0,0.0,0.0
120100010505,2001,0.0,0.0,0.0
120100010505,2002,0.0,0.0,0.0
120100010505,2003,0.0,0.0,0.0
120100010505,2004,0.0,0.0,0.0
120100010505,2005,0.0,0.0,0.0
120100010505,2006,0.0,0.0,0.0
120100010505,2007,0.0,0.0,0.0
120100010505,2008,0.0,0.0,0.0
120100010505,2009,0.0,0.0,0.0
120100010505,2010,0.0,0.0,0.0
120100010505,2011,0.0,0.0,0.0
120100010505,2012,0.0,0.0,0.0
120100010505,2013,0.0,0.0,0.0
120100010505,2014,0.0,0.0,0.0
120100010505,2015,0.0,0.0,0.0
120100010505,2016,0.0,0.0,0.0
120100010505,2017,0.0,0.0,0.0
120100010505,2018,0.0,0.0,0.0
120100010505,2019,0.0,0.0,0.0
120100010505,2020,0.0,0.0,0.0
120100010506,2000,0.0,0.0,0.0
120100010506,2001,0.0,0.0,0.0
120100010506,2002,0.0,0.0,0.0
120100010506,2003,0.0,0.053289482,0.053289482
120100010506,2004,0.0,0.000596705,0.000596705
120100010506,2005,0.0,0.00074406,0.00074406
120100010506,2006,0.0,0.0,0.0
120100010506,2007,0.0,0.002968962,0.002968962
120100010506,2008,0.0,0.0,0.0
120100010506,2009,0.0,0.0,0.0
120100010506,2010,0.0,0.0,0.0
120100010506,2011,0.0,0.0,0.0
120100010506,2012,0.0,0.0,0.0
120100010506,2013,0.0,0.0,0.0
120100010506,2014,0.0,0.0,0.0
120100010506,2015,0.0,0.0,0.0
120100010506,2016,0.0,0.0,0.0
120100010506,2017,0.0,0.0,0.0
120100010506,2018,0.0,0.005495455,0.005495455
120100010506,2019,0.0,0.0,0.0
120100010506,2020,0.0,0.007145607,0.007145607
120100010507,2000,0.0,0.0,0.0
120100010507,2001,0.0,0.0,0.0
120100010507,2002,0.0,0.0,0.0
120100010507,2003,0.0,0.0,0.0
120100010507,2004,0.0,0.0,0.0
120100010507,2005,0.0,0.0,0.0
120100010507,2006,0.0,0.0,0.0
120100010507,2007,0.0,0.0,0.0
120100010507,2008,0.0,0.0,0.0
120100010507,2009,0.0,0.0,0.0
120100010507,2010,0.0,0.0,0.0
120100010507,2011,0.0,0.0,0.0
120100010507,2012,0.0,0.0,0.0
120100010507,2013,0.0,0.0,0.0
120100010507,2014,0.0,0.0,0.0
120100010507,2015,0.0,0.0,0.0
120100010507,2016,0.0,0.0,0.0
120100010507,2017,0.0,0.0,0.0
120100010507,2018,0.0,0.0,0.0
120100010507,2019,0.0,0.0,0.0
120100010507,2020,0.0,0.0,0.0
120100010601,2000,0.0,0.0,0.0
120100010601,2001,0.0,0.0,0.0
120100010601,2002,0.0,0.0,0.0
120100010601,2003,0.0,0.0,0.0
120100010601,2004,0.0,0.0,0.0
120100010601,2005,0.0,0.0,0.0
120100010601,2006,0.0,0.0,0.0
120100010601,2007,0.0,0.0,0.0
120100010601,2008,0.0,0.0,0.0
120100010601,2009,0.0,0.0,0.0
120100010601,2010,0.0,0.0,0.0
120100010601,2011,0.0,0.0,0.0
120100010601,2012,0.0,0.0,0.0
120100010601,2013,0.0,0.0,0.0
120100010601,2014,0.0,0.0,0.0
120100010601,2015,0.0,0.0,0.0
120100010601,2016,0.0,0.0,0.0
120100010601,2017,0.0,0.0,0.0
120100010601,2018,0.0,0.0,0.0
120100010601,2019,0.0,0.0,0.0
120100010601,2020,0.0,0.0,0.0
120100010602,2000,0.0,0.0,0.0
120100010602,2001,0.0,0.0,0.0
120100010602,2002,0.0,0.0,0.0
120100010602,2003,0.0,0.0,0.0
120100010602,2004,0.0,0.0,0.0
120100010602,2005,0.0,0.0,0.0
120100010602,2006,0.0,0.0,0.0
120100010602,2007,0.0,0.0,0.0
120100010602,2008,0.0,0.0,0.0
120100010602,2009,0.0,0.0,0.0
120100010602,2010,0.0,0.0,0.0
120100010602,2011,0.0,0.0,0.0
120100010602,2012,0.0,0.0,0.0
120100010602,2013,0.0,0.0,0.0
120100010602,2014,0.0,0.0,0.0
120100010602,2015,0.0,0.0,0.0
120100010602,2016,0.0,0.0,0.0
120100010602,2017,0.0,0.0,0.0
120100010602,2018,0.0,0.0,0.0
120100010602,2019,0.0,0.0,0.0
120100010602,2020,0.0,0.0,0.0
120100010603,2000,0.0,0.0,0.0
120100010603,2001,0.0,0.0,0.0
120100010603,2002,0.0,0.0,0.0
120100010603,2003,0.0,0.0,0.0
120100010603,2004,0.0,0.0,0.0
120100010603,2005,0.0,0.0,0.0
120100010603,2006,0.0,0.0,0.0
120100010603,2007,0.0,0.0,0.0
120100010603,2008,0.0,0.0,0.0
120100010603,2009,0.0,0.0,0.0
120100010603,2010,0.0,0.0,0.0
120100010603,2011,0.0,0.0,0.0
120100010603,2012,0.0,0.0,0.0
120100010603,2013,0.0,0.0,0.0
120100010603,2014,0.0,0.0,0.0
120100010603,2015,0.0,0.0,0.0
120100010603,2016,0.0,0.0,0.0
120100010603,2017,0.0,0.0,0.0
120100010603,2018,0.0,0.0,0.0
120100010603,2019,0.0,0.0,0.0
120100010603,2020,0.0,0.0,0.0
120100010604,2000,2.516e-06,5.9552e-05,5.7036e-05
120100010604,2001,2.195e-06,4.9466e-05,4.7356e-05
120100010604,2002,1.8433e-05,0.000428753,0.000410405
120100010604,2003,0.00657314,0.152862773,0.146289715
120100010604,2004,7.3757e-05,0.001715765,0.001642178
120100010604,2005,0.0,0.0,0.0
120100010604,2006,5.444e-06,0.000124748,0.000119384
120100010604,2007,2.26e-06,5.2932e-05,5.0671e-05
120100010604,2008,0.0,0.0,0.0
120100010604,2009,1.7184e-05,0.000400077,0.000382978
120100010604,2010,2.8767e-05,0.000669011,0.000640247
120100010604,2011,7.7129e-05,0.001795578,0.001718285
120100010604,2012,0.0,0.0,0.0
120100010604,2013,4.1329e-05,0.000962838,0.000921427
120100010604,2014,0.0,0.0,0.0
120100010604,2015,0.0,0.0,0.0
120100010604,2016,2.5025e-05,0.000582587,0.000557563
120100010604,2017,0.005230438,0.121637238,0.116406795
120100010604,2018,0.0,0.0,0.0
120100010604,2019,9.5625e-05,0.002222189,0.002126649
120100010604,2020,2.4546e-05,0.000571273,0.00054656
120100010605,2000,0.0,0.0,0.0
120100010605,2001,0.0,0.0,0.0
120100010605,2002,1.178e-06,2.5504e-05,2.4578e-05
120100010605,2003,0.0,0.0,0.0
120100010605,2004,0.0,0.0,0.0
120100010605,2005,0.0,0.0,0.0
120100010605,2006,2.345e-06,5.5378e-05,5.2866e-05
120100010605,2007,1.005e-06,2.4121e-05,2.3118e-05
120100010605,2008,0.0,0.0,0.0
120100010605,2009,0.0,0.0,0.0
120100010605,2010,1.934e-06,4.4578e-05,4.2729e-05
120100010605,2011,0.0,0.0,0.0
120100010605,2012,0.0,0.0,0.0
120100010605,2013,1.0458e-05,0.000242447,0.000231989
120100010605,2014,0.0,0.0,0.0
120100010605,2015,0.0,0.0,0.0
120100010605,2016,5.754e-06,0.000134219,0.000128464
120100010605,2017,1.929e-06,4.6644e-05,4.4718e-05
120100010605,2018,5.208e-06,0.000121323,0.000116282
120100010605,2019,0.0,0.0,0.0
120100010605,2020,1.0137e-05,0.000236167,0.000225863
120100010606,2000,0.0,0.0,0.0
120100010606,2001,0.0,0.0,0.0
120100010606,2002,0.0,0.0,0.0
120100010606,2003,0.0,0.0,0.0
120100010606,2004,0.0,0.0,0.0
120100010606,2005,0.0,0.0,0.0
120100010606,2006,0.0,0.0,0.0
120100010606,2007,0.0,0.0,0.0
120100010606,2008,0.0,0.0,0.0
120100010606,2009,0.0,0.0,0.0
120100010606,2010,0.0,0.0,0.0
120100010606,2011,0.0,0.0,0.0
120100010606,2012,0.0,0.0,0.0
120100010606,2013,0.0,0.0,0.0
120100010606,2014,0.0,0.0,0.0
120100010606,2015,0.0,0.0,0.0
120100010606,2016,0.0,0.0,0.0
120100010606,2017,0.0,0.0,0.0
120100010606,2018,0.0,0.0,0.0
120100010606,2019,0.0,0.0,0.0
120100010606,2020,0.0,0.0,0.0
120100010607,2000,0.004368852,0.101601101,0.097232164
120100010607,2001,0.004838515,0.112521934,0.107683504
120100010607,2002,0.010960989,0.254908247,0.243947173
120100010607,2003,0.021229458,0.493707805,0.472478351
120100010607,2004,0.010224902,0.237789727,0.227564738
120100010607,2005,0.010248507,0.238340049,0.228091625
120100010607,2006,0.020949923,0.487207921,0.466258
120100010607,2007,0.013100427,0.304658858,0.291558427
120100010607,2008,0.003964754,0.092206301,0.088241464
120100010607,2009,0.005296649,0.123177786,0.117881052
120100010607,2010,0.0133142,0.309633803,0.296319688
120100010607,2011,0.011052649,0.257039129,0.245986148
120100010607,2012,0.0,0.0,0.0
120100010607,2013,0.019782419,0.460054734,0.440272312
120100010607,2014,0.0,0.0,0.0
120100010607,2015,0.0,0.0,0.0
120100010607,2016,0.005356161,0.124560495,0.119204421
120100010607,2017,0.003121764,0.07259843,0.069476838
120100010607,2018,0.01789149,0.325299134,0.307407729
120100010607,2019,0.003774592,0.087780474,0.084005797
120100010607,2020,0.004617702,0.107389522,0.102771738
120100010608,2000,0.0,0.0,0.0
120100010608,2001,0.0,0.0,0.0
120100010608,2002,0.0,0.0,0.0
120100010608,2003,0.0,0.0,0.0
120100010608,2004,0.0,0.0,0.0
120100010608,2005,0.0,0.0,0.0
120100010608,2006,0.0,0.0,0.0
120100010608,2007,0.0,0.0,0.0
120100010608,2008,0.0,0.0,0.0
120100010608,2009,0.0,0.0,0.0
120100010608,2010,0.0,0.0,0.0
120100010608,2011,0.0,0.0,0.0
120100010608,2012,0.0,0.0,0.0
120100010608,2013,0.0,0.0,0.0
120100010608,2014,0.0,0.0,0.0
120100010608,2015,0.0,0.0,0.0
120100010608,2016,0.0,0.0,0.0
120100010608,2017,0.0,0.0,0.0
120100010608,2018,0.0,0.0,0.0
120100010608,2019,0.0,0.0,0.0
120100010608,2020,0.0,0.0,0.0
120100020101,2000,0.0,0.0,0.0
120100020101,2001,0.0,0.0,0.0
120100020101,2002,0.0,0.0,0.0
120100020101,2003,0.0,0.0,0.0
120100020101,2004,0.0,0.0,0.0
120100020101,2005,0.0,0.0,0.0
120100020101,2006,0.0,0.0,0.0
120100020101,2007,0.0,0.0,0.0
120100020101,2008,0.0,0.0,0.0
120100020101,2009,0.0,0.0,0.0
120100020101,2010,0.0,0.0,0.0
120100020101,2011,0.0,0.0,0.0
120100020101,2012,0.0,0.0,0.0
120100020101,2013,0.0,0.0,0.0
120100020101,2014,0.0,0.0,0.0
120100020101,2015,0.0,0.0,0.0
120100020101,2016,0.0,0.0,0.0
120100020101,2017,0.0,0.0,0.0
120100020101,2018,0.0,0.0,0.0
120100020101,2019,0.0,0.0,0.0
120100020101,2020,0.0,0.0,0.0
120100020102,2000,0.0,0.0,0.0
120100020102,2001,0.0,0.0,0.0
120100020102,2002,0.0,0.0,0.0
120100020102,2003,0.0,0.0,0.0
120100020102,2004,0.0,0.0,0.0
120100020102,2005,0.0,0.0,0.0
120100020102,2006,0.0,0.0,0.0
120100020102,2007,0.0,0.0,0.0
120100020102,2008,0.0,0.0,0.0
120100020102,2009,0.0,0.0,0.0
120100020102,2010,0.0,0.0,0.0
120100020102,2011,0.0,0.0,0.0
120100020102,2012,0.0,0.0,0.0
120100020102,2013,0.0,0.0,0.0
120100020102,2014,0.0,0.0,0.0
120100020102,2015,0.0,0.0,0.0
120100020102,2016,0.0,0.0,0.0
120100020102,2017,0.0,0.0,0.0
120100020102,2018,0.0,0.0,0.0
120100020102,2019,0.0,0.0,0.0
120100020102,2020,0.0,0.0,0.0
120100020103,2000,0.0,0.0,0.0
120100020103,2001,0.0,0.0,0.0
120100020103,2002,0.0,0.0,0.0
120100020103,2003,0.0,0.0,0.0
120100020103,2004,0.0,0.0,0.0
120100020103,2005,0.0,0.0,0.0
120100020103,2006,0.0,0.0,0.0
120100020103,2007,0.0,0.0,0.0
120100020103,2008,0.0,0.0,0.0
120100020103,2009,0.0,0.0,0.0
120100020103,2010,0.0,0.0,0.0
120100020103,2011,0.0,0.0,0.0
120100020103,2012,0.0,0.0,0.0
120100020103,2013,0.0,0.0,0.0
120100020103,2014,0.0,0.0,0.0
120100020103,2015,0.0,0.0,0.0
120100020103,2016,0.0,0.0,0.0
120100020103,2017,0.0,0.0,0.0
120100020103,2018,0.0,0.0,0.0
120100020103,2019,0.0,0.0,0.0
120100020103,2020,0.0,0.0,0.0
120100020104,2000,0.0,0.0,0.0
120100020104,2001,0.0,0.0,0.0
120100020104,2002,0.0,0.0,0.0
120100020104,2003,0.0,0.0,0.0
120100020104,2004,0.0,0.0,0.0
120100020104,2005,0.0,0.0,0.0
120100020104,2006,0.0,0.0,0.0
120100020104,2007,0.0,0.0,0.0
120100020104,2008,0.0,0.0,0.0
120100020104,2009,0.0,0.0,0.0
120100020104,2010,0.0,0.0,0.0
120100020104,2011,0.0,0.0,0.0
120100020104,2012,0.0,0.0,0.0
120100020104,2013,0.0,0.0,0.0
120100020104,2014,0.0,0.0,0.0
120100020104,2015,0.0,0.0,0.0
120100020104,2016,0.0,0.0,0.0
120100020104,2017,0.0,0.0,0.0
120100020104,2018,0.0,0.0,0.0
120100020104,2019,0.0,0.0,0.0
120100020104,2020,0.0,0.0,0.0
120100020105,2000,0.0,0.0,0.0
120100020105,2001,0.0,0.0,0.0
120100020105,2002,0.0,0.0,0.0
120100020105,2003,0.0,0.0,0.0
120100020105,2004,0.0,0.0,0.0
120100020105,2005,0.0,0.0,0.0
120100020105,2006,0.0,0.0,0.0
120100020105,2007,0.0,0.0,0.0
120100020105,2008,0.0,0.0,0.0
120100020105,2009,0.0,0.0,0.0
120100020105,2010,0.0,0.0,0.0
120100020105,2011,0.0,0.0,0.0
120100020105,2012,0.0,0.0,0.0
120100020105,2013,0.0,0.0,0.0
120100020105,2014,0.0,0.0,0.0
120100020105,2015,0.0,0.0,0.0
120100020105,2016,0.0,0.0,0.0
120100020105,2017,0.0,0.0,0.0
120100020105,2018,0.0,0.0,0.0
120100020105,2019,0.0,0.0,0.0
120100020105,2020,0.0,0.0,0.0
120100020106,2000,0.0,0.0,0.0
120100020106,2001,0.0,0.0,0.0
120100020106,2002,0.0,0.0,0.0
120100020106,2003,0.0,0.0,0.0
120100020106,2004,0.0,0.0,0.0
120100020106,2005,0.0,0.0,0.0
120100020106,2006,0.0,0.0,0.0
120100020106,2007,0.0,0.0,0.0
120100020106,2008,0.0,0.0,0.0
120100020106,2009,0.0,0.0,0.0
120100020106,2010,0.0,0.0,0.0
120100020106,2011,0.0,0.0,0.0
120100020106,2012,0.0,0.0,0.0
120100020106,2013,0.0,0.0,0.0
120100020106,2014,0.0,0.0,0.0
120100020106,2015,0.0,0.0,0.0
120100020106,2016,0.0,0.0,0.0
120100020106,2017,0.0,0.0,0.0
120100020106,2018,0.0,0.0,0.0
120100020106,2019,0.0,0.0,0.0
120100020106,2020,0.0,0.0,0.0
120100020107,2000,0.0,0.0,0.0
120100020107,2001,0.0,0.0,0.0
120100020107,2002,0.0,0.0,0.0
120100020107,2003,0.0,0.0,0.0
120100020107,2004,0.0,0.0,0.0
120100020107,2005,0.0,0.0,0.0
120100020107,2006,0.0,0.0,0.0
120100020107,2007,0.0,0.0,0.0
120100020107,2008,0.0,0.0,0.0
120100020107,2009,0.0,0.0,0.0
120100020107,2010,0.0,0.0,0.0
120100020107,2011,0.0,0.0,0.0
120100020107,2012,0.0,0.0,0.0
120100020107,2013,0.0,0.0,0.0
120100020107,2014,0.0,0.0,0.0
120100020107,2015,0.0,0.0,0.0
120100020107,2016,0.0,0.0,0.0
120100020107,2017,0.0,0.0,0.0
120100020107,2018,0.0,0.0,0.0
120100020107,2019,0.0,0.0,0.0
120100020107,2020,0.0,0.0,0.0
120100020201,2000,0.0,0.0,0.0
120100020201,2001,0.0,0.0,0.0
120100020201,2002,0.006418849,0.072941521,0.066522671
120100020201,2003,0.025571707,0.092988195,0.067416403
120100020201,2004,0.0,0.0,0.0
120100020201,2005,0.0,0.0,0.0
120100020201,2006,0.0,0.0,0.0
120100020201,2007,0.017528501,0.092743389,0.075214885
120100020201,2008,0.018558246,0.13645874,0.117900413
120100020201,2009,0.015780625,0.066027726,0.050246929
120100020201,2010,0.026972041,0.214063175,0.187091219
120100020201,2011,0.035090405,0.337408362,0.302317879
120100020201,2012,0.00901471,0.219872011,0.210857219
120100020201,2013,0.0,0.0,0.0
120100020201,2014,0.0,0.0,0.0
120100020201,2015,0.00207426,0.050590027,0.048515849
120100020201,2016,6.1724e-05,0.001508577,0.001446604
120100020201,2017,0.0,0.0,0.0
120100020201,2018,0.0,0.0,0.0
120100020201,2019,0.0,0.0,0.0
120100020201,2020,0.0,0.0,0.0
120100020202,2000,0.0,0.0,0.0
120100020202,2001,0.0,0.0,0.0
120100020202,2002,0.0,0.0,0.0
120100020202,2003,0.0,0.0,0.0
120100020202,2004,0.0,0.0,0.0
120100020202,2005,0.0,0.0,0.0
120100020202,2006,0.0,0.0,0.0
120100020202,2007,0.0,0.0,0.0
120100020202,2008,0.0,0.0,0.0
120100020202,2009,0.0,0.0,0.0
120100020202,2010,0.0,0.0,0.0
120100020202,2011,0.0,0.0,0.0
120100020202,2012,0.0,0.0,0.0
120100020202,2013,0.0,0.0,0.0
120100020202,2014,0.0,0.0,0.0
120100020202,2015,0.0,0.0,0.0
120100020202,2016,0.0,0.0,0.0
120100020202,2017,0.0,0.0,0.0
120100020202,2018,0.0,0.0,0.0
120100020202,2019,0.0,0.0,0.0
120100020202,2020,0.0,0.0,0.0
120100020203,2000,0.0,0.0,0.0
120100020203,2001,0.0,0.0,0.0
120100020203,2002,0.0,0.0,0.0
120100020203,2003,0.0,0.0,0.0
120100020203,2004,0.0,0.0,0.0
120100020203,2005,0.0,0.0,0.0
120100020203,2006,0.0,0.0,0.0
120100020203,2007,0.0,0.0,0.0
120100020203,2008,0.0,0.0,0.0
120100020203,2009,0.0,0.0,0.0
120100020203,2010,0.0,0.0,0.0
120100020203,2011,0.0,0.0,0.0
120100020203,2012,0.0,0.0,0.0
120100020203,2013,0.0,0.0,0.0
120100020203,2014,0.0,0.0,0.0
120100020203,2015,0.0,0.0,0.0
120100020203,2016,0.0,0.0,0.0
120100020203,2017,0.0,0.0,0.0
120100020203,2018,0.0,0.0,0.0
120100020203,2019,0.0,0.0,0.0
120100020203,2020,0.0,0.0,0.0
120100020204,2000,0.0,0.0,0.0
120100020204,2001,0.0,0.0,0.0
120100020204,2002,0.0,0.0,0.0
120100020204,2003,0.0,0.0,0.0
120100020204,2004,0.0,0.0,0.0
120100020204,2005,0.0,0.0,0.0
120100020204,2006,0.0,0.0,0.0
120100020204,2007,0.0,0.0,0.0
120100020204,2008,0.0,0.0,0.0
120100020204,2009,0.0,0.0,0.0
120100020204,2010,0.0,0.0,0.0
120100020204,2011,0.0,0.0,0.0
120100020204,2012,0.0,0.0,0.0
120100020204,2013,0.0,0.0,0.0
120100020204,2014,0.0,0.0,0.0
120100020204,2015,0.0,0.0,0.0
120100020204,2016,0.0,0.0,0.0
120100020204,2017,0.0,0.0,0.0
120100020204,2018,0.0,0.0,0.0
120100020204,2019,0.0,0.0,0.0
120100020204,2020,0.0,0.0,0.0
120100020205,2000,0.009518216,0.019829716,0.010311418
120100020205,2001,0.0,0.0,0.0
120100020205,2002,0.028762129,0.0567302,0.027967986
120100020205,2003,0.022480337,0.041630556,0.019150049
120100020205,2004,0.018230954,0.03320762,0.014976582
120100020205,2005,0.21312314,0.426246614,0.21312314
120100020205,2006,0.293838515,0.559692323,0.265853811
120100020205,2007,0.010140282,0.018813112,0.00867283
120100020205,2008,0.033468809,0.064363022,0.030894213
120100020205,2009,0.072012896,0.13875326,0.066740282
120100020205,2010,0.074412655,0.147644447,0.073231537
120100020205,2011,0.379180307,0.715434666,0.336254192
120100020205,2012,0.085468096,0.172662779,0.087194683
120100020205,2013,0.223081268,0.424916805,0.201835537
120100020205,2014,0.053973737,0.122389529,0.068415707
120100020205,2015,0.048215926,0.089123573,0.040907732
120100020205,2016,0.04242818,0.082066003,0.039637822
120100020205,2017,0.020871493,0.036616605,0.015745112
120100020205,2018,0.087665216,0.17290954,0.085244408
120100020205,2019,0.008682767,0.015873427,0.00719066
120100020205,2020,0.031189828,0.059750719,0.028560806
120100020206,2000,0.0,0.0,0.0
120100020206,2001,0.0,0.0,0.0
120100020206,2002,0.0,0.0,0.0
120100020206,2003,0.0,0.0,0.0
120100020206,2004,0.0,0.0,0.0
120100020206,2005,0.0,0.0,0.0
120100020206,2006,0.0,0.0,0.0
120100020206,2007,0.0,0.0,0.0
120100020206,2008,0.0,0.0,0.0
120100020206,2009,0.0,0.0,0.0
120100020206,2010,0.0,0.0,0.0
120100020206,2011,0.0,0.0,0.0
120100020206,2012,0.0,0.0,0.0
120100020206,2013,0.0,0.0,0.0
120100020206,2014,0.0,0.0,0.0
120100020206,2015,0.0,0.0,0.0
120100020206,2016,0.0,0.0,0.0
120100020206,2017,0.0,0.0,0.0
120100020206,2018,0.0,0.0,0.0
120100020206,2019,0.0,0.0,0.0
120100020206,2020,0.0,0.0,0.0
120100020301,2000,0.0,0.0,0.0
120100020301,2001,0.0,0.0,0.0
120100020301,2002,0.0,0.0,0.0
120100020301,2003,0.0,0.0,0.0
120100020301,2004,0.0,0.0,0.0
120100020301,2005,0.0,0.0,0.0
120100020301,2006,0.0,0.0,0.0
120100020301,2007,0.0,0.0,0.0
120100020301,2008,0.0,0.0,0.0
120100020301,2009,0.0,0.0,0.0
120100020301,2010,0.0,0.0,0.0
120100020301,2011,0.0,0.0,0.0
120100020301,2012,0.0,0.0,0.0
120100020301,2013,0.0,0.0,0.0
120100020301,2014,0.0,0.0,0.0
120100020301,2015,0.0,0.0,0.0
120100020301,2016,0.0,0.0,0.0
120100020301,2017,0.0,0.0,0.0
120100020301,2018,0.0,0.0,0.0
120100020301,2019,0.0,0.0,0.0
120100020301,2020,0.0,0.0,0.0
120100020302,2000,0.0,0.0,0.0
120100020302,2001,0.0,0.0,0.0
120100020302,2002,0.0,0.0,0.0
120100020302,2003,0.0,0.0,0.0
120100020302,2004,0.0,0.0,0.0
120100020302,2005,0.0,0.0,0.0
120100020302,2006,0.0,0.0,0.0
120100020302,2007,0.0,0.0,0.0
120100020302,2008,0.0,0.0,0.0
120100020302,2009,0.0,0.0,0.0
120100020302,2010,0.0,0.0,0.0
120100020302,2011,0.0,0.0,0.0
120100020302,2012,0.0,0.0,0.0
120100020302,2013,0.0,0.0,0.0
120100020302,2014,0.0,0.0,0.0
120100020302,2015,0.0,0.0,0.0
120100020302,2016,0.0,0.0,0.0
120100020302,2017,0.0,0.0,0.0
120100020302,2018,0.0,0.0,0.0
120100020302,2019,0.0,0.0,0.0
120100020302,2020,0.0,0.0,0.0
120100020303,2000,0.0,0.0,0.0
120100020303,2001,0.0,0.0,0.0
120100020303,2002,0.0,0.0,0.0
120100020303,2003,0.0,0.0,0.0
120100020303,2004,0.0,0.0,0.0
120100020303,2005,0.0,0.0,0.0
120100020303,2006,0.0,0.0,0.0
120100020303,2007,0.0,0.0,0.0
120100020303,2008,0.0,0.0,0.0
120100020303,2009,0.0,0.0,0.0
120100020303,2010,0.0,0.0,0.0
120100020303,2011,0.0,0.0,0.0
120100020303,2012,0.0,0.0,0.0
120100020303,2013,0.0,0.0,0.0
120100020303,2014,0.0,0.0,0.0
120100020303,2015,0.0,0.0,0.0
120100020303,2016,0.0,0.0,0.0
120100020303,2017,0.0,0.0,0.0
120100020303,2018,0.0,0.0,0.0
120100020303,2019,0.033817334,0.258148211,0.224330707
120100020303,2020,0.0,0.0,0.0
120100020401,2000,0.0,0.0,0.0
120100020401,2001,0.0,0.0,0.0
120100020401,2002,0.0,0.0,0.0
120100020401,2003,0.0,0.0,0.0
120100020401,2004,0.0,0.0,0.0
120100020401,2005,0.0,0.0,0.0
120100020401,2006,0.0,0.0,0.0
120100020401,2007,0.0,0.0,0.0
120100020401,2008,0.0,0.0,0.0
120100020401,2009,0.0,0.0,0.0
120100020401,2010,0.0,0.0,0.0
120100020401,2011,0.0,0.0,0.0
120100020401,2012,0.0,0.0,0.0
120100020401,2013,0.0,0.0,0.0
120100020401,2014,0.0,0.0,0.0
120100020401,2015,0.0,0.0,0.0
120100020401,2016,0.0,0.0,0.0
120100020401,2017,0.0,0.0,0.0
120100020401,2018,0.0,0.0,0.0
120100020401,2019,0.0,0.0,0.0
120100020401,2020,0.0,0.0,0.0
120100020402,2000,0.0,0.0,0.0
120100020402,2001,0.0,0.0,0.0
120100020402,2002,0.0,0.0,0.0
120100020402,2003,0.0,0.0,0.0
120100020402,2004,0.0,0.0,0.0
120100020402,2005,0.0,0.0,0.0
120100020402,2006,0.0,0.0,0.0
120100020402,2007,0.0,0.0,0.0
120100020402,2008,0.0,0.0,0.0
120100020402,2009,0.0,0.0,0.0
120100020402,2010,0.0,0.0,0.0
120100020402,2011,0.0,0.0,0.0
120100020402,2012,0.0,0.0,0.0
120100020402,2013,0.0,0.0,0.0
120100020402,2014,0.0,0.0,0.0
120100020402,2015,0.0,0.0,0.0
120100020402,2016,0.0,0.0,0.0
120100020402,2017,0.0,0.0,0.0
120100020402,2018,0.0,0.0,0.0
120100020402,2019,0.0,0.0,0.0
120100020402,2020,0.0,0.0,0.0
120100020403,2000,0.0,0.0,0.0
120100020403,2001,0.0,0.0,0.0
120100020403,2002,0.0,0.0,0.0
120100020403,2003,0.0,0.0,0.0
120100020403,2004,0.0,0.0,0.0
120100020403,2005,0.0,0.0,0.0
120100020403,2006,0.0,0.0,0.0
120100020403,2007,0.0,0.0,0.0
120100020403,2008,0.0,0.0,0.0
120100020403,2009,0.0,0.0,0.0
120100020403,2010,0.0,0.0,0.0
120100020403,2011,0.0,0.0,0.0
120100020403,2012,0.0,0.0,0.0
120100020403,2013,0.0,0.0,0.0
120100020403,2014,0.0,0.0,0.0
120100020403,2015,0.0,0.0,0.0
120100020403,2016,0.0,0.0,0.0
120100020403,2017,0.0,0.0,0.0
120100020403,2018,0.0,0.0,0.0
120100020403,2019,0.000355978,0.002717162,0.002361266
120100020403,2020,0.0,0.0,0.0
120100020404,2000,0.0,0.0,0.0
120100020404,2001,0.0,0.0,0.0
120100020404,2002,0.0,0.0,0.0
120100020404,2003,0.0,0.0,0.0
120100020404,2004,0.0,0.0,0.0
120100020404,2005,0.0,0.0,0.0
120100020404,2006,0.0,0.0,0.0
120100020404,2007,0.0,0.0,0.0
120100020404,2008,0.0,0.0,0.0
120100020404,2009,0.0,0.0,0.0
120100020404,2010,0.0,0.0,0.0
120100020404,2011,0.0,0.0,0.0
120100020404,2012,0.0,0.0,0.0
120100020404,2013,0.0,0.0,0.0
120100020404,2014,0.0,0.0,0.0
120100020404,2015,0.0,0.0,0.0
120100020404,2016,0.0,0.0,0.0
120100020404,2017,0.0,0.0,0.0
120100020404,2018,0.0,0.0,0.0
120100020404,2019,0.00012471,0.002969274,0.002844562
120100020404,2020,0.0,0.0,0.0
120100020405,2000,0.0,0.0,0.0
120100020405,2001,0.0,0.0,0.0
120100020405,2002,0.0,0.0,0.0
120100020405,2003,0.0,0.0,0.0
120100020405,2004,0.0,0.0,0.0
120100020405,2005,0.0,0.0,0.0
120100020405,2006,0.0,0.0,0.0
120100020405,2007,0.0,0.0,0.0
120100020405,2008,0.0,0.0,0.0
120100020405,2009,0.0,0.0,0.0
120100020405,2010,0.0,0.0,0.0
120100020405,2011,0.0,0.0,0.0
120100020405,2012,0.0,0.0,0.0
120100020405,2013,0.0,0.0,0.0
120100020405,2014,0.0,0.0,0.0
120100020405,2015,0.0,0.0,0.0
120100020405,2016,0.0,0.0,0.0
120100020405,2017,0.0,0.0,0.0
120100020405,2018,0.0,0.0,0.0
120100020405,2019,0.0,0.0,0.0
120100020405,2020,0.0,0.0,0.0
120100020501,2000,0.0,0.0,0.0
120100020501,2001,0.0,0.0,0.0
120100020501,2002,0.0,0.0,0.0
120100020501,2003,0.0,0.0,0.0
120100020501,2004,0.0,0.0,0.0
120100020501,2005,0.0,0.0,0.0
120100020501,2006,0.0,0.0,0.0
120100020501,2007,0.0,0.0,0.0
120100020501,2008,0.0,0.0,0.0
120100020501,2009,0.0,0.0,0.0
120100020501,2010,0.0,0.0,0.0
120100020501,2011,0.0,0.0,0.0
120100020501,2012,0.0,0.0,0.0
120100020501,2013,0.0,0.0,0.0
120100020501,2014,0.0,0.0,0.0
120100020501,2015,0.0,0.0,0.0
120100020501,2016,0.0,0.0,0.0
120100020501,2017,0.0,0.0,0.0
120100020501,2018,0.0,0.0,0.0
120100020501,2019,0.0,0.0,0.0
120100020501,2020,0.0,0.0,0.0
120100020502,2000,0.0,0.0,0.0
120100020502,2001,0.0,0.0,0.0
120100020502,2002,0.0,0.0,0.0
120100020502,2003,0.0,0.0,0.0
120100020502,2004,0.0,0.0,0.0
120100020502,2005,0.0,0.0,0.0
120100020502,2006,0.0,0.0,0.0
120100020502,2007,0.0,0.0,0.0
120100020502,2008,0.0,0.0,0.0
120100020502,2009,0.0,0.0,0.0
120100020502,2010,0.0,0.0,0.0
120100020502,2011,0.0,0.0,0.0
120100020502,2012,0.0,0.0,0.0
120100020502,2013,0.0,0.0,0.0
120100020502,2014,0.0,0.0,0.0
120100020502,2015,0.0,0.0,0.0
120100020502,2016,0.0,0.0,0.0
120100020502,2017,0.0,0.0,0.0
120100020502,2018,0.0,0.0,0.0
120100020502,2019,0.0,0.0,0.0
120100020502,2020,0.0,0.0,0.0
120100020503,2000,0.0,0.0,0.0
120100020503,2001,0.0,0.0,0.0
120100020503,2002,0.0,0.0,0.0
120100020503,2003,0.0,0.0,0.0
120100020503,2004,0.0,0.0,0.0
120100020503,2005,0.0,0.0,0.0
120100020503,2006,0.0,0.0,0.0
120100020503,2007,0.0,0.0,0.0
120100020503,2008,0.0,0.0,0.0
120100020503,2009,0.0,0.0,0.0
120100020503,2010,0.0,0.0,0.0
120100020503,2011,0.0,0.0,0.0
120100020503,2012,0.0,0.0,0.0
120100020503,2013,0.0,0.0,0.0
120100020503,2014,0.0,0.0,0.0
120100020503,2015,0.0,0.0,0.0
120100020503,2016,0.0,0.0,0.0
120100020503,2017,0.0,0.0,0.0
120100020503,2018,0.0,0.0,0.0
120100020503,2019,0.0,0.0,0.0
120100020503,2020,0.0,0.0,0.0
120100020504,2000,0.0,0.0,0.0
120100020504,2001,0.0,0.0,0.0
120100020504,2002,0.0,0.0,0.0
120100020504,2003,0.0,0.0,0.0
120100020504,2004,0.0,0.0,0.0
120100020504,2005,0.0,0.0,0.0
120100020504,2006,0.0,0.0,0.0
120100020504,2007,0.0,0.0,0.0
120100020504,2008,0.0,0.0,0.0
120100020504,2009,0.0,0.0,0.0
120100020504,2010,0.0,0.0,0.0
120100020504,2011,0.0,0.0,0.0
120100020504,2012,0.0,0.0,0.0
120100020504,2013,0.0,0.0,0.0
120100020504,2014,0.0,0.0,0.0
120100020504,2015,0.0,0.0,0.0
120100020504,2016,0.0,0.0,0.0
120100020504,2017,0.0,0.0,0.0
120100020504,2018,0.0,0.0,0.0
120100020504,2019,0.0,0.0,0.0
120100020504,2020,0.0,0.0,0.0
120100020505,2000,0.0,0.0,0.0
120100020505,2001,0.0,0.0,0.0
120100020505,2002,0.0,0.0,0.0
120100020505,2003,0.0,0.0,0.0
120100020505,2004,0.0,0.0,0.0
120100020505,2005,0.0,0.0,0.0
120100020505,2006,0.0,0.0,0.0
120100020505,2007,0.0,0.0,0.0
120100020505,2008,0.0,0.0,0.0
120100020505,2009,0.0,0.0,0.0
120100020505,2010,0.0,0.0,0.0
120100020505,2011,0.0,0.0,0.0
120100020505,2012,0.0,0.0,0.0
120100020505,2013,0.0,0.0,0.0
120100020505,2014,0.0,0.0,0.0
120100020505,2015,0.0,0.0,0.0
120100020505,2016,0.0,0.0,0.0
120100020505,2017,0.0,0.0,0.0
120100020505,2018,0.0,0.0,0.0
120100020505,2019,0.0,0.0,0.0
120100020505,2020,0.0,0.0,0.0
120100020506,2000,0.0,0.0,0.0
120100020506,2001,0.0,0.0,0.0
120100020506,2002,0.0,0.0,0.0
120100020506,2003,0.0,0.0,0.0
120100020506,2004,0.0,0.0,0.0
120100020506,2005,0.0,0.0,0.0
120100020506,2006,0.0,0.0,0.0
120100020506,2007,0.0,0.0,0.0
120100020506,2008,0.0,0.0,0.0
120100020506,2009,0.0,0.0,0.0
120100020506,2010,0.0,0.0,0.0
120100020506,2011,0.0,0.0,0.0
120100020506,2012,0.0,0.0,0.0
120100020506,2013,0.0,0.0,0.0
120100020506,2014,0.0,0.0,0.0
120100020506,2015,0.0,0.0,0.0
120100020506,2016,0.0,0.0,0.0
120100020506,2017,0.0,0.0,0.0
120100020506,2018,0.0,0.0,0.0
120100020506,2019,0.0,0.0,0.0
120100020506,2020,0.0,0.0,0.0
120100020601,2000,0.0,0.0,0.0
120100020601,2001,0.0,0.0,0.0
120100020601,2002,0.0,0.0,0.0
120100020601,2003,0.0,0.0,0.0
120100020601,2004,0.0,0.0,0.0
120100020601,2005,0.0,0.0,0.0
120100020601,2006,0.0,0.0,0.0
120100020601,2007,0.0,0.0,0.0
120100020601,2008,0.0,0.0,0.0
120100020601,2009,0.0,0.0,0.0
120100020601,2010,0.0,0.0,0.0
120100020601,2011,0.0,0.0,0.0
120100020601,2012,0.0,0.0,0.0
120100020601,2013,0.0,0.0,0.0
120100020601,2014,0.0,0.0,0.0
120100020601,2015,0.0,0.0,0.0
120100020601,2016,0.0,0.0,0.0
120100020601,2017,0.0,0.0,0.0
120100020601,2018,0.0,0.0,0.0
120100020601,2019,0.0,0.0,0.0
120100020601,2020,0.0,0.0,0.0
120100020602,2000,0.0,0.0,0.0
120100020602,2001,0.0,0.0,0.0
120100020602,2002,0.0,0.0,0.0
120100020602,2003,0.0,0.0,0.0
120100020602,2004,0.0,0.0,0.0
120100020602,2005,0.0,0.0,0.0
120100020602,2006,0.0,0.0,0.0
120100020602,2007,0.0,0.0,0.0
120100020602,2008,0.0,0.0,0.0
120100020602,2009,0.0,0.0,0.0
120100020602,2010,0.0,0.0,0.0
120100020602,2011,0.0,0.0,0.0
120100020602,2012,0.0,0.0,0.0
120100020602,2013,0.0,0.0,0.0
120100020602,2014,0.0,0.0,0.0
120100020602,2015,0.0,0.0,0.0
120100020602,2016,0.0,0.0,0.0
120100020602,2017,0.0,0.0,0.0
120100020602,2018,0.0,0.0,0.0
120100020602,2019,0.0,0.0,0.0
120100020602,2020,0.0,0.0,0.0
120100020603,2000,0.0,0.0,0.0
120100020603,2001,0.0,0.0,0.0
120100020603,2002,0.0,0.0,0.0
120100020603,2003,0.0,0.0,0.0
120100020603,2004,0.0,0.0,0.0
120100020603,2005,0.0,0.0,0.0
120100020603,2006,0.0,0.0,0.0
120100020603,2007,0.0,0.0,0.0
120100020603,2008,0.0,0.0,0.0
120100020603,2009,0.0,0.0,0.0
120100020603,2010,0.0,0.0,0.0
120100020603,2011,0.0,0.0,0.0
120100020603,2012,0.0,0.0,0.0
120100020603,2013,0.0,0.0,0.0
120100020603,2014,0.0,0.0,0.0
120100020603,2015,0.0,0.0,0.0
120100020603,2016,0.0,0.0,0.0
120100020603,2017,0.0,0.0,0.0
120100020603,2018,0.0,0.0,0.0
120100020603,2019,0.0,0.0,0.0
120100020603,2020,0.0,0.0,0.0
120100020604,2000,0.0,0.0,0.0
120100020604,2001,0.0,0.0,0.0
120100020604,2002,0.0,0.0,0.0
120100020604,2003,0.0,0.0,0.0
120100020604,2004,0.0,0.0,0.0
120100020604,2005,0.0,0.0,0.0
120100020604,2006,0.0,0.0,0.0
120100020604,2007,0.0,0.0,0.0
120100020604,2008,0.0,0.0,0.0
120100020604,2009,0.0,0.0,0.0
120100020604,2010,0.0,0.0,0.0
120100020604,2011,0.0,0.0,0.0
120100020604,2012,0.0,0.0,0.0
120100020604,2013,0.0,0.0,0.0
120100020604,2014,0.0,0.0,0.0
120100020604,2015,0.0,0.0,0.0
120100020604,2016,0.0,0.0,0.0
120100020604,2017,0.0,0.0,0.0
120100020604,2018,0.0,0.0,0.0
120100020604,2019,0.0,0.0,0.0
120100020604,2020,0.0,0.0,0.0
120100020605,2000,0.069090153,0.069090153,0.0
120100020605,2001,0.0,0.0,0.0
120100020605,2002,0.0,0.0,0.0
120100020605,2003,0.0,0.0,0.0
120100020605,2004,0.0,0.0,0.0
120100020605,2005,0.0,0.0,0.0
120100020605,2006,0.0,0.0,0.0
120100020605,2007,0.0,0.0,0.0
120100020605,2008,0.0,0.0,0.0
120100020605,2009,0.0,0.0,0.0
120100020605,2010,0.0,0.0,0.0
120100020605,2011,0.0,0.0,0.0
120100020605,2012,0.0,0.0,0.0
120100020605,2013,0.0,0.0,0.0
120100020605,2014,0.0,0.0,0.0
120100020605,2015,0.0,0.0,0.0
120100020605,2016,0.0,0.0,0.0
120100020605,2017,0.0,0.0,0.0
120100020605,2018,0.0,0.0,0.0
120100020605,2019,0.0,0.0,0.0
120100020605,2020,0.0,0.0,0.0
120100020606,2000,0.0,0.0,0.0
120100020606,2001,0.0,0.0,0.0
120100020606,2002,0.0,0.0,0.0
120100020606,2003,0.0,0.0,0.0
120100020606,2004,0.0,0.0,0.0
120100020606,2005,0.0,0.0,0.0
120100020606,2006,0.0,0.0,0.0
120100020606,2007,0.0,0.0,0.0
120100020606,2008,0.0,0.0,0.0
120100020606,2009,0.0,0.0,0.0
120100020606,2010,0.0,0.0,0.0
120100020606,2011,0.0,0.0,0.0
120100020606,2012,0.0,0.0,0.0
120100020606,2013,0.0,0.0,0.0
120100020606,2014,0.0,0.0,0.0
120100020606,2015,0.0,0.0,0.0
120100020606,2016,0.0,0.0,0.0
120100020606,2017,0.0,0.0,0.0
120100020606,2018,0.0,0.0,0.0
120100020606,2019,0.0,0.0,0.0
120100020606,2020,0.0,0.0,0.0
120100020607,2000,0.0,0.0,0.0
120100020607,2001,0.0,0.0,0.0
120100020607,2002,0.0,0.0,0.0
120100020607,2003,0.0,0.0,0.0
120100020607,2004,0.0,0.0,0.0
120100020607,2005,0.0,0.0,0.0
120100020607,2006,0.0,0.0,0.0
120100020607,2007,0.0,0.0,0.0
120100020607,2008,0.0,0.0,0.0
120100020607,2009,0.0,0.0,0.0
120100020607,2010,0.0,0.0,0.0
120100020607,2011,0.0,0.0,0.0
120100020607,2012,0.0,0.0,0.0
120100020607,2013,0.0,0.0,0.0
120100020607,2014,0.0,0.0,0.0
120100020607,2015,0.0,0.0,0.0
120100020607,2016,0.0,0.0,0.0
120100020607,2017,0.0,0.0,0.0
120100020607,2018,0.0,0.0,0.0
120100020607,2019,0.0,0.0,0.0
120100020607,2020,0.0,0.0,0.0
120100020608,2000,0.0,0.0,0.0
120100020608,2001,0.0,0.0,0.0
120100020608,2002,0.0,0.0,0.0
120100020608,2003,0.0,0.0,0.0
120100020608,2004,0.0,0.0,0.0
120100020608,2005,0.0,0.0,0.0
120100020608,2006,0.0,0.0,0.0
120100020608,2007,0.0,0.0,0.0
120100020608,2008,0.0,0.0,0.0
120100020608,2009,0.0,0.0,0.0
120100020608,2010,0.0,0.0,0.0
120100020608,2011,0.0,0.0,0.0
120100020608,2012,0.0,0.0,0.0
120100020608,2013,0.0,0.0,0.0
120100020608,2014,0.0,0.0,0.0
120100020608,2015,0.0,0.0,0.0
120100020608,2016,0.0,0.0,0.0
120100020608,2017,0.0,0.0,0.0
120100020608,2018,0.0,0.0,0.0
120100020608,2019,0.0,0.0,0.0
120100020608,2020,0.0,0.0,0.0
120100020701,2000,0.0,0.0,0.0
120100020701,2001,0.0,0.0,0.0
120100020701,2002,0.0,0.0,0.0
120100020701,2003,0.0,0.0,0.0
120100020701,2004,0.0,0.0,0.0
120100020701,2005,0.0,0.0,0.0
120100020701,2006,0.0,0.0,0.0
120100020701,2007,0.0,0.0,0.0
120100020701,2008,0.0,0.0,0.0
120100020701,2009,0.0,0.0,0.0
120100020701,2010,0.0,0.0,0.0
120100020701,2011,0.0,0.0,0.0
120100020701,2012,0.0,0.0,0.0
120100020701,2013,0.0,0.0,0.0
120100020701,2014,0.0,0.0,0.0
120100020701,2015,0.0,0.0,0.0
120100020701,2016,0.0,0.0,0.0
120100020701,2017,0.0,0.0,0.0
120100020701,2018,0.0,0.0,0.0
120100020701,2019,0.0,0.0,0.0
120100020701,2020,0.0,0.0,0.0
120100020702,2000,0.0,0.0,0.0
120100020702,2001,0.0,0.0,0.0
120100020702,2002,0.0,0.0,0.0
120100020702,2003,0.0,0.0,0.0
120100020702,2004,0.0,0.0,0.0
120100020702,2005,0.0,0.0,0.0
120100020702,2006,0.0,0.0,0.0
120100020702,2007,0.0,0.0,0.0
120100020702,2008,0.0,0.0,0.0
120100020702,2009,0.0,0.0,0.0
120100020702,2010,0.0,0.0,0.0
120100020702,2011,0.0,0.0,0.0
120100020702,2012,0.0,0.0,0.0
120100020702,2013,0.0,0.0,0.0
120100020702,2014,0.0,0.0,0.0
120100020702,2015,0.0,0.0,0.0
120100020702,2016,0.0,0.0,0.0
120100020702,2017,0.0,0.0,0.0
120100020702,2018,0.0,0.0,0.0
120100020702,2019,0.0,0.0,0.0
120100020702,2020,0.0,0.0,0.0
120100020703,2000,0.0,0.0,0.0
120100020703,2001,0.0,0.0,0.0
120100020703,2002,0.0,0.0,0.0
120100020703,2003,0.0,0.0,0.0
120100020703,2004,0.0,0.0,0.0
120100020703,2005,0.0,0.0,0.0
120100020703,2006,0.0,0.0,0.0
120100020703,2007,0.0,0.0,0.0
120100020703,2008,0.0,0.0,0.0
120100020703,2009,0.0,0.0,0.0
120100020703,2010,0.0,0.0,0.0
120100020703,2011,0.0,0.0,0.0
120100020703,2012,0.0,0.0,0.0
120100020703,2013,0.0,0.0,0.0
120100020703,2014,0.0,0.0,0.0
120100020703,2015,0.0,0.0,0.0
120100020703,2016,0.0,0.0,0.0
120100020703,2017,0.0,0.0,0.0
120100020703,2018,0.0,0.0,0.0
120100020703,2019,0.0,0.0,0.0
120100020703,2020,0.0,0.0,0.0
120100020704,2000,0.0,0.0,0.0
120100020704,2001,0.0,0.0,0.0
120100020704,2002,0.0,0.0,0.0
120100020704,2003,0.0,0.0,0.0
120100020704,2004,0.0,0.0,0.0
120100020704,2005,0.0,0.0,0.0
120100020704,2006,0.0,0.0,0.0
120100020704,2007,0.0,0.0,0.0
120100020704,2008,0.0,0.0,0.0
120100020704,2009,0.0,0.0,0.0
120100020704,2010,0.0,0.0,0.0
120100020704,2011,0.0,0.0,0.0
120100020704,2012,0.0,0.0,0.0
120100020704,2013,0.0,0.0,0.0
120100020704,2014,0.0,0.0,0.0
120100020704,2015,0.0,0.0,0.0
120100020704,2016,0.0,0.0,0.0
120100020704,2017,0.0,0.0,0.0
120100020704,2018,0.0,0.0,0.0
120100020704,2019,0.0,0.0,0.0
120100020704,2020,0.0,0.0,0.0
120100020705,2000,0.0,0.0,0.0
120100020705,2001,0.0,0.0,0.0
120100020705,2002,0.0,0.0,0.0
120100020705,2003,0.0,0.0,0.0
120100020705,2004,0.0,0.0,0.0
120100020705,2005,0.0,0.0,0.0
120100020705,2006,0.0,0.0,0.0
120100020705,2007,0.0,0.0,0.0
120100020705,2008,0.0,0.0,0.0
120100020705,2009,0.0,0.0,0.0
120100020705,2010,0.0,0.0,0.0
120100020705,2011,0.0,0.0,0.0
120100020705,2012,0.0,0.0,0.0
120100020705,2013,0.0,0.0,0.0
120100020705,2014,0.0,0.0,0.0
120100020705,2015,0.0,0.0,0.0
120100020705,2016,0.0,0.0,0.0
120100020705,2017,0.0,0.0,0.0
120100020705,2018,0.0,0.0,0.0
120100020705,2019,0.0,0.0,0.0
120100020705,2020,0.0,0.0,0.0
120100020706,2000,0.0,0.0,0.0
120100020706,2001,0.0,0.0,0.0
120100020706,2002,0.0,0.0,0.0
120100020706,2003,0.0,0.0,0.0
120100020706,2004,0.0,0.0,0.0
120100020706,2005,0.0,0.0,0.0
120100020706,2006,0.0,0.0,0.0
120100020706,2007,0.0,0.0,0.0
120100020706,2008,0.0,0.0,0.0
120100020706,2009,0.0,0.0,0.0
120100020706,2010,0.0,0.0,0.0
120100020706,2011,0.0,0.0,0.0
120100020706,2012,0.0,0.0,0.0
120100020706,2013,0.0,0.0,0.0
120100020706,2014,0.0,0.0,0.0
120100020706,2015,0.0,0.0,0.0
120100020706,2016,0.0,0.0,0.0
120100020706,2017,0.0,0.0,0.0
120100020706,2018,0.0,0.0,0.0
120100020706,2019,0.0,0.0,0.0
120100020706,2020,0.0,0.0,0.0
120100020801,2000,0.0,0.0,0.0
120100020801,2001,0.0,0.0,0.0
120100020801,2002,0.0,0.0,0.0
120100020801,2003,0.0,0.0,0.0
120100020801,2004,0.0,0.0,0.0
120100020801,2005,0.0,0.0,0.0
120100020801,2006,0.0,0.0,0.0
120100020801,2007,0.0,0.0,0.0
120100020801,2008,0.0,0.0,0.0
120100020801,2009,0.0,0.0,0.0
120100020801,2010,0.0,0.0,0.0
120100020801,2011,0.0,0.0,0.0
120100020801,2012,0.0,0.0,0.0
120100020801,2013,0.0,0.0,0.0
120100020801,2014,0.0,0.0,0.0
120100020801,2015,0.0,0.0,0.0
120100020801,2016,0.0,0.0,0.0
120100020801,2017,0.0,0.0,0.0
120100020801,2018,0.0,0.0,0.0
120100020801,2019,0.0,0.0,0.0
120100020801,2020,0.0,0.0,0.0
120100020802,2000,0.0,0.0,0.0
120100020802,2001,0.0,0.0,0.0
120100020802,2002,0.0,0.0,0.0
120100020802,2003,0.0,0.0,0.0
120100020802,2004,0.0,0.0,0.0
120100020802,2005,0.0,0.0,0.0
120100020802,2006,0.0,0.0,0.0
120100020802,2007,0.0,0.0,0.0
120100020802,2008,0.0,0.0,0.0
120100020802,2009,0.0,0.0,0.0
120100020802,2010,0.0,0.0,0.0
120100020802,2011,0.0,0.0,0.0
120100020802,2012,0.0,0.0,0.0
120100020802,2013,0.0,0.0,0.0
120100020802,2014,0.0,0.0,0.0
120100020802,2015,0.0,0.0,0.0
120100020802,2016,0.0,0.0,0.0
120100020802,2017,0.0,0.0,0.0
120100020802,2018,0.0,0.0,0.0
120100020802,2019,0.0,0.0,0.0
120100020802,2020,0.0,0.0,0.0
120100020803,2000,0.0,0.0,0.0
120100020803,2001,0.0,0.0,0.0
120100020803,2002,0.0,0.0,0.0
120100020803,2003,0.0,0.0,0.0
120100020803,2004,0.0,0.0,0.0
120100020803,2005,0.317444551,0.317444551,0.0
120100020803,2006,0.299569603,0.299569603,0.0
120100020803,2007,0.0,0.0,0.0
120100020803,2008,0.0,0.0,0.0
120100020803,2009,0.0,0.0,0.0
120100020803,2010,0.0,0.0,0.0
120100020803,2011,0.0,0.0,0.0
120100020803,2012,0.0,0.0,0.0
120100020803,2013,0.0,0.0,0.0
120100020803,2014,0.0,0.0,0.0
120100020803,2015,0.0,0.0,0.0
120100020803,2016,0.0,0.0,0.0
120100020803,2017,0.0,0.0,0.0
120100020803,2018,0.0,0.0,0.0
120100020803,2019,0.103765299,0.103765299,0.0
120100020803,2020,0.0,0.0,0.0
120100020804,2000,0.0,0.0,0.0
120100020804,2001,0.0,0.0,0.0
120100020804,2002,0.0,0.0,0.0
120100020804,2003,0.0,0.0,0.0
120100020804,2004,0.0,0.0,0.0
120100020804,2005,0.0,0.0,0.0
120100020804,2006,0.0,0.0,0.0
120100020804,2007,0.0,0.0,0.0
120100020804,2008,0.0,0.0,0.0
120100020804,2009,0.0,0.0,0.0
120100020804,2010,0.0,0.0,0.0
120100020804,2011,0.0,0.0,0.0
120100020804,2012,0.0,0.0,0.0
120100020804,2013,0.0,0.0,0.0
120100020804,2014,0.0,0.0,0.0
120100020804,2015,0.0,0.0,0.0
120100020804,2016,0.0,0.0,0.0
120100020804,2017,0.0,0.0,0.0
120100020804,2018,0.0,0.0,0.0
120100020804,2019,0.0,0.0,0.0
120100020804,2020,0.0,0.0,0.0
120100020805,2000,0.0,0.0,0.0
120100020805,2001,0.0,0.0,0.0
120100020805,2002,0.0,0.0,0.0
120100020805,2003,0.0,0.0,0.0
120100020805,2004,0.0,0.0,0.0
120100020805,2005,0.0,0.0,0.0
120100020805,2006,0.0,0.0,0.0
120100020805,2007,0.0,0.0,0.0
120100020805,2008,0.0,0.0,0.0
120100020805,2009,0.0,0.0,0.0
120100020805,2010,0.0,0.0,0.0
120100020805,2011,0.0,0.0,0.0
120100020805,2012,0.0,0.0,0.0
120100020805,2013,0.0,0.0,0.0
120100020805,2014,0.0,0.0,0.0
120100020805,2015,0.0,0.0,0.0
120100020805,2016,0.0,0.0,0.0
120100020805,2017,0.0,0.0,0.0
120100020805,2018,0.0,0.0,0.0
120100020805,2019,0.0,0.0,0.0
120100020805,2020,0.0,0.0,0.0
120100020901,2000,0.0,0.0,0.0
120100020901,2001,0.0,0.0,0.0
120100020901,2002,0.0,0.0,0.0
120100020901,2003,0.0,0.0,0.0
120100020901,2004,0.0,0.0,0.0
120100020901,2005,0.0,0.0,0.0
120100020901,2006,0.0,0.0,0.0
120100020901,2007,0.0,0.0,0.0
120100020901,2008,0.0,0.0,0.0
120100020901,2009,0.0,0.0,0.0
120100020901,2010,0.0,0.0,0.0
120100020901,2011,0.0,0.0,0.0
120100020901,2012,0.0,0.0,0.0
120100020901,2013,0.0,0.0,0.0
120100020901,2014,0.0,0.0,0.0
120100020901,2015,0.0,0.0,0.0
120100020901,2016,0.0,0.0,0.0
120100020901,2017,0.0,0.0,0.0
120100020901,2018,0.0,0.0,0.0
120100020901,2019,0.000257989,0.000257989,0.0
120100020901,2020,0.0,0.0,0.0
120100020902,2000,0.0,0.0,0.0
120100020902,2001,0.0,0.0,0.0
120100020902,2002,0.0,0.0,0.0
120100020902,2003,0.0,0.0,0.0
120100020902,2004,0.0,0.0,0.0
120100020902,2005,0.0,0.0,0.0
120100020902,2006,0.0,0.0,0.0
120100020902,2007,0.0,0.0,0.0
120100020902,2008,0.0,0.0,0.0
120100020902,2009,0.0,0.0,0.0
120100020902,2010,0.0,0.0,0.0
120100020902,2011,0.0,0.0,0.0
120100020902,2012,0.0,0.0,0.0
120100020902,2013,0.0,0.0,0.0
120100020902,2014,0.0,0.0,0.0
120100020902,2015,0.0,0.0,0.0
120100020902,2016,0.0,0.0,0.0
120100020902,2017,0.0,0.0,0.0
120100020902,2018,0.0,0.0,0.0
120100020902,2019,0.0,0.0,0.0
120100020902,2020,0.0,0.0,0.0
120100020903,2000,0.0,0.0,0.0
120100020903,2001,0.0,0.0,0.0
120100020903,2002,0.0,0.0,0.0
120100020903,2003,0.0,0.0,0.0
120100020903,2004,0.0,0.0,0.0
120100020903,2005,0.0,0.0,0.0
120100020903,2006,0.0,0.0,0.0
120100020903,2007,0.0,0.0,0.0
120100020903,2008,0.0,0.0,0.0
120100020903,2009,0.0,0.0,0.0
120100020903,2010,0.0,0.0,0.0
120100020903,2011,0.0,0.0,0.0
120100020903,2012,0.0,0.0,0.0
120100020903,2013,0.0,0.0,0.0
120100020903,2014,0.0,0.0,0.0
120100020903,2015,0.0,0.0,0.0
120100020903,2016,0.0,0.0,0.0
120100020903,2017,0.0,0.0,0.0
120100020903,2018,0.0,0.0,0.0
120100020903,2019,0.0,0.0,0.0
120100020903,2020,0.0,0.0,0.0
120100020904,2000,0.0,0.0,0.0
120100020904,2001,0.0,0.0,0.0
120100020904,2002,0.0,0.0,0.0
120100020904,2003,0.0,0.0,0.0
120100020904,2004,0.0,0.0,0.0
120100020904,2005,0.0,0.0,0.0
120100020904,2006,0.0,0.0,0.0
120100020904,2007,0.0,0.0,0.0
120100020904,2008,0.0,0.0,0.0
120100020904,2009,0.0,0.0,0.0
120100020904,2010,0.0,0.0,0.0
120100020904,2011,0.0,0.0,0.0
120100020904,2012,0.0,0.0,0.0
120100020904,2013,0.0,0.0,0.0
120100020904,2014,0.0,0.0,0.0
120100020904,2015,0.0,0.0,0.0
120100020904,2016,0.0,0.0,0.0
120100020904,2017,0.0,0.0,0.0
120100020904,2018,0.0,0.0,0.0
120100020904,2019,0.0,0.0,0.0
120100020904,2020,0.0,0.0,0.0
120100020905,2000,0.0,0.0,0.0
120100020905,2001,0.0,0.0,0.0
120100020905,2002,0.0,0.0,0.0
120100020905,2003,0.0,0.0,0.0
120100020905,2004,0.0,0.0,0.0
120100020905,2005,0.0,0.0,0.0
120100020905,2006,0.0,0.0,0.0
120100020905,2007,0.0,0.0,0.0
120100020905,2008,0.0,0.0,0.0
120100020905,2009,0.0,0.0,0.0
120100020905,2010,0.0,0.0,0.0
120100020905,2011,0.0,0.0,0.0
120100020905,2012,0.0,0.0,0.0
120100020905,2013,0.0,0.0,0.0
120100020905,2014,0.0,0.0,0.0
120100020905,2015,0.0,0.0,0.0
120100020905,2016,0.0,0.0,0.0
120100020905,2017,0.0,0.0,0.0
120100020905,2018,0.0,0.0,0.0
120100020905,2019,0.0,0.0,0.0
120100020905,2020,0.0,0.0,0.0
120100020906,2000,0.0,0.0,0.0
120100020906,2001,0.0,0.0,0.0
120100020906,2002,0.0,0.0,0.0
120100020906,2003,0.0,0.0,0.0
120100020906,2004,0.0,0.0,0.0
120100020906,2005,0.0,0.0,0.0
120100020906,2006,0.0,0.0,0.0
120100020906,2007,0.0,0.0,0.0
120100020906,2008,0.0,0.0,0.0
120100020906,2009,0.0,0.0,0.0
120100020906,2010,0.0,0.0,0.0
120100020906,2011,0.0,0.0,0.0
120100020906,2012,0.0,0.0,0.0
120100020906,2013,0.0,0.0,0.0
120100020906,2014,0.0,0.0,0.0
120100020906,2015,0.0,0.0,0.0
120100020906,2016,0.0,0.0,0.0
120100020906,2017,0.0,0.0,0.0
120100020906,2018,0.0,0.0,0.0
120100020906,2019,0.0,0.0,0.0
120100020906,2020,0.0,0.0,0.0
120100021001,2000,0.0,0.0,0.0
120100021001,2001,0.0,0.0,0.0
120100021001,2002,0.0,0.0,0.0
120100021001,2003,0.0,0.0,0.0
120100021001,2004,0.0,0.0,0.0
120100021001,2005,0.0,0.0,0.0
120100021001,2006,0.0,0.0,0.0
120100021001,2007,0.0,0.0,0.0
120100021001,2008,0.0,0.0,0.0
120100021001,2009,0.0,0.0,0.0
120100021001,2010,0.0,0.0,0.0
120100021001,2011,0.0,0.0,0.0
120100021001,2012,0.0,0.0,0.0
120100021001,2013,0.0,0.0,0.0
120100021001,2014,0.0,0.0,0.0
120100021001,2015,0.0,0.0,0.0
120100021001,2016,0.0,0.0,0.0
120100021001,2017,0.0,0.0,0.0
120100021001,2018,0.0,0.0,0.0
120100021001,2019,0.0,0.0,0.0
120100021001,2020,0.0,0.0,0.0
120100021002,2000,0.0,0.0,0.0
120100021002,2001,0.0,0.0,0.0
120100021002,2002,0.0,0.0,0.0
120100021002,2003,0.0,0.0,0.0
120100021002,2004,0.0,0.0,0.0
120100021002,2005,0.0,0.0,0.0
120100021002,2006,0.0,0.0,0.0
120100021002,2007,0.0,0.0,0.0
120100021002,2008,0.0,0.0,0.0
120100021002,2009,0.0,0.0,0.0
120100021002,2010,0.0,0.0,0.0
120100021002,2011,0.0,0.0,0.0
120100021002,2012,0.0,0.0,0.0
120100021002,2013,0.0,0.0,0.0
120100021002,2014,0.0,0.0,0.0
120100021002,2015,0.0,0.0,0.0
120100021002,2016,0.0,0.0,0.0
120100021002,2017,0.0,0.0,0.0
120100021002,2018,0.0,0.0,0.0
120100021002,2019,0.0,0.0,0.0
120100021002,2020,0.0,0.0,0.0
120100021003,2000,0.0,0.0,0.0
120100021003,2001,0.0,0.0,0.0
120100021003,2002,0.0,0.0,0.0
120100021003,2003,0.0,0.0,0.0
120100021003,2004,0.0,0.0,0.0
120100021003,2005,0.0,0.0,0.0
120100021003,2006,0.0,0.0,0.0
120100021003,2007,0.0,0.0,0.0
120100021003,2008,0.0,0.0,0.0
120100021003,2009,0.0,0.0,0.0
120100021003,2010,0.0,0.0,0.0
120100021003,2011,0.0,0.0,0.0
120100021003,2012,0.0,0.0,0.0
120100021003,2013,0.0,0.0,0.0
120100021003,2014,0.0,0.0,0.0
120100021003,2015,0.0,0.0,0.0
120100021003,2016,0.0,0.0,0.0
120100021003,2017,0.0,0.0,0.0
120100021003,2018,0.0,0.0,0.0
120100021003,2019,0.0,0.0,0.0
120100021003,2020,0.0,0.0,0.0
120100021004,2000,0.0,0.0,0.0
120100021004,2001,0.0,0.0,0.0
120100021004,2002,0.0,0.0,0.0
120100021004,2003,0.0,0.0,0.0
120100021004,2004,0.0,0.0,0.0
120100021004,2005,0.0,0.0,0.0
120100021004,2006,0.0,0.0,0.0
120100021004,2007,0.0,0.0,0.0
120100021004,2008,0.0,0.0,0.0
120100021004,2009,0.0,0.0,0.0
120100021004,2010,0.0,0.0,0.0
120100021004,2011,0.0,0.0,0.0
120100021004,2012,0.0,0.0,0.0
120100021004,2013,0.0,0.0,0.0
120100021004,2014,0.0,0.0,0.0
120100021004,2015,0.0,0.0,0.0
120100021004,2016,0.0,0.0,0.0
120100021004,2017,0.0,0.0,0.0
120100021004,2018,0.0,0.0,0.0
120100021004,2019,0.0,0.0,0.0
120100021004,2020,0.0,0.0,0.0
120100021005,2000,0.0,0.0,0.0
120100021005,2001,0.0,0.0,0.0
120100021005,2002,0.0,0.0,0.0
120100021005,2003,0.0,0.0,0.0
120100021005,2004,0.0,0.0,0.0
120100021005,2005,0.0,0.0,0.0
120100021005,2006,0.0,0.0,0.0
120100021005,2007,0.0,0.0,0.0
120100021005,2008,0.0,0.0,0.0
120100021005,2009,0.0,0.0,0.0
120100021005,2010,0.0,0.0,0.0
120100021005,2011,0.0,0.0,0.0
120100021005,2012,0.0,0.0,0.0
120100021005,2013,0.0,0.0,0.0
120100021005,2014,0.0,0.0,0.0
120100021005,2015,0.0,0.0,0.0
120100021005,2016,0.0,0.0,0.0
120100021005,2017,0.0,0.0,0.0
120100021005,2018,0.0,0.0,0.0
120100021005,2019,0.0,0.0,0.0
120100021005,2020,0.0,0.0,0.0
120100021006,2000,0.0,0.0,0.0
120100021006,2001,0.0,0.0,0.0
120100021006,2002,0.0,0.0,0.0
120100021006,2003,0.0,0.0,0.0
120100021006,2004,0.0,0.0,0.0
120100021006,2005,0.0,0.0,0.0
120100021006,2006,0.0,0.0,0.0
120100021006,2007,0.0,0.0,0.0
120100021006,2008,0.0,0.0,0.0
120100021006,2009,0.0,0.0,0.0
120100021006,2010,0.0,0.0,0.0
120100021006,2011,0.0,0.0,0.0
120100021006,2012,0.0,0.0,0.0
120100021006,2013,0.0,0.0,0.0
120100021006,2014,0.0,0.0,0.0
120100021006,2015,0.0,0.0,0.0
120100021006,2016,0.0,0.0,0.0
120100021006,2017,0.0,0.0,0.0
120100021006,2018,0.0,0.0,0.0
120100021006,2019,0.0,0.0,0.0
120100021006,2020,0.0,0.0,0.0
120100021007,2000,0.0,0.0,0.0
120100021007,2001,0.0,0.0,0.0
120100021007,2002,0.0,0.0,0.0
120100021007,2003,0.0,0.0,0.0
120100021007,2004,0.0,0.0,0.0
120100021007,2005,0.0,0.0,0.0
120100021007,2006,0.0,0.0,0.0
120100021007,2007,0.0,0.0,0.0
120100021007,2008,0.0,0.0,0.0
120100021007,2009,0.0,0.0,0.0
120100021007,2010,0.0,0.0,0.0
120100021007,2011,0.0,0.0,0.0
120100021007,2012,0.0,0.0,0.0
120100021007,2013,0.0,0.0,0.0
120100021007,2014,0.0,0.0,0.0
120100021007,2015,0.0,0.0,0.0
120100021007,2016,0.0,0.0,0.0
120100021007,2017,0.0,0.0,0.0
120100021007,2018,0.0,0.0,0.0
120100021007,2019,0.0,0.0,0.0
120100021007,2020,0.0,0.0,0.0
120100021008,2000,0.0,0.0,0.0
120100021008,2001,0.0,0.0,0.0
120100021008,2002,0.0,0.0,0.0
120100021008,2003,0.0,0.0,0.0
120100021008,2004,0.0,0.0,0.0
120100021008,2005,0.0,0.0,0.0
120100021008,2006,0.0,0.0,0.0
120100021008,2007,0.0,0.0,0.0
120100021008,2008,0.0,0.0,0.0
120100021008,2009,0.0,0.0,0.0
120100021008,2010,0.0,0.0,0.0
120100021008,2011,0.0,0.0,0.0
120100021008,2012,0.0,0.0,0.0
120100021008,2013,0.0,0.0,0.0
120100021008,2014,0.0,0.0,0.0
120100021008,2015,0.0,0.0,0.0
120100021008,2016,0.0,0.0,0.0
120100021008,2017,0.0,0.0,0.0
120100021008,2018,0.0,0.0,0.0
120100021008,2019,0.0,0.0,0.0
120100021008,2020,0.0,0.0,0.0
120100021009,2000,0.0,0.0,0.0
120100021009,2001,0.0,0.0,0.0
120100021009,2002,0.0,0.0,0.0
120100021009,2003,0.0,0.0,0.0
120100021009,2004,0.0,0.0,0.0
120100021009,2005,0.0,0.0,0.0
120100021009,2006,0.0,0.0,0.0
120100021009,2007,0.0,0.0,0.0
120100021009,2008,0.0,0.0,0.0
120100021009,2009,0.0,0.0,0.0
120100021009,2010,0.0,0.0,0.0
120100021009,2011,0.0,0.0,0.0
120100021009,2012,0.0,0.0,0.0
120100021009,2013,0.0,0.0,0.0
120100021009,2014,0.0,0.0,0.0
120100021009,2015,0.0,0.0,0.0
120100021009,2016,0.0,0.0,0.0
120100021009,2017,0.0,0.0,0.0
120100021009,2018,0.0,0.0,0.0
120100021009,2019,0.0,0.0,0.0
120100021009,2020,0.0,0.0,0.0
120100021010,2000,0.0,0.0,0.0
120100021010,2001,0.0,0.0,0.0
120100021010,2002,0.0,0.0,0.0
120100021010,2003,0.0,0.0,0.0
120100021010,2004,0.0,0.0,0.0
120100021010,2005,0.0,0.0,0.0
120100021010,2006,0.0,0.0,0.0
120100021010,2007,0.0,0.0,0.0
120100021010,2008,0.0,0.0,0.0
120100021010,2009,0.0,0.0,0.0
120100021010,2010,0.0,0.0,0.0
120100021010,2011,0.0,0.0,0.0
120100021010,2012,0.0,0.0,0.0
120100021010,2013,0.0,0.0,0.0
120100021010,2014,0.0,0.0,0.0
120100021010,2015,0.0,0.0,0.0
120100021010,2016,0.0,0.0,0.0
120100021010,2017,0.0,0.0,0.0
120100021010,2018,0.0,0.0,0.0
120100021010,2019,0.0,0.0,0.0
120100021010,2020,0.0,0.0,0.0
120100021102,2000,0.0,0.0,0.0
120100021102,2001,0.0,0.0,0.0
120100021102,2002,0.0,0.0,0.0
120100021102,2003,0.0,0.0,0.0
120100021102,2004,0.0,0.0,0.0
120100021102,2005,0.0,0.0,0.0
120100021102,2006,0.0,0.0,0.0
120100021102,2007,0.0,0.0,0.0
120100021102,2008,0.0,0.0,0.0
120100021102,2009,0.0,0.0,0.0
120100021102,2010,0.0,0.0,0.0
120100021102,2011,0.0,0.0,0.0
120100021102,2012,0.0,0.0,0.0
120100021102,2013,0.0,0.0,0.0
120100021102,2014,0.0,0.0,0.0
120100021102,2015,0.0,0.0,0.0
120100021102,2016,0.0,0.0,0.0
120100021102,2017,0.0,0.0,0.0
120100021102,2018,0.0,0.0,0.0
120100021102,2019,0.0,0.0,0.0
120100021102,2020,0.0,0.0,0.0
120100021103,2000,0.0,0.0,0.0
120100021103,2001,0.0,0.0,0.0
120100021103,2002,0.0,0.0,0.0
120100021103,2003,0.0,0.0,0.0
120100021103,2004,0.0,0.0,0.0
120100021103,2005,0.0,0.0,0.0
120100021103,2006,0.0,0.0,0.0
120100021103,2007,0.0,0.0,0.0
120100021103,2008,0.0,0.0,0.0
120100021103,2009,0.0,0.0,0.0
120100021103,2010,0.0,0.0,0.0
120100021103,2011,0.0,0.0,0.0
120100021103,2012,0.0,0.0,0.0
120100021103,2013,0.0,0.0,0.0
120100021103,2014,0.0,0.0,0.0
120100021103,2015,0.0,0.0,0.0
120100021103,2016,0.0,0.0,0.0
120100021103,2017,0.0,0.0,0.0
120100021103,2018,0.0,0.0,0.0
120100021103,2019,0.0,0.0,0.0
120100021103,2020,0.0,0.0,0.0
120100021106,2000,0.0,0.0,0.0
120100021106,2001,0.0,0.0,0.0
120100021106,2002,0.0,0.0,0.0
120100021106,2003,0.0,0.0,0.0
120100021106,2004,0.0,0.0,0.0
120100021106,2005,0.0,0.0,0.0
120100021106,2006,0.0,0.0,0.0
120100021106,2007,0.0,0.0,0.0
120100021106,2008,0.0,0.0,0.0
120100021106,2009,0.0,0.0,0.0
120100021106,2010,0.0,0.0,0.0
120100021106,2011,0.0,0.0,0.0
120100021106,2012,0.0,0.0,0.0
120100021106,2013,0.0,0.0,0.0
120100021106,2014,0.0,0.0,0.0
120100021106,2015,0.0,0.0,0.0
120100021106,2016,0.0,0.0,0.0
120100021106,2017,0.0,0.0,0.0
120100021106,2018,0.0,0.0,0.0
120100021106,2019,0.0,0.0,0.0
120100021106,2020,0.0,0.0,0.0
120100021107,2000,0.0,0.0,0.0
120100021107,2001,0.0,0.0,0.0
120100021107,2002,0.0,0.0,0.0
120100021107,2003,0.0,0.0,0.0
120100021107,2004,0.0,0.0,0.0
120100021107,2005,0.0,0.0,0.0
120100021107,2006,0.0,0.0,0.0
120100021107,2007,0.0,0.0,0.0
120100021107,2008,0.0,0.0,0.0
120100021107,2009,0.0,0.0,0.0
120100021107,2010,0.0,0.0,0.0
120100021107,2011,0.0,0.0,0.0
120100021107,2012,0.0,0.0,0.0
120100021107,2013,0.0,0.0,0.0
120100021107,2014,0.0,0.0,0.0
120100021107,2015,0.0,0.0,0.0
120100021107,2016,0.0,0.0,0.0
120100021107,2017,0.0,0.0,0.0
120100021107,2018,0.0,0.0,0.0
120100021107,2019,0.0,0.0,0.0
120100021107,2020,0.0,0.0,0.0
120100030101,2000,0.0,0.0,0.0
120100030101,2001,0.0,0.0,0.0
120100030101,2002,0.0,0.0,0.0
120100030101,2003,0.0,3.03e-06,2.86e-06
120100030101,2004,0.0,0.0,0.0
120100030101,2005,0.0,0.0,0.0
120100030101,2006,0.0,0.0,0.0
120100030101,2007,0.0,2.258e-06,2.173e-06
120100030101,2008,0.0,3.415e-06,3.333e-06
120100030101,2009,8.2e-08,3.26e-06,3.093e-06
120100030101,2010,0.0,0.0,0.0
120100030101,2011,0.0,2.49e-07,2.49e-07
120100030101,2012,0.0,3.336e-06,3.169e-06
120100030101,2013,0.0,4.688e-06,4.688e-06
120100030101,2014,0.0,0.0,0.0
120100030101,2015,8.5e-08,3.03e-06,2.781e-06
120100030101,2016,0.0,0.0,0.0
120100030101,2017,0.0,0.0,0.0
120100030101,2018,1.9575e-05,0.000474145,0.000454652
120100030101,2019,0.0,0.0,0.0
120100030101,2020,0.0,0.0,0.0
120100030102,2000,0.01239527,0.040640399,0.028244967
120100030102,2001,0.0,0.0,0.0
120100030102,2002,0.007059803,0.021655723,0.01459609
120100030102,2003,0.042632126,0.093903386,0.051271345
120100030102,2004,0.069646967,0.117845937,0.048199052
120100030102,2005,0.0,0.0,0.0
120100030102,2006,0.0,0.0,0.0
120100030102,2007,0.0,0.0,0.0
120100030102,2008,0.0,0.0,0.0
120100030102,2009,0.0,0.0,0.0
120100030102,2010,0.0,0.0,0.0
120100030102,2011,0.0,0.0,0.0
120100030102,2012,0.0,0.0,0.0
120100030102,2013,0.0,0.0,0.0
120100030102,2014,0.0,0.0,0.0
120100030102,2015,0.0,0.0,0.0
120100030102,2016,0.0,0.0,0.0
120100030102,2017,0.0,0.0,0.0
120100030102,2018,0.0,0.0,0.0
120100030102,2019,0.0,0.0,0.0
120100030102,2020,0.0,0.0,0.0
120100030103,2000,0.0,0.124428743,0.124428743
120100030103,2001,0.0,0.090123948,0.090123948
120100030103,2002,0.000750901,0.046932953,0.0461818
120100030103,2003,0.002348858,0.213535658,0.211186803
120100030103,2004,0.0,0.11581527,0.11581527
120100030103,2005,0.0,0.019803225,0.019803225
120100030103,2006,0.0,0.091555301,0.091555301
120100030103,2007,0.001669477,0.119247384,0.117577904
120100030103,2008,0.001998148,0.117539158,0.115541014
120100030103,2009,0.002035118,0.135665638,0.13363069
120100030103,2010,0.0,0.226656896,0.226656896
120100030103,2011,0.001141101,0.228205923,0.227064989
120100030103,2012,0.000844268,0.093801262,0.092956913
120100030103,2013,0.001957658,0.195757381,0.19379989
120100030103,2014,0.001404359,0.156047471,0.15464303
120100030103,2015,0.001604323,0.053473885,0.051869814
120100030103,2016,0.0,0.0,0.0
120100030103,2017,0.000724036,0.048265515,0.047541479
120100030103,2018,0.002438225,0.143427323,0.140989016
120100030103,2019,0.0,0.0,0.0
120100030103,2020,0.0,0.039536027,0.039536027
120100030104,2000,0.018667579,0.455307167,0.436639672
120100030104,2001,0.002476195,0.060394866,0.057918501
120100030104,2002,0.019613581,0.478380627,0.458767296
120100030104,2003,0.00335894,0.081925258,0.078566488
120100030104,2004,0.003970262,0.096835721,0.092865541
120100030104,2005,0.002338392,0.057033184,0.054694877
120100030104,2006,0.023578299,0.575080214,0.551501915
120100030104,2007,0.024610038,0.600246025,0.575635901
120100030104,2008,0.018999899,0.463411582,0.444411683
120100030104,2009,0.020311301,0.495397318,0.475086101
120100030104,2010,0.001523225,0.037152836,0.035629532
120100030104,2011,0.034253625,0.835456474,0.801202767
120100030104,2012,0.001050689,0.025624361,0.024573839
120100030104,2013,0.031185967,0.760633068,0.729447016
120100030104,2014,0.0,0.0,0.0
120100030104,2015,0.001758641,0.042891227,0.041132504
120100030104,2016,0.003877639,0.094573117,0.090695396
120100030104,2017,0.020166444,0.491863348,0.471697071
120100030104,2018,0.002904145,0.070831827,0.067927682
120100030104,2019,0.0,0.0,0.0
120100030104,2020,0.0,0.0,0.0
120100030105,2000,0.0,0.0,0.0
120100030105,2001,0.003142825,0.076653375,0.073510551
120100030105,2002,0.004913296,0.119838321,0.11492494
120100030105,2003,0.005152822,0.12567674,0.120523918
120100030105,2004,0.005645628,0.137699423,0.13205371
120100030105,2005,0.0,0.0,0.0
120100030105,2006,0.0,0.0,0.0
120100030105,2007,0.006213838,0.151555559,0.145341888
120100030105,2008,0.0,0.0,0.0
120100030105,2009,0.0,0.0,0.0
120100030105,2010,0.004553088,0.111050721,0.106497633
120100030105,2011,0.0,0.0,0.0
120100030105,2012,0.0,0.0,0.0
120100030105,2013,0.010788989,0.263144704,0.252355633
120100030105,2014,0.0,0.0,0.0
120100030105,2015,0.008316,0.202828792,0.194512792
120100030105,2016,0.001562888,0.038120057,0.036556921
120100030105,2017,0.003611515,0.088086063,0.084474551
120100030105,2018,0.004324186,0.105468575,0.101144389
120100030105,2019,0.0,0.0,0.0
120100030105,2020,0.008321926,0.202972989,0.194651063
120100030106,2000,0.069306495,0.438649426,0.369342686
120100030106,2001,0.046240411,0.318899682,0.272659271
120100030106,2002,0.013716077,0.334537244,0.320821332
120100030106,2003,0.013029093,0.317781066,0.304751973
120100030106,2004,0.015023273,0.366420915,0.351397806
120100030106,2005,0.0,0.0,0.0
120100030106,2006,0.009076321,0.221375184,0.212298781
120100030106,2007,0.017689923,0.431461833,0.413771995
120100030106,2008,0.009675855,0.235999388,0.226323533
120100030106,2009,0.008521112,0.207831688,0.199310493
120100030106,2010,0.01715411,0.418390786,0.401236677
120100030106,2011,0.021614614,0.527185323,0.505570463
120100030106,2012,0.011230809,0.273920831,0.262690107
120100030106,2013,0.009512534,0.232012789,0.22250017
120100030106,2014,0.008549493,0.208525668,0.199976258
120100030106,2015,0.010868701,0.265090115,0.254221247
120100030106,2016,0.005757902,0.140435689,0.134677872
120100030106,2017,0.013020564,0.317570921,0.304550438
120100030106,2018,0.01016771,0.247993479,0.237825685
120100030106,2019,0.0,0.0,0.0
120100030106,2020,0.021666265,0.528442251,0.506776156
120100030107,2000,0.0,0.0,0.0
120100030107,2001,0.0,0.0,0.0
120100030107,2002,0.0,0.0,0.0
120100030107,2003,0.0,0.0,0.0
120100030107,2004,0.0,0.0,0.0
120100030107,2005,0.0,0.0,0.0
120100030107,2006,0.0,0.0,0.0
120100030107,2007,0.0,0.0,0.0
120100030107,2008,0.0,0.0,0.0
120100030107,2009,0.0,0.0,0.0
120100030107,2010,0.0,0.0,0.0
120100030107,2011,0.0,0.0,0.0
120100030107,2012,0.0,0.0,0.0
120100030107,2013,0.0,0.0,0.0
120100030107,2014,0.0,0.0,0.0
120100030107,2015,0.0,0.0,0.0
120100030107,2016,0.0,0.0,0.0
120100030107,2017,0.0,0.0,0.0
120100030107,2018,0.0,0.0,0.0
120100030107,2019,0.0,0.0,0.0
120100030107,2020,0.0,0.0,0.0
120100030201,2000,0.00325906,0.079489314,0.076230254
120100030201,2001,0.005690359,0.138791359,0.133100836
120100030201,2002,0.0,2.595e-06,2.595e-06
120100030201,2003,0.007054907,0.172074096,0.165019189
120100030201,2004,0.004706429,0.114789175,0.110082995
120100030201,2005,0.0,0.0,0.0
120100030201,2006,0.008309584,0.202671811,0.19436231
120100030201,2007,0.008564101,0.208877742,0.200313893
120100030201,2008,0.009026801,0.220164893,0.211138178
120100030201,2009,0.005574318,0.135960142,0.130385825
120100030201,2010,8.5e-08,4.611e-06,4.277e-06
120100030201,2011,0.014054485,0.342791614,0.328737047
120100030201,2012,0.0,0.0,0.0
120100030201,2013,0.0,0.0,0.0
120100030201,2014,0.000177277,0.004322918,0.004145638
120100030201,2015,0.000138252,0.003372101,0.003233849
120100030201,2016,0.000113451,0.00276577,0.002652402
120100030201,2017,0.010943956,0.266927216,0.255983268
120100030201,2018,0.011770219,0.287076844,0.275306792
120100030201,2019,4.0159e-05,0.000980636,0.00094031
120100030201,2020,0.012220036,0.298048352,0.285828399
120100030202,2000,0.005424085,0.132294683,0.126870601
120100030202,2001,0.018450756,0.107271729,0.08882097
120100030202,2002,0.024591633,0.14381049,0.11921886
120100030202,2003,0.021114627,0.277824795,0.25671017
120100030202,2004,0.035758686,0.243255951,0.207497516
120100030202,2005,0.028873551,0.274984819,0.246111353
120100030202,2006,0.027649773,0.222981926,0.195332071
120100030202,2007,0.032642184,0.305067112,0.272424932
120100030202,2008,0.039978475,0.360165544,0.32018732
120100030202,2009,0.026497104,0.205404548,0.178907362
120100030202,2010,0.033362482,0.260644082,0.227281767
120100030202,2011,0.059595663,0.551811326,0.492215578
120100030202,2012,0.015089055,0.368027552,0.352938251
120100030202,2013,0.000183129,0.00446557,0.004282444
120100030202,2014,0.0,0.0,0.0
120100030202,2015,0.018396112,0.13936494,0.120968742
120100030202,2016,0.013602926,0.09129477,0.077691844
120100030202,2017,5.4523e-05,0.001331984,0.001277542
120100030202,2018,0.002715225,0.066225836,0.063510526
120100030202,2019,0.002799973,0.068295178,0.065495121
120100030202,2020,0.002482746,0.022166893,0.01968415
120100030203,2000,0.008238896,0.200950208,0.192711396
120100030203,2001,0.007377597,0.179938734,0.172561559
120100030203,2002,0.0,0.0,0.0
120100030203,2003,0.010606734,0.258699337,0.248092688
120100030203,2004,0.007499167,0.182905074,0.175405992
120100030203,2005,0.0,0.0,0.0
120100030203,2006,0.015498137,0.378003784,0.362505562
120100030203,2007,0.011492899,0.280316945,0.268823882
120100030203,2008,0.004619189,0.112661746,0.108042642
120100030203,2009,0.014374819,0.350604668,0.336229767
120100030203,2010,0.0,0.0,0.0
120100030203,2011,0.027539444,0.671691326,0.644151882
120100030203,2012,0.0,0.0,0.0
120100030203,2013,0.0,0.0,0.0
120100030203,2014,0.0,0.0,0.0
120100030203,2015,0.0,0.0,0.0
120100030203,2016,0.0,0.0,0.0
120100030203,2017,0.012381044,0.301975507,0.289594548
120100030203,2018,0.01744703,0.425537148,0.40809003
120100030203,2019,0.0,0.0,0.0
120100030203,2020,0.015012085,0.366148087,0.351136085
120100030204,2000,0.0,0.0,0.0
120100030204,2001,0.0,0.0,0.0
120100030204,2002,0.0,0.0,0.0
120100030204,2003,0.0,0.0,0.0
120100030204,2004,0.0,0.0,0.0
120100030204,2005,0.0,0.0,0.0
120100030204,2006,0.0,0.0,0.0
120100030204,2007,0.0,0.0,0.0
120100030204,2008,0.0,0.0,0.0
120100030204,2009,0.0,0.0,0.0
120100030204,2010,0.0,0.0,0.0
120100030204,2011,0.0,0.0,0.0
120100030204,2012,0.0,0.0,0.0
120100030204,2013,0.0,0.0,0.0
120100030204,2014,0.0,0.0,0.0
120100030204,2015,0.0,0.0,0.0
120100030204,2016,0.0,0.0,0.0
120100030204,2017,0.0,0.0,0.0
120100030204,2018,0.0,0.0,0.0
120100030204,2019,0.0,0.0,0.0
120100030204,2020,0.0,0.0,0.0
120100030205,2000,0.146689842,0.470159842,0.32347
120100030205,2001,0.168796353,0.551621964,0.382825614
120100030205,2002,0.186317929,0.582243214,0.395925537
120100030205,2003,0.25872186,0.722686619,0.463964926
120100030205,2004,0.290168962,0.810527915,0.520358866
120100030205,2005,0.025046126,0.117038356,0.091992063
120100030205,2006,0.216067537,0.699248085,0.483180301
120100030205,2007,0.170253288,0.517487129,0.347233926
120100030205,2008,0.147468227,0.573806372,0.426338142
120100030205,2009,0.149297997,0.424141641,0.274843808
120100030205,2010,0.187004392,0.588064112,0.40105989
120100030205,2011,0.111659334,0.387706622,0.276047203
120100030205,2012,0.282917027,0.89248253,0.609565585
120100030205,2013,0.072539712,0.275816395,0.203276682
120100030205,2014,0.203248745,0.35783209,0.15458343
120100030205,2015,0.141709858,0.257186551,0.115476775
120100030205,2016,0.197063792,0.324651749,0.12758829
120100030205,2017,0.179230858,0.295273192,0.116042416
120100030205,2018,0.247153145,0.432842551,0.185689403
120100030205,2019,0.159075214,0.276652584,0.117577205
120100030205,2020,0.130900189,0.215650943,0.084750839
120100030301,2000,0.0,0.0,0.0
120100030301,2001,0.0,0.0,0.0
120100030301,2002,0.0,0.0,0.0
120100030301,2003,0.0,0.0,0.0
120100030301,2004,0.0,0.0,0.0
120100030301,2005,0.0,0.0,0.0
120100030301,2006,0.0,0.0,0.0
120100030301,2007,0.000101041,0.000166252,6.5458e-05
120100030301,2008,0.0,0.0,0.0
120100030301,2009,0.0,0.0,0.0
120100030301,2010,0.0,0.0,0.0
120100030301,2011,0.0,0.0,0.0
120100030301,2012,0.0,0.0,0.0
120100030301,2013,0.0,0.0,0.0
120100030301,2014,0.0,0.0,0.0
120100030301,2015,0.0,0.0,0.0
120100030301,2016,0.0,0.0,0.0
120100030301,2017,0.0,0.0,0.0
120100030301,2018,0.0,0.0,0.0
120100030301,2019,0.0,0.0,0.0
120100030301,2020,0.0,0.0,0.0
120100030302,2000,0.0,0.0,0.0
120100030302,2001,0.0,0.0,0.0
120100030302,2002,0.0,0.0,0.0
120100030302,2003,0.0,0.0,0.0
120100030302,2004,0.0,0.0,0.0
120100030302,2005,0.0,0.0,0.0
120100030302,2006,0.0,0.0,0.0
120100030302,2007,0.0,0.0,0.0
120100030302,2008,0.0,0.0,0.0
120100030302,2009,0.0,0.0,0.0
120100030302,2010,0.0,0.0,0.0
120100030302,2011,0.0,0.0,0.0
120100030302,2012,0.0,0.0,0.0
120100030302,2013,0.0,0.0,0.0
120100030302,2014,0.0,0.0,0.0
120100030302,2015,0.0,0.0,0.0
120100030302,2016,0.0,0.0,0.0
120100030302,2017,0.0,0.0,0.0
120100030302,2018,0.0,0.0,0.0
120100030302,2019,0.0,0.0,0.0
120100030302,2020,0.0,0.0,0.0
120100030303,2000,0.0,0.0,0.0
120100030303,2001,0.0,0.0,0.0
120100030303,2002,0.0,0.0,0.0
120100030303,2003,0.0,0.0,0.0
120100030303,2004,0.0,0.0,0.0
120100030303,2005,0.0,0.0,0.0
120100030303,2006,0.07071483,0.116498904,0.045783986
120100030303,2007,0.0,0.0,0.0
120100030303,2008,0.0,0.0,0.0
120100030303,2009,0.0,0.0,0.0
120100030303,2010,0.0,0.0,0.0
120100030303,2011,0.0,0.0,0.0
120100030303,2012,0.0,0.0,0.0
120100030303,2013,0.0,0.0,0.0
120100030303,2014,0.0,0.0,0.0
120100030303,2015,0.0,0.0,0.0
120100030303,2016,0.0,0.0,0.0
120100030303,2017,0.0,0.0,0.0
120100030303,2018,0.0,0.0,0.0
120100030303,2019,0.0,0.0,0.0
120100030303,2020,0.04083423,0.067272393,0.026437997
120100030304,2000,0.0,0.0,0.0
120100030304,2001,0.0,0.0,0.0
120100030304,2002,0.0,0.0,0.0
120100030304,2003,0.0,0.0,0.0
120100030304,2004,0.0,0.0,0.0
120100030304,2005,0.0,0.0,0.0
120100030304,2006,0.0,0.0,0.0
120100030304,2007,0.0,0.0,0.0
120100030304,2008,0.0,0.0,0.0
120100030304,2009,0.0,0.0,0.0
120100030304,2010,0.0,0.0,0.0
120100030304,2011,0.0,0.0,0.0
120100030304,2012,0.0,0.0,0.0
120100030304,2013,0.0,0.0,0.0
120100030304,2014,0.0,0.0,0.0
120100030304,2015,0.0,0.0,0.0
120100030304,2016,0.0,0.0,0.0
120100030304,2017,0.0,0.0,0.0
120100030304,2018,0.0,0.0,0.0
120100030304,2019,0.0,0.0,0.0
120100030304,2020,0.0,0.0,0.0
120100030305,2000,0.0,0.0,0.0
120100030305,2001,0.0,0.0,0.0
120100030305,2002,0.0,0.0,0.0
120100030305,2003,0.0,0.0,0.0
120100030305,2004,0.0,0.0,0.0
120100030305,2005,0.0,0.0,0.0
120100030305,2006,0.0,0.0,0.0
120100030305,2007,0.0,0.0,0.0
120100030305,2008,0.0,0.0,0.0
120100030305,2009,0.0,0.0,0.0
120100030305,2010,0.0,0.0,0.0
120100030305,2011,0.0,0.0,0.0
120100030305,2012,0.0,0.0,0.0
120100030305,2013,0.0,0.0,0.0
120100030305,2014,0.0,0.0,0.0
120100030305,2015,0.0,0.0,0.0
120100030305,2016,0.0,0.0,0.0
120100030305,2017,0.0,0.0,0.0
120100030305,2018,0.0,0.0,0.0
120100030305,2019,0.0,0.0,0.0
120100030305,2020,0.0,0.0,0.0
120100040101,2000,0.0,0.0,0.0
120100040101,2001,0.0,0.0,0.0
120100040101,2002,0.0,0.0,0.0
120100040101,2003,0.0,0.0,0.0
120100040101,2004,0.0,0.0,0.0
120100040101,2005,0.0,0.0,0.0
120100040101,2006,0.0,0.0,0.0
120100040101,2007,0.0,0.0,0.0
120100040101,2008,0.0,0.0,0.0
120100040101,2009,0.0,0.0,0.0
120100040101,2010,0.0,0.0,0.0
120100040101,2011,0.0,0.0,0.0
120100040101,2012,0.0,0.0,0.0
120100040101,2013,0.0,0.0,0.0
120100040101,2014,0.0,0.0,0.0
120100040101,2015,0.0,0.0,0.0
120100040101,2016,0.0,0.0,0.0
120100040101,2017,0.0,0.0,0.0
120100040101,2018,0.0,0.0,0.0
120100040101,2019,0.0,0.0,0.0
120100040101,2020,0.0,0.0,0.0
120100040102,2000,0.0,0.0,0.0
120100040102,2001,0.0,0.0,0.0
120100040102,2002,0.0,0.0,0.0
120100040102,2003,0.0,0.0,0.0
120100040102,2004,0.0,0.0,0.0
120100040102,2005,0.0,0.0,0.0
120100040102,2006,0.0,0.0,0.0
120100040102,2007,0.0,0.0,0.0
120100040102,2008,0.0,0.0,0.0
120100040102,2009,0.0,0.0,0.0
120100040102,2010,0.0,0.0,0.0
120100040102,2011,0.0,0.0,0.0
120100040102,2012,0.0,0.0,0.0
120100040102,2013,0.0,0.0,0.0
120100040102,2014,0.0,0.0,0.0
120100040102,2015,0.0,0.0,0.0
120100040102,2016,0.0,0.0,0.0
120100040102,2017,0.0,0.0,0.0
120100040102,2018,0.0,0.0,0.0
120100040102,2019,0.0,0.0,0.0
120100040102,2020,0.0,0.0,0.0
120100040103,2000,0.0,0.0,0.0
120100040103,2001,0.0,0.0,0.0
120100040103,2002,0.0,0.0,0.0
120100040103,2003,0.0,0.0,0.0
120100040103,2004,0.0,0.0,0.0
120100040103,2005,0.0,0.0,0.0
120100040103,2006,0.0,0.0,0.0
120100040103,2007,0.0,0.0,0.0
120100040103,2008,0.0,0.0,0.0
120100040103,2009,0.0,0.0,0.0
120100040103,2010,0.0,0.0,0.0
120100040103,2011,0.0,0.0,0.0
120100040103,2012,0.0,0.0,0.0
120100040103,2013,0.0,0.0,0.0
120100040103,2014,0.0,0.0,0.0
120100040103,2015,0.0,0.0,0.0
120100040103,2016,0.0,0.0,0.0
120100040103,2017,0.0,0.0,0.0
120100040103,2018,0.0,0.0,0.0
120100040103,2019,0.0,0.0,0.0
120100040103,2020,0.0,0.0,0.0
120100040104,2000,0.0,0.0,0.0
120100040104,2001,0.0,0.0,0.0
120100040104,2002,0.0,0.0,0.0
120100040104,2003,0.0,0.0,0.0
120100040104,2004,0.0,0.0,0.0
120100040104,2005,0.0,0.0,0.0
120100040104,2006,0.0,0.0,0.0
120100040104,2007,0.0,0.0,0.0
120100040104,2008,0.0,0.0,0.0
120100040104,2009,0.0,0.0,0.0
120100040104,2010,0.0,0.0,0.0
120100040104,2011,0.0,0.0,0.0
120100040104,2012,0.0,0.0,0.0
120100040104,2013,0.0,0.0,0.0
120100040104,2014,0.0,0.0,0.0
120100040104,2015,0.0,0.0,0.0
120100040104,2016,0.0,0.0,0.0
120100040104,2017,0.0,0.0,0.0
120100040104,2018,0.0,0.0,0.0
120100040104,2019,0.0,0.0,0.0
120100040104,2020,0.0,0.0,0.0
120100040201,2000,0.0,0.0,0.0
120100040201,2001,0.0,0.0,0.0
120100040201,2002,0.0,0.0,0.0
120100040201,2003,0.0,0.0,0.0
120100040201,2004,0.0,0.0,0.0
120100040201,2005,0.0,0.0,0.0
120100040201,2006,0.0,0.0,0.0
120100040201,2007,0.0,0.0,0.0
120100040201,2008,0.0,0.0,0.0
120100040201,2009,0.0,0.0,0.0
120100040201,2010,0.0,0.0,0.0
120100040201,2011,0.0,0.0,0.0
120100040201,2012,0.0,0.0,0.0
120100040201,2013,0.0,0.0,0.0
120100040201,2014,0.0,0.0,0.0
120100040201,2015,0.0,0.0,0.0
120100040201,2016,0.0,0.0,0.0
120100040201,2017,0.0,0.0,0.0
120100040201,2018,0.0,0.0,0.0
120100040201,2019,0.0,0.0,0.0
120100040201,2020,0.0,0.0,0.0
120100040202,2000,0.0,0.0,0.0
120100040202,2001,0.0,0.0,0.0
120100040202,2002,0.0,0.0,0.0
120100040202,2003,0.0,0.0,0.0
120100040202,2004,0.0,0.0,0.0
120100040202,2005,0.0,0.0,0.0
120100040202,2006,0.0,0.0,0.0
120100040202,2007,0.0,0.0,0.0
120100040202,2008,0.0,0.0,0.0
120100040202,2009,0.0,0.0,0.0
120100040202,2010,0.0,0.0,0.0
120100040202,2011,0.0,0.0,0.0
120100040202,2012,0.0,0.0,0.0
120100040202,2013,0.0,0.0,0.0
120100040202,2014,0.0,0.0,0.0
120100040202,2015,0.0,0.0,0.0
120100040202,2016,0.0,0.0,0.0
120100040202,2017,0.0,0.0,0.0
120100040202,2018,0.0,0.0,0.0
120100040202,2019,0.0,0.0,0.0
120100040202,2020,0.0,0.0,0.0
120100040203,2000,0.0,0.0,0.0
120100040203,2001,0.0,0.0,0.0
120100040203,2002,0.0,0.0,0.0
120100040203,2003,0.0,0.0,0.0
120100040203,2004,0.0,0.0,0.0
120100040203,2005,0.0,0.0,0.0
120100040203,2006,0.0,0.0,0.0
120100040203,2007,0.0,0.0,0.0
120100040203,2008,0.0,0.0,0.0
120100040203,2009,0.0,0.0,0.0
120100040203,2010,0.0,0.0,0.0
120100040203,2011,0.0,0.0,0.0
120100040203,2012,0.0,0.0,0.0
120100040203,2013,0.0,0.0,0.0
120100040203,2014,0.0,0.0,0.0
120100040203,2015,0.0,0.0,0.0
120100040203,2016,0.0,0.0,0.0
120100040203,2017,0.0,0.0,0.0
120100040203,2018,0.0,0.0,0.0
120100040203,2019,0.0,0.0,0.0
120100040203,2020,0.0,0.0,0.0
120100040204,2000,0.0,0.0,0.0
120100040204,2001,0.0,0.0,0.0
120100040204,2002,0.0,0.0,0.0
120100040204,2003,0.0,0.0,0.0
120100040204,2004,0.0,0.0,0.0
120100040204,2005,0.0,0.0,0.0
120100040204,2006,0.0,0.0,0.0
120100040204,2007,0.0,0.0,0.0
120100040204,2008,0.0,0.0,0.0
120100040204,2009,0.0,0.0,0.0
120100040204,2010,0.0,0.0,0.0
120100040204,2011,0.0,0.0,0.0
120100040204,2012,0.0,0.0,0.0
120100040204,2013,0.0,0.0,0.0
120100040204,2014,0.0,0.0,0.0
120100040204,2015,0.0,0.0,0.0
120100040204,2016,0.0,0.0,0.0
120100040204,2017,0.0,0.0,0.0
120100040204,2018,0.0,0.0,0.0
120100040204,2019,0.0,0.0,0.0
120100040204,2020,0.0,0.0,0.0
120100040205,2000,0.0,0.0,0.0
120100040205,2001,0.0,0.0,0.0
120100040205,2002,0.0,0.0,0.0
120100040205,2003,0.0,0.0,0.0
120100040205,2004,0.0,0.0,0.0
120100040205,2005,0.0,0.0,0.0
120100040205,2006,0.0,0.0,0.0
120100040205,2007,0.0,0.0,0.0
120100040205,2008,0.0,0.0,0.0
120100040205,2009,0.0,0.0,0.0
120100040205,2010,0.0,0.0,0.0
120100040205,2011,0.0,0.0,0.0
120100040205,2012,0.0,0.0,0.0
120100040205,2013,0.0,0.0,0.0
120100040205,2014,0.0,0.0,0.0
120100040205,2015,0.0,0.0,0.0
120100040205,2016,0.0,0.0,0.0
120100040205,2017,0.0,0.0,0.0
120100040205,2018,0.0,0.0,0.0
120100040205,2019,0.0,0.0,0.0
120100040205,2020,0.0,0.0,0.0
120100040701,2000,0.0,0.0,0.0
120100040701,2001,0.0,0.0,0.0
120100040701,2002,0.0,0.0,0.0
120100040701,2003,0.0,0.0,0.0
120100040701,2004,0.0,0.0,0.0
120100040701,2005,0.0,0.0,0.0
120100040701,2006,0.0,0.0,0.0
120100040701,2007,0.0,0.0,0.0
120100040701,2008,0.0,0.0,0.0
120100040701,2009,0.0,0.0,0.0
120100040701,2010,0.0,0.0,0.0
120100040701,2011,0.0,0.0,0.0
120100040701,2012,0.0,0.0,0.0
120100040701,2013,0.0,0.0,0.0
120100040701,2014,0.0,0.0,0.0
120100040701,2015,0.0,0.0,0.0
120100040701,2016,0.0,0.0,0.0
120100040701,2017,0.0,0.0,0.0
120100040701,2018,0.0,0.0,0.0
120100040701,2019,0.0,0.0,0.0
120100040701,2020,0.0,0.0,0.0
120100040702,2000,0.0,0.0,0.0
120100040702,2001,0.0,0.0,0.0
120100040702,2002,0.0,0.0,0.0
120100040702,2003,0.0,0.0,0.0
120100040702,2004,0.0,0.0,0.0
120100040702,2005,0.0,0.0,0.0
120100040702,2006,0.0,0.0,0.0
120100040702,2007,0.0,0.0,0.0
120100040702,2008,0.0,0.0,0.0
120100040702,2009,0.0,0.0,0.0
120100040702,2010,0.0,0.0,0.0
120100040702,2011,0.0,0.0,0.0
120100040702,2012,0.0,0.0,0.0
120100040702,2013,0.0,0.0,0.0
120100040702,2014,0.0,0.0,0.0
120100040702,2015,0.0,0.0,0.0
120100040702,2016,0.0,0.0,0.0
120100040702,2017,0.0,0.0,0.0
120100040702,2018,0.0,0.0,0.0
120100040702,2019,0.0,0.0,0.0
120100040702,2020,0.0,0.0,0.0
120100040703,2000,0.0,0.0,0.0
120100040703,2001,0.0,0.0,0.0
120100040703,2002,0.0,0.0,0.0
120100040703,2003,0.0,0.0,0.0
120100040703,2004,0.0,0.0,0.0
120100040703,2005,0.0,0.0,0.0
120100040703,2006,0.0,0.0,0.0
120100040703,2007,0.0,0.0,0.0
120100040703,2008,0.0,0.0,0.0
120100040703,2009,0.0,0.0,0.0
120100040703,2010,0.0,0.0,0.0
120100040703,2011,0.0,0.0,0.0
120100040703,2012,0.0,0.0,0.0
120100040703,2013,0.0,0.0,0.0
120100040703,2014,0.0,0.0,0.0
120100040703,2015,0.0,0.0,0.0
120100040703,2016,0.0,0.0,0.0
120100040703,2017,0.0,0.0,0.0
120100040703,2018,0.0,0.0,0.0
120100040703,2019,0.0,0.0,0.0
120100040703,2020,0.0,0.0,0.0
120100040802,2000,0.0,0.0,0.0
120100040802,2001,0.0,0.0,0.0
120100040802,2002,0.0,0.0,0.0
120100040802,2003,0.0,0.0,0.0
120100040802,2004,0.0,0.0,0.0
120100040802,2005,0.0,0.0,0.0
120100040802,2006,0.0,0.0,0.0
120100040802,2007,0.0,0.0,0.0
120100040802,2008,0.0,0.0,0.0
120100040802,2009,0.0,0.0,0.0
120100040802,2010,0.0,0.0,0.0
120100040802,2011,0.0,0.0,0.0
120100040802,2012,0.0,0.0,0.0
120100040802,2013,0.0,0.0,0.0
120100040802,2014,0.0,0.0,0.0
120100040802,2015,0.0,0.0,0.0
120100040802,2016,0.0,0.0,0.0
120100040802,2017,0.0,0.0,0.0
120100040802,2018,0.0,0.0,0.0
120100040802,2019,0.0,0.0,0.0
120100040802,2020,0.0,0.0,0.0
120100040803,2000,0.0,0.0,0.0
120100040803,2001,0.0,0.0,0.0
120100040803,2002,0.0,0.0,0.0
120100040803,2003,0.0,0.0,0.0
120100040803,2004,0.0,0.0,0.0
120100040803,2005,0.0,0.0,0.0
120100040803,2006,0.0,0.0,0.0
120100040803,2007,0.0,0.0,0.0
120100040803,2008,0.0,0.0,0.0
120100040803,2009,0.0,0.0,0.0
120100040803,2010,0.0,0.0,0.0
120100040803,2011,0.0,0.0,0.0
120100040803,2012,0.0,0.0,0.0
120100040803,2013,0.0,0.0,0.0
120100040803,2014,0.0,0.0,0.0
120100040803,2015,0.0,0.0,0.0
120100040803,2016,0.0,0.0,0.0
120100040803,2017,0.0,0.0,0.0
120100040803,2018,0.0,0.0,0.0
120100040803,2019,0.0,0.0,0.0
120100040803,2020,0.0,0.0,0.0
120100040901,2000,0.0,0.0,0.0
120100040901,2001,0.0,0.0,0.0
120100040901,2002,0.0,0.0,0.0
120100040901,2003,0.0,0.0,0.0
120100040901,2004,0.0,0.0,0.0
120100040901,2005,0.0,0.0,0.0
120100040901,2006,0.0,0.0,0.0
120100040901,2007,0.0,0.0,0.0
120100040901,2008,0.0,0.0,0.0
120100040901,2009,0.0,0.0,0.0
120100040901,2010,0.0,0.0,0.0
120100040901,2011,0.0,0.0,0.0
120100040901,2012,0.0,0.0,0.0
120100040901,2013,0.0,0.0,0.0
120100040901,2014,0.0,0.0,0.0
120100040901,2015,0.0,0.0,0.0
120100040901,2016,0.0,0.0,0.0
120100040901,2017,0.0,0.0,0.0
120100040901,2018,0.0,0.0,0.0
120100040901,2019,0.0,0.0,0.0
120100040901,2020,0.0,0.0,0.0
120100040902,2000,0.0,0.0,0.0
120100040902,2001,0.0,0.0,0.0
120100040902,2002,0.0,0.0,0.0
120100040902,2003,0.0,0.0,0.0
120100040902,2004,0.0,0.0,0.0
120100040902,2005,0.0,0.0,0.0
120100040902,2006,0.0,0.0,0.0
120100040902,2007,0.0,0.0,0.0
120100040902,2008,0.0,0.0,0.0
120100040902,2009,0.0,0.0,0.0
120100040902,2010,0.0,0.0,0.0
120100040902,2011,0.0,0.0,0.0
120100040902,2012,0.0,0.0,0.0
120100040902,2013,0.0,0.0,0.0
120100040902,2014,0.0,0.0,0.0
120100040902,2015,0.0,0.0,0.0
120100040902,2016,0.0,0.0,0.0
120100040902,2017,0.0,0.0,0.0
120100040902,2018,0.0,0.0,0.0
120100040902,2019,0.0,0.0,0.0
120100040902,2020,0.0,0.0,0.0
120100040903,2000,0.0,0.0,0.0
120100040903,2001,0.0,0.0,0.0
120100040903,2002,0.0,0.0,0.0
120100040903,2003,0.0,0.0,0.0
120100040903,2004,0.0,0.0,0.0
120100040903,2005,0.0,0.0,0.0
120100040903,2006,0.0,0.0,0.0
120100040903,2007,0.0,0.0,0.0
120100040903,2008,0.0,0.0,0.0
120100040903,2009,0.0,0.0,0.0
120100040903,2010,0.0,0.0,0.0
120100040903,2011,0.0,0.0,0.0
120100040903,2012,0.0,0.0,0.0
120100040903,2013,0.0,0.0,0.0
120100040903,2014,0.0,0.0,0.0
120100040903,2015,0.0,0.0,0.0
120100040903,2016,0.0,0.0,0.0
120100040903,2017,0.0,0.0,0.0
120100040903,2018,0.0,0.0,0.0
120100040903,2019,0.0,0.0,0.0
120100040903,2020,0.0,0.0,0.0
120100040904,2000,0.0,0.0,0.0
120100040904,2001,0.0,0.0,0.0
120100040904,2002,0.0,0.0,0.0
120100040904,2003,0.0,0.0,0.0
120100040904,2004,0.0,0.0,0.0
120100040904,2005,0.0,0.0,0.0
120100040904,2006,0.0,0.0,0.0
120100040904,2007,0.0,0.0,0.0
120100040904,2008,0.0,0.0,0.0
120100040904,2009,0.0,0.0,0.0
120100040904,2010,0.0,0.0,0.0
120100040904,2011,0.0,0.0,0.0
120100040904,2012,0.0,0.0,0.0
120100040904,2013,0.0,0.0,0.0
120100040904,2014,0.0,0.0,0.0
120100040904,2015,0.0,0.0,0.0
120100040904,2016,0.0,0.0,0.0
120100040904,2017,0.0,0.0,0.0
120100040904,2018,0.0,0.0,0.0
120100040904,2019,0.0,0.0,0.0
120100040904,2020,0.0,0.0,0.0
120100040905,2000,0.0,0.0,0.0
120100040905,2001,0.0,0.0,0.0
120100040905,2002,0.0,0.0,0.0
120100040905,2003,0.0,0.0,0.0
120100040905,2004,0.0,0.0,0.0
120100040905,2005,0.0,0.0,0.0
120100040905,2006,0.0,0.0,0.0
120100040905,2007,0.0,0.0,0.0
120100040905,2008,0.0,0.0,0.0
120100040905,2009,0.0,0.0,0.0
120100040905,2010,0.0,0.0,0.0
120100040905,2011,0.0,0.0,0.0
120100040905,2012,0.0,0.0,0.0
120100040905,2013,0.0,0.0,0.0
120100040905,2014,0.0,0.0,0.0
120100040905,2015,0.0,0.0,0.0
120100040905,2016,0.0,0.0,0.0
120100040905,2017,0.0,0.0,0.0
120100040905,2018,0.0,0.0,0.0
120100040905,2019,0.0,0.0,0.0
120100040905,2020,0.0,0.0,0.0
120100041003,2000,0.0,0.0,0.0
120100041003,2001,0.0,0.0,0.0
120100041003,2002,0.0,0.0,0.0
120100041003,2003,0.0,0.0,0.0
120100041003,2004,0.0,0.0,0.0
120100041003,2005,0.0,0.0,0.0
120100041003,2006,0.0,0.0,0.0
120100041003,2007,0.0,0.0,0.0
120100041003,2008,0.0,0.0,0.0
120100041003,2009,0.0,0.0,0.0
120100041003,2010,0.0,0.0,0.0
120100041003,2011,0.0,0.0,0.0
120100041003,2012,0.0,0.0,0.0
120100041003,2013,0.0,0.0,0.0
120100041003,2014,0.0,0.0,0.0
120100041003,2015,0.0,0.0,0.0
120100041003,2016,0.0,0.0,0.0
120100041003,2017,0.0,0.0,0.0
120100041003,2018,0.0,0.0,0.0
120100041003,2019,0.0,0.0,0.0
120100041003,2020,0.0,0.0,0.0
120100041004,2000,0.0,0.0,0.0
120100041004,2001,0.0,0.0,0.0
120100041004,2002,0.0,0.0,0.0
120100041004,2003,0.0,0.0,0.0
120100041004,2004,0.0,0.0,0.0
120100041004,2005,0.0,0.0,0.0
120100041004,2006,0.0,0.0,0.0
120100041004,2007,0.0,0.0,0.0
120100041004,2008,0.0,0.0,0.0
120100041004,2009,0.0,0.0,0.0
120100041004,2010,0.0,0.0,0.0
120100041004,2011,0.0,0.0,0.0
120100041004,2012,0.0,0.0,0.0
120100041004,2013,0.0,0.0,0.0
120100041004,2014,0.0,0.0,0.0
120100041004,2015,0.0,0.0,0.0
120100041004,2016,0.0,0.0,0.0
120100041004,2017,0.0,0.0,0.0
120100041004,2018,0.0,0.0,0.0
120100041004,2019,0.0,0.0,0.0
120100041004,2020,0.0,0.0,0.0
120100041101,2000,0.0,0.0,0.0
120100041101,2001,0.0,0.0,0.0
120100041101,2002,0.0,0.0,0.0
120100041101,2003,0.0,0.0,0.0
120100041101,2004,0.0,0.0,0.0
120100041101,2005,0.0,0.0,0.0
120100041101,2006,0.0,0.0,0.0
120100041101,2007,0.0,0.0,0.0
120100041101,2008,0.0,0.0,0.0
120100041101,2009,0.0,0.0,0.0
120100041101,2010,0.0,0.0,0.0
120100041101,2011,0.0,0.0,0.0
120100041101,2012,0.0,0.0,0.0
120100041101,2013,0.0,0.0,0.0
120100041101,2014,0.0,0.0,0.0
120100041101,2015,0.0,0.0,0.0
120100041101,2016,0.0,0.0,0.0
120100041101,2017,0.0,0.0,0.0
120100041101,2018,0.0,0.0,0.0
120100041101,2019,0.0,0.0,0.0
120100041101,2020,0.0,0.0,0.0
120100041102,2000,0.0,0.0,0.0
120100041102,2001,0.0,0.0,0.0
120100041102,2002,0.0,0.0,0.0
120100041102,2003,0.0,0.0,0.0
120100041102,2004,0.0,0.0,0.0
120100041102,2005,0.0,0.0,0.0
120100041102,2006,0.0,0.0,0.0
120100041102,2007,0.0,0.0,0.0
120100041102,2008,0.0,0.0,0.0
120100041102,2009,0.0,0.0,0.0
120100041102,2010,0.0,0.0,0.0
120100041102,2011,0.0,0.0,0.0
120100041102,2012,0.0,0.0,0.0
120100041102,2013,0.0,0.0,0.0
120100041102,2014,0.0,0.0,0.0
120100041102,2015,0.0,0.0,0.0
120100041102,2016,0.0,0.0,0.0
120100041102,2017,0.0,0.0,0.0
120100041102,2018,0.0,0.0,0.0
120100041102,2019,0.0,0.0,0.0
120100041102,2020,0.0,0.0,0.0
120100041103,2000,0.0,0.0,0.0
120100041103,2001,0.0,0.0,0.0
120100041103,2002,0.0,0.0,0.0
120100041103,2003,0.0,0.0,0.0
120100041103,2004,0.0,0.0,0.0
120100041103,2005,0.0,0.0,0.0
120100041103,2006,0.0,0.0,0.0
120100041103,2007,0.0,0.0,0.0
120100041103,2008,0.0,0.0,0.0
120100041103,2009,0.0,0.0,0.0
120100041103,2010,0.0,0.0,0.0
120100041103,2011,0.0,0.0,0.0
120100041103,2012,0.0,0.0,0.0
120100041103,2013,0.0,0.0,0.0
120100041103,2014,0.0,0.0,0.0
120100041103,2015,0.0,0.0,0.0
120100041103,2016,0.0,0.0,0.0
120100041103,2017,0.0,0.0,0.0
120100041103,2018,0.0,0.0,0.0
120100041103,2019,0.0,0.0,0.0
120100041103,2020,0.0,0.0,0.0
120100041104,2000,0.0,0.0,0.0
120100041104,2001,0.0,0.0,0.0
120100041104,2002,0.0,0.0,0.0
120100041104,2003,0.0,0.0,0.0
120100041104,2004,0.0,0.0,0.0
120100041104,2005,0.0,0.0,0.0
120100041104,2006,0.0,0.0,0.0
120100041104,2007,0.0,0.0,0.0
120100041104,2008,0.0,0.0,0.0
120100041104,2009,0.0,0.0,0.0
120100041104,2010,0.0,0.0,0.0
120100041104,2011,0.0,0.0,0.0
120100041104,2012,0.0,0.0,0.0
120100041104,2013,0.0,0.0,0.0
120100041104,2014,0.0,0.0,0.0
120100041104,2015,0.0,0.0,0.0
120100041104,2016,0.0,0.0,0.0
120100041104,2017,0.0,0.0,0.0
120100041104,2018,0.0,0.0,0.0
120100041104,2019,0.0,0.0,0.0
120100041104,2020,0.0,0.0,0.0
120100050201,2000,0.0,0.0,0.0
120100050201,2001,0.0,0.0,0.0
120100050201,2002,0.0,0.0,0.0
120100050201,2003,0.0,0.0,0.0
120100050201,2004,0.0,0.0,0.0
120100050201,2005,0.0,0.0,0.0
120100050201,2006,0.0,0.0,0.0
120100050201,2007,0.0,0.0,0.0
120100050201,2008,0.0,0.0,0.0
120100050201,2009,0.0,0.0,0.0
120100050201,2010,0.0,0.0,0.0
120100050201,2011,0.0,0.0,0.0
120100050201,2012,0.0,0.0,0.0
120100050201,2013,0.0,0.0,0.0
120100050201,2014,0.0,0.0,0.0
120100050201,2015,0.0,0.0,0.0
120100050201,2016,0.0,0.0,0.0
120100050201,2017,0.0,0.0,0.0
120100050201,2018,0.0,0.0,0.0
120100050201,2019,0.0,0.0,0.0
120100050201,2020,0.0,0.0,0.0
120100050202,2000,0.0,0.0,0.0
120100050202,2001,0.0,0.0,0.0
120100050202,2002,0.0,0.0,0.0
120100050202,2003,0.0,0.0,0.0
120100050202,2004,0.0,0.0,0.0
120100050202,2005,0.0,0.0,0.0
120100050202,2006,0.0,0.0,0.0
120100050202,2007,0.0,0.0,0.0
120100050202,2008,0.0,0.0,0.0
120100050202,2009,0.0,0.0,0.0
120100050202,2010,0.0,0.0,0.0
120100050202,2011,0.0,0.0,0.0
120100050202,2012,0.0,0.0,0.0
120100050202,2013,0.0,0.0,0.0
120100050202,2014,0.0,0.0,0.0
120100050202,2015,0.0,0.0,0.0
120100050202,2016,0.0,0.0,0.0
120100050202,2017,0.0,0.0,0.0
120100050202,2018,0.0,0.0,0.0
120100050202,2019,0.0,0.0,0.0
120100050202,2020,0.0,0.0,0.0
120100050203,2000,0.0,0.0,0.0
120100050203,2001,0.0,0.0,0.0
120100050203,2002,0.0,0.0,0.0
120100050203,2003,0.0,0.0,0.0
120100050203,2004,0.0,0.0,0.0
120100050203,2005,0.0,0.0,0.0
120100050203,2006,0.0,0.0,0.0
120100050203,2007,0.0,0.0,0.0
120100050203,2008,0.0,0.0,0.0
120100050203,2009,0.0,0.0,0.0
120100050203,2010,0.0,0.0,0.0
120100050203,2011,0.0,0.0,0.0
120100050203,2012,0.0,0.0,0.0
120100050203,2013,0.0,0.0,0.0
120100050203,2014,0.0,0.0,0.0
120100050203,2015,0.0,0.0,0.0
120100050203,2016,0.0,0.0,0.0
120100050203,2017,0.0,0.0,0.0
120100050203,2018,0.0,0.0,0.0
120100050203,2019,0.0,0.0,0.0
120100050203,2020,0.0,0.0,0.0
120100050204,2000,0.0,0.0,0.0
120100050204,2001,0.0,0.0,0.0
120100050204,2002,0.0,0.0,0.0
120100050204,2003,0.0,0.0,0.0
120100050204,2004,0.0,0.0,0.0
120100050204,2005,0.0,0.0,0.0
120100050204,2006,0.0,0.0,0.0
120100050204,2007,0.0,0.0,0.0
120100050204,2008,0.0,0.0,0.0
120100050204,2009,0.0,0.0,0.0
120100050204,2010,0.0,0.0,0.0
120100050204,2011,0.0,0.0,0.0
120100050204,2012,0.0,0.0,0.0
120100050204,2013,0.0,0.0,0.0
120100050204,2014,0.0,0.0,0.0
120100050204,2015,0.0,0.0,0.0
120100050204,2016,0.0,0.0,0.0
120100050204,2017,0.0,0.0,0.0
120100050204,2018,0.0,0.0,0.0
120100050204,2019,0.0,0.0,0.0
120100050204,2020,0.0,0.0,0.0
120100050502,2000,0.0,0.0,0.0
120100050502,2001,0.0,0.0,0.0
120100050502,2002,0.0,0.0,0.0
120100050502,2003,0.0,0.0,0.0
120100050502,2004,0.0,0.0,0.0
120100050502,2005,0.0,0.0,0.0
120100050502,2006,0.0,0.0,0.0
120100050502,2007,0.0,0.0,0.0
120100050502,2008,0.0,0.0,0.0
120100050502,2009,0.0,0.0,0.0
120100050502,2010,0.0,0.0,0.0
120100050502,2011,0.0,0.0,0.0
120100050502,2012,0.0,0.0,0.0
120100050502,2013,0.0,0.0,0.0
120100050502,2014,0.0,0.0,0.0
120100050502,2015,0.0,0.0,0.0
120100050502,2016,0.0,0.0,0.0
120100050502,2017,0.0,0.0,0.0
120100050502,2018,0.0,0.0,0.0
120100050502,2019,0.0,0.0,0.0
120100050502,2020,0.0,0.0,0.0
120100050503,2000,0.0,0.0,0.0
120100050503,2001,0.0,0.0,0.0
120100050503,2002,0.0,0.0,0.0
120100050503,2003,0.0,0.0,0.0
120100050503,2004,0.0,0.0,0.0
120100050503,2005,0.0,0.0,0.0
120100050503,2006,0.0,0.0,0.0
120100050503,2007,0.0,0.0,0.0
120100050503,2008,0.0,0.0,0.0
120100050503,2009,0.0,0.0,0.0
120100050503,2010,0.0,0.0,0.0
120100050503,2011,0.0,0.0,0.0
120100050503,2012,0.0,0.0,0.0
120100050503,2013,0.0,0.0,0.0
120100050503,2014,0.0,0.0,0.0
120100050503,2015,0.0,0.0,0.0
120100050503,2016,0.0,0.0,0.0
120100050503,2017,0.0,0.0,0.0
120100050503,2018,0.0,0.0,0.0
120100050503,2019,0.0,0.0,0.0
120100050503,2020,0.0,0.0,0.0
120100050504,2000,0.0,0.0,0.0
120100050504,2001,0.0,0.0,0.0
120100050504,2002,0.0,0.0,0.0
120100050504,2003,0.0,0.0,0.0
120100050504,2004,0.0,0.0,0.0
120100050504,2005,0.0,0.0,0.0
120100050504,2006,0.0,0.0,0.0
120100050504,2007,0.0,0.0,0.0
120100050504,2008,0.0,0.0,0.0
120100050504,2009,0.0,0.0,0.0
120100050504,2010,0.0,0.0,0.0
120100050504,2011,0.0,0.0,0.0
120100050504,2012,0.0,0.0,0.0
120100050504,2013,0.0,0.0,0.0
120100050504,2014,0.0,0.0,0.0
120100050504,2015,0.0,0.0,0.0
120100050504,2016,0.0,0.0,0.0
120100050504,2017,0.0,0.0,0.0
120100050504,2018,0.0,0.0,0.0
120100050504,2019,0.0,0.0,0.0
120100050504,2020,0.0,0.0,0.0
120100050601,2000,0.0,0.0,0.0
120100050601,2001,0.0,0.0,0.0
120100050601,2002,0.0,0.0,0.0
120100050601,2003,0.0,0.0,0.0
120100050601,2004,0.0,0.0,0.0
120100050601,2005,0.0,0.0,0.0
120100050601,2006,0.0,0.0,0.0
120100050601,2007,0.0,0.0,0.0
120100050601,2008,0.0,0.0,0.0
120100050601,2009,0.0,0.0,0.0
120100050601,2010,0.0,0.0,0.0
120100050601,2011,0.0,0.0,0.0
120100050601,2012,0.0,0.0,0.0
120100050601,2013,0.0,0.0,0.0
120100050601,2014,0.0,0.0,0.0
120100050601,2015,0.0,0.0,0.0
120100050601,2016,0.0,0.0,0.0
120100050601,2017,0.0,0.0,0.0
120100050601,2018,0.0,0.0,0.0
120100050601,2019,0.0,0.0,0.0
120100050601,2020,0.0,0.0,0.0
120100050602,2000,0.0,0.0,0.0
120100050602,2001,0.0,0.0,0.0
120100050602,2002,0.0,0.0,0.0
120100050602,2003,0.0,0.0,0.0
120100050602,2004,0.0,0.0,0.0
120100050602,2005,0.0,0.0,0.0
120100050602,2006,0.0,0.0,0.0
120100050602,2007,0.0,0.0,0.0
120100050602,2008,0.0,0.0,0.0
120100050602,2009,0.0,0.0,0.0
120100050602,2010,0.0,0.0,0.0
120100050602,2011,0.0,0.0,0.0
120100050602,2012,0.0,0.0,0.0
120100050602,2013,0.0,0.0,0.0
120100050602,2014,0.0,0.0,0.0
120100050602,2015,0.0,0.0,0.0
120100050602,2016,0.0,0.0,0.0
120100050602,2017,0.0,0.0,0.0
120100050602,2018,0.0,0.0,0.0
120100050602,2019,0.0,0.0,0.0
120100050602,2020,0.0,0.0,0.0
120100050603,2000,0.0,0.0,0.0
120100050603,2001,0.0,0.0,0.0
120100050603,2002,0.0,0.0,0.0
120100050603,2003,0.0,0.0,0.0
120100050603,2004,0.0,0.0,0.0
120100050603,2005,0.0,0.0,0.0
120100050603,2006,0.0,0.0,0.0
120100050603,2007,0.0,0.0,0.0
120100050603,2008,0.0,0.0,0.0
120100050603,2009,0.0,0.0,0.0
120100050603,2010,0.0,0.0,0.0
120100050603,2011,0.0,0.0,0.0
120100050603,2012,0.0,0.0,0.0
120100050603,2013,0.0,0.0,0.0
120100050603,2014,0.0,0.0,0.0
120100050603,2015,0.0,0.0,0.0
120100050603,2016,0.0,0.0,0.0
120100050603,2017,0.0,0.0,0.0
120100050603,2018,0.0,0.0,0.0
120100050603,2019,0.0,0.0,0.0
120100050603,2020,0.0,0.0,0.0
120100050604,2000,0.0,0.0,0.0
120100050604,2001,0.0,0.0,0.0
120100050604,2002,0.0,0.0,0.0
120100050604,2003,0.0,0.0,0.0
120100050604,2004,0.0,0.0,0.0
120100050604,2005,0.0,0.0,0.0
120100050604,2006,0.0,0.0,0.0
120100050604,2007,0.0,0.0,0.0
120100050604,2008,0.0,0.0,0.0
120100050604,2009,0.0,0.0,0.0
120100050604,2010,0.0,0.0,0.0
120100050604,2011,0.0,0.0,0.0
120100050604,2012,0.0,0.0,0.0
120100050604,2013,0.0,0.0,0.0
120100050604,2014,0.0,0.0,0.0
120100050604,2015,0.0,0.0,0.0
120100050604,2016,0.0,0.0,0.0
120100050604,2017,0.0,0.0,0.0
120100050604,2018,0.0,0.0,0.0
120100050604,2019,0.0,0.0,0.0
120100050604,2020,0.0,0.0,0.0
120100050605,2000,0.0,0.0,0.0
120100050605,2001,0.0,0.0,0.0
120100050605,2002,0.0,0.0,0.0
120100050605,2003,0.0,0.0,0.0
120100050605,2004,0.0,0.0,0.0
120100050605,2005,0.0,0.0,0.0
120100050605,2006,0.0,0.0,0.0
120100050605,2007,0.0,0.0,0.0
120100050605,2008,0.0,0.0,0.0
120100050605,2009,0.0,0.0,0.0
120100050605,2010,0.0,0.0,0.0
120100050605,2011,0.0,0.0,0.0
120100050605,2012,0.0,0.0,0.0
120100050605,2013,0.0,0.0,0.0
120100050605,2014,0.0,0.0,0.0
120100050605,2015,0.0,0.0,0.0
120100050605,2016,0.0,0.0,0.0
120100050605,2017,0.0,0.0,0.0
120100050605,2018,0.0,0.0,0.0
120100050605,2019,0.0,0.0,0.0
120100050605,2020,0.0,0.0,0.0
120100050606,2000,0.0,0.0,0.0
120100050606,2001,0.0,0.0,0.0
120100050606,2002,0.0,0.0,0.0
120100050606,2003,0.0,0.0,0.0
120100050606,2004,0.0,0.0,0.0
120100050606,2005,0.0,0.0,0.0
120100050606,2006,0.0,0.0,0.0
120100050606,2007,0.0,0.0,0.0
120100050606,2008,0.0,0.0,0.0
120100050606,2009,0.0,0.0,0.0
120100050606,2010,0.0,0.0,0.0
120100050606,2011,0.0,0.0,0.0
120100050606,2012,0.0,0.0,0.0
120100050606,2013,0.0,0.0,0.0
120100050606,2014,0.0,0.0,0.0
120100050606,2015,0.0,0.0,0.0
120100050606,2016,0.0,0.0,0.0
120100050606,2017,0.0,0.0,0.0
120100050606,2018,0.0,0.0,0.0
120100050606,2019,0.0,0.0,0.0
120100050606,2020,0.0,0.0,0.0
120100050607,2000,0.0,0.0,0.0
120100050607,2001,0.0,0.0,0.0
120100050607,2002,0.0,0.0,0.0
120100050607,2003,0.0,0.0,0.0
120100050607,2004,0.0,0.0,0.0
120100050607,2005,0.0,0.0,0.0
120100050607,2006,0.0,0.0,0.0
120100050607,2007,0.0,0.0,0.0
120100050607,2008,0.0,0.0,0.0
120100050607,2009,0.0,0.0,0.0
120100050607,2010,0.0,0.0,0.0
120100050607,2011,0.0,0.0,0.0
120100050607,2012,0.0,0.0,0.0
120100050607,2013,0.0,0.0,0.0
120100050607,2014,0.0,0.0,0.0
120100050607,2015,0.0,0.0,0.0
120100050607,2016,0.0,0.0,0.0
120100050607,2017,0.0,0.0,0.0
120100050607,2018,0.0,0.0,0.0
120100050607,2019,0.0,0.0,0.0
120100050607,2020,0.0,0.0,0.0
120100050608,2000,0.0,0.0,0.0
120100050608,2001,0.0,0.0,0.0
120100050608,2002,0.0,0.0,0.0
120100050608,2003,0.0,0.0,0.0
120100050608,2004,0.0,0.0,0.0
120100050608,2005,0.0,0.0,0.0
120100050608,2006,0.0,0.0,0.0
120100050608,2007,0.0,0.0,0.0
120100050608,2008,0.0,0.0,0.0
120100050608,2009,0.0,0.0,0.0
120100050608,2010,0.0,0.0,0.0
120100050608,2011,0.0,0.0,0.0
120100050608,2012,0.0,0.0,0.0
120100050608,2013,0.0,0.0,0.0
120100050608,2014,0.0,0.0,0.0
120100050608,2015,0.0,0.0,0.0
120100050608,2016,0.0,0.0,0.0
120100050608,2017,0.0,0.0,0.0
120100050608,2018,0.0,0.0,0.0
120100050608,2019,0.0,0.0,0.0
120100050608,2020,0.0,0.0,0.0
120100050609,2000,0.0,0.0,0.0
120100050609,2001,0.0,0.0,0.0
120100050609,2002,0.0,0.0,0.0
120100050609,2003,0.0,0.0,0.0
120100050609,2004,0.0,0.0,0.0
120100050609,2005,0.0,0.0,0.0
120100050609,2006,0.0,0.0,0.0
120100050609,2007,0.0,0.0,0.0
120100050609,2008,0.0,0.0,0.0
120100050609,2009,0.0,0.0,0.0
120100050609,2010,0.0,0.0,0.0
120100050609,2011,0.0,0.0,0.0
120100050609,2012,0.0,0.0,0.0
120100050609,2013,0.0,0.0,0.0
120100050609,2014,0.0,0.0,0.0
120100050609,2015,0.0,0.0,0.0
120100050609,2016,0.0,0.0,0.0
120100050609,2017,0.0,0.0,0.0
120100050609,2018,0.0,0.0,0.0
120100050609,2019,0.0,0.0,0.0
120100050609,2020,0.0,0.0,0.0
120100050701,2000,0.0,0.0,0.0
120100050701,2001,0.0,0.0,0.0
120100050701,2002,0.0,0.0,0.0
120100050701,2003,0.0,0.0,0.0
120100050701,2004,0.0,0.0,0.0
120100050701,2005,0.0,0.0,0.0
120100050701,2006,0.0,0.0,0.0
120100050701,2007,0.0,0.0,0.0
120100050701,2008,0.0,0.0,0.0
120100050701,2009,0.0,0.0,0.0
120100050701,2010,0.0,0.0,0.0
120100050701,2011,0.0,0.0,0.0
120100050701,2012,0.0,0.0,0.0
120100050701,2013,0.0,0.0,0.0
120100050701,2014,0.0,0.0,0.0
120100050701,2015,0.0,0.0,0.0
120100050701,2016,0.0,0.0,0.0
120100050701,2017,0.0,0.0,0.0
120100050701,2018,0.0,0.0,0.0
120100050701,2019,0.0,0.0,0.0
120100050701,2020,0.0,0.0,0.0
120100050704,2000,0.0,0.0,0.0
120100050704,2001,0.0,0.0,0.0
120100050704,2002,0.0,0.0,0.0
120100050704,2003,0.0,0.0,0.0
120100050704,2004,0.0,0.0,0.0
120100050704,2005,0.0,0.0,0.0
120100050704,2006,0.0,0.0,0.0
120100050704,2007,0.0,0.0,0.0
120100050704,2008,0.0,0.0,0.0
120100050704,2009,0.0,0.0,0.0
120100050704,2010,0.0,0.0,0.0
120100050704,2011,0.0,0.0,0.0
120100050704,2012,0.0,0.0,0.0
120100050704,2013,0.0,0.0,0.0
120100050704,2014,0.0,0.0,0.0
120100050704,2015,0.0,0.0,0.0
120100050704,2016,0.0,0.0,0.0
120100050704,2017,0.0,0.0,0.0
120100050704,2018,0.0,0.0,0.0
120100050704,2019,0.0,0.0,0.0
120100050704,2020,0.0,0.0,0.0
120100050801,2000,0.0,0.0,0.0
120100050801,2001,0.0,0.0,0.0
120100050801,2002,0.0,0.0,0.0
120100050801,2003,0.0,0.0,0.0
120100050801,2004,0.0,0.0,0.0
120100050801,2005,0.0,0.0,0.0
120100050801,2006,0.0,0.0,0.0
120100050801,2007,0.0,0.0,0.0
120100050801,2008,0.0,0.0,0.0
120100050801,2009,0.0,0.0,0.0
120100050801,2010,0.0,0.0,0.0
120100050801,2011,0.0,0.0,0.0
120100050801,2012,0.0,0.0,0.0
120100050801,2013,0.0,0.0,0.0
120100050801,2014,0.0,0.0,0.0
120100050801,2015,0.0,0.0,0.0
120100050801,2016,0.0,0.0,0.0
120100050801,2017,0.0,0.0,0.0
120100050801,2018,0.0,0.0,0.0
120100050801,2019,0.0,0.0,0.0
120100050801,2020,0.0,0.0,0.0
120100050802,2000,0.0,0.0,0.0
120100050802,2001,0.0,0.0,0.0
120100050802,2002,0.0,0.0,0.0
120100050802,2003,0.0,0.0,0.0
120100050802,2004,0.0,0.0,0.0
120100050802,2005,0.0,0.0,0.0
120100050802,2006,0.0,0.0,0.0
120100050802,2007,0.0,0.0,0.0
120100050802,2008,0.0,0.0,0.0
120100050802,2009,0.0,0.0,0.0
120100050802,2010,0.0,0.0,0.0
120100050802,2011,0.0,0.0,0.0
120100050802,2012,0.0,0.0,0.0
120100050802,2013,0.0,0.0,0.0
120100050802,2014,0.0,0.0,0.0
120100050802,2015,0.0,0.0,0.0
120100050802,2016,0.0,0.0,0.0
120100050802,2017,0.0,0.0,0.0
120100050802,2018,0.0,0.0,0.0
120100050802,2019,0.0,0.0,0.0
120100050802,2020,0.0,0.0,0.0
120100050803,2000,0.0,0.0,0.0
120100050803,2001,0.0,0.0,0.0
120100050803,2002,0.0,0.0,0.0
120100050803,2003,0.0,0.0,0.0
120100050803,2004,0.0,0.0,0.0
120100050803,2005,0.0,0.0,0.0
120100050803,2006,0.0,0.0,0.0
120100050803,2007,0.0,0.0,0.0
120100050803,2008,0.0,0.0,0.0
120100050803,2009,0.0,0.0,0.0
120100050803,2010,0.0,0.0,0.0
120100050803,2011,0.0,0.0,0.0
120100050803,2012,0.0,0.0,0.0
120100050803,2013,0.0,0.0,0.0
120100050803,2014,0.0,0.0,0.0
120100050803,2015,0.0,0.0,0.0
120100050803,2016,0.0,0.0,0.0
120100050803,2017,0.0,0.0,0.0
120100050803,2018,0.0,0.0,0.0
120100050803,2019,0.0,0.0,0.0
120100050803,2020,0.0,0.0,0.0
120100050804,2000,0.0,0.0,0.0
120100050804,2001,0.0,0.0,0.0
120100050804,2002,0.0,0.0,0.0
120100050804,2003,0.0,0.0,0.0
120100050804,2004,0.0,0.0,0.0
120100050804,2005,0.0,0.0,0.0
120100050804,2006,0.0,0.0,0.0
120100050804,2007,0.0,0.0,0.0
120100050804,2008,0.0,0.0,0.0
120100050804,2009,0.0,0.0,0.0
120100050804,2010,0.0,0.0,0.0
120100050804,2011,0.0,0.0,0.0
120100050804,2012,0.0,0.0,0.0
120100050804,2013,0.0,0.0,0.0
120100050804,2014,0.0,0.0,0.0
120100050804,2015,0.0,0.0,0.0
120100050804,2016,0.0,0.0,0.0
120100050804,2017,0.0,0.0,0.0
120100050804,2018,0.0,0.0,0.0
120100050804,2019,0.0,0.0,0.0
120100050804,2020,0.0,0.0,0.0
120100050901,2000,0.0,0.0,0.0
120100050901,2001,0.0,0.0,0.0
120100050901,2002,0.0,0.0,0.0
120100050901,2003,0.0,0.0,0.0
120100050901,2004,0.0,0.0,0.0
120100050901,2005,0.0,0.0,0.0
120100050901,2006,0.0,0.0,0.0
120100050901,2007,0.0,0.0,0.0
120100050901,2008,0.0,0.0,0.0
120100050901,2009,0.0,0.0,0.0
120100050901,2010,0.0,0.0,0.0
120100050901,2011,0.0,0.0,0.0
120100050901,2012,0.0,0.0,0.0
120100050901,2013,0.0,0.0,0.0
120100050901,2014,0.0,0.0,0.0
120100050901,2015,0.0,0.0,0.0
120100050901,2016,0.0,0.0,0.0
120100050901,2017,0.0,0.0,0.0
120100050901,2018,0.0,0.0,0.0
120100050901,2019,0.0,0.0,0.0
120100050901,2020,0.0,0.0,0.0
120100050902,2000,0.0,0.0,0.0
120100050902,2001,0.0,0.0,0.0
120100050902,2002,0.0,0.0,0.0
120100050902,2003,0.0,0.0,0.0
120100050902,2004,0.0,0.0,0.0
120100050902,2005,0.0,0.0,0.0
120100050902,2006,0.0,0.0,0.0
120100050902,2007,0.0,0.0,0.0
120100050902,2008,0.0,0.0,0.0
120100050902,2009,0.0,0.0,0.0
120100050902,2010,0.0,0.0,0.0
120100050902,2011,0.0,0.0,0.0
120100050902,2012,0.0,0.0,0.0
120100050902,2013,0.0,0.0,0.0
120100050902,2014,0.0,0.0,0.0
120100050902,2015,0.0,0.0,0.0
120100050902,2016,0.0,0.0,0.0
120100050902,2017,0.0,0.0,0.0
120100050902,2018,0.0,0.0,0.0
120100050902,2019,0.0,0.0,0.0
120100050902,2020,0.0,0.0,0.0
120100051001,2000,0.0,0.0,0.0
120100051001,2001,0.0,0.0,0.0
120100051001,2002,0.0,0.0,0.0
120100051001,2003,0.0,0.0,0.0
120100051001,2004,0.0,0.0,0.0
120100051001,2005,0.0,0.0,0.0
120100051001,2006,0.0,0.0,0.0
120100051001,2007,0.0,0.0,0.0
120100051001,2008,0.0,0.0,0.0
120100051001,2009,0.0,0.0,0.0
120100051001,2010,0.0,0.0,0.0
120100051001,2011,0.0,0.0,0.0
120100051001,2012,0.0,0.0,0.0
120100051001,2013,0.0,0.0,0.0
120100051001,2014,0.0,0.0,0.0
120100051001,2015,0.0,0.0,0.0
120100051001,2016,0.0,0.0,0.0
120100051001,2017,0.0,0.0,0.0
120100051001,2018,0.0,0.0,0.0
120100051001,2019,0.0,0.0,0.0
120100051001,2020,0.0,0.0,0.0
120100051002,2000,0.0,0.0,0.0
120100051002,2001,0.0,0.0,0.0
120100051002,2002,0.0,0.0,0.0
120100051002,2003,0.0,0.0,0.0
120100051002,2004,0.0,0.0,0.0
120100051002,2005,0.0,0.0,0.0
120100051002,2006,0.0,0.0,0.0
120100051002,2007,0.0,0.0,0.0
120100051002,2008,0.0,0.0,0.0
120100051002,2009,0.0,0.0,0.0
120100051002,2010,0.0,0.0,0.0
120100051002,2011,0.0,0.0,0.0
120100051002,2012,0.0,0.0,0.0
120100051002,2013,0.0,0.0,0.0
120100051002,2014,0.0,0.0,0.0
120100051002,2015,0.0,0.0,0.0
120100051002,2016,0.0,0.0,0.0
120100051002,2017,0.0,0.0,0.0
120100051002,2018,0.0,0.0,0.0
120100051002,2019,0.0,0.0,0.0
120100051002,2020,0.0,0.0,0.0
120100051003,2000,0.0,0.0,0.0
120100051003,2001,0.0,0.0,0.0
120100051003,2002,0.0,0.0,0.0
120100051003,2003,0.0,0.0,0.0
120100051003,2004,0.0,0.0,0.0
120100051003,2005,0.0,0.0,0.0
120100051003,2006,0.0,0.0,0.0
120100051003,2007,0.0,0.0,0.0
120100051003,2008,0.0,0.0,0.0
120100051003,2009,0.0,0.0,0.0
120100051003,2010,0.0,0.0,0.0
120100051003,2011,0.0,0.0,0.0
120100051003,2012,0.0,0.0,0.0
120100051003,2013,0.0,0.0,0.0
120100051003,2014,0.0,0.0,0.0
120100051003,2015,0.0,0.0,0.0
120100051003,2016,0.0,0.0,0.0
120100051003,2017,0.0,0.0,0.0
120100051003,2018,0.0,0.0,0.0
120100051003,2019,0.0,0.0,0.0
120100051003,2020,0.0,0.0,0.0
120100051004,2000,0.0,0.0,0.0
120100051004,2001,0.0,0.0,0.0
120100051004,2002,0.0,0.0,0.0
120100051004,2003,0.0,0.0,0.0
120100051004,2004,0.0,0.0,0.0
120100051004,2005,0.0,0.0,0.0
120100051004,2006,0.0,0.0,0.0
120100051004,2007,0.0,0.0,0.0
120100051004,2008,0.0,0.0,0.0
120100051004,2009,0.0,0.0,0.0
120100051004,2010,0.0,0.0,0.0
120100051004,2011,0.0,0.0,0.0
120100051004,2012,0.0,0.0,0.0
120100051004,2013,0.0,0.0,0.0
120100051004,2014,0.0,0.0,0.0
120100051004,2015,0.0,0.0,0.0
120100051004,2016,0.0,0.0,0.0
120100051004,2017,0.0,0.0,0.0
120100051004,2018,0.0,0.0,0.0
120100051004,2019,0.0,0.0,0.0
120100051004,2020,0.0,0.0,0.0
120100051005,2000,0.0,0.0,0.0
120100051005,2001,0.0,0.0,0.0
120100051005,2002,0.0,0.0,0.0
120100051005,2003,0.0,0.005655132,0.005655132
120100051005,2004,0.0,0.004774197,0.004774197
120100051005,2005,0.0,0.007002329,0.007002329
120100051005,2006,0.0,0.0,0.0
120100051005,2007,0.0,0.0,0.0
120100051005,2008,0.0,0.0,0.0
120100051005,2009,0.0,0.0,0.0
120100051005,2010,0.0,0.0,0.0
120100051005,2011,0.0,0.0,0.0
120100051005,2012,0.0,0.0,0.0
120100051005,2013,0.0,0.004079299,0.004079299
120100051005,2014,0.0,0.0,0.0
120100051005,2015,0.0,0.0,0.0
120100051005,2016,0.0,0.005409191,0.005409191
120100051005,2017,0.0,0.0,0.0
120100051005,2018,0.0,0.000145381,0.000145381
120100051005,2019,0.0,0.0,0.0
120100051005,2020,0.0,0.0,0.0
120200010101,2000,0.0,0.0,0.0
120200010101,2001,0.0,0.0,0.0
120200010101,2002,0.0,0.0,0.0
120200010101,2003,0.0,0.0,0.0
120200010101,2004,0.0,0.0,0.0
120200010101,2005,0.0,0.0,0.0
120200010101,2006,0.0,0.0,0.0
120200010101,2007,0.0,0.0,0.0
120200010101,2008,0.0,0.0,0.0
120200010101,2009,0.0,0.0,0.0
120200010101,2010,0.0,0.0,0.0
120200010101,2011,0.0,0.0,0.0
120200010101,2012,0.0,0.0,0.0
120200010101,2013,0.0,0.0,0.0
120200010101,2014,0.0,0.0,0.0
120200010101,2015,0.0,0.0,0.0
120200010101,2016,0.0,0.0,0.0
120200010101,2017,0.0,0.0,0.0
120200010101,2018,0.0,0.0,0.0
120200010101,2019,0.0,0.0,0.0
120200010101,2020,0.0,0.0,0.0
120200010102,2000,0.0,0.0,0.0
120200010102,2001,0.0,0.0,0.0
120200010102,2002,0.0,0.0,0.0
120200010102,2003,0.0,0.0,0.0
120200010102,2004,0.0,0.0,0.0
120200010102,2005,0.0,0.0,0.0
120200010102,2006,0.0,0.0,0.0
120200010102,2007,0.0,0.0,0.0
120200010102,2008,0.0,0.0,0.0
120200010102,2009,0.0,0.0,0.0
120200010102,2010,0.0,0.0,0.0
120200010102,2011,0.0,0.0,0.0
120200010102,2012,0.0,0.0,0.0
120200010102,2013,0.0,0.0,0.0
120200010102,2014,0.0,0.0,0.0
120200010102,2015,0.0,0.0,0.0
120200010102,2016,0.0,0.0,0.0
120200010102,2017,0.0,0.0,0.0
120200010102,2018,0.0,0.0,0.0
120200010102,2019,0.0,0.0,0.0
120200010102,2020,0.0,0.0,0.0
120200010103,2000,0.0,0.0,0.0
120200010103,2001,0.0,0.0,0.0
120200010103,2002,0.0,0.0,0.0
120200010103,2003,0.0,0.0,0.0
120200010103,2004,0.0,0.0,0.0
120200010103,2005,0.0,0.0,0.0
120200010103,2006,0.0,0.0,0.0
120200010103,2007,0.0,0.0,0.0
120200010103,2008,0.0,0.0,0.0
120200010103,2009,0.0,0.0,0.0
120200010103,2010,0.0,0.0,0.0
120200010103,2011,0.0,0.0,0.0
120200010103,2012,0.0,0.0,0.0
120200010103,2013,0.0,0.0,0.0
120200010103,2014,0.0,0.0,0.0
120200010103,2015,0.0,0.0,0.0
120200010103,2016,0.0,0.0,0.0
120200010103,2017,0.0,0.0,0.0
120200010103,2018,0.0,0.0,0.0
120200010103,2019,0.0,0.0,0.0
120200010103,2020,0.0,0.0,0.0
120200010104,2000,0.0,0.0,0.0
120200010104,2001,0.0,0.0,0.0
120200010104,2002,0.0,0.0,0.0
120200010104,2003,0.0,0.0,0.0
120200010104,2004,0.0,0.0,0.0
120200010104,2005,0.0,0.0,0.0
120200010104,2006,0.0,0.0,0.0
120200010104,2007,0.0,0.0,0.0
120200010104,2008,0.0,0.0,0.0
120200010104,2009,0.0,0.0,0.0
120200010104,2010,0.0,0.0,0.0
120200010104,2011,0.0,0.0,0.0
120200010104,2012,0.0,0.0,0.0
120200010104,2013,0.0,0.0,0.0
120200010104,2014,0.0,0.0,0.0
120200010104,2015,0.0,0.0,0.0
120200010104,2016,0.0,0.0,0.0
120200010104,2017,0.0,0.0,0.0
120200010104,2018,0.0,0.0,0.0
120200010104,2019,0.0,0.0,0.0
120200010104,2020,0.0,0.0,0.0
120200010105,2000,0.0,0.0,0.0
120200010105,2001,0.0,0.0,0.0
120200010105,2002,0.0,0.0,0.0
120200010105,2003,0.0,0.0,0.0
120200010105,2004,0.0,0.0,0.0
120200010105,2005,0.0,0.0,0.0
120200010105,2006,0.0,0.0,0.0
120200010105,2007,0.0,0.0,0.0
120200010105,2008,0.0,0.0,0.0
120200010105,2009,0.0,0.0,0.0
120200010105,2010,0.0,0.0,0.0
120200010105,2011,0.0,0.0,0.0
120200010105,2012,0.0,0.0,0.0
120200010105,2013,0.0,0.0,0.0
120200010105,2014,0.0,0.0,0.0
120200010105,2015,0.0,0.0,0.0
120200010105,2016,0.0,0.0,0.0
120200010105,2017,0.0,0.0,0.0
120200010105,2018,0.0,0.0,0.0
120200010105,2019,0.0,0.0,0.0
120200010105,2020,0.0,0.0,0.0
120200010201,2000,0.0,0.0,0.0
120200010201,2001,0.0,0.0,0.0
120200010201,2002,0.0,0.0,0.0
120200010201,2003,4.1518e-05,0.000966444,0.000925008
120200010201,2004,2.5754e-05,0.000601361,0.000575691
120200010201,2005,0.0,0.0,0.0
120200010201,2006,0.0,0.0,0.0
120200010201,2007,0.0,0.0,0.0
120200010201,2008,0.0,0.0,0.0
120200010201,2009,0.0,0.0,0.0
120200010201,2010,0.0,0.0,0.0
120200010201,2011,0.0,0.0,0.0
120200010201,2012,0.0,0.0,0.0
120200010201,2013,6.6411e-05,0.001548134,0.001481471
120200010201,2014,6.5159e-05,0.001514786,0.001449627
120200010201,2015,0.0,0.0,0.0
120200010201,2016,0.0,0.0,0.0
120200010201,2017,5.4323e-05,0.001266082,0.001211679
120200010201,2018,5.0756e-05,0.001179584,0.001128912
120200010201,2019,3.254e-05,0.000757068,0.000724529
120200010201,2020,4.9273e-05,0.001142986,0.001093883
120200010202,2000,0.0,0.0,0.0
120200010202,2001,0.0,0.0,0.0
120200010202,2002,0.0,0.0,0.0
120200010202,2003,0.0,0.0,0.0
120200010202,2004,0.0,0.0,0.0
120200010202,2005,0.0,0.0,0.0
120200010202,2006,0.0,0.0,0.0
120200010202,2007,0.0,0.0,0.0
120200010202,2008,0.0,0.0,0.0
120200010202,2009,0.0,0.0,0.0
120200010202,2010,0.0,0.0,0.0
120200010202,2011,0.0,0.0,0.0
120200010202,2012,0.0,0.0,0.0
120200010202,2013,0.0,0.0,0.0
120200010202,2014,0.0,0.0,0.0
120200010202,2015,0.0,0.0,0.0
120200010202,2016,0.0,0.0,0.0
120200010202,2017,0.0,0.0,0.0
120200010202,2018,0.0,0.0,0.0
120200010202,2019,0.0,0.0,0.0
120200010202,2020,0.0,0.0,0.0
120200010203,2000,0.0,0.0,0.0
120200010203,2001,0.0,0.0,0.0
120200010203,2002,0.0,0.0,0.0
120200010203,2003,0.0,0.0,0.0
120200010203,2004,0.0,0.0,0.0
120200010203,2005,0.0,0.0,0.0
120200010203,2006,0.0,0.0,0.0
120200010203,2007,0.0,0.0,0.0
120200010203,2008,0.0,0.0,0.0
120200010203,2009,0.0,0.0,0.0
120200010203,2010,0.0,0.0,0.0
120200010203,2011,0.0,0.0,0.0
120200010203,2012,0.0,0.0,0.0
120200010203,2013,0.0,0.0,0.0
120200010203,2014,0.0,0.0,0.0
120200010203,2015,0.0,0.0,0.0
120200010203,2016,0.0,0.0,0.0
120200010203,2017,0.0,0.0,0.0
120200010203,2018,0.0,0.0,0.0
120200010203,2019,0.0,0.0,0.0
120200010203,2020,0.0,0.0,0.0
120200010204,2000,0.0,0.0,0.0
120200010204,2001,0.0,0.0,0.0
120200010204,2002,0.0,0.0,0.0
120200010204,2003,0.0,0.0,0.0
120200010204,2004,0.0,0.0,0.0
120200010204,2005,0.0,0.0,0.0
120200010204,2006,0.0,0.0,0.0
120200010204,2007,0.0,0.0,0.0
120200010204,2008,0.0,0.0,0.0
120200010204,2009,0.0,0.0,0.0
120200010204,2010,0.0,0.0,0.0
120200010204,2011,0.0,0.0,0.0
120200010204,2012,0.0,0.0,0.0
120200010204,2013,0.0,0.0,0.0
120200010204,2014,0.0,0.0,0.0
120200010204,2015,0.0,0.0,0.0
120200010204,2016,0.0,0.0,0.0
120200010204,2017,0.0,0.0,0.0
120200010204,2018,0.0,0.0,0.0
120200010204,2019,0.0,0.0,0.0
120200010204,2020,0.0,0.0,0.0
120200010205,2000,0.0,0.0,0.0
120200010205,2001,0.0,0.0,0.0
120200010205,2002,0.0,0.0,0.0
120200010205,2003,0.0,0.0,0.0
120200010205,2004,0.0,0.0,0.0
120200010205,2005,0.0,0.0,0.0
120200010205,2006,0.0,0.0,0.0
120200010205,2007,0.0,0.0,0.0
120200010205,2008,0.0,0.0,0.0
120200010205,2009,0.0,0.0,0.0
120200010205,2010,0.0,0.0,0.0
120200010205,2011,0.0,0.0,0.0
120200010205,2012,0.0,0.0,0.0
120200010205,2013,0.0,0.0,0.0
120200010205,2014,0.0,0.0,0.0
120200010205,2015,0.0,0.0,0.0
120200010205,2016,0.0,0.0,0.0
120200010205,2017,0.0,0.0,0.0
120200010205,2018,0.0,0.0,0.0
120200010205,2019,0.0,0.0,0.0
120200010205,2020,0.0,0.0,0.0
120200010206,2000,0.0,0.0,0.0
120200010206,2001,0.0,0.0,0.0
120200010206,2002,0.0,0.0,0.0
120200010206,2003,0.0,0.0,0.0
120200010206,2004,0.0,0.0,0.0
120200010206,2005,0.0,0.0,0.0
120200010206,2006,0.0,0.0,0.0
120200010206,2007,0.0,0.0,0.0
120200010206,2008,0.0,0.0,0.0
120200010206,2009,0.0,0.0,0.0
120200010206,2010,0.0,0.0,0.0
120200010206,2011,0.0,0.0,0.0
120200010206,2012,0.0,0.0,0.0
120200010206,2013,0.0,0.0,0.0
120200010206,2014,0.0,0.0,0.0
120200010206,2015,0.0,0.0,0.0
120200010206,2016,0.0,0.0,0.0
120200010206,2017,0.0,0.0,0.0
120200010206,2018,0.0,0.0,0.0
120200010206,2019,0.0,0.0,0.0
120200010206,2020,0.0,0.0,0.0
120200010301,2000,0.0,0.0,0.0
120200010301,2001,0.0,0.0,0.0
120200010301,2002,0.0,0.0,0.0
120200010301,2003,0.0,0.0,0.0
120200010301,2004,0.0,0.0,0.0
120200010301,2005,0.0,0.0,0.0
120200010301,2006,0.0,0.0,0.0
120200010301,2007,0.0,0.0,0.0
120200010301,2008,0.0,0.0,0.0
120200010301,2009,0.0,0.0,0.0
120200010301,2010,0.0,0.0,0.0
120200010301,2011,0.0,0.0,0.0
120200010301,2012,0.0,0.0,0.0
120200010301,2013,0.0,0.0,0.0
120200010301,2014,0.0,0.0,0.0
120200010301,2015,0.0,0.0,0.0
120200010301,2016,0.0,0.0,0.0
120200010301,2017,0.0,0.0,0.0
120200010301,2018,0.0,0.0,0.0
120200010301,2019,0.0,0.0,0.0
120200010301,2020,0.0,0.0,0.0
120200010302,2000,0.0,0.0,0.0
120200010302,2001,0.0,0.0,0.0
120200010302,2002,0.0,0.0,0.0
120200010302,2003,0.0,0.0,0.0
120200010302,2004,0.0,0.0,0.0
120200010302,2005,0.0,0.0,0.0
120200010302,2006,0.0,0.0,0.0
120200010302,2007,0.0,0.0,0.0
120200010302,2008,0.0,0.0,0.0
120200010302,2009,0.0,0.0,0.0
120200010302,2010,0.0,0.0,0.0
120200010302,2011,0.0,0.0,0.0
120200010302,2012,0.0,0.0,0.0
120200010302,2013,0.0,0.0,0.0
120200010302,2014,0.0,0.0,0.0
120200010302,2015,0.0,0.0,0.0
120200010302,2016,0.0,0.0,0.0
120200010302,2017,0.0,0.0,0.0
120200010302,2018,0.0,0.0,0.0
120200010302,2019,0.0,0.0,0.0
120200010302,2020,0.0,0.0,0.0
120200010303,2000,0.0,0.0,0.0
120200010303,2001,0.0,0.0,0.0
120200010303,2002,0.0,0.0,0.0
120200010303,2003,0.0,0.0,0.0
120200010303,2004,0.0,0.0,0.0
120200010303,2005,0.0,0.0,0.0
120200010303,2006,0.0,0.0,0.0
120200010303,2007,0.0,0.0,0.0
120200010303,2008,0.0,0.0,0.0
120200010303,2009,0.0,0.0,0.0
120200010303,2010,0.0,0.0,0.0
120200010303,2011,0.0,0.0,0.0
120200010303,2012,0.0,0.0,0.0
120200010303,2013,0.0,0.0,0.0
120200010303,2014,0.0,0.0,0.0
120200010303,2015,0.0,0.0,0.0
120200010303,2016,0.0,0.0,0.0
120200010303,2017,0.0,0.0,0.0
120200010303,2018,0.0,0.0,0.0
120200010303,2019,0.0,0.0,0.0
120200010303,2020,0.0,0.0,0.0
120200010304,2000,0.0,0.0,0.0
120200010304,2001,0.0,0.0,0.0
120200010304,2002,0.0,0.0,0.0
120200010304,2003,0.0,0.0,0.0
120200010304,2004,0.0,0.0,0.0
120200010304,2005,0.0,0.0,0.0
120200010304,2006,0.0,0.0,0.0
120200010304,2007,0.0,0.0,0.0
120200010304,2008,0.0,0.0,0.0
120200010304,2009,0.0,0.0,0.0
120200010304,2010,0.0,0.0,0.0
120200010304,2011,0.0,0.0,0.0
120200010304,2012,0.0,0.0,0.0
120200010304,2013,0.0,0.0,0.0
120200010304,2014,0.0,0.0,0.0
120200010304,2015,0.0,0.0,0.0
120200010304,2016,0.0,0.0,0.0
120200010304,2017,0.0,0.0,0.0
120200010304,2018,0.0,0.0,0.0
120200010304,2019,0.0,0.0,0.0
120200010304,2020,0.0,0.0,0.0
120200010305,2000,0.0,0.0,0.0
120200010305,2001,0.0,0.0,0.0
120200010305,2002,0.0,0.0,0.0
120200010305,2003,0.0,0.0,0.0
120200010305,2004,0.0,0.0,0.0
120200010305,2005,0.0,0.0,0.0
120200010305,2006,0.0,0.0,0.0
120200010305,2007,0.0,0.0,0.0
120200010305,2008,0.0,0.0,0.0
120200010305,2009,0.0,0.0,0.0
120200010305,2010,0.0,0.0,0.0
120200010305,2011,0.0,0.0,0.0
120200010305,2012,0.0,0.0,0.0
120200010305,2013,0.0,0.0,0.0
120200010305,2014,0.0,0.0,0.0
120200010305,2015,0.0,0.0,0.0
120200010305,2016,0.0,0.0,0.0
120200010305,2017,0.0,0.0,0.0
120200010305,2018,0.0,0.0,0.0
120200010305,2019,0.0,0.0,0.0
120200010305,2020,0.0,0.0,0.0
120200010306,2000,0.0,0.0,0.0
120200010306,2001,0.0,0.0,0.0
120200010306,2002,0.0,0.0,0.0
120200010306,2003,0.0,0.0,0.0
120200010306,2004,0.0,0.0,0.0
120200010306,2005,0.0,0.0,0.0
120200010306,2006,0.0,0.0,0.0
120200010306,2007,0.0,0.0,0.0
120200010306,2008,0.0,0.0,0.0
120200010306,2009,0.0,0.0,0.0
120200010306,2010,0.0,0.0,0.0
120200010306,2011,0.0,0.0,0.0
120200010306,2012,0.0,0.0,0.0
120200010306,2013,0.0,0.0,0.0
120200010306,2014,0.0,0.0,0.0
120200010306,2015,0.0,0.0,0.0
120200010306,2016,0.0,0.0,0.0
120200010306,2017,0.0,0.0,0.0
120200010306,2018,0.0,0.0,0.0
120200010306,2019,0.0,0.0,0.0
120200010306,2020,0.0,0.0,0.0
120200010307,2000,0.0,0.0,0.0
120200010307,2001,0.0,0.0,0.0
120200010307,2002,0.0,0.0,0.0
120200010307,2003,0.0,0.0,0.0
120200010307,2004,0.0,0.0,0.0
120200010307,2005,0.0,0.0,0.0
120200010307,2006,0.0,0.0,0.0
120200010307,2007,0.0,0.0,0.0
120200010307,2008,0.0,0.0,0.0
120200010307,2009,0.0,0.0,0.0
120200010307,2010,0.0,0.0,0.0
120200010307,2011,0.0,0.0,0.0
120200010307,2012,0.0,0.0,0.0
120200010307,2013,0.0,0.0,0.0
120200010307,2014,0.0,0.0,0.0
120200010307,2015,0.0,0.0,0.0
120200010307,2016,0.0,0.0,0.0
120200010307,2017,0.0,0.0,0.0
120200010307,2018,0.000646523,0.001016537,0.000370016
120200010307,2019,0.0,0.0,0.0
120200010307,2020,0.0,0.0,0.0
120200010401,2000,0.0,0.0,0.0
120200010401,2001,0.0,0.0,0.0
120200010401,2002,0.0,0.0,0.0
120200010401,2003,0.0,0.0,0.0
120200010401,2004,0.0,0.0,0.0
120200010401,2005,0.0,0.0,0.0
120200010401,2006,0.0,0.0,0.0
120200010401,2007,0.0,0.0,0.0
120200010401,2008,0.0,0.0,0.0
120200010401,2009,0.0,0.0,0.0
120200010401,2010,0.0,0.0,0.0
120200010401,2011,0.0,0.0,0.0
120200010401,2012,0.0,0.0,0.0
120200010401,2013,0.0,0.0,0.0
120200010401,2014,0.0,0.0,0.0
120200010401,2015,0.0,0.0,0.0
120200010401,2016,0.0,0.0,0.0
120200010401,2017,0.0,0.0,0.0
120200010401,2018,0.02571106,0.040425995,0.014715104
120200010401,2019,0.0,0.0,0.0
120200010401,2020,0.0,0.0,0.0
120200010402,2000,0.0,0.0,0.0
120200010402,2001,0.0,0.0,0.0
120200010402,2002,0.0,0.0,0.0
120200010402,2003,0.0,0.0,0.0
120200010402,2004,0.0,0.0,0.0
120200010402,2005,0.0,0.0,0.0
120200010402,2006,0.0,0.0,0.0
120200010402,2007,0.0,0.0,0.0
120200010402,2008,0.0,0.0,0.0
120200010402,2009,0.0,0.0,0.0
120200010402,2010,0.0,0.0,0.0
120200010402,2011,0.0,0.0,0.0
120200010402,2012,0.0,0.0,0.0
120200010402,2013,0.0,0.0,0.0
120200010402,2014,0.0,0.0,0.0
120200010402,2015,0.0,0.0,0.0
120200010402,2016,0.0,0.0,0.0
120200010402,2017,0.0,0.0,0.0
120200010402,2018,0.02020346,0.031766518,0.011562975
120200010402,2019,0.003237005,0.005089597,0.001852592
120200010402,2020,0.01123871,0.017671022,0.00643223
120200010403,2000,0.0,0.0,0.0
120200010403,2001,0.0,0.0,0.0
120200010403,2002,0.0,0.0,0.0
120200010403,2003,0.0,0.0,0.0
120200010403,2004,0.0,0.0,0.0
120200010403,2005,0.0,0.0,0.0
120200010403,2006,0.0,0.0,0.0
120200010403,2007,0.0,0.0,0.0
120200010403,2008,0.0,0.0,0.0
120200010403,2009,0.0,0.0,0.0
120200010403,2010,0.0,0.0,0.0
120200010403,2011,0.0,0.0,0.0
120200010403,2012,0.0,0.0,0.0
120200010403,2013,0.0,0.0,0.0
120200010403,2014,0.0,0.0,0.0
120200010403,2015,0.0,0.0,0.0
120200010403,2016,0.0,0.0,0.0
120200010403,2017,0.0,0.0,0.0
120200010403,2018,0.0,0.0,0.0
120200010403,2019,0.0,0.0,0.0
120200010403,2020,0.0,0.0,0.0
120200010404,2000,0.0,0.0,0.0
120200010404,2001,0.0,0.0,0.0
120200010404,2002,0.0,0.0,0.0
120200010404,2003,0.0,0.0,0.0
120200010404,2004,0.0,0.0,0.0
120200010404,2005,0.0,0.0,0.0
120200010404,2006,0.0,0.0,0.0
120200010404,2007,0.0,0.0,0.0
120200010404,2008,0.0,0.0,0.0
120200010404,2009,0.0,0.0,0.0
120200010404,2010,0.0,0.0,0.0
120200010404,2011,0.0,0.0,0.0
120200010404,2012,0.0,0.0,0.0
120200010404,2013,0.0,0.0,0.0
120200010404,2014,0.0,0.0,0.0
120200010404,2015,0.0,0.0,0.0
120200010404,2016,0.0,0.0,0.0
120200010404,2017,0.0,0.0,0.0
120200010404,2018,0.0,0.0,0.0
120200010404,2019,0.0,0.0,0.0
120200010404,2020,0.0,0.0,0.0
120200010405,2000,0.0,0.0,0.0
120200010405,2001,0.0,0.0,0.0
120200010405,2002,0.0,0.0,0.0
120200010405,2003,0.0,0.0,0.0
120200010405,2004,0.0,0.0,0.0
120200010405,2005,0.0,0.0,0.0
120200010405,2006,0.0,0.0,0.0
120200010405,2007,0.0,0.0,0.0
120200010405,2008,0.0,0.0,0.0
120200010405,2009,0.0,0.0,0.0
120200010405,2010,0.0,0.0,0.0
120200010405,2011,0.0,0.0,0.0
120200010405,2012,0.0,0.0,0.0
120200010405,2013,0.0,0.0,0.0
120200010405,2014,0.0,0.0,0.0
120200010405,2015,0.0,0.0,0.0
120200010405,2016,0.0,0.0,0.0
120200010405,2017,0.0,0.0,0.0
120200010405,2018,0.0,0.0,0.0
120200010405,2019,0.0,0.0,0.0
120200010405,2020,0.0,0.0,0.0
120200010406,2000,0.0,0.0,0.0
120200010406,2001,0.0,0.0,0.0
120200010406,2002,0.0,0.0,0.0
120200010406,2003,0.0,0.0,0.0
120200010406,2004,0.0,0.0,0.0
120200010406,2005,0.0,0.0,0.0
120200010406,2006,0.0,0.0,0.0
120200010406,2007,0.0,0.0,0.0
120200010406,2008,0.0,0.0,0.0
120200010406,2009,0.0,0.0,0.0
120200010406,2010,0.0,0.0,0.0
120200010406,2011,0.0,0.0,0.0
120200010406,2012,0.0,0.0,0.0
120200010406,2013,0.0,0.0,0.0
120200010406,2014,0.0,0.0,0.0
120200010406,2015,0.0,0.0,0.0
120200010406,2016,0.0,0.0,0.0
120200010406,2017,0.0,0.0,0.0
120200010406,2018,0.0,0.0,0.0
120200010406,2019,0.0,0.0,0.0
120200010406,2020,0.0,0.0,0.0
120200010407,2000,0.0,0.0,0.0
120200010407,2001,0.0,0.0,0.0
120200010407,2002,0.0,0.0,0.0
120200010407,2003,0.0,0.0,0.0
120200010407,2004,0.0,0.0,0.0
120200010407,2005,0.0,0.0,0.0
120200010407,2006,0.0,0.0,0.0
120200010407,2007,0.0,0.0,0.0
120200010407,2008,0.0,0.0,0.0
120200010407,2009,0.0,0.0,0.0
120200010407,2010,0.0,0.0,0.0
120200010407,2011,0.0,0.0,0.0
120200010407,2012,0.0,0.0,0.0
120200010407,2013,0.0,0.0,0.0
120200010407,2014,0.0,0.0,0.0
120200010407,2015,0.0,0.0,0.0
120200010407,2016,0.0,0.0,0.0
120200010407,2017,0.0,0.0,0.0
120200010407,2018,0.0,0.0,0.0
120200010407,2019,0.0,0.0,0.0
120200010407,2020,0.0,0.0,0.0
120200010408,2000,0.0,0.0,0.0
120200010408,2001,0.0,0.0,0.0
120200010408,2002,0.0,0.0,0.0
120200010408,2003,0.0,0.0,0.0
120200010408,2004,0.0,0.0,0.0
120200010408,2005,0.0,0.0,0.0
120200010408,2006,0.0,0.0,0.0
120200010408,2007,0.0,0.0,0.0
120200010408,2008,0.0,0.0,0.0
120200010408,2009,0.0,0.0,0.0
120200010408,2010,0.0,0.0,0.0
120200010408,2011,0.0,0.0,0.0
120200010408,2012,0.0,0.0,0.0
120200010408,2013,0.0,0.0,0.0
120200010408,2014,0.0,0.0,0.0
120200010408,2015,0.0,0.0,0.0
120200010408,2016,0.0,0.0,0.0
120200010408,2017,0.0,0.0,0.0
120200010408,2018,0.0,0.0,0.0
120200010408,2019,0.0,0.0,0.0
120200010408,2020,0.0,0.0,0.0
120200010409,2000,0.0,0.0,0.0
120200010409,2001,0.0,0.0,0.0
120200010409,2002,0.0,0.0,0.0
120200010409,2003,0.0,0.0,0.0
120200010409,2004,0.0,0.0,0.0
120200010409,2005,0.0,0.0,0.0
120200010409,2006,0.0,0.0,0.0
120200010409,2007,0.0,0.0,0.0
120200010409,2008,0.0,0.0,0.0
120200010409,2009,0.0,0.0,0.0
120200010409,2010,0.0,0.0,0.0
120200010409,2011,0.0,0.0,0.0
120200010409,2012,0.0,0.0,0.0
120200010409,2013,0.0,0.0,0.0
120200010409,2014,0.0,0.0,0.0
120200010409,2015,0.0,0.0,0.0
120200010409,2016,0.0,0.0,0.0
120200010409,2017,0.0,0.0,0.0
120200010409,2018,0.0,0.0,0.0
120200010409,2019,0.0,0.0,0.0
120200010409,2020,0.0,0.0,0.0
120200010501,2000,0.0,0.0,0.0
120200010501,2001,0.0,0.0,0.0
120200010501,2002,0.0,0.0,0.0
120200010501,2003,0.0,0.0,0.0
120200010501,2004,0.0,0.0,0.0
120200010501,2005,0.0,0.0,0.0
120200010501,2006,0.0,0.0,0.0
120200010501,2007,0.0,0.0,0.0
120200010501,2008,0.0,0.0,0.0
120200010501,2009,0.0,0.0,0.0
120200010501,2010,0.0,0.0,0.0
120200010501,2011,0.0,0.0,0.0
120200010501,2012,0.0,0.0,0.0
120200010501,2013,0.0,0.0,0.0
120200010501,2014,0.0,0.0,0.0
120200010501,2015,0.0,0.0,0.0
120200010501,2016,0.0,0.0,0.0
120200010501,2017,0.0,0.0,0.0
120200010501,2018,0.0,0.0,0.0
120200010501,2019,0.0,0.0,0.0
120200010501,2020,0.0,0.0,0.0
120200010502,2000,0.0,0.0,0.0
120200010502,2001,0.0,0.0,0.0
120200010502,2002,0.0,0.0,0.0
120200010502,2003,0.0,0.0,0.0
120200010502,2004,0.0,0.0,0.0
120200010502,2005,0.0,0.0,0.0
120200010502,2006,0.0,0.0,0.0
120200010502,2007,0.0,0.0,0.0
120200010502,2008,0.0,0.0,0.0
120200010502,2009,0.0,0.0,0.0
120200010502,2010,0.0,0.0,0.0
120200010502,2011,0.0,0.0,0.0
120200010502,2012,0.0,0.0,0.0
120200010502,2013,0.0,0.0,0.0
120200010502,2014,0.0,0.0,0.0
120200010502,2015,0.0,0.0,0.0
120200010502,2016,0.0,0.0,0.0
120200010502,2017,0.0,0.0,0.0
120200010502,2018,0.0,0.0,0.0
120200010502,2019,0.0,0.0,0.0
120200010502,2020,0.0,0.0,0.0
120200010503,2000,0.0,0.0,0.0
120200010503,2001,0.0,0.0,0.0
120200010503,2002,0.0,0.0,0.0
120200010503,2003,0.0,0.0,0.0
120200010503,2004,0.0,0.0,0.0
120200010503,2005,0.0,0.0,0.0
120200010503,2006,0.0,0.0,0.0
120200010503,2007,0.0,0.0,0.0
120200010503,2008,0.0,0.0,0.0
120200010503,2009,0.0,0.0,0.0
120200010503,2010,0.0,0.0,0.0
120200010503,2011,0.0,0.0,0.0
120200010503,2012,0.0,0.0,0.0
120200010503,2013,0.0,0.0,0.0
120200010503,2014,0.0,0.0,0.0
120200010503,2015,0.0,0.0,0.0
120200010503,2016,0.0,0.0,0.0
120200010503,2017,0.0,0.0,0.0
120200010503,2018,0.0,0.0,0.0
120200010503,2019,0.0,0.0,0.0
120200010503,2020,0.0,0.0,0.0
120200010504,2000,0.0,0.0,0.0
120200010504,2001,0.0,0.0,0.0
120200010504,2002,0.0,0.0,0.0
120200010504,2003,0.0,0.0,0.0
120200010504,2004,0.0,0.0,0.0
120200010504,2005,0.0,0.0,0.0
120200010504,2006,0.0,0.0,0.0
120200010504,2007,0.0,0.0,0.0
120200010504,2008,0.0,0.0,0.0
120200010504,2009,0.0,0.0,0.0
120200010504,2010,0.0,0.0,0.0
120200010504,2011,0.0,0.0,0.0
120200010504,2012,0.0,0.0,0.0
120200010504,2013,0.0,0.0,0.0
120200010504,2014,0.0,0.0,0.0
120200010504,2015,0.0,0.0,0.0
120200010504,2016,0.0,0.0,0.0
120200010504,2017,0.0,0.0,0.0
120200010504,2018,0.0,0.0,0.0
120200010504,2019,0.0,0.0,0.0
120200010504,2020,0.0,0.0,0.0
120200010505,2000,0.0,0.0,0.0
120200010505,2001,0.0,0.0,0.0
120200010505,2002,0.0,0.0,0.0
120200010505,2003,0.0,0.0,0.0
120200010505,2004,0.0,0.0,0.0
120200010505,2005,0.0,0.0,0.0
120200010505,2006,0.0,0.0,0.0
120200010505,2007,0.0,0.0,0.0
120200010505,2008,0.0,0.0,0.0
120200010505,2009,0.0,0.0,0.0
120200010505,2010,0.0,0.0,0.0
120200010505,2011,0.0,0.0,0.0
120200010505,2012,0.0,0.0,0.0
120200010505,2013,0.0,0.0,0.0
120200010505,2014,0.0,0.0,0.0
120200010505,2015,0.0,0.0,0.0
120200010505,2016,0.0,0.0,0.0
120200010505,2017,0.0,0.0,0.0
120200010505,2018,0.0,0.0,0.0
120200010505,2019,0.0,0.0,0.0
120200010505,2020,0.0,0.0,0.0
120200010506,2000,0.0,0.0,0.0
120200010506,2001,0.0,0.0,0.0
120200010506,2002,0.0,0.0,0.0
120200010506,2003,0.0,0.0,0.0
120200010506,2004,0.0,0.0,0.0
120200010506,2005,0.0,0.0,0.0
120200010506,2006,0.0,0.0,0.0
120200010506,2007,0.0,0.0,0.0
120200010506,2008,0.0,0.0,0.0
120200010506,2009,0.0,0.0,0.0
120200010506,2010,0.0,0.0,0.0
120200010506,2011,0.0,0.0,0.0
120200010506,2012,0.0,0.0,0.0
120200010506,2013,0.0,0.0,0.0
120200010506,2014,0.0,0.0,0.0
120200010506,2015,0.0,0.0,0.0
120200010506,2016,0.0,0.0,0.0
120200010506,2017,0.0,0.0,0.0
120200010506,2018,0.0,0.0,0.0
120200010506,2019,0.0,0.0,0.0
120200010506,2020,0.0,0.0,0.0
120200010507,2000,0.0,0.0,0.0
120200010507,2001,0.0,0.0,0.0
120200010507,2002,0.0,0.0,0.0
120200010507,2003,0.0,0.0,0.0
120200010507,2004,0.0,0.0,0.0
120200010507,2005,0.0,0.0,0.0
120200010507,2006,0.0,0.0,0.0
120200010507,2007,0.0,0.0,0.0
120200010507,2008,0.0,0.0,0.0
120200010507,2009,0.0,0.0,0.0
120200010507,2010,0.0,0.0,0.0
120200010507,2011,0.0,0.0,0.0
120200010507,2012,0.0,0.0,0.0
120200010507,2013,0.0,0.0,0.0
120200010507,2014,0.0,0.0,0.0
120200010507,2015,0.0,0.0,0.0
120200010507,2016,0.0,0.0,0.0
120200010507,2017,0.0,0.0,0.0
120200010507,2018,0.0,0.0,0.0
120200010507,2019,0.0,0.0,0.0
120200010507,2020,0.0,0.0,0.0
120200010508,2000,0.0,0.0,0.0
120200010508,2001,0.0,0.0,0.0
120200010508,2002,0.0,0.0,0.0
120200010508,2003,0.0,0.0,0.0
120200010508,2004,0.0,0.0,0.0
120200010508,2005,0.0,0.0,0.0
120200010508,2006,0.0,0.0,0.0
120200010508,2007,0.0,0.0,0.0
120200010508,2008,0.0,0.0,0.0
120200010508,2009,0.0,0.0,0.0
120200010508,2010,0.0,0.0,0.0
120200010508,2011,0.0,0.0,0.0
120200010508,2012,0.0,0.0,0.0
120200010508,2013,0.0,0.0,0.0
120200010508,2014,0.0,0.0,0.0
120200010508,2015,0.0,0.0,0.0
120200010508,2016,0.0,0.0,0.0
120200010508,2017,0.0,0.0,0.0
120200010508,2018,0.0,0.0,0.0
120200010508,2019,0.0,0.0,0.0
120200010508,2020,0.0,0.0,0.0
120200010509,2000,0.0,0.0,0.0
120200010509,2001,0.0,0.0,0.0
120200010509,2002,0.0,0.0,0.0
120200010509,2003,0.0,0.0,0.0
120200010509,2004,0.0,0.0,0.0
120200010509,2005,0.0,0.0,0.0
120200010509,2006,0.0,0.0,0.0
120200010509,2007,0.0,0.0,0.0
120200010509,2008,0.0,0.0,0.0
120200010509,2009,0.0,0.0,0.0
120200010509,2010,0.0,0.0,0.0
120200010509,2011,0.0,0.0,0.0
120200010509,2012,0.0,0.0,0.0
120200010509,2013,0.0,0.0,0.0
120200010509,2014,0.0,0.0,0.0
120200010509,2015,0.0,0.0,0.0
120200010509,2016,0.0,0.0,0.0
120200010509,2017,0.0,0.0,0.0
120200010509,2018,0.0,0.0,0.0
120200010509,2019,0.0,0.0,0.0
120200010509,2020,0.0,0.0,0.0
120200010510,2000,0.0,0.0,0.0
120200010510,2001,0.0,0.0,0.0
120200010510,2002,0.0,0.0,0.0
120200010510,2003,0.0,0.0,0.0
120200010510,2004,0.0,0.0,0.0
120200010510,2005,0.0,0.0,0.0
120200010510,2006,0.0,0.0,0.0
120200010510,2007,0.0,0.0,0.0
120200010510,2008,0.0,0.0,0.0
120200010510,2009,0.0,0.0,0.0
120200010510,2010,0.0,0.0,0.0
120200010510,2011,0.0,0.0,0.0
120200010510,2012,0.0,0.0,0.0
120200010510,2013,0.0,0.0,0.0
120200010510,2014,0.0,0.0,0.0
120200010510,2015,0.0,0.0,0.0
120200010510,2016,0.0,0.0,0.0
120200010510,2017,0.0,0.0,0.0
120200010510,2018,0.0,0.0,0.0
120200010510,2019,0.0,0.0,0.0
120200010510,2020,0.0,0.0,0.0
120200010511,2000,0.0,0.0,0.0
120200010511,2001,0.0,0.0,0.0
120200010511,2002,0.0,0.0,0.0
120200010511,2003,0.0,0.0,0.0
120200010511,2004,0.0,0.0,0.0
120200010511,2005,0.0,0.0,0.0
120200010511,2006,0.0,0.0,0.0
120200010511,2007,0.0,0.0,0.0
120200010511,2008,0.0,0.0,0.0
120200010511,2009,0.0,0.0,0.0
120200010511,2010,0.0,0.0,0.0
120200010511,2011,0.0,0.0,0.0
120200010511,2012,0.0,0.0,0.0
120200010511,2013,0.0,0.0,0.0
120200010511,2014,0.0,0.0,0.0
120200010511,2015,0.0,0.0,0.0
120200010511,2016,0.0,0.0,0.0
120200010511,2017,0.0,0.0,0.0
120200010511,2018,0.0,0.0,0.0
120200010511,2019,0.0,0.0,0.0
120200010511,2020,0.0,0.0,0.0
120200010601,2000,0.0,0.0,0.0
120200010601,2001,0.0,0.0,0.0
120200010601,2002,0.0,0.0,0.0
120200010601,2003,0.0,0.0,0.0
120200010601,2004,0.0,0.0,0.0
120200010601,2005,0.0,0.0,0.0
120200010601,2006,0.0,0.0,0.0
120200010601,2007,0.0,0.0,0.0
120200010601,2008,0.0,0.0,0.0
120200010601,2009,0.0,0.0,0.0
120200010601,2010,0.0,0.0,0.0
120200010601,2011,0.0,0.0,0.0
120200010601,2012,0.0,0.0,0.0
120200010601,2013,0.0,0.0,0.0
120200010601,2014,0.0,0.0,0.0
120200010601,2015,0.0,0.0,0.0
120200010601,2016,0.0,0.0,0.0
120200010601,2017,0.0,0.0,0.0
120200010601,2018,0.0,0.0,0.0
120200010601,2019,0.0,0.0,0.0
120200010601,2020,0.0,0.0,0.0
120200010602,2000,0.0,0.0,0.0
120200010602,2001,0.0,0.0,0.0
120200010602,2002,0.0,0.0,0.0
120200010602,2003,0.0,0.0,0.0
120200010602,2004,0.0,0.0,0.0
120200010602,2005,0.0,0.0,0.0
120200010602,2006,0.0,0.0,0.0
120200010602,2007,0.0,0.0,0.0
120200010602,2008,0.0,0.0,0.0
120200010602,2009,0.0,0.0,0.0
120200010602,2010,0.0,0.0,0.0
120200010602,2011,0.0,0.0,0.0
120200010602,2012,0.0,0.0,0.0
120200010602,2013,0.0,0.0,0.0
120200010602,2014,0.0,0.0,0.0
120200010602,2015,0.0,0.0,0.0
120200010602,2016,0.0,0.0,0.0
120200010602,2017,0.0,0.0,0.0
120200010602,2018,0.0,0.0,0.0
120200010602,2019,0.0,0.0,0.0
120200010602,2020,0.0,0.0,0.0
120200010603,2000,0.0,0.0,0.0
120200010603,2001,0.0,0.0,0.0
120200010603,2002,0.0,0.0,0.0
120200010603,2003,0.0,0.0,0.0
120200010603,2004,0.0,0.0,0.0
120200010603,2005,0.0,0.0,0.0
120200010603,2006,0.0,0.0,0.0
120200010603,2007,0.0,0.0,0.0
120200010603,2008,0.0,0.0,0.0
120200010603,2009,0.0,0.0,0.0
120200010603,2010,0.0,0.0,0.0
120200010603,2011,0.0,0.0,0.0
120200010603,2012,0.0,0.0,0.0
120200010603,2013,0.0,0.0,0.0
120200010603,2014,0.0,0.0,0.0
120200010603,2015,0.0,0.0,0.0
120200010603,2016,0.0,0.0,0.0
120200010603,2017,0.0,0.0,0.0
120200010603,2018,0.0,0.0,0.0
120200010603,2019,0.0,0.0,0.0
120200010603,2020,0.0,0.0,0.0
120200010701,2000,0.0,0.0,0.0
120200010701,2001,0.0,0.0,0.0
120200010701,2002,0.0,0.0,0.0
120200010701,2003,0.0,0.0,0.0
120200010701,2004,0.0,0.0,0.0
120200010701,2005,0.0,0.0,0.0
120200010701,2006,0.0,0.0,0.0
120200010701,2007,0.0,0.0,0.0
120200010701,2008,0.0,0.0,0.0
120200010701,2009,0.0,0.0,0.0
120200010701,2010,0.0,0.0,0.0
120200010701,2011,0.0,0.0,0.0
120200010701,2012,0.0,0.0,0.0
120200010701,2013,0.0,0.0,0.0
120200010701,2014,0.0,0.0,0.0
120200010701,2015,0.0,0.0,0.0
120200010701,2016,0.0,0.0,0.0
120200010701,2017,0.0,0.0,0.0
120200010701,2018,0.0,0.0,0.0
120200010701,2019,1.394e-05,0.00015669,0.000142751
120200010701,2020,0.0,0.0,0.0
120200010702,2000,0.0,0.0,0.0
120200010702,2001,0.0,0.0,0.0
120200010702,2002,0.0,0.0,0.0
120200010702,2003,0.0,0.0,0.0
120200010702,2004,0.0,0.0,0.0
120200010702,2005,0.0,0.0,0.0
120200010702,2006,0.0,0.0,0.0
120200010702,2007,0.0,0.0,0.0
120200010702,2008,0.0,0.0,0.0
120200010702,2009,0.000557556,0.00626483,0.005707274
120200010702,2010,0.0,0.0,0.0
120200010702,2011,0.0,0.0,0.0
120200010702,2012,0.0,0.0,0.0
120200010702,2013,0.0,0.0,0.0
120200010702,2014,0.0,0.0,0.0
120200010702,2015,0.0,0.0,0.0
120200010702,2016,0.0,0.0,0.0
120200010702,2017,0.0,0.0,0.0
120200010702,2018,0.0,0.0,0.0
120200010702,2019,0.018361373,0.2063074,0.187946025
120200010702,2020,0.015924374,0.178927265,0.163002727
120200010703,2000,0.0,0.0,0.0
120200010703,2001,0.0,0.0,0.0
120200010703,2002,0.0,0.0,0.0
120200010703,2003,0.0,0.0,0.0
120200010703,2004,0.0,0.0,0.0
120200010703,2005,0.0,0.0,0.0
120200010703,2006,0.0,0.0,0.0
120200010703,2007,0.0,0.0,0.0
120200010703,2008,0.0,0.0,0.0
120200010703,2009,0.0,0.0,0.0
120200010703,2010,0.0,0.0,0.0
120200010703,2011,0.0,0.0,0.0
120200010703,2012,0.0,0.0,0.0
120200010703,2013,0.0,0.0,0.0
120200010703,2014,0.0,0.0,0.0
120200010703,2015,0.0,0.0,0.0
120200010703,2016,0.0,0.0,0.0
120200010703,2017,0.0,0.0,0.0
120200010703,2018,0.0,0.0,0.0
120200010703,2019,0.0,0.0,0.0
120200010703,2020,0.0,0.0,0.0
120200010704,2000,0.0,0.0,0.0
120200010704,2001,0.0,0.0,0.0
120200010704,2002,0.010362858,0.016293918,0.00593106
120200010704,2003,0.0,0.0,0.0
120200010704,2004,0.0,0.0,0.0
120200010704,2005,0.0,0.0,0.0
120200010704,2006,0.0,0.0,0.0
120200010704,2007,0.0,0.0,0.0
120200010704,2008,0.0,0.0,0.0
120200010704,2009,0.0,0.0,0.0
120200010704,2010,0.0,0.0,0.0
120200010704,2011,0.0,0.0,0.0
120200010704,2012,0.0,0.0,0.0
120200010704,2013,0.0,0.0,0.0
120200010704,2014,0.0,0.0,0.0
120200010704,2015,0.0,0.0,0.0
120200010704,2016,0.0,0.0,0.0
120200010704,2017,0.0,0.0,0.0
120200010704,2018,0.0229508,0.036086167,0.013135449
120200010704,2019,0.032622805,0.051293789,0.018670816
120200010704,2020,0.057317825,0.090122486,0.032804492
120200010705,2000,0.0,0.0,0.0
120200010705,2001,0.0,0.0,0.0
120200010705,2002,0.0,0.0,0.0
120200010705,2003,0.0,0.0,0.0
120200010705,2004,0.0,0.0,0.0
120200010705,2005,0.0,0.0,0.0
120200010705,2006,0.0,0.0,0.0
120200010705,2007,0.0,0.0,0.0
120200010705,2008,0.0,0.0,0.0
120200010705,2009,0.0,0.0,0.0
120200010705,2010,0.0,0.0,0.0
120200010705,2011,0.0,0.0,0.0
120200010705,2012,0.0,0.0,0.0
120200010705,2013,0.0,0.0,0.0
120200010705,2014,0.0,0.0,0.0
120200010705,2015,0.0,0.0,0.0
120200010705,2016,0.0,0.0,0.0
120200010705,2017,0.0,0.0,0.0
120200010705,2018,0.0,0.0,0.0
120200010705,2019,0.0,0.0,0.0
120200010705,2020,0.0,0.0,0.0
120200020101,2000,0.0,0.0,0.0
120200020101,2001,0.0,0.0,0.0
120200020101,2002,0.0,0.0,0.0
120200020101,2003,0.0,0.0,0.0
120200020101,2004,0.0,0.0,0.0
120200020101,2005,0.0,0.0,0.0
120200020101,2006,0.0,0.0,0.0
120200020101,2007,0.0,0.0,0.0
120200020101,2008,0.0,0.0,0.0
120200020101,2009,0.0,0.0,0.0
120200020101,2010,0.0,0.0,0.0
120200020101,2011,0.0,0.0,0.0
120200020101,2012,0.0,0.0,0.0
120200020101,2013,0.0,0.0,0.0
120200020101,2014,0.0,0.0,0.0
120200020101,2015,0.0,0.0,0.0
120200020101,2016,0.0,0.0,0.0
120200020101,2017,0.0,0.0,0.0
120200020101,2018,0.0,0.0,0.0
120200020101,2019,0.0,0.0,0.0
120200020101,2020,0.0,0.0,0.0
120200020102,2000,0.0,0.0,0.0
120200020102,2001,0.0,0.0,0.0
120200020102,2002,0.0,0.0,0.0
120200020102,2003,0.0,0.0,0.0
120200020102,2004,0.0,0.0,0.0
120200020102,2005,0.0,0.0,0.0
120200020102,2006,0.0,0.0,0.0
120200020102,2007,0.0,0.0,0.0
120200020102,2008,0.0,0.0,0.0
120200020102,2009,0.0,0.0,0.0
120200020102,2010,0.0,0.0,0.0
120200020102,2011,0.0,0.0,0.0
120200020102,2012,0.0,0.0,0.0
120200020102,2013,0.0,0.0,0.0
120200020102,2014,0.0,0.0,0.0
120200020102,2015,0.0,0.0,0.0
120200020102,2016,0.0,0.0,0.0
120200020102,2017,0.0,0.0,0.0
120200020102,2018,0.0,0.0,0.0
120200020102,2019,0.0,0.0,0.0
120200020102,2020,0.0,0.0,0.0
120200020103,2000,0.0,0.0,0.0
120200020103,2001,0.0,0.0,0.0
120200020103,2002,0.0,0.0,0.0
120200020103,2003,0.0,0.0,0.0
120200020103,2004,0.0,0.0,0.0
120200020103,2005,0.0,0.0,0.0
120200020103,2006,0.0,0.0,0.0
120200020103,2007,0.0,0.0,0.0
120200020103,2008,0.0,0.0,0.0
120200020103,2009,0.0,0.0,0.0
120200020103,2010,0.0,0.0,0.0
120200020103,2011,0.0,0.0,0.0
120200020103,2012,0.0,0.0,0.0
120200020103,2013,0.0,0.0,0.0
120200020103,2014,0.0,0.0,0.0
120200020103,2015,0.0,0.0,0.0
120200020103,2016,0.0,0.0,0.0
120200020103,2017,0.0,0.0,0.0
120200020103,2018,0.0,0.0,0.0
120200020103,2019,0.0,0.0,0.0
120200020103,2020,0.0,0.0,0.0
120200020104,2000,0.0,0.0,0.0
120200020104,2001,0.0,0.0,0.0
120200020104,2002,0.0,0.0,0.0
120200020104,2003,0.0,0.0,0.0
120200020104,2004,0.0,0.0,0.0
120200020104,2005,0.0,0.0,0.0
120200020104,2006,0.0,0.0,0.0
120200020104,2007,0.0,0.0,0.0
120200020104,2008,0.0,0.0,0.0
120200020104,2009,0.0,0.0,0.0
120200020104,2010,0.0,0.0,0.0
120200020104,2011,0.0,0.0,0.0
120200020104,2012,0.0,0.0,0.0
120200020104,2013,0.0,0.0,0.0
120200020104,2014,0.0,0.0,0.0
120200020104,2015,0.0,0.0,0.0
120200020104,2016,0.0,0.0,0.0
120200020104,2017,0.0,0.0,0.0
120200020104,2018,0.0,0.0,0.0
120200020104,2019,0.0,0.0,0.0
120200020104,2020,0.0,0.0,0.0
120200020105,2000,0.0,0.0,0.0
120200020105,2001,0.0,0.0,0.0
120200020105,2002,0.0,0.0,0.0
120200020105,2003,0.0,0.0,0.0
120200020105,2004,0.0,0.0,0.0
120200020105,2005,0.0,0.0,0.0
120200020105,2006,0.0,0.0,0.0
120200020105,2007,0.0,0.0,0.0
120200020105,2008,0.0,0.0,0.0
120200020105,2009,0.0,0.0,0.0
120200020105,2010,0.0,0.0,0.0
120200020105,2011,0.0,0.0,0.0
120200020105,2012,0.0,0.0,0.0
120200020105,2013,0.0,0.0,0.0
120200020105,2014,0.0,0.0,0.0
120200020105,2015,0.0,0.0,0.0
120200020105,2016,0.0,0.0,0.0
120200020105,2017,0.0,0.0,0.0
120200020105,2018,0.0,0.0,0.0
120200020105,2019,0.0,0.0,0.0
120200020105,2020,0.0,0.0,0.0
120200020106,2000,0.0,0.0,0.0
120200020106,2001,0.0,0.0,0.0
120200020106,2002,0.0,0.0,0.0
120200020106,2003,0.0,0.0,0.0
120200020106,2004,0.0,0.0,0.0
120200020106,2005,0.0,0.0,0.0
120200020106,2006,0.0,0.0,0.0
120200020106,2007,0.0,0.0,0.0
120200020106,2008,0.0,0.0,0.0
120200020106,2009,0.0,0.0,0.0
120200020106,2010,0.0,0.0,0.0
120200020106,2011,0.0,0.0,0.0
120200020106,2012,0.0,0.0,0.0
120200020106,2013,0.0,0.0,0.0
120200020106,2014,0.0,0.0,0.0
120200020106,2015,0.0,0.0,0.0
120200020106,2016,0.0,0.0,0.0
120200020106,2017,0.0,0.0,0.0
120200020106,2018,0.0,0.0,0.0
120200020106,2019,0.0,0.0,0.0
120200020106,2020,0.0,0.0,0.0
120200020201,2000,0.0,0.0,0.0
120200020201,2001,0.0,0.0,0.0
120200020201,2002,0.0,0.0,0.0
120200020201,2003,0.0,0.0,0.0
120200020201,2004,0.0,0.0,0.0
120200020201,2005,0.0,0.0,0.0
120200020201,2006,0.0,0.0,0.0
120200020201,2007,0.0,0.0,0.0
120200020201,2008,0.0,0.0,0.0
120200020201,2009,0.0,0.0,0.0
120200020201,2010,0.0,0.0,0.0
120200020201,2011,0.0,0.0,0.0
120200020201,2012,0.0,0.0,0.0
120200020201,2013,0.0,0.0,0.0
120200020201,2014,0.0,0.0,0.0
120200020201,2015,0.0,0.0,0.0
120200020201,2016,0.0,0.0,0.0
120200020201,2017,0.0,0.0,0.0
120200020201,2018,0.0,0.0,0.0
120200020201,2019,0.0,0.0,0.0
120200020201,2020,0.0,0.0,0.0
120200020202,2000,0.0,0.0,0.0
120200020202,2001,0.0,0.0,0.0
120200020202,2002,0.0,0.0,0.0
120200020202,2003,0.0,0.0,0.0
120200020202,2004,0.0,0.0,0.0
120200020202,2005,0.0,0.0,0.0
120200020202,2006,0.0,0.0,0.0
120200020202,2007,0.0,0.0,0.0
120200020202,2008,0.0,0.0,0.0
120200020202,2009,0.0,0.0,0.0
120200020202,2010,0.0,0.0,0.0
120200020202,2011,0.0,0.0,0.0
120200020202,2012,0.0,0.0,0.0
120200020202,2013,0.0,0.0,0.0
120200020202,2014,0.0,0.0,0.0
120200020202,2015,0.0,0.0,0.0
120200020202,2016,0.0,0.0,0.0
120200020202,2017,0.0,0.0,0.0
120200020202,2018,0.0,0.0,0.0
120200020202,2019,0.0,0.0,0.0
120200020202,2020,0.0,0.0,0.0
120200020203,2000,0.0,0.0,0.0
120200020203,2001,0.0,0.0,0.0
120200020203,2002,0.0,0.0,0.0
120200020203,2003,0.0,0.0,0.0
120200020203,2004,0.0,0.0,0.0
120200020203,2005,0.0,0.0,0.0
120200020203,2006,0.0,0.0,0.0
120200020203,2007,0.0,0.0,0.0
120200020203,2008,0.0,0.0,0.0
120200020203,2009,0.0,0.0,0.0
120200020203,2010,0.0,0.0,0.0
120200020203,2011,0.0,0.0,0.0
120200020203,2012,0.0,0.0,0.0
120200020203,2013,0.0,0.0,0.0
120200020203,2014,0.0,0.0,0.0
120200020203,2015,0.0,0.0,0.0
120200020203,2016,0.0,0.0,0.0
120200020203,2017,0.0,0.0,0.0
120200020203,2018,0.0,0.0,0.0
120200020203,2019,0.0,0.0,0.0
120200020203,2020,0.0,0.0,0.0
120200020204,2000,0.0,0.0,0.0
120200020204,2001,0.0,0.0,0.0
120200020204,2002,0.0,0.0,0.0
120200020204,2003,0.0,0.0,0.0
120200020204,2004,0.0,0.0,0.0
120200020204,2005,0.0,0.0,0.0
120200020204,2006,0.0,0.0,0.0
120200020204,2007,0.0,0.0,0.0
120200020204,2008,0.0,0.0,0.0
120200020204,2009,0.0,0.0,0.0
120200020204,2010,0.0,0.0,0.0
120200020204,2011,0.0,0.0,0.0
120200020204,2012,0.0,0.0,0.0
120200020204,2013,0.0,0.0,0.0
120200020204,2014,0.0,0.0,0.0
120200020204,2015,0.0,0.0,0.0
120200020204,2016,0.0,0.0,0.0
120200020204,2017,0.0,0.0,0.0
120200020204,2018,0.0,0.0,0.0
120200020204,2019,0.0,0.0,0.0
120200020204,2020,0.0,0.0,0.0
120200020205,2000,0.0,0.0,0.0
120200020205,2001,0.0,0.0,0.0
120200020205,2002,0.0,0.0,0.0
120200020205,2003,0.0,0.0,0.0
120200020205,2004,0.0,0.0,0.0
120200020205,2005,0.0,0.0,0.0
120200020205,2006,0.0,0.0,0.0
120200020205,2007,0.0,0.0,0.0
120200020205,2008,0.0,0.0,0.0
120200020205,2009,0.0,0.0,0.0
120200020205,2010,0.0,0.0,0.0
120200020205,2011,0.0,0.0,0.0
120200020205,2012,0.0,0.0,0.0
120200020205,2013,0.0,0.0,0.0
120200020205,2014,0.0,0.0,0.0
120200020205,2015,0.0,0.0,0.0
120200020205,2016,0.0,0.0,0.0
120200020205,2017,0.0,0.0,0.0
120200020205,2018,0.0,0.0,0.0
120200020205,2019,0.0,0.0,0.0
120200020205,2020,0.0,0.0,0.0
120200020206,2000,0.0,0.0,0.0
120200020206,2001,0.0,0.0,0.0
120200020206,2002,0.0,0.0,0.0
120200020206,2003,0.0,0.0,0.0
120200020206,2004,0.0,0.0,0.0
120200020206,2005,0.0,0.0,0.0
120200020206,2006,0.0,0.0,0.0
120200020206,2007,0.0,0.0,0.0
120200020206,2008,0.0,0.0,0.0
120200020206,2009,0.0,0.0,0.0
120200020206,2010,0.0,0.0,0.0
120200020206,2011,0.0,0.0,0.0
120200020206,2012,0.0,0.0,0.0
120200020206,2013,0.0,0.0,0.0
120200020206,2014,0.0,0.0,0.0
120200020206,2015,0.0,0.0,0.0
120200020206,2016,0.0,0.0,0.0
120200020206,2017,0.0,0.0,0.0
120200020206,2018,0.0,0.0,0.0
120200020206,2019,0.0,0.0,0.0
120200020206,2020,0.0,0.0,0.0
120200020207,2000,0.0,0.0,0.0
120200020207,2001,0.0,0.0,0.0
120200020207,2002,0.0,0.0,0.0
120200020207,2003,0.0,0.0,0.0
120200020207,2004,0.0,0.0,0.0
120200020207,2005,0.0,0.0,0.0
120200020207,2006,0.0,0.0,0.0
120200020207,2007,0.0,0.0,0.0
120200020207,2008,0.0,0.0,0.0
120200020207,2009,0.0,0.0,0.0
120200020207,2010,0.0,0.0,0.0
120200020207,2011,0.0,0.0,0.0
120200020207,2012,0.0,0.0,0.0
120200020207,2013,0.0,0.0,0.0
120200020207,2014,0.0,0.0,0.0
120200020207,2015,0.0,0.0,0.0
120200020207,2016,0.0,0.0,0.0
120200020207,2017,0.0,0.0,0.0
120200020207,2018,0.0,0.0,0.0
120200020207,2019,0.0,0.0,0.0
120200020207,2020,0.0,0.0,0.0
120200020301,2000,0.0,0.0,0.0
120200020301,2001,0.0,0.0,0.0
120200020301,2002,0.0,0.0,0.0
120200020301,2003,0.0,0.0,0.0
120200020301,2004,0.0,0.0,0.0
120200020301,2005,0.0,0.0,0.0
120200020301,2006,0.0,0.0,0.0
120200020301,2007,0.0,0.0,0.0
120200020301,2008,0.0,0.0,0.0
120200020301,2009,0.0,0.0,0.0
120200020301,2010,0.0,0.0,0.0
120200020301,2011,0.0,0.0,0.0
120200020301,2012,0.0,0.0,0.0
120200020301,2013,0.0,0.0,0.0
120200020301,2014,0.0,0.0,0.0
120200020301,2015,0.0,0.0,0.0
120200020301,2016,0.0,0.0,0.0
120200020301,2017,0.0,0.0,0.0
120200020301,2018,0.0,0.0,0.0
120200020301,2019,0.0,0.0,0.0
120200020301,2020,0.0,0.0,0.0
120200020302,2000,0.0,0.0,0.0
120200020302,2001,0.0,0.0,0.0
120200020302,2002,0.0,0.0,0.0
120200020302,2003,0.0,0.0,0.0
120200020302,2004,0.0,0.0,0.0
120200020302,2005,0.0,0.0,0.0
120200020302,2006,0.0,0.0,0.0
120200020302,2007,0.0,0.0,0.0
120200020302,2008,0.0,0.0,0.0
120200020302,2009,0.0,0.0,0.0
120200020302,2010,0.0,0.0,0.0
120200020302,2011,0.0,0.0,0.0
120200020302,2012,0.0,0.0,0.0
120200020302,2013,0.0,0.0,0.0
120200020302,2014,0.0,0.0,0.0
120200020302,2015,0.0,0.0,0.0
120200020302,2016,0.0,0.0,0.0
120200020302,2017,0.0,0.0,0.0
120200020302,2018,0.0,0.0,0.0
120200020302,2019,0.0,0.0,0.0
120200020302,2020,0.0,0.0,0.0
