huc12_id,year,irrwdtot_mgd,irrwdsw_mgd,irrwdgw_mgd
110901010106,2000,0.0,0.0,0.0
110901010106,2001,0.0,0.0,0.0
110901010106,2002,0.0,0.0,0.0
110901010106,2003,0.0,0.0,0.0
110901010106,2004,0.0,0.0,0.0
110901010106,2005,0.0,0.0,0.0
110901010106,2006,0.0,0.0,0.0
110901010106,2007,0.0,0.0,0.0
110901010106,2008,0.0,0.0,0.0
110901010106,2009,0.0,0.0,0.0
110901010106,2010,0.0,0.0,0.0
110901010106,2011,0.0,0.0,0.0
110901010106,2012,0.0,0.0,0.0
110901010106,2013,0.0,0.0,0.0
110901010106,2014,0.0,0.0,0.0
110901010106,2015,0.0,0.0,0.0
110901010106,2016,0.0,0.0,0.0
110901010106,2017,0.0,0.0,0.0
110901010106,2018,0.0,0.0,0.0
110901010106,2019,0.0,0.0,0.0
110901010106,2020,0.0,0.0,0.0
110901010107,2000,0.0,0.0,0.0
110901010107,2001,0.0,0.0,0.0
110901010107,2002,0.0,0.0,0.0
110901010107,2003,0.0,0.0,0.0
110901010107,2004,0.0,0.0,0.0
110901010107,2005,0.0,0.0,0.0
110901010107,2006,0.0,0.0,0.0
110901010107,2007,0.0,0.0,0.0
110901010107,2008,0.0,0.0,0.0
110901010107,2009,0.0,0.0,0.0
110901010107,2010,0.0,0.0,0.0
110901010107,2011,0.0,0.0,0.0
110901010107,2012,0.0,0.0,0.0
110901010107,2013,0.0,0.0,0.0
110901010107,2014,0.0,0.0,0.0
110901010107,2015,0.0,0.0,0.0
110901010107,2016,0.0,0.0,0.0
110901010107,2017,0.0,0.0,0.0
110901010107,2018,0.0,0.0,0.0
110901010107,2019,0.0,0.0,0.0
110901010107,2020,0.0,0.0,0.0
110901010109,2000,0.0,0.0,0.0
110901010109,2001,0.0,0.0,0.0
110901010109,2002,0.0,0.0,0.0
110901010109,2003,0.0,0.0,0.0
110901010109,2004,0.0,0.0,0.0
110901010109,2005,0.0,0.0,0.0
110901010109,2006,0.0,0.0,0.0
110901010109,2007,0.0,0.0,0.0
110901010109,2008,0.0,0.0,0.0
110901010109,2009,0.0,0.0,0.0
110901010109,2010,0.0,0.0,0.0
110901010109,2011,0.0,0.0,0.0
110901010109,2012,0.0,0.0,0.0
110901010109,2013,0.0,0.0,0.0
110901010109,2014,0.0,0.0,0.0
110901010109,2015,0.0,0.0,0.0
110901010109,2016,0.0,0.0,0.0
110901010109,2017,0.0,0.0,0.0
110901010109,2018,0.0,0.0,0.0
110901010109,2019,0.0,0.0,0.0
110901010109,2020,0.0,0.0,0.0
110901010205,2000,0.036627404,0.0,0.036627404
110901010205,2001,0.0,0.0,0.0
110901010205,2002,0.063240488,0.0,0.063240488
110901010205,2003,0.0,0.0,0.0
110901010205,2004,0.0,0.0,0.0
110901010205,2005,0.0,0.0,0.0
110901010205,2006,0.0,0.0,0.0
110901010205,2007,0.0,0.0,0.0
110901010205,2008,0.0,0.0,0.0
110901010205,2009,0.0,0.0,0.0
110901010205,2010,0.0,0.0,0.0
110901010205,2011,0.0,0.0,0.0
110901010205,2012,0.030216107,0.0,0.030216107
110901010205,2013,0.0,0.0,0.0
110901010205,2014,0.0,0.0,0.0
110901010205,2015,0.0,0.0,0.0
110901010205,2016,0.0,0.0,0.0
110901010205,2017,0.0,0.0,0.0
110901010205,2018,0.0,0.0,0.0
110901010205,2019,0.0,0.0,0.0
110901010205,2020,0.020976891,0.0,0.020976891
110901010501,2000,0.0,0.0,0.0
110901010501,2001,0.0,0.0,0.0
110901010501,2002,0.0,0.0,0.0
110901010501,2003,0.0,0.0,0.0
110901010501,2004,0.0,0.0,0.0
110901010501,2005,0.0,0.0,0.0
110901010501,2006,0.0,0.0,0.0
110901010501,2007,0.0,0.0,0.0
110901010501,2008,0.0,0.0,0.0
110901010501,2009,0.0,0.0,0.0
110901010501,2010,0.0,0.0,0.0
110901010501,2011,0.0,0.0,0.0
110901010501,2012,0.0,0.0,0.0
110901010501,2013,0.0,0.0,0.0
110901010501,2014,0.0,0.0,0.0
110901010501,2015,0.0,0.0,0.0
110901010501,2016,0.0,0.0,0.0
110901010501,2017,0.0,0.0,0.0
110901010501,2018,0.0,0.0,0.0
110901010501,2019,0.0,0.0,0.0
110901010501,2020,0.0,0.0,0.0
110901010502,2000,0.0,0.0,0.0
110901010502,2001,0.0,0.0,0.0
110901010502,2002,0.0,0.0,0.0
110901010502,2003,0.0,0.0,0.0
110901010502,2004,0.0,0.0,0.0
110901010502,2005,0.0,0.0,0.0
110901010502,2006,0.0,0.0,0.0
110901010502,2007,0.0,0.0,0.0
110901010502,2008,0.0,0.0,0.0
110901010502,2009,0.0,0.0,0.0
110901010502,2010,0.0,0.0,0.0
110901010502,2011,0.0,0.0,0.0
110901010502,2012,0.0,0.0,0.0
110901010502,2013,0.0,0.0,0.0
110901010502,2014,0.0,0.0,0.0
110901010502,2015,0.0,0.0,0.0
110901010502,2016,0.0,0.0,0.0
110901010502,2017,0.0,0.0,0.0
110901010502,2018,0.006311208,0.0,0.006311208
110901010502,2019,0.0,0.0,0.0
110901010502,2020,0.0,0.0,0.0
110901010503,2000,0.0,0.0,0.0
110901010503,2001,0.0,0.0,0.0
110901010503,2002,0.0,0.0,0.0
110901010503,2003,0.0,0.0,0.0
110901010503,2004,0.0,0.0,0.0
110901010503,2005,0.0,0.0,0.0
110901010503,2006,0.0,0.0,0.0
110901010503,2007,0.0,0.0,0.0
110901010503,2008,0.0,0.0,0.0
110901010503,2009,0.0,0.0,0.0
110901010503,2010,0.0,0.0,0.0
110901010503,2011,0.0,0.0,0.0
110901010503,2012,0.0,0.0,0.0
110901010503,2013,0.0,0.0,0.0
110901010503,2014,0.0,0.0,0.0
110901010503,2015,0.0,0.0,0.0
110901010503,2016,0.0,0.0,0.0
110901010503,2017,0.0,0.0,0.0
110901010503,2018,0.0,0.0,0.0
110901010503,2019,0.0,0.0,0.0
110901010503,2020,0.0,0.0,0.0
110901010504,2000,0.0,0.0,0.0
110901010504,2001,0.0,0.0,0.0
110901010504,2002,0.0,0.0,0.0
110901010504,2003,0.0,0.0,0.0
110901010504,2004,0.0,0.0,0.0
110901010504,2005,0.0,0.0,0.0
110901010504,2006,0.0,0.0,0.0
110901010504,2007,0.0,0.0,0.0
110901010504,2008,0.0,0.0,0.0
110901010504,2009,0.0,0.0,0.0
110901010504,2010,0.0,0.0,0.0
110901010504,2011,0.0,0.0,0.0
110901010504,2012,0.0,0.0,0.0
110901010504,2013,0.0,0.0,0.0
110901010504,2014,0.0,0.0,0.0
110901010504,2015,0.0,0.0,0.0
110901010504,2016,0.0,0.0,0.0
110901010504,2017,0.0,0.0,0.0
110901010504,2018,0.0,0.0,0.0
110901010504,2019,0.0,0.0,0.0
110901010504,2020,0.0,0.0,0.0
110901010505,2000,0.0,0.0,0.0
110901010505,2001,0.0,0.0,0.0
110901010505,2002,0.0,0.0,0.0
110901010505,2003,0.0,0.0,0.0
110901010505,2004,0.0,0.0,0.0
110901010505,2005,0.0,0.0,0.0
110901010505,2006,0.0,0.0,0.0
110901010505,2007,0.0,0.0,0.0
110901010505,2008,0.0,0.0,0.0
110901010505,2009,0.0,0.0,0.0
110901010505,2010,0.0,0.0,0.0
110901010505,2011,0.0,0.0,0.0
110901010505,2012,0.0,0.0,0.0
110901010505,2013,0.0,0.0,0.0
110901010505,2014,0.0,0.0,0.0
110901010505,2015,0.0,0.0,0.0
110901010505,2016,0.0,0.0,0.0
110901010505,2017,0.0,0.0,0.0
110901010505,2018,0.0,0.0,0.0
110901010505,2019,0.0,0.0,0.0
110901010505,2020,0.0,0.0,0.0
110901010601,2000,0.0,0.0,0.0
110901010601,2001,0.0,0.0,0.0
110901010601,2002,0.0,0.0,0.0
110901010601,2003,0.0,0.0,0.0
110901010601,2004,0.0,0.0,0.0
110901010601,2005,0.0,0.0,0.0
110901010601,2006,0.0,0.0,0.0
110901010601,2007,0.0,0.0,0.0
110901010601,2008,0.0,0.0,0.0
110901010601,2009,0.0,0.0,0.0
110901010601,2010,0.0,0.0,0.0
110901010601,2011,0.0,0.0,0.0
110901010601,2012,0.0,0.0,0.0
110901010601,2013,0.0,0.0,0.0
110901010601,2014,0.0,0.0,0.0
110901010601,2015,0.0,0.0,0.0
110901010601,2016,0.0,0.0,0.0
110901010601,2017,0.0,0.0,0.0
110901010601,2018,0.0,0.0,0.0
110901010601,2019,0.0,0.0,0.0
110901010601,2020,0.0,0.0,0.0
110901010602,2000,0.0,0.0,0.0
110901010602,2001,0.0,0.0,0.0
110901010602,2002,0.0,0.0,0.0
110901010602,2003,0.0,0.0,0.0
110901010602,2004,0.0,0.0,0.0
110901010602,2005,0.0,0.0,0.0
110901010602,2006,0.0,0.0,0.0
110901010602,2007,0.0,0.0,0.0
110901010602,2008,0.0,0.0,0.0
110901010602,2009,0.0,0.0,0.0
110901010602,2010,0.0,0.0,0.0
110901010602,2011,0.0,0.0,0.0
110901010602,2012,0.0,0.0,0.0
110901010602,2013,0.0,0.0,0.0
110901010602,2014,0.0,0.0,0.0
110901010602,2015,0.0,0.0,0.0
110901010602,2016,0.0,0.0,0.0
110901010602,2017,0.0,0.0,0.0
110901010602,2018,0.0,0.0,0.0
110901010602,2019,0.0,0.0,0.0
110901010602,2020,0.0,0.0,0.0
110901010603,2000,11.052835721,0.0,11.052835721
110901010603,2001,9.629572003,0.0,9.629572003
110901010603,2002,10.230368573,0.0,10.230368573
110901010603,2003,9.498734099,0.0,9.498734099
110901010603,2004,7.207113183,0.0,7.207113183
110901010603,2005,8.94639943,0.0,8.94639943
110901010603,2006,8.458812151,0.0,8.458812151
110901010603,2007,9.522206458,0.0,9.522206458
110901010603,2008,9.198885697,0.0,9.198885697
110901010603,2009,9.306414649,0.0,9.306414649
110901010603,2010,10.251186082,0.0,10.251186082
110901010603,2011,9.525759389,0.0,9.525759389
110901010603,2012,10.626170689,0.0,10.626170689
110901010603,2013,9.958752088,0.0,9.958752088
110901010603,2014,9.798664384,0.0,9.798664384
110901010603,2015,7.523054866,0.0,7.523054866
110901010603,2016,10.698946227,0.0,10.698946227
110901010603,2017,7.118182707,0.0,7.118182707
110901010603,2018,8.885658567,0.0,8.885658567
110901010603,2019,9.059517575,0.0,9.059517575
110901010603,2020,12.068016811,0.0,12.068016811
110901010604,2000,0.0,0.0,0.0
110901010604,2001,0.0,0.0,0.0
110901010604,2002,0.0,0.0,0.0
110901010604,2003,0.0,0.0,0.0
110901010604,2004,0.0,0.0,0.0
110901010604,2005,0.0,0.0,0.0
110901010604,2006,0.0,0.0,0.0
110901010604,2007,0.0,0.0,0.0
110901010604,2008,0.0,0.0,0.0
110901010604,2009,0.0,0.0,0.0
110901010604,2010,0.0,0.0,0.0
110901010604,2011,0.0,0.0,0.0
110901010604,2012,0.0,0.0,0.0
110901010604,2013,0.0,0.0,0.0
110901010604,2014,0.0,0.0,0.0
110901010604,2015,0.0,0.0,0.0
110901010604,2016,0.0,0.0,0.0
110901010604,2017,0.0,0.0,0.0
110901010604,2018,0.0,0.0,0.0
110901010604,2019,0.0,0.0,0.0
110901010604,2020,0.0,0.0,0.0
110901010605,2000,0.0,0.0,0.0
110901010605,2001,0.0,0.0,0.0
110901010605,2002,0.0,0.0,0.0
110901010605,2003,0.0,0.0,0.0
110901010605,2004,0.0,0.0,0.0
110901010605,2005,0.0,0.0,0.0
110901010605,2006,0.0,0.0,0.0
110901010605,2007,0.0,0.0,0.0
110901010605,2008,0.0,0.0,0.0
110901010605,2009,0.0,0.0,0.0
110901010605,2010,0.0,0.0,0.0
110901010605,2011,0.0,0.0,0.0
110901010605,2012,0.0,0.0,0.0
110901010605,2013,0.0,0.0,0.0
110901010605,2014,0.0,0.0,0.0
110901010605,2015,0.0,0.0,0.0
110901010605,2016,0.0,0.0,0.0
110901010605,2017,0.0,0.0,0.0
110901010605,2018,0.0,0.0,0.0
110901010605,2019,0.0,0.0,0.0
110901010605,2020,0.0,0.0,0.0
110901010701,2000,0.0,0.0,0.0
110901010701,2001,0.0,0.0,0.0
110901010701,2002,0.0,0.0,0.0
110901010701,2003,0.0,0.0,0.0
110901010701,2004,0.0,0.0,0.0
110901010701,2005,0.0,0.0,0.0
110901010701,2006,0.0,0.0,0.0
110901010701,2007,0.0,0.0,0.0
110901010701,2008,0.0,0.0,0.0
110901010701,2009,0.0,0.0,0.0
110901010701,2010,0.0,0.0,0.0
110901010701,2011,0.0,0.0,0.0
110901010701,2012,0.0,0.0,0.0
110901010701,2013,0.0,0.0,0.0
110901010701,2014,0.0,0.0,0.0
110901010701,2015,0.0,0.0,0.0
110901010701,2016,0.0,0.0,0.0
110901010701,2017,0.0,0.0,0.0
110901010701,2018,0.0,0.0,0.0
110901010701,2019,0.0,0.0,0.0
110901010701,2020,0.0,0.0,0.0
110901010702,2000,0.0,0.0,0.0
110901010702,2001,0.0,0.0,0.0
110901010702,2002,0.0,0.0,0.0
110901010702,2003,0.0,0.0,0.0
110901010702,2004,0.0,0.0,0.0
110901010702,2005,0.0,0.0,0.0
110901010702,2006,0.0,0.0,0.0
110901010702,2007,0.0,0.0,0.0
110901010702,2008,0.0,0.0,0.0
110901010702,2009,0.0,0.0,0.0
110901010702,2010,0.0,0.0,0.0
110901010702,2011,0.0,0.0,0.0
110901010702,2012,0.0,0.0,0.0
110901010702,2013,0.0,0.0,0.0
110901010702,2014,0.0,0.0,0.0
110901010702,2015,0.0,0.0,0.0
110901010702,2016,0.0,0.0,0.0
110901010702,2017,0.0,0.0,0.0
110901010702,2018,0.0,0.0,0.0
110901010702,2019,0.0,0.0,0.0
110901010702,2020,0.0,0.0,0.0
110901010703,2000,0.0,0.0,0.0
110901010703,2001,0.0,0.0,0.0
110901010703,2002,0.0,0.0,0.0
110901010703,2003,0.0,0.0,0.0
110901010703,2004,0.0,0.0,0.0
110901010703,2005,0.0,0.0,0.0
110901010703,2006,0.0,0.0,0.0
110901010703,2007,0.0,0.0,0.0
110901010703,2008,0.0,0.0,0.0
110901010703,2009,0.0,0.0,0.0
110901010703,2010,0.0,0.0,0.0
110901010703,2011,0.0,0.0,0.0
110901010703,2012,0.0,0.0,0.0
110901010703,2013,0.0,0.0,0.0
110901010703,2014,0.0,0.0,0.0
110901010703,2015,0.0,0.0,0.0
110901010703,2016,0.0,0.0,0.0
110901010703,2017,0.0,0.0,0.0
110901010703,2018,0.0,0.0,0.0
110901010703,2019,0.0,0.0,0.0
110901010703,2020,0.0,0.0,0.0
110901010704,2000,0.000931907,0.0,0.000931907
110901010704,2001,0.0,0.0,0.0
110901010704,2002,0.010845819,0.0,0.010845819
110901010704,2003,0.0,0.0,0.0
110901010704,2004,0.0,0.0,0.0
110901010704,2005,0.0,0.0,0.0
110901010704,2006,0.0,0.0,0.0
110901010704,2007,0.0,0.0,0.0
110901010704,2008,0.0,0.0,0.0
110901010704,2009,0.010365079,0.0,0.010365079
110901010704,2010,0.0,0.0,0.0
110901010704,2011,0.0,0.0,0.0
110901010704,2012,0.0,0.0,0.0
110901010704,2013,0.0,0.0,0.0
110901010704,2014,0.0,0.0,0.0
110901010704,2015,0.0,0.0,0.0
110901010704,2016,0.0,0.0,0.0
110901010704,2017,0.0,0.0,0.0
110901010704,2018,0.0,0.0,0.0
110901010704,2019,0.0,0.0,0.0
110901010704,2020,0.0,0.0,0.0
110901010705,2000,0.0,0.0,0.0
110901010705,2001,0.0,0.0,0.0
110901010705,2002,0.0,0.0,0.0
110901010705,2003,0.0,0.0,0.0
110901010705,2004,0.0,0.0,0.0
110901010705,2005,0.0,0.0,0.0
110901010705,2006,0.0,0.0,0.0
110901010705,2007,0.0,0.0,0.0
110901010705,2008,0.0,0.0,0.0
110901010705,2009,0.0,0.0,0.0
110901010705,2010,0.0,0.0,0.0
110901010705,2011,0.0,0.0,0.0
110901010705,2012,0.0,0.0,0.0
110901010705,2013,0.0,0.0,0.0
110901010705,2014,0.0,0.0,0.0
110901010705,2015,0.0,0.0,0.0
110901010705,2016,0.0,0.0,0.0
110901010705,2017,0.0,0.0,0.0
110901010705,2018,0.0,0.0,0.0
110901010705,2019,0.0,0.0,0.0
110901010705,2020,0.0,0.0,0.0
110901010706,2000,0.0,0.0,0.0
110901010706,2001,0.0,0.0,0.0
110901010706,2002,0.0,0.0,0.0
110901010706,2003,0.0,0.0,0.0
110901010706,2004,0.0,0.0,0.0
110901010706,2005,0.0,0.0,0.0
110901010706,2006,0.0,0.0,0.0
110901010706,2007,0.0,0.0,0.0
110901010706,2008,0.0,0.0,0.0
110901010706,2009,0.0,0.0,0.0
110901010706,2010,0.0,0.0,0.0
110901010706,2011,0.0,0.0,0.0
110901010706,2012,0.0,0.0,0.0
110901010706,2013,0.0,0.0,0.0
110901010706,2014,0.0,0.0,0.0
110901010706,2015,0.0,0.0,0.0
110901010706,2016,0.0,0.0,0.0
110901010706,2017,0.0,0.0,0.0
110901010706,2018,0.0,0.0,0.0
110901010706,2019,0.0,0.0,0.0
110901010706,2020,0.0,0.0,0.0
110901010707,2000,0.0,0.0,0.0
110901010707,2001,0.0,0.0,0.0
110901010707,2002,0.0,0.0,0.0
110901010707,2003,0.0,0.0,0.0
110901010707,2004,0.0,0.0,0.0
110901010707,2005,0.0,0.0,0.0
110901010707,2006,0.0,0.0,0.0
110901010707,2007,0.0,0.0,0.0
110901010707,2008,0.0,0.0,0.0
110901010707,2009,0.0,0.0,0.0
110901010707,2010,0.0,0.0,0.0
110901010707,2011,0.0,0.0,0.0
110901010707,2012,0.0,0.0,0.0
110901010707,2013,0.0,0.0,0.0
110901010707,2014,0.0,0.0,0.0
110901010707,2015,0.0,0.0,0.0
110901010707,2016,0.0,0.0,0.0
110901010707,2017,0.0,0.0,0.0
110901010707,2018,0.0,0.0,0.0
110901010707,2019,0.0,0.0,0.0
110901010707,2020,0.0,0.0,0.0
110901010708,2000,0.0,0.0,0.0
110901010708,2001,0.0,0.0,0.0
110901010708,2002,0.0,0.0,0.0
110901010708,2003,0.0,0.0,0.0
110901010708,2004,0.0,0.0,0.0
110901010708,2005,0.0,0.0,0.0
110901010708,2006,0.0,0.0,0.0
110901010708,2007,0.0,0.0,0.0
110901010708,2008,0.0,0.0,0.0
110901010708,2009,0.0,0.0,0.0
110901010708,2010,0.0,0.0,0.0
110901010708,2011,0.0,0.0,0.0
110901010708,2012,0.0,0.0,0.0
110901010708,2013,0.0,0.0,0.0
110901010708,2014,0.0,0.0,0.0
110901010708,2015,0.0,0.0,0.0
110901010708,2016,0.0,0.0,0.0
110901010708,2017,0.0,0.0,0.0
110901010708,2018,0.0,0.0,0.0
110901010708,2019,0.0,0.0,0.0
110901010708,2020,0.0,0.0,0.0
110901020408,2000,3.462422956,0.0,3.462422956
110901020408,2001,2.710047055,0.0,2.710047055
110901020408,2002,2.944929575,0.0,2.944929575
110901020408,2003,3.869191636,0.0,3.869191636
110901020408,2004,2.302378377,0.0,2.302378377
110901020408,2005,3.216469348,0.0,3.216469348
110901020408,2006,3.311320699,0.0,3.311320699
110901020408,2007,3.795107518,0.0,3.795107518
110901020408,2008,2.785222369,0.0,2.785222369
110901020408,2009,3.809993803,0.0,3.809993803
110901020408,2010,4.134710748,0.0,4.134710748
110901020408,2011,4.754297668,0.0,4.754297668
110901020408,2012,5.982146046,0.0,5.982146046
110901020408,2013,3.994879488,0.0,3.994879488
110901020408,2014,5.136717693,0.0,5.136717693
110901020408,2015,4.01215414,0.0,4.01215414
110901020408,2016,6.203892817,0.0,6.203892817
110901020408,2017,4.059963795,0.0,4.059963795
110901020408,2018,6.227747918,0.0,6.227747918
110901020408,2019,5.217448052,0.0,5.217448052
110901020408,2020,6.486256019,0.0,6.486256019
110901020502,2000,6.64890815,0.0,6.64890815
110901020502,2001,6.363100085,0.0,6.363100085
110901020502,2002,5.232492244,0.0,5.232492244
110901020502,2003,6.207829362,0.0,6.207829362
110901020502,2004,6.065460298,0.0,6.065460298
110901020502,2005,7.301650184,0.0,7.301650184
110901020502,2006,6.95368989,0.0,6.95368989
110901020502,2007,8.181809107,0.0,8.181809107
110901020502,2008,9.737776473,0.0,9.737776473
110901020502,2009,21.036198981,0.0,21.036198981
110901020502,2010,26.565674515,0.0,26.565674515
110901020502,2011,31.435042238,0.0,31.435042238
110901020502,2012,37.318412068,0.0,37.318412068
110901020502,2013,40.133747975,0.0,40.133747975
110901020502,2014,49.807347586,0.0,49.807347586
110901020502,2015,38.614570175,0.0,38.614570175
110901020502,2016,50.36883732,0.0,50.36883732
110901020502,2017,31.997139036,0.0,31.997139036
110901020502,2018,35.745399203,0.0,35.745399203
110901020502,2019,45.084451685,0.0,45.084451685
110901020502,2020,39.818263396,0.0,39.818263396
110901020503,2000,0.954650158,0.0,0.954650158
110901020503,2001,0.810241699,0.0,0.810241699
110901020503,2002,1.202771674,0.0,1.202771674
110901020503,2003,1.838742729,0.0,1.838742729
110901020503,2004,2.813373221,0.0,2.813373221
110901020503,2005,2.34026949,0.0,2.34026949
110901020503,2006,2.317781277,0.0,2.317781277
110901020503,2007,4.460349896,0.0,4.460349896
110901020503,2008,6.474070945,0.0,6.474070945
110901020503,2009,6.659181934,0.0,6.659181934
110901020503,2010,11.652547359,0.0,11.652547359
110901020503,2011,21.206435055,0.0,21.206435055
110901020503,2012,41.178082068,0.0,41.178082068
110901020503,2013,31.120066279,0.0,31.120066279
110901020503,2014,30.011427786,0.0,30.011427786
110901020503,2015,25.263318893,0.0,25.263318893
110901020503,2016,32.346719809,0.0,32.346719809
110901020503,2017,21.963123573,0.0,21.963123573
110901020503,2018,24.590100819,0.0,24.590100819
110901020503,2019,21.433780847,0.0,21.433780847
110901020503,2020,16.198603429,0.0,16.198603429
110901020504,2000,0.0,0.0,0.0
110901020504,2001,0.0,0.0,0.0
110901020504,2002,0.0,0.0,0.0
110901020504,2003,0.0,0.0,0.0
110901020504,2004,0.0,0.0,0.0
110901020504,2005,0.0,0.0,0.0
110901020504,2006,0.0,0.0,0.0
110901020504,2007,0.0,0.0,0.0
110901020504,2008,0.0,0.0,0.0
110901020504,2009,0.0,0.0,0.0
110901020504,2010,0.0,0.0,0.0
110901020504,2011,0.0,0.0,0.0
110901020504,2012,0.034525995,0.0,0.034525995
110901020504,2013,0.041957945,0.0,0.041957945
110901020504,2014,0.046375047,0.0,0.046375047
110901020504,2015,0.035863416,0.0,0.035863416
110901020504,2016,0.0432045,0.0,0.0432045
110901020504,2017,0.0,0.0,0.0
110901020504,2018,0.011731225,0.0,0.011731225
110901020504,2019,0.030761863,0.0,0.030761863
110901020504,2020,0.0,0.0,0.0
110901020505,2000,7.700570426,0.0,7.700570426
110901020505,2001,6.949648164,0.0,6.949648164
110901020505,2002,8.35761211,0.0,8.35761211
110901020505,2003,7.721669189,0.0,7.721669189
110901020505,2004,4.95599021,0.0,4.95599021
110901020505,2005,7.798398104,0.0,7.798398104
110901020505,2006,8.087525195,0.0,8.087525195
110901020505,2007,9.78605817,0.0,9.78605817
110901020505,2008,8.169650869,0.0,8.169650869
110901020505,2009,10.519042041,0.0,10.519042041
110901020505,2010,11.962315416,0.0,11.962315416
110901020505,2011,12.303542189,0.0,12.303542189
110901020505,2012,13.402066049,0.0,13.402066049
110901020505,2013,9.992159071,0.0,9.992159071
110901020505,2014,10.212640397,0.0,10.212640397
110901020505,2015,8.144791562,0.0,8.144791562
110901020505,2016,11.042532284,0.0,11.042532284
110901020505,2017,3.589608912,0.0,3.589608912
110901020505,2018,9.244846255,0.0,9.244846255
110901020505,2019,7.713130019,0.0,7.713130019
110901020505,2020,9.070659317,0.0,9.070659317
110901020506,2000,1.037299148,0.0,1.037299148
110901020506,2001,1.167439841,0.0,1.167439841
110901020506,2002,1.361735367,0.0,1.361735367
110901020506,2003,1.879354608,0.0,1.879354608
110901020506,2004,0.870585883,0.0,0.870585883
110901020506,2005,1.731676493,0.0,1.731676493
110901020506,2006,1.621439975,0.0,1.621439975
110901020506,2007,2.043547942,0.0,2.043547942
110901020506,2008,1.197653713,0.0,1.197653713
110901020506,2009,1.917790488,0.0,1.917790488
110901020506,2010,2.123404918,0.0,2.123404918
110901020506,2011,2.242810548,0.0,2.242810548
110901020506,2012,2.341684407,0.0,2.341684407
110901020506,2013,1.78945477,0.0,1.78945477
110901020506,2014,1.786451929,0.0,1.786451929
110901020506,2015,1.332337915,0.0,1.332337915
110901020506,2016,1.814254918,0.0,1.814254918
110901020506,2017,1.428378395,0.0,1.428378395
110901020506,2018,1.693557386,0.0,1.693557386
110901020506,2019,1.387451085,0.0,1.387451085
110901020506,2020,1.47288221,0.0,1.47288221
110901020601,2000,0.729110475,0.0,0.729110475
110901020601,2001,1.090112411,0.0,1.090112411
110901020601,2002,1.004873052,0.0,1.004873052
110901020601,2003,0.739261038,0.0,0.739261038
110901020601,2004,1.046928377,0.0,1.046928377
110901020601,2005,1.385695247,0.0,1.385695247
110901020601,2006,1.786935362,0.0,1.786935362
110901020601,2007,1.135704959,0.0,1.135704959
110901020601,2008,1.108244607,0.0,1.108244607
110901020601,2009,7.424563463,0.0,7.424563463
110901020601,2010,8.326303973,0.0,8.326303973
110901020601,2011,10.341501468,0.0,10.341501468
110901020601,2012,10.266837243,0.0,10.266837243
110901020601,2013,11.692693049,0.0,11.692693049
110901020601,2014,12.620048033,0.0,12.620048033
110901020601,2015,8.461503707,0.0,8.461503707
110901020601,2016,12.866981284,0.0,12.866981284
110901020601,2017,7.889957405,0.0,7.889957405
110901020601,2018,8.563315967,0.0,8.563315967
110901020601,2019,8.319616058,0.0,8.319616058
110901020601,2020,7.344248235,0.0,7.344248235
110901020602,2000,4.505107877,0.0,4.505107877
110901020602,2001,3.844617647,0.0,3.844617647
110901020602,2002,4.481114477,0.0,4.481114477
110901020602,2003,4.180966321,0.0,4.180966321
110901020602,2004,3.246286893,0.0,3.246286893
110901020602,2005,3.911492419,0.0,3.911492419
110901020602,2006,3.867712696,0.0,3.867712696
110901020602,2007,4.374932556,0.0,4.374932556
110901020602,2008,4.304925702,0.0,4.304925702
110901020602,2009,5.015525479,0.0,5.015525479
110901020602,2010,5.367150578,0.0,5.367150578
110901020602,2011,5.553804737,0.0,5.553804737
110901020602,2012,6.726963918,0.0,6.726963918
110901020602,2013,4.912370523,0.0,4.912370523
110901020602,2014,5.107060844,0.0,5.107060844
110901020602,2015,4.34760991,0.0,4.34760991
110901020602,2016,5.684129519,0.0,5.684129519
110901020602,2017,3.821631567,0.0,3.821631567
110901020602,2018,5.059305526,0.0,5.059305526
110901020602,2019,4.87126666,0.0,4.87126666
110901020602,2020,5.953796814,0.0,5.953796814
110901020603,2000,10.782712142,0.0,10.782712142
110901020603,2001,10.881334973,0.0,10.881334973
110901020603,2002,13.799722622,0.0,13.799722622
110901020603,2003,14.228549068,0.0,14.228549068
110901020603,2004,8.374781153,0.0,8.374781153
110901020603,2005,13.826045019,0.0,13.826045019
110901020603,2006,13.2687506,0.0,13.2687506
110901020603,2007,15.534925699,0.0,15.534925699
110901020603,2008,12.499745519,0.0,12.499745519
110901020603,2009,15.716467036,0.0,15.716467036
110901020603,2010,17.730184677,0.0,17.730184677
110901020603,2011,18.863052992,0.0,18.863052992
110901020603,2012,20.076209975,0.0,20.076209975
110901020603,2013,14.923965121,0.0,14.923965121
110901020603,2014,15.35816857,0.0,15.35816857
110901020603,2015,12.017190945,0.0,12.017190945
110901020603,2016,15.919773202,0.0,15.919773202
110901020603,2017,10.645603595,0.0,10.645603595
110901020603,2018,13.578549726,0.0,13.578549726
110901020603,2019,12.361755359,0.0,12.361755359
110901020603,2020,14.940860669,0.0,14.940860669
110901020604,2000,0.675634593,0.0,0.675634593
110901020604,2001,0.395388825,0.0,0.395388825
110901020604,2002,0.173143488,0.0,0.173143488
110901020604,2003,0.442126216,0.0,0.442126216
110901020604,2004,0.0,0.0,0.0
110901020604,2005,0.488945573,0.0,0.488945573
110901020604,2006,0.240659515,0.0,0.240659515
110901020604,2007,0.308641937,0.0,0.308641937
110901020604,2008,0.0,0.0,0.0
110901020604,2009,0.0,0.0,0.0
110901020604,2010,0.0,0.0,0.0
110901020604,2011,0.0,0.0,0.0
110901020604,2012,0.0,0.0,0.0
110901020604,2013,0.0,0.0,0.0
110901020604,2014,0.0,0.0,0.0
110901020604,2015,0.0,0.0,0.0
110901020604,2016,0.353731522,0.0,0.353731522
110901020604,2017,0.117901288,0.0,0.117901288
110901020604,2018,0.0,0.0,0.0
110901020604,2019,0.0,0.0,0.0
110901020604,2020,0.0,0.0,0.0
110901020701,2000,0.0,0.0,0.0
110901020701,2001,0.0,0.0,0.0
110901020701,2002,0.0,0.0,0.0
110901020701,2003,0.31420546,0.0,0.31420546
110901020701,2004,0.532464369,0.0,0.532464369
110901020701,2005,0.0,0.0,0.0
110901020701,2006,0.110468414,0.0,0.110468414
110901020701,2007,0.910227197,0.0,0.910227197
110901020701,2008,0.203519751,0.0,0.203519751
110901020701,2009,0.342663312,0.0,0.342663312
110901020701,2010,0.266038427,0.0,0.266038427
110901020701,2011,0.38393557,0.0,0.38393557
110901020701,2012,0.961608743,0.0,0.961608743
110901020701,2013,0.252550175,0.0,0.252550175
110901020701,2014,0.452890721,0.0,0.452890721
110901020701,2015,0.0,0.0,0.0
110901020701,2016,0.214168139,0.0,0.214168139
110901020701,2017,0.0,0.0,0.0
110901020701,2018,0.0,0.0,0.0
110901020701,2019,0.0,0.0,0.0
110901020701,2020,0.0,0.0,0.0
110901020702,2000,12.664088749,0.0,12.664088749
110901020702,2001,11.301520477,0.0,11.301520477
110901020702,2002,11.477906167,0.0,11.477906167
110901020702,2003,10.533102427,0.0,10.533102427
110901020702,2004,9.388354872,0.0,9.388354872
110901020702,2005,11.681345512,0.0,11.681345512
110901020702,2006,12.211830712,0.0,12.211830712
110901020702,2007,14.003796923,0.0,14.003796923
110901020702,2008,10.972570719,0.0,10.972570719
110901020702,2009,13.251394907,0.0,13.251394907
110901020702,2010,15.503593011,0.0,15.503593011
110901020702,2011,15.814106499,0.0,15.814106499
110901020702,2012,17.078014178,0.0,17.078014178
110901020702,2013,12.822272816,0.0,12.822272816
110901020702,2014,13.828769773,0.0,13.828769773
110901020702,2015,9.163220912,0.0,9.163220912
110901020702,2016,14.115055858,0.0,14.115055858
110901020702,2017,12.614736789,0.0,12.614736789
110901020702,2018,12.083837521,0.0,12.083837521
110901020702,2019,11.000817488,0.0,11.000817488
110901020702,2020,13.855748055,0.0,13.855748055
110901020703,2000,0.0,0.0,0.0
110901020703,2001,0.0,0.0,0.0
110901020703,2002,0.0,0.0,0.0
110901020703,2003,0.0,0.0,0.0
110901020703,2004,0.0,0.0,0.0
110901020703,2005,0.0,0.0,0.0
110901020703,2006,0.0,0.0,0.0
110901020703,2007,0.0,0.0,0.0
110901020703,2008,0.0,0.0,0.0
110901020703,2009,0.0,0.0,0.0
110901020703,2010,0.0,0.0,0.0
110901020703,2011,0.0,0.0,0.0
110901020703,2012,0.0,0.0,0.0
110901020703,2013,0.0,0.0,0.0
110901020703,2014,0.0,0.0,0.0
110901020703,2015,0.0,0.0,0.0
110901020703,2016,0.0,0.0,0.0
110901020703,2017,0.0,0.0,0.0
110901020703,2018,0.0,0.0,0.0
110901020703,2019,0.0,0.0,0.0
110901020703,2020,0.0,0.0,0.0
110901030401,2000,7.181703754,0.007181724,7.174522197
110901030401,2001,5.186145586,0.005186055,5.180959362
110901030401,2002,5.713700414,0.005713671,5.707986825
110901030401,2003,5.644322775,0.005644425,5.6386786
110901030401,2004,5.354693087,0.005354612,5.349338227
110901030401,2005,6.5297658,0.006529751,6.523235885
110901030401,2006,5.754803838,0.00575466,5.749048929
110901030401,2007,6.520729532,0.006520685,6.514208847
110901030401,2008,4.159091046,0.00415918,4.154931948
110901030401,2009,6.129753381,0.006129721,6.123623578
110901030401,2010,8.511592523,0.008511534,8.503080904
110901030401,2011,5.004732789,0.005004688,4.999728016
110901030401,2012,4.600299801,0.004600156,4.59569956
110901030401,2013,4.214756956,0.004214904,4.210542134
110901030401,2014,7.125017052,0.007124945,7.117892107
110901030401,2015,5.115289049,0.005115274,5.110173775
110901030401,2016,6.350388183,0.006350243,6.344037858
110901030401,2017,3.892620181,0.003892578,3.888727688
110901030401,2018,6.022682721,0.006022668,6.01665997
110901030401,2019,7.246532989,0.007246545,7.239286444
110901030401,2020,9.730656344,0.009730516,9.720925658
110901030402,2000,27.883486429,0.027883429,27.855602833
110901030402,2001,24.50061603,0.024500537,24.476115411
110901030402,2002,21.194124058,0.021194014,21.172929795
110901030402,2003,22.753897649,0.022753858,22.731143792
110901030402,2004,21.272825937,0.021272825,21.251553194
110901030402,2005,23.693203644,0.023693274,23.669510458
110901030402,2006,21.693538964,0.02169351,21.671845537
110901030402,2007,23.954575219,0.023954592,23.930620542
110901030402,2008,16.422397235,0.016422388,16.405974847
110901030402,2009,21.989325458,0.021989263,21.967336197
110901030402,2010,25.13161674,0.02513157,25.106485003
110901030402,2011,11.893955847,0.01189391,11.882061852
110901030402,2012,15.354466216,0.01535453,15.33911177
110901030402,2013,19.139355937,0.019139427,19.120216762
110901030402,2014,19.453167956,0.019453192,19.433714764
110901030402,2015,22.429461233,0.022429474,22.407031762
110901030402,2016,20.588832552,0.020588885,20.568243749
110901030402,2017,11.730204899,0.01173023,11.718474753
110901030402,2018,15.773708942,0.015773668,15.757935274
110901030402,2019,17.390028795,0.017390014,17.372638699
110901030402,2020,18.103751109,0.018103743,18.085647366
110901030403,2000,8.53756582,0.008537596,8.529028142
110901030403,2001,7.184538836,0.007184564,7.177354356
110901030403,2002,7.337824323,0.007337967,7.330486441
110901030403,2003,7.542449701,0.007542408,7.534907293
110901030403,2004,6.328781328,0.006328667,6.322452495
110901030403,2005,5.794410466,0.005794408,5.78861606
110901030403,2006,4.814053655,0.004813984,4.809239589
110901030403,2007,6.788421649,0.006788427,6.78163314
110901030403,2008,4.216390131,0.004216505,4.212173626
110901030403,2009,5.002475792,0.005002479,4.997473397
110901030403,2010,7.959671762,0.007959627,7.951711967
110901030403,2011,5.529821203,0.005529784,5.524291416
110901030403,2012,4.157234208,0.004157172,4.153077036
110901030403,2013,5.234333049,0.005234296,5.229098756
110901030403,2014,5.503578148,0.005503674,5.498074474
110901030403,2015,3.151806249,0.003151986,3.148654433
110901030403,2016,5.854317907,0.00585444,5.848463552
110901030403,2017,2.34221726,0.00234226,2.339874918
110901030403,2018,2.999723466,0.002999805,2.996723742
110901030403,2019,3.188256562,0.003188208,3.185068521
110901030403,2020,6.934190186,0.006934167,6.927256019
110901030404,2000,16.1087635,0.016108787,16.092654795
110901030404,2001,13.855556584,0.013855619,13.841700962
110901030404,2002,13.571980216,0.013572055,13.558408159
110901030404,2003,13.507472466,0.013507542,13.493964923
110901030404,2004,10.722164787,0.010722186,10.711442604
110901030404,2005,12.537671359,0.012537732,12.525133879
110901030404,2006,10.892296373,0.01089229,10.881404082
110901030404,2007,14.526902877,0.014526912,14.512376047
110901030404,2008,11.442865716,0.011442907,11.431422811
110901030404,2009,14.350996962,0.01435091,14.336645885
110901030404,2010,17.137955797,0.017137844,17.120817871
110901030404,2011,10.327416795,0.01032746,10.317089332
110901030404,2012,9.115173623,0.009115178,9.106058361
110901030404,2013,11.92635123,0.01192634,11.914424975
110901030404,2014,11.566349356,0.011566356,11.554782833
110901030404,2015,9.75901837,0.009759063,9.749259392
110901030404,2016,12.667146959,0.012667036,12.654479923
110901030404,2017,5.239725337,0.005239696,5.234485641
110901030404,2018,8.434394786,0.008434279,8.425960258
110901030404,2019,9.818766822,0.009818715,9.808948025
110901030404,2020,9.937060699,0.009936992,9.927123623
110901030405,2000,16.95845112,0.0,16.95845112
110901030405,2001,15.779833997,0.0,15.779833997
110901030405,2002,15.910130871,0.0,15.910130871
110901030405,2003,15.130279184,0.0,15.130279184
110901030405,2004,14.475328967,0.0,14.475328967
110901030405,2005,16.464364411,0.0,16.464364411
110901030405,2006,14.003792079,0.0,14.003792079
110901030405,2007,17.045627789,0.0,17.045627789
110901030405,2008,11.539083418,0.0,11.539083418
110901030405,2009,14.958755112,0.0,14.958755112
110901030405,2010,20.970339732,0.0,20.970339732
110901030405,2011,14.182247529,0.0,14.182247529
110901030405,2012,18.127937664,0.0,18.127937664
110901030405,2013,16.830540526,0.0,16.830540526
110901030405,2014,15.99148183,0.0,15.99148183
110901030405,2015,16.977025773,0.0,16.977025773
110901030405,2016,18.392277396,0.0,18.392277396
110901030405,2017,11.316565663,0.0,11.316565663
110901030405,2018,15.515253038,0.0,15.515253038
110901030405,2019,15.547840422,0.0,15.547840422
110901030405,2020,16.94293723,0.0,16.94293723
110901030406,2000,44.654579585,0.04465462,44.609925046
110901030406,2001,40.826045288,0.040825973,40.785219318
110901030406,2002,39.788700296,0.039788619,39.748911507
110901030406,2003,37.518979915,0.037519047,37.481460951
110901030406,2004,36.785434486,0.036785454,36.748649115
110901030406,2005,39.109978523,0.039110093,39.070868597
110901030406,2006,36.145012318,0.036145079,36.108867153
110901030406,2007,42.740238734,0.042740266,42.697498301
110901030406,2008,33.879705508,0.033879773,33.845825735
110901030406,2009,41.305814227,0.041305868,41.264508356
110901030406,2010,45.904523685,0.045904485,45.858619118
110901030406,2011,34.845396671,0.034845364,34.810551222
110901030406,2012,33.566214317,0.033566213,33.532648104
110901030406,2013,34.883647079,0.034883584,34.848763499
110901030406,2014,36.02141526,0.036021268,35.985393912
110901030406,2015,32.486471592,0.032486436,32.453985074
110901030406,2016,37.195989279,0.037196087,37.15879327
110901030406,2017,22.260465501,0.022260488,22.238204847
110901030406,2018,31.908969329,0.031908838,31.877060323
110901030406,2019,27.054911474,0.027054827,27.027856312
110901030406,2020,34.562126352,0.034562005,34.527564265
110901030407,2000,8.272907407,0.0,8.272907407
110901030407,2001,8.355783211,0.0,8.355783211
110901030407,2002,8.93030709,0.0,8.93030709
110901030407,2003,8.833459526,0.0,8.833459526
110901030407,2004,8.998160443,0.0,8.998160443
110901030407,2005,9.23796906,0.0,9.23796906
110901030407,2006,7.310311885,0.0,7.310311885
110901030407,2007,10.549462603,0.0,10.549462603
110901030407,2008,6.610082787,0.0,6.610082787
110901030407,2009,8.571701833,0.0,8.571701833
110901030407,2010,10.815968556,0.0,10.815968556
110901030407,2011,9.252029315,0.0,9.252029315
110901030407,2012,10.422860538,0.0,10.422860538
110901030407,2013,8.03626546,0.0,8.03626546
110901030407,2014,10.375589732,0.0,10.375589732
110901030407,2015,9.391956252,0.0,9.391956252
110901030407,2016,11.420159063,0.0,11.420159063
110901030407,2017,7.956459534,0.0,7.956459534
110901030407,2018,7.97886657,0.0,7.97886657
110901030407,2019,8.797969112,0.0,8.797969112
110901030407,2020,10.039329448,0.0,10.039329448
110901030408,2000,11.290909637,0.0,11.290909637
110901030408,2001,10.78461663,0.0,10.78461663
110901030408,2002,10.698042126,0.0,10.698042126
110901030408,2003,10.358923296,0.0,10.358923296
110901030408,2004,9.911060866,0.0,9.911060866
110901030408,2005,10.744663479,0.0,10.744663479
110901030408,2006,9.999701732,0.0,9.999701732
110901030408,2007,11.768786373,0.0,11.768786373
110901030408,2008,9.213106697,0.0,9.213106697
110901030408,2009,11.113342118,0.0,11.113342118
110901030408,2010,12.691563792,0.0,12.691563792
110901030408,2011,10.278845227,0.0,10.278845227
110901030408,2012,12.60009035,0.0,12.60009035
110901030408,2013,9.531248356,0.0,9.531248356
110901030408,2014,10.072095622,0.0,10.072095622
110901030408,2015,9.780026786,0.0,9.780026786
110901030408,2016,12.115216697,0.0,12.115216697
110901030408,2017,8.57853094,0.0,8.57853094
110901030408,2018,10.236464584,0.0,10.236464584
110901030408,2019,8.920812449,0.0,8.920812449
110901030408,2020,9.771558833,0.0,9.771558833
110901030409,2000,0.610449929,0.0,0.610449929
110901030409,2001,0.648931337,0.0,0.648931337
110901030409,2002,0.650931422,0.0,0.650931422
110901030409,2003,0.6374694,0.0,0.6374694
110901030409,2004,0.594157303,0.0,0.594157303
110901030409,2005,0.934253038,0.0,0.934253038
110901030409,2006,0.738457712,0.0,0.738457712
110901030409,2007,0.811728759,0.0,0.811728759
110901030409,2008,0.709557158,0.0,0.709557158
110901030409,2009,0.675673482,0.0,0.675673482
110901030409,2010,0.952964252,0.0,0.952964252
110901030409,2011,0.749282953,0.0,0.749282953
110901030409,2012,0.269751683,0.0,0.269751683
110901030409,2013,0.499576811,0.0,0.499576811
110901030409,2014,0.737921142,0.0,0.737921142
110901030409,2015,0.554622597,0.0,0.554622597
110901030409,2016,0.682480765,0.0,0.682480765
110901030409,2017,0.500317937,0.0,0.500317937
110901030409,2018,0.353386052,0.0,0.353386052
110901030409,2019,0.480786877,0.0,0.480786877
110901030409,2020,0.648388391,0.0,0.648388391
110901030501,2000,3.45245994,0.0,3.45245994
110901030501,2001,3.281313627,0.0,3.281313627
110901030501,2002,3.446644874,0.0,3.446644874
110901030501,2003,3.272945085,0.0,3.272945085
110901030501,2004,3.476261686,0.0,3.476261686
110901030501,2005,2.384822627,0.0,2.384822627
110901030501,2006,2.651062263,0.0,2.651062263
110901030501,2007,2.835598638,0.0,2.835598638
110901030501,2008,1.969952784,0.0,1.969952784
110901030501,2009,10.772246526,0.0,10.772246526
110901030501,2010,13.462279704,0.0,13.462279704
110901030501,2011,11.937262263,0.0,11.937262263
110901030501,2012,30.378030822,0.0,30.378030822
110901030501,2013,28.348932115,0.0,28.348932115
110901030501,2014,33.297263214,0.0,33.297263214
110901030501,2015,24.100660353,0.0,24.100660353
110901030501,2016,35.299173975,0.0,35.299173975
110901030501,2017,25.325233058,0.0,25.325233058
110901030501,2018,23.802790044,0.0,23.802790044
110901030501,2019,26.264268362,0.0,26.264268362
110901030501,2020,26.024216393,0.0,26.024216393
110901030502,2000,17.480187246,0.0,17.480187246
110901030502,2001,13.394757597,0.0,13.394757597
110901030502,2002,15.595349479,0.0,15.595349479
110901030502,2003,16.550515608,0.0,16.550515608
110901030502,2004,15.481882342,0.0,15.481882342
110901030502,2005,15.621587912,0.0,15.621587912
110901030502,2006,14.660906192,0.0,14.660906192
110901030502,2007,17.871424033,0.0,17.871424033
110901030502,2008,13.119480142,0.0,13.119480142
110901030502,2009,13.458393658,0.0,13.458393658
110901030502,2010,19.777004833,0.0,19.777004833
110901030502,2011,16.955466266,0.0,16.955466266
110901030502,2012,21.341928005,0.0,21.341928005
110901030502,2013,18.515154641,0.0,18.515154641
110901030502,2014,20.439430896,0.0,20.439430896
110901030502,2015,16.095447721,0.0,16.095447721
110901030502,2016,20.496904388,0.0,20.496904388
110901030502,2017,17.447759016,0.0,17.447759016
110901030502,2018,14.832787342,0.0,14.832787342
110901030502,2019,14.611253238,0.0,14.611253238
110901030502,2020,17.189696896,0.0,17.189696896
110901030503,2000,0.563820667,0.0,0.563820667
110901030503,2001,0.571911597,0.0,0.571911597
110901030503,2002,0.190240742,0.0,0.190240742
110901030503,2003,0.566468918,0.0,0.566468918
110901030503,2004,0.484664473,0.0,0.484664473
110901030503,2005,0.608418493,0.0,0.608418493
110901030503,2006,0.500403077,0.0,0.500403077
110901030503,2007,0.639947493,0.0,0.639947493
110901030503,2008,0.481523374,0.0,0.481523374
110901030503,2009,0.605537521,0.0,0.605537521
110901030503,2010,0.699509329,0.0,0.699509329
110901030503,2011,0.671063375,0.0,0.671063375
110901030503,2012,0.73368053,0.0,0.73368053
110901030503,2013,0.581644167,0.0,0.581644167
110901030503,2014,0.686263699,0.0,0.686263699
110901030503,2015,0.591925049,0.0,0.591925049
110901030503,2016,0.698875702,0.0,0.698875702
110901030503,2017,0.605831192,0.0,0.605831192
110901030503,2018,0.577915288,0.0,0.577915288
110901030503,2019,0.583788973,0.0,0.583788973
110901030503,2020,0.635682874,0.0,0.635682874
110901030504,2000,25.4374705,0.0,25.4374705
110901030504,2001,23.16788006,0.0,23.16788006
110901030504,2002,23.071672337,0.0,23.071672337
110901030504,2003,20.881570504,0.0,20.881570504
110901030504,2004,22.717489235,0.0,22.717489235
110901030504,2005,21.501900367,0.0,21.501900367
110901030504,2006,20.703622548,0.0,20.703622548
110901030504,2007,22.5896492,0.0,22.5896492
110901030504,2008,18.359718333,0.0,18.359718333
110901030504,2009,21.707894044,0.0,21.707894044
110901030504,2010,25.268626518,0.0,25.268626518
110901030504,2011,23.754141937,0.0,23.754141937
110901030504,2012,24.75396877,0.0,24.75396877
110901030504,2013,19.256378384,0.0,19.256378384
110901030504,2014,20.430208112,0.0,20.430208112
110901030504,2015,18.634444819,0.0,18.634444819
110901030504,2016,21.64782697,0.0,21.64782697
110901030504,2017,18.647137964,0.0,18.647137964
110901030504,2018,20.405038233,0.0,20.405038233
110901030504,2019,20.328923753,0.0,20.328923753
110901030504,2020,21.435024156,0.0,21.435024156
110901030505,2000,21.186677858,0.0,21.186677858
110901030505,2001,18.075252707,0.0,18.075252707
110901030505,2002,18.934133279,0.0,18.934133279
110901030505,2003,17.50750449,0.0,17.50750449
110901030505,2004,18.47221094,0.0,18.47221094
110901030505,2005,17.421528041,0.0,17.421528041
110901030505,2006,16.905917896,0.0,16.905917896
110901030505,2007,21.289949548,0.0,21.289949548
110901030505,2008,15.95052903,0.0,15.95052903
110901030505,2009,18.428686784,0.0,18.428686784
110901030505,2010,21.599083564,0.0,21.599083564
110901030505,2011,22.35685817,0.0,22.35685817
110901030505,2012,22.42857653,0.0,22.42857653
110901030505,2013,18.605652797,0.0,18.605652797
110901030505,2014,18.497586696,0.0,18.497586696
110901030505,2015,13.412320707,0.0,13.412320707
110901030505,2016,19.849602557,0.0,19.849602557
110901030505,2017,17.346496247,0.0,17.346496247
110901030505,2018,19.327607586,0.0,19.327607586
110901030505,2019,19.630520518,0.0,19.630520518
110901030505,2020,21.473642388,0.0,21.473642388
110901030506,2000,0.173022041,0.0,0.173022041
110901030506,2001,0.139500805,0.0,0.139500805
110901030506,2002,0.151318888,0.0,0.151318888
110901030506,2003,0.173825397,0.0,0.173825397
110901030506,2004,0.154470803,0.0,0.154470803
110901030506,2005,0.143573825,0.0,0.143573825
110901030506,2006,0.148031603,0.0,0.148031603
110901030506,2007,0.160109803,0.0,0.160109803
110901030506,2008,0.132347448,0.0,0.132347448
110901030506,2009,0.157800945,0.0,0.157800945
110901030506,2010,0.173726112,0.0,0.173726112
110901030506,2011,0.172626219,0.0,0.172626219
110901030506,2012,0.16701247,0.0,0.16701247
110901030506,2013,0.154201425,0.0,0.154201425
110901030506,2014,0.151481786,0.0,0.151481786
110901030506,2015,0.121581485,0.0,0.121581485
110901030506,2016,0.165101615,0.0,0.165101615
110901030506,2017,0.137820162,0.0,0.137820162
110901030506,2018,0.261316868,0.0,0.261316868
110901030506,2019,0.258584137,0.0,0.258584137
110901030506,2020,0.21914938,0.0,0.21914938
110901040306,2000,19.410898557,0.01941103,19.391487527
110901040306,2001,16.6809618,0.016680904,16.664280896
110901040306,2002,17.221698786,0.017221636,17.204477236
110901040306,2003,17.14826994,0.017148181,17.131121674
110901040306,2004,17.784431301,0.017784352,17.766646869
110901040306,2005,16.136037589,0.016136066,16.119901521
110901040306,2006,14.431540096,0.01443149,14.417108688
110901040306,2007,19.364218211,0.019364219,19.344853992
110901040306,2008,14.108516639,0.014108489,14.094408068
110901040306,2009,18.004557888,0.018004532,17.986553356
110901040306,2010,21.108357819,0.021108405,21.087249411
110901040306,2011,13.294885151,0.013294923,13.281590395
110901040306,2012,12.313648142,0.012313634,12.301334508
110901040306,2013,11.601628268,0.011601655,11.590026614
110901040306,2014,15.490617682,0.015490608,15.475127159
110901040306,2015,13.145204485,0.01314523,13.132059258
110901040306,2016,13.558186186,0.013558344,13.54462809
110901040306,2017,10.045607978,0.010045693,10.035562367
110901040306,2018,13.672916444,0.013672844,13.6592436
110901040306,2019,14.090703148,0.014090701,14.076612532
110901040306,2020,11.397016025,0.011397055,11.385619055
110901040403,2000,19.469714399,0.019469664,19.450244566
110901040403,2001,19.958310647,0.019958334,19.938352225
110901040403,2002,19.286639392,0.019286649,19.267352995
110901040403,2003,19.718970899,0.019718929,19.699252052
110901040403,2004,19.510331552,0.019510366,19.490821268
110901040403,2005,18.409936433,0.018409885,18.391526381
110901040403,2006,17.65904131,0.017658926,17.641382216
110901040403,2007,19.967133238,0.019967132,19.947166025
110901040403,2008,17.677466508,0.017677448,17.659789063
110901040403,2009,23.720003901,0.023720137,23.696284014
110901040403,2010,24.607376507,0.024607321,24.582769104
110901040403,2011,35.932568299,0.035932463,35.896635836
110901040403,2012,48.854882705,0.048854948,48.806027757
110901040403,2013,35.150116825,0.03515011,35.114966715
110901040403,2014,39.412989808,0.039412841,39.373576803
110901040403,2015,34.787687458,0.03478763,34.752899745
110901040403,2016,38.823449514,0.038823538,38.784626227
110901040403,2017,27.956252814,0.027956307,27.928296507
110901040403,2018,31.437246342,0.03143734,31.40580909
110901040403,2019,35.732762326,0.03573263,35.697029611
110901040403,2020,41.425073057,0.041425087,41.38364797
110901040404,2000,31.750042596,0.03175,31.718292344
110901040404,2001,29.020580392,0.029020655,28.991559816
110901040404,2002,28.896332633,0.028896367,28.867436181
110901040404,2003,29.634181203,0.029634118,29.604547167
110901040404,2004,26.566893041,0.026566869,26.540326257
110901040404,2005,25.912435123,0.025912381,25.88652266
110901040404,2006,23.96584766,0.02396589,23.941881852
110901040404,2007,27.278434148,0.027278534,27.251155699
110901040404,2008,24.05405821,0.024054005,24.030004123
110901040404,2009,27.613427263,0.027613356,27.585813658
110901040404,2010,28.714247732,0.028714334,28.685533397
110901040404,2011,22.133068904,0.0,22.133068904
110901040404,2012,26.40501253,0.0,26.40501253
110901040404,2013,23.024451208,0.023024466,23.001426742
110901040404,2014,25.554504244,0.025554578,25.528949918
110901040404,2015,21.451789367,0.021451764,21.430337682
110901040404,2016,26.619107295,0.026619066,26.592488311
110901040404,2017,14.797026603,0.0,14.797026603
110901040404,2018,18.071360523,0.018071468,18.053289222
110901040404,2019,23.600787104,0.023600742,23.577186277
110901040404,2020,21.190652199,0.0,21.190652199
110901040405,2000,42.751957945,0.042751967,42.70920606
110901040405,2001,38.525859326,0.038525855,38.487333389
110901040405,2002,36.919436049,0.036919493,36.882516636
110901040405,2003,37.840668005,0.037840611,37.802827397
110901040405,2004,34.709214691,0.034709287,34.674505404
110901040405,2005,37.348051805,0.037348159,37.310703816
110901040405,2006,31.605062874,0.031604953,31.573457921
110901040405,2007,38.336522337,0.038336463,38.298185792
110901040405,2008,26.904693391,0.026904702,26.877788604
110901040405,2009,34.436224477,0.034436205,34.401788271
110901040405,2010,38.461145236,0.038461132,38.422684019
110901040405,2011,27.487918537,0.027488033,27.460430674
110901040405,2012,31.726362642,0.031726339,31.694636303
110901040405,2013,26.677512049,0.026677482,26.650834482
110901040405,2014,28.817400277,0.0288174,28.788582877
110901040405,2015,30.01683557,0.030016877,29.986818942
110901040405,2016,32.353877336,0.032353934,32.321523402
110901040405,2017,21.1710704,0.021171014,21.149899301
110901040405,2018,28.461074542,0.028460948,28.432613595
110901040405,2019,29.480358436,0.029480364,29.450877986
110901040405,2020,25.397914617,0.025397937,25.37251668
110901040406,2000,19.546958607,0.019546981,19.52741171
110901040406,2001,17.466485937,0.017466537,17.449019397
110901040406,2002,17.363654693,0.017363784,17.346290997
110901040406,2003,17.743635241,0.017743515,17.725891559
110901040406,2004,16.568559063,0.016568563,16.5519905
110901040406,2005,17.311589222,0.017311553,17.294277668
110901040406,2006,16.262628866,0.0162626,16.246366268
110901040406,2007,18.834941367,0.018834926,18.816106441
110901040406,2008,15.858078046,0.015858014,15.842220033
110901040406,2009,18.360584214,0.018360652,18.342223562
110901040406,2010,19.132412411,0.019132433,19.113279978
110901040406,2011,15.757786707,0.015757789,15.742029088
110901040406,2012,23.88370921,0.023883844,23.859825448
110901040406,2013,19.068793814,0.019068751,19.049725063
110901040406,2014,18.148521167,0.018148458,18.130372795
110901040406,2015,16.973313408,0.016973304,16.956340186
110901040406,2016,19.658041077,0.019658107,19.638382973
110901040406,2017,13.571733838,0.013571701,13.558162304
110901040406,2018,16.32068483,0.016320808,16.304364022
110901040406,2019,18.882623844,0.018882674,18.863741337
110901040406,2020,17.99362438,0.017993658,17.975630721
110901040407,2000,17.57503024,0.017574975,17.55745535
110901040407,2001,16.237026973,0.016237142,16.22079
110901040407,2002,15.893728318,0.015893655,15.877834499
110901040407,2003,15.963593778,0.015963567,15.947629959
110901040407,2004,14.613133571,0.014613044,14.598520445
110901040407,2005,15.929251721,0.015929252,15.913322468
110901040407,2006,14.452730595,0.014452789,14.43827789
110901040407,2007,16.960579893,0.016960482,16.943619074
110901040407,2008,14.098812642,0.014098822,14.084713738
110901040407,2009,17.054092384,0.017053984,17.037038233
110901040407,2010,18.300070405,0.018299995,18.281770493
110901040407,2011,13.285630277,0.013285625,13.272344652
110901040407,2012,14.236552019,0.014236464,14.222315221
110901040407,2013,14.423193767,0.014423238,14.408770447
110901040407,2014,11.761151345,0.011761159,11.749390101
110901040407,2015,12.483797575,0.012483929,12.471313816
110901040407,2016,16.600202117,0.01660018,16.583601937
110901040407,2017,10.305525214,0.010305573,10.295219811
110901040407,2018,12.238557003,0.012238608,12.226318477
110901040407,2019,14.028909822,0.014028995,14.014880742
110901040407,2020,14.390611822,0.014390645,14.376221342
110901050101,2000,0.0,0.0,0.0
110901050101,2001,0.0,0.0,0.0
110901050101,2002,0.0,0.0,0.0
110901050101,2003,0.0,0.0,0.0
110901050101,2004,0.0,0.0,0.0
110901050101,2005,0.0,0.0,0.0
110901050101,2006,0.0,0.0,0.0
110901050101,2007,0.0,0.0,0.0
110901050101,2008,0.0,0.0,0.0
110901050101,2009,0.0,0.0,0.0
110901050101,2010,0.0,0.0,0.0
110901050101,2011,0.0,0.0,0.0
110901050101,2012,0.0,0.0,0.0
110901050101,2013,0.0,0.0,0.0
110901050101,2014,0.0,0.0,0.0
110901050101,2015,0.0,0.0,0.0
110901050101,2016,0.0,0.0,0.0
110901050101,2017,0.0,0.0,0.0
110901050101,2018,0.0,0.0,0.0
110901050101,2019,0.0,0.0,0.0
110901050101,2020,0.0,0.0,0.0
110901050102,2000,0.0,0.0,0.0
110901050102,2001,0.0,0.0,0.0
110901050102,2002,0.0,0.0,0.0
110901050102,2003,0.0,0.0,0.0
110901050102,2004,0.0,0.0,0.0
110901050102,2005,0.0,0.0,0.0
110901050102,2006,0.0,0.0,0.0
110901050102,2007,0.0,0.0,0.0
110901050102,2008,0.0,0.0,0.0
110901050102,2009,0.0,0.0,0.0
110901050102,2010,0.0,0.0,0.0
110901050102,2011,0.0,0.0,0.0
110901050102,2012,0.0,0.0,0.0
110901050102,2013,0.0,0.0,0.0
110901050102,2014,0.0,0.0,0.0
110901050102,2015,0.0,0.0,0.0
110901050102,2016,0.0,0.0,0.0
110901050102,2017,0.0,0.0,0.0
110901050102,2018,0.0,0.0,0.0
110901050102,2019,0.0,0.0,0.0
110901050102,2020,0.0,0.0,0.0
110901050103,2000,0.0,0.0,0.0
110901050103,2001,0.0,0.0,0.0
110901050103,2002,0.0,0.0,0.0
110901050103,2003,0.0,0.0,0.0
110901050103,2004,0.0,0.0,0.0
110901050103,2005,0.0,0.0,0.0
110901050103,2006,0.0,0.0,0.0
110901050103,2007,0.0,0.0,0.0
110901050103,2008,0.0,0.0,0.0
110901050103,2009,0.0,0.0,0.0
110901050103,2010,0.0,0.0,0.0
110901050103,2011,0.0,0.0,0.0
110901050103,2012,0.0,0.0,0.0
110901050103,2013,0.0,0.0,0.0
110901050103,2014,0.0,0.0,0.0
110901050103,2015,0.0,0.0,0.0
110901050103,2016,0.0,0.0,0.0
110901050103,2017,0.0,0.0,0.0
110901050103,2018,0.0,0.0,0.0
110901050103,2019,0.0,0.0,0.0
110901050103,2020,0.0,0.0,0.0
110901050104,2000,0.0,0.0,0.0
110901050104,2001,0.0,0.0,0.0
110901050104,2002,0.0,0.0,0.0
110901050104,2003,0.0,0.0,0.0
110901050104,2004,0.0,0.0,0.0
110901050104,2005,0.0,0.0,0.0
110901050104,2006,0.0,0.0,0.0
110901050104,2007,0.0,0.0,0.0
110901050104,2008,0.0,0.0,0.0
110901050104,2009,0.0,0.0,0.0
110901050104,2010,0.0,0.0,0.0
110901050104,2011,0.0,0.0,0.0
110901050104,2012,0.0,0.0,0.0
110901050104,2013,0.0,0.0,0.0
110901050104,2014,0.0,0.0,0.0
110901050104,2015,0.0,0.0,0.0
110901050104,2016,0.0,0.0,0.0
110901050104,2017,0.0,0.0,0.0
110901050104,2018,0.0,0.0,0.0
110901050104,2019,0.0,0.0,0.0
110901050104,2020,0.0,0.0,0.0
110901050105,2000,0.0,0.0,0.0
110901050105,2001,0.0,0.0,0.0
110901050105,2002,0.0,0.0,0.0
110901050105,2003,0.0,0.0,0.0
110901050105,2004,0.0,0.0,0.0
110901050105,2005,0.0,0.0,0.0
110901050105,2006,0.004650816,0.0,0.004650816
110901050105,2007,0.005508033,0.0,0.005508033
110901050105,2008,0.004707254,0.0,0.004707254
110901050105,2009,0.005030501,0.0,0.005030501
110901050105,2010,0.00640469,0.0,0.00640469
110901050105,2011,0.005627255,0.0,0.005627255
110901050105,2012,0.006583672,0.0,0.006583672
110901050105,2013,0.005188515,0.0,0.005188515
110901050105,2014,0.005487093,0.0,0.005487093
110901050105,2015,0.00431134,0.0,0.00431134
110901050105,2016,0.005664415,0.0,0.005664415
110901050105,2017,0.004643762,0.0,0.004643762
110901050105,2018,0.005339866,0.0,0.005339866
110901050105,2019,0.004462934,0.0,0.004462934
110901050105,2020,0.006061702,0.0,0.006061702
110901050106,2000,0.0,0.0,0.0
110901050106,2001,0.0,0.0,0.0
110901050106,2002,0.0,0.0,0.0
110901050106,2003,0.0,0.0,0.0
110901050106,2004,0.0,0.0,0.0
110901050106,2005,0.0,0.0,0.0
110901050106,2006,0.0,0.0,0.0
110901050106,2007,0.0,0.0,0.0
110901050106,2008,0.0,0.0,0.0
110901050106,2009,0.0,0.0,0.0
110901050106,2010,0.0,0.0,0.0
110901050106,2011,0.0,0.0,0.0
110901050106,2012,0.0,0.0,0.0
110901050106,2013,0.0,0.0,0.0
110901050106,2014,0.0,0.0,0.0
110901050106,2015,0.0,0.0,0.0
110901050106,2016,0.0,0.0,0.0
110901050106,2017,0.0,0.0,0.0
110901050106,2018,0.0,0.0,0.0
110901050106,2019,0.0,0.0,0.0
110901050106,2020,0.0,0.0,0.0
110901050201,2000,0.0,0.0,0.0
110901050201,2001,0.0,0.0,0.0
110901050201,2002,0.0,0.0,0.0
110901050201,2003,0.0,0.0,0.0
110901050201,2004,0.0,0.0,0.0
110901050201,2005,0.0,0.0,0.0
110901050201,2006,0.0,0.0,0.0
110901050201,2007,0.0,0.0,0.0
110901050201,2008,0.0,0.0,0.0
110901050201,2009,0.0,0.0,0.0
110901050201,2010,0.0,0.0,0.0
110901050201,2011,0.0,0.0,0.0
110901050201,2012,0.0,0.0,0.0
110901050201,2013,0.0,0.0,0.0
110901050201,2014,0.0,0.0,0.0
110901050201,2015,0.0,0.0,0.0
110901050201,2016,0.0,0.0,0.0
110901050201,2017,0.0,0.0,0.0
110901050201,2018,0.0,0.0,0.0
110901050201,2019,0.0,0.0,0.0
110901050201,2020,0.0,0.0,0.0
110901050202,2000,0.0,0.0,0.0
110901050202,2001,0.0,0.0,0.0
110901050202,2002,0.0,0.0,0.0
110901050202,2003,0.0,0.0,0.0
110901050202,2004,0.0,0.0,0.0
110901050202,2005,0.0,0.0,0.0
110901050202,2006,0.0,0.0,0.0
110901050202,2007,0.0,0.0,0.0
110901050202,2008,0.0,0.0,0.0
110901050202,2009,0.0,0.0,0.0
110901050202,2010,0.0,0.0,0.0
110901050202,2011,0.0,0.0,0.0
110901050202,2012,0.0,0.0,0.0
110901050202,2013,0.0,0.0,0.0
110901050202,2014,0.0,0.0,0.0
110901050202,2015,0.0,0.0,0.0
110901050202,2016,0.0,0.0,0.0
110901050202,2017,0.0,0.0,0.0
110901050202,2018,0.0,0.0,0.0
110901050202,2019,0.0,0.0,0.0
110901050202,2020,0.0,0.0,0.0
110901050203,2000,0.0,0.0,0.0
110901050203,2001,0.0,0.0,0.0
110901050203,2002,0.0,0.0,0.0
110901050203,2003,0.0,0.0,0.0
110901050203,2004,0.0,0.0,0.0
110901050203,2005,0.0,0.0,0.0
110901050203,2006,0.0,0.0,0.0
110901050203,2007,0.0,0.0,0.0
110901050203,2008,0.0,0.0,0.0
110901050203,2009,0.0,0.0,0.0
110901050203,2010,0.0,0.0,0.0
110901050203,2011,0.0,0.0,0.0
110901050203,2012,0.0,0.0,0.0
110901050203,2013,0.0,0.0,0.0
110901050203,2014,0.0,0.0,0.0
110901050203,2015,0.0,0.0,0.0
110901050203,2016,0.0,0.0,0.0
110901050203,2017,0.0,0.0,0.0
110901050203,2018,0.0,0.0,0.0
110901050203,2019,0.0,0.0,0.0
110901050203,2020,0.0,0.0,0.0
110901050204,2000,0.0,0.0,0.0
110901050204,2001,0.0,0.0,0.0
110901050204,2002,0.0,0.0,0.0
110901050204,2003,0.0,0.0,0.0
110901050204,2004,0.0,0.0,0.0
110901050204,2005,0.0,0.0,0.0
110901050204,2006,0.000449633,0.0,0.000449633
110901050204,2007,0.0,0.0,0.0
110901050204,2008,0.0,0.0,0.0
110901050204,2009,0.0,0.0,0.0
110901050204,2010,0.0,0.0,0.0
110901050204,2011,0.0,0.0,0.0
110901050204,2012,0.0,0.0,0.0
110901050204,2013,0.0,0.0,0.0
110901050204,2014,0.0,0.0,0.0
110901050204,2015,0.0,0.0,0.0
110901050204,2016,0.0,0.0,0.0
110901050204,2017,0.0,0.0,0.0
110901050204,2018,0.0,0.0,0.0
110901050204,2019,0.0,0.0,0.0
110901050204,2020,0.000730776,0.0,0.000730776
110901050205,2000,0.120420945,0.0,0.120420945
110901050205,2001,0.118569726,0.0,0.118569726
110901050205,2002,0.077952701,0.0,0.077952701
110901050205,2003,0.116277033,0.0,0.116277033
110901050205,2004,0.11634023,0.0,0.11634023
110901050205,2005,0.087851175,0.0,0.087851175
110901050205,2006,0.062813592,0.0,0.062813592
110901050205,2007,0.058282512,0.0,0.058282512
110901050205,2008,0.12534038,0.0,0.12534038
110901050205,2009,0.125499899,0.0,0.125499899
110901050205,2010,0.077259049,0.0,0.077259049
110901050205,2011,0.156589173,0.0,0.156589173
110901050205,2012,0.140990183,0.0,0.140990183
110901050205,2013,0.096776647,0.0,0.096776647
110901050205,2014,0.130501121,0.0,0.130501121
110901050205,2015,0.092782058,0.0,0.092782058
110901050205,2016,0.066585213,0.0,0.066585213
110901050205,2017,0.116149962,0.0,0.116149962
110901050205,2018,0.1211998,0.0,0.1211998
110901050205,2019,0.091048279,0.0,0.091048279
110901050205,2020,0.131320806,0.0,0.131320806
110901050206,2000,0.0,0.0,0.0
110901050206,2001,0.0,0.0,0.0
110901050206,2002,0.0,0.0,0.0
110901050206,2003,0.0,0.0,0.0
110901050206,2004,0.0,0.0,0.0
110901050206,2005,0.0,0.0,0.0
110901050206,2006,0.0,0.0,0.0
110901050206,2007,0.0,0.0,0.0
110901050206,2008,0.0,0.0,0.0
110901050206,2009,0.0,0.0,0.0
110901050206,2010,0.0,0.0,0.0
110901050206,2011,0.0,0.0,0.0
110901050206,2012,0.0,0.0,0.0
110901050206,2013,0.0,0.0,0.0
110901050206,2014,0.0,0.0,0.0
110901050206,2015,0.0,0.0,0.0
110901050206,2016,0.0,0.0,0.0
110901050206,2017,0.0,0.0,0.0
110901050206,2018,0.0,0.0,0.0
110901050206,2019,0.0,0.0,0.0
110901050206,2020,0.0,0.0,0.0
110901050207,2000,0.0,0.0,0.0
110901050207,2001,0.0,0.0,0.0
110901050207,2002,0.0,0.0,0.0
110901050207,2003,0.0,0.0,0.0
110901050207,2004,0.0,0.0,0.0
110901050207,2005,0.0,0.0,0.0
110901050207,2006,0.0,0.0,0.0
110901050207,2007,0.0,0.0,0.0
110901050207,2008,0.0,0.0,0.0
110901050207,2009,0.0,0.0,0.0
110901050207,2010,0.0,0.0,0.0
110901050207,2011,0.0,0.0,0.0
110901050207,2012,0.0,0.0,0.0
110901050207,2013,0.0,0.0,0.0
110901050207,2014,0.0,0.0,0.0
110901050207,2015,0.0,0.0,0.0
110901050207,2016,0.0,0.0,0.0
110901050207,2017,0.0,0.0,0.0
110901050207,2018,0.0,0.0,0.0
110901050207,2019,0.0,0.0,0.0
110901050207,2020,0.0,0.0,0.0
110901050208,2000,0.0,0.0,0.0
110901050208,2001,0.077864189,0.0,0.077864189
110901050208,2002,0.025833096,0.0,0.025833096
110901050208,2003,0.0,0.0,0.0
110901050208,2004,0.020976377,0.0,0.020976377
110901050208,2005,0.0,0.0,0.0
110901050208,2006,0.0,0.0,0.0
110901050208,2007,0.016264962,0.0,0.016264962
110901050208,2008,0.052134735,0.0,0.052134735
110901050208,2009,0.042058753,0.0,0.042058753
110901050208,2010,0.0,0.0,0.0
110901050208,2011,0.0168124,0.0,0.0168124
110901050208,2012,0.05390712,0.0,0.05390712
110901050208,2013,0.044074575,0.0,0.044074575
110901050208,2014,0.0,0.0,0.0
110901050208,2015,0.018015942,0.0,0.018015942
110901050208,2016,0.0,0.0,0.0
110901050208,2017,0.0,0.0,0.0
110901050208,2018,2.5652e-05,0.0,2.5652e-05
110901050208,2019,0.0,0.0,0.0
110901050208,2020,0.0,0.0,0.0
110901050209,2000,0.0,0.0,0.0
110901050209,2001,0.0,0.0,0.0
110901050209,2002,0.0,0.0,0.0
110901050209,2003,0.000305014,0.0,0.000305014
110901050209,2004,0.0,0.0,0.0
110901050209,2005,0.0,0.0,0.0
110901050209,2006,0.0,0.0,0.0
110901050209,2007,0.0,0.0,0.0
110901050209,2008,0.0,0.0,0.0
110901050209,2009,0.0,0.0,0.0
110901050209,2010,0.0,0.0,0.0
110901050209,2011,0.0,0.0,0.0
110901050209,2012,0.0,0.0,0.0
110901050209,2013,0.0,0.0,0.0
110901050209,2014,0.0,0.0,0.0
110901050209,2015,0.0,0.0,0.0
110901050209,2016,0.0,0.0,0.0
110901050209,2017,0.0,0.0,0.0
110901050209,2018,0.0,0.0,0.0
110901050209,2019,0.0,0.0,0.0
110901050209,2020,0.0,0.0,0.0
110901050210,2000,0.0,0.0,0.0
110901050210,2001,0.0,0.0,0.0
110901050210,2002,0.0,0.0,0.0
110901050210,2003,0.0,0.0,0.0
110901050210,2004,0.0,0.0,0.0
110901050210,2005,0.0,0.0,0.0
110901050210,2006,0.0,0.0,0.0
110901050210,2007,0.0,0.0,0.0
110901050210,2008,0.0,0.0,0.0
110901050210,2009,0.0,0.0,0.0
110901050210,2010,0.0,0.0,0.0
110901050210,2011,0.0,0.0,0.0
110901050210,2012,0.0,0.0,0.0
110901050210,2013,0.0,0.0,0.0
110901050210,2014,0.0,0.0,0.0
110901050210,2015,0.0,0.0,0.0
110901050210,2016,0.0,0.0,0.0
110901050210,2017,0.0,0.0,0.0
110901050210,2018,0.0,0.0,0.0
110901050210,2019,0.0,0.0,0.0
110901050210,2020,0.0,0.0,0.0
110901050211,2000,0.0,0.0,0.0
110901050211,2001,0.0,0.0,0.0
110901050211,2002,0.0,0.0,0.0
110901050211,2003,0.0,0.0,0.0
110901050211,2004,0.0,0.0,0.0
110901050211,2005,0.0,0.0,0.0
110901050211,2006,0.0,0.0,0.0
110901050211,2007,0.0,0.0,0.0
110901050211,2008,0.0,0.0,0.0
110901050211,2009,0.0,0.0,0.0
110901050211,2010,0.0,0.0,0.0
110901050211,2011,0.0,0.0,0.0
110901050211,2012,0.0,0.0,0.0
110901050211,2013,0.0,0.0,0.0
110901050211,2014,0.0,0.0,0.0
110901050211,2015,0.0,0.0,0.0
110901050211,2016,0.0,0.0,0.0
110901050211,2017,0.0,0.0,0.0
110901050211,2018,0.0,0.0,0.0
110901050211,2019,0.0,0.0,0.0
110901050211,2020,0.0,0.0,0.0
110901050301,2000,0.0,0.0,0.0
110901050301,2001,0.0,0.0,0.0
110901050301,2002,0.0,0.0,0.0
110901050301,2003,0.0,0.0,0.0
110901050301,2004,0.0,0.0,0.0
110901050301,2005,0.0,0.0,0.0
110901050301,2006,0.0,0.0,0.0
110901050301,2007,0.0,0.0,0.0
110901050301,2008,0.0,0.0,0.0
110901050301,2009,0.0,0.0,0.0
110901050301,2010,0.0,0.0,0.0
110901050301,2011,0.0,0.0,0.0
110901050301,2012,0.0,0.0,0.0
110901050301,2013,0.0,0.0,0.0
110901050301,2014,0.0,0.0,0.0
110901050301,2015,0.0,0.0,0.0
110901050301,2016,0.0,0.0,0.0
110901050301,2017,0.0,0.0,0.0
110901050301,2018,0.0,0.0,0.0
110901050301,2019,0.0,0.0,0.0
110901050301,2020,0.0,0.0,0.0
110901050302,2000,0.000827568,0.0,0.000827568
110901050302,2001,2.512e-06,0.0,2.512e-06
110901050302,2002,0.000789493,0.0,0.000789493
110901050302,2003,0.0,0.0,0.0
110901050302,2004,0.0,0.0,0.0
110901050302,2005,0.000617244,0.0,0.000617244
110901050302,2006,1.929e-06,0.0,1.929e-06
110901050302,2007,0.001178964,0.0,0.001178964
110901050302,2008,0.0,0.0,0.0
110901050302,2009,0.000783786,0.0,0.000783786
110901050302,2010,0.000888271,0.0,0.000888271
110901050302,2011,0.0,0.0,0.0
110901050302,2012,0.000773429,0.0,0.000773429
110901050302,2013,0.000790647,0.0,0.000790647
110901050302,2014,0.000907682,0.0,0.000907682
110901050302,2015,0.00012706,0.0,0.00012706
110901050302,2016,0.000822596,0.0,0.000822596
110901050302,2017,0.0,0.0,0.0
110901050302,2018,0.014660219,0.0,0.014660219
110901050302,2019,2.014e-06,0.0,2.014e-06
110901050302,2020,0.022094943,0.0,0.022094943
110901050303,2000,0.0,0.0,0.0
110901050303,2001,0.0,0.0,0.0
110901050303,2002,0.0,0.0,0.0
110901050303,2003,0.0,0.0,0.0
110901050303,2004,0.0,0.0,0.0
110901050303,2005,0.0,0.0,0.0
110901050303,2006,0.0,0.0,0.0
110901050303,2007,0.0,0.0,0.0
110901050303,2008,0.0,0.0,0.0
110901050303,2009,0.0,0.0,0.0
110901050303,2010,0.0,0.0,0.0
110901050303,2011,0.0,0.0,0.0
110901050303,2012,0.0,0.0,0.0
110901050303,2013,0.0,0.0,0.0
110901050303,2014,0.0,0.0,0.0
110901050303,2015,0.0,0.0,0.0
110901050303,2016,0.0,0.0,0.0
110901050303,2017,0.0,0.0,0.0
110901050303,2018,0.0,0.0,0.0
110901050303,2019,0.0,0.0,0.0
110901050303,2020,0.0,0.0,0.0
110901050304,2000,0.0,0.0,0.0
110901050304,2001,0.0,0.0,0.0
110901050304,2002,0.0,0.0,0.0
110901050304,2003,0.0,0.0,0.0
110901050304,2004,0.0,0.0,0.0
110901050304,2005,0.0,0.0,0.0
110901050304,2006,0.0,0.0,0.0
110901050304,2007,0.0,0.0,0.0
110901050304,2008,0.0,0.0,0.0
110901050304,2009,0.0,0.0,0.0
110901050304,2010,0.0,0.0,0.0
110901050304,2011,0.0,0.0,0.0
110901050304,2012,0.0,0.0,0.0
110901050304,2013,0.0,0.0,0.0
110901050304,2014,0.0,0.0,0.0
110901050304,2015,0.0,0.0,0.0
110901050304,2016,0.0,0.0,0.0
110901050304,2017,0.0,0.0,0.0
110901050304,2018,0.0,0.0,0.0
110901050304,2019,0.0,0.0,0.0
110901050304,2020,0.0,0.0,0.0
110901050305,2000,0.0,0.0,0.0
110901050305,2001,0.0,0.0,0.0
110901050305,2002,0.0,0.0,0.0
110901050305,2003,0.0,0.0,0.0
110901050305,2004,0.0,0.0,0.0
110901050305,2005,0.0,0.0,0.0
110901050305,2006,0.0,0.0,0.0
110901050305,2007,0.0,0.0,0.0
110901050305,2008,0.0,0.0,0.0
110901050305,2009,0.0,0.0,0.0
110901050305,2010,0.0,0.0,0.0
110901050305,2011,0.0,0.0,0.0
110901050305,2012,0.0,0.0,0.0
110901050305,2013,0.0,0.0,0.0
110901050305,2014,0.0,0.0,0.0
110901050305,2015,0.0,0.0,0.0
110901050305,2016,0.0,0.0,0.0
110901050305,2017,0.0,0.0,0.0
110901050305,2018,0.0,0.0,0.0
110901050305,2019,0.0,0.0,0.0
110901050305,2020,0.0,0.0,0.0
110901050306,2000,0.0,0.0,0.0
110901050306,2001,0.0,0.0,0.0
110901050306,2002,0.0,0.0,0.0
110901050306,2003,0.0,0.0,0.0
110901050306,2004,0.0,0.0,0.0
110901050306,2005,0.0,0.0,0.0
110901050306,2006,0.0,0.0,0.0
110901050306,2007,0.0,0.0,0.0
110901050306,2008,0.0,0.0,0.0
110901050306,2009,0.0,0.0,0.0
110901050306,2010,0.0,0.0,0.0
110901050306,2011,0.0,0.0,0.0
110901050306,2012,0.0,0.0,0.0
110901050306,2013,0.0,0.0,0.0
110901050306,2014,0.0,0.0,0.0
110901050306,2015,0.0,0.0,0.0
110901050306,2016,0.0,0.0,0.0
110901050306,2017,0.0,0.0,0.0
110901050306,2018,0.0,0.0,0.0
110901050306,2019,0.0,0.0,0.0
110901050306,2020,0.0,0.0,0.0
110901050307,2000,0.0,0.0,0.0
110901050307,2001,0.0,0.0,0.0
110901050307,2002,0.0,0.0,0.0
110901050307,2003,0.0,0.0,0.0
110901050307,2004,0.0,0.0,0.0
110901050307,2005,0.0,0.0,0.0
110901050307,2006,0.0,0.0,0.0
110901050307,2007,0.009522515,0.0,0.009522515
110901050307,2008,0.0,0.0,0.0
110901050307,2009,0.0,0.0,0.0
110901050307,2010,0.0,0.0,0.0
110901050307,2011,0.0,0.0,0.0
110901050307,2012,0.0,0.0,0.0
110901050307,2013,0.0,0.0,0.0
110901050307,2014,0.0,0.0,0.0
110901050307,2015,0.0,0.0,0.0
110901050307,2016,0.0,0.0,0.0
110901050307,2017,0.0,0.0,0.0
110901050307,2018,0.003821838,0.0,0.003821838
110901050307,2019,0.0,0.0,0.0
110901050307,2020,0.000311139,0.0,0.000311139
110901050308,2000,0.007112658,2.1369e-05,0.007091374
110901050308,2001,3.2712e-05,1.67e-07,3.2463e-05
110901050308,2002,0.006434926,6.46e-06,0.006428548
110901050308,2003,0.0,0.0,0.0
110901050308,2004,5.527e-06,0.0,5.527e-06
110901050308,2005,2.44e-05,0.0,2.4145e-05
110901050308,2006,0.000835477,1.677e-06,0.000833633
110901050308,2007,0.665593197,0.002662447,0.66293083
110901050308,2008,0.004885533,4.926e-06,0.004880852
110901050308,2009,2.1312e-05,0.0,2.1312e-05
110901050308,2010,0.00691697,6.789e-06,0.006910011
110901050308,2011,0.002232482,0.0,0.002232482
110901050308,2012,0.007752544,7.699e-06,0.00774476
110901050308,2013,2.1863e-05,0.0,2.1863e-05
110901050308,2014,0.00674626,0.0,0.00674626
110901050308,2015,1.5674e-05,0.0,1.5674e-05
110901050308,2016,0.000580683,0.0,0.000580683
110901050308,2017,0.0,0.0,0.0
110901050308,2018,0.295052329,0.0,0.295052329
110901050308,2019,1.5515e-05,0.0,1.5515e-05
110901050308,2020,0.489440295,0.0,0.489440295
110901050309,2000,0.0,0.0,0.0
110901050309,2001,0.0,0.0,0.0
110901050309,2002,0.0,0.0,0.0
110901050309,2003,0.0,0.0,0.0
110901050309,2004,0.0,0.0,0.0
110901050309,2005,0.0,0.0,0.0
110901050309,2006,0.0,0.0,0.0
110901050309,2007,0.0,0.0,0.0
110901050309,2008,0.0,0.0,0.0
110901050309,2009,0.0,0.0,0.0
110901050309,2010,0.0,0.0,0.0
110901050309,2011,0.0,0.0,0.0
110901050309,2012,0.0,0.0,0.0
110901050309,2013,0.0,0.0,0.0
110901050309,2014,0.0,0.0,0.0
110901050309,2015,0.0,0.0,0.0
110901050309,2016,0.0,0.0,0.0
110901050309,2017,0.0,0.0,0.0
110901050309,2018,0.0,0.0,0.0
110901050309,2019,0.0,0.0,0.0
110901050309,2020,0.0,0.0,0.0
110901050310,2000,0.0,0.0,0.0
110901050310,2001,0.0,0.0,0.0
110901050310,2002,0.0,0.0,0.0
110901050310,2003,0.0,0.0,0.0
110901050310,2004,0.0,0.0,0.0
110901050310,2005,0.0,0.0,0.0
110901050310,2006,0.0,0.0,0.0
110901050310,2007,0.0,0.0,0.0
110901050310,2008,0.0,0.0,0.0
110901050310,2009,0.0,0.0,0.0
110901050310,2010,0.0,0.0,0.0
110901050310,2011,0.0,0.0,0.0
110901050310,2012,0.0,0.0,0.0
110901050310,2013,0.0,0.0,0.0
110901050310,2014,0.0,0.0,0.0
110901050310,2015,0.0,0.0,0.0
110901050310,2016,0.0,0.0,0.0
110901050310,2017,0.0,0.0,0.0
110901050310,2018,0.0,0.0,0.0
110901050310,2019,0.0,0.0,0.0
110901050310,2020,0.0,0.0,0.0
110901050401,2000,4.21e-07,0.0,4.21e-07
110901050401,2001,0.0,0.0,0.0
110901050401,2002,0.0,0.0,0.0
110901050401,2003,0.0,0.0,0.0
110901050401,2004,0.001159421,0.0,0.001159421
110901050401,2005,0.0,0.0,0.0
110901050401,2006,2.849e-06,0.0,2.849e-06
110901050401,2007,0.951353753,0.0,0.951353753
110901050401,2008,0.0,0.0,0.0
110901050401,2009,7.8008e-05,0.0,7.8008e-05
110901050401,2010,0.005252926,0.0,0.005252926
110901050401,2011,0.0,0.0,0.0
110901050401,2012,2.5552e-05,0.0,2.5552e-05
110901050401,2013,0.00073634,0.0,0.00073634
110901050401,2014,2.107e-06,0.0,2.107e-06
110901050401,2015,0.002580701,0.0,0.002580701
110901050401,2016,0.0,0.0,0.0
110901050401,2017,0.0,0.0,0.0
110901050401,2018,0.717468975,0.0,0.717468975
110901050401,2019,0.0,0.0,0.0
110901050401,2020,0.57024506,0.0,0.57024506
110901050402,2000,0.0,0.0,0.0
110901050402,2001,0.0,0.0,0.0
110901050402,2002,0.0,0.0,0.0
110901050402,2003,0.0,0.0,0.0
110901050402,2004,0.0,0.0,0.0
110901050402,2005,0.0,0.0,0.0
110901050402,2006,0.0,0.0,0.0
110901050402,2007,0.0,0.0,0.0
110901050402,2008,0.0,0.0,0.0
110901050402,2009,0.0,0.0,0.0
110901050402,2010,0.0,0.0,0.0
110901050402,2011,0.0,0.0,0.0
110901050402,2012,0.0,0.0,0.0
110901050402,2013,0.0,0.0,0.0
110901050402,2014,0.0,0.0,0.0
110901050402,2015,0.0,0.0,0.0
110901050402,2016,0.0,0.0,0.0
110901050402,2017,0.0,0.0,0.0
110901050402,2018,0.045035912,0.0,0.045035912
110901050402,2019,0.0,0.0,0.0
110901050402,2020,0.053159005,0.0,0.053159005
110901050403,2000,0.0,0.0,0.0
110901050403,2001,0.0,0.0,0.0
110901050403,2002,0.0,0.0,0.0
110901050403,2003,0.0,0.0,0.0
110901050403,2004,0.0,0.0,0.0
110901050403,2005,0.0,0.0,0.0
110901050403,2006,0.0,0.0,0.0
110901050403,2007,0.0,0.0,0.0
110901050403,2008,0.0,0.0,0.0
110901050403,2009,0.0,0.0,0.0
110901050403,2010,0.0,0.0,0.0
110901050403,2011,0.0,0.0,0.0
110901050403,2012,0.0,0.0,0.0
110901050403,2013,0.0,0.0,0.0
110901050403,2014,0.0,0.0,0.0
110901050403,2015,0.0,0.0,0.0
110901050403,2016,0.0,0.0,0.0
110901050403,2017,0.0,0.0,0.0
110901050403,2018,0.0,0.0,0.0
110901050403,2019,0.0,0.0,0.0
110901050403,2020,0.0,0.0,0.0
110901050404,2000,0.862211549,0.000862107,0.861349358
110901050404,2001,0.019606085,1.9767e-05,0.019586403
110901050404,2002,0.017542901,1.7556e-05,0.017525263
110901050404,2003,0.00559451,0.0,0.00559451
110901050404,2004,0.641988719,0.0,0.641988719
110901050404,2005,0.88269791,0.000882871,0.881815121
110901050404,2006,0.849849753,0.0,0.849849753
110901050404,2007,1.157535047,0.001157488,1.156377474
110901050404,2008,0.772412645,0.0,0.772412645
110901050404,2009,1.260769274,0.0,1.260769274
110901050404,2010,1.621417082,0.0,1.621417082
110901050404,2011,2.114462515,0.0,2.114462515
110901050404,2012,1.289834831,0.0,1.289834831
110901050404,2013,1.242912553,0.0,1.242912553
110901050404,2014,1.220798077,0.0,1.220798077
110901050404,2015,0.845233767,0.0,0.845233767
110901050404,2016,1.11778762,0.001117765,1.116669852
110901050404,2017,1.188942162,0.001188964,1.187753364
110901050404,2018,1.540404419,0.0,1.540404419
110901050404,2019,1.60971331,0.001609655,1.608103575
110901050404,2020,1.673533997,0.0,1.673533997
110901050405,2000,0.0,0.0,0.0
110901050405,2001,0.0,0.0,0.0
110901050405,2002,0.0,0.0,0.0
110901050405,2003,0.0,0.0,0.0
110901050405,2004,0.0,0.0,0.0
110901050405,2005,0.0,0.0,0.0
110901050405,2006,0.0,0.0,0.0
110901050405,2007,0.0,0.0,0.0
110901050405,2008,0.0,0.0,0.0
110901050405,2009,0.0,0.0,0.0
110901050405,2010,0.0,0.0,0.0
110901050405,2011,0.0,0.0,0.0
110901050405,2012,0.0,0.0,0.0
110901050405,2013,0.0,0.0,0.0
110901050405,2014,0.0,0.0,0.0
110901050405,2015,0.0,0.0,0.0
110901050405,2016,0.0,0.0,0.0
110901050405,2017,0.0,0.0,0.0
110901050405,2018,0.0,0.0,0.0
110901050405,2019,0.0,0.0,0.0
110901050405,2020,0.0,0.0,0.0
110901050406,2000,0.0,0.0,0.0
110901050406,2001,0.0,0.0,0.0
110901050406,2002,0.0,0.0,0.0
110901050406,2003,0.0,0.0,0.0
110901050406,2004,0.0,0.0,0.0
110901050406,2005,0.0,0.0,0.0
110901050406,2006,0.0,0.0,0.0
110901050406,2007,0.0,0.0,0.0
110901050406,2008,0.0,0.0,0.0
110901050406,2009,0.0,0.0,0.0
110901050406,2010,0.0,0.0,0.0
110901050406,2011,0.0,0.0,0.0
110901050406,2012,0.106868306,0.000213746,0.106654648
110901050406,2013,0.09952746,0.000198942,0.099328518
110901050406,2014,0.07561683,0.000151373,0.075465704
110901050406,2015,0.056983479,0.000114016,0.056869627
110901050406,2016,0.077823664,0.000155664,0.077668167
110901050406,2017,0.071762592,0.000143493,0.071618932
110901050406,2018,0.083788597,0.000167586,0.083620926
110901050406,2019,0.0602688,0.000120532,0.060148186
110901050406,2020,0.092402169,0.000184765,0.09221732
110901050501,2000,40.225725342,0.0,40.225725342
110901050501,2001,34.94063223,0.0,34.94063223
110901050501,2002,34.520453093,0.0,34.520453093
110901050501,2003,34.154758186,0.0,34.154758186
110901050501,2004,32.243752423,0.0,32.243752423
110901050501,2005,36.493082827,0.0,36.493082827
110901050501,2006,33.794305718,0.0,33.794305718
110901050501,2007,43.554952016,0.0,43.554952016
110901050501,2008,35.195031749,0.0,35.195031749
110901050501,2009,35.683753868,0.0,35.683753868
110901050501,2010,47.690554748,0.0,47.690554748
110901050501,2011,37.95258514,0.0,37.95258514
110901050501,2012,41.216090301,0.0,41.216090301
110901050501,2013,34.430878827,0.0,34.430878827
110901050501,2014,37.459935803,0.0,37.459935803
110901050501,2015,29.449192104,0.0,29.449192104
110901050501,2016,42.051564932,0.0,42.051564932
110901050501,2017,33.491577942,0.0,33.491577942
110901050501,2018,40.04202451,0.0,40.04202451
110901050501,2019,32.234235704,0.0,32.234235704
110901050501,2020,37.742201978,0.0,37.742201978
110901050502,2000,13.31256297,0.0,13.31256297
110901050502,2001,11.616004452,0.0,11.616004452
110901050502,2002,10.86018703,0.0,10.86018703
110901050502,2003,9.904669285,0.0,9.904669285
110901050502,2004,8.195519117,0.0,8.195519117
110901050502,2005,10.511855825,0.0,10.511855825
110901050502,2006,10.101620148,0.0,10.101620148
110901050502,2007,13.66526086,0.0,13.66526086
110901050502,2008,9.449637046,0.0,9.449637046
110901050502,2009,9.853316238,0.0,9.853316238
110901050502,2010,12.030181877,0.0,12.030181877
110901050502,2011,10.858237575,0.0,10.858237575
110901050502,2012,9.653782533,0.0,9.653782533
110901050502,2013,10.974453134,0.0,10.974453134
110901050502,2014,12.333637734,0.0,12.333637734
110901050502,2015,8.992611589,0.0,8.992611589
110901050502,2016,13.241263139,0.0,13.241263139
110901050502,2017,9.564853118,0.0,9.564853118
110901050502,2018,14.500170882,0.0,14.500170882
110901050502,2019,9.22217431,0.0,9.22217431
110901050502,2020,12.74152356,0.0,12.74152356
110901050503,2000,8.147492948,0.0,8.147492948
110901050503,2001,10.72328806,0.0,10.72328806
110901050503,2002,6.493742381,0.0,6.493742381
110901050503,2003,6.80081057,0.0,6.80081057
110901050503,2004,5.307344918,0.0,5.307344918
110901050503,2005,8.070394203,0.0,8.070394203
110901050503,2006,5.635133496,0.0,5.635133496
110901050503,2007,8.395766975,0.0,8.395766975
110901050503,2008,5.287525585,0.0,5.287525585
110901050503,2009,7.155938348,0.0,7.155938348
110901050503,2010,8.290943041,0.0,8.290943041
110901050503,2011,7.686221096,0.0,7.686221096
110901050503,2012,6.859773549,0.0,6.859773549
110901050503,2013,5.710720923,0.0,5.710720923
110901050503,2014,7.496409263,0.0,7.496409263
110901050503,2015,6.093874784,0.0,6.093874784
110901050503,2016,9.401262107,0.0,9.401262107
110901050503,2017,4.193357512,0.0,4.193357512
110901050503,2018,11.40239717,0.0,11.40239717
110901050503,2019,8.623678477,0.0,8.623678477
110901050503,2020,8.674323464,0.0,8.674323464
110901050601,2000,3.620193678,0.0,3.620193678
110901050601,2001,3.577511989,0.0,3.577511989
110901050601,2002,3.744842282,0.0,3.744842282
110901050601,2003,3.750214633,0.0,3.750214633
110901050601,2004,2.751805503,0.0,2.751805503
110901050601,2005,3.892523849,0.0,3.892523849
110901050601,2006,3.026108386,0.0,3.026108386
110901050601,2007,3.343576222,0.0,3.343576222
110901050601,2008,3.204687798,0.0,3.204687798
110901050601,2009,1.845276488,0.0,1.845276488
110901050601,2010,4.956093299,0.0,4.956093299
110901050601,2011,3.471797214,0.0,3.471797214
110901050601,2012,2.611248888,0.0,2.611248888
110901050601,2013,3.514849323,0.0,3.514849323
110901050601,2014,2.673060318,0.0,2.673060318
110901050601,2015,3.744901471,0.0,3.744901471
110901050601,2016,4.214194694,0.0,4.214194694
110901050601,2017,2.980093825,0.0,2.980093825
110901050601,2018,4.093667764,0.0,4.093667764
110901050601,2019,5.066934997,0.0,5.066934997
110901050601,2020,5.322020888,0.0,5.322020888
110901050602,2000,0.25938715,0.0,0.25938715
110901050602,2001,0.468695937,0.0,0.468695937
110901050602,2002,0.565158764,0.0,0.565158764
110901050602,2003,0.335824663,0.0,0.335824663
110901050602,2004,0.188257757,0.0,0.188257757
110901050602,2005,0.269474756,0.0,0.269474756
110901050602,2006,0.419510022,0.0,0.419510022
110901050602,2007,0.334748896,0.0,0.334748896
110901050602,2008,0.630808342,0.0,0.630808342
110901050602,2009,0.0,0.0,0.0
110901050602,2010,0.694607874,0.0,0.694607874
110901050602,2011,0.340384384,0.0,0.340384384
110901050602,2012,0.574864219,0.0,0.574864219
110901050602,2013,0.25766671,0.0,0.25766671
110901050602,2014,0.214729603,0.0,0.214729603
110901050602,2015,0.51121257,0.0,0.51121257
110901050602,2016,0.55661974,0.0,0.55661974
110901050602,2017,0.0008402,0.0,0.0008402
110901050602,2018,0.236777058,0.0,0.236777058
110901050602,2019,0.650489723,0.0,0.650489723
110901050602,2020,0.345530697,0.0,0.345530697
110901050603,2000,0.735720443,0.0,0.735720443
110901050603,2001,0.630898351,0.0,0.630898351
110901050603,2002,0.81553354,0.0,0.81553354
110901050603,2003,0.836860373,0.0,0.836860373
110901050603,2004,0.875043705,0.0,0.875043705
110901050603,2005,0.824236923,0.0,0.824236923
110901050603,2006,0.817920781,0.0,0.817920781
110901050603,2007,0.70905309,0.0,0.70905309
110901050603,2008,0.786914964,0.0,0.786914964
110901050603,2009,0.977175279,0.0,0.977175279
110901050603,2010,1.083655285,0.0,1.083655285
110901050603,2011,0.967567271,0.0,0.967567271
110901050603,2012,1.068690027,0.0,1.068690027
110901050603,2013,1.013226644,0.0,1.013226644
110901050603,2014,0.951599573,0.0,0.951599573
110901050603,2015,0.754420145,0.0,0.754420145
110901050603,2016,0.654828489,0.0,0.654828489
110901050603,2017,0.618303603,0.0,0.618303603
110901050603,2018,0.827675214,0.0,0.827675214
110901050603,2019,0.728050973,0.0,0.728050973
110901050603,2020,0.84284012,0.0,0.84284012
110901050604,2000,1.65537232,0.0,1.65537232
110901050604,2001,1.492766638,0.0,1.492766638
110901050604,2002,1.453464633,0.0,1.453464633
110901050604,2003,1.617422016,0.0,1.617422016
110901050604,2004,1.337663,0.0,1.337663
110901050604,2005,1.578865932,0.0,1.578865932
110901050604,2006,1.289500819,0.0,1.289500819
110901050604,2007,2.471559027,0.0,2.471559027
110901050604,2008,2.02500259,0.0,2.02500259
110901050604,2009,2.139599548,0.0,2.139599548
110901050604,2010,1.970850438,0.0,1.970850438
110901050604,2011,3.155418581,0.0,3.155418581
110901050604,2012,2.807025784,0.0,2.807025784
110901050604,2013,2.190772827,0.0,2.190772827
110901050604,2014,1.018242718,0.0,1.018242718
110901050604,2015,1.57299823,0.0,1.57299823
110901050604,2016,1.932905806,0.0,1.932905806
110901050604,2017,1.38528634,0.0,1.38528634
110901050604,2018,1.863232047,0.0,1.863232047
110901050604,2019,1.741399932,0.0,1.741399932
110901050604,2020,2.494090314,0.0,2.494090314
110901050605,2000,0.988799997,0.0,0.988799997
110901050605,2001,0.880272011,0.0,0.880272011
110901050605,2002,0.922465597,0.0,0.922465597
110901050605,2003,0.884686723,0.0,0.884686723
110901050605,2004,0.795714784,0.0,0.795714784
110901050605,2005,0.846744307,0.0,0.846744307
110901050605,2006,0.684256649,0.0,0.684256649
110901050605,2007,0.583263496,0.0,0.583263496
110901050605,2008,0.936969243,0.0,0.936969243
110901050605,2009,1.029351362,0.0,1.029351362
110901050605,2010,0.820097781,0.0,0.820097781
110901050605,2011,1.047245195,0.0,1.047245195
110901050605,2012,1.178800847,0.0,1.178800847
110901050605,2013,1.091623721,0.0,1.091623721
110901050605,2014,0.977526121,0.0,0.977526121
110901050605,2015,0.788448378,0.0,0.788448378
110901050605,2016,0.752376407,0.0,0.752376407
110901050605,2017,0.619114233,0.0,0.619114233
110901050605,2018,0.713794203,0.0,0.713794203
110901050605,2019,0.565034274,0.0,0.565034274
110901050605,2020,0.805517126,0.0,0.805517126
110901050606,2000,0.001527137,0.0,0.001527137
110901050606,2001,1.247225244,0.0,1.247225244
110901050606,2002,0.001416803,0.0,0.001416803
110901050606,2003,0.508374184,0.0,0.508374184
110901050606,2004,0.000878344,0.0,0.000878344
110901050606,2005,0.734517247,0.0,0.734517247
110901050606,2006,0.167553066,0.0,0.167553066
110901050606,2007,0.711056033,0.0,0.711056033
110901050606,2008,0.350906142,0.0,0.350906142
110901050606,2009,0.0,0.0,0.0
110901050606,2010,0.000720047,0.0,0.000720047
110901050606,2011,0.000591225,0.0,0.000591225
110901050606,2012,0.512995478,0.0,0.512995478
110901050606,2013,0.0,0.0,0.0
110901050606,2014,0.001345397,0.0,0.001345397
110901050606,2015,0.001029458,0.0,0.001029458
110901050606,2016,0.0,0.0,0.0
110901050606,2017,0.0,0.0,0.0
110901050606,2018,0.0,0.0,0.0
110901050606,2019,0.479704786,0.0,0.479704786
110901050606,2020,1.339950262,0.0,1.339950262
110901050607,2000,0.0,0.0,0.0
110901050607,2001,0.036204685,0.0,0.036204685
110901050607,2002,0.0,0.0,0.0
110901050607,2003,0.015830189,0.0,0.015830189
110901050607,2004,0.0,0.0,0.0
110901050607,2005,0.0,0.0,0.0
110901050607,2006,0.063253236,0.0,0.063253236
110901050607,2007,0.036210899,0.0,0.036210899
110901050607,2008,0.06578026,0.0,0.06578026
110901050607,2009,0.09164683,0.0,0.09164683
110901050607,2010,0.136978079,0.0,0.136978079
110901050607,2011,0.163901962,0.0,0.163901962
110901050607,2012,0.200259746,0.0,0.200259746
110901050607,2013,0.146328723,0.0,0.146328723
110901050607,2014,0.098180827,0.0,0.098180827
110901050607,2015,0.082594956,0.0,0.082594956
110901050607,2016,0.135177544,0.0,0.135177544
110901050607,2017,0.104055493,0.0,0.104055493
110901050607,2018,0.100343411,0.0,0.100343411
110901050607,2019,0.102318512,0.0,0.102318512
110901050607,2020,0.138351612,0.0,0.138351612
110901050608,2000,1.513991699,0.0,1.513991699
110901050608,2001,1.218203392,0.0,1.218203392
110901050608,2002,0.790812964,0.0,0.790812964
110901050608,2003,1.067122671,0.0,1.067122671
110901050608,2004,1.293860052,0.0,1.293860052
110901050608,2005,1.599911997,0.0,1.599911997
110901050608,2006,1.225951699,0.0,1.225951699
110901050608,2007,1.581674085,0.0,1.581674085
110901050608,2008,1.253818402,0.0,1.253818402
110901050608,2009,1.215788225,0.0,1.215788225
110901050608,2010,1.474792532,0.0,1.474792532
110901050608,2011,1.264017093,0.0,1.264017093
110901050608,2012,1.593482861,0.0,1.593482861
110901050608,2013,2.014878356,0.0,2.014878356
110901050608,2014,1.34609486,0.0,1.34609486
110901050608,2015,1.47929411,0.0,1.47929411
110901050608,2016,0.698082604,0.0,0.698082604
110901050608,2017,0.35095971,0.0,0.35095971
110901050608,2018,0.964295641,0.0,0.964295641
110901050608,2019,0.732707967,0.0,0.732707967
110901050608,2020,1.734071738,0.0,1.734071738
110901050701,2000,0.0,0.0,0.0
110901050701,2001,0.0,0.0,0.0
110901050701,2002,0.0,0.0,0.0
110901050701,2003,0.0,0.0,0.0
110901050701,2004,0.0,0.0,0.0
110901050701,2005,0.0,0.0,0.0
110901050701,2006,0.0,0.0,0.0
110901050701,2007,0.0,0.0,0.0
110901050701,2008,0.0,0.0,0.0
110901050701,2009,0.0,0.0,0.0
110901050701,2010,0.0,0.0,0.0
110901050701,2011,0.0,0.0,0.0
110901050701,2012,0.0,0.0,0.0
110901050701,2013,0.0,0.0,0.0
110901050701,2014,0.0,0.0,0.0
110901050701,2015,0.0,0.0,0.0
110901050701,2016,0.0,0.0,0.0
110901050701,2017,0.0,0.0,0.0
110901050701,2018,0.0,0.0,0.0
110901050701,2019,0.0,0.0,0.0
110901050701,2020,0.0,0.0,0.0
110901050702,2000,0.0,0.0,0.0
110901050702,2001,0.032014775,0.0,0.032014775
110901050702,2002,0.0,0.0,0.0
110901050702,2003,0.0,0.0,0.0
110901050702,2004,0.0,0.0,0.0
110901050702,2005,0.019127836,0.0,0.019127836
110901050702,2006,0.007972868,0.0,0.007972868
110901050702,2007,0.053863384,0.0,0.053863384
110901050702,2008,0.0,0.0,0.0
110901050702,2009,0.0,0.0,0.0
110901050702,2010,0.0,0.0,0.0
110901050702,2011,0.0,0.0,0.0
110901050702,2012,0.0,0.0,0.0
110901050702,2013,0.0,0.0,0.0
110901050702,2014,0.0,0.0,0.0
110901050702,2015,0.0,0.0,0.0
110901050702,2016,0.0,0.0,0.0
110901050702,2017,0.0,0.0,0.0
110901050702,2018,0.0,0.0,0.0
110901050702,2019,0.063681334,0.0,0.063681334
110901050702,2020,0.045825462,0.0,0.045825462
110901050703,2000,0.0,0.0,0.0
110901050703,2001,0.0,0.0,0.0
110901050703,2002,0.0,0.0,0.0
110901050703,2003,0.0,0.0,0.0
110901050703,2004,0.0,0.0,0.0
110901050703,2005,0.0,0.0,0.0
110901050703,2006,0.0,0.0,0.0
110901050703,2007,0.0,0.0,0.0
110901050703,2008,0.0,0.0,0.0
110901050703,2009,0.0,0.0,0.0
110901050703,2010,0.0,0.0,0.0
110901050703,2011,0.0,0.0,0.0
110901050703,2012,0.0,0.0,0.0
110901050703,2013,0.0,0.0,0.0
110901050703,2014,0.0,0.0,0.0
110901050703,2015,0.0,0.0,0.0
110901050703,2016,0.0,0.0,0.0
110901050703,2017,0.0,0.0,0.0
110901050703,2018,0.0,0.0,0.0
110901050703,2019,0.0,0.0,0.0
110901050703,2020,0.0,0.0,0.0
110901050704,2000,0.0,0.0,0.0
110901050704,2001,0.0,0.0,0.0
110901050704,2002,0.0,0.0,0.0
110901050704,2003,0.0,0.0,0.0
110901050704,2004,0.0,0.0,0.0
110901050704,2005,0.0,0.0,0.0
110901050704,2006,0.0,0.0,0.0
110901050704,2007,0.0,0.0,0.0
110901050704,2008,0.0,0.0,0.0
110901050704,2009,0.0,0.0,0.0
110901050704,2010,0.0,0.0,0.0
110901050704,2011,0.0,0.0,0.0
110901050704,2012,0.0,0.0,0.0
110901050704,2013,0.0,0.0,0.0
110901050704,2014,0.0,0.0,0.0
110901050704,2015,0.0,0.0,0.0
110901050704,2016,0.0,0.0,0.0
110901050704,2017,0.0,0.0,0.0
110901050704,2018,0.0,0.0,0.0
110901050704,2019,0.0,0.0,0.0
110901050704,2020,0.0,0.0,0.0
110901050705,2000,0.0,0.0,0.0
110901050705,2001,0.0,0.0,0.0
110901050705,2002,0.0,0.0,0.0
110901050705,2003,0.0,0.0,0.0
110901050705,2004,0.0,0.0,0.0
110901050705,2005,0.0,0.0,0.0
110901050705,2006,0.0,0.0,0.0
110901050705,2007,0.0,0.0,0.0
110901050705,2008,0.0,0.0,0.0
110901050705,2009,0.0,0.0,0.0
110901050705,2010,0.0,0.0,0.0
110901050705,2011,0.0,0.0,0.0
110901050705,2012,0.0,0.0,0.0
110901050705,2013,0.0,0.0,0.0
110901050705,2014,0.0,0.0,0.0
110901050705,2015,0.0,0.0,0.0
110901050705,2016,0.0,0.0,0.0
110901050705,2017,0.0,0.0,0.0
110901050705,2018,0.0,0.0,0.0
110901050705,2019,0.0,0.0,0.0
110901050705,2020,0.0,0.0,0.0
110901050706,2000,0.0,0.0,0.0
110901050706,2001,0.0,0.0,0.0
110901050706,2002,0.0,0.0,0.0
110901050706,2003,0.0,0.0,0.0
110901050706,2004,0.0,0.0,0.0
110901050706,2005,0.0,0.0,0.0
110901050706,2006,0.0,0.0,0.0
110901050706,2007,0.0,0.0,0.0
110901050706,2008,0.0,0.0,0.0
110901050706,2009,0.0,0.0,0.0
110901050706,2010,0.0,0.0,0.0
110901050706,2011,0.0,0.0,0.0
110901050706,2012,0.0,0.0,0.0
110901050706,2013,0.0,0.0,0.0
110901050706,2014,0.0,0.0,0.0
110901050706,2015,0.0,0.0,0.0
110901050706,2016,0.0,0.0,0.0
110901050706,2017,0.0,0.0,0.0
110901050706,2018,0.0,0.0,0.0
110901050706,2019,0.0,0.0,0.0
110901050706,2020,0.0,0.0,0.0
110901050707,2000,0.0,0.0,0.0
110901050707,2001,0.0,0.0,0.0
110901050707,2002,0.0,0.0,0.0
110901050707,2003,0.0,0.0,0.0
110901050707,2004,0.0,0.0,0.0
110901050707,2005,0.0,0.0,0.0
110901050707,2006,0.0,0.0,0.0
110901050707,2007,0.0,0.0,0.0
110901050707,2008,0.0,0.0,0.0
110901050707,2009,0.0,0.0,0.0
110901050707,2010,0.0,0.0,0.0
110901050707,2011,0.0,0.0,0.0
110901050707,2012,0.0,0.0,0.0
110901050707,2013,0.0,0.0,0.0
110901050707,2014,0.0,0.0,0.0
110901050707,2015,0.0,0.0,0.0
110901050707,2016,0.0,0.0,0.0
110901050707,2017,0.0,0.0,0.0
110901050707,2018,0.0,0.0,0.0
110901050707,2019,0.0,0.0,0.0
110901050707,2020,0.0,0.0,0.0
110901050708,2000,1.693965538,0.040655036,1.653310336
110901050708,2001,1.34075634,0.022792932,1.317963575
110901050708,2002,1.611908915,0.020954792,1.590953953
110901050708,2003,1.693719633,0.018630915,1.675088551
110901050708,2004,1.758421216,0.026376399,1.732044817
110901050708,2005,1.058591529,0.014820285,1.043771159
110901050708,2006,1.35743909,0.013574411,1.343864847
110901050708,2007,2.3075316,0.043843175,2.26368851
110901050708,2008,1.68667138,0.025300063,1.661371399
110901050708,2009,2.138123521,0.032071852,2.106051668
110901050708,2010,2.68645277,0.045669674,2.640783014
110901050708,2011,1.666524899,0.029997411,1.636527485
110901050708,2012,2.933510033,0.046936104,2.886573844
110901050708,2013,1.800385362,0.021604608,1.778780841
110901050708,2014,1.05605014,0.015840915,1.040209477
110901050708,2015,1.926293458,0.026968216,1.899325405
110901050708,2016,2.483607921,0.027319773,2.456288232
110901050708,2017,1.236033559,0.022248534,1.213784942
110901050708,2018,1.449900507,0.027548027,1.422352397
110901050708,2019,2.15153146,0.034424499,2.117107047
110901050708,2020,2.459776194,0.039356311,2.420419795
110901060101,2000,1.9601045,0.072523934,1.887580402
110901060101,2001,1.044413288,0.038643326,1.005769879
110901060101,2002,1.027995501,0.038035885,0.989959534
110901060101,2003,1.216818411,0.04502229,1.171796036
110901060101,2004,0.949213224,0.035120751,0.914092306
110901060101,2005,0.948361838,0.035089299,0.913272452
110901060101,2006,0.670700323,0.024815858,0.645884384
110901060101,2007,1.265591189,0.046826756,1.218764433
110901060101,2008,0.721770683,0.026705443,0.695065156
110901060101,2009,0.653140666,0.024166236,0.628974263
110901060101,2010,0.644217762,0.023836008,0.620381753
110901060101,2011,1.515489126,0.056073197,1.459416011
110901060101,2012,1.758386003,0.065060273,1.693325648
110901060101,2013,2.407803625,0.089088764,2.318715027
110901060101,2014,2.179437181,0.080639156,2.098798025
110901060101,2015,1.495946542,0.055349984,1.440596474
110901060101,2016,2.243671852,0.083015836,2.160655934
110901060101,2017,1.831378321,0.067761082,1.763617323
110901060101,2018,2.460442353,0.091036452,2.369406071
110901060101,2019,3.106878901,0.114954545,2.991924271
110901060101,2020,4.85311259,0.179565295,4.673547544
110901060102,2000,0.030378052,0.001124016,0.029254036
110901060102,2001,0.026115827,0.000966359,0.025149721
110901060102,2002,0.009080263,0.000335995,0.008744353
110901060102,2003,0.041759474,0.00154509,0.040214384
110901060102,2004,0.02121368,0.000784904,0.020428776
110901060102,2005,0.004063118,0.000150238,0.003912712
110901060102,2006,0.002095986,7.7507e-05,0.002018397
110901060102,2007,0.034357049,0.001271126,0.033085671
110901060102,2008,0.030449284,0.001126658,0.029322708
110901060102,2009,0.030574753,0.001131219,0.029443449
110901060102,2010,0.040343436,0.001492748,0.03885077
110901060102,2011,0.010162537,0.000375915,0.009786452
110901060102,2012,0.027458661,0.001016003,0.026442574
110901060102,2013,0.0,0.0,0.0
110901060102,2014,0.004028553,0.000149096,0.003879622
110901060102,2015,0.027289477,0.00100977,0.026279542
110901060102,2016,0.0,0.0,0.0
110901060102,2017,0.002859233,0.000105803,0.002753436
110901060102,2018,0.024177814,0.000894562,0.023283255
110901060102,2019,0.027497312,0.001017356,0.026480041
110901060102,2020,0.014674199,0.000543038,0.014131079
110901060103,2000,1.617890126,0.003235716,1.614654243
110901060103,2001,1.365575619,0.002731167,1.362844452
110901060103,2002,1.07159997,0.002143121,1.069456849
110901060103,2003,0.993895959,0.00198769,0.991908268
110901060103,2004,0.688313896,0.001376683,0.686937131
110901060103,2005,1.405455737,0.002810962,1.40264469
110901060103,2006,1.827435781,0.003654742,1.823781038
110901060103,2007,1.58182017,0.003163753,1.578656584
110901060103,2008,1.541870929,0.003083697,1.538787066
110901060103,2009,2.372008696,0.004744142,2.367264468
110901060103,2010,2.35428306,0.004708581,2.349574479
110901060103,2011,3.174856589,0.006349784,3.168506636
110901060103,2012,2.792307929,0.005584672,2.786723172
110901060103,2013,3.09524309,0.006190512,3.089052748
110901060103,2014,2.662416249,0.005324778,2.657091386
110901060103,2015,1.951888195,0.003903877,1.947984485
110901060103,2016,3.309681582,0.00661944,3.303062309
110901060103,2017,2.996839773,0.005993545,2.990846145
110901060103,2018,3.692002718,0.00738397,3.684618663
110901060103,2019,2.285469781,0.004570841,2.280898688
110901060103,2020,3.72285376,0.007445738,3.71540794
110901060104,2000,3.171850298,0.006343637,3.165506577
110901060104,2001,2.352616997,0.00470526,2.347911989
110901060104,2002,1.984777707,0.003969496,1.980808126
110901060104,2003,1.957735123,0.003915474,1.953819732
110901060104,2004,1.850910041,0.003701724,1.847208317
110901060104,2005,2.021566819,0.004043126,2.017523608
110901060104,2006,2.355839178,0.004711718,2.351127545
110901060104,2007,3.999173523,0.007998362,3.991175079
110901060104,2008,2.73243376,0.005464822,2.72696877
110901060104,2009,3.742320222,0.007484581,3.734835474
110901060104,2010,4.329669063,0.008659332,4.321009732
110901060104,2011,5.277872099,0.010555699,5.267316403
110901060104,2012,3.257100325,0.006514216,3.250586112
110901060104,2013,3.930244466,0.007860515,3.922383786
110901060104,2014,4.236001337,0.008472052,4.227529367
110901060104,2015,2.242969715,0.004485926,2.238483789
110901060104,2016,2.817624571,0.00563518,2.811989221
110901060104,2017,3.838804003,0.007677668,3.831126334
110901060104,2018,3.503808816,0.007007671,3.496801145
110901060104,2019,2.604843353,0.005209701,2.599633652
110901060104,2020,4.139752858,0.008279481,4.13147321
110901060105,2000,0.0,0.0,0.0
110901060105,2001,0.0,0.0,0.0
110901060105,2002,0.0,0.0,0.0
110901060105,2003,0.0,0.0,0.0
110901060105,2004,0.0,0.0,0.0
110901060105,2005,0.0,0.0,0.0
110901060105,2006,0.0,0.0,0.0
110901060105,2007,0.0,0.0,0.0
110901060105,2008,0.0,0.0,0.0
110901060105,2009,0.0,0.0,0.0
110901060105,2010,0.0,0.0,0.0
110901060105,2011,0.0,0.0,0.0
110901060105,2012,0.0,0.0,0.0
110901060105,2013,0.0,0.0,0.0
110901060105,2014,0.0,0.0,0.0
110901060105,2015,0.0,0.0,0.0
110901060105,2016,0.0,0.0,0.0
110901060105,2017,0.0,0.0,0.0
110901060105,2018,0.0,0.0,0.0
110901060105,2019,0.0,0.0,0.0
110901060105,2020,0.0,0.0,0.0
110901060106,2000,0.0,0.0,0.0
110901060106,2001,0.0,0.0,0.0
110901060106,2002,0.0,0.0,0.0
110901060106,2003,0.0,0.0,0.0
110901060106,2004,0.016006492,0.000592331,0.015414246
110901060106,2005,0.0,0.0,0.0
110901060106,2006,0.0,0.0,0.0
110901060106,2007,0.017044718,0.000630556,0.016414162
110901060106,2008,0.0,0.0,0.0
110901060106,2009,0.027032104,0.001000219,0.026031885
110901060106,2010,0.0,0.0,0.0
110901060106,2011,0.0,0.0,0.0
110901060106,2012,0.0,0.0,0.0
110901060106,2013,0.0,0.0,0.0
110901060106,2014,0.0,0.0,0.0
110901060106,2015,0.018205803,0.00067366,0.017532058
110901060106,2016,0.0,0.0,0.0
110901060106,2017,0.0,0.0,0.0
110901060106,2018,0.0,0.0,0.0
110901060106,2019,0.0,0.0,0.0
110901060106,2020,0.0,0.0,0.0
110901060107,2000,0.0,0.0,0.0
110901060107,2001,0.0,0.0,0.0
110901060107,2002,0.0,0.0,0.0
110901060107,2003,0.0,0.0,0.0
110901060107,2004,0.0,0.0,0.0
110901060107,2005,0.0,0.0,0.0
110901060107,2006,0.0,0.0,0.0
110901060107,2007,0.0,0.0,0.0
110901060107,2008,0.0,0.0,0.0
110901060107,2009,0.0,0.0,0.0
110901060107,2010,0.0,0.0,0.0
110901060107,2011,0.0,0.0,0.0
110901060107,2012,0.0,0.0,0.0
110901060107,2013,0.0,0.0,0.0
110901060107,2014,0.0,0.0,0.0
110901060107,2015,0.0,0.0,0.0
110901060107,2016,0.0,0.0,0.0
110901060107,2017,0.0,0.0,0.0
110901060107,2018,0.0,0.0,0.0
110901060107,2019,0.0,0.0,0.0
110901060107,2020,0.0,0.0,0.0
110901060108,2000,2.454175544,0.090804475,2.363370984
110901060108,2001,1.285430132,0.047560882,1.237869334
110901060108,2002,1.833535364,0.067840726,1.765694556
110901060108,2003,2.440953644,0.090315315,2.350638247
110901060108,2004,2.109258836,0.078042648,2.031216355
110901060108,2005,0.949575318,0.035134236,0.914441249
110901060108,2006,1.252687142,0.046349304,1.206337753
110901060108,2007,1.820034488,0.067341233,1.752693255
110901060108,2008,1.579280418,0.058433377,1.520846874
110901060108,2009,0.798418866,0.029541592,0.768877274
110901060108,2010,2.480799562,0.091789616,2.389010027
110901060108,2011,2.828065778,0.104638301,2.723427392
110901060108,2012,3.592015563,0.132904478,3.459111005
110901060108,2013,3.783091959,0.139974329,3.643117545
110901060108,2014,2.955413296,0.109350329,2.846062967
110901060108,2015,1.869912132,0.069186663,1.800725468
110901060108,2016,3.023503178,0.111869628,2.911633544
110901060108,2017,2.443581663,0.090412444,2.353169137
110901060108,2018,2.269423315,0.083968641,2.185454756
110901060108,2019,2.597523712,0.096108362,2.501415268
110901060108,2020,2.558162448,0.094652016,2.463510347
110901060109,2000,0.0,0.0,0.0
110901060109,2001,0.0,0.0,0.0
110901060109,2002,0.0,0.0,0.0
110901060109,2003,0.0,0.0,0.0
110901060109,2004,0.0,0.0,0.0
110901060109,2005,0.0,0.0,0.0
110901060109,2006,0.0,0.0,0.0
110901060109,2007,0.0,0.0,0.0
110901060109,2008,0.0,0.0,0.0
110901060109,2009,0.0,0.0,0.0
110901060109,2010,0.0,0.0,0.0
110901060109,2011,0.0,0.0,0.0
110901060109,2012,0.0,0.0,0.0
110901060109,2013,0.0,0.0,0.0
110901060109,2014,0.0,0.0,0.0
110901060109,2015,0.0,0.0,0.0
110901060109,2016,0.0,0.0,0.0
110901060109,2017,0.0,0.0,0.0
110901060109,2018,0.0,0.0,0.0
110901060109,2019,0.0,0.0,0.0
110901060109,2020,0.0,0.0,0.0
110901060201,2000,1.797884514,0.003595817,1.794288951
110901060201,2001,1.438314532,0.002876729,1.435437721
110901060201,2002,1.182762351,0.002365474,1.180396877
110901060201,2003,2.015955167,0.004031896,2.011923351
110901060201,2004,1.375113115,0.002750153,1.372362962
110901060201,2005,1.412835112,0.002825789,1.410009321
110901060201,2006,0.749511721,0.001499044,0.748012677
110901060201,2007,1.514338162,0.003028644,1.511309518
110901060201,2008,0.983763962,0.00196753,0.98179635
110901060201,2009,1.632089775,0.003264219,1.628825474
110901060201,2010,1.501320849,0.003002742,1.498318192
110901060201,2011,3.147776433,0.006295581,3.141480852
110901060201,2012,3.055535981,0.006111038,3.049425027
110901060201,2013,3.769915844,0.007539849,3.762375992
110901060201,2014,2.871685216,0.005743381,2.865942082
110901060201,2015,1.68177797,0.003363523,1.678414282
110901060201,2016,2.576942243,0.005153809,2.571788432
110901060201,2017,2.728655304,0.005457279,2.723198189
110901060201,2018,3.473993592,0.006947984,3.467045523
110901060201,2019,3.024821707,0.006049701,3.018772005
110901060201,2020,3.948941497,0.00789794,3.941043557
110901060202,2000,0.060883995,0.000121721,0.060762437
110901060202,2001,0.111559501,0.000223159,0.111336425
110901060202,2002,0.100850978,0.000201764,0.100649299
110901060202,2003,0.152068255,0.000304016,0.151764156
110901060202,2004,0.136877057,0.000273844,0.136603383
110901060202,2005,0.140907123,0.000281778,0.140625263
110901060202,2006,0.04292926,8.5838e-05,0.04284334
110901060202,2007,0.051808756,0.000103603,0.051705238
110901060202,2008,0.00446615,9.005e-06,0.004457227
110901060202,2009,0.173575597,0.000347222,0.17322846
110901060202,2010,0.12229503,0.00024454,0.122050578
110901060202,2011,0.04542163,9.086e-05,0.045331019
110901060202,2012,0.050046464,0.000100224,0.049946243
110901060202,2013,0.042316537,8.4701e-05,0.042231836
110901060202,2014,0.163771074,0.000327542,0.163443532
110901060202,2015,0.111148364,0.000222219,0.110925978
110901060202,2016,0.142327907,0.000284667,0.142043074
110901060202,2017,0.028529611,5.7058e-05,0.028472548
110901060202,2018,0.025400953,5.0789e-05,0.025350164
110901060202,2019,0.141981573,0.000283973,0.141697688
110901060202,2020,0.168613475,0.000337295,0.168276347
110901060203,2000,2.620797478,0.005241566,2.615555831
110901060203,2001,2.736402184,0.005472775,2.730929408
110901060203,2002,3.919653334,0.007839351,3.911814151
110901060203,2003,3.186502005,0.006372934,3.180128907
110901060203,2004,2.318161891,0.004636249,2.313525475
110901060203,2005,4.671650452,0.009343397,4.662307142
110901060203,2006,5.402553011,0.010805118,5.391747896
110901060203,2007,3.970159844,0.007940356,3.96221949
110901060203,2008,2.100433221,0.004200811,2.096232407
110901060203,2009,5.510302493,0.011020693,5.499281803
110901060203,2010,3.187245466,0.006374332,3.180870964
110901060203,2011,4.411673173,0.008823403,4.402849685
110901060203,2012,4.679464852,0.009358959,4.670106142
110901060203,2013,3.79852689,0.007596934,3.790929871
110901060203,2014,4.344678241,0.008689255,4.335988819
110901060203,2015,2.934123356,0.005868184,2.928255003
110901060203,2016,3.119349847,0.006238639,3.113111123
110901060203,2017,3.544364559,0.007088685,3.537275874
110901060203,2018,3.428159614,0.006856173,3.421303277
110901060203,2019,3.17472563,0.0063494,3.168375975
110901060203,2020,3.321740391,0.006643486,3.315096902
110901060204,2000,0.0,0.0,0.0
110901060204,2001,0.0,0.0,0.0
110901060204,2002,0.0,0.0,0.0
110901060204,2003,0.0,0.0,0.0
110901060204,2004,0.0,0.0,0.0
110901060204,2005,0.0,0.0,0.0
110901060204,2006,0.0,0.0,0.0
110901060204,2007,0.0,0.0,0.0
110901060204,2008,0.0,0.0,0.0
110901060204,2009,0.0,0.0,0.0
110901060204,2010,0.0,0.0,0.0
110901060204,2011,0.0,0.0,0.0
110901060204,2012,0.0,0.0,0.0
110901060204,2013,0.0,0.0,0.0
110901060204,2014,0.0,0.0,0.0
110901060204,2015,0.0,0.0,0.0
110901060204,2016,0.0,0.0,0.0
110901060204,2017,0.0,0.0,0.0
110901060204,2018,0.0,0.0,0.0
110901060204,2019,0.0,0.0,0.0
110901060204,2020,0.0,0.0,0.0
110901060205,2000,0.382915393,0.000765874,0.382149601
110901060205,2001,0.472346814,0.000944797,0.471402189
110901060205,2002,0.010579014,2.1137e-05,0.010557877
110901060205,2003,0.465128008,0.000930208,0.464197803
110901060205,2004,0.274253186,0.000548538,0.273704648
110901060205,2005,0.598534359,0.001197121,0.597337405
110901060205,2006,0.22923134,0.000458353,0.228772732
110901060205,2007,0.644031962,0.001287997,0.642743885
110901060205,2008,0.007019175,1.4109e-05,0.00700515
110901060205,2009,0.018083359,3.6175e-05,0.018047353
110901060205,2010,0.011075096,2.2151e-05,0.011052863
110901060205,2011,0.033657301,6.7277e-05,0.03358986
110901060205,2012,0.017934126,3.5943e-05,0.01789818
110901060205,2013,0.388749732,0.000777378,0.387972353
110901060205,2014,0.693942822,0.001387775,0.692555129
110901060205,2015,0.473750795,0.000947471,0.472803408
110901060205,2016,0.508275301,0.001016587,0.507258798
110901060205,2017,0.654658847,0.001309258,0.653349504
110901060205,2018,0.646370329,0.001292688,0.645077559
110901060205,2019,1.17162074,0.002343175,1.169277567
110901060205,2020,1.437697281,0.002875361,1.434821836
110901060206,2000,0.404240749,0.014956798,0.389283951
110901060206,2001,0.412158164,0.01524991,0.396908422
110901060206,2002,0.371665805,0.0137516,0.357914205
110901060206,2003,0.539012597,0.019943362,0.519069151
110901060206,2004,0.309802828,0.011462738,0.298340008
110901060206,2005,0.589075644,0.021795838,0.567279721
110901060206,2006,0.314840553,0.011649121,0.303191433
110901060206,2007,0.668825258,0.024746455,0.644078638
110901060206,2008,0.319734883,0.011830191,0.307904691
110901060206,2009,0.649928984,0.024047255,0.625881647
110901060206,2010,0.624638153,0.023111679,0.601526559
110901060206,2011,0.444112025,0.016432225,0.427679885
110901060206,2012,0.736467574,0.027249374,0.709218448
110901060206,2013,0.685898784,0.025378236,0.660520633
110901060206,2014,0.746688044,0.027627477,0.719060652
110901060206,2015,0.633282742,0.023431567,0.609851175
110901060206,2016,0.525265445,0.019434937,0.505830508
110901060206,2017,0.454501307,0.016816521,0.437684868
110901060206,2018,0.543387485,0.020105364,0.523282367
110901060206,2019,0.559560655,0.020703658,0.538856915
110901060206,2020,1.588150268,0.058761593,1.529388757
110901060207,2000,2.587938921,0.095753811,2.492185191
110901060207,2001,2.367808181,0.087608959,2.280199301
110901060207,2002,1.727200537,0.063906468,1.663294068
110901060207,2003,1.42221111,0.052621838,1.369589356
110901060207,2004,1.601369956,0.05925076,1.542119445
110901060207,2005,1.752232427,0.064832559,1.687399701
110901060207,2006,2.278276181,0.084296318,2.193979948
110901060207,2007,2.019857362,0.074734619,1.945122742
110901060207,2008,2.353126066,0.087065645,2.266060257
110901060207,2009,2.389251019,0.088402214,2.300848721
110901060207,2010,2.347364096,0.086852315,2.260511532
110901060207,2011,4.106725055,0.151948877,3.954776178
110901060207,2012,4.231904781,0.156580593,4.075324355
110901060207,2013,4.181102074,0.154700816,4.026401258
110901060207,2014,3.587919482,0.132753014,3.455166471
110901060207,2015,3.126611847,0.115684532,3.010927151
110901060207,2016,3.026623,0.111985016,2.914637899
110901060207,2017,2.426587477,0.089783778,2.336803778
110901060207,2018,3.067713052,0.113505444,2.954207693
110901060207,2019,3.105229559,0.114893411,2.990335899
110901060207,2020,4.119553732,0.15242347,3.96713018
110901060208,2000,0.0,0.0,0.0
110901060208,2001,0.0,0.0,0.0
110901060208,2002,0.0,0.0,0.0
110901060208,2003,0.0,0.0,0.0
110901060208,2004,0.0,0.0,0.0
110901060208,2005,0.0,0.0,0.0
110901060208,2006,0.0,0.0,0.0
110901060208,2007,0.0,0.0,0.0
110901060208,2008,0.0,0.0,0.0
110901060208,2009,0.0,0.0,0.0
110901060208,2010,0.0,0.0,0.0
110901060208,2011,0.0,0.0,0.0
110901060208,2012,0.0,0.0,0.0
110901060208,2013,0.0,0.0,0.0
110901060208,2014,0.0,0.0,0.0
110901060208,2015,0.0,0.0,0.0
110901060208,2016,0.0,0.0,0.0
110901060208,2017,0.0,0.0,0.0
110901060208,2018,0.0,0.0,0.0
110901060208,2019,0.0,0.0,0.0
110901060208,2020,0.0,0.0,0.0
110901060301,2000,8.151926383,0.01630379,8.135622426
110901060301,2001,6.157330742,0.012314605,6.145016137
110901060301,2002,4.965463181,0.009930953,4.955532312
110901060301,2003,6.932229068,0.013864463,6.918364773
110901060301,2004,6.667530525,0.013335175,6.654195434
110901060301,2005,7.163923762,0.014327751,7.149595929
110901060301,2006,6.550642129,0.013101296,6.53754083
110901060301,2007,8.424340671,0.016848633,8.407492121
110901060301,2008,7.544581238,0.015089306,7.529491932
110901060301,2009,7.362126636,0.014724263,7.347402458
110901060301,2010,8.931284189,0.017862438,8.913421668
110901060301,2011,12.530472652,0.025060929,12.505411811
110901060301,2012,12.615967109,0.025231893,12.590735134
110901060301,2013,11.118441241,0.022236868,11.096204373
110901060301,2014,9.355963989,0.018711986,9.337252088
110901060301,2015,6.607952132,0.01321589,6.594736071
110901060301,2016,8.409766571,0.016819429,8.392946893
110901060301,2017,8.902578285,0.017805074,8.884773129
110901060301,2018,10.226135279,0.020452342,10.205683019
110901060301,2019,9.68846583,0.019376879,9.669088951
110901060301,2020,15.99211691,0.031984205,15.96013262
110901060302,2000,0.001233505,2.434e-06,0.001230986
110901060302,2001,0.054101471,0.000108252,0.053993307
110901060302,2002,0.011495614,2.3003e-05,0.011472696
110901060302,2003,0.020292537,4.0649e-05,0.020252137
110901060302,2004,0.354762464,0.000709525,0.354053104
110901060302,2005,0.410484773,0.000820904,0.409663704
110901060302,2006,0.418159567,0.000836247,0.417323068
110901060302,2007,0.000831337,1.679e-06,0.000829658
110901060302,2008,0.0,0.0,0.0
110901060302,2009,0.00339594,6.715e-06,0.003389227
110901060302,2010,0.339235088,0.000678441,0.338556567
110901060302,2011,0.003254318,6.625e-06,0.003247945
110901060302,2012,0.0,0.0,0.0
110901060302,2013,0.0,0.0,0.0
110901060302,2014,0.0,0.0,0.0
110901060302,2015,0.0,0.0,0.0
110901060302,2016,0.0,0.0,0.0
110901060302,2017,0.0,0.0,0.0
110901060302,2018,0.0,0.0,0.0
110901060302,2019,0.440145488,0.000880189,0.439265044
110901060302,2020,0.172348098,0.000344855,0.172003325
110901060303,2000,0.0,0.0,0.0
110901060303,2001,0.0,0.0,0.0
110901060303,2002,0.0,0.0,0.0
110901060303,2003,0.0,0.0,0.0
110901060303,2004,0.0,0.0,0.0
110901060303,2005,0.0,0.0,0.0
110901060303,2006,0.0,0.0,0.0
110901060303,2007,0.0,0.0,0.0
110901060303,2008,0.0,0.0,0.0
110901060303,2009,0.0,0.0,0.0
110901060303,2010,0.0,0.0,0.0
110901060303,2011,0.0,0.0,0.0
110901060303,2012,0.0,0.0,0.0
110901060303,2013,0.0,0.0,0.0
110901060303,2014,0.0,0.0,0.0
110901060303,2015,0.0,0.0,0.0
110901060303,2016,0.0,0.0,0.0
110901060303,2017,0.0,0.0,0.0
110901060303,2018,0.0,0.0,0.0
110901060303,2019,0.0,0.0,0.0
110901060303,2020,0.0,0.0,0.0
110901060304,2000,0.0,0.0,0.0
110901060304,2001,0.0,0.0,0.0
110901060304,2002,0.0,0.0,0.0
110901060304,2003,0.0,0.0,0.0
110901060304,2004,0.0,0.0,0.0
110901060304,2005,0.0,0.0,0.0
110901060304,2006,0.0,0.0,0.0
110901060304,2007,0.0,0.0,0.0
110901060304,2008,0.0,0.0,0.0
110901060304,2009,0.0,0.0,0.0
110901060304,2010,0.0,0.0,0.0
110901060304,2011,0.0,0.0,0.0
110901060304,2012,0.0,0.0,0.0
110901060304,2013,0.0,0.0,0.0
110901060304,2014,0.0,0.0,0.0
110901060304,2015,0.207938518,0.007693814,0.200244871
110901060304,2016,0.257231828,0.009517623,0.24771429
110901060304,2017,0.227850093,0.008430488,0.219419605
110901060304,2018,0.220885274,0.008172732,0.212712458
110901060304,2019,0.243056301,0.00899311,0.234063192
110901060304,2020,0.286876751,0.010614429,0.276262238
110901060305,2000,0.0,0.0,0.0
110901060305,2001,0.0,0.0,0.0
110901060305,2002,0.0,0.0,0.0
110901060305,2003,0.0,0.0,0.0
110901060305,2004,0.0,0.0,0.0
110901060305,2005,0.0,0.0,0.0
110901060305,2006,0.0,0.0,0.0
110901060305,2007,0.0,0.0,0.0
110901060305,2008,0.0,0.0,0.0
110901060305,2009,0.0,0.0,0.0
110901060305,2010,0.0,0.0,0.0
110901060305,2011,0.0,0.0,0.0
110901060305,2012,0.0,0.0,0.0
110901060305,2013,0.0,0.0,0.0
110901060305,2014,0.0,0.0,0.0
110901060305,2015,0.0,0.0,0.0
110901060305,2016,0.0,0.0,0.0
110901060305,2017,0.0,0.0,0.0
110901060305,2018,0.0,0.0,0.0
110901060305,2019,0.0,0.0,0.0
110901060305,2020,0.0,0.0,0.0
110901060306,2000,0.178744301,0.0,0.178744301
110901060306,2001,0.119360392,0.0,0.119360392
110901060306,2002,0.141940252,0.0,0.141940252
110901060306,2003,0.20484231,0.0,0.20484231
110901060306,2004,0.158244301,0.0,0.158244301
110901060306,2005,0.199523882,0.0,0.199523882
110901060306,2006,0.246671233,0.0,0.246671233
110901060306,2007,0.169025567,0.0,0.169025567
110901060306,2008,0.161339708,0.0,0.161339708
110901060306,2009,0.149548022,0.0,0.149548022
110901060306,2010,0.277061836,0.0,0.277061836
110901060306,2011,0.3361,0.0,0.3361
110901060306,2012,0.193202964,0.0,0.193202964
110901060306,2013,0.204668373,0.0,0.204668373
110901060306,2014,0.131217038,0.0,0.131217038
110901060306,2015,0.179921005,0.0,0.179921005
110901060306,2016,0.237328352,0.0,0.237328352
110901060306,2017,0.214515173,0.0,0.214515173
110901060306,2018,0.106130195,0.0,0.106130195
110901060306,2019,0.358611778,0.0,0.358611778
110901060306,2020,0.340213407,0.0,0.340213407
110901060307,2000,0.332274607,0.000664585,0.331610109
110901060307,2001,0.312198014,0.000624411,0.311573767
110901060307,2002,0.241374129,0.000482803,0.240891411
110901060307,2003,0.590561255,0.001181186,0.589379986
110901060307,2004,0.359488544,0.000718907,0.358769637
110901060307,2005,0.443804978,0.000887575,0.442917236
110901060307,2006,0.288371351,0.000576726,0.287794625
110901060307,2007,0.609577951,0.001219236,0.608358718
110901060307,2008,0.358404877,0.00071685,0.357688197
110901060307,2009,0.237588485,0.000475047,0.237113181
110901060307,2010,0.507750584,0.001015482,0.506735184
110901060307,2011,0.581948293,0.001163855,0.580784441
110901060307,2012,0.322581888,0.000645137,0.321936667
110901060307,2013,0.133826893,0.000267589,0.133559219
110901060307,2014,0.291497652,0.000582915,0.290914737
110901060307,2015,0.242288614,0.000484644,0.241803803
110901060307,2016,0.307552984,0.000615093,0.306937978
110901060307,2017,0.286049956,0.000572159,0.285477964
110901060307,2018,0.413124427,0.000826321,0.412298274
110901060307,2019,0.333102745,0.000666274,0.332436471
110901060307,2020,0.419137082,0.000838325,0.418298593
110901060308,2000,0.0,0.0,0.0
110901060308,2001,0.0,0.0,0.0
110901060308,2002,0.0,0.0,0.0
110901060308,2003,0.0,0.0,0.0
110901060308,2004,0.0,0.0,0.0
110901060308,2005,0.0,0.0,0.0
110901060308,2006,0.0,0.0,0.0
110901060308,2007,0.0,0.0,0.0
110901060308,2008,0.0,0.0,0.0
110901060308,2009,0.0,0.0,0.0
110901060308,2010,0.0,0.0,0.0
110901060308,2011,0.0,0.0,0.0
110901060308,2012,0.0,0.0,0.0
110901060308,2013,0.0,0.0,0.0
110901060308,2014,0.0,0.0,0.0
110901060308,2015,0.0,0.0,0.0
110901060308,2016,0.0,0.0,0.0
110901060308,2017,0.0,0.0,0.0
110901060308,2018,0.0,0.0,0.0
110901060308,2019,0.0,0.0,0.0
110901060308,2020,0.0,0.0,0.0
110901060309,2000,0.0,0.0,0.0
110901060309,2001,0.0,0.0,0.0
110901060309,2002,0.0,0.0,0.0
110901060309,2003,0.0,0.0,0.0
110901060309,2004,0.0,0.0,0.0
110901060309,2005,0.0,0.0,0.0
110901060309,2006,0.021869082,0.000809181,0.021059816
110901060309,2007,0.0,0.0,0.0
110901060309,2008,0.0,0.0,0.0
110901060309,2009,0.0,0.0,0.0
110901060309,2010,0.0,0.0,0.0
110901060309,2011,0.0,0.0,0.0
110901060309,2012,0.0,0.0,0.0
110901060309,2013,0.0,0.0,0.0
110901060309,2014,0.029820904,0.001103348,0.028717553
110901060309,2015,0.0,0.0,0.0
110901060309,2016,0.028659587,0.00106032,0.027599268
110901060309,2017,0.0,0.0,0.0
110901060309,2018,0.0,0.0,0.0
110901060309,2019,0.0,0.0,0.0
110901060309,2020,0.0,0.0,0.0
110901060310,2000,0.0,0.0,0.0
110901060310,2001,0.0,0.0,0.0
110901060310,2002,0.0,0.0,0.0
110901060310,2003,0.0,0.0,0.0
110901060310,2004,0.0,0.0,0.0
110901060310,2005,0.0,0.0,0.0
110901060310,2006,0.0,0.0,0.0
110901060310,2007,0.0,0.0,0.0
110901060310,2008,0.0,0.0,0.0
110901060310,2009,0.0,0.0,0.0
110901060310,2010,0.0,0.0,0.0
110901060310,2011,0.0,0.0,0.0
110901060310,2012,0.0,0.0,0.0
110901060310,2013,0.0,0.0,0.0
110901060310,2014,0.0,0.0,0.0
110901060310,2015,0.0,0.0,0.0
110901060310,2016,0.0,0.0,0.0
110901060310,2017,0.0,0.0,0.0
110901060310,2018,0.0,0.0,0.0
110901060310,2019,0.0,0.0,0.0
110901060310,2020,0.0,0.0,0.0
110901060311,2000,0.894163044,0.033084128,0.861078997
110901060311,2001,1.123082268,0.041553937,1.081528247
110901060311,2002,0.715427707,0.026470926,0.688957115
110901060311,2003,1.088169192,0.040262142,1.047906885
110901060311,2004,0.567354475,0.020992238,0.546362317
110901060311,2005,0.738172195,0.027312244,0.710859781
110901060311,2006,0.45381423,0.016791096,0.43702297
110901060311,2007,0.515543899,0.019075258,0.496468811
110901060311,2008,0.304549954,0.011268314,0.293281639
110901060311,2009,0.052238504,0.001932901,0.050305773
110901060311,2010,0.293489458,0.01085909,0.282630362
110901060311,2011,0.975789074,0.036104197,0.939684877
110901060311,2012,1.469063822,0.05435538,1.414708527
110901060311,2013,1.57231189,0.058175573,1.514136488
110901060311,2014,1.65164506,0.061110893,1.59053417
110901060311,2015,1.372560164,0.050784786,1.321775548
110901060311,2016,1.569592549,0.058074839,1.51151771
110901060311,2017,1.264195452,0.046775184,1.217420189
110901060311,2018,1.508686556,0.055821359,1.452865282
110901060311,2019,2.033764838,0.075249279,1.958515559
110901060311,2020,1.256260811,0.046481705,1.209779109
110901060401,2000,0.0,0.0,0.0
110901060401,2001,0.0,0.0,0.0
110901060401,2002,0.0,0.0,0.0
110901060401,2003,0.0,0.0,0.0
110901060401,2004,0.0,0.0,0.0
110901060401,2005,0.0,0.0,0.0
110901060401,2006,0.0,0.0,0.0
110901060401,2007,0.017587904,0.0,0.017587904
110901060401,2008,0.0,0.0,0.0
110901060401,2009,0.0,0.0,0.0
110901060401,2010,0.0,0.0,0.0
110901060401,2011,0.0,0.0,0.0
110901060401,2012,0.0,0.0,0.0
110901060401,2013,0.0,0.0,0.0
110901060401,2014,0.020339748,0.0,0.020339748
110901060401,2015,0.012689082,0.0,0.012689082
110901060401,2016,0.020204596,0.0,0.020204596
110901060401,2017,0.018953647,0.0,0.018953647
110901060401,2018,0.017596214,0.0,0.017596214
110901060401,2019,0.018029764,0.0,0.018029764
110901060401,2020,0.032668951,0.0,0.032668951
110901060402,2000,0.0,0.0,0.0
110901060402,2001,0.0,0.0,0.0
110901060402,2002,0.0,0.0,0.0
110901060402,2003,0.0,0.0,0.0
110901060402,2004,0.0,0.0,0.0
110901060402,2005,0.0,0.0,0.0
110901060402,2006,0.0,0.0,0.0
110901060402,2007,0.0,0.0,0.0
110901060402,2008,0.0,0.0,0.0
110901060402,2009,0.0,0.0,0.0
110901060402,2010,0.0,0.0,0.0
110901060402,2011,0.0,0.0,0.0
110901060402,2012,0.0,0.0,0.0
110901060402,2013,0.0,0.0,0.0
110901060402,2014,0.0,0.0,0.0
110901060402,2015,0.0,0.0,0.0
110901060402,2016,0.0,0.0,0.0
110901060402,2017,0.0,0.0,0.0
110901060402,2018,0.0,0.0,0.0
110901060402,2019,0.0,0.0,0.0
110901060402,2020,0.0,0.0,0.0
110901060403,2000,0.0,0.0,0.0
110901060403,2001,0.0,0.0,0.0
110901060403,2002,0.0,0.0,0.0
110901060403,2003,0.0,0.0,0.0
110901060403,2004,0.0,0.0,0.0
110901060403,2005,0.0,0.0,0.0
110901060403,2006,0.0,0.0,0.0
110901060403,2007,0.0,0.0,0.0
110901060403,2008,0.0,0.0,0.0
110901060403,2009,0.0,0.0,0.0
110901060403,2010,0.0,0.0,0.0
110901060403,2011,0.0,0.0,0.0
110901060403,2012,0.0,0.0,0.0
110901060403,2013,0.0,0.0,0.0
110901060403,2014,0.0,0.0,0.0
110901060403,2015,0.0,0.0,0.0
110901060403,2016,0.0,0.0,0.0
110901060403,2017,0.0,0.0,0.0
110901060403,2018,0.0,0.0,0.0
110901060403,2019,0.0,0.0,0.0
110901060403,2020,0.0,0.0,0.0
110901060404,2000,0.497976929,0.018425139,0.479551956
110901060404,2001,0.68797177,0.025454877,0.662516893
110901060404,2002,0.349974767,0.012948975,0.337025792
110901060404,2003,0.34830934,0.012887384,0.335421956
110901060404,2004,0.447834995,0.016570014,0.431265148
110901060404,2005,0.558633948,0.02066943,0.537964518
110901060404,2006,0.448466244,0.01659323,0.431872844
110901060404,2007,0.484535121,0.017927825,0.466607296
110901060404,2008,0.516578593,0.019113404,0.497465273
110901060404,2009,0.33003377,0.01221131,0.317822715
110901060404,2010,0.549404249,0.020327945,0.529076389
110901060404,2011,0.440639381,0.016303644,0.424335904
110901060404,2012,0.869995055,0.032189768,0.837805372
110901060404,2013,0.42885809,0.015867767,0.412990408
110901060404,2014,0.618772304,0.022894636,0.595877838
110901060404,2015,0.389486663,0.014410885,0.375075611
110901060404,2016,0.577423915,0.021364678,0.556059489
110901060404,2017,0.228569411,0.008457175,0.220112236
110901060404,2018,0.523034808,0.019352214,0.50368251
110901060404,2019,0.471833444,0.017457786,0.454375658
110901060404,2020,0.511861664,0.01893885,0.492922896
110901060405,2000,0.641188189,0.0,0.641188189
110901060405,2001,0.549339668,0.0,0.549339668
110901060405,2002,0.424829016,0.0,0.424829016
110901060405,2003,0.547554238,0.0,0.547554238
110901060405,2004,0.568929137,0.0,0.568929137
110901060405,2005,0.52600911,0.0,0.52600911
110901060405,2006,0.714784184,0.0,0.714784184
110901060405,2007,0.669029951,0.0,0.669029951
110901060405,2008,0.722213216,0.0,0.722213216
110901060405,2009,0.767972071,0.0,0.767972071
110901060405,2010,0.759341912,0.0,0.759341912
110901060405,2011,0.907653463,0.0,0.907653463
110901060405,2012,0.837255893,0.0,0.837255893
110901060405,2013,0.778994934,0.0,0.778994934
110901060405,2014,1.146332096,0.0,1.146332096
110901060405,2015,0.736279244,0.0,0.736279244
110901060405,2016,1.178506735,0.0,1.178506735
110901060405,2017,1.026466627,0.0,1.026466627
110901060405,2018,1.149849786,0.0,1.149849786
110901060405,2019,1.154819268,0.0,1.154819268
110901060405,2020,1.475811306,0.0,1.475811306
110901060406,2000,0.034885869,0.0,0.034885869
110901060406,2001,0.028670375,0.0,0.028670375
110901060406,2002,0.037821611,0.0,0.037821611
110901060406,2003,0.024369515,0.0,0.024369515
110901060406,2004,0.025051811,0.0,0.025051811
110901060406,2005,0.022358055,0.0,0.022358055
110901060406,2006,0.017914184,0.0,0.017914184
110901060406,2007,0.015812123,0.0,0.015812123
110901060406,2008,0.0,0.0,0.0
110901060406,2009,0.006010321,0.0,0.006010321
110901060406,2010,0.011546548,0.0,0.011546548
110901060406,2011,0.0,0.0,0.0
110901060406,2012,0.0,0.0,0.0
110901060406,2013,0.0,0.0,0.0
110901060406,2014,0.013342156,0.0,0.013342156
110901060406,2015,0.0,0.0,0.0
110901060406,2016,0.0,0.0,0.0
110901060406,2017,0.0,0.0,0.0
110901060406,2018,0.0,0.0,0.0
110901060406,2019,0.0,0.0,0.0
110901060406,2020,0.0,0.0,0.0
110901060407,2000,4.475636358,0.022378202,4.453257992
110901060407,2001,4.597274685,0.022986389,4.574288296
110901060407,2002,4.382439619,0.017529822,4.364910049
110901060407,2003,3.154006329,0.012616008,3.141390403
110901060407,2004,2.68701553,0.010748049,2.676267566
110901060407,2005,3.808281216,0.026657934,3.781623197
110901060407,2006,4.007631225,0.024045816,3.983585326
110901060407,2007,3.436563181,0.010309567,3.426253444
110901060407,2008,3.504921027,0.021029415,3.483891697
110901060407,2009,3.314196893,0.009942595,3.304254214
110901060407,2010,3.975681214,0.023854203,3.951827093
110901060407,2011,6.013082474,0.036078545,5.977003929
110901060407,2012,4.797050361,0.038376423,4.758673855
110901060407,2013,4.969834373,0.034788901,4.935045553
110901060407,2014,5.332269542,0.037325866,5.294943427
110901060407,2015,2.971995496,0.029720038,2.942275622
110901060407,2016,3.301776197,0.029715918,3.272060112
110901060407,2017,4.104524795,0.032836282,4.071688764
110901060407,2018,3.572063337,0.021432389,3.550631112
110901060407,2019,3.68627929,0.029490247,3.656789047
110901060407,2020,3.920391434,0.023522317,3.89686912
110901060408,2000,2.020387888,0.0,2.020387888
110901060408,2001,2.455055392,0.0,2.455055392
110901060408,2002,2.481254841,0.0,2.481254841
110901060408,2003,1.839836337,0.0,1.839836337
110901060408,2004,2.058297877,0.0,2.058297877
110901060408,2005,2.084458671,0.0,2.084458671
110901060408,2006,2.205126315,0.0,2.205126315
110901060408,2007,1.404461063,0.0,1.404461063
110901060408,2008,1.409299107,0.0,1.409299107
110901060408,2009,1.277387578,0.0,1.277387578
110901060408,2010,2.209425197,0.0,2.209425197
110901060408,2011,2.50079106,0.0,2.50079106
110901060408,2012,1.627060585,0.0,1.627060585
110901060408,2013,2.216274255,0.0,2.216274255
110901060408,2014,1.679386071,0.0,1.679386071
110901060408,2015,1.056752619,0.0,1.056752619
110901060408,2016,1.252316199,0.0,1.252316199
110901060408,2017,1.257177329,0.0,1.257177329
110901060408,2018,1.486460362,0.0,1.486460362
110901060408,2019,1.36355411,0.0,1.36355411
110901060408,2020,1.342729393,0.0,1.342729393
110901060409,2000,1.807375492,0.0,1.807375492
110901060409,2001,1.910513666,0.0,1.910513666
110901060409,2002,1.804446855,0.0,1.804446855
110901060409,2003,1.739424967,0.0,1.739424967
110901060409,2004,1.652556172,0.0,1.652556172
110901060409,2005,1.845538353,0.0,1.845538353
110901060409,2006,2.043885915,0.0,2.043885915
110901060409,2007,2.273680712,0.0,2.273680712
110901060409,2008,2.10012294,0.0,2.10012294
110901060409,2009,2.351755058,0.0,2.351755058
110901060409,2010,2.617230918,0.0,2.617230918
110901060409,2011,3.16036977,0.0,3.16036977
110901060409,2012,3.581529046,0.0,3.581529046
110901060409,2013,3.245953907,0.0,3.245953907
110901060409,2014,2.621574595,0.0,2.621574595
110901060409,2015,2.197233945,0.0,2.197233945
110901060409,2016,3.007814462,0.0,3.007814462
110901060409,2017,2.570584134,0.0,2.570584134
110901060409,2018,3.42995306,0.0,3.42995306
110901060409,2019,3.013404249,0.0,3.013404249
110901060409,2020,3.494109104,0.0,3.494109104
110901060410,2000,0.0,0.0,0.0
110901060410,2001,0.0,0.0,0.0
110901060410,2002,0.0,0.0,0.0
110901060410,2003,0.0,0.0,0.0
110901060410,2004,0.0,0.0,0.0
110901060410,2005,0.0,0.0,0.0
110901060410,2006,0.0,0.0,0.0
110901060410,2007,0.0,0.0,0.0
110901060410,2008,0.0,0.0,0.0
110901060410,2009,0.0,0.0,0.0
110901060410,2010,0.0,0.0,0.0
110901060410,2011,0.0,0.0,0.0
110901060410,2012,0.0,0.0,0.0
110901060410,2013,0.0,0.0,0.0
110901060410,2014,0.0,0.0,0.0
110901060410,2015,0.0,0.0,0.0
110901060410,2016,0.0,0.0,0.0
110901060410,2017,0.0,0.0,0.0
110901060410,2018,0.0,0.0,0.0
110901060410,2019,0.0,0.0,0.0
110901060410,2020,0.0,0.0,0.0
110901060411,2000,0.423341142,0.0,0.423341142
110901060411,2001,0.222278247,0.0,0.222278247
110901060411,2002,0.38919046,0.0,0.38919046
110901060411,2003,0.290420912,0.0,0.290420912
110901060411,2004,0.353645339,0.0,0.353645339
110901060411,2005,0.192304986,0.0,0.192304986
110901060411,2006,0.342019995,0.0,0.342019995
110901060411,2007,0.229482833,0.0,0.229482833
110901060411,2008,0.0,0.0,0.0
110901060411,2009,0.016766299,0.0,0.016766299
110901060411,2010,0.249624786,0.0,0.249624786
110901060411,2011,0.032146619,0.0,0.032146619
110901060411,2012,0.0,0.0,0.0
110901060411,2013,0.006318014,0.0,0.006318014
110901060411,2014,0.0080172,0.0,0.0080172
110901060411,2015,0.015563055,0.0,0.015563055
110901060411,2016,0.0,0.0,0.0
110901060411,2017,0.017408679,0.0,0.017408679
110901060411,2018,0.004361507,0.0,0.004361507
110901060411,2019,0.0,0.0,0.0
110901060411,2020,0.123005011,0.0,0.123005011
110901060501,2000,0.081397678,0.0,0.081397678
110901060501,2001,0.374664899,0.0,0.374664899
110901060501,2002,0.278474603,0.0,0.278474603
110901060501,2003,0.354448345,0.0,0.354448345
110901060501,2004,0.256914516,0.0,0.256914516
110901060501,2005,0.264850175,0.0,0.264850175
110901060501,2006,0.386863003,0.0,0.386863003
110901060501,2007,0.304525151,0.0,0.304525151
110901060501,2008,0.25794862,0.0,0.25794862
110901060501,2009,0.431004721,0.0,0.431004721
110901060501,2010,0.420505384,0.0,0.420505384
110901060501,2011,0.481604934,0.0,0.481604934
110901060501,2012,0.435460798,0.0,0.435460798
110901060501,2013,0.428490088,0.0,0.428490088
110901060501,2014,0.424828603,0.0,0.424828603
110901060501,2015,0.370112178,0.0,0.370112178
110901060501,2016,0.395282598,0.0,0.395282598
110901060501,2017,0.343763422,0.0,0.343763422
110901060501,2018,0.255827151,0.0,0.255827151
110901060501,2019,1.043828381,0.0,1.043828381
110901060501,2020,1.026144806,0.0,1.026144806
110901060502,2000,0.0,0.0,0.0
110901060502,2001,0.0,0.0,0.0
110901060502,2002,0.0,0.0,0.0
110901060502,2003,0.0,0.0,0.0
110901060502,2004,0.0,0.0,0.0
110901060502,2005,0.0,0.0,0.0
110901060502,2006,0.0,0.0,0.0
110901060502,2007,0.0,0.0,0.0
110901060502,2008,0.0,0.0,0.0
110901060502,2009,0.0,0.0,0.0
110901060502,2010,0.0,0.0,0.0
110901060502,2011,0.0,0.0,0.0
110901060502,2012,0.0,0.0,0.0
110901060502,2013,0.0,0.0,0.0
110901060502,2014,0.0,0.0,0.0
110901060502,2015,0.0,0.0,0.0
110901060502,2016,0.0,0.0,0.0
110901060502,2017,0.0,0.0,0.0
110901060502,2018,0.0,0.0,0.0
110901060502,2019,0.0,0.0,0.0
110901060502,2020,0.0,0.0,0.0
110901060503,2000,0.464308123,0.0,0.464308123
110901060503,2001,1.018723907,0.0,1.018723907
110901060503,2002,1.00861986,0.0,1.00861986
110901060503,2003,1.0045636,0.0,1.0045636
110901060503,2004,1.230798355,0.0,1.230798355
110901060503,2005,1.957578532,0.0,1.957578532
110901060503,2006,1.719403047,0.0,1.719403047
110901060503,2007,2.045289301,0.0,2.045289301
110901060503,2008,2.320226117,0.0,2.320226117
110901060503,2009,2.087881397,0.0,2.087881397
110901060503,2010,2.118544564,0.0,2.118544564
110901060503,2011,2.7783932,0.0,2.7783932
110901060503,2012,3.910864014,0.0,3.910864014
110901060503,2013,3.308460082,0.0,3.308460082
110901060503,2014,3.179743271,0.0,3.179743271
110901060503,2015,2.586266811,0.0,2.586266811
110901060503,2016,2.902048541,0.0,2.902048541
110901060503,2017,3.126826074,0.0,3.126826074
110901060503,2018,3.226589447,0.0,3.226589447
110901060503,2019,3.095132362,0.0,3.095132362
110901060503,2020,3.995688306,0.0,3.995688306
110901060504,2000,0.0,0.0,0.0
110901060504,2001,0.0,0.0,0.0
110901060504,2002,0.0,0.0,0.0
110901060504,2003,0.0,0.0,0.0
110901060504,2004,0.0,0.0,0.0
110901060504,2005,0.0,0.0,0.0
110901060504,2006,0.0,0.0,0.0
110901060504,2007,0.0,0.0,0.0
110901060504,2008,0.0,0.0,0.0
110901060504,2009,0.0,0.0,0.0
110901060504,2010,0.0,0.0,0.0
110901060504,2011,0.0,0.0,0.0
110901060504,2012,0.0,0.0,0.0
110901060504,2013,0.0,0.0,0.0
110901060504,2014,0.0,0.0,0.0
110901060504,2015,0.0,0.0,0.0
110901060504,2016,0.0,0.0,0.0
110901060504,2017,0.0,0.0,0.0
110901060504,2018,0.0,0.0,0.0
110901060504,2019,0.0,0.0,0.0
110901060504,2020,0.0,0.0,0.0
110901060505,2000,0.0,0.0,0.0
110901060505,2001,0.0,0.0,0.0
110901060505,2002,0.007284668,0.0,0.007284668
110901060505,2003,0.010993518,0.0,0.010993518
110901060505,2004,0.0,0.0,0.0
110901060505,2005,0.01127354,0.0,0.01127354
110901060505,2006,0.0,0.0,0.0
110901060505,2007,0.0,0.0,0.0
110901060505,2008,0.0,0.0,0.0
110901060505,2009,0.011533115,0.0,0.011533115
110901060505,2010,0.010896616,0.0,0.010896616
110901060505,2011,0.0,0.0,0.0
110901060505,2012,0.0,0.0,0.0
110901060505,2013,0.0,0.0,0.0
110901060505,2014,0.0,0.0,0.0
110901060505,2015,0.0,0.0,0.0
110901060505,2016,0.004901402,0.0,0.004901402
110901060505,2017,0.0,0.0,0.0
110901060505,2018,0.0,0.0,0.0
110901060505,2019,0.058037482,0.0,0.058037482
110901060505,2020,0.016706533,0.0,0.016706533
110901060506,2000,0.181351874,0.0,0.181351874
110901060506,2001,0.171052992,0.0,0.171052992
110901060506,2002,0.098481079,0.0,0.098481079
110901060506,2003,0.213159937,0.0,0.213159937
110901060506,2004,0.086751393,0.0,0.086751393
110901060506,2005,0.148363458,0.0,0.148363458
110901060506,2006,0.177034882,0.0,0.177034882
110901060506,2007,0.139018773,0.0,0.139018773
110901060506,2008,0.078737768,0.0,0.078737768
110901060506,2009,0.0,0.0,0.0
110901060506,2010,0.133827981,0.0,0.133827981
110901060506,2011,0.208312293,0.0,0.208312293
110901060506,2012,0.121751344,0.0,0.121751344
110901060506,2013,0.09231263,0.0,0.09231263
110901060506,2014,0.0,0.0,0.0
110901060506,2015,0.002154564,0.0,0.002154564
110901060506,2016,0.074139519,0.0,0.074139519
110901060506,2017,0.107241723,0.0,0.107241723
110901060506,2018,0.064204151,0.0,0.064204151
110901060506,2019,0.100282353,0.0,0.100282353
110901060506,2020,0.044266719,0.0,0.044266719
110901060507,2000,0.0,0.0,0.0
110901060507,2001,0.0,0.0,0.0
110901060507,2002,0.0,0.0,0.0
110901060507,2003,0.0,0.0,0.0
110901060507,2004,0.0,0.0,0.0
110901060507,2005,0.0,0.0,0.0
110901060507,2006,0.0,0.0,0.0
110901060507,2007,0.0,0.0,0.0
110901060507,2008,0.0,0.0,0.0
110901060507,2009,0.0,0.0,0.0
110901060507,2010,0.0,0.0,0.0
110901060507,2011,0.0,0.0,0.0
110901060507,2012,0.0,0.0,0.0
110901060507,2013,0.0,0.0,0.0
110901060507,2014,0.0,0.0,0.0
110901060507,2015,0.0,0.0,0.0
110901060507,2016,0.0,0.0,0.0
110901060507,2017,0.0,0.0,0.0
110901060507,2018,0.0,0.0,0.0
110901060507,2019,0.0,0.0,0.0
110901060507,2020,0.000957451,0.0,0.000957451
110901060601,2000,1.113778645,0.001113836,1.112664724
110901060601,2001,1.816919238,0.001816849,1.815102307
110901060601,2002,1.169712244,0.001169721,1.168542605
110901060601,2003,2.30261126,0.002302537,2.300308638
110901060601,2004,2.042962943,0.002042964,2.040919978
110901060601,2005,1.813556753,0.003627085,1.809929836
110901060601,2006,2.530306674,0.002530227,2.527776279
110901060601,2007,2.022060252,0.004044093,2.018016074
110901060601,2008,2.391294429,0.002391251,2.388903342
110901060601,2009,2.168835447,0.002168737,2.166666625
110901060601,2010,2.474491373,0.002474507,2.472016948
110901060601,2011,3.581832792,0.003581879,3.578250995
110901060601,2012,2.960537544,0.002960451,2.957576923
110901060601,2013,2.233603984,0.002233619,2.231370364
110901060601,2014,2.276160751,0.004552362,2.271608556
110901060601,2015,1.741713553,0.00348343,1.738230038
110901060601,2016,1.949215038,0.003898413,1.945316541
110901060601,2017,2.17006191,0.004340255,2.165721825
110901060601,2018,1.580357553,0.001580359,1.578777362
110901060601,2019,2.305763542,0.002305534,2.303457759
110901060601,2020,2.866894265,0.002866874,2.864027306
110901060602,2000,0.966922178,0.0,0.966922178
110901060602,2001,1.298174918,0.0,1.298174918
110901060602,2002,1.041759729,0.0,1.041759729
110901060602,2003,1.663317252,0.0,1.663317252
110901060602,2004,1.319384787,0.0,1.319384787
110901060602,2005,1.267299416,0.0,1.267299416
110901060602,2006,1.058847058,0.0,1.058847058
110901060602,2007,1.881008416,0.0,1.881008416
110901060602,2008,1.382705746,0.0,1.382705746
110901060602,2009,1.522527518,0.0,1.522527518
110901060602,2010,2.194952367,0.0,2.194952367
110901060602,2011,3.151779255,0.0,3.151779255
110901060602,2012,2.544203167,0.0,2.544203167
110901060602,2013,2.552456523,0.0,2.552456523
110901060602,2014,2.425969564,0.0,2.425969564
110901060602,2015,1.344853351,0.0,1.344853351
110901060602,2016,2.454453811,0.0,2.454453811
110901060602,2017,2.038402888,0.0,2.038402888
110901060602,2018,2.053792145,0.0,2.053792145
110901060602,2019,2.355579721,0.0,2.355579721
110901060602,2020,2.305858566,0.0,2.305858566
110901060603,2000,3.680264347,0.0,3.680264347
110901060603,2001,3.669171858,0.0,3.669171858
110901060603,2002,2.908111775,0.0,2.908111775
110901060603,2003,3.123061948,0.0,3.123061948
110901060603,2004,2.726472314,0.0,2.726472314
110901060603,2005,2.816925058,0.0,2.816925058
110901060603,2006,3.089973332,0.0,3.089973332
110901060603,2007,3.531132501,0.0,3.531132501
110901060603,2008,4.034901372,0.0,4.034901372
110901060603,2009,4.148732019,0.0,4.148732019
110901060603,2010,4.30493203,0.0,4.30493203
110901060603,2011,5.919124408,0.0,5.919124408
110901060603,2012,5.996900511,0.0,5.996900511
110901060603,2013,4.811700301,0.0,4.811700301
110901060603,2014,4.907827255,0.0,4.907827255
110901060603,2015,3.956377529,0.0,3.956377529
110901060603,2016,3.76075809,0.0,3.76075809
110901060603,2017,3.963035447,0.0,3.963035447
110901060603,2018,5.42483557,0.0,5.42483557
110901060603,2019,4.661306197,0.0,4.661306197
110901060603,2020,6.617181467,0.0,6.617181467
110901060604,2000,1.131817765,0.0,1.131817765
110901060604,2001,1.133212222,0.0,1.133212222
110901060604,2002,1.360812581,0.0,1.360812581
110901060604,2003,1.334261942,0.0,1.334261942
110901060604,2004,1.320368713,0.0,1.320368713
110901060604,2005,0.994852036,0.0,0.994852036
110901060604,2006,1.007022868,0.0,1.007022868
110901060604,2007,1.324007342,0.0,1.324007342
110901060604,2008,1.365184145,0.0,1.365184145
110901060604,2009,1.118184088,0.0,1.118184088
110901060604,2010,1.402972877,0.0,1.402972877
110901060604,2011,2.505250808,0.0,2.505250808
110901060604,2012,1.926915888,0.0,1.926915888
110901060604,2013,1.730635866,0.0,1.730635866
110901060604,2014,1.706736633,0.0,1.706736633
110901060604,2015,0.752191189,0.0,0.752191189
110901060604,2016,1.330001891,0.0,1.330001891
110901060604,2017,1.651883923,0.0,1.651883923
110901060604,2018,1.196514104,0.0,1.196514104
110901060604,2019,1.045197756,0.0,1.045197756
110901060604,2020,2.248116697,0.0,2.248116697
110901060605,2000,2.08240782,0.0,2.08240782
110901060605,2001,2.085271052,0.0,2.085271052
110901060605,2002,1.301542408,0.0,1.301542408
110901060605,2003,1.543880342,0.0,1.543880342
110901060605,2004,1.550384792,0.0,1.550384792
110901060605,2005,1.87631426,0.0,1.87631426
110901060605,2006,1.38896357,0.0,1.38896357
110901060605,2007,2.060808151,0.0,2.060808151
110901060605,2008,1.94728362,0.0,1.94728362
110901060605,2009,2.38719306,0.0,2.38719306
110901060605,2010,2.853618044,0.0,2.853618044
110901060605,2011,3.430661521,0.0,3.430661521
110901060605,2012,4.048707784,0.0,4.048707784
110901060605,2013,3.369733184,0.0,3.369733184
110901060605,2014,3.139547658,0.0,3.139547658
110901060605,2015,2.59104583,0.0,2.59104583
110901060605,2016,2.707997183,0.0,2.707997183
110901060605,2017,3.035172041,0.0,3.035172041
110901060605,2018,2.860469581,0.0,2.860469581
110901060605,2019,2.687991123,0.0,2.687991123
110901060605,2020,3.945358992,0.0,3.945358992
110901060606,2000,0.13347047,0.0,0.13347047
110901060606,2001,0.351937304,0.0,0.351937304
110901060606,2002,0.449948178,0.0,0.449948178
110901060606,2003,0.570455222,0.0,0.570455222
110901060606,2004,0.071918615,0.0,0.071918615
110901060606,2005,0.595815386,0.0,0.595815386
110901060606,2006,0.174272255,0.0,0.174272255
110901060606,2007,0.734943162,0.0,0.734943162
110901060606,2008,0.235909074,0.0,0.235909074
110901060606,2009,0.157738397,0.0,0.157738397
110901060606,2010,0.466556022,0.0,0.466556022
110901060606,2011,0.416237082,0.0,0.416237082
110901060606,2012,0.678054511,0.0,0.678054511
110901060606,2013,0.377864496,0.0,0.377864496
110901060606,2014,0.149067816,0.0,0.149067816
110901060606,2015,0.185292888,0.0,0.185292888
110901060606,2016,0.165696355,0.0,0.165696355
110901060606,2017,0.384488447,0.0,0.384488447
110901060606,2018,0.009842395,0.0,0.009842395
110901060606,2019,0.108959879,0.0,0.108959879
110901060606,2020,0.306265579,0.0,0.306265579
110901060607,2000,0.0,0.0,0.0
110901060607,2001,0.0,0.0,0.0
110901060607,2002,0.0,0.0,0.0
110901060607,2003,0.0,0.0,0.0
110901060607,2004,0.0,0.0,0.0
110901060607,2005,0.0,0.0,0.0
110901060607,2006,0.0,0.0,0.0
110901060607,2007,0.0,0.0,0.0
110901060607,2008,0.0,0.0,0.0
110901060607,2009,0.0,0.0,0.0
110901060607,2010,0.0,0.0,0.0
110901060607,2011,0.0,0.0,0.0
110901060607,2012,0.0,0.0,0.0
110901060607,2013,0.0,0.0,0.0
110901060607,2014,0.0,0.0,0.0
110901060607,2015,0.0,0.0,0.0
110901060607,2016,0.0,0.0,0.0
110901060607,2017,0.0,0.0,0.0
110901060607,2018,0.0,0.0,0.0
110901060607,2019,0.0,0.0,0.0
110901060607,2020,0.0,0.0,0.0
110901060608,2000,0.192831683,0.0,0.192831683
110901060608,2001,0.207240825,0.0,0.207240825
110901060608,2002,0.143939674,0.0,0.143939674
110901060608,2003,0.150548296,0.0,0.150548296
110901060608,2004,0.177073708,0.0,0.177073708
110901060608,2005,0.160419447,0.0,0.160419447
110901060608,2006,0.180718945,0.0,0.180718945
110901060608,2007,0.168251499,0.0,0.168251499
110901060608,2008,0.170356757,0.0,0.170356757
110901060608,2009,0.204531005,0.0,0.204531005
110901060608,2010,0.261358682,0.0,0.261358682
110901060608,2011,0.279503471,0.0,0.279503471
110901060608,2012,0.391368191,0.0,0.391368191
110901060608,2013,0.351663449,0.0,0.351663449
110901060608,2014,0.350538255,0.0,0.350538255
110901060608,2015,0.240074696,0.0,0.240074696
110901060608,2016,0.332902309,0.0,0.332902309
110901060608,2017,0.267475044,0.0,0.267475044
110901060608,2018,0.247921545,0.0,0.247921545
110901060608,2019,0.281050408,0.0,0.281050408
110901060608,2020,0.340817686,0.0,0.340817686
110901060609,2000,0.0,0.0,0.0
110901060609,2001,0.0,0.0,0.0
110901060609,2002,0.0,0.0,0.0
110901060609,2003,0.0,0.0,0.0
110901060609,2004,0.0,0.0,0.0
110901060609,2005,0.0,0.0,0.0
110901060609,2006,0.0,0.0,0.0
110901060609,2007,0.0,0.0,0.0
110901060609,2008,0.0,0.0,0.0
110901060609,2009,0.0,0.0,0.0
110901060609,2010,0.0,0.0,0.0
110901060609,2011,0.0,0.0,0.0
110901060609,2012,0.0,0.0,0.0
110901060609,2013,0.0,0.0,0.0
110901060609,2014,0.0,0.0,0.0
110901060609,2015,0.0,0.0,0.0
110901060609,2016,0.0,0.0,0.0
110901060609,2017,0.0,0.0,0.0
110901060609,2018,0.0,0.0,0.0
110901060609,2019,0.0,0.0,0.0
110901060609,2020,0.0,0.0,0.0
110901060701,2000,0.0,0.0,0.0
110901060701,2001,0.0,0.0,0.0
110901060701,2002,0.0,0.0,0.0
110901060701,2003,0.0,0.0,0.0
110901060701,2004,0.0,0.0,0.0
110901060701,2005,0.0,0.0,0.0
110901060701,2006,0.01465989,0.0,0.01465989
110901060701,2007,0.015352885,0.0,0.015352885
110901060701,2008,0.0,0.0,0.0
110901060701,2009,0.0,0.0,0.0
110901060701,2010,0.0,0.0,0.0
110901060701,2011,0.0,0.0,0.0
110901060701,2012,0.0,0.0,0.0
110901060701,2013,0.0,0.0,0.0
110901060701,2014,0.0,0.0,0.0
110901060701,2015,0.0,0.0,0.0
110901060701,2016,0.0,0.0,0.0
110901060701,2017,0.0,0.0,0.0
110901060701,2018,0.0,0.0,0.0
110901060701,2019,0.0,0.0,0.0
110901060701,2020,0.0,0.0,0.0
110901060702,2000,0.0,0.0,0.0
110901060702,2001,0.032485644,0.0,0.032485644
110901060702,2002,0.0,0.0,0.0
110901060702,2003,0.0,0.0,0.0
110901060702,2004,0.0,0.0,0.0
110901060702,2005,0.030021696,0.0,0.030021696
110901060702,2006,0.0,0.0,0.0
110901060702,2007,0.0,0.0,0.0
110901060702,2008,0.0,0.0,0.0
110901060702,2009,0.0,0.0,0.0
110901060702,2010,0.0,0.0,0.0
110901060702,2011,0.0,0.0,0.0
110901060702,2012,0.0,0.0,0.0
110901060702,2013,0.0,0.0,0.0
110901060702,2014,0.0,0.0,0.0
110901060702,2015,0.0,0.0,0.0
110901060702,2016,0.0,0.0,0.0
110901060702,2017,0.0,0.0,0.0
110901060702,2018,0.0,0.0,0.0
110901060702,2019,0.0,0.0,0.0
110901060702,2020,0.0,0.0,0.0
110901060703,2000,0.0,0.0,0.0
110901060703,2001,0.0,0.0,0.0
110901060703,2002,0.0,0.0,0.0
110901060703,2003,0.0,0.0,0.0
110901060703,2004,0.0,0.0,0.0
110901060703,2005,0.0,0.0,0.0
110901060703,2006,0.0,0.0,0.0
110901060703,2007,0.0,0.0,0.0
110901060703,2008,0.0,0.0,0.0
110901060703,2009,0.0,0.0,0.0
110901060703,2010,0.0,0.0,0.0
110901060703,2011,0.0,0.0,0.0
110901060703,2012,0.0,0.0,0.0
110901060703,2013,0.0,0.0,0.0
110901060703,2014,0.0,0.0,0.0
110901060703,2015,0.0,0.0,0.0
110901060703,2016,0.0,0.0,0.0
110901060703,2017,0.0,0.0,0.0
110901060703,2018,0.0,0.0,0.0
110901060703,2019,0.0,0.0,0.0
110901060703,2020,0.0,0.0,0.0
110901060704,2000,0.0,0.0,0.0
110901060704,2001,0.003917934,0.0,0.003917934
110901060704,2002,0.0051876,0.0,0.0051876
110901060704,2003,0.0,0.0,0.0
110901060704,2004,0.0,0.0,0.0
110901060704,2005,0.0,0.0,0.0
110901060704,2006,0.026509575,0.0,0.026509575
110901060704,2007,0.026596452,0.0,0.026596452
110901060704,2008,0.0,0.0,0.0
110901060704,2009,0.0,0.0,0.0
110901060704,2010,0.0,0.0,0.0
110901060704,2011,0.0,0.0,0.0
110901060704,2012,0.0,0.0,0.0
110901060704,2013,0.0,0.0,0.0
110901060704,2014,0.0,0.0,0.0
110901060704,2015,0.0,0.0,0.0
110901060704,2016,0.0,0.0,0.0
110901060704,2017,0.0,0.0,0.0
110901060704,2018,0.0,0.0,0.0
110901060704,2019,0.0,0.0,0.0
110901060704,2020,0.0,0.0,0.0
110901060705,2000,0.0,0.0,0.0
110901060705,2001,0.0,0.0,0.0
110901060705,2002,0.0,0.0,0.0
110901060705,2003,0.0,0.0,0.0
110901060705,2004,0.0,0.0,0.0
110901060705,2005,0.0,0.0,0.0
110901060705,2006,0.003633211,0.0,0.003633211
110901060705,2007,0.003847811,0.0,0.003847811
110901060705,2008,0.0,0.0,0.0
110901060705,2009,0.0,0.0,0.0
110901060705,2010,0.0,0.0,0.0
110901060705,2011,0.0,0.0,0.0
110901060705,2012,0.0,0.0,0.0
110901060705,2013,0.0,0.0,0.0
110901060705,2014,0.0,0.0,0.0
110901060705,2015,0.0,0.0,0.0
110901060705,2016,0.0,0.0,0.0
110901060705,2017,0.0,0.0,0.0
110901060705,2018,0.0,0.0,0.0
110901060705,2019,0.0,0.0,0.0
110901060705,2020,0.0,0.0,0.0
110901060801,2000,0.889715238,0.0,0.889715238
110901060801,2001,0.0,0.0,0.0
110901060801,2002,0.606350986,0.0,0.606350986
110901060801,2003,0.639452677,0.0,0.639452677
110901060801,2004,1.353054481,0.0,1.353054481
110901060801,2005,0.906559633,0.0,0.906559633
110901060801,2006,2.214308699,0.0,2.214308699
110901060801,2007,1.161137964,0.0,1.161137964
110901060801,2008,1.897231139,0.0,1.897231139
110901060801,2009,2.739196693,0.0,2.739196693
110901060801,2010,2.71661334,0.0,2.71661334
110901060801,2011,4.081834395,0.0,4.081834395
110901060801,2012,3.775182833,0.0,3.775182833
110901060801,2013,4.449209142,0.0,4.449209142
110901060801,2014,4.226516603,0.0,4.226516603
110901060801,2015,3.210271485,0.0,3.210271485
110901060801,2016,3.524672721,0.0,3.524672721
110901060801,2017,2.960798833,0.0,2.960798833
110901060801,2018,3.38450034,0.0,3.38450034
110901060801,2019,2.754341449,0.0,2.754341449
110901060801,2020,4.578902533,0.0,4.578902533
110901060802,2000,0.0,0.0,0.0
110901060802,2001,1.3918e-05,0.0,1.3918e-05
110901060802,2002,1.68e-05,0.0,1.68e-05
110901060802,2003,0.0,0.0,0.0
110901060802,2004,0.0,0.0,0.0
110901060802,2005,0.0,0.0,0.0
110901060802,2006,0.0,0.0,0.0
110901060802,2007,0.0,0.0,0.0
110901060802,2008,0.0,0.0,0.0
110901060802,2009,0.0,0.0,0.0
110901060802,2010,0.0,0.0,0.0
110901060802,2011,0.0,0.0,0.0
110901060802,2012,0.0,0.0,0.0
110901060802,2013,0.0,0.0,0.0
110901060802,2014,0.0,0.0,0.0
110901060802,2015,0.0,0.0,0.0
110901060802,2016,0.0,0.0,0.0
110901060802,2017,0.0,0.0,0.0
110901060802,2018,0.0,0.0,0.0
110901060802,2019,0.0,0.0,0.0
110901060802,2020,0.0,0.0,0.0
110901060803,2000,0.492795555,0.0,0.492795555
110901060803,2001,0.0,0.0,0.0
110901060803,2002,0.320158244,0.0,0.320158244
110901060803,2003,0.467013345,0.0,0.467013345
110901060803,2004,0.416552809,0.0,0.416552809
110901060803,2005,0.435979156,0.0,0.435979156
110901060803,2006,0.557495896,0.0,0.557495896
110901060803,2007,0.371569942,0.0,0.371569942
110901060803,2008,0.406163396,0.0,0.406163396
110901060803,2009,0.374770504,0.0,0.374770504
110901060803,2010,0.341486989,0.0,0.341486989
110901060803,2011,0.034108515,0.0,0.034108515
110901060803,2012,0.522320615,0.0,0.522320615
110901060803,2013,0.847072507,0.0,0.847072507
110901060803,2014,0.485277485,0.0,0.485277485
110901060803,2015,0.089373019,0.0,0.089373019
110901060803,2016,0.330540719,0.0,0.330540719
110901060803,2017,0.422441844,0.0,0.422441844
110901060803,2018,0.546489255,0.0,0.546489255
110901060803,2019,0.276250052,0.0,0.276250052
110901060803,2020,0.511442393,0.0,0.511442393
110901060804,2000,0.063247025,0.0,0.063247025
110901060804,2001,0.0,0.0,0.0
110901060804,2002,0.045334337,0.0,0.045334337
110901060804,2003,0.050337655,0.0,0.050337655
110901060804,2004,0.048699495,0.0,0.048699495
110901060804,2005,0.048014619,0.0,0.048014619
110901060804,2006,0.055718148,0.0,0.055718148
110901060804,2007,0.043450205,0.0,0.043450205
110901060804,2008,0.047242142,0.0,0.047242142
110901060804,2009,0.02226149,0.0,0.02226149
110901060804,2010,0.0,0.0,0.0
110901060804,2011,0.0,0.0,0.0
110901060804,2012,0.039113738,0.0,0.039113738
110901060804,2013,0.062559773,0.0,0.062559773
110901060804,2014,0.01937974,0.0,0.01937974
110901060804,2015,0.017189474,0.0,0.017189474
110901060804,2016,0.0,0.0,0.0
110901060804,2017,0.0,0.0,0.0
110901060804,2018,0.054813699,0.0,0.054813699
110901060804,2019,0.013936093,0.0,0.013936093
110901060804,2020,0.040181205,0.0,0.040181205
110901060805,2000,0.0,0.0,0.0
110901060805,2001,0.0,0.0,0.0
110901060805,2002,0.0,0.0,0.0
110901060805,2003,0.0,0.0,0.0
110901060805,2004,0.0,0.0,0.0
110901060805,2005,0.0,0.0,0.0
110901060805,2006,0.0,0.0,0.0
110901060805,2007,0.0,0.0,0.0
110901060805,2008,0.0,0.0,0.0
110901060805,2009,0.0,0.0,0.0
110901060805,2010,0.0,0.0,0.0
110901060805,2011,0.0,0.0,0.0
110901060805,2012,0.0,0.0,0.0
110901060805,2013,0.0,0.0,0.0
110901060805,2014,0.0,0.0,0.0
110901060805,2015,0.0,0.0,0.0
110901060805,2016,0.0,0.0,0.0
110901060805,2017,0.0,0.0,0.0
110901060805,2018,0.0,0.0,0.0
110901060805,2019,0.01353337,0.0,0.01353337
110901060805,2020,0.0,0.0,0.0
110901060806,2000,0.0,0.0,0.0
110901060806,2001,0.0,0.0,0.0
110901060806,2002,0.0,0.0,0.0
110901060806,2003,0.036072014,0.0,0.036072014
110901060806,2004,0.0,0.0,0.0
110901060806,2005,0.0,0.0,0.0
110901060806,2006,0.0,0.0,0.0
110901060806,2007,0.027999312,0.0,0.027999312
110901060806,2008,0.0,0.0,0.0
110901060806,2009,0.0,0.0,0.0
110901060806,2010,0.0,0.0,0.0
110901060806,2011,0.0,0.0,0.0
110901060806,2012,0.0,0.0,0.0
110901060806,2013,0.0,0.0,0.0
110901060806,2014,0.0,0.0,0.0
110901060806,2015,0.0,0.0,0.0
110901060806,2016,0.0,0.0,0.0
110901060806,2017,0.0,0.0,0.0
110901060806,2018,0.0,0.0,0.0
110901060806,2019,0.034305553,0.0,0.034305553
110901060806,2020,0.0,0.0,0.0
111001030103,2000,2.770392948,0.002770325,2.767622538
111001030103,2001,2.356638337,0.00235674,2.354281679
111001030103,2002,2.857613222,0.002857545,2.854755595
111001030103,2003,3.090916044,0.003090904,3.087825225
111001030103,2004,3.573941612,0.003574068,3.570367628
111001030103,2005,3.156872803,0.003156877,3.153716011
111001030103,2006,3.264047367,0.003264104,3.26078326
111001030103,2007,4.442134592,0.004442132,4.437692381
111001030103,2008,3.329468658,0.00332953,3.326139128
111001030103,2009,3.842129274,0.003842162,3.838287195
111001030103,2010,4.603066923,0.004603164,4.598463844
111001030103,2011,3.588117679,0.003588145,3.584529701
111001030103,2012,4.30610571,0.004306085,4.301799544
111001030103,2013,3.34034151,0.003340342,3.337001085
111001030103,2014,3.533107721,0.003533099,3.529574455
111001030103,2015,3.244749329,0.003244759,3.24150491
111001030103,2016,4.900123527,0.004900016,4.895223429
111001030103,2017,3.145109559,0.003144984,3.141964488
111001030103,2018,3.948198559,0.003948112,3.944250279
111001030103,2019,4.208883833,0.004208981,4.204674934
111001030103,2020,5.282523153,0.005282527,5.27724071
111001030106,2000,0.050036396,5.003e-05,0.049986366
111001030106,2001,0.065963729,6.5959e-05,0.06589777
111001030106,2002,0.053961,5.3945e-05,0.053907058
111001030106,2003,0.0,0.0,0.0
111001030106,2004,0.0,0.0,0.0
111001030106,2005,0.0,0.0,0.0
111001030106,2006,0.0,0.0,0.0
111001030106,2007,0.0,0.0,0.0
111001030106,2008,0.0,0.0,0.0
111001030106,2009,0.0,0.0,0.0
111001030106,2010,0.0,0.0,0.0
111001030106,2011,0.0,0.0,0.0
111001030106,2012,0.0,0.0,0.0
111001030106,2013,0.0,0.0,0.0
111001030106,2014,0.0,0.0,0.0
111001030106,2015,0.0,0.0,0.0
111001030106,2016,0.0,0.0,0.0
111001030106,2017,0.0,0.0,0.0
111001030106,2018,0.0,0.0,0.0
111001030106,2019,0.0,0.0,0.0
111001030106,2020,0.0,0.0,0.0
111001030108,2000,2.25038644,0.002250262,2.248136011
111001030108,2001,1.897133816,0.001897115,1.895236616
111001030108,2002,2.016437959,0.002016493,2.014421466
111001030108,2003,1.813171378,0.00181317,1.811358044
111001030108,2004,1.848680025,0.001848686,1.846831421
111001030108,2005,1.631755375,0.001631597,1.630123693
111001030108,2006,1.648622307,0.00164871,1.646973767
111001030108,2007,2.23003683,0.002230104,2.227806893
111001030108,2008,1.730843639,0.001730836,1.729112803
111001030108,2009,2.239295814,0.002239367,2.237056529
111001030108,2010,2.436530573,0.002436485,2.434093836
111001030108,2011,2.187988066,0.002187978,2.18580009
111001030108,2012,2.462488104,0.002462557,2.460025713
111001030108,2013,2.036772301,0.002036871,2.034735597
111001030108,2014,1.87017734,0.001870099,1.868307241
111001030108,2015,1.740276288,0.001740121,1.738535918
111001030108,2016,2.259122301,0.002259158,2.256863221
111001030108,2017,1.339806803,0.001339805,1.338466915
111001030108,2018,1.847661449,0.001847784,1.845813836
111001030108,2019,1.824638252,0.001824564,1.822813773
111001030108,2020,2.075777443,0.002075735,2.073701708
111001030201,2000,0.062347385,6.2265e-05,0.062285036
111001030201,2001,0.0,0.0,0.0
111001030201,2002,0.039532953,3.9515e-05,0.039493356
111001030201,2003,0.0,0.0,0.0
111001030201,2004,0.01355223,1.3421e-05,0.013538727
111001030201,2005,0.0,0.0,0.0
111001030201,2006,0.0,0.0,0.0
111001030201,2007,0.0,0.0,0.0
111001030201,2008,0.0,0.0,0.0
111001030201,2009,0.0,0.0,0.0
111001030201,2010,0.0,0.0,0.0
111001030201,2011,0.0,0.0,0.0
111001030201,2012,0.0,0.0,0.0
111001030201,2013,0.0,0.0,0.0
111001030201,2014,0.0,0.0,0.0
111001030201,2015,0.0,0.0,0.0
111001030201,2016,0.0,0.0,0.0
111001030201,2017,0.0,0.0,0.0
111001030201,2018,0.0,0.0,0.0
111001030201,2019,0.0,0.0,0.0
111001030201,2020,0.724963426,0.000724926,0.724238497
111001030202,2000,0.0,0.0,0.0
111001030202,2001,0.0,0.0,0.0
111001030202,2002,0.0,0.0,0.0
111001030202,2003,0.0,0.0,0.0
111001030202,2004,0.0,0.0,0.0
111001030202,2005,0.0,0.0,0.0
111001030202,2006,0.0,0.0,0.0
111001030202,2007,0.0,0.0,0.0
111001030202,2008,0.0,0.0,0.0
111001030202,2009,0.0,0.0,0.0
111001030202,2010,0.223571995,0.000223501,0.223348488
111001030202,2011,0.0,0.0,0.0
111001030202,2012,0.0,0.0,0.0
111001030202,2013,0.075182636,7.5123e-05,0.075107348
111001030202,2014,0.0,0.0,0.0
111001030202,2015,0.195337786,0.000195277,0.195142255
111001030202,2016,0.142034448,0.000142055,0.141892393
111001030202,2017,0.037321707,3.7184e-05,0.037284356
111001030202,2018,0.220258704,0.000220364,0.22003834
111001030202,2019,0.176535197,0.00017643,0.176358597
111001030202,2020,0.016805648,1.6814e-05,0.016788667
111001030203,2000,7.810078951,0.007810049,7.802268904
111001030203,2001,7.086953132,0.007086863,7.079866271
111001030203,2002,6.997196685,0.006997238,6.990199611
111001030203,2003,6.683735858,0.006683584,6.677052195
111001030203,2004,6.795953883,0.006795992,6.78915806
111001030203,2005,5.807060655,0.005807107,5.801253548
111001030203,2006,5.830483592,0.005830556,5.824653121
111001030203,2007,8.120534564,0.008120567,8.112414082
111001030203,2008,6.356659579,0.006356596,6.350302817
111001030203,2009,6.540096567,0.006540052,6.53355643
111001030203,2010,9.442704299,0.009442685,9.433261611
111001030203,2011,6.763149945,0.006763153,6.756386792
111001030203,2012,7.627774563,0.007627765,7.620146546
111001030203,2013,7.051528589,0.00705149,7.044477101
111001030203,2014,7.181701408,0.0071816,7.174519723
111001030203,2015,6.834471515,0.006834474,6.827637126
111001030203,2016,9.06443497,0.009064566,9.055370484
111001030203,2017,6.462133997,0.006462107,6.455671808
111001030203,2018,7.204293085,0.007204222,7.197088781
111001030203,2019,7.959665504,0.007959682,7.951706074
111001030203,2020,9.110737462,0.009110852,9.101626861
111001030204,2000,27.36959541,0.027369615,27.342225795
111001030204,2001,24.630656318,0.024630723,24.606025677
111001030204,2002,20.93203143,0.020932044,20.911099389
111001030204,2003,19.61020174,0.019610222,19.5905916
111001030204,2004,21.032320757,0.021032391,21.011288448
111001030204,2005,21.909483375,0.021909507,21.887573868
111001030204,2006,20.660259797,0.02066017,20.639599458
111001030204,2007,26.551957627,0.026551937,26.525405773
111001030204,2008,21.334942508,0.021334893,21.31360753
111001030204,2009,27.232849904,0.027232959,27.205617115
111001030204,2010,32.776745271,0.032776682,32.743968422
111001030204,2011,23.771073773,0.023771121,23.747302482
111001030204,2012,22.16216347,0.022162197,22.140001107
111001030204,2013,27.13603311,0.027136044,27.108897236
111001030204,2014,24.640335578,0.024640321,24.615695093
111001030204,2015,21.151630874,0.021151756,21.130479455
111001030204,2016,30.330891022,0.030331008,30.30056018
111001030204,2017,17.418309167,0.017418184,17.400890984
111001030204,2018,23.859495222,0.023859438,23.835635614
111001030204,2019,25.171104441,0.025171192,25.145933334
111001030204,2020,33.252191683,0.033252243,33.21893944
111001030205,2000,4.741327975,0.004741287,4.736586519
111001030205,2001,5.316602512,0.005316466,5.311285962
111001030205,2002,4.419787795,0.004419827,4.415367885
111001030205,2003,4.30576326,0.004305792,4.301457468
111001030205,2004,4.027450396,0.004027577,4.023422825
111001030205,2005,4.219535866,0.004219529,4.215316252
111001030205,2006,3.731171518,0.003731115,3.727440318
111001030205,2007,5.710013773,0.005709986,5.704303868
111001030205,2008,4.439830358,0.004439795,4.435390481
111001030205,2009,7.110649915,0.007110726,7.103539274
111001030205,2010,9.879968055,0.009879967,9.870088173
111001030205,2011,5.964801863,0.005964844,5.958837019
111001030205,2012,10.121879585,0.010121874,10.111757792
111001030205,2013,10.402189458,0.010402241,10.391787216
111001030205,2014,9.534535973,0.009534477,9.525001244
111001030205,2015,7.857388819,0.007857408,7.849531584
111001030205,2016,12.479694579,0.012479727,12.467214937
111001030205,2017,7.958259058,0.007958271,7.950300781
111001030205,2018,10.487019567,0.010487145,10.47653251
111001030205,2019,7.893282671,0.007893205,7.885389129
111001030205,2020,11.357630877,0.011357656,11.346273388
111001030206,2000,8.040873467,0.008041008,8.032832544
111001030206,2001,6.0990226,0.006098997,6.092923688
111001030206,2002,6.853423636,0.006853444,6.846570025
111001030206,2003,7.162007326,0.007161978,7.154845184
111001030206,2004,5.551191016,0.005551344,5.545639921
111001030206,2005,7.349957458,0.007349819,7.342607638
111001030206,2006,5.143583562,0.005143636,5.138439926
111001030206,2007,9.11530037,0.009115274,9.106185178
111001030206,2008,6.837645161,0.006837675,6.830807571
111001030206,2009,8.98763097,0.008987693,8.978643362
111001030206,2010,11.233397696,0.0112334,11.222164293
111001030206,2011,8.815642819,0.0088156,8.806827219
111001030206,2012,11.607701934,0.011607727,11.596094208
111001030206,2013,9.743102129,0.009743033,9.733358929
111001030206,2014,11.492994564,0.011493077,11.48150174
111001030206,2015,9.3301634,0.009330304,9.320833096
111001030206,2016,13.011740314,0.01301174,12.998728656
111001030206,2017,9.107345885,0.009107384,9.098238499
111001030206,2018,11.250961211,0.011250959,11.239710252
111001030206,2019,12.660456405,0.012660436,12.647795882
111001030206,2020,11.996362262,0.011996421,11.984365923
111001030207,2000,12.332543383,0.012332527,12.32021077
111001030207,2001,9.890498219,0.00989046,9.880607759
111001030207,2002,10.255319142,0.01025529,10.245063852
111001030207,2003,9.441510173,0.009441474,9.432068449
111001030207,2004,9.793772727,0.009793795,9.783978844
111001030207,2005,11.147567704,0.011147655,11.136419964
111001030207,2006,8.086396718,0.008086392,8.078310411
111001030207,2007,12.188417189,0.012188378,12.176228732
111001030207,2008,10.021301309,0.010021279,10.011280112
111001030207,2009,12.766504921,0.012766564,12.753738523
111001030207,2010,15.161622238,0.015161704,15.146460534
111001030207,2011,12.82104354,0.012820926,12.808222614
111001030207,2012,21.008217962,0.021008224,20.987209822
111001030207,2013,20.648735403,0.020648696,20.628086707
111001030207,2014,23.466119827,0.023466077,23.442653833
111001030207,2015,17.506368868,0.017506405,17.488862545
111001030207,2016,24.529779186,0.024529697,24.505249407
111001030207,2017,19.04583426,0.019045803,19.02678829
111001030207,2018,19.575887896,0.019575874,19.556312022
111001030207,2019,22.054344753,0.02205431,22.032290277
111001030207,2020,22.228976604,0.022228877,22.206747642
111001030208,2000,4.800231694,0.0,4.800231694
111001030208,2001,3.89593323,0.0,3.89593323
111001030208,2002,3.96288203,0.0,3.96288203
111001030208,2003,4.791625085,0.0,4.791625085
111001030208,2004,4.37410368,0.0,4.37410368
111001030208,2005,4.382892279,0.0,4.382892279
111001030208,2006,4.1328098,0.0,4.1328098
111001030208,2007,4.668853781,0.0,4.668853781
111001030208,2008,3.588127418,0.0,3.588127418
111001030208,2009,4.352702655,0.0,4.352702655
111001030208,2010,4.778035915,0.0,4.778035915
111001030208,2011,5.593510674,0.005593458,5.587917132
111001030208,2012,7.407984257,0.007407923,7.400576333
111001030208,2013,6.6274528,0.006627392,6.620825238
111001030208,2014,7.04734963,0.007047373,7.040302008
111001030208,2015,6.3318292,0.006331863,6.325497337
111001030208,2016,8.277647322,0.008277708,8.269369615
111001030208,2017,5.949371468,0.005949323,5.943422148
111001030208,2018,6.72935817,0.006729271,6.722628896
111001030208,2019,7.429709189,0.007429622,7.422279567
111001030208,2020,7.614407079,0.007614574,7.60679259
111001030209,2000,5.318260036,0.0,5.318260036
111001030209,2001,4.712650049,0.0,4.712650049
111001030209,2002,4.331904984,0.0,4.331904984
111001030209,2003,4.343659318,0.0,4.343659318
111001030209,2004,4.718601169,0.0,4.718601169
111001030209,2005,4.287538753,0.0,4.287538753
111001030209,2006,3.372595877,0.0,3.372595877
111001030209,2007,5.459392044,0.0,5.459392044
111001030209,2008,4.260331071,0.0,4.260331071
111001030209,2009,5.828699614,0.0,5.828699614
111001030209,2010,6.031271888,0.0,6.031271888
111001030209,2011,4.121345132,0.0,4.121345132
111001030209,2012,4.583338992,0.0,4.583338992
111001030209,2013,4.158212721,0.0,4.158212721
111001030209,2014,4.098969592,0.0,4.098969592
111001030209,2015,4.37194746,0.0,4.37194746
111001030209,2016,5.321897281,0.0,5.321897281
111001030209,2017,5.725821575,0.0,5.725821575
111001030209,2018,3.102714564,0.0,3.102714564
111001030209,2019,6.576690526,0.0,6.576690526
111001030209,2020,4.909523866,0.0,4.909523866
111001030301,2000,42.932457011,0.042932634,42.889524626
111001030301,2001,39.876881792,0.039876934,39.837004858
111001030301,2002,36.809949277,0.036809989,36.773139375
111001030301,2003,36.107645622,0.036107644,36.071537978
111001030301,2004,31.317258352,0.031317292,31.285941142
111001030301,2005,40.653764011,0.040653732,40.6131102
111001030301,2006,35.30046743,0.035300553,35.265167047
111001030301,2007,47.095056036,0.047095071,47.047961047
111001030301,2008,30.756227519,0.030756199,30.725471238
111001030301,2009,42.223888608,0.042223962,42.181664896
111001030301,2010,50.978030879,0.050978033,50.927052847
111001030301,2011,31.530326841,0.031530236,31.49879669
111001030301,2012,35.455488355,0.035455495,35.420032943
111001030301,2013,31.0705114,0.031070493,31.039440907
111001030301,2014,35.101976597,0.03510206,35.066874625
111001030301,2015,34.713009315,0.034712896,34.678296252
111001030301,2016,51.76366044,0.05176347,51.711896888
111001030301,2017,25.633634244,0.025633729,25.608000685
111001030301,2018,30.587841049,0.030587805,30.557253244
111001030301,2019,38.210559337,0.038210712,38.172348792
111001030301,2020,43.648732995,0.043648732,43.605084347
111001030302,2000,26.625582962,0.026625637,26.598957325
111001030302,2001,22.680266405,0.022680345,22.65758606
111001030302,2002,22.640624874,0.022640647,22.617984395
111001030302,2003,24.138420397,0.024138405,24.114281992
111001030302,2004,22.989843568,0.022989847,22.966853639
111001030302,2005,26.781728633,0.026781627,26.754946756
111001030302,2006,21.711783167,0.021711677,21.690071493
111001030302,2007,30.076501449,0.030076389,30.046424811
111001030302,2008,21.211720464,0.021211658,21.190508724
111001030302,2009,28.587728066,0.028587729,28.55914034
111001030302,2010,33.648817666,0.033648775,33.615168973
111001030302,2011,24.36602331,0.02436597,24.341657258
111001030302,2012,31.402874287,0.031402746,31.371471374
111001030302,2013,25.141773112,0.02514174,25.116631373
111001030302,2014,30.922109608,0.030922085,30.891187438
111001030302,2015,24.307471912,0.024307474,24.283164356
111001030302,2016,32.918834508,0.03291897,32.885915705
111001030302,2017,22.007304647,0.022007384,21.985297345
111001030302,2018,25.936586011,0.025936674,25.910649507
111001030302,2019,30.504011493,0.030503995,30.473507499
111001030302,2020,28.858318104,0.028858462,28.829459645
111001030303,2000,17.012588273,0.017012639,16.995575549
111001030303,2001,14.09099426,0.014091,14.076903093
111001030303,2002,15.591119233,0.015590995,15.575528071
111001030303,2003,14.342178658,0.014342175,14.3278364
111001030303,2004,13.951379505,0.01395129,13.937428134
111001030303,2005,13.342624973,0.01334249,13.329282151
111001030303,2006,12.718599819,0.012718633,12.705881268
111001030303,2007,18.602294192,0.018602263,18.583691844
111001030303,2008,14.57036121,0.014570314,14.555790899
111001030303,2009,18.785159466,0.018785222,18.766374326
111001030303,2010,20.784037433,0.02078394,20.763253575
111001030303,2011,18.313934455,0.018313978,18.295620732
111001030303,2012,22.191862257,0.022191885,22.169670374
111001030303,2013,19.604153348,0.019604129,19.584549219
111001030303,2014,21.413353674,0.02141334,21.391940252
111001030303,2015,15.40218929,0.015402219,15.386787156
111001030303,2016,22.064281363,0.02206435,22.042216844
111001030303,2017,14.712685252,0.014712663,14.697972589
111001030303,2018,17.845333118,0.0178454,17.8274878
111001030303,2019,19.477122482,0.019477099,19.457645384
111001030303,2020,20.581248139,0.020581189,20.560666951
111001030304,2000,15.14633474,0.0,15.14633474
111001030304,2001,11.788564619,0.0,11.788564619
111001030304,2002,12.497735395,0.0,12.497735395
111001030304,2003,12.29647591,0.0,12.29647591
111001030304,2004,11.729634257,0.0,11.729634257
111001030304,2005,11.771747175,0.0,11.771747175
111001030304,2006,9.926399167,0.0,9.926399167
111001030304,2007,11.280227762,0.0,11.280227762
111001030304,2008,8.762121096,0.0,8.762121096
111001030304,2009,12.578993748,0.0,12.578993748
111001030304,2010,13.938316592,0.0,13.938316592
111001030304,2011,12.810057008,0.0,12.810057008
111001030304,2012,13.883677344,0.0,13.883677344
111001030304,2013,11.389029227,0.0,11.389029227
111001030304,2014,13.994057342,0.0,13.994057342
111001030304,2015,10.245333112,0.0,10.245333112
111001030304,2016,14.030430478,0.0,14.030430478
111001030304,2017,11.871820049,0.0,11.871820049
111001030304,2018,11.948303559,0.0,11.948303559
111001030304,2019,14.267083537,0.0,14.267083537
111001030304,2020,11.528177929,0.0,11.528177929
111001030305,2000,10.01145327,0.0,10.01145327
111001030305,2001,8.942320701,0.0,8.942320701
111001030305,2002,8.894677707,0.0,8.894677707
111001030305,2003,8.645694874,0.0,8.645694874
111001030305,2004,8.518126087,0.0,8.518126087
111001030305,2005,8.464523227,0.0,8.464523227
111001030305,2006,7.087224636,0.0,7.087224636
111001030305,2007,9.783594,0.0,9.783594
111001030305,2008,7.61786591,0.0,7.61786591
111001030305,2009,9.623428348,0.0,9.623428348
111001030305,2010,10.793970405,0.0,10.793970405
111001030305,2011,10.221234978,0.0,10.221234978
111001030305,2012,11.65072476,0.0,11.65072476
111001030305,2013,9.352809241,0.0,9.352809241
111001030305,2014,9.667963622,0.0,9.667963622
111001030305,2015,8.621805137,0.0,8.621805137
111001030305,2016,9.813213505,0.0,9.813213505
111001030305,2017,9.482412384,0.0,9.482412384
111001030305,2018,9.328950203,0.0,9.328950203
111001030305,2019,10.405723847,0.0,10.405723847
111001030305,2020,10.607425981,0.0,10.607425981
111001030306,2000,9.406005011,0.0,9.406005011
111001030306,2001,7.188657384,0.0,7.188657384
111001030306,2002,8.411544981,0.0,8.411544981
111001030306,2003,6.791039778,0.0,6.791039778
111001030306,2004,7.621049546,0.0,7.621049546
111001030306,2005,5.625642504,0.0,5.625642504
111001030306,2006,6.581959485,0.0,6.581959485
111001030306,2007,7.430457551,0.0,7.430457551
111001030306,2008,7.724970967,0.0,7.724970967
111001030306,2009,8.829059868,0.0,8.829059868
111001030306,2010,10.795316548,0.0,10.795316548
111001030306,2011,8.901133849,0.0,8.901133849
111001030306,2012,10.850799962,0.0,10.850799962
111001030306,2013,8.5666126,0.0,8.5666126
111001030306,2014,9.86327554,0.0,9.86327554
111001030306,2015,7.723488929,0.0,7.723488929
111001030306,2016,10.017893156,0.0,10.017893156
111001030306,2017,8.773884841,0.0,8.773884841
111001030306,2018,7.341283022,0.0,7.341283022
111001030306,2019,10.784615178,0.0,10.784615178
111001030306,2020,7.827064014,0.0,7.827064014
111001030307,2000,11.968256929,0.01196824,11.956288776
111001030307,2001,11.028430044,0.011028345,11.017401616
111001030307,2002,9.920863685,0.009920803,9.9109428
111001030307,2003,10.756939071,0.010757093,10.74618206
111001030307,2004,7.678490366,0.007678484,7.670811967
111001030307,2005,9.245033945,0.009245216,9.235789148
111001030307,2006,10.815351225,0.010815359,10.804535948
111001030307,2007,13.003085723,0.013003115,12.990082526
111001030307,2008,9.303940175,0.009303754,9.294636085
111001030307,2009,14.008790121,0.014008729,13.994781312
111001030307,2010,15.852308134,0.015852342,15.836455874
111001030307,2011,11.043058414,0.011043153,11.03201543
111001030307,2012,13.930821098,0.013930945,13.916890238
111001030307,2013,11.742261636,0.01174226,11.730519293
111001030307,2014,13.068895282,0.013068836,13.055826115
111001030307,2015,12.858277296,0.012858175,12.845419036
111001030307,2016,19.12785491,0.019127943,19.108726962
111001030307,2017,10.186177863,0.01018623,10.175991718
111001030307,2018,15.185261468,0.015185334,15.170076129
111001030307,2019,16.837811885,0.016837775,16.820973942
111001030307,2020,18.324721049,0.018324765,18.306396536
111001030308,2000,13.743414429,0.0,13.743414429
111001030308,2001,12.839128444,0.0,12.839128444
111001030308,2002,12.082969134,0.0,12.082969134
111001030308,2003,12.036376753,0.0,12.036376753
111001030308,2004,12.117316131,0.0,12.117316131
111001030308,2005,13.832838611,0.0,13.832838611
111001030308,2006,11.753442452,0.011753321,11.741688964
111001030308,2007,17.876525674,0.017876584,17.85864926
111001030308,2008,14.278091749,0.01427812,14.263813628
111001030308,2009,20.035308901,0.020035362,20.015273625
111001030308,2010,22.295537729,0.022295548,22.273242099
111001030308,2011,17.718167014,0.017718164,17.700448767
111001030308,2012,23.25183988,0.023251773,23.228588022
111001030308,2013,19.512756186,0.019512786,19.493243485
111001030308,2014,19.31340246,0.019313282,19.294089096
111001030308,2015,17.413440496,0.017413573,17.396027175
111001030308,2016,22.885055112,0.022884992,22.862170205
111001030308,2017,16.980663408,0.0,16.980663408
111001030308,2018,18.974587038,0.018974564,18.955612392
111001030308,2019,21.221033364,0.0,21.221033364
111001030308,2020,22.043549997,0.022043587,22.021506577
111001030309,2000,20.326364342,0.0,20.326364342
111001030309,2001,17.280945479,0.0,17.280945479
111001030309,2002,18.053776671,0.0,18.053776671
111001030309,2003,20.544478249,0.0,20.544478249
111001030309,2004,18.173725339,0.0,18.173725339
111001030309,2005,18.417859296,0.0,18.417859296
111001030309,2006,13.919495274,0.0,13.919495274
111001030309,2007,21.825703764,0.0,21.825703764
111001030309,2008,16.11420085,0.0,16.11420085
111001030309,2009,21.474596225,0.0,21.474596225
111001030309,2010,26.22633789,0.0,26.22633789
111001030309,2011,22.451066874,0.0,22.451066874
111001030309,2012,26.713111377,0.0,26.713111377
111001030309,2013,19.622543422,0.0,19.622543422
111001030309,2014,26.63492703,0.0,26.63492703
111001030309,2015,19.518150589,0.0,19.518150589
111001030309,2016,23.627964533,0.0,23.627964533
111001030309,2017,22.050912197,0.0,22.050912197
111001030309,2018,19.542213003,0.0,19.542213003
111001030309,2019,22.665546241,0.0,22.665546241
111001030309,2020,21.237525954,0.0,21.237525954
111001030401,2000,0.202089672,0.000202085,0.201887669
111001030401,2001,0.525725962,0.000525668,0.525200211
111001030401,2002,0.252355855,0.000252282,0.25210349
111001030401,2003,0.118343663,0.000118203,0.118225378
111001030401,2004,0.246366563,0.000246303,0.246120175
111001030401,2005,0.312156466,0.000312186,0.311844195
111001030401,2006,0.733717507,0.000733693,0.732983726
111001030401,2007,0.65704154,0.000657,0.656384545
111001030401,2008,0.509195822,0.000509257,0.508686732
111001030401,2009,0.253857362,0.000253775,0.253603671
111001030401,2010,1.383816096,0.001383841,1.382432258
111001030401,2011,0.0,0.0,0.0
111001030401,2012,0.0,0.0,0.0
111001030401,2013,0.0,0.0,0.0
111001030401,2014,3.448152452,0.00344817,3.444704364
111001030401,2015,2.43811894,0.002438085,2.43568077
111001030401,2016,3.66726541,0.003667227,3.663598098
111001030401,2017,1.982917479,0.001983005,1.980934638
111001030401,2018,2.992817825,0.002992748,2.989825077
111001030401,2019,4.718240507,0.004718173,4.713522164
111001030401,2020,2.790520877,0.00279053,2.787730096
111001030402,2000,8.644343891,0.0,8.644343891
111001030402,2001,7.154692789,0.0,7.154692789
111001030402,2002,5.622175153,0.0,5.622175153
111001030402,2003,4.879467093,0.0,4.879467093
111001030402,2004,6.761413268,0.0,6.761413268
111001030402,2005,5.574286342,0.0,5.574286342
111001030402,2006,6.873346112,0.0,6.873346112
111001030402,2007,9.94146351,0.0,9.94146351
111001030402,2008,6.394876459,0.0,6.394876459
111001030402,2009,8.677980005,0.0,8.677980005
111001030402,2010,11.618169192,0.0,11.618169192
111001030402,2011,11.585612244,0.0,11.585612244
111001030402,2012,12.283765798,0.0,12.283765798
111001030402,2013,10.577488685,0.0,10.577488685
111001030402,2014,11.261360907,0.0,11.261360907
111001030402,2015,8.418933827,0.0,8.418933827
111001030402,2016,11.112917628,0.0,11.112917628
111001030402,2017,8.513531871,0.0,8.513531871
111001030402,2018,9.845991479,0.0,9.845991479
111001030402,2019,8.959144501,0.0,8.959144501
111001030402,2020,11.116109869,0.0,11.116109869
111001030403,2000,11.920502339,0.0,11.920502339
111001030403,2001,8.735311096,0.0,8.735311096
111001030403,2002,8.205841485,0.0,8.205841485
111001030403,2003,7.635928153,0.0,7.635928153
111001030403,2004,8.678411098,0.0,8.678411098
111001030403,2005,6.738156956,0.0,6.738156956
111001030403,2006,6.586170392,0.0,6.586170392
111001030403,2007,9.345183685,0.0,9.345183685
111001030403,2008,7.751612169,0.0,7.751612169
111001030403,2009,9.799195907,0.0,9.799195907
111001030403,2010,12.41299034,0.0,12.41299034
111001030403,2011,11.783963093,0.0,11.783963093
111001030403,2012,14.617748322,0.0,14.617748322
111001030403,2013,12.581060932,0.0,12.581060932
111001030403,2014,16.141263458,0.0,16.141263458
111001030403,2015,9.260417405,0.0,9.260417405
111001030403,2016,14.561802396,0.0,14.561802396
111001030403,2017,11.43904634,0.0,11.43904634
111001030403,2018,12.215172578,0.0,12.215172578
111001030403,2019,14.713659299,0.0,14.713659299
111001030403,2020,14.580904156,0.0,14.580904156
111001030404,2000,14.714402825,0.0,14.714402825
111001030404,2001,13.486896707,0.0,13.486896707
111001030404,2002,11.342178101,0.0,11.342178101
111001030404,2003,8.085921351,0.0,8.085921351
111001030404,2004,12.576111858,0.0,12.576111858
111001030404,2005,12.174674529,0.0,12.174674529
111001030404,2006,9.013881216,0.0,9.013881216
111001030404,2007,16.761045216,0.0,16.761045216
111001030404,2008,9.860143697,0.0,9.860143697
111001030404,2009,15.261436014,0.0,15.261436014
111001030404,2010,17.222216249,0.0,17.222216249
111001030404,2011,13.669588608,0.0,13.669588608
111001030404,2012,19.359504385,0.0,19.359504385
111001030404,2013,16.647935732,0.0,16.647935732
111001030404,2014,17.672496542,0.0,17.672496542
111001030404,2015,15.803633729,0.0,15.803633729
111001030404,2016,18.885421929,0.0,18.885421929
111001030404,2017,17.361787723,0.0,17.361787723
111001030404,2018,15.739689356,0.0,15.739689356
111001030404,2019,19.731577907,0.0,19.731577907
111001030404,2020,20.266162913,0.0,20.266162913
111001030405,2000,9.6380655,0.0,9.6380655
111001030405,2001,8.157981827,0.0,8.157981827
111001030405,2002,6.266328975,0.0,6.266328975
111001030405,2003,6.045343255,0.0,6.045343255
111001030405,2004,7.949039658,0.0,7.949039658
111001030405,2005,7.68277871,0.0,7.68277871
111001030405,2006,6.531191608,0.0,6.531191608
111001030405,2007,11.161200353,0.0,11.161200353
111001030405,2008,7.49767897,0.0,7.49767897
111001030405,2009,9.181053512,0.0,9.181053512
111001030405,2010,11.736723077,0.0,11.736723077
111001030405,2011,14.825150419,0.0,14.825150419
111001030405,2012,13.825320489,0.0,13.825320489
111001030405,2013,13.522926838,0.0,13.522926838
111001030405,2014,14.251653167,0.0,14.251653167
111001030405,2015,11.070683178,0.0,11.070683178
111001030405,2016,16.422867287,0.0,16.422867287
111001030405,2017,9.455543825,0.0,9.455543825
111001030405,2018,13.144652288,0.0,13.144652288
111001030405,2019,13.706352247,0.0,13.706352247
111001030405,2020,14.105160161,0.0,14.105160161
111001030406,2000,4.173336536,0.0,4.173336536
111001030406,2001,3.089637367,0.0,3.089637367
111001030406,2002,3.117619921,0.0,3.117619921
111001030406,2003,2.839910551,0.0,2.839910551
111001030406,2004,3.197312139,0.0,3.197312139
111001030406,2005,3.611554674,0.0,3.611554674
111001030406,2006,2.743513603,0.0,2.743513603
111001030406,2007,4.045375652,0.0,4.045375652
111001030406,2008,2.785267631,0.0,2.785267631
111001030406,2009,3.22415246,0.0,3.22415246
111001030406,2010,3.76978,0.0,3.76978
111001030406,2011,4.526354367,0.0,4.526354367
111001030406,2012,6.161072738,0.0,6.161072738
111001030406,2013,5.126245693,0.0,5.126245693
111001030406,2014,5.198283559,0.0,5.198283559
111001030406,2015,3.874868989,0.0,3.874868989
111001030406,2016,5.640236959,0.0,5.640236959
111001030406,2017,4.306321397,0.0,4.306321397
111001030406,2018,4.983938578,0.0,4.983938578
111001030406,2019,5.286146071,0.0,5.286146071
111001030406,2020,5.500660951,0.0,5.500660951
111001030501,2000,30.847116691,0.0,30.847116691
111001030501,2001,26.207481238,0.0,26.207481238
111001030501,2002,25.676454304,0.0,25.676454304
111001030501,2003,27.484565378,0.0,27.484565378
111001030501,2004,25.859157025,0.0,25.859157025
111001030501,2005,24.727231203,0.0,24.727231203
111001030501,2006,23.575853288,0.0,23.575853288
111001030501,2007,31.317816899,0.0,31.317816899
111001030501,2008,23.828428948,0.0,23.828428948
111001030501,2009,31.073863392,0.0,31.073863392
111001030501,2010,32.590470907,0.0,32.590470907
111001030501,2011,31.469095219,0.0,31.469095219
111001030501,2012,34.632695137,0.0,34.632695137
111001030501,2013,29.144158589,0.0,29.144158589
111001030501,2014,30.646585307,0.0,30.646585307
111001030501,2015,25.210983685,0.0,25.210983685
111001030501,2016,31.38093329,0.0,31.38093329
111001030501,2017,28.893051781,0.0,28.893051781
111001030501,2018,26.199077203,0.0,26.199077203
111001030501,2019,30.06670063,0.0,30.06670063
111001030501,2020,29.330382557,0.0,29.330382557
111001030502,2000,19.501844339,0.0,19.501844339
111001030502,2001,15.424743118,0.0,15.424743118
111001030502,2002,16.364555501,0.0,16.364555501
111001030502,2003,15.453788211,0.0,15.453788211
111001030502,2004,15.229343891,0.0,15.229343891
111001030502,2005,15.042941816,0.0,15.042941816
111001030502,2006,12.818634025,0.0,12.818634025
111001030502,2007,16.714931595,0.0,16.714931595
111001030502,2008,13.072322257,0.0,13.072322257
111001030502,2009,17.586974499,0.0,17.586974499
111001030502,2010,18.925620986,0.0,18.925620986
111001030502,2011,17.891355444,0.0,17.891355444
111001030502,2012,18.066325527,0.0,18.066325527
111001030502,2013,17.135048995,0.0,17.135048995
111001030502,2014,17.844780137,0.0,17.844780137
111001030502,2015,15.236709375,0.0,15.236709375
111001030502,2016,17.066508861,0.0,17.066508861
111001030502,2017,17.397503378,0.0,17.397503378
111001030502,2018,15.602879107,0.0,15.602879107
111001030502,2019,17.016928367,0.0,17.016928367
111001030502,2020,17.908000943,0.0,17.908000943
111001030503,2000,2.519084134,0.0,2.519084134
111001030503,2001,2.104014008,0.0,2.104014008
111001030503,2002,2.381123441,0.0,2.381123441
111001030503,2003,2.316256258,0.0,2.316256258
111001030503,2004,1.867685973,0.0,1.867685973
111001030503,2005,1.785977151,0.0,1.785977151
111001030503,2006,1.681895929,0.0,1.681895929
111001030503,2007,2.701171222,0.0,2.701171222
111001030503,2008,1.798443691,0.0,1.798443691
111001030503,2009,3.246102433,0.0,3.246102433
111001030503,2010,4.013457219,0.0,4.013457219
111001030503,2011,4.755722556,0.0,4.755722556
111001030503,2012,4.78927582,0.0,4.78927582
111001030503,2013,3.989072268,0.0,3.989072268
111001030503,2014,6.162085603,0.0,6.162085603
111001030503,2015,5.056537496,0.0,5.056537496
111001030503,2016,6.241000995,0.0,6.241000995
111001030503,2017,5.52027106,0.0,5.52027106
111001030503,2018,5.73896637,0.0,5.73896637
111001030503,2019,6.396580205,0.0,6.396580205
111001030503,2020,6.786510844,0.0,6.786510844
111001030504,2000,23.145802399,0.0,23.145802399
111001030504,2001,20.580463841,0.0,20.580463841
111001030504,2002,16.426145123,0.0,16.426145123
111001030504,2003,17.228064753,0.0,17.228064753
111001030504,2004,18.152061085,0.0,18.152061085
111001030504,2005,19.635666304,0.0,19.635666304
111001030504,2006,14.454204847,0.0,14.454204847
111001030504,2007,23.068192679,0.0,23.068192679
111001030504,2008,16.988910943,0.0,16.988910943
111001030504,2009,21.854736403,0.0,21.854736403
111001030504,2010,26.133384704,0.0,26.133384704
111001030504,2011,21.945790679,0.0,21.945790679
111001030504,2012,22.029783434,0.0,22.029783434
111001030504,2013,22.142513923,0.0,22.142513923
111001030504,2014,22.608437707,0.0,22.608437707
111001030504,2015,20.989096252,0.0,20.989096252
111001030504,2016,24.456394888,0.0,24.456394888
111001030504,2017,22.62696066,0.0,22.62696066
111001030504,2018,22.962992742,0.0,22.962992742
111001030504,2019,25.344774216,0.0,25.344774216
111001030504,2020,26.438664779,0.0,26.438664779
111001030505,2000,4.982598989,0.0,4.982598989
111001030505,2001,4.123539027,0.0,4.123539027
111001030505,2002,4.79411243,0.0,4.79411243
111001030505,2003,4.865419614,0.0,4.865419614
111001030505,2004,4.242497527,0.0,4.242497527
111001030505,2005,4.413170041,0.0,4.413170041
111001030505,2006,4.276592044,0.0,4.276592044
111001030505,2007,4.529864942,0.0,4.529864942
111001030505,2008,3.661513607,0.0,3.661513607
111001030505,2009,5.581927014,0.0,5.581927014
111001030505,2010,6.895158526,0.0,6.895158526
111001030505,2011,6.123832118,0.0,6.123832118
111001030505,2012,5.878621429,0.0,5.878621429
111001030505,2013,6.401336841,0.0,6.401336841
111001030505,2014,5.895383375,0.0,5.895383375
111001030505,2015,4.677859466,0.0,4.677859466
111001030505,2016,5.709648208,0.0,5.709648208
111001030505,2017,5.01517751,0.0,5.01517751
111001030505,2018,5.177788329,0.0,5.177788329
111001030505,2019,5.572054364,0.0,5.572054364
111001030505,2020,5.087401331,0.0,5.087401331
111001030506,2000,21.269196191,0.0,21.269196191
111001030506,2001,17.60589143,0.0,17.60589143
111001030506,2002,16.668344205,0.0,16.668344205
111001030506,2003,16.947369992,0.0,16.947369992
111001030506,2004,16.73993329,0.0,16.73993329
111001030506,2005,17.63478126,0.0,17.63478126
111001030506,2006,12.86388454,0.0,12.86388454
111001030506,2007,21.716642403,0.0,21.716642403
111001030506,2008,14.943287792,0.0,14.943287792
111001030506,2009,19.541510896,0.0,19.541510896
111001030506,2010,20.645258616,0.0,20.645258616
111001030506,2011,21.934757071,0.0,21.934757071
111001030506,2012,24.287378899,0.0,24.287378899
111001030506,2013,20.314074101,0.0,20.314074101
111001030506,2014,23.425784068,0.0,23.425784068
111001030506,2015,17.50479974,0.0,17.50479974
111001030506,2016,24.480143467,0.0,24.480143467
111001030506,2017,19.575252764,0.0,19.575252764
111001030506,2018,18.392262493,0.0,18.392262493
111001030506,2019,17.784071904,0.0,17.784071904
111001030506,2020,21.969964516,0.0,21.969964516
111001030507,2000,5.14441782,0.0,5.14441782
111001030507,2001,4.859117279,0.0,4.859117279
111001030507,2002,4.815217573,0.0,4.815217573
111001030507,2003,3.850027921,0.0,3.850027921
111001030507,2004,4.39125897,0.0,4.39125897
111001030507,2005,3.529020504,0.0,3.529020504
111001030507,2006,3.638096444,0.0,3.638096444
111001030507,2007,5.454279159,0.0,5.454279159
111001030507,2008,4.002921377,0.0,4.002921377
111001030507,2009,5.173254047,0.0,5.173254047
111001030507,2010,5.782874521,0.0,5.782874521
111001030507,2011,5.362249616,0.0,5.362249616
111001030507,2012,4.567714074,0.0,4.567714074
111001030507,2013,7.203651701,0.0,7.203651701
111001030507,2014,6.068216373,0.0,6.068216373
111001030507,2015,5.249436405,0.0,5.249436405
111001030507,2016,7.241851339,0.0,7.241851339
111001030507,2017,5.909714216,0.0,5.909714216
111001030507,2018,5.376804567,0.0,5.376804567
111001030507,2019,5.345957249,0.0,5.345957249
111001030507,2020,6.656685995,0.0,6.656685995
111001030508,2000,3.793645563,0.0,3.793645563
111001030508,2001,3.017773079,0.0,3.017773079
111001030508,2002,2.50710529,0.0,2.50710529
111001030508,2003,3.279312225,0.0,3.279312225
111001030508,2004,3.132906391,0.0,3.132906391
111001030508,2005,5.265521036,0.0,5.265521036
111001030508,2006,2.647012786,0.0,2.647012786
111001030508,2007,6.196719762,0.0,6.196719762
111001030508,2008,2.886273825,0.0,2.886273825
111001030508,2009,4.766041488,0.0,4.766041488
111001030508,2010,5.046237838,0.0,5.046237838
111001030508,2011,3.970618186,0.0,3.970618186
111001030508,2012,3.684252437,0.0,3.684252437
111001030508,2013,4.133360156,0.0,4.133360156
111001030508,2014,4.223108792,0.0,4.223108792
111001030508,2015,2.836108345,0.0,2.836108345
111001030508,2016,5.072999281,0.0,5.072999281
111001030508,2017,4.060657942,0.0,4.060657942
111001030508,2018,3.134868285,0.0,3.134868285
111001030508,2019,4.530466044,0.0,4.530466044
111001030508,2020,4.560292189,0.0,4.560292189
111001030509,2000,8.652622533,0.0,8.652622533
111001030509,2001,6.684468386,0.0,6.684468386
111001030509,2002,5.429700156,0.0,5.429700156
111001030509,2003,6.453310474,0.0,6.453310474
111001030509,2004,7.121440913,0.0,7.121440913
111001030509,2005,8.122157392,0.0,8.122157392
111001030509,2006,4.002851879,0.0,4.002851879
111001030509,2007,10.465867751,0.0,10.465867751
111001030509,2008,5.694567131,0.0,5.694567131
111001030509,2009,8.325018101,0.0,8.325018101
111001030509,2010,11.102117578,0.0,11.102117578
111001030509,2011,8.218525951,0.0,8.218525951
111001030509,2012,9.076257842,0.0,9.076257842
111001030509,2013,8.417033836,0.0,8.417033836
111001030509,2014,8.71271826,0.0,8.71271826
111001030509,2015,7.407550534,0.0,7.407550534
111001030509,2016,10.153348806,0.0,10.153348806
111001030509,2017,8.81381297,0.0,8.81381297
111001030509,2018,7.803405537,0.0,7.803405537
111001030509,2019,8.327916622,0.0,8.327916622
111001030509,2020,10.579828743,0.0,10.579828743
111001040101,2000,17.409806984,0.0,17.409806984
111001040101,2001,15.360623532,0.0,15.360623532
111001040101,2002,15.994035589,0.0,15.994035589
111001040101,2003,14.594607896,0.0,14.594607896
111001040101,2004,14.875366787,0.0,14.875366787
111001040101,2005,15.607010132,0.0,15.607010132
111001040101,2006,15.013833734,0.0,15.013833734
111001040101,2007,18.303864879,0.0,18.303864879
111001040101,2008,15.404142948,0.0,15.404142948
111001040101,2009,19.001732877,0.0,19.001732877
111001040101,2010,18.114822373,0.0,18.114822373
111001040101,2011,18.974031238,0.0,18.974031238
111001040101,2012,22.146723686,0.0,22.146723686
111001040101,2013,18.260619482,0.0,18.260619482
111001040101,2014,18.73262811,0.0,18.73262811
111001040101,2015,13.790173882,0.0,13.790173882
111001040101,2016,18.880485219,0.0,18.880485219
111001040101,2017,12.946908027,0.0,12.946908027
111001040101,2018,15.847921208,0.0,15.847921208
111001040101,2019,13.903142997,0.0,13.903142997
111001040101,2020,18.99375265,0.0,18.99375265
111001040102,2000,29.384743541,0.0,29.384743541
111001040102,2001,27.332160397,0.0,27.332160397
111001040102,2002,27.040307082,0.0,27.040307082
111001040102,2003,25.623015899,0.0,25.623015899
111001040102,2004,24.494618617,0.0,24.494618617
111001040102,2005,25.668162523,0.0,25.668162523
111001040102,2006,24.118209293,0.0,24.118209293
111001040102,2007,30.170837342,0.0,30.170837342
111001040102,2008,25.474555249,0.0,25.474555249
111001040102,2009,30.09973769,0.0,30.09973769
111001040102,2010,30.25420463,0.0,30.25420463
111001040102,2011,28.217032647,0.0,28.217032647
111001040102,2012,36.489034899,0.0,36.489034899
111001040102,2013,28.737376014,0.0,28.737376014
111001040102,2014,31.890803866,0.0,31.890803866
111001040102,2015,23.700559923,0.0,23.700559923
111001040102,2016,31.146632016,0.0,31.146632016
111001040102,2017,20.252468066,0.0,20.252468066
111001040102,2018,26.346662658,0.0,26.346662658
111001040102,2019,25.22556097,0.0,25.22556097
111001040102,2020,31.937178008,0.0,31.937178008
111001040103,2000,45.55116873,0.0,45.55116873
111001040103,2001,38.605142038,0.0,38.605142038
111001040103,2002,34.209704989,0.0,34.209704989
111001040103,2003,35.285660397,0.0,35.285660397
111001040103,2004,34.270295604,0.0,34.270295604
111001040103,2005,33.14531503,0.0,33.14531503
111001040103,2006,27.895527973,0.0,27.895527973
111001040103,2007,42.000239134,0.0,42.000239134
111001040103,2008,30.086014027,0.0,30.086014027
111001040103,2009,36.548953005,0.0,36.548953005
111001040103,2010,40.764196605,0.0,40.764196605
111001040103,2011,33.330797397,0.0,33.330797397
111001040103,2012,45.310882287,0.0,45.310882287
111001040103,2013,32.803479348,0.0,32.803479348
111001040103,2014,31.618581849,0.0,31.618581849
111001040103,2015,27.30489126,0.0,27.30489126
111001040103,2016,30.615833874,0.0,30.615833874
111001040103,2017,25.024961444,0.0,25.024961444
111001040103,2018,30.3253896,0.0,30.3253896
111001040103,2019,30.325749173,0.0,30.325749173
111001040103,2020,36.479556096,0.0,36.479556096
111001040104,2000,45.194769172,0.0,45.194769172
111001040104,2001,35.609229559,0.0,35.609229559
111001040104,2002,40.684908718,0.0,40.684908718
111001040104,2003,38.152388518,0.0,38.152388518
111001040104,2004,34.89027535,0.0,34.89027535
111001040104,2005,35.258788942,0.0,35.258788942
111001040104,2006,34.040437775,0.0,34.040437775
111001040104,2007,45.209122118,0.0,45.209122118
111001040104,2008,31.994655571,0.0,31.994655571
111001040104,2009,42.378252666,0.0,42.378252666
111001040104,2010,44.902089137,0.0,44.902089137
111001040104,2011,46.79055657,0.0,46.79055657
111001040104,2012,55.063356847,0.0,55.063356847
111001040104,2013,45.118811047,0.0,45.118811047
111001040104,2014,43.922283638,0.0,43.922283638
111001040104,2015,36.323575507,0.0,36.323575507
111001040104,2016,45.591394874,0.0,45.591394874
111001040104,2017,36.5430964,0.0,36.5430964
111001040104,2018,45.489266274,0.0,45.489266274
111001040104,2019,44.338214701,0.0,44.338214701
111001040104,2020,55.323651716,0.0,55.323651716
111001040105,2000,36.770139194,0.0,36.770139194
111001040105,2001,32.509094312,0.0,32.509094312
111001040105,2002,31.859815263,0.0,31.859815263
111001040105,2003,34.734688978,0.0,34.734688978
111001040105,2004,28.172741574,0.0,28.172741574
111001040105,2005,31.305738258,0.0,31.305738258
111001040105,2006,28.62119131,0.0,28.62119131
111001040105,2007,34.579135318,0.0,34.579135318
111001040105,2008,32.578760128,0.0,32.578760128
111001040105,2009,41.028071775,0.0,41.028071775
111001040105,2010,41.096743742,0.0,41.096743742
111001040105,2011,43.720544145,0.0,43.720544145
111001040105,2012,46.354203145,0.0,46.354203145
111001040105,2013,39.395058397,0.0,39.395058397
111001040105,2014,36.553206301,0.0,36.553206301
111001040105,2015,31.348073595,0.0,31.348073595
111001040105,2016,41.558355852,0.0,41.558355852
111001040105,2017,29.835903458,0.0,29.835903458
111001040105,2018,40.18524877,0.0,40.18524877
111001040105,2019,37.251719145,0.0,37.251719145
111001040105,2020,47.778226202,0.0,47.778226202
111001040106,2000,12.331524582,0.0,12.331524582
111001040106,2001,12.061779945,0.0,12.061779945
111001040106,2002,11.290609841,0.0,11.290609841
111001040106,2003,11.417876964,0.0,11.417876964
111001040106,2004,12.374747311,0.0,12.374747311
111001040106,2005,10.275023025,0.0,10.275023025
111001040106,2006,10.759658512,0.0,10.759658512
111001040106,2007,13.061924351,0.0,13.061924351
111001040106,2008,10.233894309,0.0,10.233894309
111001040106,2009,13.09678589,0.0,13.09678589
111001040106,2010,13.428870888,0.0,13.428870888
111001040106,2011,13.589256068,0.0,13.589256068
111001040106,2012,16.761504385,0.0,16.761504385
111001040106,2013,12.497437079,0.0,12.497437079
111001040106,2014,11.86838663,0.0,11.86838663
111001040106,2015,10.260685244,0.0,10.260685244
111001040106,2016,13.791766243,0.0,13.791766243
111001040106,2017,10.686425507,0.0,10.686425507
111001040106,2018,14.690564016,0.0,14.690564016
111001040106,2019,12.502600784,0.0,12.502600784
111001040106,2020,15.199883721,0.0,15.199883721
111001040107,2000,30.638910891,0.0,30.638910891
111001040107,2001,25.878769732,0.0,25.878769732
111001040107,2002,27.831007192,0.0,27.831007192
111001040107,2003,28.71328603,0.0,28.71328603
111001040107,2004,26.24920871,0.0,26.24920871
111001040107,2005,23.931628225,0.0,23.931628225
111001040107,2006,25.904283997,0.0,25.904283997
111001040107,2007,32.762128162,0.0,32.762128162
111001040107,2008,26.80078394,0.0,26.80078394
111001040107,2009,31.59239106,0.0,31.59239106
111001040107,2010,31.560903521,0.0,31.560903521
111001040107,2011,34.91749686,0.0,34.91749686
111001040107,2012,36.283842333,0.0,36.283842333
111001040107,2013,31.173715159,0.0,31.173715159
111001040107,2014,33.154100934,0.0,33.154100934
111001040107,2015,24.214105825,0.0,24.214105825
111001040107,2016,33.87205977,0.0,33.87205977
111001040107,2017,24.625400816,0.0,24.625400816
111001040107,2018,33.087693104,0.0,33.087693104
111001040107,2019,28.571430688,0.0,28.571430688
111001040107,2020,35.192899601,0.0,35.192899601
111001040108,2000,34.766375784,0.0,34.766375784
111001040108,2001,29.180460882,0.0,29.180460882
111001040108,2002,29.76754394,0.0,29.76754394
111001040108,2003,31.651366173,0.0,31.651366173
111001040108,2004,27.135927363,0.0,27.135927363
111001040108,2005,27.65444894,0.0,27.65444894
111001040108,2006,28.233233693,0.0,28.233233693
111001040108,2007,33.079989805,0.0,33.079989805
111001040108,2008,28.368312675,0.0,28.368312675
111001040108,2009,33.029545551,0.0,33.029545551
111001040108,2010,34.308417118,0.0,34.308417118
111001040108,2011,39.93062443,0.0,39.93062443
111001040108,2012,37.175136164,0.0,37.175136164
111001040108,2013,37.533078532,0.0,37.533078532
111001040108,2014,38.759887121,0.0,38.759887121
111001040108,2015,26.032464882,0.0,26.032464882
111001040108,2016,35.915083896,0.0,35.915083896
111001040108,2017,29.09655023,0.0,29.09655023
111001040108,2018,34.648705764,0.0,34.648705764
111001040108,2019,30.421754422,0.0,30.421754422
111001040108,2020,41.611744883,0.0,41.611744883
111001040109,2000,6.92129488,0.152268489,6.769026391
111001040109,2001,5.329204142,0.11724237,5.21196169
111001040109,2002,5.004800501,0.115110367,4.889690132
111001040109,2003,5.278535649,0.105570696,5.172965036
111001040109,2004,4.753480658,0.104576519,4.648903888
111001040109,2005,3.353851082,0.093907841,3.259943408
111001040109,2006,4.654094093,0.093081868,4.561012225
111001040109,2007,5.941342036,0.154474868,5.786867082
111001040109,2008,4.744004522,0.10436803,4.63963641
111001040109,2009,5.275398214,0.137160288,5.138237841
111001040109,2010,6.827585,0.150206929,6.677378236
111001040109,2011,8.145106301,0.179192318,7.965914068
111001040109,2012,7.534790027,0.173300172,7.361489773
111001040109,2013,6.839528962,0.164148622,6.67538017
111001040109,2014,7.275311548,0.160056863,7.115254682
111001040109,2015,4.705612707,0.11764037,4.587972422
111001040109,2016,6.688768768,0.140464145,6.548304623
111001040109,2017,5.198085093,0.114357789,5.083727299
111001040109,2018,6.610468044,0.132209449,6.478258595
111001040109,2019,5.429426156,0.119447384,5.309978855
111001040109,2020,6.860294057,0.137205847,6.72308821
111001040201,2000,38.568174172,0.0,38.568174172
111001040201,2001,34.346408737,0.0,34.346408737
111001040201,2002,38.080648586,0.0,38.080648586
111001040201,2003,37.868774112,0.0,37.868774112
111001040201,2004,34.31220176,0.0,34.31220176
111001040201,2005,34.529754915,0.0,34.529754915
111001040201,2006,33.313984079,0.0,33.313984079
111001040201,2007,40.45311774,0.0,40.45311774
111001040201,2008,31.945332456,0.0,31.945332456
111001040201,2009,33.591673978,0.0,33.591673978
111001040201,2010,40.618078929,0.0,40.618078929
111001040201,2011,36.50234003,0.0,36.50234003
111001040201,2012,43.208840954,0.0,43.208840954
111001040201,2013,30.547410841,0.0,30.547410841
111001040201,2014,29.5389994,0.0,29.5389994
111001040201,2015,27.752825153,0.0,27.752825153
111001040201,2016,39.080417189,0.0,39.080417189
111001040201,2017,29.44270674,0.0,29.44270674
111001040201,2018,34.349847071,0.0,34.349847071
111001040201,2019,31.38344074,0.0,31.38344074
111001040201,2020,38.409916809,0.0,38.409916809
111001040202,2000,24.177723254,0.0,24.177723254
111001040202,2001,20.484578474,0.0,20.484578474
111001040202,2002,20.614061808,0.0,20.614061808
111001040202,2003,20.84732391,0.0,20.84732391
111001040202,2004,21.889028746,0.0,21.889028746
111001040202,2005,20.165827375,0.0,20.165827375
111001040202,2006,20.181127934,0.0,20.181127934
111001040202,2007,23.58487063,0.0,23.58487063
111001040202,2008,18.806606257,0.0,18.806606257
111001040202,2009,23.203060929,0.0,23.203060929
111001040202,2010,26.982659767,0.0,26.982659767
111001040202,2011,23.692072096,0.0,23.692072096
111001040202,2012,29.348873858,0.0,29.348873858
111001040202,2013,21.625773112,0.0,21.625773112
111001040202,2014,23.637949789,0.0,23.637949789
111001040202,2015,19.296259778,0.0,19.296259778
111001040202,2016,27.425430631,0.0,27.425430631
111001040202,2017,21.069994559,0.0,21.069994559
111001040202,2018,24.381331608,0.0,24.381331608
111001040202,2019,21.656144485,0.0,21.656144485
111001040202,2020,27.335693653,0.0,27.335693653
111001040203,2000,27.597571817,0.0,27.597571817
111001040203,2001,22.987582967,0.0,22.987582967
111001040203,2002,22.245103101,0.0,22.245103101
111001040203,2003,22.116671915,0.0,22.116671915
111001040203,2004,21.37914359,0.0,21.37914359
111001040203,2005,18.603033507,0.0,18.603033507
111001040203,2006,17.726324984,0.0,17.726324984
111001040203,2007,22.814619784,0.0,22.814619784
111001040203,2008,17.788871202,0.0,17.788871202
111001040203,2009,20.409461504,0.0,20.409461504
111001040203,2010,24.0242794,0.0,24.0242794
111001040203,2011,17.909754414,0.0,17.909754414
111001040203,2012,25.590247825,0.0,25.590247825
111001040203,2013,19.484267773,0.0,19.484267773
111001040203,2014,22.033925515,0.0,22.033925515
111001040203,2015,15.33443009,0.0,15.33443009
111001040203,2016,22.150853781,0.0,22.150853781
111001040203,2017,17.496850732,0.0,17.496850732
111001040203,2018,19.957886455,0.0,19.957886455
111001040203,2019,14.129326071,0.0,14.129326071
111001040203,2020,18.009340475,0.0,18.009340475
111001040204,2000,27.290233645,0.0,27.290233645
111001040204,2001,25.134360326,0.0,25.134360326
111001040204,2002,24.972576942,0.0,24.972576942
111001040204,2003,23.227186874,0.0,23.227186874
111001040204,2004,25.165338852,0.0,25.165338852
111001040204,2005,19.973752803,0.0,19.973752803
111001040204,2006,20.28243774,0.0,20.28243774
111001040204,2007,23.962535907,0.0,23.962535907
111001040204,2008,20.717050243,0.0,20.717050243
111001040204,2009,24.910034301,0.0,24.910034301
111001040204,2010,27.498395304,0.0,27.498395304
111001040204,2011,23.63750394,0.0,23.63750394
111001040204,2012,30.1668465,0.0,30.1668465
111001040204,2013,23.531956542,0.0,23.531956542
111001040204,2014,23.665814362,0.0,23.665814362
111001040204,2015,20.339272652,0.0,20.339272652
111001040204,2016,25.762240066,0.0,25.762240066
111001040204,2017,18.424999312,0.0,18.424999312
111001040204,2018,26.227732093,0.0,26.227732093
111001040204,2019,20.666837532,0.0,20.666837532
111001040204,2020,29.408533276,0.0,29.408533276
111001040205,2000,20.004510607,0.0,20.004510607
111001040205,2001,17.343435786,0.0,17.343435786
111001040205,2002,17.025104732,0.0,17.025104732
111001040205,2003,18.838576362,0.0,18.838576362
111001040205,2004,16.726838205,0.0,16.726838205
111001040205,2005,16.593413784,0.0,16.593413784
111001040205,2006,14.504777685,0.0,14.504777685
111001040205,2007,21.518358373,0.0,21.518358373
111001040205,2008,14.786185964,0.0,14.786185964
111001040205,2009,19.760488778,0.0,19.760488778
111001040205,2010,19.980376679,0.0,19.980376679
111001040205,2011,22.662776066,0.0,22.662776066
111001040205,2012,20.561367637,0.0,20.561367637
111001040205,2013,18.900133447,0.0,18.900133447
111001040205,2014,19.910464671,0.0,19.910464671
111001040205,2015,16.759464408,0.0,16.759464408
111001040205,2016,21.557948137,0.0,21.557948137
111001040205,2017,13.085035329,0.0,13.085035329
111001040205,2018,20.225516345,0.0,20.225516345
111001040205,2019,17.568562564,0.0,17.568562564
111001040205,2020,20.841374246,0.0,20.841374246
111001040206,2000,9.824281306,0.0,9.824281306
111001040206,2001,10.210480956,0.0,10.210480956
111001040206,2002,6.744188945,0.0,6.744188945
111001040206,2003,8.711301279,0.0,8.711301279
111001040206,2004,8.192164732,0.0,8.192164732
111001040206,2005,7.720893682,0.0,7.720893682
111001040206,2006,5.009791603,0.0,5.009791603
111001040206,2007,9.516525016,0.0,9.516525016
111001040206,2008,6.011976874,0.0,6.011976874
111001040206,2009,7.434280649,0.0,7.434280649
111001040206,2010,9.709024266,0.0,9.709024266
111001040206,2011,8.456025726,0.0,8.456025726
111001040206,2012,9.746903705,0.0,9.746903705
111001040206,2013,9.394981573,0.0,9.394981573
111001040206,2014,8.83050111,0.0,8.83050111
111001040206,2015,7.544217093,0.0,7.544217093
111001040206,2016,8.762433861,0.0,8.762433861
111001040206,2017,6.984642986,0.0,6.984642986
111001040206,2018,8.463854364,0.0,8.463854364
111001040206,2019,7.480062871,0.0,7.480062871
111001040206,2020,8.769086525,0.0,8.769086525
111001040207,2000,9.025222399,0.0,9.025222399
111001040207,2001,8.039717545,0.0,8.039717545
111001040207,2002,6.057295493,0.0,6.057295493
111001040207,2003,7.241407337,0.0,7.241407337
111001040207,2004,7.948935303,0.0,7.948935303
111001040207,2005,6.605111751,0.0,6.605111751
111001040207,2006,6.69274794,0.0,6.69274794
111001040207,2007,9.390641159,0.0,9.390641159
111001040207,2008,5.287080541,0.0,5.287080541
111001040207,2009,6.934736233,0.0,6.934736233
111001040207,2010,7.245799274,0.0,7.245799274
111001040207,2011,6.156424562,0.0,6.156424562
111001040207,2012,7.429755011,0.0,7.429755011
111001040207,2013,8.164573608,0.0,8.164573608
111001040207,2014,8.279663542,0.0,8.279663542
111001040207,2015,7.512148142,0.0,7.512148142
111001040207,2016,9.13693953,0.0,9.13693953
111001040207,2017,5.009940279,0.0,5.009940279
111001040207,2018,8.782858337,0.0,8.782858337
111001040207,2019,9.783933249,0.0,9.783933249
111001040207,2020,8.675199675,0.0,8.675199675
111001040208,2000,16.179367943,0.0,16.179367943
111001040208,2001,14.912024323,0.0,14.912024323
111001040208,2002,12.424772022,0.0,12.424772022
111001040208,2003,13.669519488,0.0,13.669519488
111001040208,2004,12.812347355,0.0,12.812347355
111001040208,2005,12.169498753,0.0,12.169498753
111001040208,2006,10.412555781,0.0,10.412555781
111001040208,2007,16.186356816,0.0,16.186356816
111001040208,2008,11.051834844,0.0,11.051834844
111001040208,2009,13.448796499,0.0,13.448796499
111001040208,2010,15.366538997,0.0,15.366538997
111001040208,2011,12.729123679,0.0,12.729123679
111001040208,2012,15.623529902,0.0,15.623529902
111001040208,2013,12.735662647,0.0,12.735662647
111001040208,2014,13.767608312,0.0,13.767608312
111001040208,2015,12.470906792,0.0,12.470906792
111001040208,2016,15.363499675,0.0,15.363499675
111001040208,2017,9.932255907,0.0,9.932255907
111001040208,2018,14.113883241,0.0,14.113883241
111001040208,2019,13.433471836,0.0,13.433471836
111001040208,2020,16.174210549,0.0,16.174210549
111001040209,2000,6.996005811,0.00699603,6.989009781
111001040209,2001,6.96732597,0.013934715,6.953391252
111001040209,2002,4.303192762,0.0,4.303192762
111001040209,2003,3.963909416,0.003963885,3.959945529
111001040209,2004,5.657821661,0.005657798,5.652163694
111001040209,2005,6.756047438,0.0,6.756047438
111001040209,2006,3.893214101,0.00389323,3.889320871
111001040209,2007,7.62867426,0.007628671,7.621045592
111001040209,2008,6.926845932,0.013853831,6.912992434
111001040209,2009,6.924535699,0.020773699,6.903762082
111001040209,2010,7.104353712,0.014208649,7.090144981
111001040209,2011,7.764966619,0.023294959,7.741671745
111001040209,2012,9.125612992,0.018251243,9.107361664
111001040209,2013,9.610284912,0.019220474,9.591064268
111001040209,2014,9.251795422,0.018503529,9.233291808
111001040209,2015,8.394418537,0.01678886,8.377629762
111001040209,2016,9.259844459,0.009259872,9.250584672
111001040209,2017,7.833876345,0.01566771,7.818208636
111001040209,2018,8.59640677,0.017192803,8.579213964
111001040209,2019,8.52063531,0.017041266,8.503594044
111001040209,2020,11.001358639,0.022002746,10.979355811
111001040210,2000,21.854826219,0.021854863,21.832971522
111001040210,2001,19.414439915,0.019414414,19.395025416
111001040210,2002,16.984522696,0.0,16.984522696
111001040210,2003,19.245764682,0.0,19.245764682
111001040210,2004,18.672346,0.018672484,18.653673601
111001040210,2005,17.90034869,0.0,17.90034869
111001040210,2006,13.866512301,0.013866329,13.852645805
111001040210,2007,21.949253447,0.0,21.949253447
111001040210,2008,18.009214992,0.018009254,17.991205738
111001040210,2009,18.659416093,0.018659334,18.640756841
111001040210,2010,21.721974852,0.02172209,21.700252929
111001040210,2011,22.094614679,0.02209463,22.072519967
111001040210,2012,26.394430686,0.0,26.394430686
111001040210,2013,26.035827658,0.0,26.035827658
111001040210,2014,22.424049745,0.0,22.424049745
111001040210,2015,19.924810677,0.0,19.924810677
111001040210,2016,24.465476552,0.0,24.465476552
111001040210,2017,15.115597173,0.0,15.115597173
111001040210,2018,18.829666315,0.018829655,18.810836408
111001040210,2019,16.993964762,0.0,16.993964762
111001040210,2020,24.35240123,0.0,24.35240123
111001040211,2000,12.49922665,0.112493052,12.386733514
111001040211,2001,14.198024989,0.127782151,14.070242756
111001040211,2002,8.938640715,0.062570597,8.876070203
111001040211,2003,11.458892362,0.057294419,11.401598027
111001040211,2004,12.159640044,0.097277008,12.062362954
111001040211,2005,16.760280499,0.217883619,16.542396795
111001040211,2006,9.883570321,0.108719132,9.774851189
111001040211,2007,18.802684679,0.188026896,18.614657784
111001040211,2008,15.396936503,0.16936621,15.227570377
111001040211,2009,13.432975441,0.161195685,13.271779756
111001040211,2010,15.997740463,0.175975088,15.821765375
111001040211,2011,22.7875484,0.296238241,22.491310244
111001040211,2012,21.281244126,0.255374844,21.025869281
111001040211,2013,23.60628574,0.354094277,23.252191375
111001040211,2014,27.153085847,0.40729614,26.745789625
111001040211,2015,20.15798617,0.322527847,19.835458321
111001040211,2016,25.040459393,0.350566404,24.689892986
111001040211,2017,19.301629008,0.308826074,18.992802934
111001040211,2018,21.528330753,0.365981682,21.162349153
111001040211,2019,26.825120129,0.402376838,26.422743205
111001040211,2020,30.986238822,0.464793604,30.521445219
111001040212,2000,9.264877577,0.333535475,8.931341934
111001040212,2001,9.534508132,0.343242277,9.191265858
111001040212,2002,5.739195844,0.20661094,5.532584822
111001040212,2003,8.12387146,0.300583263,7.823288115
111001040212,2004,7.707647071,0.285183079,7.422463992
111001040212,2005,8.370048159,0.301321844,8.068726567
111001040212,2006,5.818499397,0.215284477,5.603214838
111001040212,2007,11.262324921,0.416706011,10.845618907
111001040212,2008,8.178482891,0.302603814,7.875879158
111001040212,2009,9.119402679,0.328298471,8.791104123
111001040212,2010,9.800273384,0.362610186,9.437663362
111001040212,2011,12.214062825,0.439706189,11.774356636
111001040212,2012,9.796815022,0.362482227,9.434332883
111001040212,2013,9.708771299,0.349515795,9.359255422
111001040212,2014,10.261442222,0.369411825,9.892030397
111001040212,2015,8.515353934,0.306552789,8.208801395
111001040212,2016,10.893972459,0.403076975,10.490895481
111001040212,2017,7.138898523,0.257000266,6.881898173
111001040212,2018,9.273702616,0.333853219,8.93984923
111001040212,2019,10.394323351,0.374195595,10.020127756
111001040212,2020,13.238420751,0.476583109,12.761837727
111001040213,2000,26.349256691,0.368889525,25.980367085
111001040213,2001,20.5177104,0.328283356,20.189426877
111001040213,2002,18.809194345,0.28213803,18.527056479
111001040213,2003,19.24025543,0.269363614,18.970891819
111001040213,2004,19.105597038,0.26747838,18.838118743
111001040213,2005,19.965690592,0.339416808,19.626273868
111001040213,2006,19.685981414,0.275603822,19.410377844
111001040213,2007,23.517781014,0.39980231,23.117978871
111001040213,2008,19.94391874,0.299158822,19.644760003
111001040213,2009,21.948238666,0.373120071,21.575118679
111001040213,2010,23.777463567,0.356661847,23.420801805
111001040213,2011,33.819266433,0.473469679,33.345796838
111001040213,2012,33.691094055,0.505366437,33.185727536
111001040213,2013,29.723341545,0.386403507,29.336938123
111001040213,2014,28.480779458,0.370250145,28.110529312
111001040213,2015,18.320538104,0.256487627,18.064050559
111001040213,2016,29.242004839,0.409388096,28.83261691
111001040213,2017,22.919657668,0.275035896,22.644621855
111001040213,2018,26.744241847,0.347675132,26.396566718
111001040213,2019,23.712518096,0.308262753,23.404255258
111001040213,2020,32.572223885,0.423438809,32.148784992
111001040214,2000,10.471299661,0.387438003,10.083861574
111001040214,2001,8.916234466,0.329900584,8.586333715
111001040214,2002,8.674265499,0.320947838,8.353317663
111001040214,2003,8.417209989,0.311436674,8.105773233
111001040214,2004,8.777132322,0.324753959,8.452378363
111001040214,2005,7.157586679,0.264830537,6.89275589
111001040214,2006,9.349785751,0.345942019,9.003843734
111001040214,2007,10.195668296,0.377239567,9.818428477
111001040214,2008,11.629561817,0.430293721,11.199267762
111001040214,2009,11.631173112,0.430353362,11.200819666
111001040214,2010,13.279975562,0.491359112,12.788616532
111001040214,2011,18.333194814,0.678328192,17.654866455
111001040214,2012,15.802254689,0.584683484,15.217571292
111001040214,2013,16.880415564,0.624575373,16.255840277
111001040214,2014,14.912260984,0.551753666,14.360507403
111001040214,2015,12.085290329,0.447155699,11.63813463
111001040214,2016,12.683941314,0.469305822,12.214635574
111001040214,2017,9.452891805,0.349757008,9.103134795
111001040214,2018,13.682203227,0.506241537,13.17596169
111001040214,2019,11.477004934,0.424649178,11.052355589
111001040214,2020,16.088139276,0.59526103,15.492878079
111001040215,2000,12.601358391,0.453648855,12.14770962
111001040215,2001,12.940675537,0.465864293,12.474811159
111001040215,2002,10.35471446,0.362414992,9.992299553
111001040215,2003,12.01002197,0.432360841,11.577661211
111001040215,2004,11.199770191,0.391991967,10.807778139
111001040215,2005,13.07944857,0.470860055,12.608588518
111001040215,2006,12.468860441,0.448878907,12.019981452
111001040215,2007,15.886887844,0.571928,15.314959844
111001040215,2008,13.87604976,0.485661798,13.390387962
111001040215,2009,14.650472814,0.512766515,14.137706052
111001040215,2010,18.679453584,0.65378086,18.025672641
111001040215,2011,24.429497877,0.879461896,23.550035899
111001040215,2012,21.752620418,0.78309441,20.969525926
111001040215,2013,20.716766011,0.725086759,19.99167917
111001040215,2014,19.817281827,0.713422047,19.103859778
111001040215,2015,14.753244893,0.531116888,14.222128175
111001040215,2016,19.345814577,0.696449292,18.649365284
111001040215,2017,14.387269441,0.517941825,13.869327619
111001040215,2018,19.036533252,0.685315326,18.351218008
111001040215,2019,15.397720134,0.554317912,14.843402222
111001040215,2020,22.65465512,0.815567587,21.83908753
111001040301,2000,31.109347708,0.0,31.109347708
111001040301,2001,29.25755969,0.0,29.25755969
111001040301,2002,29.274198055,0.0,29.274198055
111001040301,2003,28.726506556,0.0,28.726506556
111001040301,2004,23.249028197,0.0,23.249028197
111001040301,2005,21.998996581,0.0,21.998996581
111001040301,2006,24.682673688,0.0,24.682673688
111001040301,2007,32.046476397,0.0,32.046476397
111001040301,2008,24.498048352,0.0,24.498048352
111001040301,2009,27.137767416,0.0,27.137767416
111001040301,2010,30.967467079,0.0,30.967467079
111001040301,2011,33.926451058,0.0,33.926451058
111001040301,2012,28.801646426,0.0,28.801646426
111001040301,2013,34.376826712,0.0,34.376826712
111001040301,2014,34.171036712,0.0,34.171036712
111001040301,2015,23.725780482,0.0,23.725780482
111001040301,2016,32.266754962,0.0,32.266754962
111001040301,2017,24.251257666,0.0,24.251257666
111001040301,2018,28.107382595,0.0,28.107382595
111001040301,2019,26.816100036,0.0,26.816100036
111001040301,2020,35.120388456,0.0,35.120388456
111001040302,2000,14.142205749,0.0,14.142205749
111001040302,2001,12.10180686,0.0,12.10180686
111001040302,2002,14.895897921,0.0,14.895897921
111001040302,2003,14.278357907,0.0,14.278357907
111001040302,2004,11.809205158,0.0,11.809205158
111001040302,2005,12.129458581,0.0,12.129458581
111001040302,2006,9.599570816,0.0,9.599570816
111001040302,2007,14.844448107,0.0,14.844448107
111001040302,2008,9.50180756,0.0,9.50180756
111001040302,2009,11.346524553,0.0,11.346524553
111001040302,2010,12.963660266,0.0,12.963660266
111001040302,2011,13.994449567,0.0,13.994449567
111001040302,2012,12.131478811,0.0,12.131478811
111001040302,2013,16.169410995,0.0,16.169410995
111001040302,2014,13.093633156,0.0,13.093633156
111001040302,2015,10.174509685,0.0,10.174509685
111001040302,2016,16.103435068,0.0,16.103435068
111001040302,2017,11.112721732,0.0,11.112721732
111001040302,2018,12.504016304,0.0,12.504016304
111001040302,2019,13.685834014,0.0,13.685834014
111001040302,2020,16.078239489,0.0,16.078239489
111001040303,2000,14.261308883,0.0,14.261308883
111001040303,2001,13.047054551,0.0,13.047054551
111001040303,2002,12.251555208,0.0,12.251555208
111001040303,2003,10.018639847,0.0,10.018639847
111001040303,2004,10.060991883,0.0,10.060991883
111001040303,2005,9.874045151,0.0,9.874045151
111001040303,2006,8.027944945,0.0,8.027944945
111001040303,2007,17.110774214,0.0,17.110774214
111001040303,2008,11.537698915,0.0,11.537698915
111001040303,2009,12.868034633,0.0,12.868034633
111001040303,2010,13.932955499,0.0,13.932955499
111001040303,2011,15.136976805,0.0,15.136976805
111001040303,2012,14.909204932,0.0,14.909204932
111001040303,2013,15.83276886,0.0,15.83276886
111001040303,2014,14.763672647,0.0,14.763672647
111001040303,2015,11.185396581,0.0,11.185396581
111001040303,2016,14.310768363,0.0,14.310768363
111001040303,2017,10.232417915,0.0,10.232417915
111001040303,2018,13.515603466,0.0,13.515603466
111001040303,2019,12.110389359,0.0,12.110389359
111001040303,2020,16.142396366,0.0,16.142396366
111001040304,2000,3.834754893,0.0,3.834754893
111001040304,2001,2.933697701,0.0,2.933697701
111001040304,2002,2.761778548,0.0,2.761778548
111001040304,2003,2.6449312,0.0,2.6449312
111001040304,2004,2.96514574,0.0,2.96514574
111001040304,2005,2.244488268,0.0,2.244488268
111001040304,2006,3.558934364,0.0,3.558934364
111001040304,2007,3.59952057,0.0,3.59952057
111001040304,2008,3.224869861,0.0,3.224869861
111001040304,2009,2.85111831,0.0,2.85111831
111001040304,2010,3.835788797,0.0,3.835788797
111001040304,2011,3.841059984,0.0,3.841059984
111001040304,2012,4.581405156,0.0,4.581405156
111001040304,2013,4.62214531,0.0,4.62214531
111001040304,2014,4.262469219,0.0,4.262469219
111001040304,2015,2.834976532,0.0,2.834976532
111001040304,2016,2.998455025,0.0,2.998455025
111001040304,2017,2.596913364,0.0,2.596913364
111001040304,2018,3.985939468,0.0,3.985939468
111001040304,2019,3.916681345,0.0,3.916681345
111001040304,2020,4.966466555,0.0,4.966466555
111001040305,2000,3.927383216,0.0,3.927383216
111001040305,2001,3.285739871,0.0,3.285739871
111001040305,2002,2.896130553,0.0,2.896130553
111001040305,2003,2.453682803,0.0,2.453682803
111001040305,2004,2.966961279,0.0,2.966961279
111001040305,2005,2.575910611,0.0,2.575910611
111001040305,2006,4.204784389,0.0,4.204784389
111001040305,2007,4.480796178,0.0,4.480796178
111001040305,2008,4.297346699,0.0,4.297346699
111001040305,2009,3.735303693,0.0,3.735303693
111001040305,2010,4.468245619,0.0,4.468245619
111001040305,2011,5.546010844,0.0,5.546010844
111001040305,2012,5.46609712,0.0,5.46609712
111001040305,2013,5.434029586,0.0,5.434029586
111001040305,2014,5.303713852,0.0,5.303713852
111001040305,2015,3.957351471,0.0,3.957351471
111001040305,2016,5.336189579,0.0,5.336189579
111001040305,2017,4.653708975,0.0,4.653708975
111001040305,2018,5.157661249,0.0,5.157661249
111001040305,2019,4.364706997,0.0,4.364706997
111001040305,2020,6.11646182,0.0,6.11646182
111001040306,2000,13.552814421,0.0,13.552814421
111001040306,2001,12.185782279,0.0,12.185782279
111001040306,2002,8.757056288,0.0,8.757056288
111001040306,2003,9.50058514,0.0,9.50058514
111001040306,2004,9.008523109,0.0,9.008523109
111001040306,2005,8.964520641,0.0,8.964520641
111001040306,2006,6.126257512,0.0,6.126257512
111001040306,2007,16.536558112,0.0,16.536558112
111001040306,2008,10.679074071,0.0,10.679074071
111001040306,2009,12.115007255,0.0,12.115007255
111001040306,2010,15.153741249,0.0,15.153741249
111001040306,2011,16.311908904,0.0,16.311908904
111001040306,2012,17.191606751,0.0,17.191606751
111001040306,2013,17.291986882,0.0,17.291986882
111001040306,2014,15.745664855,0.0,15.745664855
111001040306,2015,12.859007175,0.0,12.859007175
111001040306,2016,12.792183429,0.0,12.792183429
111001040306,2017,13.137915649,0.0,13.137915649
111001040306,2018,11.787867701,0.0,11.787867701
111001040306,2019,12.57423897,0.0,12.57423897
111001040306,2020,16.391303109,0.0,16.391303109
111001040307,2000,8.216155208,0.0,8.216155208
111001040307,2001,6.788955452,0.0,6.788955452
111001040307,2002,5.808741871,0.0,5.808741871
111001040307,2003,5.878783362,0.0,5.878783362
111001040307,2004,5.608261303,0.0,5.608261303
111001040307,2005,4.088186411,0.0,4.088186411
111001040307,2006,4.922689819,0.0,4.922689819
111001040307,2007,7.848319425,0.0,7.848319425
111001040307,2008,5.175008604,0.0,5.175008604
111001040307,2009,8.878568463,0.0,8.878568463
111001040307,2010,9.610434874,0.0,9.610434874
111001040307,2011,10.616892241,0.0,10.616892241
111001040307,2012,12.017702956,0.0,12.017702956
111001040307,2013,12.150615444,0.0,12.150615444
111001040307,2014,11.411472959,0.0,11.411472959
111001040307,2015,8.696690918,0.0,8.696690918
111001040307,2016,12.529535773,0.0,12.529535773
111001040307,2017,6.84400191,0.0,6.84400191
111001040307,2018,10.272162058,0.0,10.272162058
111001040307,2019,9.756101896,0.0,9.756101896
111001040307,2020,13.326951161,0.0,13.326951161
111001040308,2000,15.121313525,0.0,15.121313525
111001040308,2001,13.251654595,0.0,13.251654595
111001040308,2002,10.228756701,0.0,10.228756701
111001040308,2003,10.786540148,0.0,10.786540148
111001040308,2004,10.15042085,0.0,10.15042085
111001040308,2005,9.028321827,0.0,9.028321827
111001040308,2006,9.948689077,0.0,9.948689077
111001040308,2007,16.699947205,0.0,16.699947205
111001040308,2008,12.156854749,0.0,12.156854749
111001040308,2009,14.83322271,0.0,14.83322271
111001040308,2010,16.061242932,0.0,16.061242932
111001040308,2011,21.973327644,0.0,21.973327644
111001040308,2012,22.880303183,0.0,22.880303183
111001040308,2013,19.155748449,0.0,19.155748449
111001040308,2014,19.601109427,0.0,19.601109427
111001040308,2015,14.220930849,0.0,14.220930849
111001040308,2016,18.623504907,0.0,18.623504907
111001040308,2017,15.791831981,0.0,15.791831981
111001040308,2018,17.541525518,0.0,17.541525518
111001040308,2019,17.446459151,0.0,17.446459151
111001040308,2020,22.509334822,0.0,22.509334822
111001040309,2000,3.366961287,0.0,3.366961287
111001040309,2001,3.56053086,0.0,3.56053086
111001040309,2002,3.17587674,0.0,3.17587674
111001040309,2003,3.112809214,0.0,3.112809214
111001040309,2004,3.014134555,0.0,3.014134555
111001040309,2005,3.610328918,0.0,3.610328918
111001040309,2006,3.140658038,0.0,3.140658038
111001040309,2007,4.186928518,0.0,4.186928518
111001040309,2008,3.985190063,0.0,3.985190063
111001040309,2009,3.585838427,0.0,3.585838427
111001040309,2010,5.184709003,0.0,5.184709003
111001040309,2011,6.533115279,0.0,6.533115279
111001040309,2012,7.676223186,0.0,7.676223186
111001040309,2013,4.577665205,0.0,4.577665205
111001040309,2014,5.717222584,0.0,5.717222584
111001040309,2015,3.74341303,0.0,3.74341303
111001040309,2016,5.039799178,0.0,5.039799178
111001040309,2017,4.699729134,0.0,4.699729134
111001040309,2018,4.334433781,0.0,4.334433781
111001040309,2019,5.082528997,0.0,5.082528997
111001040309,2020,7.09571229,0.0,7.09571229
111001040310,2000,5.884291932,0.205950153,5.678341776
111001040310,2001,6.263074088,0.212944523,6.050129647
111001040310,2002,4.262295847,0.153442633,4.108853214
111001040310,2003,5.203371975,0.176914679,5.026457296
111001040310,2004,2.989128563,0.104619571,2.884509161
111001040310,2005,4.811914518,0.173228951,4.638685482
111001040310,2006,3.519163589,0.112613205,3.406550299
111001040310,2007,4.907261529,0.161939603,4.745321759
111001040310,2008,2.849183566,0.099721429,2.749462055
111001040310,2009,4.057011085,0.146052449,3.910958718
111001040310,2010,4.290878238,0.154471663,4.13640649
111001040310,2011,7.009934926,0.252357685,6.757577326
111001040310,2012,7.634671738,0.251944137,7.382727432
111001040310,2013,5.645226893,0.186292436,5.45893429
111001040310,2014,5.9429672,0.196117932,5.746849101
111001040310,2015,4.807701427,0.15384649,4.653855019
111001040310,2016,5.26479306,0.184267803,5.080525505
111001040310,2017,4.814633356,0.173326699,4.64130666
111001040310,2018,5.322439649,0.175640553,5.146799181
111001040310,2019,6.251989888,0.206315685,6.045674285
111001040310,2020,6.94751182,0.22926803,6.71824379
111001040311,2000,15.001514852,0.090009189,14.911505828
111001040311,2001,18.604078425,0.111624512,18.492453907
111001040311,2002,11.225115882,0.067350652,11.157765151
111001040311,2003,14.782581405,0.073912874,14.708668449
111001040311,2004,14.435721546,0.072178768,14.363543194
111001040311,2005,15.048732948,0.060195003,14.98853786
111001040311,2006,11.637683674,0.05818843,11.579495241
111001040311,2007,16.869538803,0.067478271,16.802060616
111001040311,2008,14.347575689,0.057390432,14.290185339
111001040311,2009,15.214022386,0.060856115,15.153166438
111001040311,2010,17.897950227,0.089489844,17.808460636
111001040311,2011,28.116811241,0.140584016,27.976227227
111001040311,2012,26.531630836,0.132658232,26.398972689
111001040311,2013,20.346774573,0.061040367,20.285734205
111001040311,2014,22.445598362,0.089782488,22.355815874
111001040311,2015,15.046170181,0.060184759,14.985985671
111001040311,2016,19.219292208,0.057657888,19.161634238
111001040311,2017,18.943199625,0.056829597,18.886370025
111001040311,2018,16.031303416,0.032062803,15.999240948
111001040311,2019,17.56593317,0.052697759,17.513235326
111001040311,2020,22.098778888,0.088394978,22.010383825
111001040312,2000,12.745222896,0.0,12.745222896
111001040312,2001,14.374401241,0.014374337,14.360026655
111001040312,2002,10.950023501,0.010950066,10.939073605
111001040312,2003,12.608131184,0.0,12.608131184
111001040312,2004,11.512539557,0.011512623,11.501027101
111001040312,2005,12.487367863,0.012487367,12.474880578
111001040312,2006,7.997420222,0.0,7.997420222
111001040312,2007,17.511309285,0.017511318,17.493797967
111001040312,2008,15.177028158,0.0,15.177028158
111001040312,2009,14.20765734,0.014207627,14.193449795
111001040312,2010,16.223126981,0.0,16.223126981
111001040312,2011,23.465385022,0.023465463,23.441919556
111001040312,2012,23.315600251,0.0,23.315600251
111001040312,2013,21.264622189,0.0,21.264622189
111001040312,2014,23.274483088,0.0,23.274483088
111001040312,2015,15.61540557,0.015615285,15.59979037
111001040312,2016,20.445444093,0.0,20.445444093
111001040312,2017,19.398186852,0.0,19.398186852
111001040312,2018,18.774695055,0.0,18.774695055
111001040312,2019,16.913118153,0.0,16.913118153
111001040312,2020,22.318389219,0.0,22.318389219
111001040313,2000,3.738410462,0.0,3.738410462
111001040313,2001,2.669763756,0.0,2.669763756
111001040313,2002,2.105343458,0.0,2.105343458
111001040313,2003,2.741722227,0.0,2.741722227
111001040313,2004,3.559144328,0.0,3.559144328
111001040313,2005,3.468832175,0.0,3.468832175
111001040313,2006,2.218557726,0.0,2.218557726
111001040313,2007,4.405430847,0.0,4.405430847
111001040313,2008,4.111924063,0.0,4.111924063
111001040313,2009,4.728865548,0.0,4.728865548
111001040313,2010,4.443132055,0.0,4.443132055
111001040313,2011,6.36851729,0.0,6.36851729
111001040313,2012,6.161907148,0.0,6.161907148
111001040313,2013,4.839847795,0.0,4.839847795
111001040313,2014,5.016451622,0.0,5.016451622
111001040313,2015,3.320658507,0.0,3.320658507
111001040313,2016,5.009470743,0.0,5.009470743
111001040313,2017,4.432582627,0.0,4.432582627
111001040313,2018,3.602184844,0.0,3.602184844
111001040313,2019,3.540307989,0.0,3.540307989
111001040313,2020,4.706391986,0.0,4.706391986
111001040314,2000,18.899934773,0.0,18.899934773
111001040314,2001,17.543331816,0.0,17.543331816
111001040314,2002,15.819849493,0.0,15.819849493
111001040314,2003,16.662181315,0.0,16.662181315
111001040314,2004,16.176549784,0.0,16.176549784
111001040314,2005,17.124647244,0.0,17.124647244
111001040314,2006,12.560818836,0.0,12.560818836
111001040314,2007,21.648335156,0.0,21.648335156
111001040314,2008,19.036158899,0.0,19.036158899
111001040314,2009,19.750546688,0.0,19.750546688
111001040314,2010,21.944470797,0.0,21.944470797
111001040314,2011,26.660728545,0.0,26.660728545
111001040314,2012,31.881251751,0.0,31.881251751
111001040314,2013,21.555203416,0.0,21.555203416
111001040314,2014,25.004043836,0.0,25.004043836
111001040314,2015,17.403251,0.0,17.403251
111001040314,2016,25.762151342,0.0,25.762151342
111001040314,2017,22.977183085,0.0,22.977183085
111001040314,2018,22.344468929,0.0,22.344468929
111001040314,2019,24.99826349,0.0,24.99826349
111001040314,2020,26.841703221,0.0,26.841703221
111001040315,2000,0.751111019,0.0,0.751111019
111001040315,2001,1.028256101,0.0,1.028256101
111001040315,2002,0.862366485,0.0,0.862366485
111001040315,2003,0.572717134,0.0,0.572717134
111001040315,2004,0.796417601,0.0,0.796417601
111001040315,2005,0.227800789,0.0,0.227800789
111001040315,2006,1.088572504,0.0,1.088572504
111001040315,2007,0.851607123,0.0,0.851607123
111001040315,2008,0.757964749,0.0,0.757964749
111001040315,2009,0.91122451,0.0,0.91122451
111001040315,2010,0.556907285,0.0,0.556907285
111001040315,2011,0.60139506,0.0,0.60139506
111001040315,2012,1.058718448,0.0,1.058718448
111001040315,2013,0.490536263,0.0,0.490536263
111001040315,2014,0.680505184,0.0,0.680505184
111001040315,2015,0.282287427,0.0,0.282287427
111001040315,2016,0.503088071,0.0,0.503088071
111001040315,2017,0.883560427,0.0,0.883560427
111001040315,2018,0.606820348,0.0,0.606820348
111001040315,2019,1.616871378,0.0,1.616871378
111001040315,2020,0.903138085,0.0,0.903138085
111001040401,2000,13.824982571,0.0,13.824982571
111001040401,2001,10.580977049,0.0,10.580977049
111001040401,2002,9.351410649,0.0,9.351410649
111001040401,2003,11.798221395,0.0,11.798221395
111001040401,2004,10.199597036,0.0,10.199597036
111001040401,2005,12.664628044,0.0,12.664628044
111001040401,2006,8.76489243,0.0,8.76489243
111001040401,2007,14.250768403,0.0,14.250768403
111001040401,2008,11.143123661,0.0,11.143123661
111001040401,2009,13.203411,0.0,13.203411
111001040401,2010,15.913840282,0.0,15.913840282
111001040401,2011,13.744373595,0.0,13.744373595
111001040401,2012,17.799058639,0.0,17.799058639
111001040401,2013,12.86745677,0.0,12.86745677
111001040401,2014,12.519218167,0.0,12.519218167
111001040401,2015,9.735563389,0.0,9.735563389
111001040401,2016,16.127022533,0.0,16.127022533
111001040401,2017,12.680410159,0.0,12.680410159
111001040401,2018,12.070276197,0.0,12.070276197
111001040401,2019,12.067606907,0.0,12.067606907
111001040401,2020,17.346885631,0.0,17.346885631
111001040402,2000,12.70225959,0.0,12.70225959
111001040402,2001,11.712677011,0.0,11.712677011
111001040402,2002,7.581151603,0.0,7.581151603
111001040402,2003,7.416274381,0.0,7.416274381
111001040402,2004,7.488770262,0.0,7.488770262
111001040402,2005,12.31770449,0.0,12.31770449
111001040402,2006,7.29277563,0.0,7.29277563
111001040402,2007,15.459904326,0.0,15.459904326
111001040402,2008,10.245312186,0.0,10.245312186
111001040402,2009,11.612747299,0.0,11.612747299
111001040402,2010,14.3532842,0.0,14.3532842
111001040402,2011,12.741197036,0.0,12.741197036
111001040402,2012,17.067117393,0.0,17.067117393
111001040402,2013,12.943182523,0.0,12.943182523
111001040402,2014,12.721834488,0.0,12.721834488
111001040402,2015,10.389315148,0.0,10.389315148
111001040402,2016,14.438270607,0.0,14.438270607
111001040402,2017,14.026209378,0.0,14.026209378
111001040402,2018,13.347180479,0.0,13.347180479
111001040402,2019,15.773295485,0.0,15.773295485
111001040402,2020,19.603595437,0.0,19.603595437
111001040501,2000,12.238325893,0.0,12.238325893
111001040501,2001,11.619204348,0.0,11.619204348
111001040501,2002,10.940838627,0.0,10.940838627
111001040501,2003,11.160271145,0.0,11.160271145
111001040501,2004,9.746574978,0.0,9.746574978
111001040501,2005,9.488380233,0.0,9.488380233
111001040501,2006,7.082618841,0.0,7.082618841
111001040501,2007,13.099918466,0.0,13.099918466
111001040501,2008,10.21037238,0.0,10.21037238
111001040501,2009,11.86292366,0.0,11.86292366
111001040501,2010,12.246358458,0.0,12.246358458
111001040501,2011,17.317847167,0.0,17.317847167
111001040501,2012,17.37008474,0.0,17.37008474
111001040501,2013,12.254628945,0.0,12.254628945
111001040501,2014,14.717728252,0.0,14.717728252
111001040501,2015,9.967580737,0.0,9.967580737
111001040501,2016,13.605678527,0.0,13.605678527
111001040501,2017,11.055283934,0.0,11.055283934
111001040501,2018,11.49547763,0.0,11.49547763
111001040501,2019,10.107913047,0.0,10.107913047
111001040501,2020,13.110085861,0.0,13.110085861
111001040502,2000,5.097739541,0.0,5.097739541
111001040502,2001,2.762283759,0.0,2.762283759
111001040502,2002,2.15839697,0.0,2.15839697
111001040502,2003,2.639160318,0.0,2.639160318
111001040502,2004,3.052698131,0.0,3.052698131
111001040502,2005,2.238125162,0.0,2.238125162
111001040502,2006,3.24819697,0.0,3.24819697
111001040502,2007,3.62097129,0.0,3.62097129
111001040502,2008,3.503001598,0.0,3.503001598
111001040502,2009,3.032319416,0.0,3.032319416
111001040502,2010,3.217773038,0.0,3.217773038
111001040502,2011,4.995986622,0.0,4.995986622
111001040502,2012,4.242729855,0.0,4.242729855
111001040502,2013,3.744019737,0.0,3.744019737
111001040502,2014,4.422829608,0.0,4.422829608
111001040502,2015,3.603804458,0.0,3.603804458
111001040502,2016,4.41302577,0.0,4.41302577
111001040502,2017,4.125929301,0.0,4.125929301
111001040502,2018,3.717849255,0.0,3.717849255
111001040502,2019,1.771728633,0.0,1.771728633
111001040502,2020,4.776232276,0.0,4.776232276
111001040503,2000,0.684854691,0.0,0.684854691
111001040503,2001,0.742521293,0.0,0.742521293
111001040503,2002,1.170549967,0.0,1.170549967
111001040503,2003,1.992115918,0.0,1.992115918
111001040503,2004,0.27794423,0.0,0.27794423
111001040503,2005,0.669477447,0.0,0.669477447
111001040503,2006,1.978785863,0.0,1.978785863
111001040503,2007,1.489599682,0.0,1.489599682
111001040503,2008,1.556830249,0.0,1.556830249
111001040503,2009,1.711771353,0.0,1.711771353
111001040503,2010,2.094597647,0.0,2.094597647
111001040503,2011,4.917002066,0.0,4.917002066
111001040503,2012,5.088278694,0.0,5.088278694
111001040503,2013,4.388949721,0.0,4.388949721
111001040503,2014,4.839225184,0.0,4.839225184
111001040503,2015,3.363527507,0.0,3.363527507
111001040503,2016,4.171130404,0.0,4.171130404
111001040503,2017,4.570645066,0.0,4.570645066
111001040503,2018,2.844436359,0.0,2.844436359
111001040503,2019,3.277264488,0.0,3.277264488
111001040503,2020,5.124310831,0.0,5.124310831
111002010201,2000,5.741648063,0.0,5.741648063
111002010201,2001,4.300880556,0.0,4.300880556
111002010201,2002,3.998447814,0.0,3.998447814
111002010201,2003,4.535157025,0.0,4.535157025
111002010201,2004,3.455292749,0.0,3.455292749
111002010201,2005,3.110146378,0.0,3.110146378
111002010201,2006,2.251303058,0.0,2.251303058
111002010201,2007,6.962771389,0.0,6.962771389
111002010201,2008,4.34589282,0.0,4.34589282
111002010201,2009,4.804468022,0.0,4.804468022
111002010201,2010,5.118378477,0.0,5.118378477
111002010201,2011,6.765046989,0.0,6.765046989
111002010201,2012,7.280366604,0.0,7.280366604
111002010201,2013,3.889621663,0.0,3.889621663
111002010201,2014,5.068429342,0.0,5.068429342
111002010201,2015,5.07787951,0.0,5.07787951
111002010201,2016,6.394318027,0.0,6.394318027
111002010201,2017,6.572771641,0.0,6.572771641
111002010201,2018,6.332467937,0.0,6.332467937
111002010201,2019,7.769278942,0.0,7.769278942
111002010201,2020,7.837655014,0.0,7.837655014
111002010301,2000,3.970878525,0.0,3.970878525
111002010301,2001,3.3914042,0.0,3.3914042
111002010301,2002,3.238315986,0.0,3.238315986
111002010301,2003,3.126866408,0.0,3.126866408
111002010301,2004,3.018723153,0.0,3.018723153
111002010301,2005,3.739256233,0.0,3.739256233
111002010301,2006,2.409198299,0.0,2.409198299
111002010301,2007,5.323819153,0.0,5.323819153
111002010301,2008,4.736010691,0.0,4.736010691
111002010301,2009,4.839301504,0.0,4.839301504
111002010301,2010,4.54143169,0.0,4.54143169
111002010301,2011,6.771233616,0.0,6.771233616
111002010301,2012,6.618855981,0.0,6.618855981
111002010301,2013,4.846506901,0.0,4.846506901
111002010301,2014,5.593966044,0.0,5.593966044
111002010301,2015,4.883514515,0.0,4.883514515
111002010301,2016,6.227896495,0.0,6.227896495
111002010301,2017,5.613066762,0.0,5.613066762
111002010301,2018,5.851849792,0.0,5.851849792
111002010301,2019,6.976897882,0.0,6.976897882
111002010301,2020,8.444428057,0.0,8.444428057
111002010302,2000,4.005430705,0.0,4.005430705
111002010302,2001,4.289457789,0.0,4.289457789
111002010302,2002,4.000289444,0.0,4.000289444
111002010302,2003,4.657575564,0.0,4.657575564
111002010302,2004,3.935277139,0.0,3.935277139
111002010302,2005,2.938215986,0.0,2.938215986
111002010302,2006,3.026012312,0.0,3.026012312
111002010302,2007,8.584348301,0.0,8.584348301
111002010302,2008,4.768173566,0.0,4.768173566
111002010302,2009,6.721371419,0.0,6.721371419
111002010302,2010,6.733992545,0.0,6.733992545
111002010302,2011,8.2797278,0.0,8.2797278
111002010302,2012,8.245024087,0.0,8.245024087
111002010302,2013,5.617370463,0.0,5.617370463
111002010302,2014,7.737578811,0.0,7.737578811
111002010302,2015,5.097468296,0.0,5.097468296
111002010302,2016,7.601340568,0.0,7.601340568
111002010302,2017,6.113573479,0.0,6.113573479
111002010302,2018,5.598154907,0.0,5.598154907
111002010302,2019,7.740691411,0.0,7.740691411
111002010302,2020,11.119352702,0.0,11.119352702
111002010303,2000,1.48680706,0.0,1.48680706
111002010303,2001,0.900477616,0.0,0.900477616
111002010303,2002,1.776222044,0.0,1.776222044
111002010303,2003,1.266730058,0.0,1.266730058
111002010303,2004,2.196811598,0.0,2.196811598
111002010303,2005,0.848297142,0.0,0.848297142
111002010303,2006,1.719591756,0.0,1.719591756
111002010303,2007,2.925841622,0.0,2.925841622
111002010303,2008,1.893423317,0.0,1.893423317
111002010303,2009,2.257474562,0.0,2.257474562
111002010303,2010,2.847794096,0.0,2.847794096
111002010303,2011,2.078950841,0.0,2.078950841
111002010303,2012,1.099752566,0.0,1.099752566
111002010303,2013,2.803114225,0.0,2.803114225
111002010303,2014,2.586424564,0.0,2.586424564
111002010303,2015,2.112511244,0.0,2.112511244
111002010303,2016,1.762499907,0.0,1.762499907
111002010303,2017,1.46444891,0.0,1.46444891
111002010303,2018,1.513710504,0.0,1.513710504
111002010303,2019,1.893451888,0.0,1.893451888
111002010303,2020,3.424654117,0.0,3.424654117
111002010304,2000,1.442949068,0.0,1.442949068
111002010304,2001,1.408407652,0.0,1.408407652
111002010304,2002,1.613668622,0.0,1.613668622
111002010304,2003,2.378491211,0.0,2.378491211
111002010304,2004,2.186373415,0.0,2.186373415
111002010304,2005,2.297903236,0.0,2.297903236
111002010304,2006,1.806870696,0.0,1.806870696
111002010304,2007,1.944993559,0.0,1.944993559
111002010304,2008,2.139141298,0.0,2.139141298
111002010304,2009,2.766170655,0.0,2.766170655
111002010304,2010,1.92746866,0.0,1.92746866
111002010304,2011,2.239913178,0.0,2.239913178
111002010304,2012,2.020495899,0.0,2.020495899
111002010304,2013,2.481928581,0.0,2.481928581
111002010304,2014,3.291053408,0.0,3.291053408
111002010304,2015,2.497280184,0.0,2.497280184
111002010304,2016,2.594455251,0.0,2.594455251
111002010304,2017,1.689123868,0.0,1.689123868
111002010304,2018,3.596723542,0.0,3.596723542
111002010304,2019,5.001618219,0.0,5.001618219
111002010304,2020,5.334561566,0.0,5.334561566
111002010305,2000,0.153053413,0.0,0.153053413
111002010305,2001,0.583514258,0.0,0.583514258
111002010305,2002,0.47545683,0.0,0.47545683
111002010305,2003,1.156970184,0.0,1.156970184
111002010305,2004,0.347725781,0.0,0.347725781
111002010305,2005,0.659763718,0.0,0.659763718
111002010305,2006,0.634264847,0.0,0.634264847
111002010305,2007,0.381111195,0.0,0.381111195
111002010305,2008,0.161707607,0.0,0.161707607
111002010305,2009,0.323176819,0.0,0.323176819
111002010305,2010,1.646525282,0.0,1.646525282
111002010305,2011,0.619358077,0.0,0.619358077
111002010305,2012,2.586997779,0.0,2.586997779
111002010305,2013,1.818615608,0.0,1.818615608
111002010305,2014,1.942195323,0.0,1.942195323
111002010305,2015,1.843673005,0.0,1.843673005
111002010305,2016,1.712876085,0.0,1.712876085
111002010305,2017,1.998810616,0.0,1.998810616
111002010305,2018,1.820663482,0.0,1.820663482
111002010305,2019,1.617157879,0.0,1.617157879
111002010305,2020,2.45915438,0.0,2.45915438
111002020101,2000,12.188019962,0.097504145,12.090515814
111002020101,2001,15.288707792,0.137598438,15.151109353
111002020101,2002,11.389183792,0.079724318,11.309459559
111002020101,2003,11.472257781,0.103250436,11.369007592
111002020101,2004,11.033216582,0.066199383,10.967017281
111002020101,2005,11.99484429,0.071969197,11.92287526
111002020101,2006,11.380011258,0.056900071,11.323111189
111002020101,2007,14.005043932,0.070025238,13.935018693
111002020101,2008,13.607526355,0.054430011,13.553096178
111002020101,2009,12.103908721,0.036311573,12.067596814
111002020101,2010,14.242066156,0.085452452,14.156613619
111002020101,2011,22.337413562,0.067012255,22.270401055
111002020101,2012,24.915985265,0.099663948,24.816321314
111002020101,2013,21.502016329,0.12901214,21.373004189
111002020101,2014,21.410626989,0.128463668,21.282163238
111002020101,2015,18.605694411,0.130239811,18.475454597
111002020101,2016,18.717994918,0.187179967,18.530814954
111002020101,2017,19.340133181,0.13538094,19.204752162
111002020101,2018,19.034144058,0.171307225,18.862836836
111002020101,2019,20.105535896,0.180949751,19.924586227
111002020101,2020,25.029153656,0.225262448,24.803891372
111002020102,2000,15.492585104,0.0,15.492585104
111002020102,2001,18.308031145,0.0,18.308031145
111002020102,2002,14.890893855,0.0,14.890893855
111002020102,2003,15.336778419,0.0,15.336778419
111002020102,2004,15.01828279,0.0,15.01828279
111002020102,2005,16.179610696,0.0,16.179610696
111002020102,2006,14.228548214,0.0,14.228548214
111002020102,2007,19.154285266,0.0,19.154285266
111002020102,2008,20.001745522,0.0,20.001745522
111002020102,2009,17.525740847,0.0,17.525740847
111002020102,2010,18.344668104,0.0,18.344668104
111002020102,2011,34.589937668,0.0,34.589937668
111002020102,2012,34.461858596,0.0,34.461858596
111002020102,2013,28.332036408,0.0,28.332036408
111002020102,2014,30.217253929,0.0,30.217253929
111002020102,2015,21.801809548,0.0,21.801809548
111002020102,2016,24.751472981,0.0,24.751472981
111002020102,2017,25.397543326,0.0,25.397543326
111002020102,2018,22.105938912,0.0,22.105938912
111002020102,2019,23.25423534,0.0,23.25423534
111002020102,2020,26.341632806,0.0,26.341632806
111002020103,2000,10.863126872,0.0,10.863126872
111002020103,2001,11.026588252,0.0,11.026588252
111002020103,2002,9.058355918,0.0,9.058355918
111002020103,2003,9.626339455,0.0,9.626339455
111002020103,2004,8.076881167,0.0,8.076881167
111002020103,2005,10.592667518,0.0,10.592667518
111002020103,2006,8.333426123,0.0,8.333426123
111002020103,2007,13.715586737,0.0,13.715586737
111002020103,2008,11.706379869,0.0,11.706379869
111002020103,2009,11.29305311,0.0,11.29305311
111002020103,2010,12.729048197,0.0,12.729048197
111002020103,2011,17.608149732,0.0,17.608149732
111002020103,2012,16.832695538,0.0,16.832695538
111002020103,2013,15.347368496,0.0,15.347368496
111002020103,2014,16.221017444,0.0,16.221017444
111002020103,2015,11.212855989,0.0,11.212855989
111002020103,2016,12.387929221,0.0,12.387929221
111002020103,2017,12.607692186,0.0,12.607692186
111002020103,2018,13.411287773,0.0,13.411287773
111002020103,2019,9.922374074,0.0,9.922374074
111002020103,2020,15.403018699,0.0,15.403018699
111002020104,2000,13.804478891,0.0,13.804478891
111002020104,2001,14.969999003,0.0,14.969999003
111002020104,2002,11.447117932,0.0,11.447117932
111002020104,2003,11.687143871,0.0,11.687143871
111002020104,2004,12.297137694,0.0,12.297137694
111002020104,2005,14.881797981,0.0,14.881797981
111002020104,2006,12.873916315,0.0,12.873916315
111002020104,2007,19.14082089,0.0,19.14082089
111002020104,2008,17.067805607,0.0,17.067805607
111002020104,2009,15.939440033,0.0,15.939440033
111002020104,2010,16.966241225,0.0,16.966241225
111002020104,2011,26.578196367,0.0,26.578196367
111002020104,2012,26.365345377,0.0,26.365345377
111002020104,2013,20.226605926,0.0,20.226605926
111002020104,2014,21.949406189,0.0,21.949406189
111002020104,2015,16.166183126,0.0,16.166183126
111002020104,2016,19.693934615,0.0,19.693934615
111002020104,2017,17.353209932,0.0,17.353209932
111002020104,2018,20.062019792,0.0,20.062019792
111002020104,2019,16.613149715,0.0,16.613149715
111002020104,2020,26.675291046,0.0,26.675291046
111002020105,2000,13.543961115,0.0,13.543961115
111002020105,2001,17.996228195,0.0,17.996228195
111002020105,2002,16.517502126,0.0,16.517502126
111002020105,2003,15.481831027,0.0,15.481831027
111002020105,2004,14.088278041,0.0,14.088278041
111002020105,2005,17.878500833,0.0,17.878500833
111002020105,2006,14.743882353,0.0,14.743882353
111002020105,2007,21.99694266,0.0,21.99694266
111002020105,2008,22.788158626,0.0,22.788158626
111002020105,2009,19.6210864,0.0,19.6210864
111002020105,2010,22.407165205,0.0,22.407165205
111002020105,2011,33.299845466,0.0,33.299845466
111002020105,2012,35.52426012,0.0,35.52426012
111002020105,2013,29.71729666,0.0,29.71729666
111002020105,2014,30.335350863,0.0,30.335350863
111002020105,2015,23.917132868,0.0,23.917132868
111002020105,2016,26.438798899,0.0,26.438798899
111002020105,2017,24.243511249,0.0,24.243511249
111002020105,2018,25.61321203,0.0,25.61321203
111002020105,2019,23.888990301,0.0,23.888990301
111002020105,2020,29.994836587,0.0,29.994836587
111002020106,2000,0.813327546,0.0,0.813327546
111002020106,2001,0.897454047,0.0,0.897454047
111002020106,2002,0.473420929,0.0,0.473420929
111002020106,2003,0.908595721,0.0,0.908595721
111002020106,2004,0.638630836,0.0,0.638630836
111002020106,2005,0.737903521,0.0,0.737903521
111002020106,2006,0.546935052,0.0,0.546935052
111002020106,2007,1.040769507,0.0,1.040769507
111002020106,2008,0.957876363,0.0,0.957876363
111002020106,2009,0.739712348,0.0,0.739712348
111002020106,2010,0.60546989,0.0,0.60546989
111002020106,2011,1.482072847,0.0,1.482072847
111002020106,2012,0.986245186,0.0,0.986245186
111002020106,2013,0.808215216,0.0,0.808215216
111002020106,2014,1.48323114,0.0,1.48323114
111002020106,2015,0.545311132,0.0,0.545311132
111002020106,2016,1.222381839,0.0,1.222381839
111002020106,2017,0.715891682,0.0,0.715891682
111002020106,2018,1.50005517,0.0,1.50005517
111002020106,2019,1.490693745,0.0,1.490693745
111002020106,2020,1.883044492,0.0,1.883044492
111002020107,2000,2.919754219,0.0,2.919754219
111002020107,2001,5.677062137,0.0,5.677062137
111002020107,2002,4.227239529,0.0,4.227239529
111002020107,2003,3.575516589,0.0,3.575516589
111002020107,2004,4.411949607,0.0,4.411949607
111002020107,2005,3.74477606,0.0,3.74477606
111002020107,2006,3.451698948,0.0,3.451698948
111002020107,2007,6.027394688,0.0,6.027394688
111002020107,2008,6.866951751,0.0,6.866951751
111002020107,2009,4.581121984,0.0,4.581121984
111002020107,2010,5.258483003,0.0,5.258483003
111002020107,2011,7.768036937,0.0,7.768036937
111002020107,2012,6.286635743,0.0,6.286635743
111002020107,2013,4.227262079,0.0,4.227262079
111002020107,2014,6.151859422,0.0,6.151859422
111002020107,2015,4.909785532,0.0,4.909785532
111002020107,2016,4.075965107,0.0,4.075965107
111002020107,2017,4.210973567,0.0,4.210973567
111002020107,2018,5.440517795,0.0,5.440517795
111002020107,2019,7.440155356,0.0,7.440155356
111002020107,2020,6.825723607,0.0,6.825723607
111002020108,2000,4.350936801,0.0,4.350936801
111002020108,2001,5.497394348,0.0,5.497394348
111002020108,2002,4.139518945,0.0,4.139518945
111002020108,2003,5.223721293,0.0,5.223721293
111002020108,2004,3.806350355,0.0,3.806350355
111002020108,2005,4.565445137,0.0,4.565445137
111002020108,2006,4.734619923,0.0,4.734619923
111002020108,2007,5.553423584,0.0,5.553423584
111002020108,2008,6.001581948,0.0,6.001581948
111002020108,2009,3.977114767,0.0,3.977114767
111002020108,2010,5.447988581,0.0,5.447988581
111002020108,2011,7.836426362,0.0,7.836426362
111002020108,2012,8.391025251,0.0,8.391025251
111002020108,2013,5.3832404,0.0,5.3832404
111002020108,2014,7.134899378,0.0,7.134899378
111002020108,2015,5.490774838,0.0,5.490774838
111002020108,2016,7.035861033,0.0,7.035861033
111002020108,2017,6.108871214,0.0,6.108871214
111002020108,2018,5.83560811,0.0,5.83560811
111002020108,2019,5.573929079,0.0,5.573929079
111002020108,2020,7.003516342,0.0,7.003516342
111002020109,2000,3.435788929,0.0,3.435788929
111002020109,2001,3.797578452,0.0,3.797578452
111002020109,2002,2.890950696,0.0,2.890950696
111002020109,2003,3.119381348,0.0,3.119381348
111002020109,2004,2.992920997,0.0,2.992920997
111002020109,2005,3.222308871,0.0,3.222308871
111002020109,2006,3.583964841,0.0,3.583964841
111002020109,2007,3.040571855,0.0,3.040571855
111002020109,2008,4.020052555,0.0,4.020052555
111002020109,2009,3.454554041,0.0,3.454554041
111002020109,2010,3.980310841,0.0,3.980310841
111002020109,2011,6.16410114,0.0,6.16410114
111002020109,2012,6.026255639,0.0,6.026255639
111002020109,2013,4.96041783,0.0,4.96041783
111002020109,2014,6.351056512,0.0,6.351056512
111002020109,2015,4.299849822,0.0,4.299849822
111002020109,2016,3.857925516,0.0,3.857925516
111002020109,2017,3.92916317,0.0,3.92916317
111002020109,2018,4.446296756,0.0,4.446296756
111002020109,2019,4.497526104,0.0,4.497526104
111002020109,2020,5.248019964,0.0,5.248019964
111002020110,2000,0.16073815,0.0,0.16073815
111002020110,2001,0.124790879,0.0,0.124790879
111002020110,2002,0.147010797,0.0,0.147010797
111002020110,2003,0.359778408,0.0,0.359778408
111002020110,2004,0.060664904,0.0,0.060664904
111002020110,2005,0.425823816,0.0,0.425823816
111002020110,2006,0.020744899,0.0,0.020744899
111002020110,2007,0.200605962,0.0,0.200605962
111002020110,2008,0.256688921,0.0,0.256688921
111002020110,2009,0.082283805,0.0,0.082283805
111002020110,2010,0.093266375,0.0,0.093266375
111002020110,2011,0.746655866,0.0,0.746655866
111002020110,2012,0.142170557,0.0,0.142170557
111002020110,2013,0.221365825,0.0,0.221365825
111002020110,2014,0.126008904,0.0,0.126008904
111002020110,2015,0.043909123,0.0,0.043909123
111002020110,2016,0.267588246,0.0,0.267588246
111002020110,2017,0.043841863,0.0,0.043841863
111002020110,2018,0.25785829,0.0,0.25785829
111002020110,2019,0.232802915,0.0,0.232802915
111002020110,2020,0.0,0.0,0.0
111002020111,2000,1.10028253,0.0,1.10028253
111002020111,2001,0.834840608,0.0,0.834840608
111002020111,2002,0.796062789,0.0,0.796062789
111002020111,2003,0.657390663,0.0,0.657390663
111002020111,2004,0.898758628,0.0,0.898758628
111002020111,2005,0.962029184,0.0,0.962029184
111002020111,2006,0.826085444,0.0,0.826085444
111002020111,2007,1.236473907,0.0,1.236473907
111002020111,2008,0.909341738,0.0,0.909341738
111002020111,2009,1.082316901,0.0,1.082316901
111002020111,2010,1.497025077,0.0,1.497025077
111002020111,2011,2.244079195,0.0,2.244079195
111002020111,2012,1.674660025,0.0,1.674660025
111002020111,2013,1.384644868,0.0,1.384644868
111002020111,2014,1.312818553,0.0,1.312818553
111002020111,2015,0.879810932,0.0,0.879810932
111002020111,2016,1.142006306,0.0,1.142006306
111002020111,2017,1.141512633,0.0,1.141512633
111002020111,2018,0.831931208,0.0,0.831931208
111002020111,2019,0.799181923,0.0,0.799181923
111002020111,2020,1.020153686,0.0,1.020153686
111002020201,2000,0.152059844,0.0,0.152059844
111002020201,2001,0.233193197,0.0,0.233193197
111002020201,2002,0.201452205,0.0,0.201452205
111002020201,2003,0.30325069,0.0,0.30325069
111002020201,2004,0.226373279,0.0,0.226373279
111002020201,2005,0.289959395,0.0,0.289959395
111002020201,2006,0.118625918,0.0,0.118625918
111002020201,2007,0.063556477,0.0,0.063556477
111002020201,2008,0.212791511,0.0,0.212791511
111002020201,2009,0.289915679,0.0,0.289915679
111002020201,2010,0.396361915,0.0,0.396361915
111002020201,2011,0.46341177,0.0,0.46341177
111002020201,2012,0.367024328,0.0,0.367024328
111002020201,2013,0.178996299,0.0,0.178996299
111002020201,2014,0.274049466,0.0,0.274049466
111002020201,2015,0.110229249,0.0,0.110229249
111002020201,2016,0.197940456,0.0,0.197940456
111002020201,2017,0.285754956,0.0,0.285754956
111002020201,2018,0.328624271,0.0,0.328624271
111002020201,2019,0.103328712,0.0,0.103328712
111002020201,2020,0.537831473,0.0,0.537831473
111002020202,2000,0.176214538,0.0,0.176214538
111002020202,2001,0.363832301,0.0,0.363832301
111002020202,2002,0.252241786,0.0,0.252241786
111002020202,2003,0.666382241,0.0,0.666382241
111002020202,2004,0.779187287,0.0,0.779187287
111002020202,2005,0.524321556,0.0,0.524321556
111002020202,2006,0.444630236,0.0,0.444630236
111002020202,2007,1.142203225,0.0,1.142203225
111002020202,2008,0.490578989,0.0,0.490578989
111002020202,2009,0.710938666,0.0,0.710938666
111002020202,2010,0.990034649,0.0,0.990034649
111002020202,2011,0.831808742,0.0,0.831808742
111002020202,2012,1.114778281,0.0,1.114778281
111002020202,2013,0.670426967,0.0,0.670426967
111002020202,2014,0.75634714,0.0,0.75634714
111002020202,2015,0.474867227,0.0,0.474867227
111002020202,2016,0.891729495,0.0,0.891729495
111002020202,2017,0.727348641,0.0,0.727348641
111002020202,2018,0.493127989,0.0,0.493127989
111002020202,2019,0.447335767,0.0,0.447335767
111002020202,2020,0.732728716,0.0,0.732728716
111002020203,2000,0.0,0.0,0.0
111002020203,2001,0.14941171,0.0,0.14941171
111002020203,2002,0.158559279,0.0,0.158559279
111002020203,2003,0.0,0.0,0.0
111002020203,2004,0.0,0.0,0.0
111002020203,2005,0.0,0.0,0.0
111002020203,2006,0.0,0.0,0.0
111002020203,2007,0.0,0.0,0.0
111002020203,2008,0.0,0.0,0.0
111002020203,2009,0.0,0.0,0.0
111002020203,2010,0.0,0.0,0.0
111002020203,2011,0.0,0.0,0.0
111002020203,2012,0.0,0.0,0.0
111002020203,2013,0.0,0.0,0.0
111002020203,2014,0.0,0.0,0.0
111002020203,2015,0.0,0.0,0.0
111002020203,2016,0.0,0.0,0.0
111002020203,2017,0.0,0.0,0.0
111002020203,2018,0.0,0.0,0.0
111002020203,2019,0.0,0.0,0.0
111002020203,2020,0.0,0.0,0.0
111002020204,2000,0.155918519,0.0,0.155918519
111002020204,2001,0.125642449,0.0,0.125642449
111002020204,2002,0.130697304,0.0,0.130697304
111002020204,2003,0.091969151,0.0,0.091969151
111002020204,2004,0.18826168,0.0,0.18826168
111002020204,2005,0.205409745,0.0,0.205409745
111002020204,2006,0.104823975,0.0,0.104823975
111002020204,2007,0.190139255,0.0,0.190139255
111002020204,2008,0.188020467,0.0,0.188020467
111002020204,2009,0.133225195,0.0,0.133225195
111002020204,2010,0.261879567,0.0,0.261879567
111002020204,2011,0.142693405,0.0,0.142693405
111002020204,2012,0.208061098,0.0,0.208061098
111002020204,2013,0.215392827,0.0,0.215392827
111002020204,2014,0.359732901,0.0,0.359732901
111002020204,2015,0.203162578,0.0,0.203162578
111002020204,2016,0.276140352,0.0,0.276140352
111002020204,2017,0.24741629,0.0,0.24741629
111002020204,2018,0.263175282,0.0,0.263175282
111002020204,2019,0.204197008,0.0,0.204197008
111002020204,2020,0.322149749,0.0,0.322149749
111002020205,2000,0.674673601,0.0,0.674673601
111002020205,2001,0.816385866,0.0,0.816385866
111002020205,2002,0.396828162,0.0,0.396828162
111002020205,2003,0.556225225,0.0,0.556225225
111002020205,2004,0.547870418,0.0,0.547870418
111002020205,2005,0.646935825,0.0,0.646935825
111002020205,2006,0.74851331,0.0,0.74851331
111002020205,2007,0.006542419,0.0,0.006542419
111002020205,2008,0.816292284,0.0,0.816292284
111002020205,2009,0.004910529,0.0,0.004910529
111002020205,2010,0.616481874,0.0,0.616481874
111002020205,2011,0.000340773,0.0,0.000340773
111002020205,2012,0.010594962,0.0,0.010594962
111002020205,2013,0.003528178,0.0,0.003528178
111002020205,2014,1.128900126,0.0,1.128900126
111002020205,2015,0.643763466,0.0,0.643763466
111002020205,2016,0.729303954,0.0,0.729303954
111002020205,2017,0.711514718,0.0,0.711514718
111002020205,2018,0.72263546,0.0,0.72263546
111002020205,2019,0.947445301,0.0,0.947445301
111002020205,2020,1.284663533,0.0,1.284663533
111002020206,2000,0.0,0.0,0.0
111002020206,2001,0.0,0.0,0.0
111002020206,2002,0.0,0.0,0.0
111002020206,2003,0.0,0.0,0.0
111002020206,2004,0.0,0.0,0.0
111002020206,2005,0.0,0.0,0.0
111002020206,2006,0.0,0.0,0.0
111002020206,2007,0.0,0.0,0.0
111002020206,2008,0.0,0.0,0.0
111002020206,2009,0.0,0.0,0.0
111002020206,2010,0.0,0.0,0.0
111002020206,2011,0.0,0.0,0.0
111002020206,2012,0.0,0.0,0.0
111002020206,2013,0.0,0.0,0.0
111002020206,2014,0.0,0.0,0.0
111002020206,2015,0.0,0.0,0.0
111002020206,2016,0.0,0.0,0.0
111002020206,2017,0.0,0.0,0.0
111002020206,2018,0.0,0.0,0.0
111002020206,2019,0.0,0.0,0.0
111002020206,2020,0.0,0.0,0.0
111002020301,2000,0.0,0.0,0.0
111002020301,2001,0.093324101,0.0,0.093324101
111002020301,2002,0.109590485,0.0,0.109590485
111002020301,2003,0.019841474,0.0,0.019841474
111002020301,2004,0.060431497,0.0,0.060431497
111002020301,2005,0.0,0.0,0.0
111002020301,2006,0.0,0.0,0.0
111002020301,2007,0.0,0.0,0.0
111002020301,2008,0.0,0.0,0.0
111002020301,2009,0.0,0.0,0.0
111002020301,2010,0.0,0.0,0.0
111002020301,2011,0.0,0.0,0.0
111002020301,2012,0.0,0.0,0.0
111002020301,2013,0.0,0.0,0.0
111002020301,2014,0.0,0.0,0.0
111002020301,2015,0.014256833,0.0,0.014256833
111002020301,2016,0.0,0.0,0.0
111002020301,2017,0.0,0.0,0.0
111002020301,2018,0.0,0.0,0.0
111002020301,2019,0.008982208,0.0,0.008982208
111002020301,2020,0.097019536,0.0,0.097019536
111002020302,2000,0.095564768,0.0,0.095564768
111002020302,2001,0.201277238,0.0,0.201277238
111002020302,2002,0.383921762,0.0,0.383921762
111002020302,2003,0.0,0.0,0.0
111002020302,2004,0.088458863,0.0,0.088458863
111002020302,2005,0.047699263,0.0,0.047699263
111002020302,2006,0.0,0.0,0.0
111002020302,2007,0.0,0.0,0.0
111002020302,2008,0.0,0.0,0.0
111002020302,2009,0.0,0.0,0.0
111002020302,2010,0.106699222,0.0,0.106699222
111002020302,2011,0.0,0.0,0.0
111002020302,2012,0.0,0.0,0.0
111002020302,2013,0.0,0.0,0.0
111002020302,2014,0.0,0.0,0.0
111002020302,2015,0.0,0.0,0.0
111002020302,2016,0.0,0.0,0.0
111002020302,2017,0.0,0.0,0.0
111002020302,2018,0.0,0.0,0.0
111002020302,2019,0.0,0.0,0.0
111002020302,2020,0.0,0.0,0.0
111002020303,2000,0.022555063,0.0,0.022555063
111002020303,2001,0.0,0.0,0.0
111002020303,2002,0.0,0.0,0.0
111002020303,2003,0.0,0.0,0.0
111002020303,2004,0.0,0.0,0.0
111002020303,2005,0.0,0.0,0.0
111002020303,2006,0.0,0.0,0.0
111002020303,2007,0.0,0.0,0.0
111002020303,2008,0.0,0.0,0.0
111002020303,2009,0.0,0.0,0.0
111002020303,2010,0.0,0.0,0.0
111002020303,2011,0.0,0.0,0.0
111002020303,2012,0.0,0.0,0.0
111002020303,2013,0.0,0.0,0.0
111002020303,2014,0.0,0.0,0.0
111002020303,2015,0.0,0.0,0.0
111002020303,2016,0.0,0.0,0.0
111002020303,2017,0.0,0.0,0.0
111002020303,2018,0.0,0.0,0.0
111002020303,2019,0.0,0.0,0.0
111002020303,2020,0.0,0.0,0.0
111002020304,2000,0.0,0.0,0.0
111002020304,2001,0.120681901,0.0,0.120681901
111002020304,2002,0.078420704,0.0,0.078420704
111002020304,2003,0.0,0.0,0.0
111002020304,2004,0.0,0.0,0.0
111002020304,2005,0.0,0.0,0.0
111002020304,2006,0.0,0.0,0.0
111002020304,2007,0.027133638,0.0,0.027133638
111002020304,2008,0.0,0.0,0.0
111002020304,2009,0.0,0.0,0.0
111002020304,2010,0.30491226,0.0,0.30491226
111002020304,2011,0.0,0.0,0.0
111002020304,2012,0.33324073,0.0,0.33324073
111002020304,2013,0.0,0.0,0.0
111002020304,2014,0.0,0.0,0.0
111002020304,2015,0.0,0.0,0.0
111002020304,2016,0.0,0.0,0.0
111002020304,2017,0.0,0.0,0.0
111002020304,2018,0.0,0.0,0.0
111002020304,2019,0.0,0.0,0.0
111002020304,2020,0.0,0.0,0.0
111002020305,2000,0.0,0.0,0.0
111002020305,2001,0.0,0.0,0.0
111002020305,2002,0.0,0.0,0.0
111002020305,2003,0.0,0.0,0.0
111002020305,2004,0.27282718,0.0,0.27282718
111002020305,2005,0.0,0.0,0.0
111002020305,2006,0.0,0.0,0.0
111002020305,2007,0.0,0.0,0.0
111002020305,2008,0.0,0.0,0.0
111002020305,2009,0.0,0.0,0.0
111002020305,2010,0.0,0.0,0.0
111002020305,2011,0.0,0.0,0.0
111002020305,2012,0.0,0.0,0.0
111002020305,2013,0.0,0.0,0.0
111002020305,2014,0.0,0.0,0.0
111002020305,2015,0.0,0.0,0.0
111002020305,2016,0.0,0.0,0.0
111002020305,2017,0.0,0.0,0.0
111002020305,2018,3.589e-05,0.0,3.589e-05
111002020305,2019,0.0,0.0,0.0
111002020305,2020,0.0,0.0,0.0
111002020306,2000,0.80014256,0.0,0.80014256
111002020306,2001,0.819290959,0.0,0.819290959
111002020306,2002,0.53800409,0.0,0.53800409
111002020306,2003,1.024358008,0.0,1.024358008
111002020306,2004,0.822460317,0.0,0.822460317
111002020306,2005,0.819082074,0.0,0.819082074
111002020306,2006,0.492169693,0.0,0.492169693
111002020306,2007,0.587237474,0.0,0.587237474
111002020306,2008,0.609409617,0.0,0.609409617
111002020306,2009,0.806368822,0.0,0.806368822
111002020306,2010,1.059677633,0.0,1.059677633
111002020306,2011,0.686748688,0.0,0.686748688
111002020306,2012,1.598054189,0.0,1.598054189
111002020306,2013,1.242206192,0.0,1.242206192
111002020306,2014,1.178076444,0.0,1.178076444
111002020306,2015,1.553628479,0.0,1.553628479
111002020306,2016,2.147683041,0.0,2.147683041
111002020306,2017,1.609055159,0.0,1.609055159
111002020306,2018,1.099216156,0.0,1.099216156
111002020306,2019,1.791725203,0.0,1.791725203
111002020306,2020,1.692256899,0.0,1.692256899
111002030101,2000,0.511177448,0.0,0.511177448
111002030101,2001,0.174287315,0.0,0.174287315
111002030101,2002,0.146211778,0.0,0.146211778
111002030101,2003,0.053935934,0.0,0.053935934
111002030101,2004,0.192318694,0.0,0.192318694
111002030101,2005,0.058077101,0.0,0.058077101
111002030101,2006,0.042692981,0.0,0.042692981
111002030101,2007,0.124623214,0.0,0.124623214
111002030101,2008,0.111612361,0.0,0.111612361
111002030101,2009,0.0,0.0,0.0
111002030101,2010,0.0,0.0,0.0
111002030101,2011,0.170276474,0.0,0.170276474
111002030101,2012,0.21432738,0.0,0.21432738
111002030101,2013,0.0,0.0,0.0
111002030101,2014,0.0,0.0,0.0
111002030101,2015,0.016976748,0.0,0.016976748
111002030101,2016,0.042005863,0.0,0.042005863
111002030101,2017,0.0,0.0,0.0
111002030101,2018,0.083064888,0.0,0.083064888
111002030101,2019,0.0,0.0,0.0
111002030101,2020,0.025640825,0.0,0.025640825
111002030102,2000,0.502879585,0.0,0.502879585
111002030102,2001,0.472315162,0.0,0.472315162
111002030102,2002,0.569890879,0.0,0.569890879
111002030102,2003,0.498184501,0.0,0.498184501
111002030102,2004,0.409743287,0.0,0.409743287
111002030102,2005,0.411738819,0.0,0.411738819
111002030102,2006,0.391081729,0.0,0.391081729
111002030102,2007,0.361270663,0.0,0.361270663
111002030102,2008,0.360912555,0.0,0.360912555
111002030102,2009,0.215065414,0.0,0.215065414
111002030102,2010,0.261475573,0.0,0.261475573
111002030102,2011,0.340487553,0.0,0.340487553
111002030102,2012,0.459624669,0.0,0.459624669
111002030102,2013,0.511725523,0.0,0.511725523
111002030102,2014,0.307296784,0.0,0.307296784
111002030102,2015,0.041646507,0.0,0.041646507
111002030102,2016,0.15824038,0.0,0.15824038
111002030102,2017,0.495372918,0.0,0.495372918
111002030102,2018,0.41671857,0.0,0.41671857
111002030102,2019,0.334035241,0.0,0.334035241
111002030102,2020,0.497752549,0.0,0.497752549
111002030103,2000,1.914492158,0.0,1.914492158
111002030103,2001,1.278559416,0.0,1.278559416
111002030103,2002,1.848585252,0.0,1.848585252
111002030103,2003,2.31164991,0.0,2.31164991
111002030103,2004,2.196995809,0.0,2.196995809
111002030103,2005,1.485364567,0.0,1.485364567
111002030103,2006,1.782104696,0.0,1.782104696
111002030103,2007,1.817559668,0.0,1.817559668
111002030103,2008,2.124696068,0.0,2.124696068
111002030103,2009,2.004100575,0.0,2.004100575
111002030103,2010,2.673759534,0.0,2.673759534
111002030103,2011,2.929805025,0.0,2.929805025
111002030103,2012,3.032212555,0.0,3.032212555
111002030103,2013,2.563497973,0.0,2.563497973
111002030103,2014,2.850522252,0.0,2.850522252
111002030103,2015,2.814841742,0.0,2.814841742
111002030103,2016,2.690633404,0.0,2.690633404
111002030103,2017,2.365837948,0.0,2.365837948
111002030103,2018,2.117270416,0.0,2.117270416
111002030103,2019,1.667474241,0.0,1.667474241
111002030103,2020,2.438177904,0.0,2.438177904
111002030104,2000,0.359175803,0.0,0.359175803
111002030104,2001,0.14584246,0.0,0.14584246
111002030104,2002,0.204594488,0.0,0.204594488
111002030104,2003,0.144934208,0.0,0.144934208
111002030104,2004,0.16865738,0.0,0.16865738
111002030104,2005,0.159433814,0.0,0.159433814
111002030104,2006,0.072959266,0.0,0.072959266
111002030104,2007,0.070574521,0.0,0.070574521
111002030104,2008,0.127094861,0.0,0.127094861
111002030104,2009,0.054938342,0.0,0.054938342
111002030104,2010,0.137337773,0.0,0.137337773
111002030104,2011,0.0,0.0,0.0
111002030104,2012,0.078925587,0.0,0.078925587
111002030104,2013,0.038792197,0.0,0.038792197
111002030104,2014,0.026207734,0.0,0.026207734
111002030104,2015,0.0,0.0,0.0
111002030104,2016,0.062185637,0.0,0.062185637
111002030104,2017,0.066454364,0.0,0.066454364
111002030104,2018,0.0,0.0,0.0
111002030104,2019,0.0,0.0,0.0
111002030104,2020,0.0,0.0,0.0
111002030105,2000,0.578824828,0.0,0.578824828
111002030105,2001,0.714059937,0.0,0.714059937
111002030105,2002,0.746277156,0.0,0.746277156
111002030105,2003,0.544293332,0.0,0.544293332
111002030105,2004,0.740686,0.0,0.740686
111002030105,2005,0.779470447,0.0,0.779470447
111002030105,2006,0.334505819,0.0,0.334505819
111002030105,2007,0.61112566,0.0,0.61112566
111002030105,2008,0.38744991,0.0,0.38744991
111002030105,2009,0.470296288,0.0,0.470296288
111002030105,2010,0.330063359,0.0,0.330063359
111002030105,2011,0.671880485,0.0,0.671880485
111002030105,2012,0.569961653,0.0,0.569961653
111002030105,2013,0.451877975,0.0,0.451877975
111002030105,2014,1.145805241,0.0,1.145805241
111002030105,2015,0.658006301,0.0,0.658006301
111002030105,2016,0.784415615,0.0,0.784415615
111002030105,2017,1.06901557,0.0,1.06901557
111002030105,2018,0.68061586,0.0,0.68061586
111002030105,2019,0.398507132,0.0,0.398507132
111002030105,2020,1.011711219,0.0,1.011711219
111002030106,2000,2.035214607,0.0,2.035214607
111002030106,2001,2.190612523,0.0,2.190612523
111002030106,2002,1.424346477,0.0,1.424346477
111002030106,2003,1.736739775,0.0,1.736739775
111002030106,2004,1.710997385,0.0,1.710997385
111002030106,2005,1.568689603,0.0,1.568689603
111002030106,2006,1.493076512,0.0,1.493076512
111002030106,2007,1.630628904,0.0,1.630628904
111002030106,2008,1.023138404,0.0,1.023138404
111002030106,2009,1.148950271,0.0,1.148950271
111002030106,2010,0.478487792,0.0,0.478487792
111002030106,2011,2.164304288,0.0,2.164304288
111002030106,2012,2.070779074,0.0,2.070779074
111002030106,2013,2.155462537,0.0,2.155462537
111002030106,2014,3.249665855,0.0,3.249665855
111002030106,2015,2.064072942,0.0,2.064072942
111002030106,2016,2.287959066,0.0,2.287959066
111002030106,2017,2.315483734,0.0,2.315483734
111002030106,2018,1.561897071,0.0,1.561897071
111002030106,2019,1.544578926,0.0,1.544578926
111002030106,2020,3.219051336,0.0,3.219051336
111002030107,2000,4.398890363,0.0,4.398890363
111002030107,2001,3.950502707,0.0,3.950502707
111002030107,2002,3.908648529,0.0,3.908648529
111002030107,2003,3.41078791,0.0,3.41078791
111002030107,2004,3.795697303,0.0,3.795697303
111002030107,2005,3.126176937,0.0,3.126176937
111002030107,2006,4.377416762,0.0,4.377416762
111002030107,2007,4.911986737,0.0,4.911986737
111002030107,2008,3.784281921,0.0,3.784281921
111002030107,2009,3.934393351,0.0,3.934393351
111002030107,2010,4.794454274,0.0,4.794454274
111002030107,2011,5.833937332,0.0,5.833937332
111002030107,2012,5.721428317,0.0,5.721428317
111002030107,2013,4.302117964,0.0,4.302117964
111002030107,2014,7.033319644,0.0,7.033319644
111002030107,2015,5.340504655,0.0,5.340504655
111002030107,2016,5.694642369,0.0,5.694642369
111002030107,2017,6.750457395,0.0,6.750457395
111002030107,2018,5.172965277,0.0,5.172965277
111002030107,2019,4.772535041,0.0,4.772535041
111002030107,2020,6.72265979,0.0,6.72265979
111002030201,2000,6.251277992,0.0,6.251277992
111002030201,2001,4.774637167,0.0,4.774637167
111002030201,2002,4.97008917,0.0,4.97008917
111002030201,2003,5.462732797,0.0,5.462732797
111002030201,2004,5.847764678,0.0,5.847764678
111002030201,2005,4.427815553,0.0,4.427815553
111002030201,2006,4.966121937,0.0,4.966121937
111002030201,2007,5.874181756,0.0,5.874181756
111002030201,2008,4.823706566,0.0,4.823706566
111002030201,2009,5.670608863,0.0,5.670608863
111002030201,2010,5.736465699,0.0,5.736465699
111002030201,2011,7.458543301,0.0,7.458543301
111002030201,2012,7.578811568,0.0,7.578811568
111002030201,2013,8.179568658,0.0,8.179568658
111002030201,2014,7.753731729,0.0,7.753731729
111002030201,2015,6.204404688,0.0,6.204404688
111002030201,2016,7.434576399,0.0,7.434576399
111002030201,2017,7.153373216,0.0,7.153373216
111002030201,2018,5.659484696,0.0,5.659484696
111002030201,2019,5.758619721,0.0,5.758619721
111002030201,2020,6.38116077,0.0,6.38116077
111201010203,2000,0.137228836,0.0,0.137228836
111201010203,2001,0.144601238,0.0,0.144601238
111201010203,2002,0.211785748,0.0,0.211785748
111201010203,2003,0.128915241,0.0,0.128915241
111201010203,2004,0.025846568,0.0,0.025846568
111201010203,2005,0.21195951,0.0,0.21195951
111201010203,2006,0.05572263,0.0,0.05572263
111201010203,2007,0.251114474,0.0,0.251114474
111201010203,2008,0.00853132,0.0,0.00853132
111201010203,2009,0.330485679,0.0,0.330485679
111201010203,2010,0.315278647,0.0,0.315278647
111201010203,2011,0.159008101,0.0,0.159008101
111201010203,2012,0.0,0.0,0.0
111201010203,2013,0.017715581,0.0,0.017715581
111201010203,2014,0.0,0.0,0.0
111201010203,2015,0.27375929,0.0,0.27375929
111201010203,2016,0.06736156,0.0,0.06736156
111201010203,2017,0.197847255,0.0,0.197847255
111201010203,2018,0.369449356,0.0,0.369449356
111201010203,2019,0.001566575,0.0,0.001566575
111201010203,2020,0.195899451,0.0,0.195899451
111201010401,2000,3.70839562,0.0,3.70839562
111201010401,2001,3.335662362,0.0,3.335662362
111201010401,2002,2.685710175,0.0,2.685710175
111201010401,2003,2.182538885,0.0,2.182538885
111201010401,2004,2.420827055,0.0,2.420827055
111201010401,2005,3.353167693,0.0,3.353167693
111201010401,2006,2.664127627,0.0,2.664127627
111201010401,2007,2.644132688,0.0,2.644132688
111201010401,2008,2.740609153,0.0,2.740609153
111201010401,2009,2.33060206,0.0,2.33060206
111201010401,2010,3.737603855,0.0,3.737603855
111201010401,2011,3.433483995,0.0,3.433483995
111201010401,2012,5.703156609,0.0,5.703156609
111201010401,2013,3.458660542,0.0,3.458660542
111201010401,2014,3.919825367,0.0,3.919825367
111201010401,2015,3.500805164,0.0,3.500805164
111201010401,2016,4.720715697,0.0,4.720715697
111201010401,2017,3.816392186,0.0,3.816392186
111201010401,2018,5.168675907,0.0,5.168675907
111201010401,2019,5.622421342,0.0,5.622421342
111201010401,2020,6.10568444,0.0,6.10568444
111201010402,2000,0.787546858,0.0,0.787546858
111201010402,2001,1.124687501,0.0,1.124687501
111201010402,2002,0.125634586,0.0,0.125634586
111201010402,2003,0.473634433,0.0,0.473634433
111201010402,2004,1.10024032,0.0,1.10024032
111201010402,2005,0.774692808,0.0,0.774692808
111201010402,2006,1.27747149,0.0,1.27747149
111201010402,2007,0.815802792,0.0,0.815802792
111201010402,2008,1.198247716,0.0,1.198247716
111201010402,2009,0.815508975,0.0,0.815508975
111201010402,2010,1.363671178,0.0,1.363671178
111201010402,2011,1.265989041,0.0,1.265989041
111201010402,2012,1.72736447,0.0,1.72736447
111201010402,2013,0.909123918,0.0,0.909123918
111201010402,2014,0.874425819,0.0,0.874425819
111201010402,2015,1.150979477,0.0,1.150979477
111201010402,2016,1.286223268,0.0,1.286223268
111201010402,2017,0.583103249,0.0,0.583103249
111201010402,2018,2.352590268,0.0,2.352590268
111201010402,2019,2.852257548,0.0,2.852257548
111201010402,2020,1.697182615,0.0,1.697182615
111201010403,2000,8.024032891,0.0,8.024032891
111201010403,2001,11.908456258,0.0,11.908456258
111201010403,2002,6.719042115,0.0,6.719042115
111201010403,2003,5.517716603,0.0,5.517716603
111201010403,2004,9.853370399,0.0,9.853370399
111201010403,2005,12.836255463,0.0,12.836255463
111201010403,2006,5.929464293,0.0,5.929464293
111201010403,2007,10.546477567,0.0,10.546477567
111201010403,2008,6.526624883,0.0,6.526624883
111201010403,2009,7.882086797,0.0,7.882086797
111201010403,2010,12.765350137,0.0,12.765350137
111201010403,2011,9.327622268,0.0,9.327622268
111201010403,2012,10.866495899,0.0,10.866495899
111201010403,2013,6.334666586,0.0,6.334666586
111201010403,2014,9.306420348,0.0,9.306420348
111201010403,2015,10.147857058,0.0,10.147857058
111201010403,2016,10.745746907,0.0,10.745746907
111201010403,2017,9.066634233,0.0,9.066634233
111201010403,2018,8.734068,0.0,8.734068
111201010403,2019,14.585179589,0.0,14.585179589
111201010403,2020,12.561701486,0.0,12.561701486
111201010404,2000,4.983549107,0.0,4.983549107
111201010404,2001,5.980362737,0.0,5.980362737
111201010404,2002,3.980229625,0.0,3.980229625
111201010404,2003,3.928459334,0.0,3.928459334
111201010404,2004,5.233685402,0.0,5.233685402
111201010404,2005,7.736639058,0.0,7.736639058
111201010404,2006,5.15298006,0.0,5.15298006
111201010404,2007,6.045578521,0.0,6.045578521
111201010404,2008,5.078227697,0.0,5.078227697
111201010404,2009,4.707567819,0.0,4.707567819
111201010404,2010,6.056777874,0.0,6.056777874
111201010404,2011,4.40678394,0.0,4.40678394
111201010404,2012,4.689442743,0.0,4.689442743
111201010404,2013,3.269675241,0.0,3.269675241
111201010404,2014,5.777600367,0.0,5.777600367
111201010404,2015,5.118697189,0.0,5.118697189
111201010404,2016,6.668105301,0.0,6.668105301
111201010404,2017,2.877962063,0.0,2.877962063
111201010404,2018,3.596338932,0.0,3.596338932
111201010404,2019,7.197174564,0.0,7.197174564
111201010404,2020,7.249980631,0.0,7.249980631
111201010405,2000,21.458868579,0.0,21.458868579
111201010405,2001,26.325710129,0.0,26.325710129
111201010405,2002,21.208484688,0.0,21.208484688
111201010405,2003,14.188657345,0.0,14.188657345
111201010405,2004,21.771866459,0.0,21.771866459
111201010405,2005,25.811352268,0.0,25.811352268
111201010405,2006,13.867959005,0.0,13.867959005
111201010405,2007,27.854716356,0.0,27.854716356
111201010405,2008,15.866498093,0.0,15.866498093
111201010405,2009,19.040272005,0.0,19.040272005
111201010405,2010,26.652729734,0.0,26.652729734
111201010405,2011,18.397608121,0.0,18.397608121
111201010405,2012,24.552180085,0.0,24.552180085
111201010405,2013,18.686684345,0.0,18.686684345
111201010405,2014,23.688961652,0.0,23.688961652
111201010405,2015,24.367465814,0.0,24.367465814
111201010405,2016,31.069585104,0.0,31.069585104
111201010405,2017,19.828667679,0.0,19.828667679
111201010405,2018,17.361032499,0.0,17.361032499
111201010405,2019,26.464442342,0.0,26.464442342
111201010405,2020,31.470639516,0.0,31.470639516
111201010406,2000,6.935468872,0.0,6.935468872
111201010406,2001,13.567113145,0.0,13.567113145
111201010406,2002,5.678727584,0.0,5.678727584
111201010406,2003,7.550168962,0.0,7.550168962
111201010406,2004,12.571061109,0.0,12.571061109
111201010406,2005,11.812286271,0.0,11.812286271
111201010406,2006,7.790104479,0.0,7.790104479
111201010406,2007,12.293445852,0.0,12.293445852
111201010406,2008,6.987287675,0.0,6.987287675
111201010406,2009,9.713224003,0.0,9.713224003
111201010406,2010,11.609357449,0.0,11.609357449
111201010406,2011,5.822323178,0.0,5.822323178
111201010406,2012,5.390543336,0.0,5.390543336
111201010406,2013,6.641597003,0.0,6.641597003
111201010406,2014,12.608313274,0.0,12.608313274
111201010406,2015,10.011506208,0.0,10.011506208
111201010406,2016,13.083231107,0.0,13.083231107
111201010406,2017,7.435867019,0.0,7.435867019
111201010406,2018,9.55924866,0.0,9.55924866
111201010406,2019,12.87652966,0.0,12.87652966
111201010406,2020,16.088382604,0.0,16.088382604
111201010407,2000,11.673143079,0.0,11.673143079
111201010407,2001,14.174707597,0.0,14.174707597
111201010407,2002,12.247865847,0.0,12.247865847
111201010407,2003,10.486218781,0.0,10.486218781
111201010407,2004,12.018908295,0.0,12.018908295
111201010407,2005,13.310829866,0.0,13.310829866
111201010407,2006,11.020577677,0.0,11.020577677
111201010407,2007,12.774994967,0.0,12.774994967
111201010407,2008,9.789764525,0.0,9.789764525
111201010407,2009,11.20082097,0.0,11.20082097
111201010407,2010,14.356370699,0.0,14.356370699
111201010407,2011,9.904120764,0.0,9.904120764
111201010407,2012,12.725252019,0.0,12.725252019
111201010407,2013,11.023067586,0.0,11.023067586
111201010407,2014,15.576092671,0.0,15.576092671
111201010407,2015,12.528217104,0.0,12.528217104
111201010407,2016,12.758229112,0.0,12.758229112
111201010407,2017,10.389461701,0.0,10.389461701
111201010407,2018,12.240786411,0.0,12.240786411
111201010407,2019,11.121642216,0.0,11.121642216
111201010407,2020,16.68192459,0.0,16.68192459
111201010501,2000,0.114691626,0.0,0.114691626
111201010501,2001,1.309642419,0.0,1.309642419
111201010501,2002,0.643086411,0.0,0.643086411
111201010501,2003,0.698126647,0.0,0.698126647
111201010501,2004,0.851083792,0.0,0.851083792
111201010501,2005,0.65966677,0.0,0.65966677
111201010501,2006,1.3322224,0.0,1.3322224
111201010501,2007,0.413712877,0.0,0.413712877
111201010501,2008,0.670929997,0.0,0.670929997
111201010501,2009,1.205662507,0.0,1.205662507
111201010501,2010,1.113224449,0.0,1.113224449
111201010501,2011,1.967733553,0.0,1.967733553
111201010501,2012,0.693978213,0.0,0.693978213
111201010501,2013,0.380958458,0.0,0.380958458
111201010501,2014,0.404090452,0.0,0.404090452
111201010501,2015,0.803869249,0.0,0.803869249
111201010501,2016,1.53842556,0.0,1.53842556
111201010501,2017,0.363835701,0.0,0.363835701
111201010501,2018,1.571698732,0.0,1.571698732
111201010501,2019,0.497016427,0.0,0.497016427
111201010501,2020,0.995375743,0.0,0.995375743
111201010502,2000,0.243026825,0.0,0.243026825
111201010502,2001,1.829533036,0.0,1.829533036
111201010502,2002,1.103962858,0.0,1.103962858
111201010502,2003,0.958142619,0.0,0.958142619
111201010502,2004,1.715377046,0.0,1.715377046
111201010502,2005,2.15048489,0.0,2.15048489
111201010502,2006,2.42050651,0.0,2.42050651
111201010502,2007,2.112458216,0.0,2.112458216
111201010502,2008,2.008967415,0.0,2.008967415
111201010502,2009,1.961999822,0.0,1.961999822
111201010502,2010,1.664812699,0.0,1.664812699
111201010502,2011,1.042904814,0.0,1.042904814
111201010502,2012,0.250402689,0.0,0.250402689
111201010502,2013,1.504115778,0.0,1.504115778
111201010502,2014,1.375697518,0.0,1.375697518
111201010502,2015,1.761406614,0.0,1.761406614
111201010502,2016,2.647775418,0.0,2.647775418
111201010502,2017,2.098746825,0.0,2.098746825
111201010502,2018,3.917996181,0.0,3.917996181
111201010502,2019,2.687399715,0.0,2.687399715
111201010502,2020,2.946943426,0.0,2.946943426
111201010503,2000,3.929923943,0.0,3.929923943
111201010503,2001,5.214095625,0.0,5.214095625
111201010503,2002,3.632963005,0.0,3.632963005
111201010503,2003,2.854914214,0.0,2.854914214
111201010503,2004,3.92886127,0.0,3.92886127
111201010503,2005,4.593733271,0.0,4.593733271
111201010503,2006,3.663191781,0.0,3.663191781
111201010503,2007,4.304522995,0.0,4.304522995
111201010503,2008,3.149215137,0.0,3.149215137
111201010503,2009,4.494142811,0.0,4.494142811
111201010503,2010,4.755574803,0.0,4.755574803
111201010503,2011,3.759202041,0.0,3.759202041
111201010503,2012,4.30342674,0.0,4.30342674
111201010503,2013,3.607895704,0.0,3.607895704
111201010503,2014,4.28125486,0.0,4.28125486
111201010503,2015,3.193983638,0.0,3.193983638
111201010503,2016,4.565706973,0.0,4.565706973
111201010503,2017,2.964197932,0.0,2.964197932
111201010503,2018,4.838073559,0.0,4.838073559
111201010503,2019,4.031127115,0.0,4.031127115
111201010503,2020,5.382192087,0.0,5.382192087
111201010504,2000,4.122846265,0.0,4.122846265
111201010504,2001,6.645463455,0.0,6.645463455
111201010504,2002,4.791265362,0.0,4.791265362
111201010504,2003,3.6935932,0.0,3.6935932
111201010504,2004,7.598588126,0.0,7.598588126
111201010504,2005,6.892845299,0.0,6.892845299
111201010504,2006,7.885342663,0.0,7.885342663
111201010504,2007,8.248213534,0.0,8.248213534
111201010504,2008,5.623045363,0.0,5.623045363
111201010504,2009,5.202762622,0.0,5.202762622
111201010504,2010,6.67908597,0.0,6.67908597
111201010504,2011,4.678321236,0.0,4.678321236
111201010504,2012,4.976469645,0.0,4.976469645
111201010504,2013,3.874117767,0.0,3.874117767
111201010504,2014,8.180971932,0.0,8.180971932
111201010504,2015,6.27598274,0.0,6.27598274
111201010504,2016,8.84732962,0.0,8.84732962
111201010504,2017,5.271692148,0.0,5.271692148
111201010504,2018,6.210706753,0.0,6.210706753
111201010504,2019,8.755781532,0.0,8.755781532
111201010504,2020,9.002669311,0.0,9.002669311
111201010505,2000,21.870799705,0.0,21.870799705
111201010505,2001,18.983818995,0.0,18.983818995
111201010505,2002,19.966660564,0.0,19.966660564
111201010505,2003,15.582483893,0.0,15.582483893
111201010505,2004,18.327335932,0.0,18.327335932
111201010505,2005,21.554076504,0.0,21.554076504
111201010505,2006,18.120229833,0.0,18.120229833
111201010505,2007,23.217960737,0.0,23.217960737
111201010505,2008,17.501497298,0.0,17.501497298
111201010505,2009,22.024209781,0.0,22.024209781
111201010505,2010,26.873303208,0.0,26.873303208
111201010505,2011,18.599703005,0.0,18.599703005
111201010505,2012,25.189961216,0.0,25.189961216
111201010505,2013,27.293034789,0.0,27.293034789
111201010505,2014,30.307584208,0.0,30.307584208
111201010505,2015,27.63473069,0.0,27.63473069
111201010505,2016,29.032250342,0.0,29.032250342
111201010505,2017,25.774927981,0.0,25.774927981
111201010505,2018,26.247584795,0.0,26.247584795
111201010505,2019,26.462851101,0.0,26.462851101
111201010505,2020,31.384286639,0.0,31.384286639
111201010506,2000,21.50553079,0.0,21.50553079
111201010506,2001,18.377894951,0.0,18.377894951
111201010506,2002,18.092310362,0.0,18.092310362
111201010506,2003,15.65789803,0.0,15.65789803
111201010506,2004,15.519042683,0.0,15.519042683
111201010506,2005,22.626757351,0.0,22.626757351
111201010506,2006,15.884795888,0.0,15.884795888
111201010506,2007,28.11037783,0.0,28.11037783
111201010506,2008,13.845501948,0.0,13.845501948
111201010506,2009,25.717213296,0.0,25.717213296
111201010506,2010,30.903549521,0.0,30.903549521
111201010506,2011,22.914536427,0.0,22.914536427
111201010506,2012,33.375139098,0.0,33.375139098
111201010506,2013,31.938113751,0.0,31.938113751
111201010506,2014,34.439595008,0.0,34.439595008
111201010506,2015,22.107979523,0.0,22.107979523
111201010506,2016,30.345932481,0.0,30.345932481
111201010506,2017,22.311904556,0.0,22.311904556
111201010506,2018,24.779541118,0.0,24.779541118
111201010506,2019,30.859084244,0.0,30.859084244
111201010506,2020,36.487533352,0.0,36.487533352
111201010507,2000,19.859613295,0.0,19.859613295
111201010507,2001,22.585364822,0.0,22.585364822
111201010507,2002,19.860546874,0.0,19.860546874
111201010507,2003,16.430211082,0.0,16.430211082
111201010507,2004,17.598809295,0.0,17.598809295
111201010507,2005,23.18781469,0.0,23.18781469
111201010507,2006,16.223666079,0.0,16.223666079
111201010507,2007,28.79978769,0.0,28.79978769
111201010507,2008,15.861718716,0.0,15.861718716
111201010507,2009,20.531837195,0.0,20.531837195
111201010507,2010,28.901024474,0.0,28.901024474
111201010507,2011,20.095043942,0.0,20.095043942
111201010507,2012,27.312705284,0.0,27.312705284
111201010507,2013,28.528347074,0.0,28.528347074
111201010507,2014,29.308857844,0.0,29.308857844
111201010507,2015,21.811978356,0.0,21.811978356
111201010507,2016,29.956704511,0.0,29.956704511
111201010507,2017,25.754554151,0.0,25.754554151
111201010507,2018,22.716694745,0.0,22.716694745
111201010507,2019,31.496819915,0.0,31.496819915
111201010507,2020,34.920894303,0.0,34.920894303
111201010601,2000,18.670989019,0.0,18.670989019
111201010601,2001,21.164667332,0.0,21.164667332
111201010601,2002,13.784451397,0.0,13.784451397
111201010601,2003,15.902037616,0.0,15.902037616
111201010601,2004,15.918802399,0.0,15.918802399
111201010601,2005,18.532422474,0.0,18.532422474
111201010601,2006,10.965651351,0.0,10.965651351
111201010601,2007,23.955585827,0.0,23.955585827
111201010601,2008,13.614802456,0.0,13.614802456
111201010601,2009,19.430129603,0.0,19.430129603
111201010601,2010,28.033581622,0.0,28.033581622
111201010601,2011,23.205001767,0.0,23.205001767
111201010601,2012,20.015232899,0.0,20.015232899
111201010601,2013,20.453648033,0.0,20.453648033
111201010601,2014,23.79217934,0.0,23.79217934
111201010601,2015,18.514439726,0.0,18.514439726
111201010601,2016,25.502208667,0.0,25.502208667
111201010601,2017,22.066756849,0.0,22.066756849
111201010601,2018,17.665263742,0.0,17.665263742
111201010601,2019,22.578323041,0.0,22.578323041
111201010601,2020,25.049314883,0.0,25.049314883
111201010602,2000,19.443420101,0.0,19.443420101
111201010602,2001,19.854510422,0.0,19.854510422
111201010602,2002,19.890067879,0.0,19.890067879
111201010602,2003,17.540922033,0.0,17.540922033
111201010602,2004,15.197550628,0.0,15.197550628
111201010602,2005,16.80476406,0.0,16.80476406
111201010602,2006,13.788577112,0.0,13.788577112
111201010602,2007,20.465286581,0.0,20.465286581
111201010602,2008,14.493928814,0.0,14.493928814
111201010602,2009,15.363046233,0.0,15.363046233
111201010602,2010,21.527459049,0.0,21.527459049
111201010602,2011,21.196374975,0.0,21.196374975
111201010602,2012,18.643858372,0.0,18.643858372
111201010602,2013,16.477086792,0.0,16.477086792
111201010602,2014,19.111222767,0.0,19.111222767
111201010602,2015,16.694475608,0.0,16.694475608
111201010602,2016,18.066127079,0.0,18.066127079
111201010602,2017,19.59835723,0.0,19.59835723
111201010602,2018,13.554234679,0.0,13.554234679
111201010602,2019,25.478117203,0.0,25.478117203
111201010602,2020,20.189446475,0.0,20.189446475
111201010603,2000,3.438915902,0.0,3.438915902
111201010603,2001,3.146741025,0.0,3.146741025
111201010603,2002,3.957641997,0.0,3.957641997
111201010603,2003,2.284878118,0.0,2.284878118
111201010603,2004,2.166513724,0.0,2.166513724
111201010603,2005,2.61298606,0.0,2.61298606
111201010603,2006,2.181082175,0.0,2.181082175
111201010603,2007,3.267526101,0.0,3.267526101
111201010603,2008,1.489996011,0.0,1.489996011
111201010603,2009,2.133376792,0.0,2.133376792
111201010603,2010,2.261537682,0.0,2.261537682
111201010603,2011,2.585354967,0.0,2.585354967
111201010603,2012,1.917839877,0.0,1.917839877
111201010603,2013,2.087161981,0.0,2.087161981
111201010603,2014,4.921944474,0.0,4.921944474
111201010603,2015,4.112823666,0.0,4.112823666
111201010603,2016,5.676662191,0.0,5.676662191
111201010603,2017,2.267521167,0.0,2.267521167
111201010603,2018,2.759053427,0.0,2.759053427
111201010603,2019,3.841581855,0.0,3.841581855
111201010603,2020,4.263083454,0.0,4.263083454
111201010604,2000,0.0,0.0,0.0
111201010604,2001,0.0,0.0,0.0
111201010604,2002,0.06918634,0.0,0.06918634
111201010604,2003,0.0,0.0,0.0
111201010604,2004,0.030890153,0.0,0.030890153
111201010604,2005,0.093623493,0.0,0.093623493
111201010604,2006,0.087216249,0.0,0.087216249
111201010604,2007,0.0,0.0,0.0
111201010604,2008,0.103233986,0.0,0.103233986
111201010604,2009,0.078171989,0.0,0.078171989
111201010604,2010,0.10818997,0.0,0.10818997
111201010604,2011,0.0,0.0,0.0
111201010604,2012,0.0,0.0,0.0
111201010604,2013,0.03450346,0.0,0.03450346
111201010604,2014,0.120159082,0.0,0.120159082
111201010604,2015,0.062695093,0.0,0.062695093
111201010604,2016,0.105324984,0.0,0.105324984
111201010604,2017,0.0,0.0,0.0
111201010604,2018,0.061705463,0.0,0.061705463
111201010604,2019,0.141557285,0.0,0.141557285
111201010604,2020,0.041950738,0.0,0.041950738
111201010605,2000,18.959067383,0.0,18.959067383
111201010605,2001,18.229498677,0.0,18.229498677
111201010605,2002,15.609864189,0.0,15.609864189
111201010605,2003,16.734498992,0.0,16.734498992
111201010605,2004,11.887972664,0.0,11.887972664
111201010605,2005,13.441497556,0.0,13.441497556
111201010605,2006,9.519147285,0.0,9.519147285
111201010605,2007,18.361624145,0.0,18.361624145
111201010605,2008,8.730808391,0.0,8.730808391
111201010605,2009,11.95702717,0.0,11.95702717
111201010605,2010,20.579877885,0.0,20.579877885
111201010605,2011,14.738529877,0.0,14.738529877
111201010605,2012,13.136456104,0.0,13.136456104
111201010605,2013,12.492219504,0.0,12.492219504
111201010605,2014,19.374767395,0.0,19.374767395
111201010605,2015,17.744444652,0.0,17.744444652
111201010605,2016,16.587742396,0.0,16.587742396
111201010605,2017,16.841422721,0.0,16.841422721
111201010605,2018,8.699482301,0.0,8.699482301
111201010605,2019,19.622507753,0.0,19.622507753
111201010605,2020,17.340677046,0.0,17.340677046
111201010606,2000,0.0,0.0,0.0
111201010606,2001,0.0,0.0,0.0
111201010606,2002,0.0,0.0,0.0
111201010606,2003,0.026118537,0.000339655,0.025778967
111201010606,2004,0.021541779,0.000280041,0.021261738
111201010606,2005,0.038871027,0.000505362,0.038365918
111201010606,2006,0.036492014,0.000474384,0.036017466
111201010606,2007,0.046301658,0.000601926,0.045699899
111201010606,2008,0.0,0.0,0.0
111201010606,2009,0.011911479,0.000154934,0.011756797
111201010606,2010,0.025805063,0.000335477,0.025469422
111201010606,2011,0.0,0.0,0.0
111201010606,2012,0.027486604,0.000357404,0.027129366
111201010606,2013,0.030033825,0.000390455,0.029643285
111201010606,2014,0.034015077,0.000442123,0.033572871
111201010606,2015,0.04640403,0.000603189,0.045800759
111201010606,2016,0.015966295,0.000207598,0.015758945
111201010606,2017,0.046308466,0.000602036,0.045706427
111201010606,2018,0.037510395,0.000487644,0.037022918
111201010606,2019,0.679962038,0.008839532,0.671122592
111201010606,2020,0.432931557,0.005628044,0.427303514
111201010607,2000,3.184964361,0.022294776,3.162669669
111201010607,2001,3.516053427,0.024612477,3.4914412
111201010607,2002,4.324622074,0.034596882,4.29002511
111201010607,2003,3.316969074,0.026535904,3.290433252
111201010607,2004,3.277189426,0.026217546,3.25097188
111201010607,2005,3.169435973,0.019016633,3.150419425
111201010607,2006,2.319288477,0.018554233,2.300734244
111201010607,2007,5.062553959,0.040500323,5.022053636
111201010607,2008,2.517547593,0.020140298,2.497407213
111201010607,2009,3.428081444,0.020568479,3.407512964
111201010607,2010,5.028250542,0.030169605,4.998081104
111201010607,2011,2.185913258,0.01311554,2.1727978
111201010607,2012,2.886543295,0.017319383,2.869223995
111201010607,2013,2.948242816,0.020637674,2.927605227
111201010607,2014,3.271569036,0.026172468,3.245396567
111201010607,2015,3.665452279,0.025658134,3.639794063
111201010607,2016,4.89713203,0.029382858,4.867749339
111201010607,2017,3.325178534,0.019950992,3.305227625
111201010607,2018,2.83819066,0.025543808,2.812647019
111201010607,2019,4.778286085,0.033447847,4.744837986
111201010607,2020,5.263530847,0.036844596,5.226686003
111201010608,2000,0.121790033,0.001583322,0.120206795
111201010608,2001,0.070882699,0.000921504,0.069961279
111201010608,2002,0.282197762,0.003668644,0.278529118
111201010608,2003,0.220679879,0.002868723,0.217810904
111201010608,2004,0.308796287,0.004014336,0.304781872
111201010608,2005,0.160675797,0.002088721,0.158586992
111201010608,2006,0.225208375,0.002927732,0.222280559
111201010608,2007,0.207279797,0.002694715,0.204585244
111201010608,2008,0.225451648,0.002930992,0.222520907
111201010608,2009,0.261009427,0.003393101,0.257616326
111201010608,2010,0.326655904,0.004246605,0.322409214
111201010608,2011,0.0,0.0,0.0
111201010608,2012,0.053423087,0.000694391,0.052728615
111201010608,2013,0.123273586,0.001602545,0.121670959
111201010608,2014,0.193043737,0.002509567,0.190534255
111201010608,2015,0.137318173,0.001785216,0.135533041
111201010608,2016,0.23725844,0.003084363,0.234174077
111201010608,2017,0.143650208,0.001867482,0.141782726
111201010608,2018,0.269191559,0.003499493,0.265692066
111201010608,2019,0.276750019,0.003597641,0.273152126
111201010608,2020,0.620950128,0.008072322,0.612877888
111201010609,2000,0.033587186,0.00043662,0.033150563
111201010609,2001,0.037992441,0.000493929,0.037498595
111201010609,2002,0.450846236,0.005860874,0.44498511
111201010609,2003,0.0455204,0.000591868,0.044928784
111201010609,2004,0.046929866,0.000610107,0.046319842
111201010609,2005,0.009864636,0.00012826,0.009736288
111201010609,2006,0.015252422,0.000198241,0.015054184
111201010609,2007,0.007026082,9.1304e-05,0.00693486
111201010609,2008,0.05610285,0.00072941,0.055373525
111201010609,2009,0.032583016,0.00042369,0.032159493
111201010609,2010,0.705162181,0.009167036,0.695995148
111201010609,2011,0.323929603,0.004211132,0.319718553
111201010609,2012,0.611656893,0.007951336,0.603705393
111201010609,2013,0.637064668,0.00828186,0.628782811
111201010609,2014,0.024130997,0.000313729,0.023817268
111201010609,2015,0.462028118,0.006006419,0.456021786
111201010609,2016,0.008064973,0.000104855,0.007960199
111201010609,2017,0.0,0.0,0.0
111201010609,2018,0.364686247,0.004741038,0.359945208
111201010609,2019,0.706867181,0.009189255,0.697678178
111201010609,2020,0.447885451,0.005822538,0.442063079
111201020102,2000,0.456934883,0.0,0.456934883
111201020102,2001,1.004432833,0.0,1.004432833
111201020102,2002,0.3582994,0.0,0.3582994
111201020102,2003,0.270931266,0.0,0.270931266
111201020102,2004,0.727329344,0.0,0.727329344
111201020102,2005,0.550289321,0.0,0.550289321
111201020102,2006,0.420086995,0.0,0.420086995
111201020102,2007,0.133109044,0.0,0.133109044
111201020102,2008,1.19197756,0.0,1.19197756
111201020102,2009,1.506712592,0.0,1.506712592
111201020102,2010,0.487786805,0.0,0.487786805
111201020102,2011,1.810504164,0.0,1.810504164
111201020102,2012,0.115779934,0.0,0.115779934
111201020102,2013,0.059041871,0.0,0.059041871
111201020102,2014,0.12940803,0.0,0.12940803
111201020102,2015,0.552700655,0.0,0.552700655
111201020102,2016,0.399619262,0.0,0.399619262
111201020102,2017,0.219847811,0.0,0.219847811
111201020102,2018,1.001223195,0.0,1.001223195
111201020102,2019,0.245986633,0.0,0.245986633
111201020102,2020,0.87816973,0.0,0.87816973
111201020103,2000,4.885519713,0.0,4.885519713
111201020103,2001,5.471922597,0.0,5.471922597
111201020103,2002,4.330298036,0.0,4.330298036
111201020103,2003,4.594718729,0.0,4.594718729
111201020103,2004,3.594240074,0.0,3.594240074
111201020103,2005,4.939883142,0.0,4.939883142
111201020103,2006,5.294804249,0.0,5.294804249
111201020103,2007,4.514479038,0.0,4.514479038
111201020103,2008,4.923807473,0.0,4.923807473
111201020103,2009,7.380608195,0.0,7.380608195
111201020103,2010,7.414869378,0.0,7.414869378
111201020103,2011,6.42973723,0.0,6.42973723
111201020103,2012,8.774144672,0.0,8.774144672
111201020103,2013,6.321109578,0.0,6.321109578
111201020103,2014,6.092566962,0.0,6.092566962
111201020103,2015,5.617298145,0.0,5.617298145
111201020103,2016,8.932974863,0.0,8.932974863
111201020103,2017,4.522566296,0.0,4.522566296
111201020103,2018,7.844786104,0.0,7.844786104
111201020103,2019,5.009342288,0.0,5.009342288
111201020103,2020,7.750083355,0.0,7.750083355
111201020104,2000,11.676209374,0.0,11.676209374
111201020104,2001,14.937230507,0.0,14.937230507
111201020104,2002,14.415057742,0.0,14.415057742
111201020104,2003,12.953355718,0.0,12.953355718
111201020104,2004,13.96040859,0.0,13.96040859
111201020104,2005,13.906901129,0.0,13.906901129
111201020104,2006,12.87141734,0.0,12.87141734
111201020104,2007,19.88337074,0.0,19.88337074
111201020104,2008,10.172280407,0.0,10.172280407
111201020104,2009,16.813871274,0.0,16.813871274
111201020104,2010,21.37005483,0.0,21.37005483
111201020104,2011,15.562219332,0.0,15.562219332
111201020104,2012,21.511878795,0.0,21.511878795
111201020104,2013,18.2564174,0.0,18.2564174
111201020104,2014,19.577378899,0.0,19.577378899
111201020104,2015,13.940640107,0.0,13.940640107
111201020104,2016,21.547179964,0.0,21.547179964
111201020104,2017,16.178296879,0.0,16.178296879
111201020104,2018,17.271820036,0.0,17.271820036
111201020104,2019,21.355398427,0.0,21.355398427
111201020104,2020,23.241900066,0.0,23.241900066
111201020105,2000,19.940200044,0.0,19.940200044
111201020105,2001,19.745395605,0.0,19.745395605
111201020105,2002,18.761497107,0.0,18.761497107
111201020105,2003,17.341976929,0.0,17.341976929
111201020105,2004,17.004386005,0.0,17.004386005
111201020105,2005,16.097213981,0.0,16.097213981
111201020105,2006,14.068178247,0.0,14.068178247
111201020105,2007,21.618259767,0.0,21.618259767
111201020105,2008,12.521104661,0.0,12.521104661
111201020105,2009,19.872106849,0.0,19.872106849
111201020105,2010,24.945140701,0.0,24.945140701
111201020105,2011,19.465098455,0.0,19.465098455
111201020105,2012,27.072179489,0.0,27.072179489
111201020105,2013,22.413685622,0.0,22.413685622
111201020105,2014,24.489708756,0.0,24.489708756
111201020105,2015,17.509621033,0.0,17.509621033
111201020105,2016,23.551452,0.0,23.551452
111201020105,2017,19.161476351,0.0,19.161476351
111201020105,2018,15.986735551,0.0,15.986735551
111201020105,2019,20.986349216,0.0,20.986349216
111201020105,2020,26.643192719,0.0,26.643192719
111201020106,2000,18.026560183,0.0,18.026560183
111201020106,2001,23.132055921,0.0,23.132055921
111201020106,2002,16.51619489,0.0,16.51619489
111201020106,2003,17.558936241,0.0,17.558936241
111201020106,2004,15.319334893,0.0,15.319334893
111201020106,2005,15.981944723,0.0,15.981944723
111201020106,2006,11.526901052,0.0,11.526901052
111201020106,2007,22.537950315,0.0,22.537950315
111201020106,2008,12.232620361,0.0,12.232620361
111201020106,2009,16.555767477,0.0,16.555767477
111201020106,2010,24.942377964,0.0,24.942377964
111201020106,2011,15.224900162,0.0,15.224900162
111201020106,2012,18.051031404,0.0,18.051031404
111201020106,2013,14.133926742,0.0,14.133926742
111201020106,2014,18.513089208,0.0,18.513089208
111201020106,2015,17.446711416,0.0,17.446711416
111201020106,2016,23.187128107,0.0,23.187128107
111201020106,2017,18.839029249,0.0,18.839029249
111201020106,2018,13.91211146,0.0,13.91211146
111201020106,2019,21.966974888,0.0,21.966974888
111201020106,2020,25.668643746,0.0,25.668643746
111201020201,2000,0.0,0.0,0.0
111201020201,2001,0.081424907,0.0,0.081424907
111201020201,2002,0.073065244,0.0,0.073065244
111201020201,2003,0.16482414,0.0,0.16482414
111201020201,2004,0.113053645,0.0,0.113053645
111201020201,2005,0.161381663,0.0,0.161381663
111201020201,2006,0.321247299,0.0,0.321247299
111201020201,2007,0.027343707,0.0,0.027343707
111201020201,2008,0.305873716,0.0,0.305873716
111201020201,2009,0.370705353,0.0,0.370705353
111201020201,2010,0.220792529,0.0,0.220792529
111201020201,2011,1.22822583,0.0,1.22822583
111201020201,2012,1.323343339,0.0,1.323343339
111201020201,2013,0.064038285,0.0,0.064038285
111201020201,2014,0.150399858,0.0,0.150399858
111201020201,2015,0.102664866,0.0,0.102664866
111201020201,2016,0.206039347,0.0,0.206039347
111201020201,2017,0.12858871,0.0,0.12858871
111201020201,2018,0.499147148,0.0,0.499147148
111201020201,2019,0.013074879,0.0,0.013074879
111201020201,2020,0.624459817,0.0,0.624459817
111201020202,2000,0.10530929,0.0,0.10530929
111201020202,2001,0.034853038,0.0,0.034853038
111201020202,2002,0.212658603,0.0,0.212658603
111201020202,2003,0.0,0.0,0.0
111201020202,2004,0.013263167,0.0,0.013263167
111201020202,2005,0.192459189,0.0,0.192459189
111201020202,2006,0.128563071,0.0,0.128563071
111201020202,2007,0.03178494,0.0,0.03178494
111201020202,2008,0.03245306,0.0,0.03245306
111201020202,2009,0.893604255,0.0,0.893604255
111201020202,2010,0.0,0.0,0.0
111201020202,2011,0.488411773,0.0,0.488411773
111201020202,2012,0.334892199,0.0,0.334892199
111201020202,2013,0.073506792,0.0,0.073506792
111201020202,2014,0.01518517,0.0,0.01518517
111201020202,2015,0.025124874,0.0,0.025124874
111201020202,2016,0.01615115,0.0,0.01615115
111201020202,2017,0.068609419,0.0,0.068609419
111201020202,2018,0.197170373,0.0,0.197170373
111201020202,2019,0.244647384,0.0,0.244647384
111201020202,2020,0.206767847,0.0,0.206767847
111201020203,2000,5.667622694,0.0,5.667622694
111201020203,2001,6.122041795,0.0,6.122041795
111201020203,2002,4.922533666,0.0,4.922533666
111201020203,2003,3.399426271,0.0,3.399426271
111201020203,2004,3.439046503,0.0,3.439046503
111201020203,2005,4.732272707,0.0,4.732272707
111201020203,2006,4.197927205,0.0,4.197927205
111201020203,2007,6.014029496,0.0,6.014029496
111201020203,2008,2.974612549,0.0,2.974612549
111201020203,2009,4.573727225,0.0,4.573727225
111201020203,2010,6.9701622,0.0,6.9701622
111201020203,2011,7.198671071,0.0,7.198671071
111201020203,2012,6.566323541,0.0,6.566323541
111201020203,2013,5.305359466,0.0,5.305359466
111201020203,2014,5.239444833,0.0,5.239444833
111201020203,2015,3.896625121,0.0,3.896625121
111201020203,2016,6.840646361,0.0,6.840646361
111201020203,2017,4.215956658,0.0,4.215956658
111201020203,2018,6.094838929,0.0,6.094838929
111201020203,2019,5.158736115,0.0,5.158736115
111201020203,2020,7.753810702,0.0,7.753810702
111201020204,2000,4.305861142,0.0,4.305861142
111201020204,2001,5.277722329,0.0,5.277722329
111201020204,2002,4.027759137,0.0,4.027759137
111201020204,2003,3.474767315,0.0,3.474767315
111201020204,2004,3.31764871,0.0,3.31764871
111201020204,2005,2.920686181,0.0,2.920686181
111201020204,2006,3.040864356,0.0,3.040864356
111201020204,2007,3.851899222,0.0,3.851899222
111201020204,2008,2.255180276,0.0,2.255180276
111201020204,2009,3.145080474,0.0,3.145080474
111201020204,2010,4.184718389,0.0,4.184718389
111201020204,2011,3.945298088,0.0,3.945298088
111201020204,2012,5.560380445,0.0,5.560380445
111201020204,2013,3.8615978,0.0,3.8615978
111201020204,2014,3.555061904,0.0,3.555061904
111201020204,2015,3.245348488,0.0,3.245348488
111201020204,2016,5.025327926,0.0,5.025327926
111201020204,2017,3.415274411,0.0,3.415274411
111201020204,2018,2.899649888,0.0,2.899649888
111201020204,2019,4.236835222,0.0,4.236835222
111201020204,2020,5.840416087,0.0,5.840416087
111201020205,2000,5.202901112,0.0,5.202901112
111201020205,2001,6.085725732,0.0,6.085725732
111201020205,2002,4.968303041,0.0,4.968303041
111201020205,2003,5.776838874,0.0,5.776838874
111201020205,2004,3.992476705,0.0,3.992476705
111201020205,2005,5.355745222,0.0,5.355745222
111201020205,2006,3.358848485,0.0,3.358848485
111201020205,2007,5.629108567,0.0,5.629108567
111201020205,2008,3.265569628,0.0,3.265569628
111201020205,2009,4.79925843,0.0,4.79925843
111201020205,2010,6.617978038,0.0,6.617978038
111201020205,2011,5.560348014,0.0,5.560348014
111201020205,2012,6.714696014,0.0,6.714696014
111201020205,2013,6.903154,0.0,6.903154
111201020205,2014,5.165317238,0.0,5.165317238
111201020205,2015,3.420770622,0.0,3.420770622
111201020205,2016,7.128061355,0.0,7.128061355
111201020205,2017,5.134990923,0.0,5.134990923
111201020205,2018,4.047247247,0.0,4.047247247
111201020205,2019,6.506758608,0.0,6.506758608
111201020205,2020,6.74532865,0.0,6.74532865
111201020206,2000,0.778250801,0.0,0.778250801
111201020206,2001,1.350028975,0.0,1.350028975
111201020206,2002,0.896415529,0.0,0.896415529
111201020206,2003,1.494055233,0.0,1.494055233
111201020206,2004,0.762638626,0.0,0.762638626
111201020206,2005,0.541629871,0.0,0.541629871
111201020206,2006,0.863890115,0.0,0.863890115
111201020206,2007,1.38205311,0.0,1.38205311
111201020206,2008,0.925999847,0.0,0.925999847
111201020206,2009,0.801619107,0.0,0.801619107
111201020206,2010,1.565499679,0.0,1.565499679
111201020206,2011,1.100343586,0.0,1.100343586
111201020206,2012,1.859962779,0.0,1.859962779
111201020206,2013,1.497532386,0.0,1.497532386
111201020206,2014,1.102603438,0.0,1.102603438
111201020206,2015,1.141331395,0.0,1.141331395
111201020206,2016,1.969374967,0.0,1.969374967
111201020206,2017,1.476201501,0.0,1.476201501
111201020206,2018,1.400040268,0.0,1.400040268
111201020206,2019,1.676894803,0.0,1.676894803
111201020206,2020,2.180811459,0.0,2.180811459
111201020207,2000,6.966798087,0.013933511,6.952864492
111201020207,2001,8.178274214,0.016356545,8.161917751
111201020207,2002,5.63664174,0.011273247,5.625368241
111201020207,2003,5.169692447,0.01033951,5.159353104
111201020207,2004,5.477278836,0.010954404,5.466324014
111201020207,2005,4.789137337,0.014367408,4.774769844
111201020207,2006,3.810708929,0.007621433,3.803087581
111201020207,2007,7.699964112,0.015399904,7.684564208
111201020207,2008,4.418701708,0.013256205,4.405445672
111201020207,2009,5.300978271,0.015902926,5.28507534
111201020207,2010,9.293350444,0.02788003,9.265470414
111201020207,2011,5.481911367,0.016445795,5.465465655
111201020207,2012,6.011337948,0.01202256,5.999315303
111201020207,2013,5.33027074,0.010660447,5.31961029
111201020207,2014,6.267527016,0.012535145,6.254992038
111201020207,2015,6.146999066,0.012294016,6.134704967
111201020207,2016,8.604594525,0.017209128,8.587385232
111201020207,2017,7.341576849,0.022024682,7.319552249
111201020207,2018,5.01362514,0.00501349,5.008611564
111201020207,2019,8.833957644,0.017667942,8.816289701
111201020207,2020,7.667276418,0.015334495,7.651941842
111201020301,2000,8.207606809,0.05745321,8.150153683
111201020301,2001,9.317610841,0.065223304,9.252387619
111201020301,2002,6.530285858,0.052242142,6.47804363
111201020301,2003,7.479713759,0.044878219,7.43483554
111201020301,2004,6.576460522,0.046035202,6.530425404
111201020301,2005,5.923413973,0.053310819,5.870103238
111201020301,2006,5.871835074,0.041102816,5.830732258
111201020301,2007,10.038045025,0.070266162,9.967778778
111201020301,2008,5.123186246,0.040985423,5.08220074
111201020301,2009,6.266314701,0.04386437,6.222450584
111201020301,2010,9.432418737,0.066026918,9.366391816
111201020301,2011,6.266933192,0.043868559,6.223064545
111201020301,2012,10.607881429,0.074255145,10.533626284
111201020301,2013,8.101105433,0.048606625,8.052498808
111201020301,2014,10.075624014,0.060453732,10.015170197
111201020301,2015,8.020146786,0.040100679,7.980046192
111201020301,2016,10.786595514,0.075506172,10.711089505
111201020301,2017,9.174594781,0.064222123,9.110372575
111201020301,2018,7.795647123,0.05456957,7.741077723
111201020301,2019,12.34068943,0.074044173,12.266645427
111201020301,2020,12.831604325,0.076989656,12.754614669
111201020302,2000,5.053581303,0.065696577,4.987884724
111201020302,2001,5.121078808,0.066573956,5.054504764
111201020302,2002,5.128962162,0.066676556,5.062285693
111201020302,2003,4.524915553,0.058823838,4.466091548
111201020302,2004,4.651750301,0.06047276,4.591277795
111201020302,2005,3.839655973,0.049915419,3.789740636
111201020302,2006,2.609110493,0.033918378,2.575191945
111201020302,2007,6.790887904,0.088281458,6.702606364
111201020302,2008,3.299149033,0.042888997,3.256260036
111201020302,2009,4.615073518,0.059995882,4.555077468
111201020302,2010,7.061824115,0.091803595,6.970020521
111201020302,2011,3.757153668,0.04884306,3.708310693
111201020302,2012,3.732773432,0.048525915,3.68424735
111201020302,2013,3.552022833,0.046176247,3.505846586
111201020302,2014,3.281337899,0.042657447,3.238680619
111201020302,2015,3.388341973,0.044048474,3.344293414
111201020302,2016,4.435245571,0.05765826,4.377587478
111201020302,2017,4.837601899,0.0628888,4.774713184
111201020302,2018,4.084549337,0.053099101,4.031450318
111201020302,2019,6.255149523,0.081316915,6.173832608
111201020302,2020,5.769015131,0.074997219,5.69401791
111201020303,2000,4.415293699,0.048568254,4.366725448
111201020303,2001,5.953394268,0.06548743,5.887906753
111201020303,2002,4.160418647,0.045764589,4.11465414
111201020303,2003,2.514369789,0.030172471,2.484197318
111201020303,2004,2.584160653,0.025841475,2.558318844
111201020303,2005,4.810519293,0.052915668,4.757603707
111201020303,2006,3.243370948,0.035677121,3.207693827
111201020303,2007,4.328278896,0.047611101,4.280667877
111201020303,2008,3.464572721,0.038110273,3.426462533
111201020303,2009,2.682490162,0.026824907,2.65566517
111201020303,2010,3.954701003,0.039546899,3.915153937
111201020303,2011,3.020043482,0.030200493,2.989843071
111201020303,2012,2.830433046,0.028304344,2.802128872
111201020303,2013,2.365023068,0.01892011,2.346102877
111201020303,2014,3.053032797,0.027477247,3.025555466
111201020303,2015,2.070250304,0.018632238,2.051618315
111201020303,2016,3.756945967,0.03756944,3.719376527
111201020303,2017,1.934410652,0.017409658,1.91700091
111201020303,2018,2.197320438,0.017578685,2.179742005
111201020303,2019,1.775342827,0.01597797,1.75936469
111201020303,2020,3.752680342,0.037526754,3.715153757
111201020304,2000,4.089090719,0.05315806,4.035932577
111201020304,2001,5.716248521,0.07431117,5.641937268
111201020304,2002,3.425515926,0.044531726,3.380984118
111201020304,2003,3.283708351,0.042688192,3.241019992
111201020304,2004,3.603229596,0.046842046,3.556387383
111201020304,2005,6.148356293,0.079928625,6.068427589
111201020304,2006,2.840256553,0.036923501,2.803333219
111201020304,2007,6.055029625,0.07871551,5.976314197
111201020304,2008,4.181247915,0.054356189,4.126891642
111201020304,2009,4.159967132,0.054079674,4.105887458
111201020304,2010,5.399848416,0.070198189,5.329650477
111201020304,2011,3.118649178,0.040542479,3.078106866
111201020304,2012,4.181917454,0.054364885,4.127552571
111201020304,2013,3.917807148,0.050931474,3.866875507
111201020304,2014,3.45227246,0.044879614,3.407392844
111201020304,2015,3.020777474,0.03927003,2.981507444
111201020304,2016,4.374386462,0.056867085,4.317519459
111201020304,2017,3.094887534,0.0402334,3.054653882
111201020304,2018,3.1960538,0.041548562,3.154504989
111201020304,2019,4.558129858,0.059255751,4.498874274
111201020304,2020,7.376377932,0.095892866,7.280484981
111201030101,2000,2.290079555,0.029770978,2.260308495
111201030101,2001,1.882494973,0.024472408,1.858022649
111201030101,2002,1.825385879,0.023730019,1.801655942
111201030101,2003,1.449555482,0.018844129,1.430711101
111201030101,2004,1.221796992,0.015883383,1.205913527
111201030101,2005,1.893739551,0.024618597,1.869120956
111201030101,2006,1.065097162,0.013846293,1.051250953
111201030101,2007,1.878881378,0.024425427,1.854456036
111201030101,2008,1.101581514,0.014320516,1.087260918
111201030101,2009,1.737154153,0.022582934,1.714571134
111201030101,2010,1.952344545,0.025380436,1.92696411
111201030101,2011,1.352934334,0.017588211,1.335346038
111201030101,2012,1.64757497,0.021418456,1.626156434
111201030101,2013,1.469254605,0.019100321,1.450154367
111201030101,2014,1.352966937,0.017588504,1.335378181
111201030101,2015,0.853895803,0.011100605,0.842795112
111201030101,2016,1.869991926,0.024309831,1.845682098
111201030101,2017,0.983594718,0.012786773,0.970807945
111201030101,2018,1.260923463,0.016391921,1.244531542
111201030101,2019,1.012600427,0.013163781,0.999436732
111201030101,2020,1.922973656,0.024998697,1.89797521
111201030102,2000,1.028889342,0.01337568,1.015513831
111201030102,2001,1.172877592,0.015247441,1.157629986
111201030102,2002,1.069427395,0.013902507,1.055524888
111201030102,2003,0.741445803,0.009638825,0.731807063
111201030102,2004,0.578605096,0.007521869,0.571083224
111201030102,2005,0.678392332,0.008819077,0.669573085
111201030102,2006,0.959657816,0.012475449,0.947182118
111201030102,2007,0.874698518,0.011370967,0.863327384
111201030102,2008,1.356404033,0.017633131,1.338770735
111201030102,2009,2.130051822,0.027690729,2.102361181
111201030102,2010,2.253505553,0.029295696,2.224210025
111201030102,2011,1.848884101,0.024035485,1.824848534
111201030102,2012,2.394246803,0.03112515,2.363121653
111201030102,2013,2.050416112,0.0266554,2.023760542
111201030102,2014,2.401634507,0.031221241,2.370413348
111201030102,2015,1.577476641,0.02050714,1.556969501
111201030102,2016,1.932162833,0.025118128,1.907044705
111201030102,2017,1.110362614,0.014434742,1.095927868
111201030102,2018,1.751071011,0.02276386,1.728307068
111201030102,2019,1.507358973,0.019595655,1.487763318
111201030102,2020,2.390887516,0.031081546,2.359806049
111201030103,2000,1.71174874,0.022252757,1.689496068
111201030103,2001,1.726213619,0.022440775,1.703772844
111201030103,2002,1.773698348,0.023057921,1.750640342
111201030103,2003,1.06649351,0.013864395,1.052629033
111201030103,2004,0.861100079,0.011194306,0.849905773
111201030103,2005,1.212101315,0.015757277,1.196343956
111201030103,2006,0.641235605,0.008336104,0.632899501
111201030103,2007,0.695423449,0.009040614,0.686382921
111201030103,2008,0.52862741,0.006872117,0.521755123
111201030103,2009,0.749921123,0.009748953,0.740172088
111201030103,2010,0.714822175,0.009292721,0.705529367
111201030103,2011,0.99650574,0.01295463,0.983551107
111201030103,2012,0.753050678,0.009789667,0.743261096
111201030103,2013,0.566492775,0.007364504,0.559128356
111201030103,2014,0.456685756,0.005936792,0.450748879
111201030103,2015,0.429712241,0.005586263,0.424126145
111201030103,2016,0.498274148,0.00647771,0.491796437
111201030103,2017,0.496652707,0.006456504,0.490196285
111201030103,2018,0.571143444,0.007424948,0.563718578
111201030103,2019,0.678515093,0.00882071,0.669694384
111201030103,2020,1.633595134,0.021236798,1.612358251
111201030104,2000,0.0,0.0,0.0
111201030104,2001,0.0,0.0,0.0
111201030104,2002,0.164736077,0.002141542,0.162594537
111201030104,2003,0.01586629,0.000206296,0.015659997
111201030104,2004,0.12115603,0.001575055,0.119580893
111201030104,2005,0.104089559,0.001353192,0.10273637
111201030104,2006,0.0,0.0,0.0
111201030104,2007,0.111180247,0.001445329,0.109734836
111201030104,2008,0.147013855,0.001911066,0.14510279
111201030104,2009,0.0,0.0,0.0
111201030104,2010,0.110379589,0.001434893,0.108944781
111201030104,2011,0.087675532,0.001139803,0.086535729
111201030104,2012,0.0,0.0,0.0
111201030104,2013,0.019131455,0.000248704,0.018882584
111201030104,2014,0.008460849,0.000109962,0.00835089
111201030104,2015,0.058138729,0.00075591,0.057383071
111201030104,2016,0.086001844,0.00111803,0.084883732
111201030104,2017,0.0,0.0,0.0
111201030104,2018,0.183948984,0.00239129,0.18155786
111201030104,2019,0.422946986,0.005498189,0.417448548
111201030104,2020,0.0,0.0,0.0
111201030105,2000,0.0,0.0,0.0
111201030105,2001,0.0,0.0,0.0
111201030105,2002,0.0,0.0,0.0
111201030105,2003,0.0,0.0,0.0
111201030105,2004,0.0,0.0,0.0
111201030105,2005,0.0,0.0,0.0
111201030105,2006,0.0,0.0,0.0
111201030105,2007,0.0,0.0,0.0
111201030105,2008,0.0,0.0,0.0
111201030105,2009,0.0,0.0,0.0
111201030105,2010,0.0,0.0,0.0
111201030105,2011,0.0,0.0,0.0
111201030105,2012,0.0,0.0,0.0
111201030105,2013,0.0,0.0,0.0
111201030105,2014,0.0,0.0,0.0
111201030105,2015,0.0,0.0,0.0
111201030105,2016,0.0,0.0,0.0
111201030105,2017,0.0,0.0,0.0
111201030105,2018,0.0,0.0,0.0
111201030105,2019,0.0,0.0,0.0
111201030105,2020,0.000385426,0.0,0.000385426
111201030106,2000,3.097105822,0.040262336,3.056843484
111201030106,2001,2.639018836,0.034307173,2.604711666
111201030106,2002,2.711585225,0.035250384,2.676334674
111201030106,2003,2.152519529,0.027982712,2.124536732
111201030106,2004,1.606837454,0.020888904,1.585948631
111201030106,2005,1.875202934,0.024377512,1.850825088
111201030106,2006,1.901276923,0.024716605,1.876560318
111201030106,2007,1.913573279,0.024876386,1.888696811
111201030106,2008,2.032247161,0.026419254,2.00582774
111201030106,2009,2.054074592,0.026702978,2.027371611
111201030106,2010,2.353396112,0.030594181,2.322802019
111201030106,2011,3.072928162,0.039948162,3.032980082
111201030106,2012,3.101904224,0.040324801,3.061579339
111201030106,2013,2.597127529,0.033762641,2.56336489
111201030106,2014,2.938308444,0.038197975,2.900110386
111201030106,2015,2.038141677,0.026495721,2.011645874
111201030106,2016,2.354118374,0.030603546,2.323514828
111201030106,2017,2.567638556,0.033379362,2.534259279
111201030106,2018,2.941599619,0.03824074,2.903358879
111201030106,2019,2.428953323,0.031576436,2.39737689
111201030106,2020,2.408965973,0.031316503,2.377649385
111201030107,2000,0.0,0.0,0.0
111201030107,2001,0.121339288,0.001577337,0.119761866
111201030107,2002,0.251528038,0.003269967,0.248258241
111201030107,2003,0.526056153,0.006838762,0.519217474
111201030107,2004,0.107106781,0.000749784,0.106357164
111201030107,2005,0.156723616,0.001097121,0.155626499
111201030107,2006,0.227939789,0.00296329,0.224976501
111201030107,2007,0.596732468,0.007160836,0.5895718
111201030107,2008,0.738648959,0.008125071,0.730523639
111201030107,2009,0.010713252,0.000139175,0.010574077
111201030107,2010,0.144464496,0.001155597,0.143308814
111201030107,2011,0.0,0.0,0.0
111201030107,2012,0.0,0.0,0.0
111201030107,2013,0.0,0.0,0.0
111201030107,2014,0.0,0.0,0.0
111201030107,2015,0.000615723,7.825e-06,0.000607732
111201030107,2016,0.070180817,0.000912306,0.069268508
111201030107,2017,0.154409625,0.00077197,0.153637488
111201030107,2018,0.03547757,0.000461159,0.035016496
111201030107,2019,0.491977342,0.004919699,0.487057559
111201030107,2020,0.111683161,0.000781844,0.110901402
111201030108,2000,0.404197664,0.000808336,0.403389243
111201030108,2001,0.026090479,0.000339274,0.025751205
111201030108,2002,0.344377912,0.002755058,0.341622852
111201030108,2003,0.309793468,0.0,0.309793468
111201030108,2004,0.602170672,0.002408596,0.599762077
111201030108,2005,0.335034301,0.0,0.335034301
111201030108,2006,0.411626597,0.000411693,0.411214904
111201030108,2007,0.181433901,0.001088545,0.180345356
111201030108,2008,0.141511964,0.000990544,0.140521254
111201030108,2009,0.882186879,0.000882334,0.881304715
111201030108,2010,0.27211811,0.0,0.27211811
111201030108,2011,0.545199348,0.0,0.545199348
111201030108,2012,0.060575945,0.0,0.060575945
111201030108,2013,0.788837789,0.0,0.788837789
111201030108,2014,0.267220551,0.0,0.267220551
111201030108,2015,0.646863666,0.0,0.646863666
111201030108,2016,0.16777759,0.0,0.16777759
111201030108,2017,0.039317855,0.0,0.039317855
111201030108,2018,0.247040167,0.0,0.247040167
111201030108,2019,0.515082666,0.000515107,0.514567559
111201030108,2020,0.971111516,0.000971148,0.970140538
111201030109,2000,0.006401814,8.3361e-05,0.006318454
111201030109,2001,0.365262164,0.004748474,0.36051369
111201030109,2002,0.493592841,0.006416819,0.487176189
111201030109,2003,0.701320578,0.009117066,0.692203427
111201030109,2004,0.20451659,0.002658833,0.201858008
111201030109,2005,0.499191403,0.006489312,0.492701926
111201030109,2006,0.0,0.0,0.0
111201030109,2007,0.666849449,0.008669071,0.658180211
111201030109,2008,0.051959631,0.000675448,0.051284262
111201030109,2009,0.429771526,0.005586984,0.424184542
111201030109,2010,0.585022915,0.007605175,0.577417652
111201030109,2011,0.1538346,0.001999786,0.151834647
111201030109,2012,0.00692927,9.0074e-05,0.006839112
111201030109,2013,0.591450762,0.007688784,0.583761893
111201030109,2014,0.20953877,0.002724033,0.206814737
111201030109,2015,0.565472403,0.007351222,0.558121348
111201030109,2016,0.48603288,0.006318396,0.479714484
111201030109,2017,0.0,0.0,0.0
111201030109,2018,1.042235948,0.013549055,1.028686893
111201030109,2019,0.149778616,0.001947112,0.147831252
111201030109,2020,0.01069318,0.000139101,0.010554246
111201030110,2000,0.0,0.0,0.0
111201030110,2001,0.487354737,0.006335518,0.481019222
111201030110,2002,0.499610795,0.006494962,0.493115915
111201030110,2003,0.641636553,0.008341348,0.63329537
111201030110,2004,0.698558817,0.009081415,0.689477484
111201030110,2005,0.495059992,0.006435789,0.488624036
111201030110,2006,0.0,0.0,0.0
111201030110,2007,0.330981479,0.004302753,0.326678556
111201030110,2008,0.14548932,0.001891393,0.143598008
111201030110,2009,0.59643877,0.007753718,0.588684967
111201030110,2010,0.947179033,0.012313318,0.934865803
111201030110,2011,0.519926252,0.006759041,0.513167293
111201030110,2012,0.054065874,0.000702795,0.053362997
111201030110,2013,1.080289052,0.014043721,1.066245247
111201030110,2014,0.245924145,0.003197027,0.242727115
111201030110,2015,0.543476997,0.00706511,0.536411721
111201030110,2016,0.145531388,0.001891934,0.143639456
111201030110,2017,0.0,0.0,0.0
111201030110,2018,0.819130827,0.010648625,0.808482288
111201030110,2019,0.582186173,0.007568529,0.574617647
111201030110,2020,0.025130902,0.000326746,0.024804238
111201030111,2000,0.006850314,8.9063e-05,0.006761167
111201030111,2001,0.661436427,0.00859874,0.65283769
111201030111,2002,0.539407405,0.00701223,0.532395258
111201030111,2003,1.193962597,0.015521625,1.178441137
111201030111,2004,0.232753126,0.003025842,0.229727366
111201030111,2005,0.298880841,0.003885282,0.294995307
111201030111,2006,0.004293266,5.5901e-05,0.004237364
111201030111,2007,0.680862671,0.008851164,0.672011507
111201030111,2008,0.134999022,0.001754937,0.133244169
111201030111,2009,0.315333005,0.004099444,0.311233726
111201030111,2010,0.380050129,0.004940521,0.375109438
111201030111,2011,0.645600737,0.008392767,0.6372078
111201030111,2012,0.000392221,5.18e-06,0.000387123
111201030111,2013,0.478516126,0.006220715,0.472295414
111201030111,2014,0.495071274,0.006436016,0.488635173
111201030111,2015,0.595968192,0.007747734,0.588220625
111201030111,2016,1.039225956,0.01350994,1.025716183
111201030111,2017,0.004197816,5.4501e-05,0.00414323
111201030111,2018,0.779840811,0.010137849,0.769702795
111201030111,2019,1.207607899,0.015698866,1.19190903
111201030111,2020,0.004947604,6.4407e-05,0.004883197
111201030112,2000,0.049353068,0.00029612,0.049056863
111201030112,2001,0.415366852,0.000415375,0.414951562
111201030112,2002,0.126146044,0.000378373,0.125767674
111201030112,2003,0.270362559,0.000540699,0.26982186
111201030112,2004,0.12662512,0.000253268,0.126371937
111201030112,2005,0.20518623,0.000615633,0.204570679
111201030112,2006,0.010092847,4.0441e-05,0.010052405
111201030112,2007,0.15727043,0.000471904,0.156798608
111201030112,2008,0.269211399,0.00134597,0.267865347
111201030112,2009,0.261596134,0.00156954,0.260026515
111201030112,2010,0.148635222,0.001486463,0.147148921
111201030112,2011,0.100848745,0.000706049,0.100142781
111201030112,2012,0.005603962,7.2779e-05,0.005531101
111201030112,2013,0.248302753,0.000744852,0.247557899
111201030112,2014,0.344286263,0.00103289,0.343253458
111201030112,2015,0.0688186,0.00013774,0.068680942
111201030112,2016,0.0,0.0,0.0
111201030112,2017,4.94e-06,0.0,4.94e-06
111201030112,2018,0.328927419,0.001644584,0.327282836
111201030112,2019,0.114511036,0.000916049,0.113594904
111201030112,2020,0.0,0.0,0.0
111201030113,2000,0.0,0.0,0.0
111201030113,2001,0.0,0.0,0.0
111201030113,2002,0.0,0.0,0.0
111201030113,2003,0.0,0.0,0.0
111201030113,2004,0.0,0.0,0.0
111201030113,2005,0.0,0.0,0.0
111201030113,2006,0.001218334,0.0,0.001218334
111201030113,2007,0.0,0.0,0.0
111201030113,2008,0.0,0.0,0.0
111201030113,2009,0.0,0.0,0.0
111201030113,2010,0.0,0.0,0.0
111201030113,2011,0.0,0.0,0.0
111201030113,2012,0.0,0.0,0.0
111201030113,2013,0.001968378,0.0,0.001968378
111201030113,2014,0.0,0.0,0.0
111201030113,2015,0.0,0.0,0.0
111201030113,2016,0.0,0.0,0.0
111201030113,2017,0.0,0.0,0.0
111201030113,2018,0.0,0.0,0.0
111201030113,2019,0.0,0.0,0.0
111201030113,2020,0.0,0.0,0.0
111201030201,2000,2.053216762,0.026691945,2.026525153
111201030201,2001,3.054187732,0.039704564,3.014483167
111201030201,2002,0.902874855,0.011737458,0.891137479
111201030201,2003,2.797792411,0.036371312,2.761421263
111201030201,2004,0.700907732,0.009111852,0.691796046
111201030201,2005,1.938128721,0.025195586,1.912933049
111201030201,2006,0.701445556,0.00841734,0.693028134
111201030201,2007,2.427163301,0.031553025,2.395610025
111201030201,2008,0.352832978,0.004234016,0.348599046
111201030201,2009,0.924243312,0.012015123,0.912228025
111201030201,2010,2.684149071,0.03489383,2.649254986
111201030201,2011,1.452590619,0.018883677,1.433707027
111201030201,2012,1.846353385,0.024002691,1.822350694
111201030201,2013,1.921625888,0.02498123,1.896644827
111201030201,2014,2.542621433,0.033054063,2.509567285
111201030201,2015,2.529229296,0.032880019,2.496349359
111201030201,2016,2.582533413,0.033572907,2.548960505
111201030201,2017,1.476953852,0.019200441,1.457753493
111201030201,2018,1.378884208,0.017925427,1.360958696
111201030201,2019,1.698763986,0.020385079,1.678378825
111201030201,2020,2.939315074,0.038211194,2.901103962
111201030202,2000,0.817448519,0.0,0.817448519
111201030202,2001,1.538589066,0.00153869,1.537050458
111201030202,2002,0.386298285,0.000772573,0.385525797
111201030202,2003,1.113698227,0.001113836,1.112584474
111201030202,2004,0.152833232,0.000305514,0.152527552
111201030202,2005,0.720103518,0.000720181,0.719383419
111201030202,2006,0.432921471,0.000432844,0.43248829
111201030202,2007,1.099958953,0.001100082,1.098859121
111201030202,2008,0.253902503,0.000253981,0.253648776
111201030202,2009,0.54247091,0.000542542,0.541928364
111201030202,2010,1.210111444,0.001210266,1.208901345
111201030202,2011,0.442324088,0.000442326,0.441881759
111201030202,2012,0.41927397,0.000838421,0.418435467
111201030202,2013,1.328271359,0.0,1.328271359
111201030202,2014,1.753848348,0.003507764,1.750340666
111201030202,2015,0.596399403,0.001192636,0.5952066
111201030202,2016,1.482643098,0.001482653,1.481160366
111201030202,2017,0.478405814,0.000478452,0.477927192
111201030202,2018,1.852994151,0.0,1.852994151
111201030202,2019,2.627440668,0.0,2.627440668
111201030202,2020,1.479616454,0.001479593,1.478136776
111201030203,2000,1.318390344,0.017139131,1.301251295
111201030203,2001,0.686164178,0.008920082,0.677244014
111201030203,2002,1.23319486,0.016031345,1.21716326
111201030203,2003,1.939546293,0.025214025,1.914332184
111201030203,2004,0.773527661,0.01005574,0.763471921
111201030203,2005,0.972884236,0.012647449,0.960236871
111201030203,2006,0.782410682,0.010171315,0.772239282
111201030203,2007,1.481172611,0.019255252,1.461917277
111201030203,2008,0.57172885,0.007432481,0.564296456
111201030203,2009,0.849751356,0.011046822,0.838704534
111201030203,2010,0.825712696,0.010734422,0.814978441
111201030203,2011,1.684582499,0.021899677,1.662682989
111201030203,2012,0.855129869,0.01026147,0.844868314
111201030203,2013,0.549302112,0.007140962,0.542161153
111201030203,2014,0.846105214,0.010999345,0.835106118
111201030203,2015,0.432554173,0.005623277,0.426931063
111201030203,2016,1.78081427,0.023150642,1.75766371
111201030203,2017,0.728649159,0.009472425,0.719176649
111201030203,2018,0.748790704,0.00973429,0.739056499
111201030203,2019,0.84211483,0.010105293,0.832009452
111201030203,2020,1.014608913,0.01318982,1.001418926
111201030204,2000,1.299738888,0.00389924,1.295839566
111201030204,2001,1.456722742,0.001456784,1.455266044
111201030204,2002,0.9398028,0.002819392,0.936983408
111201030204,2003,0.984287436,0.002952888,0.981334548
111201030204,2004,0.734547601,0.00367279,0.730874896
111201030204,2005,0.721055718,0.001442115,0.719613521
111201030204,2006,0.649210044,0.001298425,0.647911622
111201030204,2007,0.818982178,0.003275942,0.815706236
111201030204,2008,0.579156962,0.001737443,0.577419434
111201030204,2009,0.75873069,0.001517562,0.757213132
111201030204,2010,0.514674236,0.001029444,0.513644879
111201030204,2011,1.273531948,0.005094159,1.268437707
111201030204,2012,0.664022423,0.003320164,0.660702342
111201030204,2013,0.661264499,0.002644953,0.658619208
111201030204,2014,0.622835715,0.002491521,0.620344447
111201030204,2015,0.409143337,0.000818216,0.408325036
111201030204,2016,0.954970626,0.000954899,0.954015724
111201030204,2017,0.454688255,0.000454759,0.454233581
111201030204,2018,0.702560395,0.002107723,0.700452586
111201030204,2019,0.495860438,0.002975115,0.492885408
111201030204,2020,0.697222724,0.00209171,0.695131098
111201030205,2000,0.0,0.0,0.0
111201030205,2001,0.02444494,0.0,0.02444494
111201030205,2002,0.040127307,0.0,0.040127307
111201030205,2003,0.002440096,0.0,0.002440096
111201030205,2004,0.010049787,0.0,0.010049787
111201030205,2005,0.010417704,0.0,0.010417704
111201030205,2006,0.002195978,0.0,0.002195978
111201030205,2007,0.000517841,0.0,0.000517841
111201030205,2008,0.0,0.0,0.0
111201030205,2009,0.0,0.0,0.0
111201030205,2010,0.012159066,0.0,0.012159066
111201030205,2011,0.0,0.0,0.0
111201030205,2012,0.0,0.0,0.0
111201030205,2013,0.007783625,0.0,0.007783625
111201030205,2014,0.00102489,0.0,0.00102489
111201030205,2015,0.002626025,0.0,0.002626025
111201030205,2016,0.019905243,0.0,0.019905243
111201030205,2017,0.00524134,0.0,0.00524134
111201030205,2018,0.034612222,0.0,0.034612222
111201030205,2019,0.0,0.0,0.0
111201030205,2020,0.0,0.0,0.0
111201030206,2000,1.384459508,0.0,1.384459508
111201030206,2001,2.266335071,0.0,2.266335071
111201030206,2002,1.335179375,0.0,1.335179375
111201030206,2003,2.429563942,0.0,2.429563942
111201030206,2004,1.095075082,0.0,1.095075082
111201030206,2005,2.41661286,0.0,2.41661286
111201030206,2006,1.082004847,0.0,1.082004847
111201030206,2007,2.368704775,0.0,2.368704775
111201030206,2008,1.138002139,0.0,1.138002139
111201030206,2009,1.546491762,0.0,1.546491762
111201030206,2010,1.655323241,0.0,1.655323241
111201030206,2011,1.101704211,0.0,1.101704211
111201030206,2012,1.159317954,0.0,1.159317954
111201030206,2013,1.968851904,0.0,1.968851904
111201030206,2014,2.066357225,0.0,2.066357225
111201030206,2015,1.373785795,0.0,1.373785795
111201030206,2016,2.780102809,0.0,2.780102809
111201030206,2017,1.23553274,0.0,1.23553274
111201030206,2018,1.468219953,0.0,1.468219953
111201030206,2019,2.044401156,0.0,2.044401156
111201030206,2020,2.258022814,0.0,2.258022814
111201030207,2000,0.649866134,0.0,0.649866134
111201030207,2001,1.800438452,0.0,1.800438452
111201030207,2002,0.502239885,0.0,0.502239885
111201030207,2003,0.848737003,0.0,0.848737003
111201030207,2004,0.45262476,0.0,0.45262476
111201030207,2005,0.572300205,0.0,0.572300205
111201030207,2006,0.186519866,0.0,0.186519866
111201030207,2007,1.068770616,0.0,1.068770616
111201030207,2008,0.436643227,0.0,0.436643227
111201030207,2009,0.414234636,0.0,0.414234636
111201030207,2010,0.438894874,0.0,0.438894874
111201030207,2011,0.781166038,0.0,0.781166038
111201030207,2012,0.950563279,0.0,0.950563279
111201030207,2013,0.458978614,0.0,0.458978614
111201030207,2014,0.366891625,0.0,0.366891625
111201030207,2015,0.217974288,0.0,0.217974288
111201030207,2016,1.358509811,0.0,1.358509811
111201030207,2017,0.386332978,0.0,0.386332978
111201030207,2018,1.028858723,0.0,1.028858723
111201030207,2019,1.511502263,0.0,1.511502263
111201030207,2020,1.024170451,0.0,1.024170451
111201030301,2000,0.0,0.0,0.0
111201030301,2001,0.0,0.0,0.0
111201030301,2002,0.0,0.0,0.0
111201030301,2003,0.0,0.0,0.0
111201030301,2004,0.0,0.0,0.0
111201030301,2005,0.0,0.0,0.0
111201030301,2006,0.0,0.0,0.0
111201030301,2007,0.0,0.0,0.0
111201030301,2008,0.0,0.0,0.0
111201030301,2009,0.0,0.0,0.0
111201030301,2010,0.0,0.0,0.0
111201030301,2011,0.0,0.0,0.0
111201030301,2012,0.0,0.0,0.0
111201030301,2013,0.0,0.0,0.0
111201030301,2014,0.0,0.0,0.0
111201030301,2015,0.0,0.0,0.0
111201030301,2016,0.0,0.0,0.0
111201030301,2017,0.0,0.0,0.0
111201030301,2018,0.0,0.0,0.0
111201030301,2019,0.0,0.0,0.0
111201030301,2020,0.0,0.0,0.0
111201030302,2000,0.631992664,0.0,0.631992664
111201030302,2001,3.075589586,0.0,3.075589586
111201030302,2002,0.922889833,0.0,0.922889833
111201030302,2003,0.882893134,0.0,0.882893134
111201030302,2004,0.466221055,0.0,0.466221055
111201030302,2005,0.888245121,0.0,0.888245121
111201030302,2006,0.252038781,0.0,0.252038781
111201030302,2007,2.385677553,0.0,2.385677553
111201030302,2008,0.543165948,0.0,0.543165948
111201030302,2009,0.837130444,0.0,0.837130444
111201030302,2010,0.755553945,0.0,0.755553945
111201030302,2011,1.58581883,0.0,1.58581883
111201030302,2012,1.473604598,0.0,1.473604598
111201030302,2013,0.544278923,0.0,0.544278923
111201030302,2014,1.016259148,0.0,1.016259148
111201030302,2015,0.288383463,0.0,0.288383463
111201030302,2016,2.489433743,0.0,2.489433743
111201030302,2017,0.455548326,0.0,0.455548326
111201030302,2018,1.43197346,0.0,1.43197346
111201030302,2019,2.184194077,0.0,2.184194077
111201030302,2020,1.440593784,0.0,1.440593784
111201030303,2000,0.676170404,0.0,0.676170404
111201030303,2001,2.228249781,0.0,2.228249781
111201030303,2002,1.292801589,0.0,1.292801589
111201030303,2003,1.327991203,0.0,1.327991203
111201030303,2004,0.791549555,0.0,0.791549555
111201030303,2005,1.386353616,0.0,1.386353616
111201030303,2006,0.39839809,0.0,0.39839809
111201030303,2007,1.248019452,0.0,1.248019452
111201030303,2008,0.979947079,0.0,0.979947079
111201030303,2009,0.590363488,0.0,0.590363488
111201030303,2010,1.784103814,0.0,1.784103814
111201030303,2011,1.243250529,0.0,1.243250529
111201030303,2012,0.854691902,0.0,0.854691902
111201030303,2013,0.981609115,0.0,0.981609115
111201030303,2014,0.371177003,0.0,0.371177003
111201030303,2015,1.052556362,0.0,1.052556362
111201030303,2016,1.338605429,0.0,1.338605429
111201030303,2017,0.83639386,0.0,0.83639386
111201030303,2018,0.944882107,0.0,0.944882107
111201030303,2019,1.341106644,0.0,1.341106644
111201030303,2020,1.461745112,0.0,1.461745112
111201030304,2000,0.094597855,0.0,0.094597855
111201030304,2001,0.279749378,0.0,0.279749378
111201030304,2002,0.167653584,0.0,0.167653584
111201030304,2003,0.193853252,0.0,0.193853252
111201030304,2004,0.047525661,0.0,0.047525661
111201030304,2005,0.4011492,0.0,0.4011492
111201030304,2006,0.062924732,0.0,0.062924732
111201030304,2007,0.533597225,0.0,0.533597225
111201030304,2008,0.263569336,0.0,0.263569336
111201030304,2009,0.173594523,0.0,0.173594523
111201030304,2010,0.298308159,0.0,0.298308159
111201030304,2011,0.199104537,0.0,0.199104537
111201030304,2012,0.223922484,0.0,0.223922484
111201030304,2013,0.025552027,0.0,0.025552027
111201030304,2014,0.078125638,0.0,0.078125638
111201030304,2015,0.011330468,0.0,0.011330468
111201030304,2016,0.070099628,0.0,0.070099628
111201030304,2017,0.0,0.0,0.0
111201030304,2018,0.174696049,0.0,0.174696049
111201030304,2019,0.091243888,0.0,0.091243888
111201030304,2020,0.153304877,0.0,0.153304877
111201030305,2000,0.0,0.0,0.0
111201030305,2001,0.0,0.0,0.0
111201030305,2002,0.0,0.0,0.0
111201030305,2003,0.0,0.0,0.0
111201030305,2004,0.0,0.0,0.0
111201030305,2005,0.0,0.0,0.0
111201030305,2006,0.0,0.0,0.0
111201030305,2007,0.0,0.0,0.0
111201030305,2008,0.0,0.0,0.0
111201030305,2009,0.0,0.0,0.0
111201030305,2010,0.0,0.0,0.0
111201030305,2011,0.0,0.0,0.0
111201030305,2012,0.0,0.0,0.0
111201030305,2013,0.0,0.0,0.0
111201030305,2014,0.0,0.0,0.0
111201030305,2015,0.0,0.0,0.0
111201030305,2016,0.0,0.0,0.0
111201030305,2017,0.0,0.0,0.0
111201030305,2018,0.0,0.0,0.0
111201030305,2019,0.0,0.0,0.0
111201030305,2020,0.0,0.0,0.0
111201030306,2000,0.0,0.0,0.0
111201030306,2001,0.0,0.0,0.0
111201030306,2002,0.0,0.0,0.0
111201030306,2003,0.0,0.0,0.0
111201030306,2004,0.0,0.0,0.0
111201030306,2005,0.0,0.0,0.0
111201030306,2006,0.0,0.0,0.0
111201030306,2007,0.0,0.0,0.0
111201030306,2008,0.0,0.0,0.0
111201030306,2009,0.0,0.0,0.0
111201030306,2010,0.0,0.0,0.0
111201030306,2011,0.0,0.0,0.0
111201030306,2012,0.0,0.0,0.0
111201030306,2013,0.0,0.0,0.0
111201030306,2014,0.0,0.0,0.0
111201030306,2015,0.0,0.0,0.0
111201030306,2016,0.0,0.0,0.0
111201030306,2017,0.0,0.0,0.0
111201030306,2018,0.0,0.0,0.0
111201030306,2019,0.0,0.0,0.0
111201030306,2020,0.0,0.0,0.0
111201030401,2000,0.0,0.0,0.0
111201030401,2001,0.0,0.0,0.0
111201030401,2002,0.0,0.0,0.0
111201030401,2003,0.293342948,0.0,0.293342948
111201030401,2004,0.144104068,0.0,0.144104068
111201030401,2005,0.368210458,0.0,0.368210458
111201030401,2006,0.008122981,0.0,0.008122981
111201030401,2007,0.061035362,0.0,0.061035362
111201030401,2008,0.0,0.0,0.0
111201030401,2009,0.01010731,0.0,0.01010731
111201030401,2010,0.0,0.0,0.0
111201030401,2011,0.0,0.0,0.0
111201030401,2012,0.0,0.0,0.0
111201030401,2013,0.0,0.0,0.0
111201030401,2014,0.0,0.0,0.0
111201030401,2015,0.0,0.0,0.0
111201030401,2016,0.0,0.0,0.0
111201030401,2017,0.0,0.0,0.0
111201030401,2018,0.000113205,0.0,0.000113205
111201030401,2019,0.072764123,0.0,0.072764123
111201030401,2020,0.0,0.0,0.0
111201030402,2000,0.0,0.0,0.0
111201030402,2001,0.0,0.0,0.0
111201030402,2002,0.049180488,0.0,0.049180488
111201030402,2003,0.053595132,0.0,0.053595132
111201030402,2004,0.012024358,0.0,0.012024358
111201030402,2005,0.094882567,0.0,0.094882567
111201030402,2006,0.0,0.0,0.0
111201030402,2007,0.115401121,0.0,0.115401121
111201030402,2008,0.0,0.0,0.0
111201030402,2009,0.0,0.0,0.0
111201030402,2010,0.0,0.0,0.0
111201030402,2011,0.0,0.0,0.0
111201030402,2012,0.0,0.0,0.0
111201030402,2013,0.0,0.0,0.0
111201030402,2014,0.0,0.0,0.0
111201030402,2015,0.0,0.0,0.0
111201030402,2016,0.0,0.0,0.0
111201030402,2017,0.0,0.0,0.0
111201030402,2018,0.0,0.0,0.0
111201030402,2019,0.0,0.0,0.0
111201030402,2020,0.0,0.0,0.0
111201030403,2000,0.112406432,0.0,0.112406432
111201030403,2001,0.587038701,0.0,0.587038701
111201030403,2002,0.213615411,0.0,0.213615411
111201030403,2003,0.333467044,0.0,0.333467044
111201030403,2004,0.505312628,0.0,0.505312628
111201030403,2005,0.359089745,0.0,0.359089745
111201030403,2006,0.322804553,0.0,0.322804553
111201030403,2007,0.694607249,0.0,0.694607249
111201030403,2008,0.100777175,0.0,0.100777175
111201030403,2009,0.736751729,0.0,0.736751729
111201030403,2010,0.086247863,0.0,0.086247863
111201030403,2011,0.104821753,0.0,0.104821753
111201030403,2012,0.341130639,0.0,0.341130639
111201030403,2013,0.227511619,0.0,0.227511619
111201030403,2014,0.139991989,0.0,0.139991989
111201030403,2015,0.087942526,0.0,0.087942526
111201030403,2016,0.046231738,0.0,0.046231738
111201030403,2017,0.051562178,0.0,0.051562178
111201030403,2018,0.198647425,0.0,0.198647425
111201030403,2019,0.803630074,0.0,0.803630074
111201030403,2020,0.106281891,0.0,0.106281891
111201030404,2000,0.0,0.0,0.0
111201030404,2001,0.154587808,0.0,0.154587808
111201030404,2002,0.008838334,0.0,0.008838334
111201030404,2003,0.0,0.0,0.0
111201030404,2004,0.104559902,0.0,0.104559902
111201030404,2005,0.000230934,0.0,0.000230934
111201030404,2006,0.028014929,0.0,0.028014929
111201030404,2007,0.086996816,0.0,0.086996816
111201030404,2008,0.0,0.0,0.0
111201030404,2009,0.010769203,0.0,0.010769203
111201030404,2010,0.011774145,0.0,0.011774145
111201030404,2011,0.0,0.0,0.0
111201030404,2012,0.049424975,0.0,0.049424975
111201030404,2013,0.0,0.0,0.0
111201030404,2014,0.030221444,0.0,0.030221444
111201030404,2015,0.0,0.0,0.0
111201030404,2016,0.0,0.0,0.0
111201030404,2017,0.0,0.0,0.0
111201030404,2018,0.145078236,0.0,0.145078236
111201030404,2019,0.05289631,0.0,0.05289631
111201030404,2020,0.0,0.0,0.0
111201030405,2000,0.0,0.0,0.0
111201030405,2001,0.0,0.0,0.0
111201030405,2002,0.01476434,0.0,0.01476434
111201030405,2003,0.020108764,0.0,0.020108764
111201030405,2004,0.0,0.0,0.0
111201030405,2005,0.0,0.0,0.0
111201030405,2006,0.0,0.0,0.0
111201030405,2007,0.0,0.0,0.0
111201030405,2008,0.0,0.0,0.0
111201030405,2009,0.0,0.0,0.0
111201030405,2010,0.0,0.0,0.0
111201030405,2011,0.0,0.0,0.0
111201030405,2012,0.0,0.0,0.0
111201030405,2013,0.0,0.0,0.0
111201030405,2014,0.0,0.0,0.0
111201030405,2015,0.0,0.0,0.0
111201030405,2016,0.0,0.0,0.0
111201030405,2017,0.0,0.0,0.0
111201030405,2018,0.0,0.0,0.0
111201030405,2019,0.0,0.0,0.0
111201030405,2020,0.0,0.0,0.0
111201030406,2000,0.001880945,0.0,0.001880945
111201030406,2001,0.157231016,0.0,0.157231016
111201030406,2002,0.061697436,0.0,0.061697436
111201030406,2003,0.062813173,0.0,0.062813173
111201030406,2004,0.116238257,0.0,0.116238257
111201030406,2005,0.075667312,0.0,0.075667312
111201030406,2006,0.032931784,0.0,0.032931784
111201030406,2007,0.134701863,0.0,0.134701863
111201030406,2008,0.016291377,0.0,0.016291377
111201030406,2009,0.107415082,0.0,0.107415082
111201030406,2010,0.021018778,0.0,0.021018778
111201030406,2011,0.096217748,0.0,0.096217748
111201030406,2012,0.06451153,0.0,0.06451153
111201030406,2013,0.017881775,0.0,0.017881775
111201030406,2014,0.054273504,0.0,0.054273504
111201030406,2015,0.028671096,0.0,0.028671096
111201030406,2016,0.045844852,0.0,0.045844852
111201030406,2017,0.049314008,0.0,0.049314008
111201030406,2018,0.046295449,0.0,0.046295449
111201030406,2019,0.107157132,0.0,0.107157132
111201030406,2020,0.038802667,0.0,0.038802667
111201030407,2000,0.0,0.0,0.0
111201030407,2001,0.018106984,0.0,0.018106984
111201030407,2002,0.0,0.0,0.0
111201030407,2003,0.0,0.0,0.0
111201030407,2004,0.0,0.0,0.0
111201030407,2005,0.0,0.0,0.0
111201030407,2006,0.0,0.0,0.0
111201030407,2007,0.0,0.0,0.0
111201030407,2008,0.0,0.0,0.0
111201030407,2009,0.0,0.0,0.0
111201030407,2010,0.0,0.0,0.0
111201030407,2011,0.0,0.0,0.0
111201030407,2012,0.0,0.0,0.0
111201030407,2013,0.0,0.0,0.0
111201030407,2014,0.0,0.0,0.0
111201030407,2015,0.0,0.0,0.0
111201030407,2016,0.0,0.0,0.0
111201030407,2017,0.0,0.0,0.0
111201030407,2018,0.0,0.0,0.0
111201030407,2019,0.0,0.0,0.0
111201030407,2020,0.0,0.0,0.0
111201030408,2000,0.038174156,0.0,0.038174156
111201030408,2001,0.455633701,0.0,0.455633701
111201030408,2002,0.034704466,0.0,0.034704466
111201030408,2003,0.773150353,0.0,0.773150353
111201030408,2004,0.500600301,0.0,0.500600301
111201030408,2005,0.689880937,0.0,0.689880937
111201030408,2006,0.556481562,0.0,0.556481562
111201030408,2007,0.486515707,0.0,0.486515707
111201030408,2008,0.00034323,0.0,0.00034323
111201030408,2009,0.632776112,0.0,0.632776112
111201030408,2010,0.689859518,0.0,0.689859518
111201030408,2011,1.199832805,0.0,1.199832805
111201030408,2012,0.931387986,0.0,0.931387986
111201030408,2013,0.780944132,0.0,0.780944132
111201030408,2014,0.749706496,0.0,0.749706496
111201030408,2015,0.511751921,0.0,0.511751921
111201030408,2016,0.432334574,0.0,0.432334574
111201030408,2017,0.419186852,0.0,0.419186852
111201030408,2018,0.505361921,0.0,0.505361921
111201030408,2019,0.635095638,0.0,0.635095638
111201030408,2020,0.778683642,0.0,0.778683642
111201030501,2000,1.141361109,0.0,1.141361109
111201030501,2001,1.018228699,0.00305474,1.015173959
111201030501,2002,0.788328625,0.002365101,0.785963608
111201030501,2003,0.759429184,0.000759414,0.75866977
111201030501,2004,1.169757077,0.002339413,1.1674175
111201030501,2005,0.940004849,0.0,0.940004849
111201030501,2006,1.021790493,0.0,1.021790493
111201030501,2007,1.555982304,0.003111942,1.552870279
111201030501,2008,0.864621232,0.000864555,0.863756511
111201030501,2009,1.517014622,0.001516992,1.51549763
111201030501,2010,1.57883551,0.001578816,1.57725686
111201030501,2011,1.225314044,0.0,1.225314044
111201030501,2012,1.464644388,0.0,1.464644388
111201030501,2013,1.400196838,0.0,1.400196838
111201030501,2014,1.108482025,0.002216847,1.106265178
111201030501,2015,1.105627896,0.001105674,1.104522222
111201030501,2016,0.884270536,0.0,0.884270536
111201030501,2017,0.952004186,0.0,0.952004186
111201030501,2018,0.868861241,0.0,0.868861241
111201030501,2019,2.152335501,0.0,2.152335501
111201030501,2020,1.452503746,0.001452519,1.451051396
111201030502,2000,1.076311355,0.0,1.076311355
111201030502,2001,0.633596718,0.0,0.633596718
111201030502,2002,0.428360984,0.0,0.428360984
111201030502,2003,0.59325446,0.0,0.59325446
111201030502,2004,1.145984426,0.0,1.145984426
111201030502,2005,0.589180742,0.0,0.589180742
111201030502,2006,0.709277367,0.0,0.709277367
111201030502,2007,1.241930323,0.0,1.241930323
111201030502,2008,1.423316904,0.0,1.423316904
111201030502,2009,1.514482504,0.0,1.514482504
111201030502,2010,1.082464471,0.0,1.082464471
111201030502,2011,0.977480153,0.0,0.977480153
111201030502,2012,1.024754281,0.0,1.024754281
111201030502,2013,0.787723584,0.0,0.787723584
111201030502,2014,1.292292332,0.0,1.292292332
111201030502,2015,0.823959556,0.0,0.823959556
111201030502,2016,0.675923571,0.0,0.675923571
111201030502,2017,1.337913301,0.0,1.337913301
111201030502,2018,0.339058019,0.0,0.339058019
111201030502,2019,1.453441732,0.0,1.453441732
111201030502,2020,1.810716885,0.0,1.810716885
111201030503,2000,0.681958664,0.0,0.681958664
111201030503,2001,0.375382279,0.0,0.375382279
111201030503,2002,0.874523545,0.0,0.874523545
111201030503,2003,0.485395027,0.0,0.485395027
111201030503,2004,0.220395959,0.0,0.220395959
111201030503,2005,0.239435847,0.0,0.239435847
111201030503,2006,0.693090701,0.0,0.693090701
111201030503,2007,0.928242384,0.0,0.928242384
111201030503,2008,0.731269117,0.0,0.731269117
111201030503,2009,0.899501551,0.0,0.899501551
111201030503,2010,1.348021899,0.0,1.348021899
111201030503,2011,0.808177058,0.0,0.808177058
111201030503,2012,0.43986106,0.0,0.43986106
111201030503,2013,1.02747671,0.0,1.02747671
111201030503,2014,1.232608866,0.0,1.232608866
111201030503,2015,1.017093411,0.0,1.017093411
111201030503,2016,0.875291317,0.0,0.875291317
111201030503,2017,1.366050578,0.0,1.366050578
111201030503,2018,0.430857159,0.0,0.430857159
111201030503,2019,1.618788408,0.0,1.618788408
111201030503,2020,0.663178303,0.0,0.663178303
111201030504,2000,0.534427664,0.0,0.534427664
111201030504,2001,1.028261375,0.001028279,1.027233016
111201030504,2002,1.239036068,0.001239038,1.237797115
111201030504,2003,0.36090789,0.000360748,0.36054706
111201030504,2004,0.442988025,0.000442986,0.442544954
111201030504,2005,1.463717901,0.001463638,1.462254348
111201030504,2006,0.116642592,0.0,0.116642592
111201030504,2007,1.645403984,0.001645485,1.643758584
111201030504,2008,1.165162915,0.001165128,1.163997787
111201030504,2009,0.780240751,0.000780296,0.779460452
111201030504,2010,1.322549688,0.001322573,1.32122703
111201030504,2011,1.379135647,0.0,1.379135647
111201030504,2012,1.808249322,0.001808309,1.806441183
111201030504,2013,1.379820915,0.001379888,1.378441192
111201030504,2014,0.707630704,0.000707679,0.70692311
111201030504,2015,0.976557386,0.0,0.976557386
111201030504,2016,0.665582079,0.000665536,0.664916287
111201030504,2017,1.031593271,0.001031501,1.030561773
111201030504,2018,0.63652477,0.000636663,0.635888274
111201030504,2019,3.4530964,0.003453195,3.449643373
111201030504,2020,0.97034588,0.000970432,0.969375697
111201030505,2000,0.943809462,0.0,0.943809462
111201030505,2001,0.672121792,0.0,0.672121792
111201030505,2002,0.566780449,0.0,0.566780449
111201030505,2003,0.505725534,0.0,0.505725534
111201030505,2004,0.350465689,0.0,0.350465689
111201030505,2005,0.829658589,0.0,0.829658589
111201030505,2006,0.610646707,0.0,0.610646707
111201030505,2007,0.808123608,0.0,0.808123608
111201030505,2008,0.423901705,0.0,0.423901705
111201030505,2009,0.533972663,0.0,0.533972663
111201030505,2010,0.778434564,0.0,0.778434564
111201030505,2011,0.103166279,0.0,0.103166279
111201030505,2012,0.230868762,0.0,0.230868762
111201030505,2013,0.320363896,0.0,0.320363896
111201030505,2014,0.675092685,0.0,0.675092685
111201030505,2015,0.168674241,0.0,0.168674241
111201030505,2016,0.466992235,0.0,0.466992235
111201030505,2017,0.090147838,0.0,0.090147838
111201030505,2018,0.536259008,0.0,0.536259008
111201030505,2019,0.492075151,0.0,0.492075151
111201030505,2020,0.493732664,0.0,0.493732664
111201030506,2000,0.0,0.0,0.0
111201030506,2001,0.163272142,0.0,0.163272142
111201030506,2002,0.179861655,0.0,0.179861655
111201030506,2003,0.016338233,0.0,0.016338233
111201030506,2004,0.072218776,0.0,0.072218776
111201030506,2005,0.060691321,0.0,0.060691321
111201030506,2006,0.048803537,0.0,0.048803537
111201030506,2007,0.381295008,0.0,0.381295008
111201030506,2008,0.0,0.0,0.0
111201030506,2009,0.016195282,0.0,0.016195282
111201030506,2010,0.0,0.0,0.0
111201030506,2011,0.0,0.0,0.0
111201030506,2012,0.0,0.0,0.0
111201030506,2013,0.029377077,0.0,0.029377077
111201030506,2014,0.073683463,0.0,0.073683463
111201030506,2015,0.0,0.0,0.0
111201030506,2016,0.102204459,0.0,0.102204459
111201030506,2017,0.012496504,0.0,0.012496504
111201030506,2018,0.085686447,0.0,0.085686447
111201030506,2019,0.158860896,0.0,0.158860896
111201030506,2020,0.0,0.0,0.0
111201030507,2000,0.0,0.0,0.0
111201030507,2001,0.092931011,0.0,0.092931011
111201030507,2002,0.000515814,0.0,0.000515814
111201030507,2003,0.0,0.0,0.0
111201030507,2004,0.0,0.0,0.0
111201030507,2005,0.0,0.0,0.0
111201030507,2006,0.000754296,0.0,0.000754296
111201030507,2007,0.0,0.0,0.0
111201030507,2008,0.0,0.0,0.0
111201030507,2009,0.0,0.0,0.0
111201030507,2010,0.0,0.0,0.0
111201030507,2011,0.0,0.0,0.0
111201030507,2012,0.0,0.0,0.0
111201030507,2013,0.000789145,0.0,0.000789145
111201030507,2014,0.0,0.0,0.0
111201030507,2015,0.0,0.0,0.0
111201030507,2016,0.0,0.0,0.0
111201030507,2017,0.0,0.0,0.0
111201030507,2018,0.0,0.0,0.0
111201030507,2019,0.0,0.0,0.0
111201030507,2020,0.343006598,0.0,0.343006598
111201030601,2000,0.0,0.0,0.0
111201030601,2001,0.009003603,0.0,0.009003603
111201030601,2002,0.007522353,0.0,0.007522353
111201030601,2003,0.000686277,0.0,0.000686277
111201030601,2004,0.0,0.0,0.0
111201030601,2005,0.0,0.0,0.0
111201030601,2006,0.024593707,0.0,0.024593707
111201030601,2007,0.000890896,0.0,0.000890896
111201030601,2008,0.000525533,0.0,0.000525533
111201030601,2009,0.0,0.0,0.0
111201030601,2010,0.0,0.0,0.0
111201030601,2011,0.001867389,0.0,0.001867389
111201030601,2012,0.002878967,0.0,0.002878967
111201030601,2013,0.0,0.0,0.0
111201030601,2014,0.002419022,0.0,0.002419022
111201030601,2015,0.0,0.0,0.0
111201030601,2016,0.0,0.0,0.0
111201030601,2017,0.000568216,0.0,0.000568216
111201030601,2018,0.004385956,0.0,0.004385956
111201030601,2019,0.0,0.0,0.0
111201030601,2020,0.0,0.0,0.0
111201030602,2000,0.0,0.0,0.0
111201030602,2001,0.0,0.0,0.0
111201030602,2002,0.0,0.0,0.0
111201030602,2003,0.0,0.0,0.0
111201030602,2004,0.0,0.0,0.0
111201030602,2005,0.0,0.0,0.0
111201030602,2006,0.0,0.0,0.0
111201030602,2007,0.0,0.0,0.0
111201030602,2008,0.0,0.0,0.0
111201030602,2009,0.0,0.0,0.0
111201030602,2010,0.0,0.0,0.0
111201030602,2011,0.0,0.0,0.0
111201030602,2012,0.0,0.0,0.0
111201030602,2013,0.0,0.0,0.0
111201030602,2014,0.0,0.0,0.0
111201030602,2015,0.0,0.0,0.0
111201030602,2016,0.0,0.0,0.0
111201030602,2017,0.0,0.0,0.0
111201030602,2018,0.0,0.0,0.0
111201030602,2019,0.0,0.0,0.0
111201030602,2020,0.0,0.0,0.0
111201030603,2000,1.083757467,0.0,1.083757467
111201030603,2001,1.572382252,0.0,1.572382252
111201030603,2002,1.634198162,0.0,1.634198162
111201030603,2003,1.842661803,0.0,1.842661803
111201030603,2004,1.067215541,0.0,1.067215541
111201030603,2005,1.967586334,0.0,1.967586334
111201030603,2006,2.274637882,0.0,2.274637882
111201030603,2007,2.615956512,0.0,2.615956512
111201030603,2008,2.927607407,0.0,2.927607407
111201030603,2009,2.711931389,0.0,2.711931389
111201030603,2010,2.346210912,0.0,2.346210912
111201030603,2011,5.508286381,0.0,5.508286381
111201030603,2012,4.417955596,0.0,4.417955596
111201030603,2013,3.556174685,0.0,3.556174685
111201030603,2014,3.875202666,0.0,3.875202666
111201030603,2015,2.435869463,0.0,2.435869463
111201030603,2016,3.857705552,0.0,3.857705552
111201030603,2017,3.009104425,0.0,3.009104425
111201030603,2018,5.144133737,0.0,5.144133737
111201030603,2019,3.106118827,0.0,3.106118827
111201030603,2020,4.509921585,0.0,4.509921585
111201030604,2000,0.0,0.0,0.0
111201030604,2001,0.0,0.0,0.0
111201030604,2002,0.04712577,0.0,0.04712577
111201030604,2003,0.0,0.0,0.0
111201030604,2004,0.0,0.0,0.0
111201030604,2005,0.0,0.0,0.0
111201030604,2006,0.056501797,0.0,0.056501797
111201030604,2007,0.0,0.0,0.0
111201030604,2008,0.0,0.0,0.0
111201030604,2009,0.0,0.0,0.0
111201030604,2010,0.0,0.0,0.0
111201030604,2011,0.0,0.0,0.0
111201030604,2012,0.0,0.0,0.0
111201030604,2013,0.0,0.0,0.0
111201030604,2014,0.0,0.0,0.0
111201030604,2015,0.0,0.0,0.0
111201030604,2016,0.0,0.0,0.0
111201030604,2017,0.0,0.0,0.0
111201030604,2018,0.0,0.0,0.0
111201030604,2019,0.013273016,0.0,0.013273016
111201030604,2020,0.0,0.0,0.0
111201030605,2000,0.0,0.0,0.0
111201030605,2001,0.0,0.0,0.0
111201030605,2002,0.0,0.0,0.0
111201030605,2003,0.0,0.0,0.0
111201030605,2004,0.0,0.0,0.0
111201030605,2005,0.0,0.0,0.0
111201030605,2006,0.0,0.0,0.0
111201030605,2007,0.0,0.0,0.0
111201030605,2008,0.0,0.0,0.0
111201030605,2009,0.0,0.0,0.0
111201030605,2010,0.0,0.0,0.0
111201030605,2011,0.0,0.0,0.0
111201030605,2012,0.0,0.0,0.0
111201030605,2013,0.0,0.0,0.0
111201030605,2014,0.0,0.0,0.0
111201030605,2015,0.0,0.0,0.0
111201030605,2016,0.0,0.0,0.0
111201030605,2017,0.0,0.0,0.0
111201030605,2018,0.0,0.0,0.0
111201030605,2019,0.0,0.0,0.0
111201030605,2020,0.0,0.0,0.0
111201030606,2000,1.196404404,0.0,1.196404404
111201030606,2001,0.807386479,0.0,0.807386479
111201030606,2002,1.422459663,0.0,1.422459663
111201030606,2003,1.194823373,0.0,1.194823373
111201030606,2004,1.375349552,0.0,1.375349552
111201030606,2005,1.036868663,0.0,1.036868663
111201030606,2006,1.971737244,0.0,1.971737244
111201030606,2007,1.007547093,0.0,1.007547093
111201030606,2008,1.509693235,0.0,1.509693235
111201030606,2009,1.338151745,0.0,1.338151745
111201030606,2010,1.956356926,0.0,1.956356926
111201030606,2011,3.862770186,0.0,3.862770186
111201030606,2012,2.744589246,0.0,2.744589246
111201030606,2013,2.084749912,0.0,2.084749912
111201030606,2014,2.758595792,0.0,2.758595792
111201030606,2015,1.293276956,0.0,1.293276956
111201030606,2016,1.183720607,0.0,1.183720607
111201030606,2017,1.827506074,0.0,1.827506074
111201030606,2018,1.371885515,0.0,1.371885515
111201030606,2019,1.439564559,0.0,1.439564559
111201030606,2020,2.787158104,0.0,2.787158104
111201030607,2000,1.661796418,0.0,1.661796418
111201030607,2001,1.48433414,0.0,1.48433414
111201030607,2002,2.574452858,0.0,2.574452858
111201030607,2003,1.800833162,0.0,1.800833162
111201030607,2004,2.475359085,0.0,2.475359085
111201030607,2005,3.027774444,0.0,3.027774444
111201030607,2006,3.542561559,0.0,3.542561559
111201030607,2007,3.2886748,0.0,3.2886748
111201030607,2008,3.541071962,0.0,3.541071962
111201030607,2009,3.958612833,0.0,3.958612833
111201030607,2010,4.084040847,0.0,4.084040847
111201030607,2011,5.998637195,0.0,5.998637195
111201030607,2012,3.798830481,0.0,3.798830481
111201030607,2013,3.301659748,0.0,3.301659748
111201030607,2014,3.602566036,0.0,3.602566036
111201030607,2015,2.771492825,0.0,2.771492825
111201030607,2016,3.104025311,0.0,3.104025311
111201030607,2017,3.129653356,0.0,3.129653356
111201030607,2018,3.540726364,0.0,3.540726364
111201030607,2019,3.727746978,0.0,3.727746978
111201030607,2020,4.73194779,0.0,4.73194779
111201030608,2000,1.570560781,0.0,1.570560781
111201030608,2001,2.052972077,0.0,2.052972077
111201030608,2002,1.934405359,0.0,1.934405359
111201030608,2003,1.605194838,0.0,1.605194838
111201030608,2004,1.801382716,0.0,1.801382716
111201030608,2005,2.105899414,0.0,2.105899414
111201030608,2006,2.484794148,0.0,2.484794148
111201030608,2007,2.484212364,0.0,2.484212364
111201030608,2008,2.152980265,0.0,2.152980265
111201030608,2009,2.44635229,0.0,2.44635229
111201030608,2010,2.517775479,0.0,2.517775479
111201030608,2011,3.824038822,0.0,3.824038822
111201030608,2012,2.417573738,0.0,2.417573738
111201030608,2013,2.2519224,0.0,2.2519224
111201030608,2014,2.114573008,0.0,2.114573008
111201030608,2015,1.564398756,0.0,1.564398756
111201030608,2016,1.228237205,0.0,1.228237205
111201030608,2017,1.668689638,0.0,1.668689638
111201030608,2018,1.338008422,0.0,1.338008422
111201030608,2019,1.652787312,0.0,1.652787312
111201030608,2020,2.067707243,0.0,2.067707243
111201040101,2000,7.611477689,0.0,7.611477689
111201040101,2001,6.661879052,0.0,6.661879052
111201040101,2002,6.546127688,0.0,6.546127688
111201040101,2003,5.89728403,0.0,5.89728403
111201040101,2004,4.484645224,0.0,4.484645224
111201040101,2005,8.956616277,0.0,8.956616277
111201040101,2006,6.270349732,0.0,6.270349732
111201040101,2007,10.053872485,0.0,10.053872485
111201040101,2008,6.064872926,0.0,6.064872926
111201040101,2009,4.919963501,0.0,4.919963501
111201040101,2010,8.208152981,0.0,8.208152981
111201040101,2011,6.501629981,0.0,6.501629981
111201040101,2012,5.237678918,0.0,5.237678918
111201040101,2013,6.170422115,0.0,6.170422115
111201040101,2014,6.701806756,0.0,6.701806756
111201040101,2015,7.252694827,0.0,7.252694827
111201040101,2016,7.982375191,0.0,7.982375191
111201040101,2017,4.921500055,0.0,4.921500055
111201040101,2018,8.061813315,0.0,8.061813315
111201040101,2019,8.718449633,0.0,8.718449633
111201040101,2020,11.219946719,0.0,11.219946719
111201040102,2000,15.756933077,0.0,15.756933077
111201040102,2001,17.108029425,0.0,17.108029425
111201040102,2002,14.837653967,0.0,14.837653967
111201040102,2003,13.519313737,0.0,13.519313737
111201040102,2004,10.884213443,0.0,10.884213443
111201040102,2005,24.068100597,0.0,24.068100597
111201040102,2006,12.988572307,0.0,12.988572307
111201040102,2007,24.227416685,0.0,24.227416685
111201040102,2008,19.146381989,0.0,19.146381989
111201040102,2009,18.686878918,0.0,18.686878918
111201040102,2010,24.062206438,0.0,24.062206438
111201040102,2011,23.724652937,0.0,23.724652937
111201040102,2012,18.13858424,0.0,18.13858424
111201040102,2013,21.715743003,0.0,21.715743003
111201040102,2014,25.31726151,0.0,25.31726151
111201040102,2015,20.791972271,0.0,20.791972271
111201040102,2016,25.206803694,0.0,25.206803694
111201040102,2017,19.115807625,0.0,19.115807625
111201040102,2018,22.628161592,0.0,22.628161592
111201040102,2019,23.40611217,0.0,23.40611217
111201040102,2020,33.466311773,0.0,33.466311773
111201040103,2000,2.483226519,0.0,2.483226519
111201040103,2001,3.437521707,0.0,3.437521707
111201040103,2002,2.808487353,0.0,2.808487353
111201040103,2003,3.027274342,0.0,3.027274342
111201040103,2004,2.089518852,0.0,2.089518852
111201040103,2005,3.434433359,0.0,3.434433359
111201040103,2006,2.752082151,0.0,2.752082151
111201040103,2007,5.181638332,0.0,5.181638332
111201040103,2008,3.485541257,0.0,3.485541257
111201040103,2009,3.765881173,0.0,3.765881173
111201040103,2010,5.167334581,0.0,5.167334581
111201040103,2011,5.679503666,0.0,5.679503666
111201040103,2012,4.298665363,0.0,4.298665363
111201040103,2013,3.609869219,0.0,3.609869219
111201040103,2014,4.323587559,0.0,4.323587559
111201040103,2015,4.267251088,0.0,4.267251088
111201040103,2016,5.33887626,0.0,5.33887626
111201040103,2017,4.381639101,0.0,4.381639101
111201040103,2018,4.667268408,0.0,4.667268408
111201040103,2019,5.609448553,0.0,5.609448553
111201040103,2020,7.177553847,0.0,7.177553847
111201040104,2000,3.318156593,0.0,3.318156593
111201040104,2001,4.945742033,0.0,4.945742033
111201040104,2002,2.924015797,0.0,2.924015797
111201040104,2003,3.522846011,0.0,3.522846011
111201040104,2004,3.223262284,0.0,3.223262284
111201040104,2005,5.616349036,0.0,5.616349036
111201040104,2006,2.956983888,0.0,2.956983888
111201040104,2007,6.146791014,0.0,6.146791014
111201040104,2008,2.502345443,0.0,2.502345443
111201040104,2009,2.568798485,0.0,2.568798485
111201040104,2010,4.734739485,0.0,4.734739485
111201040104,2011,3.447022463,0.0,3.447022463
111201040104,2012,3.261962746,0.0,3.261962746
111201040104,2013,3.486276,0.0,3.486276
111201040104,2014,5.214948792,0.0,5.214948792
111201040104,2015,3.669259266,0.0,3.669259266
111201040104,2016,5.870755071,0.0,5.870755071
111201040104,2017,2.825143129,0.0,2.825143129
111201040104,2018,4.888436058,0.0,4.888436058
111201040104,2019,4.581406175,0.0,4.581406175
111201040104,2020,5.041163738,0.0,5.041163738
111201040105,2000,1.957848117,0.0,1.957848117
111201040105,2001,1.885952474,0.0,1.885952474
111201040105,2002,1.245539732,0.0,1.245539732
111201040105,2003,1.774750699,0.0,1.774750699
111201040105,2004,1.722794497,0.0,1.722794497
111201040105,2005,3.501035444,0.0,3.501035444
111201040105,2006,1.625145888,0.0,1.625145888
111201040105,2007,2.885661611,0.0,2.885661611
111201040105,2008,2.336145907,0.0,2.336145907
111201040105,2009,1.03337577,0.0,1.03337577
111201040105,2010,3.230522564,0.0,3.230522564
111201040105,2011,2.55472363,0.0,2.55472363
111201040105,2012,1.592584199,0.0,1.592584199
111201040105,2013,2.268538416,0.0,2.268538416
111201040105,2014,3.771889964,0.0,3.771889964
111201040105,2015,2.788553995,0.0,2.788553995
111201040105,2016,2.782450697,0.0,2.782450697
111201040105,2017,1.776341726,0.0,1.776341726
111201040105,2018,3.37930517,0.0,3.37930517
111201040105,2019,5.693672712,0.0,5.693672712
111201040105,2020,5.842801158,0.0,5.842801158
111201040201,2000,0.056682131,0.0,0.056682131
111201040201,2001,0.023323085,0.0,0.023323085
111201040201,2002,0.033658159,0.0,0.033658159
111201040201,2003,0.0,0.0,0.0
111201040201,2004,0.024845549,0.0,0.024845549
111201040201,2005,0.029704093,0.0,0.029704093
111201040201,2006,0.009948208,0.0,0.009948208
111201040201,2007,0.012325359,0.0,0.012325359
111201040201,2008,0.0,0.0,0.0
111201040201,2009,0.007731337,0.0,0.007731337
111201040201,2010,0.0,0.0,0.0
111201040201,2011,0.024113537,0.0,0.024113537
111201040201,2012,0.0,0.0,0.0
111201040201,2013,0.0,0.0,0.0
111201040201,2014,0.030166118,0.0,0.030166118
111201040201,2015,0.0,0.0,0.0
111201040201,2016,0.035736992,0.0,0.035736992
111201040201,2017,0.0,0.0,0.0
111201040201,2018,0.063359052,0.0,0.063359052
111201040201,2019,0.0,0.0,0.0
111201040201,2020,0.018078577,0.0,0.018078577
111201040202,2000,5.72847771,0.0,5.72847771
111201040202,2001,6.718426471,0.0,6.718426471
111201040202,2002,3.43021217,0.0,3.43021217
111201040202,2003,6.342532189,0.0,6.342532189
111201040202,2004,3.190762046,0.0,3.190762046
111201040202,2005,5.150299962,0.0,5.150299962
111201040202,2006,3.536291534,0.0,3.536291534
111201040202,2007,4.743405055,0.0,4.743405055
111201040202,2008,4.007401016,0.0,4.007401016
111201040202,2009,4.356425915,0.0,4.356425915
111201040202,2010,6.000999551,0.0,6.000999551
111201040202,2011,4.749807058,0.0,4.749807058
111201040202,2012,3.459975959,0.0,3.459975959
111201040202,2013,3.389956342,0.0,3.389956342
111201040202,2014,4.731249263,0.0,4.731249263
111201040202,2015,4.239418093,0.0,4.239418093
111201040202,2016,6.283847492,0.0,6.283847492
111201040202,2017,3.104306964,0.0,3.104306964
111201040202,2018,5.580740984,0.0,5.580740984
111201040202,2019,5.37789583,0.0,5.37789583
111201040202,2020,5.752109691,0.0,5.752109691
111201040203,2000,1.953324904,0.0,1.953324904
111201040203,2001,2.190281666,0.0,2.190281666
111201040203,2002,2.103118233,0.0,2.103118233
111201040203,2003,3.17559491,0.0,3.17559491
111201040203,2004,1.758455402,0.0,1.758455402
111201040203,2005,2.642995142,0.0,2.642995142
111201040203,2006,1.597851682,0.0,1.597851682
111201040203,2007,3.092898181,0.0,3.092898181
111201040203,2008,2.13845771,0.0,2.13845771
111201040203,2009,2.355960589,0.0,2.355960589
111201040203,2010,1.958940841,0.0,1.958940841
111201040203,2011,2.78680349,0.0,2.78680349
111201040203,2012,2.217664893,0.0,2.217664893
111201040203,2013,2.101810978,0.0,2.101810978
111201040203,2014,1.982745729,0.0,1.982745729
111201040203,2015,3.295182342,0.0,3.295182342
111201040203,2016,3.66325079,0.0,3.66325079
111201040203,2017,2.860860485,0.0,2.860860485
111201040203,2018,2.671233781,0.0,2.671233781
111201040203,2019,4.587322584,0.0,4.587322584
111201040203,2020,4.788544497,0.0,4.788544497
111201040204,2000,3.179846795,0.0,3.179846795
111201040204,2001,4.676638918,0.0,4.676638918
111201040204,2002,2.742782625,0.0,2.742782625
111201040204,2003,3.987151918,0.0,3.987151918
111201040204,2004,2.481033325,0.0,2.481033325
111201040204,2005,3.742213164,0.0,3.742213164
111201040204,2006,2.892471334,0.0,2.892471334
111201040204,2007,3.660451063,0.0,3.660451063
111201040204,2008,3.335388243,0.0,3.335388243
111201040204,2009,2.700075786,0.0,2.700075786
111201040204,2010,4.024236699,0.0,4.024236699
111201040204,2011,4.034883704,0.0,4.034883704
111201040204,2012,3.062149981,0.0,3.062149981
111201040204,2013,3.827346605,0.0,3.827346605
111201040204,2014,2.788168493,0.0,2.788168493
111201040204,2015,3.166675945,0.0,3.166675945
111201040204,2016,4.302299423,0.0,4.302299423
111201040204,2017,2.8547986,0.0,2.8547986
111201040204,2018,4.040072901,0.0,4.040072901
111201040204,2019,4.378281556,0.0,4.378281556
111201040204,2020,3.558407628,0.0,3.558407628
111201040205,2000,1.588386478,0.0,1.588386478
111201040205,2001,2.2544184,0.0,2.2544184
111201040205,2002,1.001668844,0.0,1.001668844
111201040205,2003,3.015721077,0.0,3.015721077
111201040205,2004,1.455744697,0.0,1.455744697
111201040205,2005,2.673936962,0.0,2.673936962
111201040205,2006,1.488461367,0.0,1.488461367
111201040205,2007,2.907308997,0.0,2.907308997
111201040205,2008,2.249821768,0.0,2.249821768
111201040205,2009,3.827302107,0.0,3.827302107
111201040205,2010,3.448387482,0.0,3.448387482
111201040205,2011,3.529728348,0.0,3.529728348
111201040205,2012,2.001242814,0.0,2.001242814
111201040205,2013,3.26564194,0.0,3.26564194
111201040205,2014,2.376863904,0.0,2.376863904
111201040205,2015,2.690048068,0.0,2.690048068
111201040205,2016,5.050022995,0.0,5.050022995
111201040205,2017,1.938307137,0.0,1.938307137
111201040205,2018,4.74684606,0.0,4.74684606
111201040205,2019,5.194200614,0.0,5.194200614
111201040205,2020,6.404463519,0.0,6.404463519
111201040206,2000,4.840191954,0.0,4.840191954
111201040206,2001,4.743547274,0.0,4.743547274
111201040206,2002,4.271950501,0.0,4.271950501
111201040206,2003,3.96800314,0.0,3.96800314
111201040206,2004,2.698860754,0.0,2.698860754
111201040206,2005,4.335436584,0.0,4.335436584
111201040206,2006,4.384064082,0.0,4.384064082
111201040206,2007,5.302267156,0.0,5.302267156
111201040206,2008,4.293675492,0.0,4.293675492
111201040206,2009,5.374208455,0.0,5.374208455
111201040206,2010,5.053193734,0.0,5.053193734
111201040206,2011,6.450066055,0.0,6.450066055
111201040206,2012,4.392292115,0.0,4.392292115
111201040206,2013,5.147058334,0.0,5.147058334
111201040206,2014,3.549877214,0.0,3.549877214
111201040206,2015,4.623069759,0.0,4.623069759
111201040206,2016,4.583693205,0.0,4.583693205
111201040206,2017,4.069952501,0.0,4.069952501
111201040206,2018,3.854849422,0.0,3.854849422
111201040206,2019,5.089798701,0.0,5.089798701
111201040206,2020,5.817953232,0.0,5.817953232
111201040301,2000,0.270681642,0.0,0.270681642
111201040301,2001,0.549103307,0.0,0.549103307
111201040301,2002,0.483476753,0.0,0.483476753
111201040301,2003,0.378147605,0.0,0.378147605
111201040301,2004,0.53933071,0.0,0.53933071
111201040301,2005,0.814594362,0.0,0.814594362
111201040301,2006,0.79221226,0.0,0.79221226
111201040301,2007,0.947498389,0.0,0.947498389
111201040301,2008,0.707473609,0.0,0.707473609
111201040301,2009,0.331090666,0.0,0.331090666
111201040301,2010,0.829753825,0.0,0.829753825
111201040301,2011,0.998290044,0.0,0.998290044
111201040301,2012,0.652898716,0.0,0.652898716
111201040301,2013,0.646361167,0.0,0.646361167
111201040301,2014,0.766399811,0.0,0.766399811
111201040301,2015,0.616315701,0.0,0.616315701
111201040301,2016,0.72233597,0.0,0.72233597
111201040301,2017,0.313542805,0.0,0.313542805
111201040301,2018,0.658170334,0.0,0.658170334
111201040301,2019,0.880919814,0.000880879,0.880038934
111201040301,2020,0.376999691,0.000376997,0.376622779
111201040302,2000,0.796235852,0.0,0.796235852
111201040302,2001,1.086223038,0.0,1.086223038
111201040302,2002,0.62208969,0.0,0.62208969
111201040302,2003,1.118481447,0.0,1.118481447
111201040302,2004,0.176615978,0.0,0.176615978
111201040302,2005,1.013581425,0.0,1.013581425
111201040302,2006,0.4113278,0.0,0.4113278
111201040302,2007,1.165237721,0.0,1.165237721
111201040302,2008,0.661421762,0.0,0.661421762
111201040302,2009,0.66495863,0.0,0.66495863
111201040302,2010,0.82203743,0.0,0.82203743
111201040302,2011,1.214611748,0.0,1.214611748
111201040302,2012,0.516989817,0.0,0.516989817
111201040302,2013,0.827786074,0.0,0.827786074
111201040302,2014,0.892884803,0.0,0.892884803
111201040302,2015,0.846771049,0.0,0.846771049
111201040302,2016,1.964586158,0.0,1.964586158
111201040302,2017,0.33176369,0.0,0.33176369
111201040302,2018,2.019744871,0.0,2.019744871
111201040302,2019,1.209287403,0.0,1.209287403
111201040302,2020,3.176413456,0.0,3.176413456
111201040303,2000,0.323638596,0.00064724,0.32299127
111201040303,2001,0.815141493,0.0,0.815141493
111201040303,2002,0.597232841,0.000597271,0.596635822
111201040303,2003,0.646487625,0.000646567,0.645841058
111201040303,2004,0.40652279,0.000406467,0.406116322
111201040303,2005,0.48421003,0.0,0.48421003
111201040303,2006,0.66489314,0.00066497,0.664228255
111201040303,2007,1.048820014,0.0,1.048820014
111201040303,2008,0.559252101,0.000559445,0.558692989
111201040303,2009,0.534036455,0.000533948,0.533502507
111201040303,2010,0.633951701,0.00063403,0.633317674
111201040303,2011,1.034050559,0.002068101,1.03198254
111201040303,2012,0.62275923,0.0,0.62275923
111201040303,2013,1.401137293,0.0,1.401137293
111201040303,2014,1.621532216,0.0,1.621532216
111201040303,2015,0.3994482,0.000399414,0.399048701
111201040303,2016,0.965620691,0.00193123,0.963689631
111201040303,2017,0.553338129,0.000553351,0.55278486
111201040303,2018,0.99368723,0.0,0.99368723
111201040303,2019,0.535635534,0.000535723,0.535099814
111201040303,2020,0.959310885,0.0,0.959310885
111201040304,2000,5.763355363,0.0,5.763355363
111201040304,2001,5.545977753,0.0,5.545977753
111201040304,2002,4.29844671,0.0,4.29844671
111201040304,2003,6.011079542,0.0,6.011079542
111201040304,2004,3.88739724,0.0,3.88739724
111201040304,2005,7.537210532,0.0,7.537210532
111201040304,2006,4.266399688,0.0,4.266399688
111201040304,2007,9.383675605,0.0,9.383675605
111201040304,2008,5.878238784,0.0,5.878238784
111201040304,2009,6.672177225,0.0,6.672177225
111201040304,2010,7.161076907,0.0,7.161076907
111201040304,2011,7.089005447,0.0,7.089005447
111201040304,2012,7.944777574,0.0,7.944777574
111201040304,2013,6.91516869,0.0,6.91516869
111201040304,2014,6.288954323,0.0,6.288954323
111201040304,2015,5.431291688,0.0,5.431291688
111201040304,2016,9.989952735,0.0,9.989952735
111201040304,2017,5.023478981,0.0,5.023478981
111201040304,2018,5.944057512,0.0,5.944057512
111201040304,2019,7.777206858,0.0,7.777206858
111201040304,2020,12.877060473,0.0,12.877060473
111201040305,2000,5.64565435,0.0,5.64565435
111201040305,2001,6.853586063,0.0,6.853586063
111201040305,2002,4.285580992,0.0,4.285580992
111201040305,2003,6.355567195,0.0,6.355567195
111201040305,2004,2.661496246,0.0,2.661496246
111201040305,2005,6.111553477,0.0,6.111553477
111201040305,2006,3.253477674,0.0,3.253477674
111201040305,2007,6.090191934,0.0,6.090191934
111201040305,2008,4.380279617,0.0,4.380279617
111201040305,2009,6.829858499,0.0,6.829858499
111201040305,2010,4.932967537,0.0,4.932967537
111201040305,2011,6.070608953,0.0,6.070608953
111201040305,2012,7.402924161,0.0,7.402924161
111201040305,2013,6.054702737,0.0,6.054702737
111201040305,2014,5.713481471,0.0,5.713481471
111201040305,2015,3.874604093,0.0,3.874604093
111201040305,2016,6.635301773,0.0,6.635301773
111201040305,2017,3.886878433,0.0,3.886878433
111201040305,2018,4.025642395,0.0,4.025642395
111201040305,2019,5.350193299,0.0,5.350193299
111201040305,2020,8.479761003,0.0,8.479761003
111201040306,2000,2.516591648,0.0,2.516591648
111201040306,2001,3.781850712,0.0,3.781850712
111201040306,2002,3.023449666,0.0,3.023449666
111201040306,2003,2.708014008,0.0,2.708014008
111201040306,2004,1.558803172,0.0,1.558803172
111201040306,2005,3.064080189,0.0,3.064080189
111201040306,2006,1.991698699,0.0,1.991698699
111201040306,2007,4.194189973,0.0,4.194189973
111201040306,2008,3.162251464,0.0,3.162251464
111201040306,2009,2.462195093,0.0,2.462195093
111201040306,2010,4.118615879,0.0,4.118615879
111201040306,2011,3.196137956,0.0,3.196137956
111201040306,2012,3.108452546,0.0,3.108452546
111201040306,2013,3.093712984,0.0,3.093712984
111201040306,2014,2.869043458,0.0,2.869043458
111201040306,2015,2.679824808,0.0,2.679824808
111201040306,2016,3.34818118,0.0,3.34818118
111201040306,2017,2.055938701,0.0,2.055938701
111201040306,2018,1.703536863,0.0,1.703536863
111201040306,2019,2.658980586,0.0,2.658980586
111201040306,2020,3.759361705,0.0,3.759361705
111201040401,2000,9.893388402,0.0,9.893388402
111201040401,2001,8.578519767,0.0,8.578519767
111201040401,2002,6.483500208,0.0,6.483500208
111201040401,2003,8.837984011,0.0,8.837984011
111201040401,2004,6.084155232,0.0,6.084155232
111201040401,2005,9.035871953,0.0,9.035871953
111201040401,2006,7.677532233,0.0,7.677532233
111201040401,2007,10.145739899,0.0,10.145739899
111201040401,2008,7.410528115,0.0,7.410528115
111201040401,2009,7.289431556,0.0,7.289431556
111201040401,2010,11.167165274,0.0,11.167165274
111201040401,2011,9.200895107,0.0,9.200895107
111201040401,2012,6.501203623,0.0,6.501203623
111201040401,2013,6.732623721,0.0,6.732623721
111201040401,2014,7.360346893,0.0,7.360346893
111201040401,2015,6.919992107,0.0,6.919992107
111201040401,2016,10.960022831,0.0,10.960022831
111201040401,2017,4.884906225,0.0,4.884906225
111201040401,2018,9.134968699,0.0,9.134968699
111201040401,2019,7.228598493,0.0,7.228598493
111201040401,2020,8.933003079,0.0,8.933003079
111201040402,2000,22.657907566,0.0,22.657907566
111201040402,2001,21.310682666,0.0,21.310682666
111201040402,2002,18.091581186,0.0,18.091581186
111201040402,2003,19.199154093,0.0,19.199154093
111201040402,2004,12.219855246,0.0,12.219855246
111201040402,2005,19.521236033,0.0,19.521236033
111201040402,2006,15.115395712,0.0,15.115395712
111201040402,2007,21.777796756,0.0,21.777796756
111201040402,2008,18.833946467,0.0,18.833946467
111201040402,2009,17.473572627,0.0,17.473572627
111201040402,2010,23.015782359,0.0,23.015782359
111201040402,2011,24.684589858,0.0,24.684589858
111201040402,2012,19.228736615,0.0,19.228736615
111201040402,2013,19.59451191,0.0,19.59451191
111201040402,2014,16.668390279,0.0,16.668390279
111201040402,2015,15.776821693,0.0,15.776821693
111201040402,2016,21.224360156,0.0,21.224360156
111201040402,2017,14.411623085,0.0,14.411623085
111201040402,2018,15.73174949,0.0,15.73174949
111201040402,2019,15.272165658,0.0,15.272165658
111201040402,2020,16.909383388,0.0,16.909383388
111201040403,2000,15.436878869,0.0,15.436878869
111201040403,2001,11.943864373,0.0,11.943864373
111201040403,2002,10.890373682,0.0,10.890373682
111201040403,2003,13.305773063,0.0,13.305773063
111201040403,2004,8.396448437,0.0,8.396448437
111201040403,2005,11.883517271,0.0,11.883517271
111201040403,2006,9.089987101,0.0,9.089987101
111201040403,2007,13.588209332,0.0,13.588209332
111201040403,2008,12.41443253,0.0,12.41443253
111201040403,2009,10.44931634,0.0,10.44931634
111201040403,2010,11.111548038,0.0,11.111548038
111201040403,2011,14.380405323,0.0,14.380405323
111201040403,2012,10.369320385,0.0,10.369320385
111201040403,2013,13.009130425,0.0,13.009130425
111201040403,2014,9.218954326,0.0,9.218954326
111201040403,2015,11.271963756,0.0,11.271963756
111201040403,2016,10.639889721,0.0,10.639889721
111201040403,2017,9.726166263,0.0,9.726166263
111201040403,2018,8.709754422,0.0,8.709754422
111201040403,2019,8.963193507,0.0,8.963193507
111201040403,2020,12.894179148,0.0,12.894179148
111201040404,2000,9.620581951,0.0,9.620581951
111201040404,2001,9.156364249,0.0,9.156364249
111201040404,2002,8.83627534,0.0,8.83627534
111201040404,2003,10.222350192,0.0,10.222350192
111201040404,2004,5.68054379,0.0,5.68054379
111201040404,2005,10.958966877,0.0,10.958966877
111201040404,2006,5.851918068,0.0,5.851918068
111201040404,2007,12.566990556,0.0,12.566990556
111201040404,2008,9.791450366,0.0,9.791450366
111201040404,2009,8.249741444,0.0,8.249741444
111201040404,2010,13.087546619,0.0,13.087546619
111201040404,2011,10.849135145,0.0,10.849135145
111201040404,2012,7.720947628,0.0,7.720947628
111201040404,2013,9.250625104,0.0,9.250625104
111201040404,2014,8.552751923,0.0,8.552751923
111201040404,2015,10.906711844,0.0,10.906711844
111201040404,2016,7.50130915,0.0,7.50130915
111201040404,2017,7.11093329,0.0,7.11093329
111201040404,2018,7.889938112,0.0,7.889938112
111201040404,2019,7.618740811,0.0,7.618740811
111201040404,2020,11.408939721,0.0,11.408939721
111201040501,2000,3.611998232,0.0,3.611998232
111201040501,2001,5.421005704,0.0,5.421005704
111201040501,2002,4.411501712,0.0,4.411501712
111201040501,2003,4.138179734,0.0,4.138179734
111201040501,2004,3.043669243,0.0,3.043669243
111201040501,2005,4.022141948,0.0,4.022141948
111201040501,2006,1.545278499,0.0,1.545278499
111201040501,2007,4.299075079,0.0,4.299075079
111201040501,2008,3.785602292,0.0,3.785602292
111201040501,2009,3.105139759,0.0,3.105139759
111201040501,2010,5.450959953,0.0,5.450959953
111201040501,2011,3.140875901,0.0,3.140875901
111201040501,2012,3.503022582,0.0,3.503022582
111201040501,2013,3.615541756,0.0,3.615541756
111201040501,2014,2.278729134,0.0,2.278729134
111201040501,2015,3.509130471,0.0,3.509130471
111201040501,2016,4.297505407,0.0,4.297505407
111201040501,2017,4.170423148,0.0,4.170423148
111201040501,2018,2.620405156,0.0,2.620405156
111201040501,2019,3.865761584,0.0,3.865761584
111201040501,2020,4.494378765,0.0,4.494378765
111201040502,2000,0.402451402,0.0,0.402451402
111201040502,2001,0.392750849,0.0,0.392750849
111201040502,2002,0.476315332,0.0,0.476315332
111201040502,2003,0.088570836,0.0,0.088570836
111201040502,2004,0.333304314,0.0,0.333304314
111201040502,2005,0.257790088,0.0,0.257790088
111201040502,2006,0.095671203,0.0,0.095671203
111201040502,2007,0.359645249,0.0,0.359645249
111201040502,2008,0.581672221,0.0,0.581672221
111201040502,2009,0.187448888,0.0,0.187448888
111201040502,2010,0.307623967,0.0,0.307623967
111201040502,2011,0.19601649,0.0,0.19601649
111201040502,2012,0.136780984,0.0,0.136780984
111201040502,2013,0.11971817,0.0,0.11971817
111201040502,2014,0.186545049,0.0,0.186545049
111201040502,2015,0.160535077,0.0,0.160535077
111201040502,2016,0.732724934,0.0,0.732724934
111201040502,2017,0.34106671,0.0,0.34106671
111201040502,2018,0.367332132,0.0,0.367332132
111201040502,2019,0.541315723,0.0,0.541315723
111201040502,2020,0.758145301,0.0,0.758145301
111201040503,2000,2.774962399,0.0,2.774962399
111201040503,2001,5.335768644,0.0,5.335768644
111201040503,2002,2.617534671,0.0,2.617534671
111201040503,2003,3.315086964,0.0,3.315086964
111201040503,2004,2.031741888,0.0,2.031741888
111201040503,2005,3.100788225,0.0,3.100788225
111201040503,2006,0.459978973,0.0,0.459978973
111201040503,2007,4.07599606,0.0,4.07599606
111201040503,2008,2.25535285,0.0,2.25535285
111201040503,2009,3.754653334,0.0,3.754653334
111201040503,2010,3.002502762,0.0,3.002502762
111201040503,2011,2.449265655,0.0,2.449265655
111201040503,2012,2.004985683,0.0,2.004985683
111201040503,2013,2.850131978,0.0,2.850131978
111201040503,2014,2.70449343,0.0,2.70449343
111201040503,2015,3.152560027,0.0,3.152560027
111201040503,2016,5.147450533,0.0,5.147450533
111201040503,2017,3.635941345,0.0,3.635941345
111201040503,2018,3.046723715,0.0,3.046723715
111201040503,2019,3.398121923,0.0,3.398121923
111201040503,2020,5.539263342,0.0,5.539263342
111201040504,2000,1.403288571,0.0,1.403288571
111201040504,2001,2.991558759,0.0,2.991558759
111201040504,2002,1.279634537,0.0,1.279634537
111201040504,2003,1.651347137,0.0,1.651347137
111201040504,2004,1.037918708,0.0,1.037918708
111201040504,2005,1.645092874,0.0,1.645092874
111201040504,2006,0.635550247,0.0,0.635550247
111201040504,2007,2.518480756,0.0,2.518480756
111201040504,2008,2.013613473,0.0,2.013613473
111201040504,2009,2.139402866,0.0,2.139402866
111201040504,2010,1.936273367,0.0,1.936273367
111201040504,2011,1.969920838,0.0,1.969920838
111201040504,2012,1.998965183,0.0,1.998965183
111201040504,2013,1.363006392,0.0,1.363006392
111201040504,2014,1.290281899,0.0,1.290281899
111201040504,2015,1.605785066,0.0,1.605785066
111201040504,2016,3.679585915,0.0,3.679585915
111201040504,2017,1.471877989,0.0,1.471877989
111201040504,2018,2.235080307,0.0,2.235080307
111201040504,2019,2.023415712,0.0,2.023415712
111201040504,2020,2.760372587,0.0,2.760372587
111201040601,2000,10.442598623,0.0,10.442598623
111201040601,2001,8.894681704,0.0,8.894681704
111201040601,2002,8.642063011,0.0,8.642063011
111201040601,2003,7.886927586,0.0,7.886927586
111201040601,2004,8.746717418,0.0,8.746717418
111201040601,2005,9.901503989,0.0,9.901503989
111201040601,2006,4.924193622,0.0,4.924193622
111201040601,2007,9.383220814,0.0,9.383220814
111201040601,2008,8.559204227,0.0,8.559204227
111201040601,2009,8.04552,0.0,8.04552
111201040601,2010,10.906743666,0.0,10.906743666
111201040601,2011,8.06318677,0.0,8.06318677
111201040601,2012,5.552850732,0.0,5.552850732
111201040601,2013,9.135625148,0.0,9.135625148
111201040601,2014,5.755610647,0.0,5.755610647
111201040601,2015,8.738887945,0.0,8.738887945
111201040601,2016,6.425948459,0.0,6.425948459
111201040601,2017,7.628497611,0.0,7.628497611
111201040601,2018,6.197565488,0.0,6.197565488
111201040601,2019,7.698660375,0.0,7.698660375
111201040601,2020,4.509208738,0.0,4.509208738
111201040602,2000,6.156419986,0.0,6.156419986
111201040602,2001,7.58723006,0.0,7.58723006
111201040602,2002,9.581483751,0.0,9.581483751
111201040602,2003,5.083359477,0.0,5.083359477
111201040602,2004,7.183750566,0.0,7.183750566
111201040602,2005,7.141771225,0.0,7.141771225
111201040602,2006,5.138755942,0.0,5.138755942
111201040602,2007,10.752599907,0.0,10.752599907
111201040602,2008,7.044917478,0.0,7.044917478
111201040602,2009,4.92539326,0.0,4.92539326
111201040602,2010,12.598139214,0.0,12.598139214
111201040602,2011,4.308120044,0.0,4.308120044
111201040602,2012,3.235481295,0.0,3.235481295
111201040602,2013,5.191787041,0.0,5.191787041
111201040602,2014,4.820550033,0.0,4.820550033
111201040602,2015,9.985054463,0.0,9.985054463
111201040602,2016,7.316040131,0.0,7.316040131
111201040602,2017,5.253484414,0.0,5.253484414
111201040602,2018,5.835521501,0.0,5.835521501
111201040602,2019,10.246710096,0.0,10.246710096
111201040602,2020,4.989412653,0.0,4.989412653
111201040603,2000,3.967270773,0.0,3.967270773
111201040603,2001,4.493726564,0.0,4.493726564
111201040603,2002,5.291752822,0.0,5.291752822
111201040603,2003,3.279111011,0.0,3.279111011
111201040603,2004,4.214855571,0.0,4.214855571
111201040603,2005,4.63763709,0.0,4.63763709
111201040603,2006,2.772555268,0.0,2.772555268
111201040603,2007,7.452355025,0.0,7.452355025
111201040603,2008,4.230811847,0.0,4.230811847
111201040603,2009,4.427805827,0.0,4.427805827
111201040603,2010,7.60065277,0.0,7.60065277
111201040603,2011,3.351110222,0.0,3.351110222
111201040603,2012,2.90677985,0.0,2.90677985
111201040603,2013,4.391214671,0.0,4.391214671
111201040603,2014,3.801101507,0.0,3.801101507
111201040603,2015,5.428960477,0.0,5.428960477
111201040603,2016,5.09554015,0.0,5.09554015
111201040603,2017,4.052319438,0.0,4.052319438
111201040603,2018,3.54536654,0.0,3.54536654
111201040603,2019,6.132790647,0.0,6.132790647
111201040603,2020,4.419385825,0.0,4.419385825
111201040604,2000,3.047875167,0.0,3.047875167
111201040604,2001,2.708421868,0.0,2.708421868
111201040604,2002,3.742751216,0.0,3.742751216
111201040604,2003,2.045913112,0.0,2.045913112
111201040604,2004,2.044105355,0.0,2.044105355
111201040604,2005,4.1721044,0.0,4.1721044
111201040604,2006,1.982817781,0.0,1.982817781
111201040604,2007,3.951771622,0.0,3.951771622
111201040604,2008,3.2340435,0.0,3.2340435
111201040604,2009,3.829457329,0.0,3.829457329
111201040604,2010,4.791555956,0.0,4.791555956
111201040604,2011,2.95650051,0.0,2.95650051
111201040604,2012,2.160863437,0.0,2.160863437
111201040604,2013,2.865271088,0.0,2.865271088
111201040604,2014,2.489246871,0.0,2.489246871
111201040604,2015,3.228567901,0.0,3.228567901
111201040604,2016,3.498821833,0.0,3.498821833
111201040604,2017,3.75911289,0.0,3.75911289
111201040604,2018,2.564298923,0.0,2.564298923
111201040604,2019,3.847706742,0.0,3.847706742
111201040604,2020,3.808823514,0.0,3.808823514
111201040605,2000,1.493421486,0.0,1.493421486
111201040605,2001,1.583264879,0.0,1.583264879
111201040605,2002,1.474004649,0.0,1.474004649
111201040605,2003,1.609901775,0.0,1.609901775
111201040605,2004,1.191585314,0.0,1.191585314
111201040605,2005,1.189845595,0.0,1.189845595
111201040605,2006,1.073683244,0.0,1.073683244
111201040605,2007,1.532951471,0.0,1.532951471
111201040605,2008,1.427637683,0.0,1.427637683
111201040605,2009,1.633550485,0.0,1.633550485
111201040605,2010,1.494475904,0.0,1.494475904
111201040605,2011,1.471872036,0.0,1.471872036
111201040605,2012,0.704053746,0.0,0.704053746
111201040605,2013,1.527149414,0.0,1.527149414
111201040605,2014,0.934550112,0.0,0.934550112
111201040605,2015,1.69084543,0.0,1.69084543
111201040605,2016,1.683640719,0.0,1.683640719
111201040605,2017,1.263273433,0.0,1.263273433
111201040605,2018,1.477643704,0.0,1.477643704
111201040605,2019,1.642132208,0.0,1.642132208
111201040605,2020,1.231621667,0.0,1.231621667
111201040606,2000,0.0,0.0,0.0
111201040606,2001,0.291252663,0.0,0.291252663
111201040606,2002,0.116213666,0.0,0.116213666
111201040606,2003,0.424840885,0.0,0.424840885
111201040606,2004,0.015564615,0.0,0.015564615
111201040606,2005,0.0,0.0,0.0
111201040606,2006,0.214909156,0.0,0.214909156
111201040606,2007,0.180020466,0.0,0.180020466
111201040606,2008,0.032745434,0.0,0.032745434
111201040606,2009,0.0,0.0,0.0
111201040606,2010,0.022767622,0.0,0.022767622
111201040606,2011,0.0,0.0,0.0
111201040606,2012,0.07018374,0.0,0.07018374
111201040606,2013,0.0,0.0,0.0
111201040606,2014,0.138756699,0.0,0.138756699
111201040606,2015,0.057756816,0.0,0.057756816
111201040606,2016,0.03656682,0.0,0.03656682
111201040606,2017,0.000199047,0.0,0.000199047
111201040606,2018,0.209955545,0.0,0.209955545
111201040606,2019,0.042575964,0.0,0.042575964
111201040606,2020,0.024069615,0.0,0.024069615
111201040607,2000,0.217702123,0.0,0.217702123
111201040607,2001,0.394472088,0.0,0.394472088
111201040607,2002,0.297911868,0.0,0.297911868
111201040607,2003,0.623937436,0.0,0.623937436
111201040607,2004,0.097120333,0.0,0.097120333
111201040607,2005,0.185367855,0.0,0.185367855
111201040607,2006,0.080793244,0.0,0.080793244
111201040607,2007,0.112685578,0.0,0.112685578
111201040607,2008,0.45060141,0.0,0.45060141
111201040607,2009,0.020913005,0.0,0.020913005
111201040607,2010,0.088958863,0.0,0.088958863
111201040607,2011,0.277399022,0.0,0.277399022
111201040607,2012,0.205652932,0.0,0.205652932
111201040607,2013,0.114023937,0.0,0.114023937
111201040607,2014,0.609780526,0.0,0.609780526
111201040607,2015,0.074563504,0.0,0.074563504
111201040607,2016,0.212790552,0.0,0.212790552
111201040607,2017,0.089685447,0.0,0.089685447
111201040607,2018,0.835371726,0.0,0.835371726
111201040607,2019,0.205950195,0.0,0.205950195
111201040607,2020,0.066210085,0.0,0.066210085
111201050101,2000,0.264575918,0.0,0.264575918
111201050101,2001,0.489136518,0.0,0.489136518
111201050101,2002,0.375361704,0.0,0.375361704
111201050101,2003,0.320562359,0.0,0.320562359
111201050101,2004,0.407730607,0.0,0.407730607
111201050101,2005,0.52609086,0.0,0.52609086
111201050101,2006,0.271281775,0.0,0.271281775
111201050101,2007,0.338807271,0.0,0.338807271
111201050101,2008,0.349841604,0.0,0.349841604
111201050101,2009,0.583589175,0.0,0.583589175
111201050101,2010,0.668475989,0.0,0.668475989
111201050101,2011,0.403276312,0.0,0.403276312
111201050101,2012,0.756984787,0.0,0.756984787
111201050101,2013,0.659085521,0.0,0.659085521
111201050101,2014,0.187404649,0.0,0.187404649
111201050101,2015,0.393858682,0.0,0.393858682
111201050101,2016,0.278091885,0.0,0.278091885
111201050101,2017,0.183678992,0.0,0.183678992
111201050101,2018,0.474779422,0.0,0.474779422
111201050101,2019,0.595402512,0.0,0.595402512
111201050101,2020,0.617284929,0.0,0.617284929
111201050102,2000,0.0,0.0,0.0
111201050102,2001,0.0,0.0,0.0
111201050102,2002,0.0,0.0,0.0
111201050102,2003,0.081231447,0.0,0.081231447
111201050102,2004,0.052057454,0.0,0.052057454
111201050102,2005,0.0,0.0,0.0
111201050102,2006,0.0,0.0,0.0
111201050102,2007,0.0,0.0,0.0
111201050102,2008,0.004103746,0.0,0.004103746
111201050102,2009,0.015841022,0.0,0.015841022
111201050102,2010,0.0,0.0,0.0
111201050102,2011,0.003715748,0.0,0.003715748
111201050102,2012,0.00294491,0.0,0.00294491
111201050102,2013,0.087277123,0.0,0.087277123
111201050102,2014,0.0,0.0,0.0
111201050102,2015,0.0,0.0,0.0
111201050102,2016,0.0,0.0,0.0
111201050102,2017,0.0,0.0,0.0
111201050102,2018,0.015686351,0.0,0.015686351
111201050102,2019,0.10357866,0.0,0.10357866
111201050102,2020,0.000156134,0.0,0.000156134
111201050103,2000,0.0,0.0,0.0
111201050103,2001,0.014847263,0.0,0.014847263
111201050103,2002,0.0,0.0,0.0
111201050103,2003,0.0,0.0,0.0
111201050103,2004,0.0,0.0,0.0
111201050103,2005,0.01361946,0.0,0.01361946
111201050103,2006,0.014658222,0.0,0.014658222
111201050103,2007,0.011206277,0.0,0.011206277
111201050103,2008,0.005922877,0.0,0.005922877
111201050103,2009,0.0,0.0,0.0
111201050103,2010,0.022033414,0.0,0.022033414
111201050103,2011,0.0,0.0,0.0
111201050103,2012,0.0,0.0,0.0
111201050103,2013,0.0,0.0,0.0
111201050103,2014,0.039924496,0.0,0.039924496
111201050103,2015,0.0,0.0,0.0
111201050103,2016,0.0,0.0,0.0
111201050103,2017,0.0,0.0,0.0
111201050103,2018,0.0,0.0,0.0
111201050103,2019,0.0,0.0,0.0
111201050103,2020,0.0,0.0,0.0
111201050104,2000,0.073656475,0.0,0.073656475
111201050104,2001,0.494572562,0.0,0.494572562
111201050104,2002,0.0,0.0,0.0
111201050104,2003,0.102067759,0.0,0.102067759
111201050104,2004,0.147495257,0.0,0.147495257
111201050104,2005,0.452996173,0.0,0.452996173
111201050104,2006,0.19468886,0.0,0.19468886
111201050104,2007,0.367262274,0.0,0.367262274
111201050104,2008,0.139249814,0.0,0.139249814
111201050104,2009,0.167515915,0.0,0.167515915
111201050104,2010,0.106433214,0.0,0.106433214
111201050104,2011,0.130115611,0.0,0.130115611
111201050104,2012,0.151390749,0.0,0.151390749
111201050104,2013,0.298162973,0.0,0.298162973
111201050104,2014,0.064588375,0.0,0.064588375
111201050104,2015,0.0,0.0,0.0
111201050104,2016,0.249944426,0.0,0.249944426
111201050104,2017,0.144204751,0.0,0.144204751
111201050104,2018,0.148477345,0.0,0.148477345
111201050104,2019,0.385395556,0.0,0.385395556
111201050104,2020,0.648518877,0.0,0.648518877
111201050201,2000,3.209504885,0.0,3.209504885
111201050201,2001,2.539310255,0.0,2.539310255
111201050201,2002,2.602047384,0.0,2.602047384
111201050201,2003,2.260853647,0.0,2.260853647
111201050201,2004,3.212411262,0.0,3.212411262
111201050201,2005,2.987188926,0.0,2.987188926
111201050201,2006,3.389035625,0.0,3.389035625
111201050201,2007,3.941947463,0.0,3.941947463
111201050201,2008,2.288759219,0.0,2.288759219
111201050201,2009,3.987723923,0.0,3.987723923
111201050201,2010,3.908011107,0.0,3.908011107
111201050201,2011,5.817220575,0.0,5.817220575
111201050201,2012,4.692041992,0.0,4.692041992
111201050201,2013,3.393068036,0.0,3.393068036
111201050201,2014,4.494980932,0.0,4.494980932
111201050201,2015,3.25862886,0.0,3.25862886
111201050201,2016,3.462974361,0.0,3.462974361
111201050201,2017,3.442867304,0.0,3.442867304
111201050201,2018,2.950952173,0.0,2.950952173
111201050201,2019,3.56706451,0.0,3.56706451
111201050201,2020,3.977886489,0.0,3.977886489
111201050202,2000,2.179214855,0.0,2.179214855
111201050202,2001,1.977852392,0.0,1.977852392
111201050202,2002,1.969708208,0.0,1.969708208
111201050202,2003,2.575123474,0.0,2.575123474
111201050202,2004,2.184449792,0.0,2.184449792
111201050202,2005,1.737013477,0.0,1.737013477
111201050202,2006,2.849038959,0.0,2.849038959
111201050202,2007,2.308324055,0.0,2.308324055
111201050202,2008,1.521685328,0.0,1.521685328
111201050202,2009,2.662528737,0.0,2.662528737
111201050202,2010,2.742046381,0.0,2.742046381
111201050202,2011,5.946295301,0.0,5.946295301
111201050202,2012,3.315259232,0.0,3.315259232
111201050202,2013,3.383656427,0.0,3.383656427
111201050202,2014,3.117406353,0.0,3.117406353
111201050202,2015,2.588909101,0.0,2.588909101
111201050202,2016,2.686994385,0.0,2.686994385
111201050202,2017,2.472166263,0.0,2.472166263
111201050202,2018,2.799028364,0.0,2.799028364
111201050202,2019,2.01374083,0.0,2.01374083
111201050202,2020,2.487832197,0.0,2.487832197
111201050203,2000,0.0,0.0,0.0
111201050203,2001,0.0,0.0,0.0
111201050203,2002,0.0,0.0,0.0
111201050203,2003,0.0,0.0,0.0
111201050203,2004,0.0,0.0,0.0
111201050203,2005,0.0,0.0,0.0
111201050203,2006,0.0,0.0,0.0
111201050203,2007,0.0,0.0,0.0
111201050203,2008,0.0,0.0,0.0
111201050203,2009,0.0,0.0,0.0
111201050203,2010,0.0,0.0,0.0
111201050203,2011,0.0,0.0,0.0
111201050203,2012,0.0,0.0,0.0
111201050203,2013,0.0,0.0,0.0
111201050203,2014,0.0,0.0,0.0
111201050203,2015,0.0,0.0,0.0
111201050203,2016,0.0,0.0,0.0
111201050203,2017,0.0,0.0,0.0
111201050203,2018,0.0,0.0,0.0
111201050203,2019,0.0,0.0,0.0
111201050203,2020,0.0,0.0,0.0
111201050204,2000,0.0,0.0,0.0
111201050204,2001,0.0,0.0,0.0
111201050204,2002,0.004926052,0.0,0.004926052
111201050204,2003,0.0,0.0,0.0
111201050204,2004,0.002410126,0.0,0.002410126
111201050204,2005,0.009075616,0.0,0.009075616
111201050204,2006,0.007517408,0.0,0.007517408
111201050204,2007,0.009421816,0.0,0.009421816
111201050204,2008,0.006921516,0.0,0.006921516
111201050204,2009,0.010275959,0.0,0.010275959
111201050204,2010,0.013611225,0.0,0.013611225
111201050204,2011,0.011595608,0.0,0.011595608
111201050204,2012,0.01273556,0.0,0.01273556
111201050204,2013,0.012214956,0.0,0.012214956
111201050204,2014,0.013643874,0.0,0.013643874
111201050204,2015,0.011729666,0.0,0.011729666
111201050204,2016,0.011338027,0.0,0.011338027
111201050204,2017,0.01082597,0.0,0.01082597
111201050204,2018,0.010057658,0.0,0.010057658
111201050204,2019,0.010705227,0.0,0.010705227
111201050204,2020,0.010939169,0.0,0.010939169
111201050205,2000,8.129965126,0.0,8.129965126
111201050205,2001,6.869843778,0.0,6.869843778
111201050205,2002,6.795195403,0.0,6.795195403
111201050205,2003,8.814723474,0.0,8.814723474
111201050205,2004,7.522353579,0.0,7.522353579
111201050205,2005,9.415088425,0.0,9.415088425
111201050205,2006,9.296079123,0.0,9.296079123
111201050205,2007,8.448564707,0.0,8.448564707
111201050205,2008,7.859340448,0.0,7.859340448
111201050205,2009,9.335454025,0.0,9.335454025
111201050205,2010,11.20036969,0.0,11.20036969
111201050205,2011,15.88668831,0.0,15.88668831
111201050205,2012,13.153776831,0.0,13.153776831
111201050205,2013,11.216599447,0.0,11.216599447
111201050205,2014,11.231698805,0.0,11.231698805
111201050205,2015,8.792930737,0.0,8.792930737
111201050205,2016,8.079017443,0.0,8.079017443
111201050205,2017,9.001067833,0.0,9.001067833
111201050205,2018,10.519227978,0.0,10.519227978
111201050205,2019,10.080958126,0.0,10.080958126
111201050205,2020,12.36352194,0.0,12.36352194
111201050206,2000,7.811323525,0.0,7.811323525
111201050206,2001,8.595054526,0.0,8.595054526
111201050206,2002,4.61069754,0.0,4.61069754
111201050206,2003,5.682355186,0.0,5.682355186
111201050206,2004,5.81917521,0.0,5.81917521
111201050206,2005,8.474970329,0.0,8.474970329
111201050206,2006,7.688308682,0.0,7.688308682
111201050206,2007,7.853937581,0.0,7.853937581
111201050206,2008,7.73982759,0.0,7.73982759
111201050206,2009,7.131372099,0.0,7.131372099
111201050206,2010,9.410815496,0.0,9.410815496
111201050206,2011,11.359954186,0.0,11.359954186
111201050206,2012,8.09910168,0.0,8.09910168
111201050206,2013,6.404725241,0.0,6.404725241
111201050206,2014,8.635274841,0.0,8.635274841
111201050206,2015,6.258107427,0.0,6.258107427
111201050206,2016,6.725938183,0.0,6.725938183
111201050206,2017,7.679506627,0.0,7.679506627
111201050206,2018,7.869422255,0.0,7.869422255
111201050206,2019,8.126040384,0.0,8.126040384
111201050206,2020,6.955002254,0.0,6.955002254
111201050207,2000,0.883300383,0.0,0.883300383
111201050207,2001,0.975893959,0.0,0.975893959
111201050207,2002,0.585753381,0.0,0.585753381
111201050207,2003,1.157859356,0.0,1.157859356
111201050207,2004,0.696460801,0.0,0.696460801
111201050207,2005,0.915710378,0.0,0.915710378
111201050207,2006,0.89207846,0.0,0.89207846
111201050207,2007,0.944789,0.0,0.944789
111201050207,2008,0.695853183,0.0,0.695853183
111201050207,2009,1.028275419,0.0,1.028275419
111201050207,2010,1.081646581,0.0,1.081646581
111201050207,2011,2.186515827,0.0,2.186515827
111201050207,2012,1.524643355,0.0,1.524643355
111201050207,2013,1.405812389,0.0,1.405812389
111201050207,2014,1.360039184,0.0,1.360039184
111201050207,2015,0.811439375,0.0,0.811439375
111201050207,2016,0.834150538,0.0,0.834150538
111201050207,2017,0.967010485,0.0,0.967010485
111201050207,2018,1.061354458,0.0,1.061354458
111201050207,2019,0.969376411,0.0,0.969376411
111201050207,2020,1.745402287,0.0,1.745402287
111201050208,2000,0.185720497,0.0,0.185720497
111201050208,2001,0.119565263,0.0,0.119565263
111201050208,2002,0.203917504,0.0,0.203917504
111201050208,2003,0.16884617,0.0,0.16884617
111201050208,2004,0.160353383,0.0,0.160353383
111201050208,2005,0.194867373,0.0,0.194867373
111201050208,2006,0.160159299,0.0,0.160159299
111201050208,2007,0.187545745,0.0,0.187545745
111201050208,2008,0.207415727,0.0,0.207415727
111201050208,2009,0.30979257,0.0,0.30979257
111201050208,2010,0.346555271,0.0,0.346555271
111201050208,2011,0.672315192,0.0,0.672315192
111201050208,2012,0.418494792,0.0,0.418494792
111201050208,2013,0.376582121,0.0,0.376582121
111201050208,2014,0.470870422,0.0,0.470870422
111201050208,2015,0.446830137,0.0,0.446830137
111201050208,2016,0.404072347,0.0,0.404072347
111201050208,2017,0.307202682,0.0,0.307202682
111201050208,2018,0.58064634,0.0,0.58064634
111201050208,2019,0.593700647,0.0,0.593700647
111201050208,2020,0.855338109,0.0,0.855338109
111201050209,2000,1.930281385,0.0,1.930281385
111201050209,2001,3.007283192,0.0,3.007283192
111201050209,2002,0.640249682,0.0,0.640249682
111201050209,2003,1.794641162,0.0,1.794641162
111201050209,2004,1.488860656,0.0,1.488860656
111201050209,2005,1.871074019,0.0,1.871074019
111201050209,2006,0.804096844,0.0,0.804096844
111201050209,2007,1.446700932,0.0,1.446700932
111201050209,2008,0.785675317,0.0,0.785675317
111201050209,2009,1.62605923,0.0,1.62605923
111201050209,2010,1.476076534,0.0,1.476076534
111201050209,2011,1.687645068,0.0,1.687645068
111201050209,2012,2.702378093,0.0,2.702378093
111201050209,2013,2.804127718,0.0,2.804127718
111201050209,2014,3.299027907,0.0,3.299027907
111201050209,2015,0.950363677,0.0,0.950363677
111201050209,2016,2.500754322,0.0,2.500754322
111201050209,2017,1.764431104,0.0,1.764431104
111201050209,2018,1.908899014,0.0,1.908899014
111201050209,2019,2.348133474,0.0,2.348133474
111201050209,2020,3.210446874,0.0,3.210446874
111201050301,2000,0.072784311,0.0,0.072784311
111201050301,2001,0.846193923,0.0,0.846193923
111201050301,2002,0.016117093,0.0,0.016117093
111201050301,2003,0.186210288,0.0,0.186210288
111201050301,2004,0.356864877,0.0,0.356864877
111201050301,2005,0.00398003,0.0,0.00398003
111201050301,2006,0.183717614,0.0,0.183717614
111201050301,2007,0.267747364,0.0,0.267747364
111201050301,2008,0.125892779,0.0,0.125892779
111201050301,2009,0.114820773,0.0,0.114820773
111201050301,2010,0.31462557,0.0,0.31462557
111201050301,2011,0.016988332,0.0,0.016988332
111201050301,2012,0.294156109,0.0,0.294156109
111201050301,2013,0.043371342,0.0,0.043371342
111201050301,2014,0.049582247,0.0,0.049582247
111201050301,2015,0.148227688,0.0,0.148227688
111201050301,2016,0.21119221,0.0,0.21119221
111201050301,2017,0.383896321,0.0,0.383896321
111201050301,2018,0.349427121,0.0,0.349427121
111201050301,2019,0.679366734,0.0,0.679366734
111201050301,2020,0.515320087,0.0,0.515320087
111201050302,2000,0.0,0.0,0.0
111201050302,2001,0.646645381,0.0,0.646645381
111201050302,2002,0.0,0.0,0.0
111201050302,2003,0.164873184,0.0,0.164873184
111201050302,2004,0.614560639,0.0,0.614560639
111201050302,2005,0.0,0.0,0.0
111201050302,2006,0.288909433,0.0,0.288909433
111201050302,2007,0.540108079,0.0,0.540108079
111201050302,2008,0.332919019,0.0,0.332919019
111201050302,2009,0.524351225,0.0,0.524351225
111201050302,2010,0.52201511,0.0,0.52201511
111201050302,2011,0.002698622,0.0,0.002698622
111201050302,2012,0.505429454,0.0,0.505429454
111201050302,2013,0.0,0.0,0.0
111201050302,2014,0.0,0.0,0.0
111201050302,2015,0.506116967,0.0,0.506116967
111201050302,2016,0.394414817,0.0,0.394414817
111201050302,2017,0.598045351,0.0,0.598045351
111201050302,2018,0.143245247,0.0,0.143245247
111201050302,2019,0.310526321,0.0,0.310526321
111201050302,2020,1.141197232,0.0,1.141197232
111201050303,2000,0.001219743,0.0,0.001219743
111201050303,2001,0.000802759,0.0,0.000802759
111201050303,2002,0.0,0.0,0.0
111201050303,2003,0.000105378,0.0,0.000105378
111201050303,2004,0.001865872,0.0,0.001865872
111201050303,2005,1.139989411,0.0,1.139989411
111201050303,2006,0.0,0.0,0.0
111201050303,2007,1.066643104,0.0,1.066643104
111201050303,2008,0.504582536,0.0,0.504582536
111201050303,2009,1.283883066,0.0,1.283883066
111201050303,2010,1.230911395,0.0,1.230911395
111201050303,2011,0.0,0.0,0.0
111201050303,2012,1.039750563,0.0,1.039750563
111201050303,2013,1.707042145,0.0,1.707042145
111201050303,2014,1.507040493,0.0,1.507040493
111201050303,2015,0.781687584,0.0,0.781687584
111201050303,2016,1.174925727,0.0,1.174925727
111201050303,2017,1.29324443,0.0,1.29324443
111201050303,2018,2.024953079,0.0,2.024953079
111201050303,2019,2.119359732,0.0,2.119359732
111201050303,2020,1.976516852,0.0,1.976516852
111201050304,2000,0.0,0.0,0.0
111201050304,2001,0.080320408,0.0,0.080320408
111201050304,2002,0.0,0.0,0.0
111201050304,2003,0.036674756,0.0,0.036674756
111201050304,2004,0.024665423,0.0,0.024665423
111201050304,2005,0.0,0.0,0.0
111201050304,2006,0.009734945,0.0,0.009734945
111201050304,2007,0.128405773,0.0,0.128405773
111201050304,2008,0.045559746,0.0,0.045559746
111201050304,2009,0.045253455,0.0,0.045253455
111201050304,2010,0.142872718,0.0,0.142872718
111201050304,2011,0.0,0.0,0.0
111201050304,2012,0.027248008,0.0,0.027248008
111201050304,2013,0.0,0.0,0.0
111201050304,2014,0.0,0.0,0.0
111201050304,2015,0.064715685,0.0,0.064715685
111201050304,2016,0.0,0.0,0.0
111201050304,2017,0.044968225,0.0,0.044968225
111201050304,2018,0.026257337,0.0,0.026257337
111201050304,2019,0.197171112,0.0,0.197171112
111201050304,2020,0.309982978,0.0,0.309982978
111201050305,2000,0.0,0.0,0.0
111201050305,2001,0.0,0.0,0.0
111201050305,2002,0.0,0.0,0.0
111201050305,2003,0.0,0.0,0.0
111201050305,2004,0.0,0.0,0.0
111201050305,2005,0.459576778,0.000459701,0.459117244
111201050305,2006,0.0,0.0,0.0
111201050305,2007,0.24683529,0.000246847,0.246588359
111201050305,2008,0.097722251,9.7683e-05,0.097624653
111201050305,2009,0.343476367,0.000343551,0.343133066
111201050305,2010,0.188880912,0.0,0.188880912
111201050305,2011,0.0,0.0,0.0
111201050305,2012,0.492005063,0.000492046,0.491512932
111201050305,2013,0.023552436,2.3603e-05,0.023528833
111201050305,2014,0.067678852,0.0,0.067678852
111201050305,2015,0.338628542,0.000338668,0.338289789
111201050305,2016,0.28176035,0.0,0.28176035
111201050305,2017,0.04838214,0.0,0.04838214
111201050305,2018,0.239825518,0.0,0.239825518
111201050305,2019,0.173077126,0.0,0.173077126
111201050305,2020,0.074775762,0.0,0.074775762
111201050306,2000,0.0,0.0,0.0
111201050306,2001,0.0,0.0,0.0
111201050306,2002,0.004346011,4.293e-06,0.004341715
111201050306,2003,0.005444762,5.562e-06,0.005439285
111201050306,2004,0.003659637,3.604e-06,0.003655948
111201050306,2005,0.07771046,7.7682e-05,0.077632693
111201050306,2006,0.004530304,4.534e-06,0.004525767
111201050306,2007,0.090988775,9.0984e-05,0.09089771
111201050306,2008,0.051134115,5.1057e-05,0.051083142
111201050306,2009,0.04058486,4.0712e-05,0.040544145
111201050306,2010,0.103447129,0.000103449,0.103343764
111201050306,2011,0.0,0.0,0.0
111201050306,2012,0.016648161,1.6516e-05,0.01663156
111201050306,2013,0.069903973,6.9885e-05,0.069834088
111201050306,2014,0.092357855,9.2419e-05,0.092265521
111201050306,2015,0.042950452,4.2995e-05,0.042907542
111201050306,2016,0.012882809,1.2836e-05,0.012869973
111201050306,2017,0.0,0.0,0.0
111201050306,2018,0.0160162,1.5948e-05,0.01600017
111201050306,2019,0.094681225,9.4619e-05,0.094586523
111201050306,2020,0.136567893,0.00013653,0.136431363
111201050307,2000,0.0,0.0,0.0
111201050307,2001,0.0,0.0,0.0
111201050307,2002,0.0,0.0,0.0
111201050307,2003,0.0,0.0,0.0
111201050307,2004,0.0,0.0,0.0
111201050307,2005,0.0,0.0,0.0
111201050307,2006,0.0,0.0,0.0
111201050307,2007,0.0,0.0,0.0
111201050307,2008,0.0,0.0,0.0
111201050307,2009,0.0,0.0,0.0
111201050307,2010,0.0,0.0,0.0
111201050307,2011,0.0,0.0,0.0
111201050307,2012,0.0,0.0,0.0
111201050307,2013,0.0,0.0,0.0
111201050307,2014,0.0,0.0,0.0
111201050307,2015,0.0,0.0,0.0
111201050307,2016,0.0,0.0,0.0
111201050307,2017,0.0,0.0,0.0
111201050307,2018,0.0,0.0,0.0
111201050307,2019,0.0,0.0,0.0
111201050307,2020,0.0,0.0,0.0
111201050308,2000,0.289288016,0.0,0.289288016
111201050308,2001,1.312598499,0.0,1.312598499
111201050308,2002,0.176447811,0.0,0.176447811
111201050308,2003,0.214379164,0.0,0.214379164
111201050308,2004,0.859923661,0.0,0.859923661
111201050308,2005,0.507590964,0.0,0.507590964
111201050308,2006,0.742381745,0.0,0.742381745
111201050308,2007,0.495646616,0.0,0.495646616
111201050308,2008,0.614495546,0.0,0.614495546
111201050308,2009,0.398465912,0.0,0.398465912
111201050308,2010,0.830844375,0.0,0.830844375
111201050308,2011,0.602987173,0.0,0.602987173
111201050308,2012,1.096555683,0.0,1.096555683
111201050308,2013,0.702386019,0.0,0.702386019
111201050308,2014,0.739662318,0.0,0.739662318
111201050308,2015,0.0,0.0,0.0
111201050308,2016,0.470323331,0.0,0.470323331
111201050308,2017,0.408682611,0.0,0.408682611
111201050308,2018,0.660539277,0.0,0.660539277
111201050308,2019,0.597124441,0.0,0.597124441
111201050308,2020,1.300015508,0.0,1.300015508
111201050401,2000,0.323664361,0.0,0.323664361
111201050401,2001,0.172011178,0.0,0.172011178
111201050401,2002,0.291341208,0.0,0.291341208
111201050401,2003,0.214824932,0.0,0.214824932
111201050401,2004,0.25104965,0.0,0.25104965
111201050401,2005,0.325638852,0.0,0.325638852
111201050401,2006,0.251967956,0.0,0.251967956
111201050401,2007,0.258632953,0.0,0.258632953
111201050401,2008,0.252774178,0.0,0.252774178
111201050401,2009,0.34362214,0.0,0.34362214
111201050401,2010,0.376798973,0.0,0.376798973
111201050401,2011,0.293632956,0.0,0.293632956
111201050401,2012,0.246511678,0.0,0.246511678
111201050401,2013,0.287935151,0.0,0.287935151
111201050401,2014,0.377220619,0.0,0.377220619
111201050401,2015,0.223693244,0.0,0.223693244
111201050401,2016,0.17826653,0.0,0.17826653
111201050401,2017,0.221103455,0.0,0.221103455
111201050401,2018,0.37635014,0.0,0.37635014
111201050401,2019,0.468713726,0.0,0.468713726
111201050401,2020,0.191880445,0.0,0.191880445
111201050402,2000,3.453339363,0.003453342,3.449886022
111201050402,2001,3.779382411,0.003779425,3.775603071
111201050402,2002,4.189437589,0.004189397,4.185248195
111201050402,2003,4.271170915,0.004271214,4.266899784
111201050402,2004,4.060673511,0.004060762,4.056612749
111201050402,2005,5.212125937,0.005212137,5.206913803
111201050402,2006,4.533204605,0.004533173,4.528671348
111201050402,2007,3.857185378,0.003857214,3.853328249
111201050402,2008,3.933533735,0.003933522,3.929600219
111201050402,2009,4.593398825,0.004593411,4.588805332
111201050402,2010,5.123186521,0.005123184,5.118063422
111201050402,2011,7.235078027,0.007235175,7.227842849
111201050402,2012,6.892236724,0.00689221,6.885344593
111201050402,2013,5.208865151,0.005208995,5.203656411
111201050402,2014,5.416203458,0.005416192,5.410787266
111201050402,2015,3.414772066,0.003414808,3.411357258
111201050402,2016,4.489646716,0.00448962,4.485157096
111201050402,2017,5.23593026,0.005235923,5.230694255
111201050402,2018,5.352532992,0.005352526,5.347180384
111201050402,2019,5.196534553,0.005196649,5.191337986
111201050402,2020,5.960806396,0.00596085,5.954845631
111201050403,2000,2.948295801,0.00294826,2.945347374
111201050403,2001,3.317932093,0.003317921,3.314614258
111201050403,2002,3.071748222,0.003071715,3.068676422
111201050403,2003,3.6648064,0.003664803,3.6611416
111201050403,2004,3.480285776,0.003480311,3.476805546
111201050403,2005,3.697557301,0.003697534,3.693859764
111201050403,2006,3.464756384,0.003464723,3.461291581
111201050403,2007,3.745629595,0.003745649,3.74188386
111201050403,2008,3.012646221,0.003012631,3.009633505
111201050403,2009,3.289131266,0.003289296,3.28584214
111201050403,2010,5.045694956,0.005045521,5.040649268
111201050403,2011,5.363668071,0.005363638,5.358304436
111201050403,2012,4.951647809,0.004951672,4.946696052
111201050403,2013,5.081528986,0.00508151,5.07644731
111201050403,2014,4.011965589,0.004012022,4.007953482
111201050403,2015,2.605266447,0.002605274,2.602661088
111201050403,2016,3.371412437,0.003371421,3.368040932
111201050403,2017,3.345934252,0.003346005,3.342588244
111201050403,2018,3.972948082,0.00397294,3.968975058
111201050403,2019,4.895341071,0.004895332,4.890445737
111201050403,2020,5.923222019,0.005923153,5.917298784
111201050404,2000,0.841479227,0.000841467,0.840637675
111201050404,2001,0.654798044,0.000654899,0.65414323
111201050404,2002,1.076821929,0.001076863,1.075745151
111201050404,2003,0.741724852,0.00074174,0.740982945
111201050404,2004,0.852286751,0.000852273,0.851434478
111201050404,2005,1.050110501,0.001050189,1.049060227
111201050404,2006,1.027293616,0.001027255,1.026266277
111201050404,2007,0.959797052,0.00095991,0.958837145
111201050404,2008,0.589109074,0.000589134,0.588520191
111201050404,2009,1.274132436,0.00127411,1.272858156
111201050404,2010,1.365447364,0.001365395,1.364082049
111201050404,2011,1.406209899,0.001406233,1.404803666
111201050404,2012,1.682096199,0.001682057,1.680413975
111201050404,2013,1.312517649,0.001312512,1.311205052
111201050404,2014,1.287883638,0.001287932,1.286595707
111201050404,2015,1.212388627,0.001212334,1.211176208
111201050404,2016,1.295449546,0.001295454,1.294153923
111201050404,2017,0.978057868,0.000978063,0.977079723
111201050404,2018,1.463830118,0.001463836,1.462366285
111201050404,2019,1.232191685,0.001232227,1.230959542
111201050404,2020,2.215082962,0.002215049,2.212867913
111201050405,2000,2.888256273,0.0,2.888256273
111201050405,2001,3.220315926,0.0,3.220315926
111201050405,2002,2.615601279,0.0,2.615601279
111201050405,2003,2.82548097,0.0,2.82548097
111201050405,2004,3.100267205,0.0,3.100267205
111201050405,2005,3.731269937,0.0,3.731269937
111201050405,2006,2.952916247,0.0,2.952916247
111201050405,2007,4.457573521,0.0,4.457573521
111201050405,2008,2.413124415,0.0,2.413124415
111201050405,2009,3.908134367,0.0,3.908134367
111201050405,2010,5.666493137,0.0,5.666493137
111201050405,2011,6.143312318,0.0,6.143312318
111201050405,2012,4.221889724,0.0,4.221889724
111201050405,2013,4.849738236,0.0,4.849738236
111201050405,2014,5.333769195,0.0,5.333769195
111201050405,2015,3.470844715,0.0,3.470844715
111201050405,2016,3.245131495,0.0,3.245131495
111201050405,2017,4.554298296,0.0,4.554298296
111201050405,2018,5.458822173,0.0,5.458822173
111201050405,2019,4.279149274,0.0,4.279149274
111201050405,2020,4.52146827,0.0,4.52146827
111201050406,2000,1.485749434,0.0,1.485749434
111201050406,2001,1.731577975,0.0,1.731577975
111201050406,2002,0.628552682,0.0,0.628552682
111201050406,2003,1.450061633,0.0,1.450061633
111201050406,2004,0.831535325,0.0,0.831535325
111201050406,2005,1.859891874,0.0,1.859891874
111201050406,2006,0.883551622,0.0,0.883551622
111201050406,2007,2.073541011,0.0,2.073541011
111201050406,2008,1.067461082,0.0,1.067461082
111201050406,2009,1.398270849,0.0,1.398270849
111201050406,2010,1.632345921,0.0,1.632345921
111201050406,2011,1.356035992,0.0,1.356035992
111201050406,2012,1.444984776,0.0,1.444984776
111201050406,2013,1.126105099,0.0,1.126105099
111201050406,2014,1.721599767,0.0,1.721599767
111201050406,2015,0.83432791,0.0,0.83432791
111201050406,2016,1.525214156,0.0,1.525214156
111201050406,2017,1.236561578,0.0,1.236561578
111201050406,2018,1.548285433,0.0,1.548285433
111201050406,2019,1.591500403,0.0,1.591500403
111201050406,2020,1.116170432,0.0,1.116170432
111201050501,2000,0.95230841,0.0,0.95230841
111201050501,2001,0.713108956,0.0,0.713108956
111201050501,2002,0.597713562,0.0,0.597713562
111201050501,2003,0.441617085,0.0,0.441617085
111201050501,2004,0.282088541,0.0,0.282088541
111201050501,2005,0.349423145,0.0,0.349423145
111201050501,2006,0.070971885,0.0,0.070971885
111201050501,2007,1.043753693,0.0,1.043753693
111201050501,2008,0.78117723,0.0,0.78117723
111201050501,2009,0.499806945,0.0,0.499806945
111201050501,2010,1.052093614,0.0,1.052093614
111201050501,2011,0.388598521,0.0,0.388598521
111201050501,2012,1.093403784,0.0,1.093403784
111201050501,2013,0.923107022,0.0,0.923107022
111201050501,2014,1.041379408,0.0,1.041379408
111201050501,2015,0.021538175,0.0,0.021538175
111201050501,2016,0.957805842,0.0,0.957805842
111201050501,2017,0.165813518,0.0,0.165813518
111201050501,2018,0.167219962,0.0,0.167219962
111201050501,2019,0.804158496,0.0,0.804158496
111201050501,2020,0.76495971,0.0,0.76495971
111201050502,2000,0.628785525,0.0,0.628785525
111201050502,2001,0.281635025,0.0,0.281635025
111201050502,2002,0.475146775,0.0,0.475146775
111201050502,2003,0.714271255,0.0,0.714271255
111201050502,2004,0.393822538,0.0,0.393822538
111201050502,2005,0.654697836,0.0,0.654697836
111201050502,2006,0.389750247,0.0,0.389750247
111201050502,2007,0.543908205,0.0,0.543908205
111201050502,2008,0.410597997,0.0,0.410597997
111201050502,2009,0.476430877,0.0,0.476430877
111201050502,2010,0.155409386,0.0,0.155409386
111201050502,2011,0.807421126,0.0,0.807421126
111201050502,2012,0.644116814,0.0,0.644116814
111201050502,2013,0.814604953,0.0,0.814604953
111201050502,2014,0.750202819,0.0,0.750202819
111201050502,2015,0.0,0.0,0.0
111201050502,2016,0.519889902,0.0,0.519889902
111201050502,2017,0.051481071,0.0,0.051481071
111201050502,2018,0.822670156,0.0,0.822670156
111201050502,2019,0.689540515,0.0,0.689540515
111201050502,2020,0.641537596,0.0,0.641537596
111202010101,2000,0.557901057,0.000557776,0.557343199
111202010101,2001,0.644256819,0.000644151,0.643612584
111202010101,2002,1.840373918,0.001840447,1.838533471
111202010101,2003,0.403630003,0.000807151,0.402822855
111202010101,2004,0.988434579,0.001976847,0.986457732
111202010101,2005,1.09248683,0.001092518,1.09139431
111202010101,2006,0.307807795,0.000615592,0.307192121
111202010101,2007,0.886669838,0.000886674,0.885783247
111202010101,2008,0.833510238,0.001666822,0.831843164
111202010101,2009,0.855156474,0.001710332,0.853446058
111202010101,2010,0.470703948,0.000470685,0.470233266
111202010101,2011,0.651488247,0.001303033,0.650185296
111202010101,2012,0.385483003,0.00077097,0.384712112
111202010101,2013,0.635367948,0.001270666,0.6340972
111202010101,2014,0.454120526,0.000908293,0.453212148
111202010101,2015,0.373786501,0.000747559,0.373039195
111202010101,2016,1.180507311,0.002360967,1.178146429
111202010101,2017,0.616312589,0.001232529,0.615079808
111202010101,2018,0.352248244,0.00070454,0.351543707
111202010101,2019,1.147812436,0.002295589,1.145516932
111202010101,2020,0.566925137,0.000566883,0.566358172
111202010102,2000,0.914078276,0.0,0.914078276
111202010102,2001,0.624673488,0.0,0.624673488
111202010102,2002,0.837592726,0.0,0.837592726
111202010102,2003,1.031030323,0.0,1.031030323
111202010102,2004,0.925422503,0.0,0.925422503
111202010102,2005,1.182369688,0.0,1.182369688
111202010102,2006,0.90759197,0.0,0.90759197
111202010102,2007,1.290218479,0.0,1.290218479
111202010102,2008,1.145430566,0.0,1.145430566
111202010102,2009,1.193193759,0.0,1.193193759
111202010102,2010,1.04794643,0.0,1.04794643
111202010102,2011,1.591350356,0.0,1.591350356
111202010102,2012,1.677133085,0.0,1.677133085
111202010102,2013,1.52650683,0.0,1.52650683
111202010102,2014,1.61321583,0.0,1.61321583
111202010102,2015,1.228066373,0.0,1.228066373
111202010102,2016,1.575460361,0.0,1.575460361
111202010102,2017,0.910101781,0.0,0.910101781
111202010102,2018,1.862007364,0.0,1.862007364
111202010102,2019,1.653630192,0.0,1.653630192
111202010102,2020,2.074913292,0.0,2.074913292
111202010103,2000,1.437602552,0.0,1.437602552
111202010103,2001,0.925544534,0.0,0.925544534
111202010103,2002,0.912162658,0.0,0.912162658
111202010103,2003,1.072469395,0.0,1.072469395
111202010103,2004,0.651436828,0.0,0.651436828
111202010103,2005,1.048010712,0.0,1.048010712
111202010103,2006,0.907535622,0.0,0.907535622
111202010103,2007,0.986305945,0.0,0.986305945
111202010103,2008,1.245392872,0.0,1.245392872
111202010103,2009,0.661126685,0.0,0.661126685
111202010103,2010,0.972177699,0.0,0.972177699
111202010103,2011,0.871779822,0.0,0.871779822
111202010103,2012,0.813135751,0.0,0.813135751
111202010103,2013,2.063425688,0.0,2.063425688
111202010103,2014,1.054836849,0.0,1.054836849
111202010103,2015,1.165899148,0.0,1.165899148
111202010103,2016,0.924613626,0.0,0.924613626
111202010103,2017,0.801498792,0.0,0.801498792
111202010103,2018,1.589286825,0.0,1.589286825
111202010103,2019,1.076960014,0.0,1.076960014
111202010103,2020,1.302390631,0.0,1.302390631
111202010104,2000,5.757747142,0.0,5.757747142
111202010104,2001,3.82836529,0.0,3.82836529
111202010104,2002,4.756711175,0.0,4.756711175
111202010104,2003,4.711947466,0.0,4.711947466
111202010104,2004,4.400551926,0.0,4.400551926
111202010104,2005,4.741408515,0.0,4.741408515
111202010104,2006,5.251040751,0.0,5.251040751
111202010104,2007,4.965044337,0.0,4.965044337
111202010104,2008,5.821377265,0.0,5.821377265
111202010104,2009,6.496693414,0.0,6.496693414
111202010104,2010,8.215452578,0.0,8.215452578
111202010104,2011,9.561470674,0.0,9.561470674
111202010104,2012,9.458699137,0.0,9.458699137
111202010104,2013,10.988336532,0.0,10.988336532
111202010104,2014,9.36154391,0.0,9.36154391
111202010104,2015,6.375274178,0.0,6.375274178
111202010104,2016,7.384277432,0.0,7.384277432
111202010104,2017,7.581991285,0.0,7.581991285
111202010104,2018,8.037710449,0.0,8.037710449
111202010104,2019,9.135953542,0.0,9.135953542
111202010104,2020,11.16022562,0.0,11.16022562
111202010105,2000,1.777049301,0.0,1.777049301
111202010105,2001,1.73444169,0.0,1.73444169
111202010105,2002,2.035295688,0.0,2.035295688
111202010105,2003,1.866351488,0.0,1.866351488
111202010105,2004,1.646458016,0.0,1.646458016
111202010105,2005,1.868841285,0.0,1.868841285
111202010105,2006,1.894601997,0.0,1.894601997
111202010105,2007,1.525638145,0.0,1.525638145
111202010105,2008,2.274945451,0.0,2.274945451
111202010105,2009,2.610220468,0.0,2.610220468
111202010105,2010,2.703466247,0.0,2.703466247
111202010105,2011,3.91254771,0.0,3.91254771
111202010105,2012,3.406987153,0.0,3.406987153
111202010105,2013,3.015836077,0.0,3.015836077
111202010105,2014,2.81370474,0.0,2.81370474
111202010105,2015,2.022534003,0.0,2.022534003
111202010105,2016,2.551025385,0.0,2.551025385
111202010105,2017,2.383219488,0.0,2.383219488
111202010105,2018,2.697053471,0.0,2.697053471
111202010105,2019,2.502474345,0.0,2.502474345
111202010105,2020,3.255772068,0.0,3.255772068
111202010106,2000,1.834832101,0.0,1.834832101
111202010106,2001,1.789457945,0.0,1.789457945
111202010106,2002,2.178801668,0.0,2.178801668
111202010106,2003,2.087133732,0.0,2.087133732
111202010106,2004,1.356091049,0.0,1.356091049
111202010106,2005,1.576492427,0.0,1.576492427
111202010106,2006,1.904795521,0.0,1.904795521
111202010106,2007,1.231363808,0.0,1.231363808
111202010106,2008,1.285125699,0.0,1.285125699
111202010106,2009,1.758492932,0.0,1.758492932
111202010106,2010,2.565013745,0.0,2.565013745
111202010106,2011,2.157660929,0.0,2.157660929
111202010106,2012,2.162098757,0.0,2.162098757
111202010106,2013,2.11891283,0.0,2.11891283
111202010106,2014,2.121004452,0.0,2.121004452
111202010106,2015,1.312166605,0.0,1.312166605
111202010106,2016,1.797378858,0.0,1.797378858
111202010106,2017,1.438259044,0.0,1.438259044
111202010106,2018,2.207871504,0.0,2.207871504
111202010106,2019,2.071375784,0.0,2.071375784
111202010106,2020,2.591162117,0.0,2.591162117
111202010107,2000,3.11841924,0.0,3.11841924
111202010107,2001,2.089385329,0.0,2.089385329
111202010107,2002,2.514081019,0.0,2.514081019
111202010107,2003,3.060022167,0.0,3.060022167
111202010107,2004,2.608334169,0.0,2.608334169
111202010107,2005,2.369788814,0.0,2.369788814
111202010107,2006,2.830394959,0.0,2.830394959
111202010107,2007,3.574014764,0.0,3.574014764
111202010107,2008,3.019119495,0.0,3.019119495
111202010107,2009,2.831587638,0.0,2.831587638
111202010107,2010,2.912417915,0.0,2.912417915
111202010107,2011,4.898886638,0.0,4.898886638
111202010107,2012,4.954441333,0.0,4.954441333
111202010107,2013,4.267732699,0.0,4.267732699
111202010107,2014,4.577520293,0.0,4.577520293
111202010107,2015,2.368823605,0.0,2.368823605
111202010107,2016,2.357211836,0.0,2.357211836
111202010107,2017,1.956377353,0.0,1.956377353
111202010107,2018,3.948518425,0.0,3.948518425
111202010107,2019,3.249689529,0.0,3.249689529
111202010107,2020,5.117007303,0.0,5.117007303
111202010108,2000,3.313540003,0.0,3.313540003
111202010108,2001,3.691289912,0.0,3.691289912
111202010108,2002,3.74365649,0.0,3.74365649
111202010108,2003,3.284424142,0.0,3.284424142
111202010108,2004,3.117455918,0.0,3.117455918
111202010108,2005,2.496064745,0.0,2.496064745
111202010108,2006,3.238842929,0.0,3.238842929
111202010108,2007,3.275226238,0.0,3.275226238
111202010108,2008,3.611688915,0.0,3.611688915
111202010108,2009,3.889616896,0.0,3.889616896
111202010108,2010,4.222505575,0.0,4.222505575
111202010108,2011,4.718479022,0.0,4.718479022
111202010108,2012,4.152531046,0.0,4.152531046
111202010108,2013,3.964401173,0.0,3.964401173
111202010108,2014,3.175918825,0.0,3.175918825
111202010108,2015,3.6049132,0.0,3.6049132
111202010108,2016,3.695105172,0.0,3.695105172
111202010108,2017,3.806020071,0.0,3.806020071
111202010108,2018,3.158728775,0.0,3.158728775
111202010108,2019,3.524724471,0.0,3.524724471
111202010108,2020,4.186590109,0.0,4.186590109
111202010201,2000,0.00897409,0.0,0.00897409
111202010201,2001,0.00895657,0.0,0.00895657
111202010201,2002,0.006706638,0.0,0.006706638
111202010201,2003,0.009546529,0.0,0.009546529
111202010201,2004,0.002277399,0.0,0.002277399
111202010201,2005,0.000133274,0.0,0.000133274
111202010201,2006,0.010249455,0.0,0.010249455
111202010201,2007,0.0,0.0,0.0
111202010201,2008,0.009345292,0.0,0.009345292
111202010201,2009,2.099e-06,0.0,2.099e-06
111202010201,2010,0.0,0.0,0.0
111202010201,2011,0.01525706,0.0,0.01525706
111202010201,2012,1.089864604,0.0,1.089864604
111202010201,2013,1.427e-06,0.0,1.427e-06
111202010201,2014,0.858738093,0.0,0.858738093
111202010201,2015,0.00792769,0.0,0.00792769
111202010201,2016,0.691161519,0.0,0.691161519
111202010201,2017,0.007708455,0.0,0.007708455
111202010201,2018,0.693127822,0.0,0.693127822
111202010201,2019,0.580900025,0.0,0.580900025
111202010201,2020,0.984068025,0.0,0.984068025
111202010202,2000,0.0,0.0,0.0
111202010202,2001,0.0,0.0,0.0
111202010202,2002,0.000574208,0.0,0.000574208
111202010202,2003,0.0,0.0,0.0
111202010202,2004,0.0,0.0,0.0
111202010202,2005,0.0,0.0,0.0
111202010202,2006,0.0,0.0,0.0
111202010202,2007,0.0,0.0,0.0
111202010202,2008,0.0,0.0,0.0
111202010202,2009,0.000623425,0.0,0.000623425
111202010202,2010,0.0,0.0,0.0
111202010202,2011,0.0,0.0,0.0
111202010202,2012,0.0,0.0,0.0
111202010202,2013,0.0,0.0,0.0
111202010202,2014,0.0,0.0,0.0
111202010202,2015,0.0,0.0,0.0
111202010202,2016,0.0,0.0,0.0
111202010202,2017,0.0,0.0,0.0
111202010202,2018,0.0,0.0,0.0
111202010202,2019,0.0,0.0,0.0
111202010202,2020,0.0,0.0,0.0
111202010203,2000,5.639036544,0.0,5.639036544
111202010203,2001,5.862253975,0.0,5.862253975
111202010203,2002,6.823106932,0.0,6.823106932
111202010203,2003,7.179097268,0.0,7.179097268
111202010203,2004,5.772013462,0.0,5.772013462
111202010203,2005,6.502405918,0.0,6.502405918
111202010203,2006,7.278917953,0.0,7.278917953
111202010203,2007,6.421519433,0.0,6.421519433
111202010203,2008,7.05822038,0.0,7.05822038
111202010203,2009,7.704168466,0.0,7.704168466
111202010203,2010,7.570623005,0.0,7.570623005
111202010203,2011,10.425921948,0.0,10.425921948
111202010203,2012,7.45487527,0.0,7.45487527
111202010203,2013,7.229805351,0.0,7.229805351
111202010203,2014,6.167469986,0.0,6.167469986
111202010203,2015,5.28937343,0.0,5.28937343
111202010203,2016,7.436634847,0.0,7.436634847
111202010203,2017,6.941372819,0.0,6.941372819
111202010203,2018,7.55358723,0.0,7.55358723
111202010203,2019,8.151572132,0.0,8.151572132
111202010203,2020,8.112820956,0.0,8.112820956
111202010204,2000,2.154604347,0.0,2.154604347
111202010204,2001,2.186305005,0.0,2.186305005
111202010204,2002,3.143933499,0.0,3.143933499
111202010204,2003,2.807882805,0.0,2.807882805
111202010204,2004,2.821818888,0.0,2.821818888
111202010204,2005,2.842258156,0.0,2.842258156
111202010204,2006,3.063453153,0.0,3.063453153
111202010204,2007,2.759670622,0.0,2.759670622
111202010204,2008,3.305892232,0.0,3.305892232
111202010204,2009,3.650219721,0.0,3.650219721
111202010204,2010,3.647269132,0.0,3.647269132
111202010204,2011,6.462962496,0.0,6.462962496
111202010204,2012,5.269595366,0.0,5.269595366
111202010204,2013,4.540143756,0.0,4.540143756
111202010204,2014,4.633238792,0.0,4.633238792
111202010204,2015,3.078579597,0.0,3.078579597
111202010204,2016,3.621923533,0.0,3.621923533
111202010204,2017,4.112712786,0.0,4.112712786
111202010204,2018,4.6394056,0.0,4.6394056
111202010204,2019,4.562994162,0.0,4.562994162
111202010204,2020,6.611212366,0.0,6.611212366
111202010205,2000,2.430820511,0.0,2.430820511
111202010205,2001,2.365720721,0.0,2.365720721
111202010205,2002,2.485817471,0.0,2.485817471
111202010205,2003,2.132103682,0.0,2.132103682
111202010205,2004,1.596982432,0.0,1.596982432
111202010205,2005,2.208907718,0.0,2.208907718
111202010205,2006,2.482310512,0.0,2.482310512
111202010205,2007,1.994030789,0.0,1.994030789
111202010205,2008,2.608511746,0.0,2.608511746
111202010205,2009,3.178133066,0.0,3.178133066
111202010205,2010,2.978484214,0.0,2.978484214
111202010205,2011,3.880176003,0.0,3.880176003
111202010205,2012,3.558144563,0.0,3.558144563
111202010205,2013,3.332975085,0.0,3.332975085
111202010205,2014,3.432460447,0.0,3.432460447
111202010205,2015,2.348987301,0.0,2.348987301
111202010205,2016,3.115605254,0.0,3.115605254
111202010205,2017,3.171734427,0.0,3.171734427
111202010205,2018,2.84219809,0.0,2.84219809
111202010205,2019,3.255622203,0.0,3.255622203
111202010205,2020,3.446363257,0.0,3.446363257
111202010206,2000,2.212976631,0.0,2.212976631
111202010206,2001,1.476318521,0.0,1.476318521
111202010206,2002,2.585011364,0.0,2.585011364
111202010206,2003,2.008947151,0.0,2.008947151
111202010206,2004,2.106278284,0.0,2.106278284
111202010206,2005,1.918112058,0.0,1.918112058
111202010206,2006,2.028475049,0.0,2.028475049
111202010206,2007,1.634251723,0.0,1.634251723
111202010206,2008,2.051479295,0.0,2.051479295
111202010206,2009,2.075110227,0.0,2.075110227
111202010206,2010,2.230041855,0.0,2.230041855
111202010206,2011,2.354953433,0.0,2.354953433
111202010206,2012,1.498559464,0.0,1.498559464
111202010206,2013,1.857990123,0.0,1.857990123
111202010206,2014,1.981015874,0.0,1.981015874
111202010206,2015,1.268953948,0.0,1.268953948
111202010206,2016,2.160409811,0.0,2.160409811
111202010206,2017,2.077887778,0.0,2.077887778
111202010206,2018,2.21269977,0.0,2.21269977
111202010206,2019,2.392333085,0.0,2.392333085
111202010206,2020,2.235506344,0.0,2.235506344
111202010207,2000,2.545967303,0.0,2.545967303
111202010207,2001,2.203103247,0.0,2.203103247
111202010207,2002,2.394516803,0.0,2.394516803
111202010207,2003,2.663223362,0.0,2.663223362
111202010207,2004,2.027866347,0.0,2.027866347
111202010207,2005,2.185006077,0.0,2.185006077
111202010207,2006,2.258352271,0.0,2.258352271
111202010207,2007,2.159271312,0.0,2.159271312
111202010207,2008,1.907999303,0.0,1.907999303
111202010207,2009,2.963036677,0.0,2.963036677
111202010207,2010,2.401974603,0.0,2.401974603
111202010207,2011,4.303275663,0.0,4.303275663
111202010207,2012,2.76185068,0.0,2.76185068
111202010207,2013,2.993663992,0.0,2.993663992
111202010207,2014,2.606395145,0.0,2.606395145
111202010207,2015,2.019078153,0.0,2.019078153
111202010207,2016,3.555554087,0.0,3.555554087
111202010207,2017,2.92629723,0.0,2.92629723
111202010207,2018,3.066841975,0.0,3.066841975
111202010207,2019,3.102714205,0.0,3.102714205
111202010207,2020,3.661070306,0.0,3.661070306
111202010208,2000,0.0,0.0,0.0
111202010208,2001,0.0,0.0,0.0
111202010208,2002,0.112656638,0.0,0.112656638
111202010208,2003,0.155558879,0.0,0.155558879
111202010208,2004,0.075149527,0.0,0.075149527
111202010208,2005,0.153254044,0.0,0.153254044
111202010208,2006,0.0,0.0,0.0
111202010208,2007,0.118639326,0.0,0.118639326
111202010208,2008,0.0,0.0,0.0
111202010208,2009,0.342595468,0.0,0.342595468
111202010208,2010,0.418676386,0.0,0.418676386
111202010208,2011,0.0,0.0,0.0
111202010208,2012,0.416265814,0.0,0.416265814
111202010208,2013,0.0,0.0,0.0
111202010208,2014,0.0,0.0,0.0
111202010208,2015,0.0,0.0,0.0
111202010208,2016,0.0,0.0,0.0
111202010208,2017,0.0,0.0,0.0
111202010208,2018,0.0,0.0,0.0
111202010208,2019,0.0,0.0,0.0
111202010208,2020,0.0,0.0,0.0
111202010209,2000,0.004241686,0.0,0.004241686
111202010209,2001,0.0,0.0,0.0
111202010209,2002,0.958987044,0.0,0.958987044
111202010209,2003,0.974804312,0.0,0.974804312
111202010209,2004,0.515679158,0.0,0.515679158
111202010209,2005,0.886026967,0.0,0.886026967
111202010209,2006,0.0,0.0,0.0
111202010209,2007,0.894975553,0.0,0.894975553
111202010209,2008,0.003049746,0.0,0.003049746
111202010209,2009,0.612673351,0.0,0.612673351
111202010209,2010,0.483093578,0.0,0.483093578
111202010209,2011,0.010273901,0.0,0.010273901
111202010209,2012,0.723935541,0.0,0.723935541
111202010209,2013,0.009819277,0.0,0.009819277
111202010209,2014,0.008602033,0.0,0.008602033
111202010209,2015,0.00033314,0.0,0.00033314
111202010209,2016,0.010091858,0.0,0.010091858
111202010209,2017,0.002658082,0.0,0.002658082
111202010209,2018,0.008158942,0.0,0.008158942
111202010209,2019,0.007537027,0.0,0.007537027
111202010209,2020,0.018939311,0.0,0.018939311
111202010210,2000,0.0,0.0,0.0
111202010210,2001,0.0,0.0,0.0
111202010210,2002,0.111738775,0.0,0.111738775
111202010210,2003,0.08588443,0.0,0.08588443
111202010210,2004,0.069270672,0.0,0.069270672
111202010210,2005,0.196060315,0.0,0.196060315
111202010210,2006,0.0,0.0,0.0
111202010210,2007,0.087476016,0.0,0.087476016
111202010210,2008,0.0,0.0,0.0
111202010210,2009,0.0,0.0,0.0
111202010210,2010,0.082777847,0.0,0.082777847
111202010210,2011,0.0,0.0,0.0
111202010210,2012,0.062377593,0.0,0.062377593
111202010210,2013,0.0,0.0,0.0
111202010210,2014,0.0,0.0,0.0
111202010210,2015,0.0,0.0,0.0
111202010210,2016,0.0,0.0,0.0
111202010210,2017,0.0,0.0,0.0
111202010210,2018,0.0,0.0,0.0
111202010210,2019,0.0,0.0,0.0
111202010210,2020,0.0,0.0,0.0
111202010211,2000,0.804916719,0.0,0.804916719
111202010211,2001,0.709039934,0.0,0.709039934
111202010211,2002,0.63608309,0.0,0.63608309
111202010211,2003,0.556473049,0.0,0.556473049
111202010211,2004,0.672907536,0.0,0.672907536
111202010211,2005,1.425180299,0.0,1.425180299
111202010211,2006,1.604286953,0.0,1.604286953
111202010211,2007,0.844702482,0.0,0.844702482
111202010211,2008,0.810870224,0.0,0.810870224
111202010211,2009,1.030245707,0.0,1.030245707
111202010211,2010,0.652908082,0.0,0.652908082
111202010211,2011,1.489651515,0.0,1.489651515
111202010211,2012,1.923142221,0.0,1.923142221
111202010211,2013,1.082121523,0.0,1.082121523
111202010211,2014,0.994224721,0.0,0.994224721
111202010211,2015,0.823979915,0.0,0.823979915
111202010211,2016,0.862305347,0.0,0.862305347
111202010211,2017,0.856507181,0.0,0.856507181
111202010211,2018,0.910786244,0.0,0.910786244
111202010211,2019,1.194613767,0.0,1.194613767
111202010211,2020,0.937208342,0.0,0.937208342
111202020101,2000,1.839235276,0.0,1.839235276
111202020101,2001,2.344457605,0.0,2.344457605
111202020101,2002,2.642155512,0.0,2.642155512
111202020101,2003,2.32586337,0.0,2.32586337
111202020101,2004,2.408059751,0.0,2.408059751
111202020101,2005,2.568044241,0.0,2.568044241
111202020101,2006,2.870528915,0.0,2.870528915
111202020101,2007,2.503232937,0.0,2.503232937
111202020101,2008,2.197929194,0.0,2.197929194
111202020101,2009,3.420997208,0.0,3.420997208
111202020101,2010,2.403071989,0.0,2.403071989
111202020101,2011,3.58745629,0.0,3.58745629
111202020101,2012,3.185371825,0.0,3.185371825
111202020101,2013,3.558730614,0.0,3.558730614
111202020101,2014,2.761438592,0.0,2.761438592
111202020101,2015,1.919900329,0.0,1.919900329
111202020101,2016,2.64821824,0.0,2.64821824
111202020101,2017,2.933629329,0.0,2.933629329
111202020101,2018,3.235753622,0.0,3.235753622
111202020101,2019,3.477617863,0.0,3.477617863
111202020101,2020,3.620165817,0.0,3.620165817
111202020102,2000,0.800156249,0.000800137,0.799356112
111202020102,2001,0.478902614,0.000478899,0.4784238
111202020102,2002,1.022442545,0.001022452,1.02142026
111202020102,2003,0.848235616,0.000848225,0.847387474
111202020102,2004,0.887907571,0.00088791,0.887019661
111202020102,2005,0.758998674,0.000758923,0.758239666
111202020102,2006,0.871603474,0.000871734,0.870731907
111202020102,2007,0.365053877,0.000365145,0.364688814
111202020102,2008,0.206124792,0.0,0.206124792
111202020102,2009,1.368596545,0.001368595,1.367228033
111202020102,2010,0.685119016,0.000685027,0.68443374
111202020102,2011,1.528211899,0.001528315,1.526683499
111202020102,2012,1.944977066,0.001944893,1.943032172
111202020102,2013,1.703575373,0.00170371,1.701871915
111202020102,2014,2.561092479,0.0,2.561092479
111202020102,2015,1.137364304,0.0,1.137364304
111202020102,2016,1.687722467,0.0,1.687722467
111202020102,2017,2.237310912,0.0,2.237310912
111202020102,2018,2.084364578,0.002084364,2.082279967
111202020102,2019,2.305253562,0.0,2.305253562
111202020102,2020,2.109559508,0.0,2.109559508
111202020103,2000,0.47890618,0.000478986,0.478427273
111202020103,2001,0.365534625,0.000365564,0.365169142
111202020103,2002,0.426188082,0.000426145,0.425761937
111202020103,2003,0.66139766,0.000661299,0.660736359
111202020103,2004,0.452846923,0.000452888,0.452394036
111202020103,2005,0.863798827,0.000863805,0.862934937
111202020103,2006,0.214521192,0.000214532,0.214306575
111202020103,2007,0.421440595,0.000421477,0.421019118
111202020103,2008,0.255935117,0.000255962,0.255679074
111202020103,2009,0.304876101,0.000304879,0.304571307
111202020103,2010,0.333240055,0.000333181,0.33290671
111202020103,2011,0.602173614,0.000602178,0.601571436
111202020103,2012,0.863707525,0.000863686,0.862843754
111202020103,2013,0.2151992,0.000215197,0.214983918
111202020103,2014,0.243396288,0.000243389,0.243152986
111202020103,2015,0.245044685,0.000245096,0.244799674
111202020103,2016,0.185645093,0.000185612,0.185459396
111202020103,2017,0.065686822,6.571e-05,0.065621112
111202020103,2018,0.539042151,0.00053897,0.538503263
111202020103,2019,0.818822962,0.000818699,0.818004096
111202020103,2020,0.466904776,0.000466806,0.466437803
111202020104,2000,3.009896836,0.003009877,3.006886962
111202020104,2001,2.171756252,0.002171748,2.169584337
111202020104,2002,1.801476337,0.00180154,1.799674882
111202020104,2003,3.343339784,0.003343181,3.339996682
111202020104,2004,3.769075792,0.003769016,3.765306776
111202020104,2005,3.626916693,0.003626921,3.62328969
111202020104,2006,4.974730611,0.004974748,4.969756033
111202020104,2007,3.711584849,0.003711532,3.707873236
111202020104,2008,3.755732194,0.003755844,3.751976596
111202020104,2009,4.455229104,0.004455203,4.450773981
111202020104,2010,3.695997688,0.003696033,3.692301737
111202020104,2011,4.882777729,0.004882732,4.877894912
111202020104,2012,6.049420087,0.00604927,6.04337065
111202020104,2013,4.553745981,0.00455374,4.549192238
111202020104,2014,3.891640995,0.003891616,3.887749378
111202020104,2015,2.362193411,0.00236223,2.359831181
111202020104,2016,3.647922577,0.003647858,3.644274634
111202020104,2017,4.978876704,0.004978833,4.973897786
111202020104,2018,5.261895967,0.005261866,5.256633934
111202020104,2019,4.820884658,0.004820904,4.816063836
111202020104,2020,4.928703003,0.004928631,4.92377412
111202020105,2000,0.262219623,0.000262227,0.261957399
111202020105,2001,0.260682707,0.000260707,0.260422085
111202020105,2002,0.292429493,0.000292381,0.292136942
111202020105,2003,0.261473868,0.000261507,0.261212195
111202020105,2004,0.223800948,0.000223806,0.223577227
111202020105,2005,0.229501474,0.000229493,0.229272233
111202020105,2006,0.167574093,0.000167668,0.16740651
111202020105,2007,0.255733427,0.000255795,0.255477551
111202020105,2008,0.177380631,0.000177396,0.177203235
111202020105,2009,0.127715068,0.000127649,0.127587167
111202020105,2010,0.416899348,0.000416841,0.41648251
111202020105,2011,0.254160545,0.000254208,0.253906255
111202020105,2012,0.321844907,0.000321828,0.321522997
111202020105,2013,0.145001071,0.00014506,0.144856096
111202020105,2014,0.187984195,0.000187959,0.187796071
111202020105,2015,0.181603737,0.000181562,0.181422093
111202020105,2016,0.244901951,0.000244915,0.244657123
111202020105,2017,0.191957858,0.000191932,0.191765926
111202020105,2018,0.213900701,0.000213989,0.213686795
111202020105,2019,0.660850244,0.000660877,0.660189367
111202020105,2020,0.200051404,0.000199978,0.199851511
111202020106,2000,0.521248738,0.000521265,0.520727388
111202020106,2001,0.418594693,0.000418581,0.418176195
111202020106,2002,0.429282945,0.000429337,0.428853693
111202020106,2003,0.518227888,0.000518293,0.517709679
111202020106,2004,0.685874743,0.000685825,0.685188836
111202020106,2005,0.745515244,0.000745564,0.744769682
111202020106,2006,0.566993477,0.000567055,0.566426507
111202020106,2007,0.94906323,0.000949123,0.948114192
111202020106,2008,0.57703741,0.000576997,0.576460415
111202020106,2009,1.034590312,0.001034633,1.033555847
111202020106,2010,1.253045203,0.001253041,1.251792159
111202020106,2011,1.352186636,0.001352301,1.350834419
111202020106,2012,1.081267216,0.001081148,1.080185899
111202020106,2013,1.085340877,0.001085312,1.084255567
111202020106,2014,1.111918181,0.001111956,1.110806307
111202020106,2015,0.990141775,0.000990112,0.989151581
111202020106,2016,1.332092872,0.001331943,1.33076068
111202020106,2017,1.024795984,0.001024871,1.023771112
111202020106,2018,1.017179556,0.001017233,1.016162408
111202020106,2019,0.946020488,0.000946074,0.945074411
111202020106,2020,1.017565978,0.001017391,1.016548418
111202020107,2000,0.901454175,0.000901434,0.90055274
111202020107,2001,0.542201523,0.000542318,0.541659293
111202020107,2002,0.527086307,0.000527077,0.526559315
111202020107,2003,0.7447164,0.000744827,0.743971485
111202020107,2004,1.148391959,0.001148426,1.147243615
111202020107,2005,1.061107326,0.001061129,1.060046115
111202020107,2006,0.976539033,0.000976501,0.975562532
111202020107,2007,1.01551331,0.001015447,1.014497696
111202020107,2008,0.760122011,0.000760186,0.759361907
111202020107,2009,0.959799567,0.000959934,0.958839633
111202020107,2010,1.341065962,0.00134106,1.339724816
111202020107,2011,1.279295959,0.001279252,1.278016627
111202020107,2012,0.939608265,0.00093962,0.938668563
111202020107,2013,1.442900822,0.001442964,1.441457945
111202020107,2014,1.007446688,0.001007397,1.00643929
111202020107,2015,0.843965241,0.000844008,0.843121312
111202020107,2016,1.085290402,0.001085355,1.084204962
111202020107,2017,0.984462874,0.000984471,0.983478403
111202020107,2018,1.166890162,0.001166896,1.165723184
111202020107,2019,1.318832326,0.001318904,1.317513507
111202020107,2020,1.15466641,0.001154708,1.153511787
111202020108,2000,14.516297093,0.01451635,14.501780913
111202020108,2001,13.870367477,0.013870288,13.856497107
111202020108,2002,13.187377233,0.013187359,13.174189959
111202020108,2003,16.081224271,0.016081274,16.06514291
111202020108,2004,15.561736197,0.015561669,15.546174691
111202020108,2005,15.853702493,0.015853562,15.837848764
111202020108,2006,18.702936115,0.01870283,18.684233203
111202020108,2007,12.339373805,0.012339471,12.327034332
111202020108,2008,13.682533918,0.013682448,13.66885147
111202020108,2009,16.074911762,0.016074811,16.058836868
111202020108,2010,16.654467822,0.016654523,16.637813548
111202020108,2011,22.029938471,0.022029929,22.007908458
111202020108,2012,21.68552512,0.02168553,21.663839505
111202020108,2013,18.060387356,0.018060381,18.04232689
111202020108,2014,14.955422373,0.014955518,14.940467107
111202020108,2015,11.15189666,0.011151929,11.140744816
111202020108,2016,14.020403115,0.014020475,14.006382639
111202020108,2017,16.620111704,0.01662006,16.603491644
111202020108,2018,18.616753797,0.018616822,18.598137058
111202020108,2019,17.977331707,0.017977411,17.959354378
111202020108,2020,19.756851178,0.019756754,19.737094342
111202020201,2000,8.696246112,0.008696164,8.687549866
111202020201,2001,7.783091485,0.007782986,7.775308414
111202020201,2002,8.942827833,0.008942973,8.933885027
111202020201,2003,8.893919,0.008893986,8.885025096
111202020201,2004,7.374918932,0.007374792,7.367544057
111202020201,2005,7.81003691,0.007810022,7.802226808
111202020201,2006,10.136285814,0.010136304,10.126149592
111202020201,2007,7.433065671,0.007433151,7.425632688
111202020201,2008,8.342433383,0.008342445,8.334090858
111202020201,2009,8.707234427,0.008707129,8.698527132
111202020201,2010,9.816268789,0.009816299,9.80645257
111202020201,2011,11.282545973,0.011282674,11.271263299
111202020201,2012,10.697988071,0.010698066,10.687290008
111202020201,2013,11.787594474,0.011787595,11.775806879
111202020201,2014,7.86419503,0.007864263,7.856330764
111202020201,2015,5.243484855,0.005243479,5.238241373
111202020201,2016,8.31703859,0.008317066,8.30872144
111202020201,2017,8.84180594,0.008841973,8.832964134
111202020201,2018,9.427685822,0.009427595,9.418257975
111202020201,2019,8.47254197,0.008472589,8.464069633
111202020201,2020,10.317876011,0.010317768,10.307558077
111202020202,2000,4.34962888,0.004349538,4.345279257
111202020202,2001,4.345776244,0.004345767,4.341430474
111202020202,2002,4.28190534,0.004281967,4.277623373
111202020202,2003,4.714687636,0.004714756,4.709973044
111202020202,2004,5.077697055,0.005077792,5.072619262
111202020202,2005,4.869242671,0.004869364,4.864373562
111202020202,2006,6.255168137,0.006255151,6.248912986
111202020202,2007,4.257144926,0.004257044,4.252887545
111202020202,2008,4.781091344,0.004781096,4.776310251
111202020202,2009,5.242565855,0.005242611,5.237323414
111202020202,2010,5.877579285,0.005877638,5.871701816
111202020202,2011,6.836830216,0.006836721,6.829993329
111202020202,2012,5.585690011,0.005585626,5.580104301
111202020202,2013,6.36714591,0.006367115,6.360778877
111202020202,2014,5.75112877,0.005751011,5.745377674
111202020202,2015,3.620618005,0.003620668,3.616997507
111202020202,2016,4.533812937,0.004533667,4.529279189
111202020202,2017,5.786093721,0.005786074,5.780307729
111202020202,2018,6.26762914,0.006267627,6.261361348
111202020202,2019,5.454196153,0.005454148,5.448741753
111202020202,2020,7.011216049,0.007011268,7.004204784
111202020203,2000,0.0,0.0,0.0
111202020203,2001,0.037366616,3.7318e-05,0.037329299
111202020203,2002,0.177628986,0.000177542,0.177451359
111202020203,2003,0.120721614,0.000120797,0.120600899
111202020203,2004,0.041719219,4.1781e-05,0.04167744
111202020203,2005,0.222276425,0.000222301,0.222054044
111202020203,2006,0.174051019,0.000173937,0.17387683
111202020203,2007,0.0,0.0,0.0
111202020203,2008,0.056078429,5.6158e-05,0.056022104
111202020203,2009,0.017486408,1.7375e-05,0.017468951
111202020203,2010,0.430670115,0.000430715,0.430239482
111202020203,2011,0.474592663,0.000474658,0.474118008
111202020203,2012,3.27e-06,0.0,3.27e-06
111202020203,2013,0.122047373,0.000122066,0.121925307
111202020203,2014,0.055724501,5.5644e-05,0.055668858
111202020203,2015,0.294553099,0.000294532,0.29425857
111202020203,2016,0.364979093,0.000364984,0.364614109
111202020203,2017,0.162493658,0.000162425,0.162331151
111202020203,2018,0.605504811,0.000605488,0.604899408
111202020203,2019,0.691285438,0.000691274,0.690594167
111202020203,2020,0.793104158,0.000793194,0.792311046
111202020204,2000,2.180037301,0.002180027,2.177857189
111202020204,2001,3.538018775,0.003537997,3.534480693
111202020204,2002,1.720904375,0.001721003,1.719183542
111202020204,2003,2.138530249,0.002138449,2.13639163
111202020204,2004,2.149214784,0.002149199,2.147065585
111202020204,2005,3.954243575,0.003954332,3.950289326
111202020204,2006,1.350115515,0.00135023,1.348765534
111202020204,2007,3.69673729,0.003696734,3.693040723
111202020204,2008,3.899000279,0.003898986,3.895101377
111202020204,2009,2.505543104,0.002505584,2.503037603
111202020204,2010,4.586153915,0.004586132,4.581567784
111202020204,2011,2.041436266,0.002041353,2.039394915
111202020204,2012,2.356756893,0.002356784,2.354400112
111202020204,2013,4.774733411,0.004774888,4.769958773
111202020204,2014,3.345949411,0.003345926,3.342603482
111202020204,2015,2.039297422,0.002039279,2.037258058
111202020204,2016,4.83874571,0.004838795,4.833907085
111202020204,2017,3.018879764,0.003018918,3.015861096
111202020204,2018,2.033427608,0.002033526,2.031393915
111202020204,2019,5.603113932,0.005603241,5.597510937
111202020204,2020,2.325595339,0.002325623,2.323269716
111202020205,2000,1.314002915,0.001313989,1.312688926
111202020205,2001,1.698516162,0.001698545,1.696817701
111202020205,2002,1.748728356,0.001748707,1.746979482
111202020205,2003,1.331163688,0.001331247,1.329832611
111202020205,2004,1.489215598,0.001489178,1.487726421
111202020205,2005,2.00659646,0.002006553,2.004589822
111202020205,2006,1.653750107,0.001653677,1.652096345
111202020205,2007,1.598314375,0.001598255,1.596716121
111202020205,2008,1.837225434,0.001837202,1.835388399
111202020205,2009,1.270949619,0.001270921,1.269678699
111202020205,2010,1.933900918,0.001933932,1.931966899
111202020205,2011,0.98491803,0.000984918,0.98393303
111202020205,2012,1.23610579,0.001236055,1.234869484
111202020205,2013,2.79203003,0.002792038,2.78923791
111202020205,2014,1.560792367,0.001560699,1.559231501
111202020205,2015,0.870677926,0.000870729,0.869807197
111202020205,2016,2.211703833,0.002211582,2.209492167
111202020205,2017,2.252161436,0.002252225,2.249909548
111202020205,2018,0.955342274,0.000955296,0.954386893
111202020205,2019,2.5539902,0.002553825,2.551436038
111202020205,2020,1.09066921,0.001090544,1.0895785
111202020206,2000,0.05460535,5.4454e-05,0.054550727
111202020206,2001,0.051683934,5.1671e-05,0.051632263
111202020206,2002,0.023018721,2.3068e-05,0.022995737
111202020206,2003,0.0,0.0,0.0
111202020206,2004,0.0,0.0,0.0
111202020206,2005,0.047336858,4.7397e-05,0.047289458
111202020206,2006,0.017897775,1.7885e-05,0.01787989
111202020206,2007,0.07897489,7.8912e-05,0.078895978
111202020206,2008,0.026286913,2.6298e-05,0.026260697
111202020206,2009,0.021993307,2.1989e-05,0.021971405
111202020206,2010,0.0196672,1.9666e-05,0.019647452
111202020206,2011,0.106600833,0.000106592,0.106494408
111202020206,2012,0.0,0.0,0.0
111202020206,2013,0.095818233,9.5858e-05,0.095722293
111202020206,2014,0.0,0.0,0.0
111202020206,2015,0.036773071,3.6693e-05,0.036736381
111202020206,2016,0.133330645,0.000133268,0.133197377
111202020206,2017,0.021218956,2.134e-05,0.021197868
111202020206,2018,0.0,0.0,0.0
111202020206,2019,0.137900523,0.000137907,0.137762532
111202020206,2020,0.171477593,0.000171574,0.171306101
111203010101,2000,0.12050847,0.000120508,0.120387877
111203010101,2001,0.071504252,0.0,0.071504252
111203010101,2002,0.235507164,0.0,0.235507164
111203010101,2003,0.162530238,0.0,0.162530238
111203010101,2004,0.148141792,0.000148158,0.147993716
111203010101,2005,0.290255811,0.0,0.290255811
111203010101,2006,0.233235419,0.0,0.233235419
111203010101,2007,0.339638153,0.00033974,0.33929866
111203010101,2008,0.164109795,0.0,0.164109795
111203010101,2009,0.300725364,0.000300723,0.300424723
111203010101,2010,0.262317129,0.0,0.262317129
111203010101,2011,0.32597491,0.000325981,0.325648759
111203010101,2012,0.302721279,0.0,0.302721279
111203010101,2013,0.309073397,0.0,0.309073397
111203010101,2014,0.290262907,0.0,0.290262907
111203010101,2015,0.185055079,0.0,0.185055079
111203010101,2016,0.069187719,0.0,0.069187719
111203010101,2017,0.303799742,0.0,0.303799742
111203010101,2018,0.241120529,0.0,0.241120529
111203010101,2019,0.10380343,0.0,0.10380343
111203010101,2020,0.387659445,0.0,0.387659445
111203010102,2000,2.532253161,0.0,2.532253161
111203010102,2001,2.411828241,0.0,2.411828241
111203010102,2002,1.86801411,0.0,1.86801411
111203010102,2003,1.957181132,0.0,1.957181132
111203010102,2004,1.799639352,0.0,1.799639352
111203010102,2005,3.063635321,0.0,3.063635321
111203010102,2006,1.636205542,0.0,1.636205542
111203010102,2007,3.803969433,0.0,3.803969433
111203010102,2008,1.98846415,0.0,1.98846415
111203010102,2009,2.532518647,0.0,2.532518647
111203010102,2010,2.964908674,0.0,2.964908674
111203010102,2011,2.960209063,0.0,2.960209063
111203010102,2012,2.065398784,0.0,2.065398784
111203010102,2013,2.756667458,0.0,2.756667458
111203010102,2014,2.540147899,0.0,2.540147899
111203010102,2015,1.065116129,0.0,1.065116129
111203010102,2016,2.829175044,0.0,2.829175044
111203010102,2017,2.200813603,0.0,2.200813603
111203010102,2018,3.041459885,0.0,3.041459885
111203010102,2019,2.400883551,0.0,2.400883551
111203010102,2020,4.248311661,0.0,4.248311661
111203010103,2000,7.346381691,0.014692724,7.331688885
111203010103,2001,4.612113885,0.009224277,4.602889444
111203010103,2002,5.059789808,0.010119605,5.049670285
111203010103,2003,6.392567479,0.0127852,6.379782364
111203010103,2004,5.38585194,0.010771601,5.375080169
111203010103,2005,6.108782696,0.012217463,6.096565148
111203010103,2006,7.736329118,0.015472666,7.720856452
111203010103,2007,7.571998504,0.015144,7.556854589
111203010103,2008,8.638427691,0.017276792,8.621151063
111203010103,2009,9.419408614,0.018838745,9.400569699
111203010103,2010,9.393200175,0.018786397,9.374413863
111203010103,2011,11.951283301,0.023902625,11.927380677
111203010103,2012,12.424231929,0.024848464,12.399383464
111203010103,2013,15.60313194,0.0312062,15.57192566
111203010103,2014,15.150991836,0.030302074,15.120689844
111203010103,2015,9.8590478,0.019718184,9.839329532
111203010103,2016,12.563272833,0.025126525,12.538146227
111203010103,2017,12.765619351,0.025531214,12.74008797
111203010103,2018,15.141107808,0.030282244,15.110825482
111203010103,2019,10.659434515,0.021318967,10.638115715
111203010103,2020,16.067395079,0.03213485,16.035260148
111203010104,2000,1.112514727,0.002225101,1.11028971
111203010104,2001,2.054628288,0.004109249,2.050519038
111203010104,2002,1.740107477,0.003480195,1.736627285
111203010104,2003,0.95997983,0.001919945,0.958059803
111203010104,2004,0.591823861,0.001183653,0.590640126
111203010104,2005,2.23261249,0.004465244,2.228147329
111203010104,2006,1.079923833,0.002159852,1.077763896
111203010104,2007,1.386996745,0.002773964,1.384222863
111203010104,2008,0.934947475,0.001869803,0.933077593
111203010104,2009,0.807995312,0.001615929,0.806379219
111203010104,2010,2.052752433,0.004105595,2.048646921
111203010104,2011,1.270748734,0.002541526,1.268207296
111203010104,2012,2.544101011,0.005088246,2.539012765
111203010104,2013,1.710137282,0.003420364,1.706717088
111203010104,2014,1.695645904,0.003391263,1.692254641
111203010104,2015,1.21190066,0.002423786,1.209477044
111203010104,2016,1.618480246,0.003236978,1.615243183
111203010104,2017,1.754031074,0.003508041,1.750522948
111203010104,2018,2.081906093,0.004163882,2.077742126
111203010104,2019,2.282111348,0.004564173,2.277547175
111203010104,2020,2.346558975,0.004693109,2.341865951
111203010105,2000,6.047424383,0.012094869,6.035329601
111203010105,2001,5.306921578,0.010613707,5.296307786
111203010105,2002,5.547913436,0.011095868,5.536817649
111203010105,2003,5.255999485,0.010511962,5.245487523
111203010105,2004,4.611297806,0.009222489,4.60207515
111203010105,2005,7.692747477,0.015385455,7.677362104
111203010105,2006,5.955086304,0.011910148,5.943176156
111203010105,2007,8.437902126,0.016875753,8.421026205
111203010105,2008,7.814078123,0.015628044,7.798450079
111203010105,2009,7.521020627,0.015042101,7.505978356
111203010105,2010,9.698231701,0.019396455,9.678835159
111203010105,2011,13.306244912,0.026612468,13.279632447
111203010105,2012,15.159792691,0.030319596,15.129473098
111203010105,2013,15.10691477,0.030213879,15.076700975
111203010105,2014,15.172281477,0.030344526,15.141936868
111203010105,2015,10.619272364,0.021238562,10.59803397
111203010105,2016,12.788276831,0.025576423,12.762700322
111203010105,2017,11.343909049,0.022687668,11.321221214
111203010105,2018,16.136377641,0.032272748,16.104104978
111203010105,2019,10.68031514,0.021360529,10.658954529
111203010105,2020,18.13673327,0.036273399,18.100459792
111203010106,2000,2.798958019,0.005597885,2.793359883
111203010106,2001,3.054761071,0.006109449,3.048651458
111203010106,2002,3.178600984,0.006357205,3.17224386
111203010106,2003,2.936662595,0.00587323,2.930789197
111203010106,2004,2.205252781,0.004410418,2.200842281
111203010106,2005,3.436671378,0.006873326,3.42979797
111203010106,2006,2.952816888,0.005905532,2.946911277
111203010106,2007,3.731536236,0.007463156,3.724073077
111203010106,2008,4.096943883,0.008193921,4.088749962
111203010106,2009,4.903479551,0.009806986,4.893672649
111203010106,2010,4.469398918,0.00893877,4.460460233
111203010106,2011,6.743228693,0.013486458,6.729742488
111203010106,2012,7.208420549,0.014416803,7.194003831
111203010106,2013,7.179071058,0.014358079,7.164712896
111203010106,2014,7.729415822,0.015458833,7.71395674
111203010106,2015,4.550443304,0.009100797,4.541342422
111203010106,2016,6.616104295,0.013232117,6.602872096
111203010106,2017,6.949437049,0.013898945,6.935538186
111203010106,2018,8.062622767,0.016125134,8.046497463
111203010106,2019,6.678088477,0.013356162,6.664732148
111203010106,2020,9.00491735,0.018009828,8.986907522
111203010107,2000,8.657842776,0.017315639,8.640527137
111203010107,2001,7.375384608,0.014750699,7.360633997
111203010107,2002,6.762247362,0.013524584,6.748722951
111203010107,2003,7.930077458,0.015860225,7.914217236
111203010107,2004,6.953361295,0.01390671,6.939454415
111203010107,2005,8.343009485,0.016685967,8.326323436
111203010107,2006,7.423498545,0.014847088,7.408651625
111203010107,2007,10.409121855,0.020818332,10.388303526
111203010107,2008,8.395710743,0.01679135,8.378919393
111203010107,2009,10.551933496,0.021103932,10.530829479
111203010107,2010,10.644305416,0.021288619,10.623016879
111203010107,2011,12.592882534,0.025185956,12.567696915
111203010107,2012,15.459822967,0.030919656,15.428903311
111203010107,2013,14.716268244,0.029432501,14.686835573
111203010107,2014,12.370955745,0.024742014,12.346213986
111203010107,2015,7.811700901,0.015623479,7.796077504
111203010107,2016,11.843784883,0.023687634,11.820097415
111203010107,2017,10.303311477,0.020606559,10.282704666
111203010107,2018,11.89845666,0.023796775,11.8746598
111203010107,2019,9.850080753,0.019700178,9.830380575
111203010107,2020,15.523174011,0.031046407,15.492127525
111203010108,2000,8.553797708,0.017107604,8.536690104
111203010108,2001,10.263310564,0.020526575,10.242783986
111203010108,2002,12.049377819,0.024098836,12.025279151
111203010108,2003,8.321270219,0.016642589,8.3046278
111203010108,2004,9.562856538,0.019125801,9.543730907
111203010108,2005,9.749461992,0.019498827,9.729962921
111203010108,2006,8.287754855,0.016575518,8.271179419
111203010108,2007,12.093166455,0.024186293,12.068980079
111203010108,2008,11.070255391,0.022140544,11.048114847
111203010108,2009,8.874913696,0.017749764,8.857163762
111203010108,2010,15.306868304,0.030613773,15.276254447
111203010108,2011,10.701074433,0.02140217,10.679672348
111203010108,2012,14.537023322,0.029074008,14.507949396
111203010108,2013,18.217858112,0.036435707,18.181422321
111203010108,2014,14.312611285,0.028625153,14.283986047
111203010108,2015,10.226642101,0.02045326,10.206188756
111203010108,2016,13.489813929,0.026979623,13.462834224
111203010108,2017,14.075562449,0.028151093,14.047411526
111203010108,2018,17.1346678,0.034269378,17.10039851
111203010108,2019,18.508777389,0.037017534,18.471759858
111203010108,2020,22.640037587,0.045280096,22.594757492
111203010201,2000,15.516863281,0.031033683,15.485829514
111203010201,2001,10.000205301,0.020000348,9.980204953
111203010201,2002,17.444201132,0.034888334,17.409312797
111203010201,2003,12.234198474,0.024468403,12.209730071
111203010201,2004,13.321042631,0.026642011,13.294400454
111203010201,2005,16.228452685,0.032456871,16.195995896
111203010201,2006,12.910989126,0.025822019,12.885167195
111203010201,2007,15.61050906,0.031220934,15.579287962
111203010201,2008,16.983961598,0.033967902,16.949993612
111203010201,2009,12.949291137,0.025898608,12.923392529
111203010201,2010,20.368700134,0.040737397,20.32796274
111203010201,2011,19.853921696,0.039707803,19.814213893
111203010201,2012,21.186885533,0.042373672,21.144511694
111203010201,2013,27.359491721,0.054718951,27.304772852
111203010201,2014,20.435839137,0.040871627,20.394967427
111203010201,2015,16.374709586,0.032749477,16.34196011
111203010201,2016,17.56613782,0.03513218,17.531005555
111203010201,2017,18.260919236,0.036521795,18.224397441
111203010201,2018,20.433350921,0.040866748,20.392484255
111203010201,2019,20.201652047,0.040403263,20.161248868
111203010201,2020,25.88595174,0.051771858,25.83417988
111203010202,2000,2.208544631,0.0,2.208544631
111203010202,2001,1.239526436,0.0,1.239526436
111203010202,2002,2.988066699,0.0,2.988066699
111203010202,2003,2.6513746,0.0,2.6513746
111203010202,2004,1.567017432,0.0,1.567017432
111203010202,2005,3.238633011,0.0,3.238633011
111203010202,2006,1.845331614,0.0,1.845331614
111203010202,2007,2.6784866,0.0,2.6784866
111203010202,2008,2.411151587,0.0,2.411151587
111203010202,2009,1.604565904,0.0,1.604565904
111203010202,2010,2.389038384,0.0,2.389038384
111203010202,2011,2.633618038,0.0,2.633618038
111203010202,2012,3.819800915,0.0,3.819800915
111203010202,2013,4.968739184,0.0,4.968739184
111203010202,2014,2.742399825,0.0,2.742399825
111203010202,2015,2.168984392,0.0,2.168984392
111203010202,2016,2.714073757,0.0,2.714073757
111203010202,2017,2.203670649,0.0,2.203670649
111203010202,2018,3.30814877,0.0,3.30814877
111203010202,2019,3.853555197,0.0,3.853555197
111203010202,2020,6.416262205,0.0,6.416262205
111203010203,2000,3.549094642,0.0,3.549094642
111203010203,2001,2.335362216,0.0,2.335362216
111203010203,2002,2.627089603,0.0,2.627089603
111203010203,2003,2.703020814,0.0,2.703020814
111203010203,2004,2.690119814,0.0,2.690119814
111203010203,2005,2.506398493,0.0,2.506398493
111203010203,2006,2.730302652,0.0,2.730302652
111203010203,2007,5.092364395,0.0,5.092364395
111203010203,2008,2.240086191,0.0,2.240086191
111203010203,2009,4.353222595,0.0,4.353222595
111203010203,2010,3.517011986,0.0,3.517011986
111203010203,2011,3.476883038,0.0,3.476883038
111203010203,2012,2.712163281,0.0,2.712163281
111203010203,2013,4.197199107,0.0,4.197199107
111203010203,2014,1.677385384,0.0,1.677385384
111203010203,2015,1.843506575,0.0,1.843506575
111203010203,2016,2.570516036,0.0,2.570516036
111203010203,2017,2.316670586,0.0,2.316670586
111203010203,2018,2.916459638,0.0,2.916459638
111203010203,2019,3.070662781,0.0,3.070662781
111203010203,2020,4.581228432,0.0,4.581228432
111203010204,2000,0.489072678,0.0,0.489072678
111203010204,2001,0.558750408,0.0,0.558750408
111203010204,2002,0.524793137,0.0,0.524793137
111203010204,2003,0.520254759,0.0,0.520254759
111203010204,2004,0.359920719,0.0,0.359920719
111203010204,2005,0.174561723,0.0,0.174561723
111203010204,2006,0.365110011,0.0,0.365110011
111203010204,2007,0.337912805,0.0,0.337912805
111203010204,2008,0.511795645,0.0,0.511795645
111203010204,2009,0.22889069,0.0,0.22889069
111203010204,2010,0.498333729,0.0,0.498333729
111203010204,2011,1.126016584,0.0,1.126016584
111203010204,2012,0.948732689,0.0,0.948732689
111203010204,2013,0.477132959,0.0,0.477132959
111203010204,2014,0.836511975,0.0,0.836511975
111203010204,2015,0.570734504,0.0,0.570734504
111203010204,2016,0.363740161,0.0,0.363740161
111203010204,2017,0.379225373,0.0,0.379225373
111203010204,2018,1.085897416,0.0,1.085897416
111203010204,2019,0.756047885,0.0,0.756047885
111203010204,2020,1.418249352,0.0,1.418249352
111203010205,2000,1.050942544,0.0,1.050942544
111203010205,2001,1.540608638,0.0,1.540608638
111203010205,2002,0.77778443,0.0,0.77778443
111203010205,2003,1.092553521,0.0,1.092553521
111203010205,2004,0.828130604,0.0,0.828130604
111203010205,2005,0.795518923,0.0,0.795518923
111203010205,2006,1.017586181,0.0,1.017586181
111203010205,2007,1.428976359,0.0,1.428976359
111203010205,2008,1.052760374,0.0,1.052760374
111203010205,2009,1.86748263,0.0,1.86748263
111203010205,2010,1.493548797,0.0,1.493548797
111203010205,2011,1.599941753,0.0,1.599941753
111203010205,2012,1.752705071,0.0,1.752705071
111203010205,2013,2.125815082,0.0,2.125815082
111203010205,2014,1.16324914,0.0,1.16324914
111203010205,2015,0.975495479,0.0,0.975495479
111203010205,2016,0.870879273,0.0,0.870879273
111203010205,2017,0.968807532,0.0,0.968807532
111203010205,2018,0.801202984,0.0,0.801202984
111203010205,2019,1.125031767,0.0,1.125031767
111203010205,2020,1.917489366,0.0,1.917489366
111203010206,2000,0.023766888,0.0,0.023766888
111203010206,2001,0.001619526,0.0,0.001619526
111203010206,2002,0.000794808,0.0,0.000794808
111203010206,2003,0.012809833,0.0,0.012809833
111203010206,2004,0.000977126,0.0,0.000977126
111203010206,2005,0.001180019,0.0,0.001180019
111203010206,2006,0.012139249,0.0,0.012139249
111203010206,2007,0.028662307,0.0,0.028662307
111203010206,2008,0.040286311,0.0,0.040286311
111203010206,2009,0.048266619,0.0,0.048266619
111203010206,2010,0.037143422,0.0,0.037143422
111203010206,2011,0.002064655,0.0,0.002064655
111203010206,2012,0.000569085,0.0,0.000569085
111203010206,2013,0.000479526,0.0,0.000479526
111203010206,2014,0.0,0.0,0.0
111203010206,2015,0.0,0.0,0.0
111203010206,2016,0.0,0.0,0.0
111203010206,2017,0.0,0.0,0.0
111203010206,2018,0.0,0.0,0.0
111203010206,2019,0.0,0.0,0.0
111203010206,2020,0.0,0.0,0.0
111203010207,2000,0.56795824,0.0,0.56795824
111203010207,2001,0.730792096,0.0,0.730792096
111203010207,2002,0.552200005,0.0,0.552200005
111203010207,2003,0.879326367,0.0,0.879326367
111203010207,2004,0.684587956,0.0,0.684587956
111203010207,2005,0.846461425,0.0,0.846461425
111203010207,2006,1.179987241,0.0,1.179987241
111203010207,2007,0.704571877,0.0,0.704571877
111203010207,2008,0.72476553,0.0,0.72476553
111203010207,2009,0.696201392,0.0,0.696201392
111203010207,2010,0.60519731,0.0,0.60519731
111203010207,2011,1.309067863,0.0,1.309067863
111203010207,2012,0.949561642,0.0,0.949561642
111203010207,2013,0.995097175,0.0,0.995097175
111203010207,2014,0.753232942,0.0,0.753232942
111203010207,2015,0.383998548,0.0,0.383998548
111203010207,2016,0.843555098,0.0,0.843555098
111203010207,2017,0.564358167,0.0,0.564358167
111203010207,2018,0.587964852,0.0,0.587964852
111203010207,2019,1.048303323,0.0,1.048303323
111203010207,2020,0.662131642,0.0,0.662131642
111203010208,2000,0.17735218,0.0,0.17735218
111203010208,2001,0.348263773,0.0,0.348263773
111203010208,2002,0.378591184,0.0,0.378591184
111203010208,2003,0.633193022,0.0,0.633193022
111203010208,2004,0.29533009,0.0,0.29533009
111203010208,2005,0.44788209,0.0,0.44788209
111203010208,2006,0.458293948,0.0,0.458293948
111203010208,2007,0.546463699,0.0,0.546463699
111203010208,2008,0.360315751,0.0,0.360315751
111203010208,2009,0.633638767,0.0,0.633638767
111203010208,2010,0.656276723,0.0,0.656276723
111203010208,2011,0.66230157,0.0,0.66230157
111203010208,2012,1.130593036,0.0,1.130593036
111203010208,2013,1.210141307,0.0,1.210141307
111203010208,2014,0.859398123,0.0,0.859398123
111203010208,2015,0.372748367,0.0,0.372748367
111203010208,2016,0.323277421,0.0,0.323277421
111203010208,2017,0.566324644,0.0,0.566324644
111203010208,2018,0.813871362,0.0,0.813871362
111203010208,2019,0.570150627,0.0,0.570150627
111203010208,2020,0.825091448,0.0,0.825091448
111203010301,2000,9.444034623,0.018888101,9.425146607
111203010301,2001,5.587907545,0.0111758,5.576731745
111203010301,2002,6.761834011,0.013523723,6.748310288
111203010301,2003,7.032161885,0.014064307,7.018097493
111203010301,2004,5.923642186,0.011847306,5.911794962
111203010301,2005,6.940896058,0.013881699,6.927014192
111203010301,2006,6.487544668,0.012975016,6.47456957
111203010301,2007,7.044605175,0.014089216,7.030516041
111203010301,2008,5.986179579,0.01197226,5.97420715
111203010301,2009,9.397129923,0.018794315,9.378335605
111203010301,2010,9.053676247,0.018107419,9.035568912
111203010301,2011,9.908086468,0.019816178,9.888270455
111203010301,2012,10.651211156,0.021302388,10.629908601
111203010301,2013,10.832774145,0.0216656,10.81110846
111203010301,2014,7.720886436,0.015441838,7.705444597
111203010301,2015,5.384506671,0.010768951,5.373737723
111203010301,2016,8.226878066,0.016453743,8.210424322
111203010301,2017,7.264796795,0.014529537,7.25026709
111203010301,2018,10.2427624,0.020485482,10.222276918
111203010301,2019,7.599468852,0.015198948,7.584269904
111203010301,2020,13.530381932,0.02706074,13.503321107
111203010302,2000,5.168256773,0.0,5.168256773
111203010302,2001,4.045943318,0.0,4.045943318
111203010302,2002,4.584594578,0.004584638,4.580010107
111203010302,2003,4.386035871,0.0,4.386035871
111203010302,2004,4.598081437,0.0,4.598081437
111203010302,2005,5.869140729,0.0,5.869140729
111203010302,2006,4.507752195,0.0,4.507752195
111203010302,2007,6.860548953,0.0,6.860548953
111203010302,2008,3.889885915,0.0,3.889885915
111203010302,2009,6.20943917,0.006209345,6.203229575
111203010302,2010,6.740865271,0.006740879,6.734124477
111203010302,2011,5.964984214,0.0,5.964984214
111203010302,2012,5.667859112,0.0,5.667859112
111203010302,2013,6.110617112,0.006110666,6.104506532
111203010302,2014,4.372078433,0.0,4.372078433
111203010302,2015,3.517064784,0.0,3.517064784
111203010302,2016,3.732255117,0.0,3.732255117
111203010302,2017,3.815117819,0.0,3.815117819
111203010302,2018,4.091746751,0.0,4.091746751
111203010302,2019,4.827835049,0.004828008,4.823007126
111203010302,2020,9.507655577,0.0,9.507655577
111203010303,2000,2.354156615,0.0,2.354156615
111203010303,2001,1.863088871,0.0,1.863088871
111203010303,2002,2.218414542,0.0,2.218414542
111203010303,2003,1.781233252,0.0,1.781233252
111203010303,2004,1.71671741,0.0,1.71671741
111203010303,2005,1.624222096,0.0,1.624222096
111203010303,2006,2.203973512,0.0,2.203973512
111203010303,2007,1.801045184,0.0,1.801045184
111203010303,2008,2.14993221,0.0,2.14993221
111203010303,2009,2.143858841,0.0,2.143858841
111203010303,2010,2.420302052,0.0,2.420302052
111203010303,2011,3.448257778,0.0,3.448257778
111203010303,2012,3.526896926,0.0,3.526896926
111203010303,2013,2.151748836,0.0,2.151748836
111203010303,2014,2.537687019,0.0,2.537687019
111203010303,2015,1.986057584,0.0,1.986057584
111203010303,2016,2.31226673,0.0,2.31226673
111203010303,2017,2.426969304,0.0,2.426969304
111203010303,2018,2.566609918,0.0,2.566609918
111203010303,2019,2.277624753,0.0,2.277624753
111203010303,2020,3.209116407,0.0,3.209116407
111203010304,2000,0.929116582,0.0,0.929116582
111203010304,2001,0.59325271,0.0,0.59325271
111203010304,2002,0.20947794,0.0,0.20947794
111203010304,2003,0.414972668,0.0,0.414972668
111203010304,2004,0.382108803,0.0,0.382108803
111203010304,2005,0.496287573,0.0,0.496287573
111203010304,2006,0.503387408,0.0,0.503387408
111203010304,2007,0.752040822,0.0,0.752040822
111203010304,2008,0.636843158,0.0,0.636843158
111203010304,2009,0.734077003,0.0,0.734077003
111203010304,2010,0.66250517,0.0,0.66250517
111203010304,2011,1.307601753,0.0,1.307601753
111203010304,2012,1.339170964,0.0,1.339170964
111203010304,2013,1.364280247,0.0,1.364280247
111203010304,2014,1.348808247,0.0,1.348808247
111203010304,2015,0.566141575,0.0,0.566141575
111203010304,2016,1.126871574,0.0,1.126871574
111203010304,2017,1.002873252,0.0,1.002873252
111203010304,2018,1.324754893,0.0,1.324754893
111203010304,2019,1.828246811,0.0,1.828246811
111203010304,2020,2.584394902,0.0,2.584394902
111203010305,2000,1.043842877,0.0,1.043842877
111203010305,2001,0.963698542,0.0,0.963698542
111203010305,2002,0.845486082,0.0,0.845486082
111203010305,2003,0.656525649,0.0,0.656525649
111203010305,2004,0.556616989,0.0,0.556616989
111203010305,2005,0.605468704,0.0,0.605468704
111203010305,2006,0.726503241,0.0,0.726503241
111203010305,2007,0.780630381,0.0,0.780630381
111203010305,2008,0.797581874,0.0,0.797581874
111203010305,2009,1.011883677,0.0,1.011883677
111203010305,2010,0.84405234,0.0,0.84405234
111203010305,2011,1.270172299,0.0,1.270172299
111203010305,2012,1.480922046,0.0,1.480922046
111203010305,2013,1.254996647,0.0,1.254996647
111203010305,2014,1.392978663,0.0,1.392978663
111203010305,2015,0.805153537,0.0,0.805153537
111203010305,2016,0.994800604,0.0,0.994800604
111203010305,2017,1.277185553,0.0,1.277185553
111203010305,2018,0.939669918,0.0,0.939669918
111203010305,2019,0.918606247,0.0,0.918606247
111203010305,2020,1.394367582,0.0,1.394367582
111203010306,2000,0.139513891,0.0,0.139513891
111203010306,2001,0.251017485,0.0,0.251017485
111203010306,2002,0.220194879,0.0,0.220194879
111203010306,2003,0.224497471,0.0,0.224497471
111203010306,2004,0.181937027,0.0,0.181937027
111203010306,2005,0.160421732,0.0,0.160421732
111203010306,2006,0.180533685,0.0,0.180533685
111203010306,2007,0.322444367,0.0,0.322444367
111203010306,2008,0.18869815,0.0,0.18869815
111203010306,2009,0.208412444,0.0,0.208412444
111203010306,2010,0.443847107,0.0,0.443847107
111203010306,2011,0.355253216,0.0,0.355253216
111203010306,2012,0.298542415,0.0,0.298542415
111203010306,2013,0.208908608,0.0,0.208908608
111203010306,2014,0.20523917,0.0,0.20523917
111203010306,2015,0.237123679,0.0,0.237123679
111203010306,2016,0.255246836,0.0,0.255246836
111203010306,2017,0.19281814,0.0,0.19281814
111203010306,2018,0.491349126,0.0,0.491349126
111203010306,2019,0.186885285,0.0,0.186885285
111203010306,2020,0.290091735,0.0,0.290091735
111203010307,2000,3.621934814,0.0,3.621934814
111203010307,2001,4.608317616,0.0,4.608317616
111203010307,2002,3.007192559,0.0,3.007192559
111203010307,2003,3.588093107,0.0,3.588093107
111203010307,2004,4.193046161,0.0,4.193046161
111203010307,2005,3.586849795,0.0,3.586849795
111203010307,2006,2.894465244,0.0,2.894465244
111203010307,2007,5.47400369,0.0,5.47400369
111203010307,2008,4.694246339,0.0,4.694246339
111203010307,2009,5.107809321,0.0,5.107809321
111203010307,2010,5.986891638,0.0,5.986891638
111203010307,2011,9.028647808,0.0,9.028647808
111203010307,2012,9.447464522,0.0,9.447464522
111203010307,2013,6.767565433,0.0,6.767565433
111203010307,2014,7.381767803,0.0,7.381767803
111203010307,2015,5.217268315,0.0,5.217268315
111203010307,2016,8.461302194,0.0,8.461302194
111203010307,2017,8.591323301,0.0,8.591323301
111203010307,2018,8.703226414,0.0,8.703226414
111203010307,2019,6.715455164,0.0,6.715455164
111203010307,2020,11.544882601,0.0,11.544882601
111203010308,2000,0.709689639,0.0,0.709689639
111203010308,2001,0.551178482,0.0,0.551178482
111203010308,2002,0.571746808,0.0,0.571746808
111203010308,2003,0.491826603,0.0,0.491826603
111203010308,2004,0.570435798,0.0,0.570435798
111203010308,2005,0.449223288,0.0,0.449223288
111203010308,2006,0.302206863,0.0,0.302206863
111203010308,2007,0.785703674,0.0,0.785703674
111203010308,2008,0.654422107,0.0,0.654422107
111203010308,2009,0.587845808,0.0,0.587845808
111203010308,2010,0.648294603,0.0,0.648294603
111203010308,2011,0.8258374,0.0,0.8258374
111203010308,2012,0.923374388,0.0,0.923374388
111203010308,2013,0.565290929,0.0,0.565290929
111203010308,2014,0.811426619,0.0,0.811426619
111203010308,2015,0.736224104,0.0,0.736224104
111203010308,2016,1.029966587,0.0,1.029966587
111203010308,2017,0.65108914,0.0,0.65108914
111203010308,2018,0.620875367,0.0,0.620875367
111203010308,2019,0.585280586,0.0,0.585280586
111203010308,2020,1.079668128,0.0,1.079668128
111203010309,2000,0.0,0.0,0.0
111203010309,2001,0.0,0.0,0.0
111203010309,2002,0.0,0.0,0.0
111203010309,2003,0.0,0.0,0.0
111203010309,2004,0.0,0.0,0.0
111203010309,2005,0.0,0.0,0.0
111203010309,2006,0.0,0.0,0.0
111203010309,2007,0.0,0.0,0.0
111203010309,2008,0.062242014,0.0,0.062242014
111203010309,2009,0.073371197,0.0,0.073371197
111203010309,2010,0.073714921,0.0,0.073714921
111203010309,2011,0.0,0.0,0.0
111203010309,2012,0.0,0.0,0.0
111203010309,2013,0.083190789,0.0,0.083190789
111203010309,2014,0.0,0.0,0.0
111203010309,2015,0.0,0.0,0.0
111203010309,2016,0.0,0.0,0.0
111203010309,2017,0.0,0.0,0.0
111203010309,2018,0.0,0.0,0.0
111203010309,2019,0.0,0.0,0.0
111203010309,2020,0.0,0.0,0.0
111203010310,2000,0.0,0.0,0.0
111203010310,2001,0.0,0.0,0.0
111203010310,2002,0.0,0.0,0.0
111203010310,2003,0.0,0.0,0.0
111203010310,2004,0.0,0.0,0.0
111203010310,2005,0.0,0.0,0.0
111203010310,2006,0.0,0.0,0.0
111203010310,2007,0.0,0.0,0.0
111203010310,2008,0.0,0.0,0.0
111203010310,2009,0.0,0.0,0.0
111203010310,2010,0.0,0.0,0.0
111203010310,2011,0.0,0.0,0.0
111203010310,2012,0.0,0.0,0.0
111203010310,2013,0.0,0.0,0.0
111203010310,2014,0.0,0.0,0.0
111203010310,2015,0.0,0.0,0.0
111203010310,2016,0.0,0.0,0.0
111203010310,2017,0.0,0.0,0.0
111203010310,2018,0.0,0.0,0.0
111203010310,2019,0.0,0.0,0.0
111203010310,2020,0.0,0.0,0.0
111203020101,2000,0.0,0.0,0.0
111203020101,2001,0.0,0.0,0.0
111203020101,2002,0.0,0.0,0.0
111203020101,2003,0.315175523,0.013552521,0.301622918
111203020101,2004,0.0,0.0,0.0
111203020101,2005,0.171670332,0.0068668,0.164803447
111203020101,2006,0.0,0.0,0.0
111203020101,2007,0.0,0.0,0.0
111203020101,2008,0.194627598,0.00778526,0.186842421
111203020101,2009,0.022690641,0.000385679,0.022304962
111203020101,2010,0.222486252,0.008676888,0.213809362
111203020101,2011,0.229831995,0.009193195,0.220638712
111203020101,2012,0.352407437,0.01444871,0.337958724
111203020101,2013,0.0,0.0,0.0
111203020101,2014,0.281507238,0.011823186,0.269684134
111203020101,2015,0.056033504,0.002521474,0.053511863
111203020101,2016,0.296755877,0.012167025,0.28458877
111203020101,2017,0.074831556,0.002244956,0.072586682
111203020101,2018,0.462024811,0.018943011,0.443081715
111203020101,2019,0.146247184,0.005411238,0.140982233
111203020101,2020,0.739383743,0.031054158,0.708329754
111203020102,2000,0.0,0.0,0.0
111203020102,2001,0.0,0.0,0.0
111203020102,2002,0.0,0.0,0.0
111203020102,2003,0.096876704,0.004359518,0.092517356
111203020102,2004,0.0,0.0,0.0
111203020102,2005,0.059353507,0.002670932,0.056682573
111203020102,2006,0.0,0.0,0.0
111203020102,2007,0.120201277,0.005409066,0.114792211
111203020102,2008,0.050701617,0.002281456,0.048419995
111203020102,2009,0.0,0.0,0.0
111203020102,2010,0.122951984,0.005532805,0.117419093
111203020102,2011,0.154854978,0.006968384,0.147886512
111203020102,2012,0.054752025,0.002463959,0.05228815
111203020102,2013,0.054505603,0.002452918,0.052052937
111203020102,2014,0.093192636,0.004193682,0.088999118
111203020102,2015,0.0,0.0,0.0
111203020102,2016,0.122004541,0.005490172,0.116514536
111203020102,2017,0.0,0.0,0.0
111203020102,2018,0.146780414,0.006605005,0.140175162
111203020102,2019,0.070399819,0.003167948,0.067231871
111203020102,2020,0.173000814,0.007785066,0.165215833
111203020103,2000,0.0,0.0,0.0
111203020103,2001,0.00465709,0.000209586,0.004447586
111203020103,2002,0.00162331,7.3184e-05,0.001550293
111203020103,2003,0.015935208,0.00071703,0.015218096
111203020103,2004,0.000515811,2.3115e-05,0.000492612
111203020103,2005,0.336083567,0.0151238,0.320959595
111203020103,2006,0.134233564,0.006040441,0.128192874
111203020103,2007,0.374737178,0.016863178,0.357873918
111203020103,2008,0.484223142,0.021790101,0.46243312
111203020103,2009,0.442078285,0.019893433,0.422184852
111203020103,2010,0.409051351,0.018407389,0.390643879
111203020103,2011,0.442104282,0.019894707,0.422209578
111203020103,2012,0.485950484,0.021867746,0.464082822
111203020103,2013,1.051787384,0.047330499,1.004457219
111203020103,2014,1.004496167,0.045202241,0.959293929
111203020103,2015,0.769060279,0.034607611,0.734452414
111203020103,2016,0.560858973,0.025238667,0.535620306
111203020103,2017,0.599739945,0.026988356,0.572751501
111203020103,2018,1.15643766,0.052039792,1.104398036
111203020103,2019,1.484134677,0.066786066,1.417348696
111203020103,2020,1.807340276,0.081330287,1.726009907
111203020104,2000,0.0,0.0,0.0
111203020104,2001,0.0,0.0,0.0
111203020104,2002,0.0,0.0,0.0
111203020104,2003,0.0,0.0,0.0
111203020104,2004,0.0,0.0,0.0
111203020104,2005,0.237118129,0.010670263,0.226447781
111203020104,2006,0.0,0.0,0.0
111203020104,2007,0.275133318,0.012381008,0.26275231
111203020104,2008,0.164186306,0.00738856,0.156797997
111203020104,2009,0.000176049,7.797e-06,0.000168003
111203020104,2010,0.0,0.0,0.0
111203020104,2011,0.000268334,1.214e-05,0.00025611
111203020104,2012,0.0,0.0,0.0
111203020104,2013,0.026618455,0.001197877,0.025420748
111203020104,2014,0.03010394,0.001354586,0.028749184
111203020104,2015,0.000184342,8.216e-06,0.000176041
111203020104,2016,0.0,0.0,0.0
111203020104,2017,0.000207153,9.29e-06,0.000198027
111203020104,2018,0.074536129,0.003354153,0.071182058
111203020104,2019,0.24925177,0.011216351,0.238035419
111203020104,2020,0.091234451,0.004105448,0.087128833
111203020105,2000,0.385789322,0.017360519,0.368428803
111203020105,2001,0.510674904,0.022980455,0.487694449
111203020105,2002,0.363420548,0.016353789,0.347066671
111203020105,2003,0.618777567,0.027845107,0.590932627
111203020105,2004,0.767744749,0.034548495,0.733196085
111203020105,2005,1.060935929,0.047742164,1.013193767
111203020105,2006,0.797656479,0.035894468,0.761761841
111203020105,2007,1.397734403,0.062898025,1.334836293
111203020105,2008,0.650874432,0.02928947,0.621585126
111203020105,2009,0.487079504,0.021918641,0.465161025
111203020105,2010,0.69496169,0.031273214,0.663688395
111203020105,2011,0.521797356,0.023480838,0.498316433
111203020105,2012,0.905887273,0.040764869,0.865122489
111203020105,2013,1.192703814,0.053671592,1.139032058
111203020105,2014,0.404030595,0.018181296,0.385849214
111203020105,2015,0.825598159,0.037151962,0.788446197
111203020105,2016,0.635422869,0.028594167,0.606828784
111203020105,2017,0.949829605,0.042742307,0.907087134
111203020105,2018,0.436787688,0.019655425,0.417132263
111203020105,2019,0.885901359,0.039865499,0.84603586
111203020105,2020,0.730850546,0.032888358,0.697962273
111203020106,2000,0.092170112,0.004147571,0.088022459
111203020106,2001,0.11718334,0.005273293,0.111910047
111203020106,2002,0.006836121,0.000307611,0.006528677
111203020106,2003,0.50923823,0.022915704,0.486322608
111203020106,2004,0.578724268,0.026042664,0.552681686
111203020106,2005,0.982893611,0.044230255,0.938663441
111203020106,2006,0.616759773,0.027754197,0.589005575
111203020106,2007,1.345749581,0.06055863,1.285190866
111203020106,2008,1.366966093,0.061513546,1.305452628
111203020106,2009,0.863267677,0.038847022,0.824420652
111203020106,2010,0.800234789,0.036010477,0.764224315
111203020106,2011,1.17565151,0.05290431,1.122747118
111203020106,2012,1.251548046,0.056319702,1.195228344
111203020106,2013,1.389477959,0.062526537,1.326951504
111203020106,2014,0.844335995,0.037995088,0.806340992
111203020106,2015,0.706181088,0.031778129,0.674403044
111203020106,2016,0.94729241,0.042628213,0.904664363
111203020106,2017,0.973348121,0.043800753,0.929547537
111203020106,2018,1.245005863,0.056025274,1.188980589
111203020106,2019,1.272459247,0.057260559,1.215198521
111203020106,2020,1.078363557,0.048526459,1.02983735
111203020201,2000,0.311095934,0.013999388,0.297096631
111203020201,2001,0.932757688,0.041974088,0.890783518
111203020201,2002,0.55660966,0.02504749,0.53156217
111203020201,2003,0.692830855,0.031177488,0.661653534
111203020201,2004,0.424556803,0.019104934,0.405451787
111203020201,2005,0.058299904,0.002623537,0.055676282
111203020201,2006,0.151554586,0.006819789,0.144734463
111203020201,2007,0.53679263,0.024155655,0.51263706
111203020201,2008,1.071147268,0.048201683,1.022945503
111203020201,2009,1.020678578,0.045930512,0.974747984
111203020201,2010,1.516591567,0.068246597,1.44834497
111203020201,2011,1.837699745,0.082696488,1.75500326
111203020201,2012,1.691962784,0.076138325,1.615824456
111203020201,2013,1.351095586,0.060799263,1.290296238
111203020201,2014,1.440520362,0.064823444,1.375697005
111203020201,2015,0.986077433,0.04437343,0.941704003
111203020201,2016,1.161086574,0.052248934,1.108837809
111203020201,2017,1.242691608,0.055921079,1.186770449
111203020201,2018,0.964081134,0.043383584,0.920697468
111203020201,2019,0.789255534,0.035516534,0.753739082
111203020201,2020,1.170612598,0.052677628,1.117934888
111203020202,2000,0.360307757,0.014412287,0.345895301
111203020202,2001,0.143119345,0.005152208,0.137967055
111203020202,2002,0.186211885,0.007448562,0.17876349
111203020202,2003,0.108915279,0.004901175,0.104014189
111203020202,2004,0.054524074,0.002453683,0.052070388
111203020202,2005,0.13387491,0.003480715,0.130394025
111203020202,2006,0.059430425,0.0010104,0.058420107
111203020202,2007,0.136616192,0.003415334,0.133200773
111203020202,2008,0.195156265,0.001756396,0.193399869
111203020202,2009,0.170574723,0.001535186,0.169039537
111203020202,2010,0.333138219,0.003997589,0.32914046
111203020202,2011,0.226083532,0.00406949,0.222014041
111203020202,2012,0.235033921,0.005170609,0.229863145
111203020202,2013,0.507686195,0.003553781,0.504132496
111203020202,2014,0.503891619,0.003527142,0.500364304
111203020202,2015,0.310723532,0.002175019,0.308548512
111203020202,2016,0.333777552,0.001335148,0.332442322
111203020202,2017,0.530267679,0.004242162,0.526025767
111203020202,2018,0.554582636,0.010536984,0.544045485
111203020202,2019,0.343803658,0.006188419,0.337615238
111203020202,2020,0.497996923,0.00248997,0.495506869
111203020203,2000,3.862072541,0.077241503,3.784831038
111203020203,2001,4.112655589,0.098703734,4.01395194
111203020203,2002,3.688447562,0.081145795,3.607301597
111203020203,2003,3.731152715,0.074623068,3.656529732
111203020203,2004,3.904590552,0.074187194,3.830403361
111203020203,2005,2.390338496,0.038245436,2.352092893
111203020203,2006,2.911737214,0.06988169,2.841855523
111203020203,2007,2.988588389,0.05080603,2.937782356
111203020203,2008,3.876574448,0.10079097,3.775783481
111203020203,2009,4.234755855,0.10163409,4.133121679
111203020203,2010,5.990516759,0.143772321,5.846744438
111203020203,2011,7.24623797,0.188402178,7.057835877
111203020203,2012,7.401568205,0.162834478,7.238733645
111203020203,2013,6.794696921,0.142688553,6.652008197
111203020203,2014,6.721851359,0.141158841,6.5806926
111203020203,2015,4.674330644,0.093486636,4.580843841
111203020203,2016,6.230319478,0.124606391,6.10571309
111203020203,2017,7.145138797,0.142902841,7.002235871
111203020203,2018,5.704389074,0.131200986,5.573187921
111203020203,2019,4.428602416,0.075286219,4.353316197
111203020203,2020,7.721145079,0.115817123,7.605327956
111203020204,2000,2.349395391,0.105722822,2.243672656
111203020204,2001,2.458135452,0.110616088,2.347519364
111203020204,2002,1.3551686,0.060982584,1.294186016
111203020204,2003,2.162464688,0.097310926,2.065153847
111203020204,2004,1.785511262,0.080348003,1.70516309
111203020204,2005,1.315568137,0.059200647,1.25636749
111203020204,2006,2.063808389,0.092871334,1.970937055
111203020204,2007,2.525893532,0.113665167,2.412228364
111203020204,2008,2.470106205,0.111154798,2.358951489
111203020204,2009,2.489964395,0.112048315,2.377916079
111203020204,2010,3.096471984,0.139341249,2.957130819
111203020204,2011,2.923650567,0.131564238,2.792086329
111203020204,2012,3.998608033,0.179937352,3.818670847
111203020204,2013,3.3388236,0.150247055,3.18857663
111203020204,2014,3.517053441,0.158267367,3.358786071
111203020204,2015,1.927086016,0.086718975,1.840367211
111203020204,2016,2.670845158,0.120188014,2.550657145
111203020204,2017,3.0736478,0.138314277,2.93533369
111203020204,2018,2.12248469,0.095511775,2.026972915
111203020204,2019,1.876693263,0.084451186,1.792242077
111203020204,2020,2.920910743,0.131441071,2.789469842
111203020205,2000,2.17524321,0.097886104,2.077357189
111203020205,2001,2.82468874,0.127111132,2.697577775
111203020205,2002,1.932605214,0.086967258,1.845637868
111203020205,2003,2.410529074,0.108473789,2.302055452
111203020205,2004,2.18453662,0.098304219,2.086232484
111203020205,2005,2.462247203,0.110801077,2.351446126
111203020205,2006,3.38658331,0.152396178,3.234187132
111203020205,2007,2.693717096,0.121217312,2.572499784
111203020205,2008,2.936680098,0.132150393,2.804529623
111203020205,2009,2.264476482,0.101901488,2.162574997
111203020205,2010,2.745045162,0.123526975,2.621518189
111203020205,2011,3.477069008,0.156468055,3.320600868
111203020205,2012,5.163408019,0.232353358,4.931054746
111203020205,2013,3.978485477,0.179031814,3.799453493
111203020205,2014,2.406392559,0.108287652,2.298105074
111203020205,2015,2.242550956,0.100914795,2.141636077
111203020205,2016,3.037094339,0.13666918,2.900425158
111203020205,2017,3.048824132,0.137197044,2.91162717
111203020205,2018,1.245052762,0.056027364,1.189025315
111203020205,2019,2.339664104,0.105284929,2.234379093
111203020205,2020,3.770506287,0.169672888,3.60083373
111203020206,2000,0.563200833,0.025344112,0.53785697
111203020206,2001,0.942343748,0.042405575,0.899938337
111203020206,2002,0.247138795,0.011121164,0.236017545
111203020206,2003,0.394852951,0.017768427,0.37708469
111203020206,2004,0.19976124,0.008989262,0.190771978
111203020206,2005,0.451321515,0.020309436,0.431012077
111203020206,2006,0.541695526,0.024376318,0.517319375
111203020206,2007,0.645345534,0.029040397,0.61630497
111203020206,2008,0.831674634,0.037425369,0.794249265
111203020206,2009,0.354416074,0.015948764,0.338467474
111203020206,2010,0.451353044,0.020310825,0.431042307
111203020206,2011,0.873403679,0.039303181,0.834100584
111203020206,2012,0.9835625,0.044260322,0.939302093
111203020206,2013,0.584252923,0.0262914,0.557961605
111203020206,2014,0.70070717,0.031531814,0.669175353
111203020206,2015,0.269105455,0.012109715,0.256995742
111203020206,2016,0.754728391,0.03396276,0.720765467
111203020206,2017,0.27154034,0.012219359,0.259321148
111203020206,2018,0.314782052,0.014165134,0.300616918
111203020206,2019,0.295340397,0.013290274,0.282049956
111203020206,2020,0.69225841,0.031151623,0.661106787
111203020207,2000,0.062590503,0.002816596,0.059773822
111203020207,2001,0.408276616,0.018372562,0.389904222
111203020207,2002,0.094792868,0.004265745,0.090527208
111203020207,2003,0.091239351,0.004105762,0.087133677
111203020207,2004,0.171077164,0.00769847,0.163378694
111203020207,2005,0.061666049,0.00277491,0.058891055
111203020207,2006,0.329478641,0.014826534,0.314651937
111203020207,2007,0.434052745,0.019532471,0.414520441
111203020207,2008,0.201495751,0.009067301,0.192428284
111203020207,2009,0.219947299,0.009897666,0.210049463
111203020207,2010,0.163936159,0.007377216,0.156559027
111203020207,2011,0.085071668,0.003828195,0.08124331
111203020207,2012,0.095692514,0.004306208,0.091386391
111203020207,2013,0.317760844,0.014299241,0.303461521
111203020207,2014,0.12363757,0.005563679,0.118073808
111203020207,2015,0.076167732,0.003427397,0.072740249
111203020207,2016,0.059172112,0.002662811,0.056509301
111203020207,2017,0.10972371,0.004937436,0.104786359
111203020207,2018,0.416224781,0.018730112,0.397494668
111203020207,2019,0.203396184,0.009152836,0.194243427
111203020207,2020,0.112319473,0.00505438,0.107265178
111203020208,2000,0.104166686,0.004687456,0.09947923
111203020208,2001,0.35628851,0.016033014,0.34025566
111203020208,2002,0.061508192,0.002767921,0.058740356
111203020208,2003,0.078490405,0.003532096,0.074958395
111203020208,2004,0.063337899,0.002850112,0.06048762
111203020208,2005,0.045964205,0.002068411,0.043895712
111203020208,2006,0.325945948,0.014667605,0.311278342
111203020208,2007,0.222990805,0.010034537,0.212956353
111203020208,2008,0.124451309,0.005600309,0.118850918
111203020208,2009,0.189165052,0.008512433,0.180652452
111203020208,2010,0.035371578,0.001591715,0.033779863
111203020208,2011,0.120979142,0.005444036,0.115535104
111203020208,2012,0.125685836,0.005655891,0.120029945
111203020208,2013,0.349681266,0.015735592,0.333945674
111203020208,2014,0.170142011,0.007656373,0.162485553
111203020208,2015,0.152836786,0.006877622,0.145959085
111203020208,2016,0.320878385,0.014439503,0.306438964
111203020208,2017,0.042556962,0.001915005,0.040641959
111203020208,2018,0.154165211,0.006937345,0.147227784
111203020208,2019,0.096825049,0.004357236,0.092468063
111203020208,2020,0.125367697,0.005641623,0.119726074
111203020209,2000,0.10098765,0.004544347,0.096443055
111203020209,2001,0.068403405,0.00307814,0.065325266
111203020209,2002,0.042012518,0.001890616,0.040121904
111203020209,2003,0.016924622,0.000761625,0.016162915
111203020209,2004,0.0,0.0,0.0
111203020209,2005,0.013548885,0.000609704,0.012939263
111203020209,2006,0.024442132,0.001099734,0.023342312
111203020209,2007,0.04031503,0.001814162,0.038500866
111203020209,2008,0.016169762,0.000727719,0.015442126
111203020209,2009,0.067427622,0.003034362,0.064393427
111203020209,2010,0.0,0.0,0.0
111203020209,2011,0.0,0.0,0.0
111203020209,2012,0.11112691,0.005000757,0.10612615
111203020209,2013,0.286985699,0.012914405,0.274071293
111203020209,2014,0.081444926,0.003665038,0.077779888
111203020209,2015,0.045075756,0.002028553,0.043047455
111203020209,2016,0.220976355,0.009943891,0.211032383
111203020209,2017,0.149814071,0.006741619,0.143072452
111203020209,2018,0.0,0.0,0.0
111203020209,2019,0.028924055,0.001301627,0.027622512
111203020209,2020,0.013462746,0.000605732,0.012856932
111203040101,2000,0.68752965,0.012375497,0.675154071
111203040101,2001,0.327450074,0.006221589,0.321228567
111203040101,2002,0.474074216,0.017066677,0.45700754
111203040101,2003,0.795079945,0.011926181,0.783153677
111203040101,2004,0.583978016,0.010511533,0.573466481
111203040101,2005,0.460282663,0.001841101,0.458441392
111203040101,2006,0.576333767,0.017866323,0.558467359
111203040101,2007,1.535942688,0.046078381,1.489864638
111203040101,2008,0.735856918,0.023547484,0.712309516
111203040101,2009,0.520996455,0.020839855,0.500156682
111203040101,2010,0.736815153,0.022104416,0.714710655
111203040101,2011,1.392315551,0.027846362,1.364469274
111203040101,2012,2.203305833,0.077115689,2.126190063
111203040101,2013,0.995283247,0.040806575,0.954476589
111203040101,2014,1.139186438,0.037593266,1.10159334
111203040101,2015,0.849486449,0.03822686,0.811259586
111203040101,2016,0.912581443,0.037415844,0.875165429
111203040101,2017,0.760004644,0.034200301,0.725804427
111203040101,2018,1.541818356,0.057047244,1.484770945
111203040101,2019,1.276423562,0.052333249,1.22409023
111203040101,2020,1.27701247,0.057465495,1.219546975
111203040102,2000,1.574345795,0.028338311,1.546007566
111203040102,2001,1.380905427,0.012428129,1.368477216
111203040102,2002,2.093754036,0.029312556,2.064441479
111203040102,2003,2.116891995,0.031753466,2.085138614
111203040102,2004,1.300092355,0.032502311,1.267589962
111203040102,2005,2.106427688,0.050554321,2.055873364
111203040102,2006,2.45705994,0.056512375,2.400547649
111203040102,2007,3.419583849,0.061552529,3.358031405
111203040102,2008,2.501561811,0.052532803,2.449028842
111203040102,2009,2.920914937,0.058418293,2.862496562
111203040102,2010,2.932774055,0.061588348,2.871185874
111203040102,2011,3.694715896,0.070199647,3.624516334
111203040102,2012,4.128912604,0.061933727,4.066978962
111203040102,2013,2.872398611,0.054575488,2.817823041
111203040102,2014,1.974551847,0.035542027,1.939009816
111203040102,2015,1.965627658,0.057003189,1.908624636
111203040102,2016,2.478270896,0.044608757,2.43366197
111203040102,2017,2.128382825,0.055338121,2.073044622
111203040102,2018,2.335527822,0.056052608,2.279475044
111203040102,2019,2.793615408,0.064253027,2.729362211
111203040102,2020,3.500158814,0.070003183,3.430155546
111203040103,2000,0.176782473,0.006894637,0.169888087
111203040103,2001,0.146236551,0.00658066,0.139655975
111203040103,2002,0.046393096,4.6504e-05,0.046346674
111203040103,2003,0.13101629,0.004847482,0.126168811
111203040103,2004,0.082830344,0.003147675,0.079682836
111203040103,2005,0.077010263,0.00346554,0.073544808
111203040103,2006,0.027682614,0.001245742,0.026436871
111203040103,2007,0.265453759,0.008494441,0.256959148
111203040103,2008,0.118186899,0.003900131,0.114286683
111203040103,2009,0.075617879,0.002419682,0.073198115
111203040103,2010,0.14268009,0.005421882,0.137258293
111203040103,2011,0.154767581,0.006035844,0.148731655
111203040103,2012,0.16106032,0.002415842,0.158644311
111203040103,2013,0.251034926,0.005773786,0.245261307
111203040103,2014,0.220819268,0.007728625,0.213090729
111203040103,2015,0.171223416,0.004451795,0.166771622
111203040103,2016,0.186052943,0.003907107,0.182145669
111203040103,2017,0.073710668,0.003317036,0.07039363
111203040103,2018,0.128889696,0.000773318,0.128116378
111203040103,2019,0.063895121,6.3934e-05,0.063831266
111203040103,2020,0.271979085,0.002447749,0.269531254
111203040104,2000,0.0,0.0,0.0
111203040104,2001,0.0,0.0,0.0
111203040104,2002,0.0,0.0,0.0
111203040104,2003,0.0,0.0,0.0
111203040104,2004,0.000945628,4.2615e-05,0.000902934
111203040104,2005,0.0,0.0,0.0
111203040104,2006,0.0,0.0,0.0
111203040104,2007,0.0,0.0,0.0
111203040104,2008,0.0,0.0,0.0
111203040104,2009,0.0,0.0,0.0
111203040104,2010,0.0,0.0,0.0
111203040104,2011,0.0,0.0,0.0
111203040104,2012,0.0,0.0,0.0
111203040104,2013,0.0,0.0,0.0
111203040104,2014,0.0,0.0,0.0
111203040104,2015,0.0,0.0,0.0
111203040104,2016,0.0,0.0,0.0
111203040104,2017,0.0,0.0,0.0
111203040104,2018,0.0,0.0,0.0
111203040104,2019,0.0,0.0,0.0
111203040104,2020,0.0,0.0,0.0
111203040105,2000,0.149082872,0.000149128,0.148933828
111203040105,2001,0.143265638,0.001146151,0.142119488
111203040105,2002,0.0,0.0,0.0
111203040105,2003,0.119008499,0.00095203,0.118056468
111203040105,2004,0.132339891,0.001852872,0.130487101
111203040105,2005,0.173360868,0.006414288,0.166946501
111203040105,2006,0.070551668,7.0471e-05,0.070481112
111203040105,2007,0.270561934,0.008387414,0.262174521
111203040105,2008,0.262443459,0.008398221,0.25404532
111203040105,2009,0.183951564,0.006806266,0.177145301
111203040105,2010,0.219207638,0.005261022,0.213946868
111203040105,2011,0.186066562,0.008186921,0.177879638
111203040105,2012,0.010074724,9.975e-06,0.010064497
111203040105,2013,0.189453164,0.004546849,0.184906233
111203040105,2014,0.084186422,0.002020447,0.082165978
111203040105,2015,0.257154293,0.006943164,0.250210959
111203040105,2016,0.117163825,0.00199174,0.115172
111203040105,2017,0.135751989,0.003393871,0.1323582
111203040105,2018,0.03856303,3.8597e-05,0.038524603
111203040105,2019,0.06842437,0.001710592,0.066713775
111203040105,2020,0.102750861,0.00010268,0.10264818
111203040106,2000,0.800786831,0.000800768,0.799985978
111203040106,2001,1.06470449,0.001064753,1.063639822
111203040106,2002,1.075085581,0.001075063,1.074010436
111203040106,2003,1.040505285,0.001040521,1.039464847
111203040106,2004,0.771943363,0.000771847,0.771171432
111203040106,2005,1.18929254,0.001189337,1.1881032
111203040106,2006,1.586874381,0.001586822,1.585287477
111203040106,2007,0.905068756,0.000905019,0.904163655
111203040106,2008,0.862249639,0.000862301,0.86138759
111203040106,2009,1.179209153,0.001179205,1.178029863
111203040106,2010,1.233043227,0.001233022,1.23181029
111203040106,2011,2.238940175,0.002238929,2.236701164
111203040106,2012,0.997966238,0.000997932,0.996968309
111203040106,2013,2.060447351,0.00206046,2.058386888
111203040106,2014,1.540373252,0.001540386,1.538832951
111203040106,2015,1.44823377,0.001448247,1.446785441
111203040106,2016,1.184133451,0.00118423,1.182949303
111203040106,2017,1.935368562,0.001935244,1.933433151
111203040106,2018,2.724547112,0.002724553,2.721822647
111203040106,2019,2.542135816,0.002542132,2.539593603
111203040106,2020,3.350595975,0.00335056,3.347245331
111301010101,2000,0.031791751,0.0,0.031791751
111301010101,2001,0.124924474,0.0,0.124924474
111301010101,2002,0.104881263,0.0,0.104881263
111301010101,2003,0.122333732,0.0,0.122333732
111301010101,2004,0.081860913,0.0,0.081860913
111301010101,2005,0.179591734,0.0,0.179591734
111301010101,2006,0.133343496,0.0,0.133343496
111301010101,2007,0.303505959,0.0,0.303505959
111301010101,2008,0.112544388,0.0,0.112544388
111301010101,2009,0.077210063,0.0,0.077210063
111301010101,2010,0.153182912,0.0,0.153182912
111301010101,2011,0.166165795,0.0,0.166165795
111301010101,2012,0.651316145,0.0,0.651316145
111301010101,2013,0.559759085,0.0,0.559759085
111301010101,2014,0.357137863,0.0,0.357137863
111301010101,2015,0.37057149,0.0,0.37057149
111301010101,2016,0.108640727,0.0,0.108640727
111301010101,2017,0.353364556,0.0,0.353364556
111301010101,2018,0.546516712,0.0,0.546516712
111301010101,2019,0.633822107,0.0,0.633822107
111301010101,2020,0.728640011,0.0,0.728640011
111301010102,2000,0.900536377,0.0,0.900536377
111301010102,2001,1.531614992,0.0,1.531614992
111301010102,2002,0.781362745,0.0,0.781362745
111301010102,2003,1.998665882,0.0,1.998665882
111301010102,2004,1.159950139,0.0,1.159950139
111301010102,2005,2.622081956,0.0,2.622081956
111301010102,2006,2.558851781,0.0,2.558851781
111301010102,2007,2.376974542,0.0,2.376974542
111301010102,2008,1.754982945,0.0,1.754982945
111301010102,2009,1.461680468,0.0,1.461680468
111301010102,2010,1.684720085,0.0,1.684720085
111301010102,2011,1.966546353,0.0,1.966546353
111301010102,2012,2.203766869,0.0,2.203766869
111301010102,2013,2.098822318,0.0,2.098822318
111301010102,2014,2.336820293,0.0,2.336820293
111301010102,2015,0.671881197,0.0,0.671881197
111301010102,2016,1.017851842,0.0,1.017851842
111301010102,2017,0.921588852,0.0,0.921588852
111301010102,2018,2.255027888,0.0,2.255027888
111301010102,2019,2.354032112,0.0,2.354032112
111301010102,2020,2.25833574,0.0,2.25833574
111301010103,2000,0.89966359,0.0,0.89966359
111301010103,2001,1.614656984,0.0,1.614656984
111301010103,2002,1.014997896,0.0,1.014997896
111301010103,2003,1.136382929,0.0,1.136382929
111301010103,2004,0.970048642,0.0,0.970048642
111301010103,2005,1.314639367,0.0,1.314639367
111301010103,2006,1.799146745,0.0,1.799146745
111301010103,2007,1.224256186,0.0,1.224256186
111301010103,2008,1.306765232,0.0,1.306765232
111301010103,2009,1.428975005,0.0,1.428975005
111301010103,2010,1.120036816,0.0,1.120036816
111301010103,2011,0.826314726,0.0,0.826314726
111301010103,2012,1.943826112,0.0,1.943826112
111301010103,2013,0.67010777,0.0,0.67010777
111301010103,2014,1.830362849,0.0,1.830362849
111301010103,2015,0.269518493,0.0,0.269518493
111301010103,2016,0.696678607,0.0,0.696678607
111301010103,2017,0.52232309,0.0,0.52232309
111301010103,2018,1.581519627,0.0,1.581519627
111301010103,2019,0.693682786,0.0,0.693682786
111301010103,2020,0.365840246,0.0,0.365840246
111301010104,2000,0.259853448,0.0,0.259853448
111301010104,2001,0.52677826,0.0,0.52677826
111301010104,2002,0.608851501,0.0,0.608851501
111301010104,2003,0.109917118,0.0,0.109917118
111301010104,2004,0.521796393,0.0,0.521796393
111301010104,2005,0.336898236,0.0,0.336898236
111301010104,2006,0.423185011,0.0,0.423185011
111301010104,2007,0.134387942,0.0,0.134387942
111301010104,2008,0.213108579,0.0,0.213108579
111301010104,2009,0.321716132,0.0,0.321716132
111301010104,2010,0.621129551,0.0,0.621129551
111301010104,2011,0.231087967,0.0,0.231087967
111301010104,2012,0.872184888,0.0,0.872184888
111301010104,2013,0.393579548,0.0,0.393579548
111301010104,2014,1.272862962,0.0,1.272862962
111301010104,2015,0.401417682,0.0,0.401417682
111301010104,2016,0.977269071,0.0,0.977269071
111301010104,2017,0.908658318,0.0,0.908658318
111301010104,2018,1.533545501,0.0,1.533545501
111301010104,2019,1.797701545,0.0,1.797701545
111301010104,2020,0.656271148,0.0,0.656271148
111301010105,2000,0.137039205,0.0,0.137039205
111301010105,2001,0.15639466,0.0,0.15639466
111301010105,2002,0.098443011,0.0,0.098443011
111301010105,2003,0.41454163,0.0,0.41454163
111301010105,2004,0.0,0.0,0.0
111301010105,2005,0.421366521,0.0,0.421366521
111301010105,2006,0.515541312,0.0,0.515541312
111301010105,2007,0.378825184,0.0,0.378825184
111301010105,2008,0.348823765,0.0,0.348823765
111301010105,2009,0.488509553,0.0,0.488509553
111301010105,2010,0.526013279,0.0,0.526013279
111301010105,2011,0.7244842,0.0,0.7244842
111301010105,2012,0.331175568,0.0,0.331175568
111301010105,2013,0.691410501,0.0,0.691410501
111301010105,2014,0.730565121,0.0,0.730565121
111301010105,2015,0.434350008,0.0,0.434350008
111301010105,2016,0.270990727,0.0,0.270990727
111301010105,2017,0.597768252,0.0,0.597768252
111301010105,2018,1.125107477,0.0,1.125107477
111301010105,2019,1.34324849,0.0,1.34324849
111301010105,2020,1.383168467,0.0,1.383168467
111301010106,2000,0.559581287,0.0,0.559581287
111301010106,2001,0.806285704,0.0,0.806285704
111301010106,2002,0.716751348,0.0,0.716751348
111301010106,2003,0.503956734,0.0,0.503956734
111301010106,2004,0.107737555,0.0,0.107737555
111301010106,2005,0.45174274,0.0,0.45174274
111301010106,2006,0.684798211,0.0,0.684798211
111301010106,2007,0.241384742,0.0,0.241384742
111301010106,2008,0.175133473,0.0,0.175133473
111301010106,2009,0.223609197,0.0,0.223609197
111301010106,2010,0.02785526,0.0,0.02785526
111301010106,2011,0.389545225,0.0,0.389545225
111301010106,2012,0.779881158,0.0,0.779881158
111301010106,2013,0.0,0.0,0.0
111301010106,2014,0.823516923,0.0,0.823516923
111301010106,2015,0.368215647,0.0,0.368215647
111301010106,2016,0.054335511,0.0,0.054335511
111301010106,2017,0.566366496,0.0,0.566366496
111301010106,2018,1.119692033,0.0,1.119692033
111301010106,2019,1.063008918,0.0,1.063008918
111301010106,2020,0.861649536,0.0,0.861649536
111301010107,2000,0.086102844,0.0,0.086102844
111301010107,2001,0.333968145,0.0,0.333968145
111301010107,2002,0.211674364,0.0,0.211674364
111301010107,2003,0.130750088,0.0,0.130750088
111301010107,2004,0.194085699,0.0,0.194085699
111301010107,2005,0.271919499,0.0,0.271919499
111301010107,2006,0.4586816,0.0,0.4586816
111301010107,2007,0.451307838,0.0,0.451307838
111301010107,2008,0.396893475,0.0,0.396893475
111301010107,2009,0.693197096,0.0,0.693197096
111301010107,2010,0.704830978,0.0,0.704830978
111301010107,2011,0.261792038,0.0,0.261792038
111301010107,2012,0.436224,0.0,0.436224
111301010107,2013,0.405434518,0.0,0.405434518
111301010107,2014,0.969278827,0.0,0.969278827
111301010107,2015,0.409156737,0.0,0.409156737
111301010107,2016,0.405325992,0.0,0.405325992
111301010107,2017,0.340467668,0.0,0.340467668
111301010107,2018,0.866555948,0.0,0.866555948
111301010107,2019,1.248359614,0.0,1.248359614
111301010107,2020,0.617415822,0.0,0.617415822
111301010108,2000,0.285158167,0.0,0.285158167
111301010108,2001,0.45687791,0.0,0.45687791
111301010108,2002,0.365132679,0.0,0.365132679
111301010108,2003,0.15810497,0.0,0.15810497
111301010108,2004,0.347170689,0.0,0.347170689
111301010108,2005,0.398323016,0.0,0.398323016
111301010108,2006,0.254788674,0.0,0.254788674
111301010108,2007,0.180229238,0.0,0.180229238
111301010108,2008,0.0,0.0,0.0
111301010108,2009,0.361233359,0.0,0.361233359
111301010108,2010,0.187962912,0.0,0.187962912
111301010108,2011,0.308440332,0.0,0.308440332
111301010108,2012,0.211371082,0.0,0.211371082
111301010108,2013,0.0,0.0,0.0
111301010108,2014,0.09224997,0.0,0.09224997
111301010108,2015,0.0,0.0,0.0
111301010108,2016,0.0,0.0,0.0
111301010108,2017,0.0,0.0,0.0
111301010108,2018,0.152684389,0.0,0.152684389
111301010108,2019,0.21628611,0.0,0.21628611
111301010108,2020,0.131136801,0.0,0.131136801
111301010301,2000,4.196207074,0.0,4.196207074
111301010301,2001,3.704357052,0.0,3.704357052
111301010301,2002,3.5295964,0.0,3.5295964
111301010301,2003,4.634058773,0.0,4.634058773
111301010301,2004,2.705538828,0.002705478,2.702833265
111301010301,2005,5.245689222,0.0,5.245689222
111301010301,2006,4.169449263,0.0,4.169449263
111301010301,2007,4.577150195,0.0,4.577150195
111301010301,2008,4.607338913,0.0,4.607338913
111301010301,2009,5.293670055,0.0,5.293670055
111301010301,2010,7.760909025,0.0,7.760909025
111301010301,2011,5.839164973,0.0,5.839164973
111301010301,2012,5.540984899,0.0,5.540984899
111301010301,2013,3.621894219,0.0,3.621894219
111301010301,2014,7.58085306,0.0,7.58085306
111301010301,2015,4.536760055,0.0,4.536760055
111301010301,2016,4.931689678,0.0,4.931689678
111301010301,2017,8.089760173,0.0,8.089760173
111301010301,2018,5.992429145,0.0,5.992429145
111301010301,2019,7.333617751,0.0,7.333617751
111301010301,2020,5.547975134,0.0,5.547975134
111301010401,2000,0.088437667,0.0,0.088437667
111301010401,2001,0.523600373,0.0,0.523600373
111301010401,2002,0.421236893,0.0,0.421236893
111301010401,2003,0.295429282,0.0,0.295429282
111301010401,2004,0.183219369,0.0,0.183219369
111301010401,2005,0.285584236,0.0,0.285584236
111301010401,2006,0.318937981,0.0,0.318937981
111301010401,2007,0.2118784,0.0,0.2118784
111301010401,2008,0.0,0.0,0.0
111301010401,2009,0.242466696,0.0,0.242466696
111301010401,2010,0.275499507,0.0,0.275499507
111301010401,2011,0.135310466,0.0,0.135310466
111301010401,2012,0.532622016,0.0,0.532622016
111301010401,2013,0.160661981,0.0,0.160661981
111301010401,2014,0.392246362,0.0,0.392246362
111301010401,2015,0.31719237,0.0,0.31719237
111301010401,2016,0.177500418,0.0,0.177500418
111301010401,2017,0.137924575,0.0,0.137924575
111301010401,2018,1.304794584,0.0,1.304794584
111301010401,2019,0.82294694,0.0,0.82294694
111301010401,2020,0.333537202,0.0,0.333537202
111301010402,2000,2.393314486,0.0,2.393314486
111301010402,2001,1.890268663,0.0,1.890268663
111301010402,2002,1.966082984,0.0,1.966082984
111301010402,2003,1.362483595,0.0,1.362483595
111301010402,2004,1.836236986,0.0,1.836236986
111301010402,2005,2.682154907,0.0,2.682154907
111301010402,2006,1.554749162,0.0,1.554749162
111301010402,2007,1.559222997,0.0,1.559222997
111301010402,2008,2.431454943,0.0,2.431454943
111301010402,2009,2.37967686,0.0,2.37967686
111301010402,2010,2.829045959,0.0,2.829045959
111301010402,2011,1.259278082,0.0,1.259278082
111301010402,2012,2.075088333,0.0,2.075088333
111301010402,2013,2.193840679,0.0,2.193840679
111301010402,2014,2.426270545,0.0,2.426270545
111301010402,2015,2.207139345,0.0,2.207139345
111301010402,2016,1.787446735,0.0,1.787446735
111301010402,2017,1.165931685,0.0,1.165931685
111301010402,2018,2.439810304,0.0,2.439810304
111301010402,2019,2.23722609,0.0,2.23722609
111301010402,2020,3.143037546,0.0,3.143037546
111301010403,2000,3.103312817,0.006206634,3.097105929
111301010403,2001,2.167372882,0.006502096,2.160870786
111301010403,2002,1.339174745,0.004017403,1.335157427
111301010403,2003,1.40866083,0.002817233,1.40584343
111301010403,2004,1.363185005,0.002726423,1.360458749
111301010403,2005,1.254870156,0.005019501,1.249850907
111301010403,2006,1.795277285,0.005385836,1.789891614
111301010403,2007,1.388223668,0.002776425,1.385447164
111301010403,2008,1.738106142,0.00347612,1.734630022
111301010403,2009,2.027028096,0.00608117,2.020947008
111301010403,2010,1.364151348,0.004092518,1.36005891
111301010403,2011,3.522625907,0.007045342,3.515580816
111301010403,2012,1.427926751,0.005711781,1.422214967
111301010403,2013,1.142847614,0.003428638,1.139419058
111301010403,2014,2.079106447,0.006237356,2.072869175
111301010403,2015,1.134394419,0.00340317,1.130991167
111301010403,2016,2.538385325,0.005076836,2.533308574
111301010403,2017,1.401254745,0.005604945,1.395649882
111301010403,2018,1.744333649,0.00697723,1.737356334
111301010403,2019,1.660108304,0.004980433,1.655127953
111301010403,2020,1.958904992,0.005876658,1.953028249
111301010404,2000,2.562604022,0.00512532,2.557478784
111301010404,2001,1.191465252,0.003574392,1.187890778
111301010404,2002,0.870218885,0.002610734,0.867608236
111301010404,2003,0.990955668,0.000991022,0.989964647
111301010404,2004,1.144980746,0.001144847,1.143835732
111301010404,2005,1.702603068,0.003405184,1.699197636
111301010404,2006,1.417777964,0.00425337,1.413524679
111301010404,2007,1.525648058,0.001525753,1.524122301
111301010404,2008,1.622305104,0.0,1.622305104
111301010404,2009,0.716094233,0.002148395,0.713945915
111301010404,2010,1.555267964,0.001555236,1.553712899
111301010404,2011,3.032172408,0.003032104,3.029140304
111301010404,2012,0.165158377,0.000330257,0.164828205
111301010404,2013,2.1974834,0.00439494,2.193088545
111301010404,2014,1.21429746,0.002428614,1.211868762
111301010404,2015,1.849130296,0.001849071,1.847281227
111301010404,2016,1.852884546,0.001852861,1.851031686
111301010404,2017,1.583624175,0.003167304,1.580457118
111301010404,2018,2.024052962,0.006072148,2.017980899
111301010404,2019,2.52792083,0.00505583,2.522864921
111301010404,2020,2.152470451,0.004304874,2.148165492
111301010405,2000,2.069103011,0.008276626,2.060826634
111301010405,2001,1.844278403,0.007377088,1.836901395
111301010405,2002,1.279468833,0.005117833,1.27435083
111301010405,2003,0.598588438,0.002394381,0.596194055
111301010405,2004,0.298301131,0.001193197,0.297107852
111301010405,2005,1.11367677,0.004454732,1.109222036
111301010405,2006,1.956932268,0.007827701,1.949104485
111301010405,2007,0.196298312,0.000785148,0.19551317
111301010405,2008,0.591211697,0.002364858,0.588847008
111301010405,2009,1.278200132,0.005112784,1.27308743
111301010405,2010,1.053901951,0.004215608,1.049686258
111301010405,2011,1.571650781,0.006286597,1.565364353
111301010405,2012,1.216828568,0.004867243,1.211961074
111301010405,2013,1.603118515,0.006412425,1.596706005
111301010405,2014,1.968280126,0.007873038,1.960406921
111301010405,2015,0.573877589,0.002295384,0.571582121
111301010405,2016,0.723802699,0.002895311,0.720907552
111301010405,2017,1.494876792,0.005979614,1.488897345
111301010405,2018,2.269811847,0.009079238,2.260732526
111301010405,2019,1.360463573,0.005441795,1.355021778
111301010405,2020,2.608894309,0.010435615,2.598458779
111301020202,2000,1.736917948,0.083372057,1.653546055
111301020202,2001,1.611213019,0.059614989,1.551598197
111301020202,2002,1.337578167,0.164522101,1.173056153
111301020202,2003,2.587430312,0.204406934,2.383023375
111301020202,2004,5.156635309,0.139229109,5.017406199
111301020202,2005,4.545949863,0.345492178,4.200457685
111301020202,2006,0.669953778,0.052926479,0.617027548
111301020202,2007,1.881627592,0.186281063,1.695346274
111301020202,2008,4.439723079,0.834667959,3.605055117
111301020202,2009,1.273608474,0.506896107,0.766712203
111301020202,2010,4.821962625,0.568991479,4.252970975
111301020202,2011,1.354507879,0.121905685,1.232602203
111301020202,2012,5.849974568,0.479698025,5.370276628
111301020202,2013,0.408865899,0.204432907,0.204432907
111301020202,2014,2.229813085,1.030173501,1.201869184
111301020202,2015,2.583503663,0.080088592,2.503415071
111301020202,2016,3.473141571,0.63211168,2.841030055
111301020202,2017,3.133064592,0.401032249,2.732032351
111301020202,2018,4.016990474,1.229199082,2.787791395
111301020202,2019,2.636620058,0.638062058,1.998557997
111301020202,2020,4.307717243,0.917543872,3.390173708
111301020203,2000,0.100502937,0.072362005,0.028140762
111301020203,2001,0.719994225,0.491035962,0.228958178
111301020203,2002,0.696443918,0.463831742,0.23261226
111301020203,2003,0.671481718,0.490853142,0.18062866
111301020203,2004,1.33353312,0.952142505,0.381390448
111301020203,2005,1.185589214,0.834654649,0.350934405
111301020203,2006,0.296242249,0.252398542,0.043843792
111301020203,2007,0.307868153,0.127149589,0.180718647
111301020203,2008,1.314973822,1.129562533,0.185411287
111301020203,2009,0.483583227,0.464723589,0.018859808
111301020203,2010,1.368721288,1.157938326,0.210783126
111301020203,2011,0.622122121,0.538757666,0.083364299
111301020203,2012,0.750863967,0.406217456,0.344646593
111301020203,2013,0.421982438,0.40552523,0.016457375
111301020203,2014,0.86960097,0.835686458,0.033914342
111301020203,2015,0.404330129,0.38007031,0.024259901
111301020203,2016,0.680219063,0.565262087,0.114957057
111301020203,2017,0.724844348,0.696575441,0.028268992
111301020203,2018,1.213489504,0.781487233,0.432002271
111301020203,2019,0.923401049,0.692550852,0.230850285
111301020203,2020,1.707709519,1.449845317,0.257864117
111301020204,2000,0.107213216,0.10303185,0.004181366
111301020204,2001,0.441107814,0.423904627,0.017203101
111301020204,2002,0.267070559,0.256654863,0.010415863
111301020204,2003,0.265185036,0.254842756,0.010342197
111301020204,2004,0.309428096,0.297360369,0.012067639
111301020204,2005,0.744836701,0.715787951,0.029048666
111301020204,2006,0.201766877,0.193897901,0.007868975
111301020204,2007,0.4396988,0.422550715,0.017148255
111301020204,2008,0.98300082,0.94466391,0.038336989
111301020204,2009,0.303167342,0.29134383,0.011823433
111301020204,2010,0.292763216,0.281345304,0.011417742
111301020204,2011,0.068613838,0.06593791,0.002676014
111301020204,2012,0.338948858,0.325729773,0.013218997
111301020204,2013,0.36418694,0.349983753,0.014203353
111301020204,2014,0.592292827,0.569193573,0.023099337
111301020204,2015,0.253807279,0.243908888,0.009898389
111301020204,2016,0.485355055,0.466426281,0.018928689
111301020204,2017,0.582096693,0.559394953,0.022701745
111301020204,2018,1.166093153,1.120615622,0.045477616
111301020204,2019,0.406063805,0.390227285,0.015836605
111301020204,2020,1.086623038,1.044244768,0.042378186
111301020302,2000,0.489218112,0.470138519,0.019079508
111301020302,2001,0.223916989,0.215184241,0.008732748
111301020302,2002,0.116652471,0.112102915,0.004549386
111301020302,2003,0.327231036,0.314469058,0.012761975
111301020302,2004,0.295485926,0.283961874,0.011524052
111301020302,2005,0.562922633,0.540968745,0.021953885
111301020302,2006,0.159476447,0.153256921,0.006219608
111301020302,2007,0.233869384,0.224748523,0.009120858
111301020302,2008,0.451103719,0.433510724,0.017593082
111301020302,2009,0.140537682,0.135056718,0.005481052
111301020302,2010,0.613529663,0.589602096,0.023927652
111301020302,2011,0.358066301,0.344101619,0.0139646
111301020302,2012,0.343455208,0.33006029,0.013394669
111301020302,2013,0.520946345,0.50062946,0.020316803
111301020302,2014,0.357818847,0.343864211,0.013954975
111301020302,2015,0.25880946,0.248715962,0.010093584
111301020302,2016,0.263051451,0.252792429,0.010258937
111301020302,2017,0.378183159,0.363433937,0.014749137
111301020302,2018,0.467669055,0.44942991,0.018239151
111301020302,2019,0.40712771,0.391249814,0.015878058
111301020302,2020,1.069749828,1.028029322,0.041720336
111301020304,2000,1.000232975,0.961223866,0.039009194
111301020304,2001,0.415122712,0.398932948,0.016189764
111301020304,2002,0.201140995,0.193296545,0.007844529
111301020304,2003,0.866342814,0.832555427,0.033787386
111301020304,2004,1.447903137,1.391434904,0.056468148
111301020304,2005,0.521070345,0.500748542,0.020321803
111301020304,2006,0.608107534,0.584391351,0.023716263
111301020304,2007,0.535164956,0.514293616,0.020871419
111301020304,2008,1.141581721,1.097060003,0.044521803
111301020304,2009,0.698985781,0.671725466,0.027260482
111301020304,2010,2.041341814,1.96172946,0.079612353
111301020304,2011,0.920723362,0.884815249,0.035908197
111301020304,2012,0.189105175,0.181730011,0.007375079
111301020304,2013,0.393552822,0.37820431,0.015348597
111301020304,2014,1.224751808,1.17698654,0.047765268
111301020304,2015,1.593414518,1.531271403,0.062143115
111301020304,2016,2.215979593,2.129556402,0.086423276
111301020304,2017,0.798524203,0.767381696,0.03114234
111301020304,2018,2.241345101,2.153932545,0.087412474
111301020304,2019,2.468388249,2.372121134,0.096267115
111301020304,2020,0.905831383,0.870504003,0.035327462
111301030101,2000,2.770474142,0.0,2.770474142
111301030101,2001,4.094495515,0.0,4.094495515
111301030101,2002,4.351228822,0.0,4.351228822
111301030101,2003,3.466781315,0.0,3.466781315
111301030101,2004,2.206512872,0.0,2.206512872
111301030101,2005,3.800482392,0.0,3.800482392
111301030101,2006,3.327351479,0.0,3.327351479
111301030101,2007,5.417186323,0.0,5.417186323
111301030101,2008,3.986667462,0.0,3.986667462
111301030101,2009,5.106407899,0.0,5.106407899
111301030101,2010,4.1279842,0.0,4.1279842
111301030101,2011,3.774283926,0.0,3.774283926
111301030101,2012,4.366503817,0.0,4.366503817
111301030101,2013,4.526832121,0.0,4.526832121
111301030101,2014,2.512805605,0.0,2.512805605
111301030101,2015,2.758862975,0.0,2.758862975
111301030101,2016,4.250674191,0.0,4.250674191
111301030101,2017,2.936973636,0.0,2.936973636
111301030101,2018,3.612968973,0.0,3.612968973
111301030101,2019,4.585715236,0.0,4.585715236
111301030101,2020,3.936819036,0.0,3.936819036
111301030102,2000,5.941986377,0.0,5.941986377
111301030102,2001,6.378112293,0.0,6.378112293
111301030102,2002,4.608578323,0.0,4.608578323
111301030102,2003,4.643432408,0.0,4.643432408
111301030102,2004,2.651098224,0.0,2.651098224
111301030102,2005,5.187015458,0.0,5.187015458
111301030102,2006,4.469169208,0.0,4.469169208
111301030102,2007,7.218306077,0.0,7.218306077
111301030102,2008,4.634188522,0.0,4.634188522
111301030102,2009,5.44992757,0.0,5.44992757
111301030102,2010,5.850745334,0.0,5.850745334
111301030102,2011,5.289305405,0.0,5.289305405
111301030102,2012,3.696673213,0.0,3.696673213
111301030102,2013,4.351872874,0.0,4.351872874
111301030102,2014,2.854460219,0.0,2.854460219
111301030102,2015,5.250383471,0.0,5.250383471
111301030102,2016,4.772135273,0.0,4.772135273
111301030102,2017,4.304748466,0.0,4.304748466
111301030102,2018,3.562642471,0.0,3.562642471
111301030102,2019,6.199163307,0.0,6.199163307
111301030102,2020,4.445663587,0.0,4.445663587
111301030103,2000,3.206817781,0.0,3.206817781
111301030103,2001,3.870581915,0.0,3.870581915
111301030103,2002,3.401391556,0.0,3.401391556
111301030103,2003,1.633300008,0.0,1.633300008
111301030103,2004,2.16617847,0.0,2.16617847
111301030103,2005,3.227180715,0.0,3.227180715
111301030103,2006,1.817942685,0.0,1.817942685
111301030103,2007,4.045270011,0.0,4.045270011
111301030103,2008,3.343010172,0.0,3.343010172
111301030103,2009,3.511880329,0.0,3.511880329
111301030103,2010,3.847238805,0.0,3.847238805
111301030103,2011,3.609835066,0.0,3.609835066
111301030103,2012,3.331612776,0.0,3.331612776
111301030103,2013,3.257741079,0.0,3.257741079
111301030103,2014,1.701139707,0.0,1.701139707
111301030103,2015,2.19320103,0.0,2.19320103
111301030103,2016,2.794940055,0.0,2.794940055
111301030103,2017,2.743458129,0.0,2.743458129
111301030103,2018,2.27177843,0.0,2.27177843
111301030103,2019,3.738621545,0.0,3.738621545
111301030103,2020,3.20646803,0.0,3.20646803
111301030104,2000,2.436804609,0.0,2.436804609
111301030104,2001,2.460731948,0.0,2.460731948
111301030104,2002,1.825470882,0.0,1.825470882
111301030104,2003,1.945039438,0.0,1.945039438
111301030104,2004,1.777748497,0.0,1.777748497
111301030104,2005,2.043949622,0.0,2.043949622
111301030104,2006,2.021947296,0.0,2.021947296
111301030104,2007,2.103197444,0.0,2.103197444
111301030104,2008,1.875453552,0.0,1.875453552
111301030104,2009,2.229488211,0.0,2.229488211
111301030104,2010,1.769930836,0.0,1.769930836
111301030104,2011,3.260883419,0.0,3.260883419
111301030104,2012,1.595711549,0.0,1.595711549
111301030104,2013,2.071454592,0.0,2.071454592
111301030104,2014,0.936952186,0.0,0.936952186
111301030104,2015,2.351550627,0.0,2.351550627
111301030104,2016,1.810287336,0.0,1.810287336
111301030104,2017,1.856258099,0.0,1.856258099
111301030104,2018,1.900607781,0.0,1.900607781
111301030104,2019,3.77362854,0.0,3.77362854
111301030104,2020,2.250642224,0.0,2.250642224
111301030105,2000,0.133328951,0.0,0.133328951
111301030105,2001,0.4056656,0.0,0.4056656
111301030105,2002,0.13243786,0.0,0.13243786
111301030105,2003,0.284316258,0.0,0.284316258
111301030105,2004,0.343132492,0.0,0.343132492
111301030105,2005,0.227480455,0.0,0.227480455
111301030105,2006,0.059147345,0.0,0.059147345
111301030105,2007,0.381006693,0.0,0.381006693
111301030105,2008,0.069983833,0.0,0.069983833
111301030105,2009,0.109595827,0.0,0.109595827
111301030105,2010,0.215029907,0.0,0.215029907
111301030105,2011,0.36455557,0.0,0.36455557
111301030105,2012,0.169871077,0.0,0.169871077
111301030105,2013,0.125043973,0.0,0.125043973
111301030105,2014,0.301464222,0.0,0.301464222
111301030105,2015,0.133688041,0.0,0.133688041
111301030105,2016,0.228642519,0.0,0.228642519
111301030105,2017,0.109543981,0.0,0.109543981
111301030105,2018,0.444626033,0.0,0.444626033
111301030105,2019,0.469271197,0.0,0.469271197
111301030105,2020,0.236084481,0.0,0.236084481
111301030106,2000,0.119729309,0.0,0.119729309
111301030106,2001,0.150661921,0.0,0.150661921
111301030106,2002,0.21202437,0.0,0.21202437
111301030106,2003,0.171615479,0.0,0.171615479
111301030106,2004,0.28264035,0.0,0.28264035
111301030106,2005,0.228317677,0.0,0.228317677
111301030106,2006,0.105768247,0.0,0.105768247
111301030106,2007,0.258338737,0.0,0.258338737
111301030106,2008,0.188547995,0.0,0.188547995
111301030106,2009,0.190922721,0.0,0.190922721
111301030106,2010,0.258403847,0.0,0.258403847
111301030106,2011,0.449199751,0.0,0.449199751
111301030106,2012,0.292774284,0.0,0.292774284
111301030106,2013,0.303033951,0.0,0.303033951
111301030106,2014,0.209352066,0.0,0.209352066
111301030106,2015,0.180672885,0.0,0.180672885
111301030106,2016,0.210777448,0.0,0.210777448
111301030106,2017,0.299126518,0.0,0.299126518
111301030106,2018,0.424679956,0.0,0.424679956
111301030106,2019,0.845628795,0.0,0.845628795
111301030106,2020,0.214287186,0.0,0.214287186
111301030201,2000,7.087890667,0.0,7.087890667
111301030201,2001,7.29771226,0.0,7.29771226
111301030201,2002,5.580495715,0.0,5.580495715
111301030201,2003,7.023091726,0.0,7.023091726
111301030201,2004,3.967863948,0.0,3.967863948
111301030201,2005,7.859033384,0.0,7.859033384
111301030201,2006,6.559014214,0.0,6.559014214
111301030201,2007,11.165213175,0.0,11.165213175
111301030201,2008,6.539917639,0.0,6.539917639
111301030201,2009,8.043983929,0.0,8.043983929
111301030201,2010,10.565017578,0.0,10.565017578
111301030201,2011,7.069686074,0.0,7.069686074
111301030201,2012,5.845281415,0.0,5.845281415
111301030201,2013,6.843845792,0.0,6.843845792
111301030201,2014,3.513261603,0.0,3.513261603
111301030201,2015,8.358710781,0.0,8.358710781
111301030201,2016,6.814144352,0.0,6.814144352
111301030201,2017,4.836063175,0.0,4.836063175
111301030201,2018,4.801595973,0.0,4.801595973
111301030201,2019,6.772707099,0.0,6.772707099
111301030201,2020,6.264961577,0.0,6.264961577
111301030202,2000,11.441955858,0.0,11.441955858
111301030202,2001,11.730414014,0.0,11.730414014
111301030202,2002,8.120400896,0.0,8.120400896
111301030202,2003,9.902350025,0.0,9.902350025
111301030202,2004,7.424746459,0.0,7.424746459
111301030202,2005,11.540664721,0.0,11.540664721
111301030202,2006,7.070568611,0.0,7.070568611
111301030202,2007,16.078627619,0.0,16.078627619
111301030202,2008,9.325510046,0.0,9.325510046
111301030202,2009,9.406249589,0.0,9.406249589
111301030202,2010,13.874553268,0.0,13.874553268
111301030202,2011,6.532931923,0.0,6.532931923
111301030202,2012,4.789298273,0.0,4.789298273
111301030202,2013,8.643030967,0.0,8.643030967
111301030202,2014,6.084249255,0.0,6.084249255
111301030202,2015,10.604140838,0.0,10.604140838
111301030202,2016,7.329358208,0.0,7.329358208
111301030202,2017,6.488219392,0.0,6.488219392
111301030202,2018,4.762462699,0.0,4.762462699
111301030202,2019,8.331373745,0.0,8.331373745
111301030202,2020,6.460314732,0.0,6.460314732
111301030203,2000,13.808580538,0.0,13.808580538
111301030203,2001,15.874068863,0.0,15.874068863
111301030203,2002,10.762091627,0.0,10.762091627
111301030203,2003,12.124368816,0.0,12.124368816
111301030203,2004,8.972620372,0.0,8.972620372
111301030203,2005,12.123487389,0.0,12.123487389
111301030203,2006,10.47841691,0.0,10.47841691
111301030203,2007,14.633379573,0.0,14.633379573
111301030203,2008,11.101145653,0.0,11.101145653
111301030203,2009,12.640523871,0.0,12.640523871
111301030203,2010,12.893111022,0.0,12.893111022
111301030203,2011,12.408070655,0.0,12.408070655
111301030203,2012,9.027662011,0.0,9.027662011
111301030203,2013,12.333515789,0.0,12.333515789
111301030203,2014,9.275369759,0.0,9.275369759
111301030203,2015,10.018939633,0.0,10.018939633
111301030203,2016,9.961227169,0.0,9.961227169
111301030203,2017,8.004528674,0.0,8.004528674
111301030203,2018,6.945074364,0.0,6.945074364
111301030203,2019,10.703332326,0.0,10.703332326
111301030203,2020,10.191044954,0.0,10.191044954
111301030204,2000,7.41842444,0.0,7.41842444
111301030204,2001,6.873327589,0.0,6.873327589
111301030204,2002,5.418520485,0.0,5.418520485
111301030204,2003,7.265731507,0.0,7.265731507
111301030204,2004,3.743003566,0.0,3.743003566
111301030204,2005,7.386551208,0.0,7.386551208
111301030204,2006,5.211574052,0.0,5.211574052
111301030204,2007,10.737458523,0.0,10.737458523
111301030204,2008,6.163757221,0.0,6.163757221
111301030204,2009,8.134998764,0.0,8.134998764
111301030204,2010,9.001684578,0.0,9.001684578
111301030204,2011,7.628099833,0.0,7.628099833
111301030204,2012,5.567730107,0.0,5.567730107
111301030204,2013,7.424527559,0.0,7.424527559
111301030204,2014,7.018068134,0.0,7.018068134
111301030204,2015,6.491516181,0.0,6.491516181
111301030204,2016,7.279976883,0.0,7.279976883
111301030204,2017,5.814985871,0.0,5.814985871
111301030204,2018,4.837240871,0.0,4.837240871
111301030204,2019,7.146578518,0.0,7.146578518
111301030204,2020,5.279101634,0.0,5.279101634
111301030205,2000,1.971947481,0.0,1.971947481
111301030205,2001,2.795970627,0.0,2.795970627
111301030205,2002,2.041267353,0.0,2.041267353
111301030205,2003,2.607510392,0.0,2.607510392
111301030205,2004,1.603161325,0.0,1.603161325
111301030205,2005,3.119036871,0.0,3.119036871
111301030205,2006,1.70573829,0.0,1.70573829
111301030205,2007,4.323044614,0.0,4.323044614
111301030205,2008,2.152421284,0.0,2.152421284
111301030205,2009,2.684184877,0.0,2.684184877
111301030205,2010,2.570892679,0.0,2.570892679
111301030205,2011,3.476592458,0.0,3.476592458
111301030205,2012,1.205635265,0.0,1.205635265
111301030205,2013,2.416292474,0.0,2.416292474
111301030205,2014,2.124869049,0.0,2.124869049
111301030205,2015,2.777353545,0.0,2.777353545
111301030205,2016,1.998943626,0.0,1.998943626
111301030205,2017,2.073159,0.0,2.073159
111301030205,2018,1.907132501,0.0,1.907132501
111301030205,2019,2.612445718,0.0,2.612445718
111301030205,2020,2.18848744,0.0,2.18848744
111301030206,2000,5.269104948,0.0,5.269104948
111301030206,2001,5.668665855,0.0,5.668665855
111301030206,2002,5.176867556,0.0,5.176867556
111301030206,2003,5.014118679,0.0,5.014118679
111301030206,2004,3.711229511,0.0,3.711229511
111301030206,2005,5.797784403,0.0,5.797784403
111301030206,2006,4.951184173,0.0,4.951184173
111301030206,2007,6.959129515,0.0,6.959129515
111301030206,2008,4.877750336,0.0,4.877750336
111301030206,2009,5.866824529,0.0,5.866824529
111301030206,2010,4.614628244,0.0,4.614628244
111301030206,2011,7.766166367,0.0,7.766166367
111301030206,2012,6.248072803,0.0,6.248072803
111301030206,2013,7.057784921,0.0,7.057784921
111301030206,2014,4.166224038,0.0,4.166224038
111301030206,2015,5.084774038,0.0,5.084774038
111301030206,2016,5.235676333,0.0,5.235676333
111301030206,2017,5.467877833,0.0,5.467877833
111301030206,2018,4.58440163,0.0,4.58440163
111301030206,2019,6.292714175,0.0,6.292714175
111301030206,2020,6.262018544,0.0,6.262018544
111301030207,2000,0.481750232,0.0,0.481750232
111301030207,2001,0.816210249,0.0,0.816210249
111301030207,2002,0.6356508,0.0,0.6356508
111301030207,2003,0.650666479,0.0,0.650666479
111301030207,2004,0.36125791,0.0,0.36125791
111301030207,2005,0.30238374,0.0,0.30238374
111301030207,2006,0.800307195,0.0,0.800307195
111301030207,2007,0.713084729,0.0,0.713084729
111301030207,2008,0.515415566,0.0,0.515415566
111301030207,2009,0.274393315,0.0,0.274393315
111301030207,2010,0.609217885,0.0,0.609217885
111301030207,2011,0.94189449,0.0,0.94189449
111301030207,2012,0.951594486,0.0,0.951594486
111301030207,2013,0.701395452,0.0,0.701395452
111301030207,2014,0.345727504,0.0,0.345727504
111301030207,2015,0.599323005,0.0,0.599323005
111301030207,2016,0.17011959,0.0,0.17011959
111301030207,2017,0.755738808,0.0,0.755738808
111301030207,2018,0.811976107,0.0,0.811976107
111301030207,2019,0.69988471,0.0,0.69988471
111301030207,2020,0.527083825,0.0,0.527083825
111301030208,2000,2.667874678,0.0,2.667874678
111301030208,2001,1.89868314,0.0,1.89868314
111301030208,2002,2.02942777,0.0,2.02942777
111301030208,2003,1.990713359,0.0,1.990713359
111301030208,2004,1.957698891,0.0,1.957698891
111301030208,2005,2.456230816,0.0,2.456230816
111301030208,2006,1.617607786,0.0,1.617607786
111301030208,2007,2.496697419,0.0,2.496697419
111301030208,2008,2.301051967,0.0,2.301051967
111301030208,2009,2.366019208,0.0,2.366019208
111301030208,2010,2.445335386,0.0,2.445335386
111301030208,2011,2.11674511,0.0,2.11674511
111301030208,2012,2.866461413,0.0,2.866461413
111301030208,2013,1.19014257,0.0,1.19014257
111301030208,2014,2.320702301,0.0,2.320702301
111301030208,2015,1.788487433,0.0,1.788487433
111301030208,2016,2.209632415,0.0,2.209632415
111301030208,2017,2.463734022,0.0,2.463734022
111301030208,2018,2.127669384,0.0,2.127669384
111301030208,2019,2.581945795,0.0,2.581945795
111301030208,2020,3.072878317,0.0,3.072878317
111301030209,2000,3.730037148,0.0,3.730037148
111301030209,2001,2.828587038,0.0,2.828587038
111301030209,2002,3.043023438,0.0,3.043023438
111301030209,2003,2.975353079,0.0,2.975353079
111301030209,2004,2.22692871,0.0,2.22692871
111301030209,2005,2.778642014,0.0,2.778642014
111301030209,2006,2.312726773,0.0,2.312726773
111301030209,2007,2.780563416,0.0,2.780563416
111301030209,2008,3.017650926,0.0,3.017650926
111301030209,2009,3.169808153,0.0,3.169808153
111301030209,2010,2.298757575,0.0,2.298757575
111301030209,2011,3.523012879,0.0,3.523012879
111301030209,2012,3.658305413,0.0,3.658305413
111301030209,2013,2.883229712,0.0,2.883229712
111301030209,2014,3.168177638,0.0,3.168177638
111301030209,2015,2.571247449,0.0,2.571247449
111301030209,2016,3.380840904,0.0,3.380840904
111301030209,2017,2.841207329,0.0,2.841207329
111301030209,2018,2.536032458,0.0,2.536032458
111301030209,2019,3.756838775,0.0,3.756838775
111301030209,2020,3.69598494,0.0,3.69598494
111301030301,2000,0.223527855,0.0,0.223527855
111301030301,2001,1.075557178,0.0,1.075557178
111301030301,2002,0.410438249,0.0,0.410438249
111301030301,2003,0.411606153,0.0,0.411606153
111301030301,2004,0.352469989,0.0,0.352469989
111301030301,2005,0.460312293,0.0,0.460312293
111301030301,2006,0.303953981,0.0,0.303953981
111301030301,2007,0.250451238,0.0,0.250451238
111301030301,2008,0.255708533,0.0,0.255708533
111301030301,2009,0.436234929,0.0,0.436234929
111301030301,2010,0.242280389,0.0,0.242280389
111301030301,2011,0.851388888,0.0,0.851388888
111301030301,2012,0.692711194,0.0,0.692711194
111301030301,2013,0.911866342,0.0,0.911866342
111301030301,2014,0.28961343,0.0,0.28961343
111301030301,2015,0.735941699,0.0,0.735941699
111301030301,2016,0.803277664,0.0,0.803277664
111301030301,2017,0.546762263,0.0,0.546762263
111301030301,2018,0.826675132,0.0,0.826675132
111301030301,2019,0.864348422,0.0,0.864348422
111301030301,2020,0.981489899,0.0,0.981489899
111301030302,2000,0.89503177,0.0,0.89503177
111301030302,2001,1.892436866,0.0,1.892436866
111301030302,2002,0.832811123,0.0,0.832811123
111301030302,2003,0.862658214,0.0,0.862658214
111301030302,2004,1.309758883,0.0,1.309758883
111301030302,2005,0.600161652,0.0,0.600161652
111301030302,2006,1.112867082,0.0,1.112867082
111301030302,2007,1.667458249,0.0,1.667458249
111301030302,2008,1.097902699,0.0,1.097902699
111301030302,2009,1.596699896,0.0,1.596699896
111301030302,2010,1.378028981,0.0,1.378028981
111301030302,2011,1.40919597,0.0,1.40919597
111301030302,2012,1.478531393,0.0,1.478531393
111301030302,2013,1.837646079,0.0,1.837646079
111301030302,2014,1.369910995,0.0,1.369910995
111301030302,2015,1.250806351,0.0,1.250806351
111301030302,2016,1.124324943,0.0,1.124324943
111301030302,2017,1.814555,0.0,1.814555
111301030302,2018,1.685934041,0.0,1.685934041
111301030302,2019,2.36063174,0.0,2.36063174
111301030302,2020,2.414180883,0.0,2.414180883
111301030303,2000,0.031428489,0.0,0.031428489
111301030303,2001,0.0,0.0,0.0
111301030303,2002,0.038942337,0.0,0.038942337
111301030303,2003,0.044395819,0.0,0.044395819
111301030303,2004,0.010775486,0.0,0.010775486
111301030303,2005,0.0,0.0,0.0
111301030303,2006,0.114645367,0.0,0.114645367
111301030303,2007,0.043158195,0.0,0.043158195
111301030303,2008,0.062552372,0.0,0.062552372
111301030303,2009,0.038002723,0.0,0.038002723
111301030303,2010,0.042639384,0.0,0.042639384
111301030303,2011,0.155205049,0.0,0.155205049
111301030303,2012,0.115685098,0.0,0.115685098
111301030303,2013,0.065996562,0.0,0.065996562
111301030303,2014,0.135497611,0.0,0.135497611
111301030303,2015,0.08202749,0.0,0.08202749
111301030303,2016,0.027336189,0.0,0.027336189
111301030303,2017,0.02850371,0.0,0.02850371
111301030303,2018,0.084847649,0.0,0.084847649
111301030303,2019,0.081364671,0.0,0.081364671
111301030303,2020,0.083913473,0.0,0.083913473
111301030304,2000,11.523911404,0.0,11.523911404
111301030304,2001,10.268129882,0.0,10.268129882
111301030304,2002,9.238281159,0.0,9.238281159
111301030304,2003,10.423931742,0.0,10.423931742
111301030304,2004,8.661476077,0.0,8.661476077
111301030304,2005,9.782382342,0.0,9.782382342
111301030304,2006,9.029887732,0.0,9.029887732
111301030304,2007,8.606933263,0.0,8.606933263
111301030304,2008,6.927603923,0.0,6.927603923
111301030304,2009,8.20373746,0.0,8.20373746
111301030304,2010,8.264889279,0.0,8.264889279
111301030304,2011,13.805001693,0.0,13.805001693
111301030304,2012,10.991328008,0.0,10.991328008
111301030304,2013,11.686393414,0.0,11.686393414
111301030304,2014,8.690132049,0.0,8.690132049
111301030304,2015,6.672851197,0.0,6.672851197
111301030304,2016,6.924706279,0.0,6.924706279
111301030304,2017,8.812790219,0.0,8.812790219
111301030304,2018,9.638562088,0.0,9.638562088
111301030304,2019,12.113768649,0.0,12.113768649
111301030304,2020,14.121927377,0.0,14.121927377
111301030305,2000,0.900926464,0.0,0.900926464
111301030305,2001,0.935520405,0.0,0.935520405
111301030305,2002,0.57684611,0.0,0.57684611
111301030305,2003,1.112603605,0.0,1.112603605
111301030305,2004,0.653227626,0.0,0.653227626
111301030305,2005,0.717394926,0.0,0.717394926
111301030305,2006,0.865894301,0.0,0.865894301
111301030305,2007,1.141878151,0.0,1.141878151
111301030305,2008,0.671883148,0.0,0.671883148
111301030305,2009,0.979039044,0.0,0.979039044
111301030305,2010,0.860707121,0.0,0.860707121
111301030305,2011,1.369437668,0.0,1.369437668
111301030305,2012,1.403705003,0.0,1.403705003
111301030305,2013,1.176109058,0.0,1.176109058
111301030305,2014,0.968353419,0.0,0.968353419
111301030305,2015,1.000522811,0.0,1.000522811
111301030305,2016,0.591124481,0.0,0.591124481
111301030305,2017,1.020360296,0.0,1.020360296
111301030305,2018,0.854050458,0.0,0.854050458
111301030305,2019,1.022016274,0.0,1.022016274
111301030305,2020,1.260296593,0.0,1.260296593
111301030306,2000,0.0,0.0,0.0
111301030306,2001,0.0,0.0,0.0
111301030306,2002,0.0,0.0,0.0
111301030306,2003,0.0,0.0,0.0
111301030306,2004,0.0,0.0,0.0
111301030306,2005,0.0,0.0,0.0
111301030306,2006,0.149326285,0.0,0.149326285
111301030306,2007,0.162035293,0.0,0.162035293
111301030306,2008,0.0,0.0,0.0
111301030306,2009,0.367448573,0.0,0.367448573
111301030306,2010,0.20269211,0.0,0.20269211
111301030306,2011,0.441408411,0.0,0.441408411
111301030306,2012,0.300069735,0.0,0.300069735
111301030306,2013,0.279715005,0.0,0.279715005
111301030306,2014,0.343896312,0.0,0.343896312
111301030306,2015,0.0,0.0,0.0
111301030306,2016,0.393465607,0.0,0.393465607
111301030306,2017,0.200706518,0.0,0.200706518
111301030306,2018,0.563100427,0.0,0.563100427
111301030306,2019,0.711716471,0.0,0.711716471
111301030306,2020,0.808199117,0.0,0.808199117
111301030307,2000,0.0,0.0,0.0
111301030307,2001,0.065563301,0.0,0.065563301
111301030307,2002,0.166822866,0.0,0.166822866
111301030307,2003,0.261478816,0.0,0.261478816
111301030307,2004,0.106540964,0.0,0.106540964
111301030307,2005,0.0,0.0,0.0
111301030307,2006,0.55787151,0.0,0.55787151
111301030307,2007,0.477007044,0.0,0.477007044
111301030307,2008,0.037201738,0.0,0.037201738
111301030307,2009,0.5145812,0.0,0.5145812
111301030307,2010,0.393348721,0.0,0.393348721
111301030307,2011,0.874353052,0.0,0.874353052
111301030307,2012,0.840710109,0.0,0.840710109
111301030307,2013,0.425345923,0.0,0.425345923
111301030307,2014,0.854963414,0.0,0.854963414
111301030307,2015,0.0,0.0,0.0
111301030307,2016,0.652008257,0.0,0.652008257
111301030307,2017,0.690046468,0.0,0.690046468
111301030307,2018,0.994924721,0.0,0.994924721
111301030307,2019,1.195171033,0.0,1.195171033
111301030307,2020,2.114193831,0.0,2.114193831
111301030308,2000,0.0,0.0,0.0
111301030308,2001,0.0,0.0,0.0
111301030308,2002,0.0,0.0,0.0
111301030308,2003,0.0,0.0,0.0
111301030308,2004,0.0,0.0,0.0
111301030308,2005,0.0,0.0,0.0
111301030308,2006,0.0,0.0,0.0
111301030308,2007,0.0,0.0,0.0
111301030308,2008,0.0,0.0,0.0
111301030308,2009,0.0,0.0,0.0
111301030308,2010,0.0,0.0,0.0
111301030308,2011,0.0,0.0,0.0
111301030308,2012,0.0,0.0,0.0
111301030308,2013,0.030304205,0.0,0.030304205
111301030308,2014,0.0,0.0,0.0
111301030308,2015,0.0,0.0,0.0
111301030308,2016,0.030838831,0.0,0.030838831
111301030308,2017,0.0,0.0,0.0
111301030308,2018,0.173263041,0.0,0.173263041
111301030308,2019,0.009071836,0.0,0.009071836
111301030308,2020,0.0,0.0,0.0
111301030309,2000,0.129908598,0.0,0.129908598
111301030309,2001,0.147490937,0.0,0.147490937
111301030309,2002,0.057089414,0.0,0.057089414
111301030309,2003,0.433702553,0.0,0.433702553
111301030309,2004,0.093130194,0.0,0.093130194
111301030309,2005,0.065880962,0.0,0.065880962
111301030309,2006,0.057833871,0.0,0.057833871
111301030309,2007,0.054240816,0.0,0.054240816
111301030309,2008,0.049961317,0.0,0.049961317
111301030309,2009,0.054767934,0.0,0.054767934
111301030309,2010,0.055428249,0.0,0.055428249
111301030309,2011,0.088192181,0.0,0.088192181
111301030309,2012,0.0699865,0.0,0.0699865
111301030309,2013,0.066673825,0.0,0.066673825
111301030309,2014,0.040928293,0.0,0.040928293
111301030309,2015,0.055473923,0.0,0.055473923
111301030309,2016,0.0,0.0,0.0
111301030309,2017,0.0,0.0,0.0
111301030309,2018,0.221992858,0.0,0.221992858
111301030309,2019,0.078107244,0.0,0.078107244
111301030309,2020,0.140300795,0.0,0.140300795
111301030310,2000,0.0,0.0,0.0
111301030310,2001,0.0,0.0,0.0
111301030310,2002,0.0,0.0,0.0
111301030310,2003,0.0,0.0,0.0
111301030310,2004,0.0,0.0,0.0
111301030310,2005,0.0,0.0,0.0
111301030310,2006,0.072050712,0.0,0.072050712
111301030310,2007,0.0,0.0,0.0
111301030310,2008,0.0,0.0,0.0
111301030310,2009,0.051481685,0.0,0.051481685
111301030310,2010,0.0,0.0,0.0
111301030310,2011,0.0,0.0,0.0
111301030310,2012,0.073077137,0.0,0.073077137
111301030310,2013,0.0,0.0,0.0
111301030310,2014,0.0,0.0,0.0
111301030310,2015,0.0,0.0,0.0
111301030310,2016,0.0,0.0,0.0
111301030310,2017,0.0,0.0,0.0
111301030310,2018,0.0,0.0,0.0
111301030310,2019,0.291920923,0.0,0.291920923
111301030310,2020,0.115632049,0.0,0.115632049
111301030401,2000,0.0,0.0,0.0
111301030401,2001,0.0,0.0,0.0
111301030401,2002,0.0,0.0,0.0
111301030401,2003,0.0,0.0,0.0
111301030401,2004,0.0,0.0,0.0
111301030401,2005,0.0,0.0,0.0
111301030401,2006,0.0,0.0,0.0
111301030401,2007,0.0,0.0,0.0
111301030401,2008,0.0,0.0,0.0
111301030401,2009,0.0,0.0,0.0
111301030401,2010,0.0,0.0,0.0
111301030401,2011,0.0,0.0,0.0
111301030401,2012,0.0,0.0,0.0
111301030401,2013,0.0,0.0,0.0
111301030401,2014,0.0,0.0,0.0
111301030401,2015,0.0,0.0,0.0
111301030401,2016,0.0,0.0,0.0
111301030401,2017,0.0,0.0,0.0
111301030401,2018,0.0,0.0,0.0
111301030401,2019,0.0,0.0,0.0
111301030401,2020,0.0,0.0,0.0
111301030402,2000,0.101834844,0.0,0.101834844
111301030402,2001,0.027299512,0.0,0.027299512
111301030402,2002,0.0,0.0,0.0
111301030402,2003,0.12366203,0.0,0.12366203
111301030402,2004,0.0,0.0,0.0
111301030402,2005,0.100983792,0.0,0.100983792
111301030402,2006,0.113331679,0.0,0.113331679
111301030402,2007,0.222990912,0.0,0.222990912
111301030402,2008,0.0,0.0,0.0
111301030402,2009,0.033867721,0.0,0.033867721
111301030402,2010,0.018162825,0.0,0.018162825
111301030402,2011,0.0,0.0,0.0
111301030402,2012,0.030149986,0.0,0.030149986
111301030402,2013,0.0,0.0,0.0
111301030402,2014,0.0,0.0,0.0
111301030402,2015,0.071064386,0.0,0.071064386
111301030402,2016,0.063107869,0.0,0.063107869
111301030402,2017,0.0,0.0,0.0
111301030402,2018,0.062645866,0.0,0.062645866
111301030402,2019,0.091619173,0.0,0.091619173
111301030402,2020,0.0,0.0,0.0
111301030403,2000,0.0,0.0,0.0
111301030403,2001,0.0,0.0,0.0
111301030403,2002,0.0,0.0,0.0
111301030403,2003,0.024997762,0.0,0.024997762
111301030403,2004,0.0,0.0,0.0
111301030403,2005,0.0,0.0,0.0
111301030403,2006,0.0,0.0,0.0
111301030403,2007,0.023834778,0.0,0.023834778
111301030403,2008,0.0,0.0,0.0
111301030403,2009,0.0,0.0,0.0
111301030403,2010,0.0,0.0,0.0
111301030403,2011,0.0,0.0,0.0
111301030403,2012,0.0,0.0,0.0
111301030403,2013,0.0,0.0,0.0
111301030403,2014,0.0,0.0,0.0
111301030403,2015,0.0,0.0,0.0
111301030403,2016,0.0,0.0,0.0
111301030403,2017,0.0,0.0,0.0
111301030403,2018,0.01337466,0.0,0.01337466
111301030403,2019,0.002237008,0.0,0.002237008
111301030403,2020,0.415589355,0.0,0.415589355
111301030404,2000,0.0,0.0,0.0
111301030404,2001,0.0,0.0,0.0
111301030404,2002,0.0,0.0,0.0
111301030404,2003,0.0,0.0,0.0
111301030404,2004,0.0,0.0,0.0
111301030404,2005,0.02678774,0.0,0.02678774
111301030404,2006,0.022239129,0.0,0.022239129
111301030404,2007,0.0,0.0,0.0
111301030404,2008,0.0,0.0,0.0
111301030404,2009,0.0,0.0,0.0
111301030404,2010,0.0,0.0,0.0
111301030404,2011,0.0,0.0,0.0
111301030404,2012,0.0,0.0,0.0
111301030404,2013,0.0,0.0,0.0
111301030404,2014,0.0,0.0,0.0
111301030404,2015,0.0,0.0,0.0
111301030404,2016,0.0,0.0,0.0
111301030404,2017,0.0,0.0,0.0
111301030404,2018,0.0,0.0,0.0
111301030404,2019,0.0,0.0,0.0
111301030404,2020,0.0,0.0,0.0
111301030405,2000,0.0,0.0,0.0
111301030405,2001,0.0,0.0,0.0
111301030405,2002,0.0,0.0,0.0
111301030405,2003,0.0,0.0,0.0
111301030405,2004,0.0,0.0,0.0
111301030405,2005,0.0,0.0,0.0
111301030405,2006,0.0,0.0,0.0
111301030405,2007,0.0,0.0,0.0
111301030405,2008,0.0,0.0,0.0
111301030405,2009,0.0,0.0,0.0
111301030405,2010,0.0,0.0,0.0
111301030405,2011,0.0,0.0,0.0
111301030405,2012,0.0,0.0,0.0
111301030405,2013,0.0,0.0,0.0
111301030405,2014,0.0,0.0,0.0
111301030405,2015,0.0,0.0,0.0
111301030405,2016,0.0,0.0,0.0
111301030405,2017,0.0,0.0,0.0
111301030405,2018,0.0,0.0,0.0
111301030405,2019,0.0,0.0,0.0
111301030405,2020,0.0,0.0,0.0
111301030406,2000,0.0,0.0,0.0
111301030406,2001,0.0,0.0,0.0
111301030406,2002,0.0,0.0,0.0
111301030406,2003,0.0,0.0,0.0
111301030406,2004,0.0,0.0,0.0
111301030406,2005,0.0,0.0,0.0
111301030406,2006,0.0,0.0,0.0
111301030406,2007,0.0,0.0,0.0
111301030406,2008,0.0,0.0,0.0
111301030406,2009,0.0,0.0,0.0
111301030406,2010,0.0,0.0,0.0
111301030406,2011,0.0,0.0,0.0
111301030406,2012,0.0,0.0,0.0
111301030406,2013,0.0,0.0,0.0
111301030406,2014,0.0,0.0,0.0
111301030406,2015,0.0,0.0,0.0
111301030406,2016,0.0,0.0,0.0
111301030406,2017,0.0,0.0,0.0
111301030406,2018,0.0,0.0,0.0
111301030406,2019,0.0,0.0,0.0
111301030406,2020,0.0,0.0,0.0
111301030407,2000,0.0,0.0,0.0
111301030407,2001,0.30924434,0.0,0.30924434
111301030407,2002,0.0,0.0,0.0
111301030407,2003,0.000681192,0.0,0.000681192
111301030407,2004,0.363432303,0.0,0.363432303
111301030407,2005,0.352595142,0.0,0.352595142
111301030407,2006,0.145421192,0.0,0.145421192
111301030407,2007,0.471525197,0.0,0.471525197
111301030407,2008,0.058217254,0.0,0.058217254
111301030407,2009,0.270852655,0.0,0.270852655
111301030407,2010,0.510318419,0.0,0.510318419
111301030407,2011,0.0,0.0,0.0
111301030407,2012,0.329405691,0.0,0.329405691
111301030407,2013,0.423485312,0.0,0.423485312
111301030407,2014,0.143074342,0.0,0.143074342
111301030407,2015,0.305623959,0.0,0.305623959
111301030407,2016,0.457285172,0.0,0.457285172
111301030407,2017,0.157668312,0.0,0.157668312
111301030407,2018,0.213625797,0.0,0.213625797
111301030407,2019,1.123484885,0.0,1.123484885
111301030407,2020,0.94877471,0.0,0.94877471
111301030408,2000,0.017682249,0.0,0.017682249
111301030408,2001,0.0,0.0,0.0
111301030408,2002,0.080928184,0.0,0.080928184
111301030408,2003,0.075842077,0.0,0.075842077
111301030408,2004,0.0,0.0,0.0
111301030408,2005,0.0,0.0,0.0
111301030408,2006,0.0,0.0,0.0
111301030408,2007,0.0,0.0,0.0
111301030408,2008,0.0,0.0,0.0
111301030408,2009,0.0,0.0,0.0
111301030408,2010,0.0,0.0,0.0
111301030408,2011,0.0,0.0,0.0
111301030408,2012,0.0,0.0,0.0
111301030408,2013,0.0,0.0,0.0
111301030408,2014,0.0,0.0,0.0
111301030408,2015,0.0,0.0,0.0
111301030408,2016,0.0,0.0,0.0
111301030408,2017,0.0,0.0,0.0
111301030408,2018,0.0,0.0,0.0
111301030408,2019,0.0,0.0,0.0
111301030408,2020,0.0,0.0,0.0
111301030501,2000,0.0,0.0,0.0
111301030501,2001,1.062360411,0.0,1.062360411
111301030501,2002,0.0,0.0,0.0
111301030501,2003,0.0,0.0,0.0
111301030501,2004,0.685559639,0.0,0.685559639
111301030501,2005,0.966608381,0.0,0.966608381
111301030501,2006,0.382936115,0.0,0.382936115
111301030501,2007,1.561437515,0.0,1.561437515
111301030501,2008,0.100247708,0.0,0.100247708
111301030501,2009,0.45065723,0.0,0.45065723
111301030501,2010,1.234291956,0.0,1.234291956
111301030501,2011,0.0,0.0,0.0
111301030501,2012,1.002973809,0.0,1.002973809
111301030501,2013,1.680416526,0.0,1.680416526
111301030501,2014,0.594124523,0.0,0.594124523
111301030501,2015,0.661987397,0.0,0.661987397
111301030501,2016,1.264046514,0.0,1.264046514
111301030501,2017,0.894562258,0.0,0.894562258
111301030501,2018,0.273526937,0.0,0.273526937
111301030501,2019,2.364903173,0.0,2.364903173
111301030501,2020,1.648347322,0.0,1.648347322
111301030502,2000,0.0,0.0,0.0
111301030502,2001,0.146940789,0.0,0.146940789
111301030502,2002,0.0,0.0,0.0
111301030502,2003,0.000117688,0.0,0.000117688
111301030502,2004,0.181552172,0.0,0.181552172
111301030502,2005,0.022150189,0.0,0.022150189
111301030502,2006,0.070960833,0.0,0.070960833
111301030502,2007,0.204643901,0.0,0.204643901
111301030502,2008,0.105165109,0.0,0.105165109
111301030502,2009,0.214873874,0.0,0.214873874
111301030502,2010,0.316444882,0.0,0.316444882
111301030502,2011,1.34e-06,0.0,1.34e-06
111301030502,2012,0.121276301,0.0,0.121276301
111301030502,2013,0.160837836,0.0,0.160837836
111301030502,2014,0.0,0.0,0.0
111301030502,2015,0.072412132,0.0,0.072412132
111301030502,2016,0.194962967,0.0,0.194962967
111301030502,2017,0.083077203,0.0,0.083077203
111301030502,2018,0.051832025,0.0,0.051832025
111301030502,2019,0.099363463,0.0,0.099363463
111301030502,2020,0.225974757,0.0,0.225974757
111301030503,2000,0.0,0.0,0.0
111301030503,2001,0.0,0.0,0.0
111301030503,2002,0.0,0.0,0.0
111301030503,2003,0.0,0.0,0.0
111301030503,2004,0.0,0.0,0.0
111301030503,2005,0.0,0.0,0.0
111301030503,2006,0.0,0.0,0.0
111301030503,2007,0.0,0.0,0.0
111301030503,2008,0.0,0.0,0.0
111301030503,2009,0.0,0.0,0.0
111301030503,2010,0.0,0.0,0.0
111301030503,2011,0.0,0.0,0.0
111301030503,2012,0.030930178,0.0,0.030930178
111301030503,2013,0.0,0.0,0.0
111301030503,2014,0.0,0.0,0.0
111301030503,2015,0.017458132,0.0,0.017458132
111301030503,2016,0.0,0.0,0.0
111301030503,2017,0.009313819,0.0,0.009313819
111301030503,2018,0.0,0.0,0.0
111301030503,2019,0.005594655,0.0,0.005594655
111301030503,2020,0.0,0.0,0.0
111301030504,2000,0.0,0.0,0.0
111301030504,2001,0.311229658,0.0,0.311229658
111301030504,2002,0.0,0.0,0.0
111301030504,2003,0.066062252,0.0,0.066062252
111301030504,2004,0.591224033,0.0,0.591224033
111301030504,2005,0.0,0.0,0.0
111301030504,2006,0.078942932,0.0,0.078942932
111301030504,2007,0.255016849,0.0,0.255016849
111301030504,2008,0.167191566,0.0,0.167191566
111301030504,2009,0.0,0.0,0.0
111301030504,2010,0.356361474,0.0,0.356361474
111301030504,2011,0.202337047,0.0,0.202337047
111301030504,2012,0.001437363,0.0,0.001437363
111301030504,2013,0.0,0.0,0.0
111301030504,2014,0.0,0.0,0.0
111301030504,2015,0.0,0.0,0.0
111301030504,2016,0.003497932,0.0,0.003497932
111301030504,2017,0.0,0.0,0.0
111301030504,2018,0.0,0.0,0.0
111301030504,2019,0.000163414,0.0,0.000163414
111301030504,2020,0.419522117,0.0,0.419522117
111301030505,2000,0.0,0.0,0.0
111301030505,2001,0.0,0.0,0.0
111301030505,2002,0.0,0.0,0.0
111301030505,2003,0.0,0.0,0.0
111301030505,2004,0.0,0.0,0.0
111301030505,2005,0.0,0.0,0.0
111301030505,2006,0.0,0.0,0.0
111301030505,2007,0.0,0.0,0.0
111301030505,2008,0.0,0.0,0.0
111301030505,2009,0.0,0.0,0.0
111301030505,2010,0.0,0.0,0.0
111301030505,2011,0.0,0.0,0.0
111301030505,2012,0.0,0.0,0.0
111301030505,2013,0.0,0.0,0.0
111301030505,2014,0.0,0.0,0.0
111301030505,2015,0.0,0.0,0.0
111301030505,2016,0.0,0.0,0.0
111301030505,2017,0.0,0.0,0.0
111301030505,2018,0.0,0.0,0.0
111301030505,2019,0.0,0.0,0.0
111301030505,2020,0.027093795,0.0,0.027093795
111301040101,2000,0.343406333,0.0,0.343406333
111301040101,2001,0.678455058,0.0,0.678455058
111301040101,2002,0.451174984,0.0,0.451174984
111301040101,2003,0.801929378,0.0,0.801929378
111301040101,2004,0.385845768,0.0,0.385845768
111301040101,2005,1.126297444,0.0,1.126297444
111301040101,2006,0.398675605,0.0,0.398675605
111301040101,2007,0.934048693,0.0,0.934048693
111301040101,2008,0.319319475,0.0,0.319319475
111301040101,2009,0.542897688,0.0,0.542897688
111301040101,2010,0.99932154,0.0,0.99932154
111301040101,2011,1.014974959,0.0,1.014974959
111301040101,2012,0.630337087,0.0,0.630337087
111301040101,2013,0.440016863,0.0,0.440016863
111301040101,2014,0.551817337,0.0,0.551817337
111301040101,2015,0.875744729,0.0,0.875744729
111301040101,2016,1.002404992,0.0,1.002404992
111301040101,2017,0.455690003,0.0,0.455690003
111301040101,2018,0.497676115,0.0,0.497676115
111301040101,2019,1.380125712,0.0,1.380125712
111301040101,2020,1.400557369,0.0,1.400557369
111301040102,2000,0.630441421,0.0,0.630441421
111301040102,2001,0.678914496,0.0,0.678914496
111301040102,2002,0.861329255,0.0,0.861329255
111301040102,2003,0.750168014,0.0,0.750168014
111301040102,2004,0.588610571,0.0,0.588610571
111301040102,2005,0.711963142,0.0,0.711963142
111301040102,2006,0.582153175,0.0,0.582153175
111301040102,2007,0.956731956,0.0,0.956731956
111301040102,2008,0.679625096,0.0,0.679625096
111301040102,2009,0.757705833,0.0,0.757705833
111301040102,2010,0.957557827,0.0,0.957557827
111301040102,2011,0.959153115,0.0,0.959153115
111301040102,2012,1.362154825,0.0,1.362154825
111301040102,2013,1.384210471,0.0,1.384210471
111301040102,2014,0.506718893,0.0,0.506718893
111301040102,2015,1.414302397,0.0,1.414302397
111301040102,2016,0.748698109,0.0,0.748698109
111301040102,2017,0.74961,0.0,0.74961
111301040102,2018,1.287906778,0.0,1.287906778
111301040102,2019,1.685683447,0.0,1.685683447
111301040102,2020,1.657922781,0.0,1.657922781
111301040103,2000,0.155987538,0.0,0.155987538
111301040103,2001,0.118634079,0.0,0.118634079
111301040103,2002,0.387061956,0.0,0.387061956
111301040103,2003,0.367517104,0.0,0.367517104
111301040103,2004,0.842639169,0.0,0.842639169
111301040103,2005,0.506234726,0.0,0.506234726
111301040103,2006,0.348428723,0.0,0.348428723
111301040103,2007,0.589038033,0.0,0.589038033
111301040103,2008,0.654967303,0.0,0.654967303
111301040103,2009,0.780195521,0.0,0.780195521
111301040103,2010,0.551931567,0.0,0.551931567
111301040103,2011,0.668979521,0.0,0.668979521
111301040103,2012,1.159205617,0.0,1.159205617
111301040103,2013,1.270772416,0.0,1.270772416
111301040103,2014,1.052662258,0.0,1.052662258
111301040103,2015,0.830436121,0.0,0.830436121
111301040103,2016,0.921057355,0.0,0.921057355
111301040103,2017,0.968361408,0.0,0.968361408
111301040103,2018,0.52004931,0.0,0.52004931
111301040103,2019,1.117049608,0.0,1.117049608
111301040103,2020,2.043182191,0.0,2.043182191
111301040104,2000,0.247951443,0.0,0.247951443
111301040104,2001,0.414640964,0.0,0.414640964
111301040104,2002,0.267764819,0.0,0.267764819
111301040104,2003,0.585981378,0.0,0.585981378
111301040104,2004,0.75376485,0.0,0.75376485
111301040104,2005,0.318393693,0.0,0.318393693
111301040104,2006,0.379999945,0.0,0.379999945
111301040104,2007,0.801299652,0.0,0.801299652
111301040104,2008,0.576417877,0.0,0.576417877
111301040104,2009,0.549293784,0.0,0.549293784
111301040104,2010,0.58274177,0.0,0.58274177
111301040104,2011,0.564418682,0.0,0.564418682
111301040104,2012,0.598025057,0.0,0.598025057
111301040104,2013,0.920228033,0.0,0.920228033
111301040104,2014,1.295676784,0.0,1.295676784
111301040104,2015,0.565429416,0.0,0.565429416
111301040104,2016,1.103622232,0.0,1.103622232
111301040104,2017,0.633666474,0.0,0.633666474
111301040104,2018,0.555910778,0.0,0.555910778
111301040104,2019,1.469169263,0.0,1.469169263
111301040104,2020,1.386498134,0.0,1.386498134
111301040105,2000,0.934363781,0.0,0.934363781
111301040105,2001,1.186808647,0.0,1.186808647
111301040105,2002,0.800361795,0.0,0.800361795
111301040105,2003,1.236860595,0.0,1.236860595
111301040105,2004,1.286810934,0.0,1.286810934
111301040105,2005,1.47100714,0.0,1.47100714
111301040105,2006,1.120584726,0.0,1.120584726
111301040105,2007,1.785101178,0.0,1.785101178
111301040105,2008,1.281243191,0.0,1.281243191
111301040105,2009,1.412336644,0.0,1.412336644
111301040105,2010,1.521374482,0.0,1.521374482
111301040105,2011,1.564870934,0.0,1.564870934
111301040105,2012,1.928588757,0.0,1.928588757
111301040105,2013,2.331897367,0.0,2.331897367
111301040105,2014,2.61335389,0.0,2.61335389
111301040105,2015,1.858060373,0.0,1.858060373
111301040105,2016,2.44700188,0.0,2.44700188
111301040105,2017,2.12018223,0.0,2.12018223
111301040105,2018,1.8722278,0.0,1.8722278
111301040105,2019,4.058837926,0.0,4.058837926
111301040105,2020,3.305470112,0.0,3.305470112
111301040106,2000,0.0,0.0,0.0
111301040106,2001,0.0,0.0,0.0
111301040106,2002,0.0,0.0,0.0
111301040106,2003,0.0,0.0,0.0
111301040106,2004,0.0,0.0,0.0
111301040106,2005,0.0,0.0,0.0
111301040106,2006,0.0,0.0,0.0
111301040106,2007,0.0,0.0,0.0
111301040106,2008,0.0,0.0,0.0
111301040106,2009,0.0,0.0,0.0
111301040106,2010,0.0,0.0,0.0
111301040106,2011,0.0,0.0,0.0
111301040106,2012,0.0,0.0,0.0
111301040106,2013,0.0,0.0,0.0
111301040106,2014,0.0,0.0,0.0
111301040106,2015,0.0,0.0,0.0
111301040106,2016,0.0,0.0,0.0
111301040106,2017,0.0,0.0,0.0
111301040106,2018,0.070083411,0.0,0.070083411
111301040106,2019,0.015831847,0.0,0.015831847
111301040106,2020,0.0,0.0,0.0
111301040201,2000,3.841978369,0.0,3.841978369
111301040201,2001,3.681956074,0.0,3.681956074
111301040201,2002,3.525156274,0.0,3.525156274
111301040201,2003,3.873633499,0.0,3.873633499
111301040201,2004,3.673481148,0.0,3.673481148
111301040201,2005,5.303213521,0.0,5.303213521
111301040201,2006,3.095015192,0.0,3.095015192
111301040201,2007,4.544646534,0.0,4.544646534
111301040201,2008,3.956459284,0.0,3.956459284
111301040201,2009,4.977682389,0.0,4.977682389
111301040201,2010,4.908981803,0.0,4.908981803
111301040201,2011,6.18527191,0.0,6.18527191
111301040201,2012,3.896689885,0.0,3.896689885
111301040201,2013,5.860344696,0.0,5.860344696
111301040201,2014,6.163265071,0.0,6.163265071
111301040201,2015,4.933080849,0.0,4.933080849
111301040201,2016,6.853879096,0.0,6.853879096
111301040201,2017,5.313002614,0.0,5.313002614
111301040201,2018,4.857205164,0.0,4.857205164
111301040201,2019,4.992314619,0.0,4.992314619
111301040201,2020,9.599961503,0.0,9.599961503
111301040202,2000,5.02515103,0.005025227,5.020125803
111301040202,2001,4.375153068,0.0,4.375153068
111301040202,2002,6.049534866,0.006049518,6.04348543
111301040202,2003,2.885460332,0.0,2.885460332
111301040202,2004,3.249577601,0.003249612,3.246327992
111301040202,2005,5.14415071,0.005144077,5.139006548
111301040202,2006,2.734144378,0.0,2.734144378
111301040202,2007,6.355900082,0.006355942,6.34954431
111301040202,2008,3.238244694,0.0,3.238244694
111301040202,2009,6.681841164,0.0,6.681841164
111301040202,2010,7.999146268,0.0,7.999146268
111301040202,2011,7.111337805,0.007111403,7.104226485
111301040202,2012,4.143653631,0.0,4.143653631
111301040202,2013,6.380197189,0.006380359,6.373816997
111301040202,2014,8.910453638,0.0,8.910453638
111301040202,2015,4.628590805,0.0,4.628590805
111301040202,2016,6.318594672,0.006318637,6.312276202
111301040202,2017,4.572736403,0.0,4.572736403
111301040202,2018,4.349906178,0.0,4.349906178
111301040202,2019,4.315050244,0.0,4.315050244
111301040202,2020,8.377108246,0.008377137,8.368731194
111301040203,2000,0.386026954,0.0,0.386026954
111301040203,2001,0.435851907,0.0,0.435851907
111301040203,2002,0.284452775,0.0,0.284452775
111301040203,2003,0.210524742,0.0,0.210524742
111301040203,2004,0.380263869,0.0,0.380263869
111301040203,2005,0.4174724,0.0,0.4174724
111301040203,2006,0.227685452,0.0,0.227685452
111301040203,2007,0.385329321,0.0,0.385329321
111301040203,2008,0.12303041,0.0,0.12303041
111301040203,2009,0.104089244,0.0,0.104089244
111301040203,2010,0.189020734,0.0,0.189020734
111301040203,2011,0.284394055,0.0,0.284394055
111301040203,2012,0.117488664,0.0,0.117488664
111301040203,2013,0.332249142,0.0,0.332249142
111301040203,2014,0.224603663,0.0,0.224603663
111301040203,2015,0.043920655,0.0,0.043920655
111301040203,2016,0.199445981,0.0,0.199445981
111301040203,2017,0.073093849,0.0,0.073093849
111301040203,2018,0.190781751,0.0,0.190781751
111301040203,2019,0.084037463,0.0,0.084037463
111301040203,2020,0.05041735,0.0,0.05041735
111301040204,2000,0.431848639,0.0,0.431848639
111301040204,2001,0.914367888,0.0,0.914367888
111301040204,2002,0.941766556,0.0,0.941766556
111301040204,2003,0.964103433,0.0,0.964103433
111301040204,2004,0.535519508,0.0,0.535519508
111301040204,2005,1.368461668,0.0,1.368461668
111301040204,2006,0.483904474,0.0,0.483904474
111301040204,2007,1.28251469,0.0,1.28251469
111301040204,2008,0.741491601,0.0,0.741491601
111301040204,2009,1.053070301,0.0,1.053070301
111301040204,2010,1.119244633,0.0,1.119244633
111301040204,2011,1.305810523,0.0,1.305810523
111301040204,2012,0.623897311,0.0,0.623897311
111301040204,2013,0.692724844,0.0,0.692724844
111301040204,2014,1.741084203,0.0,1.741084203
111301040204,2015,1.262014811,0.0,1.262014811
111301040204,2016,1.423218107,0.0,1.423218107
111301040204,2017,1.008158,0.0,1.008158
111301040204,2018,0.751183173,0.0,0.751183173
111301040204,2019,2.047028227,0.0,2.047028227
111301040204,2020,2.270397705,0.0,2.270397705
111301040205,2000,0.069351546,0.0,0.069351546
111301040205,2001,0.111145348,0.0,0.111145348
111301040205,2002,0.119377888,0.0,0.119377888
111301040205,2003,0.0,0.0,0.0
111301040205,2004,0.0,0.0,0.0
111301040205,2005,0.0,0.0,0.0
111301040205,2006,0.01135257,0.0,0.01135257
111301040205,2007,0.0,0.0,0.0
111301040205,2008,0.009214872,0.0,0.009214872
111301040205,2009,0.0,0.0,0.0
111301040205,2010,0.058940263,0.0,0.058940263
111301040205,2011,0.323713907,0.0,0.323713907
111301040205,2012,0.311071082,0.0,0.311071082
111301040205,2013,0.36309583,0.0,0.36309583
111301040205,2014,0.329625129,0.0,0.329625129
111301040205,2015,0.243763614,0.0,0.243763614
111301040205,2016,0.293134615,0.0,0.293134615
111301040205,2017,0.237247189,0.0,0.237247189
111301040205,2018,0.274835778,0.0,0.274835778
111301040205,2019,0.31953931,0.0,0.31953931
111301040205,2020,0.463249749,0.0,0.463249749
111301040206,2000,0.224299732,0.0,0.224299732
111301040206,2001,0.074234819,0.0,0.074234819
111301040206,2002,0.2841076,0.0,0.2841076
111301040206,2003,0.062269685,0.0,0.062269685
111301040206,2004,0.035052719,0.0,0.035052719
111301040206,2005,0.058231479,0.0,0.058231479
111301040206,2006,0.017745063,0.0,0.017745063
111301040206,2007,0.0,0.0,0.0
111301040206,2008,0.033809063,0.0,0.033809063
111301040206,2009,0.0,0.0,0.0
111301040206,2010,0.0,0.0,0.0
111301040206,2011,0.075587704,0.0,0.075587704
111301040206,2012,0.092673216,0.0,0.092673216
111301040206,2013,0.118540058,0.0,0.118540058
111301040206,2014,0.026737236,0.0,0.026737236
111301040206,2015,0.0,0.0,0.0
111301040206,2016,0.0,0.0,0.0
111301040206,2017,0.0,0.0,0.0
111301040206,2018,0.282899285,0.0,0.282899285
111301040206,2019,0.302955279,0.0,0.302955279
111301040206,2020,0.464107473,0.0,0.464107473
111301040207,2000,4.159166279,0.0,4.159166279
111301040207,2001,3.944072153,0.0,3.944072153
111301040207,2002,3.386147044,0.0,3.386147044
111301040207,2003,3.86624063,0.0,3.86624063
111301040207,2004,2.616987164,0.0,2.616987164
111301040207,2005,3.377897986,0.0,3.377897986
111301040207,2006,3.755712233,0.0,3.755712233
111301040207,2007,1.644480956,0.0,1.644480956
111301040207,2008,2.693756904,0.0,2.693756904
111301040207,2009,3.15859489,0.0,3.15859489
111301040207,2010,2.287911378,0.0,2.287911378
111301040207,2011,3.491673036,0.0,3.491673036
111301040207,2012,4.146325675,0.0,4.146325675
111301040207,2013,3.750207482,0.0,3.750207482
111301040207,2014,4.037023101,0.0,4.037023101
111301040207,2015,2.145248247,0.0,2.145248247
111301040207,2016,3.188672415,0.0,3.188672415
111301040207,2017,3.257464047,0.0,3.257464047
111301040207,2018,3.613315567,0.0,3.613315567
111301040207,2019,3.617070186,0.0,3.617070186
111301040207,2020,4.182418648,0.0,4.182418648
111301040208,2000,2.12349677,0.0,2.12349677
111301040208,2001,2.303310811,0.0,2.303310811
111301040208,2002,1.462575238,0.0,1.462575238
111301040208,2003,2.190837,0.0,2.190837
111301040208,2004,1.104248432,0.0,1.104248432
111301040208,2005,1.410501964,0.0,1.410501964
111301040208,2006,1.762217112,0.0,1.762217112
111301040208,2007,0.84665194,0.0,0.84665194
111301040208,2008,1.493685773,0.0,1.493685773
111301040208,2009,1.537106529,0.0,1.537106529
111301040208,2010,1.480133603,0.0,1.480133603
111301040208,2011,3.325903378,0.0,3.325903378
111301040208,2012,2.475513585,0.0,2.475513585
111301040208,2013,2.298562888,0.0,2.298562888
111301040208,2014,2.270138556,0.0,2.270138556
111301040208,2015,1.574134775,0.0,1.574134775
111301040208,2016,1.984135609,0.0,1.984135609
111301040208,2017,2.060018773,0.0,2.060018773
111301040208,2018,2.481594433,0.0,2.481594433
111301040208,2019,2.243838614,0.0,2.243838614
111301040208,2020,2.40924547,0.0,2.40924547
111301040209,2000,0.0,0.0,0.0
111301040209,2001,0.0,0.0,0.0
111301040209,2002,0.0,0.0,0.0
111301040209,2003,0.0,0.0,0.0
111301040209,2004,0.0,0.0,0.0
111301040209,2005,0.0,0.0,0.0
111301040209,2006,0.0,0.0,0.0
111301040209,2007,0.0,0.0,0.0
111301040209,2008,0.0,0.0,0.0
111301040209,2009,0.0,0.0,0.0
111301040209,2010,0.0,0.0,0.0
111301040209,2011,0.0,0.0,0.0
111301040209,2012,0.0,0.0,0.0
111301040209,2013,0.0,0.0,0.0
111301040209,2014,0.0,0.0,0.0
111301040209,2015,0.0,0.0,0.0
111301040209,2016,0.0,0.0,0.0
111301040209,2017,0.0,0.0,0.0
111301040209,2018,0.0,0.0,0.0
111301040209,2019,0.0,0.0,0.0
111301040209,2020,0.0,0.0,0.0
111301040210,2000,0.0,0.0,0.0
111301040210,2001,0.0,0.0,0.0
111301040210,2002,0.0,0.0,0.0
111301040210,2003,0.0,0.0,0.0
111301040210,2004,0.0,0.0,0.0
111301040210,2005,0.023135079,0.0,0.023135079
111301040210,2006,0.034760436,0.0,0.034760436
111301040210,2007,0.0,0.0,0.0
111301040210,2008,0.040743574,0.0,0.040743574
111301040210,2009,0.038165822,0.0,0.038165822
111301040210,2010,0.046871512,0.0,0.046871512
111301040210,2011,0.074775,0.0,0.074775
111301040210,2012,0.0,0.0,0.0
111301040210,2013,0.0,0.0,0.0
111301040210,2014,0.064438266,0.0,0.064438266
111301040210,2015,0.062909142,0.0,0.062909142
111301040210,2016,0.0,0.0,0.0
111301040210,2017,0.0,0.0,0.0
111301040210,2018,0.0,0.0,0.0
111301040210,2019,0.0,0.0,0.0
111301040210,2020,0.0,0.0,0.0
111301040301,2000,0.0,0.0,0.0
111301040301,2001,0.0,0.0,0.0
111301040301,2002,0.0,0.0,0.0
111301040301,2003,0.0,0.0,0.0
111301040301,2004,0.0,0.0,0.0
111301040301,2005,0.0,0.0,0.0
111301040301,2006,0.0,0.0,0.0
111301040301,2007,0.0,0.0,0.0
111301040301,2008,0.0,0.0,0.0
111301040301,2009,0.0,0.0,0.0
111301040301,2010,0.0,0.0,0.0
111301040301,2011,0.0,0.0,0.0
111301040301,2012,0.0,0.0,0.0
111301040301,2013,0.0,0.0,0.0
111301040301,2014,0.0,0.0,0.0
111301040301,2015,0.0,0.0,0.0
111301040301,2016,0.0,0.0,0.0
111301040301,2017,0.0,0.0,0.0
111301040301,2018,0.0,0.0,0.0
111301040301,2019,0.0,0.0,0.0
111301040301,2020,0.0,0.0,0.0
111301040302,2000,0.0,0.0,0.0
111301040302,2001,0.0,0.0,0.0
111301040302,2002,0.0,0.0,0.0
111301040302,2003,0.0,0.0,0.0
111301040302,2004,0.0,0.0,0.0
111301040302,2005,0.0,0.0,0.0
111301040302,2006,0.0,0.0,0.0
111301040302,2007,0.0,0.0,0.0
111301040302,2008,0.0,0.0,0.0
111301040302,2009,0.0,0.0,0.0
111301040302,2010,0.0,0.0,0.0
111301040302,2011,0.0,0.0,0.0
111301040302,2012,0.0,0.0,0.0
111301040302,2013,0.0,0.0,0.0
111301040302,2014,0.0,0.0,0.0
111301040302,2015,0.0,0.0,0.0
111301040302,2016,0.0,0.0,0.0
111301040302,2017,0.0,0.0,0.0
111301040302,2018,0.0,0.0,0.0
111301040302,2019,0.0,0.0,0.0
111301040302,2020,0.0,0.0,0.0
111301040303,2000,0.0,0.0,0.0
111301040303,2001,0.0,0.0,0.0
111301040303,2002,0.0,0.0,0.0
111301040303,2003,0.0,0.0,0.0
111301040303,2004,0.0,0.0,0.0
111301040303,2005,0.0,0.0,0.0
111301040303,2006,0.0,0.0,0.0
111301040303,2007,0.0,0.0,0.0
111301040303,2008,0.0,0.0,0.0
111301040303,2009,0.0,0.0,0.0
111301040303,2010,0.0,0.0,0.0
111301040303,2011,0.0,0.0,0.0
111301040303,2012,0.0,0.0,0.0
111301040303,2013,0.0,0.0,0.0
111301040303,2014,0.0,0.0,0.0
111301040303,2015,0.0,0.0,0.0
111301040303,2016,0.0,0.0,0.0
111301040303,2017,0.0,0.0,0.0
111301040303,2018,0.0,0.0,0.0
111301040303,2019,0.0,0.0,0.0
111301040303,2020,0.0,0.0,0.0
111301040304,2000,0.0,0.0,0.0
111301040304,2001,0.0,0.0,0.0
111301040304,2002,0.0,0.0,0.0
111301040304,2003,0.0,0.0,0.0
111301040304,2004,0.0,0.0,0.0
111301040304,2005,0.0,0.0,0.0
111301040304,2006,0.0,0.0,0.0
111301040304,2007,0.0,0.0,0.0
111301040304,2008,0.0,0.0,0.0
111301040304,2009,0.0,0.0,0.0
111301040304,2010,0.0,0.0,0.0
111301040304,2011,0.0,0.0,0.0
111301040304,2012,0.0,0.0,0.0
111301040304,2013,0.0,0.0,0.0
111301040304,2014,0.0,0.0,0.0
111301040304,2015,0.0,0.0,0.0
111301040304,2016,0.0,0.0,0.0
111301040304,2017,0.0,0.0,0.0
111301040304,2018,0.0,0.0,0.0
111301040304,2019,0.0,0.0,0.0
111301040304,2020,0.0,0.0,0.0
111301040305,2000,0.0,0.0,0.0
111301040305,2001,0.0,0.0,0.0
111301040305,2002,0.0,0.0,0.0
111301040305,2003,0.0,0.0,0.0
111301040305,2004,0.0,0.0,0.0
111301040305,2005,0.0,0.0,0.0
111301040305,2006,0.0,0.0,0.0
111301040305,2007,0.0,0.0,0.0
111301040305,2008,0.0,0.0,0.0
111301040305,2009,0.0,0.0,0.0
111301040305,2010,0.0,0.0,0.0
111301040305,2011,0.0,0.0,0.0
111301040305,2012,0.0,0.0,0.0
111301040305,2013,0.0,0.0,0.0
111301040305,2014,0.0,0.0,0.0
111301040305,2015,0.0,0.0,0.0
111301040305,2016,0.0,0.0,0.0
111301040305,2017,0.0,0.0,0.0
111301040305,2018,0.001207192,0.0,0.001207192
111301040305,2019,0.0,0.0,0.0
111301040305,2020,0.0,0.0,0.0
111301040401,2000,0.0,0.0,0.0
111301040401,2001,0.0,0.0,0.0
111301040401,2002,0.0,0.0,0.0
111301040401,2003,0.0,0.0,0.0
111301040401,2004,0.0,0.0,0.0
111301040401,2005,0.0,0.0,0.0
111301040401,2006,0.0,0.0,0.0
111301040401,2007,0.001856523,0.0,0.001856523
111301040401,2008,0.0,0.0,0.0
111301040401,2009,0.0,0.0,0.0
111301040401,2010,0.002883268,0.0,0.002883268
111301040401,2011,0.0,0.0,0.0
111301040401,2012,0.0,0.0,0.0
111301040401,2013,0.006047145,0.0,0.006047145
111301040401,2014,0.0,0.0,0.0
111301040401,2015,0.0,0.0,0.0
111301040401,2016,0.323352803,0.0,0.323352803
111301040401,2017,0.003790825,0.0,0.003790825
111301040401,2018,0.605138307,0.0,0.605138307
111301040401,2019,0.498943419,0.0,0.498943419
111301040401,2020,0.485233068,0.0,0.485233068
