huc12_id,year,irrwdgw_mgd,irrwdtot_mgd,irrwdsw_mgd
120901090802,2000,0.012617626,0.027549557,0.014931768
120901090802,2001,0.034119296,0.074496222,0.040376926
120901090802,2002,0.0,0.0,0.0
120901090802,2003,0.020597367,0.044972222,0.024375022
120901090802,2004,0.0,0.0,0.0
120901090802,2005,0.003577847,0.007811948,0.004234184
120901090802,2006,0.0,0.0,0.0
120901090802,2007,0.013329745,0.02910431,0.015774479
120901090802,2008,0.0,0.0,0.0
120901090802,2009,0.025331422,0.055308921,0.029977496
120901090802,2010,0.054680937,0.119390496,0.064709644
120901090802,2011,0.0,0.0,0.0
120901090802,2012,0.121894904,0.266146139,0.144251238
120901090802,2013,0.0,0.0,0.0
120901090802,2014,0.012059055,0.026329981,0.014270844
120901090802,2015,0.0,0.0,0.0
120901090802,2016,0.074821713,0.163366505,0.088544546
120901090802,2017,0.00909197,0.01985177,0.010759715
120901090802,2018,0.013272548,0.028979444,0.015706896
120901090802,2019,0.169668392,0.370455238,0.200786677
120901090802,2020,0.092992019,0.203039254,0.110047235
120901090803,2000,0.0,0.0,0.0
120901090803,2001,0.0,0.0,0.0
120901090803,2002,0.0,0.0,0.0
120901090803,2003,0.0,0.0,0.0
120901090803,2004,0.0,0.0,0.0
120901090803,2005,0.0,0.0,0.0
120901090803,2006,0.0,0.0,0.0
120901090803,2007,0.0,0.0,0.0
120901090803,2008,0.0,0.0,0.0
120901090803,2009,0.0,0.0,0.0
120901090803,2010,0.0,0.0,0.0
120901090803,2011,0.0,0.0,0.0
120901090803,2012,0.0,0.0,0.0
120901090803,2013,0.0,0.0,0.0
120901090803,2014,0.0,0.0,0.0
120901090803,2015,0.0,0.0,0.0
120901090803,2016,0.0,0.0,0.0
120901090803,2017,0.0,0.0,0.0
120901090803,2018,0.0,0.0,0.0
120901090803,2019,0.0,0.0,0.0
120901090803,2020,0.0,0.0,0.0
120901090804,2000,0.40915265,0.893346448,0.48419388
120901090804,2001,0.436751096,0.953604756,0.516853827
120901090804,2002,0.017001866,0.037122148,0.020120197
120901090804,2003,0.211600742,0.462010392,0.250409567
120901090804,2004,0.298432716,0.651600008,0.353167128
120901090804,2005,0.262072466,0.572210784,0.310138318
120901090804,2006,0.187293236,0.408937025,0.221643792
120901090804,2007,0.263241496,0.574762953,0.311521458
120901090804,2008,0.461607511,1.007876738,0.546269224
120901090804,2009,0.151524145,0.330839019,0.179314619
120901090804,2010,0.888832019,1.940681255,1.051849151
120901090804,2011,0.488160773,1.065853345,0.577692403
120901090804,2012,0.581556877,1.269774981,0.688217932
120901090804,2013,0.262224167,0.572541879,0.310317795
120901090804,2014,0.462465395,1.009749929,0.547284534
120901090804,2015,0.221947658,0.484601992,0.262654249
120901090804,2016,0.637221402,1.391313301,0.75409182
120901090804,2017,0.481538518,1.051394299,0.569855863
120901090804,2018,0.361823712,0.790008153,0.428184436
120901090804,2019,0.515136742,1.124752959,0.609616134
120901090804,2020,0.888060486,1.938996672,1.05093627
120901090805,2000,0.048730413,0.064203418,0.015473093
120901090805,2001,0.508523981,0.739133507,0.230609611
120901090805,2002,0.331859751,0.563428808,0.23156931
120901090805,2003,0.658337803,1.053340436,0.3950028
120901090805,2004,0.145167388,0.297474199,0.152306727
120901090805,2005,0.411402312,0.65614391,0.244741762
120901090805,2006,0.024753904,0.042900871,0.018147052
120901090805,2007,0.060394077,0.131864811,0.071470737
120901090805,2008,0.085160421,0.173090249,0.087929828
120901090805,2009,0.45110774,0.587379942,0.136272118
120901090805,2010,0.50773811,0.87541074,0.367672548
120901090805,2011,0.646863485,1.081711526,0.434847953
120901090805,2012,0.851374694,1.291918981,0.440544366
120901090805,2013,0.136921244,0.298954658,0.162033414
120901090805,2014,0.825891742,1.260903441,0.435011614
120901090805,2015,0.373219384,0.575068074,0.201848942
120901090805,2016,0.261256205,0.401932593,0.140676467
120901090805,2017,0.53202997,0.783549096,0.251519375
120901090805,2018,0.124022679,0.210207833,0.086185151
120901090805,2019,0.78866354,1.104570822,0.315907279
120901090805,2020,0.736281902,1.235372358,0.499090374
120901090806,2000,0.112483686,0.245597557,0.133113951
120901090806,2001,0.100537132,0.219513301,0.118976255
120901090806,2002,0.109808173,0.239755649,0.129947647
120901090806,2003,0.144452156,0.315397762,0.17094569
120901090806,2004,0.135612634,0.296097527,0.160484893
120901090806,2005,0.230199178,0.502618493,0.272419148
120901090806,2006,0.080599184,0.175980811,0.095381625
120901090806,2007,0.171167647,0.373728778,0.202560877
120901090806,2008,0.102507978,0.223816697,0.121308719
120901090806,2009,0.080769816,0.176353222,0.095583408
120901090806,2010,0.259588649,0.566787504,0.307198855
120901090806,2011,0.07015426,0.153175312,0.083020967
120901090806,2012,0.277667123,0.606259923,0.328592973
120901090806,2013,0.046653756,0.101863975,0.055210386
120901090806,2014,0.048919384,0.106810978,0.057891677
120901090806,2015,0.066768619,0.145782751,0.079014384
120901090806,2016,0.13938253,0.304328664,0.164946219
120901090806,2017,0.192478814,0.42025943,0.22778054
120901090806,2018,0.273483901,0.597126353,0.323642622
120901090806,2019,0.274041345,0.598343827,0.324302151
120901090806,2020,0.572716585,1.250472929,0.677756175
120901090807,2000,0.003291295,0.007186128,0.003894839
120901090807,2001,0.0,0.0,0.0
120901090807,2002,0.0,0.0,0.0
120901090807,2003,0.0,0.0,0.0
120901090807,2004,0.0,0.0,0.0
120901090807,2005,0.0,0.0,0.0
120901090807,2006,0.004323351,0.009439573,0.005116304
120901090807,2007,0.0,0.0,0.0
120901090807,2008,0.0,0.0,0.0
120901090807,2009,0.002545532,0.00555809,0.003012559
120901090807,2010,0.0,0.0,0.0
120901090807,2011,0.000592419,0.001293455,0.000701121
120901090807,2012,0.0,0.0,0.0
120901090807,2013,0.000476192,0.001039321,0.000563211
120901090807,2014,0.0,0.0,0.0
120901090807,2015,0.0,0.0,0.0
120901090807,2016,0.0,0.0,0.0
120901090807,2017,0.0,0.0,0.0
120901090807,2018,0.054197888,0.118335901,0.064138099
120901090807,2019,0.000210375,0.000459318,0.000248942
120901090807,2020,0.0,0.0,0.0
120901090808,2000,0.530073738,1.157366568,0.6272925
120901090808,2001,0.569894189,1.244310145,0.674416038
120901090808,2002,0.234170142,0.51128877,0.277118378
120901090808,2003,0.38891649,0.849162827,0.460246255
120901090808,2004,0.564021413,1.231487795,0.667466467
120901090808,2005,0.647662707,1.414111118,0.766447997
120901090808,2006,0.337398745,0.736678458,0.399279879
120901090808,2007,0.451146332,0.985035882,0.533889381
120901090808,2008,0.552242749,1.205770336,0.653527503
120901090808,2009,0.327424518,0.714900449,0.387476096
120901090808,2010,1.103336803,2.409032499,1.305695529
120901090808,2011,0.641433671,1.400510279,0.759076526
120901090808,2012,0.92483476,2.019289678,1.094455082
120901090808,2013,0.489695871,1.069205066,0.57950911
120901090808,2014,0.421587479,0.920496693,0.498909214
120901090808,2015,0.710098532,1.550433458,0.840334926
120901090808,2016,0.37304418,0.814506612,0.441462514
120901090808,2017,0.849528789,1.854866545,1.005337671
120901090808,2018,0.590974164,1.290336781,0.699362616
120901090808,2019,0.604272452,1.319372115,0.715099663
120901090808,2020,1.131899071,2.471395699,1.339496377
120901100101,2000,0.0,0.0,0.0
120901100101,2001,0.0,0.0,0.0
120901100101,2002,0.000477808,0.000519247,4.1523e-05
120901100101,2003,0.0,0.0,0.0
120901100101,2004,0.0,0.0,0.0
120901100101,2005,0.0,0.0,0.0
120901100101,2006,0.0,0.0,0.0
120901100101,2007,0.0,0.0,0.0
120901100101,2008,0.000187025,0.000203342,1.6317e-05
120901100101,2009,0.0,0.0,0.0
120901100101,2010,0.0,0.0,0.0
120901100101,2011,0.000175614,0.000190844,1.5315e-05
120901100101,2012,0.0,0.0,0.0
120901100101,2013,0.0,0.0,0.0
120901100101,2014,0.0,0.0,0.0
120901100101,2015,0.0,0.0,0.0
120901100101,2016,0.0,0.0,0.0
120901100101,2017,0.0,0.0,0.0
120901100101,2018,0.0,0.0,0.0
120901100101,2019,0.0,0.0,0.0
120901100101,2020,0.0,0.0,0.0
120901100102,2000,0.0,0.0,0.0
120901100102,2001,0.575282559,0.625306962,0.05002457
120901100102,2002,0.176426425,0.191767964,0.015341458
120901100102,2003,0.38094746,0.414073373,0.03312583
120901100102,2004,0.0,0.0,0.0
120901100102,2005,0.163324879,0.177527019,0.01420214
120901100102,2006,0.12137477,0.131929175,0.010554323
120901100102,2007,0.0,0.0,0.0
120901100102,2008,0.151630872,0.164816232,0.013185279
120901100102,2009,0.0,0.0,0.0
120901100102,2010,0.0,0.0,0.0
120901100102,2011,0.05451809,0.059258797,0.004740707
120901100102,2012,0.427808281,0.465008932,0.037200735
120901100102,2013,0.0,0.0,0.0
120901100102,2014,0.0,0.0,0.0
120901100102,2015,0.0,0.0,0.0
120901100102,2016,0.0,0.0,0.0
120901100102,2017,0.0,0.0,0.0
120901100102,2018,0.306152975,0.332775014,0.026622038
120901100102,2019,0.0,0.0,0.0
120901100102,2020,0.0,0.0,0.0
120901100103,2000,0.0,0.0,0.0
120901100103,2001,0.168439129,0.183085967,0.014646833
120901100103,2002,0.009632419,0.010470066,0.000837562
120901100103,2003,0.137082244,0.149002441,0.011920115
120901100103,2004,0.0,0.0,0.0
120901100103,2005,0.0,0.0,0.0
120901100103,2006,0.0,0.0,0.0
120901100103,2007,0.0,0.0,0.0
120901100103,2008,0.029119519,0.03165171,0.002532107
120901100103,2009,0.052517381,0.057084373,0.004566825
120901100103,2010,0.0,0.0,0.0
120901100103,2011,0.0,0.0,0.0
120901100103,2012,0.0,0.0,0.0
120901100103,2013,0.0,0.0,0.0
120901100103,2014,0.0,0.0,0.0
120901100103,2015,0.0,0.0,0.0
120901100103,2016,0.0,0.0,0.0
120901100103,2017,0.0,0.0,0.0
120901100103,2018,0.013076482,0.014213671,0.001137104
120901100103,2019,0.0,0.0,0.0
120901100103,2020,0.0,0.0,0.0
120901100104,2000,0.0,0.0,0.0
120901100104,2001,0.163952995,0.178209805,0.014256811
120901100104,2002,0.0,0.0,0.0
120901100104,2003,0.080163019,0.087133622,0.006970685
120901100104,2004,0.01274527,0.013853484,0.001108295
120901100104,2005,0.0,0.0,0.0
120901100104,2006,0.0,0.0,0.0
120901100104,2007,0.0,0.0,0.0
120901100104,2008,0.0,0.0,0.0
120901100104,2009,0.004325115,0.004701266,0.000376151
120901100104,2010,0.0,0.0,0.0
120901100104,2011,0.0,0.0,0.0
120901100104,2012,0.0,0.0,0.0
120901100104,2013,0.0,0.0,0.0
120901100104,2014,0.0,0.0,0.0
120901100104,2015,0.0,0.0,0.0
120901100104,2016,0.0,0.0,0.0
120901100104,2017,0.0,0.0,0.0
120901100104,2018,0.013266389,0.014419907,0.001153767
120901100104,2019,0.0,0.0,0.0
120901100104,2020,0.226458117,0.24615003,0.019691913
120901100105,2000,0.0,0.0,0.0
120901100105,2001,0.243526367,0.264702616,0.021176249
120901100105,2002,0.0,0.0,0.0
120901100105,2003,0.230506047,0.250550123,0.020044077
120901100105,2004,0.195860145,0.212891393,0.017031331
120901100105,2005,0.0,0.0,0.0
120901100105,2006,0.0,0.0,0.0
120901100105,2007,0.0,0.0,0.0
120901100105,2008,0.209653617,0.227884322,0.018230708
120901100105,2009,0.598135967,0.650147622,0.052011652
120901100105,2010,0.0,0.0,0.0
120901100105,2011,0.0,0.0,0.0
120901100105,2012,0.0,0.0,0.0
120901100105,2013,0.0,0.0,0.0
120901100105,2014,0.0,0.0,0.0
120901100105,2015,0.0,0.0,0.0
120901100105,2016,0.0,0.0,0.0
120901100105,2017,0.0,0.0,0.0
120901100105,2018,0.176664485,0.192026666,0.015362096
120901100105,2019,0.0,0.0,0.0
120901100105,2020,0.344953478,0.374949456,0.029995981
120901100106,2000,0.0,0.0,0.0
120901100106,2001,0.0,0.0,0.0
120901100106,2002,0.0,0.0,0.0
120901100106,2003,0.0,0.0,0.0
120901100106,2004,0.000593967,0.000649798,5.5749e-05
120901100106,2005,0.069903085,0.07648049,0.006577332
120901100106,2006,0.075389471,0.082482923,0.007093537
120901100106,2007,0.0,0.0,0.0
120901100106,2008,0.181296563,0.198355246,0.017058432
120901100106,2009,0.0,0.0,0.0
120901100106,2010,0.012931523,0.014148422,0.001216732
120901100106,2011,0.0,0.0,0.0
120901100106,2012,0.107959055,0.118117197,0.010158221
120901100106,2013,0.008094066,0.008855597,0.000761616
120901100106,2014,0.10041137,0.10985926,0.00944789
120901100106,2015,0.0,0.0,0.0
120901100106,2016,0.06015191,0.065811825,0.005659833
120901100106,2017,0.12669757,0.138618797,0.011921301
120901100106,2018,0.0,0.0,0.0
120901100106,2019,0.0,0.0,0.0
120901100106,2020,0.0,0.0,0.0
120901100107,2000,0.0,0.0,0.0
120901100107,2001,0.225138975,0.293149666,0.068010611
120901100107,2002,0.226519532,0.280693438,0.05417374
120901100107,2003,0.0,0.0,0.0
120901100107,2004,0.357730691,0.389260839,0.031530066
120901100107,2005,0.0,0.0,0.0
120901100107,2006,0.0,0.0,0.0
120901100107,2007,0.111254734,0.208342263,0.097087532
120901100107,2008,0.0,0.0,0.0
120901100107,2009,0.246698521,0.2681506,0.021452082
120901100107,2010,0.0,0.0,0.0
120901100107,2011,0.0,0.0,0.0
120901100107,2012,0.0,0.0,0.0
120901100107,2013,0.0,0.0,0.0
120901100107,2014,0.0,0.0,0.0
120901100107,2015,0.0,0.0,0.0
120901100107,2016,0.0,0.0,0.0
120901100107,2017,0.0,0.0,0.0
120901100107,2018,0.0,0.0,0.0
120901100107,2019,0.06231389,0.075349523,0.013035381
120901100107,2020,0.0,0.0,0.0
120901100108,2000,0.0,0.0,0.0
120901100108,2001,0.64484046,0.703206773,0.058366148
120901100108,2002,0.195685175,0.2138636,0.018178342
120901100108,2003,0.096495581,0.105229707,0.008734041
120901100108,2004,1.048114937,1.145480918,0.097365984
120901100108,2005,0.600551614,0.657058753,0.05650714
120901100108,2006,0.435056455,0.475471534,0.040415162
120901100108,2007,0.008597148,0.009364904,0.000767841
120901100108,2008,0.530175825,0.578163328,0.047987587
120901100108,2009,0.444839307,0.485632433,0.040793126
120901100108,2010,0.491403115,0.537052573,0.045649458
120901100108,2011,0.04005371,0.043679025,0.003625397
120901100108,2012,0.030368951,0.033226475,0.002857437
120901100108,2013,0.424699986,0.464661022,0.039960784
120901100108,2014,0.396210636,0.433490726,0.037280173
120901100108,2015,0.110741422,0.120764827,0.010023405
120901100108,2016,0.051148617,0.055961284,0.004812667
120901100108,2017,0.160719981,0.175650408,0.014930266
120901100108,2018,0.645929866,0.705163688,0.059233737
120901100108,2019,0.995953258,1.088473551,0.092520375
120901100108,2020,0.49168985,0.536193724,0.044504208
120901100201,2000,0.0,0.0,0.0
120901100201,2001,0.003629899,0.003971397,0.000341584
120901100201,2002,0.0,0.0,0.0
120901100201,2003,0.001793345,0.001962058,0.00016871
120901100201,2004,0.0,0.0,0.0
120901100201,2005,0.0,0.0,0.0
120901100201,2006,0.0,0.0,0.0
120901100201,2007,0.0,0.0,0.0
120901100201,2008,0.0,0.0,0.0
120901100201,2009,0.002316584,0.002534723,0.000217975
120901100201,2010,0.0,0.0,0.0
120901100201,2011,0.0,0.0,0.0
120901100201,2012,0.0,0.0,0.0
120901100201,2013,0.0,0.0,0.0
120901100201,2014,0.0,0.0,0.0
120901100201,2015,0.0,0.0,0.0
120901100201,2016,0.0,0.0,0.0
120901100201,2017,0.0,0.0,0.0
120901100201,2018,0.0,0.0,0.0
120901100201,2019,0.0,0.0,0.0
120901100201,2020,0.0,0.0,0.0
120901100202,2000,0.0,0.0,0.0
120901100202,2001,0.369268468,0.404013507,0.034745118
120901100202,2002,0.056492353,0.061807781,0.00531551
120901100202,2003,0.0,0.0,0.0
120901100202,2004,0.32277826,0.353149142,0.030370801
120901100202,2005,0.094843312,0.103767373,0.00892406
120901100202,2006,0.153219978,0.167636874,0.014416811
120901100202,2007,0.028222882,0.030878441,0.002655559
120901100202,2008,0.043476112,0.047566762,0.00409065
120901100202,2009,0.167150715,0.182878496,0.015727444
120901100202,2010,0.138124359,0.151120567,0.012996293
120901100202,2011,0.0,0.0,0.0
120901100202,2012,0.0,0.0,0.0
120901100202,2013,0.152197118,0.166517611,0.014320411
120901100202,2014,0.0,0.0,0.0
120901100202,2015,0.0,0.0,0.0
120901100202,2016,0.04705923,0.051487098,0.004427869
120901100202,2017,0.0,0.0,0.0
120901100202,2018,0.060661989,0.066369822,0.005707833
120901100202,2019,0.429620137,0.470043923,0.040423704
120901100202,2020,0.101790481,0.111368186,0.009577536
120901100203,2000,0.0,0.0,0.0
120901100203,2001,0.294978474,0.322733595,0.027755044
120901100203,2002,0.325263523,0.355868244,0.030604721
120901100203,2003,0.0,0.0,0.0
120901100203,2004,0.677553765,0.741306033,0.06375235
120901100203,2005,0.369006389,0.403727022,0.034720466
120901100203,2006,0.696434359,0.761963227,0.065528866
120901100203,2007,0.030663915,0.033549148,0.002885315
120901100203,2008,0.389575727,0.426231678,0.036655869
120901100203,2009,0.293270403,0.320864729,0.027594326
120901100203,2010,0.0,0.0,0.0
120901100203,2011,0.030798408,0.033696329,0.002897838
120901100203,2012,0.597636175,0.653868899,0.056232642
120901100203,2013,0.176010953,0.192572107,0.016561318
120901100203,2014,0.318996247,0.349011282,0.030014868
120901100203,2015,0.337428005,0.3691772,0.031749274
120901100203,2016,0.0,0.0,0.0
120901100203,2017,0.058571132,0.064082337,0.005510962
120901100203,2018,0.063140841,0.069081767,0.005941175
120901100203,2019,0.694519126,0.759867715,0.065348668
120901100203,2020,0.346896869,0.37953694,0.032640322
120901100204,2000,0.0,0.0,0.0
120901100204,2001,0.064226677,0.070269877,0.006043285
120901100204,2002,0.0,0.0,0.0
120901100204,2003,0.0,0.0,0.0
120901100204,2004,0.178162822,0.194926596,0.016763607
120901100204,2005,0.0,0.0,0.0
120901100204,2006,0.12709366,0.139052203,0.011958542
120901100204,2007,0.001011008,0.00110603,9.5107e-05
120901100204,2008,0.0,0.0,0.0
120901100204,2009,0.0,0.0,0.0
120901100204,2010,0.0,0.0,0.0
120901100204,2011,0.011826011,0.012938721,0.00111271
120901100204,2012,0.0,0.0,0.0
120901100204,2013,0.0,0.0,0.0
120901100204,2014,0.0,0.0,0.0
120901100204,2015,0.0,0.0,0.0
120901100204,2016,0.0,0.0,0.0
120901100204,2017,0.0,0.0,0.0
120901100204,2018,0.181056562,0.198092488,0.017035923
120901100204,2019,0.085814181,0.093888778,0.00807443
120901100204,2020,0.062715749,0.068616645,0.005900981
120901100205,2000,0.0,0.0,0.0
120901100205,2001,0.0,0.0,0.0
120901100205,2002,0.0,0.0,0.0
120901100205,2003,0.0,0.0,0.0
120901100205,2004,0.0,0.0,0.0
120901100205,2005,0.0,0.0,0.0
120901100205,2006,0.102344545,0.11197443,0.009629718
120901100205,2007,0.0,0.0,0.0
120901100205,2008,0.0,0.0,0.0
120901100205,2009,0.0,0.0,0.0
120901100205,2010,0.140544981,0.153769263,0.013224118
120901100205,2011,0.044149699,0.048303885,0.004154101
120901100205,2012,0.0,0.0,0.0
120901100205,2013,0.0,0.0,0.0
120901100205,2014,0.0,0.0,0.0
120901100205,2015,0.0,0.0,0.0
120901100205,2016,0.0,0.0,0.0
120901100205,2017,0.0,0.0,0.0
120901100205,2018,0.0,0.0,0.0
120901100205,2019,0.569712792,0.623318307,0.053605518
120901100205,2020,0.0,0.0,0.0
120901100206,2000,0.0,0.0,0.0
120901100206,2001,0.0,0.0,0.0
120901100206,2002,0.0,0.0,0.0
120901100206,2003,0.0,0.0,0.0
120901100206,2004,0.0,0.0,0.0
120901100206,2005,0.0,0.0,0.0
120901100206,2006,0.0,0.0,0.0
120901100206,2007,0.0,0.0,0.0
120901100206,2008,0.0,0.0,0.0
120901100206,2009,0.0,0.0,0.0
120901100206,2010,0.0,0.0,0.0
120901100206,2011,0.0,0.0,0.0
120901100206,2012,0.0,0.0,0.0
120901100206,2013,0.0,0.0,0.0
120901100206,2014,0.0,0.0,0.0
120901100206,2015,0.0,0.0,0.0
120901100206,2016,0.0,0.0,0.0
120901100206,2017,0.0,0.0,0.0
120901100206,2018,0.0,0.0,0.0
120901100206,2019,0.008378055,0.009166315,0.000788263
120901100206,2020,0.0,0.0,0.0
120901100207,2000,0.0,0.0,0.0
120901100207,2001,0.0,0.0,0.0
120901100207,2002,0.0,0.0,0.0
120901100207,2003,0.0,0.0,0.0
120901100207,2004,0.0,0.0,0.0
120901100207,2005,0.0,0.0,0.0
120901100207,2006,0.0,0.0,0.0
120901100207,2007,0.0,0.0,0.0
120901100207,2008,0.0,0.0,0.0
120901100207,2009,0.0,0.0,0.0
120901100207,2010,0.0,0.0,0.0
120901100207,2011,0.0,0.0,0.0
120901100207,2012,0.0,0.0,0.0
120901100207,2013,0.0,0.0,0.0
120901100207,2014,0.0,0.0,0.0
120901100207,2015,0.0,0.0,0.0
120901100207,2016,0.0,0.0,0.0
120901100207,2017,0.0,0.0,0.0
120901100207,2018,0.0,0.0,0.0
120901100207,2019,0.0,0.0,0.0
120901100207,2020,0.0,0.0,0.0
120901100208,2000,0.0,0.0,0.0
120901100208,2001,0.0,0.0,0.0
120901100208,2002,0.0,0.0,0.0
120901100208,2003,0.0,0.0,0.0
120901100208,2004,0.0,0.0,0.0
120901100208,2005,0.0,0.0,0.0
120901100208,2006,0.0,0.0,0.0
120901100208,2007,0.0,0.0,0.0
120901100208,2008,0.0,0.0,0.0
120901100208,2009,0.0,0.0,0.0
120901100208,2010,0.0,0.0,0.0
120901100208,2011,0.0,0.0,0.0
120901100208,2012,0.0,0.0,0.0
120901100208,2013,0.0,0.0,0.0
120901100208,2014,0.0,0.0,0.0
120901100208,2015,0.0,0.0,0.0
120901100208,2016,0.0,0.0,0.0
120901100208,2017,0.0,0.0,0.0
120901100208,2018,0.0,0.0,0.0
120901100208,2019,0.0,0.0,0.0
120901100208,2020,0.0,0.0,0.0
120901100209,2000,0.0,0.0,0.0
120901100209,2001,0.0,0.0,0.0
120901100209,2002,0.0,0.0,0.0
120901100209,2003,0.0,0.0,0.0
120901100209,2004,0.0,0.0,0.0
120901100209,2005,0.0,0.0,0.0
120901100209,2006,0.0,0.0,0.0
120901100209,2007,0.0,0.0,0.0
120901100209,2008,0.0,0.0,0.0
120901100209,2009,0.0,0.0,0.0
120901100209,2010,0.0,0.0,0.0
120901100209,2011,0.0,0.0,0.0
120901100209,2012,0.0,0.0,0.0
120901100209,2013,0.0,0.0,0.0
120901100209,2014,0.0,0.0,0.0
120901100209,2015,0.0,0.0,0.0
120901100209,2016,0.0,0.0,0.0
120901100209,2017,0.0,0.0,0.0
120901100209,2018,0.0,0.0,0.0
120901100209,2019,0.0,0.0,0.0
120901100209,2020,0.0,0.0,0.0
120901100210,2000,0.0,0.0,0.0
120901100210,2001,0.0,0.0,0.0
120901100210,2002,0.0,0.0,0.0
120901100210,2003,0.0,0.0,0.0
120901100210,2004,0.0,0.0,0.0
120901100210,2005,0.0,0.0,0.0
120901100210,2006,0.0,0.0,0.0
120901100210,2007,0.0,0.0,0.0
120901100210,2008,0.0,0.0,0.0
120901100210,2009,0.0,0.0,0.0
120901100210,2010,0.0,0.0,0.0
120901100210,2011,0.0,0.0,0.0
120901100210,2012,0.0,0.0,0.0
120901100210,2013,0.0,0.0,0.0
120901100210,2014,0.0,0.0,0.0
120901100210,2015,0.0,0.0,0.0
120901100210,2016,0.0,0.0,0.0
120901100210,2017,0.0,0.0,0.0
120901100210,2018,0.0,0.0,0.0
120901100210,2019,0.0,0.0,0.0
120901100210,2020,0.0,0.0,0.0
120902010101,2000,0.0,0.0,0.0
120902010101,2001,0.0,0.0,0.0
120902010101,2002,0.0,0.0,0.0
120902010101,2003,0.0,0.0,0.0
120902010101,2004,0.0,0.0,0.0
120902010101,2005,0.0,0.0,0.0
120902010101,2006,0.0,0.0,0.0
120902010101,2007,0.0,0.0,0.0
120902010101,2008,0.007502861,0.01638165,0.008878787
120902010101,2009,0.0,0.0,0.0
120902010101,2010,0.0,0.0,0.0
120902010101,2011,0.0,0.0,0.0
120902010101,2012,0.001915577,0.012685822,0.010770328
120902010101,2013,0.0,0.0,0.0
120902010101,2014,0.0,0.0,0.0
120902010101,2015,0.005701682,0.028942984,0.023241132
120902010101,2016,0.0,0.0,0.0
120902010101,2017,0.0,0.0,0.0
120902010101,2018,0.038703614,0.35185163,0.313148016
120902010101,2019,0.017445197,0.135234233,0.117788953
120902010101,2020,0.0,0.0,0.0
120902010102,2000,0.0,0.0,0.0
120902010102,2001,0.0,0.0,0.0
120902010102,2002,0.0,0.0,0.0
120902010102,2003,0.0,0.0,0.0
120902010102,2004,0.0,0.0,0.0
120902010102,2005,0.0,0.0,0.0
120902010102,2006,0.0,0.0,0.0
120902010102,2007,0.0,0.0,0.0
120902010102,2008,0.0,0.0,0.0
120902010102,2009,0.0,0.0,0.0
120902010102,2010,0.0,0.0,0.0
120902010102,2011,0.0,0.0,0.0
120902010102,2012,0.0,0.0,0.0
120902010102,2013,0.0,0.0,0.0
120902010102,2014,0.0,0.0,0.0
120902010102,2015,0.0,0.0,0.0
120902010102,2016,0.0,0.0,0.0
120902010102,2017,0.0,0.0,0.0
120902010102,2018,0.03523123,0.298569858,0.26333846
120902010102,2019,0.0,0.0,0.0
120902010102,2020,0.0,0.0,0.0
120902010103,2000,0.0,0.0,0.0
120902010103,2001,0.0,0.0,0.0
120902010103,2002,0.0,0.0,0.0
120902010103,2003,0.0,0.0,0.0
120902010103,2004,0.0,0.0,0.0
120902010103,2005,0.0,0.0,0.0
120902010103,2006,0.0,0.0,0.0
120902010103,2007,0.0,0.0,0.0
120902010103,2008,0.0,0.0,0.0
120902010103,2009,0.0,0.0,0.0
120902010103,2010,0.0,0.0,0.0
120902010103,2011,0.0,0.0,0.0
120902010103,2012,0.0,0.0,0.0
120902010103,2013,0.0,0.0,0.0
120902010103,2014,0.0,0.0,0.0
120902010103,2015,0.0,0.0,0.0
120902010103,2016,0.0,0.0,0.0
120902010103,2017,0.0,0.0,0.0
120902010103,2018,0.0,0.0,0.0
120902010103,2019,0.0,0.0,0.0
120902010103,2020,0.0,0.0,0.0
120902010104,2000,0.0,0.0,0.0
120902010104,2001,0.0,0.0,0.0
120902010104,2002,0.0,0.0,0.0
120902010104,2003,0.0,0.0,0.0
120902010104,2004,0.0,0.0,0.0
120902010104,2005,0.0,0.0,0.0
120902010104,2006,0.0,0.0,0.0
120902010104,2007,0.0,0.0,0.0
120902010104,2008,0.0,0.0,0.0
120902010104,2009,0.0,0.0,0.0
120902010104,2010,0.0,0.0,0.0
120902010104,2011,0.0,0.0,0.0
120902010104,2012,0.0,0.0,0.0
120902010104,2013,0.000894282,0.007578616,0.006684419
120902010104,2014,0.000931745,0.007896145,0.006964233
120902010104,2015,0.0,0.0,0.0
120902010104,2016,0.0,0.0,0.0
120902010104,2017,0.0,0.0,0.0
120902010104,2018,0.021823759,0.1849474,0.163123723
120902010104,2019,0.0,0.0,0.0
120902010104,2020,0.0,0.0,0.0
120902010105,2000,0.0,0.0,0.0
120902010105,2001,0.0,0.0,0.0
120902010105,2002,0.0,0.0,0.0
120902010105,2003,0.0,0.0,0.0
120902010105,2004,0.0,0.0,0.0
120902010105,2005,0.0,0.0,0.0
120902010105,2006,0.0,0.0,0.0
120902010105,2007,0.0,0.0,0.0
120902010105,2008,0.0,0.0,0.0
120902010105,2009,0.0,0.0,0.0
120902010105,2010,0.0,0.0,0.0
120902010105,2011,0.0,0.0,0.0
120902010105,2012,0.0,0.0,0.0
120902010105,2013,0.0,0.0,0.0
120902010105,2014,0.0,0.0,0.0
120902010105,2015,0.0,0.0,0.0
120902010105,2016,0.0,0.0,0.0
120902010105,2017,0.0,0.0,0.0
120902010105,2018,0.0,0.0,0.0
120902010105,2019,0.0,0.0,0.0
120902010105,2020,0.0,0.0,0.0
120902010106,2000,0.0,0.0,0.0
120902010106,2001,0.0,0.0,0.0
120902010106,2002,0.0,0.0,0.0
120902010106,2003,0.0,0.0,0.0
120902010106,2004,0.0,0.0,0.0
120902010106,2005,0.069214471,0.151123367,0.081908896
120902010106,2006,0.0,0.0,0.0
120902010106,2007,0.0,0.0,0.0
120902010106,2008,0.0,0.0,0.0
120902010106,2009,0.0,0.0,0.0
120902010106,2010,0.0,0.0,0.0
120902010106,2011,0.0,0.0,0.0
120902010106,2012,0.0,0.0,0.0
120902010106,2013,0.0,0.0,0.0
120902010106,2014,0.0,0.0,0.0
120902010106,2015,0.0,0.0,0.0
120902010106,2016,0.0,0.0,0.0
120902010106,2017,0.0,0.0,0.0
120902010106,2018,0.0,0.0,0.0
120902010106,2019,0.0,0.0,0.0
120902010106,2020,0.0,0.0,0.0
120902010107,2000,0.0,0.0,0.0
120902010107,2001,0.0,0.0,0.0
120902010107,2002,0.0,0.0,0.0
120902010107,2003,0.0,0.0,0.0
120902010107,2004,0.0,0.0,0.0
120902010107,2005,0.0,0.0,0.0
120902010107,2006,0.0,0.0,0.0
120902010107,2007,0.0,0.0,0.0
120902010107,2008,0.0,0.0,0.0
120902010107,2009,0.0,0.0,0.0
120902010107,2010,0.0,0.0,0.0
120902010107,2011,0.0,0.0,0.0
120902010107,2012,0.0,0.0,0.0
120902010107,2013,0.0,0.0,0.0
120902010107,2014,0.0,0.0,0.0
120902010107,2015,0.0,0.0,0.0
120902010107,2016,0.0,0.0,0.0
120902010107,2017,0.0,0.0,0.0
120902010107,2018,0.0,0.0,0.0
120902010107,2019,0.0,0.0,0.0
120902010107,2020,0.0,0.0,0.0
120902010108,2000,0.0,0.0,0.0
120902010108,2001,0.0,0.0,0.0
120902010108,2002,0.0,0.0,0.0
120902010108,2003,0.0,0.0,0.0
120902010108,2004,0.0,0.0,0.0
120902010108,2005,0.0,0.0,0.0
120902010108,2006,0.0,0.0,0.0
120902010108,2007,0.0,0.0,0.0
120902010108,2008,0.0,0.0,0.0
120902010108,2009,0.0,0.0,0.0
120902010108,2010,0.0,0.0,0.0
120902010108,2011,0.0,0.0,0.0
120902010108,2012,0.0,0.0,0.0
120902010108,2013,0.0,0.0,0.0
120902010108,2014,0.0,0.0,0.0
120902010108,2015,0.0,0.0,0.0
120902010108,2016,0.0,0.0,0.0
120902010108,2017,0.0,0.0,0.0
120902010108,2018,0.0,0.0,0.0
120902010108,2019,0.0,0.0,0.0
120902010108,2020,0.0,0.0,0.0
120902010109,2000,0.0,0.0,0.0
120902010109,2001,0.00570249,0.012450625,0.006748301
120902010109,2002,0.004173184,0.009111789,0.004938603
120902010109,2003,0.009124175,0.019922216,0.010797707
120902010109,2004,0.0,0.0,0.0
120902010109,2005,0.0,0.0,0.0
120902010109,2006,0.008611414,0.018802493,0.01019091
120902010109,2007,0.0,0.0,0.0
120902010109,2008,0.0,0.0,0.0
120902010109,2009,0.0,0.0,0.0
120902010109,2010,0.0,0.0,0.0
120902010109,2011,0.0,0.0,0.0
120902010109,2012,0.0,0.0,0.0
120902010109,2013,0.0,0.0,0.0
120902010109,2014,0.0,0.0,0.0
120902010109,2015,0.008303389,0.018129849,0.00982629
120902010109,2016,0.007853921,0.017148238,0.009294317
120902010109,2017,0.0,0.0,0.0
120902010109,2018,0.0,0.0,0.0
120902010109,2019,0.0,0.0,0.0
120902010109,2020,0.038669197,0.08443038,0.04576135
120902010110,2000,0.0,0.0,0.0
120902010110,2001,0.004966266,0.010843153,0.005877055
120902010110,2002,0.005154918,0.011255197,0.006100362
120902010110,2003,0.008352822,0.018237521,0.009884699
120902010110,2004,0.0,0.0,0.0
120902010110,2005,0.0,0.0,0.0
120902010110,2006,0.007396082,0.01614866,0.008752578
120902010110,2007,0.0,0.0,0.0
120902010110,2008,0.0,0.0,0.0
120902010110,2009,0.0,0.0,0.0
120902010110,2010,0.0,0.0,0.0
120902010110,2011,0.0,0.0,0.0
120902010110,2012,0.0,0.0,0.0
120902010110,2013,0.000271603,0.002301597,0.002029995
120902010110,2014,0.000265844,0.002253038,0.001987279
120902010110,2015,0.00228251,0.011887764,0.009605255
120902010110,2016,0.002258899,0.011351689,0.009092626
120902010110,2017,0.0,0.0,0.0
120902010110,2018,0.004611564,0.039080216,0.034468819
120902010110,2019,0.0,0.0,0.0
120902010110,2020,0.004320079,0.015709303,0.011389393
120902010111,2000,0.0,0.0,0.0
120902010111,2001,0.0,0.0,0.0
120902010111,2002,0.0,0.0,0.0
120902010111,2003,0.0,0.0,0.0
120902010111,2004,0.0,0.0,0.0
120902010111,2005,0.0,0.0,0.0
120902010111,2006,0.0,0.0,0.0
120902010111,2007,0.0,0.0,0.0
120902010111,2008,0.0,0.0,0.0
120902010111,2009,0.0,0.0,0.0
120902010111,2010,0.0,0.0,0.0
120902010111,2011,0.0,0.0,0.0
120902010111,2012,0.0,0.0,0.0
120902010111,2013,0.0,0.0,0.0
120902010111,2014,0.0,0.0,0.0
120902010111,2015,0.0,0.0,0.0
120902010111,2016,0.0,0.0,0.0
120902010111,2017,0.0,0.0,0.0
120902010111,2018,0.0,0.0,0.0
120902010111,2019,0.0,0.0,0.0
120902010111,2020,0.0,0.0,0.0
120902010201,2000,0.0,0.0,0.0
120902010201,2001,0.0,0.0,0.0
120902010201,2002,0.0,0.0,0.0
120902010201,2003,0.0,0.0,0.0
120902010201,2004,0.0,0.0,0.0
120902010201,2005,0.0,0.0,0.0
120902010201,2006,0.0,0.0,0.0
120902010201,2007,0.0,0.0,0.0
120902010201,2008,0.0,0.0,0.0
120902010201,2009,0.0,0.0,0.0
120902010201,2010,0.0,0.0,0.0
120902010201,2011,0.0,0.0,0.0
120902010201,2012,0.0,0.0,0.0
120902010201,2013,0.0,0.0,0.0
120902010201,2014,0.0,0.0,0.0
120902010201,2015,0.0,0.0,0.0
120902010201,2016,0.0,0.0,0.0
120902010201,2017,0.0,0.0,0.0
120902010201,2018,0.0,0.0,0.0
120902010201,2019,0.0,0.0,0.0
120902010201,2020,0.0,0.0,0.0
120902010202,2000,0.0,0.0,0.0
120902010202,2001,0.0,0.0,0.0
120902010202,2002,0.0,0.0,0.0
120902010202,2003,0.0,0.0,0.0
120902010202,2004,0.0,0.0,0.0
120902010202,2005,0.0,0.0,0.0
120902010202,2006,0.0,0.0,0.0
120902010202,2007,0.0,0.0,0.0
120902010202,2008,0.0,0.0,0.0
120902010202,2009,0.0,0.0,0.0
120902010202,2010,0.0,0.0,0.0
120902010202,2011,0.0,0.0,0.0
120902010202,2012,0.0,0.0,0.0
120902010202,2013,0.0,0.0,0.0
120902010202,2014,0.0,0.0,0.0
120902010202,2015,0.0,0.0,0.0
120902010202,2016,0.0,0.0,0.0
120902010202,2017,0.0,0.0,0.0
120902010202,2018,0.0,0.0,0.0
120902010202,2019,0.0,0.0,0.0
120902010202,2020,0.0,0.0,0.0
120902010203,2000,0.0,0.0,0.0
120902010203,2001,0.0,0.0,0.0
120902010203,2002,0.0,0.0,0.0
120902010203,2003,0.0,0.0,0.0
120902010203,2004,0.0,0.0,0.0
120902010203,2005,0.0,0.0,0.0
120902010203,2006,0.0,0.0,0.0
120902010203,2007,0.0,0.0,0.0
120902010203,2008,0.0,0.0,0.0
120902010203,2009,0.0,0.0,0.0
120902010203,2010,0.0,0.0,0.0
120902010203,2011,0.0,0.0,0.0
120902010203,2012,0.0,0.0,0.0
120902010203,2013,0.0,0.0,0.0
120902010203,2014,0.0,0.0,0.0
120902010203,2015,0.0,0.0,0.0
120902010203,2016,0.0,0.0,0.0
120902010203,2017,0.0,0.0,0.0
120902010203,2018,0.0,0.0,0.0
120902010203,2019,0.0,0.0,0.0
120902010203,2020,0.0,0.0,0.0
120902010204,2000,0.0,0.0,0.0
120902010204,2001,0.0,0.0,0.0
120902010204,2002,0.0,0.0,0.0
120902010204,2003,0.0,0.0,0.0
120902010204,2004,0.0,0.0,0.0
120902010204,2005,0.0,0.0,0.0
120902010204,2006,0.0,0.0,0.0
120902010204,2007,0.0,0.0,0.0
120902010204,2008,0.0,0.0,0.0
120902010204,2009,0.0,0.0,0.0
120902010204,2010,0.0,0.0,0.0
120902010204,2011,0.0,0.0,0.0
120902010204,2012,0.0,0.0,0.0
120902010204,2013,0.0,0.0,0.0
120902010204,2014,0.0,0.0,0.0
120902010204,2015,0.0,0.0,0.0
120902010204,2016,0.0,0.0,0.0
120902010204,2017,0.0,0.0,0.0
120902010204,2018,0.0,0.0,0.0
120902010204,2019,0.0,0.0,0.0
120902010204,2020,0.0,0.0,0.0
120902010205,2000,0.0,0.0,0.0
120902010205,2001,0.0,0.0,0.0
120902010205,2002,0.0,0.0,0.0
120902010205,2003,0.0,0.0,0.0
120902010205,2004,0.0,0.0,0.0
120902010205,2005,0.0,0.0,0.0
120902010205,2006,0.0,0.0,0.0
120902010205,2007,0.0,0.0,0.0
120902010205,2008,0.0,0.0,0.0
120902010205,2009,0.0,0.0,0.0
120902010205,2010,0.0,0.0,0.0
120902010205,2011,0.0,0.0,0.0
120902010205,2012,0.0,0.0,0.0
120902010205,2013,0.0,0.0,0.0
120902010205,2014,0.0,0.0,0.0
120902010205,2015,0.0,0.0,0.0
120902010205,2016,0.0,0.0,0.0
120902010205,2017,0.0,0.0,0.0
120902010205,2018,0.0,0.0,0.0
120902010205,2019,0.0,0.0,0.0
120902010205,2020,0.0,0.0,0.0
120902010206,2000,0.0,0.0,0.0
120902010206,2001,0.0,0.0,0.0
120902010206,2002,0.0,0.0,0.0
120902010206,2003,0.0,0.0,0.0
120902010206,2004,0.0,0.0,0.0
120902010206,2005,0.0,0.0,0.0
120902010206,2006,0.0,0.0,0.0
120902010206,2007,0.0,0.0,0.0
120902010206,2008,0.0,0.0,0.0
120902010206,2009,0.0,0.0,0.0
120902010206,2010,0.0,0.0,0.0
120902010206,2011,0.0,0.0,0.0
120902010206,2012,0.0,0.0,0.0
120902010206,2013,0.0,0.0,0.0
120902010206,2014,0.0,0.0,0.0
120902010206,2015,0.0,0.0,0.0
120902010206,2016,0.0,0.0,0.0
120902010206,2017,0.0,0.0,0.0
120902010206,2018,0.0,0.0,0.0
120902010206,2019,0.0,0.0,0.0
120902010206,2020,0.0,0.0,0.0
120902010301,2000,0.0,0.0,0.0
120902010301,2001,0.0,0.0,0.0
120902010301,2002,0.0,0.0,0.0
120902010301,2003,0.0,0.0,0.0
120902010301,2004,0.0,0.0,0.0
120902010301,2005,0.0,0.0,0.0
120902010301,2006,0.0,0.0,0.0
120902010301,2007,0.0,0.0,0.0
120902010301,2008,0.0,0.0,0.0
120902010301,2009,0.0,0.0,0.0
120902010301,2010,0.0,0.0,0.0
120902010301,2011,0.0,0.0,0.0
120902010301,2012,0.0,0.0,0.0
120902010301,2013,0.0,0.0,0.0
120902010301,2014,0.0,0.0,0.0
120902010301,2015,0.0,0.0,0.0
120902010301,2016,0.0,0.0,0.0
120902010301,2017,0.0,0.0,0.0
120902010301,2018,0.0,0.0,0.0
120902010301,2019,0.0,0.0,0.0
120902010301,2020,0.0,0.0,0.0
120902010302,2000,0.0,0.0,0.0
120902010302,2001,0.0,0.0,0.0
120902010302,2002,0.0,0.0,0.0
120902010302,2003,0.0,0.0,0.0
120902010302,2004,0.0,0.0,0.0
120902010302,2005,0.0,0.0,0.0
120902010302,2006,0.0,0.0,0.0
120902010302,2007,0.0,0.0,0.0
120902010302,2008,0.0,0.0,0.0
120902010302,2009,0.0,0.0,0.0
120902010302,2010,0.098126674,0.104058,0.005931159
120902010302,2011,0.0,0.0,0.0
120902010302,2012,0.0,0.0,0.0
120902010302,2013,0.0,0.0,0.0
120902010302,2014,0.0,0.0,0.0
120902010302,2015,0.0,0.0,0.0
120902010302,2016,0.0,0.0,0.0
120902010302,2017,0.0,0.0,0.0
120902010302,2018,0.0,0.0,0.0
120902010302,2019,0.0,0.0,0.0
120902010302,2020,0.0,0.0,0.0
120902010303,2000,0.0,0.0,0.0
120902010303,2001,0.0,0.0,0.0
120902010303,2002,0.0,0.0,0.0
120902010303,2003,0.0,0.0,0.0
120902010303,2004,0.0,0.0,0.0
120902010303,2005,0.0,0.0,0.0
120902010303,2006,0.0,0.0,0.0
120902010303,2007,0.0,0.0,0.0
120902010303,2008,0.0,0.0,0.0
120902010303,2009,0.0,0.0,0.0
120902010303,2010,0.0,0.0,0.0
120902010303,2011,0.0,0.0,0.0
120902010303,2012,0.0,0.0,0.0
120902010303,2013,0.0,0.0,0.0
120902010303,2014,0.0,0.0,0.0
120902010303,2015,0.0,0.0,0.0
120902010303,2016,0.0,0.0,0.0
120902010303,2017,0.0,0.0,0.0
120902010303,2018,0.0,0.0,0.0
120902010303,2019,0.0,0.0,0.0
120902010303,2020,0.0,0.0,0.0
120902010304,2000,0.0,0.0,0.0
120902010304,2001,0.0,0.0,0.0
120902010304,2002,0.0,0.0,0.0
120902010304,2003,0.0,0.0,0.0
120902010304,2004,0.0,0.0,0.0
120902010304,2005,0.0,0.0,0.0
120902010304,2006,0.0,0.0,0.0
120902010304,2007,0.0,0.0,0.0
120902010304,2008,0.0,0.0,0.0
120902010304,2009,0.0,0.0,0.0
120902010304,2010,0.0,0.0,0.0
120902010304,2011,0.0,0.0,0.0
120902010304,2012,0.0,0.0,0.0
120902010304,2013,0.0,0.0,0.0
120902010304,2014,0.0,0.0,0.0
120902010304,2015,0.0,0.0,0.0
120902010304,2016,0.0,0.0,0.0
120902010304,2017,0.0,0.0,0.0
120902010304,2018,0.0,0.0,0.0
120902010304,2019,0.0,0.0,0.0
120902010304,2020,0.0,0.0,0.0
120902010305,2000,0.0,0.0,0.0
120902010305,2001,0.0,0.0,0.0
120902010305,2002,0.0,0.0,0.0
120902010305,2003,0.0,0.0,0.0
120902010305,2004,0.0,0.0,0.0
120902010305,2005,0.0,0.0,0.0
120902010305,2006,0.0,0.0,0.0
120902010305,2007,0.0,0.0,0.0
120902010305,2008,0.0,0.0,0.0
120902010305,2009,0.0,0.0,0.0
120902010305,2010,0.0,0.0,0.0
120902010305,2011,0.0,0.0,0.0
120902010305,2012,0.0,0.0,0.0
120902010305,2013,0.0,0.0,0.0
120902010305,2014,0.0,0.0,0.0
120902010305,2015,0.0,0.0,0.0
120902010305,2016,0.0,0.0,0.0
120902010305,2017,0.0,0.0,0.0
120902010305,2018,0.0,0.0,0.0
120902010305,2019,0.0,0.0,0.0
120902010305,2020,0.0,0.0,0.0
120902010306,2000,0.0,0.0,0.0
120902010306,2001,0.0,0.0,0.0
120902010306,2002,0.0,0.0,0.0
120902010306,2003,0.0,0.0,0.0
120902010306,2004,0.0,0.0,0.0
120902010306,2005,0.0,0.0,0.0
120902010306,2006,0.0,0.0,0.0
120902010306,2007,0.0,0.0,0.0
120902010306,2008,0.0,0.0,0.0
120902010306,2009,0.0,0.0,0.0
120902010306,2010,0.0,0.0,0.0
120902010306,2011,0.0,0.0,0.0
120902010306,2012,0.0,0.0,0.0
120902010306,2013,0.0,0.0,0.0
120902010306,2014,0.0,0.0,0.0
120902010306,2015,0.0,0.0,0.0
120902010306,2016,0.0,0.0,0.0
120902010306,2017,0.0,0.0,0.0
120902010306,2018,0.0,0.0,0.0
120902010306,2019,0.0,0.0,0.0
120902010306,2020,0.0,0.0,0.0
120902010307,2000,0.0,0.0,0.0
120902010307,2001,0.0,0.0,0.0
120902010307,2002,0.0,0.0,0.0
120902010307,2003,0.0,0.0,0.0
120902010307,2004,0.0,0.0,0.0
120902010307,2005,0.0,0.0,0.0
120902010307,2006,0.0,0.0,0.0
120902010307,2007,0.0,0.0,0.0
120902010307,2008,0.0,0.0,0.0
120902010307,2009,0.0,0.0,0.0
120902010307,2010,0.0,0.0,0.0
120902010307,2011,0.0,0.0,0.0
120902010307,2012,0.0,0.0,0.0
120902010307,2013,0.0,0.0,0.0
120902010307,2014,0.0,0.0,0.0
120902010307,2015,0.0,0.0,0.0
120902010307,2016,0.0,0.0,0.0
120902010307,2017,0.0,0.0,0.0
120902010307,2018,0.0,0.0,0.0
120902010307,2019,0.0,0.0,0.0
120902010307,2020,0.0,0.0,0.0
120902010308,2000,0.0,0.0,0.0
120902010308,2001,0.0,0.0,0.0
120902010308,2002,0.0,0.0,0.0
120902010308,2003,0.0,0.0,0.0
120902010308,2004,0.0,0.0,0.0
120902010308,2005,0.0,0.0,0.0
120902010308,2006,0.0,0.0,0.0
120902010308,2007,0.0,0.0,0.0
120902010308,2008,0.0,0.0,0.0
120902010308,2009,0.0,0.0,0.0
120902010308,2010,0.0,0.0,0.0
120902010308,2011,0.0,0.0,0.0
120902010308,2012,0.0,0.0,0.0
120902010308,2013,0.0,0.0,0.0
120902010308,2014,0.0,0.0,0.0
120902010308,2015,0.0,0.0,0.0
120902010308,2016,0.0,0.0,0.0
120902010308,2017,0.0,0.0,0.0
120902010308,2018,0.0,0.0,0.0
120902010308,2019,0.0,0.0,0.0
120902010308,2020,0.0,0.0,0.0
120902010309,2000,0.0,0.0,0.0
120902010309,2001,0.0,0.0,0.0
120902010309,2002,0.0,0.0,0.0
120902010309,2003,0.0,0.0,0.0
120902010309,2004,0.0,0.0,0.0
120902010309,2005,0.0,0.0,0.0
120902010309,2006,0.0,0.0,0.0
120902010309,2007,0.0,0.0,0.0
120902010309,2008,0.0,0.0,0.0
120902010309,2009,0.0,0.0,0.0
120902010309,2010,0.0,0.0,0.0
120902010309,2011,0.0,0.0,0.0
120902010309,2012,0.0,0.0,0.0
120902010309,2013,0.0,0.0,0.0
120902010309,2014,0.0,0.0,0.0
120902010309,2015,0.0,0.0,0.0
120902010309,2016,0.0,0.0,0.0
120902010309,2017,0.0,0.0,0.0
120902010309,2018,0.0,0.0,0.0
120902010309,2019,0.0,0.0,0.0
120902010309,2020,0.0,0.0,0.0
120902010310,2000,0.0,0.0,0.0
120902010310,2001,0.0,0.0,0.0
120902010310,2002,0.0,0.0,0.0
120902010310,2003,0.0,0.0,0.0
120902010310,2004,0.0,0.0,0.0
120902010310,2005,0.0,0.0,0.0
120902010310,2006,0.0,0.0,0.0
120902010310,2007,0.0,0.0,0.0
120902010310,2008,0.0,0.0,0.0
120902010310,2009,0.0,0.0,0.0
120902010310,2010,0.0,0.0,0.0
120902010310,2011,0.0,0.0,0.0
120902010310,2012,0.0,0.0,0.0
120902010310,2013,0.0,0.0,0.0
120902010310,2014,0.0,0.0,0.0
120902010310,2015,0.0,0.0,0.0
120902010310,2016,0.0,0.0,0.0
120902010310,2017,0.0,0.0,0.0
120902010310,2018,0.0,0.0,0.0
120902010310,2019,0.0,0.0,0.0
120902010310,2020,0.0,0.0,0.0
120902010401,2000,0.0,0.0,0.0
120902010401,2001,0.0,0.0,0.0
120902010401,2002,0.0,0.0,0.0
120902010401,2003,0.0,0.0,0.0
120902010401,2004,0.0,0.0,0.0
120902010401,2005,0.0,0.0,0.0
120902010401,2006,0.0,0.0,0.0
120902010401,2007,0.0,0.0,0.0
120902010401,2008,0.0,0.0,0.0
120902010401,2009,0.0,0.0,0.0
120902010401,2010,0.0,0.0,0.0
120902010401,2011,0.0,0.0,0.0
120902010401,2012,0.0,0.0,0.0
120902010401,2013,0.0,0.0,0.0
120902010401,2014,0.0,0.0,0.0
120902010401,2015,0.0,0.0,0.0
120902010401,2016,0.0,0.0,0.0
120902010401,2017,0.0,0.0,0.0
120902010401,2018,0.0,0.0,0.0
120902010401,2019,0.0,0.0,0.0
120902010401,2020,0.0,0.0,0.0
120902010402,2000,0.0,0.0,0.0
120902010402,2001,0.04807537,0.066586419,0.018510967
120902010402,2002,0.0,0.0,0.0
120902010402,2003,0.017036542,0.023596244,0.006559868
120902010402,2004,0.0,0.0,0.0
120902010402,2005,0.0,0.0,0.0
120902010402,2006,0.0,0.0,0.0
120902010402,2007,0.0,0.0,0.0
120902010402,2008,0.0,0.0,0.0
120902010402,2009,0.0,0.0,0.0
120902010402,2010,0.0,0.0,0.0
120902010402,2011,0.0,0.0,0.0
120902010402,2012,0.0,0.0,0.0
120902010402,2013,0.0,0.0,0.0
120902010402,2014,0.0,0.0,0.0
120902010402,2015,0.025816427,0.041774299,0.015957789
120902010402,2016,0.053466929,0.081380415,0.027913571
120902010402,2017,0.0,0.0,0.0
120902010402,2018,0.037945112,0.060422219,0.022477107
120902010402,2019,0.0,0.0,0.0
120902010402,2020,0.04672788,0.077364057,0.030636172
120902010403,2000,0.0,0.0,0.0
120902010403,2001,0.0,0.0,0.0
120902010403,2002,0.0,0.0,0.0
120902010403,2003,0.0,0.0,0.0
120902010403,2004,0.0,0.0,0.0
120902010403,2005,0.0,0.0,0.0
120902010403,2006,0.0,0.0,0.0
120902010403,2007,0.0,0.0,0.0
120902010403,2008,0.0,0.0,0.0
120902010403,2009,0.0,0.0,0.0
120902010403,2010,0.0,0.0,0.0
120902010403,2011,0.0,0.0,0.0
120902010403,2012,0.0,0.0,0.0
120902010403,2013,0.0,0.0,0.0
120902010403,2014,0.0,0.0,0.0
120902010403,2015,0.0,0.0,0.0
120902010403,2016,0.0,0.0,0.0
120902010403,2017,0.0,0.0,0.0
120902010403,2018,0.0,0.0,0.0
120902010403,2019,0.0,0.0,0.0
120902010403,2020,0.0,0.0,0.0
120902010404,2000,0.0,0.0,0.0
120902010404,2001,0.0,0.0,0.0
120902010404,2002,0.0,0.0,0.0
120902010404,2003,0.0,0.0,0.0
120902010404,2004,0.0,0.0,0.0
120902010404,2005,0.0,0.0,0.0
120902010404,2006,0.0,0.0,0.0
120902010404,2007,0.0,0.0,0.0
120902010404,2008,0.0,0.0,0.0
120902010404,2009,0.0,0.0,0.0
120902010404,2010,0.0,0.0,0.0
120902010404,2011,0.0,0.0,0.0
120902010404,2012,0.0,0.0,0.0
120902010404,2013,0.0,0.0,0.0
120902010404,2014,0.0,0.0,0.0
120902010404,2015,0.0,0.0,0.0
120902010404,2016,0.0,0.0,0.0
120902010404,2017,0.0,0.0,0.0
120902010404,2018,0.0,0.0,0.0
120902010404,2019,0.0,0.0,0.0
120902010404,2020,0.0,0.0,0.0
120902010405,2000,0.0,0.0,0.0
120902010405,2001,0.0,0.0,0.0
120902010405,2002,0.0,0.0,0.0
120902010405,2003,0.0,0.0,0.0
120902010405,2004,0.0,0.0,0.0
120902010405,2005,0.0,0.0,0.0
120902010405,2006,0.0,0.0,0.0
120902010405,2007,0.0,0.0,0.0
120902010405,2008,0.0,0.0,0.0
120902010405,2009,0.0,0.0,0.0
120902010405,2010,0.0,0.0,0.0
120902010405,2011,0.0,0.0,0.0
120902010405,2012,0.0,0.0,0.0
120902010405,2013,0.0,0.0,0.0
120902010405,2014,0.0,0.0,0.0
120902010405,2015,0.0,0.0,0.0
120902010405,2016,0.0,0.0,0.0
120902010405,2017,0.0,0.0,0.0
120902010405,2018,0.0,0.0,0.0
120902010405,2019,0.0,0.0,0.0
120902010405,2020,0.0,0.0,0.0
120902010406,2000,0.0,0.0,0.0
120902010406,2001,0.0,0.0,0.0
120902010406,2002,0.0,0.0,0.0
120902010406,2003,0.0,0.0,0.0
120902010406,2004,0.0,0.0,0.0
120902010406,2005,0.0,0.0,0.0
120902010406,2006,0.0,0.0,0.0
120902010406,2007,0.0,0.0,0.0
120902010406,2008,0.0,0.0,0.0
120902010406,2009,0.0,0.0,0.0
120902010406,2010,0.0,0.0,0.0
120902010406,2011,0.0,0.0,0.0
120902010406,2012,0.0,0.0,0.0
120902010406,2013,0.0,0.0,0.0
120902010406,2014,0.0,0.0,0.0
120902010406,2015,0.0,0.0,0.0
120902010406,2016,0.0,0.0,0.0
120902010406,2017,0.0,0.0,0.0
120902010406,2018,0.0,0.0,0.0
120902010406,2019,0.0,0.0,0.0
120902010406,2020,0.0,0.0,0.0
120902020101,2000,0.0,0.0,0.0
120902020101,2001,0.0,0.0,0.0
120902020101,2002,0.0,0.0,0.0
120902020101,2003,0.0,0.0,0.0
120902020101,2004,0.0,0.0,0.0
120902020101,2005,0.0,0.0,0.0
120902020101,2006,0.0,0.0,0.0
120902020101,2007,0.0,0.0,0.0
120902020101,2008,0.0,0.0,0.0
120902020101,2009,0.0,0.0,0.0
120902020101,2010,0.0,0.0,0.0
120902020101,2011,0.0,0.0,0.0
120902020101,2012,0.0,0.0,0.0
120902020101,2013,0.0,0.0,0.0
120902020101,2014,0.0,0.0,0.0
120902020101,2015,0.0,0.0,0.0
120902020101,2016,0.0,0.0,0.0
120902020101,2017,0.0,0.0,0.0
120902020101,2018,0.0,0.0,0.0
120902020101,2019,0.0,0.0,0.0
120902020101,2020,0.0,0.0,0.0
120902020102,2000,0.0,0.0,0.0
120902020102,2001,0.0,0.0,0.0
120902020102,2002,0.0,0.0,0.0
120902020102,2003,0.0,0.0,0.0
120902020102,2004,0.0,0.0,0.0
120902020102,2005,0.0,0.0,0.0
120902020102,2006,0.0,0.0,0.0
120902020102,2007,0.0,0.0,0.0
120902020102,2008,0.0,0.0,0.0
120902020102,2009,0.0,0.0,0.0
120902020102,2010,0.0,0.0,0.0
120902020102,2011,0.0,0.0,0.0
120902020102,2012,0.0,0.0,0.0
120902020102,2013,0.0,0.0,0.0
120902020102,2014,0.0,0.0,0.0
120902020102,2015,0.0,0.0,0.0
120902020102,2016,0.0,0.0,0.0
120902020102,2017,0.0,0.0,0.0
120902020102,2018,0.0,0.0,0.0
120902020102,2019,0.0,0.0,0.0
120902020102,2020,0.0,0.0,0.0
120902020103,2000,0.0,0.0,0.0
120902020103,2001,0.0,0.0,0.0
120902020103,2002,0.0,0.0,0.0
120902020103,2003,0.0,0.0,0.0
120902020103,2004,0.0,0.0,0.0
120902020103,2005,0.0,0.0,0.0
120902020103,2006,0.0,0.0,0.0
120902020103,2007,0.0,0.0,0.0
120902020103,2008,0.0,0.0,0.0
120902020103,2009,0.0,0.0,0.0
120902020103,2010,0.0,0.0,0.0
120902020103,2011,0.0,0.0,0.0
120902020103,2012,0.0,0.0,0.0
120902020103,2013,0.0,0.0,0.0
120902020103,2014,0.0,0.0,0.0
120902020103,2015,0.0,0.0,0.0
120902020103,2016,0.0,0.0,0.0
120902020103,2017,0.0,0.0,0.0
120902020103,2018,0.0,0.0,0.0
120902020103,2019,0.0,0.0,0.0
120902020103,2020,0.0,0.0,0.0
120902020104,2000,0.0,0.0,0.0
120902020104,2001,0.0,0.0,0.0
120902020104,2002,0.0,0.0,0.0
120902020104,2003,0.0,0.0,0.0
120902020104,2004,0.0,0.0,0.0
120902020104,2005,0.0,0.0,0.0
120902020104,2006,0.0,0.0,0.0
120902020104,2007,0.0,0.0,0.0
120902020104,2008,0.0,0.0,0.0
120902020104,2009,0.0,0.0,0.0
120902020104,2010,0.0,0.0,0.0
120902020104,2011,0.0,0.0,0.0
120902020104,2012,0.0,0.0,0.0
120902020104,2013,0.0,0.0,0.0
120902020104,2014,0.0,0.0,0.0
120902020104,2015,0.0,0.0,0.0
120902020104,2016,0.0,0.0,0.0
120902020104,2017,0.0,0.0,0.0
120902020104,2018,0.0,0.0,0.0
120902020104,2019,0.0,0.0,0.0
120902020104,2020,0.0,0.0,0.0
120902020105,2000,0.0,0.0,0.0
120902020105,2001,0.0,0.0,0.0
120902020105,2002,0.0,0.0,0.0
120902020105,2003,0.0,0.0,0.0
120902020105,2004,0.0,0.0,0.0
120902020105,2005,0.0,0.0,0.0
120902020105,2006,0.0,0.0,0.0
120902020105,2007,0.0,0.0,0.0
120902020105,2008,0.0,0.0,0.0
120902020105,2009,0.0,0.0,0.0
120902020105,2010,0.0,0.0,0.0
120902020105,2011,0.0,0.0,0.0
120902020105,2012,0.0,0.0,0.0
120902020105,2013,0.0,0.0,0.0
120902020105,2014,0.0,0.0,0.0
120902020105,2015,0.0,0.0,0.0
120902020105,2016,0.0,0.0,0.0
120902020105,2017,0.0,0.0,0.0
120902020105,2018,0.0,0.0,0.0
120902020105,2019,0.0,0.0,0.0
120902020105,2020,0.0,0.0,0.0
120902020106,2000,0.0,0.0,0.0
120902020106,2001,0.0,0.0,0.0
120902020106,2002,0.0,0.0,0.0
120902020106,2003,0.0,0.0,0.0
120902020106,2004,0.0,0.0,0.0
120902020106,2005,0.0,0.0,0.0
120902020106,2006,0.0,0.0,0.0
120902020106,2007,0.0,0.0,0.0
120902020106,2008,0.0,0.0,0.0
120902020106,2009,0.0,0.0,0.0
120902020106,2010,0.0,0.0,0.0
120902020106,2011,0.0,0.0,0.0
120902020106,2012,0.0,0.0,0.0
120902020106,2013,0.0,0.0,0.0
120902020106,2014,0.0,0.0,0.0
120902020106,2015,0.0,0.0,0.0
120902020106,2016,0.0,0.0,0.0
120902020106,2017,0.0,0.0,0.0
120902020106,2018,0.0,0.0,0.0
120902020106,2019,0.0,0.0,0.0
120902020106,2020,0.0,0.0,0.0
120902020107,2000,0.0,0.0,0.0
120902020107,2001,0.0,0.0,0.0
120902020107,2002,0.0,0.0,0.0
120902020107,2003,0.0,0.0,0.0
120902020107,2004,0.0,0.0,0.0
120902020107,2005,0.0,0.0,0.0
120902020107,2006,0.0,0.0,0.0
120902020107,2007,0.0,0.0,0.0
120902020107,2008,0.0,0.0,0.0
120902020107,2009,0.0,0.0,0.0
120902020107,2010,0.0,0.0,0.0
120902020107,2011,0.0,0.0,0.0
120902020107,2012,0.0,0.0,0.0
120902020107,2013,0.0,0.0,0.0
120902020107,2014,0.0,0.0,0.0
120902020107,2015,0.0,0.0,0.0
120902020107,2016,0.0,0.0,0.0
120902020107,2017,0.0,0.0,0.0
120902020107,2018,0.0,0.0,0.0
120902020107,2019,0.0,0.0,0.0
120902020107,2020,0.0,0.0,0.0
120902020108,2000,0.0,0.0,0.0
120902020108,2001,0.0,0.0,0.0
120902020108,2002,0.0,0.0,0.0
120902020108,2003,0.0,0.0,0.0
120902020108,2004,0.0,0.0,0.0
120902020108,2005,0.0,0.0,0.0
120902020108,2006,0.0,0.0,0.0
120902020108,2007,0.0,0.0,0.0
120902020108,2008,0.0,0.0,0.0
120902020108,2009,0.0,0.0,0.0
120902020108,2010,0.0,0.0,0.0
120902020108,2011,0.0,0.0,0.0
120902020108,2012,0.0,0.0,0.0
120902020108,2013,0.0,0.0,0.0
120902020108,2014,0.0,0.0,0.0
120902020108,2015,0.0,0.0,0.0
120902020108,2016,0.0,0.0,0.0
120902020108,2017,0.0,0.0,0.0
120902020108,2018,0.0,0.0,0.0
120902020108,2019,0.0,0.0,0.0
120902020108,2020,0.0,0.0,0.0
120902020109,2000,0.0,0.0,0.0
120902020109,2001,0.0,0.0,0.0
120902020109,2002,0.0,0.0,0.0
120902020109,2003,0.0,0.0,0.0
120902020109,2004,0.0,0.0,0.0
120902020109,2005,0.0,0.0,0.0
120902020109,2006,0.0,0.0,0.0
120902020109,2007,0.0,0.0,0.0
120902020109,2008,0.0,0.0,0.0
120902020109,2009,0.0,0.0,0.0
120902020109,2010,0.0,0.0,0.0
120902020109,2011,0.0,0.0,0.0
120902020109,2012,0.0,0.0,0.0
120902020109,2013,0.0,0.0,0.0
120902020109,2014,0.0,0.0,0.0
120902020109,2015,0.0,0.0,0.0
120902020109,2016,0.0,0.0,0.0
120902020109,2017,0.0,0.0,0.0
120902020109,2018,0.0,0.0,0.0
120902020109,2019,0.0,0.0,0.0
120902020109,2020,0.0,0.0,0.0
120902020201,2000,0.0,0.0,0.0
120902020201,2001,0.0,0.0,0.0
120902020201,2002,0.0,0.0,0.0
120902020201,2003,0.0,0.0,0.0
120902020201,2004,0.0,0.0,0.0
120902020201,2005,0.0,0.0,0.0
120902020201,2006,0.0,0.0,0.0
120902020201,2007,0.0,0.0,0.0
120902020201,2008,0.0,0.0,0.0
120902020201,2009,0.0,0.0,0.0
120902020201,2010,0.0,0.0,0.0
120902020201,2011,0.0,0.0,0.0
120902020201,2012,0.0,0.0,0.0
120902020201,2013,0.0,0.0,0.0
120902020201,2014,0.0,0.0,0.0
120902020201,2015,0.0,0.0,0.0
120902020201,2016,0.0,0.0,0.0
120902020201,2017,0.0,0.0,0.0
120902020201,2018,0.0,0.0,0.0
120902020201,2019,0.0,0.0,0.0
120902020201,2020,0.0,0.0,0.0
120902020202,2000,0.0,0.0,0.0
120902020202,2001,0.0,0.0,0.0
120902020202,2002,0.0,0.0,0.0
120902020202,2003,0.0,0.0,0.0
120902020202,2004,0.0,0.0,0.0
120902020202,2005,0.0,0.0,0.0
120902020202,2006,0.0,0.0,0.0
120902020202,2007,0.0,0.0,0.0
120902020202,2008,0.0,0.0,0.0
120902020202,2009,0.0,0.0,0.0
120902020202,2010,0.0,0.0,0.0
120902020202,2011,0.0,0.0,0.0
120902020202,2012,0.0,0.0,0.0
120902020202,2013,0.0,0.0,0.0
120902020202,2014,0.0,0.0,0.0
120902020202,2015,0.0,0.0,0.0
120902020202,2016,0.0,0.0,0.0
120902020202,2017,0.0,0.0,0.0
120902020202,2018,0.0,0.0,0.0
120902020202,2019,0.0,0.0,0.0
120902020202,2020,0.0,0.0,0.0
120902020203,2000,0.0,0.0,0.0
120902020203,2001,0.0,0.0,0.0
120902020203,2002,0.0,0.0,0.0
120902020203,2003,0.0,0.0,0.0
120902020203,2004,0.0,0.0,0.0
120902020203,2005,0.0,0.0,0.0
120902020203,2006,0.0,0.0,0.0
120902020203,2007,0.0,0.0,0.0
120902020203,2008,0.0,0.0,0.0
120902020203,2009,0.0,0.0,0.0
120902020203,2010,0.0,0.0,0.0
120902020203,2011,0.0,0.0,0.0
120902020203,2012,0.0,0.0,0.0
120902020203,2013,0.0,0.0,0.0
120902020203,2014,0.0,0.0,0.0
120902020203,2015,0.0,0.0,0.0
120902020203,2016,0.0,0.0,0.0
120902020203,2017,0.0,0.0,0.0
120902020203,2018,0.0,0.0,0.0
120902020203,2019,0.0,0.0,0.0
120902020203,2020,0.0,0.0,0.0
120902020204,2000,0.0,0.0,0.0
120902020204,2001,0.0,0.0,0.0
120902020204,2002,0.0,0.0,0.0
120902020204,2003,0.0,0.0,0.0
120902020204,2004,0.0,0.0,0.0
120902020204,2005,0.0,0.0,0.0
120902020204,2006,0.0,0.0,0.0
120902020204,2007,0.0,0.0,0.0
120902020204,2008,0.0,0.0,0.0
120902020204,2009,0.0,0.0,0.0
120902020204,2010,0.0,0.0,0.0
120902020204,2011,0.0,0.0,0.0
120902020204,2012,0.0,0.0,0.0
120902020204,2013,0.0,0.0,0.0
120902020204,2014,0.0,0.0,0.0
120902020204,2015,0.0,0.0,0.0
120902020204,2016,0.0,0.0,0.0
120902020204,2017,0.0,0.0,0.0
120902020204,2018,0.0,0.0,0.0
120902020204,2019,0.0,0.0,0.0
120902020204,2020,0.0,0.0,0.0
120902020205,2000,0.0,0.0,0.0
120902020205,2001,0.0,0.0,0.0
120902020205,2002,0.0,0.0,0.0
120902020205,2003,0.0,0.0,0.0
120902020205,2004,0.0,0.0,0.0
120902020205,2005,0.0,0.0,0.0
120902020205,2006,0.0,0.0,0.0
120902020205,2007,0.0,0.0,0.0
120902020205,2008,0.0,0.0,0.0
120902020205,2009,0.0,0.0,0.0
120902020205,2010,0.0,0.0,0.0
120902020205,2011,0.0,0.0,0.0
120902020205,2012,0.0,0.0,0.0
120902020205,2013,0.0,0.0,0.0
120902020205,2014,0.0,0.0,0.0
120902020205,2015,0.0,0.0,0.0
120902020205,2016,0.0,0.0,0.0
120902020205,2017,0.0,0.0,0.0
120902020205,2018,0.0,0.0,0.0
120902020205,2019,0.0,0.0,0.0
120902020205,2020,0.0,0.0,0.0
120902020206,2000,0.000837913,0.015234915,0.014396842
120902020206,2001,0.0,0.0,0.0
120902020206,2002,0.000508427,0.009244342,0.00873583
120902020206,2003,0.0,0.0,0.0
120902020206,2004,0.001272265,0.023132822,0.021860473
120902020206,2005,0.001863742,0.033885896,0.032022236
120902020206,2006,0.001922252,0.034948901,0.033026649
120902020206,2007,0.0,0.0,0.0
120902020206,2008,0.001534855,0.027907617,0.026372678
120902020206,2009,0.001545279,0.028095299,0.026550019
120902020206,2010,0.001790397,0.032553225,0.030762745
120902020206,2011,0.000428373,0.007787912,0.007359622
120902020206,2012,0.0,0.0,0.0
120902020206,2013,0.001483241,0.026967419,0.025484178
120902020206,2014,0.0,0.0,0.0
120902020206,2015,0.001629619,0.029632452,0.028002584
120902020206,2016,0.001450011,0.026364847,0.024914839
120902020206,2017,0.001745732,0.031738378,0.029992899
120902020206,2018,0.0,0.0,0.0
120902020206,2019,0.0,0.0,0.0
120902020206,2020,0.0,0.0,0.0
120902020207,2000,0.0,0.0,0.0
120902020207,2001,0.0,0.0,0.0
120902020207,2002,0.0,0.0,0.0
120902020207,2003,0.000244515,0.004446192,0.004201595
120902020207,2004,0.0,0.0,0.0
120902020207,2005,0.001916288,0.034839679,0.032923562
120902020207,2006,0.000752885,0.013689825,0.012937025
120902020207,2007,0.0,0.0,0.0
120902020207,2008,0.0,0.0,0.0
120902020207,2009,0.0,0.0,0.0
120902020207,2010,0.0,0.0,0.0
120902020207,2011,0.0,0.0,0.0
120902020207,2012,0.002689066,0.048892697,0.046203628
120902020207,2013,0.002382822,0.043323633,0.040940808
120902020207,2014,0.001783622,0.032428082,0.030644625
120902020207,2015,0.002133564,0.038793756,0.036660025
120902020207,2016,0.0,0.0,0.0
120902020207,2017,0.001760455,0.032009986,0.030249532
120902020207,2018,0.0,0.0,0.0
120902020207,2019,0.0,0.0,0.0
120902020207,2020,0.0,0.0,0.0
120902020208,2000,0.0,0.0,0.0
120902020208,2001,0.0,0.0,0.0
120902020208,2002,0.0,0.0,0.0
120902020208,2003,0.0,0.0,0.0
120902020208,2004,0.0,0.0,0.0
120902020208,2005,0.0,0.0,0.0
120902020208,2006,0.0,0.0,0.0
120902020208,2007,0.0,0.0,0.0
120902020208,2008,0.0,0.0,0.0
120902020208,2009,0.0,0.0,0.0
120902020208,2010,0.0,0.0,0.0
120902020208,2011,0.0,0.0,0.0
120902020208,2012,0.0,0.0,0.0
120902020208,2013,0.0,0.0,0.0
120902020208,2014,0.0,0.0,0.0
120902020208,2015,0.0,0.0,0.0
120902020208,2016,0.0,0.0,0.0
120902020208,2017,0.0,0.0,0.0
120902020208,2018,0.0,0.0,0.0
120902020208,2019,0.0,0.0,0.0
120902020208,2020,0.0,0.0,0.0
120902020301,2000,0.025008066,0.454693052,0.429684981
120902020301,2001,0.011989849,0.217997649,0.206007882
120902020301,2002,0.013093545,0.238064299,0.224970753
120902020301,2003,0.013051016,0.23729271,0.224241693
120902020301,2004,0.017092842,0.31077944,0.293686596
120902020301,2005,0.02074334,0.377150619,0.356407526
120902020301,2006,0.022620559,0.41128254,0.388661896
120902020301,2007,0.022444203,0.408077622,0.385633419
120902020301,2008,0.014191104,0.258021137,0.243829951
120902020301,2009,0.014423953,0.262252137,0.247828351
120902020301,2010,0.025579381,0.465078688,0.439499392
120902020301,2011,0.012184745,0.221541337,0.209356674
120902020301,2012,0.017332156,0.315130596,0.29779844
120902020301,2013,0.01746846,0.317608068,0.300139693
120902020301,2014,0.012500896,0.227287652,0.214786838
120902020301,2015,0.015040093,0.273454715,0.258414789
120902020301,2016,0.0,0.0,0.0
120902020301,2017,0.009015077,0.163911145,0.154896068
120902020301,2018,0.0,0.0,0.0
120902020301,2019,0.0,0.0,0.0
120902020301,2020,0.016007093,0.291037691,0.275030514
120902020302,2000,0.0,0.0,0.0
120902020302,2001,0.0,0.0,0.0
120902020302,2002,0.0,0.0,0.0
120902020302,2003,0.0,0.0,0.0
120902020302,2004,0.0,0.0,0.0
120902020302,2005,0.0,0.0,0.0
120902020302,2006,0.0,0.0,0.0
120902020302,2007,0.0,0.0,0.0
120902020302,2008,0.0,0.0,0.0
120902020302,2009,0.0,0.0,0.0
120902020302,2010,0.0,0.0,0.0
120902020302,2011,0.0,0.0,0.0
120902020302,2012,0.0,0.0,0.0
120902020302,2013,0.0,0.0,0.0
120902020302,2014,0.0,0.0,0.0
120902020302,2015,0.0,0.0,0.0
120902020302,2016,0.0,0.0,0.0
120902020302,2017,0.0,0.0,0.0
120902020302,2018,0.0,0.0,0.0
120902020302,2019,0.0,0.0,0.0
120902020302,2020,0.0,0.0,0.0
120902020303,2000,0.0,0.0,0.0
120902020303,2001,0.0,0.0,0.0
120902020303,2002,0.0,0.0,0.0
120902020303,2003,0.0,0.0,0.0
120902020303,2004,0.0,0.0,0.0
120902020303,2005,0.0,0.0,0.0
120902020303,2006,0.0,0.0,0.0
120902020303,2007,0.0,0.0,0.0
120902020303,2008,0.0,0.0,0.0
120902020303,2009,0.0,0.0,0.0
120902020303,2010,0.0,0.0,0.0
120902020303,2011,0.0,0.0,0.0
120902020303,2012,0.0,0.0,0.0
120902020303,2013,0.0,0.0,0.0
120902020303,2014,0.0,0.0,0.0
120902020303,2015,0.0,0.0,0.0
120902020303,2016,0.0,0.0,0.0
120902020303,2017,0.0,0.0,0.0
120902020303,2018,0.0,0.0,0.0
120902020303,2019,0.0,0.0,0.0
120902020303,2020,0.0,0.0,0.0
120902020304,2000,0.0,0.0,0.0
120902020304,2001,0.0,0.0,0.0
120902020304,2002,0.0,0.0,0.0
120902020304,2003,0.0,0.0,0.0
120902020304,2004,0.0,0.0,0.0
120902020304,2005,0.0,0.0,0.0
120902020304,2006,0.0,0.0,0.0
120902020304,2007,0.0,0.0,0.0
120902020304,2008,0.0,0.0,0.0
120902020304,2009,0.0,0.0,0.0
120902020304,2010,0.0,0.0,0.0
120902020304,2011,0.0,0.0,0.0
120902020304,2012,0.0,0.0,0.0
120902020304,2013,0.0,0.0,0.0
120902020304,2014,0.0,0.0,0.0
120902020304,2015,0.0,0.0,0.0
120902020304,2016,0.0,0.0,0.0
120902020304,2017,0.0,0.0,0.0
120902020304,2018,0.0,0.0,0.0
120902020304,2019,0.0,0.0,0.0
120902020304,2020,0.0,0.0,0.0
120902020305,2000,0.0,0.0,0.0
120902020305,2001,0.0,0.0,0.0
120902020305,2002,0.0,0.0,0.0
120902020305,2003,0.0,0.0,0.0
120902020305,2004,0.0,0.0,0.0
120902020305,2005,0.0,0.0,0.0
120902020305,2006,0.0,0.0,0.0
120902020305,2007,0.0,0.0,0.0
120902020305,2008,0.0,0.0,0.0
120902020305,2009,0.0,0.0,0.0
120902020305,2010,0.0,0.0,0.0
120902020305,2011,0.0,0.0,0.0
120902020305,2012,0.0,0.0,0.0
120902020305,2013,0.0,0.0,0.0
120902020305,2014,0.0,0.0,0.0
120902020305,2015,0.0,0.0,0.0
120902020305,2016,0.0,0.0,0.0
120902020305,2017,0.0,0.0,0.0
120902020305,2018,0.0,0.0,0.0
120902020305,2019,0.0,0.0,0.0
120902020305,2020,0.0,0.0,0.0
120902020306,2000,0.014449071,0.262711161,0.248262005
120902020306,2001,0.015424704,0.280449622,0.265024833
120902020306,2002,0.013234205,0.240621329,0.227387373
120902020306,2003,0.014698493,0.267245784,0.252547288
120902020306,2004,0.009717377,0.176681508,0.166964128
120902020306,2005,0.027332975,0.496962214,0.469629238
120902020306,2006,0.018168378,0.330337222,0.312168595
120902020306,2007,0.012516899,0.227580605,0.215063789
120902020306,2008,0.017201831,0.312761601,0.295559604
120902020306,2009,0.018075723,0.328648301,0.31057266
120902020306,2010,0.029913288,0.543878915,0.513965545
120902020306,2011,0.009619312,0.174894937,0.165275625
120902020306,2012,0.022017216,0.400312451,0.378295317
120902020306,2013,0.013477595,0.245047879,0.231570282
120902020306,2014,0.016049205,0.291804677,0.275755384
120902020306,2015,0.014853915,0.27007023,0.255216485
120902020306,2016,0.016309005,0.296529383,0.280220295
120902020306,2017,0.014422332,0.262225129,0.247802712
120902020306,2018,0.011456466,0.208302485,0.196845849
120902020306,2019,0.018300984,0.332747025,0.314445956
120902020306,2020,0.022171697,0.403121809,0.380949943
120902030101,2000,0.0,0.0,0.0
120902030101,2001,0.0,0.0,0.0
120902030101,2002,0.0,0.0,0.0
120902030101,2003,0.0,0.0,0.0
120902030101,2004,0.0,0.0,0.0
120902030101,2005,0.0,0.0,0.0
120902030101,2006,0.0,0.0,0.0
120902030101,2007,0.0,0.0,0.0
120902030101,2008,0.0,0.0,0.0
120902030101,2009,0.0,0.0,0.0
120902030101,2010,0.0,0.0,0.0
120902030101,2011,0.0,0.0,0.0
120902030101,2012,0.0,0.0,0.0
120902030101,2013,0.0,0.0,0.0
120902030101,2014,0.0,0.0,0.0
120902030101,2015,0.0,0.0,0.0
120902030101,2016,0.0,0.0,0.0
120902030101,2017,0.0,0.0,0.0
120902030101,2018,0.0,0.0,0.0
120902030101,2019,0.0,0.0,0.0
120902030101,2020,0.0,0.0,0.0
120902030102,2000,0.0,0.0,0.0
120902030102,2001,0.008010805,0.022007562,0.013996833
120902030102,2002,0.0,0.0,0.0
120902030102,2003,0.000367737,0.001010301,0.000642564
120902030102,2004,0.0,0.0,0.0
120902030102,2005,0.001211326,0.00332791,0.002116584
120902030102,2006,0.0,0.0,0.0
120902030102,2007,0.0,0.0,0.0
120902030102,2008,0.0,0.0,0.0
120902030102,2009,0.0,0.0,0.0
120902030102,2010,0.006885422,0.018916337,0.012030748
120902030102,2011,0.0,0.0,0.0
120902030102,2012,0.002314923,0.006359557,0.004044719
120902030102,2013,0.0,0.0,0.0
120902030102,2014,0.0,0.0,0.0
120902030102,2015,0.0,0.0,0.0
120902030102,2016,0.000952019,0.002615888,0.00166371
120902030102,2017,0.0,0.0,0.0
120902030102,2018,0.0,0.0,0.0
120902030102,2019,0.0,0.0,0.0
120902030102,2020,0.0,0.0,0.0
120902030103,2000,0.0,0.0,0.0
120902030103,2001,0.0,0.0,0.0
120902030103,2002,0.0,0.0,0.0
120902030103,2003,0.0,0.0,0.0
120902030103,2004,0.0,0.0,0.0
120902030103,2005,0.0,0.0,0.0
120902030103,2006,0.0,0.0,0.0
120902030103,2007,0.0,0.0,0.0
120902030103,2008,0.0,0.0,0.0
120902030103,2009,0.0,0.0,0.0
120902030103,2010,0.0,0.0,0.0
120902030103,2011,0.0,0.0,0.0
120902030103,2012,0.0,0.0,0.0
120902030103,2013,0.0,0.0,0.0
120902030103,2014,0.0,0.0,0.0
120902030103,2015,0.0,0.0,0.0
120902030103,2016,0.0,0.0,0.0
120902030103,2017,0.0,0.0,0.0
120902030103,2018,0.0,0.0,0.0
120902030103,2019,0.0,0.0,0.0
120902030103,2020,0.0,0.0,0.0
120902030104,2000,0.0,0.0,0.0
120902030104,2001,0.000581959,0.001598737,0.001016778
120902030104,2002,0.0,0.0,0.0
120902030104,2003,6.4079e-05,0.000176173,0.000111929
120902030104,2004,0.0,0.0,0.0
120902030104,2005,0.000451216,0.00123951,0.00078829
120902030104,2006,0.0,0.0,0.0
120902030104,2007,0.0,0.0,0.0
120902030104,2008,0.0,0.0,0.0
120902030104,2009,0.0,0.0,0.0
120902030104,2010,0.0,0.0,0.0
120902030104,2011,0.0,0.0,0.0
120902030104,2012,0.000118754,0.000326514,0.000207508
120902030104,2013,0.0,0.0,0.0
120902030104,2014,0.0,0.0,0.0
120902030104,2015,0.0,0.0,0.0
120902030104,2016,0.000384852,0.001057087,0.000672404
120902030104,2017,0.0,0.0,0.0
120902030104,2018,0.0,0.0,0.0
120902030104,2019,0.0,0.0,0.0
120902030104,2020,0.0,0.0,0.0
120902030105,2000,0.0,0.0,0.0
120902030105,2001,0.0,0.0,0.0
120902030105,2002,0.0,0.0,0.0
120902030105,2003,0.0,0.0,0.0
120902030105,2004,0.0,0.0,0.0
120902030105,2005,0.0,0.0,0.0
120902030105,2006,0.0,0.0,0.0
120902030105,2007,0.0,0.0,0.0
120902030105,2008,0.0,0.0,0.0
120902030105,2009,0.0,0.0,0.0
120902030105,2010,0.0,0.0,0.0
120902030105,2011,0.0,0.0,0.0
120902030105,2012,0.0,0.0,0.0
120902030105,2013,0.0,0.0,0.0
120902030105,2014,0.0,0.0,0.0
120902030105,2015,0.0,0.0,0.0
120902030105,2016,0.0,0.0,0.0
120902030105,2017,0.0,0.0,0.0
120902030105,2018,0.0,0.0,0.0
120902030105,2019,0.0,0.0,0.0
120902030105,2020,0.0,0.0,0.0
120902030106,2000,0.0,0.0,0.0
120902030106,2001,0.0,0.0,0.0
120902030106,2002,0.0,0.0,0.0
120902030106,2003,0.0,0.0,0.0
120902030106,2004,0.0,0.0,0.0
120902030106,2005,0.0,0.0,0.0
120902030106,2006,0.0,0.0,0.0
120902030106,2007,0.0,0.0,0.0
120902030106,2008,0.0,0.0,0.0
120902030106,2009,0.0,0.0,0.0
120902030106,2010,0.0,0.0,0.0
120902030106,2011,0.0,0.0,0.0
120902030106,2012,0.0,0.0,0.0
120902030106,2013,0.0,0.0,0.0
120902030106,2014,0.0,0.0,0.0
120902030106,2015,0.0,0.0,0.0
120902030106,2016,0.0,0.0,0.0
120902030106,2017,0.0,0.0,0.0
120902030106,2018,0.0,0.0,0.0
120902030106,2019,0.0,0.0,0.0
120902030106,2020,0.0,0.0,0.0
120902030107,2000,0.0,0.0,0.0
120902030107,2001,0.0,0.0,0.0
120902030107,2002,0.0,0.0,0.0
120902030107,2003,0.0,0.0,0.0
120902030107,2004,0.0,0.0,0.0
120902030107,2005,0.0,0.0,0.0
120902030107,2006,0.0,0.0,0.0
120902030107,2007,0.0,0.0,0.0
120902030107,2008,0.0,0.0,0.0
120902030107,2009,0.0,0.0,0.0
120902030107,2010,0.0,0.0,0.0
120902030107,2011,0.0,0.0,0.0
120902030107,2012,0.0,0.0,0.0
120902030107,2013,0.0,0.0,0.0
120902030107,2014,0.0,0.0,0.0
120902030107,2015,0.0,0.0,0.0
120902030107,2016,0.0,0.0,0.0
120902030107,2017,0.0,0.0,0.0
120902030107,2018,0.0,0.0,0.0
120902030107,2019,0.0,0.0,0.0
120902030107,2020,0.0,0.0,0.0
120902030108,2000,0.0,0.0,0.0
120902030108,2001,0.0,0.0,0.0
120902030108,2002,0.0,0.0,0.0
120902030108,2003,0.0,0.0,0.0
120902030108,2004,0.0,0.0,0.0
120902030108,2005,0.0,0.0,0.0
120902030108,2006,0.0,0.0,0.0
120902030108,2007,0.0,0.0,0.0
120902030108,2008,0.0,0.0,0.0
120902030108,2009,0.0,0.0,0.0
120902030108,2010,0.0,0.0,0.0
120902030108,2011,0.0,0.0,0.0
120902030108,2012,0.0,0.0,0.0
120902030108,2013,0.0,0.0,0.0
120902030108,2014,0.0,0.0,0.0
120902030108,2015,0.0,0.0,0.0
120902030108,2016,0.0,0.0,0.0
120902030108,2017,0.0,0.0,0.0
120902030108,2018,0.0,0.0,0.0
120902030108,2019,0.0,0.0,0.0
120902030108,2020,0.0,0.0,0.0
120902030201,2000,0.0,0.0,0.0
120902030201,2001,0.0,0.0,0.0
120902030201,2002,0.0,0.0,0.0
120902030201,2003,0.0,0.0,0.0
120902030201,2004,0.0,0.0,0.0
120902030201,2005,0.0,0.0,0.0
120902030201,2006,0.0,0.0,0.0
120902030201,2007,0.0,0.0,0.0
120902030201,2008,0.0,0.0,0.0
120902030201,2009,0.0,0.0,0.0
120902030201,2010,0.0,0.0,0.0
120902030201,2011,0.0,0.0,0.0
120902030201,2012,0.0,0.0,0.0
120902030201,2013,0.0,0.0,0.0
120902030201,2014,0.0,0.0,0.0
120902030201,2015,0.0,0.0,0.0
120902030201,2016,0.0,0.0,0.0
120902030201,2017,0.0,0.0,0.0
120902030201,2018,0.0,0.0,0.0
120902030201,2019,0.0,0.0,0.0
120902030201,2020,0.0,0.0,0.0
120902030202,2000,0.0,0.0,0.0
120902030202,2001,0.0,0.0,0.0
120902030202,2002,0.0,0.0,0.0
120902030202,2003,0.0,0.0,0.0
120902030202,2004,0.0,0.0,0.0
120902030202,2005,0.0,0.0,0.0
120902030202,2006,0.0,0.0,0.0
120902030202,2007,0.0,0.0,0.0
120902030202,2008,0.0,0.0,0.0
120902030202,2009,0.0,0.0,0.0
120902030202,2010,0.0,0.0,0.0
120902030202,2011,0.0,0.0,0.0
120902030202,2012,0.0,0.0,0.0
120902030202,2013,0.0,0.0,0.0
120902030202,2014,0.0,0.0,0.0
120902030202,2015,0.0,0.0,0.0
120902030202,2016,0.0,0.0,0.0
120902030202,2017,0.0,0.0,0.0
120902030202,2018,0.0,0.0,0.0
120902030202,2019,0.0,0.0,0.0
120902030202,2020,0.0,0.0,0.0
120902030203,2000,0.0,0.0,0.0
120902030203,2001,0.023735315,0.065207093,0.041471608
120902030203,2002,0.0,0.0,0.0
120902030203,2003,0.0,0.0,0.0
120902030203,2004,0.0,0.0,0.0
120902030203,2005,0.0,0.0,0.0
120902030203,2006,0.0,0.0,0.0
120902030203,2007,0.0,0.0,0.0
120902030203,2008,0.0,0.0,0.0
120902030203,2009,0.0,0.0,0.0
120902030203,2010,0.0,0.0,0.0
120902030203,2011,0.0,0.0,0.0
120902030203,2012,0.0,0.0,0.0
120902030203,2013,0.0,0.0,0.0
120902030203,2014,0.0,0.0,0.0
120902030203,2015,0.0,0.0,0.0
120902030203,2016,0.0,0.0,0.0
120902030203,2017,0.0,0.0,0.0
120902030203,2018,0.0,0.0,0.0
120902030203,2019,0.0,0.0,0.0
120902030203,2020,0.0,0.0,0.0
120902030204,2000,0.0,0.0,0.0
120902030204,2001,0.0,0.0,0.0
120902030204,2002,0.0,0.0,0.0
120902030204,2003,0.0,0.0,0.0
120902030204,2004,0.0,0.0,0.0
120902030204,2005,0.0,0.0,0.0
120902030204,2006,0.0,0.0,0.0
120902030204,2007,0.0,0.0,0.0
120902030204,2008,0.0,0.0,0.0
120902030204,2009,0.0,0.0,0.0
120902030204,2010,0.0,0.0,0.0
120902030204,2011,0.0,0.0,0.0
120902030204,2012,0.0,0.0,0.0
120902030204,2013,0.0,0.0,0.0
120902030204,2014,0.0,0.0,0.0
120902030204,2015,0.0,0.0,0.0
120902030204,2016,0.0,0.0,0.0
120902030204,2017,0.0,0.0,0.0
120902030204,2018,0.0,0.0,0.0
120902030204,2019,0.0,0.0,0.0
120902030204,2020,0.0,0.0,0.0
120902030205,2000,0.0,0.0,0.0
120902030205,2001,0.0,0.0,0.0
120902030205,2002,0.0,0.0,0.0
120902030205,2003,0.0,0.0,0.0
120902030205,2004,0.0,0.0,0.0
120902030205,2005,0.0,0.0,0.0
120902030205,2006,0.0,0.0,0.0
120902030205,2007,0.0,0.0,0.0
120902030205,2008,0.0,0.0,0.0
120902030205,2009,0.0,0.0,0.0
120902030205,2010,0.0,0.0,0.0
120902030205,2011,0.0,0.0,0.0
120902030205,2012,0.0,0.0,0.0
120902030205,2013,0.0,0.0,0.0
120902030205,2014,0.0,0.0,0.0
120902030205,2015,0.0,0.0,0.0
120902030205,2016,0.0,0.0,0.0
120902030205,2017,0.0,0.0,0.0
120902030205,2018,0.0,0.0,0.0
120902030205,2019,0.0,0.0,0.0
120902030205,2020,0.0,0.0,0.0
120902030206,2000,0.0,0.0,0.0
120902030206,2001,0.0,0.0,0.0
120902030206,2002,0.0,0.0,0.0
120902030206,2003,0.0,0.0,0.0
120902030206,2004,0.0,0.0,0.0
120902030206,2005,0.0,0.0,0.0
120902030206,2006,0.0,0.0,0.0
120902030206,2007,0.0,0.0,0.0
120902030206,2008,0.0,0.0,0.0
120902030206,2009,0.0,0.0,0.0
120902030206,2010,0.0,0.0,0.0
120902030206,2011,0.0,0.0,0.0
120902030206,2012,0.0,0.0,0.0
120902030206,2013,0.0,0.0,0.0
120902030206,2014,0.0,0.0,0.0
120902030206,2015,0.0,0.0,0.0
120902030206,2016,0.0,0.0,0.0
120902030206,2017,0.0,0.0,0.0
120902030206,2018,0.0,0.0,0.0
120902030206,2019,0.0,0.0,0.0
120902030206,2020,0.0,0.0,0.0
120902030301,2000,0.0,0.0,0.0
120902030301,2001,0.0,0.0,0.0
120902030301,2002,0.0,0.0,0.0
120902030301,2003,0.0,0.0,0.0
120902030301,2004,0.0,0.0,0.0
120902030301,2005,0.0,0.0,0.0
120902030301,2006,0.0,0.0,0.0
120902030301,2007,0.0,0.0,0.0
120902030301,2008,0.0,0.0,0.0
120902030301,2009,0.0,0.0,0.0
120902030301,2010,0.0,0.0,0.0
120902030301,2011,0.0,0.0,0.0
120902030301,2012,0.0,0.0,0.0
120902030301,2013,0.0,0.0,0.0
120902030301,2014,0.0,0.0,0.0
120902030301,2015,0.0,0.0,0.0
120902030301,2016,0.0,0.0,0.0
120902030301,2017,0.0,0.0,0.0
120902030301,2018,0.0,0.0,0.0
120902030301,2019,0.0,0.0,0.0
120902030301,2020,0.0,0.0,0.0
120902030302,2000,0.0,0.0,0.0
120902030302,2001,0.0,0.0,0.0
120902030302,2002,0.0,0.0,0.0
120902030302,2003,0.0,0.0,0.0
120902030302,2004,0.0,0.0,0.0
120902030302,2005,0.0,0.0,0.0
120902030302,2006,0.0,0.0,0.0
120902030302,2007,0.0,0.0,0.0
120902030302,2008,0.0,0.0,0.0
120902030302,2009,0.0,0.0,0.0
120902030302,2010,0.0,0.0,0.0
120902030302,2011,0.0,0.0,0.0
120902030302,2012,0.0,0.0,0.0
120902030302,2013,0.0,0.0,0.0
120902030302,2014,0.0,0.0,0.0
120902030302,2015,0.0,0.0,0.0
120902030302,2016,0.0,0.0,0.0
120902030302,2017,0.0,0.0,0.0
120902030302,2018,0.0,0.0,0.0
120902030302,2019,0.0,0.0,0.0
120902030302,2020,0.0,0.0,0.0
120902030303,2000,0.0,0.0,0.0
120902030303,2001,0.0,0.0,0.0
120902030303,2002,0.0,0.0,0.0
120902030303,2003,0.0,0.0,0.0
120902030303,2004,0.0,0.0,0.0
120902030303,2005,0.0,0.0,0.0
120902030303,2006,0.0,0.0,0.0
120902030303,2007,0.0,0.0,0.0
120902030303,2008,0.0,0.0,0.0
120902030303,2009,0.0,0.0,0.0
120902030303,2010,0.0,0.0,0.0
120902030303,2011,0.0,0.0,0.0
120902030303,2012,0.0,0.0,0.0
120902030303,2013,0.0,0.0,0.0
120902030303,2014,0.0,0.0,0.0
120902030303,2015,0.0,0.0,0.0
120902030303,2016,0.0,0.0,0.0
120902030303,2017,0.0,0.0,0.0
120902030303,2018,0.0,0.0,0.0
120902030303,2019,0.0,0.0,0.0
120902030303,2020,0.0,0.0,0.0
120902030304,2000,0.0,0.0,0.0
120902030304,2001,0.0,0.0,0.0
120902030304,2002,0.0,0.0,0.0
120902030304,2003,0.0,0.0,0.0
120902030304,2004,0.0,0.0,0.0
120902030304,2005,0.0,0.0,0.0
120902030304,2006,0.0,0.0,0.0
120902030304,2007,0.0,0.0,0.0
120902030304,2008,0.0,0.0,0.0
120902030304,2009,0.0,0.0,0.0
120902030304,2010,0.0,0.0,0.0
120902030304,2011,0.0,0.0,0.0
120902030304,2012,0.0,0.0,0.0
120902030304,2013,0.0,0.0,0.0
120902030304,2014,0.0,0.0,0.0
120902030304,2015,0.0,0.0,0.0
120902030304,2016,0.0,0.0,0.0
120902030304,2017,0.0,0.0,0.0
120902030304,2018,0.0,0.0,0.0
120902030304,2019,0.0,0.0,0.0
120902030304,2020,0.0,0.0,0.0
120902030305,2000,0.0,0.0,0.0
120902030305,2001,0.0,0.0,0.0
120902030305,2002,0.0,0.0,0.0
120902030305,2003,0.0,0.0,0.0
120902030305,2004,0.0,0.0,0.0
120902030305,2005,0.0,0.0,0.0
120902030305,2006,0.0,0.0,0.0
120902030305,2007,0.0,0.0,0.0
120902030305,2008,0.0,0.0,0.0
120902030305,2009,0.0,0.0,0.0
120902030305,2010,0.0,0.0,0.0
120902030305,2011,0.0,0.0,0.0
120902030305,2012,0.0,0.0,0.0
120902030305,2013,0.0,0.0,0.0
120902030305,2014,0.0,0.0,0.0
120902030305,2015,0.0,0.0,0.0
120902030305,2016,0.0,0.0,0.0
120902030305,2017,0.0,0.0,0.0
120902030305,2018,0.0,0.0,0.0
120902030305,2019,0.0,0.0,0.0
120902030305,2020,0.0,0.0,0.0
120902030401,2000,0.001953661,0.035520593,0.033566762
120902030401,2001,0.0,0.0,0.0
120902030401,2002,0.001195082,0.021725945,0.020530863
120902030401,2003,0.0,0.0,0.0
120902030401,2004,0.000833549,0.015153481,0.014319934
120902030401,2005,0.0,0.0,0.0
120902030401,2006,0.002243425,0.040790216,0.038546712
120902030401,2007,0.001776704,0.032303855,0.030527151
120902030401,2008,0.001271134,0.023112563,0.021841262
120902030401,2009,0.0,0.0,0.0
120902030401,2010,0.001527126,0.027766488,0.026239362
120902030401,2011,0.002304307,0.041895238,0.039591016
120902030401,2012,0.003225678,0.058648508,0.055422913
120902030401,2013,0.001234452,0.022445477,0.021211027
120902030401,2014,0.001285589,0.023375995,0.022090321
120902030401,2015,0.0,0.0,0.0
120902030401,2016,0.000853571,0.01552103,0.014667541
120902030401,2017,0.001872501,0.034049279,0.032176614
120902030401,2018,0.0,0.0,0.0
120902030401,2019,0.0,0.0,0.0
120902030401,2020,0.0,0.0,0.0
120902030402,2000,0.0,0.0,0.0
120902030402,2001,0.0,0.0,0.0
120902030402,2002,0.0,0.0,0.0
120902030402,2003,0.0,0.0,0.0
120902030402,2004,0.0,0.0,0.0
120902030402,2005,0.0,0.0,0.0
120902030402,2006,0.0,0.0,0.0
120902030402,2007,0.001245608,0.022645997,0.021400556
120902030402,2008,0.0,0.0,0.0
120902030402,2009,0.0,0.0,0.0
120902030402,2010,0.0,0.0,0.0
120902030402,2011,0.0,0.0,0.0
120902030402,2012,0.001761724,0.032030145,0.030268421
120902030402,2013,0.0,0.0,0.0
120902030402,2014,0.0,0.0,0.0
120902030402,2015,0.0,0.0,0.0
120902030402,2016,0.0,0.0,0.0
120902030402,2017,0.0,0.0,0.0
120902030402,2018,0.0,0.0,0.0
120902030402,2019,0.0,0.0,0.0
120902030402,2020,0.0,0.0,0.0
120902030403,2000,0.0,0.0,0.0
120902030403,2001,0.0,0.0,0.0
120902030403,2002,0.0,0.0,0.0
120902030403,2003,0.0,0.0,0.0
120902030403,2004,0.0,0.0,0.0
120902030403,2005,0.0,0.0,0.0
120902030403,2006,0.0,0.0,0.0
120902030403,2007,0.0,0.0,0.0
120902030403,2008,0.0,0.0,0.0
120902030403,2009,0.0,0.0,0.0
120902030403,2010,0.0,0.0,0.0
120902030403,2011,0.0,0.0,0.0
120902030403,2012,0.0,0.0,0.0
120902030403,2013,0.0,0.0,0.0
120902030403,2014,0.0,0.0,0.0
120902030403,2015,0.0,0.0,0.0
120902030403,2016,0.0,0.0,0.0
120902030403,2017,0.0,0.0,0.0
120902030403,2018,0.0,0.0,0.0
120902030403,2019,0.0,0.0,0.0
120902030403,2020,0.0,0.0,0.0
120902030404,2000,0.0,0.0,0.0
120902030404,2001,0.0,0.0,0.0
120902030404,2002,0.0,0.0,0.0
120902030404,2003,0.0,0.0,0.0
120902030404,2004,0.0,0.0,0.0
120902030404,2005,0.0,0.0,0.0
120902030404,2006,0.0,0.0,0.0
120902030404,2007,0.0,0.0,0.0
120902030404,2008,0.0,0.0,0.0
120902030404,2009,0.0,0.0,0.0
120902030404,2010,0.0,0.0,0.0
120902030404,2011,0.0,0.0,0.0
120902030404,2012,0.0,0.0,0.0
120902030404,2013,0.0,0.0,0.0
120902030404,2014,0.0,0.0,0.0
120902030404,2015,0.0,0.0,0.0
120902030404,2016,0.0,0.0,0.0
120902030404,2017,0.0,0.0,0.0
120902030404,2018,0.0,0.0,0.0
120902030404,2019,0.0,0.0,0.0
120902030404,2020,0.0,0.0,0.0
120902030405,2000,0.0,0.0,0.0
120902030405,2001,0.0,0.0,0.0
120902030405,2002,0.0,0.0,0.0
120902030405,2003,0.0,0.0,0.0
120902030405,2004,0.0,0.0,0.0
120902030405,2005,0.0,0.0,0.0
120902030405,2006,0.0,0.0,0.0
120902030405,2007,0.015197485,0.276316923,0.261119523
120902030405,2008,0.0,0.0,0.0
120902030405,2009,0.0,0.0,0.0
120902030405,2010,0.0,0.0,0.0
120902030405,2011,0.0,0.0,0.0
120902030405,2012,0.018859117,0.342894434,0.32403515
120902030405,2013,0.0,0.0,0.0
120902030405,2014,0.0,0.0,0.0
120902030405,2015,0.015618414,0.283973726,0.268355145
120902030405,2016,0.0,0.0,0.0
120902030405,2017,0.0,0.0,0.0
120902030405,2018,0.0,0.0,0.0
120902030405,2019,0.0,0.0,0.0
120902030405,2020,0.0,0.0,0.0
120902040101,2000,0.0,0.0,0.0
120902040101,2001,0.0,0.0,0.0
120902040101,2002,0.0,0.0,0.0
120902040101,2003,0.0,0.0,0.0
120902040101,2004,0.0,0.0,0.0
120902040101,2005,0.0,0.0,0.0
120902040101,2006,0.0,0.0,0.0
120902040101,2007,0.0,0.0,0.0
120902040101,2008,0.0,0.0,0.0
120902040101,2009,0.0,0.0,0.0
120902040101,2010,0.0,0.0,0.0
120902040101,2011,0.0,0.0,0.0
120902040101,2012,0.0,0.0,0.0
120902040101,2013,0.0,0.0,0.0
120902040101,2014,0.0,0.0,0.0
120902040101,2015,0.0,0.0,0.0
120902040101,2016,0.0,0.0,0.0
120902040101,2017,0.0,0.0,0.0
120902040101,2018,0.0,0.0,0.0
120902040101,2019,0.0,0.0,0.0
120902040101,2020,0.0,0.0,0.0
120902040102,2000,0.0,0.0,0.0
120902040102,2001,0.0,0.0,0.0
120902040102,2002,0.0,0.0,0.0
120902040102,2003,0.0,0.0,0.0
120902040102,2004,0.0,0.0,0.0
120902040102,2005,0.0,0.0,0.0
120902040102,2006,0.0,0.0,0.0
120902040102,2007,0.0,0.0,0.0
120902040102,2008,0.0,0.0,0.0
120902040102,2009,0.0,0.0,0.0
120902040102,2010,0.0,0.0,0.0
120902040102,2011,0.0,0.0,0.0
120902040102,2012,0.0,0.0,0.0
120902040102,2013,0.0,0.0,0.0
120902040102,2014,0.0,0.0,0.0
120902040102,2015,0.0,0.0,0.0
120902040102,2016,0.0,0.0,0.0
120902040102,2017,0.0,0.0,0.0
120902040102,2018,0.0,0.0,0.0
120902040102,2019,0.0,0.0,0.0
120902040102,2020,0.0,0.0,0.0
120902040103,2000,0.0,0.0,0.0
120902040103,2001,0.0,0.0,0.0
120902040103,2002,0.0,0.0,0.0
120902040103,2003,0.0,0.0,0.0
120902040103,2004,0.0,0.0,0.0
120902040103,2005,0.0,0.0,0.0
120902040103,2006,0.0,0.0,0.0
120902040103,2007,0.0,0.0,0.0
120902040103,2008,0.0,0.0,0.0
120902040103,2009,0.0,0.0,0.0
120902040103,2010,0.0,0.0,0.0
120902040103,2011,0.0,0.0,0.0
120902040103,2012,0.0,0.0,0.0
120902040103,2013,0.0,0.0,0.0
120902040103,2014,0.0,0.0,0.0
120902040103,2015,0.0,0.0,0.0
120902040103,2016,0.0,0.0,0.0
120902040103,2017,0.0,0.0,0.0
120902040103,2018,0.0,0.0,0.0
120902040103,2019,0.0,0.0,0.0
120902040103,2020,0.0,0.0,0.0
120902040104,2000,0.0,0.0,0.0
120902040104,2001,0.0,0.0,0.0
120902040104,2002,0.0,0.0,0.0
120902040104,2003,0.0,0.0,0.0
120902040104,2004,0.0,0.0,0.0
120902040104,2005,0.0,0.0,0.0
120902040104,2006,0.0,0.0,0.0
120902040104,2007,0.0,0.0,0.0
120902040104,2008,0.0,0.0,0.0
120902040104,2009,0.0,0.0,0.0
120902040104,2010,0.0,0.0,0.0
120902040104,2011,0.0,0.0,0.0
120902040104,2012,0.0,0.0,0.0
120902040104,2013,0.0,0.0,0.0
120902040104,2014,0.0,0.0,0.0
120902040104,2015,0.0,0.0,0.0
120902040104,2016,0.0,0.0,0.0
120902040104,2017,0.0,0.0,0.0
120902040104,2018,0.0,0.0,0.0
120902040104,2019,0.0,0.0,0.0
120902040104,2020,0.0,0.0,0.0
120902040105,2000,0.0,0.0,0.0
120902040105,2001,0.0,0.0,0.0
120902040105,2002,0.0,0.0,0.0
120902040105,2003,0.0,0.0,0.0
120902040105,2004,0.0,0.0,0.0
120902040105,2005,0.0,0.0,0.0
120902040105,2006,0.0,0.0,0.0
120902040105,2007,0.0,0.0,0.0
120902040105,2008,0.0,0.0,0.0
120902040105,2009,0.0,0.0,0.0
120902040105,2010,0.0,0.0,0.0
120902040105,2011,0.0,0.0,0.0
120902040105,2012,0.0,0.0,0.0
120902040105,2013,0.0,0.0,0.0
120902040105,2014,0.0,0.0,0.0
120902040105,2015,0.0,0.0,0.0
120902040105,2016,0.0,0.0,0.0
120902040105,2017,0.0,0.0,0.0
120902040105,2018,0.0,0.0,0.0
120902040105,2019,0.0,0.0,0.0
120902040105,2020,0.0,0.0,0.0
120902040106,2000,0.0,0.0,0.0
120902040106,2001,0.0,0.0,0.0
120902040106,2002,0.0,0.0,0.0
120902040106,2003,0.0,0.0,0.0
120902040106,2004,0.0,0.0,0.0
120902040106,2005,0.0,0.0,0.0
120902040106,2006,0.0,0.0,0.0
120902040106,2007,0.0,0.0,0.0
120902040106,2008,0.0,0.0,0.0
120902040106,2009,0.0,0.0,0.0
120902040106,2010,0.0,0.0,0.0
120902040106,2011,0.0,0.0,0.0
120902040106,2012,0.0,0.0,0.0
120902040106,2013,0.0,0.0,0.0
120902040106,2014,0.0,0.0,0.0
120902040106,2015,0.0,0.0,0.0
120902040106,2016,0.0,0.0,0.0
120902040106,2017,0.0,0.0,0.0
120902040106,2018,0.0,0.0,0.0
120902040106,2019,0.0,0.0,0.0
120902040106,2020,0.0,0.0,0.0
120902040107,2000,0.0,0.0,0.0
120902040107,2001,0.0,0.0,0.0
120902040107,2002,0.0,0.0,0.0
120902040107,2003,0.0,0.0,0.0
120902040107,2004,0.0,0.0,0.0
120902040107,2005,0.0,0.0,0.0
120902040107,2006,0.0,0.0,0.0
120902040107,2007,0.0,0.0,0.0
120902040107,2008,0.0,0.0,0.0
120902040107,2009,0.0,0.0,0.0
120902040107,2010,0.0,0.0,0.0
120902040107,2011,0.0,0.0,0.0
120902040107,2012,0.0,0.0,0.0
120902040107,2013,0.0,0.0,0.0
120902040107,2014,0.0,0.0,0.0
120902040107,2015,0.0,0.0,0.0
120902040107,2016,0.0,0.0,0.0
120902040107,2017,0.0,0.0,0.0
120902040107,2018,0.0,0.0,0.0
120902040107,2019,0.0,0.0,0.0
120902040107,2020,0.0,0.0,0.0
120902040108,2000,0.0,0.0,0.0
120902040108,2001,0.0,0.0,0.0
120902040108,2002,0.0,0.0,0.0
120902040108,2003,0.0,0.0,0.0
120902040108,2004,0.0,0.0,0.0
120902040108,2005,0.0,0.0,0.0
120902040108,2006,0.0,0.0,0.0
120902040108,2007,0.0,0.0,0.0
120902040108,2008,0.0,0.0,0.0
120902040108,2009,0.0,0.0,0.0
120902040108,2010,0.0,0.0,0.0
120902040108,2011,0.0,0.0,0.0
120902040108,2012,0.0,0.0,0.0
120902040108,2013,0.0,0.0,0.0
120902040108,2014,0.0,0.0,0.0
120902040108,2015,0.0,0.0,0.0
120902040108,2016,0.0,0.0,0.0
120902040108,2017,0.0,0.0,0.0
120902040108,2018,0.0,0.0,0.0
120902040108,2019,0.0,0.0,0.0
120902040108,2020,0.0,0.0,0.0
120902040201,2000,0.016398574,0.298154533,0.281756038
120902040201,2001,0.024150063,0.43909211,0.414942132
120902040201,2002,0.012383348,0.225151142,0.212767795
120902040201,2003,0.017011444,0.309300104,0.292288575
120902040201,2004,0.01635247,0.297315423,0.28096312
120902040201,2005,0.022538877,0.409799337,0.387260381
120902040201,2006,0.020425496,0.371373992,0.350948578
120902040201,2007,0.014682562,0.26695503,0.252272468
120902040201,2008,0.019055574,0.346464866,0.32740938
120902040201,2009,0.013028367,0.236877836,0.223849553
120902040201,2010,0.021576523,0.392299932,0.370723405
120902040201,2011,0.022886192,0.416114197,0.393228005
120902040201,2012,0.043128803,0.784161117,0.741032311
120902040201,2013,0.017719537,0.32217126,0.304451973
120902040201,2014,0.016395507,0.2980988,0.281703375
120902040201,2015,0.019202825,0.349142918,0.329939926
120902040201,2016,0.018762301,0.341133041,0.32237074
120902040201,2017,0.017300252,0.314550721,0.297250638
120902040201,2018,0.001514066,0.027528942,0.026014877
120902040201,2019,0.018320123,0.333092016,0.314771981
120902040201,2020,0.007829363,0.142351863,0.134522669
120902040202,2000,0.0,0.0,0.0
120902040202,2001,0.001441356,0.026206214,0.024764858
120902040202,2002,0.001751099,0.031838641,0.030087458
120902040202,2003,0.0,0.0,0.0
120902040202,2004,0.0,0.0,0.0
120902040202,2005,0.0,0.0,0.0
120902040202,2006,0.0,0.0,0.0
120902040202,2007,0.0,0.0,0.0
120902040202,2008,0.0,0.0,0.0
120902040202,2009,0.0,0.0,0.0
120902040202,2010,0.0,0.0,0.0
120902040202,2011,0.0,0.0,0.0
120902040202,2012,0.007390842,0.134377112,0.126986352
120902040202,2013,0.0,0.0,0.0
120902040202,2014,0.0,0.0,0.0
120902040202,2015,0.006894548,0.125354899,0.11846043
120902040202,2016,0.0,0.0,0.0
120902040202,2017,0.0,0.0,0.0
120902040202,2018,0.0,0.0,0.0
120902040202,2019,0.0,0.0,0.0
120902040202,2020,0.0,0.0,0.0
120902040203,2000,0.0,0.0,0.0
120902040203,2001,4.9762e-05,0.000902926,0.000853082
120902040203,2002,0.001844833,0.033543638,0.031698636
120902040203,2003,0.0,0.0,0.0
120902040203,2004,0.000677396,0.012317776,0.01164038
120902040203,2005,0.00137271,0.024957674,0.023584964
120902040203,2006,0.0,0.0,0.0
120902040203,2007,0.000375241,0.006821847,0.006446688
120902040203,2008,0.0,0.0,0.0
120902040203,2009,0.0,0.0,0.0
120902040203,2010,0.001479244,0.026895337,0.025416008
120902040203,2011,0.0,0.0,0.0
120902040203,2012,0.018141653,0.329850402,0.311708664
120902040203,2013,0.0,0.0,0.0
120902040203,2014,0.01921537,0.349370989,0.330155534
120902040203,2015,0.0,0.0,0.0
120902040203,2016,0.002391077,0.043474066,0.041082989
120902040203,2017,0.0,0.0,0.0
120902040203,2018,0.0,0.0,0.0
120902040203,2019,2.0997e-05,0.000380962,0.000359967
120902040203,2020,0.0,0.0,0.0
120902040204,2000,0.0,0.0,0.0
120902040204,2001,0.0,0.0,0.0
120902040204,2002,0.00352554,0.064099778,0.060574403
120902040204,2003,0.003055567,0.055553874,0.052498477
120902040204,2004,0.003735265,0.06791409,0.06417874
120902040204,2005,0.007603252,0.138239104,0.130635932
120902040204,2006,0.009835,0.17881731,0.168982395
120902040204,2007,0.001863427,0.033879923,0.032016496
120902040204,2008,0.009918388,0.180336869,0.170418399
120902040204,2009,0.0,0.0,0.0
120902040204,2010,0.0,0.0,0.0
120902040204,2011,0.006730252,0.122368156,0.115637822
120902040204,2012,0.029799945,0.541818208,0.512018178
120902040204,2013,0.0,0.0,0.0
120902040204,2014,0.021571603,0.392211605,0.370640003
120902040204,2015,0.0,0.0,0.0
120902040204,2016,0.004748544,0.08633524,0.081586781
120902040204,2017,0.01125606,0.204656959,0.193400808
120902040204,2018,0.0,0.0,0.0
120902040204,2019,0.0,0.0,0.0
120902040204,2020,0.0,0.0,0.0
120902040205,2000,0.0,0.0,0.0
120902040205,2001,0.0,0.0,0.0
120902040205,2002,0.002750416,0.050008948,0.047258447
120902040205,2003,0.01791314,0.325692759,0.307779701
120902040205,2004,0.024121317,0.438570219,0.414448735
120902040205,2005,0.017095907,0.310833559,0.293737737
120902040205,2006,0.02998943,0.545261315,0.515271885
120902040205,2007,0.007229584,0.131447921,0.124218337
120902040205,2008,0.024303699,0.441884153,0.417580454
120902040205,2009,0.0,0.0,0.0
120902040205,2010,0.026828512,0.487793049,0.460964367
120902040205,2011,0.027057279,0.491948175,0.464890981
120902040205,2012,0.024097322,0.438129803,0.414032563
120902040205,2013,0.0,0.0,0.0
120902040205,2014,0.015306058,0.278291195,0.262985134
120902040205,2015,0.0,0.0,0.0
120902040205,2016,0.008549025,0.155438437,0.146889413
120902040205,2017,0.025575838,0.465012622,0.439436616
120902040205,2018,0.0,0.0,0.0
120902040205,2019,0.0,0.0,0.0
120902040205,2020,0.0,0.0,0.0
120902040206,2000,0.0,0.0,0.0
120902040206,2001,0.0,0.0,0.0
120902040206,2002,0.0,0.0,0.0
120902040206,2003,0.0,0.0,0.0
120902040206,2004,0.0,0.0,0.0
120902040206,2005,0.0,0.0,0.0
120902040206,2006,0.0,0.0,0.0
120902040206,2007,0.0,0.0,0.0
120902040206,2008,0.0,0.0,0.0
120902040206,2009,0.0,0.0,0.0
120902040206,2010,0.0,0.0,0.0
120902040206,2011,0.0,0.0,0.0
120902040206,2012,0.0,0.0,0.0
120902040206,2013,0.0,0.0,0.0
120902040206,2014,0.0,0.0,0.0
120902040206,2015,0.0,0.0,0.0
120902040206,2016,0.0,0.0,0.0
120902040206,2017,0.0,0.0,0.0
120902040206,2018,0.0,0.0,0.0
120902040206,2019,0.0,0.0,0.0
120902040206,2020,0.0,0.0,0.0
120902040207,2000,0.0,0.0,0.0
120902040207,2001,0.0,0.0,0.0
120902040207,2002,0.0,0.0,0.0
120902040207,2003,0.003498129,0.063603079,0.060104868
120902040207,2004,0.003264852,0.059361511,0.056096574
120902040207,2005,0.003479584,0.063265225,0.059785638
120902040207,2006,0.003315638,0.060284041,0.056968403
120902040207,2007,0.003966255,0.072112781,0.068146608
120902040207,2008,0.0,0.0,0.0
120902040207,2009,0.0,0.0,0.0
120902040207,2010,0.0,0.0,0.0
120902040207,2011,0.0,0.0,0.0
120902040207,2012,0.005647311,0.102675281,0.097028049
120902040207,2013,0.0,0.0,0.0
120902040207,2014,0.006868548,0.124883499,0.118014951
120902040207,2015,0.001831611,0.033301008,0.031469312
120902040207,2016,0.0,0.0,0.0
120902040207,2017,0.0,0.0,0.0
120902040207,2018,0.002019079,0.03671163,0.034692384
120902040207,2019,0.002203096,0.040056633,0.03785354
120902040207,2020,0.0,0.0,0.0
120902040301,2000,0.057493333,0.527461806,0.469968391
120902040301,2001,0.052384244,0.425887852,0.373503775
120902040301,2002,0.073246162,0.697582474,0.624336142
120902040301,2003,0.06449603,0.57076154,0.506265512
120902040301,2004,0.057631423,0.50114374,0.443511981
120902040301,2005,0.042809633,0.372257611,0.329448063
120902040301,2006,0.050840997,0.493602082,0.442761337
120902040301,2007,0.060113597,0.561808899,0.501695466
120902040301,2008,0.030500842,0.247973664,0.217472907
120902040301,2009,0.052692589,0.446548099,0.39385551
120902040301,2010,0.037439189,0.304383721,0.266944532
120902040301,2011,0.040414699,0.328574975,0.288160359
120902040301,2012,0.043237333,0.351523066,0.308285732
120902040301,2013,0.033007477,0.31737971,0.284372315
120902040301,2014,0.044686699,0.363305515,0.318618984
120902040301,2015,0.025468074,0.207056271,0.181588367
120902040301,2016,0.020319265,0.16519691,0.144877645
120902040301,2017,0.015270477,0.124150649,0.108880173
120902040301,2018,0.017745975,0.144276378,0.126530405
120902040301,2019,0.02083594,0.20629669,0.185460666
120902040301,2020,0.0,0.0,0.0
120902040302,2000,0.0,0.0,0.0
120902040302,2001,0.0,0.0,0.0
120902040302,2002,0.202663282,0.32582509,0.123161893
120902040302,2003,0.049594178,0.083351677,0.033757414
120902040302,2004,0.02003782,0.162908563,0.142870658
120902040302,2005,0.015547274,0.017103611,0.001556422
120902040302,2006,0.0,0.0,0.0
120902040302,2007,0.019748164,0.026543153,0.006794989
120902040302,2008,0.0,0.0,0.0
120902040302,2009,0.000328008,0.000630564,0.000302638
120902040302,2010,0.0,0.0,0.0
120902040302,2011,0.0,0.0,0.0
120902040302,2012,0.002258079,0.004489314,0.002231238
120902040302,2013,0.0,0.0,0.0
120902040302,2014,0.046326781,0.108493551,0.062166855
120902040302,2015,0.0,0.0,0.0
120902040302,2016,0.0,0.0,0.0
120902040302,2017,0.0,0.0,0.0
120902040302,2018,0.0,0.0,0.0
120902040302,2019,0.0,0.0,0.0
120902040302,2020,0.0,0.0,0.0
120902040303,2000,0.0,0.0,0.0
120902040303,2001,0.0,0.0,0.0
120902040303,2002,0.256150764,0.26031594,0.004165005
120902040303,2003,0.265644923,0.269964433,0.004319342
120902040303,2004,0.304763014,0.347110478,0.042347464
120902040303,2005,0.499145137,0.575715085,0.076570115
120902040303,2006,0.363569874,0.397778893,0.034208937
120902040303,2007,0.459559951,0.516940537,0.057380334
120902040303,2008,0.603400093,0.642598607,0.039198514
120902040303,2009,0.0,0.0,0.0
120902040303,2010,0.0,0.0,0.0
120902040303,2011,0.0,0.0,0.0
120902040303,2012,0.0,0.0,0.0
120902040303,2013,0.0,0.0,0.0
120902040303,2014,0.200853704,0.204119595,0.003265805
120902040303,2015,0.0,0.0,0.0
120902040303,2016,0.223286702,0.267089148,0.043802612
120902040303,2017,0.0,0.0,0.0
120902040303,2018,0.0,0.0,0.0
120902040303,2019,0.0,0.0,0.0
120902040303,2020,0.0,0.0,0.0
120902040304,2000,0.848341281,0.862135426,0.013794145
120902040304,2001,0.713567381,0.725170063,0.0116026
120902040304,2002,0.609214156,0.619120148,0.009905989
120902040304,2003,0.518416285,0.526845885,0.008429515
120902040304,2004,0.272806232,0.277242178,0.004435779
120902040304,2005,0.580593734,0.590034279,0.00944063
120902040304,2006,0.791814203,0.804689195,0.012874995
120902040304,2007,0.40754037,0.414166975,0.006626685
120902040304,2008,0.961948514,0.977589872,0.015641522
120902040304,2009,0.700135126,0.711519279,0.011384236
120902040304,2010,0.646434126,0.656945153,0.010511279
120902040304,2011,1.316276726,1.33767951,0.021402951
120902040304,2012,0.988674956,1.004751057,0.016076098
120902040304,2013,0.802904918,0.815960326,0.013055408
120902040304,2014,0.991625249,1.007749238,0.016124071
120902040304,2015,0.777752633,0.790399066,0.012646433
120902040304,2016,1.024698962,1.041360751,0.016661792
120902040304,2017,0.687394247,0.698571463,0.011177216
120902040304,2018,0.739330751,0.751352474,0.012021638
120902040304,2019,0.847286241,0.861063386,0.01377706
120902040304,2020,1.057361123,1.074553943,0.017192902
120902040305,2000,0.319482044,0.324676852,0.005194809
120902040305,2001,0.215872501,0.21938254,0.003510132
120902040305,2002,0.561416184,0.570544937,0.009128836
120902040305,2003,0.14628643,0.148665049,0.002378701
120902040305,2004,0.25457168,0.258711025,0.004139347
120902040305,2005,0.146703964,0.149089389,0.002385425
120902040305,2006,0.137778137,0.14001854,0.0022404
120902040305,2007,0.130103488,0.13221894,0.002115455
120902040305,2008,0.152551153,0.155031746,0.002480508
120902040305,2009,0.095307014,0.096856718,0.001549704
120902040305,2010,0.416907597,0.423686523,0.006779008
120902040305,2011,0.24981051,0.253872499,0.004061989
120902040305,2012,0.39085544,0.397210746,0.006355388
120902040305,2013,0.394288205,0.400699332,0.006411126
120902040305,2014,0.325370079,0.330660778,0.005290616
120902040305,2015,0.346283723,0.351914293,0.005630567
120902040305,2016,0.312010339,0.317083749,0.005073249
120902040305,2017,0.190515296,0.193612992,0.00309786
120902040305,2018,0.020784611,0.021122548,0.000337937
120902040305,2019,0.088295236,0.089730885,0.001435819
120902040305,2020,0.117805142,0.119720511,0.001915369
120902040306,2000,0.0,0.0,0.0
120902040306,2001,0.0,0.0,0.0
120902040306,2002,0.0,0.0,0.0
120902040306,2003,0.0,0.0,0.0
120902040306,2004,0.0,0.0,0.0
120902040306,2005,0.0,0.0,0.0
120902040306,2006,0.0,0.0,0.0
120902040306,2007,0.0,0.0,0.0
120902040306,2008,0.0,0.0,0.0
120902040306,2009,0.0,0.0,0.0
120902040306,2010,0.0,0.0,0.0
120902040306,2011,0.0,0.0,0.0
120902040306,2012,0.0,0.0,0.0
120902040306,2013,0.0,0.0,0.0
120902040306,2014,0.0,0.0,0.0
120902040306,2015,0.0,0.0,0.0
120902040306,2016,0.0,0.0,0.0
120902040306,2017,0.0,0.0,0.0
120902040306,2018,0.0,0.0,0.0
120902040306,2019,0.0,0.0,0.0
120902040306,2020,0.0,0.0,0.0
120902040401,2000,0.0,0.0,0.0
120902040401,2001,0.0,0.0,0.0
120902040401,2002,0.0,0.0,0.0
120902040401,2003,0.0,0.0,0.0
120902040401,2004,0.0,0.0,0.0
120902040401,2005,0.0,0.0,0.0
120902040401,2006,0.0,0.0,0.0
120902040401,2007,0.0,0.0,0.0
120902040401,2008,0.0,0.0,0.0
120902040401,2009,0.0,0.0,0.0
120902040401,2010,0.0,0.0,0.0
120902040401,2011,0.0,0.0,0.0
120902040401,2012,0.0,0.0,0.0
120902040401,2013,0.0,0.0,0.0
120902040401,2014,0.0,0.0,0.0
120902040401,2015,0.0,0.0,0.0
120902040401,2016,0.0,0.0,0.0
120902040401,2017,0.0,0.0,0.0
120902040401,2018,0.0,0.0,0.0
120902040401,2019,0.0,0.0,0.0
120902040401,2020,0.0,0.0,0.0
120902040402,2000,0.0,0.0,0.0
120902040402,2001,0.0,0.0,0.0
120902040402,2002,0.0,0.0,0.0
120902040402,2003,0.0,0.0,0.0
120902040402,2004,0.0,0.0,0.0
120902040402,2005,0.0,0.0,0.0
120902040402,2006,0.0,0.0,0.0
120902040402,2007,0.0,0.0,0.0
120902040402,2008,0.0,0.0,0.0
120902040402,2009,0.0,0.0,0.0
120902040402,2010,0.0,0.0,0.0
120902040402,2011,0.0,0.0,0.0
120902040402,2012,0.0,0.0,0.0
120902040402,2013,0.0,0.0,0.0
120902040402,2014,0.0,0.0,0.0
120902040402,2015,0.0,0.0,0.0
120902040402,2016,0.0,0.0,0.0
120902040402,2017,0.0,0.0,0.0
120902040402,2018,0.0,0.0,0.0
120902040402,2019,0.0,0.0,0.0
120902040402,2020,0.0,0.0,0.0
120902040403,2000,0.0,0.0,0.0
120902040403,2001,0.0,0.0,0.0
120902040403,2002,0.0,0.0,0.0
120902040403,2003,0.0,0.0,0.0
120902040403,2004,0.0,0.0,0.0
120902040403,2005,0.0,0.0,0.0
120902040403,2006,0.0,0.0,0.0
120902040403,2007,0.0,0.0,0.0
120902040403,2008,0.0,0.0,0.0
120902040403,2009,0.0,0.0,0.0
120902040403,2010,0.0,0.0,0.0
120902040403,2011,0.0,0.0,0.0
120902040403,2012,0.0,0.0,0.0
120902040403,2013,0.0,0.0,0.0
120902040403,2014,0.0,0.0,0.0
120902040403,2015,0.0,0.0,0.0
120902040403,2016,0.0,0.0,0.0
120902040403,2017,0.0,0.0,0.0
120902040403,2018,0.0,0.0,0.0
120902040403,2019,0.0,0.0,0.0
120902040403,2020,0.0,0.0,0.0
120902040404,2000,0.0,0.0,0.0
120902040404,2001,0.0,0.0,0.0
120902040404,2002,0.0,0.0,0.0
120902040404,2003,0.0,0.0,0.0
120902040404,2004,0.0,0.0,0.0
120902040404,2005,0.0,0.0,0.0
120902040404,2006,0.0,0.0,0.0
120902040404,2007,0.0,0.0,0.0
120902040404,2008,0.0,0.0,0.0
120902040404,2009,0.004717649,0.085775285,0.081057721
120902040404,2010,0.0,0.0,0.0
120902040404,2011,0.0,0.0,0.0
120902040404,2012,0.009545399,0.173551372,0.164006142
120902040404,2013,0.0,0.0,0.0
120902040404,2014,0.0,0.0,0.0
120902040404,2015,0.0,0.0,0.0
120902040404,2016,0.0,0.0,0.0
120902040404,2017,0.0,0.0,0.0
120902040404,2018,0.0,0.0,0.0
120902040404,2019,0.0,0.0,0.0
120902040404,2020,0.0,0.0,0.0
120902040405,2000,0.0,0.0,0.0
120902040405,2001,0.0,0.0,0.0
120902040405,2002,0.0,0.0,0.0
120902040405,2003,0.0,0.0,0.0
120902040405,2004,0.0,0.0,0.0
120902040405,2005,0.0,0.0,0.0
120902040405,2006,0.0,0.0,0.0
120902040405,2007,0.0,0.0,0.0
120902040405,2008,0.0,0.0,0.0
120902040405,2009,0.0,0.0,0.0
120902040405,2010,0.0,0.0,0.0
120902040405,2011,0.0,0.0,0.0
120902040405,2012,0.0,0.0,0.0
120902040405,2013,0.0,0.0,0.0
120902040405,2014,0.0,0.0,0.0
120902040405,2015,0.0,0.0,0.0
120902040405,2016,0.0,0.0,0.0
120902040405,2017,0.0,0.0,0.0
120902040405,2018,0.0,0.0,0.0
120902040405,2019,0.0,0.0,0.0
120902040405,2020,0.0,0.0,0.0
120902040406,2000,0.0,0.0,0.0
120902040406,2001,0.0,0.0,0.0
120902040406,2002,0.0,0.0,0.0
120902040406,2003,0.0,0.0,0.0
120902040406,2004,0.0,0.0,0.0
120902040406,2005,0.0,0.0,0.0
120902040406,2006,0.0,0.0,0.0
120902040406,2007,0.0,0.0,0.0
120902040406,2008,0.0,0.0,0.0
120902040406,2009,0.0,0.0,0.0
120902040406,2010,0.0,0.0,0.0
120902040406,2011,0.0,0.0,0.0
120902040406,2012,0.0,0.0,0.0
120902040406,2013,0.0,0.0,0.0
120902040406,2014,0.0,0.0,0.0
120902040406,2015,0.0,0.0,0.0
120902040406,2016,0.0,0.0,0.0
120902040406,2017,0.0,0.0,0.0
120902040406,2018,0.0,0.0,0.0
120902040406,2019,0.0,0.0,0.0
120902040406,2020,0.0,0.0,0.0
120902040407,2000,0.0,0.0,0.0
120902040407,2001,0.0,0.0,0.0
120902040407,2002,0.0,0.0,0.0
120902040407,2003,0.0,0.0,0.0
120902040407,2004,0.0,0.0,0.0
120902040407,2005,0.0,0.0,0.0
120902040407,2006,0.0,0.0,0.0
120902040407,2007,0.0,0.0,0.0
120902040407,2008,0.0,0.0,0.0
120902040407,2009,0.0,0.0,0.0
120902040407,2010,0.0,0.0,0.0
120902040407,2011,0.0,0.0,0.0
120902040407,2012,0.0,0.0,0.0
120902040407,2013,0.0,0.0,0.0
120902040407,2014,0.0,0.0,0.0
120902040407,2015,0.0,0.0,0.0
120902040407,2016,0.0,0.0,0.0
120902040407,2017,0.0,0.0,0.0
120902040407,2018,0.0,0.0,0.0
120902040407,2019,0.0,0.0,0.0
120902040407,2020,0.0,0.0,0.0
120902040408,2000,0.0,0.0,0.0
120902040408,2001,0.0,0.0,0.0
120902040408,2002,0.0,0.0,0.0
120902040408,2003,0.0,0.0,0.0
120902040408,2004,0.0,0.0,0.0
120902040408,2005,0.0,0.0,0.0
120902040408,2006,0.0,0.0,0.0
120902040408,2007,0.0,0.0,0.0
120902040408,2008,0.0,0.0,0.0
120902040408,2009,0.0,0.0,0.0
120902040408,2010,0.0,0.0,0.0
120902040408,2011,0.0,0.0,0.0
120902040408,2012,0.0,0.0,0.0
120902040408,2013,0.0,0.0,0.0
120902040408,2014,0.0,0.0,0.0
120902040408,2015,0.0,0.0,0.0
120902040408,2016,0.0,0.0,0.0
120902040408,2017,0.0,0.0,0.0
120902040408,2018,0.0,0.0,0.0
120902040408,2019,0.0,0.0,0.0
120902040408,2020,0.0,0.0,0.0
120902040409,2000,0.0,0.0,0.0
120902040409,2001,0.0,0.0,0.0
120902040409,2002,0.0,0.0,0.0
120902040409,2003,0.0,0.0,0.0
120902040409,2004,0.0,0.0,0.0
120902040409,2005,0.0,0.0,0.0
120902040409,2006,0.0,0.0,0.0
120902040409,2007,0.0,0.0,0.0
120902040409,2008,0.0,0.0,0.0
120902040409,2009,0.0,0.0,0.0
120902040409,2010,0.0,0.0,0.0
120902040409,2011,0.0,0.0,0.0
120902040409,2012,0.0,0.0,0.0
120902040409,2013,0.0,0.0,0.0
120902040409,2014,0.0,0.0,0.0
120902040409,2015,0.0,0.0,0.0
120902040409,2016,0.0,0.0,0.0
120902040409,2017,0.0,0.0,0.0
120902040409,2018,0.0,0.0,0.0
120902040409,2019,0.0,0.0,0.0
120902040409,2020,0.0,0.0,0.0
120902040410,2000,0.0,0.0,0.0
120902040410,2001,0.0,0.0,0.0
120902040410,2002,0.0,0.0,0.0
120902040410,2003,0.0,0.0,0.0
120902040410,2004,0.0,0.0,0.0
120902040410,2005,0.0,0.0,0.0
120902040410,2006,0.0,0.0,0.0
120902040410,2007,0.0,0.0,0.0
120902040410,2008,0.0,0.0,0.0
120902040410,2009,0.0,0.0,0.0
120902040410,2010,0.0,0.0,0.0
120902040410,2011,0.0,0.0,0.0
120902040410,2012,0.0,0.0,0.0
120902040410,2013,0.0,0.0,0.0
120902040410,2014,0.0,0.0,0.0
120902040410,2015,0.0,0.0,0.0
120902040410,2016,0.0,0.0,0.0
120902040410,2017,0.0,0.0,0.0
120902040410,2018,0.0,0.0,0.0
120902040410,2019,0.0,0.0,0.0
120902040410,2020,0.0,0.0,0.0
120902040501,2000,0.0,0.0,0.0
120902040501,2001,0.0,0.0,0.0
120902040501,2002,0.037776058,0.038390249,0.000614192
120902040501,2003,0.0,0.0,0.0
120902040501,2004,0.0,0.0,0.0
120902040501,2005,0.0,0.0,0.0
120902040501,2006,0.019527315,0.019844764,0.000317449
120902040501,2007,0.01431711,0.014549819,0.000232795
120902040501,2008,0.042890831,0.043588303,0.000697475
120902040501,2009,0.040668797,0.041330129,0.000661334
120902040501,2010,0.079039134,0.080324296,0.001285164
120902040501,2011,0.0,0.0,0.0
120902040501,2012,0.0,0.0,0.0
120902040501,2013,0.00765349,0.007778047,0.000124474
120902040501,2014,0.099461888,0.101079134,0.001617247
120902040501,2015,0.0702258,0.071367627,0.001141827
120902040501,2016,0.036642861,0.037238697,0.000595751
120902040501,2017,0.0,0.0,0.0
120902040501,2018,0.022317849,0.022680721,0.000362786
120902040501,2019,0.0,0.0,0.0
120902040501,2020,0.041741779,0.04242053,0.000678754
120902040502,2000,0.0,0.0,0.0
120902040502,2001,0.0,0.0,0.0
120902040502,2002,0.072855964,0.074040688,0.001184641
120902040502,2003,0.0,0.0,0.0
120902040502,2004,0.0,0.0,0.0
120902040502,2005,0.0,0.0,0.0
120902040502,2006,0.057604282,0.058540899,0.000936701
120902040502,2007,0.019190301,0.019502427,0.000312044
120902040502,2008,0.050680708,0.051504839,0.000824049
120902040502,2009,0.086734362,0.088144652,0.001410205
120902040502,2010,0.040523252,0.041182093,0.000659011
120902040502,2011,0.0,0.0,0.0
120902040502,2012,0.0,0.0,0.0
120902040502,2013,0.016649751,0.016920564,0.000270814
120902040502,2014,0.029896784,0.030382948,0.000486167
120902040502,2015,0.044863679,0.045593205,0.000729611
120902040502,2016,0.10451306,0.106212369,0.001699309
120902040502,2017,0.0,0.0,0.0
120902040502,2018,0.037055696,0.037658156,0.00060246
120902040502,2019,0.0,0.0,0.0
120902040502,2020,0.070353407,0.07149741,0.001144
120902040503,2000,0.11345176,0.115296596,0.001844672
120902040503,2001,0.002215762,0.002251729,3.597e-05
120902040503,2002,0.164307014,0.166978641,0.002671712
120902040503,2003,0.06971926,0.070852937,0.001133677
120902040503,2004,0.001586333,0.001611893,2.5724e-05
120902040503,2005,0.001936981,0.001968326,3.1512e-05
120902040503,2006,0.0,0.0,0.0
120902040503,2007,0.073577036,0.074773351,0.001196315
120902040503,2008,0.076633727,0.077879675,0.001246033
120902040503,2009,0.089406156,0.090859899,0.00145391
120902040503,2010,0.0011632,0.00118209,1.8893e-05
120902040503,2011,0.075110967,0.076332395,0.001221345
120902040503,2012,0.0,0.0,0.0
120902040503,2013,0.119408978,0.121350466,0.001941652
120902040503,2014,2.099e-06,2.099e-06,0.0
120902040503,2015,0.052195422,0.053044085,0.000848742
120902040503,2016,0.0,0.0,0.0
120902040503,2017,0.102680948,0.104350477,0.001669693
120902040503,2018,0.0,0.0,0.0
120902040503,2019,0.102305342,0.103968981,0.001663471
120902040503,2020,0.0,0.0,0.0
120902040504,2000,0.481946801,0.489783443,0.00783656
120902040504,2001,0.400959274,0.407478956,0.006519682
120902040504,2002,0.638778532,0.649165074,0.01038671
120902040504,2003,0.697753932,0.709099482,0.011345636
120902040504,2004,0.53450894,0.543200164,0.008691139
120902040504,2005,0.925955956,0.941012025,0.015056151
120902040504,2006,0.823685485,0.837078756,0.013393271
120902040504,2007,0.38910463,0.395431668,0.006326789
120902040504,2008,0.630970328,0.641229978,0.010259732
120902040504,2009,0.684777184,0.695911899,0.011134718
120902040504,2010,0.686197066,0.697354784,0.011157715
120902040504,2011,0.893508899,0.908037458,0.014528556
120902040504,2012,0.80564432,0.81874432,0.013099915
120902040504,2013,0.69791386,0.709261888,0.011348195
120902040504,2014,0.750793323,0.763001468,0.012207978
120902040504,2015,0.74578291,0.757909485,0.012126573
120902040504,2016,0.579727839,0.589154404,0.009426399
120902040504,2017,0.643353663,0.65381463,0.010461126
120902040504,2018,0.504338882,0.512539507,0.008200792
120902040504,2019,0.527008822,0.53557803,0.008569123
120902040504,2020,0.606412189,0.61627241,0.009860388
120902040505,2000,0.0,0.0,0.0
120902040505,2001,0.0,0.0,0.0
120902040505,2002,0.0,0.0,0.0
120902040505,2003,0.0,0.0,0.0
120902040505,2004,0.0,0.0,0.0
120902040505,2005,0.0,0.0,0.0
120902040505,2006,0.0,0.0,0.0
120902040505,2007,0.0,0.0,0.0
120902040505,2008,0.0,0.0,0.0
120902040505,2009,0.0,0.0,0.0
120902040505,2010,0.0,0.0,0.0
120902040505,2011,0.0,0.0,0.0
120902040505,2012,0.0,0.0,0.0
120902040505,2013,0.0,0.0,0.0
120902040505,2014,0.0,0.0,0.0
120902040505,2015,0.0,0.0,0.0
120902040505,2016,0.0,0.0,0.0
120902040505,2017,0.0,0.0,0.0
120902040505,2018,0.0,0.0,0.0
120902040505,2019,0.0,0.0,0.0
120902040505,2020,0.0,0.0,0.0
120902040506,2000,0.0,0.0,0.0
120902040506,2001,0.0,0.0,0.0
120902040506,2002,0.0,0.0,0.0
120902040506,2003,0.0,0.0,0.0
120902040506,2004,0.0,0.0,0.0
120902040506,2005,0.0,0.0,0.0
120902040506,2006,0.0,0.0,0.0
120902040506,2007,0.0,0.0,0.0
120902040506,2008,0.0,0.0,0.0
120902040506,2009,0.000754751,0.000800474,4.5556e-05
120902040506,2010,0.0,0.0,0.0
120902040506,2011,0.0,0.0,0.0
120902040506,2012,0.000863279,0.000915508,5.223e-05
120902040506,2013,0.0,0.0,0.0
120902040506,2014,0.0,0.0,0.0
120902040506,2015,0.000209611,0.000222315,1.2622e-05
120902040506,2016,0.000185134,0.000196486,1.127e-05
120902040506,2017,0.0,0.0,0.0
120902040506,2018,0.0,0.0,0.0
120902040506,2019,0.0,0.0,0.0
120902040506,2020,0.014077161,0.014928068,0.000850907
120902040507,2000,0.0,0.0,0.0
120902040507,2001,0.0,0.0,0.0
120902040507,2002,0.0,0.0,0.0
120902040507,2003,0.015872512,0.016831959,0.000959362
120902040507,2004,0.101686549,0.107832828,0.006146363
120902040507,2005,0.246692359,0.261603868,0.01491143
120902040507,2006,0.0,0.0,0.0
120902040507,2007,0.016275942,0.017259827,0.0009838
120902040507,2008,0.0,0.0,0.0
120902040507,2009,0.061443921,0.065157888,0.003713964
120902040507,2010,0.061114173,0.064808195,0.003694107
120902040507,2011,0.0,0.0,0.0
120902040507,2012,0.122828205,0.130252522,0.00742432
120902040507,2013,0.0,0.0,0.0
120902040507,2014,0.0,0.0,0.0
120902040507,2015,0.045862463,0.048634685,0.002772137
120902040507,2016,0.171356743,0.181714301,0.010357891
120902040507,2017,0.190951052,0.202493101,0.011542049
120902040507,2018,0.211145932,0.223908789,0.012762773
120902040507,2019,0.237961164,0.252344852,0.014383685
120902040507,2020,0.511500243,0.54241821,0.030917964
120902040508,2000,0.0,0.0,0.0
120902040508,2001,0.0,0.0,0.0
120902040508,2002,0.0,0.0,0.0
120902040508,2003,0.0,0.0,0.0
120902040508,2004,0.0,0.0,0.0
120902040508,2005,0.0,0.0,0.0
120902040508,2006,0.0,0.0,0.0
120902040508,2007,0.0,0.0,0.0
120902040508,2008,0.0,0.0,0.0
120902040508,2009,0.0,0.0,0.0
120902040508,2010,0.017567737,0.017853501,0.000285685
120902040508,2011,0.0,0.0,0.0
120902040508,2012,0.0,0.0,0.0
120902040508,2013,0.0,0.0,0.0
120902040508,2014,0.013960104,0.014496545,0.000536356
120902040508,2015,0.014052386,0.014592236,0.000539852
120902040508,2016,0.015850199,0.016107781,0.000257579
120902040508,2017,0.0,0.0,0.0
120902040508,2018,0.0,0.0,0.0
120902040508,2019,0.000818058,0.000831288,1.323e-05
120902040508,2020,0.0,0.0,0.0
120902040509,2000,0.0,0.0,0.0
120902040509,2001,0.0,0.0,0.0
120902040509,2002,0.0,0.0,0.0
120902040509,2003,0.0,0.0,0.0
120902040509,2004,0.0,0.0,0.0
120902040509,2005,0.0,0.0,0.0
120902040509,2006,0.0,0.0,0.0
120902040509,2007,0.0,0.0,0.0
120902040509,2008,0.0,0.0,0.0
120902040509,2009,0.0,0.0,0.0
120902040509,2010,0.0,0.0,0.0
120902040509,2011,0.0,0.0,0.0
120902040509,2012,0.0,0.0,0.0
120902040509,2013,0.0,0.0,0.0
120902040509,2014,0.0,0.0,0.0
120902040509,2015,0.0,0.0,0.0
120902040509,2016,6.68e-06,7.016e-06,2.51e-07
120902040509,2017,0.0,0.0,0.0
120902040509,2018,0.0,0.0,0.0
120902040509,2019,0.0,0.0,0.0
120902040509,2020,0.0,0.0,0.0
120902040510,2000,0.169463798,0.17221941,0.002755527
120902040510,2001,0.0,0.0,0.0
120902040510,2002,0.155466964,0.157994753,0.002527789
120902040510,2003,0.0,0.0,0.0
120902040510,2004,0.0,0.0,0.0
120902040510,2005,0.0,0.0,0.0
120902040510,2006,0.208815912,0.212211249,0.00339534
120902040510,2007,0.096331693,0.097898016,0.001566321
120902040510,2008,0.295525383,0.300330514,0.00480538
120902040510,2009,0.214795373,0.218288063,0.003492608
120902040510,2010,0.299188786,0.304053795,0.004864841
120902040510,2011,0.102226378,0.103888619,0.001662244
120902040510,2012,0.0,0.0,0.0
120902040510,2013,0.355388584,0.361167362,0.005778693
120902040510,2014,0.166220348,0.168923189,0.002702753
120902040510,2015,0.248782608,0.252827841,0.004045233
120902040510,2016,0.255325544,0.259477246,0.004151702
120902040510,2017,0.293613132,0.298387203,0.004774156
120902040510,2018,0.20262869,0.205923468,0.00329469
120902040510,2019,0.252571874,0.256678827,0.004106786
120902040510,2020,0.255061918,0.259209557,0.004147224
120902040601,2000,0.695399656,0.706706893,0.011307317
120902040601,2001,0.448265863,0.455554674,0.007288896
120902040601,2002,0.431333995,0.438347562,0.007013567
120902040601,2003,0.555983471,0.565023948,0.00904031
120902040601,2004,0.306570005,0.311554896,0.004984891
120902040601,2005,0.468338852,0.475954266,0.007615159
120902040601,2006,0.752012734,0.764240537,0.012227888
120902040601,2007,0.119785373,0.121733173,0.001947715
120902040601,2008,0.503788137,0.51197968,0.008191708
120902040601,2009,0.602698701,0.612498945,0.009800074
120902040601,2010,0.38191646,0.388126663,0.006210118
120902040601,2011,0.893515745,0.908044701,0.01452871
120902040601,2012,0.0,0.0,0.0
120902040601,2013,0.561624227,0.570756263,0.009132118
120902040601,2014,0.652028685,0.662630805,0.010602121
120902040601,2015,0.438607005,0.445738893,0.007131888
120902040601,2016,0.412381309,0.419086582,0.006705437
120902040601,2017,0.462714063,0.470238033,0.007523797
120902040601,2018,0.401276238,0.407800896,0.006524827
120902040601,2019,0.556522033,0.565571181,0.009049148
120902040601,2020,0.590470041,0.600071254,0.009601213
120902040602,2000,0.0,0.0,0.0
120902040602,2001,0.0,0.0,0.0
120902040602,2002,0.08907663,0.09052506,0.001448348
120902040602,2003,0.065419058,0.066482655,0.001063679
120902040602,2004,0.055429328,0.056330667,0.000901257
120902040602,2005,0.0,0.0,0.0
120902040602,2006,0.026652888,0.027086255,0.000433367
120902040602,2007,0.0,0.0,0.0
120902040602,2008,0.0,0.0,0.0
120902040602,2009,0.0,0.0,0.0
120902040602,2010,0.0,0.0,0.0
120902040602,2011,0.0,0.0,0.0
120902040602,2012,0.0,0.0,0.0
120902040602,2013,0.07235003,0.073526436,0.001176408
120902040602,2014,0.0,0.0,0.0
120902040602,2015,0.0,0.0,0.0
120902040602,2016,0.0,0.0,0.0
120902040602,2017,0.0,0.0,0.0
120902040602,2018,0.0,0.0,0.0
120902040602,2019,0.025090688,0.025498775,0.000407921
120902040602,2020,0.0,0.0,0.0
120902040603,2000,0.0,0.0,0.0
120902040603,2001,0.0,0.0,0.0
120902040603,2002,0.0,0.0,0.0
120902040603,2003,0.0,0.0,0.0
120902040603,2004,0.0,0.0,0.0
120902040603,2005,0.0,0.0,0.0
120902040603,2006,0.0,0.0,0.0
120902040603,2007,0.0,0.0,0.0
120902040603,2008,0.0,0.0,0.0
120902040603,2009,0.0,0.0,0.0
120902040603,2010,0.0,0.0,0.0
120902040603,2011,0.0,0.0,0.0
120902040603,2012,0.0,0.0,0.0
120902040603,2013,0.0,0.0,0.0
120902040603,2014,0.0,0.0,0.0
120902040603,2015,0.0,0.0,0.0
120902040603,2016,0.0,0.0,0.0
120902040603,2017,0.0,0.0,0.0
120902040603,2018,0.0,0.0,0.0
120902040603,2019,0.0,0.0,0.0
120902040603,2020,0.0,0.0,0.0
120902040604,2000,0.0,0.0,0.0
120902040604,2001,0.0,0.0,0.0
120902040604,2002,0.0,0.0,0.0
120902040604,2003,0.0,0.0,0.0
120902040604,2004,0.0,0.0,0.0
120902040604,2005,0.0,0.0,0.0
120902040604,2006,0.0,0.0,0.0
120902040604,2007,0.0,0.0,0.0
120902040604,2008,0.0,0.0,0.0
120902040604,2009,0.0,0.0,0.0
120902040604,2010,0.0,0.0,0.0
120902040604,2011,0.0,0.0,0.0
120902040604,2012,0.0,0.0,0.0
120902040604,2013,0.0,0.0,0.0
120902040604,2014,0.0,0.0,0.0
120902040604,2015,0.0,0.0,0.0
120902040604,2016,0.0,0.0,0.0
120902040604,2017,0.0,0.0,0.0
120902040604,2018,0.0,0.0,0.0
120902040604,2019,0.0,0.0,0.0
120902040604,2020,0.0,0.0,0.0
120902040605,2000,0.0,0.0,0.0
120902040605,2001,0.0,0.0,0.0
120902040605,2002,0.0,0.0,0.0
120902040605,2003,0.0,0.0,0.0
120902040605,2004,0.0,0.0,0.0
120902040605,2005,0.0,0.0,0.0
120902040605,2006,0.0,0.0,0.0
120902040605,2007,0.0,0.0,0.0
120902040605,2008,0.0,0.0,0.0
120902040605,2009,0.0,0.0,0.0
120902040605,2010,0.0,0.0,0.0
120902040605,2011,0.0,0.0,0.0
120902040605,2012,0.0,0.0,0.0
120902040605,2013,0.0,0.0,0.0
120902040605,2014,0.0,0.0,0.0
120902040605,2015,0.0,0.0,0.0
120902040605,2016,0.0,0.0,0.0
120902040605,2017,0.0,0.0,0.0
120902040605,2018,0.0,0.0,0.0
120902040605,2019,0.0,0.0,0.0
120902040605,2020,0.0,0.0,0.0
120902040606,2000,0.0,0.0,0.0
120902040606,2001,0.0,0.0,0.0
120902040606,2002,0.0,0.0,0.0
120902040606,2003,0.0,0.0,0.0
120902040606,2004,0.0,0.0,0.0
120902040606,2005,0.0,0.0,0.0
120902040606,2006,0.0,0.0,0.0
120902040606,2007,0.0,0.0,0.0
120902040606,2008,0.0,0.0,0.0
120902040606,2009,0.0,0.0,0.0
120902040606,2010,0.0,0.0,0.0
120902040606,2011,0.0,0.0,0.0
120902040606,2012,0.0,0.0,0.0
120902040606,2013,0.0,0.0,0.0
120902040606,2014,0.0,0.0,0.0
120902040606,2015,0.0,0.0,0.0
120902040606,2016,0.0,0.0,0.0
120902040606,2017,0.0,0.0,0.0
120902040606,2018,0.0,0.0,0.0
120902040606,2019,0.0,0.0,0.0
120902040606,2020,0.0,0.0,0.0
120902040607,2000,0.0,0.0,0.0
120902040607,2001,0.0,0.0,0.0
120902040607,2002,0.0,0.0,0.0
120902040607,2003,0.0,0.0,0.0
120902040607,2004,0.0,0.0,0.0
120902040607,2005,0.0,0.0,0.0
120902040607,2006,0.0,0.0,0.0
120902040607,2007,0.0,0.0,0.0
120902040607,2008,0.0,0.0,0.0
120902040607,2009,0.0,0.0,0.0
120902040607,2010,0.0,0.0,0.0
120902040607,2011,0.0,0.0,0.0
120902040607,2012,0.0,0.0,0.0
120902040607,2013,0.0,0.0,0.0
120902040607,2014,0.0,0.0,0.0
120902040607,2015,0.0,0.0,0.0
120902040607,2016,0.11427376,0.118295904,0.00402206
120902040607,2017,0.0,0.0,0.0
120902040607,2018,0.0,0.0,0.0
120902040607,2019,0.0,0.0,0.0
120902040607,2020,0.0,0.0,0.0
120902040608,2000,0.0,0.0,0.0
120902040608,2001,0.0,0.0,0.0
120902040608,2002,0.0,0.0,0.0
120902040608,2003,0.0,0.0,0.0
120902040608,2004,0.0,0.0,0.0
120902040608,2005,0.0,0.0,0.0
120902040608,2006,0.0,0.0,0.0
120902040608,2007,0.0,0.0,0.0
120902040608,2008,0.0,0.0,0.0
120902040608,2009,0.0,0.0,0.0
120902040608,2010,0.0,0.0,0.0
120902040608,2011,0.0,0.0,0.0
120902040608,2012,0.0,0.0,0.0
120902040608,2013,0.0,0.0,0.0
120902040608,2014,0.0,0.0,0.0
120902040608,2015,0.0,0.0,0.0
120902040608,2016,0.0,0.0,0.0
120902040608,2017,0.0,0.0,0.0
120902040608,2018,0.0,0.0,0.0
120902040608,2019,0.0,0.0,0.0
120902040608,2020,0.0,0.0,0.0
120902040609,2000,0.0,0.0,0.0
120902040609,2001,0.0,0.0,0.0
120902040609,2002,0.0,0.0,0.0
120902040609,2003,0.0,0.0,0.0
120902040609,2004,0.0,0.0,0.0
120902040609,2005,0.0,0.0,0.0
120902040609,2006,0.0,0.0,0.0
120902040609,2007,0.0,0.0,0.0
120902040609,2008,0.0,0.0,0.0
120902040609,2009,0.0,0.0,0.0
120902040609,2010,0.0,0.0,0.0
120902040609,2011,0.0,0.0,0.0
120902040609,2012,0.0,0.0,0.0
120902040609,2013,0.0,0.0,0.0
120902040609,2014,0.0,0.0,0.0
120902040609,2015,0.0,0.0,0.0
120902040609,2016,0.0,0.0,0.0
120902040609,2017,0.0,0.0,0.0
120902040609,2018,0.0,0.0,0.0
120902040609,2019,0.0,0.0,0.0
120902040609,2020,0.0,0.0,0.0
120902040610,2000,0.0,0.0,0.0
120902040610,2001,0.0,0.0,0.0
120902040610,2002,0.0,0.0,0.0
120902040610,2003,0.0,0.0,0.0
120902040610,2004,0.0,0.0,0.0
120902040610,2005,0.0,0.0,0.0
120902040610,2006,0.0,0.0,0.0
120902040610,2007,0.0,0.0,0.0
120902040610,2008,0.0,0.0,0.0
120902040610,2009,0.0,0.0,0.0
120902040610,2010,0.0,0.0,0.0
120902040610,2011,0.0,0.0,0.0
120902040610,2012,0.0,0.0,0.0
120902040610,2013,0.0,0.0,0.0
120902040610,2014,0.0,0.0,0.0
120902040610,2015,0.226456274,0.313651296,0.087195019
120902040610,2016,0.170561249,0.23623429,0.065673126
120902040610,2017,0.0,0.0,0.0
120902040610,2018,0.0,0.0,0.0
120902040610,2019,0.0,0.0,0.0
120902040610,2020,0.0,0.0,0.0
120902040701,2000,0.0,0.0,0.0
120902040701,2001,0.0,0.0,0.0
120902040701,2002,0.0,0.0,0.0
120902040701,2003,0.0,0.0,0.0
120902040701,2004,0.0,0.0,0.0
120902040701,2005,0.0,0.0,0.0
120902040701,2006,0.0,0.0,0.0
120902040701,2007,0.0,0.0,0.0
120902040701,2008,0.0,0.0,0.0
120902040701,2009,0.0,0.0,0.0
120902040701,2010,0.0,0.0,0.0
120902040701,2011,0.0,0.0,0.0
120902040701,2012,0.0,0.0,0.0
120902040701,2013,0.0,0.0,0.0
120902040701,2014,0.0,0.0,0.0
120902040701,2015,0.0,0.0,0.0
120902040701,2016,0.0,0.0,0.0
120902040701,2017,0.0,0.0,0.0
120902040701,2018,0.0,0.0,0.0
120902040701,2019,0.0,0.0,0.0
120902040701,2020,0.0,0.0,0.0
120902040702,2000,0.510653653,0.613029525,0.102375948
120902040702,2001,0.368230132,0.483876625,0.115646493
120902040702,2002,0.277622378,0.379784334,0.102162036
120902040702,2003,0.261934501,0.366342055,0.104407471
120902040702,2004,0.245589194,0.334134992,0.088545883
120902040702,2005,0.336299879,0.450804096,0.114504134
120902040702,2006,0.363490945,0.491203992,0.127713129
120902040702,2007,0.051908912,0.085376471,0.033467559
120902040702,2008,0.0,0.0,0.0
120902040702,2009,0.21313194,0.28006797,0.066936282
120902040702,2010,0.0,0.0,0.0
120902040702,2011,0.0,0.0,0.0
120902040702,2012,0.0,0.0,0.0
120902040702,2013,0.0,0.0,0.0
120902040702,2014,0.268305778,0.327601701,0.059295838
120902040702,2015,0.0,0.0,0.0
120902040702,2016,0.0,0.0,0.0
120902040702,2017,0.0,0.0,0.0
120902040702,2018,0.206399973,0.272295518,0.065895548
120902040702,2019,0.205769775,0.25785674,0.052087049
120902040702,2020,0.0,0.0,0.0
120902040703,2000,0.0,0.0,0.0
120902040703,2001,0.0,0.0,0.0
120902040703,2002,0.0,0.0,0.0
120902040703,2003,0.0,0.0,0.0
120902040703,2004,0.0,0.0,0.0
120902040703,2005,0.0,0.0,0.0
120902040703,2006,0.0,0.0,0.0
120902040703,2007,0.0,0.0,0.0
120902040703,2008,0.0,0.0,0.0
120902040703,2009,0.0,0.0,0.0
120902040703,2010,0.0,0.0,0.0
120902040703,2011,0.0,0.0,0.0
120902040703,2012,0.0,0.0,0.0
120902040703,2013,0.0,0.0,0.0
120902040703,2014,0.0,0.0,0.0
120902040703,2015,0.0,0.0,0.0
120902040703,2016,0.0,0.0,0.0
120902040703,2017,0.0,0.0,0.0
120902040703,2018,9.037e-05,0.000153863,6.349e-05
120902040703,2019,0.000157121,0.000217507,6.0471e-05
120902040703,2020,0.0,0.0,0.0
120902040704,2000,0.0,0.0,0.0
120902040704,2001,0.002729907,0.003780805,0.001051068
120902040704,2002,0.0,0.0,0.0
120902040704,2003,0.0,0.0,0.0
120902040704,2004,0.0,0.0,0.0
120902040704,2005,0.002135589,0.002957882,0.000822375
120902040704,2006,0.0,0.0,0.0
120902040704,2007,0.0,0.0,0.0
120902040704,2008,0.0,0.0,0.0
120902040704,2009,0.0,0.0,0.0
120902040704,2010,0.0,0.0,0.0
120902040704,2011,0.0,0.0,0.0
120902040704,2012,0.0,0.0,0.0
120902040704,2013,0.0,0.0,0.0
120902040704,2014,0.0,0.0,0.0
120902040704,2015,0.0,0.0,0.0
120902040704,2016,0.0,0.0,0.0
120902040704,2017,0.0,0.0,0.0
120902040704,2018,0.003179022,0.004403096,0.001224074
120902040704,2019,0.00331369,0.004589468,0.001275945
120902040704,2020,0.00353435,0.004895322,0.001360888
120902040705,2000,0.106911754,0.148077254,0.0411655
120902040705,2001,0.159121479,0.220389696,0.061268381
120902040705,2002,0.0,0.0,0.0
120902040705,2003,0.104672904,0.144976282,0.040303466
120902040705,2004,0.168508623,0.233391536,0.064882828
120902040705,2005,0.142079981,0.19678649,0.054706677
120902040705,2006,0.046209279,0.064001627,0.01779243
120902040705,2007,0.0,0.0,0.0
120902040705,2008,0.102585738,0.142085519,0.039499612
120902040705,2009,0.0,0.0,0.0
120902040705,2010,0.0,0.0,0.0
120902040705,2011,0.0,0.0,0.0
120902040705,2012,0.0,0.0,0.0
120902040705,2013,0.225961858,0.312966299,0.087004775
120902040705,2014,0.0,0.0,0.0
120902040705,2015,0.133617753,0.185066244,0.051448323
120902040705,2016,0.178431033,0.247134413,0.068703377
120902040705,2017,0.0,0.0,0.0
120902040705,2018,0.056766132,0.078623375,0.021857244
120902040705,2019,0.074386323,0.103028175,0.028641934
120902040705,2020,0.08379427,0.116058596,0.032264492
120902040706,2000,0.0,0.0,0.0
120902040706,2001,0.0,0.0,0.0
120902040706,2002,0.0,0.0,0.0
120902040706,2003,0.0,0.0,0.0
120902040706,2004,0.0,0.0,0.0
120902040706,2005,0.0,0.0,0.0
120902040706,2006,0.0,0.0,0.0
120902040706,2007,0.0,0.0,0.0
120902040706,2008,0.0,0.0,0.0
120902040706,2009,0.0,0.0,0.0
120902040706,2010,0.0,0.0,0.0
120902040706,2011,0.0,0.0,0.0
120902040706,2012,0.0,0.0,0.0
120902040706,2013,0.0,0.0,0.0
120902040706,2014,0.0,0.0,0.0
120902040706,2015,0.0,0.0,0.0
120902040706,2016,0.0,0.0,0.0
120902040706,2017,0.0,0.0,0.0
120902040706,2018,0.0,0.0,0.0
120902040706,2019,0.0,0.0,0.0
120902040706,2020,0.0,0.0,0.0
120902040707,2000,0.0,0.0,0.0
120902040707,2001,0.0,0.0,0.0
120902040707,2002,0.0,0.0,0.0
120902040707,2003,0.0,0.0,0.0
120902040707,2004,0.0,0.0,0.0
120902040707,2005,0.0,0.0,0.0
120902040707,2006,0.0,0.0,0.0
120902040707,2007,0.0,0.0,0.0
120902040707,2008,0.0,0.0,0.0
120902040707,2009,0.0,0.0,0.0
120902040707,2010,0.0,0.0,0.0
120902040707,2011,0.0,0.0,0.0
120902040707,2012,0.016108109,0.022310352,0.006202328
120902040707,2013,0.0,0.0,0.0
120902040707,2014,0.0,0.0,0.0
120902040707,2015,0.012039,0.016674723,0.004635553
120902040707,2016,0.0,0.0,0.0
120902040707,2017,0.0,0.0,0.0
120902040707,2018,0.0,0.0,0.0
120902040707,2019,0.0,0.0,0.0
120902040707,2020,0.008506596,0.011781945,0.003275265
120902040708,2000,0.0,0.0,0.0
120902040708,2001,0.0,0.0,0.0
120902040708,2002,0.0,0.0,0.0
120902040708,2003,0.0,0.0,0.0
120902040708,2004,0.0,0.0,0.0
120902040708,2005,0.0,0.0,0.0
120902040708,2006,0.0,0.0,0.0
120902040708,2007,0.0,0.0,0.0
120902040708,2008,0.0,0.0,0.0
120902040708,2009,0.0,0.0,0.0
120902040708,2010,0.0,0.0,0.0
120902040708,2011,0.0,0.0,0.0
120902040708,2012,0.0,0.0,0.0
120902040708,2013,0.0,0.0,0.0
120902040708,2014,0.0,0.0,0.0
120902040708,2015,0.0,0.0,0.0
120902040708,2016,0.0,0.0,0.0
120902040708,2017,0.0,0.0,0.0
120902040708,2018,0.0,0.0,0.0
120902040708,2019,0.0,0.0,0.0
120902040708,2020,0.0,0.0,0.0
120902040801,2000,0.0,0.0,0.0
120902040801,2001,0.0,0.0,0.0
120902040801,2002,0.0,0.0,0.0
120902040801,2003,0.0,0.0,0.0
120902040801,2004,0.0,0.0,0.0
120902040801,2005,0.0,0.0,0.0
120902040801,2006,0.0,0.0,0.0
120902040801,2007,0.0,0.0,0.0
120902040801,2008,0.0,0.0,0.0
120902040801,2009,0.0,0.0,0.0
120902040801,2010,0.0,0.0,0.0
120902040801,2011,0.0,0.0,0.0
120902040801,2012,0.0,0.0,0.0
120902040801,2013,0.0,0.0,0.0
120902040801,2014,0.0,0.0,0.0
120902040801,2015,0.0,0.0,0.0
120902040801,2016,0.0,0.0,0.0
120902040801,2017,0.0,0.0,0.0
120902040801,2018,0.0,0.0,0.0
120902040801,2019,0.01634689,0.022641123,0.006294397
120902040801,2020,0.0,0.0,0.0
120902040802,2000,0.0,0.0,0.0
120902040802,2001,0.0,0.0,0.0
120902040802,2002,0.0,0.0,0.0
120902040802,2003,0.0,0.0,0.0
120902040802,2004,0.0,0.0,0.0
120902040802,2005,0.0,0.0,0.0
120902040802,2006,0.0,0.0,0.0
120902040802,2007,0.0,0.0,0.0
120902040802,2008,0.0,0.0,0.0
120902040802,2009,0.0,0.0,0.0
120902040802,2010,0.0,0.0,0.0
120902040802,2011,0.027680011,0.038337816,0.010657973
120902040802,2012,0.0,0.0,0.0
120902040802,2013,0.022588063,0.031285233,0.008697334
120902040802,2014,0.023643063,0.032746784,0.009103553
120902040802,2015,0.016825781,0.023304288,0.006478589
120902040802,2016,0.019397497,0.026866511,0.00746885
120902040802,2017,0.018443011,0.025544323,0.007101321
120902040802,2018,0.020064666,0.027790537,0.007725786
120902040802,2019,0.013468496,0.018654447,0.005185953
120902040802,2020,0.015668609,0.021701738,0.006033052
120902040803,2000,0.0,0.0,0.0
120902040803,2001,0.0,0.0,0.0
120902040803,2002,0.0,0.0,0.0
120902040803,2003,0.0,0.0,0.0
120902040803,2004,0.0,0.0,0.0
120902040803,2005,0.0,0.0,0.0
120902040803,2006,0.0,0.0,0.0
120902040803,2007,0.0,0.0,0.0
120902040803,2008,0.0,0.0,0.0
120902040803,2009,0.0,0.0,0.0
120902040803,2010,0.0,0.0,0.0
120902040803,2011,0.011444885,0.015851507,0.004406704
120902040803,2012,0.0,0.0,0.0
120902040803,2013,0.009611762,0.013312926,0.003700997
120902040803,2014,0.008903342,0.012331658,0.003428148
120902040803,2015,0.006405227,0.008871518,0.00246629
120902040803,2016,0.007951175,0.011012746,0.003061574
120902040803,2017,0.007538847,0.010441644,0.002902715
120902040803,2018,0.005948808,0.008239326,0.002290433
120902040803,2019,0.00512437,0.00709743,0.001973148
120902040803,2020,0.008585686,0.0118915,0.003305899
120902040804,2000,0.0,0.0,0.0
120902040804,2001,0.0,0.0,0.0
120902040804,2002,0.0,0.0,0.0
120902040804,2003,0.0,0.0,0.0
120902040804,2004,0.0,0.0,0.0
120902040804,2005,0.0,0.0,0.0
120902040804,2006,0.0,0.0,0.0
120902040804,2007,0.0,0.0,0.0
120902040804,2008,0.0,0.0,0.0
120902040804,2009,0.0,0.0,0.0
120902040804,2010,0.0,0.0,0.0
120902040804,2011,0.0,0.0,0.0
120902040804,2012,0.0,0.0,0.0
120902040804,2013,0.0,0.0,0.0
120902040804,2014,0.0,0.0,0.0
120902040804,2015,0.0,0.0,0.0
120902040804,2016,0.0,0.0,0.0
120902040804,2017,0.0,0.0,0.0
120902040804,2018,0.0,0.0,0.0
120902040804,2019,0.0,0.0,0.0
120902040804,2020,0.0,0.0,0.0
120902040805,2000,0.0,0.0,0.0
120902040805,2001,0.0,0.0,0.0
120902040805,2002,0.0,0.0,0.0
120902040805,2003,0.0,0.0,0.0
120902040805,2004,0.0,0.0,0.0
120902040805,2005,0.0,0.0,0.0
120902040805,2006,0.0,0.0,0.0
120902040805,2007,0.0,0.0,0.0
120902040805,2008,0.0,0.0,0.0
120902040805,2009,0.0,0.0,0.0
120902040805,2010,0.0,0.0,0.0
120902040805,2011,0.0,0.0,0.0
120902040805,2012,0.0,0.0,0.0
120902040805,2013,0.0,0.0,0.0
120902040805,2014,0.0,0.0,0.0
120902040805,2015,0.0,0.0,0.0
120902040805,2016,0.0,0.0,0.0
120902040805,2017,0.0,0.0,0.0
120902040805,2018,0.0,0.0,0.0
120902040805,2019,0.0,0.0,0.0
120902040805,2020,0.0,0.0,0.0
120902050101,2000,0.0,0.0,0.0
120902050101,2001,0.0,0.0,0.0
120902050101,2002,0.000182164,0.000953732,0.000771485
120902050101,2003,0.000697236,0.003649929,0.002952863
120902050101,2004,0.001414126,0.007403973,0.005989932
120902050101,2005,0.001553351,0.008132997,0.00657957
120902050101,2006,0.0,0.0,0.0
120902050101,2007,0.011335849,0.059349827,0.048014066
120902050101,2008,0.022957268,0.120194691,0.09723759
120902050101,2009,0.017277274,0.09045637,0.073179266
120902050101,2010,0.002282858,0.011952907,0.009669879
120902050101,2011,0.0,0.0,0.0
120902050101,2012,0.028768811,0.150621607,0.121852874
120902050101,2013,0.001506649,0.007887674,0.006381192
120902050101,2014,0.0,0.0,0.0
120902050101,2015,0.0,0.0,0.0
120902050101,2016,0.001656257,0.008671164,0.00701491
120902050101,2017,0.0,0.0,0.0
120902050101,2018,0.001703099,0.008915926,0.007212995
120902050101,2019,0.00230743,0.012080688,0.009773258
120902050101,2020,0.0,0.0,0.0
120902050102,2000,0.0,0.0,0.0
120902050102,2001,0.0,0.0,0.0
120902050102,2002,0.0,0.0,0.0
120902050102,2003,0.0,0.0,0.0
120902050102,2004,0.0,0.0,0.0
120902050102,2005,0.0,0.0,0.0
120902050102,2006,0.0,0.0,0.0
120902050102,2007,0.0,0.0,0.0
120902050102,2008,0.0,0.0,0.0
120902050102,2009,0.0,0.0,0.0
120902050102,2010,0.0,0.0,0.0
120902050102,2011,0.0,0.0,0.0
120902050102,2012,0.0,0.0,0.0
120902050102,2013,0.0,0.0,0.0
120902050102,2014,2.8627e-05,0.000149252,0.000120874
120902050102,2015,0.0,0.0,0.0
120902050102,2016,0.0,0.0,0.0
120902050102,2017,0.0,0.0,0.0
120902050102,2018,0.0,0.0,0.0
120902050102,2019,0.0,0.0,0.0
120902050102,2020,0.0,0.0,0.0
120902050103,2000,0.0,0.0,0.0
120902050103,2001,0.0,0.0,0.0
120902050103,2002,0.0,0.0,0.0
120902050103,2003,0.0,0.0,0.0
120902050103,2004,0.0,0.0,0.0
120902050103,2005,0.0,0.0,0.0
120902050103,2006,0.0,0.0,0.0
120902050103,2007,0.0,0.0,0.0
120902050103,2008,0.0,0.0,0.0
120902050103,2009,0.0,0.0,0.0
120902050103,2010,0.0,0.0,0.0
120902050103,2011,0.0,0.0,0.0
120902050103,2012,0.0,0.0,0.0
120902050103,2013,0.0,0.0,0.0
120902050103,2014,0.0,0.0,0.0
120902050103,2015,0.0,0.0,0.0
120902050103,2016,0.0,0.0,0.0
120902050103,2017,0.0,0.0,0.0
120902050103,2018,0.0,0.0,0.0
120902050103,2019,0.0,0.0,0.0
120902050103,2020,0.0,0.0,0.0
120902050104,2000,0.0,0.0,0.0
120902050104,2001,0.0,0.0,0.0
120902050104,2002,0.0,0.0,0.0
120902050104,2003,0.0,0.0,0.0
120902050104,2004,0.0,0.0,0.0
120902050104,2005,0.0,0.0,0.0
120902050104,2006,0.0,0.0,0.0
120902050104,2007,0.0,0.0,0.0
120902050104,2008,0.0,0.0,0.0
120902050104,2009,0.0,0.0,0.0
120902050104,2010,0.0,0.0,0.0
120902050104,2011,0.0,0.0,0.0
120902050104,2012,0.0,0.0,0.0
120902050104,2013,0.0,0.0,0.0
120902050104,2014,0.0,0.0,0.0
120902050104,2015,0.0,0.0,0.0
120902050104,2016,0.0,0.0,0.0
120902050104,2017,0.0,0.0,0.0
120902050104,2018,0.0,0.0,0.0
120902050104,2019,0.0,0.0,0.0
120902050104,2020,0.0,0.0,0.0
120902050105,2000,0.0,0.0,0.0
120902050105,2001,0.0,0.0,0.0
120902050105,2002,0.0,0.0,0.0
120902050105,2003,0.0,0.0,0.0
120902050105,2004,0.0,0.0,0.0
120902050105,2005,0.0,0.0,0.0
120902050105,2006,0.0,0.0,0.0
120902050105,2007,0.0,0.0,0.0
120902050105,2008,0.0,0.0,0.0
120902050105,2009,0.0,0.0,0.0
120902050105,2010,0.0,0.0,0.0
120902050105,2011,0.0,0.0,0.0
120902050105,2012,0.0,0.0,0.0
120902050105,2013,0.0,0.0,0.0
120902050105,2014,0.0,0.0,0.0
120902050105,2015,0.0,0.0,0.0
120902050105,2016,0.0,0.0,0.0
120902050105,2017,0.0,0.0,0.0
120902050105,2018,0.0,0.0,0.0
120902050105,2019,0.0,0.0,0.0
120902050105,2020,0.0,0.0,0.0
120902050106,2000,0.00218673,0.01144918,0.009262454
120902050106,2001,0.002493674,0.013055496,0.010561989
120902050106,2002,0.002090392,0.010944405,0.008853932
120902050106,2003,0.003942723,0.020642392,0.016699668
120902050106,2004,0.005949279,0.031147598,0.025198317
120902050106,2005,0.0081312,0.042570992,0.034440044
120902050106,2006,0.003047855,0.015957356,0.012909419
120902050106,2007,0.001664622,0.008715345,0.007050723
120902050106,2008,0.006876175,0.036001019,0.02912476
120902050106,2009,0.008491496,0.044458575,0.035966995
120902050106,2010,0.019878781,0.104077036,0.084198419
120902050106,2011,0.001768855,0.009260882,0.007492112
120902050106,2012,0.0,0.0,0.0
120902050106,2013,0.012524663,0.065573348,0.053048767
120902050106,2014,0.008942488,0.046818904,0.037876334
120902050106,2015,0.0,0.0,0.0
120902050106,2016,0.011484822,0.060129399,0.048644582
120902050106,2017,0.012226819,0.064014499,0.051787844
120902050106,2018,0.009389419,0.049158723,0.039769386
120902050106,2019,0.017917773,0.093810304,0.075892532
120902050106,2020,0.004298393,0.022504817,0.018206421
120902050107,2000,0.006700295,0.035080571,0.028380112
120902050107,2001,0.0,0.0,0.0
120902050107,2002,0.005199507,0.027222342,0.022022751
120902050107,2003,0.003322392,0.01739491,0.0140726
120902050107,2004,0.0,0.0,0.0
120902050107,2005,0.013486759,0.070610945,0.057124351
120902050107,2006,0.004554458,0.023845501,0.019290959
120902050107,2007,0.0,0.0,0.0
120902050107,2008,0.00174115,0.009116074,0.007374842
120902050107,2009,0.003485055,0.018246112,0.014760973
120902050107,2010,0.006386222,0.03343557,0.027049348
120902050107,2011,0.0,0.0,0.0
120902050107,2012,0.001525164,0.007984538,0.006459626
120902050107,2013,0.000215518,0.001128263,0.000912663
120902050107,2014,0.008445197,0.044215529,0.035770411
120902050107,2015,0.0,0.0,0.0
120902050107,2016,0.008710648,0.045605861,0.036894959
120902050107,2017,0.00959406,0.050231068,0.040636764
120902050107,2018,0.008143718,0.042637323,0.034493605
120902050107,2019,0.010448099,0.054701915,0.044253899
120902050107,2020,0.008978683,0.047008497,0.038029981
120902050108,2000,0.000710464,0.00371956,0.003009011
120902050108,2001,0.006995868,0.036627159,0.029631373
120902050108,2002,0.000666173,0.003487742,0.002821658
120902050108,2003,0.000694044,0.003633992,0.002939866
120902050108,2004,0.0,0.0,0.0
120902050108,2005,0.003116899,0.016318748,0.013201849
120902050108,2006,0.000542247,0.002838751,0.002296419
120902050108,2007,0.0,0.0,0.0
120902050108,2008,0.006855691,0.035894011,0.02903832
120902050108,2009,0.003033282,0.015881121,0.012848005
120902050108,2010,0.008346115,0.043697584,0.035351553
120902050108,2011,0.0,0.0,0.0
120902050108,2012,0.001724962,0.009031847,0.007306549
120902050108,2013,0.0,0.0,0.0
120902050108,2014,0.02240803,0.117319762,0.094911732
120902050108,2015,0.0,0.0,0.0
120902050108,2016,0.000911057,0.004769262,0.00385829
120902050108,2017,0.011374808,0.059553762,0.048178797
120902050108,2018,0.000490573,0.002568778,0.002078205
120902050108,2019,0.000607132,0.00317891,0.002571781
120902050108,2020,0.002714637,0.014212869,0.011498066
120902050201,2000,0.0,0.0,0.0
120902050201,2001,0.0,0.0,0.0
120902050201,2002,0.0,0.0,0.0
120902050201,2003,0.0,0.0,0.0
120902050201,2004,0.0,0.0,0.0
120902050201,2005,0.0,0.0,0.0
120902050201,2006,0.0,0.0,0.0
120902050201,2007,0.0,0.0,0.0
120902050201,2008,0.0,0.0,0.0
120902050201,2009,0.0,0.0,0.0
120902050201,2010,0.0,0.0,0.0
120902050201,2011,0.0,0.0,0.0
120902050201,2012,0.0,0.0,0.0
120902050201,2013,0.0,0.0,0.0
120902050201,2014,0.0,0.0,0.0
120902050201,2015,0.0,0.0,0.0
120902050201,2016,0.0,0.0,0.0
120902050201,2017,0.0,0.0,0.0
120902050201,2018,0.0,0.0,0.0
120902050201,2019,0.0,0.0,0.0
120902050201,2020,0.0,0.0,0.0
120902050202,2000,0.0,0.0,0.0
120902050202,2001,0.072321208,0.380637375,0.308316252
120902050202,2002,0.0,0.0,0.0
120902050202,2003,0.0,0.0,0.0
120902050202,2004,0.0,0.0,0.0
120902050202,2005,0.110686167,0.582559099,0.471872937
120902050202,2006,0.0,0.0,0.0
120902050202,2007,0.0,0.0,0.0
120902050202,2008,0.0,0.0,0.0
120902050202,2009,0.0,0.0,0.0
120902050202,2010,0.0,0.0,0.0
120902050202,2011,0.0,0.0,0.0
120902050202,2012,0.0,0.0,0.0
120902050202,2013,0.0,0.0,0.0
120902050202,2014,0.0,0.0,0.0
120902050202,2015,0.0,0.0,0.0
120902050202,2016,0.0,0.0,0.0
120902050202,2017,0.0,0.0,0.0
120902050202,2018,0.0,0.0,0.0
120902050202,2019,0.0,0.0,0.0
120902050202,2020,0.0,0.0,0.0
120902050203,2000,0.0,0.0,0.0
120902050203,2001,0.0,0.0,0.0
120902050203,2002,0.0,0.0,0.0
120902050203,2003,0.0,0.0,0.0
120902050203,2004,0.0,0.0,0.0
120902050203,2005,0.0,0.0,0.0
120902050203,2006,0.0,0.0,0.0
120902050203,2007,0.0,0.0,0.0
120902050203,2008,0.0,0.0,0.0
120902050203,2009,0.0,0.0,0.0
120902050203,2010,0.0,0.0,0.0
120902050203,2011,0.0,0.0,0.0
120902050203,2012,0.0,0.0,0.0
120902050203,2013,0.0,0.0,0.0
120902050203,2014,0.0,0.0,0.0
120902050203,2015,0.0,0.0,0.0
120902050203,2016,0.0,0.0,0.0
120902050203,2017,0.0,0.0,0.0
120902050203,2018,0.0,0.0,0.0
120902050203,2019,0.0,0.0,0.0
120902050203,2020,0.0,0.0,0.0
120902050204,2000,0.0,0.0,0.0
120902050204,2001,0.0,0.0,0.0
120902050204,2002,0.0,0.0,0.0
120902050204,2003,0.0,0.0,0.0
120902050204,2004,0.0,0.0,0.0
120902050204,2005,0.0,0.0,0.0
120902050204,2006,0.0,0.0,0.0
120902050204,2007,0.0,0.0,0.0
120902050204,2008,0.0,0.0,0.0
120902050204,2009,0.0,0.0,0.0
120902050204,2010,0.0,0.0,0.0
120902050204,2011,0.0,0.0,0.0
120902050204,2012,0.0,0.0,0.0
120902050204,2013,0.0,0.0,0.0
120902050204,2014,0.0,0.0,0.0
120902050204,2015,0.0,0.0,0.0
120902050204,2016,0.0,0.0,0.0
120902050204,2017,0.0,0.0,0.0
120902050204,2018,0.0,0.0,0.0
120902050204,2019,0.0,0.0,0.0
120902050204,2020,0.0,0.0,0.0
120902050205,2000,0.0,0.0,0.0
120902050205,2001,0.0,0.0,0.0
120902050205,2002,0.0,0.0,0.0
120902050205,2003,0.0,0.0,0.0
120902050205,2004,0.0,0.0,0.0
120902050205,2005,0.0,0.0,0.0
120902050205,2006,0.0,0.0,0.0
120902050205,2007,0.0,0.0,0.0
120902050205,2008,0.0,0.0,0.0
120902050205,2009,0.0,0.0,0.0
120902050205,2010,0.0,0.0,0.0
120902050205,2011,0.0,0.0,0.0
120902050205,2012,0.0,0.0,0.0
120902050205,2013,0.0,0.0,0.0
120902050205,2014,0.0,0.0,0.0
120902050205,2015,0.0,0.0,0.0
120902050205,2016,0.0,0.0,0.0
120902050205,2017,0.0,0.0,0.0
120902050205,2018,0.0,0.0,0.0
120902050205,2019,0.0,0.0,0.0
120902050205,2020,0.0,0.0,0.0
120902050206,2000,0.0,0.0,0.0
120902050206,2001,0.0,0.0,0.0
120902050206,2002,0.0,0.0,0.0
120902050206,2003,0.0,0.0,0.0
120902050206,2004,0.0,0.0,0.0
120902050206,2005,0.0,0.0,0.0
120902050206,2006,0.0,0.0,0.0
120902050206,2007,0.0,0.0,0.0
120902050206,2008,0.0,0.0,0.0
120902050206,2009,0.0,0.0,0.0
120902050206,2010,0.0,0.0,0.0
120902050206,2011,0.0,0.0,0.0
120902050206,2012,0.0,0.0,0.0
120902050206,2013,0.0,0.0,0.0
120902050206,2014,0.0,0.0,0.0
120902050206,2015,0.0,0.0,0.0
120902050206,2016,0.0,0.0,0.0
120902050206,2017,0.0,0.0,0.0
120902050206,2018,0.0,0.0,0.0
120902050206,2019,0.0,0.0,0.0
120902050206,2020,0.0,0.0,0.0
120902050207,2000,0.0,0.0,0.0
120902050207,2001,0.0,0.0,0.0
120902050207,2002,0.0,0.0,0.0
120902050207,2003,0.0,0.0,0.0
120902050207,2004,0.0,0.0,0.0
120902050207,2005,0.0,0.0,0.0
120902050207,2006,0.0,0.0,0.0
120902050207,2007,0.0,0.0,0.0
120902050207,2008,0.0,0.0,0.0
120902050207,2009,0.0,0.0,0.0
120902050207,2010,0.0,0.0,0.0
120902050207,2011,0.0,0.0,0.0
120902050207,2012,0.0,0.0,0.0
120902050207,2013,0.0,0.0,0.0
120902050207,2014,0.0,0.0,0.0
120902050207,2015,0.0,0.0,0.0
120902050207,2016,0.0,0.0,0.0
120902050207,2017,0.0,0.0,0.0
120902050207,2018,0.0,0.0,0.0
120902050207,2019,0.0,0.0,0.0
120902050207,2020,0.0,0.0,0.0
120902050301,2000,0.0,0.0,0.0
120902050301,2001,0.0,0.0,0.0
120902050301,2002,0.0,0.0,0.0
120902050301,2003,0.0,0.0,0.0
120902050301,2004,0.0,0.0,0.0
120902050301,2005,0.0,0.0,0.0
120902050301,2006,0.0,0.0,0.0
120902050301,2007,0.0,0.0,0.0
120902050301,2008,0.0,0.0,0.0
120902050301,2009,0.0,0.0,0.0
120902050301,2010,0.0,0.0,0.0
120902050301,2011,0.0,0.0,0.0
120902050301,2012,0.0,0.0,0.0
120902050301,2013,0.0,0.0,0.0
120902050301,2014,0.0,0.0,0.0
120902050301,2015,0.0,0.0,0.0
120902050301,2016,0.0,0.0,0.0
120902050301,2017,0.0,0.0,0.0
120902050301,2018,0.0,0.0,0.0
120902050301,2019,0.0,0.0,0.0
120902050301,2020,0.0,0.0,0.0
120902050302,2000,0.0,0.0,0.0
120902050302,2001,0.0,0.0,0.0
120902050302,2002,0.0,0.0,0.0
120902050302,2003,0.0,0.0,0.0
120902050302,2004,0.0,0.0,0.0
120902050302,2005,0.0,0.0,0.0
120902050302,2006,0.0,0.0,0.0
120902050302,2007,0.0,0.0,0.0
120902050302,2008,0.0,0.0,0.0
120902050302,2009,0.0,0.0,0.0
120902050302,2010,0.0,0.0,0.0
120902050302,2011,0.0,0.0,0.0
120902050302,2012,0.0,0.0,0.0
120902050302,2013,0.0,0.0,0.0
120902050302,2014,0.0,0.0,0.0
120902050302,2015,0.0,0.0,0.0
120902050302,2016,0.0,0.0,0.0
120902050302,2017,0.0,0.0,0.0
120902050302,2018,0.0,0.0,0.0
120902050302,2019,0.0,0.0,0.0
120902050302,2020,0.0,0.0,0.0
120902050303,2000,0.0,0.0,0.0
120902050303,2001,0.0,0.0,0.0
120902050303,2002,0.0,0.0,0.0
120902050303,2003,0.0,0.0,0.0
120902050303,2004,0.0,0.0,0.0
120902050303,2005,0.0,0.0,0.0
120902050303,2006,0.0,0.0,0.0
120902050303,2007,0.0,0.0,0.0
120902050303,2008,0.0,0.0,0.0
120902050303,2009,0.0,0.0,0.0
120902050303,2010,0.0,0.0,0.0
120902050303,2011,0.0,0.0,0.0
120902050303,2012,0.0,0.0,0.0
120902050303,2013,0.0,0.0,0.0
120902050303,2014,0.0,0.0,0.0
120902050303,2015,0.0,0.0,0.0
120902050303,2016,0.0,0.0,0.0
120902050303,2017,0.0,0.0,0.0
120902050303,2018,0.0,0.0,0.0
120902050303,2019,0.0,0.0,0.0
120902050303,2020,0.0,0.0,0.0
120902050304,2000,0.0,0.0,0.0
120902050304,2001,0.0,0.0,0.0
120902050304,2002,0.0,0.0,0.0
120902050304,2003,0.0,0.0,0.0
120902050304,2004,0.0,0.0,0.0
120902050304,2005,0.0,0.0,0.0
120902050304,2006,0.0,0.0,0.0
120902050304,2007,0.0,0.0,0.0
120902050304,2008,0.0,0.0,0.0
120902050304,2009,0.0,0.0,0.0
120902050304,2010,0.0,0.0,0.0
120902050304,2011,0.0,0.0,0.0
120902050304,2012,0.0,0.0,0.0
120902050304,2013,0.0,0.0,0.0
120902050304,2014,0.0,0.0,0.0
120902050304,2015,0.0,0.0,0.0
120902050304,2016,0.0,0.0,0.0
120902050304,2017,0.0,0.0,0.0
120902050304,2018,0.0,0.0,0.0
120902050304,2019,0.0,0.0,0.0
120902050304,2020,0.0,0.0,0.0
120902050305,2000,0.0,0.0,0.0
120902050305,2001,0.0,0.0,0.0
120902050305,2002,0.0,0.0,0.0
120902050305,2003,0.0,0.0,0.0
120902050305,2004,0.0,0.0,0.0
120902050305,2005,0.0,0.0,0.0
120902050305,2006,0.0,0.0,0.0
120902050305,2007,0.0,0.0,0.0
120902050305,2008,0.0,0.0,0.0
120902050305,2009,0.0,0.0,0.0
120902050305,2010,0.0,0.0,0.0
120902050305,2011,0.0,0.0,0.0
120902050305,2012,0.0,0.0,0.0
120902050305,2013,0.0,0.0,0.0
120902050305,2014,0.0,0.0,0.0
120902050305,2015,0.0,0.0,0.0
120902050305,2016,0.0,0.0,0.0
120902050305,2017,0.0,0.0,0.0
120902050305,2018,0.0,0.0,0.0
120902050305,2019,0.0,0.0,0.0
120902050305,2020,0.0,0.0,0.0
120902050306,2000,0.0,0.0,0.0
120902050306,2001,0.0,0.0,0.0
120902050306,2002,0.0,0.0,0.0
120902050306,2003,0.0,0.0,0.0
120902050306,2004,0.0,0.0,0.0
120902050306,2005,0.0,0.0,0.0
120902050306,2006,0.0,0.0,0.0
120902050306,2007,0.0,0.0,0.0
120902050306,2008,0.0,0.0,0.0
120902050306,2009,0.0,0.0,0.0
120902050306,2010,0.0,0.0,0.0
120902050306,2011,0.0,0.0,0.0
120902050306,2012,0.0,0.0,0.0
120902050306,2013,0.0,0.0,0.0
120902050306,2014,0.0,0.0,0.0
120902050306,2015,0.0,0.0,0.0
120902050306,2016,0.0,0.0,0.0
120902050306,2017,0.0,0.0,0.0
120902050306,2018,0.0,0.0,0.0
120902050306,2019,0.0,0.0,0.0
120902050306,2020,0.0,0.0,0.0
120902050307,2000,0.0,0.0,0.0
120902050307,2001,0.001304238,0.006937145,0.005632984
120902050307,2002,0.0,0.0,0.0
120902050307,2003,0.0,0.0,0.0
120902050307,2004,0.0,0.0,0.0
120902050307,2005,0.0,0.0,0.0
120902050307,2006,0.005360121,0.028511148,0.023151027
120902050307,2007,0.0,0.0,0.0
120902050307,2008,0.0,0.0,0.0
120902050307,2009,0.0,0.0,0.0
120902050307,2010,0.0,0.0,0.0
120902050307,2011,0.0,0.0,0.0
120902050307,2012,0.0,0.0,0.0
120902050307,2013,0.0,0.0,0.0
120902050307,2014,0.0,0.0,0.0
120902050307,2015,0.0,0.0,0.0
120902050307,2016,0.00186577,0.009924202,0.008058432
120902050307,2017,0.0,0.0,0.0
120902050307,2018,0.003587121,0.019080756,0.015493638
120902050307,2019,0.002585493,0.013752542,0.011166882
120902050307,2020,0.0,0.0,0.0
120902050401,2000,0.0,0.0,0.0
120902050401,2001,0.0,0.0,0.0
120902050401,2002,0.0,0.0,0.0
120902050401,2003,0.0,0.0,0.0
120902050401,2004,0.0,0.0,0.0
120902050401,2005,0.0,0.0,0.0
120902050401,2006,0.0,0.0,0.0
120902050401,2007,0.0,0.0,0.0
120902050401,2008,0.0,0.0,0.0
120902050401,2009,0.0,0.0,0.0
120902050401,2010,0.0,0.0,0.0
120902050401,2011,0.0,0.0,0.0
120902050401,2012,0.0,0.0,0.0
120902050401,2013,0.0,0.0,0.0
120902050401,2014,0.0,0.0,0.0
120902050401,2015,0.0,0.0,0.0
120902050401,2016,0.0,0.0,0.0
120902050401,2017,0.0,0.0,0.0
120902050401,2018,0.0,0.0,0.0
120902050401,2019,0.0,0.0,0.0
120902050401,2020,0.0,0.0,0.0
120902050402,2000,0.0,0.0,0.0
120902050402,2001,0.0,0.0,0.0
120902050402,2002,0.0,0.0,0.0
120902050402,2003,0.0,0.0,0.0
120902050402,2004,0.0,0.0,0.0
120902050402,2005,0.0,0.0,0.0
120902050402,2006,0.0,0.0,0.0
120902050402,2007,0.0,0.0,0.0
120902050402,2008,0.0,0.0,0.0
120902050402,2009,0.0,0.0,0.0
120902050402,2010,0.0,0.0,0.0
120902050402,2011,0.0,0.0,0.0
120902050402,2012,0.0,0.0,0.0
120902050402,2013,0.0,0.0,0.0
120902050402,2014,0.0,0.0,0.0
120902050402,2015,0.0,0.0,0.0
120902050402,2016,0.0,0.0,0.0
120902050402,2017,0.0,0.0,0.0
120902050402,2018,0.0,0.0,0.0
120902050402,2019,0.0,0.0,0.0
120902050402,2020,0.0,0.0,0.0
120902050403,2000,0.0,0.0,0.0
120902050403,2001,0.0,0.0,0.0
120902050403,2002,0.0,0.0,0.0
120902050403,2003,0.0,0.0,0.0
120902050403,2004,0.0,0.0,0.0
120902050403,2005,0.0,0.0,0.0
120902050403,2006,0.0,0.0,0.0
120902050403,2007,0.0,0.0,0.0
120902050403,2008,0.0,0.0,0.0
120902050403,2009,0.0,0.0,0.0
120902050403,2010,0.0,0.0,0.0
120902050403,2011,0.0,0.0,0.0
120902050403,2012,0.0,0.0,0.0
120902050403,2013,0.0,0.0,0.0
120902050403,2014,0.0,0.0,0.0
120902050403,2015,0.0,0.0,0.0
120902050403,2016,0.0,0.0,0.0
120902050403,2017,0.0,0.0,0.0
120902050403,2018,0.0,0.0,0.0
120902050403,2019,0.0,0.0,0.0
120902050403,2020,0.0,0.0,0.0
120902050404,2000,0.0,0.0,0.0
120902050404,2001,0.0,0.0,0.0
120902050404,2002,0.0,0.0,0.0
120902050404,2003,0.0,0.0,0.0
120902050404,2004,0.0,0.0,0.0
120902050404,2005,0.0,0.0,0.0
120902050404,2006,0.0,0.0,0.0
120902050404,2007,0.0,0.0,0.0
120902050404,2008,0.0,0.0,0.0
120902050404,2009,0.0,0.0,0.0
120902050404,2010,0.0,0.0,0.0
120902050404,2011,0.0,0.0,0.0
120902050404,2012,0.0,0.0,0.0
120902050404,2013,0.0,0.0,0.0
120902050404,2014,0.0,0.0,0.0
120902050404,2015,0.0,0.0,0.0
120902050404,2016,0.0,0.0,0.0
120902050404,2017,0.0,0.0,0.0
120902050404,2018,0.0,0.0,0.0
120902050404,2019,0.0,0.0,0.0
120902050404,2020,0.0,0.0,0.0
120902050405,2000,0.0,0.0,0.0
120902050405,2001,0.0,0.0,0.0
120902050405,2002,0.00069611,0.001210559,0.000514452
120902050405,2003,0.000298323,0.000518688,0.000220449
120902050405,2004,0.0,0.0,0.0
120902050405,2005,0.0,0.0,0.0
120902050405,2006,0.0,0.0,0.0
120902050405,2007,0.000219184,0.000381332,0.000162063
120902050405,2008,0.000363019,0.000631161,0.000268142
120902050405,2009,0.0,0.0,0.0
120902050405,2010,0.0,0.0,0.0
120902050405,2011,0.0,0.0,0.0
120902050405,2012,0.124690169,0.216852628,0.092162464
120902050405,2013,0.0,0.0,0.0
120902050405,2014,0.0,0.0,0.0
120902050405,2015,0.000306405,0.000532586,0.000226351
120902050405,2016,0.000420568,0.000731172,0.000310773
120902050405,2017,0.0,0.0,0.0
120902050405,2018,0.000405351,0.000704942,0.000299674
120902050405,2019,0.0,0.0,0.0
120902050405,2020,0.0,0.0,0.0
120902050406,2000,0.0,0.0,0.0
120902050406,2001,0.0,0.0,0.0
120902050406,2002,0.0,0.0,0.0
120902050406,2003,0.0,0.0,0.0
120902050406,2004,0.0,0.0,0.0
120902050406,2005,0.0,0.0,0.0
120902050406,2006,0.0,0.0,0.0
120902050406,2007,0.0,0.0,0.0
120902050406,2008,0.0,0.0,0.0
120902050406,2009,0.0,0.0,0.0
120902050406,2010,0.0,0.0,0.0
120902050406,2011,0.0,0.0,0.0
120902050406,2012,0.0,0.0,0.0
120902050406,2013,0.0,0.0,0.0
120902050406,2014,0.0,0.0,0.0
120902050406,2015,0.0,0.0,0.0
120902050406,2016,0.0,0.0,0.0
120902050406,2017,0.0,0.0,0.0
120902050406,2018,0.0,0.0,0.0
120902050406,2019,0.0,0.0,0.0
120902050406,2020,0.0,0.0,0.0
120902050407,2000,0.0,0.0,0.0
120902050407,2001,0.0,0.0,0.0
120902050407,2002,0.0,0.0,0.0
120902050407,2003,0.0,0.0,0.0
120902050407,2004,0.0,0.0,0.0
120902050407,2005,0.0,0.0,0.0
120902050407,2006,0.0,0.0,0.0
120902050407,2007,0.0,0.0,0.0
120902050407,2008,0.0,0.0,0.0
120902050407,2009,0.0,0.0,0.0
120902050407,2010,0.0,0.0,0.0
120902050407,2011,0.0,0.0,0.0
120902050407,2012,0.0,0.0,0.0
120902050407,2013,0.0,0.0,0.0
120902050407,2014,0.0,0.0,0.0
120902050407,2015,0.0,0.0,0.0
120902050407,2016,0.0,0.0,0.0
120902050407,2017,0.0,0.0,0.0
120902050407,2018,0.0,0.0,0.0
120902050407,2019,0.0,0.0,0.0
120902050407,2020,0.0,0.0,0.0
120902050408,2000,0.0,0.0,0.0
120902050408,2001,0.0,0.0,0.0
120902050408,2002,0.0022026,0.011716156,0.009513641
120902050408,2003,0.003628926,0.019302466,0.015673542
120902050408,2004,0.006522224,0.034691626,0.028169486
120902050408,2005,0.0,0.0,0.0
120902050408,2006,0.0,0.0,0.0
120902050408,2007,0.0,0.0,0.0
120902050408,2008,0.0,0.0,0.0
120902050408,2009,0.0,0.0,0.0
120902050408,2010,0.0,0.0,0.0
120902050408,2011,0.0,0.0,0.0
120902050408,2012,0.0,0.0,0.0
120902050408,2013,0.0,0.0,0.0
120902050408,2014,0.0,0.0,0.0
120902050408,2015,0.0,0.0,0.0
120902050408,2016,0.0,0.0,0.0
120902050408,2017,0.0,0.0,0.0
120902050408,2018,0.0,0.0,0.0
120902050408,2019,0.0,0.0,0.0
120902050408,2020,0.0,0.0,0.0
120902050409,2000,0.037012402,0.196874776,0.159862369
120902050409,2001,0.087238803,0.464035899,0.376797178
120902050409,2002,0.022531151,0.119846773,0.097315537
120902050409,2003,0.071678049,0.381266337,0.309588367
120902050409,2004,0.025215492,0.134125,0.108909508
120902050409,2005,0.083038545,0.441694353,0.358655811
120902050409,2006,0.0,0.0,0.0
120902050409,2007,0.112461556,0.598199562,0.485738096
120902050409,2008,0.000310869,0.001653847,0.001343063
120902050409,2009,0.036306299,0.193119211,0.156812912
120902050409,2010,0.0,0.0,0.0
120902050409,2011,0.099821504,0.530965485,0.431143984
120902050409,2012,0.026773781,0.142413923,0.115639899
120902050409,2013,0.0,0.0,0.0
120902050409,2014,0.03780671,0.201099841,0.163293132
120902050409,2015,0.027655104,0.147101129,0.119446104
120902050409,2016,0.156648691,0.833238295,0.676589519
120902050409,2017,0.072316797,0.384664197,0.312347395
120902050409,2018,0.000113148,0.000602044,0.000488981
120902050409,2019,0.030449764,0.161967129,0.131517447
120902050409,2020,0.061283079,0.32597344,0.264690443
120902060101,2000,0.063719352,0.067570773,0.003851587
120902060101,2001,0.0,0.0,0.0
120902060101,2002,0.0,0.0,0.0
120902060101,2003,0.0,0.0,0.0
120902060101,2004,0.0,0.0,0.0
120902060101,2005,0.0,0.0,0.0
120902060101,2006,0.0,0.0,0.0
120902060101,2007,0.0,0.0,0.0
120902060101,2008,0.0,0.0,0.0
120902060101,2009,0.0,0.0,0.0
120902060101,2010,0.0,0.0,0.0
120902060101,2011,0.0,0.0,0.0
120902060101,2012,0.0,0.0,0.0
120902060101,2013,0.0,0.0,0.0
120902060101,2014,0.0,0.0,0.0
120902060101,2015,0.0,0.0,0.0
120902060101,2016,0.0,0.0,0.0
120902060101,2017,0.0,0.0,0.0
120902060101,2018,0.0,0.0,0.0
120902060101,2019,0.0,0.0,0.0
120902060101,2020,0.0,0.0,0.0
120902060102,2000,0.0,0.0,0.0
120902060102,2001,0.0,0.0,0.0
120902060102,2002,0.0,0.0,0.0
120902060102,2003,0.0,0.0,0.0
120902060102,2004,0.0,0.0,0.0
120902060102,2005,0.0,0.0,0.0
120902060102,2006,0.0,0.0,0.0
120902060102,2007,0.0,0.0,0.0
120902060102,2008,0.0,0.0,0.0
120902060102,2009,0.0,0.0,0.0
120902060102,2010,0.0,0.0,0.0
120902060102,2011,0.0,0.0,0.0
120902060102,2012,0.0,0.0,0.0
120902060102,2013,0.0,0.0,0.0
120902060102,2014,0.0,0.0,0.0
120902060102,2015,0.0,0.0,0.0
120902060102,2016,0.0,0.0,0.0
120902060102,2017,0.0,0.0,0.0
120902060102,2018,0.0,0.0,0.0
120902060102,2019,0.0,0.0,0.0
120902060102,2020,0.0,0.0,0.0
120902060103,2000,0.0,0.0,0.0
120902060103,2001,0.106313701,0.112739882,0.006426093
120902060103,2002,0.039643989,0.0420404,0.002396411
120902060103,2003,0.0,0.0,0.0
120902060103,2004,0.0,0.0,0.0
120902060103,2005,0.0,0.0,0.0
120902060103,2006,0.082043674,0.087002926,0.00495917
120902060103,2007,0.027018723,0.028651868,0.001633145
120902060103,2008,0.134827604,0.142977399,0.008149795
120902060103,2009,0.0,0.0,0.0
120902060103,2010,0.0,0.0,0.0
120902060103,2011,0.0,0.0,0.0
120902060103,2012,0.0,0.0,0.0
120902060103,2013,0.058894685,0.062454666,0.003559899
120902060103,2014,0.060714005,0.064383808,0.003669718
120902060103,2015,0.044995241,0.047714995,0.002719671
120902060103,2016,0.170446057,0.180748885,0.010302664
120902060103,2017,0.160960411,0.17068966,0.009729167
120902060103,2018,0.095579173,0.101356559,0.005777222
120902060103,2019,0.036975479,0.039210359,0.002234964
120902060103,2020,0.0,0.0,0.0
120902060104,2000,0.0,0.0,0.0
120902060104,2001,0.063530488,0.067370677,0.003840104
120902060104,2002,0.024179184,0.025640682,0.001461499
120902060104,2003,0.0,0.0,0.0
120902060104,2004,0.0,0.0,0.0
120902060104,2005,0.0,0.0,0.0
120902060104,2006,0.003235677,0.003431307,0.000195548
120902060104,2007,0.001054926,0.001118677,6.3836e-05
120902060104,2008,0.002548413,0.002702495,0.000153913
120902060104,2009,0.0,0.0,0.0
120902060104,2010,0.0,0.0,0.0
120902060104,2011,0.0,0.0,0.0
120902060104,2012,0.0,0.0,0.0
120902060104,2013,0.000195274,0.000207118,1.1844e-05
120902060104,2014,0.0,0.0,0.0
120902060104,2015,0.001440195,0.001527227,8.7033e-05
120902060104,2016,0.004778251,0.005067117,0.000288863
120902060104,2017,0.004733915,0.005019959,0.000286205
120902060104,2018,0.003177485,0.003369595,0.000192027
120902060104,2019,0.053918022,0.057177167,0.003259148
120902060104,2020,0.0,0.0,0.0
120902060105,2000,0.0,0.0,0.0
120902060105,2001,0.040839348,0.043307879,0.002468532
120902060105,2002,0.135915636,0.144131121,0.0082154
120902060105,2003,0.004829079,0.005120951,0.000291956
120902060105,2004,0.096860995,0.102715749,0.005854757
120902060105,2005,0.211422847,0.224202608,0.012779595
120902060105,2006,0.008478556,0.008991066,0.000512595
120902060105,2007,0.0,0.0,0.0
120902060105,2008,0.0,0.0,0.0
120902060105,2009,0.193074888,0.204745433,0.011670545
120902060105,2010,0.192806022,0.204460359,0.011654255
120902060105,2011,0.0,0.0,0.0
120902060105,2012,0.014606372,0.015489276,0.000882986
120902060105,2013,0.0,0.0,0.0
120902060105,2014,0.0,0.0,0.0
120902060105,2015,0.0,0.0,0.0
120902060105,2016,0.0,0.0,0.0
120902060105,2017,0.0,0.0,0.0
120902060105,2018,0.0,0.0,0.0
120902060105,2019,0.0,0.0,0.0
120902060105,2020,0.233991484,0.248135172,0.014143604
120902060106,2000,0.0,0.0,0.0
120902060106,2001,0.0,0.0,0.0
120902060106,2002,0.0,0.0,0.0
120902060106,2003,0.0,0.0,0.0
120902060106,2004,0.0,0.0,0.0
120902060106,2005,0.0,0.0,0.0
120902060106,2006,0.0,0.0,0.0
120902060106,2007,0.0,0.0,0.0
120902060106,2008,0.0,0.0,0.0
120902060106,2009,0.0,0.0,0.0
120902060106,2010,0.0,0.0,0.0
120902060106,2011,0.0,0.0,0.0
120902060106,2012,0.0,0.0,0.0
120902060106,2013,0.0,0.0,0.0
120902060106,2014,0.0,0.0,0.0
120902060106,2015,0.00011566,0.000122614,6.956e-06
120902060106,2016,0.0,0.0,0.0
120902060106,2017,0.0,0.0,0.0
120902060106,2018,0.0,0.0,0.0
120902060106,2019,0.0,0.0,0.0
120902060106,2020,0.0,0.0,0.0
120902060107,2000,0.039696126,0.042095648,0.002399437
120902060107,2001,0.058292315,0.061815726,0.003523411
120902060107,2002,0.100031079,0.106077537,0.006046458
120902060107,2003,0.068138395,0.072256989,0.004118679
120902060107,2004,0.0,0.0,0.0
120902060107,2005,0.129902186,0.137754137,0.007852033
120902060107,2006,0.110258079,0.116922707,0.006664545
120902060107,2007,0.0,0.0,0.0
120902060107,2008,0.0,0.0,0.0
120902060107,2009,0.0,0.0,0.0
120902060107,2010,0.077057786,0.081715633,0.004657762
120902060107,2011,0.0,0.0,0.0
120902060107,2012,0.129864098,0.13771376,0.007849661
120902060107,2013,0.0,0.0,0.0
120902060107,2014,0.0,0.0,0.0
120902060107,2015,0.040458726,0.042904312,0.002445586
120902060107,2016,0.0,0.0,0.0
120902060107,2017,0.0,0.0,0.0
120902060107,2018,0.0,0.0,0.0
120902060107,2019,0.0,0.0,0.0
120902060107,2020,0.0,0.0,0.0
120902060108,2000,0.0,0.0,0.0
120902060108,2001,0.0,0.0,0.0
120902060108,2002,0.0,0.0,0.0
120902060108,2003,0.0,0.0,0.0
120902060108,2004,0.0,0.0,0.0
120902060108,2005,0.0,0.0,0.0
120902060108,2006,0.0,0.0,0.0
120902060108,2007,0.0,0.0,0.0
120902060108,2008,0.0,0.0,0.0
120902060108,2009,0.0,0.0,0.0
120902060108,2010,0.0,0.0,0.0
120902060108,2011,0.0,0.0,0.0
120902060108,2012,0.0,0.0,0.0
120902060108,2013,0.0,0.0,0.0
120902060108,2014,0.0,0.0,0.0
120902060108,2015,0.0,0.0,0.0
120902060108,2016,0.0,0.0,0.0
120902060108,2017,0.0,0.0,0.0
120902060108,2018,0.0,0.0,0.0
120902060108,2019,0.0,0.0,0.0
120902060108,2020,0.0,0.0,0.0
120902060109,2000,0.032068809,0.034007268,0.001938377
120902060109,2001,0.101072652,0.107182027,0.00610929
120902060109,2002,0.061905616,0.06564751,0.003741893
120902060109,2003,0.069092282,0.073268655,0.004176205
120902060109,2004,0.059706342,0.063315369,0.00360894
120902060109,2005,0.161302795,0.171052852,0.009750058
120902060109,2006,0.042677482,0.045257014,0.002579616
120902060109,2007,0.002188773,0.002321005,0.000132233
120902060109,2008,0.046830776,0.049661486,0.002830626
120902060109,2009,0.027772096,0.029450764,0.001678753
120902060109,2010,0.105700411,0.112089573,0.006389079
120902060109,2011,0.047214704,0.050068819,0.002853953
120902060109,2012,0.111410066,0.118144481,0.006734251
120902060109,2013,0.010692058,0.011338288,0.000646312
120902060109,2014,0.010659438,0.011303696,0.00064434
120902060109,2015,0.186410008,0.19767757,0.011267647
120902060109,2016,0.080500541,0.085366495,0.004865874
120902060109,2017,0.116312559,0.123343016,0.007030455
120902060109,2018,0.030723482,0.032580389,0.001856989
120902060109,2019,0.035578904,0.037729342,0.002150526
120902060109,2020,0.199731016,0.211803915,0.012072899
120902060110,2000,0.0,0.0,0.0
120902060110,2001,0.0,0.0,0.0
120902060110,2002,0.106728603,0.113179781,0.006451178
120902060110,2003,0.004031378,0.004275164,0.000243537
120902060110,2004,0.0,0.0,0.0
120902060110,2005,0.103046145,0.109274792,0.006228641
120902060110,2006,0.105365282,0.111734282,0.006368833
120902060110,2007,0.0,0.0,0.0
120902060110,2008,0.028784467,0.030524216,0.001739913
120902060110,2009,0.119552644,0.126779101,0.007226458
120902060110,2010,0.100144871,0.106198249,0.006053211
120902060110,2011,0.083201,0.088230222,0.005029055
120902060110,2012,0.0,0.0,0.0
120902060110,2013,0.079300288,0.084093603,0.004793318
120902060110,2014,0.104913751,0.111255455,0.006341622
120902060110,2015,0.0,0.0,0.0
120902060110,2016,0.0,0.0,0.0
120902060110,2017,0.09082631,0.096316386,0.005489907
120902060110,2018,0.106440038,0.112873926,0.006433803
120902060110,2019,0.07695323,0.081604715,0.004651403
120902060110,2020,0.132578639,0.140592331,0.008013773
120902060201,2000,0.0,0.0,0.0
120902060201,2001,0.0,0.0,0.0
120902060201,2002,0.112250118,0.119035022,0.006784989
120902060201,2003,0.0,0.0,0.0
120902060201,2004,0.0,0.0,0.0
120902060201,2005,0.255087668,0.270506449,0.015418948
120902060201,2006,0.333450619,0.353606274,0.02015549
120902060201,2007,0.0,0.0,0.0
120902060201,2008,0.0,0.0,0.0
120902060201,2009,0.0,0.0,0.0
120902060201,2010,0.0,0.0,0.0
120902060201,2011,0.0,0.0,0.0
120902060201,2012,0.0,0.0,0.0
120902060201,2013,0.000380129,0.000402953,2.2997e-05
120902060201,2014,0.416130126,0.441283189,0.025153312
120902060201,2015,0.0,0.0,0.0
120902060201,2016,0.0,0.0,0.0
120902060201,2017,0.0,0.0,0.0
120902060201,2018,0.0,0.0,0.0
120902060201,2019,0.211730616,0.224528685,0.012798151
120902060201,2020,0.0,0.0,0.0
120902060202,2000,0.061178057,0.064875929,0.003697874
120902060202,2001,0.104086652,0.110378219,0.006291482
120902060202,2002,0.191750841,0.203341227,0.011590386
120902060202,2003,0.348879285,0.369967332,0.021088129
120902060202,2004,0.086926746,0.09218109,0.005254262
120902060202,2005,0.305770978,0.324253332,0.018482353
120902060202,2006,0.232261778,0.246300962,0.014039184
120902060202,2007,0.064452759,0.068348562,0.003895888
120902060202,2008,0.435731333,0.462069413,0.026337828
120902060202,2009,0.137171066,0.145462438,0.008291375
120902060202,2010,0.405791934,0.430320252,0.024528318
120902060202,2011,0.217496819,0.230643597,0.013146693
120902060202,2012,0.193822036,0.205537522,0.011715563
120902060202,2013,0.299652567,0.317765296,0.018112559
120902060202,2014,0.279335255,0.296219745,0.01688449
120902060202,2015,0.097370584,0.103256307,0.005885553
120902060202,2016,0.095462049,0.101232456,0.005770238
120902060202,2017,0.232707312,0.246773627,0.014066148
120902060202,2018,0.409663945,0.434426301,0.024762274
120902060202,2019,0.288642225,0.306089156,0.017447099
120902060202,2020,0.253327773,0.268640074,0.015312552
120902060203,2000,0.285935571,0.303219161,0.017283505
120902060203,2001,0.240271052,0.254794332,0.014523364
120902060203,2002,0.220735668,0.234078195,0.013342523
120902060203,2003,0.405428778,0.429934951,0.02450634
120902060203,2004,0.174637669,0.185193719,0.010555967
120902060203,2005,0.217213189,0.230342896,0.013129542
120902060203,2006,0.0,0.0,0.0
120902060203,2007,0.000287874,0.000305279,1.7405e-05
120902060203,2008,0.224595317,0.238171117,0.013575719
120902060203,2009,0.373864677,0.396463112,0.022598436
120902060203,2010,0.199044688,0.211076068,0.012031386
120902060203,2011,0.119383301,0.126599211,0.007216079
120902060203,2012,0.213771907,0.226693557,0.012921484
120902060203,2013,0.089169764,0.094559696,0.005389764
120902060203,2014,0.097268156,0.103147441,0.005879455
120902060203,2015,0.086375786,0.09159677,0.005220986
120902060203,2016,0.101864697,0.108021943,0.006157331
120902060203,2017,0.0,0.0,0.0
120902060203,2018,0.204427649,0.216784364,0.012356718
120902060203,2019,0.0,0.0,0.0
120902060203,2020,0.396164383,0.420110549,0.023946336
120902060204,2000,0.436429164,0.462809139,0.026380145
120902060204,2001,0.199176773,0.211216153,0.012039299
120902060204,2002,0.108194893,0.114734759,0.006539866
120902060204,2003,0.238446636,0.252859614,0.014412978
120902060204,2004,0.098864213,0.104840057,0.005975844
120902060204,2005,0.198961808,0.210988192,0.012026299
120902060204,2006,0.0,0.0,0.0
120902060204,2007,0.02804169,0.029736674,0.001694981
120902060204,2008,0.133935874,0.142031648,0.008095934
120902060204,2009,0.122149737,0.129533066,0.007383329
120902060204,2010,0.398538803,0.422628671,0.024089868
120902060204,2011,0.267330036,0.283488984,0.016158863
120902060204,2012,0.0,0.0,0.0
120902060204,2013,0.245151521,0.259969729,0.01481829
120902060204,2014,0.298015422,0.31602891,0.018013658
120902060204,2015,0.156140995,0.16557897,0.009437978
120902060204,2016,0.127507418,0.135214716,0.007707213
120902060204,2017,0.0919666,0.097525592,0.005559068
120902060204,2018,0.367717337,0.389944137,0.022226633
120902060204,2019,0.218755096,0.231977699,0.013222773
120902060204,2020,0.649185934,0.688426134,0.039240369
120902060205,2000,0.10336477,0.109612779,0.006247923
120902060205,2001,0.063536548,0.067376951,0.003840403
120902060205,2002,0.099185375,0.105180751,0.005995208
120902060205,2003,0.252995858,0.268288249,0.015292474
120902060205,2004,0.129688374,0.137527478,0.007839022
120902060205,2005,0.115747268,0.122743468,0.006996367
120902060205,2006,0.0,0.0,0.0
120902060205,2007,0.011970847,0.01269451,0.000723663
120902060205,2008,0.054626079,0.057927992,0.003301828
120902060205,2009,0.120488863,0.1277718,0.007283022
120902060205,2010,0.239468679,0.253943485,0.014474805
120902060205,2011,0.03540834,0.037548649,0.002140148
120902060205,2012,0.0,0.0,0.0
120902060205,2013,0.236701553,0.251009025,0.014307471
120902060205,2014,0.086067027,0.091269373,0.005202258
120902060205,2015,0.077576403,0.08226551,0.004689025
120902060205,2016,0.162948893,0.172798544,0.009849402
120902060205,2017,0.006555874,0.006952162,0.000396364
120902060205,2018,0.328270219,0.348112532,0.019842397
120902060205,2019,0.279759419,0.296669537,0.016910118
120902060205,2020,0.454662735,0.482145049,0.027482235
120902060206,2000,0.0,0.0,0.0
120902060206,2001,0.0,0.0,0.0
120902060206,2002,0.0,0.0,0.0
120902060206,2003,0.0,0.0,0.0
120902060206,2004,0.0,0.0,0.0
120902060206,2005,0.0,0.0,0.0
120902060206,2006,0.0,0.0,0.0
120902060206,2007,0.0,0.0,0.0
120902060206,2008,0.0,0.0,0.0
120902060206,2009,0.0,0.0,0.0
120902060206,2010,0.0,0.0,0.0
120902060206,2011,0.0,0.0,0.0
120902060206,2012,0.0,0.0,0.0
120902060206,2013,0.0,0.0,0.0
120902060206,2014,0.0,0.0,0.0
120902060206,2015,0.0,0.0,0.0
120902060206,2016,0.0,0.0,0.0
120902060206,2017,0.0,0.0,0.0
120902060206,2018,0.0,0.0,0.0
120902060206,2019,0.0,0.0,0.0
120902060206,2020,0.0,0.0,0.0
120902060207,2000,0.0,0.0,0.0
120902060207,2001,0.049366247,0.05163837,0.002272038
120902060207,2002,0.09429897,0.098845833,0.004546951
120902060207,2003,0.062470586,0.063421959,0.000951373
120902060207,2004,0.06566471,0.068116883,0.00245226
120902060207,2005,0.166467334,0.172148277,0.00568094
120902060207,2006,0.0,0.0,0.0
120902060207,2007,0.008214041,0.008710523,0.000496649
120902060207,2008,0.160782765,0.169601992,0.008819311
120902060207,2009,0.465945148,0.490985255,0.025040274
120902060207,2010,0.061288,0.064992485,0.003704655
120902060207,2011,0.031062674,0.031062674,0.0
120902060207,2012,0.0,0.0,0.0
120902060207,2013,0.52684386,0.555156899,0.028312956
120902060207,2014,0.317492247,0.333500197,0.016008121
120902060207,2015,0.292546967,0.309901578,0.017354529
120902060207,2016,0.225542473,0.238165077,0.01262285
120902060207,2017,0.118052762,0.125188499,0.007135655
120902060207,2018,0.446866784,0.472375058,0.025508274
120902060207,2019,0.384513447,0.406033233,0.021519786
120902060207,2020,0.289053721,0.299848221,0.010794587
120902060208,2000,0.0,0.0,0.0
120902060208,2001,0.0,0.0,0.0
120902060208,2002,0.015530364,0.015530364,0.0
120902060208,2003,0.0,0.0,0.0
120902060208,2004,0.0,0.0,0.0
120902060208,2005,0.0,0.0,0.0
120902060208,2006,0.0,0.0,0.0
120902060208,2007,0.0,0.0,0.0
120902060208,2008,0.0,0.0,0.0
120902060208,2009,0.0,0.0,0.0
120902060208,2010,0.0,0.0,0.0
120902060208,2011,0.0,0.0,0.0
120902060208,2012,0.0,0.0,0.0
120902060208,2013,0.0,0.0,0.0
120902060208,2014,0.0,0.0,0.0
120902060208,2015,0.0,0.0,0.0
120902060208,2016,0.0,0.0,0.0
120902060208,2017,0.0,0.0,0.0
120902060208,2018,0.0,0.0,0.0
120902060208,2019,0.0,0.0,0.0
120902060208,2020,0.0,0.0,0.0
120902060209,2000,0.279132363,0.296004607,0.01687224
120902060209,2001,0.117604005,0.124712704,0.007108699
120902060209,2002,0.019811882,0.021009318,0.001197603
120902060209,2003,0.113588718,0.12045469,0.006865973
120902060209,2004,0.106594041,0.113037156,0.006443115
120902060209,2005,0.13041883,0.138301997,0.007883247
120902060209,2006,0.0,0.0,0.0
120902060209,2007,0.025514767,0.027057107,0.00154217
120902060209,2008,0.180925467,0.191861596,0.010936131
120902060209,2009,0.0,0.0,0.0
120902060209,2010,0.321428252,0.340857195,0.01942886
120902060209,2011,0.373613564,0.396196649,0.022583337
120902060209,2012,0.598836913,0.635033948,0.036196872
120902060209,2013,0.397321003,0.421337353,0.024016181
120902060209,2014,0.224960359,0.238558285,0.013597674
120902060209,2015,0.391141589,0.414784274,0.02364277
120902060209,2016,0.166316642,0.17636979,0.010053148
120902060209,2017,0.415702216,0.440829592,0.025127216
120902060209,2018,0.636252518,0.674711033,0.038458523
120902060209,2019,0.332224723,0.35230597,0.020081581
120902060209,2020,0.224813552,0.238402314,0.013589014
120902060210,2000,0.061241399,0.064943071,0.00370176
120902060210,2001,0.009877071,0.010474036,0.000597047
120902060210,2002,0.053985737,0.057249008,0.003263104
120902060210,2003,0.093501647,0.099153373,0.005651726
120902060210,2004,0.046610956,0.049428399,0.002817358
120902060210,2005,0.140535205,0.149030025,0.008494819
120902060210,2006,0.0,0.0,0.0
120902060210,2007,0.016702296,0.017711885,0.001009674
120902060210,2008,0.316453128,0.33558121,0.019128082
120902060210,2009,0.0,0.0,0.0
120902060210,2010,0.274943858,0.291562956,0.016619099
120902060210,2011,0.231038123,0.245003345,0.01396514
120902060210,2012,0.252862243,0.268146557,0.015284314
120902060210,2013,0.243521792,0.258241548,0.014719756
120902060210,2014,0.154857219,0.16421746,0.009360326
120902060210,2015,0.344617852,0.365448444,0.020830586
120902060210,2016,0.260676525,0.276433199,0.015756596
120902060210,2017,0.356727277,0.378289764,0.02156257
120902060210,2018,0.486190389,0.515032293,0.028841827
120902060210,2019,0.564107397,0.598205277,0.03409763
120902060210,2020,0.414212997,0.43925015,0.02503732
120902060301,2000,0.0,0.0,0.0
120902060301,2001,0.0,0.0,0.0
120902060301,2002,0.0,0.0,0.0
120902060301,2003,0.0,0.0,0.0
120902060301,2004,0.0,0.0,0.0
120902060301,2005,0.0,0.0,0.0
120902060301,2006,0.0,0.0,0.0
120902060301,2007,0.0,0.0,0.0
120902060301,2008,0.0,0.0,0.0
120902060301,2009,0.0,0.0,0.0
120902060301,2010,0.0,0.0,0.0
120902060301,2011,0.0,0.0,0.0
120902060301,2012,0.0,0.0,0.0
120902060301,2013,0.0,0.0,0.0
120902060301,2014,0.0,0.0,0.0
120902060301,2015,0.0,0.0,0.0
120902060301,2016,0.0,0.0,0.0
120902060301,2017,0.0,0.0,0.0
120902060301,2018,0.0,0.0,0.0
120902060301,2019,0.0,0.0,0.0
120902060301,2020,0.0,0.0,0.0
120902060302,2000,0.0,0.0,0.0
120902060302,2001,0.0,0.0,0.0
120902060302,2002,0.0,0.0,0.0
120902060302,2003,0.0,0.0,0.0
120902060302,2004,0.0,0.0,0.0
120902060302,2005,0.0,0.0,0.0
120902060302,2006,0.0,0.0,0.0
120902060302,2007,0.0,0.0,0.0
120902060302,2008,0.0,0.0,0.0
120902060302,2009,0.0,0.0,0.0
120902060302,2010,0.0,0.0,0.0
120902060302,2011,0.0,0.0,0.0
120902060302,2012,0.0,0.0,0.0
120902060302,2013,0.0,0.0,0.0
120902060302,2014,0.0,0.0,0.0
120902060302,2015,0.0,0.0,0.0
120902060302,2016,0.0,0.0,0.0
120902060302,2017,0.0,0.0,0.0
120902060302,2018,0.0,0.0,0.0
120902060302,2019,0.0,0.0,0.0
120902060302,2020,0.0,0.0,0.0
120902060303,2000,0.0,0.0,0.0
120902060303,2001,0.0,0.0,0.0
120902060303,2002,0.0,0.0,0.0
120902060303,2003,0.0,0.0,0.0
120902060303,2004,0.0,0.0,0.0
120902060303,2005,0.0,0.0,0.0
120902060303,2006,0.0,0.0,0.0
120902060303,2007,0.0,0.0,0.0
120902060303,2008,0.0,0.0,0.0
120902060303,2009,0.0,0.0,0.0
120902060303,2010,0.0,0.0,0.0
120902060303,2011,0.0,0.0,0.0
120902060303,2012,0.0,0.0,0.0
120902060303,2013,0.0,0.0,0.0
120902060303,2014,0.0,0.0,0.0
120902060303,2015,0.0,0.0,0.0
120902060303,2016,0.0,0.0,0.0
120902060303,2017,0.0,0.0,0.0
120902060303,2018,0.0,0.0,0.0
120902060303,2019,0.0,0.0,0.0
120902060303,2020,0.0,0.0,0.0
120902060304,2000,0.0,0.0,0.0
120902060304,2001,0.0,0.0,0.0
120902060304,2002,0.0,0.0,0.0
120902060304,2003,0.0,0.0,0.0
120902060304,2004,0.0,0.0,0.0
120902060304,2005,0.0,0.0,0.0
120902060304,2006,0.0,0.0,0.0
120902060304,2007,0.0,0.0,0.0
120902060304,2008,0.0,0.0,0.0
120902060304,2009,0.0,0.0,0.0
120902060304,2010,0.0,0.0,0.0
120902060304,2011,0.0,0.0,0.0
120902060304,2012,0.0,0.0,0.0
120902060304,2013,0.0,0.0,0.0
120902060304,2014,0.0,0.0,0.0
120902060304,2015,0.0,0.0,0.0
120902060304,2016,0.0,0.0,0.0
120902060304,2017,0.0,0.0,0.0
120902060304,2018,0.0,0.0,0.0
120902060304,2019,0.0,0.0,0.0
120902060304,2020,0.0,0.0,0.0
120902060305,2000,0.0,0.0,0.0
120902060305,2001,0.0,0.0,0.0
120902060305,2002,0.0,0.0,0.0
120902060305,2003,0.0,0.0,0.0
120902060305,2004,0.0,0.0,0.0
120902060305,2005,0.0,0.0,0.0
120902060305,2006,0.0,0.0,0.0
120902060305,2007,0.0,0.0,0.0
120902060305,2008,0.0,0.0,0.0
120902060305,2009,0.0,0.0,0.0
120902060305,2010,0.0,0.0,0.0
120902060305,2011,0.0,0.0,0.0
120902060305,2012,0.0,0.0,0.0
120902060305,2013,0.0,0.0,0.0
120902060305,2014,0.0,0.0,0.0
120902060305,2015,0.0,0.0,0.0
120902060305,2016,0.0,0.0,0.0
120902060305,2017,0.0,0.0,0.0
120902060305,2018,0.0,0.0,0.0
120902060305,2019,0.0,0.0,0.0
120902060305,2020,0.0,0.0,0.0
120902060306,2000,0.0,0.0,0.0
120902060306,2001,0.0,0.0,0.0
120902060306,2002,0.0,0.0,0.0
120902060306,2003,0.0,0.0,0.0
120902060306,2004,0.0,0.0,0.0
120902060306,2005,0.0,0.0,0.0
120902060306,2006,0.0,0.0,0.0
120902060306,2007,0.0,0.0,0.0
120902060306,2008,0.0,0.0,0.0
120902060306,2009,0.0,0.0,0.0
120902060306,2010,0.0,0.0,0.0
120902060306,2011,0.0,0.0,0.0
120902060306,2012,0.0,0.0,0.0
120902060306,2013,0.0,0.0,0.0
120902060306,2014,0.0,0.0,0.0
120902060306,2015,0.0,0.0,0.0
120902060306,2016,0.0,0.0,0.0
120902060306,2017,0.0,0.0,0.0
120902060306,2018,0.0,0.0,0.0
120902060306,2019,0.0,0.0,0.0
120902060306,2020,0.0,0.0,0.0
120902060307,2000,0.0,0.0,0.0
120902060307,2001,0.0,0.0,0.0
120902060307,2002,0.0,0.0,0.0
120902060307,2003,0.0,0.0,0.0
120902060307,2004,0.0,0.0,0.0
120902060307,2005,0.0,0.0,0.0
120902060307,2006,0.0,0.0,0.0
120902060307,2007,0.0,0.0,0.0
120902060307,2008,0.0,0.0,0.0
120902060307,2009,0.0,0.0,0.0
120902060307,2010,0.0,0.0,0.0
120902060307,2011,0.0,0.0,0.0
120902060307,2012,0.0,0.0,0.0
120902060307,2013,0.0,0.0,0.0
120902060307,2014,0.0,0.0,0.0
120902060307,2015,0.0,0.0,0.0
120902060307,2016,0.0,0.0,0.0
120902060307,2017,0.0,0.0,0.0
120902060307,2018,0.0,0.0,0.0
120902060307,2019,0.0,0.0,0.0
120902060307,2020,0.0,0.0,0.0
120902060308,2000,0.0,0.0,0.0
120902060308,2001,0.0,0.0,0.0
120902060308,2002,0.115105934,0.115105934,0.0
120902060308,2003,0.072763701,0.072763701,0.0
120902060308,2004,0.0,0.0,0.0
120902060308,2005,0.076226874,0.076226874,0.0
120902060308,2006,0.0,0.0,0.0
120902060308,2007,0.033107792,0.033107792,0.0
120902060308,2008,0.0,0.0,0.0
120902060308,2009,0.0,0.0,0.0
120902060308,2010,0.191434378,0.191434378,0.0
120902060308,2011,0.0,0.0,0.0
120902060308,2012,0.0,0.0,0.0
120902060308,2013,0.0,0.0,0.0
120902060308,2014,0.198807299,0.198807299,0.0
120902060308,2015,0.0,0.0,0.0
120902060308,2016,0.0,0.0,0.0
120902060308,2017,0.0,0.0,0.0
120902060308,2018,0.0,0.0,0.0
120902060308,2019,0.0,0.0,0.0
120902060308,2020,0.0,0.0,0.0
120902060309,2000,0.0,0.0,0.0
120902060309,2001,0.0,0.0,0.0
120902060309,2002,0.0,0.0,0.0
120902060309,2003,0.0,0.0,0.0
120902060309,2004,0.0,0.0,0.0
120902060309,2005,0.0,0.0,0.0
120902060309,2006,0.0,0.0,0.0
120902060309,2007,0.0,0.0,0.0
120902060309,2008,0.0,0.0,0.0
120902060309,2009,0.0,0.0,0.0
120902060309,2010,0.0,0.0,0.0
120902060309,2011,0.0,0.0,0.0
120902060309,2012,0.0,0.0,0.0
120902060309,2013,0.0,0.0,0.0
120902060309,2014,0.0,0.0,0.0
120902060309,2015,0.0,0.0,0.0
120902060309,2016,0.0,0.0,0.0
120902060309,2017,0.0,0.0,0.0
120902060309,2018,0.0,0.0,0.0
120902060309,2019,0.0,0.0,0.0
120902060309,2020,0.0,0.0,0.0
120902060310,2000,0.0,0.0,0.0
120902060310,2001,0.0,0.0,0.0
120902060310,2002,0.0,0.0,0.0
120902060310,2003,0.0,0.0,0.0
120902060310,2004,0.0,0.0,0.0
120902060310,2005,0.0,0.0,0.0
120902060310,2006,0.0,0.0,0.0
120902060310,2007,0.0,0.0,0.0
120902060310,2008,0.0,0.0,0.0
120902060310,2009,0.0,0.0,0.0
120902060310,2010,0.0,0.0,0.0
120902060310,2011,0.0,0.0,0.0
120902060310,2012,0.0,0.0,0.0
120902060310,2013,0.0,0.0,0.0
120902060310,2014,0.0,0.0,0.0
120902060310,2015,0.0,0.0,0.0
120902060310,2016,0.0,0.0,0.0
120902060310,2017,0.0,0.0,0.0
120902060310,2018,0.0,0.0,0.0
120902060310,2019,0.0,0.0,0.0
120902060310,2020,0.0,0.0,0.0
120903010101,2000,0.0,0.0,0.0
120903010101,2001,0.0,0.0,0.0
120903010101,2002,0.002925351,0.015560249,0.012634901
120903010101,2003,0.008012274,0.0426174,0.034605378
120903010101,2004,0.024095183,0.12549574,0.101400475
120903010101,2005,0.007926775,0.042163205,0.034236515
120903010101,2006,0.036529025,0.194303567,0.157774542
120903010101,2007,0.0,0.0,0.0
120903010101,2008,0.02963903,0.152778068,0.123139205
120903010101,2009,0.022085737,0.117477033,0.095391296
120903010101,2010,0.045680981,0.242984866,0.197303718
120903010101,2011,0.036710874,0.188261485,0.15155069
120903010101,2012,0.010134552,0.053907391,0.043772926
120903010101,2013,0.069688255,0.361079099,0.291390759
120903010101,2014,0.015052542,0.078809307,0.063756679
120903010101,2015,0.013749142,0.072746896,0.058997753
120903010101,2016,0.006129902,0.028248161,0.022118339
120903010101,2017,0.009168088,0.048252118,0.039084195
120903010101,2018,0.176435216,0.933520364,0.757085068
120903010101,2019,0.083043449,0.441720058,0.358676693
120903010101,2020,0.103972388,0.512179295,0.40820682
120903010102,2000,0.0,0.0,0.0
120903010102,2001,0.0,0.0,0.0
120903010102,2002,0.011533581,0.061349134,0.049815553
120903010102,2003,0.018821784,0.100115614,0.081293995
120903010102,2004,0.0,0.0,0.0
120903010102,2005,0.007693329,0.040921321,0.033228159
120903010102,2006,0.017529564,0.093242318,0.075712671
120903010102,2007,0.0,0.0,0.0
120903010102,2008,0.003531003,0.018782249,0.015251331
120903010102,2009,0.006340751,0.033727307,0.027386556
120903010102,2010,0.031010742,0.164950819,0.133939992
120903010102,2011,0.000363312,0.001932792,0.00156931
120903010102,2012,0.006606301,0.035139317,0.028533262
120903010102,2013,0.036205962,0.192584819,0.15637894
120903010102,2014,0.01447534,0.076996838,0.062521581
120903010102,2015,0.002336526,0.012428258,0.010091816
120903010102,2016,0.0,0.0,0.0
120903010102,2017,0.002598285,0.013820334,0.011222049
120903010102,2018,0.138923641,0.73895591,0.600032184
120903010102,2019,0.035308205,0.187809192,0.152501153
120903010102,2020,0.114261836,0.604559896,0.490298142
120903010103,2000,0.0,0.0,0.0
120903010103,2001,0.0,0.0,0.0
120903010103,2002,0.021294529,0.108645079,0.087350718
120903010103,2003,0.035200973,0.178684989,0.143484104
120903010103,2004,0.012045443,0.064071036,0.052025675
120903010103,2005,0.016642679,0.088525118,0.071882356
120903010103,2006,0.0,0.0,0.0
120903010103,2007,0.0,0.0,0.0
120903010103,2008,0.0,0.0,0.0
120903010103,2009,0.0,0.0,0.0
120903010103,2010,0.074674266,0.397203619,0.322529186
120903010103,2011,0.152017025,0.808601238,0.656584214
120903010103,2012,0.011127691,0.05918968,0.048061904
120903010103,2013,0.065502926,0.348419633,0.282916789
120903010103,2014,0.02677554,0.142423345,0.115647721
120903010103,2015,0.011350644,0.060375652,0.049024923
120903010103,2016,0.005138563,0.027332986,0.022194508
120903010103,2017,0.020575838,0.109446523,0.088870603
120903010103,2018,0.011787816,0.062701553,0.050913652
120903010103,2019,0.037174773,0.197737926,0.160563238
120903010103,2020,0.134605831,0.715988546,0.581382801
120903010104,2000,0.0,0.0,0.0
120903010104,2001,0.0,0.0,0.0
120903010104,2002,0.077046537,0.140339756,0.063293222
120903010104,2003,0.158617332,0.339651537,0.181034208
120903010104,2004,0.374181495,0.754398044,0.380216549
120903010104,2005,0.135947677,0.246729151,0.110781392
120903010104,2006,0.218495937,0.853499627,0.635003608
120903010104,2007,0.0,0.0,0.0
120903010104,2008,0.576864743,1.380059511,0.803194598
120903010104,2009,0.109303285,0.19694289,0.087639605
120903010104,2010,0.073667293,0.132733945,0.059066652
120903010104,2011,0.330669685,0.665331422,0.334661737
120903010104,2012,0.275466656,0.389627385,0.114160902
120903010104,2013,0.4726482,1.305658318,0.833010033
120903010104,2014,0.286661315,0.699173693,0.412512378
120903010104,2015,0.157585942,0.375204614,0.217618674
120903010104,2016,0.121424984,0.175978391,0.054553322
120903010104,2017,0.250717003,0.445323279,0.194606277
120903010104,2018,0.406365104,0.921463058,0.515097784
120903010104,2019,0.290847545,0.78395554,0.493108162
120903010104,2020,0.46831268,1.036089694,0.567777096
120903010105,2000,0.265411546,0.352004839,0.086593202
120903010105,2001,0.174869603,0.268616847,0.093747159
120903010105,2002,0.018042137,0.060953008,0.042910871
120903010105,2003,0.046838833,0.116804918,0.069966088
120903010105,2004,0.027969637,0.095134762,0.06716521
120903010105,2005,0.012619307,0.021571567,0.008952258
120903010105,2006,0.029630222,0.040645167,0.01101486
120903010105,2007,0.131404112,0.17312791,0.041723805
120903010105,2008,0.424912664,0.721413691,0.29650094
120903010105,2009,0.148917611,0.200968277,0.052050836
120903010105,2010,0.396610479,0.550083548,0.153473233
120903010105,2011,0.552483203,0.942803923,0.390320973
120903010105,2012,0.242099393,0.423992014,0.181892536
120903010105,2013,0.666620003,0.96332371,0.296703874
120903010105,2014,0.50747434,0.744097315,0.236622973
120903010105,2015,0.179951148,0.398122238,0.218171005
120903010105,2016,0.440059505,0.656805085,0.216745664
120903010105,2017,0.435831093,0.814637704,0.378806529
120903010105,2018,0.986166142,1.498732748,0.512566608
120903010105,2019,0.612041803,1.129228252,0.517186616
120903010105,2020,0.896612454,1.592561831,0.695949626
120903010106,2000,0.048675169,0.258910336,0.210235167
120903010106,2001,0.061753578,0.3284764,0.266722737
120903010106,2002,0.013925397,0.07407097,0.06014566
120903010106,2003,0.006381674,0.033945411,0.027563573
120903010106,2004,0.0,0.0,0.0
120903010106,2005,0.0234564,0.124768915,0.101312266
120903010106,2006,0.036741405,0.195432668,0.158691353
120903010106,2007,0.0,0.0,0.0
120903010106,2008,0.031732883,0.16879185,0.137058967
120903010106,2009,0.0,0.0,0.0
120903010106,2010,0.044791597,0.238253663,0.193461984
120903010106,2011,0.044832148,0.238469162,0.193637014
120903010106,2012,0.012020975,0.063941445,0.051920555
120903010106,2013,0.0,0.0,0.0
120903010106,2014,0.022178268,0.117969381,0.095791364
120903010106,2015,0.0,0.0,0.0
120903010106,2016,0.009230087,0.049096112,0.039866022
120903010106,2017,0.0,0.0,0.0
120903010106,2018,0.002424137,0.012893386,0.010469334
120903010106,2019,0.100968852,0.537068627,0.436099608
120903010106,2020,0.069884962,0.371728481,0.301843604
120903010107,2000,0.0,0.0,0.0
120903010107,2001,0.201482537,1.071715616,0.870232995
120903010107,2002,0.12488466,0.664279521,0.539395027
120903010107,2003,0.035453101,0.188580775,0.153127507
120903010107,2004,0.059368639,0.315790235,0.256421678
120903010107,2005,0.246968805,1.313663904,1.066695099
120903010107,2006,0.19100377,1.015977663,0.824973893
120903010107,2007,0.078282699,0.416397373,0.338114674
120903010107,2008,0.268186598,1.426524464,1.158337784
120903010107,2009,0.0,0.0,0.0
120903010107,2010,0.011911814,0.063360482,0.051448753
120903010107,2011,0.142969548,0.76047591,0.617506444
120903010107,2012,0.022090678,0.117503839,0.095413243
120903010107,2013,0.0,0.0,0.0
120903010107,2014,2.8044e-05,0.000148921,0.000120962
120903010107,2015,0.104507663,0.555891866,0.451384203
120903010107,2016,0.249614888,1.327739525,1.078124473
120903010107,2017,0.174393912,0.927627811,0.753233647
120903010107,2018,0.275872781,1.467408567,1.19153571
120903010107,2019,0.3638972,1.935622852,1.571725726
120903010107,2020,0.214529301,1.141113025,0.926583899
120903010108,2000,0.190852128,0.455494183,0.264642055
120903010108,2001,0.054558981,0.148661934,0.094103123
120903010108,2002,0.056335266,0.152257263,0.095922079
120903010108,2003,0.019143871,0.022682367,0.003538575
120903010108,2004,0.031319189,0.14107726,0.109758238
120903010108,2005,0.219671184,0.768081008,0.548409825
120903010108,2006,0.154421803,0.467945112,0.313523233
120903010108,2007,0.140101129,0.441958926,0.301858044
120903010108,2008,0.253393224,0.730239716,0.476846413
120903010108,2009,0.044101663,0.077918296,0.033816389
120903010108,2010,0.152031071,0.522443167,0.370412263
120903010108,2011,0.110926479,0.210088244,0.099161512
120903010108,2012,0.030836194,0.158134617,0.127298342
120903010108,2013,0.034245564,0.141510668,0.107265027
120903010108,2014,0.007782838,0.02236449,0.014581567
120903010108,2015,0.117452534,0.313206482,0.195754036
120903010108,2016,0.072422973,0.127505169,0.05508212
120903010108,2017,0.074410362,0.148820556,0.074410362
120903010108,2018,0.262089663,0.539278682,0.277189348
120903010108,2019,0.291711068,0.517218167,0.225507096
120903010108,2020,0.256089806,0.675698861,0.419609139
120903010109,2000,0.193390527,0.275093265,0.081702735
120903010109,2001,0.124875827,0.174164499,0.049288496
120903010109,2002,0.038019575,0.089247975,0.051228236
120903010109,2003,0.053758211,0.222141836,0.168383625
120903010109,2004,0.0,0.0,0.0
120903010109,2005,0.057754858,0.137511603,0.07975683
120903010109,2006,0.132206044,0.177219756,0.045013795
120903010109,2007,0.052190795,0.069960729,0.017770104
120903010109,2008,0.025762484,0.048244301,0.022481732
120903010109,2009,0.0,0.0,0.0
120903010109,2010,0.17397471,0.206131162,0.032156288
120903010109,2011,0.043870789,0.147217712,0.103346759
120903010109,2012,0.049684492,0.17808065,0.128396243
120903010109,2013,0.036842907,0.195972945,0.159130121
120903010109,2014,0.153531444,0.454235353,0.300703658
120903010109,2015,0.069986978,0.273386241,0.203399515
120903010109,2016,0.0,0.0,0.0
120903010109,2017,0.0,0.0,0.0
120903010109,2018,0.076434671,0.200090364,0.123655855
120903010109,2019,0.235128258,0.529567937,0.294439847
120903010109,2020,0.012088522,0.025720342,0.013631735
120903010110,2000,1.351321801,1.60109215,0.24977035
120903010110,2001,0.296324707,0.351095625,0.054770918
120903010110,2002,0.30949643,0.366701844,0.057205496
120903010110,2003,0.122236392,0.144829797,0.022593405
120903010110,2004,0.198445831,0.235125429,0.036679516
120903010110,2005,0.36781406,0.435798562,0.067984671
120903010110,2006,0.482316748,0.57146529,0.089148542
120903010110,2007,0.225185392,0.266807444,0.041621967
120903010110,2008,0.721819434,0.855236385,0.133416702
120903010110,2009,0.367422668,0.435334912,0.067912241
120903010110,2010,0.33139326,0.392646033,0.061252855
120903010110,2011,0.87671997,1.038767844,0.162047622
120903010110,2012,0.639049891,0.75716815,0.118118347
120903010110,2013,0.359400236,0.425829737,0.066429416
120903010110,2014,0.915464279,1.084673329,0.169209216
120903010110,2015,0.767173564,0.908973707,0.141799973
120903010110,2016,0.522680997,0.619290112,0.096609284
120903010110,2017,0.322832595,0.382502847,0.059670427
120903010110,2018,0.598512658,0.709138151,0.110625581
120903010110,2019,0.487960573,0.578152351,0.090191778
120903010110,2020,0.638559975,0.756587795,0.118027738
120903010201,2000,0.0,0.0,0.0
120903010201,2001,0.0,0.0,0.0
120903010201,2002,0.0,0.0,0.0
120903010201,2003,0.001961301,0.002646855,0.000685471
120903010201,2004,0.010476975,0.012413402,0.001936426
120903010201,2005,0.00294917,0.003494208,0.000545041
120903010201,2006,0.01009329,0.01195871,0.001865671
120903010201,2007,0.0,0.0,0.0
120903010201,2008,0.007893642,0.010198601,0.002304959
120903010201,2009,0.009229214,0.010935058,0.001705844
120903010201,2010,0.008290564,0.009822871,0.001532222
120903010201,2011,0.002549008,0.003020167,0.000471077
120903010201,2012,0.194569213,0.230532219,0.035963087
120903010201,2013,0.0,0.0,0.0
120903010201,2014,0.011621175,0.013769197,0.002148104
120903010201,2015,0.009747132,0.011548844,0.001801545
120903010201,2016,0.019398022,0.022983292,0.003585434
120903010201,2017,0.008748386,0.010365356,0.001617055
120903010201,2018,0.011660526,0.013815682,0.002155156
120903010201,2019,0.010062605,0.012737455,0.002674849
120903010201,2020,0.154176699,0.185755019,0.03157832
120903010202,2000,0.0,0.0,0.0
120903010202,2001,0.0,0.0,0.0
120903010202,2002,0.0,0.0,0.0
120903010202,2003,0.0,0.0,0.0
120903010202,2004,0.0,0.0,0.0
120903010202,2005,0.0,0.0,0.0
120903010202,2006,0.0,0.0,0.0
120903010202,2007,0.0,0.0,0.0
120903010202,2008,0.0,0.0,0.0
120903010202,2009,0.0,0.0,0.0
120903010202,2010,0.0,0.0,0.0
120903010202,2011,0.0,0.0,0.0
120903010202,2012,0.0,0.0,0.0
120903010202,2013,0.0,0.0,0.0
120903010202,2014,0.0,0.0,0.0
120903010202,2015,0.0,0.0,0.0
120903010202,2016,0.0,0.0,0.0
120903010202,2017,0.0,0.0,0.0
120903010202,2018,0.0,0.0,0.0
120903010202,2019,0.0,0.0,0.0
120903010202,2020,0.004744117,0.005621077,0.000876874
120903010203,2000,0.0,0.0,0.0
120903010203,2001,0.0,0.0,0.0
120903010203,2002,0.0,0.0,0.0
120903010203,2003,0.000524441,0.000621477,9.6868e-05
120903010203,2004,0.0,0.0,0.0
120903010203,2005,0.000662595,0.000784803,0.000122458
120903010203,2006,0.0,0.0,0.0
120903010203,2007,0.0,0.0,0.0
120903010203,2008,0.0,0.0,0.0
120903010203,2009,0.0,0.0,0.0
120903010203,2010,0.0,0.0,0.0
120903010203,2011,0.0,0.0,0.0
120903010203,2012,0.0,0.0,0.0
120903010203,2013,0.0,0.0,0.0
120903010203,2014,0.0,0.0,0.0
120903010203,2015,0.0,0.0,0.0
120903010203,2016,0.000544317,0.000644904,0.000100587
120903010203,2017,0.000808068,0.000957249,0.000149345
120903010203,2018,0.0,0.0,0.0
120903010203,2019,0.0,0.0,0.0
120903010203,2020,0.0,0.0,0.0
120903010204,2000,0.020651768,0.02446885,0.003817167
120903010204,2001,0.177965868,0.210859981,0.032894115
120903010204,2002,0.047731986,0.056554701,0.008822551
120903010204,2003,0.003991608,0.004729422,0.000737729
120903010204,2004,0.080269615,0.095106148,0.014836533
120903010204,2005,0.097460592,0.115474477,0.018014137
120903010204,2006,0.082703274,0.0979898,0.015286444
120903010204,2007,0.00995426,0.011794192,0.001839932
120903010204,2008,0.0,0.0,0.0
120903010204,2009,0.060355416,0.071511258,0.011155595
120903010204,2010,0.041069058,0.048660151,0.007590844
120903010204,2011,0.0,0.0,0.0
120903010204,2012,0.049925538,0.059153527,0.009228071
120903010204,2013,0.036196241,0.042886471,0.006690315
120903010204,2014,0.096987584,0.114914389,0.017926638
120903010204,2015,0.053754997,0.063690792,0.009935795
120903010204,2016,0.000860044,0.001018932,0.000158973
120903010204,2017,0.061723164,0.073131677,0.011408427
120903010204,2018,0.04907571,0.058146592,0.009070964
120903010204,2019,0.016730685,0.019823315,0.003092378
120903010204,2020,0.03409729,0.040399637,0.006302262
120903010205,2000,0.0,0.0,0.0
120903010205,2001,0.0,0.0,0.0
120903010205,2002,0.0,0.0,0.0
120903010205,2003,0.0,0.0,0.0
120903010205,2004,0.0,0.0,0.0
120903010205,2005,0.0,0.0,0.0
120903010205,2006,0.0,0.0,0.0
120903010205,2007,0.0,0.0,0.0
120903010205,2008,0.0,0.0,0.0
120903010205,2009,0.0,0.0,0.0
120903010205,2010,0.0,0.0,0.0
120903010205,2011,0.0,0.0,0.0
120903010205,2012,0.0,0.0,0.0
120903010205,2013,0.0,0.0,0.0
120903010205,2014,0.0,0.0,0.0
120903010205,2015,0.0,0.0,0.0
120903010205,2016,0.0,0.0,0.0
120903010205,2017,0.0,0.0,0.0
120903010205,2018,0.0,0.0,0.0
120903010205,2019,0.0,0.0,0.0
120903010205,2020,0.004614459,0.005467462,0.000852918
120903010206,2000,0.159639896,0.18914673,0.029506921
120903010206,2001,0.108469466,0.12851826,0.020048803
120903010206,2002,0.067973942,0.080538118,0.012563923
120903010206,2003,0.025974907,0.030775811,0.004800989
120903010206,2004,0.042010962,0.049776033,0.007765071
120903010206,2005,0.185014784,0.219211852,0.034197066
120903010206,2006,0.0,0.0,0.0
120903010206,2007,0.011562033,0.013699173,0.00213697
120903010206,2008,0.138425893,0.164011869,0.025585809
120903010206,2009,0.196249359,0.232522816,0.03627354
120903010206,2010,0.068341926,0.080973953,0.012631858
120903010206,2011,0.512926019,0.607732285,0.094806351
120903010206,2012,0.33741312,0.399778115,0.062365497
120903010206,2013,0.305105614,0.361499584,0.056393885
120903010206,2014,0.258035849,0.305729753,0.047693904
120903010206,2015,0.086262614,0.102207036,0.015944258
120903010206,2016,0.223332003,0.264611437,0.041279268
120903010206,2017,0.507407351,0.601193345,0.093786164
120903010206,2018,0.382301299,0.452963545,0.070662332
120903010206,2019,0.558276603,0.661465266,0.103188663
120903010206,2020,0.383645279,0.454556191,0.07091074
120903010301,2000,0.0,0.0,0.0
120903010301,2001,0.0,0.0,0.0
120903010301,2002,0.0,0.0,0.0
120903010301,2003,0.0,0.0,0.0
120903010301,2004,0.0,0.0,0.0
120903010301,2005,0.0,0.0,0.0
120903010301,2006,0.0,0.0,0.0
120903010301,2007,0.0,0.0,0.0
120903010301,2008,0.0,0.0,0.0
120903010301,2009,0.0,0.0,0.0
120903010301,2010,0.0,0.0,0.0
120903010301,2011,0.0,0.0,0.0
120903010301,2012,0.0,0.0,0.0
120903010301,2013,0.0,0.0,0.0
120903010301,2014,0.0,0.0,0.0
120903010301,2015,0.0,0.0,0.0
120903010301,2016,0.0,0.0,0.0
120903010301,2017,0.0,0.0,0.0
120903010301,2018,0.0,0.0,0.0
120903010301,2019,0.0,0.0,0.0
120903010301,2020,0.0,0.0,0.0
120903010302,2000,0.0,0.0,0.0
120903010302,2001,0.151016058,0.178928893,0.027912921
120903010302,2002,0.050875036,0.06020703,0.009332079
120903010302,2003,0.351750521,0.413337742,0.061587307
120903010302,2004,0.11297262,0.130604134,0.017631514
120903010302,2005,0.016835312,0.02063146,0.003796151
120903010302,2006,0.0,0.0,0.0
120903010302,2007,0.05463189,0.067115126,0.012483403
120903010302,2008,0.076712158,0.088276339,0.01156418
120903010302,2009,0.0,0.0,0.0
120903010302,2010,0.0,0.0,0.0
120903010302,2011,0.0,0.0,0.0
120903010302,2012,0.0,0.0,0.0
120903010302,2013,0.0,0.0,0.0
120903010302,2014,0.02603417,0.03084631,0.00481189
120903010302,2015,0.015051704,0.019321855,0.004270236
120903010302,2016,0.007135016,0.008453721,0.001318781
120903010302,2017,0.0,0.0,0.0
120903010302,2018,0.0,0.0,0.0
120903010302,2019,0.009289764,0.010993674,0.001704077
120903010302,2020,0.002697046,0.003165719,0.000468587
120903010303,2000,0.0,0.0,0.0
120903010303,2001,0.01443049,0.01709757,0.002667332
120903010303,2002,0.0,0.0,0.0
120903010303,2003,0.089286564,0.105789789,0.016503225
120903010303,2004,0.0,0.0,0.0
120903010303,2005,0.019093781,0.022622973,0.003529195
120903010303,2006,0.0,0.0,0.0
120903010303,2007,0.012589751,0.014916805,0.002327055
120903010303,2008,0.020876828,0.024735585,0.003858675
120903010303,2009,0.0,0.0,0.0
120903010303,2010,0.0,0.0,0.0
120903010303,2011,0.0,0.0,0.0
120903010303,2012,0.0,0.0,0.0
120903010303,2013,0.0,0.0,0.0
120903010303,2014,0.006011433,0.007122619,0.001111101
120903010303,2015,0.068412822,0.08105771,0.012645055
120903010303,2016,0.091494962,0.108406197,0.016911404
120903010303,2017,0.04169486,0.049401359,0.007706499
120903010303,2018,0.069282605,0.082088452,0.012805844
120903010303,2019,0.073585951,0.087187271,0.013601321
120903010303,2020,0.0,0.0,0.0
120903010304,2000,0.103209445,0.11755082,0.01434121
120903010304,2001,0.0,0.0,0.0
120903010304,2002,0.026274679,0.0299256,0.003651008
120903010304,2003,0.042545118,0.04907166,0.006526542
120903010304,2004,0.0,0.0,0.0
120903010304,2005,0.0,0.0,0.0
120903010304,2006,0.0,0.0,0.0
120903010304,2007,0.0,0.0,0.0
120903010304,2008,0.0,0.0,0.0
120903010304,2009,0.0,0.0,0.0
120903010304,2010,0.0,0.0,0.0
120903010304,2011,0.0,0.0,0.0
120903010304,2012,0.0,0.0,0.0
120903010304,2013,0.0,0.0,0.0
120903010304,2014,0.0,0.0,0.0
120903010304,2015,0.0,0.0,0.0
120903010304,2016,0.0,0.0,0.0
120903010304,2017,0.0,0.0,0.0
120903010304,2018,0.0,0.0,0.0
120903010304,2019,0.0,0.0,0.0
120903010304,2020,0.0,0.0,0.0
120903010305,2000,0.0,0.0,0.0
120903010305,2001,0.0,0.0,0.0
120903010305,2002,0.0,0.0,0.0
120903010305,2003,0.0,0.0,0.0
120903010305,2004,0.0,0.0,0.0
120903010305,2005,0.0,0.0,0.0
120903010305,2006,0.0,0.0,0.0
120903010305,2007,0.0,0.0,0.0
120903010305,2008,0.0,0.0,0.0
120903010305,2009,0.0,0.0,0.0
120903010305,2010,0.0,0.0,0.0
120903010305,2011,0.0,0.0,0.0
120903010305,2012,0.0,0.0,0.0
120903010305,2013,0.0,0.0,0.0
120903010305,2014,0.0,0.0,0.0
120903010305,2015,0.0,0.0,0.0
120903010305,2016,0.0,0.0,0.0
120903010305,2017,0.0,0.0,0.0
120903010305,2018,0.0,0.0,0.0
120903010305,2019,0.0,0.0,0.0
120903010305,2020,0.0,0.0,0.0
120903010306,2000,0.0,0.0,0.0
120903010306,2001,0.0,0.0,0.0
120903010306,2002,0.0,0.0,0.0
120903010306,2003,0.0,0.0,0.0
120903010306,2004,0.0,0.0,0.0
120903010306,2005,0.0,0.0,0.0
120903010306,2006,0.0,0.0,0.0
120903010306,2007,0.0,0.0,0.0
120903010306,2008,0.0,0.0,0.0
120903010306,2009,0.0,0.0,0.0
120903010306,2010,0.0,0.0,0.0
120903010306,2011,0.0,0.0,0.0
120903010306,2012,0.0,0.0,0.0
120903010306,2013,0.0,0.0,0.0
120903010306,2014,0.0,0.0,0.0
120903010306,2015,0.0,0.0,0.0
120903010306,2016,0.0,0.0,0.0
120903010306,2017,0.0,0.0,0.0
120903010306,2018,0.0,0.0,0.0
120903010306,2019,0.0,0.0,0.0
120903010306,2020,0.0,0.0,0.0
120903010307,2000,0.0,0.0,0.0
120903010307,2001,0.0,0.0,0.0
120903010307,2002,0.000702619,0.00083266,0.000129874
120903010307,2003,0.002345055,0.002778485,0.00043351
120903010307,2004,0.0,0.0,0.0
120903010307,2005,0.0,0.0,0.0
120903010307,2006,0.0,0.0,0.0
120903010307,2007,0.0,0.0,0.0
120903010307,2008,0.00112488,0.001332776,0.000207899
120903010307,2009,0.0,0.0,0.0
120903010307,2010,0.0,0.0,0.0
120903010307,2011,0.0,0.0,0.0
120903010307,2012,0.0,0.0,0.0
120903010307,2013,0.0,0.0,0.0
120903010307,2014,0.0,0.0,0.0
120903010307,2015,0.001225745,0.001452444,0.000226614
120903010307,2016,0.002117481,0.002508847,0.000391363
120903010307,2017,0.000812967,0.000963041,0.000150244
120903010307,2018,0.001354041,0.001604321,0.000250279
120903010307,2019,0.002073567,0.00245689,0.000383244
120903010307,2020,0.0,0.0,0.0
120903010308,2000,0.0,0.0,0.0
120903010308,2001,0.0,0.0,0.0
120903010308,2002,0.03731286,0.044209589,0.006896732
120903010308,2003,0.064109551,0.075959167,0.011849701
120903010308,2004,0.0,0.0,0.0
120903010308,2005,0.0,0.0,0.0
120903010308,2006,0.0,0.0,0.0
120903010308,2007,0.0,0.0,0.0
120903010308,2008,0.0,0.0,0.0
120903010308,2009,0.0,0.0,0.0
120903010308,2010,0.0,0.0,0.0
120903010308,2011,0.0,0.0,0.0
120903010308,2012,0.0,0.0,0.0
120903010308,2013,0.0,0.0,0.0
120903010308,2014,0.0,0.0,0.0
120903010308,2015,0.0,0.0,0.0
120903010308,2016,0.0,0.0,0.0
120903010308,2017,0.0,0.0,0.0
120903010308,2018,0.0,0.0,0.0
120903010308,2019,0.0,0.0,0.0
120903010308,2020,0.0,0.0,0.0
120903010309,2000,0.077973639,0.092385754,0.014412197
120903010309,2001,0.127708622,0.151313438,0.023604816
120903010309,2002,0.069941118,0.082868592,0.012927474
120903010309,2003,0.080552375,0.095441386,0.014888841
120903010309,2004,0.076272727,0.090370459,0.014097896
120903010309,2005,0.127999071,0.151657619,0.023658625
120903010309,2006,0.0,0.0,0.0
120903010309,2007,0.020109496,0.023826411,0.003716915
120903010309,2008,0.051711596,0.061269691,0.009558096
120903010309,2009,0.016949392,0.020082077,0.003132855
120903010309,2010,0.052940814,0.06272591,0.009785266
120903010309,2011,0.0,0.0,0.0
120903010309,2012,0.153605366,0.181996593,0.028391475
120903010309,2013,0.0,0.0,0.0
120903010309,2014,0.015698671,0.018600466,0.00290163
120903010309,2015,0.039521318,0.04682611,0.007304879
120903010309,2016,0.0,0.0,0.0
120903010309,2017,0.053354962,0.06321731,0.009861764
120903010309,2018,0.045386726,0.053775959,0.008388981
120903010309,2019,0.155371841,0.184089756,0.028718
120903010309,2020,0.374230571,0.443400962,0.069170557
120903010401,2000,0.088044587,0.10431818,0.016273678
120903010401,2001,0.35504843,0.42067354,0.065625101
120903010401,2002,0.209205729,0.247874129,0.038668315
120903010401,2003,0.294999422,0.3495254,0.05452606
120903010401,2004,0.177973626,0.210869148,0.032895607
120903010401,2005,0.409645978,0.485362729,0.075716589
120903010401,2006,0.166450537,0.197216425,0.030765726
120903010401,2007,0.236659693,0.280402458,0.043742762
120903010401,2008,0.413123574,0.489482923,0.07635935
120903010401,2009,0.235284041,0.278772737,0.043488616
120903010401,2010,0.081072312,0.096057282,0.014984885
120903010401,2011,0.51096991,0.605414693,0.094444532
120903010401,2012,0.531761514,0.630048817,0.098287803
120903010401,2013,0.401003493,0.475122542,0.074119047
120903010401,2014,0.381075773,0.451511441,0.070435753
120903010401,2015,0.398452422,0.472100093,0.073647753
120903010401,2016,0.322759607,0.382416628,0.059657107
120903010401,2017,0.427190545,0.506149751,0.078959458
120903010401,2018,0.527117279,0.624546575,0.097429301
120903010401,2019,0.473217693,0.560684381,0.087466685
120903010401,2020,0.453160738,0.536920443,0.08375962
120903010402,2000,0.087598066,0.103789068,0.016191167
120903010402,2001,0.1829576,0.216774455,0.033816773
120903010402,2002,0.0,0.0,0.0
120903010402,2003,0.0,0.0,0.0
120903010402,2004,0.0,0.0,0.0
120903010402,2005,0.22610277,0.267894277,0.041791507
120903010402,2006,0.088620825,0.10500097,0.016380142
120903010402,2007,0.109686521,0.129960323,0.020273718
120903010402,2008,0.19625003,0.232523615,0.036273675
120903010402,2009,0.132029362,0.15643277,0.024403493
120903010402,2010,0.071918359,0.085211704,0.013293011
120903010402,2011,0.330930707,0.392097901,0.061167271
120903010402,2012,0.22323229,0.264493153,0.041260863
120903010402,2013,0.221164751,0.262043384,0.040878718
120903010402,2014,0.151961156,0.180048616,0.028087627
120903010402,2015,0.083661353,0.099124756,0.01546357
120903010402,2016,0.065316268,0.077389052,0.012072697
120903010402,2017,0.0,0.0,0.0
120903010402,2018,0.260040342,0.308104482,0.048064389
120903010402,2019,0.259805849,0.307826707,0.048020942
120903010402,2020,0.0,0.0,0.0
120903010403,2000,0.0,0.0,0.0
120903010403,2001,0.0,0.0,0.0
120903010403,2002,0.100146682,0.119649556,0.019502789
120903010403,2003,0.0,0.0,0.0
120903010403,2004,0.0,0.0,0.0
120903010403,2005,0.0,0.0,0.0
120903010403,2006,0.0,0.0,0.0
120903010403,2007,0.0,0.0,0.0
120903010403,2008,0.0,0.0,0.0
120903010403,2009,0.0,0.0,0.0
120903010403,2010,0.528982079,0.647468932,0.118486852
120903010403,2011,0.0,0.0,0.0
120903010403,2012,0.294941104,0.357938216,0.062997025
120903010403,2013,0.879102849,1.073385655,0.194282721
120903010403,2014,0.912227129,1.115192093,0.202964964
120903010403,2015,0.354239203,0.433585332,0.079346132
120903010403,2016,0.385207377,0.469192858,0.08398565
120903010403,2017,1.057855485,1.293221934,0.23536637
120903010403,2018,0.946238219,1.155358107,0.209119885
120903010403,2019,0.595506063,0.728002532,0.132496386
120903010403,2020,1.36245047,1.66762603,0.30517556
120903010404,2000,0.185664623,0.219981732,0.034317115
120903010404,2001,0.176506795,0.209131364,0.032624403
120903010404,2002,0.104255375,0.123525337,0.019269962
120903010404,2003,0.093099893,0.110307937,0.017208129
120903010404,2004,0.278728596,0.330247251,0.051518574
120903010404,2005,0.397894436,0.47143897,0.073544537
120903010404,2006,0.293207986,0.347402907,0.054194836
120903010404,2007,0.113052436,0.133948351,0.020895915
120903010404,2008,0.212116962,0.251323467,0.039206503
120903010404,2009,0.126700164,0.150118715,0.023418466
120903010404,2010,0.349571627,0.41418434,0.064612712
120903010404,2011,0.11653629,0.13807626,0.021539885
120903010404,2012,0.312844923,0.370669314,0.057824309
120903010404,2013,0.028440189,0.033816967,0.00537686
120903010404,2014,0.27691674,0.328489885,0.051572729
120903010404,2015,0.093087373,0.110555077,0.017467704
120903010404,2016,0.259024891,0.306901464,0.047876658
120903010404,2017,0.022541975,0.026708386,0.004166496
120903010404,2018,0.481502159,0.570500266,0.088997937
120903010404,2019,0.537608118,0.636976542,0.099368425
120903010404,2020,0.750648792,0.889394194,0.138745566
120903010501,2000,0.0,0.0,0.0
120903010501,2001,0.0,0.0,0.0
120903010501,2002,0.000955748,0.001132326,0.000176573
120903010501,2003,0.054176956,0.064190693,0.010013822
120903010501,2004,0.075741973,0.08974159,0.013999787
120903010501,2005,0.092875312,0.110041868,0.017166553
120903010501,2006,0.0,0.0,0.0
120903010501,2007,0.0,0.0,0.0
120903010501,2008,0.0,0.0,0.0
120903010501,2009,0.0,0.0,0.0
120903010501,2010,0.0,0.0,0.0
120903010501,2011,0.0,0.0,0.0
120903010501,2012,0.215572787,0.255417738,0.039845202
120903010501,2013,0.0,0.0,0.0
120903010501,2014,0.0,0.0,0.0
120903010501,2015,0.0,0.0,0.0
120903010501,2016,0.0,0.0,0.0
120903010501,2017,0.0,0.0,0.0
120903010501,2018,0.216405353,0.251634088,0.035228816
120903010501,2019,0.233795523,0.271224381,0.037429022
120903010501,2020,0.190628194,0.225862541,0.035234432
120903010502,2000,0.0,0.0,0.0
120903010502,2001,0.0,0.0,0.0
120903010502,2002,0.0,0.0,0.0
120903010502,2003,0.0,0.0,0.0
120903010502,2004,0.0,0.0,0.0
120903010502,2005,0.0,0.0,0.0
120903010502,2006,0.0,0.0,0.0
120903010502,2007,0.0,0.0,0.0
120903010502,2008,0.0,0.0,0.0
120903010502,2009,0.0,0.0,0.0
120903010502,2010,0.0,0.0,0.0
120903010502,2011,0.0,0.0,0.0
120903010502,2012,0.0,0.0,0.0
120903010502,2013,0.0,0.0,0.0
120903010502,2014,0.0,0.0,0.0
120903010502,2015,0.0,0.0,0.0
120903010502,2016,0.0,0.0,0.0
120903010502,2017,0.0,0.0,0.0
120903010502,2018,0.0,0.0,0.0
120903010502,2019,0.0,0.0,0.0
120903010502,2020,0.0,0.0,0.0
120903010503,2000,0.0,0.0,0.0
120903010503,2001,0.0,0.0,0.0
120903010503,2002,0.04396063,0.049008537,0.005047907
120903010503,2003,0.065563959,0.072606868,0.00704291
120903010503,2004,0.000599544,0.00065462,5.4995e-05
120903010503,2005,0.0,0.0,0.0
120903010503,2006,0.0,0.0,0.0
120903010503,2007,0.0,0.0,0.0
120903010503,2008,0.0,0.0,0.0
120903010503,2009,0.000723737,0.000837668,0.000113932
120903010503,2010,0.0,0.0,0.0
120903010503,2011,0.001296126,0.001600022,0.000303981
120903010503,2012,0.16604956,0.179707328,0.013657683
120903010503,2013,0.0,0.0,0.0
120903010503,2014,0.0,0.0,0.0
120903010503,2015,0.079345411,0.083963397,0.004617989
120903010503,2016,0.0,0.0,0.0
120903010503,2017,0.0,0.0,0.0
120903010503,2018,0.204257184,0.223476079,0.019218899
120903010503,2019,0.211417052,0.231816775,0.020399723
120903010503,2020,0.321313601,0.346616421,0.025303068
120903010504,2000,0.0,0.0,0.0
120903010504,2001,0.0,0.0,0.0
120903010504,2002,0.025489329,0.025824926,0.000335682
120903010504,2003,0.0,0.0,0.0
120903010504,2004,0.0,0.0,0.0
120903010504,2005,0.0,0.0,0.0
120903010504,2006,0.0,0.0,0.0
120903010504,2007,0.0,0.0,0.0
120903010504,2008,0.0,0.0,0.0
120903010504,2009,0.0,0.0,0.0
120903010504,2010,0.0,0.0,0.0
120903010504,2011,0.0,0.0,0.0
120903010504,2012,0.0,0.0,0.0
120903010504,2013,0.0,0.0,0.0
120903010504,2014,0.0,0.0,0.0
120903010504,2015,0.0,0.0,0.0
120903010504,2016,0.0,0.0,0.0
120903010504,2017,0.0,0.0,0.0
120903010504,2018,0.048479438,0.048821293,0.000341605
120903010504,2019,4.2811e-05,4.2811e-05,0.0
120903010504,2020,0.0,0.0,0.0
120903010505,2000,0.0,0.0,0.0
120903010505,2001,0.0,0.0,0.0
120903010505,2002,0.0,0.0,0.0
120903010505,2003,0.0,0.0,0.0
120903010505,2004,0.0,0.0,0.0
120903010505,2005,0.0,0.0,0.0
120903010505,2006,0.0,0.0,0.0
120903010505,2007,0.0,0.0,0.0
120903010505,2008,0.0,0.0,0.0
120903010505,2009,0.0,0.0,0.0
120903010505,2010,0.0,0.0,0.0
120903010505,2011,0.0,0.0,0.0
120903010505,2012,0.0,0.0,0.0
120903010505,2013,0.0,0.0,0.0
120903010505,2014,0.0,0.0,0.0
120903010505,2015,0.0,0.0,0.0
120903010505,2016,0.0,0.0,0.0
120903010505,2017,0.0,0.0,0.0
120903010505,2018,0.0,0.0,0.0
120903010505,2019,0.0,0.0,0.0
120903010505,2020,0.0,0.0,0.0
120903010506,2000,0.0,0.0,0.0
120903010506,2001,0.0,0.0,0.0
120903010506,2002,0.0,0.0,0.0
120903010506,2003,0.0,0.0,0.0
120903010506,2004,0.0,0.0,0.0
120903010506,2005,0.0,0.0,0.0
120903010506,2006,0.0,0.0,0.0
120903010506,2007,2.849e-06,3.518e-06,6.71e-07
120903010506,2008,0.0,0.0,0.0
120903010506,2009,0.0,0.0,0.0
120903010506,2010,0.0,0.0,0.0
120903010506,2011,0.0,0.0,0.0
120903010506,2012,0.0,0.0,0.0
120903010506,2013,0.0,0.0,0.0
120903010506,2014,0.0,0.0,0.0
120903010506,2015,0.0,0.0,0.0
120903010506,2016,0.0,0.0,0.0
120903010506,2017,0.0,0.0,0.0
120903010506,2018,0.0,0.0,0.0
120903010506,2019,0.0,0.0,0.0
120903010506,2020,0.0,0.0,0.0
120903010507,2000,0.13765818,0.169948246,0.032290235
120903010507,2001,0.208133532,0.256954986,0.048821537
120903010507,2002,0.311485474,0.384549981,0.073064507
120903010507,2003,0.068791104,0.084927014,0.016136332
120903010507,2004,0.127583011,0.157509967,0.029926956
120903010507,2005,0.529483164,0.6536828,0.124199718
120903010507,2006,0.336022762,0.414842858,0.078820099
120903010507,2007,0.255444868,0.315363945,0.059919247
120903010507,2008,0.408225361,0.503981863,0.09575659
120903010507,2009,0.127817038,0.157798841,0.029981885
120903010507,2010,0.455694655,0.562586274,0.106891364
120903010507,2011,0.0,0.0,0.0
120903010507,2012,0.166037339,0.204984311,0.038947221
120903010507,2013,0.182245003,0.224993745,0.04274891
120903010507,2014,0.382322721,0.472003282,0.089680562
120903010507,2015,0.197008984,0.243221077,0.046211852
120903010507,2016,0.151177511,0.186639011,0.035461415
120903010507,2017,0.346542616,0.427830356,0.081287907
120903010507,2018,0.564351175,0.69672991,0.132378652
120903010507,2019,0.525359693,0.648592249,0.123232559
120903010507,2020,0.688779978,0.850345683,0.16156562
120903010601,2000,0.0,0.0,0.0
120903010601,2001,0.0,0.0,0.0
120903010601,2002,0.0,0.0,0.0
120903010601,2003,0.0,0.0,0.0
120903010601,2004,0.0,0.0,0.0
120903010601,2005,0.0,0.0,0.0
120903010601,2006,0.0,0.0,0.0
120903010601,2007,0.0,0.0,0.0
120903010601,2008,0.0,0.0,0.0
120903010601,2009,0.0,0.0,0.0
120903010601,2010,0.0,0.0,0.0
120903010601,2011,0.0,0.0,0.0
120903010601,2012,0.0,0.0,0.0
120903010601,2013,0.0,0.0,0.0
120903010601,2014,0.0,0.0,0.0
120903010601,2015,0.0,0.0,0.0
120903010601,2016,0.0,0.0,0.0
120903010601,2017,0.0,0.0,0.0
120903010601,2018,0.0,0.0,0.0
120903010601,2019,0.0,0.0,0.0
120903010601,2020,0.0,0.0,0.0
120903010602,2000,0.0,0.0,0.0
120903010602,2001,0.0,0.0,0.0
120903010602,2002,0.0,0.0,0.0
120903010602,2003,0.0,0.0,0.0
120903010602,2004,0.0,0.0,0.0
120903010602,2005,0.0,0.0,0.0
120903010602,2006,0.0,0.0,0.0
120903010602,2007,0.0,0.0,0.0
120903010602,2008,0.0,0.0,0.0
120903010602,2009,0.0,0.0,0.0
120903010602,2010,0.0,0.0,0.0
120903010602,2011,0.0,0.0,0.0
120903010602,2012,0.0,0.0,0.0
120903010602,2013,0.0,0.0,0.0
120903010602,2014,0.0,0.0,0.0
120903010602,2015,0.0,0.0,0.0
120903010602,2016,0.0,0.0,0.0
120903010602,2017,0.0,0.0,0.0
120903010602,2018,0.0,0.0,0.0
120903010602,2019,0.0,0.0,0.0
120903010602,2020,0.0,0.0,0.0
120903010603,2000,0.0,0.0,0.0
120903010603,2001,0.0,0.0,0.0
120903010603,2002,0.0,0.0,0.0
120903010603,2003,0.0,0.0,0.0
120903010603,2004,0.0,0.0,0.0
120903010603,2005,0.0,0.0,0.0
120903010603,2006,0.0,0.0,0.0
120903010603,2007,0.0,0.0,0.0
120903010603,2008,0.0,0.0,0.0
120903010603,2009,0.0,0.0,0.0
120903010603,2010,0.0,0.0,0.0
120903010603,2011,0.0,0.0,0.0
120903010603,2012,0.0,0.0,0.0
120903010603,2013,0.0,0.0,0.0
120903010603,2014,0.0,0.0,0.0
120903010603,2015,0.0,0.0,0.0
120903010603,2016,0.0,0.0,0.0
120903010603,2017,0.0,0.0,0.0
120903010603,2018,0.0,0.0,0.0
120903010603,2019,0.0,0.0,0.0
120903010603,2020,0.0,0.0,0.0
120903010604,2000,0.0,0.0,0.0
120903010604,2001,0.0,0.0,0.0
120903010604,2002,0.0,0.0,0.0
120903010604,2003,0.0,0.0,0.0
120903010604,2004,0.0,0.0,0.0
120903010604,2005,0.0,0.0,0.0
120903010604,2006,0.0,0.0,0.0
120903010604,2007,0.0,0.0,0.0
120903010604,2008,0.0,0.0,0.0
120903010604,2009,0.0,0.0,0.0
120903010604,2010,0.0,0.0,0.0
120903010604,2011,0.0,0.0,0.0
120903010604,2012,0.0,0.0,0.0
120903010604,2013,0.0,0.0,0.0
120903010604,2014,0.0,0.0,0.0
120903010604,2015,0.0,0.0,0.0
120903010604,2016,0.0,0.0,0.0
120903010604,2017,0.0,0.0,0.0
120903010604,2018,0.0,0.0,0.0
120903010604,2019,0.0,0.0,0.0
120903010604,2020,0.0,0.0,0.0
120903010605,2000,0.0,0.0,0.0
120903010605,2001,0.0,0.0,0.0
120903010605,2002,0.0,0.0,0.0
120903010605,2003,0.0,0.0,0.0
120903010605,2004,0.0,0.0,0.0
120903010605,2005,0.0,0.0,0.0
120903010605,2006,0.0,0.0,0.0
120903010605,2007,0.0,0.0,0.0
120903010605,2008,0.0,0.0,0.0
120903010605,2009,0.0,0.0,0.0
120903010605,2010,0.0,0.0,0.0
120903010605,2011,0.0,0.0,0.0
120903010605,2012,0.0,0.0,0.0
120903010605,2013,0.0,0.0,0.0
120903010605,2014,0.0,0.0,0.0
120903010605,2015,0.0,0.0,0.0
120903010605,2016,0.0,0.0,0.0
120903010605,2017,0.0,0.0,0.0
120903010605,2018,0.0,0.0,0.0
120903010605,2019,0.000807123,0.000996405,0.000189282
120903010605,2020,0.0,0.0,0.0
120903010606,2000,0.0,0.0,0.0
120903010606,2001,0.0,0.0,0.0
120903010606,2002,0.0,0.0,0.0
120903010606,2003,0.0,0.0,0.0
120903010606,2004,0.0,0.0,0.0
120903010606,2005,0.0,0.0,0.0
120903010606,2006,0.0,0.0,0.0
120903010606,2007,0.0,0.0,0.0
120903010606,2008,0.0,0.0,0.0
120903010606,2009,0.0,0.0,0.0
120903010606,2010,0.0,0.0,0.0
120903010606,2011,0.0,0.0,0.0
120903010606,2012,0.0,0.0,0.0
120903010606,2013,0.0,0.0,0.0
120903010606,2014,0.0,0.0,0.0
120903010606,2015,0.0,0.0,0.0
120903010606,2016,0.0,0.0,0.0
120903010606,2017,0.0,0.0,0.0
120903010606,2018,0.0,0.0,0.0
120903010606,2019,0.045363405,0.074857178,0.029493773
120903010606,2020,0.0,0.0,0.0
120903010607,2000,0.0,0.0,0.0
120903010607,2001,0.0,0.0,0.0
120903010607,2002,0.0,0.0,0.0
120903010607,2003,0.0,0.0,0.0
120903010607,2004,0.0,0.0,0.0
120903010607,2005,0.0,0.0,0.0
120903010607,2006,0.0,0.0,0.0
120903010607,2007,0.0,0.0,0.0
120903010607,2008,0.0,0.0,0.0
120903010607,2009,0.0,0.0,0.0
120903010607,2010,0.0,0.0,0.0
120903010607,2011,0.0,0.0,0.0
120903010607,2012,0.0,0.0,0.0
120903010607,2013,0.0,0.0,0.0
120903010607,2014,0.0,0.0,0.0
120903010607,2015,0.0,0.0,0.0
120903010607,2016,0.0,0.0,0.0
120903010607,2017,0.0,0.0,0.0
120903010607,2018,0.0,0.0,0.0
120903010607,2019,0.0,0.0,0.0
120903010607,2020,0.0,0.0,0.0
120903010608,2000,0.0,0.0,0.0
120903010608,2001,0.0,0.0,0.0
120903010608,2002,0.0,0.0,0.0
120903010608,2003,0.0,0.0,0.0
120903010608,2004,0.0,0.0,0.0
120903010608,2005,0.0,0.0,0.0
120903010608,2006,0.0,0.0,0.0
120903010608,2007,0.0,0.0,0.0
120903010608,2008,0.0,0.0,0.0
120903010608,2009,0.0,0.0,0.0
120903010608,2010,0.0,0.0,0.0
120903010608,2011,0.0,0.0,0.0
120903010608,2012,0.0,0.0,0.0
120903010608,2013,0.0,0.0,0.0
120903010608,2014,0.0,0.0,0.0
120903010608,2015,0.0,0.0,0.0
120903010608,2016,0.0,0.0,0.0
120903010608,2017,0.0,0.0,0.0
120903010608,2018,0.0,0.0,0.0
120903010608,2019,0.0,0.0,0.0
120903010608,2020,0.0,0.0,0.0
120903010701,2000,0.24552621,0.303118861,0.057592648
120903010701,2001,0.097488134,0.12035569,0.022867638
120903010701,2002,0.455620082,0.562494121,0.106873786
120903010701,2003,0.290727989,0.358923318,0.068195326
120903010701,2004,0.495387634,0.611589847,0.116202044
120903010701,2005,0.520372178,0.642434742,0.122062644
120903010701,2006,0.312280685,0.385531896,0.073251129
120903010701,2007,0.297737307,0.367576701,0.069839644
120903010701,2008,0.365320437,0.45101282,0.085692467
120903010701,2009,0.342325422,0.422624134,0.080298627
120903010701,2010,0.421031882,0.519792452,0.09876057
120903010701,2011,0.414964529,0.512301962,0.097337266
120903010701,2012,1.3891e-05,1.7134e-05,3.158e-06
120903010701,2013,0.485015608,0.598784808,0.1137692
120903010701,2014,0.692387929,0.854799666,0.162411989
120903010701,2015,0.274471099,0.338853414,0.064382063
120903010701,2016,0.377417631,0.465947669,0.088530205
120903010701,2017,0.654330622,0.807815929,0.153484896
120903010701,2018,0.937403762,1.157288764,0.219884918
120903010701,2019,1.086700748,1.34160569,0.254905025
120903010701,2020,0.631584806,0.779734126,0.148149489
120903010702,2000,0.0,0.0,0.0
120903010702,2001,0.0,0.0,0.0
120903010702,2002,0.0,0.0,0.0
120903010702,2003,0.0,0.0,0.0
120903010702,2004,0.0,0.0,0.0
120903010702,2005,0.0,0.0,0.0
120903010702,2006,0.0,0.0,0.0
120903010702,2007,0.0,0.0,0.0
120903010702,2008,0.0,0.0,0.0
120903010702,2009,0.0,0.0,0.0
120903010702,2010,0.0,0.0,0.0
120903010702,2011,0.0,0.0,0.0
120903010702,2012,0.0,0.0,0.0
120903010702,2013,0.0,0.0,0.0
120903010702,2014,0.0,0.0,0.0
120903010702,2015,0.0,0.0,0.0
120903010702,2016,0.0,0.0,0.0
120903010702,2017,0.0,0.0,0.0
120903010702,2018,0.0,0.0,0.0
120903010702,2019,0.0,0.0,0.0
120903010702,2020,0.0,0.0,0.0
120903010703,2000,0.0,0.0,0.0
120903010703,2001,0.0,0.0,0.0
120903010703,2002,0.0,0.0,0.0
120903010703,2003,0.0,0.0,0.0
120903010703,2004,0.0,0.0,0.0
120903010703,2005,0.0,0.0,0.0
120903010703,2006,0.0,0.0,0.0
120903010703,2007,0.0,0.0,0.0
120903010703,2008,0.0,0.0,0.0
120903010703,2009,0.0,0.0,0.0
120903010703,2010,0.0,0.0,0.0
120903010703,2011,0.0,0.0,0.0
120903010703,2012,0.0,0.0,0.0
120903010703,2013,0.0,0.0,0.0
120903010703,2014,0.0,0.0,0.0
120903010703,2015,0.0,0.0,0.0
120903010703,2016,0.0,0.0,0.0
120903010703,2017,0.0,0.0,0.0
120903010703,2018,0.0,0.0,0.0
120903010703,2019,0.0,0.0,0.0
120903010703,2020,0.0,0.0,0.0
120903010704,2000,0.0,0.0,0.0
120903010704,2001,0.0,0.0,0.0
120903010704,2002,0.0,0.0,0.0
120903010704,2003,0.0,0.0,0.0
120903010704,2004,0.0,0.0,0.0
120903010704,2005,0.0,0.0,0.0
120903010704,2006,0.0,0.0,0.0
120903010704,2007,0.0,0.0,0.0
120903010704,2008,0.0,0.0,0.0
120903010704,2009,0.0,0.0,0.0
120903010704,2010,0.0,0.0,0.0
120903010704,2011,0.0,0.0,0.0
120903010704,2012,0.0,0.0,0.0
120903010704,2013,0.0,0.0,0.0
120903010704,2014,0.0,0.0,0.0
120903010704,2015,0.0,0.0,0.0
120903010704,2016,0.0,0.0,0.0
120903010704,2017,0.0,0.0,0.0
120903010704,2018,0.0,0.0,0.0
120903010704,2019,0.0,0.0,0.0
120903010704,2020,0.0,0.0,0.0
120903010705,2000,0.0,0.0,0.0
120903010705,2001,0.0,0.0,0.0
120903010705,2002,0.0,0.0,0.0
120903010705,2003,0.0,0.0,0.0
120903010705,2004,0.004459937,0.005506109,0.001046254
120903010705,2005,0.0,0.0,0.0
120903010705,2006,0.0,0.0,0.0
120903010705,2007,0.0,0.0,0.0
120903010705,2008,0.006567036,0.008107566,0.001540448
120903010705,2009,0.005468178,0.006750792,0.001282699
120903010705,2010,0.0,0.0,0.0
120903010705,2011,0.005878386,0.007257085,0.001378784
120903010705,2012,0.0,0.0,0.0
120903010705,2013,0.005413775,0.006683773,0.001269827
120903010705,2014,0.0,0.0,0.0
120903010705,2015,0.0,0.0,0.0
120903010705,2016,0.004132057,0.005101333,0.000969279
120903010705,2017,0.0,0.0,0.0
120903010705,2018,0.0,0.0,0.0
120903010705,2019,0.0,0.0,0.0
120903010705,2020,0.000878943,0.001085172,0.000206314
120903010706,2000,0.048852585,0.060311932,0.011459265
120903010706,2001,0.084321304,0.104100378,0.019779159
120903010706,2002,0.0,0.0,0.0
120903010706,2003,0.091476167,0.112933542,0.021457378
120903010706,2004,0.03048326,0.037633645,0.007150383
120903010706,2005,0.061649729,0.076110868,0.014461055
120903010706,2006,0.0,0.0,0.0
120903010706,2007,0.0,0.0,0.0
120903010706,2008,0.0,0.0,0.0
120903010706,2009,0.0,0.0,0.0
120903010706,2010,0.0,0.0,0.0
120903010706,2011,0.079364611,0.097980973,0.018616367
120903010706,2012,0.0,0.0,0.0
120903010706,2013,0.106344312,0.13128929,0.024944978
120903010706,2014,0.0,0.0,0.0
120903010706,2015,0.0,0.0,0.0
120903010706,2016,0.0,0.0,0.0
120903010706,2017,0.0,0.0,0.0
120903010706,2018,0.000234293,0.000289288,5.491e-05
120903010706,2019,0.0,0.0,0.0
120903010706,2020,0.0,0.0,0.0
120903010707,2000,0.0,0.0,0.0
120903010707,2001,0.175564816,0.216746663,0.041181929
120903010707,2002,0.147886063,0.182575315,0.034689337
120903010707,2003,0.211835452,0.261525455,0.049689833
120903010707,2004,0.109006068,0.134575492,0.025569254
120903010707,2005,0.104866841,0.129465008,0.024598419
120903010707,2006,0.215701405,0.266297764,0.050596693
120903010707,2007,0.149396573,0.184440249,0.035043674
120903010707,2008,0.0,0.0,0.0
120903010707,2009,0.172530493,0.213000581,0.040470005
120903010707,2010,0.268110411,0.331000411,0.062890167
120903010707,2011,0.0,0.0,0.0
120903010707,2012,0.0,0.0,0.0
120903010707,2013,0.193104967,0.238401175,0.045296205
120903010707,2014,0.210006063,0.259266682,0.049260704
120903010707,2015,0.0,0.0,0.0
120903010707,2016,0.0,0.0,0.0
120903010707,2017,0.144181614,0.17800191,0.033820296
120903010707,2018,0.10532054,0.130025449,0.024704825
120903010707,2019,0.0,0.0,0.0
120903010707,2020,0.0,0.0,0.0
120903010708,2000,0.09963347,0.123004393,0.023370839
120903010708,2001,0.082557682,0.101923205,0.019365356
120903010708,2002,0.076540036,0.094493912,0.017953877
120903010708,2003,0.106865778,0.131933142,0.025067364
120903010708,2004,0.105232544,0.12991679,0.024684161
120903010708,2005,0.114057129,0.140811244,0.026754115
120903010708,2006,0.015507145,0.019144378,0.003637644
120903010708,2007,0.357937282,0.441897841,0.083960649
120903010708,2008,0.372815128,0.460265525,0.087450481
120903010708,2009,0.520698603,0.642837619,0.122139099
120903010708,2010,0.515858871,0.636862844,0.121003888
120903010708,2011,0.926928378,1.144356,0.217427789
120903010708,2012,0.0,0.0,0.0
120903010708,2013,0.591258049,0.729948148,0.138690184
120903010708,2014,0.624960567,0.771556233,0.146595584
120903010708,2015,0.125781444,0.155285822,0.029504378
120903010708,2016,0.214613544,0.264955167,0.050341456
120903010708,2017,0.771060055,0.951926033,0.180865978
120903010708,2018,0.509058715,0.628467537,0.119408822
120903010708,2019,0.56324463,0.69536386,0.132119145
120903010708,2020,0.141806932,0.175503519,0.033696754
120903010709,2000,0.0,0.0,0.0
120903010709,2001,0.0,0.0,0.0
120903010709,2002,0.0,0.0,0.0
120903010709,2003,0.0,0.0,0.0
120903010709,2004,0.035623164,0.052464019,0.016840937
120903010709,2005,0.053214392,0.169472268,0.116258047
120903010709,2006,0.04471769,0.142413449,0.09769551
120903010709,2007,0.0,0.0,0.0
120903010709,2008,0.0,0.0,0.0
120903010709,2009,0.058081904,0.136663386,0.078581315
120903010709,2010,0.0,0.0,0.0
120903010709,2011,0.0,0.0,0.0
120903010709,2012,0.0,0.0,0.0
120903010709,2013,0.071696838,0.183367762,0.111670923
120903010709,2014,0.0,0.0,0.0
120903010709,2015,0.0,0.0,0.0
120903010709,2016,0.0,0.0,0.0
120903010709,2017,0.050241863,0.085590871,0.035348932
120903010709,2018,0.0,0.0,0.0
120903010709,2019,0.109415975,0.170164764,0.060748953
120903010709,2020,0.12126421,0.192482921,0.071218713
120903010710,2000,0.09098262,0.289753448,0.198770828
120903010710,2001,0.116114186,0.369790888,0.253676619
120903010710,2002,0.10834029,0.345033025,0.236692649
120903010710,2003,0.177731211,0.566022945,0.388291816
120903010710,2004,0.11770721,0.374863973,0.257156593
120903010710,2005,0.176574932,0.562340564,0.385765633
120903010710,2006,0.179069959,0.570286258,0.391216301
120903010710,2007,0.162603233,0.517844677,0.355241367
120903010710,2008,0.234544536,0.746957478,0.512412861
120903010710,2009,0.186576282,0.594191945,0.407615748
120903010710,2010,0.188497416,0.600310362,0.411813027
120903010710,2011,0.267363833,0.851477378,0.584113548
120903010710,2012,0.142461243,0.453698115,0.311236956
120903010710,2013,0.232761038,0.741277071,0.508516115
120903010710,2014,0.235112712,0.748766578,0.513653863
120903010710,2015,0.100536093,0.320178548,0.21964254
120903010710,2016,0.110040235,0.35044676,0.240406358
120903010710,2017,0.242155219,0.771195173,0.529039953
120903010710,2018,0.309725392,0.986386373,0.676661068
120903010710,2019,0.369027693,1.175247567,0.806219874
120903010710,2020,0.302898514,0.96464506,0.661746631
120903010711,2000,0.0,0.0,0.0
120903010711,2001,0.0,0.0,0.0
120903010711,2002,0.0,0.0,0.0
120903010711,2003,0.0,0.0,0.0
120903010711,2004,0.0,0.0,0.0
120903010711,2005,0.0,0.0,0.0
120903010711,2006,0.0,0.0,0.0
120903010711,2007,0.0,0.0,0.0
120903010711,2008,0.0,0.0,0.0
120903010711,2009,0.0,0.0,0.0
120903010711,2010,0.0,0.0,0.0
120903010711,2011,0.0,0.0,0.0
120903010711,2012,0.0,0.0,0.0
120903010711,2013,0.0,0.0,0.0
120903010711,2014,0.0,0.0,0.0
120903010711,2015,0.0,0.0,0.0
120903010711,2016,0.0,0.0,0.0
120903010711,2017,0.0,0.0,0.0
120903010711,2018,0.0,0.0,0.0
120903010711,2019,0.0,0.0,0.0
120903010711,2020,0.0,0.0,0.0
120903010712,2000,0.009003601,0.028674128,0.019670445
120903010712,2001,0.009156148,0.029159512,0.020003532
120903010712,2002,0.00885711,0.028207422,0.019350227
120903010712,2003,0.008263178,0.02631583,0.018052658
120903010712,2004,0.011787522,0.037539874,0.025752434
120903010712,2005,0.0,0.0,0.0
120903010712,2006,0.003636403,0.011580814,0.007944496
120903010712,2007,0.006024189,0.019185436,0.013161162
120903010712,2008,0.005113426,0.016284822,0.011171396
120903010712,2009,0.0,0.0,0.0
120903010712,2010,0.0,0.0,0.0
120903010712,2011,0.0,0.0,0.0
120903010712,2012,0.01132956,0.036081309,0.024751667
120903010712,2013,0.0,0.0,0.0
120903010712,2014,0.007204326,0.022943899,0.015739573
120903010712,2015,0.004925403,0.015686071,0.010760668
120903010712,2016,0.0,0.0,0.0
120903010712,2017,0.00700014,0.022293474,0.015293334
120903010712,2018,0.018586559,0.059192537,0.040606153
120903010712,2019,0.018204329,0.057975833,0.039771337
120903010712,2020,0.015522475,0.04943479,0.03391223
120903020101,2000,0.026243672,0.083578975,0.057335052
120903020101,2001,0.044973564,0.143228225,0.098254658
120903020101,2002,0.062384025,0.198675055,0.136291115
120903020101,2003,0.085438759,0.272097808,0.186659047
120903020101,2004,0.074965451,0.238743533,0.163778
120903020101,2005,0.06738497,0.214601745,0.147216775
120903020101,2006,0.074311068,0.236658978,0.162348074
120903020101,2007,0.022043485,0.070202184,0.048158699
120903020101,2008,0.093187541,0.296775555,0.203588101
120903020101,2009,0.072501233,0.230895795,0.158394559
120903020101,2010,0.064604918,0.20574869,0.141143603
120903020101,2011,0.010088458,0.032128953,0.022040496
120903020101,2012,0.026785246,0.085303525,0.058518194
120903020101,2013,0.035786326,0.113969068,0.078182742
120903020101,2014,0.070564088,0.22472631,0.15416214
120903020101,2015,0.034566847,0.110085652,0.075518721
120903020101,2016,0.0,0.0,0.0
120903020101,2017,0.0,0.0,0.0
120903020101,2018,0.046856627,0.149225112,0.1023684
120903020101,2019,0.051002173,0.162427622,0.111425282
120903020101,2020,0.055778175,0.177637077,0.121859066
120903020102,2000,0.584143667,1.860330117,1.276186448
120903020102,2001,0.587379115,1.870634411,1.283255211
120903020102,2002,0.453619836,1.444649167,0.991029247
120903020102,2003,0.456120841,1.452614504,0.996493578
120903020102,2004,0.334953199,1.066730139,0.731776855
120903020102,2005,0.320381444,1.020323134,0.699941775
120903020102,2006,0.538348255,1.714485296,1.176136795
120903020102,2007,0.196343658,0.625298041,0.428954384
120903020102,2008,0.493573172,1.571889101,1.078315844
120903020102,2009,0.310947449,0.990278515,0.679330981
120903020102,2010,0.745504362,2.374218104,1.628713573
120903020102,2011,0.49009391,1.560808789,1.070714877
120903020102,2012,0.660265347,2.102756243,1.442490727
120903020102,2013,0.601402677,1.9152952,1.313892523
120903020102,2014,0.555546164,1.769255523,1.213709356
120903020102,2015,0.314321252,1.001023027,0.68670186
120903020102,2016,0.467118434,1.487638533,1.020520178
120903020102,2017,0.272752712,0.868639932,0.595886885
120903020102,2018,0.589102485,1.876122734,1.287020003
120903020102,2019,0.286608964,0.912767312,0.626158345
120903020102,2020,0.455471637,1.450546814,0.995075093
120903020103,2000,0.0,0.0,0.0
120903020103,2001,0.0,0.0,0.0
120903020103,2002,0.0,0.0,0.0
120903020103,2003,0.0,0.0,0.0
120903020103,2004,0.0,0.0,0.0
120903020103,2005,0.0,0.0,0.0
120903020103,2006,0.0,0.0,0.0
120903020103,2007,0.0,0.0,0.0
120903020103,2008,0.0,0.0,0.0
120903020103,2009,0.0,0.0,0.0
120903020103,2010,0.0,0.0,0.0
120903020103,2011,0.0,0.0,0.0
120903020103,2012,0.0,0.0,0.0
120903020103,2013,0.0,0.0,0.0
120903020103,2014,0.0,0.0,0.0
120903020103,2015,0.0,0.0,0.0
120903020103,2016,0.0,0.0,0.0
120903020103,2017,0.0,0.0,0.0
120903020103,2018,0.0,0.0,0.0
120903020103,2019,0.0,0.0,0.0
120903020103,2020,0.0,0.0,0.0
120903020104,2000,0.023324158,0.074280344,0.050956516
120903020104,2001,0.004842978,0.015423395,0.010580416
120903020104,2002,0.023872416,0.076027033,0.052154611
120903020104,2003,0.005842819,0.018607967,0.012765148
120903020104,2004,0.015078243,0.048019697,0.032941538
120903020104,2005,0.00748514,0.023837584,0.016352529
120903020104,2006,0.0,0.0,0.0
120903020104,2007,0.008181022,0.026054211,0.017873189
120903020104,2008,0.006216175,0.019796828,0.01358065
120903020104,2009,0.0,0.0,0.0
120903020104,2010,0.042749118,0.136143767,0.093394567
120903020104,2011,0.012073586,0.038450811,0.026377148
120903020104,2012,0.001313937,0.004184495,0.002870634
120903020104,2013,0.07815634,0.248905658,0.170749315
120903020104,2014,0.009462282,0.030134707,0.020672342
120903020104,2015,0.0,0.0,0.0
120903020104,2016,0.050498169,0.160821959,0.110323869
120903020104,2017,0.0,0.0,0.0
120903020104,2018,0.0,0.0,0.0
120903020104,2019,0.0,0.0,0.0
120903020104,2020,0.011258325,0.035854549,0.024596393
120903020105,2000,0.201595117,0.642022437,0.440427317
120903020105,2001,0.1854998,0.590763436,0.405263803
120903020105,2002,0.195548893,0.622767101,0.427218126
120903020105,2003,0.195063953,0.621222718,0.426158679
120903020105,2004,0.130029691,0.414107175,0.284077653
120903020105,2005,0.236541526,0.753316921,0.516775477
120903020105,2006,0.138272978,0.44035983,0.302086682
120903020105,2007,0.076305107,0.243010192,0.166705
120903020105,2008,0.197592519,0.629275574,0.431683139
120903020105,2009,0.313804452,0.999377022,0.685572811
120903020105,2010,0.210468921,0.670283151,0.459814233
120903020105,2011,0.349687362,1.113654025,0.763966584
120903020105,2012,0.066531913,0.211884861,0.145353033
120903020105,2013,0.221267984,0.704675364,0.483407381
120903020105,2014,0.220838825,0.703308192,0.4824692
120903020105,2015,0.141345674,0.450145762,0.308800003
120903020105,2016,0.197892902,0.630232178,0.432339279
120903020105,2017,0.223317488,0.711201956,0.487884468
120903020105,2018,0.186492534,0.593925225,0.40743269
120903020105,2019,0.0,0.0,0.0
120903020105,2020,0.137295814,0.437247746,0.299952016
120903020106,2000,3.147202582,10.022938068,6.875735486
120903020106,2001,2.482548293,7.90620474,5.423656529
120903020106,2002,2.565012197,8.168828805,5.603816356
120903020106,2003,2.384545077,7.594092545,5.209547468
120903020106,2004,2.084286809,6.637856167,4.553569273
120903020106,2005,4.416440288,14.065096392,9.648656107
120903020106,2006,4.479860668,14.267071627,9.787211041
120903020106,2007,2.240211359,7.134431027,4.894219499
120903020106,2008,2.948666342,9.390656776,6.441990598
120903020106,2009,3.128629299,9.963787252,6.835158038
120903020106,2010,4.215362636,13.424721863,9.20935923
120903020106,2011,4.749831863,15.126852989,10.377021134
120903020106,2012,2.82513253,8.997237393,6.172104779
120903020106,2013,4.322876121,13.767121466,9.444245266
120903020106,2014,4.456504721,14.192690375,9.736185655
120903020106,2015,2.063960373,6.573122381,4.509161923
120903020106,2016,3.03356821,9.661045041,6.627476913
120903020106,2017,4.36958194,13.915866452,9.546284427
120903020106,2018,4.747244816,15.118614268,10.371369455
120903020106,2019,3.874539085,12.339296112,8.46475711
120903020106,2020,4.836879869,15.404076055,10.567196186
120903020107,2000,2.007045574,4.030211934,2.023166361
120903020107,2001,1.963475937,3.819992088,1.856516151
120903020107,2002,1.163698068,2.609188633,1.445490562
120903020107,2003,1.821722321,3.318255592,1.496533186
120903020107,2004,1.505320656,2.808434025,1.303113369
120903020107,2005,4.052936014,7.395868682,3.342932586
120903020107,2006,3.500656082,6.6679162,3.167260203
120903020107,2007,1.753163403,3.326685726,1.573522405
120903020107,2008,3.659906295,6.642298153,2.982391858
120903020107,2009,2.041107649,3.657898937,1.616791296
120903020107,2010,3.028377981,5.628955589,2.600577441
120903020107,2011,2.59272114,5.685792153,3.093070849
120903020107,2012,2.728749719,5.557534954,2.828785317
120903020107,2013,3.788142699,7.201792216,3.413649441
120903020107,2014,3.496539775,6.86942991,3.372890134
120903020107,2015,1.50380237,3.126408195,1.622605901
120903020107,2016,2.192856134,4.549493967,2.356637997
120903020107,2017,2.684055323,5.686558197,3.002502789
120903020107,2018,3.341393414,7.232453255,3.891059764
120903020107,2019,2.894592479,5.871384074,2.97679151
120903020107,2020,2.962532314,5.53744373,2.574911325
120903020108,2000,2.40222024,3.060153199,0.657932959
120903020108,2001,2.976705658,3.791981674,0.815276101
120903020108,2002,4.133483537,5.265584362,1.132100575
120903020108,2003,5.239941468,6.67508466,1.435143274
120903020108,2004,2.183506609,2.781537016,0.598030407
120903020108,2005,4.810358003,6.127844814,1.317486562
120903020108,2006,3.897049962,4.964395049,1.067344836
120903020108,2007,2.873708877,3.660775814,0.787066685
120903020108,2008,5.293705098,6.743573342,1.449868243
120903020108,2009,2.703205378,3.443573715,0.740368332
120903020108,2010,4.536683921,5.779215126,1.242531205
120903020108,2011,6.499287978,8.27934771,1.78005974
120903020108,2012,4.504093046,5.737698063,1.233605186
120903020108,2013,6.336781825,8.07233349,1.735551748
120903020108,2014,5.232807342,6.66599654,1.433189197
120903020108,2015,2.177996112,2.774517397,0.596521203
120903020108,2016,3.057699855,3.89515912,0.83745926
120903020108,2017,4.302050975,5.480319784,1.178268811
120903020108,2018,4.72052886,6.013412625,1.292883764
120903020108,2019,5.966407,7.600518395,1.634111559
120903020108,2020,4.000757413,5.09650612,1.095748708
120903020201,2000,3.20267359,4.079838811,0.877165306
120903020201,2001,4.444780159,5.662140449,1.217360121
120903020201,2002,5.074580688,6.464434079,1.389853222
120903020201,2003,3.341103685,4.256183063,0.915079296
120903020201,2004,2.835602279,3.612232238,0.776629959
120903020201,2005,6.256869252,7.970533773,1.71366494
120903020201,2006,5.387183995,6.862654964,1.475470888
120903020201,2007,1.855338118,2.363488025,0.508149989
120903020201,2008,4.490261005,5.72007773,1.229816639
120903020201,2009,3.563432718,4.539404685,0.975972049
120903020201,2010,5.586100077,7.116050921,1.529950926
120903020201,2011,7.923987329,10.094251266,2.170263852
120903020201,2012,5.920322008,7.541811347,1.621489593
120903020201,2013,7.43981771,9.477475016,2.037657137
120903020201,2014,5.861923534,7.467418411,1.605494877
120903020201,2015,3.444674268,4.388120184,0.94344583
120903020201,2016,3.76308177,4.793734626,1.030652937
120903020201,2017,5.261062129,6.701989929,1.440927893
120903020201,2018,8.274582775,10.540869663,2.266286967
120903020201,2019,7.2778912,9.271199101,1.993307822
120903020201,2020,8.504298478,10.833501216,2.329202653
120903020202,2000,3.365707645,4.28752579,0.921817978
120903020202,2001,3.507141299,4.467696058,0.960554759
120903020202,2002,5.038400756,6.418344899,1.379944142
120903020202,2003,2.815076529,3.586084726,0.771008197
120903020202,2004,2.733509388,3.482177388,0.748668251
120903020202,2005,4.982285255,6.346860159,1.364575071
120903020202,2006,5.108433611,6.507558721,1.399125192
120903020202,2007,1.375419926,1.752127178,0.376707332
120903020202,2008,2.402131855,3.060040555,0.65790853
120903020202,2009,5.073098321,6.462545778,1.389447373
120903020202,2010,6.015277093,7.662773332,1.647496238
120903020202,2011,4.184773836,5.330922096,1.146148427
120903020202,2012,5.555065407,7.076516385,1.521450899
120903020202,2013,9.775578575,12.452966255,2.677387847
120903020202,2014,7.648459337,9.74326017,2.09480083
120903020202,2015,4.046961981,5.155365436,1.108403627
120903020202,2016,3.457186852,4.404059705,0.946872768
120903020202,2017,3.522110008,4.486764293,0.964654367
120903020202,2018,6.960563808,8.866960282,1.906396392
120903020202,2019,7.495680658,9.548637737,2.052957238
120903020202,2020,7.442565713,9.480975546,2.038409751
120903020203,2000,3.027885563,3.857179158,0.829293514
120903020203,2001,3.880719403,4.943591649,1.062872159
120903020203,2002,1.961262203,2.498423173,0.537161052
120903020203,2003,2.276938608,2.900558567,0.623620126
120903020203,2004,1.422555038,1.812172107,0.389616984
120903020203,2005,2.115779773,2.695260934,0.579481079
120903020203,2006,2.38664517,3.040312148,0.653667055
120903020203,2007,0.486032099,0.619149279,0.133117099
120903020203,2008,2.274884243,2.897941768,0.623057525
120903020203,2009,3.566053279,4.542742756,0.976689644
120903020203,2010,2.930972375,3.733722877,0.802750332
120903020203,2011,4.514810129,5.75135049,1.236540279
120903020203,2012,3.088575287,3.934490902,0.845915527
120903020203,2013,3.304159189,4.209120101,0.90496083
120903020203,2014,2.452995014,3.124834507,0.671839411
120903020203,2015,0.728190811,0.92763174,0.199440844
120903020203,2016,1.711954697,2.180833768,0.468879238
120903020203,2017,0.97417326,1.240985096,0.266811753
120903020203,2018,4.627242455,5.894576548,1.267333923
120903020203,2019,2.325148825,2.961972882,0.636824227
120903020203,2020,3.882810568,4.946255273,1.063444951
120903020204,2000,7.256754962,9.244273749,1.987518787
120903020204,2001,3.170798792,4.03923411,0.8684354
120903020204,2002,5.493142995,6.997634219,1.504491474
120903020204,2003,4.799361041,6.113835608,1.314474734
120903020204,2004,2.902525702,3.697484973,0.794959186
120903020204,2005,3.254558488,4.145934425,0.891375937
120903020204,2006,6.124697,7.80216163,1.677464795
120903020204,2007,0.763257014,0.972301751,0.209044989
120903020204,2008,3.710111672,4.726256836,1.016145249
120903020204,2009,7.589863918,9.668616447,2.078752529
120903020204,2010,7.07613074,9.014179162,1.938048677
120903020204,2011,4.855337526,6.185143466,1.329805773
120903020204,2012,5.760113385,7.337724071,1.577610519
120903020204,2013,10.023895866,12.769293995,2.745398041
120903020204,2014,7.589704521,9.668413044,2.078708858
120903020204,2015,1.60356903,2.042763214,0.439194101
120903020204,2016,3.749197702,4.77604788,1.026850429
120903020204,2017,3.23385371,4.119558885,0.88570509
120903020204,2018,4.887713838,6.226387096,1.338673164
120903020204,2019,4.135782912,5.26851323,1.132730323
120903020204,2020,6.352487246,8.092340355,1.739853191
120903020205,2000,4.343292224,5.490887844,1.147595538
120903020205,2001,3.171265992,4.004123704,0.83285771
120903020205,2002,2.607106636,3.291801225,0.684694592
120903020205,2003,2.676231373,3.366328742,0.690097285
120903020205,2004,1.108672702,1.410525041,0.301852421
120903020205,2005,2.069603849,2.616439816,0.546835792
120903020205,2006,2.134646386,2.715835353,0.581188718
120903020205,2007,0.2887244,0.367333926,0.078609356
120903020205,2008,1.680683219,2.122074825,0.441391443
120903020205,2009,2.317499304,2.937261718,0.61976217
120903020205,2010,1.037018323,1.312681529,0.275663123
120903020205,2011,2.553458896,3.22814026,0.674681359
120903020205,2012,1.508686866,1.885858459,0.377171675
120903020205,2013,2.550978441,3.229086679,0.678108236
120903020205,2014,3.051393918,3.857641016,0.806247014
120903020205,2015,0.702804244,0.884030493,0.181226241
120903020205,2016,1.358102281,1.723480342,0.365377811
120903020205,2017,0.92434546,1.159780784,0.235435488
120903020205,2018,2.28054131,2.872218258,0.591676948
120903020205,2019,1.972917159,2.47232717,0.49941009
120903020205,2020,2.888441852,3.601548478,0.713106541
120903020206,2000,2.650160112,3.216213664,0.566053555
120903020206,2001,3.025203189,3.649219756,0.624016649
120903020206,2002,3.821585082,4.626616274,0.805031192
120903020206,2003,1.263782644,1.520797592,0.257014786
120903020206,2004,2.221430626,2.689383281,0.467952822
120903020206,2005,3.029923532,3.672634562,0.64271103
120903020206,2006,2.301274578,2.775964589,0.474689926
120903020206,2007,1.642533025,1.990949011,0.348416153
120903020206,2008,2.985770393,3.61911588,0.633345404
120903020206,2009,4.283551466,5.179626762,0.896075296
120903020206,2010,2.996338279,3.623141677,0.626803567
120903020206,2011,1.281770934,1.542443833,0.260672981
120903020206,2012,2.158024716,2.603166112,0.445141396
120903020206,2013,6.277290589,7.572123795,1.294833205
120903020206,2014,4.282029581,5.171533397,0.889503734
120903020206,2015,0.872772227,1.054072671,0.181300449
120903020206,2016,2.706299833,3.272430393,0.566130475
120903020206,2017,2.788667819,3.367956216,0.579288482
120903020206,2018,4.237979397,5.105999077,0.868019932
120903020206,2019,3.496514937,4.238199953,0.741685014
120903020206,2020,4.143093705,4.991679224,0.84858544
120903020207,2000,1.365992612,1.643793527,0.277801169
120903020207,2001,1.113375605,1.339802148,0.226426622
120903020207,2002,2.021414756,2.432508586,0.41109383
120903020207,2003,1.704483871,2.051123918,0.346639877
120903020207,2004,1.649303191,1.984721005,0.335417811
120903020207,2005,2.574151496,3.097655312,0.523503647
120903020207,2006,1.529937603,1.841080318,0.311142471
120903020207,2007,0.854285093,1.0280206,0.173735507
120903020207,2008,4.62597815,5.566760615,0.940782388
120903020207,2009,4.133576995,4.974220282,0.840643285
120903020207,2010,1.439131677,1.731806992,0.292675227
120903020207,2011,7.150026721,8.604123545,1.45409691
120903020207,2012,1.944715585,2.340211484,0.395495735
120903020207,2013,1.383542455,1.664912838,0.281370301
120903020207,2014,1.076338375,1.295232701,0.218894323
120903020207,2015,1.340286611,1.612859847,0.272573227
120903020207,2016,0.590574063,0.710678661,0.120104768
120903020207,2017,0.882774641,1.062304019,0.179529378
120903020207,2018,1.887550792,2.271420932,0.38387014
120903020207,2019,1.477865195,1.778417964,0.300552773
120903020207,2020,2.671024161,3.214228828,0.543204585
120904010101,2000,0.0,0.0,0.0
120904010101,2001,0.0,0.0,0.0
120904010101,2002,0.0,0.0,0.0
120904010101,2003,0.0,0.0,0.0
120904010101,2004,0.0,0.0,0.0
120904010101,2005,0.0,0.0,0.0
120904010101,2006,0.0,0.0,0.0
120904010101,2007,0.0,0.0,0.0
120904010101,2008,0.0,0.0,0.0
120904010101,2009,0.0,0.0,0.0
120904010101,2010,0.0,0.0,0.0
120904010101,2011,0.0,0.0,0.0
120904010101,2012,0.0,0.0,0.0
120904010101,2013,0.0,0.0,0.0
120904010101,2014,0.0,0.0,0.0
120904010101,2015,0.0,0.0,0.0
120904010101,2016,0.0,0.0,0.0
120904010101,2017,0.0,0.0,0.0
120904010101,2018,0.0,0.0,0.0
120904010101,2019,0.0,0.0,0.0
120904010101,2020,0.0,0.0,0.0
120904010102,2000,0.0,0.0,0.0
120904010102,2001,0.0,0.0,0.0
120904010102,2002,0.0,0.0,0.0
120904010102,2003,0.0,0.0,0.0
120904010102,2004,0.0,0.0,0.0
120904010102,2005,0.0,0.0,0.0
120904010102,2006,0.0,0.0,0.0
120904010102,2007,0.0,0.0,0.0
120904010102,2008,0.0,0.0,0.0
120904010102,2009,0.0,0.0,0.0
120904010102,2010,0.0,0.0,0.0
120904010102,2011,0.0,0.0,0.0
120904010102,2012,0.0,0.0,0.0
120904010102,2013,0.0,0.0,0.0
120904010102,2014,0.0,0.0,0.0
120904010102,2015,0.0,0.0,0.0
120904010102,2016,0.0,0.0,0.0
120904010102,2017,0.0,0.0,0.0
120904010102,2018,0.0,0.0,0.0
120904010102,2019,0.0,0.0,0.0
120904010102,2020,0.0,0.0,0.0
120904010103,2000,0.0,0.0,0.0
120904010103,2001,0.118274551,0.118274551,0.0
120904010103,2002,0.0,0.0,0.0
120904010103,2003,0.0,0.0,0.0
120904010103,2004,0.084747689,0.084747689,0.0
120904010103,2005,0.0,0.0,0.0
120904010103,2006,0.0,0.0,0.0
120904010103,2007,0.027147436,0.027147436,0.0
120904010103,2008,0.215435003,0.215435003,0.0
120904010103,2009,0.0,0.0,0.0
120904010103,2010,0.136727545,0.136727545,0.0
120904010103,2011,0.0,0.0,0.0
120904010103,2012,0.0,0.0,0.0
120904010103,2013,0.187873707,0.187873707,0.0
120904010103,2014,0.189546852,0.189546852,0.0
120904010103,2015,0.0,0.0,0.0
120904010103,2016,0.0,0.0,0.0
120904010103,2017,0.0,0.0,0.0
120904010103,2018,0.261335951,0.261335951,0.0
120904010103,2019,0.086841356,0.086841356,0.0
120904010103,2020,0.0,0.0,0.0
120904010104,2000,0.044133175,0.132931568,0.088798391
120904010104,2001,0.120512307,0.235375545,0.114863153
120904010104,2002,0.015993548,0.015993548,0.0
120904010104,2003,0.071059441,0.214681405,0.1436218
120904010104,2004,0.083681604,0.20972827,0.126046749
120904010104,2005,0.19689503,0.466576173,0.269681058
120904010104,2006,0.120390521,0.350992753,0.230602233
120904010104,2007,0.049851403,0.1011184,0.051266995
120904010104,2008,0.10584865,0.154749525,0.048900877
120904010104,2009,0.007131542,0.016939441,0.009807984
120904010104,2010,0.171872132,0.409219586,0.237347205
120904010104,2011,0.0,0.0,0.0
120904010104,2012,0.0,0.0,0.0
120904010104,2013,0.063905529,0.11834349,0.054438214
120904010104,2014,0.316440247,0.775588666,0.459148586
120904010104,2015,0.036999992,0.11783437,0.080834545
120904010104,2016,0.009525986,0.020225057,0.010699071
120904010104,2017,0.127559767,0.276103315,0.148543548
120904010104,2018,0.199552523,0.563707638,0.36415503
120904010104,2019,0.475123668,1.150420671,0.675296995
120904010104,2020,0.3234425,0.762836391,0.439393891
120904010105,2000,1.384289044,4.408563997,3.024274869
120904010105,2001,0.804360753,2.561658438,1.75729777
120904010105,2002,1.131538214,3.603625137,2.472086841
120904010105,2003,1.152320986,3.669811833,2.517490929
120904010105,2004,0.515578984,1.641970915,1.126392186
120904010105,2005,1.766554989,5.625971521,3.859416532
120904010105,2006,1.194941732,3.805547225,2.610605241
120904010105,2007,0.457964611,1.458485874,1.000521345
120904010105,2008,2.11487553,6.735272538,4.620396921
120904010105,2009,2.462391671,7.842011981,5.379620142
120904010105,2010,1.745857529,5.560056112,3.814198504
120904010105,2011,4.860026422,15.477790666,10.617764329
120904010105,2012,0.552376156,1.759159557,1.206783402
120904010105,2013,1.136812849,3.620423066,2.483610134
120904010105,2014,0.490342488,1.561599929,1.071257441
120904010105,2015,0.322307216,1.026456227,0.704148934
120904010105,2016,1.046590003,3.333089046,2.28649921
120904010105,2017,1.175032195,3.742140855,2.567108668
120904010105,2018,2.968918975,9.455155679,6.486236874
120904010105,2019,1.639034838,5.219856214,3.580821378
120904010105,2020,2.871614377,9.145268637,6.273654175
120904010106,2000,1.347515019,1.361126221,0.013611369
120904010106,2001,0.879495068,0.891982797,0.012487726
120904010106,2002,0.674114655,0.749849625,0.07573497
120904010106,2003,0.984383211,1.021144436,0.036761225
120904010106,2004,0.273671964,0.299422339,0.02575029
120904010106,2005,1.592613737,1.636807537,0.044193885
120904010106,2006,0.198875142,0.218784616,0.019909312
120904010106,2007,0.021535992,0.023206934,0.00167094
120904010106,2008,1.196894801,1.274648347,0.07775338
120904010106,2009,0.313275518,0.426806025,0.113530507
120904010106,2010,0.295454181,0.320102033,0.024647767
120904010106,2011,2.099532438,2.325063636,0.2255312
120904010106,2012,0.0,0.0,0.0
120904010106,2013,0.547467345,0.624250019,0.076782844
120904010106,2014,0.930780285,0.954646515,0.023866148
120904010106,2015,0.023499323,0.025240973,0.001741649
120904010106,2016,0.053324183,0.079469811,0.026145628
120904010106,2017,0.622833389,0.67188086,0.049047386
120904010106,2018,1.008303438,1.157638737,0.149335301
120904010106,2019,0.867781751,1.064762863,0.196981282
120904010106,2020,1.12239627,1.360480423,0.238084068
120904010107,2000,0.296504085,0.296504085,0.0
120904010107,2001,0.0,0.0,0.0
120904010107,2002,0.341307545,0.341307545,0.0
120904010107,2003,0.0,0.0,0.0
120904010107,2004,0.210328016,0.210328016,0.0
120904010107,2005,0.11909109,0.11909109,0.0
120904010107,2006,0.0,0.0,0.0
120904010107,2007,0.0,0.0,0.0
120904010107,2008,0.0,0.0,0.0
120904010107,2009,0.0,0.0,0.0
120904010107,2010,0.320891841,0.320891841,0.0
120904010107,2011,0.409915984,0.409915984,0.0
120904010107,2012,0.0,0.0,0.0
120904010107,2013,0.232385847,0.232385847,0.0
120904010107,2014,0.417112647,0.417112647,0.0
120904010107,2015,0.0,0.0,0.0
120904010107,2016,0.328666153,0.328666153,0.0
120904010107,2017,0.0,0.0,0.0
120904010107,2018,0.595942416,0.595942416,0.0
120904010107,2019,0.477604819,0.477604819,0.0
120904010107,2020,0.686311686,0.686311686,0.0
120904010108,2000,3.874805915,5.93385309,2.059047005
120904010108,2001,2.467041466,3.638704238,1.171662773
120904010108,2002,4.072101962,6.105100214,2.032998419
120904010108,2003,2.592549644,4.013234786,1.420685142
120904010108,2004,2.264106022,3.31980356,1.055697623
120904010108,2005,4.338395729,6.53372849,2.195332762
120904010108,2006,4.450474321,6.478128523,2.02765437
120904010108,2007,0.998425723,1.494649222,0.496223666
120904010108,2008,6.793069598,10.169265943,3.376196262
120904010108,2009,7.038906153,10.648874608,3.609968449
120904010108,2010,3.518481397,5.21256497,1.69408357
120904010108,2011,12.114987732,18.929668233,6.81468066
120904010108,2012,0.759422891,1.226854631,0.467431656
120904010108,2013,3.987417682,6.299238137,2.31182054
120904010108,2014,0.971770022,1.585269055,0.613499118
120904010108,2015,1.095207515,1.649408874,0.554201444
120904010108,2016,3.376340967,4.886166281,1.509825396
120904010108,2017,1.78890894,3.188786148,1.399877038
120904010108,2018,5.050012249,7.255764751,2.205752416
120904010108,2019,2.512435458,4.194383178,1.681947721
120904010108,2020,5.646205071,8.254685426,2.608480604
120904010109,2000,0.253420369,0.285383126,0.031962923
120904010109,2001,1.365451792,1.715391718,0.349939926
120904010109,2002,1.605708359,1.932260375,0.326552016
120904010109,2003,1.155201082,1.460431025,0.305230025
120904010109,2004,0.703864762,0.848029699,0.144165022
120904010109,2005,2.534526644,3.053646548,0.519119907
120904010109,2006,1.300500507,1.611524997,0.311024405
120904010109,2007,0.536174096,0.658690537,0.122516359
120904010109,2008,1.975536322,2.429933907,0.454397667
120904010109,2009,2.905269485,3.513022441,0.607752866
120904010109,2010,1.530347995,1.808922096,0.278573932
120904010109,2011,4.544784904,5.74561969,1.200834373
120904010109,2012,0.881260415,1.035558484,0.154298235
120904010109,2013,1.91716209,2.201104537,0.283942364
120904010109,2014,2.001868077,2.408986712,0.407118803
120904010109,2015,1.111381277,1.324649995,0.213268633
120904010109,2016,1.643025907,1.953657372,0.310631713
120904010109,2017,1.285376715,1.510430805,0.225054093
120904010109,2018,2.74311209,3.273403482,0.530291386
120904010109,2019,1.883379159,2.274612553,0.39123331
120904010109,2020,2.315257112,2.833852055,0.518594945
120904010201,2000,8.940557699,17.02963397,8.089076101
120904010201,2001,4.061789537,7.979940167,3.918150627
120904010201,2002,8.142919786,14.285823781,6.142904329
120904010201,2003,4.07154177,8.987950951,4.916409181
120904010201,2004,4.361558172,8.032335533,3.670777276
120904010201,2005,7.367337896,15.004761493,7.637423679
120904010201,2006,8.89242803,17.100823104,8.208395074
120904010201,2007,1.501339978,3.108364414,1.607024521
120904010201,2008,13.38348132,25.540994839,12.157513519
120904010201,2009,14.90249011,30.166983803,15.264493937
120904010201,2010,7.506006562,14.029918841,6.523912195
120904010201,2011,21.532350923,44.765802159,23.233451321
120904010201,2012,1.75435179,2.834170948,1.079819077
120904010201,2013,5.007295104,10.475512515,5.468217405
120904010201,2014,4.299544822,8.497124326,4.197579419
120904010201,2015,2.562114342,5.186466274,2.624352016
120904010201,2016,8.245878098,16.042564697,7.796686598
120904010201,2017,3.645094493,9.322492699,5.677398112
120904010201,2018,9.910181745,20.603288605,10.693106775
120904010201,2019,5.847375847,13.726234151,7.878858384
120904010201,2020,13.792744109,25.877568801,12.084824694
120904010202,2000,6.873866451,8.756517964,1.882651344
120904010202,2001,3.418398096,4.35464734,0.936249244
120904010202,2002,4.81174003,6.129605142,1.317865112
120904010202,2003,3.158321219,4.023339186,0.865017885
120904010202,2004,3.507628437,4.468316478,0.960688041
120904010202,2005,5.854985838,7.458580685,1.603594929
120904010202,2006,6.678524589,8.507674545,1.829150049
120904010202,2007,1.463534551,1.864375227,0.400840679
120904010202,2008,12.297572372,15.665697363,3.36812491
120904010202,2009,12.254839214,15.611260088,3.356420877
120904010202,2010,5.670711455,7.223836258,1.553124718
120904010202,2011,20.202248112,25.735347822,5.533099792
120904010202,2012,1.844648563,2.349870798,0.505222235
120904010202,2013,5.860433721,7.465520688,1.605086797
120904010202,2014,3.280231967,4.178639236,0.898407351
120904010202,2015,2.657066499,3.38479829,0.727731712
120904010202,2016,6.315793413,8.045596508,1.72980335
120904010202,2017,2.243544775,2.858018866,0.61447409
120904010202,2018,8.646882074,11.015136441,2.368254367
120904010202,2019,4.659026433,5.935065586,1.276039153
120904010202,2020,8.764497429,11.164965066,2.400467467
120904010203,2000,0.657760992,1.289727612,0.631966456
120904010203,2001,1.145583444,2.304997016,1.159413488
120904010203,2002,0.775420715,1.514493879,0.739073082
120904010203,2003,1.125882162,2.311873066,1.185990901
120904010203,2004,0.642793847,1.322621008,0.679827158
120904010203,2005,1.248069244,2.428150411,1.180081
120904010203,2006,1.237279973,2.556363797,1.319083575
120904010203,2007,0.356378068,0.712755888,0.356378068
120904010203,2008,1.291837495,2.55809391,1.266256415
120904010203,2009,1.759224438,3.61237054,1.853146101
120904010203,2010,1.3429016,2.659211356,1.316309674
120904010203,2011,3.153507085,6.3707216,3.217214345
120904010203,2012,0.931122997,1.884864251,0.953741254
120904010203,2013,1.581021986,3.266574548,1.685552477
120904010203,2014,2.158318644,4.316637203,2.158318644
120904010203,2015,1.361469342,2.733874249,1.372404737
120904010203,2016,0.775421904,1.557071981,0.781650077
120904010203,2017,1.312902381,2.615343118,1.302440896
120904010203,2018,2.339375348,4.669412082,2.330036575
120904010203,2019,1.505759455,2.999520803,1.493761348
120904010203,2020,2.239630131,4.542860303,2.303230172
120904010204,2000,1.580067292,2.012824727,0.43275735
120904010204,2001,0.908764488,1.157661682,0.248897282
120904010204,2002,2.087068093,2.658685285,0.571617441
120904010204,2003,1.447949129,1.844521079,0.396572033
120904010204,2004,0.904795148,1.15260535,0.24781012
120904010204,2005,2.043866775,2.603652005,0.559785145
120904010204,2006,1.938068173,2.468876775,0.530808521
120904010204,2007,0.278102608,0.354270959,0.076168268
120904010204,2008,1.357557626,1.729372511,0.371815216
120904010204,2009,2.219567899,2.82747503,0.607907216
120904010204,2010,2.00802874,2.557998427,0.549969688
120904010204,2011,3.347778326,4.264685619,0.916907463
120904010204,2012,2.98415665,3.801473311,0.817316746
120904010204,2013,3.016514447,3.842693551,0.826179101
120904010204,2014,2.31103343,2.943991584,0.632958151
120904010204,2015,1.070712118,1.363964433,0.2932524
120904010204,2016,1.219594833,1.553623973,0.334029221
120904010204,2017,1.098971564,1.3999638,0.300992238
120904010204,2018,2.439688636,3.107883616,0.668195066
120904010204,2019,2.407176833,3.066467433,0.659290518
120904010204,2020,2.927882399,3.729786699,0.801904137
120904010205,2000,1.456750948,2.014869978,0.558118945
120904010205,2001,1.362196142,2.030098553,0.667902414
120904010205,2002,0.935887405,1.360301312,0.424414074
120904010205,2003,0.820426811,1.277923529,0.457496638
120904010205,2004,1.015853019,1.480835251,0.464982235
120904010205,2005,1.309545156,1.852256184,0.542711112
120904010205,2006,1.376038468,1.997153236,0.621114682
120904010205,2007,0.288857082,0.449933219,0.161076137
120904010205,2008,1.199425566,1.79823897,0.598813574
120904010205,2009,1.555279099,2.418785329,0.863506315
120904010205,2010,1.339030699,1.778261227,0.439230696
120904010205,2011,3.143448474,4.602413427,1.458965205
120904010205,2012,1.91772403,2.708649768,0.790925735
120904010205,2013,2.706182973,3.973836934,1.267653956
120904010205,2014,1.814307123,2.584482986,0.77017586
120904010205,2015,1.162421052,1.753274723,0.590853589
120904010205,2016,0.726007377,1.064526839,0.338519464
120904010205,2017,0.859943523,1.268353321,0.408409712
120904010205,2018,2.089528126,3.132725896,1.043197855
120904010205,2019,1.413344329,1.987826052,0.57448189
120904010205,2020,3.015476746,4.389340205,1.373863292
120904010206,2000,2.197270658,2.799070921,0.601800178
120904010206,2001,1.654784899,2.108006364,0.453221299
120904010206,2002,2.911888164,3.709411597,0.797523433
120904010206,2003,2.228086321,2.838326397,0.610240077
120904010206,2004,1.373896653,1.750186705,0.376290134
120904010206,2005,3.895239241,4.962088334,1.066849008
120904010206,2006,3.53410243,4.502041392,0.967938792
120904010206,2007,1.139639079,1.451769625,0.31213046
120904010206,2008,3.280991036,4.179606246,0.898615459
120904010206,2009,3.180332978,4.051379477,0.871046499
120904010206,2010,2.782173381,3.544169822,0.761996526
120904010206,2011,1.899320466,2.41951623,0.520195929
120904010206,2012,4.084625612,5.203344669,1.118719057
120904010206,2013,3.650225321,4.649968619,0.999743137
120904010206,2014,2.550364595,3.248872164,0.698507493
120904010206,2015,2.040758868,2.599693022,0.55893391
120904010206,2016,1.948170516,2.481745675,0.533575158
120904010206,2017,2.535693937,3.230182915,0.6944894
120904010206,2018,4.639322649,5.909965137,1.270642488
120904010206,2019,3.932290611,5.009287384,1.076996778
120904010206,2020,4.102098612,5.225603437,1.123504825
120904010207,2000,0.643423085,1.161413579,0.517990495
120904010207,2001,0.495750803,0.837417025,0.341666137
120904010207,2002,0.367980668,0.675193855,0.307213268
120904010207,2003,0.356754526,0.590653156,0.233898627
120904010207,2004,0.333737413,0.648033877,0.314296464
120904010207,2005,0.357270989,0.599447951,0.242176962
120904010207,2006,0.583210967,1.012519093,0.429308288
120904010207,2007,0.249403663,0.485221036,0.235817455
120904010207,2008,0.449996421,0.822662522,0.372665937
120904010207,2009,0.66979691,1.28559894,0.615801866
120904010207,2010,0.472730334,0.84718717,0.374456836
120904010207,2011,0.744468222,1.513146756,0.768678449
120904010207,2012,1.024776642,1.776042492,0.751265934
120904010207,2013,0.346601348,0.671708123,0.325106773
120904010207,2014,1.031959718,1.896984896,0.865025093
120904010207,2015,0.437462559,0.760804389,0.323341833
120904010207,2016,0.40688921,0.761964896,0.355075601
120904010207,2017,0.740207822,1.307787548,0.567579726
120904010207,2018,2.127740107,3.674853047,1.547113186
120904010207,2019,0.934082633,1.692178847,0.758096214
120904010207,2020,1.54251576,2.744689809,1.202174216
120904010301,2000,0.365506306,1.09432976,0.728823538
120904010301,2001,0.503069751,1.501700784,0.998631025
120904010301,2002,0.366001501,1.147339948,0.781338614
120904010301,2003,0.516897173,1.40843911,0.891541937
120904010301,2004,0.214510052,0.717424803,0.502914833
120904010301,2005,0.718318789,2.317157455,1.598838748
120904010301,2006,0.395979167,1.692218236,1.296239148
120904010301,2007,0.307639216,0.967418767,0.659779551
120904010301,2008,0.213695798,1.037358221,0.823662423
120904010301,2009,0.354198877,1.662904677,1.308706222
120904010301,2010,0.496222953,1.213258803,0.717035934
120904010301,2011,0.190164548,1.44063997,1.250475507
120904010301,2012,0.961591117,2.811669749,1.850078719
120904010301,2013,0.31862454,0.942676208,0.624051581
120904010301,2014,0.646492258,2.099001003,1.452508578
120904010301,2015,0.565320268,1.218362734,0.653042466
120904010301,2016,0.327736358,0.821394451,0.493658093
120904010301,2017,0.393453104,1.307153444,0.913700337
120904010301,2018,0.472290425,1.376939901,0.904649562
120904010301,2019,1.151434003,2.959984619,1.808550616
120904010301,2020,0.881182224,2.736590675,1.855408451
120904010302,2000,0.025254943,0.147689795,0.122434768
120904010302,2001,0.131217781,0.248048644,0.116830951
120904010302,2002,0.162739605,0.339040781,0.176301175
120904010302,2003,0.129035625,0.33342537,0.204389745
120904010302,2004,0.053513989,0.165678546,0.112164557
120904010302,2005,0.165575126,0.436873499,0.271298375
120904010302,2006,0.112317433,0.389990879,0.277673529
120904010302,2007,0.002626485,0.003406764,0.000780197
120904010302,2008,0.056532383,0.342620391,0.286087926
120904010302,2009,0.088643003,0.703516329,0.614873318
120904010302,2010,0.023379148,0.110802003,0.087422855
120904010302,2011,0.030470814,0.154674899,0.124204003
120904010302,2012,0.242663205,0.334247139,0.091583765
120904010302,2013,0.045099364,0.213741167,0.168641973
120904010302,2014,0.139267986,0.394526562,0.255258663
120904010302,2015,0.026419567,0.03763474,0.011215258
120904010302,2016,0.083370123,0.106203995,0.02283379
120904010302,2017,0.151587786,0.2353844,0.083796863
120904010302,2018,0.371213055,0.605567663,0.234354608
120904010302,2019,0.040114775,0.093290118,0.053175427
120904010302,2020,0.333985448,0.682996746,0.349011295
120904010303,2000,0.012119505,0.042081557,0.029961967
120904010303,2001,0.43258931,1.657430345,1.224840959
120904010303,2002,0.127589485,0.6610848,0.533495567
120904010303,2003,0.113573436,0.43850726,0.324933907
120904010303,2004,0.085099978,0.440932765,0.355832699
120904010303,2005,0.128122197,1.000954814,0.872832616
120904010303,2006,0.589295296,2.366647937,1.777352474
120904010303,2007,0.196988173,0.691186211,0.494198208
120904010303,2008,0.18118103,0.532885784,0.351704587
120904010303,2009,0.388779099,1.472647992,1.083868978
120904010303,2010,0.132042814,0.614151937,0.48210929
120904010303,2011,0.0,0.0,0.0
120904010303,2012,0.455080191,1.48719027,1.032109913
120904010303,2013,0.051200332,0.517174247,0.465974
120904010303,2014,0.603171466,1.977611359,1.374439893
120904010303,2015,0.071817622,0.569980923,0.498163386
120904010303,2016,0.065157683,0.180492186,0.115334505
120904010303,2017,0.249832652,0.995349063,0.74551657
120904010303,2018,0.304795778,1.080836227,0.776040364
120904010303,2019,0.403099904,1.625402701,1.222302874
120904010303,2020,0.388069686,1.702059626,1.313990109
120904010304,2000,0.0,0.0,0.0
120904010304,2001,0.003679471,0.053326186,0.049646715
120904010304,2002,0.00168823,0.024467397,0.02277917
120904010304,2003,0.001728849,0.025056967,0.023328033
120904010304,2004,0.001447664,0.020980757,0.019533178
120904010304,2005,0.005118737,0.074183463,0.069064726
120904010304,2006,0.00945571,0.137037112,0.127581321
120904010304,2007,0.001212173,0.017567666,0.016355493
120904010304,2008,0.000826828,0.011982727,0.011155817
120904010304,2009,0.000517819,0.007504901,0.006987252
120904010304,2010,0.001427384,0.020686907,0.019259523
120904010304,2011,0.0,0.0,0.0
120904010304,2012,0.002387022,0.03459521,0.032208186
120904010304,2013,0.001721205,0.024945096,0.023223808
120904010304,2014,0.003218871,0.046650008,0.043431222
120904010304,2015,0.001322205,0.019162896,0.017840775
120904010304,2016,0.0,0.0,0.0
120904010304,2017,0.002496564,0.03618363,0.033686899
120904010304,2018,0.014689156,0.212886192,0.198197118
120904010304,2019,0.026989575,0.391154014,0.364164268
120904010304,2020,0.019406776,0.281257795,0.261850934
120904010305,2000,0.0,0.0,0.0
120904010305,2001,0.0,0.0,0.0
120904010305,2002,0.0,0.0,0.0
120904010305,2003,0.0,0.0,0.0
120904010305,2004,0.0,0.0,0.0
120904010305,2005,0.0,0.0,0.0
120904010305,2006,0.0,0.0,0.0
120904010305,2007,0.0,0.0,0.0
120904010305,2008,0.0,0.0,0.0
120904010305,2009,0.0,0.0,0.0
120904010305,2010,0.0,0.0,0.0
120904010305,2011,0.0,0.0,0.0
120904010305,2012,0.0,0.0,0.0
120904010305,2013,0.0,0.0,0.0
120904010305,2014,0.0,0.0,0.0
120904010305,2015,0.0,0.0,0.0
120904010305,2016,0.0,0.0,0.0
120904010305,2017,0.0,0.0,0.0
120904010305,2018,0.0,0.0,0.0
120904010305,2019,0.0,0.0,0.0
120904010305,2020,0.0,0.0,0.0
120904010306,2000,0.0,0.0,0.0
120904010306,2001,0.013322975,0.193087414,0.1797646
120904010306,2002,0.0,0.0,0.0
120904010306,2003,0.0,0.0,0.0
120904010306,2004,0.0,0.0,0.0
120904010306,2005,0.010503129,0.152219381,0.141716334
120904010306,2006,0.0,0.0,0.0
120904010306,2007,0.0,0.0,0.0
120904010306,2008,0.018198557,0.263746415,0.24554794
120904010306,2009,0.0,0.0,0.0
120904010306,2010,0.01420466,0.205864304,0.191659729
120904010306,2011,0.010233712,0.148313775,0.138080148
120904010306,2012,0.02067653,0.299659473,0.278982943
120904010306,2013,0.0,0.0,0.0
120904010306,2014,0.002091186,0.030308071,0.0282168
120904010306,2015,0.0,0.0,0.0
120904010306,2016,0.0,0.0,0.0
120904010306,2017,0.0,0.0,0.0
120904010306,2018,0.001656658,0.024007186,0.02235094
120904010306,2019,0.002940211,0.042612025,0.039671649
120904010306,2020,0.001284434,0.018614161,0.017329811
120904010307,2000,0.034960557,0.506674967,0.471714664
120904010307,2001,0.005020556,0.072761,0.067740529
120904010307,2002,0.028397762,0.411563003,0.383164907
120904010307,2003,0.0,0.0,0.0
120904010307,2004,0.027958686,0.405198325,0.377239806
120904010307,2005,0.113925345,1.65109034,1.537164907
120904010307,2006,0.026980644,0.391024893,0.364044249
120904010307,2007,0.0,0.0,0.0
120904010307,2008,0.018912347,0.274093019,0.25518076
120904010307,2009,0.064101825,0.929011605,0.864909773
120904010307,2010,0.065004619,0.942095014,0.877090392
120904010307,2011,0.0,0.0,0.0
120904010307,2012,0.03232103,0.468420366,0.436099423
120904010307,2013,0.0,0.0,0.0
120904010307,2014,0.007726641,0.111979863,0.104253222
120904010307,2015,0.002658951,0.038534699,0.035875748
120904010307,2016,0.0,0.0,0.0
120904010307,2017,0.002142814,0.031055641,0.028912827
120904010307,2018,0.0,0.0,0.0
120904010307,2019,0.017796244,0.257916855,0.240120608
120904010307,2020,0.004192855,0.060766683,0.056573664
120904010308,2000,0.000669003,0.009695754,0.009026749
120904010308,2001,0.0,0.0,0.0
120904010308,2002,0.011559225,0.167523956,0.155964814
120904010308,2003,0.0,0.0,0.0
120904010308,2004,0.003245131,0.047030104,0.043785224
120904010308,2005,0.023788548,0.344761827,0.320973279
120904010308,2006,0.010195044,0.147755458,0.137560414
120904010308,2007,0.0,0.0,0.0
120904010308,2008,0.002092798,0.030331593,0.028238626
120904010308,2009,0.003884373,0.056294364,0.052410151
120904010308,2010,0.010971515,0.1590084,0.148036715
120904010308,2011,0.0,0.0,0.0
120904010308,2012,0.02160476,0.313110508,0.291506
120904010308,2013,0.0,0.0,0.0
120904010308,2014,0.0,5.92e-07,5.07e-07
120904010308,2015,0.0,0.0,0.0
120904010308,2016,0.0,0.0,0.0
120904010308,2017,0.0,0.0,0.0
120904010308,2018,0.0,0.0,0.0
120904010308,2019,0.001607814,0.023301619,0.021693638
120904010308,2020,0.0,3.36e-07,3.36e-07
120904020100,2000,0.279500546,0.616998929,0.337498298
120904020100,2001,0.69777169,1.299388663,0.601616816
120904020100,2002,0.434697942,0.559456896,0.124758953
120904020100,2003,1.358879033,1.853859266,0.4949804
120904020100,2004,0.123601445,0.154501869,0.030900423
120904020100,2005,0.686061838,1.034783973,0.348722132
120904020100,2006,0.228864529,0.360985074,0.132120638
120904020100,2007,0.416423416,0.691733178,0.275309926
120904020100,2008,1.341959754,1.953362292,0.611402454
120904020100,2009,0.143881962,0.260655784,0.116773652
120904020100,2010,0.468000603,0.701650005,0.233649403
120904020100,2011,0.135206395,0.300458649,0.165252263
120904020100,2012,1.77865959,2.719663115,0.941003527
120904020100,2013,0.184362866,0.225658238,0.041295367
120904020100,2014,0.413363436,0.651992816,0.238629466
120904020100,2015,0.916811948,1.391216707,0.474404921
120904020100,2016,0.571830929,0.84216632,0.270335391
120904020100,2017,0.169551332,0.220770132,0.051218723
120904020100,2018,0.337717611,0.426411184,0.088693488
120904020100,2019,0.189489403,0.300300214,0.110810811
120904020100,2020,0.247932571,0.319089525,0.071156869
120904020201,2000,0.463363683,0.582114926,0.118751413
120904020201,2001,0.352254762,0.441422197,0.089167266
120904020201,2002,0.427524334,0.540485912,0.112961496
120904020201,2003,0.620753348,0.78082177,0.160068592
120904020201,2004,0.438269137,0.55337009,0.115101041
120904020201,2005,1.163535679,1.470967844,0.307432252
120904020201,2006,0.629477452,0.790801044,0.161323422
120904020201,2007,0.246496726,0.30966917,0.063172364
120904020201,2008,0.841802514,1.069634768,0.227832254
120904020201,2009,0.92222223,1.168849233,0.246627255
120904020201,2010,0.463585189,0.584596786,0.121011427
120904020201,2011,0.478051696,0.608983178,0.130931408
120904020201,2012,1.519874423,1.926329863,0.406455691
120904020201,2013,1.171886745,1.487165962,0.315279134
120904020201,2014,0.696696981,0.873053992,0.176356844
120904020201,2015,0.627394477,0.791165844,0.16377129
120904020201,2016,0.51249773,0.649553568,0.137055675
120904020201,2017,0.405304348,0.511747767,0.106443586
120904020201,2018,1.233095395,1.558907096,0.325811619
120904020201,2019,0.821476195,1.039843397,0.218366951
120904020201,2020,0.779709413,0.988225046,0.208515388
120904020202,2000,3.120071298,3.949457549,0.829386169
120904020202,2001,3.940412066,4.994185052,1.053772986
120904020202,2002,1.937098142,2.445831063,0.508732918
120904020202,2003,1.073852203,1.343995268,0.270143066
120904020202,2004,1.590766077,2.023875557,0.433109311
120904020202,2005,3.19819334,4.063778071,0.865584729
120904020202,2006,2.239565901,2.831309425,0.591743605
120904020202,2007,1.545983562,1.954467173,0.408483611
120904020202,2008,2.260394612,2.875820246,0.615425549
120904020202,2009,2.499765027,3.140408282,0.640643247
120904020202,2010,2.272821055,2.884290471,0.611469584
120904020202,2011,3.763475841,4.794236751,1.03076091
120904020202,2012,4.126966978,5.230629902,1.103663011
120904020202,2013,3.587615162,4.564396,0.976780836
120904020202,2014,5.262474967,6.678267751,1.415792868
120904020202,2015,0.721656099,0.915807241,0.19415106
120904020202,2016,0.88463227,1.125486369,0.240854014
120904020202,2017,2.065038967,2.623937581,0.558898699
120904020202,2018,2.556588932,3.240290118,0.683701345
120904020202,2019,2.298029586,2.923701655,0.625672153
120904020202,2020,3.239463281,4.121454538,0.881991342
120904020203,2000,2.538728948,3.069805276,0.531076495
120904020203,2001,0.966119962,1.168222718,0.202102501
120904020203,2002,2.058469334,2.486074153,0.427604649
120904020203,2003,1.89327734,2.278311997,0.385034737
120904020203,2004,0.975331913,1.177937055,0.202605057
120904020203,2005,2.169450211,2.620109121,0.45065857
120904020203,2006,1.948138252,2.34433,0.39619183
120904020203,2007,0.92234803,1.112603332,0.190255049
120904020203,2008,3.421247577,4.121984934,0.700737607
120904020203,2009,3.815145559,4.624418745,0.809273353
120904020203,2010,1.816827803,2.194236529,0.377408641
120904020203,2011,4.612084011,5.576885238,0.964801137
120904020203,2012,0.758242973,0.91575253,0.157509473
120904020203,2013,1.966942912,2.375535041,0.40859197
120904020203,2014,1.930926614,2.332037019,0.401110405
120904020203,2015,1.357392795,1.633444948,0.276052153
120904020203,2016,0.877910809,1.062845883,0.184935153
120904020203,2017,0.671072112,0.809495866,0.138423836
120904020203,2018,3.718433014,4.474648603,0.756215589
120904020203,2019,2.292783222,2.772410241,0.479626852
120904020203,2020,5.293250724,6.369736284,1.076485475
120904020204,2000,0.0,0.0,0.0
120904020204,2001,0.0,0.0,0.0
120904020204,2002,0.0,0.0,0.0
120904020204,2003,0.018531584,0.022300545,0.003768792
120904020204,2004,0.0,0.0,0.0
120904020204,2005,0.0,0.0,0.0
120904020204,2006,0.000207847,0.00025026,4.2247e-05
120904020204,2007,0.0,0.0,0.0
120904020204,2008,0.140432869,0.168992361,0.02855974
120904020204,2009,0.019453778,0.023410126,0.003956345
120904020204,2010,0.0,0.0,0.0
120904020204,2011,0.0,0.0,0.0
120904020204,2012,0.003363691,0.004047699,0.000684175
120904020204,2013,0.002440274,0.002936616,0.000496175
120904020204,2014,0.0,0.0,0.0
120904020204,2015,0.000158548,0.000190951,3.2318e-05
120904020204,2016,0.08220509,0.098923044,0.016718038
120904020204,2017,0.0,0.0,0.0
120904020204,2018,0.0,0.0,0.0
120904020204,2019,0.0,0.0,0.0
120904020204,2020,0.0,0.0,0.0
120904020300,2000,5.047974126,6.074577628,1.026603585
120904020300,2001,5.983473047,7.200328408,1.216855529
120904020300,2002,8.525956671,10.259875701,1.733918945
120904020300,2003,5.24623694,6.313161104,1.066924332
120904020300,2004,3.873164115,4.66084715,0.78768329
120904020300,2005,9.393394868,11.303724381,1.910329345
120904020300,2006,4.154678493,4.999612967,0.844934556
120904020300,2007,2.902483759,3.492760299,0.590276458
120904020300,2008,12.241548959,14.731105563,2.489556773
120904020300,2009,9.989134222,12.020618907,2.031484603
120904020300,2010,6.259462518,7.532445715,1.272983282
120904020300,2011,19.998793444,24.065936795,4.067143433
120904020300,2012,4.257182694,5.122963391,0.865780863
120904020300,2013,5.486099649,6.601804633,1.115704984
120904020300,2014,3.423886148,4.120199986,0.696313756
120904020300,2015,2.826380351,3.401179792,0.574799274
120904020300,2016,3.456157399,4.159034025,0.702876792
120904020300,2017,1.589224364,1.912424244,0.323199712
120904020300,2018,8.352890647,10.051613247,1.698722685
120904020300,2019,2.754326699,3.314472532,0.560145748
120904020300,2020,5.788984593,6.966287087,1.177302495
120904020400,2000,0.0,0.0,0.0
120904020400,2001,0.0,0.0,0.0
120904020400,2002,0.0,0.0,0.0
120904020400,2003,0.080885482,0.131094529,0.050209216
120904020400,2004,0.0,0.0,0.0
120904020400,2005,0.021647693,0.048321047,0.026673353
120904020400,2006,0.0,0.0,0.0
120904020400,2007,0.0,0.0,0.0
120904020400,2008,0.165909929,0.240798003,0.07488824
120904020400,2009,0.0,0.0,0.0
120904020400,2010,0.0,0.0,0.0
120904020400,2011,0.0,0.0,0.0
120904020400,2012,0.0,0.0,0.0
120904020400,2013,0.0,0.0,0.0
120904020400,2014,0.0,0.0,0.0
120904020400,2015,0.0,0.0,0.0
120904020400,2016,0.0,0.0,0.0
120904020400,2017,0.0,0.0,0.0
120904020400,2018,0.0,0.0,0.0
120904020400,2019,0.0,0.0,0.0
120904020400,2020,0.0,0.0,0.0
120904020500,2000,0.0,0.0,0.0
120904020500,2001,0.0,0.0,0.0
120904020500,2002,0.0,0.0,0.0
120904020500,2003,0.0,0.0,0.0
120904020500,2004,0.0,0.0,0.0
120904020500,2005,0.0,0.0,0.0
120904020500,2006,0.0,0.0,0.0
120904020500,2007,0.0,0.0,0.0
120904020500,2008,0.0,0.0,0.0
120904020500,2009,0.0,0.0,0.0
120904020500,2010,0.0,0.0,0.0
120904020500,2011,0.0,0.0,0.0
120904020500,2012,0.0,0.0,0.0
120904020500,2013,0.0,0.0,0.0
120904020500,2014,0.0,0.0,0.0
120904020500,2015,0.0,0.0,0.0
120904020500,2016,0.0,0.0,0.0
120904020500,2017,0.0,0.0,0.0
120904020500,2018,0.0,0.0,0.0
120904020500,2019,0.0,0.0,0.0
120904020500,2020,0.0,0.0,0.0
121001010101,2000,0.0,0.0,0.0
121001010101,2001,0.0,0.0,0.0
121001010101,2002,0.0,0.0,0.0
121001010101,2003,0.006974858,0.007365282,0.000390422
121001010101,2004,0.101178019,0.106840434,0.005662585
121001010101,2005,0.009027893,0.009533175,0.000505277
121001010101,2006,0.008901833,0.009400011,0.000498345
121001010101,2007,0.003582036,0.003782501,0.000200468
121001010101,2008,0.0,0.0,0.0
121001010101,2009,0.006202992,0.006550195,0.000347205
121001010101,2010,0.005748351,0.006070016,0.000321751
121001010101,2011,0.0,0.0,0.0
121001010101,2012,0.218457005,0.230683189,0.01222635
121001010101,2013,0.0,0.0,0.0
121001010101,2014,0.0,0.0,0.0
121001010101,2015,0.0,0.0,0.0
121001010101,2016,0.0,0.0,0.0
121001010101,2017,0.003609329,0.003811318,0.000201907
121001010101,2018,0.161219668,0.170242512,0.009022844
121001010101,2019,0.387099789,0.408764203,0.021664581
121001010101,2020,0.009685175,0.01022712,0.00054203
121001010102,2000,0.396729828,0.418933276,0.02220353
121001010102,2001,0.254658288,0.2689106,0.014252227
121001010102,2002,0.0,0.0,0.0
121001010102,2003,0.2214746,0.233869584,0.012395066
121001010102,2004,0.107174137,0.113172276,0.005998055
121001010102,2005,0.508738482,0.537210847,0.02847211
121001010102,2006,0.137182052,0.144859833,0.00767737
121001010102,2007,0.070533411,0.074480896,0.003947485
121001010102,2008,0.61982579,0.654515049,0.034689429
121001010102,2009,0.311937515,0.32939551,0.01745791
121001010102,2010,0.411565175,0.434598833,0.023033745
121001010102,2011,0.353514937,0.373299712,0.01978486
121001010102,2012,0.0,0.0,0.0
121001010102,2013,0.470319384,0.496641241,0.026322025
121001010102,2014,0.379617359,0.400863173,0.021245732
121001010102,2015,0.153825534,0.162434529,0.008609162
121001010102,2016,0.325016749,0.343206831,0.018189923
121001010102,2017,0.333488312,0.352152362,0.018664132
121001010102,2018,0.772268279,0.81548903,0.043221
121001010102,2019,0.604044068,0.637850197,0.033805959
121001010102,2020,1.234035877,1.303100249,0.069064287
121001010103,2000,0.057655803,0.060882779,0.003226809
121001010103,2001,0.122653989,0.129518433,0.006864529
121001010103,2002,0.0,0.0,0.0
121001010103,2003,0.11847954,0.125110279,0.006630825
121001010103,2004,0.046186847,0.048771904,0.002584809
121001010103,2005,0.057416619,0.060630027,0.003213488
121001010103,2006,0.093885101,0.099139699,0.005254438
121001010103,2007,0.04383263,0.046285836,0.002453121
121001010103,2008,0.100958131,0.106608393,0.00565026
121001010103,2009,0.074113507,0.078261441,0.004147849
121001010103,2010,0.096018885,0.101392718,0.005373666
121001010103,2011,0.0,0.0,0.0
121001010103,2012,0.010514221,0.01110259,0.000588287
121001010103,2013,0.003535797,0.003733589,0.000197959
121001010103,2014,0.073369584,0.077475934,0.004106184
121001010103,2015,0.029209441,0.030844142,0.001634786
121001010103,2016,0.07204321,0.076075199,0.004031989
121001010103,2017,0.016848751,0.017791871,0.000942953
121001010103,2018,0.315755085,0.333426408,0.017671734
121001010103,2019,0.298935951,0.315666178,0.016730307
121001010103,2020,0.555666601,0.586765046,0.031098527
121001010104,2000,0.0,0.0,0.0
121001010104,2001,0.0,0.0,0.0
121001010104,2002,0.0,0.0,0.0
121001010104,2003,0.0,0.0,0.0
121001010104,2004,0.060372503,0.063751268,0.00337885
121001010104,2005,0.0,0.0,0.0
121001010104,2006,0.0,0.0,0.0
121001010104,2007,0.0,0.0,0.0
121001010104,2008,0.0,0.0,0.0
121001010104,2009,0.0,0.0,0.0
121001010104,2010,0.137092551,0.144765184,0.00767263
121001010104,2011,0.0,0.0,0.0
121001010104,2012,0.243990432,0.25764559,0.013655074
121001010104,2013,0.0,0.0,0.0
121001010104,2014,0.0,0.0,0.0
121001010104,2015,0.0,0.0,0.0
121001010104,2016,0.0,0.0,0.0
121001010104,2017,0.0,0.0,0.0
121001010104,2018,0.113040148,0.119366438,0.00632646
121001010104,2019,0.338348359,0.357284603,0.018936074
121001010104,2020,0.598347943,0.631835273,0.033487161
121001010105,2000,0.0,0.0,0.0
121001010105,2001,0.0,0.0,0.0
121001010105,2002,0.074200099,0.089613849,0.015413584
121001010105,2003,0.112971997,0.131515814,0.018543734
121001010105,2004,0.021814822,0.025816503,0.004001511
121001010105,2005,0.072615447,0.082894427,0.010278899
121001010105,2006,0.086076655,0.105356942,0.019280285
121001010105,2007,0.055700542,0.065299655,0.009599112
121001010105,2008,0.100339593,0.125111689,0.024772178
121001010105,2009,0.085968296,0.103327145,0.017358934
121001010105,2010,0.047760863,0.053245005,0.005484395
121001010105,2011,0.078314471,0.094926589,0.0166122
121001010105,2012,0.191049842,0.218342844,0.027292918
121001010105,2013,0.0,0.0,0.0
121001010105,2014,0.0,0.0,0.0
121001010105,2015,0.0,0.0,0.0
121001010105,2016,0.0,0.0,0.0
121001010105,2017,0.0,0.0,0.0
121001010105,2018,0.04438291,0.051608085,0.00722509
121001010105,2019,0.247450597,0.274335458,0.026884937
121001010105,2020,0.387987839,0.439895686,0.051907596
121001010106,2000,0.207238743,0.21883709,0.011598347
121001010106,2001,0.000104085,0.000109866,5.784e-06
121001010106,2002,0.0,0.0,0.0
121001010106,2003,0.0,0.0,0.0
121001010106,2004,0.13582903,0.143430997,0.007601801
121001010106,2005,0.0,0.0,0.0
121001010106,2006,0.0,0.0,0.0
121001010106,2007,1.085e-06,1.085e-06,0.0
121001010106,2008,0.0,0.0,0.0
121001010106,2009,0.197235781,0.2082744,0.011038537
121001010106,2010,0.339322279,0.358312885,0.018990605
121001010106,2011,0.0,0.0,0.0
121001010106,2012,0.520760393,0.549905339,0.02914503
121001010106,2013,0.0,0.0,0.0
121001010106,2014,0.0,0.0,0.0
121001010106,2015,0.0,0.0,0.0
121001010106,2016,0.0,0.0,0.0
121001010106,2017,0.0,0.0,0.0
121001010106,2018,0.000135427,0.000142822,7.468e-06
121001010106,2019,0.363507151,0.383851307,0.020344156
121001010106,2020,9.9339e-05,0.000104929,5.59e-06
121001010107,2000,0.0,0.0,0.0
121001010107,2001,0.0,0.0,0.0
121001010107,2002,0.0,0.0,0.0
121001010107,2003,0.0,0.0,0.0
121001010107,2004,0.152911005,0.161468839,0.008557918
121001010107,2005,0.0,0.0,0.0
121001010107,2006,0.0,0.0,0.0
121001010107,2007,0.0,0.0,0.0
121001010107,2008,0.0,0.0,0.0
121001010107,2009,0.0,0.0,0.0
121001010107,2010,0.216904408,0.229043852,0.012139274
121001010107,2011,0.0,0.0,0.0
121001010107,2012,0.194275178,0.205147973,0.010872962
121001010107,2013,0.0,0.0,0.0
121001010107,2014,0.0,0.0,0.0
121001010107,2015,0.0,0.0,0.0
121001010107,2016,0.0,0.0,0.0
121001010107,2017,0.0,0.0,0.0
121001010107,2018,0.272861518,0.288132392,0.015270959
121001010107,2019,0.580319682,0.612798005,0.032478321
121001010107,2020,0.50852459,0.536984839,0.028460167
121001010108,2000,0.035180276,0.037149098,0.001968904
121001010108,2001,1.67e-07,1.67e-07,0.0
121001010108,2002,0.0,0.0,0.0
121001010108,2003,1.67e-07,1.67e-07,0.0
121001010108,2004,0.0,0.0,0.0
121001010108,2005,0.0,0.0,0.0
121001010108,2006,0.0,0.0,0.0
121001010108,2007,0.0,0.0,0.0
121001010108,2008,0.0,0.0,0.0
121001010108,2009,9.97e-07,1.082e-06,0.0
121001010108,2010,0.0,0.0,0.0
121001010108,2011,0.0,0.0,0.0
121001010108,2012,0.075481719,0.079706052,0.004224418
121001010108,2013,0.0,0.0,0.0
121001010108,2014,1.096e-06,1.178e-06,0.0
121001010108,2015,0.0,0.0,0.0
121001010108,2016,0.0,0.0,0.0
121001010108,2017,0.0,0.0,0.0
121001010108,2018,0.062464011,0.065959893,0.003495874
121001010108,2019,0.055045551,0.058126329,0.003080526
121001010108,2020,0.133652473,0.141132639,0.007479997
121001010201,2000,0.0,0.0,0.0
121001010201,2001,0.0,0.0,0.0
121001010201,2002,0.0,0.0,0.0
121001010201,2003,0.0,0.0,0.0
121001010201,2004,0.0,0.0,0.0
121001010201,2005,0.0,0.0,0.0
121001010201,2006,0.0,0.0,0.0
121001010201,2007,0.0,0.0,0.0
121001010201,2008,0.0,0.0,0.0
121001010201,2009,0.0,0.0,0.0
121001010201,2010,0.0,0.0,0.0
121001010201,2011,0.0,0.0,0.0
121001010201,2012,0.0,0.0,0.0
121001010201,2013,0.0,0.0,0.0
121001010201,2014,0.0,0.0,0.0
121001010201,2015,0.0,0.0,0.0
121001010201,2016,0.0,0.0,0.0
121001010201,2017,0.0,0.0,0.0
121001010201,2018,0.007354589,0.007766208,0.000411625
121001010201,2019,0.00919454,0.009708984,0.000514523
121001010201,2020,0.01196759,0.012637415,0.00066991
121001010202,2000,0.000125347,0.000132385,7.038e-06
121001010202,2001,0.0,0.0,0.0
121001010202,2002,0.0,0.0,0.0
121001010202,2003,0.0,0.0,0.0
121001010202,2004,0.000262798,0.000277612,1.4648e-05
121001010202,2005,0.0,0.0,0.0
121001010202,2006,0.0,0.0,0.0
121001010202,2007,0.0,0.0,0.0
121001010202,2008,0.0,0.0,0.0
121001010202,2009,0.000350003,0.000369405,1.957e-05
121001010202,2010,0.0,0.0,0.0
121001010202,2011,0.0,0.0,0.0
121001010202,2012,0.000240339,0.000253732,1.356e-05
121001010202,2013,0.0,0.0,0.0
121001010202,2014,0.0,0.0,0.0
121001010202,2015,0.0,0.0,0.0
121001010202,2016,0.0,0.0,0.0
121001010202,2017,0.0,0.0,0.0
121001010202,2018,0.0,0.0,0.0
121001010202,2019,8.337e-06,8.759e-06,5.07e-07
121001010202,2020,0.0,0.0,0.0
121001010203,2000,0.0,0.0,0.0
121001010203,2001,0.0,0.0,0.0
121001010203,2002,0.0,0.0,0.0
121001010203,2003,0.0,0.0,0.0
121001010203,2004,0.0,0.0,0.0
121001010203,2005,0.0,0.0,0.0
121001010203,2006,0.0,0.0,0.0
121001010203,2007,0.0,0.0,0.0
121001010203,2008,0.0,0.0,0.0
121001010203,2009,0.0,0.0,0.0
121001010203,2010,0.0,0.0,0.0
121001010203,2011,0.0,0.0,0.0
121001010203,2012,0.0,0.0,0.0
121001010203,2013,0.0,0.0,0.0
121001010203,2014,0.0,0.0,0.0
121001010203,2015,0.0,0.0,0.0
121001010203,2016,0.0,0.0,0.0
121001010203,2017,0.0,0.0,0.0
121001010203,2018,0.0,0.0,0.0
121001010203,2019,0.0,0.0,0.0
121001010203,2020,0.0,0.0,0.0
121001010204,2000,0.0,0.0,0.0
121001010204,2001,0.0,0.0,0.0
121001010204,2002,0.059503,0.062634721,0.003131721
121001010204,2003,0.0,0.0,0.0
121001010204,2004,0.002335074,0.002335074,0.0
121001010204,2005,0.0,0.0,0.0
121001010204,2006,0.0,0.0,0.0
121001010204,2007,0.001861107,0.001861107,0.0
121001010204,2008,0.0,0.0,0.0
121001010204,2009,0.0,0.0,0.0
121001010204,2010,0.063942978,0.064719597,0.000776619
121001010204,2011,0.0,0.0,0.0
121001010204,2012,0.0,0.0,0.0
121001010204,2013,0.051356745,0.051356745,0.0
121001010204,2014,0.0,0.0,0.0
121001010204,2015,0.0,0.0,0.0
121001010204,2016,0.0,0.0,0.0
121001010204,2017,0.004673395,0.004673395,0.0
121001010204,2018,0.002005118,0.002005118,0.0
121001010204,2019,0.083592373,0.083592373,0.0
121001010204,2020,0.007393202,0.007393202,0.0
121001010205,2000,0.0,0.0,0.0
121001010205,2001,0.0,0.0,0.0
121001010205,2002,0.0,0.0,0.0
121001010205,2003,0.0,0.0,0.0
121001010205,2004,0.0,0.0,0.0
121001010205,2005,0.0,0.0,0.0
121001010205,2006,0.0,0.0,0.0
121001010205,2007,0.0,0.0,0.0
121001010205,2008,0.0,0.0,0.0
121001010205,2009,0.0,0.0,0.0
121001010205,2010,0.0,0.0,0.0
121001010205,2011,0.0,0.0,0.0
121001010205,2012,0.0,0.0,0.0
121001010205,2013,0.0,0.0,0.0
121001010205,2014,0.0,0.0,0.0
121001010205,2015,0.0,0.0,0.0
121001010205,2016,0.0,0.0,0.0
121001010205,2017,0.0,0.0,0.0
121001010205,2018,0.0,0.0,0.0
121001010205,2019,0.0,0.0,0.0
121001010205,2020,0.0,0.0,0.0
121001010206,2000,0.0,0.0,0.0
121001010206,2001,0.041711351,0.044045844,0.00233449
121001010206,2002,0.0,0.0,0.0
121001010206,2003,0.130251696,0.137541227,0.007289786
121001010206,2004,0.102012784,0.107721825,0.005709208
121001010206,2005,0.211869551,0.223726959,0.011857575
121001010206,2006,0.0,0.0,0.0
121001010206,2007,0.0,0.0,0.0
121001010206,2008,0.317282027,0.335038915,0.01775697
121001010206,2009,0.0,0.0,0.0
121001010206,2010,0.189130753,0.199715668,0.010584918
121001010206,2011,0.140166638,0.148011129,0.007844658
121001010206,2012,0.0,0.0,0.0
121001010206,2013,0.0,0.0,0.0
121001010206,2014,0.373773789,0.394692589,0.020918797
121001010206,2015,0.084431074,0.089156359,0.0047252
121001010206,2016,0.283522536,0.299390213,0.01586776
121001010206,2017,0.0,0.0,0.0
121001010206,2018,0.560799805,0.592185605,0.031385721
121001010206,2019,0.0,0.0,0.0
121001010206,2020,0.978731038,1.033506874,0.054775833
121001010301,2000,0.0,0.0,0.0
121001010301,2001,0.0,0.0,0.0
121001010301,2002,0.0,0.0,0.0
121001010301,2003,0.0,0.0,0.0
121001010301,2004,0.0,0.0,0.0
121001010301,2005,0.0,0.0,0.0
121001010301,2006,0.0,0.0,0.0
121001010301,2007,0.0,0.0,0.0
121001010301,2008,0.0,0.0,0.0
121001010301,2009,0.0,0.0,0.0
121001010301,2010,0.0,0.0,0.0
121001010301,2011,0.0,0.0,0.0
121001010301,2012,0.0,0.0,0.0
121001010301,2013,0.0,0.0,0.0
121001010301,2014,0.0,0.0,0.0
121001010301,2015,0.0,0.0,0.0
121001010301,2016,0.0,0.0,0.0
121001010301,2017,0.00058169,0.00058169,0.0
121001010301,2018,0.0,0.0,0.0
121001010301,2019,0.0,0.0,0.0
121001010301,2020,0.0,0.0,0.0
121001010302,2000,0.0,0.0,0.0
121001010302,2001,0.0,0.0,0.0
121001010302,2002,0.0,0.0,0.0
121001010302,2003,0.0,0.0,0.0
121001010302,2004,0.0,0.0,0.0
121001010302,2005,0.0,0.0,0.0
121001010302,2006,0.0,0.0,0.0
121001010302,2007,0.0,0.0,0.0
121001010302,2008,0.0,0.0,0.0
121001010302,2009,0.0,0.0,0.0
121001010302,2010,0.0,0.0,0.0
121001010302,2011,0.0,0.0,0.0
121001010302,2012,0.0,0.0,0.0
121001010302,2013,0.0,0.0,0.0
121001010302,2014,0.0,0.0,0.0
121001010302,2015,0.0,0.0,0.0
121001010302,2016,0.0,0.0,0.0
121001010302,2017,0.0,0.0,0.0
121001010302,2018,0.0,0.0,0.0
121001010302,2019,0.0,0.0,0.0
121001010302,2020,0.0,0.0,0.0
121001010303,2000,0.0,0.0,0.0
121001010303,2001,0.0,0.0,0.0
121001010303,2002,0.0,0.0,0.0
121001010303,2003,0.0,0.0,0.0
121001010303,2004,0.0,0.0,0.0
121001010303,2005,0.0,0.0,0.0
121001010303,2006,0.0,0.0,0.0
121001010303,2007,0.0,0.0,0.0
121001010303,2008,0.0,0.0,0.0
121001010303,2009,0.0,0.0,0.0
121001010303,2010,0.0,0.0,0.0
121001010303,2011,0.0,0.0,0.0
121001010303,2012,0.0,0.0,0.0
121001010303,2013,0.0,0.0,0.0
121001010303,2014,0.0,0.0,0.0
121001010303,2015,0.0,0.0,0.0
121001010303,2016,0.0,0.0,0.0
121001010303,2017,0.0,0.0,0.0
121001010303,2018,0.0,0.0,0.0
121001010303,2019,0.0,0.0,0.0
121001010303,2020,0.0,0.0,0.0
121001010304,2000,0.0,0.0,0.0
121001010304,2001,0.0,0.0,0.0
121001010304,2002,0.0,0.0,0.0
121001010304,2003,0.0,0.0,0.0
121001010304,2004,0.0,0.0,0.0
121001010304,2005,0.0,0.0,0.0
121001010304,2006,0.0,0.0,0.0
121001010304,2007,0.0,0.0,0.0
121001010304,2008,0.0,0.0,0.0
121001010304,2009,0.0,0.0,0.0
121001010304,2010,0.0,0.0,0.0
121001010304,2011,0.0,0.0,0.0
121001010304,2012,0.0,0.0,0.0
121001010304,2013,0.0,0.0,0.0
121001010304,2014,0.0,0.0,0.0
121001010304,2015,0.0,0.0,0.0
121001010304,2016,0.0,0.0,0.0
121001010304,2017,0.0,0.0,0.0
121001010304,2018,0.0,0.0,0.0
121001010304,2019,0.0,0.0,0.0
121001010304,2020,0.0,0.0,0.0
121001010305,2000,0.0,0.0,0.0
121001010305,2001,0.0,0.0,0.0
121001010305,2002,0.0,0.0,0.0
121001010305,2003,0.0,0.0,0.0
121001010305,2004,0.0,0.0,0.0
121001010305,2005,0.0,0.0,0.0
121001010305,2006,0.0,0.0,0.0
121001010305,2007,0.0,0.0,0.0
121001010305,2008,0.0,0.0,0.0
121001010305,2009,0.0,0.0,0.0
121001010305,2010,0.0,0.0,0.0
121001010305,2011,0.0,0.0,0.0
121001010305,2012,0.0,0.0,0.0
121001010305,2013,0.0,0.0,0.0
121001010305,2014,0.0,0.0,0.0
121001010305,2015,0.0,0.0,0.0
121001010305,2016,0.0,0.0,0.0
121001010305,2017,0.0,0.0,0.0
121001010305,2018,0.0,0.0,0.0
121001010305,2019,0.0,0.0,0.0
121001010305,2020,0.0,0.0,0.0
121001010401,2000,0.0,0.0,0.0
121001010401,2001,0.0,0.0,0.0
121001010401,2002,0.0,0.0,0.0
121001010401,2003,0.0,0.0,0.0
121001010401,2004,0.0,0.0,0.0
121001010401,2005,0.0,0.0,0.0
121001010401,2006,0.0,0.0,0.0
121001010401,2007,0.0,0.0,0.0
121001010401,2008,0.0,0.0,0.0
121001010401,2009,0.038076178,0.038538644,0.000462466
121001010401,2010,0.0,0.0,0.0
121001010401,2011,0.0,0.0,0.0
121001010401,2012,0.0,0.0,0.0
121001010401,2013,0.0,0.0,0.0
121001010401,2014,0.0,0.0,0.0
121001010401,2015,0.0,0.0,0.0
121001010401,2016,0.0,0.0,0.0
121001010401,2017,0.0,0.0,0.0
121001010401,2018,0.0,0.0,0.0
121001010401,2019,0.0,0.0,0.0
121001010401,2020,0.668897891,0.677022235,0.00812426
121001010402,2000,0.0,0.0,0.0
121001010402,2001,0.0,0.0,0.0
121001010402,2002,0.0,0.0,0.0
121001010402,2003,0.360827411,0.36521011,0.004382364
121001010402,2004,0.010840787,0.010972456,0.000131839
121001010402,2005,0.0,0.0,0.0
121001010402,2006,0.0,0.0,0.0
121001010402,2007,0.005760748,0.005830775,7.0027e-05
121001010402,2008,0.0,0.0,0.0
121001010402,2009,0.0,0.0,0.0
121001010402,2010,0.0,0.0,0.0
121001010402,2011,0.090056707,0.091150633,0.001093759
121001010402,2012,0.16490341,0.166906199,0.002002874
121001010402,2013,0.010494099,0.010621658,0.000127567
121001010402,2014,0.0,0.0,0.0
121001010402,2015,0.0,0.0,0.0
121001010402,2016,0.0,0.0,0.0
121001010402,2017,0.0,0.0,0.0
121001010402,2018,0.300690556,0.304342822,0.003652181
121001010402,2019,0.013290726,0.013452142,0.000161501
121001010402,2020,0.0,0.0,0.0
121001010403,2000,0.334927516,0.338995473,0.004068041
121001010403,2001,0.271980167,0.27528349,0.003303323
121001010403,2002,0.300277644,0.303924753,0.00364711
121001010403,2003,0.24079997,0.243724751,0.002924614
121001010403,2004,0.0,0.0,0.0
121001010403,2005,0.08542906,0.086466578,0.001037688
121001010403,2006,0.312914208,0.316714803,0.003800592
121001010403,2007,0.107186134,0.108488036,0.001301816
121001010403,2008,0.218873238,0.221531579,0.002658342
121001010403,2009,0.086002575,0.087047184,0.001044608
121001010403,2010,0.413370178,0.418390814,0.005020721
121001010403,2011,0.549288192,0.555959458,0.00667151
121001010403,2012,0.545146923,0.551768128,0.006621208
121001010403,2013,0.27751591,0.280886666,0.003370674
121001010403,2014,0.183767784,0.185999704,0.002231923
121001010403,2015,0.005986619,0.006059342,7.2641e-05
121001010403,2016,0.04800241,0.048585355,0.00058303
121001010403,2017,0.059697811,0.060422863,0.000725134
121001010403,2018,0.835476403,0.845623912,0.010147427
121001010403,2019,0.389147386,0.393873926,0.004726458
121001010403,2020,0.468255232,0.473942735,0.005687333
121001010404,2000,0.070879995,0.071740852,0.000860943
121001010404,2001,0.068981055,0.069818992,0.000837858
121001010404,2002,0.0,0.0,0.0
121001010404,2003,0.012406551,0.012557142,0.000150595
121001010404,2004,0.0,0.0,0.0
121001010404,2005,0.0,0.0,0.0
121001010404,2006,0.033088345,0.033490364,0.000402019
121001010404,2007,0.003921912,0.003969479,4.7567e-05
121001010404,2008,0.0,0.0,0.0
121001010404,2009,0.067246164,0.068062863,0.000816784
121001010404,2010,0.229242677,0.232026918,0.002784323
121001010404,2011,0.130490055,0.132074877,0.00158491
121001010404,2012,0.031313555,0.031693902,0.000380344
121001010404,2013,0.024692288,0.024992148,0.000299863
121001010404,2014,0.191763093,0.194092197,0.002329104
121001010404,2015,0.022290258,0.022560885,0.000270797
121001010404,2016,0.026072175,0.026388863,0.000316691
121001010404,2017,0.0,0.0,0.0
121001010404,2018,0.120226414,0.121686592,0.001460258
121001010404,2019,0.006278181,0.006354381,7.6282e-05
121001010404,2020,0.0,0.0,0.0
121001020101,2000,0.0,0.0,0.0
121001020101,2001,0.0,0.0,0.0
121001020101,2002,0.0,0.0,0.0
121001020101,2003,0.0,0.0,0.0
121001020101,2004,0.0,0.0,0.0
121001020101,2005,0.0,0.0,0.0
121001020101,2006,0.0,0.0,0.0
121001020101,2007,0.0,0.0,0.0
121001020101,2008,0.0,0.0,0.0
121001020101,2009,0.0,0.0,0.0
121001020101,2010,0.0,0.0,0.0
121001020101,2011,0.0,0.0,0.0
121001020101,2012,0.0,0.0,0.0
121001020101,2013,0.0,0.0,0.0
121001020101,2014,0.0,0.0,0.0
121001020101,2015,0.0,0.0,0.0
121001020101,2016,0.0,0.0,0.0
121001020101,2017,0.0,0.0,0.0
121001020101,2018,0.0,0.0,0.0
121001020101,2019,0.0,0.0,0.0
121001020101,2020,0.0,0.0,0.0
121001020102,2000,0.0,0.0,0.0
121001020102,2001,0.0,0.0,0.0
121001020102,2002,0.0,0.0,0.0
121001020102,2003,0.0,0.0,0.0
121001020102,2004,0.000951874,0.001175093,0.000223219
121001020102,2005,0.0,0.0,0.0
121001020102,2006,0.0,0.0,0.0
121001020102,2007,0.0,0.0,0.0
121001020102,2008,0.0,0.0,0.0
121001020102,2009,0.0,0.0,0.0
121001020102,2010,0.0,0.0,0.0
121001020102,2011,0.0,0.0,0.0
121001020102,2012,0.0,0.0,0.0
121001020102,2013,0.0,0.0,0.0
121001020102,2014,0.0,0.0,0.0
121001020102,2015,0.0,0.0,0.0
121001020102,2016,0.0,0.0,0.0
121001020102,2017,0.00161369,0.001992268,0.000378493
121001020102,2018,0.0,0.0,0.0
121001020102,2019,0.002576652,0.003181214,0.000604227
121001020102,2020,0.002245038,0.002771653,0.000526533
121001020103,2000,0.0,0.0,0.0
121001020103,2001,0.0,0.0,0.0
121001020103,2002,0.0,0.0,0.0
121001020103,2003,0.0,0.0,0.0
121001020103,2004,0.0,0.0,0.0
121001020103,2005,0.0,0.0,0.0
121001020103,2006,0.0,0.0,0.0
121001020103,2007,0.0,0.0,0.0
121001020103,2008,0.0,0.0,0.0
121001020103,2009,0.0,0.0,0.0
121001020103,2010,0.0,0.0,0.0
121001020103,2011,0.0,0.0,0.0
121001020103,2012,0.0,0.0,0.0
121001020103,2013,0.0,0.0,0.0
121001020103,2014,0.0,0.0,0.0
121001020103,2015,0.0,0.0,0.0
121001020103,2016,0.0,0.0,0.0
121001020103,2017,0.0,0.0,0.0
121001020103,2018,0.0,0.0,0.0
121001020103,2019,0.0,0.0,0.0
121001020103,2020,0.0,0.0,0.0
121001020104,2000,0.0,0.0,0.0
121001020104,2001,0.0,0.0,0.0
121001020104,2002,0.0,0.0,0.0
121001020104,2003,0.0,0.0,0.0
121001020104,2004,0.0,0.0,0.0
121001020104,2005,0.0,0.0,0.0
121001020104,2006,0.0,0.0,0.0
121001020104,2007,0.0,0.0,0.0
121001020104,2008,0.0,0.0,0.0
121001020104,2009,0.0,0.0,0.0
121001020104,2010,0.0,0.0,0.0
121001020104,2011,0.0,0.0,0.0
121001020104,2012,0.0,0.0,0.0
121001020104,2013,0.0,0.0,0.0
121001020104,2014,0.0,0.0,0.0
121001020104,2015,0.0,0.0,0.0
121001020104,2016,0.0,0.0,0.0
121001020104,2017,0.0,0.0,0.0
121001020104,2018,0.0,0.0,0.0
121001020104,2019,0.0,0.0,0.0
121001020104,2020,0.0,0.0,0.0
121001020105,2000,0.0,0.0,0.0
121001020105,2001,0.0,0.0,0.0
121001020105,2002,0.0,0.0,0.0
121001020105,2003,0.0,0.0,0.0
121001020105,2004,0.0,0.0,0.0
121001020105,2005,0.0,0.0,0.0
121001020105,2006,0.0,0.0,0.0
121001020105,2007,0.0,0.0,0.0
121001020105,2008,0.0,0.0,0.0
121001020105,2009,0.0,0.0,0.0
121001020105,2010,0.0,0.0,0.0
121001020105,2011,0.0,0.0,0.0
121001020105,2012,0.0,0.0,0.0
121001020105,2013,0.0,0.0,0.0
121001020105,2014,0.0,0.0,0.0
121001020105,2015,0.0,0.0,0.0
121001020105,2016,0.0,0.0,0.0
121001020105,2017,0.0,0.0,0.0
121001020105,2018,0.0,0.0,0.0
121001020105,2019,0.0,0.0,0.0
121001020105,2020,0.0,0.0,0.0
121001020106,2000,0.000325552,0.0003445,1.8948e-05
121001020106,2001,0.002795129,0.002951567,0.000156438
121001020106,2002,0.0,0.0,0.0
121001020106,2003,0.0,0.0,0.0
121001020106,2004,8.5e-08,8.5e-08,0.0
121001020106,2005,0.217247323,0.229648334,0.012401093
121001020106,2006,0.00536803,0.005674416,0.000306471
121001020106,2007,0.00092469,0.00098489,6.0115e-05
121001020106,2008,0.006998156,0.00738988,0.000391642
121001020106,2009,0.004392093,0.004637915,0.000245825
121001020106,2010,0.001434214,0.001525723,9.151e-05
121001020106,2011,0.0,0.0,0.0
121001020106,2012,0.0,0.0,0.0
121001020106,2013,0.004448134,0.004706973,0.000258838
121001020106,2014,0.0,0.0,0.0
121001020106,2015,0.003412622,0.003615068,0.000202447
121001020106,2016,0.003910907,0.004138631,0.000227645
121001020106,2017,0.000929926,0.000981956,5.203e-05
121001020106,2018,0.247368156,0.261488496,0.014120422
121001020106,2019,0.0,0.0,0.0
121001020106,2020,0.330182098,0.349029773,0.018847678
121001020107,2000,0.004390301,0.004636036,0.000245735
121001020107,2001,0.001376855,0.001453814,7.7044e-05
121001020107,2002,0.0,0.0,0.0
121001020107,2003,0.0,0.0,0.0
121001020107,2004,0.002719178,0.002871336,0.00015224
121001020107,2005,0.195798584,0.206756668,0.010958255
121001020107,2006,0.0,0.0,0.0
121001020107,2007,0.0,0.0,0.0
121001020107,2008,0.0,0.0,0.0
121001020107,2009,0.0,0.0,0.0
121001020107,2010,0.0,0.0,0.0
121001020107,2011,0.0,0.0,0.0
121001020107,2012,0.0,0.0,0.0
121001020107,2013,0.0,0.0,0.0
121001020107,2014,0.007113255,0.007511195,0.000398025
121001020107,2015,0.004867438,0.005139847,0.000272408
121001020107,2016,0.006722232,0.007098577,0.000376178
121001020107,2017,0.0,0.0,0.0
121001020107,2018,0.175339564,0.185152704,0.00981314
121001020107,2019,0.010078107,0.010642203,0.000564096
121001020107,2020,0.238754484,0.252116522,0.01336212
121001020108,2000,0.0,0.0,0.0
121001020108,2001,0.0,0.0,0.0
121001020108,2002,0.0,0.0,0.0
121001020108,2003,0.0,0.0,0.0
121001020108,2004,0.0,0.0,0.0
121001020108,2005,0.0,0.0,0.0
121001020108,2006,0.0,0.0,0.0
121001020108,2007,0.0,0.0,0.0
121001020108,2008,0.0,0.0,0.0
121001020108,2009,0.0,0.0,0.0
121001020108,2010,0.0,0.0,0.0
121001020108,2011,0.0,0.0,0.0
121001020108,2012,0.0,0.0,0.0
121001020108,2013,0.0,0.0,0.0
121001020108,2014,0.0,0.0,0.0
121001020108,2015,0.0,0.0,0.0
121001020108,2016,0.0,0.0,0.0
121001020108,2017,0.0,0.0,0.0
121001020108,2018,0.008009729,0.008458022,0.000448208
121001020108,2019,0.0,0.0,0.0
121001020108,2020,0.0,0.0,0.0
121001020201,2000,3.593e-06,4.008e-06,1.67e-07
121001020201,2001,0.0,0.0,0.0
121001020201,2002,0.0,0.0,0.0
121001020201,2003,0.0,0.0,0.0
121001020201,2004,0.0,0.0,0.0
121001020201,2005,0.0,0.0,0.0
121001020201,2006,0.0,0.0,0.0
121001020201,2007,0.0,0.0,0.0
121001020201,2008,0.0,0.0,0.0
121001020201,2009,0.0,0.0,0.0
121001020201,2010,0.0,0.0,0.0
121001020201,2011,0.0,0.0,0.0
121001020201,2012,6.822e-06,7.238e-06,4.15e-07
121001020201,2013,0.0,0.0,0.0
121001020201,2014,0.0,0.0,0.0
121001020201,2015,0.0,0.0,0.0
121001020201,2016,0.0,0.0,0.0
121001020201,2017,0.0,0.0,0.0
121001020201,2018,0.000453175,0.000478611,2.5266e-05
121001020201,2019,5.8915e-05,6.2279e-05,3.279e-06
121001020201,2020,0.000621005,0.000655784,3.4776e-05
121001020202,2000,0.0,0.0,0.0
121001020202,2001,0.0,0.0,0.0
121001020202,2002,0.0,0.0,0.0
121001020202,2003,0.0,0.0,0.0
121001020202,2004,0.0,0.0,0.0
121001020202,2005,0.0,0.0,0.0
121001020202,2006,0.0,0.0,0.0
121001020202,2007,0.0,0.0,0.0
121001020202,2008,0.0,0.0,0.0
121001020202,2009,0.0,0.0,0.0
121001020202,2010,0.0,0.0,0.0
121001020202,2011,0.0,0.0,0.0
121001020202,2012,0.0,0.0,0.0
121001020202,2013,0.0,0.0,0.0
121001020202,2014,0.0,0.0,0.0
121001020202,2015,0.0,0.0,0.0
121001020202,2016,0.0,0.0,0.0
121001020202,2017,0.0,0.0,0.0
121001020202,2018,0.0,0.0,0.0
121001020202,2019,0.0,0.0,0.0
121001020202,2020,0.0,0.0,0.0
121001020203,2000,0.0,0.0,0.0
121001020203,2001,0.046447118,0.049046633,0.00259943
121001020203,2002,0.017497997,0.018477167,0.000979337
121001020203,2003,0.053227529,0.056206548,0.002978937
121001020203,2004,0.0,0.0,0.0
121001020203,2005,0.017731674,0.01872406,0.000992304
121001020203,2006,0.054385241,0.057429003,0.003043762
121001020203,2007,0.0,0.0,0.0
121001020203,2008,0.0,0.0,0.0
121001020203,2009,0.084231342,0.08894543,0.004714178
121001020203,2010,0.0,0.0,0.0
121001020203,2011,0.0,0.0,0.0
121001020203,2012,0.0,0.0,0.0
121001020203,2013,0.0,0.0,0.0
121001020203,2014,0.0,0.0,0.0
121001020203,2015,0.020133107,0.021259962,0.001126688
121001020203,2016,0.0,0.0,0.0
121001020203,2017,0.0,0.0,0.0
121001020203,2018,0.076634627,0.080923556,0.004289014
121001020203,2019,0.0,0.0,0.0
121001020203,2020,0.010687369,0.011285443,0.00059824
121001020204,2000,0.0,0.0,0.0
121001020204,2001,0.0,0.0,0.0
121001020204,2002,0.0,0.0,0.0
121001020204,2003,0.0,0.0,0.0
121001020204,2004,0.0,0.0,0.0
121001020204,2005,0.0,0.0,0.0
121001020204,2006,0.0,0.0,0.0
121001020204,2007,0.0,0.0,0.0
121001020204,2008,0.0,0.0,0.0
121001020204,2009,0.0,0.0,0.0
121001020204,2010,0.0,0.0,0.0
121001020204,2011,0.0,0.0,0.0
121001020204,2012,0.0,0.0,0.0
121001020204,2013,0.0,0.0,0.0
121001020204,2014,0.0,0.0,0.0
121001020204,2015,0.0,0.0,0.0
121001020204,2016,0.0,0.0,0.0
121001020204,2017,0.0,0.0,0.0
121001020204,2018,0.0,0.0,0.0
121001020204,2019,0.0,0.0,0.0
121001020204,2020,0.0,0.0,0.0
121001020205,2000,0.683219697,0.721456762,0.03823723
121001020205,2001,0.880228463,0.929491422,0.049263044
121001020205,2002,0.737593129,0.778873315,0.041280268
121001020205,2003,0.875231208,0.924214438,0.048983403
121001020205,2004,0.763129913,0.805839366,0.042709536
121001020205,2005,0.987813542,1.043097751,0.055284123
121001020205,2006,0.820260753,0.866167682,0.045906929
121001020205,2007,0.0,0.0,0.0
121001020205,2008,0.329008139,0.347421658,0.01841335
121001020205,2009,0.540962819,0.571238532,0.030275545
121001020205,2010,0.0,0.0,0.0
121001020205,2011,0.514688622,0.543493866,0.028805164
121001020205,2012,0.0,0.0,0.0
121001020205,2013,0.848336455,0.895814792,0.04747817
121001020205,2014,0.551350386,0.582207422,0.030856868
121001020205,2015,0.237317973,0.250599745,0.013281855
121001020205,2016,0.395926055,0.418084642,0.022158511
121001020205,2017,0.0,0.0,0.0
121001020205,2018,0.084075816,0.088781244,0.004705433
121001020205,2019,0.043230699,0.045650195,0.002419496
121001020205,2020,0.432747735,0.456967005,0.024219199
121001020206,2000,0.264423738,0.279222481,0.014798746
121001020206,2001,0.339049107,0.355025301,0.015976027
121001020206,2002,0.316642192,0.33052403,0.013882003
121001020206,2003,0.00391069,0.003958041,4.7351e-05
121001020206,2004,0.255894833,0.269363005,0.013468172
121001020206,2005,0.594390992,0.622399019,0.028008027
121001020206,2006,0.345265107,0.364203745,0.018938389
121001020206,2007,0.0,0.0,0.0
121001020206,2008,0.78217047,0.820745642,0.038575082
121001020206,2009,0.823187658,0.868341288,0.045153718
121001020206,2010,0.0,0.0,0.0
121001020206,2011,0.600883468,0.624619134,0.023735575
121001020206,2012,4.5566e-05,4.8221e-05,2.407e-06
121001020206,2013,1.058721479,1.117974142,0.05925266
121001020206,2014,0.679426258,0.717450992,0.038024984
121001020206,2015,0.214344074,0.224915156,0.010570915
121001020206,2016,0.496901369,0.520860899,0.023959612
121001020206,2017,0.0,0.0,0.0
121001020206,2018,0.559297244,0.571878748,0.012581337
121001020206,2019,0.0,0.0,0.0
121001020206,2020,1.471856738,1.533183959,0.061327388
121001020301,2000,0.0,0.0,0.0
121001020301,2001,0.0,0.0,0.0
121001020301,2002,0.0,0.0,0.0
121001020301,2003,0.0,0.0,0.0
121001020301,2004,0.0,0.0,0.0
121001020301,2005,0.0,0.0,0.0
121001020301,2006,0.0,0.0,0.0
121001020301,2007,0.0,0.0,0.0
121001020301,2008,0.0,0.0,0.0
121001020301,2009,0.0,0.0,0.0
121001020301,2010,0.0,0.0,0.0
121001020301,2011,0.0,0.0,0.0
121001020301,2012,0.0,0.0,0.0
121001020301,2013,0.0,0.0,0.0
121001020301,2014,0.0,0.0,0.0
121001020301,2015,0.0,0.0,0.0
121001020301,2016,0.0,0.0,0.0
121001020301,2017,0.0,0.0,0.0
121001020301,2018,0.0,0.0,0.0
121001020301,2019,0.0,0.0,0.0
121001020301,2020,0.0,0.0,0.0
121001020302,2000,0.0,0.0,0.0
121001020302,2001,0.0,0.0,0.0
121001020302,2002,0.0,0.0,0.0
121001020302,2003,0.0,0.0,0.0
121001020302,2004,0.0,0.0,0.0
121001020302,2005,0.0,0.0,0.0
121001020302,2006,0.0,0.0,0.0
121001020302,2007,0.0,0.0,0.0
121001020302,2008,0.0,0.0,0.0
121001020302,2009,0.0,0.0,0.0
121001020302,2010,0.0,0.0,0.0
121001020302,2011,0.0,0.0,0.0
121001020302,2012,0.0,0.0,0.0
121001020302,2013,0.0,0.0,0.0
121001020302,2014,0.0,0.0,0.0
121001020302,2015,0.0,0.0,0.0
121001020302,2016,0.0,0.0,0.0
121001020302,2017,0.0,0.0,0.0
121001020302,2018,0.0,0.0,0.0
121001020302,2019,0.0,0.0,0.0
121001020302,2020,0.0,0.0,0.0
121001020303,2000,0.009677445,0.03081956,0.021142199
121001020303,2001,0.004567899,0.014547471,0.009979411
121001020303,2002,0.0,0.0,0.0
121001020303,2003,0.0,0.0,0.0
121001020303,2004,0.0,0.0,0.0
121001020303,2005,0.0,0.0,0.0
121001020303,2006,0.0,0.0,0.0
121001020303,2007,0.0,0.0,0.0
121001020303,2008,0.0,0.0,0.0
121001020303,2009,0.0,0.0,0.0
121001020303,2010,0.000847882,0.002700326,0.001852444
121001020303,2011,0.00171789,0.005470482,0.003752926
121001020303,2012,0.0,0.0,0.0
121001020303,2013,0.001709208,0.005442937,0.003733981
121001020303,2014,0.0,0.0,0.0
121001020303,2015,0.000870608,0.002772373,0.001901929
121001020303,2016,0.001027123,0.003271489,0.002244284
121001020303,2017,0.0,0.0,0.0
121001020303,2018,0.028924277,0.092115844,0.063191485
121001020303,2019,0.029640408,0.094396395,0.064755986
121001020303,2020,0.002721243,0.008666426,0.005945265
121001020304,2000,2.817420322,8.972676199,6.155255713
121001020304,2001,2.974039088,9.471462279,6.497423022
121001020304,2002,1.958459389,6.237131537,4.278672233
121001020304,2003,2.042027597,6.503272929,4.461245247
121001020304,2004,1.829158156,5.825344822,3.996186667
121001020304,2005,2.861859173,9.114201471,6.252342049
121001020304,2006,2.249907066,7.165308912,4.915401849
121001020304,2007,1.089005693,3.468171156,2.379165463
121001020304,2008,5.138400571,16.364333366,11.225932628
121001020304,2009,3.36391874,10.713117148,7.349198403
121001020304,2010,4.87706983,15.532069781,10.654999866
121001020304,2011,7.692585348,24.49867917,16.806093995
121001020304,2012,3.269199806,10.411464527,7.142264557
121001020304,2013,5.966893795,19.002846501,13.035952792
121001020304,2014,4.647027978,14.799452392,10.152424329
121001020304,2015,2.143820942,6.82745551,4.68363423
121001020304,2016,3.426950249,10.913854246,7.486903992
121001020304,2017,3.021829156,9.623659877,6.601830718
121001020304,2018,4.830462822,15.383639304,10.553176567
121001020304,2019,3.616306414,11.516899532,7.900593033
121001020304,2020,4.12002276,13.121091385,9.001068795
121001020305,2000,0.237621762,0.302702945,0.065081016
121001020305,2001,0.079904153,0.101788773,0.021884619
121001020305,2002,0.099627126,0.126913427,0.027286386
121001020305,2003,0.153462164,0.19549331,0.04203106
121001020305,2004,0.004117205,0.005244872,0.001127664
121001020305,2005,0.172462236,0.219697156,0.047234838
121001020305,2006,0.012411079,0.015810192,0.003399197
121001020305,2007,0.0,0.0,0.0
121001020305,2008,0.120386746,0.153358858,0.032972115
121001020305,2009,0.053322348,0.067926597,0.014604249
121001020305,2010,0.0,0.0,0.0
121001020305,2011,0.397886945,0.506862353,0.108975493
121001020305,2012,0.034251219,0.043632038,0.009380986
121001020305,2013,0.50713766,0.744695663,0.237557923
121001020305,2014,0.020584389,0.065555219,0.044970912
121001020305,2015,0.295245173,0.376108647,0.080863304
121001020305,2016,0.202083869,0.27569415,0.073610284
121001020305,2017,0.142289581,0.181260647,0.038971151
121001020305,2018,0.448408663,0.747347882,0.298939301
121001020305,2019,0.753052036,1.234511395,0.481459608
121001020305,2020,0.420360552,0.540309265,0.119948719
121001020306,2000,5.346891331,12.946467872,7.599576541
121001020306,2001,2.576454403,5.751013912,3.174559677
121001020306,2002,4.881655885,9.628512663,4.746856778
121001020306,2003,3.145730049,7.653844671,4.50811454
121001020306,2004,2.224239284,4.877717923,2.653478555
121001020306,2005,6.241090567,11.388851559,5.147760907
121001020306,2006,5.248980085,11.361428699,6.112448611
121001020306,2007,1.31101911,2.632568271,1.321549334
121001020306,2008,10.515302189,20.781229301,10.265927112
121001020306,2009,9.997303499,20.570582984,10.573279819
121001020306,2010,5.371301616,11.526398447,6.155096668
121001020306,2011,15.952706748,30.444096575,14.491389992
121001020306,2012,8.219512831,18.388171926,10.168659011
121001020306,2013,7.239308145,15.240648625,8.001340564
121001020306,2014,8.71107754,17.318245405,8.607168038
121001020306,2015,5.264786723,10.922794129,5.658007493
121001020306,2016,5.181282825,10.383332352,5.202049527
121001020306,2017,5.357306107,11.878727326,6.521421551
121001020306,2018,10.036927468,19.338973964,9.302046575
121001020306,2019,7.405635203,14.693720855,7.288085482
121001020306,2020,10.783458137,23.09091668,12.307458538
121001020307,2000,0.285800232,0.301795213,0.015995066
121001020307,2001,0.897349847,0.964892249,0.067542485
121001020307,2002,0.472236564,0.584451277,0.112214712
121001020307,2003,0.665819233,0.705316953,0.039497808
121001020307,2004,0.470963694,0.608480421,0.13751656
121001020307,2005,0.327778466,0.358227778,0.030449397
121001020307,2006,0.682818899,0.709053795,0.026234896
121001020307,2007,0.108126693,0.172176214,0.064049605
121001020307,2008,1.422454462,1.506837396,0.084382932
121001020307,2009,0.712646132,0.75332577,0.040679638
121001020307,2010,1.058796521,1.360920805,0.30212454
121001020307,2011,1.23723071,1.34189874,0.104668027
121001020307,2012,0.120295896,0.12702827,0.006732538
121001020307,2013,1.261117923,1.766271614,0.50515369
121001020307,2014,0.738037153,0.772005562,0.033968159
121001020307,2015,0.314756997,0.418004077,0.103246995
121001020307,2016,0.740635396,0.76989132,0.029255923
121001020307,2017,0.801531929,1.057429888,0.255898044
121001020307,2018,3.427109321,3.934683416,0.507574096
121001020307,2019,2.473382833,2.842968948,0.36958603
121001020307,2020,3.729897265,4.450951486,0.721054134
121001020308,2000,0.414790945,0.653214175,0.238423063
121001020308,2001,0.654150592,0.989637852,0.33548726
121001020308,2002,0.66702754,0.815436975,0.148409521
121001020308,2003,0.504605644,0.696969126,0.192363482
121001020308,2004,0.355749566,0.543129197,0.187379549
121001020308,2005,0.66376686,0.806521079,0.142754219
121001020308,2006,0.543972392,0.782693984,0.238721668
121001020308,2007,0.276905507,0.374196526,0.097291104
121001020308,2008,1.520951153,1.756294716,0.235343478
121001020308,2009,1.306417712,1.712211959,0.405794164
121001020308,2010,1.389999348,1.860775718,0.470776282
121001020308,2011,2.376167745,2.666854836,0.290687175
121001020308,2012,0.252055817,0.319057934,0.067002123
121001020308,2013,1.959552326,2.558162408,0.598609915
121001020308,2014,0.593089729,0.684071318,0.090981504
121001020308,2015,0.365841564,0.48909294,0.123251375
121001020308,2016,0.707794874,1.008254686,0.300459975
121001020308,2017,0.508453329,0.549679244,0.041226
121001020308,2018,3.321210493,4.182884847,0.861674268
121001020308,2019,2.825898956,3.563554707,0.737655921
121001020308,2020,4.32727753,5.678841986,1.351564372
121001020309,2000,1.155317806,1.172911514,0.017593623
121001020309,2001,0.988912197,1.006014512,0.017102151
121001020309,2002,0.5252294,0.53160863,0.006379312
121001020309,2003,0.687071773,0.6954166,0.008344992
121001020309,2004,0.983015213,0.994954568,0.011939437
121001020309,2005,1.392319411,1.412088633,0.01976914
121001020309,2006,1.181852603,1.196207203,0.014354441
121001020309,2007,0.574990644,0.581974373,0.006983649
121001020309,2008,1.474064694,1.494994609,0.020929918
121001020309,2009,3.273818658,3.316938827,0.043120247
121001020309,2010,0.702480197,0.711732605,0.009252493
121001020309,2011,5.048589534,5.109908288,0.061318918
121001020309,2012,1.06725509,1.080217781,0.012962527
121001020309,2013,1.786446907,1.815494707,0.02904797
121001020309,2014,1.731947359,1.754759063,0.022811871
121001020309,2015,1.125507797,1.141488542,0.01598083
121001020309,2016,0.450678139,0.456151956,0.005473732
121001020309,2017,0.000574534,0.000606638,3.2186e-05
121001020309,2018,2.121431162,2.14719754,0.025766293
121001020309,2019,0.619399805,0.631396397,0.011996592
121001020309,2020,2.871148658,2.906021022,0.034872202
121001020310,2000,0.948713249,1.028973093,0.080259844
121001020310,2001,1.012483986,1.130004455,0.117520468
121001020310,2002,1.081298742,1.22180649,0.14050783
121001020310,2003,0.563354521,0.630150436,0.066796003
121001020310,2004,0.740535074,0.791169981,0.050634825
121001020310,2005,1.266996126,1.390775156,0.123779025
121001020310,2006,0.806466797,0.863454827,0.056987953
121001020310,2007,0.332221838,0.37709643,0.044874345
121001020310,2008,2.694126626,2.993473872,0.299347495
121001020310,2009,2.208191488,2.489505704,0.281314132
121001020310,2010,0.845280351,0.993278756,0.147998573
121001020310,2011,3.948596822,4.476866975,0.5282704
121001020310,2012,0.66564347,0.784032292,0.118388904
121001020310,2013,1.395120685,1.627912293,0.232791521
121001020310,2014,1.079723479,1.207744337,0.128020773
121001020310,2015,0.669536052,0.74892183,0.079385696
121001020310,2016,0.445988385,0.533479063,0.087490593
121001020310,2017,0.152900222,0.188069266,0.035169036
121001020310,2018,3.95647849,4.665658419,0.709180266
121001020310,2019,2.020773942,2.380181526,0.359407501
121001020310,2020,4.725807984,5.469685281,0.743877213
121001020401,2000,4.734398393,11.747887003,7.013488448
121001020401,2001,4.08134069,10.152588575,6.071248052
121001020401,2002,3.656937099,8.919358773,5.262421838
121001020401,2003,4.217108211,9.899315225,5.682207014
121001020401,2004,4.312153954,9.456478352,5.14432423
121001020401,2005,6.576297101,15.014377148,8.438080052
121001020401,2006,5.995349614,13.472696156,7.47734629
121001020401,2007,2.942444085,6.466910164,3.524466079
121001020401,2008,7.344225658,17.696929587,10.352703844
121001020401,2009,9.860844597,21.530228192,11.669383682
121001020401,2010,5.410504882,12.790791819,7.380286855
121001020401,2011,12.081620633,29.68457149,17.602950948
121001020401,2012,4.771764003,11.811297156,7.039533156
121001020401,2013,8.118985608,19.469989537,11.351003841
121001020401,2014,7.855554299,18.311315175,10.455760877
121001020401,2015,5.403858353,12.422662893,7.01880454
121001020401,2016,4.861042533,11.047823915,6.186781464
121001020401,2017,5.100909362,12.261801518,7.160892071
121001020401,2018,5.982416307,13.84818563,7.865769323
121001020401,2019,8.095649734,19.649635025,11.553985375
121001020401,2020,6.234622918,13.642500967,7.407878131
121001020402,2000,5.732300926,7.302294079,1.569993235
121001020402,2001,5.281013038,6.727404934,1.44639206
121001020402,2002,7.703707162,9.813639707,2.109932542
121001020402,2003,4.370530611,5.56755494,1.197024332
121001020402,2004,6.555094484,8.350438634,1.795344317
121001020402,2005,7.924399611,10.094776792,2.170376929
121001020402,2006,6.713867151,8.552696885,1.838829893
121001020402,2007,6.02742677,7.678250767,1.650823912
121001020402,2008,7.410212295,9.439761022,2.029548563
121001020402,2009,9.427947529,12.0101242,2.582176671
121001020402,2010,5.726596019,7.29502671,1.56843069
121001020402,2011,10.478254019,13.348094189,2.869840255
121001020402,2012,4.401392481,5.606869344,1.205476866
121001020402,2013,11.301902419,14.3973278,3.095425381
121001020402,2014,10.494485351,13.368771326,2.874285723
121001020402,2015,7.913939444,10.081451562,2.16751203
121001020402,2016,7.731570044,9.849133702,2.117563907
121001020402,2017,4.434039058,5.648457326,1.214418271
121001020402,2018,11.751340299,14.969860112,3.218519896
121001020402,2019,10.74244689,13.684645734,2.942198844
121001020402,2020,13.044622063,16.617353011,3.572730866
121001020403,2000,7.132103514,8.982498325,1.850394566
121001020403,2001,7.358900715,9.22167989,1.86277951
121001020403,2002,12.369821693,15.618461803,3.248640025
121001020403,2003,4.38548769,5.537231855,1.151744167
121001020403,2004,7.789469926,9.712555945,1.923085937
121001020403,2005,9.214240592,11.503421559,2.289180879
121001020403,2006,8.373349301,10.506084589,2.132735118
121001020403,2007,6.731608718,8.521023795,1.789414907
121001020403,2008,10.888721505,13.576959191,2.688237937
121001020403,2009,11.937610408,14.996998164,3.059387592
121001020403,2010,7.733614173,9.752350707,2.018736534
121001020403,2011,18.469044184,23.057483348,4.588439159
121001020403,2012,5.599725153,7.026003727,1.426278825
121001020403,2013,13.011831403,16.387696753,3.375865515
121001020403,2014,9.494719584,11.958085142,2.463365559
121001020403,2015,8.095915066,10.183541205,2.08762589
121001020403,2016,5.989905923,7.534472877,1.544566779
121001020403,2017,5.823208575,7.324790562,1.501582066
121001020403,2018,13.540182312,16.946410893,3.406228759
121001020403,2019,8.350789397,10.530629888,2.179840408
121001020403,2020,15.938696049,19.923370164,3.984674199
121001020404,2000,4.479261066,5.706064801,1.226803904
121001020404,2001,2.038408603,2.596698707,0.558290271
121001020404,2002,7.883071008,10.04212871,2.159057701
121001020404,2003,2.665678142,3.395768241,0.730090181
121001020404,2004,3.365757874,4.287589571,0.921831697
121001020404,2005,4.472343978,5.697253359,1.224909468
121001020404,2006,4.104251562,5.228345784,1.124094392
121001020404,2007,3.797028844,4.836979296,1.039950534
121001020404,2008,5.145100825,6.554268527,1.40916762
121001020404,2009,4.472923082,5.697990956,1.225068033
121001020404,2010,5.325173822,6.783660764,1.458487027
121001020404,2011,4.362418173,5.557220677,1.194802337
121001020404,2012,3.984879169,5.076279202,1.091400117
121001020404,2013,7.244187474,9.228264003,1.984076696
121001020404,2014,9.387334312,11.958387499,2.571053268
121001020404,2015,4.659540885,5.935720932,1.27617997
121001020404,2016,4.470442131,5.69483062,1.224388481
121001020404,2017,3.540356597,4.510008479,0.969651715
121001020404,2018,5.193288025,6.615653553,1.422365521
121001020404,2019,7.137047778,9.091780518,1.954732658
121001020404,2020,10.620549768,13.529362694,2.908813011
121001020405,2000,1.405762872,1.790780803,0.385017932
121001020405,2001,2.9766388,3.753642953,0.777004151
121001020405,2002,3.110187288,3.962022115,0.851834745
121001020405,2003,0.386063482,0.489307416,0.103243852
121001020405,2004,2.069912918,2.616830322,0.546917571
121001020405,2005,1.596369904,2.008012411,0.411642592
121001020405,2006,1.949748082,2.461803019,0.512055107
121001020405,2007,0.953000584,1.210928282,0.257927866
121001020405,2008,1.834755708,2.33429471,0.499539003
121001020405,2009,1.252204978,1.589092712,0.336887816
121001020405,2010,2.122869734,2.704292836,0.581423016
121001020405,2011,2.552417995,3.251487975,0.699069732
121001020405,2012,1.137008445,1.43200053,0.294992167
121001020405,2013,3.679879389,4.65807534,0.978195778
121001020405,2014,2.979446844,3.795473819,0.816026888
121001020405,2015,2.446299729,3.104441099,0.658141622
121001020405,2016,2.313988765,2.929099552,0.615110954
121001020405,2017,1.64658757,2.081653238,0.435065504
121001020405,2018,1.880337364,2.395334444,0.514996825
121001020405,2019,2.711565263,3.454223233,0.742658049
121001020405,2020,3.226956768,4.084755593,0.857798577
121001020501,2000,0.667366393,0.675472221,0.008105664
121001020501,2001,0.420705485,0.425814981,0.005109742
121001020501,2002,0.548211784,0.554870271,0.006658321
121001020501,2003,0.396751104,0.401569959,0.004818855
121001020501,2004,0.594719932,0.601943391,0.00722329
121001020501,2005,0.950321668,0.96186411,0.011542441
121001020501,2006,0.243562458,0.246520751,0.002958123
121001020501,2007,0.182449751,0.184665803,0.002215885
121001020501,2008,0.99176112,1.003806757,0.012045803
121001020501,2009,2.046606567,2.071463992,0.024857592
121001020501,2010,0.305411351,0.309120789,0.003709438
121001020501,2011,3.043658696,3.080626175,0.036967397
121001020501,2012,0.0,0.0,0.0
121001020501,2013,0.735951238,0.744890079,0.008938756
121001020501,2014,0.114800819,0.116195121,0.001394471
121001020501,2015,0.200655189,0.203092315,0.002437126
121001020501,2016,0.190059404,0.192367902,0.002308492
121001020501,2017,0.112888751,0.114259825,0.001371159
121001020501,2018,1.156287882,1.170331751,0.014044038
121001020501,2019,0.390255474,0.394995405,0.004739934
121001020501,2020,1.455615566,1.473295172,0.017679607
121001020502,2000,1.098472475,1.111814454,0.013341642
121001020502,2001,1.539465866,1.558163729,0.018697942
121001020502,2002,1.253356627,1.268579597,0.01522297
121001020502,2003,1.036531447,1.049121005,0.012589389
121001020502,2004,0.976299863,0.988157566,0.011857954
121001020502,2005,0.882516838,0.893235805,0.010718715
121001020502,2006,1.302218729,1.318035192,0.015816296
121001020502,2007,0.856966342,0.867374759,0.010408501
121001020502,2008,1.913193918,1.936431123,0.023237205
121001020502,2009,3.455078781,3.497043342,0.041964395
121001020502,2010,0.680531885,0.688797323,0.008265518
121001020502,2011,4.411807151,4.465391775,0.053584707
121001020502,2012,1.01799603,1.030360189,0.012364404
121001020502,2013,3.19454423,3.233344529,0.038800137
121001020502,2014,1.23255663,1.247526773,0.01497031
121001020502,2015,1.061409652,1.074301167,0.012891507
121001020502,2016,1.034747317,1.047315126,0.012567809
121001020502,2017,0.054308512,0.054968227,0.0006598
121001020502,2018,1.969213715,1.993131414,0.023917452
121001020502,2019,1.240688699,1.301876808,0.061188115
121001020502,2020,3.725652339,3.801685981,0.076033642
121001020503,2000,1.043403481,1.056076404,0.012672926
121001020503,2001,1.382951671,1.399748515,0.016796929
121001020503,2002,1.487292808,1.505357093,0.018064288
121001020503,2003,1.290467375,1.306141205,0.015673663
121001020503,2004,0.871278175,0.881860404,0.010582391
121001020503,2005,0.606691019,0.614059863,0.007368674
121001020503,2006,1.354151855,1.370599121,0.016447181
121001020503,2007,0.357354652,0.361694951,0.004340299
121001020503,2008,0.690736224,0.699125855,0.008389634
121001020503,2009,1.406307318,1.423388005,0.017080521
121001020503,2010,0.629582592,0.63722946,0.007646868
121001020503,2011,0.897434101,0.908334085,0.010900068
121001020503,2012,1.385800082,1.402631762,0.016831511
121001020503,2013,1.267676038,1.283072841,0.015396885
121001020503,2014,0.836384712,0.846543288,0.010158493
121001020503,2015,0.402785507,0.407677704,0.004892197
121001020503,2016,0.61833153,0.625841454,0.007509839
121001020503,2017,0.375912427,0.380478304,0.00456571
121001020503,2018,1.674394518,1.69473117,0.020336737
121001020503,2019,1.168712258,1.18290703,0.014194942
121001020503,2020,0.574661716,0.581641369,0.006979648
121002010101,2000,0.0,0.0,0.0
121002010101,2001,0.0,0.0,0.0
121002010101,2002,0.0,0.0,0.0
121002010101,2003,0.0,0.0,0.0
121002010101,2004,0.0,0.0,0.0
121002010101,2005,0.0,0.0,0.0
121002010101,2006,0.0,0.0,0.0
121002010101,2007,0.0,0.0,0.0
121002010101,2008,0.0,0.0,0.0
121002010101,2009,0.0,0.0,0.0
121002010101,2010,0.0,0.0,0.0
121002010101,2011,0.0,0.0,0.0
121002010101,2012,0.0,0.0,0.0
121002010101,2013,0.0,0.0,0.0
121002010101,2014,0.0,0.0,0.0
121002010101,2015,0.0,0.0,0.0
121002010101,2016,0.0,0.0,0.0
121002010101,2017,0.0,0.0,0.0
121002010101,2018,0.0,0.0,0.0
121002010101,2019,0.0,0.0,0.0
121002010101,2020,0.0,0.0,0.0
121002010102,2000,0.0,0.0,0.0
121002010102,2001,0.0,0.0,0.0
121002010102,2002,0.0,0.0,0.0
121002010102,2003,0.0,0.0,0.0
121002010102,2004,0.0,0.0,0.0
121002010102,2005,0.0,0.0,0.0
121002010102,2006,0.0,0.0,0.0
121002010102,2007,0.0,0.0,0.0
121002010102,2008,0.0,0.0,0.0
121002010102,2009,0.0,0.0,0.0
121002010102,2010,0.0,0.0,0.0
121002010102,2011,0.0,0.0,0.0
121002010102,2012,0.0,0.0,0.0
121002010102,2013,0.0,0.0,0.0
121002010102,2014,0.0,0.0,0.0
121002010102,2015,0.0,0.0,0.0
121002010102,2016,0.0,0.0,0.0
121002010102,2017,0.0,0.0,0.0
121002010102,2018,0.0,0.0,0.0
121002010102,2019,0.0,0.0,0.0
121002010102,2020,0.0,0.0,0.0
121002010103,2000,0.0,0.0,0.0
121002010103,2001,0.0,0.0,0.0
121002010103,2002,0.0,0.0,0.0
121002010103,2003,0.0,0.0,0.0
121002010103,2004,0.0,0.0,0.0
121002010103,2005,0.0,0.0,0.0
121002010103,2006,0.0,0.0,0.0
121002010103,2007,0.0,0.0,0.0
121002010103,2008,0.0,0.0,0.0
121002010103,2009,0.0,0.0,0.0
121002010103,2010,0.0,0.0,0.0
121002010103,2011,0.0,0.0,0.0
121002010103,2012,0.0,0.0,0.0
121002010103,2013,0.0,0.0,0.0
121002010103,2014,0.0,0.0,0.0
121002010103,2015,0.0,0.0,0.0
121002010103,2016,0.0,0.0,0.0
121002010103,2017,0.0,0.0,0.0
121002010103,2018,0.0,0.0,0.0
121002010103,2019,0.0,0.0,0.0
121002010103,2020,0.0,0.0,0.0
121002010104,2000,0.0,0.0,0.0
121002010104,2001,0.0,0.0,0.0
121002010104,2002,0.0,0.0,0.0
121002010104,2003,0.0,0.0,0.0
121002010104,2004,0.0,0.0,0.0
121002010104,2005,0.0,0.0,0.0
121002010104,2006,0.0,0.0,0.0
121002010104,2007,0.0,0.0,0.0
121002010104,2008,0.0,0.0,0.0
121002010104,2009,0.0,0.0,0.0
121002010104,2010,0.0,0.0,0.0
121002010104,2011,0.0,0.0,0.0
121002010104,2012,0.0,0.0,0.0
121002010104,2013,0.0,0.0,0.0
121002010104,2014,0.0,0.0,0.0
121002010104,2015,0.0,0.0,0.0
121002010104,2016,0.0,0.0,0.0
121002010104,2017,0.0,0.0,0.0
121002010104,2018,0.0,0.0,0.0
121002010104,2019,0.0,0.0,0.0
121002010104,2020,0.0,0.0,0.0
121002010105,2000,0.00435927,0.007503107,0.003143672
121002010105,2001,0.0,0.0,0.0
121002010105,2002,0.0,0.0,0.0
121002010105,2003,0.0,0.0,0.0
121002010105,2004,0.0,0.0,0.0
121002010105,2005,0.0,0.0,0.0
121002010105,2006,0.004256841,0.007326652,0.003069893
121002010105,2007,0.004845159,0.008339304,0.003494227
121002010105,2008,0.0,0.0,0.0
121002010105,2009,0.0,0.0,0.0
121002010105,2010,0.0,0.0,0.0
121002010105,2011,0.0,0.0,0.0
121002010105,2012,0.006111574,0.010518967,0.004407393
121002010105,2013,0.0,0.0,0.0
121002010105,2014,0.0,0.0,0.0
121002010105,2015,0.0,0.0,0.0
121002010105,2016,0.0,0.0,0.0
121002010105,2017,0.0,0.0,0.0
121002010105,2018,0.0,0.0,0.0
121002010105,2019,0.0,0.0,0.0
121002010105,2020,0.0,0.0,0.0
121002010106,2000,0.0,0.0,0.0
121002010106,2001,0.0,0.0,0.0
121002010106,2002,0.0,0.0,0.0
121002010106,2003,0.0,0.0,0.0
121002010106,2004,0.0,0.0,0.0
121002010106,2005,0.0,0.0,0.0
121002010106,2006,0.0,0.0,0.0
121002010106,2007,0.0,0.0,0.0
121002010106,2008,0.0,0.0,0.0
121002010106,2009,0.0,0.0,0.0
121002010106,2010,0.0,0.0,0.0
121002010106,2011,0.0,0.0,0.0
121002010106,2012,0.0,0.0,0.0
121002010106,2013,0.0,0.0,0.0
121002010106,2014,0.0,0.0,0.0
121002010106,2015,0.0,0.0,0.0
121002010106,2016,0.0,0.0,0.0
121002010106,2017,0.0,0.0,0.0
121002010106,2018,0.0,0.0,0.0
121002010106,2019,0.0,0.0,0.0
121002010106,2020,0.0,0.0,0.0
121002010107,2000,0.0,0.0,0.0
121002010107,2001,0.0,0.0,0.0
121002010107,2002,0.0,0.0,0.0
121002010107,2003,0.0,0.0,0.0
121002010107,2004,0.0,0.0,0.0
121002010107,2005,0.0,0.0,0.0
121002010107,2006,0.0,0.0,0.0
121002010107,2007,0.0,0.0,0.0
121002010107,2008,0.0,0.0,0.0
121002010107,2009,0.0,0.0,0.0
121002010107,2010,0.0,0.0,0.0
121002010107,2011,0.0,0.0,0.0
121002010107,2012,0.0,0.0,0.0
121002010107,2013,0.0,0.0,0.0
121002010107,2014,0.0,0.0,0.0
121002010107,2015,0.0,0.0,0.0
121002010107,2016,0.0,0.0,0.0
121002010107,2017,0.0,0.0,0.0
121002010107,2018,0.0,0.0,0.0
121002010107,2019,0.0,0.0,0.0
121002010107,2020,0.0,0.0,0.0
121002010108,2000,0.0,0.0,0.0
121002010108,2001,0.0,0.0,0.0
121002010108,2002,0.0,0.0,0.0
121002010108,2003,0.0,0.0,0.0
121002010108,2004,0.0,0.0,0.0
121002010108,2005,0.0,0.0,0.0
121002010108,2006,0.0,0.0,0.0
121002010108,2007,0.0,0.0,0.0
121002010108,2008,0.0,0.0,0.0
121002010108,2009,0.0,0.0,0.0
121002010108,2010,0.0,0.0,0.0
121002010108,2011,0.0,0.0,0.0
121002010108,2012,0.0,0.0,0.0
121002010108,2013,0.0,0.0,0.0
121002010108,2014,0.0,0.0,0.0
121002010108,2015,0.0,0.0,0.0
121002010108,2016,0.0,0.0,0.0
121002010108,2017,0.0,0.0,0.0
121002010108,2018,0.0,0.0,0.0
121002010108,2019,0.0,0.0,0.0
121002010108,2020,0.0,0.0,0.0
121002010109,2000,0.0,0.0,0.0
121002010109,2001,0.0,0.0,0.0
121002010109,2002,0.0,0.0,0.0
121002010109,2003,0.0,0.0,0.0
121002010109,2004,0.0,0.0,0.0
121002010109,2005,0.0,0.0,0.0
121002010109,2006,0.0,0.0,0.0
121002010109,2007,0.0,0.0,0.0
121002010109,2008,0.0,0.0,0.0
121002010109,2009,0.0,0.0,0.0
121002010109,2010,0.0,0.0,0.0
121002010109,2011,0.0,0.0,0.0
121002010109,2012,0.0,0.0,0.0
121002010109,2013,0.0,0.0,0.0
121002010109,2014,0.0,0.0,0.0
121002010109,2015,0.0,0.0,0.0
121002010109,2016,0.0,0.0,0.0
121002010109,2017,0.0,0.0,0.0
121002010109,2018,0.0,0.0,0.0
121002010109,2019,0.0,0.0,0.0
121002010109,2020,0.0,0.0,0.0
121002010110,2000,0.0,0.0,0.0
121002010110,2001,0.0,0.0,0.0
121002010110,2002,0.0,0.0,0.0
121002010110,2003,0.0,0.0,0.0
121002010110,2004,0.0,0.0,0.0
121002010110,2005,0.0,0.0,0.0
121002010110,2006,0.0,0.0,0.0
121002010110,2007,0.0,0.0,0.0
121002010110,2008,0.0,0.0,0.0
121002010110,2009,0.0,0.0,0.0
121002010110,2010,0.0,0.0,0.0
121002010110,2011,0.0,0.0,0.0
121002010110,2012,0.0,0.0,0.0
121002010110,2013,0.0,0.0,0.0
121002010110,2014,0.0,0.0,0.0
121002010110,2015,0.0,0.0,0.0
121002010110,2016,0.0,0.0,0.0
121002010110,2017,0.0,0.0,0.0
121002010110,2018,0.0,0.0,0.0
121002010110,2019,0.0,0.0,0.0
121002010110,2020,0.0,0.0,0.0
121002010111,2000,0.013939492,0.023992426,0.010052852
121002010111,2001,0.0,0.0,0.0
121002010111,2002,0.0,0.0,0.0
121002010111,2003,0.0,0.0,0.0
121002010111,2004,0.0,0.0,0.0
121002010111,2005,0.0,0.0,0.0
121002010111,2006,0.0,0.0,0.0
121002010111,2007,0.0,0.0,0.0
121002010111,2008,0.0,0.0,0.0
121002010111,2009,0.0,0.0,0.0
121002010111,2010,0.0,0.0,0.0
121002010111,2011,0.0,0.0,0.0
121002010111,2012,0.008344404,0.014362027,0.00601779
121002010111,2013,0.0,0.0,0.0
121002010111,2014,0.0,0.0,0.0
121002010111,2015,0.0,0.0,0.0
121002010111,2016,0.014586904,0.025106617,0.010519628
121002010111,2017,0.009867189,0.016983074,0.007115973
121002010111,2018,0.0,0.0,0.0
121002010111,2019,0.0,0.0,0.0
121002010111,2020,0.0,0.0,0.0
121002010201,2000,0.0,0.0,0.0
121002010201,2001,0.0,0.0,0.0
121002010201,2002,0.0,0.0,0.0
121002010201,2003,0.0,0.0,0.0
121002010201,2004,0.0,0.0,0.0
121002010201,2005,0.0,0.0,0.0
121002010201,2006,0.0,0.0,0.0
121002010201,2007,0.0,0.0,0.0
121002010201,2008,0.0,0.0,0.0
121002010201,2009,0.0,0.0,0.0
121002010201,2010,0.0,0.0,0.0
121002010201,2011,0.0,0.0,0.0
121002010201,2012,0.0,0.0,0.0
121002010201,2013,0.0,0.0,0.0
121002010201,2014,0.0,0.0,0.0
121002010201,2015,0.0,0.0,0.0
121002010201,2016,0.0,0.0,0.0
121002010201,2017,0.0,0.0,0.0
121002010201,2018,0.0,0.0,0.0
121002010201,2019,0.0,0.0,0.0
121002010201,2020,0.0,0.0,0.0
121002010202,2000,0.0,0.0,0.0
121002010202,2001,0.0,0.0,0.0
121002010202,2002,0.0,0.0,0.0
121002010202,2003,0.0,0.0,0.0
121002010202,2004,0.0,0.0,0.0
121002010202,2005,0.0,0.0,0.0
121002010202,2006,0.0,0.0,0.0
121002010202,2007,0.0,0.0,0.0
121002010202,2008,0.0,0.0,0.0
121002010202,2009,0.0,0.0,0.0
121002010202,2010,0.0,0.0,0.0
121002010202,2011,0.0,0.0,0.0
121002010202,2012,0.0,0.0,0.0
121002010202,2013,0.0,0.0,0.0
121002010202,2014,0.0,0.0,0.0
121002010202,2015,0.0,0.0,0.0
121002010202,2016,0.0,0.0,0.0
121002010202,2017,0.0,0.0,0.0
121002010202,2018,0.0,0.0,0.0
121002010202,2019,0.0,0.0,0.0
121002010202,2020,0.0,0.0,0.0
121002010203,2000,0.050536751,0.086982303,0.036445557
121002010203,2001,0.065758532,0.113181789,0.047423088
121002010203,2002,0.076827789,0.132233682,0.055405893
121002010203,2003,0.079807748,0.137362918,0.057555003
121002010203,2004,0.078326787,0.134813792,0.056487093
121002010203,2005,0.110614753,0.19038691,0.079772156
121002010203,2006,0.097166674,0.167240356,0.070073679
121002010203,2007,0.04135386,0.071177153,0.029823208
121002010203,2008,0.108654978,0.187013929,0.078358951
121002010203,2009,0.014543186,0.025031184,0.010487997
121002010203,2010,0.119156184,0.205088315,0.085931962
121002010203,2011,0.01209471,0.020816975,0.008722348
121002010203,2012,0.072643273,0.125031672,0.05238815
121002010203,2013,0.096644764,0.166342271,0.06969734
121002010203,2014,0.09091631,0.156482326,0.065566101
121002010203,2015,0.090737447,0.156174844,0.06543723
121002010203,2016,0.116179251,0.199964251,0.083785
121002010203,2017,0.060731833,0.104529962,0.043798041
121002010203,2018,0.03163389,0.054447307,0.022813334
121002010203,2019,0.040124671,0.06906143,0.028936595
121002010203,2020,0.062303178,0.107234462,0.044931199
121002010204,2000,0.0,0.0,0.0
121002010204,2001,0.0,0.0,0.0
121002010204,2002,0.004234236,0.007287847,0.003053529
121002010204,2003,0.007174959,0.012349323,0.005174282
121002010204,2004,0.0,0.0,0.0
121002010204,2005,0.0,0.0,0.0
121002010204,2006,0.004378038,0.007535247,0.003157378
121002010204,2007,0.0,0.0,0.0
121002010204,2008,0.0,0.0,0.0
121002010204,2009,0.008026247,0.013814734,0.005788403
121002010204,2010,0.009358381,0.01610734,0.006749041
121002010204,2011,0.004749362,0.008174288,0.003425093
121002010204,2012,0.016861292,0.029020978,0.01215994
121002010204,2013,0.011041499,0.019004266,0.007962767
121002010204,2014,0.007641427,0.013152222,0.005510712
121002010204,2015,0.010686419,0.018393164,0.007706748
121002010204,2016,0.0,0.0,0.0
121002010204,2017,0.0,0.0,0.0
121002010204,2018,0.0,0.0,0.0
121002010204,2019,0.0,0.0,0.0
121002010204,2020,0.0,0.0,0.0
121002010205,2000,0.017421098,0.029984661,0.012563484
121002010205,2001,0.045655088,0.078580315,0.032925142
121002010205,2002,0.037375734,0.064329937,0.026954285
121002010205,2003,0.079324258,0.136530455,0.057206197
121002010205,2004,0.07556459,0.130059484,0.054494891
121002010205,2005,0.082034921,0.141196263,0.059161345
121002010205,2006,0.02906163,0.050020079,0.020958364
121002010205,2007,0.060521205,0.104167263,0.043645973
121002010205,2008,0.001101642,0.001896005,0.000794612
121002010205,2009,0.027545444,0.047410321,0.019865047
121002010205,2010,0.187272299,0.322327455,0.135055156
121002010205,2011,0.009649395,0.01660834,0.006958863
121002010205,2012,0.129980536,0.223718604,0.093738153
121002010205,2013,0.044960216,0.077384225,0.032424008
121002010205,2014,0.042141227,0.072532164,0.030391019
121002010205,2015,0.06099366,0.104980479,0.043986816
121002010205,2016,0.000820391,0.001411943,0.000591552
121002010205,2017,0.00066389,0.001142732,0.000478759
121002010205,2018,0.000336605,0.000579266,0.000242658
121002010205,2019,0.000459745,0.000791252,0.000331422
121002010205,2020,0.000570831,0.000982396,0.000411732
121002010206,2000,0.174682934,0.300658798,0.125976115
121002010206,2001,0.160059984,0.275490364,0.115430548
121002010206,2002,0.119738989,0.206091197,0.086352123
121002010206,2003,0.204044214,0.351194696,0.147150649
121002010206,2004,0.07892491,0.135843358,0.056918287
121002010206,2005,0.12925651,0.22247257,0.093215978
121002010206,2006,0.163979115,0.282235978,0.118256866
121002010206,2007,0.065039633,0.111944367,0.046904816
121002010206,2008,0.157406907,0.270924011,0.113517189
121002010206,2009,0.136414693,0.234793008,0.098378148
121002010206,2010,0.196504271,0.338217353,0.141713
121002010206,2011,0.102766271,0.176878222,0.074111953
121002010206,2012,0.097463577,0.167751672,0.070287923
121002010206,2013,0.080630178,0.138778364,0.058148104
121002010206,2014,0.151823792,0.261314688,0.109490729
121002010206,2015,0.106540666,0.183374496,0.076833915
121002010206,2016,0.041878191,0.072079383,0.030201273
121002010206,2017,0.07386863,0.127140551,0.053271912
121002010206,2018,0.142053633,0.244498356,0.102444888
121002010206,2019,0.10465709,0.180132496,0.075475488
121002010206,2020,0.234751735,0.404047855,0.169296038
121002010207,2000,0.044955407,0.077375803,0.032420481
121002010207,2001,0.0,0.0,0.0
121002010207,2002,0.048569981,0.083597058,0.035027247
121002010207,2003,0.0,0.0,0.0
121002010207,2004,0.065830391,0.113305653,0.047475014
121002010207,2005,0.126924047,0.21845797,0.091533921
121002010207,2006,0.120702441,0.207749392,0.087046866
121002010207,2007,0.041195795,0.070904885,0.029709088
121002010207,2008,0.0,0.0,0.0
121002010207,2009,0.0,0.0,0.0
121002010207,2010,0.109947219,0.189238019,0.0792908
121002010207,2011,0.0,0.0,0.0
121002010207,2012,0.083449413,0.143630511,0.060181265
121002010207,2013,0.102319893,0.176110101,0.073790208
121002010207,2014,0.208522175,0.358902337,0.150380077
121002010207,2015,0.083572707,0.1438428,0.060270093
121002010207,2016,0.087370134,0.150379019,0.063008716
121002010207,2017,0.0,0.0,0.0
121002010207,2018,0.101225282,0.174225879,0.073000597
121002010207,2019,0.095076397,0.163642567,0.068566337
121002010207,2020,0.134942555,0.232259101,0.097316546
121002010208,2000,0.138703068,0.236694628,0.09799156
121002010208,2001,0.246640553,0.423781079,0.177140444
121002010208,2002,0.296556526,0.50693417,0.210377729
121002010208,2003,0.243017422,0.414705425,0.171687921
121002010208,2004,0.233005098,0.398299107,0.165294093
121002010208,2005,0.361610685,0.622393562,0.260782962
121002010208,2006,0.351608518,0.605178244,0.253569729
121002010208,2007,0.295636564,0.506226904,0.210590422
121002010208,2008,0.467344418,0.804379511,0.337035093
121002010208,2009,0.278866975,0.479153055,0.200285912
121002010208,2010,0.221988181,0.380116888,0.158128707
121002010208,2011,0.001349707,0.002323123,0.000973329
121002010208,2012,0.373159087,0.642270667,0.269111418
121002010208,2013,0.237637408,0.408311641,0.170674233
121002010208,2014,0.105396518,0.180473504,0.075077071
121002010208,2015,0.103640142,0.175661238,0.072021093
121002010208,2016,0.292166967,0.493525063,0.201358339
121002010208,2017,0.005476112,0.009265556,0.003789614
121002010208,2018,0.192140449,0.318113238,0.125972784
121002010208,2019,0.314827364,0.517808397,0.202980948
121002010208,2020,0.539879391,0.908887776,0.369008303
121002010209,2000,0.0,0.0,0.0
121002010209,2001,0.0,0.0,0.0
121002010209,2002,0.0,0.0,0.0
121002010209,2003,0.0,0.0,0.0
121002010209,2004,0.0,0.0,0.0
121002010209,2005,0.0,0.0,0.0
121002010209,2006,0.0,0.0,0.0
121002010209,2007,0.0,0.0,0.0
121002010209,2008,0.0,0.0,0.0
121002010209,2009,0.0,0.0,0.0
121002010209,2010,0.0,0.0,0.0
121002010209,2011,0.0,0.0,0.0
121002010209,2012,0.0,0.0,0.0
121002010209,2013,0.0124586,0.021443564,0.008984795
121002010209,2014,0.0,0.0,0.0
121002010209,2015,0.0,0.0,0.0
121002010209,2016,0.0,0.0,0.0
121002010209,2017,0.0,0.0,0.0
121002010209,2018,0.023368737,0.040221564,0.016852912
121002010209,2019,0.027528027,0.047380373,0.019852512
121002010209,2020,0.016058339,0.027639227,0.011580806
121002010210,2000,0.070372918,0.114241694,0.043868694
121002010210,2001,0.090443978,0.142207416,0.051763693
121002010210,2002,0.056695879,0.094650866,0.037955153
121002010210,2003,0.033265833,0.05255249,0.019286742
121002010210,2004,0.067390167,0.108693814,0.041303566
121002010210,2005,0.143478485,0.233678334,0.090199849
121002010210,2006,0.0,0.0,0.0
121002010210,2007,0.134838255,0.225105715,0.090267375
121002010210,2008,0.09041141,0.155346142,0.064934732
121002010210,2009,0.020719104,0.0336896,0.012970496
121002010210,2010,0.124079874,0.198527682,0.074447975
121002010210,2011,0.016362718,0.028162745,0.011800279
121002010210,2012,0.0,0.0,0.0
121002010210,2013,0.164301203,0.278949411,0.11464829
121002010210,2014,0.030984142,0.052249858,0.021265633
121002010210,2015,0.030214778,0.051560962,0.021346268
121002010210,2016,0.256235809,0.427059568,0.170823844
121002010210,2017,0.05960394,0.101540047,0.041936104
121002010210,2018,0.132465436,0.223758929,0.091293663
121002010210,2019,0.169780033,0.287762493,0.117982545
121002010210,2020,0.162128257,0.269315948,0.10718777
121002010301,2000,0.0,0.0,0.0
121002010301,2001,0.0,0.0,0.0
121002010301,2002,0.0,0.0,0.0
121002010301,2003,0.024724208,0.033730077,0.009005868
121002010301,2004,0.005607347,0.007649995,0.002042648
121002010301,2005,0.0,0.0,0.0
121002010301,2006,0.0,0.0,0.0
121002010301,2007,0.0,0.0,0.0
121002010301,2008,0.0,0.0,0.0
121002010301,2009,0.0,0.0,0.0
121002010301,2010,0.0,0.0,0.0
121002010301,2011,0.0,0.0,0.0
121002010301,2012,0.0,0.0,0.0
121002010301,2013,0.0,0.0,0.0
121002010301,2014,0.0,0.0,0.0
121002010301,2015,0.0,0.0,0.0
121002010301,2016,0.0,0.0,0.0
121002010301,2017,0.0,0.0,0.0
121002010301,2018,0.0,0.0,0.0
121002010301,2019,0.0,0.0,0.0
121002010301,2020,0.0,0.0,0.0
121002010302,2000,0.037784413,0.051547563,0.013763235
121002010302,2001,0.0,0.0,0.0
121002010302,2002,0.030978477,0.042262499,0.011284104
121002010302,2003,0.048040055,0.065538723,0.017498921
121002010302,2004,0.0,0.0,0.0
121002010302,2005,0.003697233,0.005043934,0.001346616
121002010302,2006,0.0,0.0,0.0
121002010302,2007,0.0,0.0,0.0
121002010302,2008,0.0,0.0,0.0
121002010302,2009,0.0,0.0,0.0
121002010302,2010,0.013477145,0.018386044,0.004909148
121002010302,2011,0.0,0.0,0.0
121002010302,2012,0.007131423,0.009728844,0.002597669
121002010302,2013,0.021120868,0.028814164,0.007693378
121002010302,2014,0.033929455,0.046288559,0.012359022
121002010302,2015,0.060362816,0.082350299,0.021987485
121002010302,2016,0.109644115,0.149582781,0.039938415
121002010302,2017,0.046489567,0.063423603,0.016934205
121002010302,2018,0.055732499,0.076033518,0.020300852
121002010302,2019,0.152386159,0.207893682,0.055507688
121002010302,2020,0.122966276,0.167757342,0.044791235
121002010303,2000,0.0,0.0,0.0
121002010303,2001,0.004807301,0.006558408,0.001751189
121002010303,2002,0.0,0.0,0.0
121002010303,2003,0.098166033,0.133923427,0.035757649
121002010303,2004,0.114962683,0.156838473,0.041875874
121002010303,2005,0.002310126,0.003151647,0.000841521
121002010303,2006,0.018359942,0.025047844,0.006687816
121002010303,2007,0.010381945,0.01416351,0.003781564
121002010303,2008,0.001305719,0.001781284,0.00047565
121002010303,2009,0.0,0.0,0.0
121002010303,2010,0.0,0.0,0.0
121002010303,2011,0.0,0.0,0.0
121002010303,2012,0.075760765,0.103357224,0.027596292
121002010303,2013,0.0,0.0,0.0
121002010303,2014,0.0,0.0,0.0
121002010303,2015,0.025985488,0.035450526,0.009465375
121002010303,2016,0.016437888,0.022425536,0.005987566
121002010303,2017,0.042605315,0.058124649,0.015519334
121002010303,2018,0.089586436,0.12221891,0.032632474
121002010303,2019,0.056662767,0.077302586,0.020639734
121002010303,2020,0.058120454,0.079290896,0.021170776
121002010304,2000,0.0,0.0,0.0
121002010304,2001,0.0,0.0,0.0
121002010304,2002,0.0,0.0,0.0
121002010304,2003,0.0,0.0,0.0
121002010304,2004,0.0,0.0,0.0
121002010304,2005,0.0,0.0,0.0
121002010304,2006,0.0,0.0,0.0
121002010304,2007,0.0,0.0,0.0
121002010304,2008,0.0,0.0,0.0
121002010304,2009,0.0,0.0,0.0
121002010304,2010,0.0,0.0,0.0
121002010304,2011,0.0,0.0,0.0
121002010304,2012,0.0,0.0,0.0
121002010304,2013,0.0,0.0,0.0
121002010304,2014,0.0,0.0,0.0
121002010304,2015,0.0,0.0,0.0
121002010304,2016,0.0,0.0,0.0
121002010304,2017,0.0,0.0,0.0
121002010304,2018,0.0,0.0,0.0
121002010304,2019,0.0,0.0,0.0
121002010304,2020,0.0,0.0,0.0
121002010305,2000,0.0,0.0,0.0
121002010305,2001,0.0,0.0,0.0
121002010305,2002,0.0,0.0,0.0
121002010305,2003,0.0,0.0,0.0
121002010305,2004,0.0,0.0,0.0
121002010305,2005,0.0,0.0,0.0
121002010305,2006,0.0,0.0,0.0
121002010305,2007,0.0,0.0,0.0
121002010305,2008,0.0,0.0,0.0
121002010305,2009,0.0,0.0,0.0
121002010305,2010,0.0,0.0,0.0
121002010305,2011,0.0,0.0,0.0
121002010305,2012,0.0,0.0,0.0
121002010305,2013,0.0,0.0,0.0
121002010305,2014,0.0,0.0,0.0
121002010305,2015,0.0,0.0,0.0
121002010305,2016,0.0,0.0,0.0
121002010305,2017,0.0,0.0,0.0
121002010305,2018,0.0,0.0,0.0
121002010305,2019,0.0,0.0,0.0
121002010305,2020,0.0,0.0,0.0
121002010306,2000,0.0,0.0,0.0
121002010306,2001,0.132224748,0.180388255,0.048163589
121002010306,2002,0.0,0.0,0.0
121002010306,2003,0.003803989,0.005189551,0.001385564
121002010306,2004,0.097416126,0.132900563,0.035484352
121002010306,2005,0.02175666,0.029681792,0.007925047
121002010306,2006,0.279946282,0.381918636,0.101972271
121002010306,2007,0.123438929,0.168402425,0.044963411
121002010306,2008,0.017943563,0.024479694,0.006536049
121002010306,2009,0.0,0.0,0.0
121002010306,2010,0.0,0.0,0.0
121002010306,2011,0.0,0.0,0.0
121002010306,2012,0.0,0.0,0.0
121002010306,2013,0.0,0.0,0.0
121002010306,2014,0.0,0.0,0.0
121002010306,2015,0.0,0.0,0.0
121002010306,2016,0.000754672,0.00102959,0.000274918
121002010306,2017,0.0,0.0,0.0
121002010306,2018,0.0,0.0,0.0
121002010306,2019,0.001785447,0.002435797,0.000650351
121002010306,2020,0.038596686,0.052655828,0.01405906
121002010307,2000,0.0,0.0,0.0
121002010307,2001,0.0,0.0,0.0
121002010307,2002,0.0,0.0,0.0
121002010307,2003,0.0,0.0,0.0
121002010307,2004,0.0,0.0,0.0
121002010307,2005,0.0,0.0,0.0
121002010307,2006,0.0,0.0,0.0
121002010307,2007,0.0,0.0,0.0
121002010307,2008,0.0,0.0,0.0
121002010307,2009,0.0,0.0,0.0
121002010307,2010,0.0,0.0,0.0
121002010307,2011,0.0,0.0,0.0
121002010307,2012,0.0,0.0,0.0
121002010307,2013,0.0,0.0,0.0
121002010307,2014,0.0,0.0,0.0
121002010307,2015,0.0,0.0,0.0
121002010307,2016,0.0,0.0,0.0
121002010307,2017,0.0,0.0,0.0
121002010307,2018,0.0,0.0,0.0
121002010307,2019,0.0,0.0,0.0
121002010307,2020,0.0,0.0,0.0
121002010308,2000,0.0,0.0,0.0
121002010308,2001,0.0,0.0,0.0
121002010308,2002,0.0,0.0,0.0
121002010308,2003,0.0,0.0,0.0
121002010308,2004,0.0,0.0,0.0
121002010308,2005,0.0,0.0,0.0
121002010308,2006,0.0,0.0,0.0
121002010308,2007,0.0,0.0,0.0
121002010308,2008,0.0,0.0,0.0
121002010308,2009,0.0,0.0,0.0
121002010308,2010,0.0,0.0,0.0
121002010308,2011,0.0,0.0,0.0
121002010308,2012,0.0,0.0,0.0
121002010308,2013,0.0,0.0,0.0
121002010308,2014,0.0,0.0,0.0
121002010308,2015,0.0,0.0,0.0
121002010308,2016,0.0,0.0,0.0
121002010308,2017,0.0,0.0,0.0
121002010308,2018,0.0,0.0,0.0
121002010308,2019,0.0,0.0,0.0
121002010308,2020,0.0,0.0,0.0
121002010401,2000,0.0,0.0,0.0
121002010401,2001,0.0,0.0,0.0
121002010401,2002,0.0,0.0,0.0
121002010401,2003,0.0,0.0,0.0
121002010401,2004,0.0,0.0,0.0
121002010401,2005,0.0,0.0,0.0
121002010401,2006,0.0,0.0,0.0
121002010401,2007,0.0,0.0,0.0
121002010401,2008,0.0,0.0,0.0
121002010401,2009,0.0,0.0,0.0
121002010401,2010,0.0,0.0,0.0
121002010401,2011,0.0,0.0,0.0
121002010401,2012,0.0,0.0,0.0
121002010401,2013,0.0,0.0,0.0
121002010401,2014,0.0,0.0,0.0
121002010401,2015,0.0,0.0,0.0
121002010401,2016,0.0,0.0,0.0
121002010401,2017,0.0,0.0,0.0
121002010401,2018,0.0,0.0,0.0
121002010401,2019,0.0,0.0,0.0
121002010401,2020,0.0,0.0,0.0
121002010402,2000,0.0,0.0,0.0
121002010402,2001,0.0,0.0,0.0
121002010402,2002,0.0,0.0,0.0
121002010402,2003,0.0,0.0,0.0
121002010402,2004,0.0,0.0,0.0
121002010402,2005,0.0,0.0,0.0
121002010402,2006,0.0,0.0,0.0
121002010402,2007,0.0,0.0,0.0
121002010402,2008,0.0,0.0,0.0
121002010402,2009,0.0,0.0,0.0
121002010402,2010,0.0,0.0,0.0
121002010402,2011,0.0,0.0,0.0
121002010402,2012,0.0,0.0,0.0
121002010402,2013,0.0,0.0,0.0
121002010402,2014,0.0,0.0,0.0
121002010402,2015,0.0,0.0,0.0
121002010402,2016,0.0,0.0,0.0
121002010402,2017,0.0,0.0,0.0
121002010402,2018,0.0,0.0,0.0
121002010402,2019,0.0,0.0,0.0
121002010402,2020,0.0,0.0,0.0
121002010403,2000,0.0,0.0,0.0
121002010403,2001,0.0,0.0,0.0
121002010403,2002,0.0,0.0,0.0
121002010403,2003,0.0,0.0,0.0
121002010403,2004,0.0,0.0,0.0
121002010403,2005,0.0,0.0,0.0
121002010403,2006,0.0,0.0,0.0
121002010403,2007,0.0,0.0,0.0
121002010403,2008,0.0,0.0,0.0
121002010403,2009,0.0,0.0,0.0
121002010403,2010,0.0,0.0,0.0
121002010403,2011,0.0,0.0,0.0
121002010403,2012,0.0,0.0,0.0
121002010403,2013,0.0,0.0,0.0
121002010403,2014,0.0,0.0,0.0
121002010403,2015,0.0,0.0,0.0
121002010403,2016,0.0,0.0,0.0
121002010403,2017,0.0,0.0,0.0
121002010403,2018,0.0,0.0,0.0
121002010403,2019,0.0,0.0,0.0
121002010403,2020,0.0,0.0,0.0
121002010404,2000,0.0,0.0,0.0
121002010404,2001,0.0,0.0,0.0
121002010404,2002,0.0,0.0,0.0
121002010404,2003,0.0,0.0,0.0
121002010404,2004,0.0,0.0,0.0
121002010404,2005,0.0,0.0,0.0
121002010404,2006,0.0,0.0,0.0
121002010404,2007,0.0,0.0,0.0
121002010404,2008,0.0,0.0,0.0
121002010404,2009,0.0,0.0,0.0
121002010404,2010,0.0,0.0,0.0
121002010404,2011,0.0,0.0,0.0
121002010404,2012,0.0,0.0,0.0
121002010404,2013,0.0,0.0,0.0
121002010404,2014,0.0,0.0,0.0
121002010404,2015,0.0,0.0,0.0
121002010404,2016,0.0,0.0,0.0
121002010404,2017,0.0,0.0,0.0
121002010404,2018,0.0,0.0,0.0
121002010404,2019,0.0,0.0,0.0
121002010404,2020,0.0,0.0,0.0
121002010405,2000,0.0,0.0,0.0
121002010405,2001,0.0,0.0,0.0
121002010405,2002,0.0,0.0,0.0
121002010405,2003,0.0,0.0,0.0
121002010405,2004,0.0,0.0,0.0
121002010405,2005,0.0,0.0,0.0
121002010405,2006,0.0,0.0,0.0
121002010405,2007,0.0,0.0,0.0
121002010405,2008,0.0,0.0,0.0
121002010405,2009,0.0,0.0,0.0
121002010405,2010,0.0,0.0,0.0
121002010405,2011,0.0,0.0,0.0
121002010405,2012,0.0,0.0,0.0
121002010405,2013,0.0,0.0,0.0
121002010405,2014,0.0,0.0,0.0
121002010405,2015,0.0,0.0,0.0
121002010405,2016,0.0,0.0,0.0
121002010405,2017,0.0,0.0,0.0
121002010405,2018,0.0,0.0,0.0
121002010405,2019,0.0,0.0,0.0
121002010405,2020,0.0,0.0,0.0
121002010406,2000,0.0,0.0,0.0
121002010406,2001,0.0,0.0,0.0
121002010406,2002,0.0,0.0,0.0
121002010406,2003,0.0,0.0,0.0
121002010406,2004,0.0,0.0,0.0
121002010406,2005,0.0,0.0,0.0
121002010406,2006,0.0,0.0,0.0
121002010406,2007,0.0,0.0,0.0
121002010406,2008,0.0,0.0,0.0
121002010406,2009,0.0,0.0,0.0
121002010406,2010,0.0,0.0,0.0
121002010406,2011,0.0,0.0,0.0
121002010406,2012,0.0,0.0,0.0
121002010406,2013,0.0,0.0,0.0
121002010406,2014,0.0,0.0,0.0
121002010406,2015,0.0,0.0,0.0
121002010406,2016,0.0,0.0,0.0
121002010406,2017,0.0,0.0,0.0
121002010406,2018,0.0,0.0,0.0
121002010406,2019,0.0,0.0,0.0
121002010406,2020,0.0,0.0,0.0
121002010407,2000,0.0,0.0,0.0
121002010407,2001,0.0,0.0,0.0
121002010407,2002,0.0,0.0,0.0
121002010407,2003,0.0,0.0,0.0
121002010407,2004,0.0,0.0,0.0
121002010407,2005,0.0,0.0,0.0
121002010407,2006,0.0,0.0,0.0
121002010407,2007,0.0,0.0,0.0
121002010407,2008,0.0,0.0,0.0
121002010407,2009,0.0,0.0,0.0
121002010407,2010,0.0,0.0,0.0
121002010407,2011,0.0,0.0,0.0
121002010407,2012,0.0,0.0,0.0
121002010407,2013,0.0,0.0,0.0
121002010407,2014,0.0,0.0,0.0
121002010407,2015,0.0,0.0,0.0
121002010407,2016,0.0,0.0,0.0
121002010407,2017,0.0,0.0,0.0
121002010407,2018,0.0,0.0,0.0
121002010407,2019,0.0,0.0,0.0
121002010407,2020,0.0,0.0,0.0
121002020101,2000,0.0,0.0,0.0
121002020101,2001,0.0,0.0,0.0
121002020101,2002,0.0,0.0,0.0
121002020101,2003,0.0,0.0,0.0
121002020101,2004,0.0,0.0,0.0
121002020101,2005,0.0,0.0,0.0
121002020101,2006,0.0,0.0,0.0
121002020101,2007,0.0,0.0,0.0
121002020101,2008,0.0,0.0,0.0
121002020101,2009,0.0,0.0,0.0
121002020101,2010,0.0,0.0,0.0
121002020101,2011,0.0,0.0,0.0
121002020101,2012,0.0,0.0,0.0
121002020101,2013,0.0,0.0,0.0
121002020101,2014,0.0,0.0,0.0
121002020101,2015,0.0,0.0,0.0
121002020101,2016,0.0,0.0,0.0
121002020101,2017,0.0,0.0,0.0
121002020101,2018,0.0,0.0,0.0
121002020101,2019,0.0,0.0,0.0
121002020101,2020,0.0,0.0,0.0
121002020102,2000,0.0,0.0,0.0
121002020102,2001,0.0,0.0,0.0
121002020102,2002,0.0,0.0,0.0
121002020102,2003,0.0,0.0,0.0
121002020102,2004,0.0,0.0,0.0
121002020102,2005,0.0,0.0,0.0
121002020102,2006,0.0,0.0,0.0
121002020102,2007,0.0,0.0,0.0
121002020102,2008,0.0,0.0,0.0
121002020102,2009,0.0,0.0,0.0
121002020102,2010,0.0,0.0,0.0
121002020102,2011,0.0,0.0,0.0
121002020102,2012,0.0,0.0,0.0
121002020102,2013,0.0,0.0,0.0
121002020102,2014,0.0,0.0,0.0
121002020102,2015,0.0,0.0,0.0
121002020102,2016,0.0,0.0,0.0
121002020102,2017,0.0,0.0,0.0
121002020102,2018,0.0,0.0,0.0
121002020102,2019,0.0,0.0,0.0
121002020102,2020,0.0,0.0,0.0
121002020103,2000,0.000928374,0.002076989,0.001148615
121002020103,2001,0.0,0.0,0.0
121002020103,2002,0.0,0.0,0.0
121002020103,2003,0.000530118,0.001185693,0.000655745
121002020103,2004,0.0,0.0,0.0
121002020103,2005,0.0,0.0,0.0
121002020103,2006,0.0,0.0,0.0
121002020103,2007,0.0,0.0,0.0
121002020103,2008,0.0,0.0,0.0
121002020103,2009,0.0,0.0,0.0
121002020103,2010,0.0,0.0,0.0
121002020103,2011,0.0,0.0,0.0
121002020103,2012,0.0,0.0,0.0
121002020103,2013,0.0,0.0,0.0
121002020103,2014,0.0,0.0,0.0
121002020103,2015,0.0,0.0,0.0
121002020103,2016,0.0,0.0,0.0
121002020103,2017,0.0,0.0,0.0
121002020103,2018,0.0,0.0,0.0
121002020103,2019,0.001025781,0.002294649,0.001268953
121002020103,2020,0.00166635,0.003728057,0.00206171
121002020104,2000,0.0,0.0,0.0
121002020104,2001,0.0,0.0,0.0
121002020104,2002,0.0,0.0,0.0
121002020104,2003,0.0,0.0,0.0
121002020104,2004,0.0,0.0,0.0
121002020104,2005,0.0,0.0,0.0
121002020104,2006,0.0,0.0,0.0
121002020104,2007,0.0,0.0,0.0
121002020104,2008,0.0,0.0,0.0
121002020104,2009,0.0,0.0,0.0
121002020104,2010,0.0,0.0,0.0
121002020104,2011,0.0,0.0,0.0
121002020104,2012,0.0,0.0,0.0
121002020104,2013,0.0,0.0,0.0
121002020104,2014,0.0,0.0,0.0
121002020104,2015,0.0,0.0,0.0
121002020104,2016,0.0,0.0,0.0
121002020104,2017,0.0,0.0,0.0
121002020104,2018,0.0,0.0,0.0
121002020104,2019,0.0,0.0,0.0
121002020104,2020,0.0,0.0,0.0
121002020105,2000,0.0,0.0,0.0
121002020105,2001,0.0,0.0,0.0
121002020105,2002,0.0,0.0,0.0
121002020105,2003,0.0,0.0,0.0
121002020105,2004,0.0,0.0,0.0
121002020105,2005,0.0,0.0,0.0
121002020105,2006,0.0,0.0,0.0
121002020105,2007,0.0,0.0,0.0
121002020105,2008,0.0,0.0,0.0
121002020105,2009,0.0,0.0,0.0
121002020105,2010,0.0,0.0,0.0
121002020105,2011,0.0,0.0,0.0
121002020105,2012,0.0,0.0,0.0
121002020105,2013,0.0,0.0,0.0
121002020105,2014,0.0,0.0,0.0
121002020105,2015,0.0,0.0,0.0
121002020105,2016,0.0,0.0,0.0
121002020105,2017,0.0,0.0,0.0
121002020105,2018,0.0,0.0,0.0
121002020105,2019,0.0,0.0,0.0
121002020105,2020,0.0,0.0,0.0
121002020106,2000,0.0,0.0,0.0
121002020106,2001,0.0,0.0,0.0
121002020106,2002,0.0,0.0,0.0
121002020106,2003,0.0,0.0,0.0
121002020106,2004,0.0,0.0,0.0
121002020106,2005,0.0,0.0,0.0
121002020106,2006,0.0,0.0,0.0
121002020106,2007,0.0,0.0,0.0
121002020106,2008,0.0,0.0,0.0
121002020106,2009,0.0,0.0,0.0
121002020106,2010,0.0,0.0,0.0
121002020106,2011,0.0,0.0,0.0
121002020106,2012,0.0,0.0,0.0
121002020106,2013,0.0,0.0,0.0
121002020106,2014,0.0,0.0,0.0
121002020106,2015,0.0,0.0,0.0
121002020106,2016,0.0,0.0,0.0
121002020106,2017,0.0,0.0,0.0
121002020106,2018,0.0,0.0,0.0
121002020106,2019,0.000393159,0.0008796,0.000486523
121002020106,2020,0.0,0.0,0.0
121002020107,2000,0.156277929,0.23152294,0.075245011
121002020107,2001,0.11914894,0.184156093,0.065007066
121002020107,2002,0.049674625,0.076540386,0.026865595
121002020107,2003,0.146070677,0.215126126,0.069055452
121002020107,2004,0.034128456,0.05324235,0.019114057
121002020107,2005,0.069204479,0.100881307,0.031676827
121002020107,2006,0.04310594,0.096433518,0.05332766
121002020107,2007,0.06532591,0.117281849,0.051955858
121002020107,2008,0.0,0.0,0.0
121002020107,2009,0.0,0.0,0.0
121002020107,2010,0.032065345,0.053176362,0.021111011
121002020107,2011,0.009206153,0.020100548,0.010894389
121002020107,2012,0.126761306,0.192062781,0.065301391
121002020107,2013,0.014135219,0.023325603,0.009190216
121002020107,2014,0.034170926,0.049811932,0.015641005
121002020107,2015,0.0,0.0,0.0
121002020107,2016,0.000669743,0.001206705,0.000536877
121002020107,2017,0.0,0.0,0.0
121002020107,2018,0.192481159,0.300751712,0.108270553
121002020107,2019,0.354293112,0.532771463,0.178478353
121002020107,2020,0.41397753,0.616956295,0.202978519
121002020108,2000,0.173210421,0.252493459,0.079282869
121002020108,2001,0.25528869,0.372140784,0.11685217
121002020108,2002,0.336699877,0.490816197,0.154116321
121002020108,2003,0.311368759,0.453890288,0.142521696
121002020108,2004,0.244896199,0.356991557,0.112095273
121002020108,2005,0.383604384,0.559190192,0.175585715
121002020108,2006,0.298525436,0.435168321,0.136642882
121002020108,2007,0.110581241,0.16119723,0.050615822
121002020108,2008,0.0,0.0,0.0
121002020108,2009,0.0,0.0,0.0
121002020108,2010,0.127962748,0.186534444,0.058571951
121002020108,2011,0.245303019,0.35758434,0.112281479
121002020108,2012,0.23873941,0.348016571,0.109277331
121002020108,2013,0.348579268,0.508133112,0.159553841
121002020108,2014,0.165150589,0.240744255,0.075593753
121002020108,2015,0.0,0.0,0.0
121002020108,2016,0.0,0.0,0.0
121002020108,2017,0.0,0.0,0.0
121002020108,2018,0.1371128,0.199873044,0.062760164
121002020108,2019,1.215927129,1.772488912,0.556561447
121002020108,2020,0.266041358,0.387815385,0.121773937
121002020109,2000,0.026222833,0.038225492,0.012002913
121002020109,2001,0.067221699,0.097991052,0.030769016
121002020109,2002,0.036434868,0.05311231,0.016677271
121002020109,2003,0.022551474,0.032874071,0.010322342
121002020109,2004,0.018471691,0.026926372,0.008455014
121002020109,2005,0.149625033,0.21811234,0.068487222
121002020109,2006,0.16251743,0.236906036,0.074388436
121002020109,2007,0.0,0.0,0.0
121002020109,2008,0.109152107,0.15911382,0.049961716
121002020109,2009,0.194278337,0.283204381,0.088926296
121002020109,2010,0.017279192,0.0251884,0.007909208
121002020109,2011,0.24657557,0.359439614,0.112864126
121002020109,2012,0.0,0.0,0.0
121002020109,2013,0.083259603,0.121369597,0.038110088
121002020109,2014,0.0,0.0,0.0
121002020109,2015,0.0,0.0,0.0
121002020109,2016,0.03767765,0.054923754,0.017246273
121002020109,2017,0.014294356,0.020837351,0.006542825
121002020109,2018,0.0,0.0,0.0
121002020109,2019,0.0,0.0,0.0
121002020109,2020,0.046157322,0.067284475,0.021127492
121002020110,2000,0.328252743,0.507345858,0.17909303
121002020110,2001,0.230511482,0.350854427,0.120343112
121002020110,2002,0.004969362,0.010873929,0.005904652
121002020110,2003,0.033351786,0.056053301,0.0227016
121002020110,2004,0.0,0.0,0.0
121002020110,2005,0.091538586,0.138067395,0.046528723
121002020110,2006,0.199917353,0.366821,0.166903397
121002020110,2007,0.048574156,0.088963378,0.040389389
121002020110,2008,0.0,0.0,0.0
121002020110,2009,0.0,0.0,0.0
121002020110,2010,0.002880564,0.005445225,0.00256474
121002020110,2011,0.016603556,0.037144153,0.0205406
121002020110,2012,0.078679699,0.120674443,0.041994743
121002020110,2013,0.15490014,0.289532786,0.134632732
121002020110,2014,0.149038419,0.274472233,0.125433896
121002020110,2015,0.0,0.0,0.0
121002020110,2016,0.145959675,0.246553415,0.100593746
121002020110,2017,0.0,0.0,0.0
121002020110,2018,0.543005115,0.795029345,0.252024312
121002020110,2019,0.517353501,0.822501644,0.305148142
121002020110,2020,1.451567391,2.122174314,0.670607254
121002020111,2000,0.083411691,0.121591552,0.038179694
121002020111,2001,0.030606715,0.044616137,0.014009425
121002020111,2002,0.227087907,0.331031852,0.103943945
121002020111,2003,0.205752753,0.299931321,0.0941784
121002020111,2004,0.001218719,0.001776754,0.000557951
121002020111,2005,0.275038085,0.400930178,0.125892096
121002020111,2006,0.169928937,0.247709885,0.07778086
121002020111,2007,0.053327422,0.077736625,0.024409288
121002020111,2008,0.0,0.0,0.0
121002020111,2009,0.0,0.0,0.0
121002020111,2010,0.0,0.0,0.0
121002020111,2011,0.266644274,0.388694274,0.122050079
121002020111,2012,0.124552077,0.18156277,0.057010694
121002020111,2013,0.189840184,0.276734937,0.086894753
121002020111,2014,0.116493433,0.169815723,0.053322123
121002020111,2015,0.0,0.0,0.0
121002020111,2016,0.102371776,0.149230046,0.046858189
121002020111,2017,0.0,0.0,0.0
121002020111,2018,0.685818781,0.999735819,0.313917115
121002020111,2019,0.499244181,0.727761164,0.228517236
121002020111,2020,0.671437199,0.978771615,0.307334331
121002020201,2000,0.0,0.0,0.0
121002020201,2001,0.006577912,0.009588721,0.00301089
121002020201,2002,0.006313912,0.009203912,0.002890085
121002020201,2003,0.020415197,0.029759836,0.009344559
121002020201,2004,0.0,0.0,0.0
121002020201,2005,0.0,0.0,0.0
121002020201,2006,0.0,0.0,0.0
121002020201,2007,0.014249518,0.020771858,0.006522255
121002020201,2008,0.0,0.0,0.0
121002020201,2009,0.0,0.0,0.0
121002020201,2010,0.0,0.0,0.0
121002020201,2011,0.025448734,0.037097334,0.0116486
121002020201,2012,0.010205746,0.014877336,0.004671426
121002020201,2013,0.047581841,0.069361132,0.02177929
121002020201,2014,0.0,0.0,0.0
121002020201,2015,0.0,0.0,0.0
121002020201,2016,0.0,0.0,0.0
121002020201,2017,0.0,0.0,0.0
121002020201,2018,0.016490052,0.024037986,0.007547937
121002020201,2019,0.0,0.0,0.0
121002020201,2020,0.0,0.0,0.0
121002020202,2000,0.0,0.0,0.0
121002020202,2001,0.0,0.0,0.0
121002020202,2002,0.000791764,0.00115414,0.000362373
121002020202,2003,0.000744463,0.001085123,0.000340742
121002020202,2004,0.0,0.0,0.0
121002020202,2005,0.000887444,0.001293764,0.000406148
121002020202,2006,0.004878732,0.007111816,0.002233252
121002020202,2007,0.000531967,0.000775362,0.000243477
121002020202,2008,0.0,0.0,0.0
121002020202,2009,0.0,0.0,0.0
121002020202,2010,0.0,0.0,0.0
121002020202,2011,0.001356726,0.001977636,0.000620912
121002020202,2012,0.003642309,0.005309456,0.001667063
121002020202,2013,0.001555562,0.002267611,0.000712049
121002020202,2014,0.0,0.0,0.0
121002020202,2015,0.0,0.0,0.0
121002020202,2016,0.0,0.0,0.0
121002020202,2017,0.0,0.0,0.0
121002020202,2018,0.000316255,0.00046109,0.000144753
121002020202,2019,0.0,0.0,0.0
121002020202,2020,0.0,0.0,0.0
121002020203,2000,0.0,0.0,0.0
121002020203,2001,0.0,0.0,0.0
121002020203,2002,0.0,0.0,0.0
121002020203,2003,0.0,0.0,0.0
121002020203,2004,0.0,0.0,0.0
121002020203,2005,0.0,0.0,0.0
121002020203,2006,0.0,0.0,0.0
121002020203,2007,0.0,0.0,0.0
121002020203,2008,0.0,0.0,0.0
121002020203,2009,0.0,0.0,0.0
121002020203,2010,0.0,0.0,0.0
121002020203,2011,0.0,0.0,0.0
121002020203,2012,0.0,0.0,0.0
121002020203,2013,0.0,0.0,0.0
121002020203,2014,0.0,0.0,0.0
121002020203,2015,0.0,0.0,0.0
121002020203,2016,0.0,0.0,0.0
121002020203,2017,0.0,0.0,0.0
121002020203,2018,0.0,0.0,0.0
121002020203,2019,0.0,0.0,0.0
121002020203,2020,0.0,0.0,0.0
121002020204,2000,0.0,0.0,0.0
121002020204,2001,0.0,0.0,0.0
121002020204,2002,0.0,0.0,0.0
121002020204,2003,0.0,0.0,0.0
121002020204,2004,0.0,0.0,0.0
121002020204,2005,0.0,0.0,0.0
121002020204,2006,0.0,0.0,0.0
121002020204,2007,0.0,0.0,0.0
121002020204,2008,0.0,0.0,0.0
121002020204,2009,0.0,0.0,0.0
121002020204,2010,0.0,0.0,0.0
121002020204,2011,0.0,0.0,0.0
121002020204,2012,0.0,0.0,0.0
121002020204,2013,0.0,0.0,0.0
121002020204,2014,0.0,0.0,0.0
121002020204,2015,0.0,0.0,0.0
121002020204,2016,0.0,0.0,0.0
121002020204,2017,0.0,0.0,0.0
121002020204,2018,0.0,0.0,0.0
121002020204,2019,0.0,0.0,0.0
121002020204,2020,0.0,0.0,0.0
121002020205,2000,0.457785907,0.594527224,0.136741148
121002020205,2001,0.353734614,0.459395499,0.105661052
121002020205,2002,0.028412364,0.036899329,0.008486882
121002020205,2003,0.103371293,0.1342484,0.030877107
121002020205,2004,0.296649202,0.38525871,0.088609508
121002020205,2005,0.180655792,0.234617858,0.053962151
121002020205,2006,0.090512532,0.117548849,0.027036236
121002020205,2007,0.205435011,0.266798729,0.061363718
121002020205,2008,0.258251604,0.33539162,0.077140014
121002020205,2009,0.214172504,0.278146118,0.063973529
121002020205,2010,0.111075633,0.144253858,0.033178389
121002020205,2011,0.253331512,0.329001849,0.075670425
121002020205,2012,0.325945781,0.423306117,0.097360333
121002020205,2013,0.067483625,0.087641005,0.020157466
121002020205,2014,0.12724557,0.165254011,0.038008441
121002020205,2015,0.160408866,0.208323263,0.047914315
121002020205,2016,0.191238273,0.24836141,0.057123213
121002020205,2017,0.0,0.0,0.0
121002020205,2018,0.337199638,0.437921474,0.100722
121002020205,2019,0.237581044,0.308546852,0.070965808
121002020205,2020,0.226654093,0.294355929,0.067701839
121002020206,2000,1.934757828,2.51267241,0.577914669
121002020206,2001,0.685844438,0.890707153,0.204862556
121002020206,2002,0.232049964,0.301363529,0.069313649
121002020206,2003,0.710862441,0.923197666,0.212335562
121002020206,2004,1.211473336,1.573341973,0.361868721
121002020206,2005,1.265422258,1.643405611,0.377983192
121002020206,2006,0.534285951,0.693877899,0.159591693
121002020206,2007,0.81602371,1.059771047,0.243747167
121002020206,2008,1.227376669,1.593995702,0.366618863
121002020206,2009,0.45020466,0.584681301,0.134476641
121002020206,2010,1.616753115,2.099679455,0.482926337
121002020206,2011,0.666882189,0.866080773,0.199198499
121002020206,2012,2.165793145,2.812718352,0.646925292
121002020206,2013,1.433051767,1.86110617,0.428054405
121002020206,2014,1.703169416,2.211908301,0.508738633
121002020206,2015,1.023826156,1.329644353,0.305818195
121002020206,2016,1.520986716,1.975307254,0.454320699
121002020206,2017,0.151100145,0.196233647,0.045133838
121002020206,2018,1.865544964,2.422785619,0.557240655
121002020206,2019,2.40642457,3.125226501,0.718802022
121002020206,2020,2.288651325,2.972274363,0.683623205
121002020207,2000,0.409234877,0.531473869,0.122238986
121002020207,2001,0.395112655,0.51313331,0.11802074
121002020207,2002,0.26612671,0.345619,0.079492375
121002020207,2003,0.341555416,0.443578488,0.102022989
121002020207,2004,0.392561615,0.509820276,0.117258661
121002020207,2005,0.498716238,0.647683485,0.148967164
121002020207,2006,0.344181101,0.446988208,0.102807192
121002020207,2007,0.426851855,0.554353214,0.127501274
121002020207,2008,0.731734833,0.950305131,0.218570298
121002020207,2009,0.520918945,0.676518066,0.155599205
121002020207,2010,0.9105808,1.182572482,0.271991685
121002020207,2011,0.108370745,0.140741115,0.032370458
121002020207,2012,1.011411822,1.313521743,0.302110085
121002020207,2013,0.443005474,0.5753318,0.132326247
121002020207,2014,0.549056712,0.713060679,0.164003967
121002020207,2015,0.414937704,0.538880323,0.123942378
121002020207,2016,1.119925429,1.45444871,0.334523281
121002020207,2017,0.216649882,0.281363636,0.064713663
121002020207,2018,1.014038964,1.316933701,0.302894652
121002020207,2019,0.661966367,0.859696671,0.197730219
121002020207,2020,0.915095243,1.188435372,0.273340131
121002020208,2000,1.046379235,1.358934197,0.312554877
121002020208,2001,1.500658414,1.948906888,0.448248638
121002020208,2002,0.887824197,1.153018438,0.265194159
121002020208,2003,1.79371794,2.329503548,0.535785775
121002020208,2004,0.240024036,0.311719727,0.071695525
121002020208,2005,0.484891748,0.629729444,0.144837696
121002020208,2006,1.138450449,1.47850686,0.340056742
121002020208,2007,0.472173512,0.613212005,0.14103883
121002020208,2008,1.96924035,2.557454833,0.58821465
121002020208,2009,1.43431514,1.862747008,0.428431863
121002020208,2010,1.259795997,1.636098866,0.376302701
121002020208,2011,2.476352129,3.216041962,0.739689584
121002020208,2012,1.974375899,2.564124634,0.589748735
121002020208,2013,2.147895375,2.789474573,0.641579115
121002020208,2014,1.396410408,1.813520134,0.417109556
121002020208,2015,0.841775611,1.09321497,0.251439356
121002020208,2016,1.497239167,1.944466328,0.447227331
121002020208,2017,0.430666816,0.55930751,0.128640775
121002020208,2018,1.740550871,2.260455836,0.519904879
121002020208,2019,1.273626373,1.654059959,0.380433753
121002020208,2020,1.728038563,2.244206115,0.516167383
121002020301,2000,0.0,0.0,0.0
121002020301,2001,0.0,0.0,0.0
121002020301,2002,0.0,0.0,0.0
121002020301,2003,0.0,0.0,0.0
121002020301,2004,0.0,0.0,0.0
121002020301,2005,0.0,0.0,0.0
121002020301,2006,0.0,0.0,0.0
121002020301,2007,0.0,0.0,0.0
121002020301,2008,0.0,0.0,0.0
121002020301,2009,0.0,0.0,0.0
121002020301,2010,0.0,0.0,0.0
121002020301,2011,0.0,0.0,0.0
121002020301,2012,0.0,0.0,0.0
121002020301,2013,0.0,0.0,0.0
121002020301,2014,0.0,0.0,0.0
121002020301,2015,0.0,0.0,0.0
121002020301,2016,0.0,0.0,0.0
121002020301,2017,0.0,0.0,0.0
121002020301,2018,0.0,0.0,0.0
121002020301,2019,0.0,0.0,0.0
121002020301,2020,0.0,0.0,0.0
121002020302,2000,0.0,0.0,0.0
121002020302,2001,0.0,0.0,0.0
121002020302,2002,0.0,0.0,0.0
121002020302,2003,0.0,0.0,0.0
121002020302,2004,0.0,0.0,0.0
121002020302,2005,0.0,0.0,0.0
121002020302,2006,0.0,0.0,0.0
121002020302,2007,0.0,0.0,0.0
121002020302,2008,0.0,0.0,0.0
121002020302,2009,0.0,0.0,0.0
121002020302,2010,0.0,0.0,0.0
121002020302,2011,0.0,0.0,0.0
121002020302,2012,0.0,0.0,0.0
121002020302,2013,0.0,0.0,0.0
121002020302,2014,0.0,0.0,0.0
121002020302,2015,0.0,0.0,0.0
121002020302,2016,0.0,0.0,0.0
121002020302,2017,0.0,0.0,0.0
121002020302,2018,0.0,0.0,0.0
121002020302,2019,0.0,0.0,0.0
121002020302,2020,0.0,0.0,0.0
121002020303,2000,0.0,0.0,0.0
121002020303,2001,0.0,0.0,0.0
121002020303,2002,0.0,0.0,0.0
121002020303,2003,0.0,0.0,0.0
121002020303,2004,0.0,0.0,0.0
121002020303,2005,0.0,0.0,0.0
121002020303,2006,0.0,0.0,0.0
121002020303,2007,0.0,0.0,0.0
121002020303,2008,0.0,0.0,0.0
121002020303,2009,0.0,0.0,0.0
121002020303,2010,0.0,0.0,0.0
121002020303,2011,0.0,0.0,0.0
121002020303,2012,0.0,0.0,0.0
121002020303,2013,0.0,0.0,0.0
121002020303,2014,0.0,0.0,0.0
121002020303,2015,0.0,0.0,0.0
121002020303,2016,0.0,0.0,0.0
121002020303,2017,0.0,0.0,0.0
121002020303,2018,0.0,0.0,0.0
121002020303,2019,0.0,0.0,0.0
121002020303,2020,0.0,0.0,0.0
121002020304,2000,0.0,0.0,0.0
121002020304,2001,0.0,0.0,0.0
121002020304,2002,0.0,0.0,0.0
121002020304,2003,0.0,0.0,0.0
121002020304,2004,0.0,0.0,0.0
121002020304,2005,0.0,0.0,0.0
121002020304,2006,0.0,0.0,0.0
121002020304,2007,0.0,0.0,0.0
121002020304,2008,0.0,0.0,0.0
121002020304,2009,0.0,0.0,0.0
121002020304,2010,0.0,0.0,0.0
121002020304,2011,0.0,0.0,0.0
121002020304,2012,0.0,0.0,0.0
121002020304,2013,0.0,0.0,0.0
121002020304,2014,0.0,0.0,0.0
121002020304,2015,0.0,0.0,0.0
121002020304,2016,0.0,0.0,0.0
121002020304,2017,0.0,0.0,0.0
121002020304,2018,0.0,0.0,0.0
121002020304,2019,0.0,0.0,0.0
121002020304,2020,0.0,0.0,0.0
121002020305,2000,0.0,0.0,0.0
121002020305,2001,0.0,0.0,0.0
121002020305,2002,0.0,0.0,0.0
121002020305,2003,0.0,0.0,0.0
121002020305,2004,0.0,0.0,0.0
121002020305,2005,0.0,0.0,0.0
121002020305,2006,0.0,0.0,0.0
121002020305,2007,0.0,0.0,0.0
121002020305,2008,0.0,0.0,0.0
121002020305,2009,0.0,0.0,0.0
121002020305,2010,0.0,0.0,0.0
121002020305,2011,0.0,0.0,0.0
121002020305,2012,0.0,0.0,0.0
121002020305,2013,0.0,0.0,0.0
121002020305,2014,0.0,0.0,0.0
121002020305,2015,0.0,0.0,0.0
121002020305,2016,0.0,0.0,0.0
121002020305,2017,0.0,0.0,0.0
121002020305,2018,0.0,0.0,0.0
121002020305,2019,0.0,0.0,0.0
121002020305,2020,0.0,0.0,0.0
121002020306,2000,0.0,0.0,0.0
121002020306,2001,0.0,0.0,0.0
121002020306,2002,0.0,0.0,0.0
121002020306,2003,0.0,0.0,0.0
121002020306,2004,0.0,0.0,0.0
121002020306,2005,0.0,0.0,0.0
121002020306,2006,0.0,0.0,0.0
121002020306,2007,0.0,0.0,0.0
121002020306,2008,0.0,0.0,0.0
121002020306,2009,0.0,0.0,0.0
121002020306,2010,0.0,0.0,0.0
121002020306,2011,0.0,0.0,0.0
121002020306,2012,0.0,0.0,0.0
121002020306,2013,0.0,0.0,0.0
121002020306,2014,0.0,0.0,0.0
121002020306,2015,0.0,0.0,0.0
121002020306,2016,0.0,0.0,0.0
121002020306,2017,0.0,0.0,0.0
121002020306,2018,0.0,0.0,0.0
121002020306,2019,0.0,0.0,0.0
121002020306,2020,0.0,0.0,0.0
121002020307,2000,0.0,0.0,0.0
121002020307,2001,0.0,0.0,0.0
121002020307,2002,0.0,0.0,0.0
121002020307,2003,0.0,0.0,0.0
121002020307,2004,0.0,0.0,0.0
121002020307,2005,0.0,0.0,0.0
121002020307,2006,0.0,0.0,0.0
121002020307,2007,0.0,0.0,0.0
121002020307,2008,0.0,0.0,0.0
121002020307,2009,0.0,0.0,0.0
121002020307,2010,0.0,0.0,0.0
121002020307,2011,0.0,0.0,0.0
121002020307,2012,0.0,0.0,0.0
121002020307,2013,0.0,0.0,0.0
121002020307,2014,0.0,0.0,0.0
121002020307,2015,0.0,0.0,0.0
121002020307,2016,0.0,0.0,0.0
121002020307,2017,0.0,0.0,0.0
121002020307,2018,0.0,0.0,0.0
121002020307,2019,0.0,0.0,0.0
121002020307,2020,0.0,0.0,0.0
121002020308,2000,0.0,0.0,0.0
121002020308,2001,0.0,0.0,0.0
121002020308,2002,0.0,0.0,0.0
121002020308,2003,0.0,0.0,0.0
121002020308,2004,0.0,0.0,0.0
121002020308,2005,0.0,0.0,0.0
121002020308,2006,0.0,0.0,0.0
121002020308,2007,0.0,0.0,0.0
121002020308,2008,0.0,0.0,0.0
121002020308,2009,0.0,0.0,0.0
121002020308,2010,0.0,0.0,0.0
121002020308,2011,0.0,0.0,0.0
121002020308,2012,0.0,0.0,0.0
121002020308,2013,0.0,0.0,0.0
121002020308,2014,0.0,0.0,0.0
121002020308,2015,0.0,0.0,0.0
121002020308,2016,0.0,0.0,0.0
121002020308,2017,0.0,0.0,0.0
121002020308,2018,0.000285819,0.000371175,8.5356e-05
121002020308,2019,0.0,0.0,0.0
121002020308,2020,0.0,0.0,0.0
121002020309,2000,0.0,0.0,0.0
121002020309,2001,0.0,0.0,0.0
121002020309,2002,5.9123e-05,7.6726e-05,1.777e-05
121002020309,2003,8.114e-05,0.000105307,2.4249e-05
121002020309,2004,0.0,0.0,0.0
121002020309,2005,0.0,0.0,0.0
121002020309,2006,0.0,0.0,0.0
121002020309,2007,0.0,0.0,0.0
121002020309,2008,0.000136549,0.000177254,4.0787e-05
121002020309,2009,0.0,0.0,0.0
121002020309,2010,0.0,0.0,0.0
121002020309,2011,0.0,0.0,0.0
121002020309,2012,0.0,0.0,0.0
121002020309,2013,0.0,0.0,0.0
121002020309,2014,0.0,0.0,0.0
121002020309,2015,0.0,0.0,0.0
121002020309,2016,0.0,0.0,0.0
121002020309,2017,0.0,0.0,0.0
121002020309,2018,0.0,0.0,0.0
121002020309,2019,0.0,0.0,0.0
121002020309,2020,4.759e-05,6.1803e-05,1.4301e-05
121002020310,2000,0.000119186,0.000154795,3.5615e-05
121002020310,2001,0.0,0.0,0.0
121002020310,2002,0.0,0.0,0.0
121002020310,2003,0.0,0.0,0.0
121002020310,2004,0.00010174,0.000132298,3.0388e-05
121002020310,2005,0.0,0.0,0.0
121002020310,2006,0.000696775,0.000904647,0.000207956
121002020310,2007,0.0,0.0,0.0
121002020310,2008,0.001494954,0.001941385,0.000446514
121002020310,2009,0.0,0.0,0.0
121002020310,2010,0.000157162,0.000204068,4.6989e-05
121002020310,2011,1.088e-06,1.592e-06,4.19e-07
121002020310,2012,0.0,0.0,0.0
121002020310,2013,0.000215732,0.000280315,6.4493e-05
121002020310,2014,0.000191479,0.000248493,5.7186e-05
121002020310,2015,0.000116197,0.000150855,3.466e-05
121002020310,2016,0.000168732,0.000219333,5.0432e-05
121002020310,2017,0.000184792,0.000240022,5.5151e-05
121002020310,2018,0.001533121,0.001991156,0.000458027
121002020310,2019,0.000173175,0.000225008,5.1825e-05
121002020310,2020,0.001669489,0.002168232,0.000498656
121002020311,2000,0.043097705,0.055970929,0.012873309
121002020311,2001,0.06643623,0.086280773,0.019844625
121002020311,2002,0.0,0.0,0.0
121002020311,2003,0.0,0.0,0.0
121002020311,2004,0.014910776,0.019364732,0.004453869
121002020311,2005,0.025831016,0.033546962,0.007715775
121002020311,2006,0.017191899,0.022327008,0.005135279
121002020311,2007,0.0,0.0,0.0
121002020311,2008,0.0,0.0,0.0
121002020311,2009,0.0,0.0,0.0
121002020311,2010,0.014172411,0.018405715,0.004233304
121002020311,2011,0.0,0.0,0.0
121002020311,2012,0.171639399,0.222908399,0.051269087
121002020311,2013,0.021316134,0.027683107,0.006367058
121002020311,2014,0.040851592,0.053054005,0.012202499
121002020311,2015,0.061488074,0.079854838,0.018366595
121002020311,2016,0.0,0.0,0.0
121002020311,2017,0.0,0.0,0.0
121002020311,2018,0.092230063,0.119779227,0.027549414
121002020311,2019,0.094642586,0.122912559,0.028269805
121002020311,2020,0.108402956,0.140782885,0.032380011
121002020401,2000,0.229073667,0.288869784,0.059795951
121002020401,2001,0.163547181,0.204946274,0.041399175
121002020401,2002,0.0,0.0,0.0
121002020401,2003,0.0,0.0,0.0
121002020401,2004,0.108652167,0.132502751,0.0238505
121002020401,2005,0.0,0.0,0.0
121002020401,2006,0.0,0.0,0.0
121002020401,2007,0.199240134,0.255764038,0.056523822
121002020401,2008,0.0,0.0,0.0
121002020401,2009,0.0,0.0,0.0
121002020401,2010,0.303034967,0.38456206,0.08152726
121002020401,2011,0.0,0.0,0.0
121002020401,2012,0.185693989,0.235353719,0.049659563
121002020401,2013,0.271053485,0.337971753,0.066918438
121002020401,2014,0.0,0.0,0.0
121002020401,2015,0.0,0.0,0.0
121002020401,2016,0.0,0.0,0.0
121002020401,2017,0.0,0.0,0.0
121002020401,2018,0.286203041,0.355531712,0.069328756
121002020401,2019,0.387426038,0.464539786,0.077113488
121002020401,2020,0.231517347,0.279272962,0.047755699
121002020402,2000,0.0,0.0,0.0
121002020402,2001,0.0,0.0,0.0
121002020402,2002,0.0,0.0,0.0
121002020402,2003,0.0,0.0,0.0
121002020402,2004,0.0,0.0,0.0
121002020402,2005,0.0,0.0,0.0
121002020402,2006,0.0,0.0,0.0
121002020402,2007,0.0,0.0,0.0
121002020402,2008,0.0,0.0,0.0
121002020402,2009,0.0,0.0,0.0
121002020402,2010,0.0,0.0,0.0
121002020402,2011,0.0,0.0,0.0
121002020402,2012,0.0,0.0,0.0
121002020402,2013,0.0,0.0,0.0
121002020402,2014,0.0,0.0,0.0
121002020402,2015,0.0,0.0,0.0
121002020402,2016,0.0,0.0,0.0
121002020402,2017,0.0,0.0,0.0
121002020402,2018,0.0,0.0,0.0
121002020402,2019,0.0,0.0,0.0
121002020402,2020,0.0,0.0,0.0
121002020403,2000,0.022183891,0.022183891,0.0
121002020403,2001,0.021045323,0.021045323,0.0
121002020403,2002,0.0,0.0,0.0
121002020403,2003,0.0,0.0,0.0
121002020403,2004,0.014534555,0.014534555,0.0
121002020403,2005,0.0,0.0,0.0
121002020403,2006,0.0,0.0,0.0
121002020403,2007,0.084854581,0.084854581,0.0
121002020403,2008,0.0,0.0,0.0
121002020403,2009,0.0,0.0,0.0
121002020403,2010,0.033313751,0.033313751,0.0
121002020403,2011,0.0,0.0,0.0
121002020403,2012,0.21975515,0.21975515,0.0
121002020403,2013,0.050199156,0.050199156,0.0
121002020403,2014,0.0,0.0,0.0
121002020403,2015,0.0,0.0,0.0
121002020403,2016,0.0,0.0,0.0
121002020403,2017,0.0,0.0,0.0
121002020403,2018,0.251216636,0.251216636,0.0
121002020403,2019,0.112950795,0.112950795,0.0
121002020403,2020,0.017804626,0.017804626,0.0
121002020404,2000,0.0,0.0,0.0
121002020404,2001,0.0,0.0,0.0
121002020404,2002,0.0,0.0,0.0
121002020404,2003,0.0,0.0,0.0
121002020404,2004,0.157448814,0.157448814,0.0
121002020404,2005,0.0,0.0,0.0
121002020404,2006,0.0,0.0,0.0
121002020404,2007,0.183857808,0.183857808,0.0
121002020404,2008,0.0,0.0,0.0
121002020404,2009,0.0,0.0,0.0
121002020404,2010,0.173466707,0.173466707,0.0
121002020404,2011,0.0,0.0,0.0
121002020404,2012,0.005254096,0.005254096,0.0
121002020404,2013,0.358130148,0.358130148,0.0
121002020404,2014,0.0,0.0,0.0
121002020404,2015,0.0,0.0,0.0
121002020404,2016,0.0,0.0,0.0
121002020404,2017,0.312733649,0.312733649,0.0
121002020404,2018,0.39878971,0.39878971,0.0
121002020404,2019,0.87305214,0.87305214,0.0
121002020404,2020,0.460360451,0.460360451,0.0
121002020405,2000,0.0,0.0,0.0
121002020405,2001,0.0,0.0,0.0
121002020405,2002,0.0,0.0,0.0
121002020405,2003,0.0,0.0,0.0
121002020405,2004,0.056918527,0.056918527,0.0
121002020405,2005,0.0,0.0,0.0
121002020405,2006,0.0,0.0,0.0
121002020405,2007,0.06885817,0.06885817,0.0
121002020405,2008,0.0,0.0,0.0
121002020405,2009,0.0,0.0,0.0
121002020405,2010,0.312286945,0.312286945,0.0
121002020405,2011,0.0,0.0,0.0
121002020405,2012,0.0,0.0,0.0
121002020405,2013,0.043289299,0.043289299,0.0
121002020405,2014,0.0,0.0,0.0
121002020405,2015,0.0,0.0,0.0
121002020405,2016,0.0,0.0,0.0
121002020405,2017,0.058398795,0.058398795,0.0
121002020405,2018,0.05633306,0.05633306,0.0
121002020405,2019,0.061249816,0.061249816,0.0
121002020405,2020,0.026314814,0.026314814,0.0
121002020501,2000,0.061807546,0.080269519,0.018462063
121002020501,2001,0.0,0.0,0.0
121002020501,2002,0.020193973,0.026225855,0.006031964
121002020501,2003,0.0,0.0,0.0
121002020501,2004,0.0,0.0,0.0
121002020501,2005,0.0,0.0,0.0
121002020501,2006,0.0,0.0,0.0
121002020501,2007,0.0,0.0,0.0
121002020501,2008,0.0,0.0,0.0
121002020501,2009,0.0,0.0,0.0
121002020501,2010,0.0,0.0,0.0
121002020501,2011,0.012992641,0.016873567,0.003880918
121002020501,2012,0.019291486,0.025053844,0.005762358
121002020501,2013,0.0,0.0,0.0
121002020501,2014,0.0,0.0,0.0
121002020501,2015,0.056121636,0.072885356,0.016763636
121002020501,2016,0.044614098,0.057940205,0.013326189
121002020501,2017,0.0,0.0,0.0
121002020501,2018,0.0,0.0,0.0
121002020501,2019,0.023357493,0.030334378,0.006976803
121002020501,2020,0.0,0.0,0.0
121002020502,2000,0.0,0.0,0.0
121002020502,2001,0.0,0.0,0.0
121002020502,2002,0.0,0.0,0.0
121002020502,2003,0.0,0.0,0.0
121002020502,2004,0.0,0.0,0.0
121002020502,2005,0.0,0.0,0.0
121002020502,2006,0.0,0.0,0.0
121002020502,2007,0.0,0.0,0.0
121002020502,2008,0.0,0.0,0.0
121002020502,2009,0.0,0.0,0.0
121002020502,2010,0.0,0.0,0.0
121002020502,2011,0.0,0.0,0.0
121002020502,2012,0.0,0.0,0.0
121002020502,2013,0.0,0.0,0.0
121002020502,2014,0.0,0.0,0.0
121002020502,2015,0.0,0.0,0.0
121002020502,2016,0.0,0.0,0.0
121002020502,2017,0.0,0.0,0.0
121002020502,2018,0.0,0.0,0.0
121002020502,2019,0.0,0.0,0.0
121002020502,2020,0.0,0.0,0.0
121002020503,2000,0.000847036,0.001100161,0.000253041
121002020503,2001,0.002494888,0.003240159,0.000745271
121002020503,2002,0.011084814,0.014395825,0.003311093
121002020503,2003,0.0,0.0,0.0
121002020503,2004,0.002621464,0.003404478,0.000783011
121002020503,2005,0.004515575,0.005864356,0.001348778
121002020503,2006,0.0,0.0,0.0
121002020503,2007,0.002009773,0.002610167,0.00060031
121002020503,2008,0.001954164,0.002537847,0.000583765
121002020503,2009,0.001770052,0.002298715,0.000528666
121002020503,2010,0.003734868,0.004850597,0.001115641
121002020503,2011,0.004368337,0.005673162,0.001304822
121002020503,2012,0.003033077,0.003939093,0.000906016
121002020503,2013,0.004487778,0.005828268,0.001340405
121002020503,2014,0.006627693,0.008607416,0.001979556
121002020503,2015,0.008687033,0.011281827,0.002594792
121002020503,2016,0.002134686,0.002772519,0.000637585
121002020503,2017,0.003918416,0.005088973,0.001170553
121002020503,2018,0.005357247,0.006957425,0.001600178
121002020503,2019,0.026036416,0.033813463,0.007777047
121002020503,2020,0.005686077,0.007384571,0.001698495
121002020504,2000,0.169013391,0.188631025,0.019617549
121002020504,2001,0.0,0.0,0.0
121002020504,2002,0.133997512,0.150221548,0.016224036
121002020504,2003,0.0,0.0,0.0
121002020504,2004,0.0,0.0,0.0
121002020504,2005,0.290212189,0.339032778,0.048820745
121002020504,2006,0.244871441,0.28081589,0.035944367
121002020504,2007,0.059534581,0.067807033,0.008272444
121002020504,2008,0.15392947,0.181520464,0.027591164
121002020504,2009,0.258225189,0.290140682,0.03191549
121002020504,2010,0.002824636,0.003257973,0.000433167
121002020504,2011,0.305393367,0.341221696,0.035828247
121002020504,2012,0.17981153,0.209815134,0.030003519
121002020504,2013,0.004168222,0.004956038,0.000788068
121002020504,2014,0.3673034,0.433651959,0.066348811
121002020504,2015,0.002504759,0.002859238,0.000354562
121002020504,2016,0.003481694,0.00381765,0.000335956
121002020504,2017,0.00264506,0.003026444,0.000381386
121002020504,2018,0.223878279,0.251266203,0.027388008
121002020504,2019,0.003471318,0.003878559,0.000407244
121002020504,2020,0.282706148,0.315872836,0.033166522
121002020505,2000,0.044441331,0.057716038,0.013274626
121002020505,2001,0.0,0.0,0.0
121002020505,2002,0.028304814,0.036759726,0.008454658
121002020505,2003,0.0,0.0,0.0
121002020505,2004,0.020112738,0.026120489,0.006007754
121002020505,2005,0.061458734,0.079816408,0.018357677
121002020505,2006,0.000399312,0.000518564,0.000119334
121002020505,2007,0.037004362,0.048057638,0.011053447
121002020505,2008,0.0,0.0,0.0
121002020505,2009,0.0,0.0,0.0
121002020505,2010,0.0,0.0,0.0
121002020505,2011,0.0,0.0,0.0
121002020505,2012,0.019117112,0.024827366,0.005710172
121002020505,2013,0.0,0.0,0.0
121002020505,2014,0.0,0.0,0.0
121002020505,2015,0.0,0.0,0.0
121002020505,2016,0.0,0.0,0.0
121002020505,2017,0.0,0.0,0.0
121002020505,2018,0.0,0.0,0.0
121002020505,2019,0.027642244,0.035898745,0.008256836
121002020505,2020,0.0,0.0,0.0
121002020506,2000,0.278919115,0.362232598,0.083313481
121002020506,2001,0.183803668,0.238706003,0.054902419
121002020506,2002,0.271103745,0.352082973,0.08097906
121002020506,2003,0.095366411,0.123852351,0.028486022
121002020506,2004,0.208247082,0.270450678,0.06220368
121002020506,2005,0.199230956,0.258741438,0.059510567
121002020506,2006,0.083950052,0.109025942,0.025075973
121002020506,2007,0.122251948,0.158768868,0.036516753
121002020506,2008,0.149158896,0.19371271,0.044553899
121002020506,2009,0.0,0.0,0.0
121002020506,2010,0.240922515,0.31288634,0.071963907
121002020506,2011,0.119233877,0.154849238,0.035615359
121002020506,2012,0.340074008,0.441654617,0.101580525
121002020506,2013,0.154028159,0.20003669,0.046008449
121002020506,2014,0.190389605,0.247259178,0.056869742
121002020506,2015,0.159325521,0.206916255,0.047590734
121002020506,2016,0.090672743,0.117756888,0.027084227
121002020506,2017,0.000375271,0.000487359,0.000112088
121002020506,2018,0.163829819,0.2127662,0.048936211
121002020506,2019,0.205152482,0.266431732,0.061279249
121002020506,2020,0.10271444,0.133395456,0.030681016
121002020507,2000,0.341327423,0.378411757,0.037084333
121002020507,2001,0.814176997,0.892738011,0.078560849
121002020507,2002,1.019455515,1.1178242,0.0983686
121002020507,2003,0.236863463,0.27638683,0.039523285
121002020507,2004,0.15028432,0.176390063,0.026105743
121002020507,2005,0.317423307,0.35625509,0.038831619
121002020507,2006,1.0779506,1.191105395,0.113154964
121002020507,2007,0.136256893,0.149404518,0.01314771
121002020507,2008,1.150222508,1.27660673,0.12638406
121002020507,2009,0.597216592,0.662837386,0.065620964
121002020507,2010,0.509962926,0.55916977,0.049207008
121002020507,2011,0.566646564,0.634542622,0.067896058
121002020507,2012,0.96107427,1.053809396,0.092735292
121002020507,2013,1.262722797,1.414023288,0.151300573
121002020507,2014,0.951236671,1.0908678,0.139631044
121002020507,2015,0.330152181,0.362009005,0.031856748
121002020507,2016,1.010682057,1.108203964,0.097521907
121002020507,2017,0.469575575,0.526430068,0.056854496
121002020507,2018,1.003430901,1.133820405,0.130389504
121002020507,2019,0.606933055,0.724263888,0.117330836
121002020507,2020,1.170528303,1.300587049,0.130058746
121002020508,2000,0.285000694,0.338480735,0.053479959
121002020508,2001,0.460154022,0.563224025,0.103070003
121002020508,2002,0.01887977,0.02165109,0.002771403
121002020508,2003,0.003052474,0.003545285,0.000492808
121002020508,2004,0.198076156,0.238933995,0.040857754
121002020508,2005,0.274509225,0.331532742,0.057023682
121002020508,2006,0.117016203,0.145181252,0.028165049
121002020508,2007,0.174442693,0.213255132,0.038812438
121002020508,2008,0.461922568,0.561266702,0.099344383
121002020508,2009,0.222751126,0.262060049,0.039309011
121002020508,2010,0.317602562,0.356056868,0.038454058
121002020508,2011,0.25546146,0.301607414,0.046145953
121002020508,2012,0.370885221,0.451198473,0.080313331
121002020508,2013,0.293741863,0.342756129,0.049014181
121002020508,2014,0.260570682,0.305117745,0.044547233
121002020508,2015,0.148223893,0.18597729,0.037753315
121002020508,2016,0.224954178,0.269084167,0.044129658
121002020508,2017,0.007094904,0.007779581,0.000684592
121002020508,2018,0.364126838,0.405035296,0.040908542
121002020508,2019,0.353007674,0.397083899,0.044076392
121002020508,2020,0.29914762,0.356978008,0.057830467
121002020509,2000,0.0,0.0,0.0
121002020509,2001,0.0,0.0,0.0
121002020509,2002,0.0,0.0,0.0
121002020509,2003,0.0,0.0,0.0
121002020509,2004,0.0,0.0,0.0
121002020509,2005,0.0,0.0,0.0
121002020509,2006,0.0,0.0,0.0
121002020509,2007,0.0,0.0,0.0
121002020509,2008,0.0,0.0,0.0
121002020509,2009,0.0,0.0,0.0
121002020509,2010,0.0,0.0,0.0
121002020509,2011,0.0,0.0,0.0
121002020509,2012,0.0,0.0,0.0
121002020509,2013,0.0,0.0,0.0
121002020509,2014,0.0,0.0,0.0
121002020509,2015,0.0,0.0,0.0
121002020509,2016,0.0,0.0,0.0
121002020509,2017,0.0,0.0,0.0
121002020509,2018,0.0,0.0,0.0
121002020509,2019,0.0,0.0,0.0
121002020509,2020,0.0,0.0,0.0
121002020510,2000,0.000862355,0.001119852,0.000257497
121002020510,2001,0.001143058,0.001484611,0.000341471
121002020510,2002,0.000885674,0.001150159,0.00026457
121002020510,2003,0.002546452,0.003307263,0.000760559
121002020510,2004,0.0,0.0,0.0
121002020510,2005,0.0,0.0,0.0
121002020510,2006,0.0,0.0,0.0
121002020510,2007,0.00023983,0.000311759,7.1603e-05
121002020510,2008,0.000494399,0.000641956,0.000147639
121002020510,2009,0.0,0.0,0.0
121002020510,2010,0.0,0.0,0.0
121002020510,2011,0.0,0.0,0.0
121002020510,2012,0.0,0.0,0.0
121002020510,2013,0.0,0.0,0.0
121002020510,2014,0.0,0.0,0.0
121002020510,2015,0.001163058,0.001510597,0.000347455
121002020510,2016,0.003366678,0.00437244,0.001005598
121002020510,2017,0.0,0.0,0.0
121002020510,2018,0.000402307,0.000522348,0.000120041
121002020510,2019,0.0,0.0,0.0
121002020510,2020,0.0,0.0,0.0
121002020601,2000,1.003610708,1.303390475,0.299779932
121002020601,2001,0.671102058,0.871561225,0.200459074
121002020601,2002,0.281744252,0.365901551,0.084157299
121002020601,2003,0.412090934,0.535183238,0.123092055
121002020601,2004,0.665754675,0.864616672,0.198861831
121002020601,2005,1.09253414,1.418875518,0.326341375
121002020601,2006,0.28053437,0.364330608,0.083795904
121002020601,2007,0.451850247,0.586818567,0.134968408
121002020601,2008,1.064811413,1.382872071,0.318060658
121002020601,2009,0.462642496,0.600834416,0.138191921
121002020601,2010,1.364692249,1.772327255,0.407635255
121002020601,2011,1.375968753,1.786972348,0.411003592
121002020601,2012,1.528073533,1.98451103,0.456437497
121002020601,2013,1.917975184,2.490876912,0.572901729
121002020601,2014,2.653843721,3.446550304,0.792706581
121002020601,2015,0.542264414,0.704239351,0.161975104
121002020601,2016,0.563391888,0.731677566,0.168285842
121002020601,2017,0.75947829,0.986335411,0.226857123
121002020601,2018,1.556182627,2.02101651,0.464833789
121002020601,2019,1.580528942,2.052634953,0.472106093
121002020601,2020,2.281158527,2.962543656,0.681384962
121002020602,2000,0.139578036,0.181270049,0.041692096
121002020602,2001,0.0,0.0,0.0
121002020602,2002,0.001156858,0.001502233,0.00034554
121002020602,2003,4.8011e-05,6.2342e-05,1.4411e-05
121002020602,2004,0.000953495,0.001238298,0.000284888
121002020602,2005,0.001811367,0.00235254,0.000541003
121002020602,2006,0.000333863,0.000433595,9.9814e-05
121002020602,2007,0.000558422,0.000725079,0.000166825
121002020602,2008,0.002064445,0.002681074,0.000616544
121002020602,2009,8.2307e-05,0.000106948,2.4652e-05
121002020602,2010,0.001053299,0.001368096,0.000314707
121002020602,2011,0.00082791,0.001075137,0.000247395
121002020602,2012,0.00262388,0.003407923,0.000783628
121002020602,2013,0.003555504,0.004617586,0.001061997
121002020602,2014,0.003752636,0.004873507,0.001120789
121002020602,2015,0.000765255,0.000993808,0.000228638
121002020602,2016,0.001251964,0.001625847,0.000373885
121002020602,2017,0.001085671,0.001409819,0.000324233
121002020602,2018,0.003378973,0.004388301,0.001009247
121002020602,2019,0.002333992,0.003031107,0.00069703
121002020602,2020,0.001588036,0.002062508,0.000474224
121002020603,2000,0.011135254,0.014461339,0.003326082
121002020603,2001,0.168040852,0.218234805,0.050193951
121002020603,2002,0.17183654,0.223164342,0.05132797
121002020603,2003,0.0,0.0,0.0
121002020603,2004,0.0,0.0,0.0
121002020603,2005,0.0,0.0,0.0
121002020603,2006,0.0,0.0,0.0
121002020603,2007,0.000280732,0.000364718,8.3986e-05
121002020603,2008,0.011694656,0.015187932,0.003493276
121002020603,2009,0.0,0.0,0.0
121002020603,2010,0.018876419,0.024514784,0.005638364
121002020603,2011,0.002981219,0.003871712,0.000890493
121002020603,2012,0.155609768,0.202090669,0.046480648
121002020603,2013,0.015876964,0.020619419,0.004742458
121002020603,2014,0.0,0.0,0.0
121002020603,2015,0.07510014,0.097532444,0.022432474
121002020603,2016,0.0,0.0,0.0
121002020603,2017,0.0,0.0,0.0
121002020603,2018,0.0,0.0,0.0
121002020603,2019,0.018809748,0.024428304,0.005618474
121002020603,2020,0.0,0.0,0.0
121002020604,2000,0.418016773,0.542879194,0.124862254
121002020604,2001,0.000328507,0.000426515,9.8005e-05
121002020604,2002,0.114666268,0.148917266,0.034250995
121002020604,2003,0.002014759,0.002616614,0.000601858
121002020604,2004,0.378980836,0.492182937,0.113202019
121002020604,2005,0.505683342,0.65673157,0.151048142
121002020604,2006,0.12352789,0.160425844,0.036898033
121002020604,2007,0.129357989,0.167997058,0.038639236
121002020604,2008,0.136358046,0.177088404,0.040730273
121002020604,2009,0.153121693,0.198859345,0.045737737
121002020604,2010,0.539458545,0.700595644,0.161137008
121002020604,2011,0.153733079,0.199653145,0.045920225
121002020604,2012,0.579173913,0.752173883,0.173000137
121002020604,2013,0.469535633,0.609786518,0.140250879
121002020604,2014,0.518329203,0.673154932,0.154825479
121002020604,2015,0.426447085,0.553827586,0.127380504
121002020604,2016,0.512663262,0.665796306,0.153133216
121002020604,2017,0.14365906,0.18657023,0.042911255
121002020604,2018,0.491447614,0.638243652,0.146796038
121002020604,2019,0.289409688,0.375856734,0.086447047
121002020604,2020,0.666464475,0.865538402,0.199073762
121002020605,2000,0.0,0.0,0.0
121002020605,2001,0.0,0.0,0.0
121002020605,2002,0.0,0.0,0.0
121002020605,2003,0.0,0.0,0.0
121002020605,2004,0.0,0.0,0.0
121002020605,2005,0.0,0.0,0.0
121002020605,2006,0.0,0.0,0.0
121002020605,2007,0.0,0.0,0.0
121002020605,2008,0.0,0.0,0.0
121002020605,2009,0.0,0.0,0.0
121002020605,2010,0.0,0.0,0.0
121002020605,2011,0.0,0.0,0.0
121002020605,2012,0.0,0.0,0.0
121002020605,2013,0.0,0.0,0.0
121002020605,2014,0.0,0.0,0.0
121002020605,2015,0.0,0.0,0.0
121002020605,2016,0.0,0.0,0.0
121002020605,2017,0.0,0.0,0.0
121002020605,2018,0.008142775,0.010575088,0.00243223
121002020605,2019,0.0,0.0,0.0
121002020605,2020,0.0,0.0,0.0
121002020701,2000,0.012247202,0.015905478,0.003658273
121002020701,2001,0.018084907,0.023487074,0.005402085
121002020701,2002,0.011299693,0.014674901,0.00337529
121002020701,2003,0.066223811,0.086004975,0.019781167
121002020701,2004,0.0,0.0,0.0
121002020701,2005,0.0,0.0,0.0
121002020701,2006,0.0,0.0,0.0
121002020701,2007,0.015310699,0.019884071,0.00457329
121002020701,2008,0.031947735,0.041436732,0.009489079
121002020701,2009,0.0,0.0,0.0
121002020701,2010,0.0,0.0,0.0
121002020701,2011,0.0,0.0,0.0
121002020701,2012,0.0,0.0,0.0
121002020701,2013,0.0,0.0,0.0
121002020701,2014,0.0,0.0,0.0
121002020701,2015,0.018054129,0.023446767,0.005392805
121002020701,2016,0.070960932,0.092157087,0.021196153
121002020701,2017,0.0,0.0,0.0
121002020701,2018,0.015029625,0.018217701,0.003188159
121002020701,2019,0.0,0.0,0.0
121002020701,2020,0.0,0.0,0.0
121002020702,2000,0.0,0.0,0.0
121002020702,2001,0.0,0.0,0.0
121002020702,2002,0.0,0.0,0.0
121002020702,2003,0.0,0.0,0.0
121002020702,2004,0.0,0.0,0.0
121002020702,2005,0.0,0.0,0.0
121002020702,2006,0.000435767,0.000435767,0.0
121002020702,2007,0.0,0.0,0.0
121002020702,2008,0.000475648,0.000475648,0.0
121002020702,2009,0.0,0.0,0.0
121002020702,2010,0.0,0.0,0.0
121002020702,2011,0.000175414,0.000175414,0.0
121002020702,2012,0.0,0.0,0.0
121002020702,2013,0.0,0.0,0.0
121002020702,2014,0.0,0.0,0.0
121002020702,2015,0.0003268,0.0003268,0.0
121002020702,2016,0.0,0.0,0.0
121002020702,2017,0.00041929,0.00041929,0.0
121002020702,2018,0.000539323,0.000539323,0.0
121002020702,2019,0.000766493,0.000766493,0.0
121002020702,2020,0.007451817,0.007451817,0.0
121002020703,2000,0.0,0.0,0.0
121002020703,2001,0.0,0.0,0.0
121002020703,2002,0.0,0.0,0.0
121002020703,2003,0.0,0.0,0.0
121002020703,2004,0.0,0.0,0.0
121002020703,2005,0.0,0.0,0.0
121002020703,2006,0.0,0.0,0.0
121002020703,2007,0.0,0.0,0.0
121002020703,2008,0.0,0.0,0.0
121002020703,2009,0.0,0.0,0.0
121002020703,2010,0.0,0.0,0.0
121002020703,2011,0.0,0.0,0.0
121002020703,2012,0.0,0.0,0.0
121002020703,2013,0.0,0.0,0.0
121002020703,2014,0.0,0.0,0.0
121002020703,2015,0.0,0.0,0.0
121002020703,2016,0.0,0.0,0.0
121002020703,2017,0.0,0.0,0.0
121002020703,2018,0.0,0.0,0.0
121002020703,2019,0.0,0.0,0.0
121002020703,2020,0.0,0.0,0.0
121002020704,2000,0.0,0.0,0.0
121002020704,2001,0.006527959,0.006527959,0.0
121002020704,2002,0.005740808,0.005740808,0.0
121002020704,2003,0.0,0.0,0.0
121002020704,2004,0.0,0.0,0.0
121002020704,2005,0.0,0.0,0.0
121002020704,2006,0.0,0.0,0.0
121002020704,2007,0.0,0.0,0.0
121002020704,2008,0.0,0.0,0.0
121002020704,2009,0.0,0.0,0.0
121002020704,2010,0.005977655,0.005977655,0.0
121002020704,2011,0.00689743,0.00689743,0.0
121002020704,2012,0.0,0.0,0.0
121002020704,2013,0.000231293,0.000231293,0.0
121002020704,2014,0.0,0.0,0.0
121002020704,2015,0.0,0.0,0.0
121002020704,2016,0.005920713,0.005920713,0.0
121002020704,2017,0.00445914,0.00445914,0.0
121002020704,2018,0.0,0.0,0.0
121002020704,2019,0.0,0.0,0.0
121002020704,2020,0.0,0.0,0.0
121002020705,2000,0.0,0.0,0.0
121002020705,2001,0.0,0.0,0.0
121002020705,2002,0.0,0.0,0.0
121002020705,2003,0.0,0.0,0.0
121002020705,2004,0.0,0.0,0.0
121002020705,2005,0.0,0.0,0.0
121002020705,2006,0.0,0.0,0.0
121002020705,2007,0.0,0.0,0.0
121002020705,2008,0.0,0.0,0.0
121002020705,2009,0.0,0.0,0.0
121002020705,2010,0.0,0.0,0.0
121002020705,2011,0.0,0.0,0.0
121002020705,2012,0.0,0.0,0.0
121002020705,2013,0.0,0.0,0.0
121002020705,2014,0.0,0.0,0.0
121002020705,2015,0.0,0.0,0.0
121002020705,2016,0.0,0.0,0.0
121002020705,2017,0.0,0.0,0.0
121002020705,2018,0.090597712,0.090597712,0.0
121002020705,2019,0.0,0.0,0.0
121002020705,2020,0.0,0.0,0.0
121002030101,2000,0.0,0.0,0.0
121002030101,2001,0.0,0.0,0.0
121002030101,2002,0.0,0.0,0.0
121002030101,2003,0.0,0.0,0.0
121002030101,2004,0.0,0.0,0.0
121002030101,2005,0.0,0.0,0.0
121002030101,2006,0.0,0.0,0.0
121002030101,2007,0.0,0.0,0.0
121002030101,2008,0.0,0.0,0.0
121002030101,2009,0.0,0.0,0.0
121002030101,2010,0.0,0.0,0.0
121002030101,2011,0.0,0.0,0.0
121002030101,2012,0.0,0.0,0.0
121002030101,2013,0.0,0.0,0.0
121002030101,2014,0.0,0.0,0.0
121002030101,2015,0.0,0.0,0.0
121002030101,2016,0.0,0.0,0.0
121002030101,2017,0.0,0.0,0.0
121002030101,2018,0.0,0.0,0.0
121002030101,2019,0.0,0.0,0.0
121002030101,2020,0.0,0.0,0.0
121002030102,2000,0.0,0.0,0.0
121002030102,2001,0.0,0.0,0.0
121002030102,2002,0.078007477,0.081683241,0.003675685
121002030102,2003,0.0,0.0,0.0
121002030102,2004,0.0,0.0,0.0
121002030102,2005,0.0,0.0,0.0
121002030102,2006,0.0,0.0,0.0
121002030102,2007,0.015761548,0.015761548,0.0
121002030102,2008,0.0,0.0,0.0
121002030102,2009,0.0,0.0,0.0
121002030102,2010,0.0,0.0,0.0
121002030102,2011,0.0,0.0,0.0
121002030102,2012,0.0,0.0,0.0
121002030102,2013,0.0,0.0,0.0
121002030102,2014,0.0,0.0,0.0
121002030102,2015,0.0,0.0,0.0
121002030102,2016,0.0,0.0,0.0
121002030102,2017,0.0,0.0,0.0
121002030102,2018,0.0,0.0,0.0
121002030102,2019,0.0,0.0,0.0
121002030102,2020,0.0,0.0,0.0
121002030103,2000,0.0,0.0,0.0
121002030103,2001,0.0,0.0,0.0
121002030103,2002,0.418093318,0.418093318,0.0
121002030103,2003,0.0,0.0,0.0
121002030103,2004,0.0,0.0,0.0
121002030103,2005,0.0,0.0,0.0
121002030103,2006,0.0,0.0,0.0
121002030103,2007,0.144977811,0.144977811,0.0
121002030103,2008,0.0,0.0,0.0
121002030103,2009,0.0,0.0,0.0
121002030103,2010,0.0,0.0,0.0
121002030103,2011,0.0,0.0,0.0
121002030103,2012,0.0,0.0,0.0
121002030103,2013,0.0,0.0,0.0
121002030103,2014,0.0,0.0,0.0
121002030103,2015,0.0,0.0,0.0
121002030103,2016,0.0,0.0,0.0
121002030103,2017,0.0,0.0,0.0
121002030103,2018,0.0,0.0,0.0
121002030103,2019,0.0,0.0,0.0
121002030103,2020,0.0,0.0,0.0
121002030104,2000,0.0,0.0,0.0
121002030104,2001,0.0,0.0,0.0
121002030104,2002,0.0,0.0,0.0
121002030104,2003,0.0,0.0,0.0
121002030104,2004,0.0,0.0,0.0
121002030104,2005,0.0,0.0,0.0
121002030104,2006,0.0,0.0,0.0
121002030104,2007,0.0,0.0,0.0
121002030104,2008,0.0,0.0,0.0
121002030104,2009,0.0,0.0,0.0
121002030104,2010,0.0,0.0,0.0
121002030104,2011,0.0,0.0,0.0
121002030104,2012,0.0,0.0,0.0
121002030104,2013,0.0,0.0,0.0
121002030104,2014,0.0,0.0,0.0
121002030104,2015,0.0,0.0,0.0
121002030104,2016,0.0,0.0,0.0
121002030104,2017,0.0,0.0,0.0
121002030104,2018,0.0,0.0,0.0
121002030104,2019,0.0,0.0,0.0
121002030104,2020,0.0,0.0,0.0
121002030105,2000,0.0,0.0,0.0
121002030105,2001,0.0,0.0,0.0
121002030105,2002,0.0,0.0,0.0
121002030105,2003,0.0,0.0,0.0
121002030105,2004,0.0,0.0,0.0
121002030105,2005,0.0,0.0,0.0
121002030105,2006,0.0,0.0,0.0
121002030105,2007,0.0,0.0,0.0
121002030105,2008,0.0,0.0,0.0
121002030105,2009,0.0,0.0,0.0
121002030105,2010,0.0,0.0,0.0
121002030105,2011,0.0,0.0,0.0
121002030105,2012,0.0,0.0,0.0
121002030105,2013,0.0,0.0,0.0
121002030105,2014,0.0,0.0,0.0
121002030105,2015,0.0,0.0,0.0
121002030105,2016,0.0,0.0,0.0
121002030105,2017,0.0,0.0,0.0
121002030105,2018,0.0,0.0,0.0
121002030105,2019,0.0,0.0,0.0
121002030105,2020,0.0,0.0,0.0
121002030201,2000,0.0,0.0,0.0
121002030201,2001,0.0,0.0,0.0
121002030201,2002,0.0,0.0,0.0
121002030201,2003,0.0,0.0,0.0
121002030201,2004,0.0,0.0,0.0
121002030201,2005,0.0,0.0,0.0
121002030201,2006,0.0,0.0,0.0
121002030201,2007,0.0,0.0,0.0
121002030201,2008,0.0,0.0,0.0
121002030201,2009,0.0,0.0,0.0
121002030201,2010,0.0,0.0,0.0
121002030201,2011,0.0,0.0,0.0
121002030201,2012,0.0,0.0,0.0
121002030201,2013,0.0,0.0,0.0
121002030201,2014,0.0,0.0,0.0
121002030201,2015,0.0,0.0,0.0
121002030201,2016,0.0,0.0,0.0
121002030201,2017,0.0,0.0,0.0
121002030201,2018,0.0,0.0,0.0
121002030201,2019,0.0,0.0,0.0
121002030201,2020,0.0,0.0,0.0
121002030202,2000,0.0,0.0,0.0
121002030202,2001,0.0,0.0,0.0
121002030202,2002,0.0,0.0,0.0
121002030202,2003,0.0,0.0,0.0
121002030202,2004,0.0,0.0,0.0
121002030202,2005,0.0,0.0,0.0
121002030202,2006,0.0,0.0,0.0
121002030202,2007,0.0,0.0,0.0
121002030202,2008,0.0,0.0,0.0
121002030202,2009,0.0,0.0,0.0
121002030202,2010,0.0,0.0,0.0
121002030202,2011,0.0,0.0,0.0
121002030202,2012,0.0,0.0,0.0
121002030202,2013,0.0,0.0,0.0
121002030202,2014,0.0,0.0,0.0
121002030202,2015,0.0,0.0,0.0
121002030202,2016,0.0,0.0,0.0
121002030202,2017,0.0,0.0,0.0
121002030202,2018,0.0,0.0,0.0
121002030202,2019,0.0,0.0,0.0
121002030202,2020,0.0,0.0,0.0
121002030203,2000,0.0,0.0,0.0
121002030203,2001,0.0,0.0,0.0
121002030203,2002,0.0,0.0,0.0
121002030203,2003,0.0,0.0,0.0
121002030203,2004,0.0,0.0,0.0
121002030203,2005,0.0,0.0,0.0
121002030203,2006,0.0,0.0,0.0
121002030203,2007,0.0,0.0,0.0
121002030203,2008,0.0,0.0,0.0
121002030203,2009,0.0,0.0,0.0
121002030203,2010,0.0,0.0,0.0
121002030203,2011,0.0,0.0,0.0
121002030203,2012,0.0,0.0,0.0
121002030203,2013,0.0,0.0,0.0
121002030203,2014,0.0,0.0,0.0
121002030203,2015,0.0,0.0,0.0
121002030203,2016,0.0,0.0,0.0
121002030203,2017,0.0,0.0,0.0
121002030203,2018,0.0,0.0,0.0
121002030203,2019,0.0,0.0,0.0
121002030203,2020,0.0,0.0,0.0
121002030204,2000,0.0,0.0,0.0
121002030204,2001,0.0,0.0,0.0
121002030204,2002,0.0,0.0,0.0
121002030204,2003,0.0,0.0,0.0
121002030204,2004,0.0,0.0,0.0
121002030204,2005,0.0,0.0,0.0
121002030204,2006,0.0,0.0,0.0
121002030204,2007,0.0,0.0,0.0
121002030204,2008,0.0,0.0,0.0
121002030204,2009,0.0,0.0,0.0
121002030204,2010,0.0,0.0,0.0
121002030204,2011,0.0,0.0,0.0
121002030204,2012,0.0,0.0,0.0
121002030204,2013,0.0,0.0,0.0
121002030204,2014,0.0,0.0,0.0
121002030204,2015,0.0,0.0,0.0
121002030204,2016,0.0,0.0,0.0
121002030204,2017,0.0,0.0,0.0
121002030204,2018,0.0,0.0,0.0
121002030204,2019,0.0,0.0,0.0
121002030204,2020,0.0,0.0,0.0
121002030205,2000,0.0,0.0,0.0
121002030205,2001,0.137365356,0.23889629,0.101530849
121002030205,2002,0.003026285,0.005263192,0.002236907
121002030205,2003,0.041381732,0.071968353,0.030586458
121002030205,2004,0.0,0.0,0.0
121002030205,2005,0.038194016,0.066424364,0.028230348
121002030205,2006,0.0,0.0,0.0
121002030205,2007,0.040573803,0.070563192,0.029989474
121002030205,2008,0.021502079,0.037394694,0.015892697
121002030205,2009,0.046597975,0.081040205,0.034442145
121002030205,2010,0.021728145,0.037788197,0.01605997
121002030205,2011,0.095096745,0.165385753,0.070289003
121002030205,2012,0.0,0.0,0.0
121002030205,2013,0.0,0.0,0.0
121002030205,2014,0.120206729,0.209055173,0.088848529
121002030205,2015,0.026280701,0.045705545,0.019424844
121002030205,2016,0.042747831,0.074344314,0.031596399
121002030205,2017,0.054903019,0.095483356,0.040580499
121002030205,2018,0.050036203,0.0870192,0.036983167
121002030205,2019,0.131664403,0.228981625,0.097317225
121002030205,2020,0.096883648,0.16849321,0.07160965
121002030301,2000,0.0,0.0,0.0
121002030301,2001,0.0,0.0,0.0
121002030301,2002,0.0,0.0,0.0
121002030301,2003,0.0,0.0,0.0
121002030301,2004,0.0,0.0,0.0
121002030301,2005,0.0,0.0,0.0
121002030301,2006,0.0,0.0,0.0
121002030301,2007,0.0,0.0,0.0
121002030301,2008,0.0,0.0,0.0
121002030301,2009,0.0,0.0,0.0
121002030301,2010,0.0,0.0,0.0
121002030301,2011,0.0,0.0,0.0
121002030301,2012,0.0,0.0,0.0
121002030301,2013,0.0,0.0,0.0
121002030301,2014,0.0,0.0,0.0
121002030301,2015,0.0,0.0,0.0
121002030301,2016,0.0,0.0,0.0
121002030301,2017,0.0,0.0,0.0
121002030301,2018,0.0,0.0,0.0
121002030301,2019,0.0,0.0,0.0
121002030301,2020,0.0,0.0,0.0
121002030302,2000,0.0,0.0,0.0
121002030302,2001,0.014922907,0.025953058,0.011030066
121002030302,2002,0.018958274,0.032971162,0.014012718
121002030302,2003,0.013734751,0.02388634,0.010151759
121002030302,2004,0.0,0.0,0.0
121002030302,2005,0.004945715,0.008601233,0.003655685
121002030302,2006,0.0,0.0,0.0
121002030302,2007,0.0,0.0,0.0
121002030302,2008,0.0,0.0,0.0
121002030302,2009,0.021241896,0.036942351,0.01570037
121002030302,2010,0.0,0.0,0.0
121002030302,2011,0.0,0.0,0.0
121002030302,2012,0.0,0.0,0.0
121002030302,2013,0.0,0.0,0.0
121002030302,2014,0.0,0.0,0.0
121002030302,2015,0.0,0.0,0.0
121002030302,2016,0.002991932,0.005203593,0.002211658
121002030302,2017,0.0,0.0,0.0
121002030302,2018,0.0,0.0,0.0
121002030302,2019,0.005809542,0.010103608,0.004294148
121002030302,2020,0.0,0.0,0.0
121002030303,2000,0.035036158,0.074387014,0.039350773
121002030303,2001,0.081525416,0.182383389,0.100858058
121002030303,2002,0.0,0.0,0.0
121002030303,2003,0.0,0.0,0.0
121002030303,2004,0.0,0.0,0.0
121002030303,2005,0.0,0.0,0.0
121002030303,2006,0.167635227,0.370055268,0.202420458
121002030303,2007,0.0,0.0,0.0
121002030303,2008,0.073920005,0.162105077,0.088185071
121002030303,2009,0.026144055,0.057968879,0.03182491
121002030303,2010,0.0,0.0,0.0
121002030303,2011,0.0,0.0,0.0
121002030303,2012,0.0,0.0,0.0
121002030303,2013,0.0,0.0,0.0
121002030303,2014,0.175332942,0.377872751,0.202539559
121002030303,2015,0.060361964,0.135038022,0.074675975
121002030303,2016,0.064700243,0.140044074,0.075343667
121002030303,2017,0.0,0.0,0.0
121002030303,2018,0.056916058,0.114750222,0.057834167
121002030303,2019,0.015547507,0.034781822,0.019234477
121002030303,2020,0.142881003,0.297049814,0.154168811
121002030304,2000,0.0,0.0,0.0
121002030304,2001,0.0,0.0,0.0
121002030304,2002,0.0,0.0,0.0
121002030304,2003,0.0,0.0,0.0
121002030304,2004,0.0,0.0,0.0
121002030304,2005,0.000667455,0.000934838,0.000267299
121002030304,2006,0.0,0.0,0.0
121002030304,2007,1.1778e-05,1.7545e-05,5.764e-06
121002030304,2008,0.004595609,0.007271454,0.002675842
121002030304,2009,0.00299026,0.00340571,0.000415532
121002030304,2010,0.021945052,0.035509764,0.013564627
121002030304,2011,0.0,0.0,0.0
121002030304,2012,0.0,0.0,0.0
121002030304,2013,0.0,0.0,0.0
121002030304,2014,0.001706184,0.002389595,0.000683411
121002030304,2015,0.014076795,0.020978803,0.006902008
121002030304,2016,0.0,0.0,0.0
121002030304,2017,0.008144712,0.009638814,0.001494011
121002030304,2018,0.889356679,1.158016773,0.268659844
121002030304,2019,0.914568268,1.23257166,0.318003562
121002030304,2020,1.034426577,1.346909683,0.312482948
121002030305,2000,0.0,0.0,0.0
121002030305,2001,0.0,0.0,0.0
121002030305,2002,0.0,0.0,0.0
121002030305,2003,0.011348934,0.019737156,0.008388389
121002030305,2004,0.0,0.0,0.0
121002030305,2005,0.0,0.0,0.0
121002030305,2006,0.0,0.0,0.0
121002030305,2007,0.036225162,0.052806274,0.016581274
121002030305,2008,0.0,0.0,0.0
121002030305,2009,0.0,0.0,0.0
121002030305,2010,0.062105422,0.09053274,0.0284274
121002030305,2011,0.042956011,0.062618249,0.019662074
121002030305,2012,0.088658063,0.146785096,0.058126948
121002030305,2013,0.0,0.0,0.0
121002030305,2014,0.0,0.0,0.0
121002030305,2015,0.109160888,0.181632203,0.072471222
121002030305,2016,0.0,0.0,0.0
121002030305,2017,0.0,0.0,0.0
121002030305,2018,0.227748868,0.331995436,0.104246564
121002030305,2019,0.116895893,0.170402077,0.053506353
121002030305,2020,0.164563126,0.244521727,0.079958601
121002030306,2000,0.036896366,0.064504377,0.027608008
121002030306,2001,0.015278225,0.022271416,0.006993274
121002030306,2002,0.0,0.0,0.0
121002030306,2003,0.011723578,0.017393984,0.005670405
121002030306,2004,0.0,0.0,0.0
121002030306,2005,0.0,0.0,0.0
121002030306,2006,0.030154868,0.054235134,0.024080603
121002030306,2007,0.063123614,0.095641721,0.032518192
121002030306,2008,0.0,0.0,0.0
121002030306,2009,0.0,0.0,0.0
121002030306,2010,0.011520967,0.016794329,0.005273359
121002030306,2011,0.062281326,0.090789044,0.028507803
121002030306,2012,0.022587336,0.032926145,0.010338809
121002030306,2013,0.0,0.0,0.0
121002030306,2014,0.0,0.0,0.0
121002030306,2015,0.09881566,0.144046186,0.045230526
121002030306,2016,0.0,0.0,0.0
121002030306,2017,0.0,0.0,0.0
121002030306,2018,0.274181764,0.40143746,0.127255696
121002030306,2019,0.177944518,0.279347885,0.101403282
121002030306,2020,0.069211557,0.105828107,0.036616464
121002030307,2000,0.0,0.0,0.0
121002030307,2001,0.0,0.0,0.0
121002030307,2002,0.0,0.0,0.0
121002030307,2003,0.153286266,0.223449304,0.070163038
121002030307,2004,0.0,0.0,0.0
121002030307,2005,0.072793956,0.106113567,0.033319693
121002030307,2006,0.0,0.0,0.0
121002030307,2007,0.139132784,0.202817619,0.063684751
121002030307,2008,0.121111607,0.176547596,0.055435989
121002030307,2009,0.0,0.0,0.0
121002030307,2010,0.24394891,0.355610627,0.111661721
121002030307,2011,0.186065184,0.271232175,0.085166827
121002030307,2012,0.085081068,0.124024762,0.038943779
121002030307,2013,0.0,0.0,0.0
121002030307,2014,0.0,0.0,0.0
121002030307,2015,0.193952879,0.282730205,0.088777411
121002030307,2016,0.0,0.0,0.0
121002030307,2017,0.0,0.0,0.0
121002030307,2018,0.44911057,0.65468014,0.205569562
121002030307,2019,0.201173515,0.29325611,0.092082512
121002030307,2020,0.047569631,0.069343361,0.021773817
121002030308,2000,0.0,0.0,0.0
121002030308,2001,0.005818666,0.007183537,0.001364863
121002030308,2002,0.003299381,0.003927836,0.000628452
121002030308,2003,0.0,0.0,0.0
121002030308,2004,0.0,0.0,0.0
121002030308,2005,0.110838863,0.161572923,0.05073406
121002030308,2006,0.0,0.0,0.0
121002030308,2007,0.000757874,0.000863216,0.000105342
121002030308,2008,0.0,0.0,0.0
121002030308,2009,0.0,0.0,0.0
121002030308,2010,0.0,0.0,0.0
121002030308,2011,0.0,0.0,0.0
121002030308,2012,0.0,0.0,0.0
121002030308,2013,0.0,0.0,0.0
121002030308,2014,0.0,0.0,0.0
121002030308,2015,0.0,0.0,0.0
121002030308,2016,0.0,0.0,0.0
121002030308,2017,0.0,0.0,0.0
121002030308,2018,0.034323079,0.039092512,0.004769266
121002030308,2019,0.312670082,0.356116427,0.043446263
121002030308,2020,0.318809221,0.383184197,0.064374891
121002030401,2000,0.0,0.0,0.0
121002030401,2001,0.0,0.0,0.0
121002030401,2002,0.03350454,0.058268822,0.024764282
121002030401,2003,0.137234293,0.238668104,0.101433893
121002030401,2004,0.0,0.0,0.0
121002030401,2005,0.0,0.0,0.0
121002030401,2006,0.0,0.0,0.0
121002030401,2007,0.104475041,0.181695638,0.077220597
121002030401,2008,0.059785866,0.103975626,0.044189675
121002030401,2009,0.016979252,0.029529219,0.012549797
121002030401,2010,0.0,0.0,0.0
121002030401,2011,0.042274934,0.073521652,0.031246718
121002030401,2012,0.21265771,0.369839448,0.157181822
121002030401,2013,0.047542148,0.082682099,0.035139868
121002030401,2014,0.201217608,0.349943696,0.148726088
121002030401,2015,0.099447296,0.172951822,0.073504523
121002030401,2016,0.151766877,0.263942437,0.11217556
121002030401,2017,0.110825586,0.192740263,0.081914595
121002030401,2018,0.560764814,0.975243153,0.414478422
121002030401,2019,0.867668838,1.50898934,0.641320584
121002030401,2020,0.477274844,0.830043369,0.352768355
121002030402,2000,0.0,0.0,0.0
121002030402,2001,0.0,0.0,0.0
121002030402,2002,0.012605219,0.014356888,0.001751419
121002030402,2003,0.0,0.0,0.0
121002030402,2004,0.0,0.0,0.0
121002030402,2005,1.167e-06,1.334e-06,8.2e-08
121002030402,2006,0.0,0.0,0.0
121002030402,2007,0.003960471,0.005231896,0.001271255
121002030402,2008,0.0,0.0,0.0
121002030402,2009,0.0,0.0,0.0
121002030402,2010,0.009257586,0.010543918,0.001286247
121002030402,2011,0.086293578,0.098284082,0.011990671
121002030402,2012,0.0,0.0,0.0
121002030402,2013,0.0,0.0,0.0
121002030402,2014,0.0,0.0,0.0
121002030402,2015,0.069713844,0.079400592,0.009686827
121002030402,2016,0.028278831,0.032208052,0.003929306
121002030402,2017,0.04536717,0.051670989,0.006303907
121002030402,2018,0.020861529,0.03628109,0.015419395
121002030402,2019,0.070182479,0.084761326,0.014579011
121002030402,2020,0.041474265,0.05619827,0.014723839
121002030403,2000,0.0,0.0,0.0
121002030403,2001,0.0,0.0,0.0
121002030403,2002,0.0,0.0,0.0
121002030403,2003,0.0,0.0,0.0
121002030403,2004,0.0,0.0,0.0
121002030403,2005,0.0,0.0,0.0
121002030403,2006,0.0,0.0,0.0
121002030403,2007,0.010595403,0.012067622,0.001472219
121002030403,2008,0.0,0.0,0.0
121002030403,2009,0.0,0.0,0.0
121002030403,2010,0.030239137,0.034440926,0.004201871
121002030403,2011,0.0,0.0,0.0
121002030403,2012,0.0,0.0,0.0
121002030403,2013,0.0,0.0,0.0
121002030403,2014,0.072888693,0.083016567,0.010128126
121002030403,2015,0.025052364,0.028533359,0.003481079
121002030403,2016,8.779e-06,9.951e-06,1.087e-06
121002030403,2017,0.033232619,0.037850416,0.004617715
121002030403,2018,0.06712369,0.076450849,0.009326992
121002030403,2019,0.160648449,0.182971058,0.022322611
121002030403,2020,0.238843607,0.272964014,0.03412041
121002030404,2000,0.0,0.0,0.0
121002030404,2001,0.0,0.0,0.0
121002030404,2002,2.8008e-05,3.1962e-05,4.036e-06
121002030404,2003,8.8126e-05,0.000100249,1.2205e-05
121002030404,2004,0.0,0.0,0.0
121002030404,2005,0.0,0.0,0.0
121002030404,2006,0.0,0.0,0.0
121002030404,2007,0.012859827,0.014646778,0.001786868
121002030404,2008,0.011186451,0.012740787,0.001554333
121002030404,2009,0.0,0.0,0.0
121002030404,2010,0.010161704,0.011573841,0.001411885
121002030404,2011,0.0,0.0,0.0
121002030404,2012,0.0,0.0,0.0
121002030404,2013,0.0,0.0,0.0
121002030404,2014,0.025111789,0.028601167,0.003489211
121002030404,2015,0.005489151,0.006251808,0.000762655
121002030404,2016,0.0,0.0,0.0
121002030404,2017,0.008366649,0.009529307,0.001162658
121002030404,2018,0.012688367,0.01445154,0.001763079
121002030404,2019,0.064046537,0.072945858,0.008899321
121002030404,2020,0.013115776,0.014938303,0.001822527
121002030405,2000,0.035633063,0.04058441,0.004951347
121002030405,2001,0.0,0.0,0.0
121002030405,2002,0.000753036,0.000857674,0.000104723
121002030405,2003,0.0,0.0,0.0
121002030405,2004,0.0,0.0,0.0
121002030405,2005,0.033282795,0.037907512,0.004624718
121002030405,2006,0.082898521,0.094417479,0.011518959
121002030405,2007,0.02353043,0.026799879,0.003269701
121002030405,2008,0.0,0.0,0.0
121002030405,2009,0.0,0.0,0.0
121002030405,2010,0.0,0.0,0.0
121002030405,2011,0.0,0.0,0.0
121002030405,2012,0.0,0.0,0.0
121002030405,2013,0.055555156,0.063274715,0.007719553
121002030405,2014,0.0,0.0,0.0
121002030405,2015,0.0,0.0,0.0
121002030405,2016,0.0,0.0,0.0
121002030405,2017,0.0,0.0,0.0
121002030405,2018,0.03588606,0.040872515,0.004986208
121002030405,2019,0.064533605,0.073500652,0.008967219
121002030405,2020,0.0,0.0,0.0
121002030406,2000,0.011011112,0.01254112,0.001530093
121002030406,2001,0.0,0.0,0.0
121002030406,2002,0.049873553,0.056803449,0.006930148
121002030406,2003,0.0,0.0,0.0
121002030406,2004,0.008430011,0.009601361,0.001171432
121002030406,2005,0.037176496,0.042342238,0.005165825
121002030406,2006,0.104859296,0.119429644,0.01457043
121002030406,2007,0.045230844,0.051515723,0.006284882
121002030406,2008,0.038661923,0.044034077,0.005372153
121002030406,2009,0.038585321,0.043946879,0.005361474
121002030406,2010,0.035085027,0.039960104,0.004875162
121002030406,2011,0.0,0.0,0.0
121002030406,2012,0.0,0.0,0.0
121002030406,2013,0.118073219,0.134479534,0.016406567
121002030406,2014,0.0,0.0,0.0
121002030406,2015,0.025092384,0.028578921,0.003486622
121002030406,2016,0.05676821,0.064656475,0.007888096
121002030406,2017,0.0,0.0,0.0
121002030406,2018,0.076091025,0.086664121,0.010573019
121002030406,2019,0.040598537,0.04623986,0.005641241
121002030406,2020,0.030447716,0.034678429,0.004230795
121002030407,2000,0.0,0.0,0.0
121002030407,2001,0.002879033,0.003439778,0.000560581
121002030407,2002,0.459141825,0.544006847,0.084865107
121002030407,2003,0.199954704,0.272789405,0.072834786
121002030407,2004,0.198161806,0.248012205,0.049850399
121002030407,2005,0.327725742,0.380634063,0.052908156
121002030407,2006,0.0,0.0,0.0
121002030407,2007,0.212697126,0.25290969,0.040212647
121002030407,2008,0.316028421,0.407778768,0.091750178
121002030407,2009,0.196009145,0.226862449,0.030853219
121002030407,2010,0.553091729,0.704575397,0.151483751
121002030407,2011,8.38e-07,9.97e-07,0.0
121002030407,2012,0.0,0.0,0.0
121002030407,2013,0.425327362,0.503942288,0.078615093
121002030407,2014,0.014424586,0.017275008,0.002850504
121002030407,2015,0.224691403,0.281215638,0.056524318
121002030407,2016,0.237355205,0.284598683,0.047243393
121002030407,2017,0.004894088,0.005658055,0.0007638
121002030407,2018,0.88660123,1.059260803,0.172659485
121002030407,2019,1.625956586,1.980458658,0.354501978
121002030407,2020,1.747187374,2.024551,0.277363462
121002030408,2000,0.0,0.0,0.0
121002030408,2001,0.0,0.0,0.0
121002030408,2002,0.0,0.0,0.0
121002030408,2003,0.0,0.0,0.0
121002030408,2004,0.0,0.0,0.0
121002030408,2005,0.0,0.0,0.0
121002030408,2006,0.0,0.0,0.0
121002030408,2007,0.0,0.0,0.0
121002030408,2008,0.0,0.0,0.0
121002030408,2009,0.0,0.0,0.0
121002030408,2010,0.0,0.0,0.0
121002030408,2011,0.0,0.0,0.0
121002030408,2012,0.0,0.0,0.0
121002030408,2013,0.0,0.0,0.0
121002030408,2014,0.0,0.0,0.0
121002030408,2015,0.0,0.0,0.0
121002030408,2016,0.0,0.0,0.0
121002030408,2017,0.0,0.0,0.0
121002030408,2018,0.0,0.0,0.0
121002030408,2019,0.0,0.0,0.0
121002030408,2020,0.0,0.0,0.0
121002030409,2000,0.0,0.0,0.0
121002030409,2001,0.0,0.0,0.0
121002030409,2002,0.0,0.0,0.0
121002030409,2003,0.0,0.0,0.0
121002030409,2004,0.0,0.0,0.0
121002030409,2005,0.0,0.0,0.0
121002030409,2006,0.0,0.0,0.0
121002030409,2007,0.0,0.0,0.0
121002030409,2008,0.0,0.0,0.0
121002030409,2009,0.0,0.0,0.0
121002030409,2010,0.0,0.0,0.0
121002030409,2011,0.0,0.0,0.0
121002030409,2012,0.0,0.0,0.0
121002030409,2013,0.0,0.0,0.0
121002030409,2014,0.0,0.0,0.0
121002030409,2015,0.0,0.0,0.0
121002030409,2016,0.0,0.0,0.0
121002030409,2017,0.0,0.0,0.0
121002030409,2018,0.0,0.0,0.0
121002030409,2019,0.0,0.0,0.0
121002030409,2020,0.0,0.0,0.0
121002030410,2000,0.0,0.0,0.0
121002030410,2001,0.0,0.0,0.0
121002030410,2002,0.0,0.0,0.0
121002030410,2003,0.0,0.0,0.0
121002030410,2004,0.0,0.0,0.0
121002030410,2005,0.0,0.0,0.0
121002030410,2006,0.0,0.0,0.0
121002030410,2007,0.0,0.0,0.0
121002030410,2008,0.0,0.0,0.0
121002030410,2009,0.0,0.0,0.0
121002030410,2010,0.0,0.0,0.0
121002030410,2011,0.0,0.0,0.0
121002030410,2012,0.0,0.0,0.0
121002030410,2013,0.0,0.0,0.0
121002030410,2014,0.0,0.0,0.0
121002030410,2015,0.0,0.0,0.0
121002030410,2016,0.0,0.0,0.0
121002030410,2017,0.0,0.0,0.0
121002030410,2018,0.0,0.0,0.0
121002030410,2019,0.0,0.0,0.0
121002030410,2020,0.0,0.0,0.0
121002030501,2000,0.0,0.0,0.0
121002030501,2001,0.07246877,0.082538405,0.01006963
121002030501,2002,0.037767808,0.043015679,0.005247871
121002030501,2003,0.0,0.0,0.0
121002030501,2004,0.0,0.0,0.0
121002030501,2005,0.0,0.0,0.0
121002030501,2006,0.0,0.0,0.0
121002030501,2007,0.029442315,0.036081452,0.006638896
121002030501,2008,0.0,0.0,0.0
121002030501,2009,0.0,0.0,0.0
121002030501,2010,0.0,0.0,0.0
121002030501,2011,0.0,0.0,0.0
121002030501,2012,0.0,0.0,0.0
121002030501,2013,0.0,0.0,0.0
121002030501,2014,0.0,0.0,0.0
121002030501,2015,0.002255468,0.003287764,0.001032378
121002030501,2016,0.004166883,0.006074027,0.001907227
121002030501,2017,0.0,0.0,0.0
121002030501,2018,0.000413904,0.000570148,0.000156153
121002030501,2019,0.0,0.0,0.0
121002030501,2020,0.0,0.0,0.0
121002030502,2000,0.0,0.0,0.0
121002030502,2001,0.09408586,0.10715926,0.0130734
121002030502,2002,0.036165822,0.041191181,0.005025356
121002030502,2003,0.0,0.0,0.0
121002030502,2004,0.0,0.0,0.0
121002030502,2005,0.0,0.0,0.0
121002030502,2006,0.0,0.0,0.0
121002030502,2007,0.122974126,0.142993134,0.020019175
121002030502,2008,0.0,0.0,0.0
121002030502,2009,0.0,0.0,0.0
121002030502,2010,0.0,0.0,0.0
121002030502,2011,0.0,0.0,0.0
121002030502,2012,0.0,0.0,0.0
121002030502,2013,0.0,0.0,0.0
121002030502,2014,0.0,0.0,0.0
121002030502,2015,0.0,0.0,0.0
121002030502,2016,0.0,0.0,0.0
121002030502,2017,0.0,0.0,0.0
121002030502,2018,0.0,0.0,0.0
121002030502,2019,0.0,0.0,0.0
121002030502,2020,0.0,0.0,0.0
121002030503,2000,0.0,0.0,0.0
121002030503,2001,0.008713019,0.011315605,0.002602586
121002030503,2002,0.04486689,0.058268658,0.013401849
121002030503,2003,0.010257414,0.013321419,0.003063836
121002030503,2004,0.007761295,0.010079475,0.00231835
121002030503,2005,0.002872375,0.003730342,0.000857967
121002030503,2006,0.014956762,0.019424216,0.004467452
121002030503,2007,0.005233882,0.006797192,0.00156331
121002030503,2008,0.026078899,0.033868505,0.00778977
121002030503,2009,0.0,0.0,0.0
121002030503,2010,0.0,0.0,0.0
121002030503,2011,0.000405975,0.000527173,0.000121282
121002030503,2012,0.008459287,0.010986071,0.002526784
121002030503,2013,0.0,0.0,0.0
121002030503,2014,0.0,0.0,0.0
121002030503,2015,0.003031066,0.003936326,0.00090526
121002030503,2016,0.003513721,0.004563309,0.001049421
121002030503,2017,0.0,0.0,0.0
121002030503,2018,0.040341666,0.052391833,0.012050164
121002030503,2019,0.013868252,0.018010715,0.004142375
121002030503,2020,0.010165967,0.013202372,0.003036489
121002030504,2000,0.322965,0.419435107,0.096470027
121002030504,2001,0.268445301,0.348630326,0.08018486
121002030504,2002,0.425213849,0.552225753,0.127011737
121002030504,2003,0.205558356,0.266959307,0.061400699
121002030504,2004,0.286866751,0.372554126,0.085687374
121002030504,2005,0.256462997,0.333068855,0.07660586
121002030504,2006,0.360624211,0.468342753,0.107718797
121002030504,2007,0.130701225,0.169741855,0.039040545
121002030504,2008,1.100673434,1.429446019,0.328772585
121002030504,2009,0.271675334,0.352825005,0.081149589
121002030504,2010,0.238742515,0.310055279,0.071312847
121002030504,2011,0.46238537,0.600500463,0.138115175
121002030504,2012,0.458969735,0.596064585,0.137094765
121002030504,2013,0.345406222,0.448579532,0.103173142
121002030504,2014,0.162958603,0.211634603,0.048676082
121002030504,2015,0.221729068,0.287959751,0.066230858
121002030504,2016,0.295943702,0.384342566,0.088398863
121002030504,2017,0.000885688,0.00115023,0.000264542
121002030504,2018,0.785689578,1.020376258,0.234686512
121002030504,2019,0.321681507,0.417768208,0.096086701
121002030504,2020,0.851861992,1.106313995,0.254452339
121002040101,2000,0.0,0.0,0.0
121002040101,2001,0.0,0.0,0.0
121002040101,2002,0.0,0.0,0.0
121002040101,2003,0.054180778,0.054180778,0.0
121002040101,2004,0.096590199,0.096590199,0.0
121002040101,2005,0.234799814,0.234799814,0.0
121002040101,2006,0.083265701,0.083265701,0.0
121002040101,2007,0.0,0.0,0.0
121002040101,2008,0.0,0.0,0.0
121002040101,2009,0.348995479,0.348995479,0.0
121002040101,2010,0.27010817,0.27010817,0.0
121002040101,2011,0.0,0.0,0.0
121002040101,2012,0.0,0.0,0.0
121002040101,2013,0.0,0.0,0.0
121002040101,2014,0.0,0.0,0.0
121002040101,2015,0.0,0.0,0.0
121002040101,2016,0.0,0.0,0.0
121002040101,2017,0.0,0.0,0.0
121002040101,2018,0.182141353,0.182141353,0.0
121002040101,2019,0.0,0.0,0.0
121002040101,2020,0.010676098,0.010676098,0.0
121002040102,2000,0.0,0.0,0.0
121002040102,2001,0.0,0.0,0.0
121002040102,2002,0.0,0.0,0.0
121002040102,2003,0.0,0.0,0.0
121002040102,2004,0.0,0.0,0.0
121002040102,2005,0.0,0.0,0.0
121002040102,2006,0.0,0.0,0.0
121002040102,2007,0.0,0.0,0.0
121002040102,2008,0.0,0.0,0.0
121002040102,2009,0.0,0.0,0.0
121002040102,2010,0.0,0.0,0.0
121002040102,2011,0.0,0.0,0.0
121002040102,2012,0.0,0.0,0.0
121002040102,2013,0.0,0.0,0.0
121002040102,2014,0.0,0.0,0.0
121002040102,2015,0.0,0.0,0.0
121002040102,2016,0.0,0.0,0.0
121002040102,2017,0.0,0.0,0.0
121002040102,2018,0.0,0.0,0.0
121002040102,2019,0.0,0.0,0.0
121002040102,2020,0.0,0.0,0.0
121002040103,2000,0.0,0.0,0.0
121002040103,2001,0.0,0.0,0.0
121002040103,2002,0.010960712,0.010960712,0.0
121002040103,2003,0.011061795,0.011061795,0.0
121002040103,2004,0.0,0.0,0.0
121002040103,2005,0.0,0.0,0.0
121002040103,2006,0.0,0.0,0.0
121002040103,2007,0.0,0.0,0.0
121002040103,2008,0.0,0.0,0.0
121002040103,2009,0.0,0.0,0.0
121002040103,2010,0.0,0.0,0.0
121002040103,2011,0.0,0.0,0.0
121002040103,2012,0.0,0.0,0.0
121002040103,2013,0.0,0.0,0.0
121002040103,2014,0.0,0.0,0.0
121002040103,2015,0.0,0.0,0.0
121002040103,2016,0.0,0.0,0.0
121002040103,2017,0.0,0.0,0.0
121002040103,2018,0.0,0.0,0.0
121002040103,2019,0.0,0.0,0.0
121002040103,2020,0.0,0.0,0.0
121002040104,2000,0.0,0.0,0.0
121002040104,2001,0.0,0.0,0.0
121002040104,2002,0.0,0.0,0.0
121002040104,2003,0.0,0.0,0.0
121002040104,2004,0.0,0.0,0.0
121002040104,2005,0.0,0.0,0.0
121002040104,2006,0.0,0.0,0.0
121002040104,2007,0.0,0.0,0.0
121002040104,2008,0.0,0.0,0.0
121002040104,2009,0.0,0.0,0.0
121002040104,2010,0.0,0.0,0.0
121002040104,2011,0.0,0.0,0.0
121002040104,2012,0.0,0.0,0.0
121002040104,2013,0.0,0.0,0.0
121002040104,2014,0.0,0.0,0.0
121002040104,2015,0.0,0.0,0.0
121002040104,2016,0.0,0.0,0.0
121002040104,2017,0.0,0.0,0.0
121002040104,2018,0.0,0.0,0.0
121002040104,2019,0.0,0.0,0.0
121002040104,2020,0.0,0.0,0.0
121002040105,2000,0.0,0.0,0.0
121002040105,2001,0.0,0.0,0.0
121002040105,2002,0.04621234,0.04621234,0.0
121002040105,2003,0.047717225,0.047717225,0.0
121002040105,2004,0.0,0.0,0.0
121002040105,2005,0.0,0.0,0.0
121002040105,2006,0.0,0.0,0.0
121002040105,2007,0.0,0.0,0.0
121002040105,2008,0.0,0.0,0.0
121002040105,2009,0.0,0.0,0.0
121002040105,2010,0.082470625,0.082470625,0.0
121002040105,2011,0.0,0.0,0.0
121002040105,2012,0.0,0.0,0.0
121002040105,2013,0.0,0.0,0.0
121002040105,2014,0.0,0.0,0.0
121002040105,2015,0.0,0.0,0.0
121002040105,2016,0.0,0.0,0.0
121002040105,2017,0.0,0.0,0.0
121002040105,2018,0.151475581,0.151475581,0.0
121002040105,2019,0.0,0.0,0.0
121002040105,2020,0.0,0.0,0.0
121002040106,2000,0.0,0.0,0.0
121002040106,2001,0.0,0.0,0.0
121002040106,2002,0.0,0.0,0.0
121002040106,2003,0.0,0.0,0.0
121002040106,2004,0.0,0.0,0.0
121002040106,2005,0.0,0.0,0.0
121002040106,2006,0.0,0.0,0.0
121002040106,2007,0.0,0.0,0.0
121002040106,2008,0.0,0.0,0.0
121002040106,2009,0.0,0.0,0.0
121002040106,2010,0.0,0.0,0.0
121002040106,2011,0.0,0.0,0.0
121002040106,2012,0.0,0.0,0.0
121002040106,2013,0.0,0.0,0.0
121002040106,2014,0.0,0.0,0.0
121002040106,2015,0.0,0.0,0.0
121002040106,2016,0.0,0.0,0.0
121002040106,2017,0.0,0.0,0.0
121002040106,2018,0.0,0.0,0.0
121002040106,2019,0.0,0.0,0.0
121002040106,2020,0.0,0.0,0.0
121002040107,2000,0.0,0.0,0.0
121002040107,2001,0.0,0.0,0.0
121002040107,2002,0.0,0.0,0.0
121002040107,2003,0.0,0.0,0.0
121002040107,2004,0.0,0.0,0.0
121002040107,2005,0.0,0.0,0.0
121002040107,2006,0.0,0.0,0.0
121002040107,2007,0.0,0.0,0.0
121002040107,2008,0.0,0.0,0.0
121002040107,2009,0.003251038,0.003251038,0.0
121002040107,2010,0.0,0.0,0.0
121002040107,2011,0.0,0.0,0.0
121002040107,2012,0.0,0.0,0.0
121002040107,2013,0.0,0.0,0.0
121002040107,2014,0.0,0.0,0.0
121002040107,2015,0.002121636,0.002121636,0.0
121002040107,2016,0.0,0.0,0.0
121002040107,2017,0.0,0.0,0.0
121002040107,2018,0.087458203,0.087458203,0.0
121002040107,2019,0.0,0.0,0.0
121002040107,2020,0.050709642,0.050709642,0.0
121002040108,2000,0.0,0.0,0.0
121002040108,2001,0.0,0.0,0.0
121002040108,2002,0.0,0.0,0.0
121002040108,2003,0.0,0.0,0.0
121002040108,2004,0.0,0.0,0.0
121002040108,2005,0.0,0.0,0.0
121002040108,2006,0.0,0.0,0.0
121002040108,2007,0.0,0.0,0.0
121002040108,2008,0.054820325,0.054820325,0.0
121002040108,2009,0.0,0.0,0.0
121002040108,2010,0.0,0.0,0.0
121002040108,2011,0.0,0.0,0.0
121002040108,2012,0.0,0.0,0.0
121002040108,2013,0.0,0.0,0.0
121002040108,2014,0.0,0.0,0.0
121002040108,2015,0.0,0.0,0.0
121002040108,2016,0.0,0.0,0.0
121002040108,2017,0.053575712,0.053575712,0.0
121002040108,2018,0.0,0.0,0.0
121002040108,2019,0.437878567,0.437878567,0.0
121002040108,2020,0.0,0.0,0.0
121002040201,2000,0.135231156,0.135231156,0.0
121002040201,2001,0.375523666,0.375523666,0.0
121002040201,2002,0.170994671,0.170994671,0.0
121002040201,2003,0.241860773,0.241860773,0.0
121002040201,2004,0.020101959,0.020101959,0.0
121002040201,2005,0.268237164,0.268237164,0.0
121002040201,2006,0.212599104,0.212599104,0.0
121002040201,2007,0.069077384,0.069077384,0.0
121002040201,2008,0.240705186,0.240705186,0.0
121002040201,2009,0.0,0.0,0.0
121002040201,2010,0.210924041,0.210924041,0.0
121002040201,2011,0.600392808,0.600392808,0.0
121002040201,2012,0.238519407,0.238519407,0.0
121002040201,2013,0.253938118,0.253938118,0.0
121002040201,2014,0.388363734,0.388363734,0.0
121002040201,2015,0.105952674,0.105952674,0.0
121002040201,2016,0.214561352,0.214561352,0.0
121002040201,2017,0.277078,0.277078,0.0
121002040201,2018,0.180806901,0.183746838,0.002939932
121002040201,2019,0.200352926,0.200352926,0.0
121002040201,2020,0.247713705,0.247713705,0.0
121002040202,2000,0.065872011,0.065872011,0.0
121002040202,2001,0.237992323,0.237992323,0.0
121002040202,2002,0.027866597,0.027866597,0.0
121002040202,2003,0.066087074,0.066087074,0.0
121002040202,2004,0.029422833,0.029422833,0.0
121002040202,2005,0.093317178,0.093317178,0.0
121002040202,2006,0.047673326,0.047673326,0.0
121002040202,2007,0.035207288,0.035207288,0.0
121002040202,2008,0.155624683,0.155624683,0.0
121002040202,2009,0.0,0.0,0.0
121002040202,2010,0.120524211,0.120524211,0.0
121002040202,2011,0.109204499,0.109204499,0.0
121002040202,2012,0.007455273,0.007455273,0.0
121002040202,2013,0.093657978,0.093657978,0.0
121002040202,2014,0.044190844,0.044190844,0.0
121002040202,2015,0.050605836,0.050605836,0.0
121002040202,2016,0.095171434,0.095171434,0.0
121002040202,2017,0.116690436,0.116690436,0.0
121002040202,2018,0.660315951,0.660315951,0.0
121002040202,2019,0.27244077,0.27244077,0.0
121002040202,2020,0.225117582,0.225117582,0.0
121002040203,2000,0.0,0.0,0.0
121002040203,2001,0.0,0.0,0.0
121002040203,2002,0.043338307,0.043338307,0.0
121002040203,2003,0.0,0.0,0.0
121002040203,2004,0.0,0.0,0.0
121002040203,2005,0.0,0.0,0.0
121002040203,2006,0.0,0.0,0.0
121002040203,2007,0.0,0.0,0.0
121002040203,2008,0.0,0.0,0.0
121002040203,2009,0.0,0.0,0.0
121002040203,2010,0.0,0.0,0.0
121002040203,2011,0.0,0.0,0.0
121002040203,2012,0.0,0.0,0.0
121002040203,2013,0.0,0.0,0.0
121002040203,2014,0.0,0.0,0.0
121002040203,2015,0.0,0.0,0.0
121002040203,2016,0.0,0.0,0.0
121002040203,2017,0.0,0.0,0.0
121002040203,2018,0.0,0.0,0.0
121002040203,2019,7.6485e-05,7.6485e-05,0.0
121002040203,2020,0.000110792,0.000110792,0.0
121002040204,2000,0.191834817,0.191834817,0.0
121002040204,2001,0.252056104,0.252056104,0.0
121002040204,2002,0.245622019,0.245622019,0.0
121002040204,2003,0.033463326,0.033463326,0.0
121002040204,2004,0.23925627,0.23925627,0.0
121002040204,2005,0.232505025,0.232505025,0.0
121002040204,2006,0.28200043,0.28200043,0.0
121002040204,2007,0.0,0.0,0.0
121002040204,2008,0.304864981,0.304864981,0.0
121002040204,2009,0.070705299,0.070705299,0.0
121002040204,2010,0.289277488,0.289277488,0.0
121002040204,2011,0.458370841,0.458370841,0.0
121002040204,2012,0.0,0.0,0.0
121002040204,2013,0.440204436,0.440204436,0.0
121002040204,2014,0.344945997,0.344945997,0.0
121002040204,2015,0.206943329,0.206943329,0.0
121002040204,2016,0.226601877,0.226601877,0.0
121002040204,2017,0.554050266,0.554050266,0.0
121002040204,2018,0.364908373,0.364908373,0.0
121002040204,2019,0.226377715,0.226377715,0.0
121002040204,2020,0.634116678,0.634116678,0.0
121002040205,2000,0.0,0.0,0.0
121002040205,2001,0.0,0.0,0.0
121002040205,2002,0.0,0.0,0.0
121002040205,2003,0.0,0.0,0.0
121002040205,2004,0.0,0.0,0.0
121002040205,2005,0.0,0.0,0.0
121002040205,2006,0.0,0.0,0.0
121002040205,2007,0.0,0.0,0.0
121002040205,2008,0.0,0.0,0.0
121002040205,2009,0.0,0.0,0.0
121002040205,2010,0.0,0.0,0.0
121002040205,2011,0.0,0.0,0.0
121002040205,2012,0.0,0.0,0.0
121002040205,2013,0.0,0.0,0.0
121002040205,2014,0.0,0.0,0.0
121002040205,2015,0.0,0.0,0.0
121002040205,2016,0.0,0.0,0.0
121002040205,2017,0.0,0.0,0.0
121002040205,2018,0.0,0.0,0.0
121002040205,2019,0.0,0.0,0.0
121002040205,2020,0.0,0.0,0.0
121002040206,2000,0.0,0.0,0.0
121002040206,2001,0.0,0.0,0.0
121002040206,2002,0.0,0.0,0.0
121002040206,2003,0.0,0.0,0.0
121002040206,2004,0.0,0.0,0.0
121002040206,2005,0.0,0.0,0.0
121002040206,2006,0.0,0.0,0.0
121002040206,2007,0.0,0.0,0.0
121002040206,2008,0.0,0.0,0.0
121002040206,2009,0.0,0.0,0.0
121002040206,2010,0.0,0.0,0.0
121002040206,2011,0.0,0.0,0.0
121002040206,2012,0.0,0.0,0.0
121002040206,2013,0.0,0.0,0.0
121002040206,2014,0.0,0.0,0.0
121002040206,2015,0.0,0.0,0.0
121002040206,2016,0.0,0.0,0.0
121002040206,2017,0.0,0.0,0.0
121002040206,2018,0.0,0.0,0.0
121002040206,2019,0.0,0.0,0.0
121002040206,2020,0.0,0.0,0.0
121002040207,2000,0.0,0.0,0.0
121002040207,2001,0.0,0.0,0.0
121002040207,2002,0.0,0.0,0.0
121002040207,2003,0.0,0.0,0.0
121002040207,2004,0.0,0.0,0.0
121002040207,2005,0.0,0.0,0.0
121002040207,2006,0.0,0.0,0.0
121002040207,2007,0.0,0.0,0.0
121002040207,2008,0.0,0.0,0.0
121002040207,2009,0.0,0.0,0.0
121002040207,2010,0.0,0.0,0.0
121002040207,2011,0.0,0.0,0.0
121002040207,2012,0.0,0.0,0.0
121002040207,2013,0.0,0.0,0.0
121002040207,2014,0.0,0.0,0.0
121002040207,2015,0.0,0.0,0.0
121002040207,2016,0.0,0.0,0.0
121002040207,2017,0.0,0.0,0.0
121002040207,2018,0.0,0.0,0.0
121002040207,2019,0.0,0.0,0.0
121002040207,2020,0.0,0.0,0.0
121002040208,2000,0.0,0.0,0.0
121002040208,2001,0.0,0.0,0.0
121002040208,2002,0.0,0.0,0.0
121002040208,2003,0.0,0.0,0.0
121002040208,2004,0.0,0.0,0.0
121002040208,2005,0.0,0.0,0.0
121002040208,2006,0.0,0.0,0.0
121002040208,2007,0.0,0.0,0.0
121002040208,2008,0.0,0.0,0.0
121002040208,2009,0.0,0.0,0.0
121002040208,2010,0.0,0.0,0.0
121002040208,2011,0.0,0.0,0.0
121002040208,2012,0.0,0.0,0.0
121002040208,2013,0.0,0.0,0.0
121002040208,2014,0.0,0.0,0.0
121002040208,2015,0.0,0.0,0.0
121002040208,2016,0.0,0.0,0.0
121002040208,2017,0.0,0.0,0.0
121002040208,2018,0.0,0.0,0.0
121002040208,2019,0.0,0.0,0.0
121002040208,2020,0.0,0.0,0.0
121002040209,2000,0.0,0.0,0.0
121002040209,2001,0.0,0.0,0.0
121002040209,2002,0.0,0.0,0.0
121002040209,2003,0.0,0.0,0.0
121002040209,2004,0.0,0.0,0.0
121002040209,2005,0.0,0.0,0.0
121002040209,2006,0.0,0.0,0.0
121002040209,2007,0.0,0.0,0.0
121002040209,2008,0.0,0.0,0.0
121002040209,2009,0.0,0.0,0.0
121002040209,2010,0.0,0.0,0.0
121002040209,2011,0.0,0.0,0.0
121002040209,2012,0.0,0.0,0.0
121002040209,2013,0.0,0.0,0.0
121002040209,2014,0.0,0.0,0.0
121002040209,2015,0.0,0.0,0.0
121002040209,2016,0.0,0.0,0.0
121002040209,2017,0.0,0.0,0.0
121002040209,2018,0.0,0.0,0.0
121002040209,2019,0.0,0.0,0.0
121002040209,2020,0.0,0.0,0.0
121002040210,2000,0.0,0.0,0.0
121002040210,2001,0.0,0.0,0.0
121002040210,2002,0.0,0.0,0.0
121002040210,2003,0.0,0.0,0.0
121002040210,2004,0.0,0.0,0.0
121002040210,2005,0.0,0.0,0.0
121002040210,2006,0.0,0.0,0.0
121002040210,2007,0.02989777,0.02989777,0.0
121002040210,2008,0.0,0.0,0.0
121002040210,2009,0.0,0.0,0.0
121002040210,2010,0.0,0.0,0.0
121002040210,2011,0.0,0.0,0.0
121002040210,2012,0.0,0.0,0.0
121002040210,2013,0.0,0.0,0.0
121002040210,2014,0.091441693,0.091441693,0.0
121002040210,2015,0.0,0.0,0.0
121002040210,2016,0.0,0.0,0.0
121002040210,2017,0.0,0.0,0.0
121002040210,2018,0.0,0.0,0.0
121002040210,2019,0.0,0.0,0.0
121002040210,2020,0.158056724,0.158056724,0.0
121002040301,2000,0.0,0.0,0.0
121002040301,2001,0.0,0.0,0.0
121002040301,2002,0.0,0.0,0.0
121002040301,2003,0.0,0.0,0.0
121002040301,2004,0.0,0.0,0.0
121002040301,2005,0.0,0.0,0.0
121002040301,2006,0.0,0.0,0.0
121002040301,2007,0.0,0.0,0.0
121002040301,2008,0.0,0.0,0.0
121002040301,2009,0.0,0.0,0.0
121002040301,2010,0.0,0.0,0.0
121002040301,2011,0.0,0.0,0.0
121002040301,2012,0.0,0.0,0.0
121002040301,2013,0.0,0.0,0.0
121002040301,2014,0.0,0.0,0.0
121002040301,2015,0.0,0.0,0.0
121002040301,2016,0.0,0.0,0.0
121002040301,2017,0.0,0.0,0.0
121002040301,2018,0.0,0.0,0.0
121002040301,2019,0.0,0.0,0.0
121002040301,2020,0.001278921,0.001278921,0.0
121002040302,2000,0.0,0.0,0.0
121002040302,2001,0.0,0.0,0.0
121002040302,2002,0.0,0.0,0.0
121002040302,2003,0.0,0.0,0.0
121002040302,2004,0.0,0.0,0.0
121002040302,2005,0.0,0.0,0.0
121002040302,2006,0.0,0.0,0.0
121002040302,2007,0.0,0.0,0.0
121002040302,2008,0.0,0.0,0.0
121002040302,2009,0.0,0.0,0.0
121002040302,2010,0.0,0.0,0.0
121002040302,2011,0.0,0.0,0.0
121002040302,2012,0.0,0.0,0.0
121002040302,2013,0.0,0.0,0.0
121002040302,2014,0.0,0.0,0.0
121002040302,2015,0.0,0.0,0.0
121002040302,2016,0.0,0.0,0.0
121002040302,2017,0.0,0.0,0.0
121002040302,2018,0.0,0.0,0.0
121002040302,2019,0.0,0.0,0.0
121002040302,2020,0.0,0.0,0.0
121002040303,2000,0.0,0.0,0.0
121002040303,2001,0.0,0.0,0.0
121002040303,2002,0.0,0.0,0.0
121002040303,2003,0.0,0.0,0.0
121002040303,2004,0.0,0.0,0.0
121002040303,2005,0.0,0.0,0.0
121002040303,2006,0.0,0.0,0.0
121002040303,2007,0.0,0.0,0.0
121002040303,2008,0.0,0.0,0.0
121002040303,2009,0.0,0.0,0.0
121002040303,2010,0.0,0.0,0.0
121002040303,2011,0.0,0.0,0.0
121002040303,2012,0.0,0.0,0.0
121002040303,2013,0.0,0.0,0.0
121002040303,2014,0.0,0.0,0.0
121002040303,2015,0.0,0.0,0.0
121002040303,2016,0.0,0.0,0.0
121002040303,2017,0.0,0.0,0.0
121002040303,2018,0.0,0.0,0.0
121002040303,2019,0.0,0.0,0.0
121002040303,2020,0.0,0.0,0.0
121002040304,2000,0.0,0.0,0.0
121002040304,2001,0.0,0.0,0.0
121002040304,2002,0.0,0.0,0.0
121002040304,2003,0.0,0.0,0.0
121002040304,2004,0.0,0.0,0.0
121002040304,2005,0.0,0.0,0.0
121002040304,2006,0.0,0.0,0.0
121002040304,2007,0.0,0.0,0.0
121002040304,2008,0.0,0.0,0.0
121002040304,2009,0.0,0.0,0.0
121002040304,2010,0.0,0.0,0.0
121002040304,2011,0.0,0.0,0.0
121002040304,2012,0.0,0.0,0.0
121002040304,2013,0.0,0.0,0.0
121002040304,2014,0.0,0.0,0.0
121002040304,2015,0.0,0.0,0.0
121002040304,2016,0.0,0.0,0.0
121002040304,2017,0.0,0.0,0.0
121002040304,2018,0.0,0.0,0.0
121002040304,2019,0.0,0.0,0.0
121002040304,2020,0.0,0.0,0.0
121002040305,2000,0.061217943,0.061217943,0.0
121002040305,2001,0.012719603,0.012719603,0.0
121002040305,2002,0.0,0.0,0.0
121002040305,2003,0.0,0.0,0.0
121002040305,2004,0.0,0.0,0.0
121002040305,2005,0.043561236,0.043561236,0.0
121002040305,2006,0.051383808,0.051383808,0.0
121002040305,2007,0.0,0.0,0.0
121002040305,2008,0.0,0.0,0.0
121002040305,2009,0.0,0.0,0.0
121002040305,2010,0.0,0.0,0.0
121002040305,2011,0.0,0.0,0.0
121002040305,2012,0.0,0.0,0.0
121002040305,2013,0.0,0.0,0.0
121002040305,2014,0.0,0.0,0.0
121002040305,2015,0.0,0.0,0.0
121002040305,2016,0.0,0.0,0.0
121002040305,2017,0.0,0.0,0.0
121002040305,2018,0.0,0.0,0.0
121002040305,2019,0.0,0.0,0.0
121002040305,2020,0.0,0.0,0.0
121002040401,2000,0.0,0.0,0.0
121002040401,2001,0.011936159,0.011936159,0.0
121002040401,2002,0.113768167,0.113768167,0.0
121002040401,2003,0.0,0.0,0.0
121002040401,2004,0.0,0.0,0.0
121002040401,2005,0.010128115,0.010128115,0.0
121002040401,2006,0.0,0.0,0.0
121002040401,2007,0.0,0.0,0.0
121002040401,2008,0.0,0.0,0.0
121002040401,2009,0.034182849,0.034182849,0.0
121002040401,2010,0.001771825,0.001771825,0.0
121002040401,2011,0.0,0.0,0.0
121002040401,2012,0.0,0.0,0.0
121002040401,2013,0.0,0.0,0.0
121002040401,2014,0.016880942,0.016880942,0.0
121002040401,2015,0.021423663,0.021423663,0.0
121002040401,2016,0.217689388,0.217689388,0.0
121002040401,2017,0.185721299,0.185721299,0.0
121002040401,2018,0.002800677,0.002800677,0.0
121002040401,2019,0.038575414,0.038575414,0.0
121002040401,2020,0.0,0.0,0.0
121002040402,2000,0.0,0.0,0.0
121002040402,2001,0.0,0.0,0.0
121002040402,2002,0.0,0.0,0.0
121002040402,2003,0.0,0.0,0.0
121002040402,2004,0.0,0.0,0.0
121002040402,2005,0.0,0.0,0.0
121002040402,2006,0.0,0.0,0.0
121002040402,2007,0.0,0.0,0.0
121002040402,2008,0.0,0.0,0.0
121002040402,2009,0.0,0.0,0.0
121002040402,2010,0.0,0.0,0.0
121002040402,2011,0.0,0.0,0.0
121002040402,2012,0.0,0.0,0.0
121002040402,2013,0.0,0.0,0.0
121002040402,2014,0.0,0.0,0.0
121002040402,2015,0.0,0.0,0.0
121002040402,2016,0.0,0.0,0.0
121002040402,2017,0.0,0.0,0.0
121002040402,2018,0.0,0.0,0.0
121002040402,2019,0.0,0.0,0.0
121002040402,2020,0.0,0.0,0.0
121002040403,2000,0.197329019,0.197329019,0.0
121002040403,2001,0.143184082,0.143184082,0.0
121002040403,2002,0.0,0.0,0.0
121002040403,2003,0.0,0.0,0.0
121002040403,2004,0.262085063,0.262085063,0.0
121002040403,2005,0.05953331,0.05953331,0.0
121002040403,2006,0.490444145,0.490444145,0.0
121002040403,2007,0.0,0.0,0.0
121002040403,2008,0.0,0.0,0.0
121002040403,2009,0.0,0.0,0.0
121002040403,2010,0.137242603,0.137242603,0.0
121002040403,2011,0.0,0.0,0.0
121002040403,2012,0.0,0.0,0.0
121002040403,2013,0.0,0.0,0.0
121002040403,2014,0.0,0.0,0.0
121002040403,2015,0.167811679,0.167811679,0.0
121002040403,2016,0.451007544,0.451007544,0.0
121002040403,2017,0.0,0.0,0.0
121002040403,2018,0.0,0.0,0.0
121002040403,2019,0.579927912,0.579927912,0.0
121002040403,2020,0.180951549,0.180951549,0.0
121002040404,2000,0.0,0.0,0.0
121002040404,2001,0.0,0.0,0.0
121002040404,2002,0.0,0.0,0.0
121002040404,2003,0.0,0.0,0.0
121002040404,2004,0.0,0.0,0.0
121002040404,2005,0.0,0.0,0.0
121002040404,2006,0.030916756,0.030916756,0.0
121002040404,2007,0.0,0.0,0.0
121002040404,2008,0.0,0.0,0.0
121002040404,2009,0.0,0.0,0.0
121002040404,2010,0.0,0.0,0.0
121002040404,2011,0.17849254,0.17849254,0.0
121002040404,2012,0.221060527,0.221060527,0.0
121002040404,2013,0.0,0.0,0.0
121002040404,2014,0.0,0.0,0.0
121002040404,2015,0.027561219,0.027561219,0.0
121002040404,2016,0.013923363,0.013923363,0.0
121002040404,2017,0.0,0.0,0.0
121002040404,2018,0.042179838,0.042179838,0.0
121002040404,2019,0.140253301,0.140253301,0.0
121002040404,2020,0.0,0.0,0.0
121003010101,2000,0.0,0.0,0.0
121003010101,2001,0.0,0.0,0.0
121003010101,2002,0.0,0.0,0.0
121003010101,2003,0.0,0.0,0.0
121003010101,2004,0.0,0.0,0.0
121003010101,2005,0.0,0.0,0.0
121003010101,2006,0.0,0.0,0.0
121003010101,2007,0.0,0.0,0.0
121003010101,2008,0.0,0.0,0.0
121003010101,2009,0.0,0.0,0.0
121003010101,2010,0.0,0.0,0.0
121003010101,2011,0.0,0.0,0.0
121003010101,2012,0.0,0.0,0.0
121003010101,2013,0.0,0.0,0.0
121003010101,2014,0.0,0.0,0.0
121003010101,2015,0.0,0.0,0.0
121003010101,2016,0.0,0.0,0.0
121003010101,2017,0.0,0.0,0.0
121003010101,2018,0.0,0.0,0.0
121003010101,2019,0.0,0.0,0.0
121003010101,2020,0.0,0.0,0.0
121003010102,2000,0.0,0.0,0.0
121003010102,2001,0.0,0.0,0.0
121003010102,2002,0.0,0.0,0.0
121003010102,2003,0.0,0.0,0.0
121003010102,2004,0.0,0.0,0.0
121003010102,2005,0.0,0.0,0.0
121003010102,2006,0.0,0.0,0.0
121003010102,2007,0.0,0.0,0.0
121003010102,2008,0.0,0.0,0.0
121003010102,2009,0.0,0.0,0.0
121003010102,2010,0.0,0.0,0.0
121003010102,2011,0.0,0.0,0.0
121003010102,2012,0.0,0.0,0.0
121003010102,2013,0.0,0.0,0.0
121003010102,2014,0.0,0.0,0.0
121003010102,2015,0.0,0.0,0.0
121003010102,2016,0.0,0.0,0.0
121003010102,2017,0.0,0.0,0.0
121003010102,2018,0.0,0.0,0.0
121003010102,2019,0.0,0.0,0.0
121003010102,2020,0.0,0.0,0.0
121003010103,2000,0.0,0.0,0.0
121003010103,2001,0.0,0.0,0.0
121003010103,2002,0.0,0.0,0.0
121003010103,2003,0.0,0.0,0.0
121003010103,2004,0.0,0.0,0.0
121003010103,2005,0.0,0.0,0.0
121003010103,2006,0.0,0.0,0.0
121003010103,2007,0.0,0.0,0.0
121003010103,2008,0.0,0.0,0.0
121003010103,2009,0.0,0.0,0.0
121003010103,2010,0.0,0.0,0.0
121003010103,2011,0.0,0.0,0.0
121003010103,2012,0.0,0.0,0.0
121003010103,2013,0.0,0.0,0.0
121003010103,2014,0.0,0.0,0.0
121003010103,2015,0.0,0.0,0.0
121003010103,2016,0.0,0.0,0.0
121003010103,2017,0.0,0.0,0.0
121003010103,2018,0.0,0.0,0.0
121003010103,2019,0.0,0.0,0.0
121003010103,2020,0.0,0.0,0.0
121003010104,2000,0.0,0.0,0.0
121003010104,2001,0.0,0.0,0.0
121003010104,2002,0.0,0.0,0.0
121003010104,2003,0.0,0.0,0.0
121003010104,2004,0.0,0.0,0.0
121003010104,2005,0.0,0.0,0.0
121003010104,2006,0.0,0.0,0.0
121003010104,2007,0.0,0.0,0.0
121003010104,2008,0.0,0.0,0.0
121003010104,2009,0.0,0.0,0.0
121003010104,2010,0.0,0.0,0.0
121003010104,2011,0.0,0.0,0.0
121003010104,2012,0.0,0.0,0.0
121003010104,2013,0.0,0.0,0.0
121003010104,2014,0.0,0.0,0.0
121003010104,2015,0.0,0.0,0.0
121003010104,2016,0.0,0.0,0.0
121003010104,2017,0.0,0.0,0.0
121003010104,2018,0.0,0.0,0.0
121003010104,2019,0.0,0.0,0.0
121003010104,2020,0.0,0.0,0.0
121003010105,2000,0.0,0.0,0.0
121003010105,2001,0.0,0.0,0.0
121003010105,2002,0.0,0.0,0.0
121003010105,2003,0.0,0.0,0.0
121003010105,2004,0.0,0.0,0.0
121003010105,2005,0.0,0.0,0.0
121003010105,2006,0.0,0.0,0.0
121003010105,2007,0.0,0.0,0.0
121003010105,2008,0.0,0.0,0.0
121003010105,2009,0.009096605,0.010920332,0.001823726
121003010105,2010,0.0,0.0,0.0
121003010105,2011,0.0,0.0,0.0
121003010105,2012,0.0,0.0,0.0
121003010105,2013,0.0,0.0,0.0
121003010105,2014,0.0,0.0,0.0
121003010105,2015,0.0,0.0,0.0
121003010105,2016,0.0,0.0,0.0
121003010105,2017,0.0,0.0,0.0
121003010105,2018,0.0,0.0,0.0
121003010105,2019,0.0,0.0,0.0
121003010105,2020,0.0,0.0,0.0
121003010106,2000,0.485709579,0.583084809,0.097375227
121003010106,2001,0.118424879,0.142167066,0.023741932
121003010106,2002,0.056335863,0.067629989,0.011294126
121003010106,2003,0.008686507,0.010427855,0.001741351
121003010106,2004,0.06961765,0.083574514,0.013956863
121003010106,2005,0.0,0.0,0.0
121003010106,2006,0.0,0.0,0.0
121003010106,2007,0.195661123,0.234887132,0.039226088
121003010106,2008,0.133579087,0.16035915,0.026779984
121003010106,2009,0.090516679,0.108663381,0.018146789
121003010106,2010,0.313872019,0.376797145,0.062925216
121003010106,2011,0.0,0.0,0.0
121003010106,2012,0.0,0.0,0.0
121003010106,2013,0.369967167,0.444138258,0.074171005
121003010106,2014,0.143245795,0.17196369,0.028717981
121003010106,2015,0.010402918,0.01248866,0.002085575
121003010106,2016,0.0,0.0,0.0
121003010106,2017,0.0,0.0,0.0
121003010106,2018,0.065081438,0.078128871,0.0130476
121003010106,2019,0.491352816,0.589859507,0.098506597
121003010106,2020,0.0,0.0,0.0
121003010201,2000,0.0,0.0,0.0
121003010201,2001,0.0,0.0,0.0
121003010201,2002,0.0,0.0,0.0
121003010201,2003,0.0,0.0,0.0
121003010201,2004,0.0,0.0,0.0
121003010201,2005,0.0,0.0,0.0
121003010201,2006,0.0,0.0,0.0
121003010201,2007,0.0,0.0,0.0
121003010201,2008,0.0,0.0,0.0
121003010201,2009,0.0,0.0,0.0
121003010201,2010,0.0,0.0,0.0
121003010201,2011,0.0,0.0,0.0
121003010201,2012,0.0,0.0,0.0
121003010201,2013,0.0,0.0,0.0
121003010201,2014,0.0,0.0,0.0
121003010201,2015,0.0,0.0,0.0
121003010201,2016,0.0,0.0,0.0
121003010201,2017,0.0,0.0,0.0
121003010201,2018,0.0,0.0,0.0
121003010201,2019,0.0,0.0,0.0
121003010201,2020,0.0,0.0,0.0
121003010202,2000,0.0,0.0,0.0
121003010202,2001,0.002108241,0.002530825,0.000422668
121003010202,2002,0.0,0.0,0.0
121003010202,2003,0.002208959,0.002651773,0.000442814
121003010202,2004,0.0,0.0,0.0
121003010202,2005,0.0,0.0,0.0
121003010202,2006,0.0,0.0,0.0
121003010202,2007,0.0,0.0,0.0
121003010202,2008,0.0,0.0,0.0
121003010202,2009,0.0,0.0,0.0
121003010202,2010,0.0,0.0,0.0
121003010202,2011,0.0,0.0,0.0
121003010202,2012,0.0,0.0,0.0
121003010202,2013,0.0,0.0,0.0
121003010202,2014,0.0,0.0,0.0
121003010202,2015,0.0,0.0,0.0
121003010202,2016,0.0,0.0,0.0
121003010202,2017,0.0,0.0,0.0
121003010202,2018,0.0,0.0,0.0
121003010202,2019,0.0,0.0,0.0
121003010202,2020,0.0,0.0,0.0
121003010203,2000,0.0,0.0,0.0
121003010203,2001,0.0,0.0,0.0
121003010203,2002,0.0,0.0,0.0
121003010203,2003,0.18927517,0.227221003,0.037946
121003010203,2004,0.114642246,0.137625721,0.022983478
121003010203,2005,0.172142901,0.2066542,0.034511214
121003010203,2006,0.0,0.0,0.0
121003010203,2007,0.066047882,0.079289134,0.013241255
121003010203,2008,0.0,0.0,0.0
121003010203,2009,0.0,0.0,0.0
121003010203,2010,0.201025299,0.241326973,0.040301504
121003010203,2011,0.0,0.0,0.0
121003010203,2012,0.0,0.0,0.0
121003010203,2013,0.161267929,0.193599159,0.032330981
121003010203,2014,0.007148844,0.008582181,0.00143317
121003010203,2015,0.0,0.0,0.0
121003010203,2016,0.0,0.0,0.0
121003010203,2017,0.0,0.0,0.0
121003010203,2018,0.136613559,0.164001874,0.027388321
121003010203,2019,0.0,0.0,0.0
121003010203,2020,0.401180888,0.481609765,0.080428798
121003010204,2000,0.171625243,0.206032934,0.03440744
121003010204,2001,0.210332386,0.252499797,0.042167488
121003010204,2002,0.197464537,0.237052285,0.039587748
121003010204,2003,0.155359016,0.18650537,0.031146353
121003010204,2004,0.255096213,0.306238158,0.051141861
121003010204,2005,0.184195195,0.221122501,0.036927479
121003010204,2006,0.057897288,0.069504663,0.011607208
121003010204,2007,0.137540271,0.165114411,0.027574219
121003010204,2008,0.109850536,0.131873421,0.022022885
121003010204,2009,0.09008117,0.108140608,0.018059515
121003010204,2010,0.531063575,0.637531573,0.106467666
121003010204,2011,0.0,0.0,0.0
121003010204,2012,0.0,0.0,0.0
121003010204,2013,0.511302844,0.613808827,0.102505984
121003010204,2014,0.63408311,0.761204222,0.12712103
121003010204,2015,0.057473674,0.06899606,0.011522304
121003010204,2016,0.151144232,0.181445383,0.030301402
121003010204,2017,0.028349885,0.034033501,0.005683616
121003010204,2018,0.152758408,0.183383315,0.030625071
121003010204,2019,0.432215244,0.518865712,0.086650471
121003010204,2020,0.73450441,0.881757801,0.14725347
121003010301,2000,0.310894555,0.36792247,0.057028
121003010301,2001,0.755360222,0.883462189,0.128102049
121003010301,2002,0.444087438,0.518793679,0.074706323
121003010301,2003,0.536840364,0.611435444,0.074595247
121003010301,2004,0.381157005,0.454841025,0.073684189
121003010301,2005,0.477551827,0.570551685,0.092999855
121003010301,2006,0.001772926,0.002128318,0.000355474
121003010301,2007,0.120820353,0.1404888,0.019668534
121003010301,2008,0.378063648,0.434057101,0.055993372
121003010301,2009,0.064607386,0.075212266,0.010604964
121003010301,2010,0.561123836,0.671200784,0.110076863
121003010301,2011,0.276912855,0.332428581,0.055515477
121003010301,2012,0.0,0.0,0.0
121003010301,2013,0.863840055,1.034539025,0.17069897
121003010301,2014,0.662392811,0.794235989,0.131843178
121003010301,2015,0.096742255,0.112491,0.015748578
121003010301,2016,0.255044407,0.302903292,0.047858801
121003010301,2017,0.240088008,0.287530277,0.047442515
121003010301,2018,0.231886079,0.277044362,0.045158038
121003010301,2019,0.755361992,0.900312268,0.144950364
121003010301,2020,0.668449361,0.799580658,0.131131128
121003010302,2000,0.635587634,0.763010661,0.127422781
121003010302,2001,0.30439217,0.36541686,0.061024449
121003010302,2002,0.713712222,0.856797501,0.143085192
121003010302,2003,0.301230315,0.361621011,0.060390614
121003010302,2004,0.434555213,0.521674757,0.08711979
121003010302,2005,0.038130504,0.045774775,0.007644266
121003010302,2006,0.030173005,0.036222137,0.006049216
121003010302,2007,0.554891636,0.666136416,0.111244866
121003010302,2008,0.258893317,0.310796232,0.051902915
121003010302,2009,0.074982633,0.090015219,0.015032342
121003010302,2010,0.249522795,0.299547315,0.050024268
121003010302,2011,0.049960721,0.059976858,0.010016137
121003010302,2012,0.083936689,0.10076418,0.016827658
121003010302,2013,0.155356019,0.186501619,0.031145852
121003010302,2014,0.21645751,0.259853074,0.043395479
121003010302,2015,0.07115397,0.085419055,0.014265088
121003010302,2016,0.128322721,0.154049011,0.025726213
121003010302,2017,0.0,0.0,0.0
121003010302,2018,0.08994571,0.10797794,0.018032389
121003010302,2019,0.638409151,0.766397342,0.127988277
121003010302,2020,0.234097842,0.281029798,0.046932044
121003010303,2000,0.133159877,0.157213361,0.024053566
121003010303,2001,0.156816293,0.175018211,0.018201995
121003010303,2002,0.121235685,0.139031753,0.017796071
121003010303,2003,0.0,0.0,0.0
121003010303,2004,0.167296811,0.18882253,0.021525803
121003010303,2005,0.212721386,0.239281652,0.026560266
121003010303,2006,0.0,0.0,0.0
121003010303,2007,0.0,0.0,0.0
121003010303,2008,0.19263135,0.226624959,0.03399377
121003010303,2009,0.166961019,0.186757351,0.019796326
121003010303,2010,0.20709877,0.235875679,0.028776827
121003010303,2011,0.0,0.0,0.0
121003010303,2012,0.034041098,0.038639046,0.004597863
121003010303,2013,0.044015378,0.0500746,0.006059055
121003010303,2014,0.042710559,0.049036471,0.006325668
121003010303,2015,0.0,0.0,0.0
121003010303,2016,0.0,0.0,0.0
121003010303,2017,0.03980463,0.04364526,0.003840715
121003010303,2018,0.055978044,0.062405885,0.006427841
121003010303,2019,0.0,0.0,0.0
121003010303,2020,0.0,0.0,0.0
121003020101,2000,0.0,0.0,0.0
121003020101,2001,0.0,0.0,0.0
121003020101,2002,0.0,0.0,0.0
121003020101,2003,0.0,0.0,0.0
121003020101,2004,0.0,0.0,0.0
121003020101,2005,0.0,0.0,0.0
121003020101,2006,0.0,0.0,0.0
121003020101,2007,0.0,0.0,0.0
121003020101,2008,0.0,0.0,0.0
121003020101,2009,0.0,0.0,0.0
121003020101,2010,0.0,0.0,0.0
121003020101,2011,0.0,0.0,0.0
121003020101,2012,0.0,0.0,0.0
121003020101,2013,0.0,0.0,0.0
121003020101,2014,0.0,0.0,0.0
121003020101,2015,0.0,0.0,0.0
121003020101,2016,0.0,0.0,0.0
121003020101,2017,0.0,0.0,0.0
121003020101,2018,0.0,0.0,0.0
121003020101,2019,0.0,0.0,0.0
121003020101,2020,0.0,0.0,0.0
121003020102,2000,0.0,0.0,0.0
121003020102,2001,0.0,0.0,0.0
121003020102,2002,0.0,0.0,0.0
121003020102,2003,0.0,0.0,0.0
121003020102,2004,0.0,0.0,0.0
121003020102,2005,0.0,0.0,0.0
121003020102,2006,0.0,0.0,0.0
121003020102,2007,0.0,0.0,0.0
121003020102,2008,0.0,0.0,0.0
121003020102,2009,0.0,0.0,0.0
121003020102,2010,0.0,0.0,0.0
121003020102,2011,0.0,0.0,0.0
121003020102,2012,0.0,0.0,0.0
121003020102,2013,0.0,0.0,0.0
121003020102,2014,0.0,0.0,0.0
121003020102,2015,0.0,0.0,0.0
121003020102,2016,0.0,0.0,0.0
121003020102,2017,0.0,0.0,0.0
121003020102,2018,0.0,0.0,0.0
121003020102,2019,0.0,0.0,0.0
121003020102,2020,0.0,0.0,0.0
121003020103,2000,0.0,0.0,0.0
121003020103,2001,0.0,0.0,0.0
121003020103,2002,0.0,0.0,0.0
121003020103,2003,0.0,0.0,0.0
121003020103,2004,0.0,0.0,0.0
121003020103,2005,0.0,0.0,0.0
121003020103,2006,0.0,0.0,0.0
121003020103,2007,0.0,0.0,0.0
121003020103,2008,0.0,0.0,0.0
121003020103,2009,0.0,0.0,0.0
121003020103,2010,0.0,0.0,0.0
121003020103,2011,0.0,0.0,0.0
121003020103,2012,0.0,0.0,0.0
121003020103,2013,0.0,0.0,0.0
121003020103,2014,0.0,0.0,0.0
121003020103,2015,0.0,0.0,0.0
121003020103,2016,0.0,0.0,0.0
121003020103,2017,0.0,0.0,0.0
121003020103,2018,0.0,0.0,0.0
121003020103,2019,0.0,0.0,0.0
121003020103,2020,0.0,0.0,0.0
121003020104,2000,0.0,0.0,0.0
121003020104,2001,0.0,0.0,0.0
121003020104,2002,0.0,0.0,0.0
121003020104,2003,0.0,0.0,0.0
121003020104,2004,0.0,0.0,0.0
121003020104,2005,0.0,0.0,0.0
121003020104,2006,0.0,0.0,0.0
121003020104,2007,0.0,0.0,0.0
121003020104,2008,0.0,0.0,0.0
121003020104,2009,0.0,0.0,0.0
121003020104,2010,0.0,0.0,0.0
121003020104,2011,0.0,0.0,0.0
121003020104,2012,0.0,0.0,0.0
121003020104,2013,0.0,0.0,0.0
121003020104,2014,0.0,0.0,0.0
121003020104,2015,0.0,0.0,0.0
121003020104,2016,0.0,0.0,0.0
121003020104,2017,0.0,0.0,0.0
121003020104,2018,0.0,0.0,0.0
121003020104,2019,0.0,0.0,0.0
121003020104,2020,0.0,0.0,0.0
121003020105,2000,0.0,0.0,0.0
121003020105,2001,0.0,0.0,0.0
121003020105,2002,0.0,0.0,0.0
121003020105,2003,0.0,0.0,0.0
121003020105,2004,0.0,0.0,0.0
121003020105,2005,0.0,0.0,0.0
121003020105,2006,0.0,0.0,0.0
121003020105,2007,0.0,0.0,0.0
121003020105,2008,0.0,0.0,0.0
121003020105,2009,0.0,0.0,0.0
121003020105,2010,0.0,0.0,0.0
121003020105,2011,0.0,0.0,0.0
121003020105,2012,0.0,0.0,0.0
121003020105,2013,0.0,0.0,0.0
121003020105,2014,0.0,0.0,0.0
121003020105,2015,0.0,0.0,0.0
121003020105,2016,0.0,0.0,0.0
121003020105,2017,0.0,0.0,0.0
121003020105,2018,0.0,0.0,0.0
121003020105,2019,0.0,0.0,0.0
121003020105,2020,0.0,0.0,0.0
121003020106,2000,0.0,0.0,0.0
121003020106,2001,0.0,0.0,0.0
121003020106,2002,0.0,0.0,0.0
121003020106,2003,0.0,0.0,0.0
121003020106,2004,0.0,0.0,0.0
121003020106,2005,0.0,0.0,0.0
121003020106,2006,0.0,0.0,0.0
121003020106,2007,0.0,0.0,0.0
121003020106,2008,0.0,0.0,0.0
121003020106,2009,0.0,0.0,0.0
121003020106,2010,0.0,0.0,0.0
121003020106,2011,0.0,0.0,0.0
121003020106,2012,0.0,0.0,0.0
121003020106,2013,0.0,0.0,0.0
121003020106,2014,0.0,0.0,0.0
121003020106,2015,0.0,0.0,0.0
121003020106,2016,0.0,0.0,0.0
121003020106,2017,0.0,0.0,0.0
121003020106,2018,0.0,0.0,0.0
121003020106,2019,0.0,0.0,0.0
121003020106,2020,0.0,0.0,0.0
121003020107,2000,0.0,0.0,0.0
121003020107,2001,0.0,0.0,0.0
121003020107,2002,0.0,0.0,0.0
121003020107,2003,0.0,0.0,0.0
121003020107,2004,0.0,0.0,0.0
121003020107,2005,0.0,0.0,0.0
121003020107,2006,0.0,0.0,0.0
121003020107,2007,0.0,0.0,0.0
121003020107,2008,0.0,0.0,0.0
121003020107,2009,0.0,0.0,0.0
121003020107,2010,0.0,0.0,0.0
121003020107,2011,0.0,0.0,0.0
121003020107,2012,0.0,0.0,0.0
121003020107,2013,0.0,0.0,0.0
121003020107,2014,0.0,0.0,0.0
121003020107,2015,0.0,0.0,0.0
121003020107,2016,0.0,0.0,0.0
121003020107,2017,0.0,0.0,0.0
121003020107,2018,0.0,0.0,0.0
121003020107,2019,0.0,0.0,0.0
121003020107,2020,0.0,0.0,0.0
121003020201,2000,0.348410817,0.355158932,0.006748033
121003020201,2001,0.277145578,0.282513356,0.005367696
121003020201,2002,0.176116885,0.179527825,0.003411025
121003020201,2003,0.251510811,0.256382085,0.004871356
121003020201,2004,0.217372519,0.221582536,0.004210014
121003020201,2005,0.43398571,0.442391058,0.008405351
121003020201,2006,0.403246981,0.411057101,0.007810041
121003020201,2007,0.143828671,0.146614436,0.002785597
121003020201,2008,0.609923186,0.621736216,0.011813027
121003020201,2009,0.443567882,0.45215883,0.008590948
121003020201,2010,0.404375282,0.412207219,0.007832107
121003020201,2011,0.631541397,0.643773189,0.012231707
121003020201,2012,0.346352973,0.353061066,0.006708178
121003020201,2013,0.319701137,0.325893041,0.006192071
121003020201,2014,0.460687989,0.469610652,0.008922581
121003020201,2015,0.360536858,0.367519704,0.006982932
121003020201,2016,0.377604598,0.384917929,0.007313418
121003020201,2017,0.570347466,0.58139394,0.011046553
121003020201,2018,0.074314573,0.075753822,0.001439334
121003020201,2019,0.311714362,0.317751589,0.006037397
121003020201,2020,0.540183358,0.55064553,0.010462175
121003020202,2000,0.0,0.0,0.0
121003020202,2001,0.0,0.0,0.0
121003020202,2002,0.0,0.0,0.0
121003020202,2003,0.0,0.0,0.0
121003020202,2004,0.0,0.0,0.0
121003020202,2005,0.0,0.0,0.0
121003020202,2006,0.0,0.0,0.0
121003020202,2007,0.0,0.0,0.0
121003020202,2008,0.0,0.0,0.0
121003020202,2009,0.0,0.0,0.0
121003020202,2010,0.0,0.0,0.0
121003020202,2011,0.0,0.0,0.0
121003020202,2012,0.0,0.0,0.0
121003020202,2013,0.0,0.0,0.0
121003020202,2014,0.0,0.0,0.0
121003020202,2015,0.0,0.0,0.0
121003020202,2016,0.0,0.0,0.0
121003020202,2017,0.0,0.0,0.0
121003020202,2018,0.0,0.0,0.0
121003020202,2019,0.0,0.0,0.0
121003020202,2020,0.0,0.0,0.0
121003020203,2000,0.042050587,0.042865027,0.00081444
121003020203,2001,0.037929904,0.038664608,0.000734622
121003020203,2002,0.02128369,0.021695879,0.000412104
121003020203,2003,0.000570373,0.000581485,1.1112e-05
121003020203,2004,0.064602358,0.065853661,0.001251301
121003020203,2005,0.075441901,0.076903052,0.001461151
121003020203,2006,7.96e-05,8.1189e-05,1.589e-06
121003020203,2007,0.0,0.0,0.0
121003020203,2008,0.0,0.0,0.0
121003020203,2009,0.029865178,0.03044357,0.000578395
121003020203,2010,0.0,0.0,0.0
121003020203,2011,0.0,0.0,0.0
121003020203,2012,0.0,0.0,0.0
121003020203,2013,0.0,0.0,0.0
121003020203,2014,0.0,0.0,0.0
121003020203,2015,0.0,0.0,0.0
121003020203,2016,0.0,0.0,0.0
121003020203,2017,0.0,0.0,0.0
121003020203,2018,0.0,0.0,0.0
121003020203,2019,0.0,0.0,0.0
121003020203,2020,0.0,0.0,0.0
121003020204,2000,0.0,0.0,0.0
121003020204,2001,5.2921e-05,5.3836e-05,1e-06
121003020204,2002,1.4844e-05,1.5008e-05,2.47e-07
121003020204,2003,0.0,0.0,0.0
121003020204,2004,5.882e-05,6.1511e-05,2.776e-06
121003020204,2005,9.8564e-05,0.000104405,5.756e-06
121003020204,2006,0.0,0.0,0.0
121003020204,2007,0.0,0.0,0.0
121003020204,2008,0.0,0.0,0.0
121003020204,2009,0.0,0.0,0.0
121003020204,2010,0.0,0.0,0.0
121003020204,2011,0.0,0.0,0.0
121003020204,2012,0.0,0.0,0.0
121003020204,2013,0.0,0.0,0.0
121003020204,2014,0.0,0.0,0.0
121003020204,2015,0.0,0.0,0.0
121003020204,2016,0.0,0.0,0.0
121003020204,2017,0.0,0.0,0.0
121003020204,2018,0.0,0.0,0.0
121003020204,2019,0.0,0.0,0.0
121003020204,2020,0.0,0.0,0.0
121003020205,2000,0.062926973,0.064145678,0.00121879
121003020205,2001,0.0,0.0,0.0
121003020205,2002,0.003609079,0.003678978,6.9899e-05
121003020205,2003,0.046293356,0.047189786,0.000896685
121003020205,2004,0.07323165,0.074649964,0.001418396
121003020205,2005,0.092449055,0.094239403,0.0017906
121003020205,2006,0.063840247,0.065076907,0.001236496
121003020205,2007,0.0,0.0,0.0
121003020205,2008,0.0,0.0,0.0
121003020205,2009,0.048519258,0.049459036,0.000939778
121003020205,2010,0.0,0.0,0.0
121003020205,2011,0.0,0.0,0.0
121003020205,2012,0.0,0.0,0.0
121003020205,2013,0.0,0.0,0.0
121003020205,2014,0.0,0.0,0.0
121003020205,2015,0.0,0.0,0.0
121003020205,2016,0.0,0.0,0.0
121003020205,2017,0.0,0.0,0.0
121003020205,2018,0.0,0.0,0.0
121003020205,2019,0.0,0.0,0.0
121003020205,2020,0.0,0.0,0.0
121003020206,2000,0.0,0.0,0.0
121003020206,2001,0.0,0.0,0.0
121003020206,2002,0.0,0.0,0.0
121003020206,2003,0.0,0.0,0.0
121003020206,2004,0.0,0.0,0.0
121003020206,2005,0.0,0.0,0.0
121003020206,2006,0.0,0.0,0.0
121003020206,2007,0.0,0.0,0.0
121003020206,2008,0.0,0.0,0.0
121003020206,2009,0.0,0.0,0.0
121003020206,2010,0.0,0.0,0.0
121003020206,2011,0.0,0.0,0.0
121003020206,2012,0.0,0.0,0.0
121003020206,2013,0.0,0.0,0.0
121003020206,2014,0.0,0.0,0.0
121003020206,2015,0.0,0.0,0.0
121003020206,2016,0.0,0.0,0.0
121003020206,2017,0.0,0.0,0.0
121003020206,2018,0.0,0.0,0.0
121003020206,2019,0.0,0.0,0.0
121003020206,2020,0.0,0.0,0.0
121003020301,2000,0.0,0.0,0.0
121003020301,2001,0.0,0.0,0.0
121003020301,2002,0.0,0.0,0.0
121003020301,2003,0.0,0.0,0.0
121003020301,2004,0.0,0.0,0.0
121003020301,2005,0.0,0.0,0.0
121003020301,2006,0.0,0.0,0.0
121003020301,2007,0.0,0.0,0.0
121003020301,2008,0.0,0.0,0.0
121003020301,2009,0.0,0.0,0.0
121003020301,2010,0.0,0.0,0.0
121003020301,2011,0.0,0.0,0.0
121003020301,2012,0.0,0.0,0.0
121003020301,2013,0.0,0.0,0.0
121003020301,2014,0.0,0.0,0.0
121003020301,2015,0.0,0.0,0.0
121003020301,2016,0.0,0.0,0.0
121003020301,2017,0.0,0.0,0.0
121003020301,2018,0.0,0.0,0.0
121003020301,2019,0.0,0.0,0.0
121003020301,2020,0.0,0.0,0.0
121003020302,2000,0.002025426,0.002064675,3.9331e-05
121003020302,2001,0.0,0.0,0.0
121003020302,2002,0.000106844,0.000108882,2.038e-06
121003020302,2003,0.000664408,0.000677208,1.2964e-05
121003020302,2004,0.0,0.0,0.0
121003020302,2005,0.0,0.0,0.0
121003020302,2006,0.0,0.0,0.0
121003020302,2007,0.0,0.0,0.0
121003020302,2008,0.0,0.0,0.0
121003020302,2009,2.5488e-05,2.6156e-05,5.01e-07
121003020302,2010,0.0,0.0,0.0
121003020302,2011,0.0,0.0,0.0
121003020302,2012,0.0,0.0,0.0
121003020302,2013,0.0,0.0,0.0
121003020302,2014,0.0,0.0,0.0
121003020302,2015,0.0,0.0,0.0
121003020302,2016,0.0,0.0,0.0
121003020302,2017,0.0,0.0,0.0
121003020302,2018,0.0,0.0,0.0
121003020302,2019,0.0,0.0,0.0
121003020302,2020,0.0,0.0,0.0
121003020303,2000,0.010521822,0.017448951,0.006927292
121003020303,2001,0.0,0.0,0.0
121003020303,2002,0.012671403,0.021013893,0.00834249
121003020303,2003,0.0,0.0,0.0
121003020303,2004,0.0,0.0,0.0
121003020303,2005,0.018486652,0.030657956,0.012171219
121003020303,2006,0.0,0.0,0.0
121003020303,2007,0.009115677,0.015117115,0.006001523
121003020303,2008,0.011044249,0.018315413,0.007271246
121003020303,2009,0.0,0.0,0.0
121003020303,2010,0.013027096,0.021603849,0.008576753
121003020303,2011,0.0,0.0,0.0
121003020303,2012,0.0,0.0,0.0
121003020303,2013,0.025072233,0.041579266,0.016507033
121003020303,2014,0.0,0.0,0.0
121003020303,2015,0.0,0.0,0.0
121003020303,2016,0.0,0.0,0.0
121003020303,2017,0.0,0.0,0.0
121003020303,2018,0.0,0.0,0.0
121003020303,2019,0.0,0.0,0.0
121003020303,2020,0.0,0.0,0.0
121003020304,2000,0.0,0.0,0.0
121003020304,2001,0.0,0.0,0.0
121003020304,2002,0.0,0.0,0.0
121003020304,2003,0.0,0.0,0.0
121003020304,2004,0.0,0.0,0.0
121003020304,2005,0.0,0.0,0.0
121003020304,2006,0.0,0.0,0.0
121003020304,2007,0.0,0.0,0.0
121003020304,2008,0.0,0.0,0.0
121003020304,2009,0.0,0.0,0.0
121003020304,2010,0.0,0.0,0.0
121003020304,2011,0.0,0.0,0.0
121003020304,2012,0.0,0.0,0.0
121003020304,2013,0.0,0.0,0.0
121003020304,2014,0.0,0.0,0.0
121003020304,2015,0.0,0.0,0.0
121003020304,2016,0.0,0.0,0.0
121003020304,2017,0.0,0.0,0.0
121003020304,2018,0.0,0.0,0.0
121003020304,2019,0.0,0.0,0.0
121003020304,2020,0.0,0.0,0.0
121003020305,2000,2.205603202,3.657716792,1.452113429
121003020305,2001,2.173929581,3.60519,1.431260342
121003020305,2002,1.522884753,2.52551363,1.002628962
121003020305,2003,1.053895978,1.747754723,0.693858493
121003020305,2004,1.906084208,3.16100188,1.254917587
121003020305,2005,2.128927789,3.530560082,1.401632463
121003020305,2006,2.241258441,3.716846389,1.47558794
121003020305,2007,0.705897,1.170641841,0.464744844
121003020305,2008,2.422449626,4.017329208,1.594879749
121003020305,2009,2.214433855,3.672361153,1.457927384
121003020305,2010,1.514008907,2.510794162,0.996785337
121003020305,2011,3.044732126,5.049307266,2.00457514
121003020305,2012,2.981369579,4.944228298,1.962858634
121003020305,2013,3.821838452,6.33804071,2.51620226
121003020305,2014,3.067886315,5.087705449,2.019819134
121003020305,2015,1.930572408,3.201612542,1.271040216
121003020305,2016,2.168039555,3.595422107,1.427382549
121003020305,2017,2.298971055,3.812555693,1.513584723
121003020305,2018,2.823389737,4.682238266,1.858848614
121003020305,2019,1.762430414,2.922770323,1.160339666
121003020305,2020,2.96621662,4.919098967,1.952882262
121003020306,2000,0.0,0.0,0.0
121003020306,2001,0.0,0.0,0.0
121003020306,2002,0.0,0.0,0.0
121003020306,2003,0.0,0.0,0.0
121003020306,2004,0.0,0.0,0.0
121003020306,2005,0.0,0.0,0.0
121003020306,2006,0.0,0.0,0.0
121003020306,2007,0.0,0.0,0.0
121003020306,2008,0.0,0.0,0.0
121003020306,2009,0.0,0.0,0.0
121003020306,2010,0.0,0.0,0.0
121003020306,2011,0.0,0.0,0.0
121003020306,2012,0.0,0.0,0.0
121003020306,2013,0.0,0.0,0.0
121003020306,2014,0.0,0.0,0.0
121003020306,2015,0.0,0.0,0.0
121003020306,2016,0.0,0.0,0.0
121003020306,2017,0.0,0.0,0.0
121003020306,2018,0.0,0.0,0.0
121003020306,2019,0.0,0.0,0.0
121003020306,2020,0.0,0.0,0.0
121003020307,2000,1.11526121,1.849521221,0.734259844
121003020307,2001,0.975943663,1.618480238,0.642536827
121003020307,2002,0.622191575,1.031827074,0.409635332
121003020307,2003,0.788443178,1.307534074,0.519091148
121003020307,2004,1.100304691,1.824717899,0.72441279
121003020307,2005,1.537069921,2.549038389,1.011968214
121003020307,2006,1.135439,1.882983312,0.747544395
121003020307,2007,0.520080496,0.862488759,0.342408099
121003020307,2008,1.278171861,2.119688016,0.841516328
121003020307,2009,1.280881658,2.12418163,0.843300049
121003020307,2010,0.850044723,1.409692745,0.559648022
121003020307,2011,1.498361047,2.484844277,0.986483227
121003020307,2012,1.96371829,3.256581044,1.292862585
121003020307,2013,2.410921216,3.998211178,1.58728971
121003020307,2014,1.827509219,3.030695315,1.203186014
121003020307,2015,1.11948294,1.856522247,0.737039392
121003020307,2016,1.185232667,1.965560158,0.780327238
121003020307,2017,1.451393436,2.406954148,0.955560967
121003020307,2018,1.570703784,2.604815463,1.034111764
121003020307,2019,1.303526348,2.161735123,0.858208775
121003020307,2020,1.695772672,2.812226926,1.116454005
121003020401,2000,0.0,0.0,0.0
121003020401,2001,0.0,0.0,0.0
121003020401,2002,0.0,0.0,0.0
121003020401,2003,0.0,0.0,0.0
121003020401,2004,0.0,0.0,0.0
121003020401,2005,0.0,0.0,0.0
121003020401,2006,0.0,0.0,0.0
121003020401,2007,0.0,0.0,0.0
121003020401,2008,0.0,0.0,0.0
121003020401,2009,0.0,0.0,0.0
121003020401,2010,0.0,0.0,0.0
121003020401,2011,0.0,0.0,0.0
121003020401,2012,0.0,0.0,0.0
121003020401,2013,0.0,0.0,0.0
121003020401,2014,0.0,0.0,0.0
121003020401,2015,0.0,0.0,0.0
121003020401,2016,0.0,0.0,0.0
121003020401,2017,0.0,0.0,0.0
121003020401,2018,0.0,0.0,0.0
121003020401,2019,0.0,0.0,0.0
121003020401,2020,0.0,0.0,0.0
121003020402,2000,0.0,0.0,0.0
121003020402,2001,0.0,0.0,0.0
121003020402,2002,0.0,0.0,0.0
121003020402,2003,0.0,0.0,0.0
121003020402,2004,0.0,0.0,0.0
121003020402,2005,0.0,0.0,0.0
121003020402,2006,0.0,0.0,0.0
121003020402,2007,0.0,0.0,0.0
121003020402,2008,0.0,0.0,0.0
121003020402,2009,0.0,0.0,0.0
121003020402,2010,0.0,0.0,0.0
121003020402,2011,0.0,0.0,0.0
121003020402,2012,0.0,0.0,0.0
121003020402,2013,0.0,0.0,0.0
121003020402,2014,0.0,0.0,0.0
121003020402,2015,0.0,0.0,0.0
121003020402,2016,0.0,0.0,0.0
121003020402,2017,0.0,0.0,0.0
121003020402,2018,0.0,0.0,0.0
121003020402,2019,0.0,0.0,0.0
121003020402,2020,0.0,0.0,0.0
121003020403,2000,0.072879101,0.087489934,0.014610743
121003020403,2001,0.081609214,0.097970214,0.016361085
121003020403,2002,0.254515816,0.305541085,0.051025268
121003020403,2003,0.197654066,0.237279951,0.039625805
121003020403,2004,0.125589415,0.150767683,0.02517818
121003020403,2005,5.4041e-05,6.5066e-05,1.0858e-05
121003020403,2006,0.0,0.0,0.0
121003020403,2007,0.087037381,0.104486375,0.017449321
121003020403,2008,0.000239686,0.000287844,4.8153e-05
121003020403,2009,0.003234674,0.003882956,0.000648534
121003020403,2010,0.000117301,0.000140847,2.3463e-05
121003020403,2011,0.0,0.0,0.0
121003020403,2012,0.0,0.0,0.0
121003020403,2013,0.239535548,0.287557663,0.048022118
121003020403,2014,0.103514236,0.124266852,0.020752775
121003020403,2015,0.107436233,0.128975112,0.021538795
121003020403,2016,0.062421913,0.074936295,0.012514301
121003020403,2017,0.000216403,0.000259899,4.3329e-05
121003020403,2018,0.168600726,0.202401827,0.033801019
121003020403,2019,0.0,0.0,0.0
121003020403,2020,0.0,0.0,0.0
121003020404,2000,0.0,0.0,0.0
121003020404,2001,0.0,0.0,0.0
121003020404,2002,0.0,0.0,0.0
121003020404,2003,0.0,0.0,0.0
121003020404,2004,0.0,0.0,0.0
121003020404,2005,0.0,0.0,0.0
121003020404,2006,0.0,0.0,0.0
121003020404,2007,0.0,0.0,0.0
121003020404,2008,0.0,0.0,0.0
121003020404,2009,0.0,0.0,0.0
121003020404,2010,0.0,0.0,0.0
121003020404,2011,0.0,0.0,0.0
121003020404,2012,0.0,0.0,0.0
121003020404,2013,0.0,0.0,0.0
121003020404,2014,0.0,0.0,0.0
121003020404,2015,0.0,0.0,0.0
121003020404,2016,0.0,0.0,0.0
121003020404,2017,0.0,0.0,0.0
121003020404,2018,0.0,0.0,0.0
121003020404,2019,0.0,0.0,0.0
121003020404,2020,0.0,0.0,0.0
121003020405,2000,0.143078915,0.171763262,0.028684426
121003020405,2001,0.420451855,0.504744205,0.084292268
121003020405,2002,0.0,0.0,0.0
121003020405,2003,0.460559332,0.552892523,0.092333022
121003020405,2004,0.310805577,0.373115833,0.062310342
121003020405,2005,0.519454868,0.623595301,0.104140348
121003020405,2006,0.050252279,0.060326882,0.010074603
121003020405,2007,0.127837238,0.153466145,0.025628822
121003020405,2008,0.254206284,0.305169833,0.050963298
121003020405,2009,0.1916756,0.230102775,0.038427175
121003020405,2010,0.271635822,0.326093373,0.054457548
121003020405,2011,0.293699164,0.352580173,0.058880923
121003020405,2012,0.081089495,0.097346303,0.016256809
121003020405,2013,0.381938334,0.458509386,0.076571137
121003020405,2014,0.152255233,0.182779584,0.030524184
121003020405,2015,0.153993967,0.184866882,0.03087283
121003020405,2016,0.093021803,0.11167073,0.018648926
121003020405,2017,0.324406312,0.389443288,0.06503706
121003020405,2018,0.329189195,0.395185164,0.065995893
121003020405,2019,0.155502104,0.186677079,0.03117506
121003020405,2020,0.260081863,0.312223213,0.052141268
121003020406,2000,0.402388281,0.483059249,0.080670964
121003020406,2001,1.071353945,1.286139318,0.2147852
121003020406,2002,0.613678934,0.736709655,0.123030553
121003020406,2003,1.265101203,1.518728986,0.253627699
121003020406,2004,0.774636,0.929935161,0.155299243
121003020406,2005,1.238215299,1.486452688,0.248237729
121003020406,2006,0.941478556,1.130226351,0.188747797
121003020406,2007,0.315481879,0.378729871,0.063247825
121003020406,2008,1.576989738,1.893145082,0.316155096
121003020406,2009,0.718265537,0.862263586,0.143997964
121003020406,2010,0.870234038,1.044698622,0.174464581
121003020406,2011,1.376491995,1.652451408,0.275959405
121003020406,2012,0.105366557,0.126490454,0.021123984
121003020406,2013,1.317265507,1.581351151,0.264085647
121003020406,2014,0.887085726,1.064928789,0.177843071
121003020406,2015,0.333463159,0.400315871,0.066852797
121003020406,2016,0.318654071,0.382537762,0.063883861
121003020406,2017,0.487690929,0.585463118,0.097772359
121003020406,2018,1.668403351,2.002885036,0.33448177
121003020406,2019,1.647289318,1.977538244,0.330249088
121003020406,2020,1.090083194,1.308623115,0.21854
121003020501,2000,6.742307634,10.892257896,4.149950178
121003020501,2001,4.12591346,6.708802184,2.58288889
121003020501,2002,4.3447528,7.04173869,2.696985808
121003020501,2003,3.797359162,6.134667575,2.337308411
121003020501,2004,5.43817638,8.799638221,3.361461762
121003020501,2005,6.241442507,10.099421504,3.857979167
121003020501,2006,5.461211137,8.737937718,3.276726668
121003020501,2007,2.656324699,4.277495518,1.621170734
121003020501,2008,7.237493249,11.673376027,4.435882948
121003020501,2009,5.974940789,9.559905192,3.584964488
121003020501,2010,5.396925052,8.718780636,3.321855332
121003020501,2011,7.424993595,11.918127759,4.493134164
121003020501,2012,7.098872497,11.561681516,4.462809019
121003020501,2013,8.50961686,13.814312688,5.304695995
121003020501,2014,7.658218553,12.371920222,4.713701762
121003020501,2015,6.921072827,11.199147063,4.278074159
121003020501,2016,5.744762011,9.310797418,3.566035492
121003020501,2017,6.669862458,10.810149819,4.140287362
121003020501,2018,7.585496737,12.29416003,4.708663375
121003020501,2019,7.876547299,12.683651068,4.807103855
121003020501,2020,9.740865115,15.685773254,5.944908057
121003020502,2000,3.362208689,4.355192669,0.992983896
121003020502,2001,1.948369803,2.450779677,0.502409874
121003020502,2002,2.208797762,2.864847882,0.656050118
121003020502,2003,1.415385052,1.828662959,0.413277825
121003020502,2004,2.145401383,2.746992536,0.601591566
121003020502,2005,2.667948792,3.464868603,0.796919732
121003020502,2006,2.538106033,3.326482463,0.788376266
121003020502,2007,1.03895586,1.311812795,0.272857093
121003020502,2008,2.997856429,3.913650604,0.91579426
121003020502,2009,2.658723942,3.498320951,0.83959709
121003020502,2010,2.778176882,3.589375962,0.811198745
121003020502,2011,3.472216926,4.532920016,1.06070351
121003020502,2012,3.225676637,4.156799866,0.931123145
121003020502,2013,4.709356496,6.014503852,1.305147353
121003020502,2014,3.352901285,4.39436603,1.04146466
121003020502,2015,3.09592237,3.974226479,0.87830411
121003020502,2016,1.766956959,2.312770713,0.545813926
121003020502,2017,3.53093617,4.521044715,0.990108879
121003020502,2018,3.509078405,4.545438178,1.036359773
121003020502,2019,3.295214271,4.268411923,0.973198066
121003020502,2020,3.455651459,4.56492927,1.109277893
121003020503,2000,2.654073074,3.596305005,0.94223185
121003020503,2001,1.951739493,2.528159838,0.576420512
121003020503,2002,2.187564488,2.819026567,0.631462077
121003020503,2003,1.352458679,1.758723973,0.406265208
121003020503,2004,2.416803995,3.130575066,0.713771071
121003020503,2005,3.257745723,4.264065008,1.006319362
121003020503,2006,3.155747003,4.103702126,0.947955293
121003020503,2007,1.637320211,2.154368679,0.517048468
121003020503,2008,3.91450297,5.17791374,1.263410855
121003020503,2009,3.271827178,4.125885778,0.85405826
121003020503,2010,2.81340589,3.606930584,0.79352486
121003020503,2011,4.278251082,5.443067589,1.164816507
121003020503,2012,2.607469246,3.313175617,0.705706372
121003020503,2013,3.643544129,4.695288811,1.051744592
121003020503,2014,2.984739677,3.891446805,0.906706964
121003020503,2015,3.209225345,4.284679838,1.075454663
121003020503,2016,2.444337954,3.237533568,0.79319579
121003020503,2017,2.788742192,3.61704566,0.828303471
121003020503,2018,4.332239318,5.791763805,1.459524488
121003020503,2019,3.50194486,4.751621403,1.249676375
121003020503,2020,4.490392781,5.963337251,1.472944219
121003020504,2000,1.269394765,1.706175669,0.436780989
121003020504,2001,1.75376177,2.228413849,0.474651997
121003020504,2002,1.004044151,1.292206038,0.288161973
121003020504,2003,1.152132797,1.463955307,0.311822507
121003020504,2004,1.441221527,1.822024831,0.380803137
121003020504,2005,2.028335142,2.567512912,0.539177677
121003020504,2006,1.860084822,2.403210419,0.543125512
121003020504,2007,0.711438586,0.912100701,0.200662027
121003020504,2008,1.466594101,1.947668421,0.481073986
121003020504,2009,0.957855553,1.265331178,0.307475537
121003020504,2010,0.786767605,1.074819233,0.288051542
121003020504,2011,0.790712159,1.062785071,0.272073088
121003020504,2012,0.532370443,0.733292806,0.200922366
121003020504,2013,0.990531488,1.371926975,0.381395822
121003020504,2014,0.686420036,0.954687082,0.268267211
121003020504,2015,0.472885679,0.640766389,0.167880707
121003020504,2016,0.63303974,0.85545924,0.222419333
121003020504,2017,0.559702345,0.783897027,0.224194515
121003020504,2018,1.207760715,1.578772055,0.371011504
121003020504,2019,0.913861266,1.263985068,0.350123885
121003020504,2020,0.982054855,1.354558585,0.372503645
121003020505,2000,0.974791437,1.17021782,0.195426385
121003020505,2001,3.243061997,3.893231732,0.650169734
121003020505,2002,2.281257756,2.738604581,0.457346995
121003020505,2003,2.85656694,3.429251753,0.572685063
121003020505,2004,2.026256538,2.432480751,0.406224216
121003020505,2005,3.246577134,3.897451512,0.650874208
121003020505,2006,2.531098,3.038532951,0.507435115
121003020505,2007,1.336706225,1.604689334,0.267983192
121003020505,2008,2.640710579,3.170120874,0.529410128
121003020505,2009,2.283657197,2.741485082,0.457827967
121003020505,2010,2.011969742,2.415329871,0.403360129
121003020505,2011,3.399529948,4.081068205,0.681538342
121003020505,2012,2.202176863,2.643669626,0.441492932
121003020505,2013,1.933804597,2.321494373,0.387689608
121003020505,2014,1.6695748,2.004291293,0.334716578
121003020505,2015,1.758449142,2.110983556,0.352534249
121003020505,2016,2.590481336,3.109821544,0.519340208
121003020505,2017,2.389192521,2.868178321,0.478985715
121003020505,2018,4.644746526,5.575926189,0.931179742
121003020505,2019,4.827746041,5.795613444,0.967867403
121003020505,2020,3.80656229,4.569702719,0.76314018
121003020506,2000,1.163871634,1.288894566,0.125022607
121003020506,2001,1.958711022,2.259182197,0.30047126
121003020506,2002,1.146999964,1.313860296,0.166860329
121003020506,2003,1.684586567,1.93186531,0.247278668
121003020506,2004,0.439593699,0.498405601,0.058811817
121003020506,2005,1.488956225,1.701664249,0.212708025
121003020506,2006,0.913075745,1.078011663,0.164935836
121003020506,2007,0.803475044,0.964555825,0.161080789
121003020506,2008,1.856885637,2.124582973,0.267697336
121003020506,2009,1.059956321,1.205866115,0.14590971
121003020506,2010,0.832180647,0.96652797,0.134347315
121003020506,2011,2.18722063,2.543279696,0.356059148
121003020506,2012,1.495180216,1.691380276,0.196200063
121003020506,2013,1.339816685,1.507105345,0.16728866
121003020506,2014,0.880809126,0.997518901,0.116709773
121003020506,2015,1.134168334,1.308152696,0.173984362
121003020506,2016,1.716966164,1.960007153,0.243041071
121003020506,2017,0.890057885,1.013733479,0.123675586
121003020506,2018,1.985231436,2.327352227,0.342120715
121003020506,2019,1.915678463,2.26976126,0.354082545
121003020506,2020,2.272810137,2.630567197,0.357757227
121003020507,2000,0.239846781,0.287931191,0.048084492
121003020507,2001,1.257378,1.491551644,0.234173567
121003020507,2002,0.64498346,0.771511214,0.126527921
121003020507,2003,1.15200069,1.379641647,0.227640951
121003020507,2004,0.374566984,0.449660074,0.075093169
121003020507,2005,1.005887918,1.206100592,0.200212759
121003020507,2006,0.0,0.0,0.0
121003020507,2007,0.522207274,0.626899759,0.104692318
121003020507,2008,0.519800292,0.60653473,0.086734268
121003020507,2009,0.998357975,1.198509005,0.200151036
121003020507,2010,0.532622137,0.639402427,0.106780375
121003020507,2011,0.39003406,0.468228058,0.078194074
121003020507,2012,0.349867877,0.420009437,0.070141811
121003020507,2013,0.21764583,0.261279586,0.043633674
121003020507,2014,0.265797934,0.319085214,0.053287121
121003020507,2015,0.572932548,0.687793951,0.114861564
121003020507,2016,1.082048648,1.298978003,0.216929273
121003020507,2017,0.395823025,0.475177748,0.079354726
121003020507,2018,0.705204052,0.846583427,0.141379542
121003020507,2019,0.656355641,0.787941915,0.131586279
121003020507,2020,0.074334869,0.089237601,0.01490273
121003020508,2000,0.0,0.0,0.0
121003020508,2001,0.317452063,0.381095005,0.063642701
121003020508,2002,0.139311332,0.167240471,0.02792931
121003020508,2003,0.1897018,0.227733247,0.038031444
121003020508,2004,0.017180822,0.020625333,0.003444429
121003020508,2005,0.448973644,0.538984011,0.090010364
121003020508,2006,0.427383055,0.513064649,0.085681929
121003020508,2007,0.33152671,0.39799114,0.066464518
121003020508,2008,0.598647251,0.718664158,0.120016904
121003020508,2009,0.104954575,0.125995942,0.021041452
121003020508,2010,0.366540707,0.440025005,0.073484129
121003020508,2011,0.326392216,0.3918274,0.065435099
121003020508,2012,0.0,0.0,0.0
121003020508,2013,0.429023556,0.515034192,0.086010636
121003020508,2014,1.045013655,1.254518238,0.209504422
121003020508,2015,0.544659605,0.653853203,0.109193597
121003020508,2016,0.523932822,0.62897068,0.105038112
121003020508,2017,0.568275638,0.68220346,0.113927984
121003020508,2018,0.15208703,0.182577452,0.030490425
121003020508,2019,0.366368658,0.439818148,0.073449575
121003020508,2020,0.339679549,0.407778568,0.068099098
121003020509,2000,0.184147202,0.221065213,0.036917926
121003020509,2001,0.887936408,1.065949997,0.178013584
121003020509,2002,0.76199897,0.914764625,0.15276574
121003020509,2003,0.670350748,0.804742866,0.134392285
121003020509,2004,0.072652399,0.08721774,0.014565339
121003020509,2005,0.416522688,0.500027211,0.083504608
121003020509,2006,0.279348559,0.335352496,0.056003855
121003020509,2007,0.425135474,0.510366534,0.085231145
121003020509,2008,1.119854251,1.34436273,0.224508648
121003020509,2009,0.296759005,0.35625337,0.059494271
121003020509,2010,0.139706214,0.167714575,0.028008274
121003020509,2011,0.271099688,0.325449874,0.054350016
121003020509,2012,0.002868462,0.003443568,0.000575025
121003020509,2013,0.358627644,0.430525395,0.071897674
121003020509,2014,0.506010529,0.607455397,0.101445038
121003020509,2015,0.278392562,0.334204674,0.055812115
121003020509,2016,0.299674768,0.359753514,0.060078746
121003020509,2017,0.145098581,0.174188003,0.029089425
121003020509,2018,0.027473192,0.032980795,0.00550794
121003020509,2019,0.202785162,0.243439441,0.04065437
121003020509,2020,0.039458899,0.047369604,0.007910705
121003030101,2000,1.268950503,1.39598541,0.127034658
121003030101,2001,0.947752844,1.046084825,0.098331981
121003030101,2002,0.33390509,0.368955937,0.035050847
121003030101,2003,0.249529622,0.274208449,0.024678734
121003030101,2004,1.469810276,1.640413191,0.170602997
121003030101,2005,1.708863874,1.909345151,0.200481364
121003030101,2006,0.391731778,0.429530447,0.037798753
121003030101,2007,0.217080548,0.240399447,0.023318734
121003030101,2008,1.010872249,1.113295243,0.102422997
121003030101,2009,0.547368466,0.60683863,0.059469997
121003030101,2010,1.500454101,1.678360353,0.177906252
121003030101,2011,0.467611912,0.51385909,0.04624726
121003030101,2012,0.465867781,0.513070497,0.047202383
121003030101,2013,3.133507063,3.489428682,0.355921701
121003030101,2014,1.866890685,2.092926605,0.226035997
121003030101,2015,0.176216701,0.193219874,0.017003258
121003030101,2016,0.601739358,0.660526161,0.058786885
121003030101,2017,1.794865395,2.007679159,0.212813929
121003030101,2018,1.351922027,1.495488767,0.143566907
121003030101,2019,2.541275584,2.829928145,0.288652726
121003030101,2020,2.025803306,2.258420661,0.232617268
121003030102,2000,0.0,0.0,0.0
121003030102,2001,0.0,0.0,0.0
121003030102,2002,0.0,0.0,0.0
121003030102,2003,0.0,0.0,0.0
121003030102,2004,0.0,0.0,0.0
121003030102,2005,0.0,0.0,0.0
121003030102,2006,0.0,0.0,0.0
121003030102,2007,0.0,0.0,0.0
121003030102,2008,0.0,0.0,0.0
121003030102,2009,0.0,0.0,0.0
121003030102,2010,0.0,0.0,0.0
121003030102,2011,0.0,0.0,0.0
121003030102,2012,0.0,0.0,0.0
121003030102,2013,0.0,0.0,0.0
121003030102,2014,0.0,0.0,0.0
121003030102,2015,0.0,0.0,0.0
121003030102,2016,0.0,0.0,0.0
121003030102,2017,0.0,0.0,0.0
121003030102,2018,0.0,0.0,0.0
121003030102,2019,0.0,0.0,0.0
121003030102,2020,0.0,0.0,0.0
121003030103,2000,0.127775959,0.140105224,0.012329347
121003030103,2001,0.187818792,0.205941595,0.01812289
121003030103,2002,0.103658186,0.113660178,0.010002077
121003030103,2003,0.178528052,0.195754299,0.017226414
121003030103,2004,0.156074863,0.171134658,0.01505988
121003030103,2005,0.257544792,0.282395499,0.024850874
121003030103,2006,0.115699773,0.126863718,0.01116403
121003030103,2007,0.026168066,0.028692997,0.002524849
121003030103,2008,0.204925003,0.224698169,0.019773587
121003030103,2009,0.080638014,0.088418852,0.007780921
121003030103,2010,0.114891112,0.125977008,0.011085978
121003030103,2011,0.251729148,0.276018893,0.02428966
121003030103,2012,0.151463713,0.166078516,0.014614975
121003030103,2013,0.332113858,0.364159879,0.032046189
121003030103,2014,0.148161359,0.162457652,0.014296378
121003030103,2015,0.124122447,0.136099159,0.01197663
121003030103,2016,0.030465817,0.033405552,0.00293974
121003030103,2017,0.182930315,0.200581175,0.017651112
121003030103,2018,0.220568825,0.241851948,0.021283041
121003030103,2019,0.317499685,0.348135868,0.030636099
121003030103,2020,0.214933112,0.235672331,0.020739221
121003030104,2000,0.719334199,0.788743533,0.069409497
121003030104,2001,1.010146411,1.107616636,0.097470299
121003030104,2002,0.39192829,0.429745932,0.037817726
121003030104,2003,0.417247184,0.457507937,0.040260668
121003030104,2004,0.736491224,0.80755623,0.071065085
121003030104,2005,0.710538074,0.779098816,0.068560666
121003030104,2006,0.543903627,0.596385597,0.05248214
121003030104,2007,0.101925951,0.111760833,0.009834967
121003030104,2008,0.953858549,1.045897464,0.092038833
121003030104,2009,0.878434263,0.963195455,0.084761359
121003030104,2010,0.648474137,0.711046266,0.062572129
121003030104,2011,1.767840858,1.938421742,0.170581055
121003030104,2012,0.410541989,0.45015585,0.039613609
121003030104,2013,1.113058326,1.220458545,0.107400384
121003030104,2014,0.913084477,1.001189055,0.088104827
121003030104,2015,0.334677419,0.366970775,0.032293438
121003030104,2016,0.546960358,0.599737514,0.052776902
121003030104,2017,0.637291953,0.698785093,0.061492981
121003030104,2018,0.5908766,0.647890967,0.057014449
121003030104,2019,0.652412014,0.715364005,0.062951833
121003030104,2020,0.662477112,0.726400478,0.063923205
121003030105,2000,0.838068057,0.918934355,0.080866219
121003030105,2001,0.614644488,0.673952164,0.059307674
121003030105,2002,0.678040644,0.743465775,0.065424962
121003030105,2003,0.7560964,0.829053277,0.072956627
121003030105,2004,0.415197399,0.455260254,0.04006277
121003030105,2005,1.015447425,1.113429195,0.097981852
121003030105,2006,0.787938351,0.863967537,0.076029178
121003030105,2007,0.583065636,0.639326403,0.056260764
121003030105,2008,1.026961984,1.126054577,0.099092929
121003030105,2009,0.783167759,0.858736458,0.075568784
121003030105,2010,0.824275132,0.903810455,0.079535405
121003030105,2011,1.119486167,1.227506841,0.108020589
121003030105,2012,1.296593683,1.421703418,0.12510982
121003030105,2013,1.073266622,1.176827236,0.103560781
121003030105,2014,0.588791077,0.645604386,0.056813145
121003030105,2015,0.747512584,0.819640978,0.072128482
121003030105,2016,0.648071945,0.710605205,0.062533426
121003030105,2017,0.808988797,0.887049129,0.078060255
121003030105,2018,1.067833641,1.170870268,0.103036712
121003030105,2019,1.03037706,1.129799282,0.099422307
121003030105,2020,0.788836005,0.864951852,0.076115847
121003030106,2000,0.48805565,0.53514877,0.047093123
121003030106,2001,1.14300511,1.253295164,0.110290063
121003030106,2002,0.869563436,0.953468753,0.083905236
121003030106,2003,0.944114222,1.035212836,0.091098866
121003030106,2004,0.673371063,0.738345689,0.064974541
121003030106,2005,1.847080247,2.025307184,0.178227107
121003030106,2006,1.118450896,1.226371468,0.107920737
121003030106,2007,0.533472833,0.584948219,0.051475553
121003030106,2008,1.48373238,1.626899757,0.143167126
121003030106,2009,1.168202447,1.280923841,0.112721479
121003030106,2010,0.967033367,1.060343564,0.093310121
121003030106,2011,2.506781079,2.748663419,0.241882427
121003030106,2012,1.844005637,2.021936109,0.177930306
121003030106,2013,1.745203162,1.913600016,0.168396937
121003030106,2014,1.732512603,1.899684871,0.167172184
121003030106,2015,0.413235252,0.453108962,0.039873542
121003030106,2016,1.520207358,1.666894057,0.146686699
121003030106,2017,1.697215981,1.860982395,0.163766499
121003030106,2018,1.878155282,2.059380781,0.181225411
121003030106,2019,1.543719258,1.692674427,0.148955507
121003030106,2020,1.608166219,1.763340361,0.155173891
121003030201,2000,0.0,0.0,0.0
121003030201,2001,0.0,0.0,0.0
121003030201,2002,0.0,0.0,0.0
121003030201,2003,0.0,0.0,0.0
121003030201,2004,0.0,0.0,0.0
121003030201,2005,0.0,0.0,0.0
121003030201,2006,0.0,0.0,0.0
121003030201,2007,0.0,0.0,0.0
121003030201,2008,0.0,0.0,0.0
121003030201,2009,0.0,0.0,0.0
121003030201,2010,0.0,0.0,0.0
121003030201,2011,0.0,0.0,0.0
121003030201,2012,0.0,0.0,0.0
121003030201,2013,0.0,0.0,0.0
121003030201,2014,0.0,0.0,0.0
121003030201,2015,0.0,0.0,0.0
121003030201,2016,0.0,0.0,0.0
121003030201,2017,0.0,0.0,0.0
121003030201,2018,0.0,0.0,0.0
121003030201,2019,0.0,0.0,0.0
121003030201,2020,0.0,0.0,0.0
121003030202,2000,2.611229164,2.878973708,0.267744549
121003030202,2001,3.271897775,3.587607364,0.315709507
121003030202,2002,1.131544099,1.246193915,0.114649819
121003030202,2003,2.348805578,2.609784022,0.260978359
121003030202,2004,1.305222893,1.453477511,0.148254615
121003030202,2005,2.874874584,3.159202726,0.284328468
121003030202,2006,2.603344348,2.882994773,0.279650422
121003030202,2007,1.043280222,1.15791369,0.114633471
121003030202,2008,2.469624538,2.707921648,0.238297112
121003030202,2009,2.890417893,3.169318005,0.278899863
121003030202,2010,2.664134011,2.953585419,0.289451408
121003030202,2011,4.355026959,4.775248762,0.420221962
121003030202,2012,2.022093975,2.219642191,0.197548134
121003030202,2013,2.7115992,3.012888033,0.30128874
121003030202,2014,3.184685742,3.495813005,0.311127345
121003030202,2015,1.707281512,1.903323803,0.196042381
121003030202,2016,1.739277437,1.934680137,0.195402699
121003030202,2017,2.946765348,3.231102411,0.28433697
121003030202,2018,3.685963373,4.086433816,0.400470616
121003030202,2019,3.228332548,3.563280874,0.334948411
121003030202,2020,3.455423874,3.865127484,0.409703522
121003030203,2000,0.138061161,0.151382836,0.013321672
121003030203,2001,0.471700447,0.517215564,0.045514953
121003030203,2002,0.529649463,0.580755808,0.051106342
121003030203,2003,0.638399189,0.699998992,0.061599718
121003030203,2004,0.584976809,0.641421858,0.056445128
121003030203,2005,0.309509827,0.339374805,0.029864896
121003030203,2006,0.72248374,0.792197205,0.069713384
121003030203,2007,0.320668655,0.35161031,0.030941825
121003030203,2008,0.208752464,0.228895404,0.020142773
121003030203,2009,0.040531255,0.044442077,0.003910907
121003030203,2010,0.116179992,0.127390211,0.011210471
121003030203,2011,0.264342712,0.289849586,0.025506871
121003030203,2012,0.758520475,0.831711085,0.073190609
121003030203,2013,0.386982107,0.424322485,0.037340463
121003030203,2014,0.0,0.0,0.0
121003030203,2015,0.297265022,0.325948482,0.028683384
121003030203,2016,0.51777912,0.567740311,0.049961109
121003030203,2017,0.032169455,0.035273266,0.003104052
121003030203,2018,0.593065263,0.650290652,0.057225471
121003030203,2019,0.42419369,0.465124647,0.040931036
121003030203,2020,0.383097533,0.420063019,0.036965566
121003030204,2000,0.316963423,0.347547803,0.030584131
121003030204,2001,0.384605356,0.421716419,0.03711106
121003030204,2002,0.423351942,0.469869077,0.046516967
121003030204,2003,0.638814762,0.701994258,0.063179504
121003030204,2004,0.256608068,0.286713044,0.030104891
121003030204,2005,0.424649896,0.465625003,0.04097494
121003030204,2006,0.396569764,0.43483523,0.038265458
121003030204,2007,0.300193022,0.329159186,0.028965915
121003030204,2008,0.276709536,0.303409508,0.026700057
121003030204,2009,0.36857329,0.40413711,0.035564063
121003030204,2010,0.267667759,0.293495499,0.025827488
121003030204,2011,0.392512118,0.43038606,0.037873951
121003030204,2012,0.464660227,0.521504137,0.056843995
121003030204,2013,0.583030129,0.63928731,0.056257184
121003030204,2014,0.126543671,0.144786858,0.018243101
121003030204,2015,0.376386948,0.421485803,0.045098942
121003030204,2016,0.286263448,0.313885492,0.027621962
121003030204,2017,0.035100342,0.038487329,0.003386819
121003030204,2018,0.647516282,0.709996008,0.062479564
121003030204,2019,0.755919737,0.828859321,0.072939589
121003030204,2020,0.670331604,0.735012664,0.064681063
121003030205,2000,0.0,0.0,0.0
121003030205,2001,2.9107e-05,5.5063e-05,2.5956e-05
121003030205,2002,0.011463871,0.0191384,0.007674444
121003030205,2003,0.020020805,0.037918438,0.017897474
121003030205,2004,0.0,0.0,0.0
121003030205,2005,0.128812438,0.238983814,0.110171625
121003030205,2006,2.0079e-05,3.8066e-05,1.7901e-05
121003030205,2007,0.079335351,0.142689474,0.063354038
121003030205,2008,0.142010478,0.268959519,0.126948959
121003030205,2009,0.0,0.0,0.0
121003030205,2010,0.002680978,0.004839515,0.002158367
121003030205,2011,0.002318268,0.004390885,0.00207237
121003030205,2012,0.0,0.0,0.0
121003030205,2013,0.0,0.0,0.0
121003030205,2014,0.022098877,0.039044107,0.016945222
121003030205,2015,0.001546082,0.002594337,0.001048093
121003030205,2016,0.002886093,0.005466142,0.002579962
121003030205,2017,0.097590534,0.1848308,0.087240107
121003030205,2018,0.00092297,0.001462688,0.000539879
121003030205,2019,0.254366222,0.469310101,0.214944038
121003030205,2020,0.019696861,0.035618609,0.015921497
121003030206,2000,0.197129743,0.373351833,0.17622209
121003030206,2001,0.468181129,0.886706474,0.41852543
121003030206,2002,0.11620229,0.220079959,0.103877753
121003030206,2003,0.104878121,0.198632671,0.093754633
121003030206,2004,0.23620768,0.447363137,0.211155372
121003030206,2005,0.511429115,0.968615822,0.457186633
121003030206,2006,0.064307816,0.121795027,0.057487381
121003030206,2007,0.115145841,0.2180792,0.102933444
121003030206,2008,0.480447128,0.909937932,0.429490721
121003030206,2009,0.10647169,0.201650622,0.095179088
121003030206,2010,0.099998668,0.189391696,0.089392942
121003030206,2011,0.217756263,0.412417151,0.194660805
121003030206,2012,0.094109792,0.17823806,0.084128352
121003030206,2013,0.111164816,0.210539329,0.099374677
121003030206,2014,0.0,0.0,0.0
121003030206,2015,0.0,0.0,0.0
121003030206,2016,0.261024355,0.49436409,0.23333982
121003030206,2017,0.0,0.0,0.0
121003030206,2018,0.624397866,1.182571611,0.558173918
121003030206,2019,0.365007573,0.691301934,0.326294532
121003030206,2020,0.543313191,1.029002377,0.485689104
121003030301,2000,2.596e-06,2.847e-06,1.67e-07
121003030301,2001,0.0,0.0,0.0
121003030301,2002,0.031199759,0.034210351,0.00301051
121003030301,2003,0.0,0.0,0.0
121003030301,2004,0.0,0.0,0.0
121003030301,2005,0.0,0.0,0.0
121003030301,2006,0.0,0.0,0.0
121003030301,2007,0.0,0.0,0.0
121003030301,2008,0.0,0.0,0.0
121003030301,2009,0.0,0.0,0.0
121003030301,2010,0.0,0.0,0.0
121003030301,2011,0.0,0.0,0.0
121003030301,2012,0.0,0.0,0.0
121003030301,2013,0.0,0.0,0.0
121003030301,2014,0.0,0.0,0.0
121003030301,2015,0.0,0.0,0.0
121003030301,2016,0.0,0.0,0.0
121003030301,2017,0.0,0.0,0.0
121003030301,2018,0.0,0.0,0.0
121003030301,2019,0.0,0.0,0.0
121003030301,2020,0.021072456,0.023105768,0.002033314
121003030302,2000,0.423955801,0.464863921,0.040908036
121003030302,2001,0.465041422,0.509913674,0.044872504
121003030302,2002,0.331015929,0.362956038,0.03194011
121003030302,2003,0.759527707,0.83281543,0.073287641
121003030302,2004,0.318285038,0.348996913,0.030711702
121003030302,2005,0.719024964,0.78840477,0.069379479
121003030302,2006,0.943742852,1.034805781,0.091062767
121003030302,2007,0.385967323,0.423209737,0.037242411
121003030302,2008,0.651357434,0.714207833,0.062850399
121003030302,2009,0.262481575,0.28780866,0.025327162
121003030302,2010,0.665321323,0.729519162,0.064197584
121003030302,2011,0.393486244,0.431454222,0.037967978
121003030302,2012,0.706323874,0.774477899,0.068154107
121003030302,2013,1.308628723,1.43489969,0.126271142
121003030302,2014,0.783113036,0.858676362,0.075563567
121003030302,2015,0.234805803,0.257462496,0.022656611
121003030302,2016,0.316823913,0.347394402,0.030570661
121003030302,2017,0.692277362,0.759075904,0.06679863
121003030302,2018,1.050750699,1.15213906,0.101388274
121003030302,2019,0.621949121,0.681961649,0.060012611
121003030302,2020,1.168448913,1.281193746,0.112745
