huc12_id,year,irrwdgw_mgd,irrwdtot_mgd,irrwdsw_mgd
121102040302,2000,0.0,0.0,0.0
121102040302,2001,0.0,0.0,0.0
121102040302,2002,0.0,0.0,0.0
121102040302,2003,0.0,0.0,0.0
121102040302,2004,0.0,0.0,0.0
121102040302,2005,0.0,0.0,0.0
121102040302,2006,0.0,0.0,0.0
121102040302,2007,0.0,0.0,0.0
121102040302,2008,0.0,0.0,0.0
121102040302,2009,0.0,0.0,0.0
121102040302,2010,0.0,0.0,0.0
121102040302,2011,0.0,0.0,0.0
121102040302,2012,0.0,0.0,0.0
121102040302,2013,0.0,0.0,0.0
121102040302,2014,0.0,0.0,0.0
121102040302,2015,0.0,0.0,0.0
121102040302,2016,0.0,0.0,0.0
121102040302,2017,0.0,0.0,0.0
121102040302,2018,0.0,0.0,0.0
121102040302,2019,0.0,0.0,0.0
121102040302,2020,0.0,0.0,0.0
121102040303,2000,0.0,0.0,0.0
121102040303,2001,0.0,0.0,0.0
121102040303,2002,0.0,0.0,0.0
121102040303,2003,0.0,0.0,0.0
121102040303,2004,0.0,0.0,0.0
121102040303,2005,0.0,0.0,0.0
121102040303,2006,0.0,0.0,0.0
121102040303,2007,0.0,0.0,0.0
121102040303,2008,0.0,0.0,0.0
121102040303,2009,0.0,0.0,0.0
121102040303,2010,0.0,0.0,0.0
121102040303,2011,0.0,0.0,0.0
121102040303,2012,0.0,0.0,0.0
121102040303,2013,0.0,0.0,0.0
121102040303,2014,0.0,0.0,0.0
121102040303,2015,0.0,0.0,0.0
121102040303,2016,0.0,0.0,0.0
121102040303,2017,0.0,0.0,0.0
121102040303,2018,0.0,0.0,0.0
121102040303,2019,0.0,0.0,0.0
121102040303,2020,0.0,0.0,0.0
121102040304,2000,0.0,0.0,0.0
121102040304,2001,0.0,0.0,0.0
121102040304,2002,0.0,0.0,0.0
121102040304,2003,0.0,0.0,0.0
121102040304,2004,0.0,0.0,0.0
121102040304,2005,0.0,0.0,0.0
121102040304,2006,0.0,0.0,0.0
121102040304,2007,0.0,0.0,0.0
121102040304,2008,0.0,0.0,0.0
121102040304,2009,0.0,0.0,0.0
121102040304,2010,0.0,0.0,0.0
121102040304,2011,0.0,0.0,0.0
121102040304,2012,0.0,0.0,0.0
121102040304,2013,0.0,0.0,0.0
121102040304,2014,0.0,0.0,0.0
121102040304,2015,0.0,0.0,0.0
121102040304,2016,0.0,0.0,0.0
121102040304,2017,0.0,0.0,0.0
121102040304,2018,0.0,0.0,0.0
121102040304,2019,0.0,0.0,0.0
121102040304,2020,0.0,0.0,0.0
121102040305,2000,0.0,0.0,0.0
121102040305,2001,0.0,0.0,0.0
121102040305,2002,0.0,0.0,0.0
121102040305,2003,0.0,0.0,0.0
121102040305,2004,0.0,0.0,0.0
121102040305,2005,0.0,0.0,0.0
121102040305,2006,0.0,0.0,0.0
121102040305,2007,0.0,0.0,0.0
121102040305,2008,0.0,0.0,0.0
121102040305,2009,0.0,0.0,0.0
121102040305,2010,0.0,0.0,0.0
121102040305,2011,0.0,0.0,0.0
121102040305,2012,0.0,0.0,0.0
121102040305,2013,0.0,0.0,0.0
121102040305,2014,0.0,0.0,0.0
121102040305,2015,0.0,0.0,0.0
121102040305,2016,0.0,0.0,0.0
121102040305,2017,0.0,0.0,0.0
121102040305,2018,0.0,0.0,0.0
121102040305,2019,0.0,0.0,0.0
121102040305,2020,0.0,0.0,0.0
121102040306,2000,0.0,0.0,0.0
121102040306,2001,0.0,0.0,0.0
121102040306,2002,0.0,0.0,0.0
121102040306,2003,0.0,0.0,0.0
121102040306,2004,0.0,0.0,0.0
121102040306,2005,0.0,0.0,0.0
121102040306,2006,0.0,0.0,0.0
121102040306,2007,0.0,0.0,0.0
121102040306,2008,0.0,0.0,0.0
121102040306,2009,0.0,0.0,0.0
121102040306,2010,0.0,0.0,0.0
121102040306,2011,0.0,0.0,0.0
121102040306,2012,0.0,0.0,0.0
121102040306,2013,0.0,0.0,0.0
121102040306,2014,0.0,0.0,0.0
121102040306,2015,0.0,0.0,0.0
121102040306,2016,0.0,0.0,0.0
121102040306,2017,0.0,0.0,0.0
121102040306,2018,0.0,0.0,0.0
121102040306,2019,0.0,0.0,0.0
121102040306,2020,0.0,0.0,0.0
121102040307,2000,0.0,0.0,0.0
121102040307,2001,0.0,0.0,0.0
121102040307,2002,0.0,0.0,0.0
121102040307,2003,0.0,0.0,0.0
121102040307,2004,0.0,0.0,0.0
121102040307,2005,0.0,0.0,0.0
121102040307,2006,0.0,0.0,0.0
121102040307,2007,0.0,0.0,0.0
121102040307,2008,0.0,0.0,0.0
121102040307,2009,0.0,0.0,0.0
121102040307,2010,0.0,0.0,0.0
121102040307,2011,0.0,0.0,0.0
121102040307,2012,0.0,0.0,0.0
121102040307,2013,0.0,0.0,0.0
121102040307,2014,0.0,0.0,0.0
121102040307,2015,0.0,0.0,0.0
121102040307,2016,0.0,0.0,0.0
121102040307,2017,0.0,0.0,0.0
121102040307,2018,0.0,0.0,0.0
121102040307,2019,0.0,0.0,0.0
121102040307,2020,0.0,0.0,0.0
121102040308,2000,0.0,0.0,0.0
121102040308,2001,0.0,0.0,0.0
121102040308,2002,0.0,0.0,0.0
121102040308,2003,0.0,0.0,0.0
121102040308,2004,0.0,0.0,0.0
121102040308,2005,0.0,0.0,0.0
121102040308,2006,0.0,0.0,0.0
121102040308,2007,0.0,0.0,0.0
121102040308,2008,0.0,0.0,0.0
121102040308,2009,0.0,0.0,0.0
121102040308,2010,0.0,0.0,0.0
121102040308,2011,0.0,0.0,0.0
121102040308,2012,0.0,0.0,0.0
121102040308,2013,0.0,0.0,0.0
121102040308,2014,0.0,0.0,0.0
121102040308,2015,0.0,0.0,0.0
121102040308,2016,0.0,0.0,0.0
121102040308,2017,0.0,0.0,0.0
121102040308,2018,0.0,0.0,0.0
121102040308,2019,0.0,0.0,0.0
121102040308,2020,0.0,0.0,0.0
121102040309,2000,0.0,0.0,0.0
121102040309,2001,0.0,0.0,0.0
121102040309,2002,0.0,0.0,0.0
121102040309,2003,0.0,0.0,0.0
121102040309,2004,0.0,0.0,0.0
121102040309,2005,0.0,0.0,0.0
121102040309,2006,0.0,0.0,0.0
121102040309,2007,0.0,0.0,0.0
121102040309,2008,0.0,0.0,0.0
121102040309,2009,0.0,0.0,0.0
121102040309,2010,0.0,0.0,0.0
121102040309,2011,0.0,0.0,0.0
121102040309,2012,0.0,0.0,0.0
121102040309,2013,0.0,0.0,0.0
121102040309,2014,0.0,0.0,0.0
121102040309,2015,0.0,0.0,0.0
121102040309,2016,0.0,0.0,0.0
121102040309,2017,0.0,0.0,0.0
121102040309,2018,0.0,0.0,0.0
121102040309,2019,0.0,0.0,0.0
121102040309,2020,0.0,0.0,0.0
121102040310,2000,0.0,0.0,0.0
121102040310,2001,0.0,0.0,0.0
121102040310,2002,0.0,0.0,0.0
121102040310,2003,0.0,0.0,0.0
121102040310,2004,0.0,0.0,0.0
121102040310,2005,0.0,0.0,0.0
121102040310,2006,0.0,0.0,0.0
121102040310,2007,0.0,0.0,0.0
121102040310,2008,0.0,0.0,0.0
121102040310,2009,0.0,0.0,0.0
121102040310,2010,0.0,0.0,0.0
121102040310,2011,0.0,0.0,0.0
121102040310,2012,0.0,0.0,0.0
121102040310,2013,0.0,0.0,0.0
121102040310,2014,0.0,0.0,0.0
121102040310,2015,0.0,0.0,0.0
121102040310,2016,0.0,0.0,0.0
121102040310,2017,0.0,0.0,0.0
121102040310,2018,0.0,0.0,0.0
121102040310,2019,0.0,0.0,0.0
121102040310,2020,0.0,0.0,0.0
121102040401,2000,0.0,0.0,0.0
121102040401,2001,0.0,0.0,0.0
121102040401,2002,0.0,0.0,0.0
121102040401,2003,0.0,0.0,0.0
121102040401,2004,0.0,0.0,0.0
121102040401,2005,0.0,0.0,0.0
121102040401,2006,0.0,0.0,0.0
121102040401,2007,0.0,0.0,0.0
121102040401,2008,0.0,0.0,0.0
121102040401,2009,0.0,0.0,0.0
121102040401,2010,0.0,0.0,0.0
121102040401,2011,0.0,0.0,0.0
121102040401,2012,0.0,0.0,0.0
121102040401,2013,0.0,0.0,0.0
121102040401,2014,0.0,0.0,0.0
121102040401,2015,0.0,0.0,0.0
121102040401,2016,0.0,0.0,0.0
121102040401,2017,0.0,0.0,0.0
121102040401,2018,0.0,0.0,0.0
121102040401,2019,0.0,0.0,0.0
121102040401,2020,0.0,0.0,0.0
121102040402,2000,0.0,0.0,0.0
121102040402,2001,0.0,0.0,0.0
121102040402,2002,0.0,0.0,0.0
121102040402,2003,0.0,0.0,0.0
121102040402,2004,0.0,0.0,0.0
121102040402,2005,0.0,0.0,0.0
121102040402,2006,0.0,0.0,0.0
121102040402,2007,0.0,0.0,0.0
121102040402,2008,0.0,0.0,0.0
121102040402,2009,0.0,0.0,0.0
121102040402,2010,0.0,0.0,0.0
121102040402,2011,0.0,0.0,0.0
121102040402,2012,0.0,0.0,0.0
121102040402,2013,0.0,0.0,0.0
121102040402,2014,0.0,0.0,0.0
121102040402,2015,0.0,0.0,0.0
121102040402,2016,0.0,0.0,0.0
121102040402,2017,0.0,0.0,0.0
121102040402,2018,0.0,0.0,0.0
121102040402,2019,0.0,0.0,0.0
121102040402,2020,0.0,0.0,0.0
121102040403,2000,0.0,0.0,0.0
121102040403,2001,0.0,0.0,0.0
121102040403,2002,0.0,0.0,0.0
121102040403,2003,0.0,0.0,0.0
121102040403,2004,0.0,0.0,0.0
121102040403,2005,0.0,0.0,0.0
121102040403,2006,0.0,0.0,0.0
121102040403,2007,0.0,0.0,0.0
121102040403,2008,0.0,0.0,0.0
121102040403,2009,0.0,0.0,0.0
121102040403,2010,0.0,0.0,0.0
121102040403,2011,0.0,0.0,0.0
121102040403,2012,0.0,0.0,0.0
121102040403,2013,0.0,0.0,0.0
121102040403,2014,0.0,0.0,0.0
121102040403,2015,0.0,0.0,0.0
121102040403,2016,0.0,0.0,0.0
121102040403,2017,0.0,0.0,0.0
121102040403,2018,0.306296567,0.355745011,0.049448532
121102040403,2019,0.0,0.0,0.0
121102040403,2020,0.0,0.0,0.0
121102040404,2000,0.0,0.0,0.0
121102040404,2001,0.0,0.0,0.0
121102040404,2002,0.075172901,0.087308838,0.012135937
121102040404,2003,0.0,0.0,0.0
121102040404,2004,0.00028429,0.000330295,4.5921e-05
121102040404,2005,0.115564419,0.134221211,0.018656795
121102040404,2006,0.0,0.0,0.0
121102040404,2007,0.0,0.0,0.0
121102040404,2008,0.006115563,0.007102888,0.000987158
121102040404,2009,0.0,0.0,0.0
121102040404,2010,0.056338778,0.065434079,0.009095468
121102040404,2011,0.0,0.0,0.0
121102040404,2012,0.0,0.0,0.0
121102040404,2013,0.0,0.0,0.0
121102040404,2014,0.0,0.0,0.0
121102040404,2015,0.0,0.0,0.0
121102040404,2016,0.0,0.0,0.0
121102040404,2017,0.0,0.0,0.0
121102040404,2018,0.03218637,0.037382638,0.005196353
121102040404,2019,0.035503192,0.041234888,0.005731611
121102040404,2020,0.000980637,0.001138705,0.000158153
121102040405,2000,0.073290268,0.085122301,0.011831866
121102040405,2001,0.625866956,0.72690717,0.101040038
121102040405,2002,0.242054699,0.281132077,0.039077378
121102040405,2003,1.144391058,1.329141499,0.184750603
121102040405,2004,0.642307055,0.746001445,0.103694306
121102040405,2005,1.129947241,1.312366088,0.182419014
121102040405,2006,0.134176849,0.155838222,0.021661375
121102040405,2007,0.411136641,0.477510745,0.066373937
121102040405,2008,1.000686784,1.162237672,0.161551057
121102040405,2009,0.879149597,1.021079748,0.141930066
121102040405,2010,0.354491433,0.411720781,0.057229178
121102040405,2011,0.47479043,0.551440805,0.076650375
121102040405,2012,0.587865858,0.682771038,0.094905265
121102040405,2013,0.0,0.0,0.0
121102040405,2014,0.481725992,0.559495805,0.077769896
121102040405,2015,0.135113137,0.156925792,0.021812819
121102040405,2016,0.387505962,0.450064921,0.062559044
121102040405,2017,0.267381321,0.310547545,0.04316614
121102040405,2018,0.447967268,0.52028706,0.072319962
121102040405,2019,0.925231885,1.074601337,0.149369696
121102040405,2020,0.726928492,0.844284232,0.117355413
121102040406,2000,0.0,0.0,0.0
121102040406,2001,0.005109425,0.005934299,0.000824874
121102040406,2002,0.065336301,0.075884241,0.010547858
121102040406,2003,0.09130557,0.106045984,0.014740414
121102040406,2004,0.064971361,0.075460484,0.010488956
121102040406,2005,0.165506932,0.192226455,0.026719447
121102040406,2006,0.125159896,0.145365581,0.020205762
121102040406,2007,0.088288836,0.1025422,0.014253364
121102040406,2008,0.052903842,0.061444459,0.008540697
121102040406,2009,0.194464512,0.225858921,0.031394397
121102040406,2010,0.092092186,0.10695957,0.014867553
121102040406,2011,0.0,0.0,0.0
121102040406,2012,0.0,0.0,0.0
121102040406,2013,0.0,0.0,0.0
121102040406,2014,0.0,0.0,0.0
121102040406,2015,0.0,0.0,0.0
121102040406,2016,0.0,0.0,0.0
121102040406,2017,0.0,0.0,0.0
121102040406,2018,0.0,0.0,0.0
121102040406,2019,0.571335271,0.645576589,0.074241318
121102040406,2020,0.238308322,0.238308322,0.0
121102040407,2000,0.0,0.0,0.0
121102040407,2001,0.041900468,0.041900468,0.0
121102040407,2002,0.158686855,0.158686855,0.0
121102040407,2003,0.149314847,0.149314847,0.0
121102040407,2004,0.020731055,0.020731055,0.0
121102040407,2005,0.047697893,0.047697893,0.0
121102040407,2006,0.265000058,0.265000058,0.0
121102040407,2007,0.0,0.0,0.0
121102040407,2008,0.022712937,0.023733434,0.001020497
121102040407,2009,0.740356721,0.787613652,0.047256764
121102040407,2010,0.06915529,0.085800658,0.016645282
121102040407,2011,0.0,0.0,0.0
121102040407,2012,0.0,0.0,0.0
121102040407,2013,0.0,0.0,0.0
121102040407,2014,0.0,0.0,0.0
121102040407,2015,0.0,0.0,0.0
121102040407,2016,0.092354036,0.107890128,0.01553626
121102040407,2017,0.0,0.0,0.0
121102040407,2018,0.0,0.0,0.0
121102040407,2019,1.359310132,1.513708581,0.154398115
121102040407,2020,0.949448355,1.054942732,0.105494123
121102040408,2000,0.0,0.0,0.0
121102040408,2001,0.0,0.0,0.0
121102040408,2002,0.0,0.0,0.0
121102040408,2003,0.0,0.0,0.0
121102040408,2004,0.0,0.0,0.0
121102040408,2005,0.0,0.0,0.0
121102040408,2006,0.0,0.0,0.0
121102040408,2007,0.0,0.0,0.0
121102040408,2008,0.0,0.0,0.0
121102040408,2009,0.087021852,0.10796754,0.020945677
121102040408,2010,0.088578271,0.108551789,0.019973518
121102040408,2011,0.0,0.0,0.0
121102040408,2012,0.0,0.0,0.0
121102040408,2013,0.0,0.0,0.0
121102040408,2014,0.0,0.0,0.0
121102040408,2015,0.0,0.0,0.0
121102040408,2016,0.0,0.0,0.0
121102040408,2017,0.0,0.0,0.0
121102040408,2018,0.0,0.0,0.0
121102040408,2019,1.65852557,1.834652005,0.176126767
121102040408,2020,0.038294738,0.047512087,0.009217268
121102040409,2000,0.0,0.0,0.0
121102040409,2001,0.0,0.0,0.0
121102040409,2002,0.001942011,0.002255518,0.000313589
121102040409,2003,0.0,0.0,0.0
121102040409,2004,0.0,0.0,0.0
121102040409,2005,0.0,0.0,0.0
121102040409,2006,0.0,0.0,0.0
121102040409,2007,0.0,0.0,0.0
121102040409,2008,0.0,0.0,0.0
121102040409,2009,0.0,0.0,0.0
121102040409,2010,0.007723266,0.008970121,0.001246852
121102040409,2011,0.0,0.0,0.0
121102040409,2012,0.0,0.0,0.0
121102040409,2013,0.0,0.0,0.0
121102040409,2014,0.0,0.0,0.0
121102040409,2015,0.0,0.0,0.0
121102040409,2016,0.0,0.0,0.0
121102040409,2017,0.0,0.0,0.0
121102040409,2018,0.0,0.0,0.0
121102040409,2019,0.0,0.0,0.0
121102040409,2020,0.0,0.0,0.0
121102040410,2000,0.0,0.0,0.0
121102040410,2001,0.0,0.0,0.0
121102040410,2002,0.0,0.0,0.0
121102040410,2003,0.0,0.0,0.0
121102040410,2004,0.0,0.0,0.0
121102040410,2005,0.0,0.0,0.0
121102040410,2006,0.0,0.0,0.0
121102040410,2007,0.0,0.0,0.0
121102040410,2008,0.0,0.0,0.0
121102040410,2009,0.005766512,0.005766512,0.0
121102040410,2010,0.066338942,0.066338942,0.0
121102040410,2011,0.0,0.0,0.0
121102040410,2012,0.0,0.0,0.0
121102040410,2013,0.0,0.0,0.0
121102040410,2014,0.0,0.0,0.0
121102040410,2015,0.0,0.0,0.0
121102040410,2016,0.0,0.0,0.0
121102040410,2017,0.0,0.0,0.0
121102040410,2018,0.173556153,0.173556153,0.0
121102040410,2019,0.499698929,0.499698929,0.0
121102040410,2020,0.0,0.0,0.0
121102050101,2000,0.0,0.0,0.0
121102050101,2001,0.0,0.0,0.0
121102050101,2002,0.0,0.0,0.0
121102050101,2003,0.0,0.0,0.0
121102050101,2004,0.0,0.0,0.0
121102050101,2005,0.0,0.0,0.0
121102050101,2006,0.067533534,0.067533534,0.0
121102050101,2007,0.0,0.0,0.0
121102050101,2008,0.0,0.0,0.0
121102050101,2009,0.0,0.0,0.0
121102050101,2010,0.0,0.0,0.0
121102050101,2011,0.0,0.0,0.0
121102050101,2012,0.0,0.0,0.0
121102050101,2013,0.0,0.0,0.0
121102050101,2014,0.0,0.0,0.0
121102050101,2015,0.0,0.0,0.0
121102050101,2016,0.0,0.0,0.0
121102050101,2017,0.0,0.0,0.0
121102050101,2018,0.382855279,0.382855279,0.0
121102050101,2019,0.0,0.0,0.0
121102050101,2020,0.064952579,0.064952579,0.0
121102050102,2000,0.113963199,0.114651388,0.000687852
121102050102,2001,0.203466652,0.203670488,0.000203671
121102050102,2002,0.002053384,0.002053384,0.0
121102050102,2003,0.0,0.0,0.0
121102050102,2004,0.005848238,0.005854268,5.779e-06
121102050102,2005,0.00258809,0.00258809,0.0
121102050102,2006,0.247234825,0.248227921,0.000993011
121102050102,2007,0.004703581,0.004703581,0.0
121102050102,2008,0.0,0.0,0.0
121102050102,2009,0.000189384,0.000189384,0.0
121102050102,2010,0.000450658,0.000450658,0.0
121102050102,2011,0.000554838,0.000554838,0.0
121102050102,2012,0.0,0.0,0.0
121102050102,2013,0.006660992,0.006660992,0.0
121102050102,2014,0.0,0.0,0.0
121102050102,2015,0.0,0.0,0.0
121102050102,2016,0.006070197,0.006070197,0.0
121102050102,2017,0.00202631,0.00202631,0.0
121102050102,2018,0.601994093,0.601994093,0.0
121102050102,2019,0.01605126,0.01605126,0.0
121102050102,2020,0.185194689,0.185194689,0.0
121102050103,2000,0.643533798,0.742253585,0.098719787
121102050103,2001,1.006897888,1.142903282,0.136005395
121102050103,2002,0.0,0.0,0.0
121102050103,2003,0.0,0.0,0.0
121102050103,2004,0.0,0.0,0.0
121102050103,2005,0.0,0.0,0.0
121102050103,2006,0.818014548,0.939167126,0.121152663
121102050103,2007,0.0,0.0,0.0
121102050103,2008,0.0,0.0,0.0
121102050103,2009,0.0,0.0,0.0
121102050103,2010,0.0,0.0,0.0
121102050103,2011,0.0,0.0,0.0
121102050103,2012,0.0,0.0,0.0
121102050103,2013,9.8751e-05,0.000113967,1.5052e-05
121102050103,2014,0.0,0.0,0.0
121102050103,2015,0.0,0.0,0.0
121102050103,2016,0.0,0.0,0.0
121102050103,2017,0.0,0.0,0.0
121102050103,2018,0.085778707,0.098144803,0.012366175
121102050103,2019,0.0,0.0,0.0
121102050103,2020,1.396829473,1.501967235,0.105137426
121102050104,2000,0.357162984,0.40772041,0.050557344
121102050104,2001,0.223353677,0.232417975,0.009064132
121102050104,2002,0.038626392,0.043303263,0.004676704
121102050104,2003,0.0,0.0,0.0
121102050104,2004,0.0,0.0,0.0
121102050104,2005,0.0,0.0,0.0
121102050104,2006,0.462521323,0.524995915,0.062474419
121102050104,2007,0.0,0.0,0.0
121102050104,2008,0.000634336,0.000736027,0.000101604
121102050104,2009,0.011039663,0.012531058,0.001491066
121102050104,2010,0.042076444,0.042076444,0.0
121102050104,2011,0.0,0.0,0.0
121102050104,2012,0.0,0.0,0.0
121102050104,2013,0.01725414,0.017288753,3.4614e-05
121102050104,2014,0.012359981,0.014029312,0.001669499
121102050104,2015,0.0,0.0,0.0
121102050104,2016,0.006395262,0.006395262,0.0
121102050104,2017,0.044936444,0.047103058,0.002166784
121102050104,2018,0.642598104,0.74633911,0.103741173
121102050104,2019,0.069029529,0.079162411,0.0101328
121102050104,2020,1.008118057,1.152134839,0.144016951
121102050105,2000,0.202772579,0.235508347,0.032735691
121102050105,2001,0.316762433,0.367900597,0.051138164
121102050105,2002,0.007631468,0.008822575,0.00119094
121102050105,2003,0.000657348,0.000763375,0.000106027
121102050105,2004,0.0,0.0,0.0
121102050105,2005,0.0,0.0,0.0
121102050105,2006,0.162475584,0.188705488,0.026230071
121102050105,2007,0.0,0.0,0.0
121102050105,2008,0.019888571,0.022600683,0.002712115
121102050105,2009,0.0,0.0,0.0
121102050105,2010,0.019766488,0.022036071,0.002269836
121102050105,2011,0.0,0.0,0.0
121102050105,2012,0.0,0.0,0.0
121102050105,2013,0.0,0.0,0.0
121102050105,2014,0.011257079,0.012806597,0.001549685
121102050105,2015,0.008053074,0.00928837,0.001235463
121102050105,2016,0.0,0.0,0.0
121102050105,2017,0.0,0.0,0.0
121102050105,2018,0.188450778,0.218367082,0.029916301
121102050105,2019,0.006468159,0.00725123,0.000783159
121102050105,2020,0.776025612,0.87488779,0.098862508
121102050106,2000,0.01373668,0.01373668,0.0
121102050106,2001,0.0,0.0,0.0
121102050106,2002,0.0,0.0,0.0
121102050106,2003,0.0,0.0,0.0
121102050106,2004,0.0,0.0,0.0
121102050106,2005,0.0,0.0,0.0
121102050106,2006,0.0,0.0,0.0
121102050106,2007,0.0,0.0,0.0
121102050106,2008,0.0,0.0,0.0
121102050106,2009,0.0,0.0,0.0
121102050106,2010,0.0,0.0,0.0
121102050106,2011,0.0,0.0,0.0
121102050106,2012,0.0,0.0,0.0
121102050106,2013,0.0,0.0,0.0
121102050106,2014,0.0,0.0,0.0
121102050106,2015,0.0,0.0,0.0
121102050106,2016,0.0,0.0,0.0
121102050106,2017,0.0,0.0,0.0
121102050106,2018,0.083946041,0.083946041,0.0
121102050106,2019,0.0,0.0,0.0
121102050106,2020,0.142848683,0.142848683,0.0
121102050201,2000,0.0,0.0,0.0
121102050201,2001,0.0,0.0,0.0
121102050201,2002,0.0,0.0,0.0
121102050201,2003,0.0,0.0,0.0
121102050201,2004,0.0,0.0,0.0
121102050201,2005,0.0,0.0,0.0
121102050201,2006,0.0,0.0,0.0
121102050201,2007,0.0,0.0,0.0
121102050201,2008,0.0,0.0,0.0
121102050201,2009,0.0,0.0,0.0
121102050201,2010,0.0,0.0,0.0
121102050201,2011,0.0,0.0,0.0
121102050201,2012,0.0,0.0,0.0
121102050201,2013,0.0,0.0,0.0
121102050201,2014,0.0,0.0,0.0
121102050201,2015,0.0,0.0,0.0
121102050201,2016,0.0,0.0,0.0
121102050201,2017,0.0,0.0,0.0
121102050201,2018,0.0,0.0,0.0
121102050201,2019,0.0,0.0,0.0
121102050201,2020,0.0,0.0,0.0
121102050202,2000,0.0,0.0,0.0
121102050202,2001,0.0,0.0,0.0
121102050202,2002,0.0,0.0,0.0
121102050202,2003,0.0,0.0,0.0
121102050202,2004,0.0,0.0,0.0
121102050202,2005,0.0,0.0,0.0
121102050202,2006,0.0,0.0,0.0
121102050202,2007,0.0,0.0,0.0
121102050202,2008,0.0,0.0,0.0
121102050202,2009,0.0,0.0,0.0
121102050202,2010,0.0,0.0,0.0
121102050202,2011,0.0,0.0,0.0
121102050202,2012,0.0,0.0,0.0
121102050202,2013,0.0,0.0,0.0
121102050202,2014,0.0,0.0,0.0
121102050202,2015,0.0,0.0,0.0
121102050202,2016,0.0,0.0,0.0
121102050202,2017,0.0,0.0,0.0
121102050202,2018,0.0,0.0,0.0
121102050202,2019,0.0,0.0,0.0
121102050202,2020,0.0,0.0,0.0
121102050203,2000,0.0,0.0,0.0
121102050203,2001,0.0,0.0,0.0
121102050203,2002,0.0,0.0,0.0
121102050203,2003,0.0,0.0,0.0
121102050203,2004,0.0,0.0,0.0
121102050203,2005,0.0,0.0,0.0
121102050203,2006,0.0,0.0,0.0
121102050203,2007,0.0,0.0,0.0
121102050203,2008,0.0,0.0,0.0
121102050203,2009,0.0,0.0,0.0
121102050203,2010,0.0,0.0,0.0
121102050203,2011,0.0,0.0,0.0
121102050203,2012,0.0,0.0,0.0
121102050203,2013,0.0,0.0,0.0
121102050203,2014,0.0,0.0,0.0
121102050203,2015,0.0,0.0,0.0
121102050203,2016,0.0,0.0,0.0
121102050203,2017,0.0,0.0,0.0
121102050203,2018,0.585086479,0.585086479,0.0
121102050203,2019,0.0,0.0,0.0
121102050203,2020,0.0,0.0,0.0
121102050204,2000,0.0,0.0,0.0
121102050204,2001,0.016385605,0.016385605,0.0
121102050204,2002,0.0,0.0,0.0
121102050204,2003,0.0,0.0,0.0
121102050204,2004,0.025492571,0.025492571,0.0
121102050204,2005,0.0,0.0,0.0
121102050204,2006,0.0025906,0.0025906,0.0
121102050204,2007,0.009645342,0.009645342,0.0
121102050204,2008,0.010082844,0.010082844,0.0
121102050204,2009,0.0,0.0,0.0
121102050204,2010,0.032386447,0.032386447,0.0
121102050204,2011,4.3145e-05,4.3145e-05,0.0
121102050204,2012,0.0,0.0,0.0
121102050204,2013,0.017335888,0.017335888,0.0
121102050204,2014,0.01536397,0.01536397,0.0
121102050204,2015,0.0,0.0,0.0
121102050204,2016,0.0,0.0,0.0
121102050204,2017,0.0,0.0,0.0
121102050204,2018,0.006768833,0.006768833,0.0
121102050204,2019,0.0,0.0,0.0
121102050204,2020,0.017955098,0.017955098,0.0
121102050301,2000,0.0,0.0,0.0
121102050301,2001,0.0,0.0,0.0
121102050301,2002,0.0,0.0,0.0
121102050301,2003,0.0,0.0,0.0
121102050301,2004,0.0,0.0,0.0
121102050301,2005,0.0,0.0,0.0
121102050301,2006,0.0,0.0,0.0
121102050301,2007,0.0,0.0,0.0
121102050301,2008,0.0,0.0,0.0
121102050301,2009,0.0,0.0,0.0
121102050301,2010,0.0,0.0,0.0
121102050301,2011,0.0,0.0,0.0
121102050301,2012,0.0,0.0,0.0
121102050301,2013,0.0,0.0,0.0
121102050301,2014,0.0,0.0,0.0
121102050301,2015,0.0,0.0,0.0
121102050301,2016,0.0,0.0,0.0
121102050301,2017,0.0,0.0,0.0
121102050301,2018,0.0,0.0,0.0
121102050301,2019,0.0,0.0,0.0
121102050301,2020,0.0,0.0,0.0
121102050302,2000,0.0,0.0,0.0
121102050302,2001,0.0,0.0,0.0
121102050302,2002,0.0,0.0,0.0
121102050302,2003,0.0,0.0,0.0
121102050302,2004,0.0,0.0,0.0
121102050302,2005,0.0,0.0,0.0
121102050302,2006,0.0,0.0,0.0
121102050302,2007,0.0,0.0,0.0
121102050302,2008,0.0,0.0,0.0
121102050302,2009,0.0,0.0,0.0
121102050302,2010,0.0,0.0,0.0
121102050302,2011,0.0,0.0,0.0
121102050302,2012,0.0,0.0,0.0
121102050302,2013,0.0,0.0,0.0
121102050302,2014,0.0,0.0,0.0
121102050302,2015,0.0,0.0,0.0
121102050302,2016,0.0,0.0,0.0
121102050302,2017,0.0,0.0,0.0
121102050302,2018,0.0,0.0,0.0
121102050302,2019,0.0,0.0,0.0
121102050302,2020,0.0,0.0,0.0
121102050303,2000,0.0,0.0,0.0
121102050303,2001,0.0,0.0,0.0
121102050303,2002,0.0,0.0,0.0
121102050303,2003,0.0,0.0,0.0
121102050303,2004,0.0,0.0,0.0
121102050303,2005,0.0,0.0,0.0
121102050303,2006,0.0,0.0,0.0
121102050303,2007,0.0,0.0,0.0
121102050303,2008,0.0,0.0,0.0
121102050303,2009,0.0,0.0,0.0
121102050303,2010,0.0,0.0,0.0
121102050303,2011,0.0,0.0,0.0
121102050303,2012,0.0,0.0,0.0
121102050303,2013,0.0,0.0,0.0
121102050303,2014,0.0,0.0,0.0
121102050303,2015,0.0,0.0,0.0
121102050303,2016,0.0,0.0,0.0
121102050303,2017,0.0,0.0,0.0
121102050303,2018,0.0,0.0,0.0
121102050303,2019,0.0,0.0,0.0
121102050303,2020,0.0,0.0,0.0
121102050304,2000,0.0,0.0,0.0
121102050304,2001,0.0,0.0,0.0
121102050304,2002,0.0,0.0,0.0
121102050304,2003,0.0,0.0,0.0
121102050304,2004,0.0,0.0,0.0
121102050304,2005,0.0,0.0,0.0
121102050304,2006,0.0,0.0,0.0
121102050304,2007,0.0,0.0,0.0
121102050304,2008,0.0,0.0,0.0
121102050304,2009,0.0,0.0,0.0
121102050304,2010,0.0,0.0,0.0
121102050304,2011,0.0,0.0,0.0
121102050304,2012,0.0,0.0,0.0
121102050304,2013,0.0,0.0,0.0
121102050304,2014,0.0,0.0,0.0
121102050304,2015,0.0,0.0,0.0
121102050304,2016,0.0,0.0,0.0
121102050304,2017,0.0,0.0,0.0
121102050304,2018,0.0,0.0,0.0
121102050304,2019,0.0,0.0,0.0
121102050304,2020,0.0,0.0,0.0
121102050305,2000,0.0,0.0,0.0
121102050305,2001,0.0,0.0,0.0
121102050305,2002,0.0,0.0,0.0
121102050305,2003,0.0,0.0,0.0
121102050305,2004,0.0,0.0,0.0
121102050305,2005,0.0,0.0,0.0
121102050305,2006,0.0,0.0,0.0
121102050305,2007,0.0,0.0,0.0
121102050305,2008,0.0,0.0,0.0
121102050305,2009,0.0,0.0,0.0
121102050305,2010,0.0,0.0,0.0
121102050305,2011,0.0,0.0,0.0
121102050305,2012,0.0,0.0,0.0
121102050305,2013,0.0,0.0,0.0
121102050305,2014,0.0,0.0,0.0
121102050305,2015,0.0,0.0,0.0
121102050305,2016,0.0,0.0,0.0
121102050305,2017,0.0,0.0,0.0
121102050305,2018,0.0,0.0,0.0
121102050305,2019,0.0,0.0,0.0
121102050305,2020,0.0,0.0,0.0
121102050306,2000,0.0,0.0,0.0
121102050306,2001,0.0,0.0,0.0
121102050306,2002,0.0,0.0,0.0
121102050306,2003,0.0,0.0,0.0
121102050306,2004,0.0,0.0,0.0
121102050306,2005,0.0,0.0,0.0
121102050306,2006,0.0,0.0,0.0
121102050306,2007,0.0,0.0,0.0
121102050306,2008,0.0,0.0,0.0
121102050306,2009,0.0,0.0,0.0
121102050306,2010,0.0,0.0,0.0
121102050306,2011,0.0,0.0,0.0
121102050306,2012,0.0,0.0,0.0
121102050306,2013,0.0,0.0,0.0
121102050306,2014,0.0,0.0,0.0
121102050306,2015,0.0,0.0,0.0
121102050306,2016,0.0,0.0,0.0
121102050306,2017,0.0,0.0,0.0
121102050306,2018,0.0,0.0,0.0
121102050306,2019,0.0,0.0,0.0
121102050306,2020,0.0,0.0,0.0
121102050307,2000,0.070557863,0.070557863,0.0
121102050307,2001,0.013693058,0.013693058,0.0
121102050307,2002,0.0,0.0,0.0
121102050307,2003,0.09692714,0.09692714,0.0
121102050307,2004,0.06150215,0.06150215,0.0
121102050307,2005,0.0,0.0,0.0
121102050307,2006,0.09782369,0.09782369,0.0
121102050307,2007,0.0,0.0,0.0
121102050307,2008,0.168484377,0.168484377,0.0
121102050307,2009,0.148959299,0.148959299,0.0
121102050307,2010,0.038640477,0.038640477,0.0
121102050307,2011,0.093051748,0.093051748,0.0
121102050307,2012,0.0,0.0,0.0
121102050307,2013,0.0861898,0.0861898,0.0
121102050307,2014,0.028698285,0.028698285,0.0
121102050307,2015,0.0,0.0,0.0
121102050307,2016,0.0,0.0,0.0
121102050307,2017,0.0,0.0,0.0
121102050307,2018,0.008134811,0.008134811,0.0
121102050307,2019,0.152522882,0.152522882,0.0
121102050307,2020,0.160641462,0.160641462,0.0
121102050401,2000,0.396100421,0.396497107,0.000396437
121102050401,2001,0.553128052,0.556466764,0.003338879
121102050401,2002,1.077018359,1.091203929,0.014185652
121102050401,2003,0.762162677,0.798912485,0.036750052
121102050401,2004,0.56910038,0.570812798,0.001712418
121102050401,2005,0.051034055,0.051034055,0.0
121102050401,2006,0.973651964,1.000669951,0.027018153
121102050401,2007,0.342601367,0.345712655,0.003111545
121102050401,2008,1.920117738,1.977464314,0.057346492
121102050401,2009,0.873089578,0.900092384,0.027002808
121102050401,2010,1.345261934,1.39549969,0.05023809
121102050401,2011,0.487726562,0.487726562,0.0
121102050401,2012,0.0,0.0,0.0
121102050401,2013,1.625608266,1.679347584,0.053739233
121102050401,2014,0.840602995,0.860392005,0.019789011
121102050401,2015,0.676552841,0.70181837,0.025265447
121102050401,2016,0.576392391,0.576392391,0.0
121102050401,2017,0.20323131,0.203842732,0.000611666
121102050401,2018,1.067111063,1.070322008,0.003211027
121102050401,2019,1.197581532,1.203599592,0.006017973
121102050401,2020,1.392303514,1.426540667,0.034237068
121102050402,2000,0.111742139,0.129782025,0.018039628
121102050402,2001,0.0,0.0,0.0
121102050402,2002,0.283377781,0.320926079,0.037548384
121102050402,2003,0.337534101,0.392025345,0.054491493
121102050402,2004,0.245816664,0.271921,0.026104336
121102050402,2005,0.0,0.0,0.0
121102050402,2006,0.000230784,0.000267975,3.7195e-05
121102050402,2007,0.205414677,0.222551104,0.017136595
121102050402,2008,0.328279227,0.377766626,0.049487317
121102050402,2009,0.0,0.0,0.0
121102050402,2010,0.0,0.0,0.0
121102050402,2011,0.145601148,0.145601148,0.0
121102050402,2012,0.083393809,0.096856896,0.013463251
121102050402,2013,0.001751386,0.002033973,0.000282745
121102050402,2014,0.272647195,0.316663263,0.044016153
121102050402,2015,0.018988258,0.0220538,0.003065293
121102050402,2016,0.109021156,0.11875924,0.009738169
121102050402,2017,0.0,0.0,0.0
121102050402,2018,0.0,0.0,0.0
121102050402,2019,0.0,0.0,0.0
121102050402,2020,0.311943066,0.362303005,0.050360112
121102050403,2000,0.851299735,0.853861246,0.002561508
121102050403,2001,0.0,0.0,0.0
121102050403,2002,0.558663288,0.578925803,0.020262433
121102050403,2003,0.759234301,0.806837677,0.047603455
121102050403,2004,0.457297481,0.507544478,0.050246828
121102050403,2005,0.0,0.0,0.0
121102050403,2006,0.0,0.0,0.0
121102050403,2007,0.571003838,0.57387317,0.002869332
121102050403,2008,0.0,0.0,0.0
121102050403,2009,0.0,0.0,0.0
121102050403,2010,0.0,0.0,0.0
121102050403,2011,0.332479216,0.332479216,0.0
121102050403,2012,0.0,0.0,0.0
121102050403,2013,0.214140329,0.214140329,0.0
121102050403,2014,0.0,0.0,0.0
121102050403,2015,0.577311937,0.580796825,0.003484644
121102050403,2016,0.972178475,0.972178475,0.0
121102050403,2017,0.0,0.0,0.0
121102050403,2018,2.09e-06,2.09e-06,0.0
121102050403,2019,0.0,0.0,0.0
121102050403,2020,0.0,0.0,0.0
121102050404,2000,0.126876235,0.157414456,0.030538557
121102050404,2001,0.044979951,0.048261805,0.003281855
121102050404,2002,0.0,0.0,0.0
121102050404,2003,0.528823096,0.616344104,0.087520847
121102050404,2004,0.054130358,0.068260265,0.014129738
121102050404,2005,0.0,0.0,0.0
121102050404,2006,1.085643551,1.247866156,0.162222608
121102050404,2007,0.286287564,0.308499545,0.022211811
121102050404,2008,1.522501828,1.738015732,0.215513822
121102050404,2009,0.585251967,0.675810638,0.090558419
121102050404,2010,0.502967781,0.553929058,0.050961534
121102050404,2011,0.448670537,0.476295775,0.027625162
121102050404,2012,0.0,0.0,0.0
121102050404,2013,0.614498466,0.688127992,0.073629696
121102050404,2014,0.341584521,0.38038374,0.038799134
121102050404,2015,0.270925797,0.290692833,0.019766945
121102050404,2016,0.184707219,0.209656331,0.024949109
121102050404,2017,0.014839564,0.017235153,0.002395586
121102050404,2018,0.340900208,0.366165619,0.025265332
121102050404,2019,0.42910843,0.469484142,0.040375721
121102050404,2020,0.917136874,1.020174366,0.103037577
121102050405,2000,0.010917008,0.012679566,0.001762473
121102050405,2001,0.032168416,0.037361666,0.005193249
121102050405,2002,0.0,0.0,0.0
121102050405,2003,0.0,0.0,0.0
121102050405,2004,0.0,0.0,0.0
121102050405,2005,0.0,0.0,0.0
121102050405,2006,0.020203638,0.023465353,0.003261718
121102050405,2007,0.0,0.0,0.0
121102050405,2008,0.012003661,0.013941541,0.00193788
121102050405,2009,0.0,0.0,0.0
121102050405,2010,0.0,0.0,0.0
121102050405,2011,0.0,0.0,0.0
121102050405,2012,0.0,0.0,0.0
121102050405,2013,0.0,0.0,0.0
121102050405,2014,0.0,0.0,0.0
121102050405,2015,0.0,0.0,0.0
121102050405,2016,0.0,0.0,0.0
121102050405,2017,0.0,0.0,0.0
121102050405,2018,0.015458953,0.017954778,0.002495658
121102050405,2019,0.0,0.0,0.0
121102050405,2020,0.0,0.0,0.0
121102050406,2000,0.0,0.0,0.0
121102050406,2001,0.0,0.0,0.0
121102050406,2002,0.341183542,0.341183542,0.0
121102050406,2003,0.18036831,0.18036831,0.0
121102050406,2004,0.0,0.0,0.0
121102050406,2005,0.0,0.0,0.0
121102050406,2006,0.0,0.0,0.0
121102050406,2007,0.339635427,0.339635427,0.0
121102050406,2008,0.328851661,0.328851661,0.0
121102050406,2009,0.0,0.0,0.0
121102050406,2010,0.0,0.0,0.0
121102050406,2011,0.0,0.0,0.0
121102050406,2012,0.298121385,0.298121385,0.0
121102050406,2013,0.0,0.0,0.0
121102050406,2014,0.395042101,0.395042101,0.0
121102050406,2015,0.443602529,0.443602529,0.0
121102050406,2016,0.53103924,0.53103924,0.0
121102050406,2017,0.0,0.0,0.0
121102050406,2018,0.0,0.0,0.0
121102050406,2019,0.0,0.0,0.0
121102050406,2020,0.032754003,0.032754003,0.0
121102050407,2000,0.194370388,0.28333903,0.088968393
121102050407,2001,0.070615627,0.087721362,0.017105649
121102050407,2002,0.397600047,0.402429101,0.004829137
121102050407,2003,0.363597118,0.363597118,0.0
121102050407,2004,0.280456699,0.465874896,0.185418197
121102050407,2005,0.0,0.0,0.0
121102050407,2006,0.0,0.0,0.0
121102050407,2007,0.427034211,0.589012907,0.161978537
121102050407,2008,0.380032063,0.395454839,0.015422691
121102050407,2009,0.0,0.0,0.0
121102050407,2010,0.0,0.0,0.0
121102050407,2011,0.048400956,0.055761334,0.007360548
121102050407,2012,0.510271036,0.67052691,0.160255792
121102050407,2013,0.120430142,0.159510126,0.039079984
121102050407,2014,0.183510789,0.183510789,0.0
121102050407,2015,0.398927627,0.424391132,0.025463332
121102050407,2016,0.31400471,0.329836866,0.015832322
121102050407,2017,0.282433534,0.401184112,0.118750493
121102050407,2018,0.062693995,0.084040197,0.021346373
121102050407,2019,0.19469911,0.254842025,0.060142737
121102050407,2020,0.750868781,1.048699421,0.297830645
121102050501,2000,0.0,0.0,0.0
121102050501,2001,0.0,0.0,0.0
121102050501,2002,0.216543542,0.251502359,0.034958816
121102050501,2003,0.163506641,0.189903005,0.026396447
121102050501,2004,0.0,0.0,0.0
121102050501,2005,0.409163745,0.475219093,0.066055523
121102050501,2006,0.307768871,0.357455123,0.049686337
121102050501,2007,0.092940512,0.107944704,0.015004274
121102050501,2008,0.44038527,0.511481355,0.071095918
121102050501,2009,0.126791058,0.147260216,0.020469156
121102050501,2010,0.160666392,0.186604438,0.025938049
121102050501,2011,0.186860948,0.217027934,0.030166986
121102050501,2012,0.0,0.0,0.0
121102050501,2013,0.139476888,0.161994088,0.022517033
121102050501,2014,0.0,0.0,0.0
121102050501,2015,0.039177962,0.045502792,0.006324907
121102050501,2016,0.0,0.0,0.0
121102050501,2017,0.0,0.0,0.0
121102050501,2018,0.106832764,0.124080129,0.01724703
121102050501,2019,0.028128778,0.032669874,0.004541014
121102050501,2020,1.2243e-05,1.4158e-05,1.918e-06
121102050502,2000,0.0,0.0,0.0
121102050502,2001,0.0,0.0,0.0
121102050502,2002,0.0,0.0,0.0
121102050502,2003,0.0,0.0,0.0
121102050502,2004,0.136581303,0.158631044,0.022049743
121102050502,2005,0.463280605,0.538072668,0.074792233
121102050502,2006,0.0,0.0,0.0
121102050502,2007,0.0,0.0,0.0
121102050502,2008,0.191057134,0.221901448,0.030844314
121102050502,2009,0.0,0.0,0.0
121102050502,2010,0.286926945,0.333248595,0.046321564
121102050502,2011,0.258631441,0.30038491,0.041753468
121102050502,2012,0.137144044,0.159284525,0.02214056
121102050502,2013,0.158759227,0.184389449,0.025629973
121102050502,2014,0.26377229,0.306355655,0.042583367
121102050502,2015,0.091459416,0.10622457,0.014765244
121102050502,2016,0.353450454,0.410511459,0.057061085
121102050502,2017,0.0,0.0,0.0
121102050502,2018,0.268404816,0.311736101,0.043331288
121102050502,2019,0.277956296,0.322829501,0.044873373
121102050502,2020,0.949988776,1.103354975,0.153366448
121102050503,2000,0.0,0.0,0.0
121102050503,2001,0.0,0.0,0.0
121102050503,2002,0.477111605,0.554136551,0.077024863
121102050503,2003,0.104663745,0.121560784,0.016896866
121102050503,2004,0.181901437,0.21126756,0.029366123
121102050503,2005,0.348239871,0.404459863,0.056220077
121102050503,2006,0.422193378,0.490352312,0.068159016
121102050503,2007,0.200884214,0.233315137,0.032430838
121102050503,2008,0.114839544,0.133379216,0.018539672
121102050503,2009,0.094852805,0.110165942,0.01531297
121102050503,2010,0.462040345,0.536632142,0.074591797
121102050503,2011,0.435413436,0.505706638,0.070293285
121102050503,2012,0.0,0.0,0.0
121102050503,2013,0.206222055,0.239514682,0.03329246
121102050503,2014,0.0,0.0,0.0
121102050503,2015,0.0,0.0,0.0
121102050503,2016,0.0,0.0,0.0
121102050503,2017,0.0,0.0,0.0
121102050503,2018,0.374677518,0.435165573,0.060487973
121102050503,2019,0.266976616,0.31007743,0.043100816
121102050503,2020,0.145338664,0.168802273,0.023463522
121102050504,2000,0.0,0.0,0.0
121102050504,2001,0.0,0.0,0.0
121102050504,2002,0.140629644,0.163332885,0.022703241
121102050504,2003,0.055710178,0.064704033,0.008993855
121102050504,2004,0.052034943,0.060435475,0.008400533
121102050504,2005,0.138063849,0.160352956,0.022289107
121102050504,2006,0.0,0.0,0.0
121102050504,2007,0.055541942,0.06450871,0.008966767
121102050504,2008,0.124686516,0.144815943,0.020129426
121102050504,2009,0.164750433,0.191347833,0.026597233
121102050504,2010,0.133377997,0.154910638,0.021532641
121102050504,2011,0.309211597,0.359130671,0.049919156
121102050504,2012,0.011545014,0.013408765,0.001863918
121102050504,2013,0.055697636,0.064689312,0.008991759
121102050504,2014,0.300455025,0.348960416,0.048505392
121102050504,2015,0.0,0.0,0.0
121102050504,2016,0.406468426,0.472088609,0.065620344
121102050504,2017,0.289280134,0.335981608,0.046701474
121102050504,2018,1.384695871,1.610111548,0.225415671
121102050504,2019,0.688526907,0.800612762,0.112085855
121102050504,2020,1.522399413,1.770231719,0.247832473
121102050505,2000,0.0,0.0,0.0
121102050505,2001,0.0,0.0,0.0
121102050505,2002,0.0,0.0,0.0
121102050505,2003,0.0,0.0,0.0
121102050505,2004,0.0,0.0,0.0
121102050505,2005,0.034228252,0.039754049,0.005525795
121102050505,2006,0.0,0.0,0.0
121102050505,2007,0.0,0.0,0.0
121102050505,2008,0.0,0.0,0.0
121102050505,2009,0.020429627,0.025347186,0.004917392
121102050505,2010,0.273714107,0.325850112,0.052136005
121102050505,2011,0.263849463,0.310046351,0.04619697
121102050505,2012,0.392145975,0.466285369,0.074139309
121102050505,2013,0.0,0.0,0.0
121102050505,2014,0.422693638,0.496119282,0.073425562
121102050505,2015,0.263474184,0.30887946,0.045405277
121102050505,2016,0.277389486,0.323297751,0.045908265
121102050505,2017,0.0,0.0,0.0
121102050505,2018,1.409291014,1.650223855,0.240932756
121102050505,2019,1.076283852,1.266216375,0.189932279
121102050505,2020,2.620541115,3.104906552,0.484365352
121102050506,2000,0.0,0.0,0.0
121102050506,2001,0.0,0.0,0.0
121102050506,2002,0.00440803,0.005469101,0.001061071
121102050506,2003,0.0,0.0,0.0
121102050506,2004,0.003613997,0.004484066,0.00086982
121102050506,2005,0.0,0.0,0.0
121102050506,2006,0.0,0.0,0.0
121102050506,2007,0.0,0.0,0.0
121102050506,2008,0.0,0.0,0.0
121102050506,2009,0.0,0.0,0.0
121102050506,2010,0.0,0.0,0.0
121102050506,2011,0.0,0.0,0.0
121102050506,2012,0.180181363,0.223549962,0.043368847
121102050506,2013,0.0,0.0,0.0
121102050506,2014,0.0,0.0,0.0
121102050506,2015,0.0,0.0,0.0
121102050506,2016,0.190431639,0.23452156,0.044090008
121102050506,2017,0.0,0.0,0.0
121102050506,2018,0.856455499,1.062599918,0.206144411
121102050506,2019,0.568774677,0.705675967,0.136901033
121102050506,2020,0.555574525,0.685894421,0.130319893
121102050601,2000,0.0,0.0,0.0
121102050601,2001,0.0,0.0,0.0
121102050601,2002,0.086840537,0.107742592,0.020901973
121102050601,2003,0.0,0.0,0.0
121102050601,2004,0.112973577,0.14016579,0.027192131
121102050601,2005,0.0,0.0,0.0
121102050601,2006,0.0,0.0,0.0
121102050601,2007,0.0,0.0,0.0
121102050601,2008,0.0,0.0,0.0
121102050601,2009,0.0,0.0,0.0
121102050601,2010,0.087793858,0.108925241,0.021131553
121102050601,2011,0.01656243,0.020548888,0.003986375
121102050601,2012,0.0,0.0,0.0
121102050601,2013,0.0,0.0,0.0
121102050601,2014,0.0,0.0,0.0
121102050601,2015,0.01036806,0.012863674,0.002495616
121102050601,2016,0.0,0.0,0.0
121102050601,2017,0.0,0.0,0.0
121102050601,2018,0.646415962,0.802004737,0.155588951
121102050601,2019,0.432192096,0.536218422,0.104026156
121102050601,2020,0.0,0.0,0.0
121102050602,2000,0.015326648,0.018898623,0.003571891
121102050602,2001,0.057081586,0.066296775,0.009215438
121102050602,2002,0.212194258,0.261968285,0.049774027
121102050602,2003,0.078573753,0.09125877,0.012684934
121102050602,2004,0.4153855,0.507186167,0.091800672
121102050602,2005,0.0,0.0,0.0
121102050602,2006,0.0,0.0,0.0
121102050602,2007,0.028580214,0.033466126,0.004886167
121102050602,2008,0.122715309,0.142526456,0.019811238
121102050602,2009,0.0,0.0,0.0
121102050602,2010,0.655167534,0.769879507,0.114712055
121102050602,2011,0.877715534,1.033822704,0.15610717
121102050602,2012,1.603686101,1.871279175,0.267592825
121102050602,2013,0.0,0.0,0.0
121102050602,2014,0.000376696,0.000445622,6.917e-05
121102050602,2015,0.409589625,0.483576877,0.073987164
121102050602,2016,0.52821791,0.621432863,0.093214869
121102050602,2017,0.077680841,0.092038997,0.014358082
121102050602,2018,1.275212121,1.49672774,0.221515707
121102050602,2019,1.469677392,1.757987255,0.288309953
121102050602,2020,1.629880568,1.975612896,0.345732328
121102050603,2000,0.0,0.0,0.0
121102050603,2001,0.0,0.0,0.0
121102050603,2002,0.086244688,0.107003238,0.020758636
121102050603,2003,0.0,0.0,0.0
121102050603,2004,0.303062667,0.376008197,0.072945615
121102050603,2005,0.0,0.0,0.0
121102050603,2006,0.0,0.0,0.0
121102050603,2007,0.0,0.0,0.0
121102050603,2008,0.0,0.0,0.0
121102050603,2009,0.0,0.0,0.0
121102050603,2010,0.154237411,0.191361499,0.037124173
121102050603,2011,0.381696233,0.473568532,0.091872299
121102050603,2012,0.0,0.0,0.0
121102050603,2013,0.0,0.0,0.0
121102050603,2014,0.0,0.0,0.0
121102050603,2015,0.023682532,0.029382816,0.005700282
121102050603,2016,0.0,0.0,0.0
121102050603,2017,0.0,0.0,0.0
121102050603,2018,1.064596444,1.320839436,0.256242907
121102050603,2019,0.502235945,0.623121159,0.120885463
121102050603,2020,0.0,0.0,0.0
121102050604,2000,0.003042891,0.003715276,0.000672464
121102050604,2001,0.002846263,0.003305885,0.00045954
121102050604,2002,0.0,0.0,0.0
121102050604,2003,0.003052532,0.003754584,0.000702137
121102050604,2004,0.062633407,0.076382484,0.013748831
121102050604,2005,0.0,0.0,0.0
121102050604,2006,0.0,0.0,0.0
121102050604,2007,0.019334356,0.023044458,0.003710186
121102050604,2008,0.0,0.0,0.0
121102050604,2009,0.0,0.0,0.0
121102050604,2010,0.195837858,0.239410562,0.043572704
121102050604,2011,0.070794732,0.086758189,0.015963463
121102050604,2012,0.039934907,0.046382049,0.006447145
121102050604,2013,0.0,0.0,0.0
121102050604,2014,0.003379496,0.004076668,0.000697088
121102050604,2015,0.011338296,0.01335469,0.002016477
121102050604,2016,0.526661134,0.625487779,0.098827142
121102050604,2017,0.018027211,0.021208488,0.003181277
121102050604,2018,0.117801227,0.140072789,0.022271644
121102050604,2019,1.700592523,2.063825893,0.363233378
121102050604,2020,1.077646219,1.295247899,0.217601593
121102050605,2000,0.0,0.0,0.0
121102050605,2001,0.0,0.0,0.0
121102050605,2002,0.0,0.0,0.0
121102050605,2003,0.0,0.0,0.0
121102050605,2004,0.0,0.0,0.0
121102050605,2005,0.0,0.0,0.0
121102050605,2006,0.0,0.0,0.0
121102050605,2007,0.0,0.0,0.0
121102050605,2008,0.0,0.0,0.0
121102050605,2009,0.0,0.0,0.0
121102050605,2010,0.185241584,0.229828323,0.04458674
121102050605,2011,0.0,0.0,0.0
121102050605,2012,0.0,0.0,0.0
121102050605,2013,0.0,0.0,0.0
121102050605,2014,0.0,0.0,0.0
121102050605,2015,0.0,0.0,0.0
121102050605,2016,0.0,0.0,0.0
121102050605,2017,0.0,0.0,0.0
121102050605,2018,0.0,0.0,0.0
121102050605,2019,1.706781375,2.117594652,0.410813362
121102050605,2020,0.0,0.0,0.0
121102050606,2000,0.0,0.0,0.0
121102050606,2001,0.0,0.0,0.0
121102050606,2002,0.0,0.0,0.0
121102050606,2003,0.0,0.0,0.0
121102050606,2004,0.18966377,0.235314877,0.045651107
121102050606,2005,0.0,0.0,0.0
121102050606,2006,0.0,0.0,0.0
121102050606,2007,0.0,0.0,0.0
121102050606,2008,0.0,0.0,0.0
121102050606,2009,0.0,0.0,0.0
121102050606,2010,0.183630101,0.227828915,0.044198899
121102050606,2011,0.0,0.0,0.0
121102050606,2012,0.0,0.0,0.0
121102050606,2013,0.0,0.0,0.0
121102050606,2014,0.0,0.0,0.0
121102050606,2015,0.0,0.0,0.0
121102050606,2016,0.0,0.0,0.0
121102050606,2017,0.0,0.0,0.0
121102050606,2018,0.424502299,0.526677633,0.102175493
121102050606,2019,1.220247819,1.513955236,0.293707337
121102050606,2020,0.0,0.0,0.0
121102050607,2000,0.036545727,0.045341992,0.00879618
121102050607,2001,0.10635909,0.131959233,0.025600058
121102050607,2002,0.0,0.0,0.0
121102050607,2003,0.148404011,0.184124145,0.035720134
121102050607,2004,0.032883689,0.040798642,0.007914954
121102050607,2005,0.010276658,0.012750216,0.002473559
121102050607,2006,0.0,0.0,0.0
121102050607,2007,0.088924929,0.110328836,0.02140374
121102050607,2008,0.041802888,0.051864563,0.010061675
121102050607,2009,0.0,0.0,0.0
121102050607,2010,0.296565153,0.3679468,0.071381732
121102050607,2011,0.0,0.0,0.0
121102050607,2012,0.0,0.0,0.0
121102050607,2013,0.0,0.0,0.0
121102050607,2014,0.190391595,0.236217907,0.045826225
121102050607,2015,0.0,0.0,0.0
121102050607,2016,0.0,0.0,0.0
121102050607,2017,0.0,0.0,0.0
121102050607,2018,0.154605055,0.191817658,0.037212518
121102050607,2019,0.974463211,1.209011411,0.234548115
121102050607,2020,0.0,0.0,0.0
121102050608,2000,0.176832858,0.214863667,0.038030893
121102050608,2001,0.520769181,0.641341258,0.120572162
121102050608,2002,0.0,0.0,0.0
121102050608,2003,0.645509477,0.791065386,0.145555995
121102050608,2004,0.121581344,0.147371137,0.025790044
121102050608,2005,0.521020704,0.630775896,0.10975494
121102050608,2006,0.028724088,0.031634542,0.00291037
121102050608,2007,0.477611189,0.584591397,0.106980375
121102050608,2008,0.526435732,0.617157869,0.090722303
121102050608,2009,0.0,0.0,0.0
121102050608,2010,0.716446532,0.879075441,0.162628827
121102050608,2011,0.0,0.0,0.0
121102050608,2012,0.0,0.0,0.0
121102050608,2013,0.0,0.0,0.0
121102050608,2014,0.049975542,0.062004499,0.012028704
121102050608,2015,0.0,0.0,0.0
121102050608,2016,0.0,0.0,0.0
121102050608,2017,0.0,0.0,0.0
121102050608,2018,0.651131523,0.803866036,0.152734507
121102050608,2019,2.477051915,3.04306126,0.566009433
121102050608,2020,0.0,0.0,0.0
121102050701,2000,0.0,0.0,0.0
121102050701,2001,0.0,0.0,0.0
121102050701,2002,0.0,0.0,0.0
121102050701,2003,0.0,0.0,0.0
121102050701,2004,0.0,0.0,0.0
121102050701,2005,0.0,0.0,0.0
121102050701,2006,0.0,0.0,0.0
121102050701,2007,0.0,0.0,0.0
121102050701,2008,0.0,0.0,0.0
121102050701,2009,0.0,0.0,0.0
121102050701,2010,0.0,0.0,0.0
121102050701,2011,0.0,0.0,0.0
121102050701,2012,0.0,0.0,0.0
121102050701,2013,0.0,0.0,0.0
121102050701,2014,0.0,0.0,0.0
121102050701,2015,0.0,0.0,0.0
121102050701,2016,0.0,0.0,0.0
121102050701,2017,0.0,0.0,0.0
121102050701,2018,0.0,0.0,0.0
121102050701,2019,0.000183581,0.000183581,0.0
121102050701,2020,0.0,0.0,0.0
121102050702,2000,0.0,0.0,0.0
121102050702,2001,0.0,0.0,0.0
121102050702,2002,0.0,0.0,0.0
121102050702,2003,0.0,0.0,0.0
121102050702,2004,0.0,0.0,0.0
121102050702,2005,0.0,0.0,0.0
121102050702,2006,0.0,0.0,0.0
121102050702,2007,0.0,0.0,0.0
121102050702,2008,0.0,0.0,0.0
121102050702,2009,0.0,0.0,0.0
121102050702,2010,0.0,0.0,0.0
121102050702,2011,0.0,0.0,0.0
121102050702,2012,0.0,0.0,0.0
121102050702,2013,0.0,0.0,0.0
121102050702,2014,0.0,0.0,0.0
121102050702,2015,0.0,0.0,0.0
121102050702,2016,0.0,0.0,0.0
121102050702,2017,0.0,0.0,0.0
121102050702,2018,0.048820071,0.048820071,0.0
121102050702,2019,0.0,0.0,0.0
121102050702,2020,0.109831962,0.109831962,0.0
121102050703,2000,0.034735306,0.034735306,0.0
121102050703,2001,0.031980334,0.031980334,0.0
121102050703,2002,0.0,0.0,0.0
121102050703,2003,0.0,0.0,0.0
121102050703,2004,0.0,0.0,0.0
121102050703,2005,0.0,0.0,0.0
121102050703,2006,0.0,0.0,0.0
121102050703,2007,0.0,0.0,0.0
121102050703,2008,0.0,0.0,0.0
121102050703,2009,0.0,0.0,0.0
121102050703,2010,0.0,0.0,0.0
121102050703,2011,0.0,0.0,0.0
121102050703,2012,0.0,0.0,0.0
121102050703,2013,0.0,0.0,0.0
121102050703,2014,0.0,0.0,0.0
121102050703,2015,0.0,0.0,0.0
121102050703,2016,0.0,0.0,0.0
121102050703,2017,0.0,0.0,0.0
121102050703,2018,0.019930907,0.019930907,0.0
121102050703,2019,0.0,0.0,0.0
121102050703,2020,0.119072322,0.119072322,0.0
121102050704,2000,0.0,0.0,0.0
121102050704,2001,0.0,0.0,0.0
121102050704,2002,0.0,0.0,0.0
121102050704,2003,0.0,0.0,0.0
121102050704,2004,0.0,0.0,0.0
121102050704,2005,0.0,0.0,0.0
121102050704,2006,0.0,0.0,0.0
121102050704,2007,0.0,0.0,0.0
121102050704,2008,0.0,0.0,0.0
121102050704,2009,0.0,0.0,0.0
121102050704,2010,0.012804184,0.012804184,0.0
121102050704,2011,0.0,0.0,0.0
121102050704,2012,0.0,0.0,0.0
121102050704,2013,0.0,0.0,0.0
121102050704,2014,0.0,0.0,0.0
121102050704,2015,0.012470597,0.012470597,0.0
121102050704,2016,0.0,0.0,0.0
121102050704,2017,0.0,0.0,0.0
121102050704,2018,0.0,0.0,0.0
121102050704,2019,0.008946488,0.008946488,0.0
121102050704,2020,0.0,0.0,0.0
121102050705,2000,0.00846377,0.00846377,0.0
121102050705,2001,0.000835573,0.001007745,0.000172427
121102050705,2002,0.0,0.0,0.0
121102050705,2003,0.0,0.0,0.0
121102050705,2004,0.000121016,0.000242115,0.000121016
121102050705,2005,0.0,0.0,0.0
121102050705,2006,0.0,0.0,0.0
121102050705,2007,0.0,0.0,0.0
121102050705,2008,0.0,0.0,0.0
121102050705,2009,0.0,0.0,0.0
121102050705,2010,0.0,0.0,0.0
121102050705,2011,0.0,0.0,0.0
121102050705,2012,0.0,0.0,0.0
121102050705,2013,0.0,0.0,0.0
121102050705,2014,0.0,0.0,0.0
121102050705,2015,0.0,0.0,0.0
121102050705,2016,0.0,0.0,0.0
121102050705,2017,0.0,0.0,0.0
121102050705,2018,0.0,0.0,0.0
121102050705,2019,0.0,0.0,0.0
121102050705,2020,0.0,0.0,0.0
121102050706,2000,0.0,0.0,0.0
121102050706,2001,0.0,0.0,0.0
121102050706,2002,0.0,0.0,0.0
121102050706,2003,0.0,0.0,0.0
121102050706,2004,0.0,0.0,0.0
121102050706,2005,0.0,0.0,0.0
121102050706,2006,0.0,0.0,0.0
121102050706,2007,0.0,0.0,0.0
121102050706,2008,0.0,0.0,0.0
121102050706,2009,0.0,0.0,0.0
121102050706,2010,0.0,0.0,0.0
121102050706,2011,0.0,0.0,0.0
121102050706,2012,0.0,0.0,0.0
121102050706,2013,0.0,0.0,0.0
121102050706,2014,0.0,0.0,0.0
121102050706,2015,0.0,0.0,0.0
121102050706,2016,0.0,0.0,0.0
121102050706,2017,0.0,0.0,0.0
121102050706,2018,0.0,0.0,0.0
121102050706,2019,0.0,0.0,0.0
121102050706,2020,0.015545773,0.031091459,0.015545773
121102050707,2000,0.0,0.0,0.0
121102050707,2001,0.0,0.0,0.0
121102050707,2002,0.0,0.0,0.0
121102050707,2003,0.0,0.0,0.0
121102050707,2004,0.0,0.0,0.0
121102050707,2005,0.0,0.0,0.0
121102050707,2006,0.0,0.0,0.0
121102050707,2007,0.0,0.0,0.0
121102050707,2008,0.0,0.0,0.0
121102050707,2009,0.0,0.0,0.0
121102050707,2010,0.0,0.0,0.0
121102050707,2011,0.0,0.0,0.0
121102050707,2012,0.0,0.0,0.0
121102050707,2013,0.0,0.0,0.0
121102050707,2014,0.0,0.0,0.0
121102050707,2015,0.0,0.0,0.0
121102050707,2016,0.0,0.0,0.0
121102050707,2017,0.0,0.0,0.0
121102050707,2018,0.0,0.0,0.0
121102050707,2019,0.0,0.0,0.0
121102050707,2020,0.0,0.0,0.0
121102050801,2000,0.0,0.0,0.0
121102050801,2001,0.0,0.0,0.0
121102050801,2002,0.0,0.0,0.0
121102050801,2003,0.0,0.0,0.0
121102050801,2004,0.0,0.0,0.0
121102050801,2005,0.0,0.0,0.0
121102050801,2006,0.0,0.0,0.0
121102050801,2007,0.0,0.0,0.0
121102050801,2008,0.0,0.0,0.0
121102050801,2009,0.016987532,0.016987532,0.0
121102050801,2010,0.335269438,0.357430129,0.022160605
121102050801,2011,0.0,0.0,0.0
121102050801,2012,0.0,0.0,0.0
121102050801,2013,0.0,0.0,0.0
121102050801,2014,0.0,0.0,0.0
121102050801,2015,0.036980981,0.036980981,0.0
121102050801,2016,0.0,0.0,0.0
121102050801,2017,0.0,0.0,0.0
121102050801,2018,0.001119504,0.001138685,1.9348e-05
121102050801,2019,1.149485912,1.293010077,0.143524
121102050801,2020,0.0,0.0,0.0
121102050802,2000,0.0,0.0,0.0
121102050802,2001,0.0,0.0,0.0
121102050802,2002,0.0,0.0,0.0
121102050802,2003,0.0,0.0,0.0
121102050802,2004,0.0,0.0,0.0
121102050802,2005,0.0,0.0,0.0
121102050802,2006,0.0,0.0,0.0
121102050802,2007,0.0,0.0,0.0
121102050802,2008,0.0,0.0,0.0
121102050802,2009,0.0,0.0,0.0
121102050802,2010,0.349837427,0.349837427,0.0
121102050802,2011,0.0,0.0,0.0
121102050802,2012,0.033370208,0.033370208,0.0
121102050802,2013,0.0,0.0,0.0
121102050802,2014,0.0,0.0,0.0
121102050802,2015,0.100543063,0.100543063,0.0
121102050802,2016,0.0,0.0,0.0
121102050802,2017,0.0,0.0,0.0
121102050802,2018,0.0,0.0,0.0
121102050802,2019,1.079711751,1.117713844,0.038002266
121102050802,2020,0.0,0.0,0.0
121102050803,2000,0.0,0.0,0.0
121102050803,2001,0.025892312,0.026971134,0.001078904
121102050803,2002,0.0,0.0,0.0
121102050803,2003,0.036792723,0.038127173,0.001372526
121102050803,2004,0.0,0.0,0.0
121102050803,2005,0.0,0.0,0.0
121102050803,2006,0.004534677,0.004534677,0.0
121102050803,2007,0.003202236,0.003973047,0.000770811
121102050803,2008,0.037412989,0.038372287,0.000959383
121102050803,2009,0.0,0.0,0.0
121102050803,2010,0.063865252,0.063865252,0.0
121102050803,2011,0.0,0.0,0.0
121102050803,2012,0.244322702,0.244322702,0.0
121102050803,2013,0.0,0.0,0.0
121102050803,2014,0.0,0.0,0.0
121102050803,2015,0.212142545,0.212142545,0.0
121102050803,2016,0.0,0.0,0.0
121102050803,2017,0.0,0.0,0.0
121102050803,2018,0.0,0.0,0.0
121102050803,2019,0.611858104,0.657911838,0.046053742
121102050803,2020,0.0,0.0,0.0
121102050804,2000,0.0,0.0,0.0
121102050804,2001,0.0,0.0,0.0
121102050804,2002,0.0,0.0,0.0
121102050804,2003,0.0,0.0,0.0
121102050804,2004,0.0,0.0,0.0
121102050804,2005,0.0,0.0,0.0
121102050804,2006,0.0,0.0,0.0
121102050804,2007,0.0,0.0,0.0
121102050804,2008,0.0,0.0,0.0
121102050804,2009,0.0,0.0,0.0
121102050804,2010,0.0,0.0,0.0
121102050804,2011,0.0,0.0,0.0
121102050804,2012,0.0,0.0,0.0
121102050804,2013,0.0,0.0,0.0
121102050804,2014,0.0,0.0,0.0
121102050804,2015,0.0,0.0,0.0
121102050804,2016,0.0,0.0,0.0
121102050804,2017,0.0,0.0,0.0
121102050804,2018,0.0,0.0,0.0
121102050804,2019,0.0,0.0,0.0
121102050804,2020,0.0,0.0,0.0
121102050805,2000,0.0,0.0,0.0
121102050805,2001,0.0,0.0,0.0
121102050805,2002,0.0,0.0,0.0
121102050805,2003,0.0,0.0,0.0
121102050805,2004,0.0,0.0,0.0
121102050805,2005,0.0,0.0,0.0
121102050805,2006,0.0,0.0,0.0
121102050805,2007,0.0,0.0,0.0
121102050805,2008,0.0,0.0,0.0
121102050805,2009,0.0,0.0,0.0
121102050805,2010,0.0,0.0,0.0
121102050805,2011,0.0,0.0,0.0
121102050805,2012,0.121548279,0.121548279,0.0
121102050805,2013,0.0,0.0,0.0
121102050805,2014,0.0,0.0,0.0
121102050805,2015,0.083515529,0.083515529,0.0
121102050805,2016,0.0,0.0,0.0
121102050805,2017,0.0,0.0,0.0
121102050805,2018,0.0,0.0,0.0
121102050805,2019,0.0,0.0,0.0
121102050805,2020,0.0,0.0,0.0
121102050806,2000,0.0,0.0,0.0
121102050806,2001,0.0,0.0,0.0
121102050806,2002,0.0,0.0,0.0
121102050806,2003,0.0,0.0,0.0
121102050806,2004,0.0,0.0,0.0
121102050806,2005,0.0,0.0,0.0
121102050806,2006,0.0,0.0,0.0
121102050806,2007,0.0,0.0,0.0
121102050806,2008,0.0,0.0,0.0
121102050806,2009,0.0,0.0,0.0
121102050806,2010,0.0,0.0,0.0
121102050806,2011,0.0,0.0,0.0
121102050806,2012,0.0,0.0,0.0
121102050806,2013,0.0,0.0,0.0
121102050806,2014,0.0,0.0,0.0
121102050806,2015,0.0,0.0,0.0
121102050806,2016,0.0,0.0,0.0
121102050806,2017,0.0,0.0,0.0
121102050806,2018,0.0,0.0,0.0
121102050806,2019,0.0,0.0,0.0
121102050806,2020,0.0,0.0,0.0
121102050807,2000,0.0,0.0,0.0
121102050807,2001,0.0,0.0,0.0
121102050807,2002,0.0,0.0,0.0
121102050807,2003,0.0,0.0,0.0
121102050807,2004,0.0,0.0,0.0
121102050807,2005,0.0,0.0,0.0
121102050807,2006,0.0,0.0,0.0
121102050807,2007,0.0,0.0,0.0
121102050807,2008,0.0,0.0,0.0
121102050807,2009,0.0,0.0,0.0
121102050807,2010,0.0,0.0,0.0
121102050807,2011,0.0,0.0,0.0
121102050807,2012,0.0,0.0,0.0
121102050807,2013,0.0,0.0,0.0
121102050807,2014,0.0,0.0,0.0
121102050807,2015,0.0,0.0,0.0
121102050807,2016,0.0,0.0,0.0
121102050807,2017,0.0,0.0,0.0
121102050807,2018,0.0,0.0,0.0
121102050807,2019,0.0,0.0,0.0
121102050807,2020,0.0,0.0,0.0
121102050808,2000,0.0,0.0,0.0
121102050808,2001,0.0,0.0,0.0
121102050808,2002,0.0,0.0,0.0
121102050808,2003,0.0,0.0,0.0
121102050808,2004,0.0,0.0,0.0
121102050808,2005,0.0,0.0,0.0
121102050808,2006,0.0,0.0,0.0
121102050808,2007,0.0,0.0,0.0
121102050808,2008,0.0,0.0,0.0
121102050808,2009,0.0,0.0,0.0
121102050808,2010,0.0,0.0,0.0
121102050808,2011,0.0,0.0,0.0
121102050808,2012,0.0,0.0,0.0
121102050808,2013,0.0,0.0,0.0
121102050808,2014,0.0,0.0,0.0
121102050808,2015,0.0,0.0,0.0
121102050808,2016,0.0,0.0,0.0
121102050808,2017,0.0,0.0,0.0
121102050808,2018,0.0,0.0,0.0
121102050808,2019,0.0,0.0,0.0
121102050808,2020,0.0,0.0,0.0
121102060101,2000,0.0,0.0,0.0
121102060101,2001,0.0,0.0,0.0
121102060101,2002,0.0,0.0,0.0
121102060101,2003,0.0,0.0,0.0
121102060101,2004,0.0,0.0,0.0
121102060101,2005,0.0,0.0,0.0
121102060101,2006,0.0,0.0,0.0
121102060101,2007,0.0,0.0,0.0
121102060101,2008,0.0,0.0,0.0
121102060101,2009,0.0,0.0,0.0
121102060101,2010,0.0,0.0,0.0
121102060101,2011,0.0,0.0,0.0
121102060101,2012,0.0,0.0,0.0
121102060101,2013,0.0,0.0,0.0
121102060101,2014,0.0,0.0,0.0
121102060101,2015,0.0,0.0,0.0
121102060101,2016,0.0,0.0,0.0
121102060101,2017,0.0,0.0,0.0
121102060101,2018,0.0,0.0,0.0
121102060101,2019,0.0,0.0,0.0
121102060101,2020,0.0,0.0,0.0
121102060102,2000,0.0,0.0,0.0
121102060102,2001,0.0,0.0,0.0
121102060102,2002,0.0,0.0,0.0
121102060102,2003,0.0,0.0,0.0
121102060102,2004,0.0,0.0,0.0
121102060102,2005,0.0,0.0,0.0
121102060102,2006,0.0,0.0,0.0
121102060102,2007,0.0,0.0,0.0
121102060102,2008,0.0,0.0,0.0
121102060102,2009,0.0,0.0,0.0
121102060102,2010,0.0,0.0,0.0
121102060102,2011,0.0,0.0,0.0
121102060102,2012,0.0,0.0,0.0
121102060102,2013,0.0,0.0,0.0
121102060102,2014,0.0,0.0,0.0
121102060102,2015,0.0,0.0,0.0
121102060102,2016,0.0,0.0,0.0
121102060102,2017,0.0,0.0,0.0
121102060102,2018,0.0,0.0,0.0
121102060102,2019,0.0,0.0,0.0
121102060102,2020,0.0,0.0,0.0
121102060103,2000,0.0,0.0,0.0
121102060103,2001,0.0,0.0,0.0
121102060103,2002,0.0,0.0,0.0
121102060103,2003,0.0,0.0,0.0
121102060103,2004,0.0,0.0,0.0
121102060103,2005,0.0,0.0,0.0
121102060103,2006,0.0,0.0,0.0
121102060103,2007,0.0,0.0,0.0
121102060103,2008,0.0,0.0,0.0
121102060103,2009,0.0,0.0,0.0
121102060103,2010,0.0,0.0,0.0
121102060103,2011,0.0,0.0,0.0
121102060103,2012,0.0,0.0,0.0
121102060103,2013,0.0,0.0,0.0
121102060103,2014,0.0,0.0,0.0
121102060103,2015,0.0,0.0,0.0
121102060103,2016,0.0,0.0,0.0
121102060103,2017,0.0,0.0,0.0
121102060103,2018,0.0,0.0,0.0
121102060103,2019,0.0,0.0,0.0
121102060103,2020,0.0,0.0,0.0
121102060104,2000,0.0,0.0,0.0
121102060104,2001,0.0,0.0,0.0
121102060104,2002,0.0,0.0,0.0
121102060104,2003,0.0,0.0,0.0
121102060104,2004,0.0,0.0,0.0
121102060104,2005,0.0,0.0,0.0
121102060104,2006,0.0,0.0,0.0
121102060104,2007,0.0,0.0,0.0
121102060104,2008,0.0,0.0,0.0
121102060104,2009,0.0,0.0,0.0
121102060104,2010,0.0,0.0,0.0
121102060104,2011,0.0,0.0,0.0
121102060104,2012,0.0,0.0,0.0
121102060104,2013,0.0,0.0,0.0
121102060104,2014,0.0,0.0,0.0
121102060104,2015,0.0,0.0,0.0
121102060104,2016,0.0,0.0,0.0
121102060104,2017,0.0,0.0,0.0
121102060104,2018,0.0,0.0,0.0
121102060104,2019,0.0,0.0,0.0
121102060104,2020,0.0,0.0,0.0
121102060105,2000,0.0,0.0,0.0
121102060105,2001,0.0,0.0,0.0
121102060105,2002,0.0,0.0,0.0
121102060105,2003,0.0,0.0,0.0
121102060105,2004,0.0,0.0,0.0
121102060105,2005,0.0,0.0,0.0
121102060105,2006,0.0,0.0,0.0
121102060105,2007,0.0,0.0,0.0
121102060105,2008,0.0,0.0,0.0
121102060105,2009,0.0,0.0,0.0
121102060105,2010,0.0,0.0,0.0
121102060105,2011,0.0,0.0,0.0
121102060105,2012,0.0,0.0,0.0
121102060105,2013,0.0,0.0,0.0
121102060105,2014,0.0,0.0,0.0
121102060105,2015,0.0,0.0,0.0
121102060105,2016,0.0,0.0,0.0
121102060105,2017,0.0,0.0,0.0
121102060105,2018,0.0,0.0,0.0
121102060105,2019,0.0,0.0,0.0
121102060105,2020,0.0,0.0,0.0
121102060201,2000,0.0,0.0,0.0
121102060201,2001,0.0,0.0,0.0
121102060201,2002,0.0,0.0,0.0
121102060201,2003,0.0,0.0,0.0
121102060201,2004,0.0,0.0,0.0
121102060201,2005,0.0,0.0,0.0
121102060201,2006,0.0,0.0,0.0
121102060201,2007,0.0,0.0,0.0
121102060201,2008,0.0,0.0,0.0
121102060201,2009,0.0,0.0,0.0
121102060201,2010,0.0,0.0,0.0
121102060201,2011,0.0,0.0,0.0
121102060201,2012,0.0,0.0,0.0
121102060201,2013,0.0,0.0,0.0
121102060201,2014,0.0,0.0,0.0
121102060201,2015,0.0,0.0,0.0
121102060201,2016,0.0,0.0,0.0
121102060201,2017,0.0,0.0,0.0
121102060201,2018,0.0,0.0,0.0
121102060201,2019,0.0,0.0,0.0
121102060201,2020,0.0,0.0,0.0
121102060202,2000,0.0,0.0,0.0
121102060202,2001,0.0,0.0,0.0
121102060202,2002,0.0,0.0,0.0
121102060202,2003,0.0,0.0,0.0
121102060202,2004,0.0,0.0,0.0
121102060202,2005,0.0,0.0,0.0
121102060202,2006,0.0,0.0,0.0
121102060202,2007,0.0,0.0,0.0
121102060202,2008,0.0,0.0,0.0
121102060202,2009,0.0,0.0,0.0
121102060202,2010,0.0,0.0,0.0
121102060202,2011,0.0,0.0,0.0
121102060202,2012,0.0,0.0,0.0
121102060202,2013,0.0,0.0,0.0
121102060202,2014,0.0,0.0,0.0
121102060202,2015,0.0,0.0,0.0
121102060202,2016,0.0,0.0,0.0
121102060202,2017,0.0,0.0,0.0
121102060202,2018,0.0,0.0,0.0
121102060202,2019,0.0,0.0,0.0
121102060202,2020,0.0,0.0,0.0
121102060203,2000,0.0,0.0,0.0
121102060203,2001,0.0,0.0,0.0
121102060203,2002,0.0,0.0,0.0
121102060203,2003,0.0,0.0,0.0
121102060203,2004,0.0,0.0,0.0
121102060203,2005,0.0,0.0,0.0
121102060203,2006,0.0,0.0,0.0
121102060203,2007,0.0,0.0,0.0
121102060203,2008,0.0,0.0,0.0
121102060203,2009,0.0,0.0,0.0
121102060203,2010,0.0,0.0,0.0
121102060203,2011,0.0,0.0,0.0
121102060203,2012,0.0,0.0,0.0
121102060203,2013,0.0,0.0,0.0
121102060203,2014,0.0,0.0,0.0
121102060203,2015,0.0,0.0,0.0
121102060203,2016,0.0,0.0,0.0
121102060203,2017,0.0,0.0,0.0
121102060203,2018,0.0,0.0,0.0
121102060203,2019,0.0,0.0,0.0
121102060203,2020,0.0,0.0,0.0
121102060204,2000,0.531028331,0.531028331,0.0
121102060204,2001,0.340892956,0.340892956,0.0
121102060204,2002,0.10726317,0.10726317,0.0
121102060204,2003,0.504464679,0.504464679,0.0
121102060204,2004,0.385891847,0.385891847,0.0
121102060204,2005,0.048483011,0.048483011,0.0
121102060204,2006,0.039883767,0.039883767,0.0
121102060204,2007,0.042486307,0.042486307,0.0
121102060204,2008,0.087907492,0.087907492,0.0
121102060204,2009,0.077388756,0.077388756,0.0
121102060204,2010,0.044380893,0.044380893,0.0
121102060204,2011,0.0,0.0,0.0
121102060204,2012,0.0,0.0,0.0
121102060204,2013,0.094745548,0.094745548,0.0
121102060204,2014,0.111394649,0.111394649,0.0
121102060204,2015,0.023663507,0.023663507,0.0
121102060204,2016,0.032675216,0.032675216,0.0
121102060204,2017,0.027506197,0.027506197,0.0
121102060204,2018,0.025397627,0.025397627,0.0
121102060204,2019,0.168623118,0.168623118,0.0
121102060204,2020,0.050485131,0.050485131,0.0
121102060205,2000,0.243478694,0.243478694,0.0
121102060205,2001,0.042476159,0.042476159,0.0
121102060205,2002,0.094548811,0.094548811,0.0
121102060205,2003,0.229716685,0.229716685,0.0
121102060205,2004,0.009694322,0.009694322,0.0
121102060205,2005,0.16948054,0.16948054,0.0
121102060205,2006,0.111732449,0.111732449,0.0
121102060205,2007,0.0,0.0,0.0
121102060205,2008,0.189615085,0.189615085,0.0
121102060205,2009,0.111488658,0.111488658,0.0
121102060205,2010,0.167124926,0.167124926,0.0
121102060205,2011,0.0,0.0,0.0
121102060205,2012,0.0,0.0,0.0
121102060205,2013,0.0,0.0,0.0
121102060205,2014,0.085475181,0.085475181,0.0
121102060205,2015,0.0,0.0,0.0
121102060205,2016,0.0,0.0,0.0
121102060205,2017,0.0,0.0,0.0
121102060205,2018,0.0,0.0,0.0
121102060205,2019,0.031194759,0.031194759,0.0
121102060205,2020,0.009916637,0.009916637,0.0
121102060206,2000,0.0,0.0,0.0
121102060206,2001,0.0,0.0,0.0
121102060206,2002,0.0,0.0,0.0
121102060206,2003,0.0,0.0,0.0
121102060206,2004,0.0,0.0,0.0
121102060206,2005,0.0,0.0,0.0
121102060206,2006,0.0,0.0,0.0
121102060206,2007,0.0,0.0,0.0
121102060206,2008,0.0,0.0,0.0
121102060206,2009,0.0,0.0,0.0
121102060206,2010,0.0,0.0,0.0
121102060206,2011,0.0,0.0,0.0
121102060206,2012,0.0,0.0,0.0
121102060206,2013,0.0,0.0,0.0
121102060206,2014,0.0,0.0,0.0
121102060206,2015,0.0,0.0,0.0
121102060206,2016,0.0,0.0,0.0
121102060206,2017,0.0,0.0,0.0
121102060206,2018,0.004262644,0.004262644,0.0
121102060206,2019,0.0,0.0,0.0
121102060206,2020,0.0,0.0,0.0
121102060301,2000,0.051205617,0.051205617,0.0
121102060301,2001,0.010191773,0.010191773,0.0
121102060301,2002,0.0,0.0,0.0
121102060301,2003,0.098550107,0.098550107,0.0
121102060301,2004,0.065539861,0.065539861,0.0
121102060301,2005,0.10104734,0.10104734,0.0
121102060301,2006,0.052767844,0.052767844,0.0
121102060301,2007,0.004610978,0.004610978,0.0
121102060301,2008,0.063862276,0.063862276,0.0
121102060301,2009,0.136937767,0.136937767,0.0
121102060301,2010,0.206582427,0.206582427,0.0
121102060301,2011,0.065686186,0.065686186,0.0
121102060301,2012,0.0,0.0,0.0
121102060301,2013,0.240409038,0.240409038,0.0
121102060301,2014,0.211215885,0.211215885,0.0
121102060301,2015,0.038026334,0.038026334,0.0
121102060301,2016,0.0,0.0,0.0
121102060301,2017,0.028078973,0.028078973,0.0
121102060301,2018,0.00785374,0.00785374,0.0
121102060301,2019,0.110704956,0.110704956,0.0
121102060301,2020,0.062239828,0.062239828,0.0
121102060302,2000,1.085969585,1.088146117,0.002176366
121102060302,2001,0.866200063,0.866200063,0.0
121102060302,2002,0.622465912,0.622465912,0.0
121102060302,2003,1.529302005,1.529302005,0.0
121102060302,2004,1.024096169,1.033396645,0.009300555
121102060302,2005,1.441608197,1.441608197,0.0
121102060302,2006,2.587811041,2.608680581,0.02086954
121102060302,2007,0.928373068,0.933976868,0.005603877
121102060302,2008,2.006476984,2.008485475,0.002008492
121102060302,2009,3.433258759,3.447046926,0.01378817
121102060302,2010,1.775839142,1.781182663,0.005343608
121102060302,2011,0.98499909,0.98499909,0.0
121102060302,2012,0.0,0.0,0.0
121102060302,2013,2.132967238,2.143685597,0.010718447
121102060302,2014,1.776677099,1.776677099,0.0
121102060302,2015,1.005507403,1.016691148,0.011183668
121102060302,2016,1.619099303,1.619099303,0.0
121102060302,2017,1.218354367,1.222020351,0.003666068
121102060302,2018,0.623577644,0.623577644,0.0
121102060302,2019,2.816248479,2.816248479,0.0
121102060302,2020,1.16645568,1.16645568,0.0
121102060303,2000,0.59895329,0.633812954,0.034859746
121102060303,2001,0.286616655,0.288346693,0.001730121
121102060303,2002,0.491952833,0.494424995,0.002472077
121102060303,2003,0.647822414,0.686980247,0.039157833
121102060303,2004,0.43173377,0.43653565,0.00480188
121102060303,2005,0.002121871,0.002284123,0.000162337
121102060303,2006,0.780002159,0.823655956,0.043653803
121102060303,2007,0.428081956,0.439960907,0.011878951
121102060303,2008,1.644687918,1.715003172,0.070315093
121102060303,2009,1.028463863,1.104687364,0.076223501
121102060303,2010,0.863990523,0.884330249,0.020339559
121102060303,2011,0.907884455,0.907884455,0.0
121102060303,2012,0.0,0.0,0.0
121102060303,2013,1.432600986,1.45886049,0.026259507
121102060303,2014,1.271126679,1.301050819,0.029924216
121102060303,2015,0.708952436,0.736956855,0.028004252
121102060303,2016,0.28462341,0.28462341,0.0
121102060303,2017,0.351227781,0.351227781,0.0
121102060303,2018,0.620409279,0.620409279,0.0
121102060303,2019,1.720732997,1.734609789,0.013876877
121102060303,2020,1.76813377,1.780597902,0.012464213
121102060304,2000,0.04630777,0.04630777,0.0
121102060304,2001,0.0,0.0,0.0
121102060304,2002,0.0,0.0,0.0
121102060304,2003,0.025545416,0.026200436,0.000655101
121102060304,2004,0.001365648,0.001416866,5.1052e-05
121102060304,2005,0.0,0.0,0.0
121102060304,2006,0.032980036,0.0346794,0.001699279
121102060304,2007,0.0,0.0,0.0
121102060304,2008,0.039962344,0.039962344,0.0
121102060304,2009,0.020334814,0.021771742,0.001437016
121102060304,2010,0.080589433,0.089147723,0.008558205
121102060304,2011,0.096226679,0.103358485,0.007131721
121102060304,2012,0.0,0.0,0.0
121102060304,2013,0.014550786,0.014939222,0.000388438
121102060304,2014,0.117581926,0.124954337,0.007372326
121102060304,2015,0.092622822,0.100786526,0.008163619
121102060304,2016,0.086823052,0.09386277,0.007039803
121102060304,2017,0.0,0.0,0.0
121102060304,2018,0.0,0.0,0.0
121102060304,2019,0.378195847,0.403193745,0.024998066
121102060304,2020,0.297601451,0.320691077,0.023089787
121102060401,2000,0.0,0.0,0.0
121102060401,2001,0.0,0.0,0.0
121102060401,2002,0.0,0.0,0.0
121102060401,2003,0.0,0.0,0.0
121102060401,2004,0.0,0.0,0.0
121102060401,2005,0.0,0.0,0.0
121102060401,2006,0.0,0.0,0.0
121102060401,2007,0.0,0.0,0.0
121102060401,2008,0.0,0.0,0.0
121102060401,2009,0.0,0.0,0.0
121102060401,2010,0.0,0.0,0.0
121102060401,2011,0.0,0.0,0.0
121102060401,2012,0.0,0.0,0.0
121102060401,2013,0.0,0.0,0.0
121102060401,2014,0.0,0.0,0.0
121102060401,2015,0.0,0.0,0.0
121102060401,2016,0.0,0.0,0.0
121102060401,2017,0.0,0.0,0.0
121102060401,2018,0.0,0.0,0.0
121102060401,2019,0.0,0.0,0.0
121102060401,2020,0.0,0.0,0.0
121102060402,2000,0.0,0.0,0.0
121102060402,2001,0.0,0.0,0.0
121102060402,2002,0.0,0.0,0.0
121102060402,2003,0.0,0.0,0.0
121102060402,2004,0.0,0.0,0.0
121102060402,2005,0.0,0.0,0.0
121102060402,2006,0.0,0.0,0.0
121102060402,2007,0.0,0.0,0.0
121102060402,2008,0.0,0.0,0.0
121102060402,2009,0.0,0.0,0.0
121102060402,2010,0.0,0.0,0.0
121102060402,2011,0.0,0.0,0.0
121102060402,2012,0.0,0.0,0.0
121102060402,2013,0.0,0.0,0.0
121102060402,2014,0.0,0.0,0.0
121102060402,2015,0.0,0.0,0.0
121102060402,2016,0.0,0.0,0.0
121102060402,2017,0.0,0.0,0.0
121102060402,2018,0.0,0.0,0.0
121102060402,2019,0.0,0.0,0.0
121102060402,2020,0.0,0.0,0.0
121102060403,2000,0.0,0.0,0.0
121102060403,2001,0.0,0.0,0.0
121102060403,2002,0.031456271,0.031456271,0.0
121102060403,2003,0.0,0.0,0.0
121102060403,2004,0.0,0.0,0.0
121102060403,2005,0.0,0.0,0.0
121102060403,2006,0.0,0.0,0.0
121102060403,2007,0.0,0.0,0.0
121102060403,2008,0.0,0.0,0.0
121102060403,2009,0.043058805,0.043058805,0.0
121102060403,2010,0.0,0.0,0.0
121102060403,2011,0.0,0.0,0.0
121102060403,2012,0.0,0.0,0.0
121102060403,2013,0.0,0.0,0.0
121102060403,2014,0.0,0.0,0.0
121102060403,2015,0.0,0.0,0.0
121102060403,2016,0.0,0.0,0.0
121102060403,2017,0.0,0.0,0.0
121102060403,2018,0.0,0.0,0.0
121102060403,2019,0.0,0.0,0.0
121102060403,2020,0.0,0.0,0.0
121102060404,2000,0.0,0.0,0.0
121102060404,2001,0.0,0.0,0.0
121102060404,2002,0.0,0.0,0.0
121102060404,2003,0.0,0.0,0.0
121102060404,2004,0.0,0.0,0.0
121102060404,2005,0.0,0.0,0.0
121102060404,2006,0.0,0.0,0.0
121102060404,2007,0.0,0.0,0.0
121102060404,2008,0.0,0.0,0.0
121102060404,2009,0.0,0.0,0.0
121102060404,2010,0.0,0.0,0.0
121102060404,2011,0.0,0.0,0.0
121102060404,2012,0.0,0.0,0.0
121102060404,2013,0.0,0.0,0.0
121102060404,2014,0.0,0.0,0.0
121102060404,2015,0.0,0.0,0.0
121102060404,2016,0.0,0.0,0.0
121102060404,2017,0.0,0.0,0.0
121102060404,2018,0.0,0.0,0.0
121102060404,2019,0.0,0.0,0.0
121102060404,2020,0.0,0.0,0.0
121102060405,2000,0.0,0.0,0.0
121102060405,2001,0.0,0.0,0.0
121102060405,2002,0.0,0.0,0.0
121102060405,2003,0.0,0.0,0.0
121102060405,2004,0.0,0.0,0.0
121102060405,2005,0.0,0.0,0.0
121102060405,2006,0.0,0.0,0.0
121102060405,2007,0.0,0.0,0.0
121102060405,2008,0.0,0.0,0.0
121102060405,2009,0.0,0.0,0.0
121102060405,2010,0.0,0.0,0.0
121102060405,2011,0.0,0.0,0.0
121102060405,2012,0.0,0.0,0.0
121102060405,2013,0.0,0.0,0.0
121102060405,2014,0.0,0.0,0.0
121102060405,2015,0.0,0.0,0.0
121102060405,2016,0.0,0.0,0.0
121102060405,2017,0.0,0.0,0.0
121102060405,2018,0.0,0.0,0.0
121102060405,2019,0.0,0.0,0.0
121102060405,2020,0.0,0.0,0.0
121102060406,2000,0.0,0.0,0.0
121102060406,2001,0.0,0.0,0.0
121102060406,2002,0.111002184,0.111002184,0.0
121102060406,2003,0.047660586,0.047660586,0.0
121102060406,2004,0.026011571,0.026011571,0.0
121102060406,2005,0.0,0.0,0.0
121102060406,2006,0.0,0.0,0.0
121102060406,2007,0.101353521,0.101353521,0.0
121102060406,2008,0.088975208,0.088975208,0.0
121102060406,2009,0.086859112,0.086859112,0.0
121102060406,2010,0.109353047,0.109353047,0.0
121102060406,2011,0.0,0.0,0.0
121102060406,2012,0.0,0.0,0.0
121102060406,2013,0.094638326,0.094638326,0.0
121102060406,2014,0.069974351,0.069974351,0.0
121102060406,2015,0.0,0.0,0.0
121102060406,2016,0.0,0.0,0.0
121102060406,2017,0.033934627,0.033934627,0.0
121102060406,2018,0.0,0.0,0.0
121102060406,2019,0.016127033,0.016127033,0.0
121102060406,2020,0.023603366,0.023603366,0.0
121102060501,2000,0.0,0.0,0.0
121102060501,2001,0.0,0.0,0.0
121102060501,2002,0.035022822,0.070046066,0.035022822
121102060501,2003,0.070122696,0.070122696,0.0
121102060501,2004,0.074426607,0.074426607,0.0
121102060501,2005,0.014340956,0.02868183,0.014340956
121102060501,2006,0.0,0.0,0.0
121102060501,2007,0.0,0.0,0.0
121102060501,2008,0.0,0.0,0.0
121102060501,2009,0.0,0.0,0.0
121102060501,2010,0.0,0.0,0.0
121102060501,2011,0.138747468,0.138747468,0.0
121102060501,2012,0.0,0.0,0.0
121102060501,2013,0.0,0.0,0.0
121102060501,2014,0.124358707,0.124358707,0.0
121102060501,2015,0.033443737,0.033443737,0.0
121102060501,2016,0.0,0.0,0.0
121102060501,2017,0.0,0.0,0.0
121102060501,2018,0.0,0.0,0.0
121102060501,2019,0.033091693,0.033091693,0.0
121102060501,2020,0.0,0.0,0.0
121102060502,2000,0.363190544,0.464438011,0.101247464
121102060502,2001,0.293051,0.422873118,0.129822036
121102060502,2002,0.065117647,0.077985189,0.01286771
121102060502,2003,0.255210912,0.393236995,0.138026
121102060502,2004,0.125398281,0.250796309,0.125398281
121102060502,2005,0.10846837,0.128669701,0.020201162
121102060502,2006,0.025400255,0.050800762,0.025400255
121102060502,2007,0.164946575,0.299358677,0.134412019
121102060502,2008,0.233555224,0.385404577,0.15184927
121102060502,2009,0.24570137,0.24570137,0.0
121102060502,2010,0.034448068,0.034448068,0.0
121102060502,2011,0.164932181,0.201628477,0.036696378
121102060502,2012,0.388182505,0.416952374,0.028769784
121102060502,2013,0.191297964,0.191297964,0.0
121102060502,2014,0.298764433,0.322639871,0.023875356
121102060502,2015,0.116882953,0.20834757,0.091464611
121102060502,2016,0.153719798,0.307439429,0.153719798
121102060502,2017,0.298228063,0.335842351,0.037614282
121102060502,2018,0.480675507,0.633301112,0.152625595
121102060502,2019,0.497032921,0.718255641,0.221222803
121102060502,2020,0.350863689,0.564997648,0.214134295
121102070100,2000,0.765570702,4.939166943,4.173595989
121102070100,2001,0.08812051,2.591780589,2.503660164
121102070100,2002,0.550033967,6.322229751,5.772195701
121102070100,2003,0.827774126,11.658790997,10.831016704
121102070100,2004,0.117109404,5.576634448,5.459525205
121102070100,2005,0.719615356,3.652870033,2.933254679
121102070100,2006,0.876260767,7.425940474,6.549679625
121102070100,2007,0.509064405,4.008379707,3.499315638
121102070100,2008,1.494448795,12.995207478,11.500758765
121102070100,2009,0.909438279,8.420724468,7.511286104
121102070100,2010,0.934503762,9.345037263,8.410533422
121102070100,2011,1.074205811,3.836449378,2.762243477
121102070100,2012,0.9909065,8.84737894,7.856472347
121102070100,2013,0.322220123,8.708653537,8.386433247
121102070100,2014,0.784442271,11.206317093,10.421874912
121102070100,2015,0.700328992,11.480804342,10.780475104
121102070100,2016,1.062359571,9.00304721,7.940687639
121102070100,2017,0.894233633,7.844155153,6.949921605
121102070100,2018,1.005521112,8.109042647,7.103521197
121102070100,2019,1.468452066,16.686954512,15.218502532
121102070100,2020,1.148116279,20.874840683,19.726724322
121102070200,2000,0.0,0.0,0.0
121102070200,2001,0.0,0.0,0.0
121102070200,2002,0.0,0.0,0.0
121102070200,2003,0.0,0.0,0.0
121102070200,2004,0.0,0.0,0.0
121102070200,2005,0.0,0.0,0.0
121102070200,2006,0.0,0.0,0.0
121102070200,2007,0.0,0.0,0.0
121102070200,2008,0.0,0.0,0.0
121102070200,2009,0.0,0.0,0.0
121102070200,2010,0.0,0.0,0.0
121102070200,2011,0.0,0.0,0.0
121102070200,2012,0.0,0.0,0.0
121102070200,2013,0.0,0.0,0.0
121102070200,2014,0.0,0.0,0.0
121102070200,2015,0.0,0.0,0.0
121102070200,2016,0.0,0.0,0.0
121102070200,2017,0.0,0.0,0.0
121102070200,2018,0.0,0.0,0.0
121102070200,2019,0.0,0.0,0.0
121102070200,2020,0.0,0.0,0.0
121102080100,2000,0.0,84.624191754,84.624191754
121102080100,2001,0.0,102.549125992,102.549125992
121102080100,2002,0.0,74.522281655,74.522281655
121102080100,2003,0.0,72.547806279,72.547806279
121102080100,2004,0.0,80.73489177,80.73489177
121102080100,2005,0.0,106.694623195,106.694623195
121102080100,2006,0.0,85.357493134,85.357493134
121102080100,2007,0.0,82.416445929,82.416445929
121102080100,2008,0.0,76.854661814,76.854661814
121102080100,2009,0.0,104.840728723,104.840728723
121102080100,2010,0.0,83.739354937,83.739354937
121102080100,2011,0.0,124.854073603,124.854073603
121102080100,2012,0.0,108.134143934,108.134143934
121102080100,2013,0.0,85.394437425,85.394437425
121102080100,2014,0.0,77.061109792,77.061109792
121102080100,2015,0.0,70.465894427,70.465894427
121102080100,2016,0.0,89.89985812,89.89985812
121102080100,2017,0.0,88.047663178,88.047663178
121102080100,2018,0.0,90.031678178,90.031678178
121102080100,2019,0.0,90.598618534,90.598618534
121102080100,2020,0.0,102.916762404,102.916762404
121102080200,2000,0.0,58.346744107,58.346744107
121102080200,2001,0.0,65.357420858,65.357420858
121102080200,2002,0.0,49.014466871,49.014466871
121102080200,2003,0.0,71.7026462,71.7026462
121102080200,2004,0.0,62.855632257,62.855632257
121102080200,2005,0.0,80.653981249,80.653981249
121102080200,2006,0.0,68.749699181,68.749699181
121102080200,2007,0.0,58.08618246,58.08618246
121102080200,2008,0.0,89.653273093,89.653273093
121102080200,2009,0.0,98.99860731,98.99860731
121102080200,2010,0.0,84.652753236,84.652753236
121102080200,2011,0.0,90.433619696,90.433619696
121102080200,2012,0.0,97.389343634,97.389343634
121102080200,2013,0.0,71.467793085,71.467793085
121102080200,2014,0.0,86.246806863,86.246806863
121102080200,2015,0.0,76.564341047,76.564341047
121102080200,2016,0.0,89.171228197,89.171228197
121102080200,2017,0.0,86.343617721,86.343617721
121102080200,2018,0.0,89.615121173,89.615121173
121102080200,2019,0.0,114.224115888,114.224115888
121102080200,2020,0.0,104.036636369,104.036636369
121102080300,2000,0.183698798,183.698644934,183.514946473
121102080300,2001,0.0,170.983988362,170.983988362
121102080300,2002,0.0,120.363478044,120.363478044
121102080300,2003,0.150168899,150.16874991,150.018581181
121102080300,2004,0.162895167,162.895235391,162.732340221
121102080300,2005,0.0,174.417725299,174.417725299
121102080300,2006,0.0,153.398010044,153.398010044
121102080300,2007,0.152487748,152.487672126,152.33518446
121102080300,2008,0.15590077,155.900986896,155.745085798
121102080300,2009,0.199284384,199.284404658,199.085120359
121102080300,2010,0.19195466,191.954650715,191.762696145
121102080300,2011,0.228570951,228.570850699,228.342279833
121102080300,2012,0.20570315,205.703203579,205.497500426
121102080300,2013,0.0,177.511454992,177.511454992
121102080300,2014,0.174015345,174.015423425,173.841408156
121102080300,2015,0.1775724,177.572425334,177.394852762
121102080300,2016,0.181077664,181.077715986,180.896638322
121102080300,2017,0.166238466,166.238585674,166.072347121
121102080300,2018,0.189813304,189.813330477,189.623517005
121102080300,2019,0.203828742,203.82882197,203.624993233
121102080300,2020,0.198487585,198.487628257,198.289140757
121102080400,2000,0.0,76.691897899,76.691897899
121102080400,2001,0.0,88.099238912,88.099238912
121102080400,2002,0.0,64.061958104,64.061958104
121102080400,2003,0.0,66.104222521,66.104222521
121102080400,2004,0.0,81.50881397,81.50881397
121102080400,2005,0.0,90.1987328,90.1987328
121102080400,2006,0.0,97.530305252,97.530305252
121102080400,2007,0.0,49.470455907,49.470455907
121102080400,2008,0.0,87.203098314,87.203098314
121102080400,2009,0.0,106.928564403,106.928564403
121102080400,2010,0.0,85.70859011,85.70859011
121102080400,2011,0.0,98.700711986,98.700711986
121102080400,2012,0.0,88.460796891,88.460796891
121102080400,2013,0.0,116.999446679,116.999446679
121102080400,2014,0.0,98.582893808,98.582893808
121102080400,2015,0.0,73.596366562,73.596366562
121102080400,2016,0.0,82.514208664,82.514208664
121102080400,2017,0.0,92.033705773,92.033705773
121102080400,2018,0.0,105.126591844,105.126591844
121102080400,2019,0.0,105.74533557,105.74533557
121102080400,2020,0.0,117.680213,117.680213
121102080500,2000,0.036009762,36.009762025,35.973752098
121102080500,2001,0.023291441,23.291419789,23.268128595
121102080500,2002,0.012845241,12.845283811,12.832438403
121102080500,2003,0.0482898,48.289822888,48.241533255
121102080500,2004,0.047465997,47.46607047,47.418604473
121102080500,2005,0.035168164,35.168194501,35.133026419
121102080500,2006,0.02736657,27.366593622,27.339227047
121102080500,2007,0.036960047,36.959997419,36.923037529
121102080500,2008,0.059034027,59.033892705,58.974858593
121102080500,2009,0.049220471,49.220496373,49.171275814
121102080500,2010,0.060175995,60.175968841,60.115792934
121102080500,2011,0.050501181,50.501225104,50.450723923
121102080500,2012,0.057159027,57.159175937,57.102016579
121102080500,2013,0.032143904,32.143948181,32.111804195
121102080500,2014,0.04610326,46.103272233,46.057168981
121102080500,2015,0.046578241,46.578267214,46.531688896
121102080500,2016,0.046972519,46.97253697,46.925564697
121102080500,2017,0.050260825,50.260979764,50.210718852
121102080500,2018,0.047936699,47.936785359,47.888848575
121102080500,2019,0.064801984,64.801960721,64.737158655
121102080500,2020,0.061883516,61.883545309,61.821661705
121102080600,2000,0.232907049,116.453466475,116.220559678
121102080600,2001,0.264483526,132.241765099,131.97728149
121102080600,2002,0.184046641,92.023182268,91.839136123
121102080600,2003,0.183074173,91.537055863,91.353981775
121102080600,2004,0.196150735,98.075400508,97.879249773
121102080600,2005,0.263238636,131.619289945,131.356051477
121102080600,2006,0.242856915,121.42850374,121.185646825
121102080600,2007,0.195155318,97.577717663,97.382562263
121102080600,2008,0.202988041,101.494030984,101.29104294
121102080600,2009,0.301340208,150.670143515,150.368803307
121102080600,2010,0.202596707,101.298304096,101.095707641
121102080600,2011,0.319132912,159.566416345,159.247283433
121102080600,2012,0.269173705,134.586890617,134.317716915
121102080600,2013,0.23000997,115.004950093,114.774939964
121102080600,2014,0.223016627,111.508351312,111.285334677
121102080600,2015,0.196191485,98.095778852,97.899587118
121102080600,2016,0.258401057,129.200605,128.942203781
121102080600,2017,0.28193469,140.967351529,140.685416753
121102080600,2018,0.264281337,132.140602967,131.876321797
121102080600,2019,0.264998597,132.499313288,132.23431486
121102080600,2020,0.27630979,138.154895197,137.87858524
121102080700,2000,0.185451,61.817016096,61.631565265
121102080700,2001,0.198403077,66.1343872,65.935983877
121102080700,2002,0.100684959,33.561688542,33.461003334
121102080700,2003,0.15805514,52.685023121,52.526968315
121102080700,2004,0.139925762,46.64195388,46.502028115
121102080700,2005,0.139881611,46.627174718,46.487293356
121102080700,2006,0.147726811,49.242220066,49.094493419
121102080700,2007,0.167269236,55.756412301,55.589142896
121102080700,2008,0.154398492,51.466163847,51.311765276
121102080700,2009,0.184124173,61.374766301,61.190641795
121102080700,2010,0.210981014,70.326935775,70.115955096
121102080700,2011,0.233415863,77.805324441,77.571908414
121102080700,2012,0.200167672,66.722532708,66.522365202
121102080700,2013,0.163661233,54.553684518,54.390023285
121102080700,2014,0.180959167,60.319748899,60.138789649
121102080700,2015,0.207299893,69.099924696,68.892624797
121102080700,2016,0.177576992,59.192324776,59.014747866
121102080700,2017,0.166600038,55.533330353,55.3667304
121102080700,2018,0.179438855,59.812966093,59.633527318
121102080700,2019,0.255328411,85.109399682,84.854071438
121102080700,2020,0.231072448,77.024151227,76.793078699
121102080800,2000,0.157355243,52.451739628,52.294384555
121102080800,2001,0.189987088,63.329040729,63.139053803
121102080800,2002,0.147498701,49.166252192,49.01875366
121102080800,2003,0.163172247,54.390723164,54.227551175
121102080800,2004,0.146220391,48.740116055,48.593895749
121102080800,2005,0.205413956,68.471308819,68.265894786
121102080800,2006,0.183911485,61.303869679,61.119957855
121102080800,2007,0.146631888,48.877296101,48.730664386
121102080800,2008,0.15273779,50.912585115,50.759847325
121102080800,2009,0.183860712,61.286900764,61.103040129
121102080800,2010,0.140452016,46.817343918,46.676891816
121102080800,2011,0.205693468,68.564463759,68.358770288
121102080800,2012,0.21675577,72.251928148,72.035172459
121102080800,2013,0.205227447,68.409166101,68.203938658
121102080800,2014,0.163810142,54.603395975,54.439585918
121102080800,2015,0.150119192,50.039769403,49.889650205
121102080800,2016,0.17922527,59.741769869,59.562544516
121102080800,2017,0.188920359,62.973471203,62.78455077
121102080800,2018,0.236915866,78.971956282,78.735040332
121102080800,2019,0.224902652,74.967556932,74.742654274
121102080800,2020,0.253740626,84.580189328,84.326448784
121102080900,2000,0.087408161,29.136049667,29.048641339
121102080900,2001,0.127282767,42.427598334,42.300315652
121102080900,2002,0.122453222,40.817723332,40.695270112
121102080900,2003,0.102131855,34.04392209,33.941790236
121102080900,2004,0.104847235,34.94912921,34.844281811
121102080900,2005,0.127358981,42.453006463,42.325647318
121102080900,2006,0.13618603,45.395312986,45.259127126
121102080900,2007,0.088960855,29.653638789,29.564677847
121102080900,2008,0.122909164,40.969726888,40.846817721
121102080900,2009,0.121673348,40.557799995,40.436126474
121102080900,2010,0.097063438,32.354461701,32.257398181
121102080900,2011,0.107679088,35.893013279,35.785334279
121102080900,2012,0.100171019,33.390342626,33.29017144
121102080900,2013,0.113662293,37.887392296,37.773730005
121102080900,2014,0.090098438,30.03287766,29.942779055
121102080900,2015,0.108070995,36.023712975,35.915641981
121102080900,2016,0.124464795,41.488261096,41.363796383
121102080900,2017,0.113644279,37.881420274,37.767776164
121102080900,2018,0.106728767,35.576248329,35.469519647
121102080900,2019,0.105141027,35.047069666,34.941928551
121102080900,2020,0.129500016,43.166648254,43.037148158
121102081000,2000,0.0,0.0,0.0
121102081000,2001,0.0,0.0,0.0
121102081000,2002,0.0,0.0,0.0
121102081000,2003,0.0,0.0,0.0
121102081000,2004,0.0,0.0,0.0
121102081000,2005,0.0,0.0,0.0
121102081000,2006,0.0,0.0,0.0
121102081000,2007,0.0,0.0,0.0
121102081000,2008,0.0,0.0,0.0
121102081000,2009,0.0,0.0,0.0
121102081000,2010,0.0,0.0,0.0
121102081000,2011,0.0,0.0,0.0
121102081000,2012,0.0,0.0,0.0
121102081000,2013,0.0,0.0,0.0
121102081000,2014,0.0,0.0,0.0
121102081000,2015,0.0,0.0,0.0
121102081000,2016,0.0,0.0,0.0
121102081000,2017,0.0,0.0,0.0
121102081000,2018,0.0,0.0,0.0
121102081000,2019,0.0,0.0,0.0
121102081000,2020,0.0,0.0,0.0
121102081100,2000,0.0,0.0,0.0
121102081100,2001,0.0,0.0,0.0
121102081100,2002,0.0,0.0,0.0
121102081100,2003,0.0,0.0,0.0
121102081100,2004,0.0,0.0,0.0
121102081100,2005,0.0,0.0,0.0
121102081100,2006,0.0,0.0,0.0
121102081100,2007,0.0,0.0,0.0
121102081100,2008,0.0,0.0,0.0
121102081100,2009,0.0,0.0,0.0
121102081100,2010,0.0,0.0,0.0
121102081100,2011,0.0,0.0,0.0
121102081100,2012,0.0,0.0,0.0
121102081100,2013,0.0,0.0,0.0
121102081100,2014,0.0,0.0,0.0
121102081100,2015,0.0,0.0,0.0
121102081100,2016,0.0,0.0,0.0
121102081100,2017,0.0,0.0,0.0
121102081100,2018,0.0,0.0,0.0
121102081100,2019,0.0,0.0,0.0
121102081100,2020,0.0,0.0,0.0
130401000101,2000,0.005872847,0.028509115,0.02263627
130401000101,2001,0.005736868,0.027848899,0.02211186
130401000101,2002,0.005181027,0.025150342,0.019969488
130401000101,2003,0.017852874,0.086664775,0.068811647
130401000101,2004,0.037901383,0.183986803,0.146085585
130401000101,2005,0.129090471,0.626653052,0.497562247
130401000101,2006,0.038585189,0.187306592,0.148721485
130401000101,2007,0.191886274,0.931486704,0.739600345
130401000101,2008,0.17842179,0.86612503,0.687703322
130401000101,2009,0.011298548,0.054847523,0.043548805
130401000101,2010,0.01955634,0.094934134,0.075377712
130401000101,2011,0.01855357,0.090066153,0.071512419
130401000101,2012,0.025464973,0.123616634,0.098151828
130401000101,2013,0.123082984,0.597490479,0.474407332
130401000101,2014,0.086926753,0.421975011,0.335048258
130401000101,2015,0.059652389,0.289574729,0.229922337
130401000101,2016,0.071370052,0.346456697,0.27508665
130401000101,2017,0.071391521,0.346561466,0.275169778
130401000101,2018,0.0,0.0,0.0
130401000101,2019,0.0,0.0,0.0
130401000101,2020,0.0,0.0,0.0
130401000102,2000,0.028819822,0.13990238,0.111082642
130401000102,2001,0.028415704,0.137940279,0.109524655
130401000102,2002,0.012844296,0.062350951,0.049506488
130401000102,2003,0.023807888,0.115572145,0.091764175
130401000102,2004,0.037336571,0.181245568,0.143909079
130401000102,2005,0.043629101,0.211791329,0.168162397
130401000102,2006,0.120076419,0.582895729,0.462819058
130401000102,2007,0.034793219,0.168898858,0.134105636
130401000102,2008,0.143568484,0.696933784,0.553365552
130401000102,2009,0.028133753,0.136571819,0.108437896
130401000102,2010,0.031555532,0.153182644,0.121627027
130401000102,2011,0.034794693,0.1689054,0.134110874
130401000102,2012,0.024075732,0.116873333,0.09279735
130401000102,2013,0.104128649,0.505478967,0.401350403
130401000102,2014,0.158718545,0.770478474,0.611759685
130401000102,2015,0.023716515,0.115128197,0.091411682
130401000102,2016,0.16664194,0.808941557,0.642299451
130401000102,2017,0.091105115,0.442257384,0.351152351
130401000102,2018,0.0,0.0,0.0
130401000102,2019,0.0,0.0,0.0
130401000102,2020,0.0,0.0,0.0
130401000103,2000,0.013098473,0.063584566,0.050486093
130401000103,2001,0.013669241,0.066355784,0.052686548
130401000103,2002,0.005692167,0.027632003,0.021939918
130401000103,2003,0.014348455,0.06965243,0.05530414
130401000103,2004,0.021575634,0.104735844,0.083160131
130401000103,2005,0.027656951,0.134257293,0.106600175
130401000103,2006,0.011564222,0.056137126,0.044572904
130401000103,2007,0.013027521,0.063240597,0.050212995
130401000103,2008,0.019921399,0.096705981,0.076784664
130401000103,2009,0.019716195,0.09570963,0.075993351
130401000103,2010,0.011231907,0.054523704,0.043291797
130401000103,2011,0.0,0.0,0.0
130401000103,2012,0.021925661,0.106435249,0.084509672
130401000103,2013,0.028514282,0.138418671,0.109904389
130401000103,2014,0.041485868,0.201388063,0.159902112
130401000103,2015,0.047033181,0.228316323,0.18128306
130401000103,2016,0.038309921,0.18596994,0.147660104
130401000103,2017,0.01004717,0.048772838,0.038725668
130401000103,2018,0.0,0.0,0.0
130401000103,2019,0.0,0.0,0.0
130401000103,2020,0.0,0.0,0.0
130401000201,2000,0.006356467,0.030855811,0.024499847
130401000201,2001,0.0,0.0,0.0
130401000201,2002,0.0154164,0.074836805,0.059420233
130401000201,2003,0.0,0.0,0.0
130401000201,2004,0.011248719,0.054605877,0.043357077
130401000201,2005,0.0,0.0,0.0
130401000201,2006,0.019004301,0.092253929,0.073249625
130401000201,2007,0.0,0.0,0.0
130401000201,2008,0.02439891,0.118441251,0.094042426
130401000201,2009,0.017984351,0.087302636,0.069318367
130401000201,2010,0.018316162,0.088913326,0.070597164
130401000201,2011,0.0,0.0,0.0
130401000201,2012,0.0,0.0,0.0
130401000201,2013,0.033413871,0.162202926,0.128789225
130401000201,2014,0.040659767,0.197377082,0.156717567
130401000201,2015,0.02040509,0.099054271,0.078649011
130401000201,2016,0.041220615,0.20010029,0.158879505
130401000201,2017,0.043939745,0.213299721,0.16936006
130401000201,2018,0.0,0.0,0.0
130401000201,2019,0.0,0.0,0.0
130401000201,2020,0.0,0.0,0.0
130401000202,2000,0.0,0.0,0.0
130401000202,2001,0.0,0.0,0.0
130401000202,2002,0.0,0.0,0.0
130401000202,2003,0.0,0.0,0.0
130401000202,2004,0.0,0.0,0.0
130401000202,2005,0.0,0.0,0.0
130401000202,2006,0.0,0.0,0.0
130401000202,2007,0.0,0.0,0.0
130401000202,2008,0.0,0.0,0.0
130401000202,2009,0.0,0.0,0.0
130401000202,2010,0.0,0.0,0.0
130401000202,2011,0.0,0.0,0.0
130401000202,2012,0.0,0.0,0.0
130401000202,2013,0.0,0.0,0.0
130401000202,2014,0.0,0.0,0.0
130401000202,2015,0.0,0.0,0.0
130401000202,2016,0.0,0.0,0.0
130401000202,2017,0.0,0.0,0.0
130401000202,2018,0.0,0.0,0.0
130401000202,2019,0.0,0.0,0.0
130401000202,2020,0.0,0.0,0.0
130401000303,2000,0.0,0.0,0.0
130401000303,2001,0.0,0.0,0.0
130401000303,2002,0.0,0.0,0.0
130401000303,2003,0.0,0.0,0.0
130401000303,2004,0.0,0.0,0.0
130401000303,2005,0.0,0.0,0.0
130401000303,2006,0.0,0.0,0.0
130401000303,2007,0.0,0.0,0.0
130401000303,2008,0.0,0.0,0.0
130401000303,2009,0.0,0.0,0.0
130401000303,2010,0.0,0.0,0.0
130401000303,2011,0.0,0.0,0.0
130401000303,2012,0.0,0.0,0.0
130401000303,2013,0.0,0.0,0.0
130401000303,2014,0.0,0.0,0.0
130401000303,2015,0.0,0.0,0.0
130401000303,2016,0.0,0.0,0.0
130401000303,2017,0.0,0.0,0.0
130401000303,2018,0.0,0.0,0.0
130401000303,2019,0.0,0.0,0.0
130401000303,2020,0.0,0.0,0.0
130401000304,2000,0.0,0.0,0.0
130401000304,2001,0.0,0.0,0.0
130401000304,2002,0.012168488,0.059069964,0.046901641
130401000304,2003,0.0,0.0,0.0
130401000304,2004,0.021659713,0.105144055,0.08348426
130401000304,2005,0.0,0.0,0.0
130401000304,2006,0.022619329,0.109803101,0.087183605
130401000304,2007,0.0,0.0,0.0
130401000304,2008,0.00949179,0.046076254,0.036584467
130401000304,2009,0.0,0.0,0.0
130401000304,2010,0.0,0.0,0.0
130401000304,2011,0.0,0.0,0.0
130401000304,2012,0.0,0.0,0.0
130401000304,2013,0.024357767,0.118241638,0.093883956
130401000304,2014,0.017902879,0.086906795,0.069004173
130401000304,2015,0.0,0.0,0.0
130401000304,2016,0.020532964,0.099675249,0.079141956
130401000304,2017,0.020504326,0.099535641,0.079031233
130401000304,2018,0.0,0.0,0.0
130401000304,2019,0.0,0.0,0.0
130401000304,2020,0.0,0.0,0.0
130401000305,2000,0.0,0.0,0.0
130401000305,2001,0.0,0.0,0.0
130401000305,2002,0.0,0.0,0.0
130401000305,2003,0.0,0.0,0.0
130401000305,2004,0.0,0.0,0.0
130401000305,2005,0.0,0.0,0.0
130401000305,2006,0.0,0.0,0.0
130401000305,2007,0.0,0.0,0.0
130401000305,2008,0.0,0.0,0.0
130401000305,2009,0.0,0.0,0.0
130401000305,2010,0.0,0.0,0.0
130401000305,2011,0.0,0.0,0.0
130401000305,2012,0.0,0.0,0.0
130401000305,2013,0.0,0.0,0.0
130401000305,2014,0.0,0.0,0.0
130401000305,2015,0.0,0.0,0.0
130401000305,2016,0.0,0.0,0.0
130401000305,2017,0.0,0.0,0.0
130401000305,2018,0.0,0.0,0.0
130401000305,2019,0.0,0.0,0.0
130401000305,2020,0.0,0.0,0.0
130401000306,2000,0.0,0.0,0.0
130401000306,2001,0.0,0.0,0.0
130401000306,2002,0.0,0.0,0.0
130401000306,2003,0.0,0.0,0.0
130401000306,2004,0.0,0.0,0.0
130401000306,2005,0.0,0.0,0.0
130401000306,2006,0.0,0.0,0.0
130401000306,2007,0.0,0.0,0.0
130401000306,2008,0.0,0.0,0.0
130401000306,2009,0.0,0.0,0.0
130401000306,2010,0.0,0.0,0.0
130401000306,2011,0.0,0.0,0.0
130401000306,2012,0.0,0.0,0.0
130401000306,2013,0.0,0.0,0.0
130401000306,2014,0.0,0.0,0.0
130401000306,2015,0.0,0.0,0.0
130401000306,2016,0.0,0.0,0.0
130401000306,2017,0.0,0.0,0.0
130401000306,2018,0.0,0.0,0.0
130401000306,2019,0.0,0.0,0.0
130401000306,2020,0.0,0.0,0.0
130401000401,2000,0.0,0.0,0.0
130401000401,2001,0.0,0.0,0.0
130401000401,2002,0.0,0.0,0.0
130401000401,2003,0.0,0.0,0.0
130401000401,2004,0.0,0.0,0.0
130401000401,2005,0.0,0.0,0.0
130401000401,2006,0.0,0.0,0.0
130401000401,2007,0.0,0.0,0.0
130401000401,2008,0.0,0.0,0.0
130401000401,2009,0.0,0.0,0.0
130401000401,2010,0.0,0.0,0.0
130401000401,2011,0.0,0.0,0.0
130401000401,2012,0.0,0.0,0.0
130401000401,2013,0.0,0.0,0.0
130401000401,2014,0.0,0.0,0.0
130401000401,2015,0.0,0.0,0.0
130401000401,2016,0.0,0.0,0.0
130401000401,2017,0.0,0.0,0.0
130401000401,2018,0.0,0.0,0.0
130401000401,2019,0.0,0.0,0.0
130401000401,2020,0.0,0.0,0.0
130401000402,2000,0.0,0.0,0.0
130401000402,2001,0.0,0.0,0.0
130401000402,2002,0.0,0.0,0.0
130401000402,2003,0.0,0.0,0.0
130401000402,2004,0.0,0.0,0.0
130401000402,2005,0.0,0.0,0.0
130401000402,2006,0.0,0.0,0.0
130401000402,2007,0.0,0.0,0.0
130401000402,2008,0.0,0.0,0.0
130401000402,2009,0.0,0.0,0.0
130401000402,2010,0.0,0.0,0.0
130401000402,2011,0.0,0.0,0.0
130401000402,2012,0.0,0.0,0.0
130401000402,2013,0.0,0.0,0.0
130401000402,2014,0.0,0.0,0.0
130401000402,2015,0.0,0.0,0.0
130401000402,2016,0.0,0.0,0.0
130401000402,2017,0.0,0.0,0.0
130401000402,2018,0.0,0.0,0.0
130401000402,2019,0.0,0.0,0.0
130401000402,2020,0.0,0.0,0.0
130401000403,2000,0.0,0.0,0.0
130401000403,2001,0.0,0.0,0.0
130401000403,2002,0.0,0.0,0.0
130401000403,2003,0.0,0.0,0.0
130401000403,2004,0.0,0.0,0.0
130401000403,2005,0.0,0.0,0.0
130401000403,2006,0.0,0.0,0.0
130401000403,2007,0.0,0.0,0.0
130401000403,2008,0.0,0.0,0.0
130401000403,2009,0.0,0.0,0.0
130401000403,2010,0.0,0.0,0.0
130401000403,2011,0.0,0.0,0.0
130401000403,2012,0.0,0.0,0.0
130401000403,2013,0.0,0.0,0.0
130401000403,2014,0.0,0.0,0.0
130401000403,2015,0.0,0.0,0.0
130401000403,2016,0.0,0.0,0.0
130401000403,2017,0.0,0.0,0.0
130401000403,2018,0.0,0.0,0.0
130401000403,2019,0.0,0.0,0.0
130401000403,2020,0.0,0.0,0.0
130401000404,2000,0.0,0.0,0.0
130401000404,2001,0.0,0.0,0.0
130401000404,2002,0.0,0.0,0.0
130401000404,2003,0.0,0.0,0.0
130401000404,2004,0.0,0.0,0.0
130401000404,2005,0.0,0.0,0.0
130401000404,2006,0.0,0.0,0.0
130401000404,2007,0.0,0.0,0.0
130401000404,2008,0.005044098,0.024486727,0.019442459
130401000404,2009,0.0,0.0,0.0
130401000404,2010,0.006041833,0.029329671,0.023287674
130401000404,2011,0.0,0.0,0.0
130401000404,2012,0.0,0.0,0.0
130401000404,2013,0.0,0.0,0.0
130401000404,2014,0.0,0.0,0.0
130401000404,2015,0.005160436,0.025050019,0.019889668
130401000404,2016,0.0,0.0,0.0
130401000404,2017,0.0,0.0,0.0
130401000404,2018,0.0,0.0,0.0
130401000404,2019,0.0,0.0,0.0
130401000404,2020,0.0,0.0,0.0
130401000405,2000,0.0,0.0,0.0
130401000405,2001,0.0,0.0,0.0
130401000405,2002,0.023094792,0.025267964,0.002172921
130401000405,2003,0.0,0.0,0.0
130401000405,2004,0.0,0.0,0.0
130401000405,2005,0.020652668,0.022595959,0.001943123
130401000405,2006,0.014986408,0.016396504,0.001410096
130401000405,2007,0.0,0.0,0.0
130401000405,2008,0.0,0.0,0.0
130401000405,2009,0.0,0.0,0.0
130401000405,2010,0.0,0.0,0.0
130401000405,2011,0.0,0.0,0.0
130401000405,2012,0.0,0.0,0.0
130401000405,2013,0.019377786,0.021201162,0.00182329
130401000405,2014,0.0,0.0,0.0
130401000405,2015,0.0,0.0,0.0
130401000405,2016,0.0,0.0,0.0
130401000405,2017,0.0,0.0,0.0
130401000405,2018,0.0,0.0,0.0
130401000405,2019,0.0,0.0,0.0
130401000405,2020,0.0,0.0,0.0
130401000701,2000,0.0,0.0,0.0
130401000701,2001,0.0,0.0,0.0
130401000701,2002,0.0,0.0,0.0
130401000701,2003,0.0,0.0,0.0
130401000701,2004,0.0,0.0,0.0
130401000701,2005,0.0,0.0,0.0
130401000701,2006,0.02446094,0.026762685,0.002301496
130401000701,2007,0.0,0.0,0.0
130401000701,2008,0.030599426,0.033478566,0.002879055
130401000701,2009,0.0,0.0,0.0
130401000701,2010,0.0,0.0,0.0
130401000701,2011,0.0,0.0,0.0
130401000701,2012,0.0,0.0,0.0
130401000701,2013,0.022607403,0.024734701,0.002127132
130401000701,2014,0.030218252,0.033061553,0.002843301
130401000701,2015,0.0,0.0,0.0
130401000701,2016,0.0,0.0,0.0
130401000701,2017,0.0,0.0,0.0
130401000701,2018,0.0,0.0,0.0
130401000701,2019,0.0,0.0,0.0
130401000701,2020,0.0,0.0,0.0
130401000702,2000,0.0,0.0,0.0
130401000702,2001,0.0,0.0,0.0
130401000702,2002,0.0,0.0,0.0
130401000702,2003,0.0,0.0,0.0
130401000702,2004,0.0,0.0,0.0
130401000702,2005,0.0,0.0,0.0
130401000702,2006,0.0,0.0,0.0
130401000702,2007,0.0,0.0,0.0
130401000702,2008,0.0,0.0,0.0
130401000702,2009,0.0,0.0,0.0
130401000702,2010,0.0,0.0,0.0
130401000702,2011,0.0,0.0,0.0
130401000702,2012,0.0,0.0,0.0
130401000702,2013,0.0,0.0,0.0
130401000702,2014,0.0,0.0,0.0
130401000702,2015,0.0,0.0,0.0
130401000702,2016,0.0,0.0,0.0
130401000702,2017,0.0,0.0,0.0
130401000702,2018,0.0,0.0,0.0
130401000702,2019,0.0,0.0,0.0
130401000702,2020,0.0,0.0,0.0
130401000703,2000,0.0,0.0,0.0
130401000703,2001,0.0,0.0,0.0
130401000703,2002,0.0,0.0,0.0
130401000703,2003,0.0,0.0,0.0
130401000703,2004,0.0,0.0,0.0
130401000703,2005,0.0,0.0,0.0
130401000703,2006,0.0,0.0,0.0
130401000703,2007,0.0,0.0,0.0
130401000703,2008,0.0,0.0,0.0
130401000703,2009,0.0,0.0,0.0
130401000703,2010,0.0,0.0,0.0
130401000703,2011,0.0,0.0,0.0
130401000703,2012,0.0,0.0,0.0
130401000703,2013,0.0,0.0,0.0
130401000703,2014,0.0,0.0,0.0
130401000703,2015,0.0,0.0,0.0
130401000703,2016,0.0,0.0,0.0
130401000703,2017,0.0,0.0,0.0
130401000703,2018,0.0,0.0,0.0
130401000703,2019,0.0,0.0,0.0
130401000703,2020,0.0,0.0,0.0
130401000704,2000,0.0,0.0,0.0
130401000704,2001,0.0,0.0,0.0
130401000704,2002,0.0,0.0,0.0
130401000704,2003,0.0,0.0,0.0
130401000704,2004,0.0,0.0,0.0
130401000704,2005,0.0,0.0,0.0
130401000704,2006,0.0,0.0,0.0
130401000704,2007,0.0,0.0,0.0
130401000704,2008,0.0,0.0,0.0
130401000704,2009,0.0,0.0,0.0
130401000704,2010,0.0,0.0,0.0
130401000704,2011,0.0,0.0,0.0
130401000704,2012,0.0,0.0,0.0
130401000704,2013,0.0,0.0,0.0
130401000704,2014,0.0,0.0,0.0
130401000704,2015,0.0,0.0,0.0
130401000704,2016,0.0,0.0,0.0
130401000704,2017,0.0,0.0,0.0
130401000704,2018,0.0,0.0,0.0
130401000704,2019,0.0,0.0,0.0
130401000704,2020,0.0,0.0,0.0
130401000705,2000,0.0,0.0,0.0
130401000705,2001,0.0,0.0,0.0
130401000705,2002,0.0,0.0,0.0
130401000705,2003,0.0,0.0,0.0
130401000705,2004,0.0,0.0,0.0
130401000705,2005,0.0,0.0,0.0
130401000705,2006,0.0,0.0,0.0
130401000705,2007,0.0,0.0,0.0
130401000705,2008,0.0,0.0,0.0
130401000705,2009,0.0,0.0,0.0
130401000705,2010,0.0,0.0,0.0
130401000705,2011,0.0,0.0,0.0
130401000705,2012,0.0,0.0,0.0
130401000705,2013,0.0,0.0,0.0
130401000705,2014,0.0,0.0,0.0
130401000705,2015,0.0,0.0,0.0
130401000705,2016,0.0,0.0,0.0
130401000705,2017,0.0,0.0,0.0
130401000705,2018,0.0,0.0,0.0
130401000705,2019,0.0,0.0,0.0
130401000705,2020,0.0,0.0,0.0
130401000706,2000,0.0,0.0,0.0
130401000706,2001,0.0,0.0,0.0
130401000706,2002,0.0,0.0,0.0
130401000706,2003,0.0,0.0,0.0
130401000706,2004,0.0,0.0,0.0
130401000706,2005,0.0,0.0,0.0
130401000706,2006,0.0,0.0,0.0
130401000706,2007,0.0,0.0,0.0
130401000706,2008,0.0,0.0,0.0
130401000706,2009,0.0,0.0,0.0
130401000706,2010,0.0,0.0,0.0
130401000706,2011,0.0,0.0,0.0
130401000706,2012,0.0,0.0,0.0
130401000706,2013,0.0,0.0,0.0
130401000706,2014,0.0,0.0,0.0
130401000706,2015,0.0,0.0,0.0
130401000706,2016,0.0,0.0,0.0
130401000706,2017,0.0,0.0,0.0
130401000706,2018,0.0,0.0,0.0
130401000706,2019,0.0,0.0,0.0
130401000706,2020,0.0,0.0,0.0
130401000803,2000,0.0,0.0,0.0
130401000803,2001,0.0,0.0,0.0
130401000803,2002,0.018967405,0.020752085,0.001784762
130401000803,2003,0.0,0.0,0.0
130401000803,2004,0.0,0.0,0.0
130401000803,2005,0.015064342,0.016481693,0.001417348
130401000803,2006,0.0,0.0,0.0
130401000803,2007,0.01901166,0.020800553,0.00178889
130401000803,2008,0.0,0.0,0.0
130401000803,2009,0.019612901,0.021458233,0.001845414
130401000803,2010,0.0,0.0,0.0
130401000803,2011,0.035309874,0.038632416,0.003322373
130401000803,2012,0.0,0.0,0.0
130401000803,2013,0.0,0.0,0.0
130401000803,2014,0.012799181,0.014003444,0.001204096
130401000803,2015,0.013939666,0.01525134,0.001311674
130401000803,2016,0.021684648,0.023725199,0.002040391
130401000803,2017,0.0,0.0,0.0
130401000803,2018,0.022673885,0.024807408,0.002133438
130401000803,2019,0.021002682,0.022978942,0.00197609
130401000803,2020,0.026384186,0.028866817,0.002482549
130401000901,2000,0.0,0.0,0.0
130401000901,2001,0.0,0.0,0.0
130401000901,2002,0.0,0.0,0.0
130401000901,2003,0.0,0.0,0.0
130401000901,2004,0.0,0.0,0.0
130401000901,2005,0.0,0.0,0.0
130401000901,2006,0.0,0.0,0.0
130401000901,2007,0.0,0.0,0.0
130401000901,2008,0.0,0.0,0.0
130401000901,2009,0.0,0.0,0.0
130401000901,2010,0.0,0.0,0.0
130401000901,2011,0.0,0.0,0.0
130401000901,2012,0.0,0.0,0.0
130401000901,2013,0.0,0.0,0.0
130401000901,2014,0.0,0.0,0.0
130401000901,2015,0.0,0.0,0.0
130401000901,2016,0.0,0.0,0.0
130401000901,2017,0.0,0.0,0.0
130401000901,2018,0.0,0.0,0.0
130401000901,2019,0.0,0.0,0.0
130401000901,2020,0.0,0.0,0.0
130401000902,2000,0.0,0.0,0.0
130401000902,2001,0.0,0.0,0.0
130401000902,2002,0.0,0.0,0.0
130401000902,2003,0.0,0.0,0.0
130401000902,2004,0.0,0.0,0.0
130401000902,2005,0.0,0.0,0.0
130401000902,2006,0.0,0.0,0.0
130401000902,2007,0.0,0.0,0.0
130401000902,2008,0.0,0.0,0.0
130401000902,2009,0.0,0.0,0.0
130401000902,2010,0.0,0.0,0.0
130401000902,2011,0.0,0.0,0.0
130401000902,2012,0.0,0.0,0.0
130401000902,2013,0.0,0.0,0.0
130401000902,2014,0.0,0.0,0.0
130401000902,2015,0.0,0.0,0.0
130401000902,2016,0.0,0.0,0.0
130401000902,2017,0.0,0.0,0.0
130401000902,2018,0.0,0.0,0.0
130401000902,2019,0.0,0.0,0.0
130401000902,2020,0.0,0.0,0.0
130401000903,2000,0.0,0.0,0.0
130401000903,2001,0.0,0.0,0.0
130401000903,2002,0.0,0.0,0.0
130401000903,2003,0.0,0.0,0.0
130401000903,2004,0.0,0.0,0.0
130401000903,2005,0.0,0.0,0.0
130401000903,2006,0.0,0.0,0.0
130401000903,2007,0.0,0.0,0.0
130401000903,2008,0.0,0.0,0.0
130401000903,2009,0.0,0.0,0.0
130401000903,2010,0.0,0.0,0.0
130401000903,2011,0.0,0.0,0.0
130401000903,2012,0.0,0.0,0.0
130401000903,2013,0.0,0.0,0.0
130401000903,2014,0.0,0.0,0.0
130401000903,2015,0.0,0.0,0.0
130401000903,2016,0.0,0.0,0.0
130401000903,2017,0.0,0.0,0.0
130401000903,2018,0.0,0.0,0.0
130401000903,2019,0.0,0.0,0.0
130401000903,2020,0.0,0.0,0.0
130401000904,2000,0.0,0.0,0.0
130401000904,2001,0.0,0.0,0.0
130401000904,2002,0.0,0.0,0.0
130401000904,2003,0.0,0.0,0.0
130401000904,2004,0.0,0.0,0.0
130401000904,2005,0.0,0.0,0.0
130401000904,2006,0.0,0.0,0.0
130401000904,2007,0.0,0.0,0.0
130401000904,2008,0.0,0.0,0.0
130401000904,2009,0.0,0.0,0.0
130401000904,2010,0.0,0.0,0.0
130401000904,2011,0.0,0.0,0.0
130401000904,2012,0.0,0.0,0.0
130401000904,2013,0.0,0.0,0.0
130401000904,2014,0.0,0.0,0.0
130401000904,2015,0.0,0.0,0.0
130401000904,2016,0.0,0.0,0.0
130401000904,2017,0.0,0.0,0.0
130401000904,2018,0.0,0.0,0.0
130401000904,2019,0.0,0.0,0.0
130401000904,2020,0.0,0.0,0.0
130401000905,2000,0.0,0.0,0.0
130401000905,2001,0.0,0.0,0.0
130401000905,2002,0.0,0.0,0.0
130401000905,2003,0.0,0.0,0.0
130401000905,2004,0.0,0.0,0.0
130401000905,2005,0.0,0.0,0.0
130401000905,2006,0.0,0.0,0.0
130401000905,2007,0.0,0.0,0.0
130401000905,2008,0.0,0.0,0.0
130401000905,2009,0.0,0.0,0.0
130401000905,2010,0.0,0.0,0.0
130401000905,2011,0.0,0.0,0.0
130401000905,2012,0.0,0.0,0.0
130401000905,2013,0.0,0.0,0.0
130401000905,2014,0.0,0.0,0.0
130401000905,2015,0.0,0.0,0.0
130401000905,2016,0.0,0.0,0.0
130401000905,2017,0.0,0.0,0.0
130401000905,2018,0.0,0.0,0.0
130401000905,2019,0.0,0.0,0.0
130401000905,2020,0.0,0.0,0.0
130402010301,2000,0.0,0.0,0.0
130402010301,2001,0.0,0.0,0.0
130402010301,2002,0.0,0.0,0.0
130402010301,2003,0.0,0.0,0.0
130402010301,2004,0.0,0.0,0.0
130402010301,2005,0.0,0.0,0.0
130402010301,2006,0.0,0.0,0.0
130402010301,2007,0.0,0.0,0.0
130402010301,2008,0.0,0.0,0.0
130402010301,2009,0.0,0.0,0.0
130402010301,2010,0.0,0.0,0.0
130402010301,2011,0.0,0.0,0.0
130402010301,2012,0.0,0.0,0.0
130402010301,2013,0.0,0.0,0.0
130402010301,2014,0.0,0.0,0.0
130402010301,2015,0.0,0.0,0.0
130402010301,2016,0.0,0.0,0.0
130402010301,2017,0.0,0.0,0.0
130402010301,2018,0.0,0.0,0.0
130402010301,2019,0.0,0.0,0.0
130402010301,2020,0.0,0.0,0.0
130402010302,2000,0.0,0.0,0.0
130402010302,2001,0.0,0.0,0.0
130402010302,2002,0.0,0.0,0.0
130402010302,2003,0.0,0.0,0.0
130402010302,2004,0.0,0.0,0.0
130402010302,2005,0.0,0.0,0.0
130402010302,2006,0.0,0.0,0.0
130402010302,2007,0.0,0.0,0.0
130402010302,2008,0.0,0.0,0.0
130402010302,2009,0.0,0.0,0.0
130402010302,2010,0.0,0.0,0.0
130402010302,2011,0.0,0.0,0.0
130402010302,2012,0.0,0.0,0.0
130402010302,2013,0.0,0.0,0.0
130402010302,2014,0.0,0.0,0.0
130402010302,2015,0.0,0.0,0.0
130402010302,2016,0.0,0.0,0.0
130402010302,2017,0.0,0.0,0.0
130402010302,2018,0.0,0.0,0.0
130402010302,2019,0.0,0.0,0.0
130402010302,2020,0.0,0.0,0.0
130402010303,2000,0.0,0.0,0.0
130402010303,2001,0.0,0.0,0.0
130402010303,2002,0.0,0.0,0.0
130402010303,2003,0.0,0.0,0.0
130402010303,2004,0.0,0.0,0.0
130402010303,2005,0.0,0.0,0.0
130402010303,2006,0.0,0.0,0.0
130402010303,2007,0.0,0.0,0.0
130402010303,2008,0.0,0.0,0.0
130402010303,2009,0.0,0.0,0.0
130402010303,2010,0.0,0.0,0.0
130402010303,2011,0.0,0.0,0.0
130402010303,2012,0.0,0.0,0.0
130402010303,2013,0.0,0.0,0.0
130402010303,2014,0.0,0.0,0.0
130402010303,2015,0.0,0.0,0.0
130402010303,2016,0.0,0.0,0.0
130402010303,2017,0.0,0.0,0.0
130402010303,2018,0.0,0.0,0.0
130402010303,2019,0.0,0.0,0.0
130402010303,2020,0.0,0.0,0.0
130402010304,2000,0.0,0.0,0.0
130402010304,2001,0.0,0.0,0.0
130402010304,2002,0.0,0.0,0.0
130402010304,2003,0.0,0.0,0.0
130402010304,2004,0.0,0.0,0.0
130402010304,2005,0.0,0.0,0.0
130402010304,2006,0.0,0.0,0.0
130402010304,2007,0.0,0.0,0.0
130402010304,2008,0.0,0.0,0.0
130402010304,2009,0.0,0.0,0.0
130402010304,2010,0.0,0.0,0.0
130402010304,2011,0.0,0.0,0.0
130402010304,2012,0.0,0.0,0.0
130402010304,2013,0.0,0.0,0.0
130402010304,2014,0.0,0.0,0.0
130402010304,2015,0.0,0.0,0.0
130402010304,2016,0.0,0.0,0.0
130402010304,2017,0.0,0.0,0.0
130402010304,2018,0.0,0.0,0.0
130402010304,2019,0.0,0.0,0.0
130402010304,2020,0.0,0.0,0.0
130402010305,2000,0.0,0.0,0.0
130402010305,2001,0.0,0.0,0.0
130402010305,2002,0.0,0.0,0.0
130402010305,2003,0.0,0.0,0.0
130402010305,2004,0.0,0.0,0.0
130402010305,2005,0.0,0.0,0.0
130402010305,2006,0.0,0.0,0.0
130402010305,2007,0.0,0.0,0.0
130402010305,2008,0.0,0.0,0.0
130402010305,2009,0.0,0.0,0.0
130402010305,2010,0.0,0.0,0.0
130402010305,2011,0.0,0.0,0.0
130402010305,2012,0.0,0.0,0.0
130402010305,2013,0.0,0.0,0.0
130402010305,2014,0.0,0.0,0.0
130402010305,2015,0.0,0.0,0.0
130402010305,2016,0.0,0.0,0.0
130402010305,2017,0.0,0.0,0.0
130402010305,2018,0.0,0.0,0.0
130402010305,2019,0.0,0.0,0.0
130402010305,2020,0.0,0.0,0.0
130402010306,2000,0.0,0.0,0.0
130402010306,2001,0.0,0.0,0.0
130402010306,2002,0.0,0.0,0.0
130402010306,2003,0.0,0.0,0.0
130402010306,2004,0.0,0.0,0.0
130402010306,2005,0.0,0.0,0.0
130402010306,2006,0.0,0.0,0.0
130402010306,2007,0.0,0.0,0.0
130402010306,2008,0.0,0.0,0.0
130402010306,2009,0.0,0.0,0.0
130402010306,2010,0.0,0.0,0.0
130402010306,2011,0.0,0.0,0.0
130402010306,2012,0.0,0.0,0.0
130402010306,2013,0.0,0.0,0.0
130402010306,2014,0.0,0.0,0.0
130402010306,2015,0.0,0.0,0.0
130402010306,2016,0.0,0.0,0.0
130402010306,2017,0.0,0.0,0.0
130402010306,2018,0.0,0.0,0.0
130402010306,2019,0.0,0.0,0.0
130402010306,2020,0.0,0.0,0.0
130402010307,2000,0.0,0.0,0.0
130402010307,2001,0.0,0.0,0.0
130402010307,2002,0.0,0.0,0.0
130402010307,2003,0.0,0.0,0.0
130402010307,2004,0.0,0.0,0.0
130402010307,2005,0.0,0.0,0.0
130402010307,2006,0.0,0.0,0.0
130402010307,2007,0.0,0.0,0.0
130402010307,2008,0.0,0.0,0.0
130402010307,2009,0.0,0.0,0.0
130402010307,2010,0.0,0.0,0.0
130402010307,2011,0.0,0.0,0.0
130402010307,2012,0.0,0.0,0.0
130402010307,2013,0.0,0.0,0.0
130402010307,2014,0.0,0.0,0.0
130402010307,2015,0.0,0.0,0.0
130402010307,2016,0.0,0.0,0.0
130402010307,2017,0.0,0.0,0.0
130402010307,2018,0.0,0.0,0.0
130402010307,2019,0.0,0.0,0.0
130402010307,2020,0.0,0.0,0.0
130402010308,2000,0.0,0.0,0.0
130402010308,2001,0.0,0.0,0.0
130402010308,2002,0.0,0.0,0.0
130402010308,2003,0.0,0.0,0.0
130402010308,2004,0.0,0.0,0.0
130402010308,2005,0.0,0.0,0.0
130402010308,2006,0.0,0.0,0.0
130402010308,2007,0.0,0.0,0.0
130402010308,2008,0.0,0.0,0.0
130402010308,2009,0.0,0.0,0.0
130402010308,2010,0.0,0.0,0.0
130402010308,2011,0.0,0.0,0.0
130402010308,2012,0.0,0.0,0.0
130402010308,2013,0.0,0.0,0.0
130402010308,2014,0.0,0.0,0.0
130402010308,2015,0.0,0.0,0.0
130402010308,2016,0.0,0.0,0.0
130402010308,2017,0.0,0.0,0.0
130402010308,2018,0.0,0.0,0.0
130402010308,2019,0.0,0.0,0.0
130402010308,2020,0.0,0.0,0.0
130402010501,2000,0.0,0.0,0.0
130402010501,2001,0.0,0.0,0.0
130402010501,2002,0.0,0.0,0.0
130402010501,2003,0.0,0.0,0.0
130402010501,2004,0.0,0.0,0.0
130402010501,2005,0.0,0.0,0.0
130402010501,2006,0.0,0.0,0.0
130402010501,2007,0.0,0.0,0.0
130402010501,2008,0.0,0.0,0.0
130402010501,2009,0.0,0.0,0.0
130402010501,2010,0.0,0.0,0.0
130402010501,2011,0.0,0.0,0.0
130402010501,2012,0.0,0.0,0.0
130402010501,2013,0.0,0.0,0.0
130402010501,2014,0.0,0.0,0.0
130402010501,2015,0.0,0.0,0.0
130402010501,2016,0.0,0.0,0.0
130402010501,2017,0.0,0.0,0.0
130402010501,2018,0.0,0.0,0.0
130402010501,2019,0.0,0.0,0.0
130402010501,2020,0.0,0.0,0.0
130402010502,2000,0.0,0.0,0.0
130402010502,2001,0.0,0.0,0.0
130402010502,2002,0.0,0.0,0.0
130402010502,2003,0.0,0.0,0.0
130402010502,2004,0.0,0.0,0.0
130402010502,2005,0.0,0.0,0.0
130402010502,2006,0.0,0.0,0.0
130402010502,2007,0.0,0.0,0.0
130402010502,2008,0.0,0.0,0.0
130402010502,2009,0.0,0.0,0.0
130402010502,2010,0.0,0.0,0.0
130402010502,2011,0.0,0.0,0.0
130402010502,2012,0.0,0.0,0.0
130402010502,2013,0.0,0.0,0.0
130402010502,2014,0.0,0.0,0.0
130402010502,2015,0.0,0.0,0.0
130402010502,2016,0.0,0.0,0.0
130402010502,2017,0.0,0.0,0.0
130402010502,2018,0.0,0.0,0.0
130402010502,2019,0.0,0.0,0.0
130402010502,2020,0.0,0.0,0.0
130402010701,2000,0.0,0.0,0.0
130402010701,2001,0.0,0.0,0.0
130402010701,2002,0.0,0.0,0.0
130402010701,2003,0.0,0.0,0.0
130402010701,2004,0.0,0.0,0.0
130402010701,2005,0.0,0.0,0.0
130402010701,2006,0.0,0.0,0.0
130402010701,2007,0.0,0.0,0.0
130402010701,2008,0.0,0.0,0.0
130402010701,2009,0.0,0.0,0.0
130402010701,2010,0.0,0.0,0.0
130402010701,2011,0.0,0.0,0.0
130402010701,2012,0.0,0.0,0.0
130402010701,2013,0.0,0.0,0.0
130402010701,2014,0.0,0.0,0.0
130402010701,2015,0.0,0.0,0.0
130402010701,2016,0.0,0.0,0.0
130402010701,2017,0.0,0.0,0.0
130402010701,2018,0.0,0.0,0.0
130402010701,2019,0.0,0.0,0.0
130402010701,2020,0.0,0.0,0.0
130402010801,2000,0.0,0.0,0.0
130402010801,2001,0.0,0.0,0.0
130402010801,2002,0.0,0.0,0.0
130402010801,2003,0.0,0.0,0.0
130402010801,2004,0.0,0.0,0.0
130402010801,2005,0.0,0.0,0.0
130402010801,2006,0.0,0.0,0.0
130402010801,2007,0.0,0.0,0.0
130402010801,2008,0.0,0.0,0.0
130402010801,2009,0.0,0.0,0.0
130402010801,2010,0.0,0.0,0.0
130402010801,2011,0.0,0.0,0.0
130402010801,2012,0.0,0.0,0.0
130402010801,2013,0.0,0.0,0.0
130402010801,2014,0.0,0.0,0.0
130402010801,2015,0.0,0.0,0.0
130402010801,2016,0.0,0.0,0.0
130402010801,2017,0.0,0.0,0.0
130402010801,2018,0.0,0.0,0.0
130402010801,2019,0.0,0.0,0.0
130402010801,2020,0.0,0.0,0.0
130402010802,2000,0.0,0.0,0.0
130402010802,2001,0.0,0.0,0.0
130402010802,2002,0.0,0.0,0.0
130402010802,2003,0.0,0.0,0.0
130402010802,2004,0.0,0.0,0.0
130402010802,2005,0.0,0.0,0.0
130402010802,2006,0.0,0.0,0.0
130402010802,2007,0.0,0.0,0.0
130402010802,2008,0.0,0.0,0.0
130402010802,2009,0.0,0.0,0.0
130402010802,2010,0.0,0.0,0.0
130402010802,2011,0.0,0.0,0.0
130402010802,2012,0.0,0.0,0.0
130402010802,2013,0.0,0.0,0.0
130402010802,2014,0.0,0.0,0.0
130402010802,2015,0.0,0.0,0.0
130402010802,2016,0.0,0.0,0.0
130402010802,2017,0.0,0.0,0.0
130402010802,2018,0.0,0.0,0.0
130402010802,2019,0.0,0.0,0.0
130402010802,2020,0.0,0.0,0.0
130402010809,2000,0.0,0.0,0.0
130402010809,2001,0.0,0.0,0.0
130402010809,2002,0.0,0.0,0.0
130402010809,2003,0.0,0.0,0.0
130402010809,2004,0.0,0.0,0.0
130402010809,2005,0.0,0.0,0.0
130402010809,2006,0.0,0.0,0.0
130402010809,2007,0.0,0.0,0.0
130402010809,2008,0.0,0.0,0.0
130402010809,2009,0.0,0.0,0.0
130402010809,2010,0.0,0.0,0.0
130402010809,2011,0.0,0.0,0.0
130402010809,2012,0.0,0.0,0.0
130402010809,2013,0.0,0.0,0.0
130402010809,2014,0.0,0.0,0.0
130402010809,2015,0.0,0.0,0.0
130402010809,2016,0.0,0.0,0.0
130402010809,2017,0.0,0.0,0.0
130402010809,2018,0.0,0.0,0.0
130402010809,2019,0.0,0.0,0.0
130402010809,2020,0.0,0.0,0.0
130402010901,2000,0.0,0.0,0.0
130402010901,2001,0.0,0.0,0.0
130402010901,2002,0.0,0.0,0.0
130402010901,2003,0.0,0.0,0.0
130402010901,2004,0.0,0.0,0.0
130402010901,2005,0.0,0.0,0.0
130402010901,2006,0.0,0.0,0.0
130402010901,2007,0.0,0.0,0.0
130402010901,2008,0.0,0.0,0.0
130402010901,2009,0.0,0.0,0.0
130402010901,2010,0.0,0.0,0.0
130402010901,2011,0.0,0.0,0.0
130402010901,2012,0.0,0.0,0.0
130402010901,2013,0.0,0.0,0.0
130402010901,2014,0.0,0.0,0.0
130402010901,2015,0.0,0.0,0.0
130402010901,2016,0.0,0.0,0.0
130402010901,2017,0.0,0.0,0.0
130402010901,2018,0.0,0.0,0.0
130402010901,2019,0.0,0.0,0.0
130402010901,2020,0.0,0.0,0.0
130402010902,2000,0.0,0.0,0.0
130402010902,2001,0.0,0.0,0.0
130402010902,2002,0.0,0.0,0.0
130402010902,2003,0.0,0.0,0.0
130402010902,2004,0.0,0.0,0.0
130402010902,2005,0.0,0.0,0.0
130402010902,2006,0.0,0.0,0.0
130402010902,2007,0.0,0.0,0.0
130402010902,2008,0.0,0.0,0.0
130402010902,2009,0.0,0.0,0.0
130402010902,2010,0.0,0.0,0.0
130402010902,2011,0.0,0.0,0.0
130402010902,2012,0.0,0.0,0.0
130402010902,2013,0.0,0.0,0.0
130402010902,2014,0.0,0.0,0.0
130402010902,2015,0.0,0.0,0.0
130402010902,2016,0.0,0.0,0.0
130402010902,2017,0.0,0.0,0.0
130402010902,2018,0.0,0.0,0.0
130402010902,2019,0.0,0.0,0.0
130402010902,2020,0.0,0.0,0.0
130402011301,2000,0.0,0.0,0.0
130402011301,2001,0.0,0.0,0.0
130402011301,2002,0.0,0.0,0.0
130402011301,2003,0.0,0.0,0.0
130402011301,2004,0.0,0.0,0.0
130402011301,2005,0.0,0.0,0.0
130402011301,2006,0.0,0.0,0.0
130402011301,2007,0.0,0.0,0.0
130402011301,2008,0.0,0.0,0.0
130402011301,2009,0.0,0.0,0.0
130402011301,2010,0.0,0.0,0.0
130402011301,2011,0.0,0.0,0.0
130402011301,2012,0.0,0.0,0.0
130402011301,2013,0.0,0.0,0.0
130402011301,2014,0.0,0.0,0.0
130402011301,2015,0.0,0.0,0.0
130402011301,2016,0.0,0.0,0.0
130402011301,2017,0.0,0.0,0.0
130402011301,2018,0.0,0.0,0.0
130402011301,2019,0.0,0.0,0.0
130402011301,2020,0.0,0.0,0.0
130402011302,2000,0.0,0.0,0.0
130402011302,2001,0.0,0.0,0.0
130402011302,2002,0.0,0.0,0.0
130402011302,2003,0.0,0.0,0.0
130402011302,2004,0.0,0.0,0.0
130402011302,2005,0.0,0.0,0.0
130402011302,2006,0.0,0.0,0.0
130402011302,2007,0.0,0.0,0.0
130402011302,2008,0.0,0.0,0.0
130402011302,2009,0.0,0.0,0.0
130402011302,2010,0.0,0.0,0.0
130402011302,2011,0.0,0.0,0.0
130402011302,2012,0.0,0.0,0.0
130402011302,2013,0.0,0.0,0.0
130402011302,2014,0.0,0.0,0.0
130402011302,2015,0.0,0.0,0.0
130402011302,2016,0.0,0.0,0.0
130402011302,2017,0.0,0.0,0.0
130402011302,2018,0.0,0.0,0.0
130402011302,2019,0.0,0.0,0.0
130402011302,2020,0.0,0.0,0.0
130402011303,2000,0.0,0.0,0.0
130402011303,2001,0.0,0.0,0.0
130402011303,2002,0.0,0.0,0.0
130402011303,2003,0.0,0.0,0.0
130402011303,2004,0.0,0.0,0.0
130402011303,2005,0.0,0.0,0.0
130402011303,2006,0.0,0.0,0.0
130402011303,2007,0.0,0.0,0.0
130402011303,2008,0.0,0.0,0.0
130402011303,2009,0.0,0.0,0.0
130402011303,2010,0.0,0.0,0.0
130402011303,2011,0.0,0.0,0.0
130402011303,2012,0.0,0.0,0.0
130402011303,2013,0.0,0.0,0.0
130402011303,2014,0.0,0.0,0.0
130402011303,2015,0.0,0.0,0.0
130402011303,2016,0.0,0.0,0.0
130402011303,2017,0.0,0.0,0.0
130402011303,2018,0.0,0.0,0.0
130402011303,2019,0.0,0.0,0.0
130402011303,2020,0.0,0.0,0.0
130402011304,2000,0.0,0.0,0.0
130402011304,2001,0.0,0.0,0.0
130402011304,2002,0.0,0.0,0.0
130402011304,2003,0.0,0.0,0.0
130402011304,2004,0.0,0.0,0.0
130402011304,2005,0.0,0.0,0.0
130402011304,2006,0.0,0.0,0.0
130402011304,2007,0.0,0.0,0.0
130402011304,2008,0.0,0.0,0.0
130402011304,2009,0.0,0.0,0.0
130402011304,2010,0.0,0.0,0.0
130402011304,2011,0.0,0.0,0.0
130402011304,2012,0.0,0.0,0.0
130402011304,2013,0.0,0.0,0.0
130402011304,2014,0.0,0.0,0.0
130402011304,2015,0.0,0.0,0.0
130402011304,2016,0.0,0.0,0.0
130402011304,2017,0.0,0.0,0.0
130402011304,2018,0.0,0.0,0.0
130402011304,2019,0.0,0.0,0.0
130402011304,2020,0.0,0.0,0.0
130402011305,2000,0.0,0.0,0.0
130402011305,2001,0.0,0.0,0.0
130402011305,2002,0.0,0.0,0.0
130402011305,2003,0.0,0.0,0.0
130402011305,2004,0.0,0.0,0.0
130402011305,2005,0.0,0.0,0.0
130402011305,2006,0.0,0.0,0.0
130402011305,2007,0.0,0.0,0.0
130402011305,2008,0.0,0.0,0.0
130402011305,2009,0.0,0.0,0.0
130402011305,2010,0.0,0.0,0.0
130402011305,2011,0.0,0.0,0.0
130402011305,2012,0.0,0.0,0.0
130402011305,2013,0.0,0.0,0.0
130402011305,2014,0.0,0.0,0.0
130402011305,2015,0.0,0.0,0.0
130402011305,2016,0.0,0.0,0.0
130402011305,2017,0.0,0.0,0.0
130402011305,2018,0.0,0.0,0.0
130402011305,2019,0.0,0.0,0.0
130402011305,2020,0.0,0.0,0.0
130402011306,2000,0.0,0.0,0.0
130402011306,2001,0.0,0.0,0.0
130402011306,2002,0.0,0.0,0.0
130402011306,2003,0.0,0.0,0.0
130402011306,2004,0.0,0.0,0.0
130402011306,2005,0.0,0.0,0.0
130402011306,2006,0.0,0.0,0.0
130402011306,2007,0.0,0.0,0.0
130402011306,2008,0.0,0.0,0.0
130402011306,2009,0.0,0.0,0.0
130402011306,2010,0.0,0.0,0.0
130402011306,2011,0.0,0.0,0.0
130402011306,2012,0.0,0.0,0.0
130402011306,2013,0.0,0.0,0.0
130402011306,2014,0.0,0.0,0.0
130402011306,2015,0.0,0.0,0.0
130402011306,2016,0.0,0.0,0.0
130402011306,2017,0.0,0.0,0.0
130402011306,2018,0.0,0.0,0.0
130402011306,2019,0.0,0.0,0.0
130402011306,2020,0.0,0.0,0.0
130402020101,2000,0.0,0.0,0.0
130402020101,2001,0.0,0.0,0.0
130402020101,2002,0.0,0.0,0.0
130402020101,2003,0.0,0.0,0.0
130402020101,2004,0.0,0.0,0.0
130402020101,2005,0.0,0.0,0.0
130402020101,2006,0.0,0.0,0.0
130402020101,2007,0.0,0.0,0.0
130402020101,2008,0.0,0.0,0.0
130402020101,2009,0.0,0.0,0.0
130402020101,2010,0.0,0.0,0.0
130402020101,2011,0.0,0.0,0.0
130402020101,2012,0.0,0.0,0.0
130402020101,2013,0.0,0.0,0.0
130402020101,2014,0.0,0.0,0.0
130402020101,2015,0.0,0.0,0.0
130402020101,2016,0.0,0.0,0.0
130402020101,2017,0.0,0.0,0.0
130402020101,2018,0.0,0.0,0.0
130402020101,2019,0.0,0.0,0.0
130402020101,2020,0.0,0.0,0.0
130402020102,2000,0.0,0.0,0.0
130402020102,2001,0.0,0.0,0.0
130402020102,2002,0.0,0.0,0.0
130402020102,2003,0.0,0.0,0.0
130402020102,2004,0.0,0.0,0.0
130402020102,2005,0.0,0.0,0.0
130402020102,2006,0.0,0.0,0.0
130402020102,2007,0.0,0.0,0.0
130402020102,2008,0.0,0.0,0.0
130402020102,2009,0.0,0.0,0.0
130402020102,2010,0.0,0.0,0.0
130402020102,2011,0.0,0.0,0.0
130402020102,2012,0.0,0.0,0.0
130402020102,2013,0.0,0.0,0.0
130402020102,2014,0.0,0.0,0.0
130402020102,2015,0.0,0.0,0.0
130402020102,2016,0.0,0.0,0.0
130402020102,2017,0.0,0.0,0.0
130402020102,2018,0.0,0.0,0.0
130402020102,2019,0.0,0.0,0.0
130402020102,2020,0.0,0.0,0.0
130402020103,2000,0.0,0.0,0.0
130402020103,2001,0.0,0.0,0.0
130402020103,2002,0.0,0.0,0.0
130402020103,2003,0.0,0.0,0.0
130402020103,2004,0.0,0.0,0.0
130402020103,2005,0.0,0.0,0.0
130402020103,2006,0.0,0.0,0.0
130402020103,2007,0.0,0.0,0.0
130402020103,2008,0.0,0.0,0.0
130402020103,2009,0.0,0.0,0.0
130402020103,2010,0.0,0.0,0.0
130402020103,2011,0.0,0.0,0.0
130402020103,2012,0.0,0.0,0.0
130402020103,2013,0.0,0.0,0.0
130402020103,2014,0.0,0.0,0.0
130402020103,2015,0.0,0.0,0.0
130402020103,2016,0.0,0.0,0.0
130402020103,2017,0.0,0.0,0.0
130402020103,2018,0.0,0.0,0.0
130402020103,2019,0.0,0.0,0.0
130402020103,2020,0.0,0.0,0.0
130402020104,2000,0.0,0.0,0.0
130402020104,2001,0.0,0.0,0.0
130402020104,2002,0.0,0.0,0.0
130402020104,2003,0.0,0.0,0.0
130402020104,2004,0.0,0.0,0.0
130402020104,2005,0.0,0.0,0.0
130402020104,2006,0.0,0.0,0.0
130402020104,2007,0.0,0.0,0.0
130402020104,2008,0.0,0.0,0.0
130402020104,2009,0.0,0.0,0.0
130402020104,2010,0.0,0.0,0.0
130402020104,2011,0.0,0.0,0.0
130402020104,2012,0.0,0.0,0.0
130402020104,2013,0.0,0.0,0.0
130402020104,2014,0.0,0.0,0.0
130402020104,2015,0.0,0.0,0.0
130402020104,2016,0.0,0.0,0.0
130402020104,2017,0.0,0.0,0.0
130402020104,2018,0.0,0.0,0.0
130402020104,2019,0.0,0.0,0.0
130402020104,2020,0.0,0.0,0.0
130402020105,2000,0.0,0.0,0.0
130402020105,2001,0.0,0.0,0.0
130402020105,2002,0.0,0.0,0.0
130402020105,2003,0.0,0.0,0.0
130402020105,2004,0.0,0.0,0.0
130402020105,2005,0.0,0.0,0.0
130402020105,2006,0.0,0.0,0.0
130402020105,2007,0.0,0.0,0.0
130402020105,2008,0.0,0.0,0.0
130402020105,2009,0.0,0.0,0.0
130402020105,2010,0.0,0.0,0.0
130402020105,2011,0.0,0.0,0.0
130402020105,2012,0.0,0.0,0.0
130402020105,2013,0.0,0.0,0.0
130402020105,2014,0.0,0.0,0.0
130402020105,2015,0.0,0.0,0.0
130402020105,2016,0.0,0.0,0.0
130402020105,2017,0.0,0.0,0.0
130402020105,2018,0.0,0.0,0.0
130402020105,2019,0.0,0.0,0.0
130402020105,2020,0.0,0.0,0.0
130402020106,2000,0.0,0.0,0.0
130402020106,2001,0.0,0.0,0.0
130402020106,2002,0.0,0.0,0.0
130402020106,2003,0.0,0.0,0.0
130402020106,2004,0.0,0.0,0.0
130402020106,2005,0.0,0.0,0.0
130402020106,2006,0.0,0.0,0.0
130402020106,2007,0.0,0.0,0.0
130402020106,2008,0.0,0.0,0.0
130402020106,2009,0.0,0.0,0.0
130402020106,2010,0.0,0.0,0.0
130402020106,2011,0.0,0.0,0.0
130402020106,2012,0.0,0.0,0.0
130402020106,2013,0.0,0.0,0.0
130402020106,2014,0.0,0.0,0.0
130402020106,2015,0.0,0.0,0.0
130402020106,2016,0.0,0.0,0.0
130402020106,2017,0.0,0.0,0.0
130402020106,2018,0.0,0.0,0.0
130402020106,2019,0.0,0.0,0.0
130402020106,2020,0.0,0.0,0.0
130402020107,2000,0.0,0.0,0.0
130402020107,2001,0.0,0.0,0.0
130402020107,2002,0.0,0.0,0.0
130402020107,2003,0.0,0.0,0.0
130402020107,2004,0.0,0.0,0.0
130402020107,2005,0.0,0.0,0.0
130402020107,2006,0.0,0.0,0.0
130402020107,2007,0.0,0.0,0.0
130402020107,2008,0.0,0.0,0.0
130402020107,2009,0.0,0.0,0.0
130402020107,2010,0.0,0.0,0.0
130402020107,2011,0.0,0.0,0.0
130402020107,2012,0.0,0.0,0.0
130402020107,2013,0.0,0.0,0.0
130402020107,2014,0.0,0.0,0.0
130402020107,2015,0.0,0.0,0.0
130402020107,2016,0.0,0.0,0.0
130402020107,2017,0.0,0.0,0.0
130402020107,2018,0.0,0.0,0.0
130402020107,2019,0.0,0.0,0.0
130402020107,2020,0.0,0.0,0.0
130402020108,2000,0.0,0.0,0.0
130402020108,2001,0.0,0.0,0.0
130402020108,2002,0.0,0.0,0.0
130402020108,2003,0.0,0.0,0.0
130402020108,2004,0.0,0.0,0.0
130402020108,2005,0.0,0.0,0.0
130402020108,2006,0.0,0.0,0.0
130402020108,2007,0.0,0.0,0.0
130402020108,2008,0.0,0.0,0.0
130402020108,2009,0.0,0.0,0.0
130402020108,2010,0.0,0.0,0.0
130402020108,2011,0.0,0.0,0.0
130402020108,2012,0.0,0.0,0.0
130402020108,2013,0.0,0.0,0.0
130402020108,2014,0.0,0.0,0.0
130402020108,2015,0.0,0.0,0.0
130402020108,2016,0.0,0.0,0.0
130402020108,2017,0.0,0.0,0.0
130402020108,2018,0.0,0.0,0.0
130402020108,2019,0.0,0.0,0.0
130402020108,2020,0.0,0.0,0.0
130402020109,2000,0.0,0.0,0.0
130402020109,2001,0.0,0.0,0.0
130402020109,2002,0.0,0.0,0.0
130402020109,2003,0.0,0.0,0.0
130402020109,2004,0.0,0.0,0.0
130402020109,2005,0.0,0.0,0.0
130402020109,2006,0.0,0.0,0.0
130402020109,2007,0.0,0.0,0.0
130402020109,2008,0.0,0.0,0.0
130402020109,2009,0.0,0.0,0.0
130402020109,2010,0.0,0.0,0.0
130402020109,2011,0.0,0.0,0.0
130402020109,2012,0.0,0.0,0.0
130402020109,2013,0.0,0.0,0.0
130402020109,2014,0.0,0.0,0.0
130402020109,2015,0.0,0.0,0.0
130402020109,2016,0.0,0.0,0.0
130402020109,2017,0.0,0.0,0.0
130402020109,2018,0.0,0.0,0.0
130402020109,2019,0.0,0.0,0.0
130402020109,2020,0.0,0.0,0.0
130402020201,2000,0.0,0.0,0.0
130402020201,2001,0.0,0.0,0.0
130402020201,2002,0.0,0.0,0.0
130402020201,2003,0.0,0.0,0.0
130402020201,2004,0.0,0.0,0.0
130402020201,2005,0.0,0.0,0.0
130402020201,2006,0.0,0.0,0.0
130402020201,2007,0.0,0.0,0.0
130402020201,2008,0.0,0.0,0.0
130402020201,2009,0.0,0.0,0.0
130402020201,2010,0.0,0.0,0.0
130402020201,2011,0.0,0.0,0.0
130402020201,2012,0.0,0.0,0.0
130402020201,2013,0.0,0.0,0.0
130402020201,2014,0.0,0.0,0.0
130402020201,2015,0.0,0.0,0.0
130402020201,2016,0.0,0.0,0.0
130402020201,2017,0.0,0.0,0.0
130402020201,2018,0.0,0.0,0.0
130402020201,2019,0.0,0.0,0.0
130402020201,2020,0.0,0.0,0.0
130402020202,2000,0.0,0.0,0.0
130402020202,2001,0.0,0.0,0.0
130402020202,2002,0.0,0.0,0.0
130402020202,2003,0.0,0.0,0.0
130402020202,2004,0.0,0.0,0.0
130402020202,2005,0.0,0.0,0.0
130402020202,2006,0.0,0.0,0.0
130402020202,2007,0.0,0.0,0.0
130402020202,2008,0.0,0.0,0.0
130402020202,2009,0.0,0.0,0.0
130402020202,2010,0.0,0.0,0.0
130402020202,2011,0.0,0.0,0.0
130402020202,2012,0.0,0.0,0.0
130402020202,2013,0.0,0.0,0.0
130402020202,2014,0.0,0.0,0.0
130402020202,2015,0.0,0.0,0.0
130402020202,2016,0.0,0.0,0.0
130402020202,2017,0.0,0.0,0.0
130402020202,2018,0.0,0.0,0.0
130402020202,2019,0.0,0.0,0.0
130402020202,2020,0.0,0.0,0.0
130402020203,2000,0.0,0.0,0.0
130402020203,2001,0.0,0.0,0.0
130402020203,2002,0.0,0.0,0.0
130402020203,2003,0.0,0.0,0.0
130402020203,2004,0.0,0.0,0.0
130402020203,2005,0.0,0.0,0.0
130402020203,2006,0.0,0.0,0.0
130402020203,2007,0.0,0.0,0.0
130402020203,2008,0.0,0.0,0.0
130402020203,2009,0.0,0.0,0.0
130402020203,2010,0.0,0.0,0.0
130402020203,2011,0.0,0.0,0.0
130402020203,2012,0.0,0.0,0.0
130402020203,2013,0.0,0.0,0.0
130402020203,2014,0.0,0.0,0.0
130402020203,2015,0.0,0.0,0.0
130402020203,2016,0.0,0.0,0.0
130402020203,2017,0.0,0.0,0.0
130402020203,2018,0.0,0.0,0.0
130402020203,2019,0.0,0.0,0.0
130402020203,2020,0.0,0.0,0.0
130402020204,2000,0.0,0.0,0.0
130402020204,2001,0.0,0.0,0.0
130402020204,2002,0.0,0.0,0.0
130402020204,2003,0.0,0.0,0.0
130402020204,2004,0.0,0.0,0.0
130402020204,2005,0.0,0.0,0.0
130402020204,2006,0.0,0.0,0.0
130402020204,2007,0.0,0.0,0.0
130402020204,2008,0.0,0.0,0.0
130402020204,2009,0.0,0.0,0.0
130402020204,2010,0.0,0.0,0.0
130402020204,2011,0.0,0.0,0.0
130402020204,2012,0.0,0.0,0.0
130402020204,2013,0.0,0.0,0.0
130402020204,2014,0.0,0.0,0.0
130402020204,2015,0.0,0.0,0.0
130402020204,2016,0.0,0.0,0.0
130402020204,2017,0.0,0.0,0.0
130402020204,2018,0.0,0.0,0.0
130402020204,2019,0.0,0.0,0.0
130402020204,2020,0.0,0.0,0.0
130402020205,2000,0.0,0.0,0.0
130402020205,2001,0.0,0.0,0.0
130402020205,2002,0.0,0.0,0.0
130402020205,2003,0.0,0.0,0.0
130402020205,2004,0.0,0.0,0.0
130402020205,2005,0.0,0.0,0.0
130402020205,2006,0.0,0.0,0.0
130402020205,2007,0.0,0.0,0.0
130402020205,2008,0.0,0.0,0.0
130402020205,2009,0.0,0.0,0.0
130402020205,2010,0.0,0.0,0.0
130402020205,2011,0.0,0.0,0.0
130402020205,2012,0.0,0.0,0.0
130402020205,2013,0.0,0.0,0.0
130402020205,2014,0.0,0.0,0.0
130402020205,2015,0.0,0.0,0.0
130402020205,2016,0.0,0.0,0.0
130402020205,2017,0.0,0.0,0.0
130402020205,2018,0.0,0.0,0.0
130402020205,2019,0.0,0.0,0.0
130402020205,2020,0.0,0.0,0.0
130402020206,2000,0.0,0.0,0.0
130402020206,2001,0.0,0.0,0.0
130402020206,2002,0.0,0.0,0.0
130402020206,2003,0.0,0.0,0.0
130402020206,2004,0.0,0.0,0.0
130402020206,2005,0.0,0.0,0.0
130402020206,2006,0.0,0.0,0.0
130402020206,2007,0.0,0.0,0.0
130402020206,2008,0.0,0.0,0.0
130402020206,2009,0.0,0.0,0.0
130402020206,2010,0.0,0.0,0.0
130402020206,2011,0.0,0.0,0.0
130402020206,2012,0.0,0.0,0.0
130402020206,2013,0.0,0.0,0.0
130402020206,2014,0.0,0.0,0.0
130402020206,2015,0.0,0.0,0.0
130402020206,2016,0.0,0.0,0.0
130402020206,2017,0.0,0.0,0.0
130402020206,2018,0.0,0.0,0.0
130402020206,2019,0.0,0.0,0.0
130402020206,2020,0.0,0.0,0.0
130402020207,2000,0.0,0.0,0.0
130402020207,2001,0.0,0.0,0.0
130402020207,2002,0.0,0.0,0.0
130402020207,2003,0.0,0.0,0.0
130402020207,2004,0.0,0.0,0.0
130402020207,2005,0.0,0.0,0.0
130402020207,2006,0.0,0.0,0.0
130402020207,2007,0.0,0.0,0.0
130402020207,2008,0.0,0.0,0.0
130402020207,2009,0.0,0.0,0.0
130402020207,2010,0.0,0.0,0.0
130402020207,2011,0.0,0.0,0.0
130402020207,2012,0.0,0.0,0.0
130402020207,2013,0.0,0.0,0.0
130402020207,2014,0.0,0.0,0.0
130402020207,2015,0.0,0.0,0.0
130402020207,2016,0.0,0.0,0.0
130402020207,2017,0.0,0.0,0.0
130402020207,2018,0.0,0.0,0.0
130402020207,2019,0.0,0.0,0.0
130402020207,2020,0.0,0.0,0.0
130402020208,2000,0.0,0.0,0.0
130402020208,2001,0.0,0.0,0.0
130402020208,2002,0.0,0.0,0.0
130402020208,2003,0.0,0.0,0.0
130402020208,2004,0.0,0.0,0.0
130402020208,2005,0.0,0.0,0.0
130402020208,2006,0.0,0.0,0.0
130402020208,2007,0.0,0.0,0.0
130402020208,2008,0.0,0.0,0.0
130402020208,2009,0.0,0.0,0.0
130402020208,2010,0.0,0.0,0.0
130402020208,2011,0.0,0.0,0.0
130402020208,2012,0.0,0.0,0.0
130402020208,2013,0.0,0.0,0.0
130402020208,2014,0.0,0.0,0.0
130402020208,2015,0.0,0.0,0.0
130402020208,2016,0.0,0.0,0.0
130402020208,2017,0.0,0.0,0.0
130402020208,2018,0.0,0.0,0.0
130402020208,2019,0.0,0.0,0.0
130402020208,2020,0.0,0.0,0.0
130402020301,2000,0.0,0.0,0.0
130402020301,2001,0.0,0.0,0.0
130402020301,2002,0.0,0.0,0.0
130402020301,2003,0.0,0.0,0.0
130402020301,2004,0.0,0.0,0.0
130402020301,2005,0.0,0.0,0.0
130402020301,2006,0.0,0.0,0.0
130402020301,2007,0.0,0.0,0.0
130402020301,2008,0.0,0.0,0.0
130402020301,2009,0.0,0.0,0.0
130402020301,2010,0.0,0.0,0.0
130402020301,2011,0.0,0.0,0.0
130402020301,2012,0.0,0.0,0.0
130402020301,2013,0.0,0.0,0.0
130402020301,2014,0.0,0.0,0.0
130402020301,2015,0.0,0.0,0.0
130402020301,2016,0.0,0.0,0.0
130402020301,2017,0.0,0.0,0.0
130402020301,2018,0.0,0.0,0.0
130402020301,2019,0.0,0.0,0.0
130402020301,2020,0.0,0.0,0.0
130402020302,2000,0.0,0.0,0.0
130402020302,2001,0.0,0.0,0.0
130402020302,2002,0.0,0.0,0.0
130402020302,2003,0.0,0.0,0.0
130402020302,2004,0.0,0.0,0.0
130402020302,2005,0.0,0.0,0.0
130402020302,2006,0.0,0.0,0.0
130402020302,2007,0.0,0.0,0.0
130402020302,2008,0.0,0.0,0.0
130402020302,2009,0.0,0.0,0.0
130402020302,2010,0.0,0.0,0.0
130402020302,2011,0.0,0.0,0.0
130402020302,2012,0.0,0.0,0.0
130402020302,2013,0.0,0.0,0.0
130402020302,2014,0.0,0.0,0.0
130402020302,2015,0.0,0.0,0.0
130402020302,2016,0.0,0.0,0.0
130402020302,2017,0.0,0.0,0.0
130402020302,2018,0.0,0.0,0.0
130402020302,2019,0.0,0.0,0.0
130402020302,2020,0.0,0.0,0.0
130402020303,2000,0.0,0.0,0.0
130402020303,2001,0.0,0.0,0.0
130402020303,2002,0.0,0.0,0.0
130402020303,2003,0.0,0.0,0.0
130402020303,2004,0.0,0.0,0.0
130402020303,2005,0.0,0.0,0.0
130402020303,2006,0.0,0.0,0.0
130402020303,2007,0.0,0.0,0.0
130402020303,2008,0.0,0.0,0.0
130402020303,2009,0.0,0.0,0.0
130402020303,2010,0.0,0.0,0.0
130402020303,2011,0.0,0.0,0.0
130402020303,2012,0.0,0.0,0.0
130402020303,2013,0.0,0.0,0.0
130402020303,2014,0.0,0.0,0.0
130402020303,2015,0.0,0.0,0.0
130402020303,2016,0.0,0.0,0.0
130402020303,2017,0.0,0.0,0.0
130402020303,2018,0.0,0.0,0.0
130402020303,2019,0.0,0.0,0.0
130402020303,2020,0.0,0.0,0.0
130402020304,2000,0.0,0.0,0.0
130402020304,2001,0.0,0.0,0.0
130402020304,2002,0.0,0.0,0.0
130402020304,2003,0.0,0.0,0.0
130402020304,2004,0.0,0.0,0.0
130402020304,2005,0.0,0.0,0.0
130402020304,2006,0.0,0.0,0.0
130402020304,2007,0.0,0.0,0.0
130402020304,2008,0.0,0.0,0.0
130402020304,2009,0.0,0.0,0.0
130402020304,2010,0.0,0.0,0.0
130402020304,2011,0.0,0.0,0.0
130402020304,2012,0.0,0.0,0.0
130402020304,2013,0.0,0.0,0.0
130402020304,2014,0.0,0.0,0.0
130402020304,2015,0.0,0.0,0.0
130402020304,2016,0.0,0.0,0.0
130402020304,2017,0.0,0.0,0.0
130402020304,2018,0.0,0.0,0.0
130402020304,2019,0.0,0.0,0.0
130402020304,2020,0.0,0.0,0.0
130402020305,2000,0.0,0.0,0.0
130402020305,2001,0.0,0.0,0.0
130402020305,2002,0.0,0.0,0.0
130402020305,2003,0.0,0.0,0.0
130402020305,2004,0.0,0.0,0.0
130402020305,2005,0.0,0.0,0.0
130402020305,2006,0.0,0.0,0.0
130402020305,2007,0.0,0.0,0.0
130402020305,2008,0.0,0.0,0.0
130402020305,2009,0.0,0.0,0.0
130402020305,2010,0.0,0.0,0.0
130402020305,2011,0.0,0.0,0.0
130402020305,2012,0.0,0.0,0.0
130402020305,2013,0.0,0.0,0.0
130402020305,2014,0.0,0.0,0.0
130402020305,2015,0.0,0.0,0.0
130402020305,2016,0.0,0.0,0.0
130402020305,2017,0.0,0.0,0.0
130402020305,2018,0.0,0.0,0.0
130402020305,2019,0.0,0.0,0.0
130402020305,2020,0.0,0.0,0.0
130402020306,2000,0.0,0.0,0.0
130402020306,2001,0.0,0.0,0.0
130402020306,2002,0.0,0.0,0.0
130402020306,2003,0.0,0.0,0.0
130402020306,2004,0.0,0.0,0.0
130402020306,2005,0.0,0.0,0.0
130402020306,2006,0.0,0.0,0.0
130402020306,2007,0.0,0.0,0.0
130402020306,2008,0.0,0.0,0.0
130402020306,2009,0.0,0.0,0.0
130402020306,2010,0.0,0.0,0.0
130402020306,2011,0.0,0.0,0.0
130402020306,2012,0.0,0.0,0.0
130402020306,2013,0.0,0.0,0.0
130402020306,2014,0.0,0.0,0.0
130402020306,2015,0.0,0.0,0.0
130402020306,2016,0.0,0.0,0.0
130402020306,2017,0.0,0.0,0.0
130402020306,2018,0.0,0.0,0.0
130402020306,2019,0.0,0.0,0.0
130402020306,2020,0.0,0.0,0.0
130402020307,2000,0.0,0.0,0.0
130402020307,2001,0.0,0.0,0.0
130402020307,2002,0.0,0.0,0.0
130402020307,2003,0.0,0.0,0.0
130402020307,2004,0.0,0.0,0.0
130402020307,2005,0.0,0.0,0.0
130402020307,2006,0.0,0.0,0.0
130402020307,2007,0.0,0.0,0.0
130402020307,2008,0.0,0.0,0.0
130402020307,2009,0.0,0.0,0.0
130402020307,2010,0.0,0.0,0.0
130402020307,2011,0.0,0.0,0.0
130402020307,2012,0.0,0.0,0.0
130402020307,2013,0.0,0.0,0.0
130402020307,2014,0.0,0.0,0.0
130402020307,2015,0.0,0.0,0.0
130402020307,2016,0.0,0.0,0.0
130402020307,2017,0.0,0.0,0.0
130402020307,2018,0.0,0.0,0.0
130402020307,2019,0.0,0.0,0.0
130402020307,2020,0.0,0.0,0.0
130402020308,2000,0.0,0.0,0.0
130402020308,2001,0.0,0.0,0.0
130402020308,2002,0.0,0.0,0.0
130402020308,2003,0.0,0.0,0.0
130402020308,2004,0.0,0.0,0.0
130402020308,2005,0.0,0.0,0.0
130402020308,2006,0.0,0.0,0.0
130402020308,2007,0.0,0.0,0.0
130402020308,2008,0.0,0.0,0.0
130402020308,2009,0.0,0.0,0.0
130402020308,2010,0.0,0.0,0.0
130402020308,2011,0.0,0.0,0.0
130402020308,2012,0.0,0.0,0.0
130402020308,2013,0.0,0.0,0.0
130402020308,2014,0.0,0.0,0.0
130402020308,2015,0.0,0.0,0.0
130402020308,2016,0.0,0.0,0.0
130402020308,2017,0.0,0.0,0.0
130402020308,2018,0.0,0.0,0.0
130402020308,2019,0.0,0.0,0.0
130402020308,2020,0.0,0.0,0.0
130402020309,2000,0.0,0.0,0.0
130402020309,2001,0.0,0.0,0.0
130402020309,2002,0.0,0.0,0.0
130402020309,2003,0.0,0.0,0.0
130402020309,2004,0.0,0.0,0.0
130402020309,2005,0.0,0.0,0.0
130402020309,2006,0.0,0.0,0.0
130402020309,2007,0.0,0.0,0.0
130402020309,2008,0.0,0.0,0.0
130402020309,2009,0.0,0.0,0.0
130402020309,2010,0.0,0.0,0.0
130402020309,2011,0.0,0.0,0.0
130402020309,2012,0.0,0.0,0.0
130402020309,2013,0.0,0.0,0.0
130402020309,2014,0.0,0.0,0.0
130402020309,2015,0.0,0.0,0.0
130402020309,2016,0.0,0.0,0.0
130402020309,2017,0.0,0.0,0.0
130402020309,2018,0.0,0.0,0.0
130402020309,2019,0.0,0.0,0.0
130402020309,2020,0.0,0.0,0.0
130402020310,2000,0.0,0.0,0.0
130402020310,2001,0.0,0.0,0.0
130402020310,2002,0.0,0.0,0.0
130402020310,2003,0.0,0.0,0.0
130402020310,2004,0.0,0.0,0.0
130402020310,2005,0.0,0.0,0.0
130402020310,2006,0.0,0.0,0.0
130402020310,2007,0.0,0.0,0.0
130402020310,2008,0.0,0.0,0.0
130402020310,2009,0.0,0.0,0.0
130402020310,2010,0.0,0.0,0.0
130402020310,2011,0.0,0.0,0.0
130402020310,2012,0.0,0.0,0.0
130402020310,2013,0.0,0.0,0.0
130402020310,2014,0.0,0.0,0.0
130402020310,2015,0.0,0.0,0.0
130402020310,2016,0.0,0.0,0.0
130402020310,2017,0.0,0.0,0.0
130402020310,2018,0.0,0.0,0.0
130402020310,2019,0.0,0.0,0.0
130402020310,2020,0.0,0.0,0.0
130402020311,2000,0.0,0.0,0.0
130402020311,2001,0.0,0.0,0.0
130402020311,2002,0.0,0.0,0.0
130402020311,2003,0.0,0.0,0.0
130402020311,2004,0.0,0.0,0.0
130402020311,2005,0.0,0.0,0.0
130402020311,2006,0.0,0.0,0.0
130402020311,2007,0.0,0.0,0.0
130402020311,2008,0.0,0.0,0.0
130402020311,2009,0.0,0.0,0.0
130402020311,2010,0.0,0.0,0.0
130402020311,2011,0.0,0.0,0.0
130402020311,2012,0.0,0.0,0.0
130402020311,2013,0.0,0.0,0.0
130402020311,2014,0.0,0.0,0.0
130402020311,2015,0.0,0.0,0.0
130402020311,2016,0.0,0.0,0.0
130402020311,2017,0.0,0.0,0.0
130402020311,2018,0.0,0.0,0.0
130402020311,2019,0.0,0.0,0.0
130402020311,2020,0.0,0.0,0.0
130402020401,2000,0.0,0.0,0.0
130402020401,2001,0.0,0.0,0.0
130402020401,2002,0.0,0.0,0.0
130402020401,2003,0.0,0.0,0.0
130402020401,2004,0.0,0.0,0.0
130402020401,2005,0.0,0.0,0.0
130402020401,2006,0.0,0.0,0.0
130402020401,2007,0.0,0.0,0.0
130402020401,2008,0.0,0.0,0.0
130402020401,2009,0.0,0.0,0.0
130402020401,2010,0.0,0.0,0.0
130402020401,2011,0.0,0.0,0.0
130402020401,2012,0.0,0.0,0.0
130402020401,2013,0.0,0.0,0.0
130402020401,2014,0.0,0.0,0.0
130402020401,2015,0.0,0.0,0.0
130402020401,2016,0.0,0.0,0.0
130402020401,2017,0.0,0.0,0.0
130402020401,2018,0.0,0.0,0.0
130402020401,2019,0.0,0.0,0.0
130402020401,2020,0.0,0.0,0.0
130402020402,2000,0.0,0.0,0.0
130402020402,2001,0.0,0.0,0.0
130402020402,2002,0.0,0.0,0.0
130402020402,2003,0.0,0.0,0.0
130402020402,2004,0.0,0.0,0.0
130402020402,2005,0.0,0.0,0.0
130402020402,2006,0.0,0.0,0.0
130402020402,2007,0.0,0.0,0.0
130402020402,2008,0.0,0.0,0.0
130402020402,2009,0.0,0.0,0.0
130402020402,2010,0.0,0.0,0.0
130402020402,2011,0.0,0.0,0.0
130402020402,2012,0.0,0.0,0.0
130402020402,2013,0.0,0.0,0.0
130402020402,2014,0.0,0.0,0.0
130402020402,2015,0.0,0.0,0.0
130402020402,2016,0.0,0.0,0.0
130402020402,2017,0.0,0.0,0.0
130402020402,2018,0.0,0.0,0.0
130402020402,2019,0.0,0.0,0.0
130402020402,2020,0.0,0.0,0.0
130402020403,2000,0.0,0.0,0.0
130402020403,2001,0.0,0.0,0.0
130402020403,2002,0.0,0.0,0.0
130402020403,2003,0.0,0.0,0.0
130402020403,2004,0.0,0.0,0.0
130402020403,2005,0.0,0.0,0.0
130402020403,2006,0.0,0.0,0.0
130402020403,2007,0.0,0.0,0.0
130402020403,2008,0.0,0.0,0.0
130402020403,2009,0.0,0.0,0.0
130402020403,2010,0.0,0.0,0.0
130402020403,2011,0.0,0.0,0.0
130402020403,2012,0.0,0.0,0.0
130402020403,2013,0.0,0.0,0.0
130402020403,2014,0.0,0.0,0.0
130402020403,2015,0.0,0.0,0.0
130402020403,2016,0.0,0.0,0.0
130402020403,2017,0.0,0.0,0.0
130402020403,2018,0.0,0.0,0.0
130402020403,2019,0.0,0.0,0.0
130402020403,2020,0.0,0.0,0.0
130402020501,2000,0.0,0.0,0.0
130402020501,2001,0.0,0.0,0.0
130402020501,2002,0.0,0.0,0.0
130402020501,2003,0.0,0.0,0.0
130402020501,2004,0.0,0.0,0.0
130402020501,2005,0.0,0.0,0.0
130402020501,2006,0.0,0.0,0.0
130402020501,2007,0.0,0.0,0.0
130402020501,2008,0.0,0.0,0.0
130402020501,2009,0.0,0.0,0.0
130402020501,2010,0.0,0.0,0.0
130402020501,2011,0.0,0.0,0.0
130402020501,2012,0.0,0.0,0.0
130402020501,2013,0.0,0.0,0.0
130402020501,2014,0.0,0.0,0.0
130402020501,2015,0.0,0.0,0.0
130402020501,2016,0.0,0.0,0.0
130402020501,2017,0.0,0.0,0.0
130402020501,2018,0.0,0.0,0.0
130402020501,2019,0.0,0.0,0.0
130402020501,2020,0.0,0.0,0.0
130402020502,2000,0.0,0.0,0.0
130402020502,2001,0.0,0.0,0.0
130402020502,2002,0.0,0.0,0.0
130402020502,2003,0.0,0.0,0.0
130402020502,2004,0.0,0.0,0.0
130402020502,2005,0.0,0.0,0.0
130402020502,2006,0.0,0.0,0.0
130402020502,2007,0.0,0.0,0.0
130402020502,2008,0.0,0.0,0.0
130402020502,2009,0.0,0.0,0.0
130402020502,2010,0.0,0.0,0.0
130402020502,2011,0.0,0.0,0.0
130402020502,2012,0.0,0.0,0.0
130402020502,2013,0.0,0.0,0.0
130402020502,2014,0.0,0.0,0.0
130402020502,2015,0.0,0.0,0.0
130402020502,2016,0.0,0.0,0.0
130402020502,2017,0.0,0.0,0.0
130402020502,2018,0.0,0.0,0.0
130402020502,2019,0.0,0.0,0.0
130402020502,2020,0.0,0.0,0.0
130402020503,2000,0.0,0.0,0.0
130402020503,2001,0.0,0.0,0.0
130402020503,2002,0.0,0.0,0.0
130402020503,2003,0.0,0.0,0.0
130402020503,2004,0.0,0.0,0.0
130402020503,2005,0.0,0.0,0.0
130402020503,2006,0.0,0.0,0.0
130402020503,2007,0.0,0.0,0.0
130402020503,2008,0.0,0.0,0.0
130402020503,2009,0.0,0.0,0.0
130402020503,2010,0.0,0.0,0.0
130402020503,2011,0.0,0.0,0.0
130402020503,2012,0.0,0.0,0.0
130402020503,2013,0.0,0.0,0.0
130402020503,2014,0.0,0.0,0.0
130402020503,2015,0.0,0.0,0.0
130402020503,2016,0.0,0.0,0.0
130402020503,2017,0.0,0.0,0.0
130402020503,2018,0.0,0.0,0.0
130402020503,2019,0.0,0.0,0.0
130402020503,2020,0.0,0.0,0.0
130402020504,2000,0.0,0.0,0.0
130402020504,2001,0.0,0.0,0.0
130402020504,2002,0.0,0.0,0.0
130402020504,2003,0.0,0.0,0.0
130402020504,2004,0.0,0.0,0.0
130402020504,2005,0.0,0.0,0.0
130402020504,2006,0.0,0.0,0.0
130402020504,2007,0.0,0.0,0.0
130402020504,2008,0.0,0.0,0.0
130402020504,2009,0.0,0.0,0.0
130402020504,2010,0.0,0.0,0.0
130402020504,2011,0.0,0.0,0.0
130402020504,2012,0.0,0.0,0.0
130402020504,2013,0.0,0.0,0.0
130402020504,2014,0.0,0.0,0.0
130402020504,2015,0.0,0.0,0.0
130402020504,2016,0.0,0.0,0.0
130402020504,2017,0.0,0.0,0.0
130402020504,2018,0.0,0.0,0.0
130402020504,2019,0.0,0.0,0.0
130402020504,2020,0.0,0.0,0.0
130402020505,2000,0.0,0.0,0.0
130402020505,2001,0.0,0.0,0.0
130402020505,2002,0.0,0.0,0.0
130402020505,2003,0.0,0.0,0.0
130402020505,2004,0.0,0.0,0.0
130402020505,2005,0.0,0.0,0.0
130402020505,2006,0.0,0.0,0.0
130402020505,2007,0.0,0.0,0.0
130402020505,2008,0.0,0.0,0.0
130402020505,2009,0.0,0.0,0.0
130402020505,2010,0.0,0.0,0.0
130402020505,2011,0.0,0.0,0.0
130402020505,2012,0.0,0.0,0.0
130402020505,2013,0.0,0.0,0.0
130402020505,2014,0.0,0.0,0.0
130402020505,2015,0.0,0.0,0.0
130402020505,2016,0.0,0.0,0.0
130402020505,2017,0.0,0.0,0.0
130402020505,2018,0.0,0.0,0.0
130402020505,2019,0.0,0.0,0.0
130402020505,2020,0.0,0.0,0.0
130402020506,2000,0.0,0.0,0.0
130402020506,2001,0.0,0.0,0.0
130402020506,2002,0.0,0.0,0.0
130402020506,2003,0.0,0.0,0.0
130402020506,2004,0.0,0.0,0.0
130402020506,2005,0.0,0.0,0.0
130402020506,2006,0.0,0.0,0.0
130402020506,2007,0.0,0.0,0.0
130402020506,2008,0.0,0.0,0.0
130402020506,2009,0.0,0.0,0.0
130402020506,2010,0.0,0.0,0.0
130402020506,2011,0.0,0.0,0.0
130402020506,2012,0.0,0.0,0.0
130402020506,2013,0.0,0.0,0.0
130402020506,2014,0.0,0.0,0.0
130402020506,2015,0.0,0.0,0.0
130402020506,2016,0.0,0.0,0.0
130402020506,2017,0.0,0.0,0.0
130402020506,2018,0.0,0.0,0.0
130402020506,2019,0.0,0.0,0.0
130402020506,2020,0.0,0.0,0.0
130402030101,2000,0.0,0.0,0.0
130402030101,2001,0.0,0.0,0.0
130402030101,2002,0.0,0.0,0.0
130402030101,2003,0.0,0.0,0.0
130402030101,2004,0.0,0.0,0.0
130402030101,2005,0.0,0.0,0.0
130402030101,2006,0.0,0.0,0.0
130402030101,2007,0.0,0.0,0.0
130402030101,2008,0.0,0.0,0.0
130402030101,2009,0.0,0.0,0.0
130402030101,2010,0.0,0.0,0.0
130402030101,2011,0.0,0.0,0.0
130402030101,2012,0.0,0.0,0.0
130402030101,2013,0.0,0.0,0.0
130402030101,2014,0.0,0.0,0.0
130402030101,2015,0.0,0.0,0.0
130402030101,2016,0.0,0.0,0.0
130402030101,2017,0.0,0.0,0.0
130402030101,2018,0.0,0.0,0.0
130402030101,2019,0.0,0.0,0.0
130402030101,2020,0.0,0.0,0.0
130402030102,2000,0.0,0.0,0.0
130402030102,2001,0.0,0.0,0.0
130402030102,2002,0.0,0.0,0.0
130402030102,2003,0.0,0.0,0.0
130402030102,2004,0.0,0.0,0.0
130402030102,2005,0.0,0.0,0.0
130402030102,2006,0.0,0.0,0.0
130402030102,2007,0.0,0.0,0.0
130402030102,2008,0.0,0.0,0.0
130402030102,2009,0.0,0.0,0.0
130402030102,2010,0.0,0.0,0.0
130402030102,2011,0.0,0.0,0.0
130402030102,2012,0.0,0.0,0.0
130402030102,2013,0.0,0.0,0.0
130402030102,2014,0.0,0.0,0.0
130402030102,2015,0.0,0.0,0.0
130402030102,2016,0.0,0.0,0.0
130402030102,2017,0.0,0.0,0.0
130402030102,2018,0.0,0.0,0.0
130402030102,2019,0.0,0.0,0.0
130402030102,2020,0.0,0.0,0.0
130402030103,2000,0.0,0.0,0.0
130402030103,2001,0.0,0.0,0.0
130402030103,2002,0.0,0.0,0.0
130402030103,2003,0.0,0.0,0.0
130402030103,2004,0.0,0.0,0.0
130402030103,2005,0.0,0.0,0.0
130402030103,2006,0.0,0.0,0.0
130402030103,2007,0.0,0.0,0.0
130402030103,2008,0.0,0.0,0.0
130402030103,2009,0.0,0.0,0.0
130402030103,2010,0.0,0.0,0.0
130402030103,2011,0.0,0.0,0.0
130402030103,2012,0.0,0.0,0.0
130402030103,2013,0.0,0.0,0.0
130402030103,2014,0.0,0.0,0.0
130402030103,2015,0.0,0.0,0.0
130402030103,2016,0.0,0.0,0.0
130402030103,2017,0.0,0.0,0.0
130402030103,2018,0.0,0.0,0.0
130402030103,2019,0.0,0.0,0.0
130402030103,2020,0.0,0.0,0.0
130402030104,2000,0.0,0.0,0.0
130402030104,2001,0.0,0.0,0.0
130402030104,2002,0.0,0.0,0.0
130402030104,2003,0.0,0.0,0.0
130402030104,2004,0.0,0.0,0.0
130402030104,2005,0.0,0.0,0.0
130402030104,2006,0.0,0.0,0.0
130402030104,2007,0.0,0.0,0.0
130402030104,2008,0.0,0.0,0.0
130402030104,2009,0.0,0.0,0.0
130402030104,2010,0.0,0.0,0.0
130402030104,2011,0.0,0.0,0.0
130402030104,2012,0.0,0.0,0.0
130402030104,2013,0.0,0.0,0.0
130402030104,2014,0.0,0.0,0.0
130402030104,2015,0.0,0.0,0.0
130402030104,2016,0.0,0.0,0.0
130402030104,2017,0.0,0.0,0.0
130402030104,2018,0.0,0.0,0.0
130402030104,2019,0.0,0.0,0.0
130402030104,2020,0.0,0.0,0.0
130402030105,2000,0.0,0.0,0.0
130402030105,2001,0.0,0.0,0.0
130402030105,2002,0.0,0.0,0.0
130402030105,2003,0.0,0.0,0.0
130402030105,2004,0.0,0.0,0.0
130402030105,2005,0.0,0.0,0.0
130402030105,2006,0.0,0.0,0.0
130402030105,2007,0.0,0.0,0.0
130402030105,2008,0.0,0.0,0.0
130402030105,2009,0.0,0.0,0.0
130402030105,2010,0.0,0.0,0.0
130402030105,2011,0.0,0.0,0.0
130402030105,2012,0.0,0.0,0.0
130402030105,2013,0.0,0.0,0.0
130402030105,2014,0.0,0.0,0.0
130402030105,2015,0.0,0.0,0.0
130402030105,2016,0.0,0.0,0.0
130402030105,2017,0.0,0.0,0.0
130402030105,2018,0.0,0.0,0.0
130402030105,2019,0.0,0.0,0.0
130402030105,2020,0.0,0.0,0.0
130402030106,2000,0.0,0.0,0.0
130402030106,2001,0.0,0.0,0.0
130402030106,2002,0.0,0.0,0.0
130402030106,2003,0.0,0.0,0.0
130402030106,2004,0.0,0.0,0.0
130402030106,2005,0.0,0.0,0.0
130402030106,2006,0.0,0.0,0.0
130402030106,2007,0.0,0.0,0.0
130402030106,2008,0.0,0.0,0.0
130402030106,2009,0.0,0.0,0.0
130402030106,2010,0.0,0.0,0.0
130402030106,2011,0.0,0.0,0.0
130402030106,2012,0.0,0.0,0.0
130402030106,2013,0.0,0.0,0.0
130402030106,2014,0.0,0.0,0.0
130402030106,2015,0.0,0.0,0.0
130402030106,2016,0.0,0.0,0.0
130402030106,2017,0.0,0.0,0.0
130402030106,2018,0.0,0.0,0.0
130402030106,2019,0.0,0.0,0.0
130402030106,2020,0.0,0.0,0.0
130402031501,2000,0.0,0.0,0.0
130402031501,2001,0.0,0.0,0.0
130402031501,2002,0.0,0.0,0.0
130402031501,2003,0.0,0.0,0.0
130402031501,2004,0.0,0.0,0.0
130402031501,2005,0.0,0.0,0.0
130402031501,2006,0.0,0.0,0.0
130402031501,2007,0.0,0.0,0.0
130402031501,2008,0.0,0.0,0.0
130402031501,2009,0.0,0.0,0.0
130402031501,2010,0.0,0.0,0.0
130402031501,2011,0.0,0.0,0.0
130402031501,2012,0.0,0.0,0.0
130402031501,2013,0.0,0.0,0.0
130402031501,2014,0.0,0.0,0.0
130402031501,2015,0.0,0.0,0.0
130402031501,2016,0.0,0.0,0.0
130402031501,2017,0.0,0.0,0.0
130402031501,2018,0.0,0.0,0.0
130402031501,2019,0.0,0.0,0.0
130402031501,2020,0.0,0.0,0.0
130402031502,2000,0.0,0.0,0.0
130402031502,2001,0.0,0.0,0.0
130402031502,2002,0.0,0.0,0.0
130402031502,2003,0.0,0.0,0.0
130402031502,2004,0.0,0.0,0.0
130402031502,2005,0.0,0.0,0.0
130402031502,2006,0.0,0.0,0.0
130402031502,2007,0.0,0.0,0.0
130402031502,2008,0.0,0.0,0.0
130402031502,2009,0.0,0.0,0.0
130402031502,2010,0.0,0.0,0.0
130402031502,2011,0.0,0.0,0.0
130402031502,2012,0.0,0.0,0.0
130402031502,2013,0.0,0.0,0.0
130402031502,2014,0.0,0.0,0.0
130402031502,2015,0.0,0.0,0.0
130402031502,2016,0.0,0.0,0.0
130402031502,2017,0.0,0.0,0.0
130402031502,2018,0.0,0.0,0.0
130402031502,2019,0.0,0.0,0.0
130402031502,2020,0.0,0.0,0.0
130402031503,2000,0.0,0.0,0.0
130402031503,2001,0.0,0.0,0.0
130402031503,2002,0.0,0.0,0.0
130402031503,2003,0.0,0.0,0.0
130402031503,2004,0.0,0.0,0.0
130402031503,2005,0.0,0.0,0.0
130402031503,2006,0.0,0.0,0.0
130402031503,2007,0.0,0.0,0.0
130402031503,2008,0.0,0.0,0.0
130402031503,2009,0.0,0.0,0.0
130402031503,2010,0.0,0.0,0.0
130402031503,2011,0.0,0.0,0.0
130402031503,2012,0.0,0.0,0.0
130402031503,2013,0.0,0.0,0.0
130402031503,2014,0.0,0.0,0.0
130402031503,2015,0.0,0.0,0.0
130402031503,2016,0.0,0.0,0.0
130402031503,2017,0.0,0.0,0.0
130402031503,2018,0.0,0.0,0.0
130402031503,2019,0.0,0.0,0.0
130402031503,2020,0.0,0.0,0.0
130402031504,2000,0.0,0.0,0.0
130402031504,2001,0.0,0.0,0.0
130402031504,2002,0.0,0.0,0.0
130402031504,2003,0.0,0.0,0.0
130402031504,2004,0.0,0.0,0.0
130402031504,2005,0.0,0.0,0.0
130402031504,2006,0.0,0.0,0.0
130402031504,2007,0.0,0.0,0.0
130402031504,2008,0.0,0.0,0.0
130402031504,2009,0.0,0.0,0.0
130402031504,2010,0.0,0.0,0.0
130402031504,2011,0.0,0.0,0.0
130402031504,2012,0.0,0.0,0.0
130402031504,2013,0.0,0.0,0.0
130402031504,2014,0.0,0.0,0.0
130402031504,2015,0.0,0.0,0.0
130402031504,2016,0.0,0.0,0.0
130402031504,2017,0.0,0.0,0.0
130402031504,2018,0.0,0.0,0.0
130402031504,2019,0.0,0.0,0.0
130402031504,2020,0.0,0.0,0.0
130402031505,2000,0.0,0.0,0.0
130402031505,2001,0.0,0.0,0.0
130402031505,2002,0.0,0.0,0.0
130402031505,2003,0.0,0.0,0.0
130402031505,2004,0.0,0.0,0.0
130402031505,2005,0.0,0.0,0.0
130402031505,2006,0.0,0.0,0.0
130402031505,2007,0.0,0.0,0.0
130402031505,2008,0.0,0.0,0.0
130402031505,2009,0.0,0.0,0.0
130402031505,2010,0.0,0.0,0.0
130402031505,2011,0.0,0.0,0.0
130402031505,2012,0.0,0.0,0.0
130402031505,2013,0.0,0.0,0.0
130402031505,2014,0.0,0.0,0.0
130402031505,2015,0.0,0.0,0.0
130402031505,2016,0.0,0.0,0.0
130402031505,2017,0.0,0.0,0.0
130402031505,2018,0.0,0.0,0.0
130402031505,2019,0.0,0.0,0.0
130402031505,2020,0.0,0.0,0.0
130402040101,2000,0.0,0.0,0.0
130402040101,2001,0.0,0.0,0.0
130402040101,2002,0.0,0.0,0.0
130402040101,2003,0.0,0.0,0.0
130402040101,2004,0.0,0.0,0.0
130402040101,2005,0.0,0.0,0.0
130402040101,2006,0.0,0.0,0.0
130402040101,2007,0.0,0.0,0.0
130402040101,2008,0.0,0.0,0.0
130402040101,2009,0.0,0.0,0.0
130402040101,2010,0.0,0.0,0.0
130402040101,2011,0.0,0.0,0.0
130402040101,2012,0.0,0.0,0.0
130402040101,2013,0.0,0.0,0.0
130402040101,2014,0.0,0.0,0.0
130402040101,2015,0.0,0.0,0.0
130402040101,2016,0.0,0.0,0.0
130402040101,2017,0.0,0.0,0.0
130402040101,2018,0.0,0.0,0.0
130402040101,2019,0.0,0.0,0.0
130402040101,2020,0.0,0.0,0.0
130402040102,2000,0.0,0.0,0.0
130402040102,2001,0.0,0.0,0.0
130402040102,2002,0.0,0.0,0.0
130402040102,2003,0.0,0.0,0.0
130402040102,2004,0.0,0.0,0.0
130402040102,2005,0.0,0.0,0.0
130402040102,2006,0.0,0.0,0.0
130402040102,2007,0.0,0.0,0.0
130402040102,2008,0.0,0.0,0.0
130402040102,2009,0.0,0.0,0.0
130402040102,2010,0.0,0.0,0.0
130402040102,2011,0.0,0.0,0.0
130402040102,2012,0.0,0.0,0.0
130402040102,2013,0.0,0.0,0.0
130402040102,2014,0.0,0.0,0.0
130402040102,2015,0.0,0.0,0.0
130402040102,2016,0.0,0.0,0.0
130402040102,2017,0.0,0.0,0.0
130402040102,2018,0.0,0.0,0.0
130402040102,2019,0.0,0.0,0.0
130402040102,2020,0.0,0.0,0.0
130402040103,2000,0.0,0.0,0.0
130402040103,2001,0.0,0.0,0.0
130402040103,2002,0.0,0.0,0.0
130402040103,2003,0.0,0.0,0.0
130402040103,2004,0.0,0.0,0.0
130402040103,2005,0.0,0.0,0.0
130402040103,2006,0.0,0.0,0.0
130402040103,2007,0.0,0.0,0.0
130402040103,2008,0.0,0.0,0.0
130402040103,2009,0.0,0.0,0.0
130402040103,2010,0.0,0.0,0.0
130402040103,2011,0.0,0.0,0.0
130402040103,2012,0.0,0.0,0.0
130402040103,2013,0.0,0.0,0.0
130402040103,2014,0.0,0.0,0.0
130402040103,2015,0.0,0.0,0.0
130402040103,2016,0.0,0.0,0.0
130402040103,2017,0.0,0.0,0.0
130402040103,2018,0.0,0.0,0.0
130402040103,2019,0.0,0.0,0.0
130402040103,2020,0.0,0.0,0.0
130402040104,2000,0.0,0.0,0.0
130402040104,2001,0.0,0.0,0.0
130402040104,2002,0.0,0.0,0.0
130402040104,2003,0.0,0.0,0.0
130402040104,2004,0.0,0.0,0.0
130402040104,2005,0.0,0.0,0.0
130402040104,2006,0.0,0.0,0.0
130402040104,2007,0.0,0.0,0.0
130402040104,2008,0.0,0.0,0.0
130402040104,2009,0.0,0.0,0.0
130402040104,2010,0.0,0.0,0.0
130402040104,2011,0.0,0.0,0.0
130402040104,2012,0.0,0.0,0.0
130402040104,2013,0.0,0.0,0.0
130402040104,2014,0.0,0.0,0.0
130402040104,2015,0.0,0.0,0.0
130402040104,2016,0.0,0.0,0.0
130402040104,2017,0.0,0.0,0.0
130402040104,2018,0.0,0.0,0.0
130402040104,2019,0.0,0.0,0.0
130402040104,2020,0.0,0.0,0.0
130402040105,2000,0.0,0.0,0.0
130402040105,2001,0.0,0.0,0.0
130402040105,2002,0.0,0.0,0.0
130402040105,2003,0.0,0.0,0.0
130402040105,2004,0.0,0.0,0.0
130402040105,2005,0.0,0.0,0.0
130402040105,2006,0.0,0.0,0.0
130402040105,2007,0.0,0.0,0.0
130402040105,2008,0.0,0.0,0.0
130402040105,2009,0.0,0.0,0.0
130402040105,2010,0.0,0.0,0.0
130402040105,2011,0.0,0.0,0.0
130402040105,2012,0.0,0.0,0.0
130402040105,2013,0.0,0.0,0.0
130402040105,2014,0.0,0.0,0.0
130402040105,2015,0.0,0.0,0.0
130402040105,2016,0.0,0.0,0.0
130402040105,2017,0.0,0.0,0.0
130402040105,2018,0.0,0.0,0.0
130402040105,2019,0.0,0.0,0.0
130402040105,2020,0.0,0.0,0.0
130402040106,2000,0.0,0.0,0.0
130402040106,2001,0.0,0.0,0.0
130402040106,2002,0.0,0.0,0.0
130402040106,2003,0.0,0.0,0.0
130402040106,2004,0.0,0.0,0.0
130402040106,2005,0.0,0.0,0.0
130402040106,2006,0.0,0.0,0.0
130402040106,2007,0.0,0.0,0.0
130402040106,2008,0.0,0.0,0.0
130402040106,2009,0.0,0.0,0.0
130402040106,2010,0.0,0.0,0.0
130402040106,2011,0.0,0.0,0.0
130402040106,2012,0.0,0.0,0.0
130402040106,2013,0.0,0.0,0.0
130402040106,2014,0.0,0.0,0.0
130402040106,2015,0.0,0.0,0.0
130402040106,2016,0.0,0.0,0.0
130402040106,2017,0.0,0.0,0.0
130402040106,2018,0.0,0.0,0.0
130402040106,2019,0.0,0.0,0.0
130402040106,2020,0.0,0.0,0.0
130402040107,2000,0.0,0.0,0.0
130402040107,2001,0.0,0.0,0.0
130402040107,2002,0.0,0.0,0.0
130402040107,2003,0.0,0.0,0.0
130402040107,2004,0.0,0.0,0.0
130402040107,2005,0.0,0.0,0.0
130402040107,2006,0.0,0.0,0.0
130402040107,2007,0.0,0.0,0.0
130402040107,2008,0.0,0.0,0.0
130402040107,2009,0.0,0.0,0.0
130402040107,2010,0.0,0.0,0.0
130402040107,2011,0.0,0.0,0.0
130402040107,2012,0.0,0.0,0.0
130402040107,2013,0.0,0.0,0.0
130402040107,2014,0.0,0.0,0.0
130402040107,2015,0.0,0.0,0.0
130402040107,2016,0.0,0.0,0.0
130402040107,2017,0.0,0.0,0.0
130402040107,2018,0.0,0.0,0.0
130402040107,2019,0.0,0.0,0.0
130402040107,2020,0.0,0.0,0.0
130402040201,2000,0.0,0.0,0.0
130402040201,2001,0.0,0.0,0.0
130402040201,2002,0.0,0.0,0.0
130402040201,2003,0.0,0.0,0.0
130402040201,2004,0.0,0.0,0.0
130402040201,2005,0.0,0.0,0.0
130402040201,2006,0.0,0.0,0.0
130402040201,2007,0.0,0.0,0.0
130402040201,2008,0.0,0.0,0.0
130402040201,2009,0.0,0.0,0.0
130402040201,2010,0.0,0.0,0.0
130402040201,2011,0.0,0.0,0.0
130402040201,2012,0.0,0.0,0.0
130402040201,2013,0.0,0.0,0.0
130402040201,2014,0.0,0.0,0.0
130402040201,2015,0.0,0.0,0.0
130402040201,2016,0.0,0.0,0.0
130402040201,2017,0.0,0.0,0.0
130402040201,2018,0.0,0.0,0.0
130402040201,2019,0.0,0.0,0.0
130402040201,2020,0.0,0.0,0.0
130402040202,2000,0.0,0.0,0.0
130402040202,2001,0.0,0.0,0.0
130402040202,2002,0.0,0.0,0.0
130402040202,2003,0.0,0.0,0.0
130402040202,2004,0.0,0.0,0.0
130402040202,2005,0.0,0.0,0.0
130402040202,2006,0.0,0.0,0.0
130402040202,2007,0.0,0.0,0.0
130402040202,2008,0.0,0.0,0.0
130402040202,2009,0.0,0.0,0.0
130402040202,2010,0.0,0.0,0.0
130402040202,2011,0.0,0.0,0.0
130402040202,2012,0.0,0.0,0.0
130402040202,2013,0.0,0.0,0.0
130402040202,2014,0.0,0.0,0.0
130402040202,2015,0.0,0.0,0.0
130402040202,2016,0.0,0.0,0.0
130402040202,2017,0.0,0.0,0.0
130402040202,2018,0.0,0.0,0.0
130402040202,2019,0.0,0.0,0.0
130402040202,2020,0.0,0.0,0.0
130402040203,2000,0.0,0.0,0.0
130402040203,2001,0.0,0.0,0.0
130402040203,2002,0.0,0.0,0.0
130402040203,2003,0.0,0.0,0.0
130402040203,2004,0.0,0.0,0.0
130402040203,2005,0.0,0.0,0.0
130402040203,2006,0.0,0.0,0.0
130402040203,2007,0.0,0.0,0.0
130402040203,2008,0.0,0.0,0.0
130402040203,2009,0.0,0.0,0.0
130402040203,2010,0.0,0.0,0.0
130402040203,2011,0.0,0.0,0.0
130402040203,2012,0.0,0.0,0.0
130402040203,2013,0.0,0.0,0.0
130402040203,2014,0.0,0.0,0.0
130402040203,2015,0.0,0.0,0.0
130402040203,2016,0.0,0.0,0.0
130402040203,2017,0.0,0.0,0.0
130402040203,2018,0.0,0.0,0.0
130402040203,2019,0.0,0.0,0.0
130402040203,2020,0.0,0.0,0.0
130402040204,2000,0.0,0.0,0.0
130402040204,2001,0.0,0.0,0.0
130402040204,2002,0.0,0.0,0.0
130402040204,2003,0.0,0.0,0.0
130402040204,2004,0.0,0.0,0.0
130402040204,2005,0.0,0.0,0.0
130402040204,2006,0.0,0.0,0.0
130402040204,2007,0.0,0.0,0.0
130402040204,2008,0.0,0.0,0.0
130402040204,2009,0.0,0.0,0.0
130402040204,2010,0.0,0.0,0.0
130402040204,2011,0.0,0.0,0.0
130402040204,2012,0.0,0.0,0.0
130402040204,2013,0.0,0.0,0.0
130402040204,2014,0.0,0.0,0.0
130402040204,2015,0.0,0.0,0.0
130402040204,2016,0.0,0.0,0.0
130402040204,2017,0.0,0.0,0.0
130402040204,2018,0.0,0.0,0.0
130402040204,2019,0.0,0.0,0.0
130402040204,2020,0.0,0.0,0.0
130402040205,2000,0.0,0.0,0.0
130402040205,2001,0.0,0.0,0.0
130402040205,2002,0.0,0.0,0.0
130402040205,2003,0.0,0.0,0.0
130402040205,2004,0.0,0.0,0.0
130402040205,2005,0.0,0.0,0.0
130402040205,2006,0.0,0.0,0.0
130402040205,2007,0.0,0.0,0.0
130402040205,2008,0.0,0.0,0.0
130402040205,2009,0.0,0.0,0.0
130402040205,2010,0.0,0.0,0.0
130402040205,2011,0.0,0.0,0.0
130402040205,2012,0.0,0.0,0.0
130402040205,2013,0.0,0.0,0.0
130402040205,2014,0.0,0.0,0.0
130402040205,2015,0.0,0.0,0.0
130402040205,2016,0.0,0.0,0.0
130402040205,2017,0.0,0.0,0.0
130402040205,2018,0.0,0.0,0.0
130402040205,2019,0.0,0.0,0.0
130402040205,2020,0.0,0.0,0.0
130402040206,2000,0.0,0.0,0.0
130402040206,2001,0.0,0.0,0.0
130402040206,2002,0.0,0.0,0.0
130402040206,2003,0.0,0.0,0.0
130402040206,2004,0.0,0.0,0.0
130402040206,2005,0.0,0.0,0.0
130402040206,2006,0.0,0.0,0.0
130402040206,2007,0.0,0.0,0.0
130402040206,2008,0.0,0.0,0.0
130402040206,2009,0.0,0.0,0.0
130402040206,2010,0.0,0.0,0.0
130402040206,2011,0.0,0.0,0.0
130402040206,2012,0.0,0.0,0.0
130402040206,2013,0.0,0.0,0.0
130402040206,2014,0.0,0.0,0.0
130402040206,2015,0.0,0.0,0.0
130402040206,2016,0.0,0.0,0.0
130402040206,2017,0.0,0.0,0.0
130402040206,2018,0.0,0.0,0.0
130402040206,2019,0.0,0.0,0.0
130402040206,2020,0.0,0.0,0.0
130402040301,2000,0.0,0.0,0.0
130402040301,2001,0.0,0.0,0.0
130402040301,2002,0.0,0.0,0.0
130402040301,2003,0.0,0.0,0.0
130402040301,2004,0.0,0.0,0.0
130402040301,2005,0.0,0.0,0.0
130402040301,2006,0.0,0.0,0.0
130402040301,2007,0.0,0.0,0.0
130402040301,2008,0.0,0.0,0.0
130402040301,2009,0.0,0.0,0.0
130402040301,2010,0.0,0.0,0.0
130402040301,2011,0.0,0.0,0.0
130402040301,2012,0.0,0.0,0.0
130402040301,2013,0.0,0.0,0.0
130402040301,2014,0.0,0.0,0.0
130402040301,2015,0.0,0.0,0.0
130402040301,2016,0.0,0.0,0.0
130402040301,2017,0.0,0.0,0.0
130402040301,2018,0.0,0.0,0.0
130402040301,2019,0.0,0.0,0.0
130402040301,2020,0.0,0.0,0.0
130402040302,2000,0.0,0.0,0.0
130402040302,2001,0.0,0.0,0.0
130402040302,2002,0.0,0.0,0.0
130402040302,2003,0.0,0.0,0.0
130402040302,2004,0.0,0.0,0.0
130402040302,2005,0.0,0.0,0.0
130402040302,2006,0.0,0.0,0.0
130402040302,2007,0.0,0.0,0.0
130402040302,2008,0.0,0.0,0.0
130402040302,2009,0.0,0.0,0.0
130402040302,2010,0.0,0.0,0.0
130402040302,2011,0.0,0.0,0.0
130402040302,2012,0.0,0.0,0.0
130402040302,2013,0.0,0.0,0.0
130402040302,2014,0.0,0.0,0.0
130402040302,2015,0.0,0.0,0.0
130402040302,2016,0.0,0.0,0.0
130402040302,2017,0.0,0.0,0.0
130402040302,2018,0.0,0.0,0.0
130402040302,2019,0.0,0.0,0.0
130402040302,2020,0.0,0.0,0.0
130402040303,2000,0.0,0.0,0.0
130402040303,2001,0.0,0.0,0.0
130402040303,2002,0.0,0.0,0.0
130402040303,2003,0.0,0.0,0.0
130402040303,2004,0.0,0.0,0.0
130402040303,2005,0.0,0.0,0.0
130402040303,2006,0.0,0.0,0.0
130402040303,2007,0.0,0.0,0.0
130402040303,2008,0.0,0.0,0.0
130402040303,2009,0.0,0.0,0.0
130402040303,2010,0.0,0.0,0.0
130402040303,2011,0.0,0.0,0.0
130402040303,2012,0.0,0.0,0.0
130402040303,2013,0.0,0.0,0.0
130402040303,2014,0.0,0.0,0.0
130402040303,2015,0.0,0.0,0.0
130402040303,2016,0.0,0.0,0.0
130402040303,2017,0.0,0.0,0.0
130402040303,2018,0.0,0.0,0.0
130402040303,2019,0.0,0.0,0.0
130402040303,2020,0.0,0.0,0.0
130402040304,2000,0.0,0.0,0.0
130402040304,2001,0.0,0.0,0.0
130402040304,2002,0.0,0.0,0.0
130402040304,2003,0.0,0.0,0.0
130402040304,2004,0.0,0.0,0.0
130402040304,2005,0.0,0.0,0.0
130402040304,2006,0.0,0.0,0.0
130402040304,2007,0.0,0.0,0.0
130402040304,2008,0.0,0.0,0.0
130402040304,2009,0.0,0.0,0.0
130402040304,2010,0.0,0.0,0.0
130402040304,2011,0.0,0.0,0.0
130402040304,2012,0.0,0.0,0.0
130402040304,2013,0.0,0.0,0.0
130402040304,2014,0.0,0.0,0.0
130402040304,2015,0.0,0.0,0.0
130402040304,2016,0.0,0.0,0.0
130402040304,2017,0.0,0.0,0.0
130402040304,2018,0.0,0.0,0.0
130402040304,2019,0.0,0.0,0.0
130402040304,2020,0.0,0.0,0.0
130402040305,2000,0.0,0.0,0.0
130402040305,2001,0.0,0.0,0.0
130402040305,2002,0.0,0.0,0.0
130402040305,2003,0.0,0.0,0.0
130402040305,2004,0.0,0.0,0.0
130402040305,2005,0.0,0.0,0.0
130402040305,2006,0.0,0.0,0.0
130402040305,2007,0.0,0.0,0.0
130402040305,2008,0.0,0.0,0.0
130402040305,2009,0.0,0.0,0.0
130402040305,2010,0.0,0.0,0.0
130402040305,2011,0.0,0.0,0.0
130402040305,2012,0.0,0.0,0.0
130402040305,2013,0.0,0.0,0.0
130402040305,2014,0.0,0.0,0.0
130402040305,2015,0.0,0.0,0.0
130402040305,2016,0.0,0.0,0.0
130402040305,2017,0.0,0.0,0.0
130402040305,2018,0.0,0.0,0.0
130402040305,2019,0.0,0.0,0.0
130402040305,2020,0.0,0.0,0.0
130402040306,2000,0.0,0.0,0.0
130402040306,2001,0.0,0.0,0.0
130402040306,2002,0.0,0.0,0.0
130402040306,2003,0.0,0.0,0.0
130402040306,2004,0.0,0.0,0.0
130402040306,2005,0.0,0.0,0.0
130402040306,2006,0.0,0.0,0.0
130402040306,2007,0.0,0.0,0.0
130402040306,2008,0.0,0.0,0.0
130402040306,2009,0.0,0.0,0.0
130402040306,2010,0.0,0.0,0.0
130402040306,2011,0.0,0.0,0.0
130402040306,2012,0.0,0.0,0.0
130402040306,2013,0.0,0.0,0.0
130402040306,2014,0.0,0.0,0.0
130402040306,2015,0.0,0.0,0.0
130402040306,2016,0.0,0.0,0.0
130402040306,2017,0.0,0.0,0.0
130402040306,2018,0.0,0.0,0.0
130402040306,2019,0.0,0.0,0.0
130402040306,2020,0.0,0.0,0.0
130402040307,2000,0.0,0.0,0.0
130402040307,2001,0.0,0.0,0.0
130402040307,2002,0.0,0.0,0.0
130402040307,2003,0.0,0.0,0.0
130402040307,2004,0.0,0.0,0.0
130402040307,2005,0.0,0.0,0.0
130402040307,2006,0.0,0.0,0.0
130402040307,2007,0.0,0.0,0.0
130402040307,2008,0.0,0.0,0.0
130402040307,2009,0.0,0.0,0.0
130402040307,2010,0.0,0.0,0.0
130402040307,2011,0.0,0.0,0.0
130402040307,2012,0.0,0.0,0.0
130402040307,2013,0.0,0.0,0.0
130402040307,2014,0.0,0.0,0.0
130402040307,2015,0.0,0.0,0.0
130402040307,2016,0.0,0.0,0.0
130402040307,2017,0.0,0.0,0.0
130402040307,2018,0.0,0.0,0.0
130402040307,2019,0.0,0.0,0.0
130402040307,2020,0.0,0.0,0.0
130402040401,2000,0.0,0.0,0.0
130402040401,2001,0.0,0.0,0.0
130402040401,2002,0.0,0.0,0.0
130402040401,2003,0.0,0.0,0.0
130402040401,2004,0.0,0.0,0.0
130402040401,2005,0.0,0.0,0.0
130402040401,2006,0.0,0.0,0.0
130402040401,2007,0.0,0.0,0.0
130402040401,2008,0.0,0.0,0.0
130402040401,2009,0.0,0.0,0.0
130402040401,2010,0.0,0.0,0.0
130402040401,2011,0.0,0.0,0.0
130402040401,2012,0.0,0.0,0.0
130402040401,2013,0.0,0.0,0.0
130402040401,2014,0.0,0.0,0.0
130402040401,2015,0.0,0.0,0.0
130402040401,2016,0.0,0.0,0.0
130402040401,2017,0.0,0.0,0.0
130402040401,2018,0.0,0.0,0.0
130402040401,2019,0.0,0.0,0.0
130402040401,2020,0.0,0.0,0.0
130402040402,2000,0.0,0.0,0.0
130402040402,2001,0.0,0.0,0.0
130402040402,2002,0.0,0.0,0.0
130402040402,2003,0.0,0.0,0.0
130402040402,2004,0.0,0.0,0.0
130402040402,2005,0.0,0.0,0.0
130402040402,2006,0.0,0.0,0.0
130402040402,2007,0.0,0.0,0.0
130402040402,2008,0.0,0.0,0.0
130402040402,2009,0.0,0.0,0.0
130402040402,2010,0.0,0.0,0.0
130402040402,2011,0.0,0.0,0.0
130402040402,2012,0.0,0.0,0.0
130402040402,2013,0.0,0.0,0.0
130402040402,2014,0.0,0.0,0.0
130402040402,2015,0.0,0.0,0.0
130402040402,2016,0.0,0.0,0.0
130402040402,2017,0.0,0.0,0.0
130402040402,2018,0.0,0.0,0.0
130402040402,2019,0.0,0.0,0.0
130402040402,2020,0.0,0.0,0.0
130402040403,2000,0.0,0.0,0.0
130402040403,2001,0.0,0.0,0.0
130402040403,2002,0.0,0.0,0.0
130402040403,2003,0.0,0.0,0.0
130402040403,2004,0.0,0.0,0.0
130402040403,2005,0.0,0.0,0.0
130402040403,2006,0.0,0.0,0.0
130402040403,2007,0.0,0.0,0.0
130402040403,2008,0.0,0.0,0.0
130402040403,2009,0.0,0.0,0.0
130402040403,2010,0.0,0.0,0.0
130402040403,2011,0.0,0.0,0.0
130402040403,2012,0.0,0.0,0.0
130402040403,2013,0.0,0.0,0.0
130402040403,2014,0.0,0.0,0.0
130402040403,2015,0.0,0.0,0.0
130402040403,2016,0.0,0.0,0.0
130402040403,2017,0.0,0.0,0.0
130402040403,2018,0.0,0.0,0.0
130402040403,2019,0.0,0.0,0.0
130402040403,2020,0.0,0.0,0.0
130402040404,2000,0.0,0.0,0.0
130402040404,2001,0.0,0.0,0.0
130402040404,2002,0.0,0.0,0.0
130402040404,2003,0.0,0.0,0.0
130402040404,2004,0.0,0.0,0.0
130402040404,2005,0.0,0.0,0.0
130402040404,2006,0.0,0.0,0.0
130402040404,2007,0.0,0.0,0.0
130402040404,2008,0.0,0.0,0.0
130402040404,2009,0.0,0.0,0.0
130402040404,2010,0.0,0.0,0.0
130402040404,2011,0.0,0.0,0.0
130402040404,2012,0.0,0.0,0.0
130402040404,2013,0.0,0.0,0.0
130402040404,2014,0.0,0.0,0.0
130402040404,2015,0.0,0.0,0.0
130402040404,2016,0.0,0.0,0.0
130402040404,2017,0.0,0.0,0.0
130402040404,2018,0.0,0.0,0.0
130402040404,2019,0.0,0.0,0.0
130402040404,2020,0.0,0.0,0.0
130402040405,2000,0.0,0.0,0.0
130402040405,2001,0.0,0.0,0.0
130402040405,2002,0.0,0.0,0.0
130402040405,2003,0.0,0.0,0.0
130402040405,2004,0.0,0.0,0.0
130402040405,2005,0.0,0.0,0.0
130402040405,2006,0.0,0.0,0.0
130402040405,2007,0.0,0.0,0.0
130402040405,2008,0.0,0.0,0.0
130402040405,2009,0.0,0.0,0.0
130402040405,2010,0.0,0.0,0.0
130402040405,2011,0.0,0.0,0.0
130402040405,2012,0.0,0.0,0.0
130402040405,2013,0.0,0.0,0.0
130402040405,2014,0.0,0.0,0.0
130402040405,2015,0.0,0.0,0.0
130402040405,2016,0.0,0.0,0.0
130402040405,2017,0.0,0.0,0.0
130402040405,2018,0.0,0.0,0.0
130402040405,2019,0.0,0.0,0.0
130402040405,2020,0.0,0.0,0.0
130402040406,2000,0.0,0.0,0.0
130402040406,2001,0.0,0.0,0.0
130402040406,2002,0.0,0.0,0.0
130402040406,2003,0.0,0.0,0.0
130402040406,2004,0.0,0.0,0.0
130402040406,2005,0.0,0.0,0.0
130402040406,2006,0.0,0.0,0.0
130402040406,2007,0.0,0.0,0.0
130402040406,2008,0.0,0.0,0.0
130402040406,2009,0.0,0.0,0.0
130402040406,2010,0.0,0.0,0.0
130402040406,2011,0.0,0.0,0.0
130402040406,2012,0.0,0.0,0.0
130402040406,2013,0.0,0.0,0.0
130402040406,2014,0.0,0.0,0.0
130402040406,2015,0.0,0.0,0.0
130402040406,2016,0.0,0.0,0.0
130402040406,2017,0.0,0.0,0.0
130402040406,2018,0.0,0.0,0.0
130402040406,2019,0.0,0.0,0.0
130402040406,2020,0.0,0.0,0.0
130402040407,2000,0.0,0.0,0.0
130402040407,2001,0.0,0.0,0.0
130402040407,2002,0.0,0.0,0.0
130402040407,2003,0.0,0.0,0.0
130402040407,2004,0.0,0.0,0.0
130402040407,2005,0.0,0.0,0.0
130402040407,2006,0.0,0.0,0.0
130402040407,2007,0.0,0.0,0.0
130402040407,2008,0.0,0.0,0.0
130402040407,2009,0.0,0.0,0.0
130402040407,2010,0.0,0.0,0.0
130402040407,2011,0.0,0.0,0.0
130402040407,2012,0.0,0.0,0.0
130402040407,2013,0.0,0.0,0.0
130402040407,2014,0.0,0.0,0.0
130402040407,2015,0.0,0.0,0.0
130402040407,2016,0.0,0.0,0.0
130402040407,2017,0.0,0.0,0.0
130402040407,2018,0.0,0.0,0.0
130402040407,2019,0.0,0.0,0.0
130402040407,2020,0.0,0.0,0.0
130402050101,2000,0.0,0.0,0.0
130402050101,2001,0.0,0.0,0.0
130402050101,2002,0.0,0.0,0.0
130402050101,2003,0.0,0.0,0.0
130402050101,2004,0.0,0.0,0.0
130402050101,2005,0.0,0.0,0.0
130402050101,2006,0.0,0.0,0.0
130402050101,2007,0.0,0.0,0.0
130402050101,2008,0.0,0.0,0.0
130402050101,2009,0.0,0.0,0.0
130402050101,2010,0.0,0.0,0.0
130402050101,2011,0.0,0.0,0.0
130402050101,2012,0.0,0.0,0.0
130402050101,2013,0.0,0.0,0.0
130402050101,2014,0.0,0.0,0.0
130402050101,2015,0.0,0.0,0.0
130402050101,2016,0.0,0.0,0.0
130402050101,2017,0.0,0.0,0.0
130402050101,2018,0.0,0.0,0.0
130402050101,2019,0.0,0.0,0.0
130402050101,2020,0.0,0.0,0.0
130402050102,2000,0.0,0.0,0.0
130402050102,2001,0.0,0.0,0.0
130402050102,2002,0.0,0.0,0.0
130402050102,2003,0.0,0.0,0.0
130402050102,2004,0.0,0.0,0.0
130402050102,2005,0.0,0.0,0.0
130402050102,2006,0.0,0.0,0.0
130402050102,2007,0.0,0.0,0.0
130402050102,2008,0.0,0.0,0.0
130402050102,2009,0.0,0.0,0.0
130402050102,2010,0.0,0.0,0.0
130402050102,2011,0.0,0.0,0.0
130402050102,2012,0.0,0.0,0.0
130402050102,2013,0.0,0.0,0.0
130402050102,2014,0.0,0.0,0.0
130402050102,2015,0.0,0.0,0.0
130402050102,2016,0.0,0.0,0.0
130402050102,2017,0.0,0.0,0.0
130402050102,2018,0.0,0.0,0.0
130402050102,2019,0.0,0.0,0.0
130402050102,2020,0.0,0.0,0.0
130402050103,2000,0.0,0.0,0.0
130402050103,2001,0.0,0.0,0.0
130402050103,2002,0.0,0.0,0.0
130402050103,2003,0.0,0.0,0.0
130402050103,2004,0.0,0.0,0.0
130402050103,2005,0.0,0.0,0.0
130402050103,2006,0.0,0.0,0.0
130402050103,2007,0.0,0.0,0.0
130402050103,2008,0.0,0.0,0.0
130402050103,2009,0.0,0.0,0.0
130402050103,2010,0.0,0.0,0.0
130402050103,2011,0.0,0.0,0.0
130402050103,2012,0.0,0.0,0.0
130402050103,2013,0.0,0.0,0.0
130402050103,2014,0.0,0.0,0.0
130402050103,2015,0.0,0.0,0.0
130402050103,2016,0.0,0.0,0.0
130402050103,2017,0.0,0.0,0.0
130402050103,2018,0.0,0.0,0.0
130402050103,2019,0.0,0.0,0.0
130402050103,2020,0.0,0.0,0.0
130402050104,2000,0.0,0.0,0.0
130402050104,2001,0.0,0.0,0.0
130402050104,2002,0.0,0.0,0.0
130402050104,2003,0.0,0.0,0.0
130402050104,2004,0.0,0.0,0.0
130402050104,2005,0.0,0.0,0.0
130402050104,2006,0.0,0.0,0.0
130402050104,2007,0.0,0.0,0.0
130402050104,2008,0.0,0.0,0.0
130402050104,2009,0.0,0.0,0.0
130402050104,2010,0.0,0.0,0.0
130402050104,2011,0.0,0.0,0.0
130402050104,2012,0.0,0.0,0.0
130402050104,2013,0.0,0.0,0.0
130402050104,2014,0.0,0.0,0.0
130402050104,2015,0.0,0.0,0.0
130402050104,2016,0.0,0.0,0.0
130402050104,2017,0.0,0.0,0.0
130402050104,2018,0.0,0.0,0.0
130402050104,2019,0.0,0.0,0.0
130402050104,2020,0.0,0.0,0.0
130402052003,2000,0.0,0.0,0.0
130402052003,2001,0.0,0.0,0.0
130402052003,2002,0.0,0.0,0.0
130402052003,2003,0.0,0.0,0.0
130402052003,2004,0.0,0.0,0.0
130402052003,2005,0.0,0.0,0.0
130402052003,2006,0.0,0.0,0.0
130402052003,2007,0.0,0.0,0.0
130402052003,2008,0.0,0.0,0.0
130402052003,2009,0.0,0.0,0.0
130402052003,2010,0.0,0.0,0.0
130402052003,2011,0.0,0.0,0.0
130402052003,2012,0.0,0.0,0.0
130402052003,2013,0.0,0.0,0.0
130402052003,2014,0.0,0.0,0.0
130402052003,2015,0.0,0.0,0.0
130402052003,2016,0.0,0.0,0.0
130402052003,2017,0.0,0.0,0.0
130402052003,2018,0.0,0.0,0.0
130402052003,2019,0.0,0.0,0.0
130402052003,2020,0.0,0.0,0.0
130402052004,2000,0.0,0.0,0.0
130402052004,2001,0.0,0.0,0.0
130402052004,2002,0.0,0.0,0.0
130402052004,2003,0.0,0.0,0.0
130402052004,2004,0.0,0.0,0.0
130402052004,2005,0.0,0.0,0.0
130402052004,2006,0.0,0.0,0.0
130402052004,2007,0.0,0.0,0.0
130402052004,2008,0.0,0.0,0.0
130402052004,2009,0.0,0.0,0.0
130402052004,2010,0.0,0.0,0.0
130402052004,2011,0.0,0.0,0.0
130402052004,2012,0.0,0.0,0.0
130402052004,2013,0.0,0.0,0.0
130402052004,2014,0.0,0.0,0.0
130402052004,2015,0.0,0.0,0.0
130402052004,2016,0.0,0.0,0.0
130402052004,2017,0.0,0.0,0.0
130402052004,2018,0.0,0.0,0.0
130402052004,2019,0.0,0.0,0.0
130402052004,2020,0.0,0.0,0.0
130402052101,2000,0.0,0.0,0.0
130402052101,2001,0.0,0.0,0.0
130402052101,2002,0.0,0.0,0.0
130402052101,2003,0.0,0.0,0.0
130402052101,2004,0.0,0.0,0.0
130402052101,2005,0.0,0.0,0.0
130402052101,2006,0.0,0.0,0.0
130402052101,2007,0.0,0.0,0.0
130402052101,2008,0.0,0.0,0.0
130402052101,2009,0.0,0.0,0.0
130402052101,2010,0.0,0.0,0.0
130402052101,2011,0.0,0.0,0.0
130402052101,2012,0.0,0.0,0.0
130402052101,2013,0.0,0.0,0.0
130402052101,2014,0.0,0.0,0.0
130402052101,2015,0.0,0.0,0.0
130402052101,2016,0.0,0.0,0.0
130402052101,2017,0.0,0.0,0.0
130402052101,2018,0.0,0.0,0.0
130402052101,2019,0.0,0.0,0.0
130402052101,2020,0.0,0.0,0.0
130402052102,2000,0.0,0.0,0.0
130402052102,2001,0.0,0.0,0.0
130402052102,2002,0.0,0.0,0.0
130402052102,2003,0.0,0.0,0.0
130402052102,2004,0.0,0.0,0.0
130402052102,2005,0.0,0.0,0.0
130402052102,2006,0.0,0.0,0.0
130402052102,2007,0.0,0.0,0.0
130402052102,2008,0.0,0.0,0.0
130402052102,2009,0.0,0.0,0.0
130402052102,2010,0.0,0.0,0.0
130402052102,2011,0.0,0.0,0.0
130402052102,2012,0.0,0.0,0.0
130402052102,2013,0.0,0.0,0.0
130402052102,2014,0.0,0.0,0.0
130402052102,2015,0.0,0.0,0.0
130402052102,2016,0.0,0.0,0.0
130402052102,2017,0.0,0.0,0.0
130402052102,2018,0.0,0.0,0.0
130402052102,2019,0.0,0.0,0.0
130402052102,2020,0.0,0.0,0.0
130402052103,2000,0.0,0.0,0.0
130402052103,2001,0.0,0.0,0.0
130402052103,2002,0.0,0.0,0.0
130402052103,2003,0.0,0.0,0.0
130402052103,2004,0.0,0.0,0.0
130402052103,2005,0.0,0.0,0.0
130402052103,2006,0.0,0.0,0.0
130402052103,2007,0.0,0.0,0.0
130402052103,2008,0.0,0.0,0.0
130402052103,2009,0.0,0.0,0.0
130402052103,2010,0.0,0.0,0.0
130402052103,2011,0.0,0.0,0.0
130402052103,2012,0.0,0.0,0.0
130402052103,2013,0.0,0.0,0.0
130402052103,2014,0.0,0.0,0.0
130402052103,2015,0.0,0.0,0.0
130402052103,2016,0.0,0.0,0.0
130402052103,2017,0.0,0.0,0.0
130402052103,2018,0.0,0.0,0.0
130402052103,2019,0.0,0.0,0.0
130402052103,2020,0.0,0.0,0.0
130402052104,2000,0.0,0.0,0.0
130402052104,2001,0.0,0.0,0.0
130402052104,2002,0.0,0.0,0.0
130402052104,2003,0.0,0.0,0.0
130402052104,2004,0.0,0.0,0.0
130402052104,2005,0.0,0.0,0.0
130402052104,2006,0.0,0.0,0.0
130402052104,2007,0.0,0.0,0.0
130402052104,2008,0.0,0.0,0.0
130402052104,2009,0.0,0.0,0.0
130402052104,2010,0.0,0.0,0.0
130402052104,2011,0.0,0.0,0.0
130402052104,2012,0.0,0.0,0.0
130402052104,2013,0.0,0.0,0.0
130402052104,2014,0.0,0.0,0.0
130402052104,2015,0.0,0.0,0.0
130402052104,2016,0.0,0.0,0.0
130402052104,2017,0.0,0.0,0.0
130402052104,2018,0.0,0.0,0.0
130402052104,2019,0.0,0.0,0.0
130402052104,2020,0.0,0.0,0.0
130402052105,2000,0.0,0.0,0.0
130402052105,2001,0.0,0.0,0.0
130402052105,2002,0.0,0.0,0.0
130402052105,2003,0.0,0.0,0.0
130402052105,2004,0.0,0.0,0.0
130402052105,2005,0.0,0.0,0.0
130402052105,2006,0.0,0.0,0.0
130402052105,2007,0.0,0.0,0.0
130402052105,2008,0.0,0.0,0.0
130402052105,2009,0.0,0.0,0.0
130402052105,2010,0.0,0.0,0.0
130402052105,2011,0.0,0.0,0.0
130402052105,2012,0.0,0.0,0.0
130402052105,2013,0.0,0.0,0.0
130402052105,2014,0.0,0.0,0.0
130402052105,2015,0.0,0.0,0.0
130402052105,2016,0.0,0.0,0.0
130402052105,2017,0.0,0.0,0.0
130402052105,2018,0.0,0.0,0.0
130402052105,2019,0.0,0.0,0.0
130402052105,2020,0.0,0.0,0.0
130402052106,2000,0.0,0.0,0.0
130402052106,2001,0.0,0.0,0.0
130402052106,2002,0.0,0.0,0.0
130402052106,2003,0.0,0.0,0.0
130402052106,2004,0.0,0.0,0.0
130402052106,2005,0.0,0.0,0.0
130402052106,2006,0.0,0.0,0.0
130402052106,2007,0.0,0.0,0.0
130402052106,2008,0.0,0.0,0.0
130402052106,2009,0.0,0.0,0.0
130402052106,2010,0.0,0.0,0.0
130402052106,2011,0.0,0.0,0.0
130402052106,2012,0.0,0.0,0.0
130402052106,2013,0.0,0.0,0.0
130402052106,2014,0.0,0.0,0.0
130402052106,2015,0.0,0.0,0.0
130402052106,2016,0.0,0.0,0.0
130402052106,2017,0.0,0.0,0.0
130402052106,2018,0.0,0.0,0.0
130402052106,2019,0.0,0.0,0.0
130402052106,2020,0.0,0.0,0.0
130402052107,2000,0.0,0.0,0.0
130402052107,2001,0.0,0.0,0.0
130402052107,2002,0.0,0.0,0.0
130402052107,2003,0.0,0.0,0.0
130402052107,2004,0.0,0.0,0.0
130402052107,2005,0.0,0.0,0.0
130402052107,2006,0.0,0.0,0.0
130402052107,2007,0.0,0.0,0.0
130402052107,2008,0.0,0.0,0.0
130402052107,2009,0.0,0.0,0.0
130402052107,2010,0.0,0.0,0.0
130402052107,2011,0.0,0.0,0.0
130402052107,2012,0.0,0.0,0.0
130402052107,2013,0.0,0.0,0.0
130402052107,2014,0.0,0.0,0.0
130402052107,2015,0.0,0.0,0.0
130402052107,2016,0.0,0.0,0.0
130402052107,2017,0.0,0.0,0.0
130402052107,2018,0.0,0.0,0.0
130402052107,2019,0.0,0.0,0.0
130402052107,2020,0.0,0.0,0.0
130402052108,2000,0.0,0.0,0.0
130402052108,2001,0.0,0.0,0.0
130402052108,2002,0.0,0.0,0.0
130402052108,2003,0.0,0.0,0.0
130402052108,2004,0.0,0.0,0.0
130402052108,2005,0.0,0.0,0.0
130402052108,2006,0.0,0.0,0.0
130402052108,2007,0.0,0.0,0.0
130402052108,2008,0.0,0.0,0.0
130402052108,2009,0.0,0.0,0.0
130402052108,2010,0.0,0.0,0.0
130402052108,2011,0.0,0.0,0.0
130402052108,2012,0.0,0.0,0.0
130402052108,2013,0.0,0.0,0.0
130402052108,2014,0.0,0.0,0.0
130402052108,2015,0.0,0.0,0.0
130402052108,2016,0.0,0.0,0.0
130402052108,2017,0.0,0.0,0.0
130402052108,2018,0.0,0.0,0.0
130402052108,2019,0.0,0.0,0.0
130402052108,2020,0.0,0.0,0.0
130402052402,2000,0.0,0.0,0.0
130402052402,2001,0.0,0.0,0.0
130402052402,2002,0.0,0.0,0.0
130402052402,2003,0.0,0.0,0.0
130402052402,2004,0.0,0.0,0.0
130402052402,2005,0.0,0.0,0.0
130402052402,2006,0.0,0.0,0.0
130402052402,2007,0.0,0.0,0.0
130402052402,2008,0.0,0.0,0.0
130402052402,2009,0.0,0.0,0.0
130402052402,2010,0.0,0.0,0.0
130402052402,2011,0.0,0.0,0.0
130402052402,2012,0.0,0.0,0.0
130402052402,2013,0.0,0.0,0.0
130402052402,2014,0.0,0.0,0.0
130402052402,2015,0.0,0.0,0.0
130402052402,2016,0.0,0.0,0.0
130402052402,2017,0.0,0.0,0.0
130402052402,2018,0.0,0.0,0.0
130402052402,2019,0.0,0.0,0.0
130402052402,2020,0.0,0.0,0.0
130402052405,2000,0.0,0.0,0.0
130402052405,2001,0.0,0.0,0.0
130402052405,2002,0.0,0.0,0.0
130402052405,2003,0.0,0.0,0.0
130402052405,2004,0.0,0.0,0.0
130402052405,2005,0.0,0.0,0.0
130402052405,2006,0.0,0.0,0.0
130402052405,2007,0.0,0.0,0.0
130402052405,2008,0.0,0.0,0.0
130402052405,2009,0.0,0.0,0.0
130402052405,2010,0.0,0.0,0.0
130402052405,2011,0.0,0.0,0.0
130402052405,2012,0.0,0.0,0.0
130402052405,2013,0.0,0.0,0.0
130402052405,2014,0.0,0.0,0.0
130402052405,2015,0.0,0.0,0.0
130402052405,2016,0.0,0.0,0.0
130402052405,2017,0.0,0.0,0.0
130402052405,2018,0.0,0.0,0.0
130402052405,2019,0.0,0.0,0.0
130402052405,2020,0.0,0.0,0.0
130402060101,2000,0.0,0.0,0.0
130402060101,2001,0.0,0.0,0.0
130402060101,2002,0.0,0.0,0.0
130402060101,2003,0.0,0.0,0.0
130402060101,2004,0.0,0.0,0.0
130402060101,2005,0.0,0.0,0.0
130402060101,2006,0.0,0.0,0.0
130402060101,2007,0.0,0.0,0.0
130402060101,2008,0.0,0.0,0.0
130402060101,2009,0.0,0.0,0.0
130402060101,2010,0.0,0.0,0.0
130402060101,2011,0.0,0.0,0.0
130402060101,2012,0.0,0.0,0.0
130402060101,2013,0.0,0.0,0.0
130402060101,2014,0.0,0.0,0.0
130402060101,2015,0.0,0.0,0.0
130402060101,2016,0.0,0.0,0.0
130402060101,2017,0.0,0.0,0.0
130402060101,2018,0.0,0.0,0.0
130402060101,2019,0.0,0.0,0.0
130402060101,2020,0.0,0.0,0.0
130402060102,2000,0.0,0.0,0.0
130402060102,2001,0.0,0.0,0.0
130402060102,2002,0.0,0.0,0.0
130402060102,2003,0.0,0.0,0.0
130402060102,2004,0.0,0.0,0.0
130402060102,2005,0.0,0.0,0.0
130402060102,2006,0.0,0.0,0.0
130402060102,2007,0.0,0.0,0.0
130402060102,2008,0.0,0.0,0.0
130402060102,2009,0.0,0.0,0.0
130402060102,2010,0.0,0.0,0.0
130402060102,2011,0.0,0.0,0.0
130402060102,2012,0.0,0.0,0.0
130402060102,2013,0.0,0.0,0.0
130402060102,2014,0.0,0.0,0.0
130402060102,2015,0.0,0.0,0.0
130402060102,2016,0.0,0.0,0.0
130402060102,2017,0.0,0.0,0.0
130402060102,2018,0.0,0.0,0.0
130402060102,2019,0.0,0.0,0.0
130402060102,2020,0.0,0.0,0.0
130402060103,2000,0.0,0.0,0.0
130402060103,2001,0.0,0.0,0.0
130402060103,2002,0.0,0.0,0.0
130402060103,2003,0.0,0.0,0.0
130402060103,2004,0.0,0.0,0.0
130402060103,2005,0.0,0.0,0.0
130402060103,2006,0.0,0.0,0.0
130402060103,2007,0.0,0.0,0.0
130402060103,2008,0.0,0.0,0.0
130402060103,2009,0.0,0.0,0.0
130402060103,2010,0.0,0.0,0.0
130402060103,2011,0.0,0.0,0.0
130402060103,2012,0.0,0.0,0.0
130402060103,2013,0.0,0.0,0.0
130402060103,2014,0.0,0.0,0.0
130402060103,2015,0.0,0.0,0.0
130402060103,2016,0.0,0.0,0.0
130402060103,2017,0.0,0.0,0.0
130402060103,2018,0.0,0.0,0.0
130402060103,2019,0.0,0.0,0.0
130402060103,2020,0.0,0.0,0.0
130402060104,2000,0.0,0.0,0.0
130402060104,2001,0.0,0.0,0.0
130402060104,2002,0.0,0.0,0.0
130402060104,2003,0.0,0.0,0.0
130402060104,2004,0.0,0.0,0.0
130402060104,2005,0.0,0.0,0.0
130402060104,2006,0.0,0.0,0.0
130402060104,2007,0.0,0.0,0.0
130402060104,2008,0.0,0.0,0.0
130402060104,2009,0.0,0.0,0.0
130402060104,2010,0.0,0.0,0.0
130402060104,2011,0.0,0.0,0.0
130402060104,2012,0.0,0.0,0.0
130402060104,2013,0.0,0.0,0.0
130402060104,2014,0.0,0.0,0.0
130402060104,2015,0.0,0.0,0.0
130402060104,2016,0.0,0.0,0.0
130402060104,2017,0.0,0.0,0.0
130402060104,2018,0.0,0.0,0.0
130402060104,2019,0.0,0.0,0.0
130402060104,2020,0.0,0.0,0.0
130402060105,2000,0.0,0.0,0.0
130402060105,2001,0.0,0.0,0.0
130402060105,2002,0.0,0.0,0.0
130402060105,2003,0.0,0.0,0.0
130402060105,2004,0.0,0.0,0.0
130402060105,2005,0.0,0.0,0.0
130402060105,2006,0.0,0.0,0.0
130402060105,2007,0.0,0.0,0.0
130402060105,2008,0.0,0.0,0.0
130402060105,2009,0.0,0.0,0.0
130402060105,2010,0.0,0.0,0.0
130402060105,2011,0.0,0.0,0.0
130402060105,2012,0.0,0.0,0.0
130402060105,2013,0.0,0.0,0.0
130402060105,2014,0.0,0.0,0.0
130402060105,2015,0.0,0.0,0.0
130402060105,2016,0.0,0.0,0.0
130402060105,2017,0.0,0.0,0.0
130402060105,2018,0.0,0.0,0.0
130402060105,2019,0.0,0.0,0.0
130402060105,2020,0.0,0.0,0.0
130402060106,2000,0.0,0.0,0.0
130402060106,2001,0.0,0.0,0.0
130402060106,2002,0.0,0.0,0.0
130402060106,2003,0.0,0.0,0.0
130402060106,2004,0.0,0.0,0.0
130402060106,2005,0.0,0.0,0.0
130402060106,2006,0.0,0.0,0.0
130402060106,2007,0.0,0.0,0.0
130402060106,2008,0.0,0.0,0.0
130402060106,2009,0.0,0.0,0.0
130402060106,2010,0.0,0.0,0.0
130402060106,2011,0.0,0.0,0.0
130402060106,2012,0.0,0.0,0.0
130402060106,2013,0.0,0.0,0.0
130402060106,2014,0.0,0.0,0.0
130402060106,2015,0.0,0.0,0.0
130402060106,2016,0.0,0.0,0.0
130402060106,2017,0.0,0.0,0.0
130402060106,2018,0.0,0.0,0.0
130402060106,2019,0.0,0.0,0.0
130402060106,2020,0.0,0.0,0.0
130402060107,2000,0.0,0.0,0.0
130402060107,2001,0.0,0.0,0.0
130402060107,2002,0.0,0.0,0.0
130402060107,2003,0.0,0.0,0.0
130402060107,2004,0.0,0.0,0.0
130402060107,2005,0.0,0.0,0.0
130402060107,2006,0.0,0.0,0.0
130402060107,2007,0.0,0.0,0.0
130402060107,2008,0.0,0.0,0.0
130402060107,2009,0.0,0.0,0.0
130402060107,2010,0.0,0.0,0.0
130402060107,2011,0.0,0.0,0.0
130402060107,2012,0.0,0.0,0.0
130402060107,2013,0.0,0.0,0.0
130402060107,2014,0.0,0.0,0.0
130402060107,2015,0.0,0.0,0.0
130402060107,2016,0.0,0.0,0.0
130402060107,2017,0.0,0.0,0.0
130402060107,2018,0.0,0.0,0.0
130402060107,2019,0.0,0.0,0.0
130402060107,2020,0.0,0.0,0.0
130402060201,2000,0.0,0.0,0.0
130402060201,2001,0.0,0.0,0.0
130402060201,2002,0.0,0.0,0.0
130402060201,2003,0.0,0.0,0.0
130402060201,2004,0.0,0.0,0.0
130402060201,2005,0.0,0.0,0.0
130402060201,2006,0.0,0.0,0.0
130402060201,2007,0.0,0.0,0.0
130402060201,2008,0.0,0.0,0.0
130402060201,2009,0.0,0.0,0.0
130402060201,2010,0.0,0.0,0.0
130402060201,2011,0.0,0.0,0.0
130402060201,2012,0.0,0.0,0.0
130402060201,2013,0.0,0.0,0.0
130402060201,2014,0.0,0.0,0.0
130402060201,2015,0.0,0.0,0.0
130402060201,2016,0.0,0.0,0.0
130402060201,2017,0.0,0.0,0.0
130402060201,2018,0.0,0.0,0.0
130402060201,2019,0.0,0.0,0.0
130402060201,2020,0.0,0.0,0.0
130402060202,2000,0.0,0.0,0.0
130402060202,2001,0.0,0.0,0.0
130402060202,2002,0.0,0.0,0.0
130402060202,2003,0.0,0.0,0.0
130402060202,2004,0.0,0.0,0.0
130402060202,2005,0.0,0.0,0.0
130402060202,2006,0.0,0.0,0.0
130402060202,2007,0.0,0.0,0.0
130402060202,2008,0.0,0.0,0.0
130402060202,2009,0.0,0.0,0.0
130402060202,2010,0.0,0.0,0.0
130402060202,2011,0.0,0.0,0.0
130402060202,2012,0.0,0.0,0.0
130402060202,2013,0.0,0.0,0.0
130402060202,2014,0.0,0.0,0.0
130402060202,2015,0.0,0.0,0.0
130402060202,2016,0.0,0.0,0.0
130402060202,2017,0.0,0.0,0.0
130402060202,2018,0.0,0.0,0.0
130402060202,2019,0.0,0.0,0.0
130402060202,2020,0.0,0.0,0.0
130402060203,2000,0.0,0.0,0.0
130402060203,2001,0.0,0.0,0.0
130402060203,2002,0.0,0.0,0.0
130402060203,2003,0.0,0.0,0.0
130402060203,2004,0.0,0.0,0.0
130402060203,2005,0.0,0.0,0.0
130402060203,2006,0.0,0.0,0.0
130402060203,2007,0.0,0.0,0.0
130402060203,2008,0.0,0.0,0.0
130402060203,2009,0.0,0.0,0.0
130402060203,2010,0.0,0.0,0.0
130402060203,2011,0.0,0.0,0.0
130402060203,2012,0.0,0.0,0.0
130402060203,2013,0.0,0.0,0.0
130402060203,2014,0.0,0.0,0.0
130402060203,2015,0.0,0.0,0.0
130402060203,2016,0.0,0.0,0.0
130402060203,2017,0.0,0.0,0.0
130402060203,2018,0.0,0.0,0.0
130402060203,2019,0.0,0.0,0.0
130402060203,2020,0.0,0.0,0.0
130402060204,2000,0.0,0.0,0.0
130402060204,2001,0.0,0.0,0.0
130402060204,2002,0.0,0.0,0.0
130402060204,2003,0.0,0.0,0.0
130402060204,2004,0.0,0.0,0.0
130402060204,2005,0.0,0.0,0.0
130402060204,2006,0.0,0.0,0.0
130402060204,2007,0.0,0.0,0.0
130402060204,2008,0.0,0.0,0.0
130402060204,2009,0.0,0.0,0.0
130402060204,2010,0.0,0.0,0.0
130402060204,2011,0.0,0.0,0.0
130402060204,2012,0.0,0.0,0.0
130402060204,2013,0.0,0.0,0.0
130402060204,2014,0.0,0.0,0.0
130402060204,2015,0.0,0.0,0.0
130402060204,2016,0.0,0.0,0.0
130402060204,2017,0.0,0.0,0.0
130402060204,2018,0.0,0.0,0.0
130402060204,2019,0.0,0.0,0.0
130402060204,2020,0.0,0.0,0.0
130402060205,2000,0.0,0.0,0.0
130402060205,2001,0.0,0.0,0.0
130402060205,2002,0.0,0.0,0.0
130402060205,2003,0.0,0.0,0.0
130402060205,2004,0.0,0.0,0.0
130402060205,2005,0.0,0.0,0.0
130402060205,2006,0.0,0.0,0.0
130402060205,2007,0.0,0.0,0.0
130402060205,2008,0.0,0.0,0.0
130402060205,2009,0.0,0.0,0.0
130402060205,2010,0.0,0.0,0.0
130402060205,2011,0.0,0.0,0.0
130402060205,2012,0.0,0.0,0.0
130402060205,2013,0.0,0.0,0.0
130402060205,2014,0.0,0.0,0.0
130402060205,2015,0.0,0.0,0.0
130402060205,2016,0.0,0.0,0.0
130402060205,2017,0.0,0.0,0.0
130402060205,2018,0.0,0.0,0.0
130402060205,2019,0.0,0.0,0.0
130402060205,2020,0.0,0.0,0.0
130402060206,2000,0.0,0.0,0.0
130402060206,2001,0.0,0.0,0.0
130402060206,2002,0.0,0.0,0.0
130402060206,2003,0.0,0.0,0.0
130402060206,2004,0.0,0.0,0.0
130402060206,2005,0.0,0.0,0.0
130402060206,2006,0.0,0.0,0.0
130402060206,2007,0.0,0.0,0.0
130402060206,2008,0.0,0.0,0.0
130402060206,2009,0.0,0.0,0.0
130402060206,2010,0.0,0.0,0.0
130402060206,2011,0.0,0.0,0.0
130402060206,2012,0.0,0.0,0.0
130402060206,2013,0.0,0.0,0.0
130402060206,2014,0.0,0.0,0.0
130402060206,2015,0.0,0.0,0.0
130402060206,2016,0.0,0.0,0.0
130402060206,2017,0.0,0.0,0.0
130402060206,2018,0.0,0.0,0.0
130402060206,2019,0.0,0.0,0.0
130402060206,2020,0.0,0.0,0.0
130402060207,2000,0.0,0.0,0.0
130402060207,2001,0.0,0.0,0.0
130402060207,2002,0.0,0.0,0.0
130402060207,2003,0.0,0.0,0.0
130402060207,2004,0.0,0.0,0.0
130402060207,2005,0.0,0.0,0.0
130402060207,2006,0.0,0.0,0.0
130402060207,2007,0.0,0.0,0.0
130402060207,2008,0.0,0.0,0.0
130402060207,2009,0.0,0.0,0.0
130402060207,2010,0.0,0.0,0.0
130402060207,2011,0.0,0.0,0.0
130402060207,2012,0.0,0.0,0.0
130402060207,2013,0.0,0.0,0.0
130402060207,2014,0.0,0.0,0.0
130402060207,2015,0.0,0.0,0.0
130402060207,2016,0.0,0.0,0.0
130402060207,2017,0.0,0.0,0.0
130402060207,2018,0.0,0.0,0.0
130402060207,2019,0.0,0.0,0.0
130402060207,2020,0.0,0.0,0.0
130402060208,2000,0.0,0.0,0.0
130402060208,2001,0.0,0.0,0.0
130402060208,2002,0.0,0.0,0.0
130402060208,2003,0.0,0.0,0.0
130402060208,2004,0.0,0.0,0.0
130402060208,2005,0.0,0.0,0.0
130402060208,2006,0.0,0.0,0.0
130402060208,2007,0.0,0.0,0.0
130402060208,2008,0.0,0.0,0.0
130402060208,2009,0.0,0.0,0.0
130402060208,2010,0.0,0.0,0.0
130402060208,2011,0.0,0.0,0.0
130402060208,2012,0.0,0.0,0.0
130402060208,2013,0.0,0.0,0.0
130402060208,2014,0.0,0.0,0.0
130402060208,2015,0.0,0.0,0.0
130402060208,2016,0.0,0.0,0.0
130402060208,2017,0.0,0.0,0.0
130402060208,2018,0.0,0.0,0.0
130402060208,2019,0.0,0.0,0.0
130402060208,2020,0.0,0.0,0.0
130402060301,2000,0.0,0.0,0.0
130402060301,2001,0.0,0.0,0.0
130402060301,2002,0.0,0.0,0.0
130402060301,2003,0.0,0.0,0.0
130402060301,2004,0.0,0.0,0.0
130402060301,2005,0.0,0.0,0.0
130402060301,2006,0.0,0.0,0.0
130402060301,2007,0.0,0.0,0.0
130402060301,2008,0.0,0.0,0.0
130402060301,2009,0.0,0.0,0.0
130402060301,2010,0.0,0.0,0.0
130402060301,2011,0.0,0.0,0.0
130402060301,2012,0.0,0.0,0.0
130402060301,2013,0.0,0.0,0.0
130402060301,2014,0.0,0.0,0.0
130402060301,2015,0.0,0.0,0.0
130402060301,2016,0.0,0.0,0.0
130402060301,2017,0.0,0.0,0.0
130402060301,2018,0.0,0.0,0.0
130402060301,2019,0.0,0.0,0.0
130402060301,2020,0.0,0.0,0.0
130402060302,2000,0.0,0.0,0.0
130402060302,2001,0.0,0.0,0.0
130402060302,2002,0.0,0.0,0.0
130402060302,2003,0.0,0.0,0.0
130402060302,2004,0.0,0.0,0.0
130402060302,2005,0.0,0.0,0.0
130402060302,2006,0.0,0.0,0.0
130402060302,2007,0.0,0.0,0.0
130402060302,2008,0.0,0.0,0.0
130402060302,2009,0.0,0.0,0.0
130402060302,2010,0.0,0.0,0.0
130402060302,2011,0.0,0.0,0.0
130402060302,2012,0.0,0.0,0.0
130402060302,2013,0.0,0.0,0.0
130402060302,2014,0.0,0.0,0.0
130402060302,2015,0.0,0.0,0.0
130402060302,2016,0.0,0.0,0.0
130402060302,2017,0.0,0.0,0.0
130402060302,2018,0.0,0.0,0.0
130402060302,2019,0.0,0.0,0.0
130402060302,2020,0.0,0.0,0.0
130402060303,2000,0.0,0.0,0.0
130402060303,2001,0.0,0.0,0.0
130402060303,2002,0.0,0.0,0.0
130402060303,2003,0.0,0.0,0.0
130402060303,2004,0.0,0.0,0.0
130402060303,2005,0.0,0.0,0.0
130402060303,2006,0.0,0.0,0.0
130402060303,2007,0.0,0.0,0.0
130402060303,2008,0.0,0.0,0.0
130402060303,2009,0.0,0.0,0.0
130402060303,2010,0.0,0.0,0.0
130402060303,2011,0.0,0.0,0.0
130402060303,2012,0.0,0.0,0.0
130402060303,2013,0.0,0.0,0.0
130402060303,2014,0.0,0.0,0.0
130402060303,2015,0.0,0.0,0.0
130402060303,2016,0.0,0.0,0.0
130402060303,2017,0.0,0.0,0.0
130402060303,2018,0.0,0.0,0.0
130402060303,2019,0.0,0.0,0.0
130402060303,2020,0.0,0.0,0.0
130402060304,2000,0.0,0.0,0.0
130402060304,2001,0.0,0.0,0.0
130402060304,2002,0.0,0.0,0.0
130402060304,2003,0.0,0.0,0.0
130402060304,2004,0.0,0.0,0.0
130402060304,2005,0.0,0.0,0.0
130402060304,2006,0.0,0.0,0.0
130402060304,2007,0.0,0.0,0.0
130402060304,2008,0.0,0.0,0.0
130402060304,2009,0.0,0.0,0.0
130402060304,2010,0.0,0.0,0.0
130402060304,2011,0.0,0.0,0.0
130402060304,2012,0.0,0.0,0.0
130402060304,2013,0.0,0.0,0.0
130402060304,2014,0.0,0.0,0.0
130402060304,2015,0.0,0.0,0.0
130402060304,2016,0.0,0.0,0.0
130402060304,2017,0.0,0.0,0.0
130402060304,2018,0.0,0.0,0.0
130402060304,2019,0.0,0.0,0.0
130402060304,2020,0.0,0.0,0.0
130402060305,2000,0.0,0.0,0.0
130402060305,2001,0.0,0.0,0.0
130402060305,2002,0.0,0.0,0.0
130402060305,2003,0.0,0.0,0.0
130402060305,2004,0.0,0.0,0.0
130402060305,2005,0.0,0.0,0.0
130402060305,2006,0.0,0.0,0.0
130402060305,2007,0.0,0.0,0.0
130402060305,2008,0.0,0.0,0.0
130402060305,2009,0.0,0.0,0.0
130402060305,2010,0.0,0.0,0.0
130402060305,2011,0.0,0.0,0.0
130402060305,2012,0.0,0.0,0.0
130402060305,2013,0.0,0.0,0.0
130402060305,2014,0.0,0.0,0.0
130402060305,2015,0.0,0.0,0.0
130402060305,2016,0.0,0.0,0.0
130402060305,2017,0.0,0.0,0.0
130402060305,2018,0.0,0.0,0.0
130402060305,2019,0.0,0.0,0.0
130402060305,2020,0.0,0.0,0.0
130402060306,2000,0.0,0.0,0.0
130402060306,2001,0.0,0.0,0.0
130402060306,2002,0.0,0.0,0.0
130402060306,2003,0.0,0.0,0.0
130402060306,2004,0.0,0.0,0.0
130402060306,2005,0.0,0.0,0.0
130402060306,2006,0.0,0.0,0.0
130402060306,2007,0.0,0.0,0.0
130402060306,2008,0.0,0.0,0.0
130402060306,2009,0.0,0.0,0.0
130402060306,2010,0.0,0.0,0.0
130402060306,2011,0.0,0.0,0.0
130402060306,2012,0.0,0.0,0.0
130402060306,2013,0.0,0.0,0.0
130402060306,2014,0.0,0.0,0.0
130402060306,2015,0.0,0.0,0.0
130402060306,2016,0.0,0.0,0.0
130402060306,2017,0.0,0.0,0.0
130402060306,2018,0.0,0.0,0.0
130402060306,2019,0.0,0.0,0.0
130402060306,2020,0.0,0.0,0.0
130402060401,2000,0.0,0.0,0.0
130402060401,2001,0.0,0.0,0.0
130402060401,2002,0.0,0.0,0.0
130402060401,2003,0.0,0.0,0.0
130402060401,2004,0.0,0.0,0.0
130402060401,2005,0.0,0.0,0.0
130402060401,2006,0.0,0.0,0.0
130402060401,2007,0.0,0.0,0.0
130402060401,2008,0.0,0.0,0.0
130402060401,2009,0.0,0.0,0.0
130402060401,2010,0.0,0.0,0.0
130402060401,2011,0.0,0.0,0.0
130402060401,2012,0.0,0.0,0.0
130402060401,2013,0.0,0.0,0.0
130402060401,2014,0.0,0.0,0.0
130402060401,2015,0.0,0.0,0.0
130402060401,2016,0.0,0.0,0.0
130402060401,2017,0.0,0.0,0.0
130402060401,2018,0.0,0.0,0.0
130402060401,2019,0.0,0.0,0.0
130402060401,2020,0.0,0.0,0.0
130402060402,2000,0.0,0.0,0.0
130402060402,2001,0.0,0.0,0.0
130402060402,2002,0.0,0.0,0.0
130402060402,2003,0.0,0.0,0.0
130402060402,2004,0.0,0.0,0.0
130402060402,2005,0.0,0.0,0.0
130402060402,2006,0.0,0.0,0.0
130402060402,2007,0.0,0.0,0.0
130402060402,2008,0.0,0.0,0.0
130402060402,2009,0.0,0.0,0.0
130402060402,2010,0.0,0.0,0.0
130402060402,2011,0.0,0.0,0.0
130402060402,2012,0.0,0.0,0.0
130402060402,2013,0.0,0.0,0.0
130402060402,2014,0.0,0.0,0.0
130402060402,2015,0.0,0.0,0.0
130402060402,2016,0.0,0.0,0.0
130402060402,2017,0.0,0.0,0.0
130402060402,2018,0.0,0.0,0.0
130402060402,2019,0.0,0.0,0.0
130402060402,2020,0.0,0.0,0.0
130402060403,2000,0.0,0.0,0.0
130402060403,2001,0.0,0.0,0.0
130402060403,2002,0.0,0.0,0.0
130402060403,2003,0.0,0.0,0.0
130402060403,2004,0.0,0.0,0.0
130402060403,2005,0.0,0.0,0.0
130402060403,2006,0.0,0.0,0.0
130402060403,2007,0.0,0.0,0.0
130402060403,2008,0.0,0.0,0.0
130402060403,2009,0.0,0.0,0.0
130402060403,2010,0.0,0.0,0.0
130402060403,2011,0.0,0.0,0.0
130402060403,2012,0.0,0.0,0.0
130402060403,2013,0.0,0.0,0.0
130402060403,2014,0.0,0.0,0.0
130402060403,2015,0.0,0.0,0.0
130402060403,2016,0.0,0.0,0.0
130402060403,2017,0.0,0.0,0.0
130402060403,2018,0.0,0.0,0.0
130402060403,2019,0.0,0.0,0.0
130402060403,2020,0.0,0.0,0.0
130402060404,2000,0.0,0.0,0.0
130402060404,2001,0.0,0.0,0.0
130402060404,2002,0.0,0.0,0.0
130402060404,2003,0.0,0.0,0.0
130402060404,2004,0.0,0.0,0.0
130402060404,2005,0.0,0.0,0.0
130402060404,2006,0.0,0.0,0.0
130402060404,2007,0.0,0.0,0.0
130402060404,2008,0.0,0.0,0.0
130402060404,2009,0.0,0.0,0.0
130402060404,2010,0.0,0.0,0.0
130402060404,2011,0.0,0.0,0.0
130402060404,2012,0.0,0.0,0.0
130402060404,2013,0.0,0.0,0.0
130402060404,2014,0.0,0.0,0.0
130402060404,2015,0.0,0.0,0.0
130402060404,2016,0.0,0.0,0.0
130402060404,2017,0.0,0.0,0.0
130402060404,2018,0.0,0.0,0.0
130402060404,2019,0.0,0.0,0.0
130402060404,2020,0.0,0.0,0.0
130402060405,2000,0.0,0.0,0.0
130402060405,2001,0.0,0.0,0.0
130402060405,2002,0.0,0.0,0.0
130402060405,2003,0.0,0.0,0.0
130402060405,2004,0.0,0.0,0.0
130402060405,2005,0.0,0.0,0.0
130402060405,2006,0.0,0.0,0.0
130402060405,2007,0.0,0.0,0.0
130402060405,2008,0.0,0.0,0.0
130402060405,2009,0.0,0.0,0.0
130402060405,2010,0.0,0.0,0.0
130402060405,2011,0.0,0.0,0.0
130402060405,2012,0.0,0.0,0.0
130402060405,2013,0.0,0.0,0.0
130402060405,2014,0.0,0.0,0.0
130402060405,2015,0.0,0.0,0.0
130402060405,2016,0.0,0.0,0.0
130402060405,2017,0.0,0.0,0.0
130402060405,2018,0.0,0.0,0.0
130402060405,2019,0.0,0.0,0.0
130402060405,2020,0.0,0.0,0.0
130402060406,2000,0.0,0.0,0.0
130402060406,2001,0.0,0.0,0.0
130402060406,2002,0.0,0.0,0.0
130402060406,2003,0.0,0.0,0.0
130402060406,2004,0.0,0.0,0.0
130402060406,2005,0.0,0.0,0.0
130402060406,2006,0.0,0.0,0.0
130402060406,2007,0.0,0.0,0.0
130402060406,2008,0.0,0.0,0.0
130402060406,2009,0.0,0.0,0.0
130402060406,2010,0.0,0.0,0.0
130402060406,2011,0.0,0.0,0.0
130402060406,2012,0.0,0.0,0.0
130402060406,2013,0.0,0.0,0.0
130402060406,2014,0.0,0.0,0.0
130402060406,2015,0.0,0.0,0.0
130402060406,2016,0.0,0.0,0.0
130402060406,2017,0.0,0.0,0.0
130402060406,2018,0.0,0.0,0.0
130402060406,2019,0.0,0.0,0.0
130402060406,2020,0.0,0.0,0.0
130402070101,2000,0.0,0.0,0.0
130402070101,2001,0.0,0.0,0.0
130402070101,2002,0.0,0.0,0.0
130402070101,2003,0.0,0.0,0.0
130402070101,2004,0.0,0.0,0.0
130402070101,2005,0.0,0.0,0.0
130402070101,2006,0.0,0.0,0.0
130402070101,2007,0.0,0.0,0.0
130402070101,2008,0.0,0.0,0.0
130402070101,2009,0.0,0.0,0.0
130402070101,2010,0.0,0.0,0.0
130402070101,2011,0.0,0.0,0.0
130402070101,2012,0.0,0.0,0.0
130402070101,2013,0.0,0.0,0.0
130402070101,2014,0.0,0.0,0.0
130402070101,2015,0.0,0.0,0.0
130402070101,2016,0.0,0.0,0.0
130402070101,2017,0.0,0.0,0.0
130402070101,2018,0.0,0.0,0.0
130402070101,2019,0.0,0.0,0.0
130402070101,2020,0.0,0.0,0.0
130402070102,2000,0.0,0.0,0.0
130402070102,2001,0.0,0.0,0.0
130402070102,2002,0.0,0.0,0.0
130402070102,2003,0.0,0.0,0.0
130402070102,2004,0.0,0.0,0.0
130402070102,2005,0.0,0.0,0.0
130402070102,2006,0.0,0.0,0.0
130402070102,2007,0.0,0.0,0.0
130402070102,2008,0.0,0.0,0.0
130402070102,2009,0.0,0.0,0.0
130402070102,2010,0.0,0.0,0.0
130402070102,2011,0.0,0.0,0.0
130402070102,2012,0.0,0.0,0.0
130402070102,2013,0.0,0.0,0.0
130402070102,2014,0.0,0.0,0.0
130402070102,2015,0.0,0.0,0.0
130402070102,2016,0.0,0.0,0.0
130402070102,2017,0.0,0.0,0.0
130402070102,2018,0.0,0.0,0.0
130402070102,2019,0.0,0.0,0.0
130402070102,2020,0.0,0.0,0.0
130402070103,2000,0.0,0.0,0.0
130402070103,2001,0.0,0.0,0.0
130402070103,2002,0.0,0.0,0.0
130402070103,2003,0.0,0.0,0.0
130402070103,2004,0.0,0.0,0.0
130402070103,2005,0.0,0.0,0.0
130402070103,2006,0.0,0.0,0.0
130402070103,2007,0.0,0.0,0.0
130402070103,2008,0.0,0.0,0.0
130402070103,2009,0.0,0.0,0.0
130402070103,2010,0.0,0.0,0.0
130402070103,2011,0.0,0.0,0.0
130402070103,2012,0.0,0.0,0.0
130402070103,2013,0.0,0.0,0.0
130402070103,2014,0.0,0.0,0.0
130402070103,2015,0.0,0.0,0.0
130402070103,2016,0.0,0.0,0.0
130402070103,2017,0.0,0.0,0.0
130402070103,2018,0.0,0.0,0.0
130402070103,2019,0.0,0.0,0.0
130402070103,2020,0.0,0.0,0.0
130402070104,2000,0.0,0.0,0.0
130402070104,2001,0.0,0.0,0.0
130402070104,2002,0.0,0.0,0.0
130402070104,2003,0.0,0.0,0.0
130402070104,2004,0.0,0.0,0.0
130402070104,2005,0.0,0.0,0.0
130402070104,2006,0.0,0.0,0.0
130402070104,2007,0.0,0.0,0.0
130402070104,2008,0.0,0.0,0.0
130402070104,2009,0.0,0.0,0.0
130402070104,2010,0.0,0.0,0.0
130402070104,2011,0.0,0.0,0.0
130402070104,2012,0.0,0.0,0.0
130402070104,2013,0.0,0.0,0.0
130402070104,2014,0.0,0.0,0.0
130402070104,2015,0.0,0.0,0.0
130402070104,2016,0.0,0.0,0.0
130402070104,2017,0.0,0.0,0.0
130402070104,2018,0.0,0.0,0.0
130402070104,2019,0.0,0.0,0.0
130402070104,2020,0.0,0.0,0.0
130402070105,2000,0.0,0.0,0.0
130402070105,2001,0.0,0.0,0.0
130402070105,2002,0.0,0.0,0.0
130402070105,2003,0.0,0.0,0.0
130402070105,2004,0.0,0.0,0.0
130402070105,2005,0.0,0.0,0.0
130402070105,2006,0.0,0.0,0.0
130402070105,2007,0.0,0.0,0.0
130402070105,2008,0.0,0.0,0.0
130402070105,2009,0.0,0.0,0.0
130402070105,2010,0.0,0.0,0.0
130402070105,2011,0.0,0.0,0.0
130402070105,2012,0.0,0.0,0.0
130402070105,2013,0.0,0.0,0.0
130402070105,2014,0.0,0.0,0.0
130402070105,2015,0.0,0.0,0.0
130402070105,2016,0.0,0.0,0.0
130402070105,2017,0.0,0.0,0.0
130402070105,2018,0.0,0.0,0.0
130402070105,2019,0.0,0.0,0.0
130402070105,2020,0.0,0.0,0.0
130402070106,2000,0.0,0.0,0.0
130402070106,2001,0.0,0.0,0.0
130402070106,2002,0.0,0.0,0.0
130402070106,2003,0.0,0.0,0.0
130402070106,2004,0.0,0.0,0.0
130402070106,2005,0.0,0.0,0.0
130402070106,2006,0.0,0.0,0.0
130402070106,2007,0.0,0.0,0.0
130402070106,2008,0.0,0.0,0.0
130402070106,2009,0.0,0.0,0.0
130402070106,2010,0.0,0.0,0.0
130402070106,2011,0.0,0.0,0.0
130402070106,2012,0.0,0.0,0.0
130402070106,2013,0.0,0.0,0.0
130402070106,2014,0.0,0.0,0.0
130402070106,2015,0.0,0.0,0.0
130402070106,2016,0.0,0.0,0.0
130402070106,2017,0.0,0.0,0.0
130402070106,2018,0.0,0.0,0.0
130402070106,2019,0.0,0.0,0.0
130402070106,2020,0.0,0.0,0.0
130402070201,2000,0.0,0.0,0.0
130402070201,2001,0.0,0.0,0.0
130402070201,2002,0.0,0.0,0.0
130402070201,2003,0.0,0.0,0.0
130402070201,2004,0.0,0.0,0.0
130402070201,2005,0.0,0.0,0.0
130402070201,2006,0.0,0.0,0.0
130402070201,2007,0.0,0.0,0.0
130402070201,2008,0.0,0.0,0.0
130402070201,2009,0.0,0.0,0.0
130402070201,2010,0.0,0.0,0.0
130402070201,2011,0.0,0.0,0.0
130402070201,2012,0.0,0.0,0.0
130402070201,2013,0.0,0.0,0.0
130402070201,2014,0.0,0.0,0.0
130402070201,2015,0.0,0.0,0.0
130402070201,2016,0.0,0.0,0.0
130402070201,2017,0.0,0.0,0.0
130402070201,2018,0.0,0.0,0.0
130402070201,2019,0.0,0.0,0.0
130402070201,2020,0.0,0.0,0.0
130402070202,2000,0.0,0.0,0.0
130402070202,2001,0.0,0.0,0.0
130402070202,2002,0.0,0.0,0.0
130402070202,2003,0.0,0.0,0.0
130402070202,2004,0.0,0.0,0.0
130402070202,2005,0.0,0.0,0.0
130402070202,2006,0.0,0.0,0.0
130402070202,2007,0.0,0.0,0.0
130402070202,2008,0.0,0.0,0.0
130402070202,2009,0.0,0.0,0.0
130402070202,2010,0.0,0.0,0.0
130402070202,2011,0.0,0.0,0.0
130402070202,2012,0.0,0.0,0.0
130402070202,2013,0.0,0.0,0.0
130402070202,2014,0.0,0.0,0.0
130402070202,2015,0.0,0.0,0.0
130402070202,2016,0.0,0.0,0.0
130402070202,2017,0.0,0.0,0.0
130402070202,2018,0.0,0.0,0.0
130402070202,2019,0.0,0.0,0.0
130402070202,2020,0.0,0.0,0.0
130402070203,2000,0.0,0.0,0.0
130402070203,2001,0.0,0.0,0.0
130402070203,2002,0.0,0.0,0.0
130402070203,2003,0.0,0.0,0.0
130402070203,2004,0.0,0.0,0.0
130402070203,2005,0.0,0.0,0.0
130402070203,2006,0.0,0.0,0.0
130402070203,2007,0.0,0.0,0.0
130402070203,2008,0.0,0.0,0.0
130402070203,2009,0.0,0.0,0.0
130402070203,2010,0.0,0.0,0.0
130402070203,2011,0.0,0.0,0.0
130402070203,2012,0.0,0.0,0.0
130402070203,2013,0.0,0.0,0.0
130402070203,2014,0.0,0.0,0.0
130402070203,2015,0.0,0.0,0.0
130402070203,2016,0.0,0.0,0.0
130402070203,2017,0.0,0.0,0.0
130402070203,2018,0.0,0.0,0.0
130402070203,2019,0.0,0.0,0.0
130402070203,2020,0.0,0.0,0.0
130402070204,2000,0.0,0.0,0.0
130402070204,2001,0.0,0.0,0.0
130402070204,2002,0.0,0.0,0.0
130402070204,2003,0.0,0.0,0.0
130402070204,2004,0.0,0.0,0.0
130402070204,2005,0.0,0.0,0.0
130402070204,2006,0.0,0.0,0.0
130402070204,2007,0.0,0.0,0.0
130402070204,2008,0.0,0.0,0.0
130402070204,2009,0.0,0.0,0.0
130402070204,2010,0.0,0.0,0.0
130402070204,2011,0.0,0.0,0.0
130402070204,2012,0.0,0.0,0.0
130402070204,2013,0.0,0.0,0.0
130402070204,2014,0.0,0.0,0.0
130402070204,2015,0.0,0.0,0.0
130402070204,2016,0.0,0.0,0.0
130402070204,2017,0.0,0.0,0.0
130402070204,2018,0.0,0.0,0.0
130402070204,2019,0.0,0.0,0.0
130402070204,2020,0.0,0.0,0.0
130402070205,2000,0.0,0.0,0.0
130402070205,2001,0.0,0.0,0.0
130402070205,2002,0.0,0.0,0.0
130402070205,2003,0.0,0.0,0.0
130402070205,2004,0.0,0.0,0.0
130402070205,2005,0.0,0.0,0.0
130402070205,2006,0.0,0.0,0.0
130402070205,2007,0.0,0.0,0.0
130402070205,2008,0.0,0.0,0.0
130402070205,2009,0.0,0.0,0.0
130402070205,2010,0.0,0.0,0.0
130402070205,2011,0.0,0.0,0.0
130402070205,2012,0.0,0.0,0.0
130402070205,2013,0.0,0.0,0.0
130402070205,2014,0.0,0.0,0.0
130402070205,2015,0.0,0.0,0.0
130402070205,2016,0.0,0.0,0.0
130402070205,2017,0.0,0.0,0.0
130402070205,2018,0.0,0.0,0.0
130402070205,2019,0.0,0.0,0.0
130402070205,2020,0.0,0.0,0.0
130402070206,2000,0.0,0.0,0.0
130402070206,2001,0.0,0.0,0.0
130402070206,2002,0.0,0.0,0.0
130402070206,2003,0.0,0.0,0.0
130402070206,2004,0.0,0.0,0.0
130402070206,2005,0.0,0.0,0.0
130402070206,2006,0.0,0.0,0.0
130402070206,2007,0.0,0.0,0.0
130402070206,2008,0.0,0.0,0.0
130402070206,2009,0.0,0.0,0.0
130402070206,2010,0.0,0.0,0.0
130402070206,2011,0.0,0.0,0.0
130402070206,2012,0.0,0.0,0.0
130402070206,2013,0.0,0.0,0.0
130402070206,2014,0.0,0.0,0.0
130402070206,2015,0.0,0.0,0.0
130402070206,2016,0.0,0.0,0.0
130402070206,2017,0.0,0.0,0.0
130402070206,2018,0.0,0.0,0.0
130402070206,2019,0.0,0.0,0.0
130402070206,2020,0.0,0.0,0.0
130402070301,2000,0.0,0.0,0.0
130402070301,2001,0.0,0.0,0.0
130402070301,2002,0.0,0.0,0.0
130402070301,2003,0.0,0.0,0.0
130402070301,2004,0.0,0.0,0.0
130402070301,2005,0.0,0.0,0.0
130402070301,2006,0.0,0.0,0.0
130402070301,2007,0.0,0.0,0.0
130402070301,2008,0.0,0.0,0.0
130402070301,2009,0.0,0.0,0.0
130402070301,2010,0.0,0.0,0.0
130402070301,2011,0.0,0.0,0.0
130402070301,2012,0.0,0.0,0.0
130402070301,2013,0.0,0.0,0.0
130402070301,2014,0.0,0.0,0.0
130402070301,2015,0.0,0.0,0.0
130402070301,2016,0.0,0.0,0.0
130402070301,2017,0.0,0.0,0.0
130402070301,2018,0.0,0.0,0.0
130402070301,2019,0.0,0.0,0.0
130402070301,2020,0.0,0.0,0.0
130402070302,2000,0.0,0.0,0.0
130402070302,2001,0.0,0.0,0.0
130402070302,2002,0.0,0.0,0.0
130402070302,2003,0.0,0.0,0.0
130402070302,2004,0.0,0.0,0.0
130402070302,2005,0.0,0.0,0.0
130402070302,2006,0.0,0.0,0.0
130402070302,2007,0.0,0.0,0.0
130402070302,2008,0.0,0.0,0.0
130402070302,2009,0.0,0.0,0.0
130402070302,2010,0.0,0.0,0.0
130402070302,2011,0.0,0.0,0.0
130402070302,2012,0.0,0.0,0.0
130402070302,2013,0.0,0.0,0.0
130402070302,2014,0.0,0.0,0.0
130402070302,2015,0.0,0.0,0.0
130402070302,2016,0.0,0.0,0.0
130402070302,2017,0.0,0.0,0.0
130402070302,2018,0.0,0.0,0.0
130402070302,2019,0.0,0.0,0.0
130402070302,2020,0.0,0.0,0.0
130402070303,2000,0.0,0.0,0.0
130402070303,2001,0.0,0.0,0.0
130402070303,2002,0.0,0.0,0.0
130402070303,2003,0.0,0.0,0.0
130402070303,2004,0.0,0.0,0.0
130402070303,2005,0.0,0.0,0.0
130402070303,2006,0.0,0.0,0.0
130402070303,2007,0.0,0.0,0.0
130402070303,2008,0.0,0.0,0.0
130402070303,2009,0.0,0.0,0.0
130402070303,2010,0.0,0.0,0.0
130402070303,2011,0.0,0.0,0.0
130402070303,2012,0.0,0.0,0.0
130402070303,2013,0.0,0.0,0.0
130402070303,2014,0.0,0.0,0.0
130402070303,2015,0.0,0.0,0.0
130402070303,2016,0.0,0.0,0.0
130402070303,2017,0.0,0.0,0.0
130402070303,2018,0.0,0.0,0.0
130402070303,2019,0.0,0.0,0.0
130402070303,2020,0.0,0.0,0.0
130402070304,2000,0.0,0.0,0.0
130402070304,2001,0.0,0.0,0.0
130402070304,2002,0.0,0.0,0.0
130402070304,2003,0.0,0.0,0.0
130402070304,2004,0.0,0.0,0.0
130402070304,2005,0.0,0.0,0.0
130402070304,2006,0.0,0.0,0.0
130402070304,2007,0.0,0.0,0.0
130402070304,2008,0.0,0.0,0.0
130402070304,2009,0.0,0.0,0.0
130402070304,2010,0.0,0.0,0.0
130402070304,2011,0.0,0.0,0.0
130402070304,2012,0.0,0.0,0.0
130402070304,2013,0.0,0.0,0.0
130402070304,2014,0.0,0.0,0.0
130402070304,2015,0.0,0.0,0.0
130402070304,2016,0.0,0.0,0.0
130402070304,2017,0.0,0.0,0.0
130402070304,2018,0.0,0.0,0.0
130402070304,2019,0.0,0.0,0.0
130402070304,2020,0.0,0.0,0.0
130402070305,2000,0.0,0.0,0.0
130402070305,2001,0.0,0.0,0.0
130402070305,2002,0.0,0.0,0.0
130402070305,2003,0.0,0.0,0.0
130402070305,2004,0.0,0.0,0.0
130402070305,2005,0.0,0.0,0.0
130402070305,2006,0.0,0.0,0.0
130402070305,2007,0.0,0.0,0.0
130402070305,2008,0.0,0.0,0.0
130402070305,2009,0.0,0.0,0.0
130402070305,2010,0.0,0.0,0.0
130402070305,2011,0.0,0.0,0.0
130402070305,2012,0.0,0.0,0.0
130402070305,2013,0.0,0.0,0.0
130402070305,2014,0.0,0.0,0.0
130402070305,2015,0.0,0.0,0.0
130402070305,2016,0.0,0.0,0.0
130402070305,2017,0.0,0.0,0.0
130402070305,2018,0.0,0.0,0.0
130402070305,2019,0.0,0.0,0.0
130402070305,2020,0.0,0.0,0.0
130402070306,2000,0.0,0.0,0.0
130402070306,2001,0.0,0.0,0.0
130402070306,2002,0.0,0.0,0.0
130402070306,2003,0.0,0.0,0.0
130402070306,2004,0.0,0.0,0.0
130402070306,2005,0.0,0.0,0.0
130402070306,2006,0.0,0.0,0.0
130402070306,2007,0.0,0.0,0.0
130402070306,2008,0.0,0.0,0.0
130402070306,2009,0.0,0.0,0.0
130402070306,2010,0.0,0.0,0.0
130402070306,2011,0.0,0.0,0.0
130402070306,2012,0.0,0.0,0.0
130402070306,2013,0.0,0.0,0.0
130402070306,2014,0.0,0.0,0.0
130402070306,2015,0.0,0.0,0.0
130402070306,2016,0.0,0.0,0.0
130402070306,2017,0.0,0.0,0.0
130402070306,2018,0.0,0.0,0.0
130402070306,2019,0.0,0.0,0.0
130402070306,2020,0.0,0.0,0.0
130402070401,2000,0.0,0.0,0.0
130402070401,2001,0.0,0.0,0.0
130402070401,2002,0.0,0.0,0.0
130402070401,2003,0.0,0.0,0.0
130402070401,2004,0.016711423,0.056649101,0.039937511
130402070401,2005,0.0,0.0,0.0
130402070401,2006,0.0,0.0,0.0
130402070401,2007,0.036211173,0.122749921,0.086538581
130402070401,2008,0.0,0.0,0.0
130402070401,2009,0.0,0.0,0.0
130402070401,2010,0.0,0.0,0.0
130402070401,2011,0.0,0.0,0.0
130402070401,2012,0.0,0.0,0.0
130402070401,2013,0.0,0.0,0.0
130402070401,2014,0.0,0.0,0.0
130402070401,2015,0.0,0.0,0.0
130402070401,2016,0.0,0.0,0.0
130402070401,2017,0.0,0.0,0.0
130402070401,2018,0.0,0.0,0.0
130402070401,2019,0.0,0.0,0.0
130402070401,2020,0.0,0.0,0.0
130402070402,2000,0.0,0.0,0.0
130402070402,2001,0.0,0.0,0.0
130402070402,2002,0.0,0.0,0.0
130402070402,2003,0.0,0.0,0.0
130402070402,2004,0.0,0.0,0.0
130402070402,2005,0.0,0.0,0.0
130402070402,2006,0.0,0.0,0.0
130402070402,2007,0.0,0.0,0.0
130402070402,2008,0.0,0.0,0.0
130402070402,2009,0.0,0.0,0.0
130402070402,2010,0.0,0.0,0.0
130402070402,2011,0.0,0.0,0.0
130402070402,2012,0.0,0.0,0.0
130402070402,2013,0.0,0.0,0.0
130402070402,2014,0.0,0.0,0.0
130402070402,2015,0.0,0.0,0.0
130402070402,2016,0.0,0.0,0.0
130402070402,2017,0.0,0.0,0.0
130402070402,2018,0.0,0.0,0.0
130402070402,2019,0.0,0.0,0.0
130402070402,2020,0.0,0.0,0.0
130402070403,2000,0.0,0.0,0.0
130402070403,2001,0.0,0.0,0.0
130402070403,2002,0.0,0.0,0.0
130402070403,2003,0.0,0.0,0.0
130402070403,2004,0.0,0.0,0.0
130402070403,2005,0.0,0.0,0.0
130402070403,2006,0.0,0.0,0.0
130402070403,2007,0.0,0.0,0.0
130402070403,2008,0.0,0.0,0.0
130402070403,2009,0.0,0.0,0.0
130402070403,2010,0.0,0.0,0.0
130402070403,2011,0.0,0.0,0.0
130402070403,2012,0.0,0.0,0.0
130402070403,2013,0.0,0.0,0.0
130402070403,2014,0.0,0.0,0.0
130402070403,2015,0.0,0.0,0.0
130402070403,2016,0.0,0.0,0.0
130402070403,2017,0.0,0.0,0.0
130402070403,2018,0.0,0.0,0.0
130402070403,2019,0.0,0.0,0.0
130402070403,2020,0.0,0.0,0.0
130402070404,2000,0.0,0.0,0.0
130402070404,2001,0.0,0.0,0.0
130402070404,2002,0.0,0.0,0.0
130402070404,2003,0.0,0.0,0.0
130402070404,2004,0.0,0.0,0.0
130402070404,2005,0.0,0.0,0.0
130402070404,2006,0.0,0.0,0.0
130402070404,2007,0.0,0.0,0.0
130402070404,2008,0.0,0.0,0.0
130402070404,2009,0.0,0.0,0.0
130402070404,2010,0.0,0.0,0.0
130402070404,2011,0.0,0.0,0.0
130402070404,2012,0.0,0.0,0.0
130402070404,2013,0.0,0.0,0.0
130402070404,2014,0.0,0.0,0.0
130402070404,2015,0.0,0.0,0.0
130402070404,2016,0.0,0.0,0.0
130402070404,2017,0.0,0.0,0.0
130402070404,2018,0.0,0.0,0.0
130402070404,2019,0.0,0.0,0.0
130402070404,2020,0.0,0.0,0.0
130402080202,2000,0.0,0.0,0.0
130402080202,2001,0.0,0.0,0.0
130402080202,2002,0.0,0.0,0.0
130402080202,2003,0.0,0.0,0.0
130402080202,2004,0.0,0.0,0.0
130402080202,2005,0.0,0.0,0.0
130402080202,2006,0.0,0.0,0.0
130402080202,2007,0.0,0.0,0.0
130402080202,2008,0.0,0.0,0.0
130402080202,2009,0.0,0.0,0.0
130402080202,2010,0.0,0.0,0.0
130402080202,2011,0.0,0.0,0.0
130402080202,2012,0.0,0.0,0.0
130402080202,2013,0.0,0.0,0.0
130402080202,2014,0.0,0.0,0.0
130402080202,2015,0.0,0.0,0.0
130402080202,2016,0.0,0.0,0.0
130402080202,2017,0.0,0.0,0.0
130402080202,2018,0.0,0.0,0.0
130402080202,2019,0.0,0.0,0.0
130402080202,2020,0.0,0.0,0.0
130402080203,2000,0.0,0.0,0.0
130402080203,2001,0.0,0.0,0.0
130402080203,2002,0.0,0.0,0.0
130402080203,2003,0.0,0.0,0.0
130402080203,2004,0.0,0.0,0.0
130402080203,2005,0.0,0.0,0.0
130402080203,2006,0.0,0.0,0.0
130402080203,2007,0.0,0.0,0.0
130402080203,2008,0.0,0.0,0.0
130402080203,2009,0.0,0.0,0.0
130402080203,2010,0.0,0.0,0.0
130402080203,2011,0.0,0.0,0.0
130402080203,2012,0.0,0.0,0.0
130402080203,2013,0.0,0.0,0.0
130402080203,2014,0.0,0.0,0.0
130402080203,2015,0.0,0.0,0.0
130402080203,2016,0.0,0.0,0.0
130402080203,2017,0.0,0.0,0.0
130402080203,2018,0.0,0.0,0.0
130402080203,2019,0.0,0.0,0.0
130402080203,2020,0.0,0.0,0.0
130402080401,2000,0.0,0.0,0.0
130402080401,2001,0.0,0.0,0.0
130402080401,2002,0.0,0.0,0.0
130402080401,2003,0.0,0.0,0.0
130402080401,2004,0.0,0.0,0.0
130402080401,2005,0.0,0.0,0.0
130402080401,2006,0.0,0.0,0.0
130402080401,2007,0.0,0.0,0.0
130402080401,2008,0.0,0.0,0.0
130402080401,2009,0.0,0.0,0.0
130402080401,2010,0.0,0.0,0.0
130402080401,2011,0.0,0.0,0.0
130402080401,2012,0.0,0.0,0.0
130402080401,2013,0.0,0.0,0.0
130402080401,2014,0.0,0.0,0.0
130402080401,2015,0.0,0.0,0.0
130402080401,2016,0.0,0.0,0.0
130402080401,2017,0.0,0.0,0.0
130402080401,2018,0.0,0.0,0.0
130402080401,2019,0.0,0.0,0.0
130402080401,2020,0.0,0.0,0.0
130402080402,2000,0.0,0.0,0.0
130402080402,2001,0.0,0.0,0.0
130402080402,2002,0.0,0.0,0.0
130402080402,2003,0.0,0.0,0.0
130402080402,2004,0.0,0.0,0.0
130402080402,2005,0.0,0.0,0.0
130402080402,2006,0.0,0.0,0.0
130402080402,2007,0.0,0.0,0.0
130402080402,2008,0.0,0.0,0.0
130402080402,2009,0.0,0.0,0.0
130402080402,2010,0.0,0.0,0.0
130402080402,2011,0.0,0.0,0.0
130402080402,2012,0.0,0.0,0.0
130402080402,2013,0.0,0.0,0.0
130402080402,2014,0.0,0.0,0.0
130402080402,2015,0.0,0.0,0.0
130402080402,2016,0.0,0.0,0.0
130402080402,2017,0.0,0.0,0.0
130402080402,2018,0.0,0.0,0.0
130402080402,2019,0.0,0.0,0.0
130402080402,2020,0.0,0.0,0.0
130402080403,2000,0.0,0.0,0.0
130402080403,2001,0.0,0.0,0.0
130402080403,2002,0.0,0.0,0.0
130402080403,2003,0.0,0.0,0.0
130402080403,2004,0.0,0.0,0.0
130402080403,2005,0.0,0.0,0.0
130402080403,2006,0.0,0.0,0.0
130402080403,2007,0.0,0.0,0.0
130402080403,2008,0.0,0.0,0.0
130402080403,2009,0.0,0.0,0.0
130402080403,2010,0.0,0.0,0.0
130402080403,2011,0.0,0.0,0.0
130402080403,2012,0.0,0.0,0.0
130402080403,2013,0.0,0.0,0.0
130402080403,2014,0.0,0.0,0.0
130402080403,2015,0.0,0.0,0.0
130402080403,2016,0.0,0.0,0.0
130402080403,2017,0.0,0.0,0.0
130402080403,2018,0.0,0.0,0.0
130402080403,2019,0.0,0.0,0.0
130402080403,2020,0.0,0.0,0.0
130402080404,2000,0.0,0.0,0.0
130402080404,2001,0.0,0.0,0.0
130402080404,2002,0.0,0.0,0.0
130402080404,2003,0.0,0.0,0.0
130402080404,2004,0.0,0.0,0.0
130402080404,2005,0.0,0.0,0.0
130402080404,2006,0.0,0.0,0.0
130402080404,2007,0.0,0.0,0.0
130402080404,2008,0.0,0.0,0.0
130402080404,2009,0.0,0.0,0.0
130402080404,2010,0.0,0.0,0.0
130402080404,2011,0.0,0.0,0.0
130402080404,2012,0.0,0.0,0.0
130402080404,2013,0.0,0.0,0.0
130402080404,2014,0.0,0.0,0.0
130402080404,2015,0.0,0.0,0.0
130402080404,2016,0.0,0.0,0.0
130402080404,2017,0.0,0.0,0.0
130402080404,2018,0.0,0.0,0.0
130402080404,2019,0.0,0.0,0.0
130402080404,2020,0.0,0.0,0.0
130402080405,2000,0.0,0.0,0.0
130402080405,2001,0.0,0.0,0.0
130402080405,2002,0.0,0.0,0.0
130402080405,2003,0.0,0.0,0.0
130402080405,2004,0.0,0.0,0.0
130402080405,2005,0.0,0.0,0.0
130402080405,2006,0.0,0.0,0.0
130402080405,2007,0.0,0.0,0.0
130402080405,2008,0.0,0.0,0.0
130402080405,2009,0.0,0.0,0.0
130402080405,2010,0.0,0.0,0.0
130402080405,2011,0.0,0.0,0.0
130402080405,2012,0.0,0.0,0.0
130402080405,2013,0.0,0.0,0.0
130402080405,2014,0.0,0.0,0.0
130402080405,2015,0.0,0.0,0.0
130402080405,2016,0.0,0.0,0.0
130402080405,2017,0.0,0.0,0.0
130402080405,2018,0.0,0.0,0.0
130402080405,2019,0.0,0.0,0.0
130402080405,2020,0.0,0.0,0.0
130402080406,2000,0.0,0.0,0.0
130402080406,2001,0.0,0.0,0.0
130402080406,2002,0.0,0.0,0.0
130402080406,2003,0.0,0.0,0.0
130402080406,2004,0.0,0.0,0.0
130402080406,2005,0.0,0.0,0.0
130402080406,2006,0.0,0.0,0.0
130402080406,2007,0.0,0.0,0.0
130402080406,2008,0.0,0.0,0.0
130402080406,2009,0.0,0.0,0.0
130402080406,2010,0.0,0.0,0.0
130402080406,2011,0.0,0.0,0.0
130402080406,2012,0.0,0.0,0.0
130402080406,2013,0.0,0.0,0.0
130402080406,2014,0.0,0.0,0.0
130402080406,2015,0.0,0.0,0.0
130402080406,2016,0.0,0.0,0.0
130402080406,2017,0.0,0.0,0.0
130402080406,2018,0.0,0.0,0.0
130402080406,2019,0.0,0.0,0.0
130402080406,2020,0.0,0.0,0.0
130402080501,2000,0.0,0.0,0.0
130402080501,2001,0.0,0.0,0.0
130402080501,2002,0.0,0.0,0.0
130402080501,2003,0.0,0.0,0.0
130402080501,2004,0.0,0.0,0.0
130402080501,2005,0.0,0.0,0.0
130402080501,2006,0.0,0.0,0.0
130402080501,2007,0.0,0.0,0.0
130402080501,2008,0.0,0.0,0.0
130402080501,2009,0.0,0.0,0.0
130402080501,2010,0.0,0.0,0.0
130402080501,2011,0.0,0.0,0.0
130402080501,2012,0.0,0.0,0.0
130402080501,2013,0.0,0.0,0.0
130402080501,2014,0.0,0.0,0.0
130402080501,2015,0.0,0.0,0.0
130402080501,2016,0.0,0.0,0.0
130402080501,2017,0.0,0.0,0.0
130402080501,2018,0.0,0.0,0.0
130402080501,2019,0.0,0.0,0.0
130402080501,2020,0.0,0.0,0.0
130402080502,2000,0.0,0.0,0.0
130402080502,2001,0.0,0.0,0.0
130402080502,2002,0.0,0.0,0.0
130402080502,2003,0.0,0.0,0.0
130402080502,2004,0.0,0.0,0.0
130402080502,2005,0.0,0.0,0.0
130402080502,2006,0.0,0.0,0.0
130402080502,2007,0.0,0.0,0.0
130402080502,2008,0.0,0.0,0.0
130402080502,2009,0.0,0.0,0.0
130402080502,2010,0.0,0.0,0.0
130402080502,2011,0.0,0.0,0.0
130402080502,2012,0.0,0.0,0.0
130402080502,2013,0.0,0.0,0.0
130402080502,2014,0.0,0.0,0.0
130402080502,2015,0.0,0.0,0.0
130402080502,2016,0.0,0.0,0.0
130402080502,2017,0.0,0.0,0.0
130402080502,2018,0.0,0.0,0.0
130402080502,2019,0.0,0.0,0.0
130402080502,2020,0.0,0.0,0.0
130402080503,2000,0.0,0.0,0.0
130402080503,2001,0.0,0.0,0.0
130402080503,2002,0.0,0.0,0.0
130402080503,2003,0.0,0.0,0.0
130402080503,2004,0.0,0.0,0.0
130402080503,2005,0.0,0.0,0.0
130402080503,2006,0.0,0.0,0.0
130402080503,2007,0.0,0.0,0.0
130402080503,2008,0.0,0.0,0.0
130402080503,2009,0.0,0.0,0.0
130402080503,2010,0.0,0.0,0.0
130402080503,2011,0.0,0.0,0.0
130402080503,2012,0.0,0.0,0.0
130402080503,2013,0.0,0.0,0.0
130402080503,2014,0.0,0.0,0.0
130402080503,2015,0.0,0.0,0.0
130402080503,2016,0.0,0.0,0.0
130402080503,2017,0.0,0.0,0.0
130402080503,2018,0.0,0.0,0.0
130402080503,2019,0.0,0.0,0.0
130402080503,2020,0.0,0.0,0.0
130402080504,2000,0.0,0.0,0.0
130402080504,2001,0.0,0.0,0.0
130402080504,2002,0.0,0.0,0.0
130402080504,2003,0.0,0.0,0.0
130402080504,2004,0.0,0.0,0.0
130402080504,2005,0.0,0.0,0.0
130402080504,2006,0.0,0.0,0.0
130402080504,2007,0.0,0.0,0.0
130402080504,2008,0.0,0.0,0.0
130402080504,2009,0.0,0.0,0.0
130402080504,2010,0.0,0.0,0.0
130402080504,2011,0.0,0.0,0.0
130402080504,2012,0.0,0.0,0.0
130402080504,2013,0.0,0.0,0.0
130402080504,2014,0.0,0.0,0.0
130402080504,2015,0.0,0.0,0.0
130402080504,2016,0.0,0.0,0.0
130402080504,2017,0.0,0.0,0.0
130402080504,2018,0.0,0.0,0.0
130402080504,2019,0.0,0.0,0.0
130402080504,2020,0.0,0.0,0.0
130402081302,2000,0.0,0.0,0.0
130402081302,2001,0.0,0.0,0.0
130402081302,2002,0.0,0.0,0.0
130402081302,2003,0.0,0.0,0.0
130402081302,2004,0.0,0.0,0.0
130402081302,2005,0.0,0.0,0.0
130402081302,2006,0.0,0.0,0.0
130402081302,2007,0.0,0.0,0.0
130402081302,2008,0.0,0.0,0.0
130402081302,2009,0.0,0.0,0.0
130402081302,2010,0.0,0.0,0.0
130402081302,2011,0.0,0.0,0.0
130402081302,2012,0.0,0.0,0.0
130402081302,2013,0.0,0.0,0.0
130402081302,2014,0.0,0.0,0.0
130402081302,2015,0.0,0.0,0.0
130402081302,2016,0.0,0.0,0.0
130402081302,2017,0.0,0.0,0.0
130402081302,2018,0.0,0.0,0.0
130402081302,2019,0.0,0.0,0.0
130402081302,2020,0.0,0.0,0.0
130402081303,2000,0.0,0.0,0.0
130402081303,2001,0.0,0.0,0.0
130402081303,2002,0.0,0.0,0.0
130402081303,2003,0.0,0.0,0.0
130402081303,2004,0.0,0.0,0.0
130402081303,2005,0.0,0.0,0.0
130402081303,2006,0.0,0.0,0.0
130402081303,2007,0.0,0.0,0.0
130402081303,2008,0.0,0.0,0.0
130402081303,2009,0.0,0.0,0.0
130402081303,2010,0.0,0.0,0.0
130402081303,2011,0.0,0.0,0.0
130402081303,2012,0.0,0.0,0.0
130402081303,2013,0.0,0.0,0.0
130402081303,2014,0.0,0.0,0.0
130402081303,2015,0.0,0.0,0.0
130402081303,2016,0.0,0.0,0.0
130402081303,2017,0.0,0.0,0.0
130402081303,2018,0.0,0.0,0.0
130402081303,2019,0.0,0.0,0.0
130402081303,2020,0.0,0.0,0.0
130402090101,2000,0.0,0.0,0.0
130402090101,2001,0.0,0.0,0.0
130402090101,2002,0.0,0.0,0.0
130402090101,2003,0.0,0.0,0.0
130402090101,2004,0.0,0.0,0.0
130402090101,2005,0.0,0.0,0.0
130402090101,2006,0.0,0.0,0.0
130402090101,2007,0.0,0.0,0.0
130402090101,2008,0.0,0.0,0.0
130402090101,2009,0.0,0.0,0.0
130402090101,2010,0.0,0.0,0.0
130402090101,2011,0.0,0.0,0.0
130402090101,2012,0.0,0.0,0.0
130402090101,2013,0.0,0.0,0.0
130402090101,2014,0.0,0.0,0.0
130402090101,2015,0.0,0.0,0.0
130402090101,2016,0.0,0.0,0.0
130402090101,2017,0.0,0.0,0.0
130402090101,2018,0.0,0.0,0.0
130402090101,2019,0.0,0.0,0.0
130402090101,2020,0.0,0.0,0.0
130402090102,2000,0.0,0.0,0.0
130402090102,2001,0.0,0.0,0.0
130402090102,2002,0.0,0.0,0.0
130402090102,2003,0.0,0.0,0.0
130402090102,2004,0.0,0.0,0.0
130402090102,2005,0.0,0.0,0.0
130402090102,2006,0.0,0.0,0.0
130402090102,2007,0.0,0.0,0.0
130402090102,2008,0.0,0.0,0.0
130402090102,2009,0.0,0.0,0.0
130402090102,2010,0.0,0.0,0.0
130402090102,2011,0.0,0.0,0.0
130402090102,2012,0.0,0.0,0.0
130402090102,2013,0.0,0.0,0.0
130402090102,2014,0.0,0.0,0.0
130402090102,2015,0.0,0.0,0.0
130402090102,2016,0.0,0.0,0.0
130402090102,2017,0.0,0.0,0.0
130402090102,2018,0.0,0.0,0.0
130402090102,2019,0.0,0.0,0.0
130402090102,2020,0.0,0.0,0.0
130402090103,2000,0.0,0.0,0.0
130402090103,2001,0.0,0.0,0.0
130402090103,2002,0.0,0.0,0.0
130402090103,2003,0.0,0.0,0.0
130402090103,2004,0.0,0.0,0.0
130402090103,2005,0.0,0.0,0.0
130402090103,2006,0.0,0.0,0.0
130402090103,2007,0.0,0.0,0.0
130402090103,2008,0.0,0.0,0.0
130402090103,2009,0.0,0.0,0.0
130402090103,2010,0.0,0.0,0.0
130402090103,2011,0.0,0.0,0.0
130402090103,2012,0.0,0.0,0.0
130402090103,2013,0.0,0.0,0.0
130402090103,2014,0.0,0.0,0.0
130402090103,2015,0.0,0.0,0.0
130402090103,2016,0.0,0.0,0.0
130402090103,2017,0.0,0.0,0.0
130402090103,2018,0.0,0.0,0.0
130402090103,2019,0.0,0.0,0.0
130402090103,2020,0.0,0.0,0.0
130402090104,2000,0.0,0.0,0.0
130402090104,2001,0.0,0.0,0.0
130402090104,2002,0.0,0.0,0.0
130402090104,2003,0.0,0.0,0.0
130402090104,2004,0.0,0.0,0.0
130402090104,2005,0.0,0.0,0.0
130402090104,2006,0.0,0.0,0.0
130402090104,2007,0.0,0.0,0.0
130402090104,2008,0.0,0.0,0.0
130402090104,2009,0.0,0.0,0.0
130402090104,2010,0.0,0.0,0.0
130402090104,2011,0.0,0.0,0.0
130402090104,2012,0.0,0.0,0.0
130402090104,2013,0.0,0.0,0.0
130402090104,2014,0.0,0.0,0.0
130402090104,2015,0.0,0.0,0.0
130402090104,2016,0.0,0.0,0.0
130402090104,2017,0.0,0.0,0.0
130402090104,2018,0.0,0.0,0.0
130402090104,2019,0.0,0.0,0.0
130402090104,2020,0.0,0.0,0.0
130402090201,2000,0.0,0.0,0.0
130402090201,2001,0.0,0.0,0.0
130402090201,2002,0.0,0.0,0.0
130402090201,2003,0.0,0.0,0.0
130402090201,2004,0.0,0.0,0.0
130402090201,2005,0.0,0.0,0.0
130402090201,2006,0.0,0.0,0.0
130402090201,2007,0.0,0.0,0.0
130402090201,2008,0.0,0.0,0.0
130402090201,2009,0.0,0.0,0.0
130402090201,2010,0.0,0.0,0.0
130402090201,2011,0.0,0.0,0.0
130402090201,2012,0.0,0.0,0.0
130402090201,2013,0.0,0.0,0.0
130402090201,2014,0.0,0.0,0.0
130402090201,2015,0.0,0.0,0.0
130402090201,2016,0.0,0.0,0.0
130402090201,2017,0.0,0.0,0.0
130402090201,2018,0.0,0.0,0.0
130402090201,2019,0.0,0.0,0.0
130402090201,2020,0.0,0.0,0.0
130402090202,2000,0.0,0.0,0.0
130402090202,2001,0.0,0.0,0.0
130402090202,2002,0.0,0.0,0.0
130402090202,2003,0.0,0.0,0.0
130402090202,2004,0.0,0.0,0.0
130402090202,2005,0.0,0.0,0.0
130402090202,2006,0.0,0.0,0.0
130402090202,2007,0.0,0.0,0.0
130402090202,2008,0.0,0.0,0.0
130402090202,2009,0.0,0.0,0.0
130402090202,2010,0.0,0.0,0.0
130402090202,2011,0.0,0.0,0.0
130402090202,2012,0.0,0.0,0.0
130402090202,2013,0.0,0.0,0.0
130402090202,2014,0.0,0.0,0.0
130402090202,2015,0.0,0.0,0.0
130402090202,2016,0.0,0.0,0.0
130402090202,2017,0.0,0.0,0.0
130402090202,2018,0.0,0.0,0.0
130402090202,2019,0.0,0.0,0.0
130402090202,2020,0.0,0.0,0.0
130402090203,2000,0.0,0.0,0.0
130402090203,2001,0.0,0.0,0.0
130402090203,2002,0.0,0.0,0.0
130402090203,2003,0.0,0.0,0.0
130402090203,2004,0.0,0.0,0.0
130402090203,2005,0.0,0.0,0.0
130402090203,2006,0.0,0.0,0.0
130402090203,2007,0.0,0.0,0.0
130402090203,2008,0.0,0.0,0.0
130402090203,2009,0.0,0.0,0.0
130402090203,2010,0.0,0.0,0.0
130402090203,2011,0.0,0.0,0.0
130402090203,2012,0.0,0.0,0.0
130402090203,2013,0.0,0.0,0.0
130402090203,2014,0.0,0.0,0.0
130402090203,2015,0.0,0.0,0.0
130402090203,2016,0.0,0.0,0.0
130402090203,2017,0.0,0.0,0.0
130402090203,2018,0.0,0.0,0.0
130402090203,2019,0.0,0.0,0.0
130402090203,2020,0.0,0.0,0.0
130402090204,2000,0.0,0.0,0.0
130402090204,2001,0.0,0.0,0.0
130402090204,2002,0.0,0.0,0.0
130402090204,2003,0.0,0.0,0.0
130402090204,2004,0.0,0.0,0.0
130402090204,2005,0.0,0.0,0.0
130402090204,2006,0.0,0.0,0.0
130402090204,2007,0.0,0.0,0.0
130402090204,2008,0.0,0.0,0.0
130402090204,2009,0.0,0.0,0.0
130402090204,2010,0.0,0.0,0.0
130402090204,2011,0.0,0.0,0.0
130402090204,2012,0.0,0.0,0.0
130402090204,2013,0.0,0.0,0.0
130402090204,2014,0.0,0.0,0.0
130402090204,2015,0.0,0.0,0.0
130402090204,2016,0.0,0.0,0.0
130402090204,2017,0.0,0.0,0.0
130402090204,2018,0.0,0.0,0.0
130402090204,2019,0.0,0.0,0.0
130402090204,2020,0.0,0.0,0.0
130402090301,2000,0.0,0.0,0.0
130402090301,2001,0.0,0.0,0.0
130402090301,2002,0.0,0.0,0.0
130402090301,2003,0.0,0.0,0.0
130402090301,2004,0.0,0.0,0.0
130402090301,2005,0.0,0.0,0.0
130402090301,2006,0.0,0.0,0.0
130402090301,2007,0.0,0.0,0.0
130402090301,2008,0.0,0.0,0.0
130402090301,2009,0.0,0.0,0.0
130402090301,2010,0.0,0.0,0.0
130402090301,2011,0.0,0.0,0.0
130402090301,2012,0.0,0.0,0.0
130402090301,2013,0.0,0.0,0.0
130402090301,2014,0.0,0.0,0.0
130402090301,2015,0.0,0.0,0.0
130402090301,2016,0.0,0.0,0.0
130402090301,2017,0.0,0.0,0.0
130402090301,2018,0.0,0.0,0.0
130402090301,2019,0.0,0.0,0.0
130402090301,2020,0.0,0.0,0.0
130402090302,2000,0.0,0.0,0.0
130402090302,2001,0.0,0.0,0.0
130402090302,2002,0.0,0.0,0.0
130402090302,2003,0.0,0.0,0.0
130402090302,2004,0.0,0.0,0.0
130402090302,2005,0.0,0.0,0.0
130402090302,2006,0.0,0.0,0.0
130402090302,2007,0.0,0.0,0.0
130402090302,2008,0.0,0.0,0.0
130402090302,2009,0.0,0.0,0.0
130402090302,2010,0.0,0.0,0.0
130402090302,2011,0.0,0.0,0.0
130402090302,2012,0.0,0.0,0.0
130402090302,2013,0.0,0.0,0.0
130402090302,2014,0.0,0.0,0.0
130402090302,2015,0.0,0.0,0.0
130402090302,2016,0.0,0.0,0.0
130402090302,2017,0.0,0.0,0.0
130402090302,2018,0.0,0.0,0.0
130402090302,2019,0.0,0.0,0.0
130402090302,2020,0.0,0.0,0.0
130402090303,2000,0.0,0.0,0.0
130402090303,2001,0.0,0.0,0.0
130402090303,2002,0.0,0.0,0.0
130402090303,2003,0.0,0.0,0.0
130402090303,2004,0.0,0.0,0.0
130402090303,2005,0.0,0.0,0.0
130402090303,2006,0.0,0.0,0.0
130402090303,2007,0.0,0.0,0.0
130402090303,2008,0.0,0.0,0.0
130402090303,2009,0.0,0.0,0.0
130402090303,2010,0.0,0.0,0.0
130402090303,2011,0.0,0.0,0.0
130402090303,2012,0.0,0.0,0.0
130402090303,2013,0.0,0.0,0.0
130402090303,2014,0.0,0.0,0.0
130402090303,2015,0.0,0.0,0.0
130402090303,2016,0.0,0.0,0.0
130402090303,2017,0.0,0.0,0.0
130402090303,2018,0.0,0.0,0.0
130402090303,2019,0.0,0.0,0.0
130402090303,2020,0.0,0.0,0.0
130402090304,2000,0.0,0.0,0.0
130402090304,2001,0.0,0.0,0.0
130402090304,2002,0.0,0.0,0.0
130402090304,2003,0.0,0.0,0.0
130402090304,2004,0.0,0.0,0.0
130402090304,2005,0.0,0.0,0.0
130402090304,2006,0.0,0.0,0.0
130402090304,2007,0.0,0.0,0.0
130402090304,2008,0.0,0.0,0.0
130402090304,2009,0.0,0.0,0.0
130402090304,2010,0.0,0.0,0.0
130402090304,2011,0.0,0.0,0.0
130402090304,2012,0.0,0.0,0.0
130402090304,2013,0.0,0.0,0.0
130402090304,2014,0.0,0.0,0.0
130402090304,2015,0.0,0.0,0.0
130402090304,2016,0.0,0.0,0.0
130402090304,2017,0.0,0.0,0.0
130402090304,2018,0.0,0.0,0.0
130402090304,2019,0.0,0.0,0.0
130402090304,2020,0.0,0.0,0.0
130402090305,2000,0.0,0.0,0.0
130402090305,2001,0.0,0.0,0.0
130402090305,2002,0.0,0.0,0.0
130402090305,2003,0.0,0.0,0.0
130402090305,2004,0.0,0.0,0.0
130402090305,2005,0.0,0.0,0.0
130402090305,2006,0.0,0.0,0.0
130402090305,2007,0.0,0.0,0.0
130402090305,2008,0.0,0.0,0.0
130402090305,2009,0.0,0.0,0.0
130402090305,2010,0.0,0.0,0.0
130402090305,2011,0.0,0.0,0.0
130402090305,2012,0.0,0.0,0.0
130402090305,2013,0.0,0.0,0.0
130402090305,2014,0.0,0.0,0.0
130402090305,2015,0.0,0.0,0.0
130402090305,2016,0.0,0.0,0.0
130402090305,2017,0.0,0.0,0.0
130402090305,2018,0.0,0.0,0.0
130402090305,2019,0.0,0.0,0.0
130402090305,2020,0.0,0.0,0.0
130402090306,2000,0.0,0.0,0.0
130402090306,2001,0.0,0.0,0.0
130402090306,2002,0.0,0.0,0.0
130402090306,2003,0.0,0.0,0.0
130402090306,2004,0.0,0.0,0.0
130402090306,2005,0.0,0.0,0.0
130402090306,2006,0.0,0.0,0.0
130402090306,2007,0.0,0.0,0.0
130402090306,2008,0.0,0.0,0.0
130402090306,2009,0.0,0.0,0.0
130402090306,2010,0.0,0.0,0.0
130402090306,2011,0.0,0.0,0.0
130402090306,2012,0.0,0.0,0.0
130402090306,2013,0.0,0.0,0.0
130402090306,2014,0.0,0.0,0.0
130402090306,2015,0.0,0.0,0.0
130402090306,2016,0.0,0.0,0.0
130402090306,2017,0.0,0.0,0.0
130402090306,2018,0.0,0.0,0.0
130402090306,2019,0.0,0.0,0.0
130402090306,2020,0.0,0.0,0.0
130402090401,2000,0.0,0.0,0.0
130402090401,2001,0.0,0.0,0.0
130402090401,2002,0.0,0.0,0.0
130402090401,2003,0.0,0.0,0.0
130402090401,2004,0.0,0.0,0.0
130402090401,2005,0.0,0.0,0.0
130402090401,2006,0.0,0.0,0.0
130402090401,2007,0.0,0.0,0.0
130402090401,2008,0.0,0.0,0.0
130402090401,2009,0.0,0.0,0.0
130402090401,2010,0.0,0.0,0.0
130402090401,2011,0.0,0.0,0.0
130402090401,2012,0.0,0.0,0.0
130402090401,2013,0.0,0.0,0.0
130402090401,2014,0.0,0.0,0.0
130402090401,2015,0.0,0.0,0.0
130402090401,2016,0.0,0.0,0.0
130402090401,2017,0.0,0.0,0.0
130402090401,2018,0.0,0.0,0.0
130402090401,2019,0.0,0.0,0.0
130402090401,2020,0.0,0.0,0.0
130402090402,2000,0.0,0.0,0.0
130402090402,2001,0.0,0.0,0.0
130402090402,2002,0.0,0.0,0.0
130402090402,2003,0.0,0.0,0.0
130402090402,2004,0.0,0.0,0.0
130402090402,2005,0.0,0.0,0.0
130402090402,2006,0.0,0.0,0.0
130402090402,2007,0.0,0.0,0.0
130402090402,2008,0.0,0.0,0.0
130402090402,2009,0.0,0.0,0.0
130402090402,2010,0.0,0.0,0.0
130402090402,2011,0.0,0.0,0.0
130402090402,2012,0.0,0.0,0.0
130402090402,2013,0.0,0.0,0.0
130402090402,2014,0.0,0.0,0.0
130402090402,2015,0.0,0.0,0.0
130402090402,2016,0.0,0.0,0.0
130402090402,2017,0.0,0.0,0.0
130402090402,2018,0.0,0.0,0.0
130402090402,2019,0.0,0.0,0.0
130402090402,2020,0.0,0.0,0.0
130402090403,2000,0.0,0.0,0.0
130402090403,2001,0.0,0.0,0.0
130402090403,2002,0.0,0.0,0.0
130402090403,2003,0.0,0.0,0.0
130402090403,2004,0.0,0.0,0.0
130402090403,2005,0.0,0.0,0.0
130402090403,2006,0.0,0.0,0.0
130402090403,2007,0.0,0.0,0.0
130402090403,2008,0.0,0.0,0.0
130402090403,2009,0.0,0.0,0.0
130402090403,2010,0.0,0.0,0.0
130402090403,2011,0.0,0.0,0.0
130402090403,2012,0.0,0.0,0.0
130402090403,2013,0.0,0.0,0.0
130402090403,2014,0.0,0.0,0.0
130402090403,2015,0.0,0.0,0.0
130402090403,2016,0.0,0.0,0.0
130402090403,2017,0.0,0.0,0.0
130402090403,2018,0.0,0.0,0.0
130402090403,2019,0.0,0.0,0.0
130402090403,2020,0.0,0.0,0.0
130402090404,2000,0.0,0.0,0.0
130402090404,2001,0.0,0.0,0.0
130402090404,2002,0.0,0.0,0.0
130402090404,2003,0.0,0.0,0.0
130402090404,2004,0.0,0.0,0.0
130402090404,2005,0.0,0.0,0.0
130402090404,2006,0.0,0.0,0.0
130402090404,2007,0.0,0.0,0.0
130402090404,2008,0.0,0.0,0.0
130402090404,2009,0.0,0.0,0.0
130402090404,2010,0.0,0.0,0.0
130402090404,2011,0.0,0.0,0.0
130402090404,2012,0.0,0.0,0.0
130402090404,2013,0.0,0.0,0.0
130402090404,2014,0.0,0.0,0.0
130402090404,2015,0.0,0.0,0.0
130402090404,2016,0.0,0.0,0.0
130402090404,2017,0.0,0.0,0.0
130402090404,2018,0.0,0.0,0.0
130402090404,2019,0.0,0.0,0.0
130402090404,2020,0.0,0.0,0.0
130402090405,2000,0.0,0.0,0.0
130402090405,2001,0.0,0.0,0.0
130402090405,2002,0.0,0.0,0.0
130402090405,2003,0.0,0.0,0.0
130402090405,2004,0.0,0.0,0.0
130402090405,2005,0.0,0.0,0.0
130402090405,2006,0.0,0.0,0.0
130402090405,2007,0.0,0.0,0.0
130402090405,2008,0.0,0.0,0.0
130402090405,2009,0.0,0.0,0.0
130402090405,2010,0.0,0.0,0.0
130402090405,2011,0.0,0.0,0.0
130402090405,2012,0.0,0.0,0.0
130402090405,2013,0.0,0.0,0.0
130402090405,2014,0.0,0.0,0.0
130402090405,2015,0.0,0.0,0.0
130402090405,2016,0.0,0.0,0.0
130402090405,2017,0.0,0.0,0.0
130402090405,2018,0.0,0.0,0.0
130402090405,2019,0.0,0.0,0.0
130402090405,2020,0.0,0.0,0.0
130402090501,2000,0.0,0.0,0.0
130402090501,2001,0.0,0.0,0.0
130402090501,2002,0.0,0.0,0.0
130402090501,2003,0.0,0.0,0.0
130402090501,2004,0.0,0.0,0.0
130402090501,2005,0.0,0.0,0.0
130402090501,2006,0.0,0.0,0.0
130402090501,2007,0.0,0.0,0.0
130402090501,2008,0.0,0.0,0.0
130402090501,2009,0.0,0.0,0.0
130402090501,2010,0.0,0.0,0.0
130402090501,2011,0.0,0.0,0.0
130402090501,2012,0.0,0.0,0.0
130402090501,2013,0.0,0.0,0.0
130402090501,2014,0.0,0.0,0.0
130402090501,2015,0.0,0.0,0.0
130402090501,2016,0.0,0.0,0.0
130402090501,2017,0.0,0.0,0.0
130402090501,2018,0.0,0.0,0.0
130402090501,2019,0.0,0.0,0.0
130402090501,2020,0.0,0.0,0.0
130402090502,2000,0.0,0.0,0.0
130402090502,2001,0.0,0.0,0.0
130402090502,2002,0.0,0.0,0.0
130402090502,2003,0.0,0.0,0.0
130402090502,2004,0.0,0.0,0.0
130402090502,2005,0.0,0.0,0.0
130402090502,2006,0.0,0.0,0.0
130402090502,2007,0.0,0.0,0.0
130402090502,2008,0.0,0.0,0.0
130402090502,2009,0.0,0.0,0.0
130402090502,2010,0.0,0.0,0.0
130402090502,2011,0.0,0.0,0.0
130402090502,2012,0.0,0.0,0.0
130402090502,2013,0.0,0.0,0.0
130402090502,2014,0.0,0.0,0.0
130402090502,2015,0.0,0.0,0.0
130402090502,2016,0.0,0.0,0.0
130402090502,2017,0.0,0.0,0.0
130402090502,2018,0.0,0.0,0.0
130402090502,2019,0.0,0.0,0.0
130402090502,2020,0.0,0.0,0.0
130402090503,2000,0.0,0.0,0.0
130402090503,2001,0.0,0.0,0.0
130402090503,2002,0.0,0.0,0.0
130402090503,2003,0.0,0.0,0.0
130402090503,2004,0.0,0.0,0.0
130402090503,2005,0.0,0.0,0.0
130402090503,2006,0.0,0.0,0.0
130402090503,2007,0.0,0.0,0.0
130402090503,2008,0.0,0.0,0.0
130402090503,2009,0.0,0.0,0.0
130402090503,2010,0.0,0.0,0.0
130402090503,2011,0.0,0.0,0.0
130402090503,2012,0.0,0.0,0.0
130402090503,2013,0.0,0.0,0.0
130402090503,2014,0.0,0.0,0.0
130402090503,2015,0.0,0.0,0.0
130402090503,2016,0.0,0.0,0.0
130402090503,2017,0.0,0.0,0.0
130402090503,2018,0.0,0.0,0.0
130402090503,2019,0.0,0.0,0.0
130402090503,2020,0.0,0.0,0.0
130402090601,2000,0.0,0.0,0.0
130402090601,2001,0.0,0.0,0.0
130402090601,2002,0.0,0.0,0.0
130402090601,2003,0.0,0.0,0.0
130402090601,2004,0.0,0.0,0.0
130402090601,2005,0.0,0.0,0.0
130402090601,2006,0.0,0.0,0.0
130402090601,2007,0.0,0.0,0.0
130402090601,2008,0.0,0.0,0.0
130402090601,2009,0.0,0.0,0.0
130402090601,2010,0.0,0.0,0.0
130402090601,2011,0.0,0.0,0.0
130402090601,2012,0.0,0.0,0.0
130402090601,2013,0.0,0.0,0.0
130402090601,2014,0.0,0.0,0.0
130402090601,2015,0.0,0.0,0.0
130402090601,2016,0.0,0.0,0.0
130402090601,2017,0.0,0.0,0.0
130402090601,2018,0.0,0.0,0.0
130402090601,2019,0.0,0.0,0.0
130402090601,2020,0.0,0.0,0.0
130402090602,2000,0.0,0.0,0.0
130402090602,2001,0.0,0.0,0.0
130402090602,2002,0.0,0.0,0.0
130402090602,2003,0.0,0.0,0.0
130402090602,2004,0.0,0.0,0.0
130402090602,2005,0.0,0.0,0.0
130402090602,2006,0.0,0.0,0.0
130402090602,2007,0.0,0.0,0.0
130402090602,2008,0.0,0.0,0.0
130402090602,2009,0.0,0.0,0.0
130402090602,2010,0.0,0.0,0.0
130402090602,2011,0.0,0.0,0.0
130402090602,2012,0.0,0.0,0.0
130402090602,2013,0.0,0.0,0.0
130402090602,2014,0.0,0.0,0.0
130402090602,2015,0.0,0.0,0.0
130402090602,2016,0.0,0.0,0.0
130402090602,2017,0.0,0.0,0.0
130402090602,2018,0.0,0.0,0.0
130402090602,2019,0.0,0.0,0.0
130402090602,2020,0.0,0.0,0.0
130402090603,2000,0.0,0.0,0.0
130402090603,2001,0.0,0.0,0.0
130402090603,2002,0.0,0.0,0.0
130402090603,2003,0.0,0.0,0.0
130402090603,2004,0.0,0.0,0.0
130402090603,2005,0.0,0.0,0.0
130402090603,2006,0.0,0.0,0.0
130402090603,2007,0.0,0.0,0.0
130402090603,2008,0.0,0.0,0.0
130402090603,2009,0.0,0.0,0.0
130402090603,2010,0.0,0.0,0.0
130402090603,2011,0.0,0.0,0.0
130402090603,2012,0.0,0.0,0.0
130402090603,2013,0.0,0.0,0.0
130402090603,2014,0.0,0.0,0.0
130402090603,2015,0.0,0.0,0.0
130402090603,2016,0.0,0.0,0.0
130402090603,2017,0.0,0.0,0.0
130402090603,2018,0.0,0.0,0.0
130402090603,2019,0.0,0.0,0.0
130402090603,2020,0.0,0.0,0.0
130402100101,2000,0.0,0.0,0.0
130402100101,2001,0.0,0.0,0.0
130402100101,2002,0.0,0.0,0.0
130402100101,2003,0.0,0.0,0.0
130402100101,2004,0.0,0.0,0.0
130402100101,2005,0.0,0.0,0.0
130402100101,2006,0.0,0.0,0.0
130402100101,2007,0.0,0.0,0.0
130402100101,2008,0.0,0.0,0.0
130402100101,2009,0.0,0.0,0.0
130402100101,2010,0.0,0.0,0.0
130402100101,2011,0.0,0.0,0.0
130402100101,2012,0.0,0.0,0.0
130402100101,2013,0.0,0.0,0.0
130402100101,2014,0.0,0.0,0.0
130402100101,2015,0.0,0.0,0.0
130402100101,2016,0.0,0.0,0.0
130402100101,2017,0.0,0.0,0.0
130402100101,2018,0.0,0.0,0.0
130402100101,2019,0.0,0.0,0.0
130402100101,2020,0.0,0.0,0.0
130402100102,2000,0.0,0.0,0.0
130402100102,2001,0.0,0.0,0.0
130402100102,2002,0.0,0.0,0.0
130402100102,2003,0.0,0.0,0.0
130402100102,2004,0.0,0.0,0.0
130402100102,2005,0.0,0.0,0.0
130402100102,2006,0.0,0.0,0.0
130402100102,2007,0.0,0.0,0.0
130402100102,2008,0.0,0.0,0.0
130402100102,2009,0.0,0.0,0.0
130402100102,2010,0.0,0.0,0.0
130402100102,2011,0.0,0.0,0.0
130402100102,2012,0.0,0.0,0.0
130402100102,2013,0.0,0.0,0.0
130402100102,2014,0.0,0.0,0.0
130402100102,2015,0.0,0.0,0.0
130402100102,2016,0.0,0.0,0.0
130402100102,2017,0.0,0.0,0.0
130402100102,2018,0.0,0.0,0.0
130402100102,2019,0.0,0.0,0.0
130402100102,2020,0.0,0.0,0.0
130402100103,2000,0.0,0.0,0.0
130402100103,2001,0.0,0.0,0.0
130402100103,2002,0.0,0.0,0.0
130402100103,2003,0.0,0.0,0.0
130402100103,2004,0.0,0.0,0.0
130402100103,2005,0.0,0.0,0.0
130402100103,2006,0.0,0.0,0.0
130402100103,2007,0.0,0.0,0.0
130402100103,2008,0.0,0.0,0.0
130402100103,2009,0.0,0.0,0.0
130402100103,2010,0.0,0.0,0.0
130402100103,2011,0.0,0.0,0.0
130402100103,2012,0.0,0.0,0.0
130402100103,2013,0.0,0.0,0.0
130402100103,2014,0.0,0.0,0.0
130402100103,2015,0.0,0.0,0.0
130402100103,2016,0.0,0.0,0.0
130402100103,2017,0.0,0.0,0.0
130402100103,2018,0.0,0.0,0.0
130402100103,2019,0.0,0.0,0.0
130402100103,2020,0.0,0.0,0.0
130402100104,2000,0.0,0.0,0.0
130402100104,2001,0.0,0.0,0.0
130402100104,2002,0.0,0.0,0.0
130402100104,2003,0.0,0.0,0.0
130402100104,2004,0.0,0.0,0.0
130402100104,2005,0.0,0.0,0.0
130402100104,2006,0.0,0.0,0.0
130402100104,2007,0.0,0.0,0.0
130402100104,2008,0.0,0.0,0.0
130402100104,2009,0.0,0.0,0.0
130402100104,2010,0.0,0.0,0.0
130402100104,2011,0.0,0.0,0.0
130402100104,2012,0.0,0.0,0.0
130402100104,2013,0.0,0.0,0.0
130402100104,2014,0.0,0.0,0.0
130402100104,2015,0.0,0.0,0.0
130402100104,2016,0.0,0.0,0.0
130402100104,2017,0.0,0.0,0.0
130402100104,2018,0.0,0.0,0.0
130402100104,2019,0.0,0.0,0.0
130402100104,2020,0.0,0.0,0.0
130402100105,2000,0.0,0.0,0.0
130402100105,2001,0.0,0.0,0.0
130402100105,2002,0.0,0.0,0.0
130402100105,2003,0.0,0.0,0.0
130402100105,2004,0.0,0.0,0.0
130402100105,2005,0.0,0.0,0.0
130402100105,2006,0.0,0.0,0.0
130402100105,2007,0.0,0.0,0.0
130402100105,2008,0.0,0.0,0.0
130402100105,2009,0.0,0.0,0.0
130402100105,2010,0.0,0.0,0.0
130402100105,2011,0.0,0.0,0.0
130402100105,2012,0.0,0.0,0.0
130402100105,2013,0.0,0.0,0.0
130402100105,2014,0.0,0.0,0.0
130402100105,2015,0.0,0.0,0.0
130402100105,2016,0.0,0.0,0.0
130402100105,2017,0.0,0.0,0.0
130402100105,2018,0.0,0.0,0.0
130402100105,2019,0.0,0.0,0.0
130402100105,2020,0.0,0.0,0.0
130402100106,2000,0.0,0.0,0.0
130402100106,2001,0.0,0.0,0.0
130402100106,2002,0.0,0.0,0.0
130402100106,2003,0.0,0.0,0.0
130402100106,2004,0.0,0.0,0.0
130402100106,2005,0.0,0.0,0.0
130402100106,2006,0.0,0.0,0.0
130402100106,2007,0.0,0.0,0.0
130402100106,2008,0.0,0.0,0.0
130402100106,2009,0.0,0.0,0.0
130402100106,2010,0.0,0.0,0.0
130402100106,2011,0.0,0.0,0.0
130402100106,2012,0.0,0.0,0.0
130402100106,2013,0.0,0.0,0.0
130402100106,2014,0.0,0.0,0.0
130402100106,2015,0.0,0.0,0.0
130402100106,2016,0.0,0.0,0.0
130402100106,2017,0.0,0.0,0.0
130402100106,2018,0.0,0.0,0.0
130402100106,2019,0.0,0.0,0.0
130402100106,2020,0.0,0.0,0.0
130402100201,2000,0.0,0.0,0.0
130402100201,2001,0.0,0.0,0.0
130402100201,2002,0.0,0.0,0.0
130402100201,2003,0.0,0.0,0.0
130402100201,2004,0.0,0.0,0.0
130402100201,2005,0.0,0.0,0.0
130402100201,2006,0.0,0.0,0.0
130402100201,2007,0.0,0.0,0.0
130402100201,2008,0.0,0.0,0.0
130402100201,2009,0.0,0.0,0.0
130402100201,2010,0.0,0.0,0.0
130402100201,2011,0.0,0.0,0.0
130402100201,2012,0.0,0.0,0.0
130402100201,2013,0.0,0.0,0.0
130402100201,2014,0.0,0.0,0.0
130402100201,2015,0.0,0.0,0.0
130402100201,2016,0.0,0.0,0.0
130402100201,2017,0.0,0.0,0.0
130402100201,2018,0.0,0.0,0.0
130402100201,2019,0.0,0.0,0.0
130402100201,2020,0.0,0.0,0.0
130402100202,2000,0.0,0.0,0.0
130402100202,2001,0.0,0.0,0.0
130402100202,2002,0.0,0.0,0.0
130402100202,2003,0.0,0.0,0.0
130402100202,2004,0.0,0.0,0.0
130402100202,2005,0.0,0.0,0.0
130402100202,2006,0.0,0.0,0.0
130402100202,2007,0.0,0.0,0.0
130402100202,2008,0.0,0.0,0.0
130402100202,2009,0.0,0.0,0.0
130402100202,2010,0.0,0.0,0.0
130402100202,2011,0.0,0.0,0.0
130402100202,2012,0.0,0.0,0.0
130402100202,2013,0.0,0.0,0.0
130402100202,2014,0.0,0.0,0.0
130402100202,2015,0.0,0.0,0.0
130402100202,2016,0.0,0.0,0.0
130402100202,2017,0.0,0.0,0.0
130402100202,2018,0.0,0.0,0.0
130402100202,2019,0.0,0.0,0.0
130402100202,2020,0.0,0.0,0.0
130402100203,2000,0.0,0.0,0.0
130402100203,2001,0.0,0.0,0.0
130402100203,2002,0.0,0.0,0.0
130402100203,2003,0.0,0.0,0.0
130402100203,2004,0.0,0.0,0.0
130402100203,2005,0.0,0.0,0.0
130402100203,2006,0.0,0.0,0.0
130402100203,2007,0.0,0.0,0.0
130402100203,2008,0.0,0.0,0.0
130402100203,2009,0.0,0.0,0.0
130402100203,2010,0.0,0.0,0.0
130402100203,2011,0.0,0.0,0.0
130402100203,2012,0.0,0.0,0.0
130402100203,2013,0.0,0.0,0.0
130402100203,2014,0.0,0.0,0.0
130402100203,2015,0.0,0.0,0.0
130402100203,2016,0.0,0.0,0.0
130402100203,2017,0.0,0.0,0.0
130402100203,2018,0.0,0.0,0.0
130402100203,2019,0.0,0.0,0.0
130402100203,2020,0.0,0.0,0.0
130402100204,2000,0.0,0.0,0.0
130402100204,2001,0.0,0.0,0.0
130402100204,2002,0.0,0.0,0.0
130402100204,2003,0.0,0.0,0.0
130402100204,2004,0.0,0.0,0.0
130402100204,2005,0.0,0.0,0.0
130402100204,2006,0.0,0.0,0.0
130402100204,2007,0.0,0.0,0.0
130402100204,2008,0.0,0.0,0.0
130402100204,2009,0.0,0.0,0.0
130402100204,2010,0.0,0.0,0.0
130402100204,2011,0.0,0.0,0.0
130402100204,2012,0.0,0.0,0.0
130402100204,2013,0.0,0.0,0.0
130402100204,2014,0.0,0.0,0.0
130402100204,2015,0.0,0.0,0.0
130402100204,2016,0.0,0.0,0.0
130402100204,2017,0.0,0.0,0.0
130402100204,2018,0.0,0.0,0.0
130402100204,2019,0.0,0.0,0.0
130402100204,2020,0.0,0.0,0.0
130402100205,2000,0.0,0.0,0.0
130402100205,2001,0.0,0.0,0.0
130402100205,2002,0.0,0.0,0.0
130402100205,2003,0.0,0.0,0.0
130402100205,2004,0.0,0.0,0.0
130402100205,2005,0.0,0.0,0.0
130402100205,2006,0.0,0.0,0.0
130402100205,2007,0.0,0.0,0.0
130402100205,2008,0.0,0.0,0.0
130402100205,2009,0.0,0.0,0.0
130402100205,2010,0.0,0.0,0.0
130402100205,2011,0.0,0.0,0.0
130402100205,2012,0.0,0.0,0.0
130402100205,2013,0.0,0.0,0.0
130402100205,2014,0.0,0.0,0.0
130402100205,2015,0.0,0.0,0.0
130402100205,2016,0.0,0.0,0.0
130402100205,2017,0.0,0.0,0.0
130402100205,2018,0.0,0.0,0.0
130402100205,2019,0.0,0.0,0.0
130402100205,2020,0.0,0.0,0.0
130402100206,2000,0.0,0.0,0.0
130402100206,2001,0.0,0.0,0.0
130402100206,2002,0.0,0.0,0.0
130402100206,2003,0.0,0.0,0.0
130402100206,2004,0.0,0.0,0.0
130402100206,2005,0.0,0.0,0.0
130402100206,2006,0.0,0.0,0.0
130402100206,2007,0.0,0.0,0.0
130402100206,2008,0.0,0.0,0.0
130402100206,2009,0.0,0.0,0.0
130402100206,2010,0.0,0.0,0.0
130402100206,2011,0.0,0.0,0.0
130402100206,2012,0.0,0.0,0.0
130402100206,2013,0.0,0.0,0.0
130402100206,2014,0.0,0.0,0.0
130402100206,2015,0.0,0.0,0.0
130402100206,2016,0.0,0.0,0.0
130402100206,2017,0.0,0.0,0.0
130402100206,2018,0.0,0.0,0.0
130402100206,2019,0.0,0.0,0.0
130402100206,2020,0.0,0.0,0.0
130402100207,2000,0.0,0.0,0.0
130402100207,2001,0.0,0.0,0.0
130402100207,2002,0.0,0.0,0.0
130402100207,2003,0.0,0.0,0.0
130402100207,2004,0.0,0.0,0.0
130402100207,2005,0.0,0.0,0.0
130402100207,2006,0.0,0.0,0.0
130402100207,2007,0.0,0.0,0.0
130402100207,2008,0.0,0.0,0.0
130402100207,2009,0.0,0.0,0.0
130402100207,2010,0.0,0.0,0.0
130402100207,2011,0.0,0.0,0.0
130402100207,2012,0.0,0.0,0.0
130402100207,2013,0.0,0.0,0.0
130402100207,2014,0.0,0.0,0.0
130402100207,2015,0.0,0.0,0.0
130402100207,2016,0.0,0.0,0.0
130402100207,2017,0.0,0.0,0.0
130402100207,2018,0.0,0.0,0.0
130402100207,2019,0.0,0.0,0.0
130402100207,2020,0.0,0.0,0.0
130402100301,2000,0.0,0.0,0.0
130402100301,2001,0.0,0.0,0.0
130402100301,2002,0.0,0.0,0.0
130402100301,2003,0.0,0.0,0.0
130402100301,2004,0.0,0.0,0.0
130402100301,2005,0.0,0.0,0.0
130402100301,2006,0.0,0.0,0.0
130402100301,2007,0.0,0.0,0.0
130402100301,2008,0.0,0.0,0.0
130402100301,2009,0.0,0.0,0.0
130402100301,2010,0.0,0.0,0.0
130402100301,2011,0.0,0.0,0.0
130402100301,2012,0.0,0.0,0.0
130402100301,2013,0.0,0.0,0.0
130402100301,2014,0.0,0.0,0.0
130402100301,2015,0.0,0.0,0.0
130402100301,2016,0.0,0.0,0.0
130402100301,2017,0.0,0.0,0.0
130402100301,2018,0.0,0.0,0.0
130402100301,2019,0.0,0.0,0.0
130402100301,2020,0.0,0.0,0.0
130402100302,2000,0.0,0.0,0.0
130402100302,2001,0.0,0.0,0.0
130402100302,2002,0.0,0.0,0.0
130402100302,2003,0.0,0.0,0.0
130402100302,2004,0.0,0.0,0.0
130402100302,2005,0.0,0.0,0.0
130402100302,2006,0.0,0.0,0.0
130402100302,2007,0.0,0.0,0.0
130402100302,2008,0.0,0.0,0.0
130402100302,2009,0.0,0.0,0.0
130402100302,2010,0.0,0.0,0.0
130402100302,2011,0.0,0.0,0.0
130402100302,2012,0.0,0.0,0.0
130402100302,2013,0.0,0.0,0.0
130402100302,2014,0.0,0.0,0.0
130402100302,2015,0.0,0.0,0.0
130402100302,2016,0.0,0.0,0.0
130402100302,2017,0.0,0.0,0.0
130402100302,2018,0.0,0.0,0.0
130402100302,2019,0.0,0.0,0.0
130402100302,2020,0.0,0.0,0.0
130402100303,2000,0.0,0.0,0.0
130402100303,2001,0.0,0.0,0.0
130402100303,2002,0.0,0.0,0.0
130402100303,2003,0.0,0.0,0.0
130402100303,2004,0.0,0.0,0.0
130402100303,2005,0.0,0.0,0.0
130402100303,2006,0.0,0.0,0.0
130402100303,2007,0.0,0.0,0.0
130402100303,2008,0.0,0.0,0.0
130402100303,2009,0.0,0.0,0.0
130402100303,2010,0.0,0.0,0.0
130402100303,2011,0.0,0.0,0.0
130402100303,2012,0.0,0.0,0.0
130402100303,2013,0.0,0.0,0.0
130402100303,2014,0.0,0.0,0.0
130402100303,2015,0.0,0.0,0.0
130402100303,2016,0.0,0.0,0.0
130402100303,2017,0.0,0.0,0.0
130402100303,2018,0.0,0.0,0.0
130402100303,2019,0.0,0.0,0.0
130402100303,2020,0.0,0.0,0.0
130402100304,2000,0.0,0.0,0.0
130402100304,2001,0.0,0.0,0.0
130402100304,2002,0.0,0.0,0.0
130402100304,2003,0.0,0.0,0.0
130402100304,2004,0.0,0.0,0.0
130402100304,2005,0.0,0.0,0.0
130402100304,2006,0.0,0.0,0.0
130402100304,2007,0.0,0.0,0.0
130402100304,2008,0.0,0.0,0.0
130402100304,2009,0.0,0.0,0.0
130402100304,2010,0.0,0.0,0.0
130402100304,2011,0.0,0.0,0.0
130402100304,2012,0.0,0.0,0.0
130402100304,2013,0.0,0.0,0.0
130402100304,2014,0.0,0.0,0.0
130402100304,2015,0.0,0.0,0.0
130402100304,2016,0.0,0.0,0.0
130402100304,2017,0.0,0.0,0.0
130402100304,2018,0.0,0.0,0.0
130402100304,2019,0.0,0.0,0.0
130402100304,2020,0.0,0.0,0.0
130402100305,2000,0.0,0.0,0.0
130402100305,2001,0.0,0.0,0.0
130402100305,2002,0.0,0.0,0.0
130402100305,2003,0.0,0.0,0.0
130402100305,2004,0.0,0.0,0.0
130402100305,2005,0.0,0.0,0.0
130402100305,2006,0.0,0.0,0.0
130402100305,2007,0.0,0.0,0.0
130402100305,2008,0.0,0.0,0.0
130402100305,2009,0.0,0.0,0.0
130402100305,2010,0.0,0.0,0.0
130402100305,2011,0.0,0.0,0.0
130402100305,2012,0.0,0.0,0.0
130402100305,2013,0.0,0.0,0.0
130402100305,2014,0.0,0.0,0.0
130402100305,2015,0.0,0.0,0.0
130402100305,2016,0.0,0.0,0.0
130402100305,2017,0.0,0.0,0.0
130402100305,2018,0.0,0.0,0.0
130402100305,2019,0.0,0.0,0.0
130402100305,2020,0.0,0.0,0.0
130402100401,2000,0.0,0.0,0.0
130402100401,2001,0.0,0.0,0.0
130402100401,2002,0.0,0.0,0.0
130402100401,2003,0.0,0.0,0.0
130402100401,2004,0.0,0.0,0.0
130402100401,2005,0.0,0.0,0.0
130402100401,2006,0.0,0.0,0.0
130402100401,2007,0.0,0.0,0.0
130402100401,2008,0.0,0.0,0.0
130402100401,2009,0.0,0.0,0.0
130402100401,2010,0.0,0.0,0.0
130402100401,2011,0.0,0.0,0.0
130402100401,2012,0.0,0.0,0.0
130402100401,2013,0.0,0.0,0.0
130402100401,2014,0.0,0.0,0.0
130402100401,2015,0.0,0.0,0.0
130402100401,2016,0.0,0.0,0.0
130402100401,2017,0.0,0.0,0.0
130402100401,2018,0.0,0.0,0.0
130402100401,2019,0.0,0.0,0.0
130402100401,2020,0.0,0.0,0.0
130402100402,2000,0.0,0.0,0.0
130402100402,2001,0.0,0.0,0.0
130402100402,2002,0.0,0.0,0.0
130402100402,2003,0.0,0.0,0.0
130402100402,2004,0.0,0.0,0.0
130402100402,2005,0.0,0.0,0.0
130402100402,2006,0.0,0.0,0.0
130402100402,2007,0.0,0.0,0.0
130402100402,2008,0.0,0.0,0.0
130402100402,2009,0.0,0.0,0.0
130402100402,2010,0.0,0.0,0.0
130402100402,2011,0.0,0.0,0.0
130402100402,2012,0.0,0.0,0.0
130402100402,2013,0.0,0.0,0.0
130402100402,2014,0.0,0.0,0.0
130402100402,2015,0.0,0.0,0.0
130402100402,2016,0.0,0.0,0.0
130402100402,2017,0.0,0.0,0.0
130402100402,2018,0.0,0.0,0.0
130402100402,2019,0.0,0.0,0.0
130402100402,2020,0.0,0.0,0.0
130402100403,2000,0.0,0.0,0.0
130402100403,2001,0.0,0.0,0.0
130402100403,2002,0.0,0.0,0.0
130402100403,2003,0.0,0.0,0.0
130402100403,2004,0.0,0.0,0.0
130402100403,2005,0.0,0.0,0.0
130402100403,2006,0.0,0.0,0.0
130402100403,2007,0.0,0.0,0.0
130402100403,2008,0.0,0.0,0.0
130402100403,2009,0.0,0.0,0.0
130402100403,2010,0.0,0.0,0.0
130402100403,2011,0.0,0.0,0.0
130402100403,2012,0.0,0.0,0.0
130402100403,2013,0.0,0.0,0.0
130402100403,2014,0.0,0.0,0.0
130402100403,2015,0.0,0.0,0.0
130402100403,2016,0.0,0.0,0.0
130402100403,2017,0.0,0.0,0.0
130402100403,2018,0.0,0.0,0.0
130402100403,2019,0.0,0.0,0.0
130402100403,2020,0.0,0.0,0.0
130402100404,2000,0.0,0.0,0.0
130402100404,2001,0.0,0.0,0.0
130402100404,2002,0.0,0.0,0.0
130402100404,2003,0.0,0.0,0.0
130402100404,2004,0.0,0.0,0.0
130402100404,2005,0.0,0.0,0.0
130402100404,2006,0.0,0.0,0.0
130402100404,2007,0.0,0.0,0.0
130402100404,2008,0.0,0.0,0.0
130402100404,2009,0.0,0.0,0.0
130402100404,2010,0.0,0.0,0.0
130402100404,2011,0.0,0.0,0.0
130402100404,2012,0.0,0.0,0.0
130402100404,2013,0.0,0.0,0.0
130402100404,2014,0.0,0.0,0.0
130402100404,2015,0.0,0.0,0.0
130402100404,2016,0.0,0.0,0.0
130402100404,2017,0.0,0.0,0.0
130402100404,2018,0.0,0.0,0.0
130402100404,2019,0.0,0.0,0.0
130402100404,2020,0.0,0.0,0.0
130402110101,2000,0.0,0.0,0.0
130402110101,2001,0.0,0.0,0.0
130402110101,2002,0.0,0.0,0.0
130402110101,2003,0.0,0.0,0.0
130402110101,2004,0.0,0.0,0.0
130402110101,2005,0.0,0.0,0.0
130402110101,2006,0.0,0.0,0.0
130402110101,2007,0.0,0.0,0.0
130402110101,2008,0.0,0.0,0.0
130402110101,2009,0.0,0.0,0.0
130402110101,2010,0.0,0.0,0.0
130402110101,2011,0.0,0.0,0.0
130402110101,2012,0.0,0.0,0.0
130402110101,2013,0.0,0.0,0.0
130402110101,2014,0.0,0.0,0.0
130402110101,2015,0.0,0.0,0.0
130402110101,2016,0.0,0.0,0.0
130402110101,2017,0.0,0.0,0.0
130402110101,2018,0.0,0.0,0.0
130402110101,2019,0.0,0.0,0.0
130402110101,2020,0.0,0.0,0.0
130402110102,2000,0.0,0.0,0.0
130402110102,2001,0.0,0.0,0.0
130402110102,2002,0.0,0.0,0.0
130402110102,2003,0.0,0.0,0.0
130402110102,2004,0.0,0.0,0.0
130402110102,2005,0.0,0.0,0.0
130402110102,2006,0.0,0.0,0.0
130402110102,2007,0.0,0.0,0.0
130402110102,2008,0.0,0.0,0.0
130402110102,2009,0.0,0.0,0.0
130402110102,2010,0.0,0.0,0.0
130402110102,2011,0.0,0.0,0.0
130402110102,2012,0.0,0.0,0.0
130402110102,2013,0.0,0.0,0.0
130402110102,2014,0.0,0.0,0.0
130402110102,2015,0.0,0.0,0.0
130402110102,2016,0.0,0.0,0.0
130402110102,2017,0.0,0.0,0.0
130402110102,2018,0.0,0.0,0.0
130402110102,2019,0.0,0.0,0.0
130402110102,2020,0.0,0.0,0.0
130402110103,2000,0.0,0.0,0.0
130402110103,2001,0.0,0.0,0.0
130402110103,2002,0.0,0.0,0.0
130402110103,2003,0.0,0.0,0.0
130402110103,2004,0.0,0.0,0.0
130402110103,2005,0.0,0.0,0.0
130402110103,2006,0.0,0.0,0.0
130402110103,2007,0.0,0.0,0.0
130402110103,2008,0.0,0.0,0.0
130402110103,2009,0.0,0.0,0.0
130402110103,2010,0.0,0.0,0.0
130402110103,2011,0.0,0.0,0.0
130402110103,2012,0.0,0.0,0.0
130402110103,2013,0.0,0.0,0.0
130402110103,2014,0.0,0.0,0.0
130402110103,2015,0.0,0.0,0.0
130402110103,2016,0.0,0.0,0.0
130402110103,2017,0.0,0.0,0.0
130402110103,2018,0.0,0.0,0.0
130402110103,2019,0.0,0.0,0.0
130402110103,2020,0.0,0.0,0.0
130402110104,2000,0.0,0.0,0.0
130402110104,2001,0.0,0.0,0.0
130402110104,2002,0.0,0.0,0.0
130402110104,2003,0.0,0.0,0.0
130402110104,2004,0.0,0.0,0.0
130402110104,2005,0.0,0.0,0.0
130402110104,2006,0.0,0.0,0.0
130402110104,2007,0.0,0.0,0.0
130402110104,2008,0.0,0.0,0.0
130402110104,2009,0.0,0.0,0.0
130402110104,2010,0.0,0.0,0.0
130402110104,2011,0.0,0.0,0.0
130402110104,2012,0.0,0.0,0.0
130402110104,2013,0.0,0.0,0.0
130402110104,2014,0.0,0.0,0.0
130402110104,2015,0.0,0.0,0.0
130402110104,2016,0.0,0.0,0.0
130402110104,2017,0.0,0.0,0.0
130402110104,2018,0.0,0.0,0.0
130402110104,2019,0.0,0.0,0.0
130402110104,2020,0.0,0.0,0.0
130402110105,2000,0.0,0.0,0.0
130402110105,2001,0.0,0.0,0.0
130402110105,2002,0.0,0.0,0.0
130402110105,2003,0.0,0.0,0.0
130402110105,2004,0.0,0.0,0.0
130402110105,2005,0.0,0.0,0.0
130402110105,2006,0.0,0.0,0.0
130402110105,2007,0.0,0.0,0.0
130402110105,2008,0.0,0.0,0.0
130402110105,2009,0.0,0.0,0.0
130402110105,2010,0.0,0.0,0.0
130402110105,2011,0.0,0.0,0.0
130402110105,2012,0.0,0.0,0.0
130402110105,2013,0.0,0.0,0.0
130402110105,2014,0.0,0.0,0.0
130402110105,2015,0.0,0.0,0.0
130402110105,2016,0.0,0.0,0.0
130402110105,2017,0.0,0.0,0.0
130402110105,2018,0.0,0.0,0.0
130402110105,2019,0.0,0.0,0.0
130402110105,2020,0.0,0.0,0.0
130402110106,2000,0.0,0.0,0.0
130402110106,2001,0.0,0.0,0.0
130402110106,2002,0.0,0.0,0.0
130402110106,2003,0.0,0.0,0.0
130402110106,2004,0.0,0.0,0.0
130402110106,2005,0.0,0.0,0.0
130402110106,2006,0.0,0.0,0.0
130402110106,2007,0.0,0.0,0.0
130402110106,2008,0.0,0.0,0.0
130402110106,2009,0.0,0.0,0.0
130402110106,2010,0.0,0.0,0.0
130402110106,2011,0.0,0.0,0.0
130402110106,2012,0.0,0.0,0.0
130402110106,2013,0.0,0.0,0.0
130402110106,2014,0.0,0.0,0.0
130402110106,2015,0.0,0.0,0.0
130402110106,2016,0.0,0.0,0.0
130402110106,2017,0.0,0.0,0.0
130402110106,2018,0.0,0.0,0.0
130402110106,2019,0.0,0.0,0.0
130402110106,2020,0.0,0.0,0.0
130402110107,2000,0.0,0.0,0.0
130402110107,2001,0.0,0.0,0.0
130402110107,2002,0.0,0.0,0.0
130402110107,2003,0.0,0.0,0.0
130402110107,2004,0.0,0.0,0.0
130402110107,2005,0.0,0.0,0.0
130402110107,2006,0.0,0.0,0.0
130402110107,2007,0.0,0.0,0.0
130402110107,2008,0.0,0.0,0.0
130402110107,2009,0.0,0.0,0.0
130402110107,2010,0.0,0.0,0.0
130402110107,2011,0.0,0.0,0.0
130402110107,2012,0.0,0.0,0.0
130402110107,2013,0.0,0.0,0.0
130402110107,2014,0.0,0.0,0.0
130402110107,2015,0.0,0.0,0.0
130402110107,2016,0.0,0.0,0.0
130402110107,2017,0.0,0.0,0.0
130402110107,2018,0.0,0.0,0.0
130402110107,2019,0.0,0.0,0.0
130402110107,2020,0.0,0.0,0.0
130402110108,2000,0.0,0.0,0.0
130402110108,2001,0.0,0.0,0.0
130402110108,2002,0.0,0.0,0.0
130402110108,2003,0.0,0.0,0.0
130402110108,2004,0.0,0.0,0.0
130402110108,2005,0.0,0.0,0.0
130402110108,2006,0.0,0.0,0.0
130402110108,2007,0.0,0.0,0.0
130402110108,2008,0.0,0.0,0.0
130402110108,2009,0.0,0.0,0.0
130402110108,2010,0.0,0.0,0.0
130402110108,2011,0.0,0.0,0.0
130402110108,2012,0.0,0.0,0.0
130402110108,2013,0.0,0.0,0.0
130402110108,2014,0.0,0.0,0.0
130402110108,2015,0.0,0.0,0.0
130402110108,2016,0.0,0.0,0.0
130402110108,2017,0.0,0.0,0.0
130402110108,2018,0.0,0.0,0.0
130402110108,2019,0.0,0.0,0.0
130402110108,2020,0.0,0.0,0.0
130402110109,2000,0.0,0.0,0.0
130402110109,2001,0.0,0.0,0.0
130402110109,2002,0.0,0.0,0.0
130402110109,2003,0.0,0.0,0.0
130402110109,2004,0.0,0.0,0.0
130402110109,2005,0.0,0.0,0.0
130402110109,2006,0.0,0.0,0.0
130402110109,2007,0.0,0.0,0.0
130402110109,2008,0.0,0.0,0.0
130402110109,2009,0.0,0.0,0.0
130402110109,2010,0.0,0.0,0.0
130402110109,2011,0.0,0.0,0.0
130402110109,2012,0.0,0.0,0.0
130402110109,2013,0.0,0.0,0.0
130402110109,2014,0.0,0.0,0.0
130402110109,2015,0.0,0.0,0.0
130402110109,2016,0.0,0.0,0.0
130402110109,2017,0.0,0.0,0.0
130402110109,2018,0.0,0.0,0.0
130402110109,2019,0.0,0.0,0.0
130402110109,2020,0.0,0.0,0.0
130402110201,2000,0.0,0.0,0.0
130402110201,2001,0.0,0.0,0.0
130402110201,2002,0.0,0.0,0.0
130402110201,2003,0.0,0.0,0.0
130402110201,2004,0.0,0.0,0.0
130402110201,2005,0.0,0.0,0.0
130402110201,2006,0.0,0.0,0.0
130402110201,2007,0.0,0.0,0.0
130402110201,2008,0.0,0.0,0.0
130402110201,2009,0.0,0.0,0.0
130402110201,2010,0.0,0.0,0.0
130402110201,2011,0.0,0.0,0.0
130402110201,2012,0.0,0.0,0.0
130402110201,2013,0.0,0.0,0.0
130402110201,2014,0.0,0.0,0.0
130402110201,2015,0.0,0.0,0.0
130402110201,2016,0.0,0.0,0.0
130402110201,2017,0.0,0.0,0.0
130402110201,2018,0.0,0.0,0.0
130402110201,2019,0.0,0.0,0.0
130402110201,2020,0.0,0.0,0.0
130402110202,2000,0.0,0.0,0.0
130402110202,2001,0.0,0.0,0.0
130402110202,2002,0.0,0.0,0.0
130402110202,2003,0.0,0.0,0.0
130402110202,2004,0.0,0.0,0.0
130402110202,2005,0.0,0.0,0.0
130402110202,2006,0.0,0.0,0.0
130402110202,2007,0.0,0.0,0.0
130402110202,2008,0.0,0.0,0.0
130402110202,2009,0.0,0.0,0.0
130402110202,2010,0.0,0.0,0.0
130402110202,2011,0.0,0.0,0.0
130402110202,2012,0.0,0.0,0.0
130402110202,2013,0.0,0.0,0.0
130402110202,2014,0.0,0.0,0.0
130402110202,2015,0.0,0.0,0.0
130402110202,2016,0.0,0.0,0.0
130402110202,2017,0.0,0.0,0.0
130402110202,2018,0.0,0.0,0.0
130402110202,2019,0.0,0.0,0.0
130402110202,2020,0.0,0.0,0.0
130402110203,2000,0.0,0.0,0.0
130402110203,2001,0.0,0.0,0.0
130402110203,2002,0.0,0.0,0.0
130402110203,2003,0.0,0.0,0.0
130402110203,2004,0.0,0.0,0.0
130402110203,2005,0.0,0.0,0.0
130402110203,2006,0.0,0.0,0.0
130402110203,2007,0.0,0.0,0.0
130402110203,2008,0.0,0.0,0.0
130402110203,2009,0.0,0.0,0.0
130402110203,2010,0.0,0.0,0.0
130402110203,2011,0.0,0.0,0.0
130402110203,2012,0.0,0.0,0.0
130402110203,2013,0.0,0.0,0.0
130402110203,2014,0.0,0.0,0.0
130402110203,2015,0.0,0.0,0.0
130402110203,2016,0.0,0.0,0.0
130402110203,2017,0.0,0.0,0.0
130402110203,2018,0.0,0.0,0.0
130402110203,2019,0.0,0.0,0.0
130402110203,2020,0.0,0.0,0.0
130402110204,2000,0.0,0.0,0.0
130402110204,2001,0.0,0.0,0.0
130402110204,2002,0.0,0.0,0.0
130402110204,2003,0.0,0.0,0.0
130402110204,2004,0.0,0.0,0.0
130402110204,2005,0.0,0.0,0.0
130402110204,2006,0.0,0.0,0.0
130402110204,2007,0.0,0.0,0.0
130402110204,2008,0.0,0.0,0.0
130402110204,2009,0.0,0.0,0.0
130402110204,2010,0.0,0.0,0.0
130402110204,2011,0.0,0.0,0.0
130402110204,2012,0.0,0.0,0.0
130402110204,2013,0.0,0.0,0.0
130402110204,2014,0.0,0.0,0.0
130402110204,2015,0.0,0.0,0.0
130402110204,2016,0.0,0.0,0.0
130402110204,2017,0.0,0.0,0.0
130402110204,2018,0.0,0.0,0.0
130402110204,2019,0.0,0.0,0.0
130402110204,2020,0.0,0.0,0.0
130402110205,2000,0.0,0.0,0.0
130402110205,2001,0.0,0.0,0.0
130402110205,2002,0.0,0.0,0.0
130402110205,2003,0.0,0.0,0.0
130402110205,2004,0.0,0.0,0.0
130402110205,2005,0.0,0.0,0.0
130402110205,2006,0.0,0.0,0.0
130402110205,2007,0.0,0.0,0.0
130402110205,2008,0.0,0.0,0.0
130402110205,2009,0.0,0.0,0.0
130402110205,2010,0.0,0.0,0.0
130402110205,2011,0.0,0.0,0.0
130402110205,2012,0.0,0.0,0.0
130402110205,2013,0.0,0.0,0.0
130402110205,2014,0.0,0.0,0.0
130402110205,2015,0.0,0.0,0.0
130402110205,2016,0.0,0.0,0.0
130402110205,2017,0.0,0.0,0.0
130402110205,2018,0.0,0.0,0.0
130402110205,2019,0.0,0.0,0.0
130402110205,2020,0.0,0.0,0.0
130402110206,2000,0.0,0.0,0.0
130402110206,2001,0.0,0.0,0.0
130402110206,2002,0.0,0.0,0.0
130402110206,2003,0.0,0.0,0.0
130402110206,2004,0.0,0.0,0.0
130402110206,2005,0.0,0.0,0.0
130402110206,2006,0.0,0.0,0.0
130402110206,2007,0.0,0.0,0.0
130402110206,2008,0.0,0.0,0.0
130402110206,2009,0.0,0.0,0.0
130402110206,2010,0.0,0.0,0.0
130402110206,2011,0.0,0.0,0.0
130402110206,2012,0.0,0.0,0.0
130402110206,2013,0.0,0.0,0.0
130402110206,2014,0.0,0.0,0.0
130402110206,2015,0.0,0.0,0.0
130402110206,2016,0.0,0.0,0.0
130402110206,2017,0.0,0.0,0.0
130402110206,2018,0.0,0.0,0.0
130402110206,2019,0.0,0.0,0.0
130402110206,2020,0.0,0.0,0.0
130402110207,2000,0.0,0.0,0.0
130402110207,2001,0.0,0.0,0.0
130402110207,2002,0.0,0.0,0.0
130402110207,2003,0.0,0.0,0.0
130402110207,2004,0.0,0.0,0.0
130402110207,2005,0.0,0.0,0.0
130402110207,2006,0.0,0.0,0.0
130402110207,2007,0.0,0.0,0.0
130402110207,2008,0.0,0.0,0.0
130402110207,2009,0.0,0.0,0.0
130402110207,2010,0.0,0.0,0.0
130402110207,2011,0.0,0.0,0.0
130402110207,2012,0.0,0.0,0.0
130402110207,2013,0.0,0.0,0.0
130402110207,2014,0.0,0.0,0.0
130402110207,2015,0.0,0.0,0.0
130402110207,2016,0.0,0.0,0.0
130402110207,2017,0.0,0.0,0.0
130402110207,2018,0.0,0.0,0.0
130402110207,2019,0.0,0.0,0.0
130402110207,2020,0.0,0.0,0.0
130402110301,2000,0.0,0.0,0.0
130402110301,2001,0.0,0.0,0.0
130402110301,2002,0.0,0.0,0.0
130402110301,2003,0.0,0.0,0.0
130402110301,2004,0.0,0.0,0.0
130402110301,2005,0.0,0.0,0.0
130402110301,2006,0.0,0.0,0.0
130402110301,2007,0.0,0.0,0.0
130402110301,2008,0.0,0.0,0.0
130402110301,2009,0.0,0.0,0.0
130402110301,2010,0.0,0.0,0.0
130402110301,2011,0.0,0.0,0.0
130402110301,2012,0.0,0.0,0.0
130402110301,2013,0.0,0.0,0.0
130402110301,2014,0.0,0.0,0.0
130402110301,2015,0.0,0.0,0.0
130402110301,2016,0.0,0.0,0.0
130402110301,2017,0.0,0.0,0.0
130402110301,2018,0.0,0.0,0.0
130402110301,2019,0.0,0.0,0.0
130402110301,2020,0.0,0.0,0.0
130402110302,2000,0.0,0.0,0.0
130402110302,2001,0.0,0.0,0.0
130402110302,2002,0.0,0.0,0.0
130402110302,2003,0.0,0.0,0.0
130402110302,2004,0.0,0.0,0.0
130402110302,2005,0.0,0.0,0.0
130402110302,2006,0.0,0.0,0.0
130402110302,2007,0.0,0.0,0.0
130402110302,2008,0.0,0.0,0.0
130402110302,2009,0.0,0.0,0.0
130402110302,2010,0.0,0.0,0.0
130402110302,2011,0.0,0.0,0.0
130402110302,2012,0.0,0.0,0.0
130402110302,2013,0.0,0.0,0.0
130402110302,2014,0.0,0.0,0.0
130402110302,2015,0.0,0.0,0.0
130402110302,2016,0.0,0.0,0.0
130402110302,2017,0.0,0.0,0.0
130402110302,2018,0.0,0.0,0.0
130402110302,2019,0.0,0.0,0.0
130402110302,2020,0.0,0.0,0.0
130402110303,2000,0.0,0.0,0.0
130402110303,2001,0.0,0.0,0.0
130402110303,2002,0.0,0.0,0.0
130402110303,2003,0.0,0.0,0.0
130402110303,2004,0.0,0.0,0.0
130402110303,2005,0.0,0.0,0.0
130402110303,2006,0.0,0.0,0.0
130402110303,2007,0.0,0.0,0.0
130402110303,2008,0.0,0.0,0.0
130402110303,2009,0.0,0.0,0.0
130402110303,2010,0.0,0.0,0.0
130402110303,2011,0.0,0.0,0.0
130402110303,2012,0.0,0.0,0.0
130402110303,2013,0.0,0.0,0.0
130402110303,2014,0.0,0.0,0.0
130402110303,2015,0.0,0.0,0.0
130402110303,2016,0.0,0.0,0.0
130402110303,2017,0.0,0.0,0.0
130402110303,2018,0.0,0.0,0.0
130402110303,2019,0.0,0.0,0.0
130402110303,2020,0.0,0.0,0.0
130402110304,2000,0.0,0.0,0.0
130402110304,2001,0.0,0.0,0.0
130402110304,2002,0.0,0.0,0.0
130402110304,2003,0.0,0.0,0.0
130402110304,2004,0.0,0.0,0.0
130402110304,2005,0.0,0.0,0.0
130402110304,2006,0.0,0.0,0.0
130402110304,2007,0.0,0.0,0.0
130402110304,2008,0.0,0.0,0.0
130402110304,2009,0.0,0.0,0.0
130402110304,2010,0.0,0.0,0.0
130402110304,2011,0.0,0.0,0.0
130402110304,2012,0.0,0.0,0.0
130402110304,2013,0.0,0.0,0.0
130402110304,2014,0.0,0.0,0.0
130402110304,2015,0.0,0.0,0.0
130402110304,2016,0.0,0.0,0.0
130402110304,2017,0.0,0.0,0.0
130402110304,2018,0.0,0.0,0.0
130402110304,2019,0.0,0.0,0.0
130402110304,2020,0.0,0.0,0.0
130402120305,2000,0.0,0.0,0.0
130402120305,2001,0.0,0.0,0.0
130402120305,2002,0.0,0.0,0.0
130402120305,2003,0.0,0.0,0.0
130402120305,2004,0.0,0.0,0.0
130402120305,2005,0.0,0.0,0.0
130402120305,2006,0.0,0.0,0.0
130402120305,2007,0.0,0.0,0.0
130402120305,2008,0.0,0.0,0.0
130402120305,2009,0.0,0.0,0.0
130402120305,2010,0.0,0.0,0.0
130402120305,2011,0.0,0.0,0.0
130402120305,2012,0.0,0.0,0.0
130402120305,2013,0.0,0.0,0.0
130402120305,2014,0.0,0.0,0.0
130402120305,2015,0.0,0.0,0.0
130402120305,2016,0.0,0.0,0.0
130402120305,2017,0.0,0.0,0.0
130402120305,2018,0.0,0.0,0.0
130402120305,2019,0.0,0.0,0.0
130402120305,2020,0.0,0.0,0.0
130402120306,2000,0.0,0.0,0.0
130402120306,2001,0.0,0.0,0.0
130402120306,2002,0.0,0.0,0.0
130402120306,2003,0.0,0.0,0.0
130402120306,2004,0.0,0.0,0.0
130402120306,2005,0.0,0.0,0.0
130402120306,2006,0.0,0.0,0.0
130402120306,2007,0.0,0.0,0.0
130402120306,2008,0.0,0.0,0.0
130402120306,2009,0.0,0.0,0.0
130402120306,2010,0.0,0.0,0.0
130402120306,2011,0.0,0.0,0.0
130402120306,2012,0.0,0.0,0.0
130402120306,2013,0.0,0.0,0.0
130402120306,2014,0.0,0.0,0.0
130402120306,2015,0.0,0.0,0.0
130402120306,2016,0.0,0.0,0.0
130402120306,2017,0.0,0.0,0.0
130402120306,2018,0.0,0.0,0.0
130402120306,2019,0.0,0.0,0.0
130402120306,2020,0.0,0.0,0.0
130402120307,2000,0.0,0.0,0.0
130402120307,2001,0.0,0.0,0.0
130402120307,2002,0.0,0.0,0.0
130402120307,2003,0.0,0.0,0.0
130402120307,2004,0.0,0.0,0.0
130402120307,2005,0.0,0.0,0.0
130402120307,2006,0.0,0.0,0.0
130402120307,2007,0.0,0.0,0.0
130402120307,2008,0.0,0.0,0.0
130402120307,2009,0.0,0.0,0.0
130402120307,2010,0.0,0.0,0.0
130402120307,2011,0.0,0.0,0.0
130402120307,2012,0.0,0.0,0.0
130402120307,2013,0.0,0.0,0.0
130402120307,2014,0.0,0.0,0.0
130402120307,2015,0.0,0.0,0.0
130402120307,2016,0.0,0.0,0.0
130402120307,2017,0.0,0.0,0.0
130402120307,2018,0.0,0.0,0.0
130402120307,2019,0.0,0.0,0.0
130402120307,2020,0.0,0.0,0.0
130402120308,2000,0.0,0.0,0.0
130402120308,2001,0.0,0.0,0.0
130402120308,2002,0.0,0.0,0.0
130402120308,2003,0.0,0.0,0.0
130402120308,2004,0.0,0.0,0.0
130402120308,2005,0.0,0.0,0.0
130402120308,2006,0.0,0.0,0.0
130402120308,2007,0.0,0.0,0.0
130402120308,2008,0.0,0.0,0.0
130402120308,2009,0.0,0.0,0.0
130402120308,2010,0.0,0.0,0.0
130402120308,2011,0.0,0.0,0.0
130402120308,2012,0.0,0.0,0.0
130402120308,2013,0.0,0.0,0.0
130402120308,2014,0.0,0.0,0.0
130402120308,2015,0.0,0.0,0.0
130402120308,2016,0.0,0.0,0.0
130402120308,2017,0.0,0.0,0.0
130402120308,2018,0.0,0.0,0.0
130402120308,2019,0.0,0.0,0.0
130402120308,2020,0.0,0.0,0.0
130402121403,2000,0.0,0.0,0.0
130402121403,2001,0.0,0.0,0.0
130402121403,2002,0.0,0.0,0.0
130402121403,2003,0.0,0.0,0.0
130402121403,2004,0.0,0.0,0.0
130402121403,2005,0.0,0.0,0.0
130402121403,2006,0.0,0.0,0.0
130402121403,2007,0.0,0.0,0.0
130402121403,2008,0.0,0.0,0.0
130402121403,2009,0.0,0.0,0.0
130402121403,2010,0.0,0.0,0.0
130402121403,2011,0.0,0.0,0.0
130402121403,2012,0.0,0.0,0.0
130402121403,2013,0.0,0.0,0.0
130402121403,2014,0.0,0.0,0.0
130402121403,2015,0.0,0.0,0.0
130402121403,2016,0.0,0.0,0.0
130402121403,2017,0.0,0.0,0.0
130402121403,2018,0.0,0.0,0.0
130402121403,2019,0.0,0.0,0.0
130402121403,2020,0.0,0.0,0.0
130403010101,2000,0.0,0.0,0.0
130403010101,2001,0.0,0.0,0.0
130403010101,2002,0.0,0.0,0.0
130403010101,2003,0.0,0.0,0.0
130403010101,2004,0.0,0.0,0.0
130403010101,2005,0.0,0.0,0.0
130403010101,2006,0.0,0.0,0.0
130403010101,2007,0.0,0.0,0.0
130403010101,2008,0.0,0.0,0.0
130403010101,2009,0.0,0.0,0.0
130403010101,2010,0.0,0.0,0.0
130403010101,2011,0.0,0.0,0.0
130403010101,2012,0.0,0.0,0.0
130403010101,2013,0.0,0.0,0.0
130403010101,2014,0.0,0.0,0.0
130403010101,2015,0.0,0.0,0.0
130403010101,2016,0.0,0.0,0.0
130403010101,2017,0.0,0.0,0.0
130403010101,2018,0.0,0.0,0.0
130403010101,2019,0.0,0.0,0.0
130403010101,2020,0.0,0.0,0.0
130403010102,2000,0.0,0.0,0.0
130403010102,2001,0.0,0.0,0.0
130403010102,2002,0.0,0.0,0.0
130403010102,2003,0.0,0.0,0.0
130403010102,2004,0.0,0.0,0.0
130403010102,2005,0.0,0.0,0.0
130403010102,2006,0.0,0.0,0.0
130403010102,2007,0.0,0.0,0.0
130403010102,2008,0.0,0.0,0.0
130403010102,2009,0.0,0.0,0.0
130403010102,2010,0.0,0.0,0.0
130403010102,2011,0.0,0.0,0.0
130403010102,2012,0.0,0.0,0.0
130403010102,2013,0.0,0.0,0.0
130403010102,2014,0.0,0.0,0.0
130403010102,2015,0.0,0.0,0.0
130403010102,2016,0.0,0.0,0.0
130403010102,2017,0.0,0.0,0.0
130403010102,2018,0.0,0.0,0.0
130403010102,2019,0.0,0.0,0.0
130403010102,2020,0.0,0.0,0.0
130403010103,2000,0.0,0.0,0.0
130403010103,2001,0.0,0.0,0.0
130403010103,2002,0.0,0.0,0.0
130403010103,2003,0.0,0.0,0.0
130403010103,2004,0.0,0.0,0.0
130403010103,2005,0.0,0.0,0.0
130403010103,2006,0.0,0.0,0.0
130403010103,2007,0.0,0.0,0.0
130403010103,2008,0.0,0.0,0.0
130403010103,2009,0.0,0.0,0.0
130403010103,2010,0.0,0.0,0.0
130403010103,2011,0.0,0.0,0.0
130403010103,2012,0.0,0.0,0.0
130403010103,2013,0.0,0.0,0.0
130403010103,2014,0.0,0.0,0.0
130403010103,2015,0.0,0.0,0.0
130403010103,2016,0.0,0.0,0.0
130403010103,2017,0.0,0.0,0.0
130403010103,2018,0.0,0.0,0.0
130403010103,2019,0.0,0.0,0.0
130403010103,2020,0.0,0.0,0.0
130403010104,2000,0.0,0.0,0.0
130403010104,2001,0.0,0.0,0.0
130403010104,2002,0.0,0.0,0.0
130403010104,2003,0.0,0.0,0.0
130403010104,2004,0.0,0.0,0.0
130403010104,2005,0.0,0.0,0.0
130403010104,2006,0.0,0.0,0.0
130403010104,2007,0.0,0.0,0.0
130403010104,2008,0.0,0.0,0.0
130403010104,2009,0.0,0.0,0.0
130403010104,2010,0.0,0.0,0.0
130403010104,2011,0.0,0.0,0.0
130403010104,2012,0.0,0.0,0.0
130403010104,2013,0.0,0.0,0.0
130403010104,2014,0.0,0.0,0.0
130403010104,2015,0.0,0.0,0.0
130403010104,2016,0.0,0.0,0.0
130403010104,2017,0.0,0.0,0.0
130403010104,2018,0.0,0.0,0.0
130403010104,2019,0.0,0.0,0.0
130403010104,2020,0.0,0.0,0.0
130403010105,2000,0.0,0.0,0.0
130403010105,2001,0.0,0.0,0.0
130403010105,2002,0.0,0.0,0.0
130403010105,2003,0.0,0.0,0.0
130403010105,2004,0.0,0.0,0.0
130403010105,2005,0.0,0.0,0.0
130403010105,2006,0.0,0.0,0.0
130403010105,2007,0.0,0.0,0.0
130403010105,2008,0.0,0.0,0.0
130403010105,2009,0.0,0.0,0.0
130403010105,2010,0.0,0.0,0.0
130403010105,2011,0.0,0.0,0.0
130403010105,2012,0.0,0.0,0.0
130403010105,2013,0.0,0.0,0.0
130403010105,2014,0.0,0.0,0.0
130403010105,2015,0.0,0.0,0.0
130403010105,2016,0.0,0.0,0.0
130403010105,2017,0.0,0.0,0.0
130403010105,2018,0.0,0.0,0.0
130403010105,2019,0.0,0.0,0.0
130403010105,2020,0.0,0.0,0.0
130403010106,2000,0.0,0.0,0.0
130403010106,2001,0.0,0.0,0.0
130403010106,2002,0.0,0.0,0.0
130403010106,2003,0.0,0.0,0.0
130403010106,2004,0.0,0.0,0.0
130403010106,2005,0.0,0.0,0.0
130403010106,2006,0.0,0.0,0.0
130403010106,2007,0.0,0.0,0.0
130403010106,2008,0.0,0.0,0.0
130403010106,2009,0.0,0.0,0.0
130403010106,2010,0.0,0.0,0.0
130403010106,2011,0.0,0.0,0.0
130403010106,2012,0.0,0.0,0.0
130403010106,2013,0.0,0.0,0.0
130403010106,2014,0.0,0.0,0.0
130403010106,2015,0.0,0.0,0.0
130403010106,2016,0.0,0.0,0.0
130403010106,2017,0.0,0.0,0.0
130403010106,2018,0.0,0.0,0.0
130403010106,2019,0.0,0.0,0.0
130403010106,2020,0.0,0.0,0.0
130403010107,2000,0.0,0.0,0.0
130403010107,2001,0.0,0.0,0.0
130403010107,2002,0.0,0.0,0.0
130403010107,2003,0.0,0.0,0.0
130403010107,2004,0.0,0.0,0.0
130403010107,2005,0.0,0.0,0.0
130403010107,2006,0.0,0.0,0.0
130403010107,2007,0.0,0.0,0.0
130403010107,2008,0.0,0.0,0.0
130403010107,2009,0.0,0.0,0.0
130403010107,2010,0.0,0.0,0.0
130403010107,2011,0.0,0.0,0.0
130403010107,2012,0.0,0.0,0.0
130403010107,2013,0.0,0.0,0.0
130403010107,2014,0.0,0.0,0.0
130403010107,2015,0.0,0.0,0.0
130403010107,2016,0.0,0.0,0.0
130403010107,2017,0.0,0.0,0.0
130403010107,2018,0.0,0.0,0.0
130403010107,2019,0.0,0.0,0.0
130403010107,2020,0.0,0.0,0.0
130403010201,2000,0.0,0.0,0.0
130403010201,2001,0.0,0.0,0.0
130403010201,2002,0.0,0.0,0.0
130403010201,2003,0.0,0.0,0.0
130403010201,2004,0.0,0.0,0.0
130403010201,2005,0.0,0.0,0.0
130403010201,2006,0.0,0.0,0.0
130403010201,2007,0.0,0.0,0.0
130403010201,2008,0.0,0.0,0.0
130403010201,2009,0.0,0.0,0.0
130403010201,2010,0.0,0.0,0.0
130403010201,2011,0.0,0.0,0.0
130403010201,2012,0.0,0.0,0.0
130403010201,2013,0.0,0.0,0.0
130403010201,2014,0.0,0.0,0.0
130403010201,2015,0.0,0.0,0.0
130403010201,2016,0.0,0.0,0.0
130403010201,2017,0.0,0.0,0.0
130403010201,2018,0.0,0.0,0.0
130403010201,2019,0.0,0.0,0.0
130403010201,2020,0.0,0.0,0.0
130403010202,2000,0.0,0.0,0.0
130403010202,2001,0.0,0.0,0.0
130403010202,2002,0.0,0.0,0.0
130403010202,2003,0.0,0.0,0.0
130403010202,2004,0.0,0.0,0.0
130403010202,2005,0.0,0.0,0.0
130403010202,2006,0.0,0.0,0.0
130403010202,2007,0.0,0.0,0.0
130403010202,2008,0.0,0.0,0.0
130403010202,2009,0.0,0.0,0.0
130403010202,2010,0.0,0.0,0.0
130403010202,2011,0.0,0.0,0.0
130403010202,2012,0.0,0.0,0.0
130403010202,2013,0.0,0.0,0.0
130403010202,2014,0.0,0.0,0.0
130403010202,2015,0.0,0.0,0.0
130403010202,2016,0.0,0.0,0.0
130403010202,2017,0.0,0.0,0.0
130403010202,2018,0.0,0.0,0.0
130403010202,2019,0.0,0.0,0.0
130403010202,2020,0.0,0.0,0.0
130403010203,2000,0.0,0.0,0.0
130403010203,2001,0.0,0.0,0.0
130403010203,2002,0.0,0.0,0.0
130403010203,2003,0.0,0.0,0.0
130403010203,2004,0.0,0.0,0.0
130403010203,2005,0.0,0.0,0.0
130403010203,2006,0.0,0.0,0.0
130403010203,2007,0.0,0.0,0.0
130403010203,2008,0.0,0.0,0.0
130403010203,2009,0.0,0.0,0.0
130403010203,2010,0.0,0.0,0.0
130403010203,2011,0.0,0.0,0.0
130403010203,2012,0.0,0.0,0.0
130403010203,2013,0.0,0.0,0.0
130403010203,2014,0.0,0.0,0.0
130403010203,2015,0.0,0.0,0.0
130403010203,2016,0.0,0.0,0.0
130403010203,2017,0.0,0.0,0.0
130403010203,2018,0.0,0.0,0.0
130403010203,2019,0.0,0.0,0.0
130403010203,2020,0.0,0.0,0.0
130403010204,2000,0.0,0.0,0.0
130403010204,2001,0.0,0.0,0.0
130403010204,2002,0.0,0.0,0.0
130403010204,2003,0.0,0.0,0.0
130403010204,2004,0.0,0.0,0.0
130403010204,2005,0.0,0.0,0.0
130403010204,2006,0.0,0.0,0.0
130403010204,2007,0.0,0.0,0.0
130403010204,2008,0.0,0.0,0.0
130403010204,2009,0.0,0.0,0.0
130403010204,2010,0.0,0.0,0.0
130403010204,2011,0.0,0.0,0.0
130403010204,2012,0.0,0.0,0.0
130403010204,2013,0.0,0.0,0.0
130403010204,2014,0.0,0.0,0.0
130403010204,2015,0.0,0.0,0.0
130403010204,2016,0.0,0.0,0.0
130403010204,2017,0.0,0.0,0.0
130403010204,2018,0.0,0.0,0.0
130403010204,2019,0.0,0.0,0.0
130403010204,2020,0.0,0.0,0.0
130403010205,2000,0.0,0.0,0.0
130403010205,2001,0.0,0.0,0.0
130403010205,2002,0.0,0.0,0.0
130403010205,2003,0.0,0.0,0.0
130403010205,2004,0.0,0.0,0.0
130403010205,2005,0.0,0.0,0.0
130403010205,2006,0.0,0.0,0.0
130403010205,2007,0.0,0.0,0.0
130403010205,2008,0.0,0.0,0.0
130403010205,2009,0.0,0.0,0.0
130403010205,2010,0.0,0.0,0.0
130403010205,2011,0.0,0.0,0.0
130403010205,2012,0.0,0.0,0.0
130403010205,2013,0.0,0.0,0.0
130403010205,2014,0.0,0.0,0.0
130403010205,2015,0.0,0.0,0.0
130403010205,2016,0.0,0.0,0.0
130403010205,2017,0.0,0.0,0.0
130403010205,2018,0.0,0.0,0.0
130403010205,2019,0.0,0.0,0.0
130403010205,2020,0.0,0.0,0.0
130403010206,2000,0.0,0.0,0.0
130403010206,2001,0.0,0.0,0.0
130403010206,2002,0.0,0.0,0.0
130403010206,2003,0.0,0.0,0.0
130403010206,2004,0.0,0.0,0.0
130403010206,2005,0.0,0.0,0.0
130403010206,2006,0.0,0.0,0.0
130403010206,2007,0.0,0.0,0.0
130403010206,2008,0.0,0.0,0.0
130403010206,2009,0.0,0.0,0.0
130403010206,2010,0.0,0.0,0.0
130403010206,2011,0.0,0.0,0.0
130403010206,2012,0.0,0.0,0.0
130403010206,2013,0.0,0.0,0.0
130403010206,2014,0.0,0.0,0.0
130403010206,2015,0.0,0.0,0.0
130403010206,2016,0.0,0.0,0.0
130403010206,2017,0.0,0.0,0.0
130403010206,2018,0.0,0.0,0.0
130403010206,2019,0.0,0.0,0.0
130403010206,2020,0.0,0.0,0.0
130403010207,2000,0.0,0.0,0.0
130403010207,2001,0.0,0.0,0.0
130403010207,2002,0.0,0.0,0.0
130403010207,2003,0.0,0.0,0.0
130403010207,2004,0.0,0.0,0.0
130403010207,2005,0.0,0.0,0.0
130403010207,2006,0.0,0.0,0.0
130403010207,2007,0.0,0.0,0.0
130403010207,2008,0.0,0.0,0.0
130403010207,2009,0.0,0.0,0.0
130403010207,2010,0.0,0.0,0.0
130403010207,2011,0.0,0.0,0.0
130403010207,2012,0.0,0.0,0.0
130403010207,2013,0.0,0.0,0.0
130403010207,2014,0.0,0.0,0.0
130403010207,2015,0.0,0.0,0.0
130403010207,2016,0.0,0.0,0.0
130403010207,2017,0.0,0.0,0.0
130403010207,2018,0.0,0.0,0.0
130403010207,2019,0.0,0.0,0.0
130403010207,2020,0.0,0.0,0.0
130403010208,2000,0.0,0.0,0.0
130403010208,2001,0.0,0.0,0.0
130403010208,2002,0.0,0.0,0.0
130403010208,2003,0.0,0.0,0.0
130403010208,2004,0.0,0.0,0.0
130403010208,2005,0.0,0.0,0.0
130403010208,2006,0.0,0.0,0.0
130403010208,2007,0.0,0.0,0.0
130403010208,2008,0.0,0.0,0.0
130403010208,2009,0.0,0.0,0.0
130403010208,2010,0.0,0.0,0.0
130403010208,2011,0.0,0.0,0.0
130403010208,2012,0.0,0.0,0.0
130403010208,2013,0.0,0.0,0.0
130403010208,2014,0.0,0.0,0.0
130403010208,2015,0.0,0.0,0.0
130403010208,2016,0.0,0.0,0.0
130403010208,2017,0.0,0.0,0.0
130403010208,2018,0.0,0.0,0.0
130403010208,2019,0.0,0.0,0.0
130403010208,2020,0.0,0.0,0.0
130403010209,2000,0.0,0.0,0.0
130403010209,2001,0.0,0.0,0.0
130403010209,2002,0.0,0.0,0.0
130403010209,2003,0.0,0.0,0.0
130403010209,2004,0.0,0.0,0.0
130403010209,2005,0.0,0.0,0.0
130403010209,2006,0.0,0.0,0.0
130403010209,2007,0.0,0.0,0.0
130403010209,2008,0.0,0.0,0.0
130403010209,2009,0.0,0.0,0.0
130403010209,2010,0.0,0.0,0.0
130403010209,2011,0.0,0.0,0.0
130403010209,2012,0.0,0.0,0.0
130403010209,2013,0.0,0.0,0.0
130403010209,2014,0.0,0.0,0.0
130403010209,2015,0.0,0.0,0.0
130403010209,2016,0.0,0.0,0.0
130403010209,2017,0.0,0.0,0.0
130403010209,2018,0.0,0.0,0.0
130403010209,2019,0.0,0.0,0.0
130403010209,2020,0.0,0.0,0.0
130403010301,2000,0.0,0.0,0.0
130403010301,2001,0.0,0.0,0.0
130403010301,2002,0.0,0.0,0.0
130403010301,2003,0.0,0.0,0.0
130403010301,2004,0.0,0.0,0.0
130403010301,2005,0.0,0.0,0.0
130403010301,2006,0.0,0.0,0.0
130403010301,2007,0.0,0.0,0.0
130403010301,2008,0.0,0.0,0.0
130403010301,2009,0.0,0.0,0.0
130403010301,2010,0.0,0.0,0.0
130403010301,2011,0.0,0.0,0.0
130403010301,2012,0.0,0.0,0.0
130403010301,2013,0.0,0.0,0.0
130403010301,2014,0.0,0.0,0.0
130403010301,2015,0.0,0.0,0.0
130403010301,2016,0.0,0.0,0.0
130403010301,2017,0.0,0.0,0.0
130403010301,2018,0.0,0.0,0.0
130403010301,2019,0.0,0.0,0.0
130403010301,2020,0.0,0.0,0.0
130403010302,2000,0.0,0.0,0.0
130403010302,2001,0.0,0.0,0.0
130403010302,2002,0.0,0.0,0.0
130403010302,2003,0.0,0.0,0.0
130403010302,2004,0.0,0.0,0.0
130403010302,2005,0.0,0.0,0.0
130403010302,2006,0.0,0.0,0.0
130403010302,2007,0.0,0.0,0.0
130403010302,2008,0.0,0.0,0.0
130403010302,2009,0.0,0.0,0.0
130403010302,2010,0.0,0.0,0.0
130403010302,2011,0.0,0.0,0.0
130403010302,2012,0.0,0.0,0.0
130403010302,2013,0.0,0.0,0.0
130403010302,2014,0.0,0.0,0.0
130403010302,2015,0.0,0.0,0.0
130403010302,2016,0.0,0.0,0.0
130403010302,2017,0.0,0.0,0.0
130403010302,2018,0.0,0.0,0.0
130403010302,2019,0.0,0.0,0.0
130403010302,2020,0.0,0.0,0.0
130403010303,2000,0.0,0.0,0.0
130403010303,2001,0.0,0.0,0.0
130403010303,2002,0.0,0.0,0.0
130403010303,2003,0.0,0.0,0.0
130403010303,2004,0.0,0.0,0.0
130403010303,2005,0.0,0.0,0.0
130403010303,2006,0.0,0.0,0.0
130403010303,2007,0.0,0.0,0.0
130403010303,2008,0.0,0.0,0.0
130403010303,2009,0.0,0.0,0.0
130403010303,2010,0.0,0.0,0.0
130403010303,2011,0.0,0.0,0.0
130403010303,2012,0.0,0.0,0.0
130403010303,2013,0.0,0.0,0.0
130403010303,2014,0.0,0.0,0.0
130403010303,2015,0.0,0.0,0.0
130403010303,2016,0.0,0.0,0.0
130403010303,2017,0.0,0.0,0.0
130403010303,2018,0.0,0.0,0.0
130403010303,2019,0.0,0.0,0.0
130403010303,2020,0.0,0.0,0.0
130403010304,2000,0.0,0.0,0.0
130403010304,2001,0.0,0.0,0.0
130403010304,2002,0.0,0.0,0.0
130403010304,2003,0.0,0.0,0.0
130403010304,2004,0.0,0.0,0.0
130403010304,2005,0.0,0.0,0.0
130403010304,2006,0.0,0.0,0.0
130403010304,2007,0.0,0.0,0.0
130403010304,2008,0.0,0.0,0.0
130403010304,2009,0.0,0.0,0.0
130403010304,2010,0.0,0.0,0.0
130403010304,2011,0.0,0.0,0.0
130403010304,2012,0.0,0.0,0.0
130403010304,2013,0.0,0.0,0.0
130403010304,2014,0.0,0.0,0.0
130403010304,2015,0.0,0.0,0.0
130403010304,2016,0.0,0.0,0.0
130403010304,2017,0.0,0.0,0.0
130403010304,2018,0.0,0.0,0.0
130403010304,2019,0.0,0.0,0.0
130403010304,2020,0.0,0.0,0.0
130403010305,2000,0.0,0.0,0.0
130403010305,2001,0.0,0.0,0.0
130403010305,2002,0.0,0.0,0.0
130403010305,2003,0.0,0.0,0.0
130403010305,2004,0.0,0.0,0.0
130403010305,2005,0.0,0.0,0.0
130403010305,2006,0.0,0.0,0.0
130403010305,2007,0.0,0.0,0.0
130403010305,2008,0.0,0.0,0.0
130403010305,2009,0.0,0.0,0.0
130403010305,2010,0.0,0.0,0.0
130403010305,2011,0.0,0.0,0.0
130403010305,2012,0.0,0.0,0.0
130403010305,2013,0.0,0.0,0.0
130403010305,2014,0.0,0.0,0.0
130403010305,2015,0.0,0.0,0.0
130403010305,2016,0.0,0.0,0.0
130403010305,2017,0.0,0.0,0.0
130403010305,2018,0.0,0.0,0.0
130403010305,2019,0.0,0.0,0.0
130403010305,2020,0.0,0.0,0.0
130403010306,2000,0.0,0.0,0.0
130403010306,2001,0.0,0.0,0.0
130403010306,2002,0.0,0.0,0.0
130403010306,2003,0.0,0.0,0.0
130403010306,2004,0.0,0.0,0.0
130403010306,2005,0.0,0.0,0.0
130403010306,2006,0.0,0.0,0.0
130403010306,2007,0.0,0.0,0.0
130403010306,2008,0.0,0.0,0.0
130403010306,2009,0.0,0.0,0.0
130403010306,2010,0.0,0.0,0.0
130403010306,2011,0.0,0.0,0.0
130403010306,2012,0.0,0.0,0.0
130403010306,2013,0.0,0.0,0.0
130403010306,2014,0.0,0.0,0.0
130403010306,2015,0.0,0.0,0.0
130403010306,2016,0.0,0.0,0.0
130403010306,2017,0.0,0.0,0.0
130403010306,2018,0.0,0.0,0.0
130403010306,2019,0.0,0.0,0.0
130403010306,2020,0.0,0.0,0.0
130403010401,2000,0.0,0.0,0.0
130403010401,2001,0.0,0.0,0.0
130403010401,2002,0.0,0.0,0.0
130403010401,2003,0.0,0.0,0.0
130403010401,2004,0.0,0.0,0.0
130403010401,2005,0.0,0.0,0.0
130403010401,2006,0.0,0.0,0.0
130403010401,2007,0.0,0.0,0.0
130403010401,2008,0.0,0.0,0.0
130403010401,2009,0.0,0.0,0.0
130403010401,2010,0.0,0.0,0.0
130403010401,2011,0.0,0.0,0.0
130403010401,2012,0.0,0.0,0.0
130403010401,2013,0.0,0.0,0.0
130403010401,2014,0.0,0.0,0.0
130403010401,2015,0.0,0.0,0.0
130403010401,2016,0.0,0.0,0.0
130403010401,2017,0.0,0.0,0.0
130403010401,2018,0.302907507,0.302907507,0.0
130403010401,2019,0.0,0.0,0.0
130403010401,2020,0.382805516,0.382805516,0.0
130403010402,2000,0.0,0.0,0.0
130403010402,2001,0.0,0.0,0.0
130403010402,2002,0.0,0.0,0.0
130403010402,2003,0.0,0.0,0.0
130403010402,2004,0.0,0.0,0.0
130403010402,2005,0.0,0.0,0.0
130403010402,2006,0.0,0.0,0.0
130403010402,2007,0.0,0.0,0.0
130403010402,2008,0.000587164,0.000587164,0.0
130403010402,2009,0.0,0.0,0.0
130403010402,2010,0.0,0.0,0.0
130403010402,2011,0.0,0.0,0.0
130403010402,2012,0.0,0.0,0.0
130403010402,2013,0.0,0.0,0.0
130403010402,2014,0.0,0.0,0.0
130403010402,2015,0.0,0.0,0.0
130403010402,2016,0.0,0.0,0.0
130403010402,2017,0.0,0.0,0.0
130403010402,2018,0.0,0.0,0.0
130403010402,2019,0.0,0.0,0.0
130403010402,2020,0.347542336,0.347542336,0.0
130403010403,2000,0.0,0.0,0.0
130403010403,2001,0.0,0.0,0.0
130403010403,2002,0.0,0.0,0.0
130403010403,2003,0.0,0.0,0.0
130403010403,2004,0.0,0.0,0.0
130403010403,2005,0.0,0.0,0.0
130403010403,2006,0.0,0.0,0.0
130403010403,2007,0.0,0.0,0.0
130403010403,2008,0.0,0.0,0.0
130403010403,2009,0.0,0.0,0.0
130403010403,2010,0.0,0.0,0.0
130403010403,2011,0.0,0.0,0.0
130403010403,2012,0.0,0.0,0.0
130403010403,2013,0.0,0.0,0.0
130403010403,2014,0.0,0.0,0.0
130403010403,2015,0.0,0.0,0.0
130403010403,2016,0.0,0.0,0.0
130403010403,2017,0.0,0.0,0.0
130403010403,2018,0.0,0.0,0.0
130403010403,2019,0.0,0.0,0.0
130403010403,2020,0.0,0.0,0.0
130403010404,2000,0.0,0.0,0.0
130403010404,2001,0.0,0.0,0.0
130403010404,2002,0.0,0.0,0.0
130403010404,2003,0.0,0.0,0.0
130403010404,2004,0.0,0.0,0.0
130403010404,2005,0.0,0.0,0.0
130403010404,2006,0.0,0.0,0.0
130403010404,2007,0.0,0.0,0.0
130403010404,2008,0.0,0.0,0.0
130403010404,2009,0.0,0.0,0.0
130403010404,2010,0.0,0.0,0.0
130403010404,2011,0.0,0.0,0.0
130403010404,2012,0.0,0.0,0.0
130403010404,2013,0.0,0.0,0.0
130403010404,2014,0.0,0.0,0.0
130403010404,2015,0.0,0.0,0.0
130403010404,2016,0.0,0.0,0.0
130403010404,2017,0.0,0.0,0.0
130403010404,2018,0.0,0.0,0.0
130403010404,2019,0.0,0.0,0.0
130403010404,2020,0.0,0.0,0.0
130403010405,2000,0.0,0.0,0.0
130403010405,2001,0.0,0.0,0.0
130403010405,2002,0.0,0.0,0.0
130403010405,2003,0.0,0.0,0.0
130403010405,2004,0.0,0.0,0.0
130403010405,2005,0.0,0.0,0.0
130403010405,2006,0.0,0.0,0.0
130403010405,2007,0.0,0.0,0.0
130403010405,2008,0.0,0.0,0.0
130403010405,2009,0.0,0.0,0.0
130403010405,2010,0.0,0.0,0.0
130403010405,2011,0.0,0.0,0.0
130403010405,2012,0.0,0.0,0.0
130403010405,2013,0.0,0.0,0.0
130403010405,2014,0.0,0.0,0.0
130403010405,2015,0.0,0.0,0.0
130403010405,2016,0.0,0.0,0.0
130403010405,2017,0.0,0.0,0.0
130403010405,2018,0.0,0.0,0.0
130403010405,2019,0.0,0.0,0.0
130403010405,2020,0.0,0.0,0.0
130403010501,2000,0.0,0.0,0.0
130403010501,2001,0.0,0.0,0.0
130403010501,2002,0.0,0.0,0.0
130403010501,2003,0.0,0.0,0.0
130403010501,2004,0.0,0.0,0.0
130403010501,2005,0.0,0.0,0.0
130403010501,2006,0.0,0.0,0.0
130403010501,2007,0.0,0.0,0.0
130403010501,2008,0.0,0.0,0.0
130403010501,2009,0.0,0.0,0.0
130403010501,2010,0.0,0.0,0.0
130403010501,2011,0.0,0.0,0.0
130403010501,2012,0.0,0.0,0.0
130403010501,2013,0.0,0.0,0.0
130403010501,2014,0.0,0.0,0.0
130403010501,2015,0.0,0.0,0.0
130403010501,2016,0.0,0.0,0.0
130403010501,2017,0.0,0.0,0.0
130403010501,2018,0.0,0.0,0.0
130403010501,2019,0.0,0.0,0.0
130403010501,2020,0.0,0.0,0.0
130403010502,2000,0.0,0.0,0.0
130403010502,2001,0.0,0.0,0.0
130403010502,2002,0.0,0.0,0.0
130403010502,2003,0.0,0.0,0.0
130403010502,2004,0.0,0.0,0.0
130403010502,2005,0.0,0.0,0.0
130403010502,2006,0.0,0.0,0.0
130403010502,2007,0.0,0.0,0.0
130403010502,2008,0.0,0.0,0.0
130403010502,2009,0.0,0.0,0.0
130403010502,2010,0.0,0.0,0.0
130403010502,2011,0.0,0.0,0.0
130403010502,2012,0.0,0.0,0.0
130403010502,2013,0.0,0.0,0.0
130403010502,2014,0.0,0.0,0.0
130403010502,2015,0.0,0.0,0.0
130403010502,2016,0.0,0.0,0.0
130403010502,2017,0.0,0.0,0.0
130403010502,2018,0.0,0.0,0.0
130403010502,2019,0.0,0.0,0.0
130403010502,2020,0.0,0.0,0.0
130403010503,2000,0.0,0.0,0.0
130403010503,2001,0.0,0.0,0.0
130403010503,2002,0.0,0.0,0.0
130403010503,2003,0.0,0.0,0.0
130403010503,2004,0.0,0.0,0.0
130403010503,2005,0.0,0.0,0.0
130403010503,2006,0.0,0.0,0.0
130403010503,2007,0.0,0.0,0.0
130403010503,2008,0.0,0.0,0.0
130403010503,2009,0.0,0.0,0.0
130403010503,2010,0.0,0.0,0.0
130403010503,2011,0.0,0.0,0.0
130403010503,2012,0.0,0.0,0.0
130403010503,2013,0.0,0.0,0.0
130403010503,2014,0.0,0.0,0.0
130403010503,2015,0.0,0.0,0.0
130403010503,2016,0.0,0.0,0.0
130403010503,2017,0.0,0.0,0.0
130403010503,2018,0.0,0.0,0.0
130403010503,2019,0.0,0.0,0.0
130403010503,2020,0.0,0.0,0.0
130403010504,2000,0.0,0.0,0.0
130403010504,2001,0.0,0.0,0.0
130403010504,2002,0.0,0.0,0.0
130403010504,2003,0.0,0.0,0.0
130403010504,2004,0.0,0.0,0.0
130403010504,2005,0.0,0.0,0.0
130403010504,2006,0.0,0.0,0.0
130403010504,2007,0.0,0.0,0.0
130403010504,2008,0.0,0.0,0.0
130403010504,2009,0.0,0.0,0.0
130403010504,2010,0.0,0.0,0.0
130403010504,2011,0.0,0.0,0.0
130403010504,2012,0.0,0.0,0.0
130403010504,2013,0.0,0.0,0.0
130403010504,2014,0.0,0.0,0.0
130403010504,2015,0.0,0.0,0.0
130403010504,2016,0.0,0.0,0.0
130403010504,2017,0.0,0.0,0.0
130403010504,2018,0.0,0.0,0.0
130403010504,2019,0.0,0.0,0.0
130403010504,2020,0.0,0.0,0.0
130403010601,2000,0.0,0.0,0.0
130403010601,2001,0.0,0.0,0.0
130403010601,2002,0.0,0.0,0.0
130403010601,2003,0.0,0.0,0.0
130403010601,2004,0.0,0.0,0.0
130403010601,2005,0.0,0.0,0.0
130403010601,2006,0.0,0.0,0.0
130403010601,2007,0.0,0.0,0.0
130403010601,2008,0.0,0.0,0.0
130403010601,2009,0.0,0.0,0.0
130403010601,2010,0.0,0.0,0.0
130403010601,2011,0.0,0.0,0.0
130403010601,2012,0.0,0.0,0.0
130403010601,2013,0.0,0.0,0.0
130403010601,2014,0.0,0.0,0.0
130403010601,2015,0.0,0.0,0.0
130403010601,2016,0.0,0.0,0.0
130403010601,2017,0.0,0.0,0.0
130403010601,2018,0.0,0.0,0.0
130403010601,2019,0.0,0.0,0.0
130403010601,2020,0.0,0.0,0.0
130403010602,2000,0.0,0.0,0.0
130403010602,2001,0.0,0.0,0.0
130403010602,2002,0.0,0.0,0.0
130403010602,2003,0.0,0.0,0.0
130403010602,2004,0.0,0.0,0.0
130403010602,2005,0.0,0.0,0.0
130403010602,2006,0.0,0.0,0.0
130403010602,2007,0.0,0.0,0.0
130403010602,2008,0.0,0.0,0.0
130403010602,2009,0.0,0.0,0.0
130403010602,2010,0.0,0.0,0.0
130403010602,2011,0.0,0.0,0.0
130403010602,2012,0.0,0.0,0.0
130403010602,2013,0.0,0.0,0.0
130403010602,2014,0.0,0.0,0.0
130403010602,2015,0.0,0.0,0.0
130403010602,2016,0.0,0.0,0.0
130403010602,2017,0.0,0.0,0.0
130403010602,2018,0.0,0.0,0.0
130403010602,2019,0.0,0.0,0.0
130403010602,2020,0.0,0.0,0.0
130403010603,2000,0.0,0.0,0.0
130403010603,2001,0.0,0.0,0.0
130403010603,2002,0.0,0.0,0.0
130403010603,2003,0.0,0.0,0.0
130403010603,2004,0.0,0.0,0.0
130403010603,2005,0.0,0.0,0.0
130403010603,2006,0.0,0.0,0.0
130403010603,2007,0.0,0.0,0.0
130403010603,2008,0.0,0.0,0.0
130403010603,2009,0.0,0.0,0.0
130403010603,2010,0.0,0.0,0.0
130403010603,2011,0.0,0.0,0.0
130403010603,2012,0.0,0.0,0.0
130403010603,2013,0.0,0.0,0.0
130403010603,2014,0.0,0.0,0.0
130403010603,2015,0.0,0.0,0.0
130403010603,2016,0.0,0.0,0.0
130403010603,2017,0.0,0.0,0.0
130403010603,2018,0.0,0.0,0.0
130403010603,2019,0.0,0.0,0.0
130403010603,2020,0.0,0.0,0.0
130403010604,2000,0.0,0.0,0.0
130403010604,2001,0.0,0.0,0.0
130403010604,2002,0.0,0.0,0.0
130403010604,2003,0.0,0.0,0.0
130403010604,2004,0.0,0.0,0.0
130403010604,2005,0.0,0.0,0.0
130403010604,2006,0.0,0.0,0.0
130403010604,2007,0.0,0.0,0.0
130403010604,2008,0.0,0.0,0.0
130403010604,2009,0.0,0.0,0.0
130403010604,2010,0.0,0.0,0.0
130403010604,2011,0.0,0.0,0.0
130403010604,2012,0.0,0.0,0.0
130403010604,2013,0.0,0.0,0.0
130403010604,2014,0.0,0.0,0.0
130403010604,2015,0.0,0.0,0.0
130403010604,2016,0.0,0.0,0.0
130403010604,2017,0.0,0.0,0.0
130403010604,2018,0.0,0.0,0.0
130403010604,2019,0.0,0.0,0.0
130403010604,2020,0.0,0.0,0.0
130403010701,2000,0.0,0.0,0.0
130403010701,2001,0.0,0.0,0.0
130403010701,2002,0.0,0.0,0.0
130403010701,2003,0.0,0.0,0.0
130403010701,2004,0.0,0.0,0.0
130403010701,2005,0.0,0.0,0.0
130403010701,2006,0.0,0.0,0.0
130403010701,2007,0.0,0.0,0.0
130403010701,2008,0.0,0.0,0.0
130403010701,2009,0.0,0.0,0.0
130403010701,2010,0.0,0.0,0.0
130403010701,2011,0.0,0.0,0.0
130403010701,2012,0.0,0.0,0.0
130403010701,2013,0.0,0.0,0.0
130403010701,2014,0.0,0.0,0.0
130403010701,2015,0.0,0.0,0.0
130403010701,2016,0.0,0.0,0.0
130403010701,2017,0.0,0.0,0.0
130403010701,2018,0.0,0.0,0.0
130403010701,2019,0.0,0.0,0.0
130403010701,2020,0.0,0.0,0.0
130403010702,2000,0.0,0.0,0.0
130403010702,2001,0.0,0.0,0.0
130403010702,2002,0.0,0.0,0.0
130403010702,2003,0.0,0.0,0.0
130403010702,2004,0.0,0.0,0.0
130403010702,2005,0.0,0.0,0.0
130403010702,2006,0.0,0.0,0.0
130403010702,2007,0.0,0.0,0.0
130403010702,2008,0.0,0.0,0.0
130403010702,2009,0.0,0.0,0.0
130403010702,2010,0.0,0.0,0.0
130403010702,2011,0.0,0.0,0.0
130403010702,2012,0.0,0.0,0.0
130403010702,2013,0.0,0.0,0.0
130403010702,2014,0.0,0.0,0.0
130403010702,2015,0.0,0.0,0.0
130403010702,2016,0.0,0.0,0.0
130403010702,2017,0.0,0.0,0.0
130403010702,2018,0.0,0.0,0.0
130403010702,2019,0.0,0.0,0.0
130403010702,2020,0.0,0.0,0.0
130403010703,2000,0.0,0.0,0.0
130403010703,2001,0.0,0.0,0.0
130403010703,2002,0.0,0.0,0.0
130403010703,2003,0.0,0.0,0.0
130403010703,2004,0.0,0.0,0.0
130403010703,2005,0.0,0.0,0.0
130403010703,2006,0.0,0.0,0.0
130403010703,2007,0.0,0.0,0.0
130403010703,2008,0.0,0.0,0.0
130403010703,2009,0.0,0.0,0.0
130403010703,2010,0.0,0.0,0.0
130403010703,2011,0.0,0.0,0.0
130403010703,2012,0.0,0.0,0.0
130403010703,2013,0.0,0.0,0.0
130403010703,2014,0.0,0.0,0.0
130403010703,2015,0.0,0.0,0.0
130403010703,2016,0.0,0.0,0.0
130403010703,2017,0.0,0.0,0.0
130403010703,2018,0.0,0.0,0.0
130403010703,2019,0.0,0.0,0.0
130403010703,2020,0.0,0.0,0.0
130403010801,2000,0.0,0.0,0.0
130403010801,2001,0.0,0.0,0.0
130403010801,2002,0.0,0.0,0.0
130403010801,2003,0.0,0.0,0.0
130403010801,2004,0.0,0.0,0.0
130403010801,2005,0.0,0.0,0.0
130403010801,2006,0.0,0.0,0.0
130403010801,2007,0.0,0.0,0.0
130403010801,2008,0.0,0.0,0.0
130403010801,2009,0.0,0.0,0.0
130403010801,2010,0.0,0.0,0.0
130403010801,2011,0.0,0.0,0.0
130403010801,2012,0.0,0.0,0.0
130403010801,2013,0.0,0.0,0.0
130403010801,2014,0.0,0.0,0.0
130403010801,2015,0.0,0.0,0.0
130403010801,2016,0.0,0.0,0.0
130403010801,2017,0.0,0.0,0.0
130403010801,2018,0.0,0.0,0.0
130403010801,2019,0.0,0.0,0.0
130403010801,2020,0.0,0.0,0.0
130403010802,2000,0.0,0.0,0.0
130403010802,2001,0.0,0.0,0.0
130403010802,2002,0.0,0.0,0.0
130403010802,2003,0.0,0.0,0.0
130403010802,2004,0.0,0.0,0.0
130403010802,2005,0.0,0.0,0.0
130403010802,2006,0.0,0.0,0.0
130403010802,2007,0.0,0.0,0.0
130403010802,2008,0.0,0.0,0.0
130403010802,2009,0.0,0.0,0.0
130403010802,2010,0.0,0.0,0.0
130403010802,2011,0.0,0.0,0.0
130403010802,2012,0.0,0.0,0.0
130403010802,2013,0.0,0.0,0.0
130403010802,2014,0.0,0.0,0.0
130403010802,2015,0.0,0.0,0.0
130403010802,2016,0.0,0.0,0.0
130403010802,2017,0.0,0.0,0.0
130403010802,2018,0.0,0.0,0.0
130403010802,2019,0.0,0.0,0.0
130403010802,2020,0.0,0.0,0.0
130403010803,2000,0.0,0.0,0.0
130403010803,2001,0.0,0.0,0.0
130403010803,2002,0.0,0.0,0.0
130403010803,2003,0.0,0.0,0.0
130403010803,2004,0.0,0.0,0.0
130403010803,2005,0.0,0.0,0.0
130403010803,2006,0.0,0.0,0.0
130403010803,2007,0.0,0.0,0.0
130403010803,2008,0.0,0.0,0.0
130403010803,2009,0.0,0.0,0.0
130403010803,2010,0.0,0.0,0.0
130403010803,2011,0.0,0.0,0.0
130403010803,2012,0.0,0.0,0.0
130403010803,2013,0.0,0.0,0.0
130403010803,2014,0.0,0.0,0.0
130403010803,2015,0.0,0.0,0.0
130403010803,2016,0.0,0.0,0.0
130403010803,2017,0.0,0.0,0.0
130403010803,2018,0.0,0.0,0.0
130403010803,2019,0.0,0.0,0.0
130403010803,2020,0.0,0.0,0.0
130403010804,2000,0.0,0.0,0.0
130403010804,2001,0.0,0.0,0.0
130403010804,2002,0.0,0.0,0.0
130403010804,2003,0.0,0.0,0.0
130403010804,2004,0.0,0.0,0.0
130403010804,2005,0.0,0.0,0.0
130403010804,2006,0.0,0.0,0.0
130403010804,2007,0.0,0.0,0.0
130403010804,2008,0.0,0.0,0.0
130403010804,2009,0.0,0.0,0.0
130403010804,2010,0.0,0.0,0.0
130403010804,2011,0.0,0.0,0.0
130403010804,2012,0.0,0.0,0.0
130403010804,2013,0.0,0.0,0.0
130403010804,2014,0.0,0.0,0.0
130403010804,2015,0.0,0.0,0.0
130403010804,2016,0.0,0.0,0.0
130403010804,2017,0.0,0.0,0.0
130403010804,2018,0.0,0.0,0.0
130403010804,2019,0.0,0.0,0.0
130403010804,2020,0.0,0.0,0.0
130403010805,2000,0.0,0.0,0.0
130403010805,2001,0.0,0.0,0.0
130403010805,2002,0.0,0.0,0.0
130403010805,2003,0.0,0.0,0.0
130403010805,2004,0.0,0.0,0.0
130403010805,2005,0.0,0.0,0.0
130403010805,2006,0.0,0.0,0.0
130403010805,2007,0.0,0.0,0.0
130403010805,2008,0.0,0.0,0.0
130403010805,2009,0.0,0.0,0.0
130403010805,2010,0.0,0.0,0.0
130403010805,2011,0.0,0.0,0.0
130403010805,2012,0.0,0.0,0.0
130403010805,2013,0.0,0.0,0.0
130403010805,2014,0.0,0.0,0.0
130403010805,2015,0.0,0.0,0.0
130403010805,2016,0.0,0.0,0.0
130403010805,2017,0.0,0.0,0.0
130403010805,2018,0.0,0.0,0.0
130403010805,2019,0.0,0.0,0.0
130403010805,2020,0.0,0.0,0.0
130403010806,2000,0.0,0.0,0.0
130403010806,2001,0.0,0.0,0.0
130403010806,2002,0.0,0.0,0.0
130403010806,2003,0.0,0.0,0.0
130403010806,2004,0.0,0.0,0.0
130403010806,2005,0.0,0.0,0.0
130403010806,2006,0.0,0.0,0.0
130403010806,2007,0.0,0.0,0.0
130403010806,2008,0.0,0.0,0.0
130403010806,2009,0.0,0.0,0.0
130403010806,2010,0.0,0.0,0.0
130403010806,2011,0.0,0.0,0.0
130403010806,2012,0.0,0.0,0.0
130403010806,2013,0.0,0.0,0.0
130403010806,2014,0.0,0.0,0.0
130403010806,2015,0.0,0.0,0.0
130403010806,2016,0.0,0.0,0.0
130403010806,2017,0.0,0.0,0.0
130403010806,2018,0.0,0.0,0.0
130403010806,2019,0.0,0.0,0.0
130403010806,2020,0.0,0.0,0.0
130403010807,2000,0.0,0.0,0.0
130403010807,2001,0.0,0.0,0.0
130403010807,2002,0.0,0.0,0.0
130403010807,2003,0.0,0.0,0.0
130403010807,2004,0.0,0.0,0.0
130403010807,2005,0.0,0.0,0.0
130403010807,2006,0.0,0.0,0.0
130403010807,2007,0.0,0.0,0.0
130403010807,2008,0.0,0.0,0.0
130403010807,2009,0.0,0.0,0.0
130403010807,2010,0.0,0.0,0.0
130403010807,2011,0.0,0.0,0.0
130403010807,2012,0.0,0.0,0.0
130403010807,2013,0.0,0.0,0.0
130403010807,2014,0.0,0.0,0.0
130403010807,2015,0.0,0.0,0.0
130403010807,2016,0.0,0.0,0.0
130403010807,2017,0.0,0.0,0.0
130403010807,2018,0.0,0.0,0.0
130403010807,2019,0.0,0.0,0.0
130403010807,2020,0.0,0.0,0.0
130403010808,2000,0.0,0.0,0.0
130403010808,2001,0.0,0.0,0.0
130403010808,2002,0.0,0.0,0.0
130403010808,2003,0.0,0.0,0.0
130403010808,2004,0.0,0.0,0.0
130403010808,2005,0.0,0.0,0.0
130403010808,2006,0.0,0.0,0.0
130403010808,2007,0.0,0.0,0.0
130403010808,2008,0.0,0.0,0.0
130403010808,2009,0.0,0.0,0.0
130403010808,2010,0.0,0.0,0.0
130403010808,2011,0.0,0.0,0.0
130403010808,2012,0.0,0.0,0.0
130403010808,2013,0.0,0.0,0.0
130403010808,2014,0.0,0.0,0.0
130403010808,2015,0.0,0.0,0.0
130403010808,2016,0.0,0.0,0.0
130403010808,2017,0.0,0.0,0.0
130403010808,2018,0.0,0.0,0.0
130403010808,2019,0.0,0.0,0.0
130403010808,2020,0.0,0.0,0.0
130403010809,2000,0.0,0.0,0.0
130403010809,2001,0.0,0.0,0.0
130403010809,2002,0.0,0.0,0.0
130403010809,2003,0.0,0.0,0.0
130403010809,2004,0.0,0.0,0.0
130403010809,2005,0.0,0.0,0.0
130403010809,2006,0.0,0.0,0.0
130403010809,2007,0.0,0.0,0.0
130403010809,2008,0.0,0.0,0.0
130403010809,2009,0.0,0.0,0.0
130403010809,2010,0.0,0.0,0.0
130403010809,2011,0.0,0.0,0.0
130403010809,2012,0.0,0.0,0.0
130403010809,2013,0.0,0.0,0.0
130403010809,2014,0.0,0.0,0.0
130403010809,2015,0.0,0.0,0.0
130403010809,2016,0.0,0.0,0.0
130403010809,2017,0.0,0.0,0.0
130403010809,2018,0.0,0.0,0.0
130403010809,2019,0.0,0.0,0.0
130403010809,2020,0.0,0.0,0.0
130403010901,2000,0.0,0.0,0.0
130403010901,2001,0.0,0.0,0.0
130403010901,2002,0.0,0.0,0.0
130403010901,2003,0.0,0.0,0.0
130403010901,2004,0.0,0.0,0.0
130403010901,2005,0.0,0.0,0.0
130403010901,2006,0.0,0.0,0.0
130403010901,2007,0.0,0.0,0.0
130403010901,2008,0.0,0.0,0.0
130403010901,2009,0.0,0.0,0.0
130403010901,2010,0.0,0.0,0.0
130403010901,2011,0.0,0.0,0.0
130403010901,2012,0.0,0.0,0.0
130403010901,2013,0.0,0.0,0.0
130403010901,2014,0.0,0.0,0.0
130403010901,2015,0.0,0.0,0.0
130403010901,2016,0.0,0.0,0.0
130403010901,2017,0.0,0.0,0.0
130403010901,2018,0.0,0.0,0.0
130403010901,2019,0.0,0.0,0.0
130403010901,2020,0.0,0.0,0.0
130403010902,2000,0.0,0.0,0.0
130403010902,2001,0.0,0.0,0.0
130403010902,2002,0.0,0.0,0.0
130403010902,2003,0.0,0.0,0.0
130403010902,2004,0.0,0.0,0.0
130403010902,2005,0.0,0.0,0.0
130403010902,2006,0.0,0.0,0.0
130403010902,2007,0.0,0.0,0.0
130403010902,2008,0.0,0.0,0.0
130403010902,2009,0.0,0.0,0.0
130403010902,2010,0.0,0.0,0.0
130403010902,2011,0.0,0.0,0.0
130403010902,2012,0.0,0.0,0.0
130403010902,2013,0.0,0.0,0.0
130403010902,2014,0.0,0.0,0.0
130403010902,2015,0.0,0.0,0.0
130403010902,2016,0.0,0.0,0.0
130403010902,2017,0.0,0.0,0.0
130403010902,2018,0.0,0.0,0.0
130403010902,2019,0.0,0.0,0.0
130403010902,2020,0.0,0.0,0.0
130403010903,2000,0.0,0.0,0.0
130403010903,2001,0.0,0.0,0.0
130403010903,2002,0.0,0.0,0.0
130403010903,2003,0.0,0.0,0.0
130403010903,2004,0.0,0.0,0.0
130403010903,2005,0.0,0.0,0.0
130403010903,2006,0.0,0.0,0.0
130403010903,2007,0.0,0.0,0.0
130403010903,2008,0.0,0.0,0.0
130403010903,2009,0.0,0.0,0.0
130403010903,2010,0.0,0.0,0.0
130403010903,2011,0.0,0.0,0.0
130403010903,2012,0.0,0.0,0.0
130403010903,2013,0.0,0.0,0.0
130403010903,2014,0.0,0.0,0.0
130403010903,2015,0.0,0.0,0.0
130403010903,2016,0.0,0.0,0.0
130403010903,2017,0.0,0.0,0.0
130403010903,2018,0.0,0.0,0.0
130403010903,2019,0.0,0.0,0.0
130403010903,2020,0.0,0.0,0.0
130403010904,2000,0.0,0.0,0.0
130403010904,2001,0.0,0.0,0.0
130403010904,2002,0.0,0.0,0.0
130403010904,2003,0.0,0.0,0.0
130403010904,2004,0.0,0.0,0.0
130403010904,2005,0.0,0.0,0.0
130403010904,2006,0.0,0.0,0.0
130403010904,2007,0.0,0.0,0.0
130403010904,2008,0.0,0.0,0.0
130403010904,2009,0.0,0.0,0.0
130403010904,2010,0.0,0.0,0.0
130403010904,2011,0.0,0.0,0.0
130403010904,2012,0.0,0.0,0.0
130403010904,2013,0.0,0.0,0.0
130403010904,2014,0.0,0.0,0.0
130403010904,2015,0.0,0.0,0.0
130403010904,2016,0.0,0.0,0.0
130403010904,2017,0.0,0.0,0.0
130403010904,2018,0.0,0.0,0.0
130403010904,2019,0.0,0.0,0.0
130403010904,2020,0.0,0.0,0.0
130403010905,2000,0.0,0.0,0.0
130403010905,2001,0.0,0.0,0.0
130403010905,2002,0.0,0.0,0.0
130403010905,2003,0.0,0.0,0.0
130403010905,2004,0.0,0.0,0.0
130403010905,2005,0.0,0.0,0.0
130403010905,2006,0.0,0.0,0.0
130403010905,2007,0.0,0.0,0.0
130403010905,2008,0.0,0.0,0.0
130403010905,2009,0.0,0.0,0.0
130403010905,2010,0.0,0.0,0.0
130403010905,2011,0.0,0.0,0.0
130403010905,2012,0.0,0.0,0.0
130403010905,2013,0.0,0.0,0.0
130403010905,2014,0.0,0.0,0.0
130403010905,2015,0.0,0.0,0.0
130403010905,2016,0.0,0.0,0.0
130403010905,2017,0.0,0.0,0.0
130403010905,2018,0.0,0.0,0.0
130403010905,2019,0.0,0.0,0.0
130403010905,2020,0.0,0.0,0.0
130403011001,2000,0.0,0.0,0.0
130403011001,2001,0.0,0.0,0.0
130403011001,2002,0.0,0.0,0.0
130403011001,2003,0.0,0.0,0.0
130403011001,2004,0.0,0.0,0.0
130403011001,2005,0.0,0.0,0.0
130403011001,2006,0.0,0.0,0.0
130403011001,2007,0.0,0.0,0.0
130403011001,2008,0.0,0.0,0.0
130403011001,2009,0.0,0.0,0.0
130403011001,2010,0.0,0.0,0.0
130403011001,2011,0.0,0.0,0.0
130403011001,2012,0.0,0.0,0.0
130403011001,2013,0.0,0.0,0.0
130403011001,2014,0.0,0.0,0.0
130403011001,2015,0.0,0.0,0.0
130403011001,2016,0.0,0.0,0.0
130403011001,2017,0.0,0.0,0.0
130403011001,2018,0.0,0.0,0.0
130403011001,2019,0.0,0.0,0.0
130403011001,2020,0.0,0.0,0.0
130403011002,2000,0.0,0.0,0.0
130403011002,2001,0.0,0.0,0.0
130403011002,2002,0.0,0.0,0.0
130403011002,2003,0.0,0.0,0.0
130403011002,2004,0.0,0.0,0.0
130403011002,2005,0.0,0.0,0.0
130403011002,2006,0.0,0.0,0.0
130403011002,2007,0.0,0.0,0.0
130403011002,2008,0.0,0.0,0.0
130403011002,2009,0.0,0.0,0.0
130403011002,2010,0.0,0.0,0.0
130403011002,2011,0.0,0.0,0.0
130403011002,2012,0.0,0.0,0.0
130403011002,2013,0.0,0.0,0.0
130403011002,2014,0.0,0.0,0.0
130403011002,2015,0.0,0.0,0.0
130403011002,2016,0.0,0.0,0.0
130403011002,2017,0.0,0.0,0.0
130403011002,2018,0.0,0.0,0.0
130403011002,2019,0.0,0.0,0.0
130403011002,2020,0.0,0.0,0.0
130403011003,2000,0.0,0.0,0.0
130403011003,2001,0.0,0.0,0.0
130403011003,2002,0.0,0.0,0.0
130403011003,2003,0.0,0.0,0.0
130403011003,2004,0.0,0.0,0.0
130403011003,2005,0.0,0.0,0.0
130403011003,2006,0.0,0.0,0.0
130403011003,2007,0.0,0.0,0.0
130403011003,2008,0.0,0.0,0.0
130403011003,2009,0.0,0.0,0.0
130403011003,2010,0.0,0.0,0.0
130403011003,2011,0.0,0.0,0.0
130403011003,2012,0.0,0.0,0.0
130403011003,2013,0.0,0.0,0.0
130403011003,2014,0.0,0.0,0.0
130403011003,2015,0.0,0.0,0.0
130403011003,2016,0.0,0.0,0.0
130403011003,2017,0.0,0.0,0.0
130403011003,2018,0.0,0.0,0.0
130403011003,2019,0.0,0.0,0.0
130403011003,2020,0.0,0.0,0.0
130403011004,2000,0.0,0.0,0.0
130403011004,2001,0.0,0.0,0.0
130403011004,2002,0.0,0.0,0.0
130403011004,2003,0.0,0.0,0.0
130403011004,2004,0.0,0.0,0.0
130403011004,2005,0.0,0.0,0.0
130403011004,2006,0.0,0.0,0.0
130403011004,2007,0.0,0.0,0.0
130403011004,2008,0.0,0.0,0.0
130403011004,2009,0.0,0.0,0.0
130403011004,2010,0.0,0.0,0.0
130403011004,2011,0.0,0.0,0.0
130403011004,2012,0.0,0.0,0.0
130403011004,2013,0.0,0.0,0.0
130403011004,2014,0.0,0.0,0.0
130403011004,2015,0.0,0.0,0.0
130403011004,2016,0.0,0.0,0.0
130403011004,2017,0.0,0.0,0.0
130403011004,2018,0.0,0.0,0.0
130403011004,2019,0.0,0.0,0.0
130403011004,2020,0.0,0.0,0.0
130403011005,2000,0.0,0.0,0.0
130403011005,2001,0.0,0.0,0.0
130403011005,2002,0.0,0.0,0.0
130403011005,2003,0.0,0.0,0.0
130403011005,2004,0.0,0.0,0.0
130403011005,2005,0.0,0.0,0.0
130403011005,2006,0.0,0.0,0.0
130403011005,2007,0.0,0.0,0.0
130403011005,2008,0.0,0.0,0.0
130403011005,2009,0.0,0.0,0.0
130403011005,2010,0.0,0.0,0.0
130403011005,2011,0.0,0.0,0.0
130403011005,2012,0.0,0.0,0.0
130403011005,2013,0.0,0.0,0.0
130403011005,2014,0.0,0.0,0.0
130403011005,2015,0.0,0.0,0.0
130403011005,2016,0.0,0.0,0.0
130403011005,2017,0.0,0.0,0.0
130403011005,2018,0.0,0.0,0.0
130403011005,2019,0.0,0.0,0.0
130403011005,2020,0.0,0.0,0.0
130403011101,2000,0.0,0.0,0.0
130403011101,2001,0.0,0.0,0.0
130403011101,2002,0.0,0.0,0.0
130403011101,2003,0.0,0.0,0.0
130403011101,2004,0.0,0.0,0.0
130403011101,2005,0.0,0.0,0.0
130403011101,2006,0.0,0.0,0.0
130403011101,2007,0.0,0.0,0.0
130403011101,2008,0.0,0.0,0.0
130403011101,2009,0.0,0.0,0.0
130403011101,2010,0.0,0.0,0.0
130403011101,2011,0.0,0.0,0.0
130403011101,2012,0.0,0.0,0.0
130403011101,2013,0.0,0.0,0.0
130403011101,2014,0.0,0.0,0.0
130403011101,2015,0.0,0.0,0.0
130403011101,2016,0.0,0.0,0.0
130403011101,2017,0.0,0.0,0.0
130403011101,2018,0.0,0.0,0.0
130403011101,2019,0.0,0.0,0.0
130403011101,2020,0.0,0.0,0.0
130403011102,2000,0.0,0.0,0.0
130403011102,2001,0.0,0.0,0.0
130403011102,2002,0.0,0.0,0.0
130403011102,2003,0.0,0.0,0.0
130403011102,2004,0.0,0.0,0.0
130403011102,2005,0.0,0.0,0.0
130403011102,2006,0.0,0.0,0.0
130403011102,2007,0.0,0.0,0.0
130403011102,2008,0.0,0.0,0.0
130403011102,2009,0.0,0.0,0.0
130403011102,2010,0.0,0.0,0.0
130403011102,2011,0.0,0.0,0.0
130403011102,2012,0.0,0.0,0.0
130403011102,2013,0.0,0.0,0.0
130403011102,2014,0.0,0.0,0.0
130403011102,2015,0.0,0.0,0.0
130403011102,2016,0.0,0.0,0.0
130403011102,2017,0.0,0.0,0.0
130403011102,2018,0.0,0.0,0.0
130403011102,2019,0.0,0.0,0.0
130403011102,2020,0.0,0.0,0.0
130403011103,2000,0.0,0.0,0.0
130403011103,2001,0.0,0.0,0.0
130403011103,2002,0.0,0.0,0.0
130403011103,2003,0.0,0.0,0.0
130403011103,2004,0.0,0.0,0.0
130403011103,2005,0.0,0.0,0.0
130403011103,2006,0.0,0.0,0.0
130403011103,2007,0.0,0.0,0.0
130403011103,2008,0.0,0.0,0.0
130403011103,2009,0.0,0.0,0.0
130403011103,2010,0.0,0.0,0.0
130403011103,2011,0.0,0.0,0.0
130403011103,2012,0.0,0.0,0.0
130403011103,2013,0.0,0.0,0.0
130403011103,2014,0.0,0.0,0.0
130403011103,2015,0.0,0.0,0.0
130403011103,2016,0.0,0.0,0.0
130403011103,2017,0.0,0.0,0.0
130403011103,2018,0.0,0.0,0.0
130403011103,2019,0.0,0.0,0.0
130403011103,2020,0.0,0.0,0.0
130403011104,2000,0.0,0.0,0.0
130403011104,2001,0.0,0.0,0.0
130403011104,2002,0.0,0.0,0.0
130403011104,2003,0.0,0.0,0.0
130403011104,2004,0.0,0.0,0.0
130403011104,2005,0.0,0.0,0.0
130403011104,2006,0.0,0.0,0.0
130403011104,2007,0.0,0.0,0.0
130403011104,2008,0.0,0.0,0.0
130403011104,2009,0.0,0.0,0.0
130403011104,2010,0.0,0.0,0.0
130403011104,2011,0.0,0.0,0.0
130403011104,2012,0.0,0.0,0.0
130403011104,2013,0.0,0.0,0.0
130403011104,2014,0.0,0.0,0.0
130403011104,2015,0.0,0.0,0.0
130403011104,2016,0.0,0.0,0.0
130403011104,2017,0.0,0.0,0.0
130403011104,2018,0.0,0.0,0.0
130403011104,2019,0.0,0.0,0.0
130403011104,2020,0.0,0.0,0.0
130403011105,2000,0.0,0.0,0.0
130403011105,2001,0.0,0.0,0.0
130403011105,2002,0.0,0.0,0.0
130403011105,2003,0.0,0.0,0.0
130403011105,2004,0.0,0.0,0.0
130403011105,2005,0.0,0.0,0.0
130403011105,2006,0.0,0.0,0.0
130403011105,2007,0.0,0.0,0.0
130403011105,2008,0.0,0.0,0.0
130403011105,2009,0.0,0.0,0.0
130403011105,2010,0.0,0.0,0.0
130403011105,2011,0.0,0.0,0.0
130403011105,2012,0.0,0.0,0.0
130403011105,2013,0.0,0.0,0.0
130403011105,2014,0.0,0.0,0.0
130403011105,2015,0.0,0.0,0.0
130403011105,2016,0.0,0.0,0.0
130403011105,2017,0.0,0.0,0.0
130403011105,2018,0.0,0.0,0.0
130403011105,2019,0.0,0.0,0.0
130403011105,2020,0.0,0.0,0.0
130403020101,2000,0.0,0.0,0.0
130403020101,2001,0.0,0.0,0.0
130403020101,2002,0.0,0.0,0.0
130403020101,2003,0.0,0.0,0.0
130403020101,2004,0.0,0.0,0.0
130403020101,2005,0.0,0.0,0.0
130403020101,2006,0.0,0.0,0.0
130403020101,2007,0.0,0.0,0.0
130403020101,2008,0.0,0.0,0.0
130403020101,2009,0.0,0.0,0.0
130403020101,2010,0.0,0.0,0.0
130403020101,2011,0.0,0.0,0.0
130403020101,2012,0.0,0.0,0.0
130403020101,2013,0.0,0.0,0.0
130403020101,2014,0.0,0.0,0.0
130403020101,2015,0.0,0.0,0.0
130403020101,2016,0.0,0.0,0.0
130403020101,2017,0.0,0.0,0.0
130403020101,2018,0.0,0.0,0.0
130403020101,2019,0.0,0.0,0.0
130403020101,2020,0.0,0.0,0.0
130403020102,2000,0.0,0.0,0.0
130403020102,2001,0.0,0.0,0.0
130403020102,2002,0.0,0.0,0.0
130403020102,2003,0.0,0.0,0.0
130403020102,2004,0.0,0.0,0.0
130403020102,2005,0.0,0.0,0.0
130403020102,2006,0.0,0.0,0.0
130403020102,2007,0.0,0.0,0.0
130403020102,2008,0.0,0.0,0.0
130403020102,2009,0.0,0.0,0.0
130403020102,2010,0.0,0.0,0.0
130403020102,2011,0.0,0.0,0.0
130403020102,2012,0.0,0.0,0.0
130403020102,2013,0.0,0.0,0.0
130403020102,2014,0.0,0.0,0.0
130403020102,2015,0.0,0.0,0.0
130403020102,2016,0.0,0.0,0.0
130403020102,2017,0.0,0.0,0.0
130403020102,2018,0.0,0.0,0.0
130403020102,2019,0.0,0.0,0.0
130403020102,2020,0.0,0.0,0.0
130403020103,2000,0.0,0.0,0.0
130403020103,2001,0.0,0.0,0.0
130403020103,2002,0.0,0.0,0.0
130403020103,2003,0.0,0.0,0.0
130403020103,2004,0.0,0.0,0.0
130403020103,2005,0.0,0.0,0.0
130403020103,2006,0.0,0.0,0.0
130403020103,2007,0.0,0.0,0.0
130403020103,2008,0.0,0.0,0.0
130403020103,2009,0.0,0.0,0.0
130403020103,2010,0.0,0.0,0.0
130403020103,2011,0.0,0.0,0.0
130403020103,2012,0.0,0.0,0.0
130403020103,2013,0.0,0.0,0.0
130403020103,2014,0.0,0.0,0.0
130403020103,2015,0.0,0.0,0.0
130403020103,2016,0.0,0.0,0.0
130403020103,2017,0.0,0.0,0.0
130403020103,2018,0.0,0.0,0.0
130403020103,2019,0.0,0.0,0.0
130403020103,2020,0.0,0.0,0.0
130403020104,2000,0.0,0.0,0.0
130403020104,2001,0.0,0.0,0.0
130403020104,2002,0.0,0.0,0.0
130403020104,2003,0.0,0.0,0.0
130403020104,2004,0.0,0.0,0.0
130403020104,2005,0.0,0.0,0.0
130403020104,2006,0.0,0.0,0.0
130403020104,2007,0.0,0.0,0.0
130403020104,2008,0.0,0.0,0.0
130403020104,2009,0.0,0.0,0.0
130403020104,2010,0.0,0.0,0.0
130403020104,2011,0.0,0.0,0.0
130403020104,2012,0.0,0.0,0.0
130403020104,2013,0.0,0.0,0.0
130403020104,2014,0.0,0.0,0.0
130403020104,2015,0.0,0.0,0.0
130403020104,2016,0.0,0.0,0.0
130403020104,2017,0.0,0.0,0.0
130403020104,2018,0.0,0.0,0.0
130403020104,2019,0.0,0.0,0.0
130403020104,2020,0.0,0.0,0.0
130403020105,2000,0.0,0.0,0.0
130403020105,2001,0.0,0.0,0.0
130403020105,2002,0.0,0.0,0.0
130403020105,2003,0.0,0.0,0.0
130403020105,2004,0.0,0.0,0.0
130403020105,2005,0.0,0.0,0.0
130403020105,2006,0.0,0.0,0.0
130403020105,2007,0.0,0.0,0.0
130403020105,2008,0.0,0.0,0.0
130403020105,2009,0.0,0.0,0.0
130403020105,2010,0.0,0.0,0.0
130403020105,2011,0.0,0.0,0.0
130403020105,2012,0.0,0.0,0.0
130403020105,2013,0.0,0.0,0.0
130403020105,2014,0.0,0.0,0.0
130403020105,2015,0.0,0.0,0.0
130403020105,2016,0.0,0.0,0.0
130403020105,2017,0.0,0.0,0.0
130403020105,2018,0.0,0.0,0.0
130403020105,2019,0.0,0.0,0.0
130403020105,2020,0.0,0.0,0.0
130403020106,2000,0.0,0.0,0.0
130403020106,2001,0.0,0.0,0.0
130403020106,2002,0.0,0.0,0.0
130403020106,2003,0.0,0.0,0.0
130403020106,2004,0.0,0.0,0.0
130403020106,2005,0.0,0.0,0.0
130403020106,2006,0.0,0.0,0.0
130403020106,2007,0.0,0.0,0.0
130403020106,2008,0.0,0.0,0.0
130403020106,2009,0.0,0.0,0.0
130403020106,2010,0.0,0.0,0.0
130403020106,2011,0.0,0.0,0.0
130403020106,2012,0.0,0.0,0.0
130403020106,2013,0.0,0.0,0.0
130403020106,2014,0.0,0.0,0.0
130403020106,2015,0.0,0.0,0.0
130403020106,2016,0.0,0.0,0.0
130403020106,2017,0.0,0.0,0.0
130403020106,2018,0.0,0.0,0.0
130403020106,2019,0.0,0.0,0.0
130403020106,2020,0.0,0.0,0.0
130403020201,2000,0.0,0.0,0.0
130403020201,2001,0.0,0.0,0.0
130403020201,2002,0.0,0.0,0.0
130403020201,2003,0.0,0.0,0.0
130403020201,2004,0.0,0.0,0.0
130403020201,2005,0.0,0.0,0.0
130403020201,2006,0.0,0.0,0.0
130403020201,2007,0.0,0.0,0.0
130403020201,2008,0.0,0.0,0.0
130403020201,2009,0.0,0.0,0.0
130403020201,2010,0.0,0.0,0.0
130403020201,2011,0.0,0.0,0.0
130403020201,2012,0.0,0.0,0.0
130403020201,2013,0.0,0.0,0.0
130403020201,2014,0.0,0.0,0.0
130403020201,2015,0.0,0.0,0.0
130403020201,2016,0.0,0.0,0.0
130403020201,2017,0.0,0.0,0.0
130403020201,2018,0.0,0.0,0.0
130403020201,2019,0.0,0.0,0.0
130403020201,2020,0.0,0.0,0.0
130403020202,2000,0.0,0.0,0.0
130403020202,2001,0.0,0.0,0.0
130403020202,2002,0.0,0.0,0.0
130403020202,2003,0.0,0.0,0.0
130403020202,2004,0.0,0.0,0.0
130403020202,2005,0.0,0.0,0.0
130403020202,2006,0.0,0.0,0.0
130403020202,2007,0.0,0.0,0.0
130403020202,2008,0.0,0.0,0.0
130403020202,2009,0.0,0.0,0.0
130403020202,2010,0.0,0.0,0.0
130403020202,2011,0.0,0.0,0.0
130403020202,2012,0.0,0.0,0.0
130403020202,2013,0.0,0.0,0.0
130403020202,2014,0.0,0.0,0.0
130403020202,2015,0.0,0.0,0.0
130403020202,2016,0.0,0.0,0.0
130403020202,2017,0.0,0.0,0.0
130403020202,2018,0.0,0.0,0.0
130403020202,2019,0.0,0.0,0.0
130403020202,2020,0.0,0.0,0.0
130403020203,2000,0.0,0.0,0.0
130403020203,2001,0.0,0.0,0.0
130403020203,2002,0.0,0.0,0.0
130403020203,2003,0.0,0.0,0.0
130403020203,2004,0.0,0.0,0.0
130403020203,2005,0.0,0.0,0.0
130403020203,2006,0.0,0.0,0.0
130403020203,2007,0.0,0.0,0.0
130403020203,2008,0.0,0.0,0.0
130403020203,2009,0.0,0.0,0.0
130403020203,2010,0.0,0.0,0.0
130403020203,2011,0.0,0.0,0.0
130403020203,2012,0.0,0.0,0.0
130403020203,2013,0.0,0.0,0.0
130403020203,2014,0.0,0.0,0.0
130403020203,2015,0.0,0.0,0.0
130403020203,2016,0.0,0.0,0.0
130403020203,2017,0.0,0.0,0.0
130403020203,2018,0.0,0.0,0.0
130403020203,2019,0.0,0.0,0.0
130403020203,2020,0.0,0.0,0.0
130403020204,2000,0.0,0.0,0.0
130403020204,2001,0.0,0.0,0.0
130403020204,2002,0.0,0.0,0.0
130403020204,2003,0.0,0.0,0.0
130403020204,2004,0.0,0.0,0.0
130403020204,2005,0.0,0.0,0.0
130403020204,2006,0.0,0.0,0.0
130403020204,2007,0.0,0.0,0.0
130403020204,2008,0.0,0.0,0.0
130403020204,2009,0.0,0.0,0.0
130403020204,2010,0.0,0.0,0.0
130403020204,2011,0.0,0.0,0.0
130403020204,2012,0.0,0.0,0.0
130403020204,2013,0.0,0.0,0.0
130403020204,2014,0.0,0.0,0.0
130403020204,2015,0.0,0.0,0.0
130403020204,2016,0.0,0.0,0.0
130403020204,2017,0.0,0.0,0.0
130403020204,2018,0.0,0.0,0.0
130403020204,2019,0.0,0.0,0.0
130403020204,2020,0.0,0.0,0.0
130403020205,2000,0.0,0.0,0.0
130403020205,2001,0.0,0.0,0.0
130403020205,2002,0.0,0.0,0.0
130403020205,2003,0.0,0.0,0.0
130403020205,2004,0.0,0.0,0.0
130403020205,2005,0.0,0.0,0.0
130403020205,2006,0.0,0.0,0.0
130403020205,2007,0.0,0.0,0.0
130403020205,2008,0.0,0.0,0.0
130403020205,2009,0.0,0.0,0.0
130403020205,2010,0.0,0.0,0.0
130403020205,2011,0.0,0.0,0.0
130403020205,2012,0.0,0.0,0.0
130403020205,2013,0.0,0.0,0.0
130403020205,2014,0.0,0.0,0.0
130403020205,2015,0.0,0.0,0.0
130403020205,2016,0.0,0.0,0.0
130403020205,2017,0.0,0.0,0.0
130403020205,2018,0.0,0.0,0.0
130403020205,2019,0.0,0.0,0.0
130403020205,2020,0.0,0.0,0.0
130403020206,2000,0.0,0.0,0.0
130403020206,2001,0.0,0.0,0.0
130403020206,2002,0.0,0.0,0.0
130403020206,2003,0.0,0.0,0.0
130403020206,2004,0.0,0.0,0.0
130403020206,2005,0.0,0.0,0.0
130403020206,2006,0.0,0.0,0.0
130403020206,2007,0.0,0.0,0.0
130403020206,2008,0.0,0.0,0.0
130403020206,2009,0.0,0.0,0.0
130403020206,2010,0.0,0.0,0.0
130403020206,2011,0.0,0.0,0.0
130403020206,2012,0.0,0.0,0.0
130403020206,2013,0.0,0.0,0.0
130403020206,2014,0.0,0.0,0.0
130403020206,2015,0.0,0.0,0.0
130403020206,2016,0.0,0.0,0.0
130403020206,2017,0.0,0.0,0.0
130403020206,2018,0.0,0.0,0.0
130403020206,2019,0.0,0.0,0.0
130403020206,2020,0.0,0.0,0.0
130403020301,2000,0.0,0.0,0.0
130403020301,2001,0.0,0.0,0.0
130403020301,2002,0.0,0.0,0.0
130403020301,2003,0.0,0.0,0.0
130403020301,2004,0.0,0.0,0.0
130403020301,2005,0.0,0.0,0.0
130403020301,2006,0.0,0.0,0.0
130403020301,2007,0.0,0.0,0.0
130403020301,2008,0.0,0.0,0.0
130403020301,2009,0.0,0.0,0.0
130403020301,2010,0.0,0.0,0.0
130403020301,2011,0.0,0.0,0.0
130403020301,2012,0.0,0.0,0.0
130403020301,2013,0.0,0.0,0.0
130403020301,2014,0.0,0.0,0.0
130403020301,2015,0.0,0.0,0.0
130403020301,2016,0.0,0.0,0.0
130403020301,2017,0.0,0.0,0.0
130403020301,2018,0.0,0.0,0.0
130403020301,2019,0.0,0.0,0.0
130403020301,2020,0.0,0.0,0.0
130403020302,2000,0.0,0.0,0.0
130403020302,2001,0.0,0.0,0.0
130403020302,2002,0.0,0.0,0.0
130403020302,2003,0.0,0.0,0.0
130403020302,2004,0.0,0.0,0.0
130403020302,2005,0.0,0.0,0.0
130403020302,2006,0.0,0.0,0.0
130403020302,2007,0.0,0.0,0.0
130403020302,2008,0.0,0.0,0.0
130403020302,2009,0.0,0.0,0.0
130403020302,2010,0.0,0.0,0.0
130403020302,2011,0.0,0.0,0.0
130403020302,2012,0.0,0.0,0.0
130403020302,2013,0.0,0.0,0.0
130403020302,2014,0.0,0.0,0.0
130403020302,2015,0.0,0.0,0.0
130403020302,2016,0.0,0.0,0.0
130403020302,2017,0.0,0.0,0.0
130403020302,2018,0.0,0.0,0.0
130403020302,2019,0.0,0.0,0.0
130403020302,2020,0.0,0.0,0.0
130403020303,2000,0.0,0.0,0.0
130403020303,2001,0.0,0.0,0.0
130403020303,2002,0.0,0.0,0.0
130403020303,2003,0.0,0.0,0.0
130403020303,2004,0.0,0.0,0.0
130403020303,2005,0.0,0.0,0.0
130403020303,2006,0.0,0.0,0.0
130403020303,2007,0.0,0.0,0.0
130403020303,2008,0.0,0.0,0.0
130403020303,2009,0.0,0.0,0.0
130403020303,2010,0.0,0.0,0.0
130403020303,2011,0.0,0.0,0.0
130403020303,2012,0.0,0.0,0.0
130403020303,2013,0.0,0.0,0.0
130403020303,2014,0.0,0.0,0.0
130403020303,2015,0.0,0.0,0.0
130403020303,2016,0.0,0.0,0.0
130403020303,2017,0.0,0.0,0.0
130403020303,2018,0.0,0.0,0.0
130403020303,2019,0.0,0.0,0.0
130403020303,2020,0.0,0.0,0.0
130403020304,2000,0.0,0.0,0.0
130403020304,2001,0.0,0.0,0.0
130403020304,2002,0.0,0.0,0.0
130403020304,2003,0.0,0.0,0.0
130403020304,2004,0.0,0.0,0.0
130403020304,2005,0.0,0.0,0.0
130403020304,2006,0.0,0.0,0.0
130403020304,2007,0.0,0.0,0.0
130403020304,2008,0.0,0.0,0.0
130403020304,2009,0.0,0.0,0.0
130403020304,2010,0.0,0.0,0.0
130403020304,2011,0.0,0.0,0.0
130403020304,2012,0.0,0.0,0.0
130403020304,2013,0.0,0.0,0.0
130403020304,2014,0.0,0.0,0.0
130403020304,2015,0.0,0.0,0.0
130403020304,2016,0.0,0.0,0.0
130403020304,2017,0.0,0.0,0.0
130403020304,2018,0.0,0.0,0.0
130403020304,2019,0.0,0.0,0.0
130403020304,2020,0.0,0.0,0.0
130403020305,2000,0.0,0.0,0.0
130403020305,2001,0.0,0.0,0.0
130403020305,2002,0.0,0.0,0.0
130403020305,2003,0.0,0.0,0.0
130403020305,2004,0.0,0.0,0.0
130403020305,2005,0.0,0.0,0.0
130403020305,2006,0.0,0.0,0.0
130403020305,2007,0.0,0.0,0.0
130403020305,2008,0.0,0.0,0.0
130403020305,2009,0.0,0.0,0.0
130403020305,2010,0.0,0.0,0.0
130403020305,2011,0.0,0.0,0.0
130403020305,2012,0.0,0.0,0.0
130403020305,2013,0.0,0.0,0.0
130403020305,2014,0.0,0.0,0.0
130403020305,2015,0.0,0.0,0.0
130403020305,2016,0.0,0.0,0.0
130403020305,2017,0.0,0.0,0.0
130403020305,2018,0.0,0.0,0.0
130403020305,2019,0.0,0.0,0.0
130403020305,2020,0.0,0.0,0.0
130403020401,2000,0.0,0.0,0.0
130403020401,2001,0.0,0.0,0.0
130403020401,2002,0.0,0.0,0.0
130403020401,2003,0.0,0.0,0.0
130403020401,2004,0.0,0.0,0.0
130403020401,2005,0.0,0.0,0.0
130403020401,2006,0.0,0.0,0.0
130403020401,2007,0.0,0.0,0.0
130403020401,2008,0.0,0.0,0.0
130403020401,2009,0.0,0.0,0.0
130403020401,2010,0.0,0.0,0.0
130403020401,2011,0.0,0.0,0.0
130403020401,2012,0.0,0.0,0.0
130403020401,2013,0.0,0.0,0.0
130403020401,2014,0.0,0.0,0.0
130403020401,2015,0.0,0.0,0.0
130403020401,2016,0.0,0.0,0.0
130403020401,2017,0.0,0.0,0.0
130403020401,2018,0.0,0.0,0.0
130403020401,2019,0.0,0.0,0.0
130403020401,2020,0.0,0.0,0.0
130403020402,2000,0.0,0.0,0.0
130403020402,2001,0.0,0.0,0.0
130403020402,2002,0.0,0.0,0.0
130403020402,2003,0.0,0.0,0.0
130403020402,2004,0.0,0.0,0.0
130403020402,2005,0.0,0.0,0.0
130403020402,2006,0.0,0.0,0.0
130403020402,2007,0.0,0.0,0.0
130403020402,2008,0.0,0.0,0.0
130403020402,2009,0.0,0.0,0.0
130403020402,2010,0.0,0.0,0.0
130403020402,2011,0.0,0.0,0.0
130403020402,2012,0.0,0.0,0.0
130403020402,2013,0.0,0.0,0.0
130403020402,2014,0.0,0.0,0.0
130403020402,2015,0.0,0.0,0.0
130403020402,2016,0.0,0.0,0.0
130403020402,2017,0.0,0.0,0.0
130403020402,2018,0.0,0.0,0.0
130403020402,2019,0.0,0.0,0.0
130403020402,2020,0.0,0.0,0.0
130403020403,2000,0.0,0.0,0.0
130403020403,2001,0.0,0.0,0.0
130403020403,2002,0.0,0.0,0.0
130403020403,2003,0.0,0.0,0.0
130403020403,2004,0.0,0.0,0.0
130403020403,2005,0.0,0.0,0.0
130403020403,2006,0.0,0.0,0.0
130403020403,2007,0.0,0.0,0.0
130403020403,2008,0.0,0.0,0.0
130403020403,2009,0.0,0.0,0.0
130403020403,2010,0.0,0.0,0.0
130403020403,2011,0.0,0.0,0.0
130403020403,2012,0.0,0.0,0.0
130403020403,2013,0.0,0.0,0.0
130403020403,2014,0.0,0.0,0.0
130403020403,2015,0.0,0.0,0.0
130403020403,2016,0.0,0.0,0.0
130403020403,2017,0.0,0.0,0.0
130403020403,2018,0.0,0.0,0.0
130403020403,2019,0.0,0.0,0.0
130403020403,2020,0.0,0.0,0.0
130403020404,2000,0.0,0.0,0.0
130403020404,2001,0.0,0.0,0.0
130403020404,2002,0.0,0.0,0.0
130403020404,2003,0.0,0.0,0.0
130403020404,2004,0.0,0.0,0.0
130403020404,2005,0.0,0.0,0.0
130403020404,2006,0.0,0.0,0.0
130403020404,2007,0.0,0.0,0.0
130403020404,2008,0.0,0.0,0.0
130403020404,2009,0.0,0.0,0.0
130403020404,2010,0.0,0.0,0.0
130403020404,2011,0.0,0.0,0.0
130403020404,2012,0.0,0.0,0.0
130403020404,2013,0.0,0.0,0.0
130403020404,2014,0.0,0.0,0.0
130403020404,2015,0.0,0.0,0.0
130403020404,2016,0.0,0.0,0.0
130403020404,2017,0.0,0.0,0.0
130403020404,2018,0.0,0.0,0.0
130403020404,2019,0.0,0.0,0.0
130403020404,2020,0.0,0.0,0.0
130403020405,2000,0.0,0.0,0.0
130403020405,2001,0.0,0.0,0.0
130403020405,2002,0.0,0.0,0.0
130403020405,2003,0.0,0.0,0.0
130403020405,2004,0.0,0.0,0.0
130403020405,2005,0.0,0.0,0.0
130403020405,2006,0.0,0.0,0.0
130403020405,2007,0.0,0.0,0.0
130403020405,2008,0.0,0.0,0.0
130403020405,2009,0.0,0.0,0.0
130403020405,2010,0.0,0.0,0.0
130403020405,2011,0.0,0.0,0.0
130403020405,2012,0.0,0.0,0.0
130403020405,2013,0.0,0.0,0.0
130403020405,2014,0.0,0.0,0.0
130403020405,2015,0.0,0.0,0.0
130403020405,2016,0.0,0.0,0.0
130403020405,2017,0.0,0.0,0.0
130403020405,2018,0.0,0.0,0.0
130403020405,2019,0.0,0.0,0.0
130403020405,2020,0.0,0.0,0.0
130403020406,2000,0.0,0.0,0.0
130403020406,2001,0.0,0.0,0.0
130403020406,2002,0.0,0.0,0.0
130403020406,2003,0.0,0.0,0.0
130403020406,2004,0.0,0.0,0.0
130403020406,2005,0.0,0.0,0.0
130403020406,2006,0.0,0.0,0.0
130403020406,2007,0.0,0.0,0.0
130403020406,2008,0.0,0.0,0.0
130403020406,2009,0.0,0.0,0.0
130403020406,2010,0.0,0.0,0.0
130403020406,2011,0.0,0.0,0.0
130403020406,2012,0.0,0.0,0.0
130403020406,2013,0.0,0.0,0.0
130403020406,2014,0.0,0.0,0.0
130403020406,2015,0.0,0.0,0.0
130403020406,2016,0.0,0.0,0.0
130403020406,2017,0.0,0.0,0.0
130403020406,2018,0.0,0.0,0.0
130403020406,2019,0.0,0.0,0.0
130403020406,2020,0.0,0.0,0.0
130403020407,2000,0.0,0.0,0.0
130403020407,2001,0.0,0.0,0.0
130403020407,2002,0.0,0.0,0.0
130403020407,2003,0.0,0.0,0.0
130403020407,2004,0.0,0.0,0.0
130403020407,2005,0.0,0.0,0.0
130403020407,2006,0.0,0.0,0.0
130403020407,2007,0.0,0.0,0.0
130403020407,2008,0.0,0.0,0.0
130403020407,2009,0.0,0.0,0.0
130403020407,2010,0.0,0.0,0.0
130403020407,2011,0.0,0.0,0.0
130403020407,2012,0.0,0.0,0.0
130403020407,2013,0.0,0.0,0.0
130403020407,2014,0.0,0.0,0.0
130403020407,2015,0.0,0.0,0.0
130403020407,2016,0.0,0.0,0.0
130403020407,2017,0.0,0.0,0.0
130403020407,2018,0.0,0.0,0.0
130403020407,2019,0.0,0.0,0.0
130403020407,2020,0.0,0.0,0.0
130403020408,2000,0.0,0.0,0.0
130403020408,2001,0.0,0.0,0.0
130403020408,2002,0.0,0.0,0.0
130403020408,2003,0.0,0.0,0.0
130403020408,2004,0.0,0.0,0.0
130403020408,2005,0.0,0.0,0.0
130403020408,2006,0.0,0.0,0.0
130403020408,2007,0.0,0.0,0.0
130403020408,2008,0.0,0.0,0.0
130403020408,2009,0.0,0.0,0.0
130403020408,2010,0.0,0.0,0.0
130403020408,2011,0.0,0.0,0.0
130403020408,2012,0.0,0.0,0.0
130403020408,2013,0.0,0.0,0.0
130403020408,2014,0.0,0.0,0.0
130403020408,2015,0.0,0.0,0.0
130403020408,2016,0.0,0.0,0.0
130403020408,2017,0.0,0.0,0.0
130403020408,2018,0.0,0.0,0.0
130403020408,2019,0.0,0.0,0.0
130403020408,2020,0.0,0.0,0.0
130403030101,2000,0.0,0.0,0.0
130403030101,2001,0.0,0.0,0.0
130403030101,2002,0.0,0.0,0.0
130403030101,2003,0.0,0.0,0.0
130403030101,2004,0.0,0.0,0.0
130403030101,2005,0.0,0.0,0.0
130403030101,2006,0.0,0.0,0.0
130403030101,2007,0.0,0.0,0.0
130403030101,2008,0.0,0.0,0.0
130403030101,2009,0.0,0.0,0.0
130403030101,2010,0.0,0.0,0.0
130403030101,2011,0.0,0.0,0.0
130403030101,2012,0.0,0.0,0.0
130403030101,2013,0.0,0.0,0.0
130403030101,2014,0.0,0.0,0.0
130403030101,2015,0.0,0.0,0.0
130403030101,2016,0.0,0.0,0.0
130403030101,2017,0.0,0.0,0.0
130403030101,2018,0.0,0.0,0.0
130403030101,2019,0.0,0.0,0.0
130403030101,2020,0.0,0.0,0.0
130403030102,2000,0.0,0.0,0.0
130403030102,2001,0.0,0.0,0.0
130403030102,2002,0.0,0.0,0.0
130403030102,2003,0.0,0.0,0.0
130403030102,2004,0.0,0.0,0.0
130403030102,2005,0.0,0.0,0.0
130403030102,2006,0.0,0.0,0.0
130403030102,2007,0.0,0.0,0.0
130403030102,2008,0.0,0.0,0.0
130403030102,2009,0.0,0.0,0.0
130403030102,2010,0.0,0.0,0.0
130403030102,2011,0.0,0.0,0.0
130403030102,2012,0.0,0.0,0.0
130403030102,2013,0.0,0.0,0.0
130403030102,2014,0.0,0.0,0.0
130403030102,2015,0.0,0.0,0.0
130403030102,2016,0.0,0.0,0.0
130403030102,2017,0.0,0.0,0.0
130403030102,2018,0.0,0.0,0.0
130403030102,2019,0.0,0.0,0.0
130403030102,2020,0.0,0.0,0.0
130403030103,2000,0.0,0.0,0.0
130403030103,2001,0.0,0.0,0.0
130403030103,2002,0.0,0.0,0.0
130403030103,2003,0.0,0.0,0.0
130403030103,2004,0.0,0.0,0.0
130403030103,2005,0.0,0.0,0.0
130403030103,2006,0.0,0.0,0.0
130403030103,2007,0.0,0.0,0.0
130403030103,2008,0.0,0.0,0.0
130403030103,2009,0.0,0.0,0.0
130403030103,2010,0.0,0.0,0.0
130403030103,2011,0.0,0.0,0.0
130403030103,2012,0.0,0.0,0.0
130403030103,2013,0.0,0.0,0.0
130403030103,2014,0.0,0.0,0.0
130403030103,2015,0.0,0.0,0.0
130403030103,2016,0.0,0.0,0.0
130403030103,2017,0.0,0.0,0.0
130403030103,2018,0.0,0.0,0.0
130403030103,2019,0.0,0.0,0.0
130403030103,2020,0.0,0.0,0.0
130403030201,2000,0.0,0.0,0.0
130403030201,2001,0.0,0.0,0.0
130403030201,2002,0.0,0.0,0.0
130403030201,2003,0.0,0.0,0.0
130403030201,2004,0.0,0.0,0.0
130403030201,2005,0.0,0.0,0.0
130403030201,2006,0.0,0.0,0.0
130403030201,2007,0.0,0.0,0.0
130403030201,2008,0.0,0.0,0.0
130403030201,2009,0.0,0.0,0.0
130403030201,2010,0.0,0.0,0.0
130403030201,2011,0.0,0.0,0.0
130403030201,2012,0.0,0.0,0.0
130403030201,2013,0.0,0.0,0.0
130403030201,2014,0.0,0.0,0.0
130403030201,2015,0.0,0.0,0.0
130403030201,2016,0.0,0.0,0.0
130403030201,2017,0.0,0.0,0.0
130403030201,2018,0.0,0.0,0.0
130403030201,2019,0.0,0.0,0.0
130403030201,2020,0.0,0.0,0.0
130403030202,2000,0.0,0.0,0.0
130403030202,2001,0.0,0.0,0.0
130403030202,2002,0.0,0.0,0.0
130403030202,2003,0.0,0.0,0.0
130403030202,2004,0.0,0.0,0.0
130403030202,2005,0.0,0.0,0.0
130403030202,2006,0.0,0.0,0.0
130403030202,2007,0.0,0.0,0.0
130403030202,2008,0.0,0.0,0.0
130403030202,2009,0.0,0.0,0.0
130403030202,2010,0.0,0.0,0.0
130403030202,2011,0.0,0.0,0.0
130403030202,2012,0.0,0.0,0.0
130403030202,2013,0.0,0.0,0.0
130403030202,2014,0.0,0.0,0.0
130403030202,2015,0.0,0.0,0.0
130403030202,2016,0.0,0.0,0.0
130403030202,2017,0.0,0.0,0.0
130403030202,2018,0.0,0.0,0.0
130403030202,2019,0.0,0.0,0.0
130403030202,2020,0.0,0.0,0.0
130403030203,2000,0.0,0.0,0.0
130403030203,2001,0.0,0.0,0.0
130403030203,2002,0.0,0.0,0.0
130403030203,2003,0.0,0.0,0.0
130403030203,2004,0.0,0.0,0.0
130403030203,2005,0.0,0.0,0.0
130403030203,2006,0.0,0.0,0.0
130403030203,2007,0.0,0.0,0.0
130403030203,2008,0.0,0.0,0.0
130403030203,2009,0.0,0.0,0.0
130403030203,2010,0.0,0.0,0.0
130403030203,2011,0.0,0.0,0.0
130403030203,2012,0.0,0.0,0.0
130403030203,2013,0.0,0.0,0.0
130403030203,2014,0.0,0.0,0.0
130403030203,2015,0.0,0.0,0.0
130403030203,2016,0.0,0.0,0.0
130403030203,2017,0.0,0.0,0.0
130403030203,2018,0.0,0.0,0.0
130403030203,2019,0.0,0.0,0.0
130403030203,2020,0.0,0.0,0.0
130403030204,2000,0.0,0.0,0.0
130403030204,2001,0.0,0.0,0.0
130403030204,2002,0.0,0.0,0.0
130403030204,2003,0.0,0.0,0.0
130403030204,2004,0.0,0.0,0.0
130403030204,2005,0.0,0.0,0.0
130403030204,2006,0.0,0.0,0.0
130403030204,2007,0.0,0.0,0.0
130403030204,2008,0.0,0.0,0.0
130403030204,2009,0.0,0.0,0.0
130403030204,2010,0.0,0.0,0.0
130403030204,2011,0.0,0.0,0.0
130403030204,2012,0.0,0.0,0.0
130403030204,2013,0.0,0.0,0.0
130403030204,2014,0.0,0.0,0.0
130403030204,2015,0.0,0.0,0.0
130403030204,2016,0.0,0.0,0.0
130403030204,2017,0.0,0.0,0.0
130403030204,2018,0.0,0.0,0.0
130403030204,2019,0.0,0.0,0.0
130403030204,2020,0.0,0.0,0.0
130403030301,2000,0.0,0.0,0.0
130403030301,2001,0.0,0.0,0.0
130403030301,2002,0.0,0.0,0.0
130403030301,2003,0.0,0.0,0.0
130403030301,2004,0.0,0.0,0.0
130403030301,2005,0.0,0.0,0.0
130403030301,2006,0.0,0.0,0.0
130403030301,2007,0.0,0.0,0.0
130403030301,2008,0.0,0.0,0.0
130403030301,2009,0.0,0.0,0.0
130403030301,2010,0.0,0.0,0.0
130403030301,2011,0.0,0.0,0.0
130403030301,2012,0.0,0.0,0.0
130403030301,2013,0.0,0.0,0.0
130403030301,2014,0.0,0.0,0.0
130403030301,2015,0.0,0.0,0.0
130403030301,2016,0.0,0.0,0.0
130403030301,2017,0.0,0.0,0.0
130403030301,2018,0.0,0.0,0.0
130403030301,2019,0.0,0.0,0.0
130403030301,2020,0.0,0.0,0.0
130403030302,2000,0.0,0.0,0.0
130403030302,2001,0.0,0.0,0.0
130403030302,2002,0.0,0.0,0.0
130403030302,2003,0.0,0.0,0.0
130403030302,2004,0.0,0.0,0.0
130403030302,2005,0.0,0.0,0.0
130403030302,2006,0.0,0.0,0.0
130403030302,2007,0.0,0.0,0.0
130403030302,2008,0.0,0.0,0.0
130403030302,2009,0.0,0.0,0.0
130403030302,2010,0.0,0.0,0.0
130403030302,2011,0.0,0.0,0.0
130403030302,2012,0.0,0.0,0.0
130403030302,2013,0.0,0.0,0.0
130403030302,2014,0.0,0.0,0.0
130403030302,2015,0.0,0.0,0.0
130403030302,2016,0.0,0.0,0.0
130403030302,2017,0.0,0.0,0.0
130403030302,2018,0.0,0.0,0.0
130403030302,2019,0.0,0.0,0.0
130403030302,2020,0.0,0.0,0.0
130403030303,2000,0.0,0.0,0.0
130403030303,2001,0.0,0.0,0.0
130403030303,2002,0.0,0.0,0.0
130403030303,2003,0.0,0.0,0.0
130403030303,2004,0.0,0.0,0.0
130403030303,2005,0.0,0.0,0.0
130403030303,2006,0.0,0.0,0.0
130403030303,2007,0.0,0.0,0.0
130403030303,2008,0.0,0.0,0.0
130403030303,2009,0.0,0.0,0.0
130403030303,2010,0.0,0.0,0.0
130403030303,2011,0.0,0.0,0.0
130403030303,2012,0.0,0.0,0.0
130403030303,2013,0.0,0.0,0.0
130403030303,2014,0.0,0.0,0.0
130403030303,2015,0.0,0.0,0.0
130403030303,2016,0.0,0.0,0.0
130403030303,2017,0.0,0.0,0.0
130403030303,2018,0.0,0.0,0.0
130403030303,2019,0.0,0.0,0.0
130403030303,2020,0.0,0.0,0.0
130403030304,2000,0.0,0.0,0.0
130403030304,2001,0.0,0.0,0.0
130403030304,2002,0.0,0.0,0.0
130403030304,2003,0.0,0.0,0.0
130403030304,2004,0.0,0.0,0.0
130403030304,2005,0.0,0.0,0.0
130403030304,2006,0.0,0.0,0.0
130403030304,2007,0.0,0.0,0.0
130403030304,2008,0.0,0.0,0.0
130403030304,2009,0.0,0.0,0.0
130403030304,2010,0.0,0.0,0.0
130403030304,2011,0.0,0.0,0.0
130403030304,2012,0.0,0.0,0.0
130403030304,2013,0.0,0.0,0.0
130403030304,2014,0.0,0.0,0.0
130403030304,2015,0.0,0.0,0.0
130403030304,2016,0.0,0.0,0.0
130403030304,2017,0.0,0.0,0.0
130403030304,2018,0.0,0.0,0.0
130403030304,2019,0.0,0.0,0.0
130403030304,2020,0.0,0.0,0.0
130403030305,2000,0.0,0.0,0.0
130403030305,2001,0.0,0.0,0.0
130403030305,2002,0.0,0.0,0.0
130403030305,2003,0.0,0.0,0.0
130403030305,2004,0.0,0.0,0.0
130403030305,2005,0.0,0.0,0.0
130403030305,2006,0.0,0.0,0.0
130403030305,2007,0.0,0.0,0.0
130403030305,2008,0.0,0.0,0.0
130403030305,2009,0.0,0.0,0.0
130403030305,2010,0.0,0.0,0.0
130403030305,2011,0.0,0.0,0.0
130403030305,2012,0.0,0.0,0.0
130403030305,2013,0.0,0.0,0.0
130403030305,2014,0.0,0.0,0.0
130403030305,2015,0.0,0.0,0.0
130403030305,2016,0.0,0.0,0.0
130403030305,2017,0.0,0.0,0.0
130403030305,2018,0.0,0.0,0.0
130403030305,2019,0.0,0.0,0.0
130403030305,2020,0.0,0.0,0.0
130403030401,2000,0.0,0.0,0.0
130403030401,2001,0.0,0.0,0.0
130403030401,2002,0.0,0.0,0.0
130403030401,2003,0.0,0.0,0.0
130403030401,2004,0.0,0.0,0.0
130403030401,2005,0.0,0.0,0.0
130403030401,2006,0.0,0.0,0.0
130403030401,2007,0.0,0.0,0.0
130403030401,2008,0.0,0.0,0.0
130403030401,2009,0.0,0.0,0.0
130403030401,2010,0.0,0.0,0.0
130403030401,2011,0.0,0.0,0.0
130403030401,2012,0.0,0.0,0.0
130403030401,2013,0.0,0.0,0.0
130403030401,2014,0.0,0.0,0.0
130403030401,2015,0.0,0.0,0.0
130403030401,2016,0.0,0.0,0.0
130403030401,2017,0.0,0.0,0.0
130403030401,2018,0.0,0.0,0.0
130403030401,2019,0.0,0.0,0.0
130403030401,2020,0.0,0.0,0.0
130403030402,2000,0.0,0.0,0.0
130403030402,2001,0.0,0.0,0.0
130403030402,2002,0.0,0.0,0.0
130403030402,2003,0.0,0.0,0.0
130403030402,2004,0.0,0.0,0.0
130403030402,2005,0.0,0.0,0.0
130403030402,2006,0.0,0.0,0.0
130403030402,2007,0.0,0.0,0.0
130403030402,2008,0.0,0.0,0.0
130403030402,2009,0.0,0.0,0.0
130403030402,2010,0.0,0.0,0.0
130403030402,2011,0.0,0.0,0.0
130403030402,2012,0.0,0.0,0.0
130403030402,2013,0.0,0.0,0.0
130403030402,2014,0.0,0.0,0.0
130403030402,2015,0.0,0.0,0.0
130403030402,2016,0.0,0.0,0.0
130403030402,2017,0.0,0.0,0.0
130403030402,2018,0.0,0.0,0.0
130403030402,2019,0.0,0.0,0.0
130403030402,2020,0.0,0.0,0.0
130403030403,2000,0.0,0.0,0.0
130403030403,2001,0.0,0.0,0.0
130403030403,2002,0.0,0.0,0.0
130403030403,2003,0.0,0.0,0.0
130403030403,2004,0.0,0.0,0.0
130403030403,2005,0.0,0.0,0.0
130403030403,2006,0.0,0.0,0.0
130403030403,2007,0.0,0.0,0.0
130403030403,2008,0.0,0.0,0.0
130403030403,2009,0.0,0.0,0.0
130403030403,2010,0.0,0.0,0.0
130403030403,2011,0.0,0.0,0.0
130403030403,2012,0.0,0.0,0.0
130403030403,2013,0.0,0.0,0.0
130403030403,2014,0.0,0.0,0.0
130403030403,2015,0.0,0.0,0.0
130403030403,2016,0.0,0.0,0.0
130403030403,2017,0.0,0.0,0.0
130403030403,2018,0.0,0.0,0.0
130403030403,2019,0.0,0.0,0.0
130403030403,2020,0.0,0.0,0.0
130403030404,2000,0.0,0.0,0.0
130403030404,2001,0.0,0.0,0.0
130403030404,2002,0.0,0.0,0.0
130403030404,2003,0.0,0.0,0.0
130403030404,2004,0.0,0.0,0.0
130403030404,2005,0.0,0.0,0.0
130403030404,2006,0.0,0.0,0.0
130403030404,2007,0.0,0.0,0.0
130403030404,2008,0.0,0.0,0.0
130403030404,2009,0.0,0.0,0.0
130403030404,2010,0.0,0.0,0.0
130403030404,2011,0.0,0.0,0.0
130403030404,2012,0.0,0.0,0.0
130403030404,2013,0.0,0.0,0.0
130403030404,2014,0.0,0.0,0.0
130403030404,2015,0.0,0.0,0.0
130403030404,2016,0.0,0.0,0.0
130403030404,2017,0.0,0.0,0.0
130403030404,2018,0.0,0.0,0.0
130403030404,2019,0.0,0.0,0.0
130403030404,2020,0.0,0.0,0.0
130403030405,2000,0.0,0.0,0.0
130403030405,2001,0.0,0.0,0.0
130403030405,2002,0.0,0.0,0.0
130403030405,2003,0.0,0.0,0.0
130403030405,2004,0.0,0.0,0.0
130403030405,2005,0.0,0.0,0.0
130403030405,2006,0.0,0.0,0.0
130403030405,2007,0.0,0.0,0.0
130403030405,2008,0.0,0.0,0.0
130403030405,2009,0.0,0.0,0.0
130403030405,2010,0.0,0.0,0.0
130403030405,2011,0.0,0.0,0.0
130403030405,2012,0.0,0.0,0.0
130403030405,2013,0.0,0.0,0.0
130403030405,2014,0.0,0.0,0.0
130403030405,2015,0.0,0.0,0.0
130403030405,2016,0.0,0.0,0.0
130403030405,2017,0.0,0.0,0.0
130403030405,2018,0.0,0.0,0.0
130403030405,2019,0.0,0.0,0.0
130403030405,2020,0.0,0.0,0.0
130500032102,2000,0.000220322,0.001069667,0.00084918
130500032102,2001,0.0,0.0,0.0
130500032102,2002,0.0,0.0,0.0
130500032102,2003,0.0,0.0,0.0
130500032102,2004,0.001207096,0.005859874,0.004652776
130500032102,2005,0.0,0.0,0.0
130500032102,2006,0.02824631,0.137117671,0.108871362
130500032102,2007,0.0,0.0,0.0
130500032102,2008,0.010755626,0.052211645,0.041456019
130500032102,2009,0.0,0.0,0.0
130500032102,2010,0.012660792,0.061459921,0.048799214
130500032102,2011,0.0,0.0,0.0
130500032102,2012,0.0,0.0,0.0
130500032102,2013,0.04647766,0.225620192,0.179142447
130500032102,2014,0.033444951,0.162354178,0.128909068
130500032102,2015,0.023165351,0.112453293,0.089288027
130500032102,2016,0.058507806,0.284018087,0.225510533
130500032102,2017,0.056359353,0.273588734,0.217229548
130500032102,2018,0.0,0.0,0.0
130500032102,2019,0.0,0.0,0.0
130500032102,2020,0.0,0.0,0.0
130500040908,2000,0.0,0.0,0.0
130500040908,2001,0.0,0.0,0.0
130500040908,2002,0.0,0.0,0.0
130500040908,2003,0.0,0.0,0.0
130500040908,2004,0.0,0.0,0.0
130500040908,2005,0.0,0.0,0.0
130500040908,2006,0.0,0.0,0.0
130500040908,2007,0.0,0.0,0.0
130500040908,2008,0.0,0.0,0.0
130500040908,2009,0.0,0.0,0.0
130500040908,2010,0.0,0.0,0.0
130500040908,2011,0.0,0.0,0.0
130500040908,2012,0.0,0.0,0.0
130500040908,2013,0.0,0.0,0.0
130500040908,2014,0.0,0.0,0.0
130500040908,2015,0.0,0.0,0.0
130500040908,2016,0.0,0.0,0.0
130500040908,2017,0.0,0.0,0.0
130500040908,2018,0.0,0.0,0.0
130500040908,2019,0.0,0.0,0.0
130500040908,2020,0.0,0.0,0.0
130500040909,2000,0.0,0.0,0.0
130500040909,2001,0.0,0.0,0.0
130500040909,2002,0.0,0.0,0.0
130500040909,2003,0.0,0.0,0.0
130500040909,2004,0.0,0.0,0.0
130500040909,2005,0.0,0.0,0.0
130500040909,2006,0.0,0.0,0.0
130500040909,2007,0.0,0.0,0.0
130500040909,2008,0.0,0.0,0.0
130500040909,2009,0.0,0.0,0.0
130500040909,2010,0.0,0.0,0.0
130500040909,2011,0.0,0.0,0.0
130500040909,2012,0.0,0.0,0.0
130500040909,2013,0.0,0.0,0.0
130500040909,2014,0.0,0.0,0.0
130500040909,2015,0.0,0.0,0.0
130500040909,2016,0.0,0.0,0.0
130500040909,2017,0.0,0.0,0.0
130500040909,2018,0.0,0.0,0.0
130500040909,2019,0.0,0.0,0.0
130500040909,2020,0.0,0.0,0.0
130500040910,2000,0.0,0.0,0.0
130500040910,2001,0.0,0.0,0.0
130500040910,2002,0.0,0.0,0.0
130500040910,2003,0.0,0.0,0.0
130500040910,2004,0.0,0.0,0.0
130500040910,2005,0.0,0.0,0.0
130500040910,2006,0.0,0.0,0.0
130500040910,2007,0.0,0.0,0.0
130500040910,2008,0.0,0.0,0.0
130500040910,2009,0.0,0.0,0.0
130500040910,2010,0.0,0.0,0.0
130500040910,2011,0.0,0.0,0.0
130500040910,2012,0.0,0.0,0.0
130500040910,2013,0.0,0.0,0.0
130500040910,2014,0.0,0.0,0.0
130500040910,2015,0.0,0.0,0.0
130500040910,2016,0.0,0.0,0.0
130500040910,2017,0.0,0.0,0.0
130500040910,2018,0.0,0.0,0.0
130500040910,2019,0.0,0.0,0.0
130500040910,2020,0.0,0.0,0.0
130500040911,2000,0.0,0.0,0.0
130500040911,2001,0.0,0.0,0.0
130500040911,2002,0.0,0.0,0.0
130500040911,2003,0.0,0.0,0.0
130500040911,2004,0.0,0.0,0.0
130500040911,2005,0.0,0.0,0.0
130500040911,2006,0.0,0.0,0.0
130500040911,2007,0.0,0.0,0.0
130500040911,2008,0.0,0.0,0.0
130500040911,2009,0.0,0.0,0.0
130500040911,2010,0.0,0.0,0.0
130500040911,2011,0.0,0.0,0.0
130500040911,2012,0.0,0.0,0.0
130500040911,2013,0.0,0.0,0.0
130500040911,2014,0.0,0.0,0.0
130500040911,2015,0.0,0.0,0.0
130500040911,2016,0.0,0.0,0.0
130500040911,2017,0.0,0.0,0.0
130500040911,2018,0.0,0.0,0.0
130500040911,2019,0.0,0.0,0.0
130500040911,2020,0.0,0.0,0.0
130500041004,2000,0.0,0.0,0.0
130500041004,2001,0.0,0.0,0.0
130500041004,2002,0.0,0.0,0.0
130500041004,2003,0.0,0.0,0.0
130500041004,2004,0.0,0.0,0.0
130500041004,2005,0.0,0.0,0.0
130500041004,2006,0.0,0.0,0.0
130500041004,2007,0.0,0.0,0.0
130500041004,2008,0.0,0.0,0.0
130500041004,2009,0.0,0.0,0.0
130500041004,2010,0.0,0.0,0.0
130500041004,2011,0.0,0.0,0.0
130500041004,2012,0.0,0.0,0.0
130500041004,2013,0.0,0.0,0.0
130500041004,2014,0.0,0.0,0.0
130500041004,2015,0.0,0.0,0.0
130500041004,2016,0.0,0.0,0.0
130500041004,2017,0.0,0.0,0.0
130500041004,2018,0.0,0.0,0.0
130500041004,2019,0.0,0.0,0.0
130500041004,2020,0.0,0.0,0.0
130500041005,2000,0.0,0.0,0.0
130500041005,2001,0.0,0.0,0.0
130500041005,2002,0.0,0.0,0.0
130500041005,2003,0.0,0.0,0.0
130500041005,2004,0.0,0.0,0.0
130500041005,2005,0.0,0.0,0.0
130500041005,2006,0.0,0.0,0.0
130500041005,2007,0.0,0.0,0.0
130500041005,2008,0.0,0.0,0.0
130500041005,2009,0.0,0.0,0.0
130500041005,2010,0.0,0.0,0.0
130500041005,2011,0.0,0.0,0.0
130500041005,2012,0.0,0.0,0.0
130500041005,2013,0.0,0.0,0.0
130500041005,2014,0.0,0.0,0.0
130500041005,2015,0.0,0.0,0.0
130500041005,2016,0.0,0.0,0.0
130500041005,2017,0.0,0.0,0.0
130500041005,2018,0.0,0.0,0.0
130500041005,2019,0.0,0.0,0.0
130500041005,2020,0.0,0.0,0.0
130500041006,2000,0.0,0.0,0.0
130500041006,2001,0.0,0.0,0.0
130500041006,2002,0.0,0.0,0.0
130500041006,2003,0.0,0.0,0.0
130500041006,2004,0.0,0.0,0.0
130500041006,2005,0.0,0.0,0.0
130500041006,2006,0.0,0.0,0.0
130500041006,2007,0.0,0.0,0.0
130500041006,2008,0.0,0.0,0.0
130500041006,2009,0.0,0.0,0.0
130500041006,2010,0.0,0.0,0.0
130500041006,2011,0.0,0.0,0.0
130500041006,2012,0.0,0.0,0.0
130500041006,2013,0.0,0.0,0.0
130500041006,2014,0.0,0.0,0.0
130500041006,2015,0.0,0.0,0.0
130500041006,2016,0.0,0.0,0.0
130500041006,2017,0.0,0.0,0.0
130500041006,2018,0.0,0.0,0.0
130500041006,2019,0.0,0.0,0.0
130500041006,2020,0.0,0.0,0.0
130500041007,2000,0.0,0.0,0.0
130500041007,2001,0.0,0.0,0.0
130500041007,2002,0.0,0.0,0.0
130500041007,2003,0.0,0.0,0.0
130500041007,2004,0.0,0.0,0.0
130500041007,2005,0.0,0.0,0.0
130500041007,2006,0.0,0.0,0.0
130500041007,2007,0.0,0.0,0.0
130500041007,2008,0.0,0.0,0.0
130500041007,2009,0.0,0.0,0.0
130500041007,2010,0.0,0.0,0.0
130500041007,2011,0.0,0.0,0.0
130500041007,2012,0.0,0.0,0.0
130500041007,2013,0.0,0.0,0.0
130500041007,2014,0.0,0.0,0.0
130500041007,2015,0.0,0.0,0.0
130500041007,2016,0.0,0.0,0.0
130500041007,2017,0.0,0.0,0.0
130500041007,2018,0.0,0.0,0.0
130500041007,2019,0.0,0.0,0.0
130500041007,2020,0.0,0.0,0.0
130500041101,2000,0.0,0.0,0.0
130500041101,2001,0.0,0.0,0.0
130500041101,2002,0.0,0.0,0.0
130500041101,2003,0.0,0.0,0.0
130500041101,2004,0.0,0.0,0.0
130500041101,2005,0.0,0.0,0.0
130500041101,2006,0.0,0.0,0.0
130500041101,2007,0.0,0.0,0.0
130500041101,2008,0.0,0.0,0.0
130500041101,2009,0.0,0.0,0.0
130500041101,2010,0.0,0.0,0.0
130500041101,2011,0.0,0.0,0.0
130500041101,2012,0.0,0.0,0.0
130500041101,2013,0.0,0.0,0.0
130500041101,2014,0.0,0.0,0.0
130500041101,2015,0.0,0.0,0.0
130500041101,2016,0.0,0.0,0.0
130500041101,2017,0.0,0.0,0.0
130500041101,2018,0.0,0.0,0.0
130500041101,2019,0.0,0.0,0.0
130500041101,2020,0.0,0.0,0.0
130500041102,2000,0.0,0.0,0.0
130500041102,2001,0.0,0.0,0.0
130500041102,2002,0.0,0.0,0.0
130500041102,2003,0.0,0.0,0.0
130500041102,2004,0.0,0.0,0.0
130500041102,2005,0.0,0.0,0.0
130500041102,2006,0.0,0.0,0.0
130500041102,2007,0.0,0.0,0.0
130500041102,2008,0.0,0.0,0.0
130500041102,2009,0.0,0.0,0.0
130500041102,2010,0.0,0.0,0.0
130500041102,2011,0.0,0.0,0.0
130500041102,2012,0.0,0.0,0.0
130500041102,2013,0.0,0.0,0.0
130500041102,2014,0.0,0.0,0.0
130500041102,2015,0.0,0.0,0.0
130500041102,2016,0.0,0.0,0.0
130500041102,2017,0.0,0.0,0.0
130500041102,2018,0.0,0.0,0.0
130500041102,2019,0.0,0.0,0.0
130500041102,2020,0.0,0.0,0.0
130500041103,2000,0.0,0.0,0.0
130500041103,2001,0.0,0.0,0.0
130500041103,2002,0.0,0.0,0.0
130500041103,2003,0.0,0.0,0.0
130500041103,2004,0.0,0.0,0.0
130500041103,2005,0.0,0.0,0.0
130500041103,2006,0.0,0.0,0.0
130500041103,2007,0.0,0.0,0.0
130500041103,2008,0.0,0.0,0.0
130500041103,2009,0.0,0.0,0.0
130500041103,2010,0.0,0.0,0.0
130500041103,2011,0.0,0.0,0.0
130500041103,2012,0.0,0.0,0.0
130500041103,2013,0.0,0.0,0.0
130500041103,2014,0.0,0.0,0.0
130500041103,2015,0.0,0.0,0.0
130500041103,2016,0.0,0.0,0.0
130500041103,2017,0.0,0.0,0.0
130500041103,2018,0.0,0.0,0.0
130500041103,2019,0.0,0.0,0.0
130500041103,2020,0.0,0.0,0.0
130500041104,2000,0.0,0.0,0.0
130500041104,2001,0.0,0.0,0.0
130500041104,2002,0.0,0.0,0.0
130500041104,2003,0.0,0.0,0.0
130500041104,2004,0.0,0.0,0.0
130500041104,2005,0.0,0.0,0.0
130500041104,2006,0.0,0.0,0.0
130500041104,2007,0.0,0.0,0.0
130500041104,2008,0.0,0.0,0.0
130500041104,2009,0.0,0.0,0.0
130500041104,2010,0.0,0.0,0.0
130500041104,2011,0.0,0.0,0.0
130500041104,2012,0.0,0.0,0.0
130500041104,2013,0.0,0.0,0.0
130500041104,2014,0.0,0.0,0.0
130500041104,2015,0.0,0.0,0.0
130500041104,2016,0.0,0.0,0.0
130500041104,2017,0.0,0.0,0.0
130500041104,2018,0.0,0.0,0.0
130500041104,2019,0.0,0.0,0.0
130500041104,2020,0.0,0.0,0.0
130500041105,2000,0.0,0.0,0.0
130500041105,2001,0.0,0.0,0.0
130500041105,2002,0.0,0.0,0.0
130500041105,2003,0.0,0.0,0.0
130500041105,2004,0.0,0.0,0.0
130500041105,2005,0.0,0.0,0.0
130500041105,2006,0.0,0.0,0.0
130500041105,2007,0.0,0.0,0.0
130500041105,2008,0.0,0.0,0.0
130500041105,2009,0.0,0.0,0.0
130500041105,2010,0.0,0.0,0.0
130500041105,2011,0.0,0.0,0.0
130500041105,2012,0.0,0.0,0.0
130500041105,2013,0.0,0.0,0.0
130500041105,2014,0.0,0.0,0.0
130500041105,2015,0.0,0.0,0.0
130500041105,2016,0.0,0.0,0.0
130500041105,2017,0.0,0.0,0.0
130500041105,2018,0.0,0.0,0.0
130500041105,2019,0.0,0.0,0.0
130500041105,2020,0.0,0.0,0.0
130500041106,2000,0.0,0.0,0.0
130500041106,2001,0.0,0.0,0.0
130500041106,2002,0.0,0.0,0.0
130500041106,2003,0.0,0.0,0.0
130500041106,2004,0.0,0.0,0.0
130500041106,2005,0.0,0.0,0.0
130500041106,2006,0.0,0.0,0.0
130500041106,2007,0.0,0.0,0.0
130500041106,2008,0.0,0.0,0.0
130500041106,2009,0.0,0.0,0.0
130500041106,2010,0.0,0.0,0.0
130500041106,2011,0.0,0.0,0.0
130500041106,2012,0.0,0.0,0.0
130500041106,2013,0.0,0.0,0.0
130500041106,2014,0.0,0.0,0.0
130500041106,2015,0.0,0.0,0.0
130500041106,2016,0.0,0.0,0.0
130500041106,2017,0.0,0.0,0.0
130500041106,2018,0.0,0.0,0.0
130500041106,2019,0.0,0.0,0.0
130500041106,2020,0.0,0.0,0.0
130500041107,2000,0.0,0.0,0.0
130500041107,2001,0.0,0.0,0.0
130500041107,2002,0.0,0.0,0.0
130500041107,2003,0.0,0.0,0.0
130500041107,2004,0.0,0.0,0.0
130500041107,2005,0.0,0.0,0.0
130500041107,2006,0.0,0.0,0.0
130500041107,2007,0.0,0.0,0.0
130500041107,2008,0.0,0.0,0.0
130500041107,2009,0.0,0.0,0.0
130500041107,2010,0.0,0.0,0.0
130500041107,2011,0.0,0.0,0.0
130500041107,2012,0.0,0.0,0.0
130500041107,2013,0.0,0.0,0.0
130500041107,2014,0.0,0.0,0.0
130500041107,2015,0.0,0.0,0.0
130500041107,2016,0.0,0.0,0.0
130500041107,2017,0.0,0.0,0.0
130500041107,2018,0.0,0.0,0.0
130500041107,2019,0.0,0.0,0.0
130500041107,2020,0.0,0.0,0.0
130500041108,2000,0.0,0.0,0.0
130500041108,2001,0.0,0.0,0.0
130500041108,2002,0.0,0.0,0.0
130500041108,2003,0.0,0.0,0.0
130500041108,2004,0.0,0.0,0.0
130500041108,2005,0.0,0.0,0.0
130500041108,2006,0.0,0.0,0.0
130500041108,2007,0.0,0.0,0.0
130500041108,2008,0.0,0.0,0.0
130500041108,2009,0.0,0.0,0.0
130500041108,2010,0.0,0.0,0.0
130500041108,2011,0.0,0.0,0.0
130500041108,2012,0.0,0.0,0.0
130500041108,2013,0.0,0.0,0.0
130500041108,2014,0.0,0.0,0.0
130500041108,2015,0.0,0.0,0.0
130500041108,2016,0.0,0.0,0.0
130500041108,2017,0.0,0.0,0.0
130500041108,2018,0.0,0.0,0.0
130500041108,2019,0.0,0.0,0.0
130500041108,2020,0.0,0.0,0.0
130500041201,2000,0.0,0.0,0.0
130500041201,2001,0.0,0.0,0.0
130500041201,2002,0.0,0.0,0.0
130500041201,2003,0.0,0.0,0.0
130500041201,2004,0.0,0.0,0.0
130500041201,2005,0.0,0.0,0.0
130500041201,2006,0.0,0.0,0.0
130500041201,2007,0.0,0.0,0.0
130500041201,2008,0.0,0.0,0.0
130500041201,2009,0.0,0.0,0.0
130500041201,2010,0.0,0.0,0.0
130500041201,2011,0.0,0.0,0.0
130500041201,2012,0.0,0.0,0.0
130500041201,2013,0.0,0.0,0.0
130500041201,2014,0.0,0.0,0.0
130500041201,2015,0.0,0.0,0.0
130500041201,2016,0.0,0.0,0.0
130500041201,2017,0.0,0.0,0.0
130500041201,2018,0.0,0.0,0.0
130500041201,2019,0.0,0.0,0.0
130500041201,2020,0.0,0.0,0.0
130500041202,2000,0.0,0.0,0.0
130500041202,2001,0.0,0.0,0.0
130500041202,2002,0.0,0.0,0.0
130500041202,2003,0.0,0.0,0.0
130500041202,2004,0.0,0.0,0.0
130500041202,2005,0.0,0.0,0.0
130500041202,2006,0.0,0.0,0.0
130500041202,2007,0.0,0.0,0.0
130500041202,2008,0.0,0.0,0.0
130500041202,2009,0.0,0.0,0.0
130500041202,2010,0.0,0.0,0.0
130500041202,2011,0.0,0.0,0.0
130500041202,2012,0.0,0.0,0.0
130500041202,2013,0.0,0.0,0.0
130500041202,2014,0.0,0.0,0.0
130500041202,2015,0.0,0.0,0.0
130500041202,2016,0.0,0.0,0.0
130500041202,2017,0.0,0.0,0.0
130500041202,2018,0.0,0.0,0.0
130500041202,2019,0.0,0.0,0.0
130500041202,2020,0.0,0.0,0.0
130500041203,2000,0.0,0.0,0.0
130500041203,2001,0.0,0.0,0.0
130500041203,2002,0.0,0.0,0.0
130500041203,2003,0.0,0.0,0.0
130500041203,2004,0.0,0.0,0.0
130500041203,2005,0.0,0.0,0.0
130500041203,2006,0.0,0.0,0.0
130500041203,2007,0.0,0.0,0.0
130500041203,2008,0.0,0.0,0.0
130500041203,2009,0.0,0.0,0.0
130500041203,2010,0.0,0.0,0.0
130500041203,2011,0.0,0.0,0.0
130500041203,2012,0.0,0.0,0.0
130500041203,2013,0.0,0.0,0.0
130500041203,2014,0.0,0.0,0.0
130500041203,2015,0.0,0.0,0.0
130500041203,2016,0.0,0.0,0.0
130500041203,2017,0.0,0.0,0.0
130500041203,2018,0.0,0.0,0.0
130500041203,2019,0.0,0.0,0.0
130500041203,2020,0.0,0.0,0.0
130500041204,2000,0.0,0.0,0.0
130500041204,2001,0.0,0.0,0.0
130500041204,2002,0.0,0.0,0.0
130500041204,2003,0.0,0.0,0.0
130500041204,2004,0.0,0.0,0.0
130500041204,2005,0.0,0.0,0.0
130500041204,2006,0.0,0.0,0.0
130500041204,2007,0.0,0.0,0.0
130500041204,2008,0.0,0.0,0.0
130500041204,2009,0.0,0.0,0.0
130500041204,2010,0.0,0.0,0.0
130500041204,2011,0.0,0.0,0.0
130500041204,2012,0.0,0.0,0.0
130500041204,2013,0.0,0.0,0.0
130500041204,2014,0.0,0.0,0.0
130500041204,2015,0.0,0.0,0.0
130500041204,2016,0.0,0.0,0.0
130500041204,2017,0.0,0.0,0.0
130500041204,2018,0.0,0.0,0.0
130500041204,2019,0.0,0.0,0.0
130500041204,2020,0.0,0.0,0.0
130500041205,2000,0.0,0.0,0.0
130500041205,2001,0.0,0.0,0.0
130500041205,2002,0.0,0.0,0.0
130500041205,2003,0.0,0.0,0.0
130500041205,2004,0.0,0.0,0.0
130500041205,2005,0.0,0.0,0.0
130500041205,2006,0.0,0.0,0.0
130500041205,2007,0.0,0.0,0.0
130500041205,2008,0.0,0.0,0.0
130500041205,2009,0.0,0.0,0.0
130500041205,2010,0.0,0.0,0.0
130500041205,2011,0.0,0.0,0.0
130500041205,2012,0.0,0.0,0.0
130500041205,2013,0.0,0.0,0.0
130500041205,2014,0.0,0.0,0.0
130500041205,2015,0.0,0.0,0.0
130500041205,2016,0.0,0.0,0.0
130500041205,2017,0.0,0.0,0.0
130500041205,2018,0.0,0.0,0.0
130500041205,2019,0.0,0.0,0.0
130500041205,2020,0.0,0.0,0.0
130500041301,2000,0.0,0.0,0.0
130500041301,2001,0.0,0.0,0.0
130500041301,2002,0.0,0.0,0.0
130500041301,2003,0.0,0.0,0.0
130500041301,2004,0.0,0.0,0.0
130500041301,2005,0.0,0.0,0.0
130500041301,2006,0.0,0.0,0.0
130500041301,2007,0.0,0.0,0.0
130500041301,2008,0.0,0.0,0.0
130500041301,2009,0.0,0.0,0.0
130500041301,2010,0.0,0.0,0.0
130500041301,2011,0.0,0.0,0.0
130500041301,2012,0.0,0.0,0.0
130500041301,2013,0.0,0.0,0.0
130500041301,2014,0.0,0.0,0.0
130500041301,2015,0.0,0.0,0.0
130500041301,2016,0.0,0.0,0.0
130500041301,2017,0.0,0.0,0.0
130500041301,2018,0.0,0.0,0.0
130500041301,2019,0.0,0.0,0.0
130500041301,2020,0.0,0.0,0.0
130500041302,2000,0.0,0.0,0.0
130500041302,2001,0.0,0.0,0.0
130500041302,2002,0.0,0.0,0.0
130500041302,2003,0.0,0.0,0.0
130500041302,2004,0.0,0.0,0.0
130500041302,2005,0.0,0.0,0.0
130500041302,2006,0.0,0.0,0.0
130500041302,2007,0.0,0.0,0.0
130500041302,2008,0.0,0.0,0.0
130500041302,2009,0.0,0.0,0.0
130500041302,2010,0.0,0.0,0.0
130500041302,2011,0.0,0.0,0.0
130500041302,2012,0.0,0.0,0.0
130500041302,2013,0.0,0.0,0.0
130500041302,2014,0.0,0.0,0.0
130500041302,2015,0.0,0.0,0.0
130500041302,2016,0.0,0.0,0.0
130500041302,2017,0.0,0.0,0.0
130500041302,2018,0.0,0.0,0.0
130500041302,2019,0.0,0.0,0.0
130500041302,2020,0.0,0.0,0.0
130500041303,2000,0.0,0.0,0.0
130500041303,2001,0.0,0.0,0.0
130500041303,2002,0.0,0.0,0.0
130500041303,2003,0.0,0.0,0.0
130500041303,2004,0.0,0.0,0.0
130500041303,2005,0.0,0.0,0.0
130500041303,2006,0.0,0.0,0.0
130500041303,2007,0.0,0.0,0.0
130500041303,2008,0.0,0.0,0.0
130500041303,2009,0.0,0.0,0.0
130500041303,2010,0.0,0.0,0.0
130500041303,2011,0.0,0.0,0.0
130500041303,2012,0.0,0.0,0.0
130500041303,2013,0.0,0.0,0.0
130500041303,2014,0.0,0.0,0.0
130500041303,2015,0.0,0.0,0.0
130500041303,2016,0.0,0.0,0.0
130500041303,2017,0.0,0.0,0.0
130500041303,2018,0.0,0.0,0.0
130500041303,2019,0.0,0.0,0.0
130500041303,2020,0.0,0.0,0.0
130500041304,2000,0.0,0.0,0.0
130500041304,2001,0.0,0.0,0.0
130500041304,2002,0.0,0.0,0.0
130500041304,2003,0.0,0.0,0.0
130500041304,2004,0.0,0.0,0.0
130500041304,2005,0.026378529,0.028860581,0.002481967
130500041304,2006,0.0,0.0,0.0
130500041304,2007,0.0,0.0,0.0
130500041304,2008,0.0,0.0,0.0
130500041304,2009,0.0,0.0,0.0
130500041304,2010,0.036632674,0.040079384,0.003446962
130500041304,2011,0.0,0.0,0.0
130500041304,2012,0.0,0.0,0.0
130500041304,2013,0.026572047,0.029072307,0.002500175
130500041304,2014,0.0,0.0,0.0
130500041304,2015,0.0,0.0,0.0
130500041304,2016,0.03316335,0.036283798,0.003120279
130500041304,2017,0.0,0.0,0.0
130500041304,2018,0.0,0.0,0.0
130500041304,2019,0.0,0.0,0.0
130500041304,2020,0.0,0.0,0.0
130500041305,2000,0.0,0.0,0.0
130500041305,2001,0.0,0.0,0.0
130500041305,2002,0.0,0.0,0.0
130500041305,2003,0.0,0.0,0.0
130500041305,2004,0.0,0.0,0.0
130500041305,2005,0.0,0.0,0.0
130500041305,2006,0.0,0.0,0.0
130500041305,2007,0.0,0.0,0.0
130500041305,2008,0.0,0.0,0.0
130500041305,2009,0.0,0.0,0.0
130500041305,2010,0.0,0.0,0.0
130500041305,2011,0.0,0.0,0.0
130500041305,2012,0.0,0.0,0.0
130500041305,2013,0.0,0.0,0.0
130500041305,2014,0.0,0.0,0.0
130500041305,2015,0.0,0.0,0.0
130500041305,2016,0.0,0.0,0.0
130500041305,2017,0.0,0.0,0.0
130500041305,2018,0.0,0.0,0.0
130500041305,2019,0.0,0.0,0.0
130500041305,2020,0.0,0.0,0.0
130500041306,2000,0.0,0.0,0.0
130500041306,2001,0.0,0.0,0.0
130500041306,2002,0.0,0.0,0.0
130500041306,2003,0.0,0.0,0.0
130500041306,2004,0.0,0.0,0.0
130500041306,2005,0.0,0.0,0.0
130500041306,2006,0.0,0.0,0.0
130500041306,2007,0.0,0.0,0.0
130500041306,2008,0.0,0.0,0.0
130500041306,2009,0.0,0.0,0.0
130500041306,2010,0.0,0.0,0.0
130500041306,2011,0.0,0.0,0.0
130500041306,2012,0.0,0.0,0.0
130500041306,2013,0.0,0.0,0.0
130500041306,2014,0.0,0.0,0.0
130500041306,2015,0.0,0.0,0.0
130500041306,2016,0.0,0.0,0.0
130500041306,2017,0.0,0.0,0.0
130500041306,2018,0.0,0.0,0.0
130500041306,2019,0.0,0.0,0.0
130500041306,2020,0.0,0.0,0.0
130500041307,2000,0.0,0.0,0.0
130500041307,2001,0.0,0.0,0.0
130500041307,2002,0.0,0.0,0.0
130500041307,2003,0.0,0.0,0.0
130500041307,2004,0.0,0.0,0.0
130500041307,2005,0.0,0.0,0.0
130500041307,2006,0.0,0.0,0.0
130500041307,2007,0.0,0.0,0.0
130500041307,2008,0.0,0.0,0.0
130500041307,2009,0.0,0.0,0.0
130500041307,2010,0.0,0.0,0.0
130500041307,2011,0.0,0.0,0.0
130500041307,2012,0.0,0.0,0.0
130500041307,2013,0.0,0.0,0.0
130500041307,2014,0.0,0.0,0.0
130500041307,2015,0.0,0.0,0.0
130500041307,2016,0.0,0.0,0.0
130500041307,2017,0.0,0.0,0.0
130500041307,2018,0.0,0.0,0.0
130500041307,2019,0.0,0.0,0.0
130500041307,2020,0.0,0.0,0.0
130500041401,2000,0.0,0.0,0.0
130500041401,2001,0.0,0.0,0.0
130500041401,2002,0.0,0.0,0.0
130500041401,2003,0.0,0.0,0.0
130500041401,2004,0.0,0.0,0.0
130500041401,2005,0.0,0.0,0.0
130500041401,2006,0.0,0.0,0.0
130500041401,2007,0.0,0.0,0.0
130500041401,2008,0.0,0.0,0.0
130500041401,2009,0.0,0.0,0.0
130500041401,2010,0.0,0.0,0.0
130500041401,2011,0.0,0.0,0.0
130500041401,2012,0.0,0.0,0.0
130500041401,2013,0.0,0.0,0.0
130500041401,2014,0.0,0.0,0.0
130500041401,2015,0.0,0.0,0.0
130500041401,2016,0.0,0.0,0.0
130500041401,2017,0.0,0.0,0.0
130500041401,2018,0.0,0.0,0.0
130500041401,2019,0.0,0.0,0.0
130500041401,2020,0.0,0.0,0.0
130500041402,2000,0.0,0.0,0.0
130500041402,2001,0.0,0.0,0.0
130500041402,2002,0.0,0.0,0.0
130500041402,2003,0.0,0.0,0.0
130500041402,2004,0.0,0.0,0.0
130500041402,2005,0.0,0.0,0.0
130500041402,2006,0.0,0.0,0.0
130500041402,2007,0.0,0.0,0.0
130500041402,2008,0.0,0.0,0.0
130500041402,2009,0.0,0.0,0.0
130500041402,2010,0.0,0.0,0.0
130500041402,2011,0.0,0.0,0.0
130500041402,2012,0.0,0.0,0.0
130500041402,2013,0.0,0.0,0.0
130500041402,2014,0.0,0.0,0.0
130500041402,2015,0.0,0.0,0.0
130500041402,2016,0.0,0.0,0.0
130500041402,2017,0.0,0.0,0.0
130500041402,2018,0.0,0.0,0.0
130500041402,2019,0.0,0.0,0.0
130500041402,2020,0.0,0.0,0.0
130500041403,2000,0.0,0.0,0.0
130500041403,2001,0.0,0.0,0.0
130500041403,2002,0.0,0.0,0.0
130500041403,2003,0.0,0.0,0.0
130500041403,2004,0.0,0.0,0.0
130500041403,2005,0.0,0.0,0.0
130500041403,2006,0.0,0.0,0.0
130500041403,2007,0.0,0.0,0.0
130500041403,2008,0.0,0.0,0.0
130500041403,2009,0.0,0.0,0.0
130500041403,2010,0.0,0.0,0.0
130500041403,2011,0.0,0.0,0.0
130500041403,2012,0.0,0.0,0.0
130500041403,2013,0.0,0.0,0.0
130500041403,2014,0.0,0.0,0.0
130500041403,2015,0.0,0.0,0.0
130500041403,2016,0.0,0.0,0.0
130500041403,2017,0.0,0.0,0.0
130500041403,2018,0.0,0.0,0.0
130500041403,2019,0.0,0.0,0.0
130500041403,2020,0.0,0.0,0.0
130500041404,2000,0.0,0.0,0.0
130500041404,2001,0.0,0.0,0.0
130500041404,2002,0.0,0.0,0.0
130500041404,2003,0.0,0.0,0.0
130500041404,2004,0.0,0.0,0.0
130500041404,2005,0.0,0.0,0.0
130500041404,2006,0.0,0.0,0.0
130500041404,2007,0.0,0.0,0.0
130500041404,2008,0.0,0.0,0.0
130500041404,2009,0.0,0.0,0.0
130500041404,2010,0.0,0.0,0.0
130500041404,2011,0.0,0.0,0.0
130500041404,2012,0.0,0.0,0.0
130500041404,2013,0.0,0.0,0.0
130500041404,2014,0.0,0.0,0.0
130500041404,2015,0.0,0.0,0.0
130500041404,2016,0.0,0.0,0.0
130500041404,2017,0.0,0.0,0.0
130500041404,2018,0.0,0.0,0.0
130500041404,2019,0.0,0.0,0.0
130500041404,2020,0.0,0.0,0.0
130500041405,2000,0.0,0.0,0.0
130500041405,2001,0.0,0.0,0.0
130500041405,2002,0.0,0.0,0.0
130500041405,2003,0.0,0.0,0.0
130500041405,2004,0.0,0.0,0.0
130500041405,2005,0.0,0.0,0.0
130500041405,2006,0.0,0.0,0.0
130500041405,2007,0.0,0.0,0.0
130500041405,2008,0.0,0.0,0.0
130500041405,2009,0.0,0.0,0.0
130500041405,2010,0.0,0.0,0.0
130500041405,2011,0.0,0.0,0.0
130500041405,2012,0.0,0.0,0.0
130500041405,2013,0.0,0.0,0.0
130500041405,2014,0.0,0.0,0.0
130500041405,2015,0.0,0.0,0.0
130500041405,2016,0.0,0.0,0.0
130500041405,2017,0.0,0.0,0.0
130500041405,2018,0.0,0.0,0.0
130500041405,2019,0.0,0.0,0.0
130500041405,2020,0.0,0.0,0.0
130500041406,2000,0.0,0.0,0.0
130500041406,2001,0.0,0.0,0.0
130500041406,2002,0.0,0.0,0.0
130500041406,2003,0.0,0.0,0.0
130500041406,2004,0.0,0.0,0.0
130500041406,2005,0.0,0.0,0.0
130500041406,2006,0.0,0.0,0.0
130500041406,2007,0.0,0.0,0.0
130500041406,2008,0.0,0.0,0.0
130500041406,2009,0.0,0.0,0.0
130500041406,2010,0.0,0.0,0.0
130500041406,2011,0.0,0.0,0.0
130500041406,2012,0.0,0.0,0.0
130500041406,2013,0.0,0.0,0.0
130500041406,2014,0.0,0.0,0.0
130500041406,2015,0.0,0.0,0.0
130500041406,2016,0.0,0.0,0.0
130500041406,2017,0.0,0.0,0.0
130500041406,2018,0.0,0.0,0.0
130500041406,2019,0.0,0.0,0.0
130500041406,2020,0.0,0.0,0.0
130500041407,2000,0.0,0.0,0.0
130500041407,2001,0.0,0.0,0.0
130500041407,2002,0.0,0.0,0.0
130500041407,2003,0.0,0.0,0.0
130500041407,2004,0.0,0.0,0.0
130500041407,2005,0.0,0.0,0.0
130500041407,2006,0.0,0.0,0.0
130500041407,2007,0.0,0.0,0.0
130500041407,2008,0.0,0.0,0.0
130500041407,2009,0.0,0.0,0.0
130500041407,2010,0.0,0.0,0.0
130500041407,2011,0.0,0.0,0.0
130500041407,2012,0.0,0.0,0.0
130500041407,2013,0.0,0.0,0.0
130500041407,2014,0.0,0.0,0.0
130500041407,2015,0.0,0.0,0.0
130500041407,2016,0.0,0.0,0.0
130500041407,2017,0.0,0.0,0.0
130500041407,2018,0.0,0.0,0.0
130500041407,2019,0.0,0.0,0.0
130500041407,2020,0.0,0.0,0.0
130500041502,2000,0.0,0.0,0.0
130500041502,2001,0.0,0.0,0.0
130500041502,2002,0.0,0.0,0.0
130500041502,2003,0.0,0.0,0.0
130500041502,2004,0.0,0.0,0.0
130500041502,2005,0.0,0.0,0.0
130500041502,2006,0.0,0.0,0.0
130500041502,2007,0.0,0.0,0.0
130500041502,2008,0.0,0.0,0.0
130500041502,2009,0.0,0.0,0.0
130500041502,2010,0.0,0.0,0.0
130500041502,2011,0.0,0.0,0.0
130500041502,2012,0.0,0.0,0.0
130500041502,2013,0.0,0.0,0.0
130500041502,2014,0.0,0.0,0.0
130500041502,2015,0.0,0.0,0.0
130500041502,2016,0.0,0.0,0.0
130500041502,2017,0.0,0.0,0.0
130500041502,2018,0.0,0.0,0.0
130500041502,2019,0.011508288,0.012591011,0.00108289
130500041502,2020,0.0,0.0,0.0
130500041503,2000,0.306279407,0.335097869,0.028818298
130500041503,2001,0.316677225,0.346473978,0.029796753
130500041503,2002,0.325971504,0.356642885,0.030671296
130500041503,2003,0.062394389,0.068265548,0.005870822
130500041503,2004,0.074174079,0.081153221,0.006979142
130500041503,2005,0.0,0.0,0.0
130500041503,2006,0.137545619,0.150487567,0.01294203
130500041503,2007,0.1516014,0.165866093,0.014264523
130500041503,2008,0.095341727,0.104312672,0.008970779
130500041503,2009,0.017848266,0.019527655,0.001679471
130500041503,2010,0.003812112,0.004170737,0.000358542
130500041503,2011,0.179587068,0.196484723,0.016897822
130500041503,2012,0.35633906,0.389867809,0.033528497
130500041503,2013,0.193755233,0.211986088,0.01823077
130500041503,2014,0.256724441,0.280880279,0.024155753
130500041503,2015,0.243533044,0.266447518,0.022914559
130500041503,2016,0.26988415,0.295278153,0.025393918
130500041503,2017,0.260365153,0.28486343,0.024498277
130500041503,2018,0.256582844,0.280724953,0.024142356
130500041503,2019,0.223491929,0.2445208,0.021028784
130500041503,2020,0.313247418,0.342721407,0.029474156
130500041504,2000,0.0,0.0,0.0
130500041504,2001,0.0,0.0,0.0
130500041504,2002,0.0,0.0,0.0
130500041504,2003,0.0,0.0,0.0
130500041504,2004,0.0,0.0,0.0
130500041504,2005,0.0,0.0,0.0
130500041504,2006,0.0,0.0,0.0
130500041504,2007,0.0,0.0,0.0
130500041504,2008,0.0,0.0,0.0
130500041504,2009,0.0,0.0,0.0
130500041504,2010,0.0,0.0,0.0
130500041504,2011,0.0,0.0,0.0
130500041504,2012,0.0,0.0,0.0
130500041504,2013,0.0,0.0,0.0
130500041504,2014,0.0,0.0,0.0
130500041504,2015,0.0,0.0,0.0
130500041504,2016,0.0,0.0,0.0
130500041504,2017,0.0,0.0,0.0
130500041504,2018,0.0,0.0,0.0
130500041504,2019,0.0,0.0,0.0
130500041504,2020,0.0,0.0,0.0
130500041505,2000,0.0,0.0,0.0
130500041505,2001,0.0,0.0,0.0
130500041505,2002,0.0,0.0,0.0
130500041505,2003,0.0,0.0,0.0
130500041505,2004,0.0,0.0,0.0
130500041505,2005,0.0,0.0,0.0
130500041505,2006,0.0,0.0,0.0
130500041505,2007,0.0,0.0,0.0
130500041505,2008,0.0,0.0,0.0
130500041505,2009,0.0,0.0,0.0
130500041505,2010,0.0,0.0,0.0
130500041505,2011,0.0,0.0,0.0
130500041505,2012,0.0,0.0,0.0
130500041505,2013,0.0,0.0,0.0
130500041505,2014,0.0,0.0,0.0
130500041505,2015,0.0,0.0,0.0
130500041505,2016,0.0,0.0,0.0
130500041505,2017,0.0,0.0,0.0
130500041505,2018,0.0,0.0,0.0
130500041505,2019,0.0,0.0,0.0
130500041505,2020,0.0,0.0,0.0
130500041601,2000,0.0,0.0,0.0
130500041601,2001,0.0,0.0,0.0
130500041601,2002,0.0,0.0,0.0
130500041601,2003,0.0,0.0,0.0
130500041601,2004,0.0,0.0,0.0
130500041601,2005,0.0,0.0,0.0
130500041601,2006,0.0,0.0,0.0
130500041601,2007,0.0,0.0,0.0
130500041601,2008,0.0,0.0,0.0
130500041601,2009,0.0,0.0,0.0
130500041601,2010,0.0,0.0,0.0
130500041601,2011,0.0,0.0,0.0
130500041601,2012,0.0,0.0,0.0
130500041601,2013,0.0,0.0,0.0
130500041601,2014,0.0,0.0,0.0
130500041601,2015,0.0,0.0,0.0
130500041601,2016,0.0,0.0,0.0
130500041601,2017,0.0,0.0,0.0
130500041601,2018,0.0,0.0,0.0
130500041601,2019,0.0,0.0,0.0
130500041601,2020,0.0,0.0,0.0
130500041602,2000,3.68723706,3.969038716,0.28180174
130500041602,2001,4.325711605,4.651302858,0.325591164
130500041602,2002,2.647843499,2.724118814,0.076275395
130500041602,2003,6.081532164,6.354788162,0.273255912
130500041602,2004,4.590517426,4.776812986,0.186295642
130500041602,2005,4.903384419,5.091780222,0.1883958
130500041602,2006,3.713162942,3.875953005,0.162789981
130500041602,2007,5.275846088,5.50140354,0.225557537
130500041602,2008,4.990455593,5.242075189,0.251619675
130500041602,2009,5.664772011,5.94414694,0.279374847
130500041602,2010,6.193780756,6.485634244,0.291853485
130500041602,2011,7.973285258,8.34025657,0.366971145
130500041602,2012,6.911465429,7.222012016,0.310546415
130500041602,2013,4.624802455,4.8326046,0.20780206
130500041602,2014,6.340574247,6.618553551,0.277979222
130500041602,2015,5.918327595,6.177794934,0.25946734
130500041602,2016,6.439572809,6.728916445,0.289343473
130500041602,2017,5.472819132,5.694921142,0.222101844
130500041602,2018,5.949077814,6.209893334,0.260815521
130500041602,2019,5.642091753,5.889448397,0.247356893
130500041602,2020,8.024166385,8.393479443,0.369313055
130500041603,2000,0.0,0.0,0.0
130500041603,2001,0.0,0.0,0.0
130500041603,2002,0.0,0.0,0.0
130500041603,2003,0.0,0.0,0.0
130500041603,2004,0.0,0.0,0.0
130500041603,2005,0.0,0.0,0.0
130500041603,2006,0.0,0.0,0.0
130500041603,2007,0.0,0.0,0.0
130500041603,2008,0.0,0.0,0.0
130500041603,2009,0.0,0.0,0.0
130500041603,2010,0.0,0.0,0.0
130500041603,2011,0.0,0.0,0.0
130500041603,2012,0.0,0.0,0.0
130500041603,2013,0.0,0.0,0.0
130500041603,2014,0.0,0.0,0.0
130500041603,2015,0.0,0.0,0.0
130500041603,2016,0.0,0.0,0.0
130500041603,2017,0.0,0.0,0.0
130500041603,2018,0.0,0.0,0.0
130500041603,2019,0.0,0.0,0.0
130500041603,2020,0.0,0.0,0.0
130500041604,2000,0.0,0.0,0.0
130500041604,2001,0.0,0.0,0.0
130500041604,2002,0.0,0.0,0.0
130500041604,2003,0.0,0.0,0.0
130500041604,2004,0.0,0.0,0.0
130500041604,2005,0.0,0.0,0.0
130500041604,2006,0.0,0.0,0.0
130500041604,2007,0.0,0.0,0.0
130500041604,2008,0.0,0.0,0.0
130500041604,2009,0.0,0.0,0.0
130500041604,2010,0.0,0.0,0.0
130500041604,2011,0.0,0.0,0.0
130500041604,2012,0.0,0.0,0.0
130500041604,2013,0.0,0.0,0.0
130500041604,2014,0.0,0.0,0.0
130500041604,2015,0.0,0.0,0.0
130500041604,2016,0.0,0.0,0.0
130500041604,2017,0.0,0.0,0.0
130500041604,2018,0.0,0.0,0.0
130500041604,2019,0.0,0.0,0.0
130500041604,2020,0.0,0.0,0.0
130500041801,2000,0.0,0.0,0.0
130500041801,2001,0.0,0.0,0.0
130500041801,2002,0.0,0.0,0.0
130500041801,2003,0.0,0.0,0.0
130500041801,2004,0.0,0.0,0.0
130500041801,2005,0.0,0.0,0.0
130500041801,2006,0.0,0.0,0.0
130500041801,2007,0.0,0.0,0.0
130500041801,2008,0.0,0.0,0.0
130500041801,2009,0.0,0.0,0.0
130500041801,2010,0.0,0.0,0.0
130500041801,2011,0.0,0.0,0.0
130500041801,2012,0.0,0.0,0.0
130500041801,2013,0.0,0.0,0.0
130500041801,2014,0.0,0.0,0.0
130500041801,2015,0.0,0.0,0.0
130500041801,2016,0.0,0.0,0.0
130500041801,2017,0.0,0.0,0.0
130500041801,2018,0.0,0.0,0.0
130500041801,2019,0.0,0.0,0.0
130500041801,2020,0.0,0.0,0.0
130500041802,2000,0.0,0.0,0.0
130500041802,2001,0.0,0.0,0.0
130500041802,2002,0.0,0.0,0.0
130500041802,2003,0.0,0.0,0.0
130500041802,2004,0.0,0.0,0.0
130500041802,2005,0.0,0.0,0.0
130500041802,2006,0.0,0.0,0.0
130500041802,2007,0.0,0.0,0.0
130500041802,2008,0.0,0.0,0.0
130500041802,2009,0.0,0.0,0.0
130500041802,2010,0.0,0.0,0.0
130500041802,2011,0.0,0.0,0.0
130500041802,2012,0.0,0.0,0.0
130500041802,2013,0.0,0.0,0.0
130500041802,2014,0.0,0.0,0.0
130500041802,2015,0.0,0.0,0.0
130500041802,2016,0.0,0.0,0.0
130500041802,2017,0.0,0.0,0.0
130500041802,2018,0.0,0.0,0.0
130500041802,2019,0.0,0.0,0.0
130500041802,2020,0.0,0.0,0.0
130500041803,2000,0.0,0.0,0.0
130500041803,2001,0.0,0.0,0.0
130500041803,2002,0.0,0.0,0.0
130500041803,2003,0.0,0.0,0.0
130500041803,2004,0.0,0.0,0.0
130500041803,2005,0.0,0.0,0.0
130500041803,2006,0.0,0.0,0.0
130500041803,2007,0.0,0.0,0.0
130500041803,2008,0.0,0.0,0.0
130500041803,2009,0.0,0.0,0.0
130500041803,2010,0.0,0.0,0.0
130500041803,2011,0.0,0.0,0.0
130500041803,2012,0.0,0.0,0.0
130500041803,2013,0.0,0.0,0.0
130500041803,2014,0.0,0.0,0.0
130500041803,2015,0.0,0.0,0.0
130500041803,2016,0.0,0.0,0.0
130500041803,2017,0.0,0.0,0.0
130500041803,2018,0.0,0.0,0.0
130500041803,2019,0.0,0.0,0.0
130500041803,2020,0.0,0.0,0.0
130500041804,2000,0.0,0.0,0.0
130500041804,2001,0.0,0.0,0.0
130500041804,2002,0.0,0.0,0.0
130500041804,2003,0.0,0.0,0.0
130500041804,2004,0.0,0.0,0.0
130500041804,2005,0.0,0.0,0.0
130500041804,2006,0.0,0.0,0.0
130500041804,2007,0.0,0.0,0.0
130500041804,2008,0.0,0.0,0.0
130500041804,2009,0.0,0.0,0.0
130500041804,2010,0.0,0.0,0.0
130500041804,2011,0.0,0.0,0.0
130500041804,2012,0.0,0.0,0.0
130500041804,2013,0.0,0.0,0.0
130500041804,2014,0.0,0.0,0.0
130500041804,2015,0.0,0.0,0.0
130500041804,2016,0.0,0.0,0.0
130500041804,2017,0.0,0.0,0.0
130500041804,2018,0.0,0.0,0.0
130500041804,2019,0.0,0.0,0.0
130500041804,2020,0.0,0.0,0.0
130500041805,2000,0.0,0.0,0.0
130500041805,2001,0.0,0.0,0.0
130500041805,2002,0.0,0.0,0.0
130500041805,2003,0.0,0.0,0.0
130500041805,2004,0.0,0.0,0.0
130500041805,2005,0.0,0.0,0.0
130500041805,2006,0.0,0.0,0.0
130500041805,2007,0.0,0.0,0.0
130500041805,2008,0.0,0.0,0.0
130500041805,2009,0.0,0.0,0.0
130500041805,2010,0.0,0.0,0.0
130500041805,2011,0.0,0.0,0.0
130500041805,2012,0.0,0.0,0.0
130500041805,2013,0.0,0.0,0.0
130500041805,2014,0.0,0.0,0.0
130500041805,2015,0.0,0.0,0.0
130500041805,2016,0.0,0.0,0.0
130500041805,2017,0.0,0.0,0.0
130500041805,2018,0.0,0.0,0.0
130500041805,2019,0.0,0.0,0.0
130500041805,2020,0.0,0.0,0.0
130500041901,2000,0.0,0.0,0.0
130500041901,2001,0.0,0.0,0.0
130500041901,2002,0.0,0.0,0.0
130500041901,2003,0.0,0.0,0.0
130500041901,2004,0.0,0.0,0.0
130500041901,2005,0.0,0.0,0.0
130500041901,2006,0.0,0.0,0.0
130500041901,2007,0.0,0.0,0.0
130500041901,2008,0.0,0.0,0.0
130500041901,2009,0.0,0.0,0.0
130500041901,2010,0.0,0.0,0.0
130500041901,2011,0.0,0.0,0.0
130500041901,2012,0.0,0.0,0.0
130500041901,2013,0.0,0.0,0.0
130500041901,2014,0.0,0.0,0.0
130500041901,2015,0.0,0.0,0.0
130500041901,2016,0.0,0.0,0.0
130500041901,2017,0.0,0.0,0.0
130500041901,2018,0.0,0.0,0.0
130500041901,2019,0.0,0.0,0.0
130500041901,2020,0.0,0.0,0.0
130500041902,2000,0.0,0.0,0.0
130500041902,2001,0.0,0.0,0.0
130500041902,2002,0.0,0.0,0.0
130500041902,2003,0.0,0.0,0.0
130500041902,2004,0.0,0.0,0.0
130500041902,2005,0.0,0.0,0.0
130500041902,2006,0.0,0.0,0.0
130500041902,2007,0.0,0.0,0.0
130500041902,2008,0.0,0.0,0.0
130500041902,2009,0.0,0.0,0.0
130500041902,2010,0.0,0.0,0.0
130500041902,2011,0.0,0.0,0.0
130500041902,2012,0.0,0.0,0.0
130500041902,2013,0.0,0.0,0.0
130500041902,2014,0.0,0.0,0.0
130500041902,2015,0.0,0.0,0.0
130500041902,2016,0.0,0.0,0.0
130500041902,2017,0.0,0.0,0.0
130500041902,2018,0.0,0.0,0.0
130500041902,2019,0.0,0.0,0.0
130500041902,2020,0.0,0.0,0.0
130500041903,2000,0.0,0.0,0.0
130500041903,2001,0.0,0.0,0.0
130500041903,2002,0.0,0.0,0.0
130500041903,2003,0.0,0.0,0.0
130500041903,2004,0.0,0.0,0.0
130500041903,2005,0.0,0.0,0.0
130500041903,2006,0.0,0.0,0.0
130500041903,2007,0.0,0.0,0.0
130500041903,2008,0.0,0.0,0.0
130500041903,2009,0.0,0.0,0.0
130500041903,2010,0.0,0.0,0.0
130500041903,2011,0.0,0.0,0.0
130500041903,2012,0.0,0.0,0.0
130500041903,2013,0.0,0.0,0.0
130500041903,2014,0.0,0.0,0.0
130500041903,2015,0.0,0.0,0.0
130500041903,2016,0.0,0.0,0.0
130500041903,2017,0.0,0.0,0.0
130500041903,2018,0.0,0.0,0.0
130500041903,2019,0.0,0.0,0.0
130500041903,2020,0.0,0.0,0.0
130500041904,2000,0.0,0.0,0.0
130500041904,2001,0.0,0.0,0.0
130500041904,2002,0.0,0.0,0.0
130500041904,2003,0.0,0.0,0.0
130500041904,2004,0.0,0.0,0.0
130500041904,2005,0.0,0.0,0.0
130500041904,2006,0.0,0.0,0.0
130500041904,2007,0.0,0.0,0.0
130500041904,2008,0.0,0.0,0.0
130500041904,2009,0.0,0.0,0.0
130500041904,2010,0.0,0.0,0.0
130500041904,2011,0.0,0.0,0.0
130500041904,2012,0.0,0.0,0.0
130500041904,2013,0.0,0.0,0.0
130500041904,2014,0.0,0.0,0.0
130500041904,2015,0.0,0.0,0.0
130500041904,2016,0.0,0.0,0.0
130500041904,2017,0.0,0.0,0.0
130500041904,2018,0.0,0.0,0.0
130500041904,2019,0.0,0.0,0.0
130500041904,2020,0.0,0.0,0.0
130500042001,2000,0.0,0.0,0.0
130500042001,2001,0.0,0.0,0.0
130500042001,2002,0.0,0.0,0.0
130500042001,2003,0.0,0.0,0.0
130500042001,2004,0.0,0.0,0.0
130500042001,2005,0.0,0.0,0.0
130500042001,2006,0.0,0.0,0.0
130500042001,2007,0.0,0.0,0.0
130500042001,2008,0.0,0.0,0.0
130500042001,2009,0.0,0.0,0.0
130500042001,2010,0.0,0.0,0.0
130500042001,2011,0.0,0.0,0.0
130500042001,2012,0.0,0.0,0.0
130500042001,2013,0.0,0.0,0.0
130500042001,2014,0.0,0.0,0.0
130500042001,2015,0.0,0.0,0.0
130500042001,2016,0.0,0.0,0.0
130500042001,2017,0.0,0.0,0.0
130500042001,2018,0.0,0.0,0.0
130500042001,2019,0.0,0.0,0.0
130500042001,2020,0.0,0.0,0.0
130500042002,2000,0.0,0.0,0.0
130500042002,2001,0.0,0.0,0.0
130500042002,2002,0.0,0.0,0.0
130500042002,2003,0.0,0.0,0.0
130500042002,2004,0.0,0.0,0.0
130500042002,2005,0.0,0.0,0.0
130500042002,2006,0.0,0.0,0.0
130500042002,2007,0.0,0.0,0.0
130500042002,2008,0.0,0.0,0.0
130500042002,2009,0.0,0.0,0.0
130500042002,2010,0.0,0.0,0.0
130500042002,2011,0.0,0.0,0.0
130500042002,2012,0.0,0.0,0.0
130500042002,2013,0.0,0.0,0.0
130500042002,2014,0.0,0.0,0.0
130500042002,2015,0.0,0.0,0.0
130500042002,2016,0.0,0.0,0.0
130500042002,2017,0.0,0.0,0.0
130500042002,2018,0.0,0.0,0.0
130500042002,2019,0.0,0.0,0.0
130500042002,2020,0.0,0.0,0.0
130500042003,2000,0.0,0.0,0.0
130500042003,2001,0.0,0.0,0.0
130500042003,2002,0.0,0.0,0.0
130500042003,2003,0.0,0.0,0.0
130500042003,2004,0.0,0.0,0.0
130500042003,2005,0.0,0.0,0.0
130500042003,2006,0.0,0.0,0.0
130500042003,2007,0.0,0.0,0.0
130500042003,2008,0.0,0.0,0.0
130500042003,2009,0.0,0.0,0.0
130500042003,2010,0.0,0.0,0.0
130500042003,2011,0.0,0.0,0.0
130500042003,2012,0.0,0.0,0.0
130500042003,2013,0.0,0.0,0.0
130500042003,2014,0.0,0.0,0.0
130500042003,2015,0.0,0.0,0.0
130500042003,2016,0.0,0.0,0.0
130500042003,2017,0.0,0.0,0.0
130500042003,2018,0.0,0.0,0.0
130500042003,2019,0.0,0.0,0.0
130500042003,2020,0.0,0.0,0.0
130500042004,2000,0.0,0.0,0.0
130500042004,2001,0.0,0.0,0.0
130500042004,2002,0.0,0.0,0.0
130500042004,2003,0.0,0.0,0.0
130500042004,2004,0.0,0.0,0.0
130500042004,2005,0.0,0.0,0.0
130500042004,2006,0.0,0.0,0.0
130500042004,2007,0.0,0.0,0.0
130500042004,2008,0.0,0.0,0.0
130500042004,2009,0.0,0.0,0.0
130500042004,2010,0.0,0.0,0.0
130500042004,2011,0.0,0.0,0.0
130500042004,2012,0.0,0.0,0.0
130500042004,2013,0.0,0.0,0.0
130500042004,2014,0.0,0.0,0.0
130500042004,2015,0.0,0.0,0.0
130500042004,2016,0.0,0.0,0.0
130500042004,2017,0.0,0.0,0.0
130500042004,2018,0.0,0.0,0.0
130500042004,2019,0.0,0.0,0.0
130500042004,2020,0.0,0.0,0.0
130500042101,2000,0.0,0.0,0.0
130500042101,2001,0.0,0.0,0.0
130500042101,2002,0.023546652,0.025762419,0.00221543
130500042101,2003,0.0,0.0,0.0
130500042101,2004,0.0,0.0,0.0
130500042101,2005,0.0,0.0,0.0
130500042101,2006,0.0,0.0,0.0
130500042101,2007,0.0,0.0,0.0
130500042101,2008,0.0,0.0,0.0
130500042101,2009,0.0,0.0,0.0
130500042101,2010,0.0,0.0,0.0
130500042101,2011,0.0,0.0,0.0
130500042101,2012,0.0,0.0,0.0
130500042101,2013,0.017924753,0.019611205,0.001686452
130500042101,2014,0.0,0.0,0.0
130500042101,2015,0.0,0.0,0.0
130500042101,2016,0.0,0.0,0.0
130500042101,2017,0.0,0.0,0.0
130500042101,2018,0.0,0.0,0.0
130500042101,2019,0.0,0.0,0.0
130500042101,2020,0.0,0.0,0.0
130500042102,2000,0.0,0.0,0.0
130500042102,2001,0.0,0.0,0.0
130500042102,2002,0.0,0.0,0.0
130500042102,2003,0.0,0.0,0.0
130500042102,2004,0.0,0.0,0.0
130500042102,2005,0.0,0.0,0.0
130500042102,2006,0.0,0.0,0.0
130500042102,2007,0.0,0.0,0.0
130500042102,2008,0.0,0.0,0.0
130500042102,2009,0.0,0.0,0.0
130500042102,2010,0.0,0.0,0.0
130500042102,2011,0.0,0.0,0.0
130500042102,2012,0.0,0.0,0.0
130500042102,2013,0.0,0.0,0.0
130500042102,2014,0.0,0.0,0.0
130500042102,2015,0.0,0.0,0.0
130500042102,2016,0.0,0.0,0.0
130500042102,2017,0.0,0.0,0.0
130500042102,2018,0.0,0.0,0.0
130500042102,2019,0.0,0.0,0.0
130500042102,2020,0.0,0.0,0.0
130500042103,2000,0.0,0.0,0.0
130500042103,2001,0.0,0.0,0.0
130500042103,2002,0.0,0.0,0.0
130500042103,2003,0.0,0.0,0.0
130500042103,2004,0.0,0.0,0.0
130500042103,2005,0.0,0.0,0.0
130500042103,2006,0.0,0.0,0.0
130500042103,2007,0.0,0.0,0.0
130500042103,2008,0.0,0.0,0.0
130500042103,2009,0.0,0.0,0.0
130500042103,2010,0.0,0.0,0.0
130500042103,2011,0.0,0.0,0.0
130500042103,2012,0.0,0.0,0.0
130500042103,2013,0.0,0.0,0.0
130500042103,2014,0.0,0.0,0.0
130500042103,2015,0.0,0.0,0.0
130500042103,2016,0.0,0.0,0.0
130500042103,2017,0.0,0.0,0.0
130500042103,2018,0.0,0.0,0.0
130500042103,2019,0.0,0.0,0.0
130500042103,2020,0.0,0.0,0.0
130500042104,2000,0.0,0.0,0.0
130500042104,2001,0.0,0.0,0.0
130500042104,2002,0.0,0.0,0.0
130500042104,2003,0.0,0.0,0.0
130500042104,2004,0.0,0.0,0.0
130500042104,2005,0.0,0.0,0.0
130500042104,2006,0.0,0.0,0.0
130500042104,2007,0.0,0.0,0.0
130500042104,2008,0.0,0.0,0.0
130500042104,2009,0.0,0.0,0.0
130500042104,2010,0.0,0.0,0.0
130500042104,2011,0.0,0.0,0.0
130500042104,2012,0.0,0.0,0.0
130500042104,2013,0.0,0.0,0.0
130500042104,2014,0.0,0.0,0.0
130500042104,2015,0.0,0.0,0.0
130500042104,2016,0.0,0.0,0.0
130500042104,2017,0.0,0.0,0.0
130500042104,2018,0.0,0.0,0.0
130500042104,2019,0.0,0.0,0.0
130500042104,2020,0.0,0.0,0.0
130500042105,2000,0.0,0.0,0.0
130500042105,2001,0.0,0.0,0.0
130500042105,2002,0.0,0.0,0.0
130500042105,2003,0.0,0.0,0.0
130500042105,2004,0.0,0.0,0.0
130500042105,2005,0.0,0.0,0.0
130500042105,2006,0.0,0.0,0.0
130500042105,2007,0.0,0.0,0.0
130500042105,2008,0.0,0.0,0.0
130500042105,2009,0.0,0.0,0.0
130500042105,2010,0.0,0.0,0.0
130500042105,2011,0.0,0.0,0.0
130500042105,2012,0.0,0.0,0.0
130500042105,2013,0.0,0.0,0.0
130500042105,2014,0.0,0.0,0.0
130500042105,2015,0.0,0.0,0.0
130500042105,2016,0.0,0.0,0.0
130500042105,2017,0.0,0.0,0.0
130500042105,2018,0.0,0.0,0.0
130500042105,2019,0.0,0.0,0.0
130500042105,2020,0.0,0.0,0.0
130500042106,2000,0.0,0.0,0.0
130500042106,2001,0.0,0.0,0.0
130500042106,2002,0.0,0.0,0.0
130500042106,2003,0.0,0.0,0.0
130500042106,2004,0.0,0.0,0.0
130500042106,2005,0.0,0.0,0.0
130500042106,2006,0.0,0.0,0.0
130500042106,2007,0.0,0.0,0.0
130500042106,2008,0.0,0.0,0.0
130500042106,2009,0.0,0.0,0.0
130500042106,2010,0.0,0.0,0.0
130500042106,2011,0.0,0.0,0.0
130500042106,2012,0.0,0.0,0.0
130500042106,2013,0.0,0.0,0.0
130500042106,2014,0.0,0.0,0.0
130500042106,2015,0.0,0.0,0.0
130500042106,2016,0.0,0.0,0.0
130500042106,2017,0.0,0.0,0.0
130500042106,2018,0.0,0.0,0.0
130500042106,2019,0.0,0.0,0.0
130500042106,2020,0.0,0.0,0.0
130500042107,2000,0.0,0.0,0.0
130500042107,2001,0.0,0.0,0.0
130500042107,2002,0.0,0.0,0.0
130500042107,2003,0.0,0.0,0.0
130500042107,2004,0.0,0.0,0.0
130500042107,2005,0.0,0.0,0.0
130500042107,2006,0.0,0.0,0.0
130500042107,2007,0.0,0.0,0.0
130500042107,2008,0.0,0.0,0.0
130500042107,2009,0.0,0.0,0.0
130500042107,2010,0.0,0.0,0.0
130500042107,2011,0.0,0.0,0.0
130500042107,2012,0.0,0.0,0.0
130500042107,2013,0.0,0.0,0.0
130500042107,2014,0.0,0.0,0.0
130500042107,2015,0.0,0.0,0.0
130500042107,2016,0.0,0.0,0.0
130500042107,2017,0.0,0.0,0.0
130500042107,2018,0.0,0.0,0.0
130500042107,2019,0.0,0.0,0.0
130500042107,2020,0.0,0.0,0.0
130500042108,2000,0.0,0.0,0.0
130500042108,2001,0.0,0.0,0.0
130500042108,2002,0.0,0.0,0.0
130500042108,2003,0.0,0.0,0.0
130500042108,2004,0.0,0.0,0.0
130500042108,2005,0.0,0.0,0.0
130500042108,2006,0.0243476,0.0243476,0.0
130500042108,2007,0.029139578,0.029139578,0.0
130500042108,2008,0.0,0.0,0.0
130500042108,2009,0.0,0.0,0.0
130500042108,2010,0.036657507,0.036657507,0.0
130500042108,2011,0.0,0.0,0.0
130500042108,2012,0.0,0.0,0.0
130500042108,2013,0.0,0.0,0.0
130500042108,2014,0.0,0.0,0.0
130500042108,2015,0.0,0.0,0.0
130500042108,2016,0.0,0.0,0.0
130500042108,2017,0.0,0.0,0.0
130500042108,2018,0.0,0.0,0.0
130500042108,2019,0.0,0.0,0.0
130500042108,2020,0.0,0.0,0.0
130500042201,2000,0.0,0.0,0.0
130500042201,2001,0.0,0.0,0.0
130500042201,2002,0.0,0.0,0.0
130500042201,2003,0.0,0.0,0.0
130500042201,2004,0.0,0.0,0.0
130500042201,2005,0.0,0.0,0.0
130500042201,2006,0.0,0.0,0.0
130500042201,2007,0.0,0.0,0.0
130500042201,2008,0.0,0.0,0.0
130500042201,2009,0.0,0.0,0.0
130500042201,2010,0.0,0.0,0.0
130500042201,2011,0.0,0.0,0.0
130500042201,2012,0.0,0.0,0.0
130500042201,2013,0.0,0.0,0.0
130500042201,2014,0.0,0.0,0.0
130500042201,2015,0.0,0.0,0.0
130500042201,2016,0.0,0.0,0.0
130500042201,2017,0.0,0.0,0.0
130500042201,2018,0.0,0.0,0.0
130500042201,2019,0.0,0.0,0.0
130500042201,2020,0.0,0.0,0.0
130500042202,2000,0.0,0.0,0.0
130500042202,2001,0.0,0.0,0.0
130500042202,2002,0.0,0.0,0.0
130500042202,2003,0.0,0.0,0.0
130500042202,2004,0.0,0.0,0.0
130500042202,2005,0.0,0.0,0.0
130500042202,2006,0.0,0.0,0.0
130500042202,2007,0.0,0.0,0.0
130500042202,2008,0.0,0.0,0.0
130500042202,2009,0.0,0.0,0.0
130500042202,2010,0.0,0.0,0.0
130500042202,2011,0.0,0.0,0.0
130500042202,2012,0.0,0.0,0.0
130500042202,2013,0.0,0.0,0.0
130500042202,2014,0.0,0.0,0.0
130500042202,2015,0.0,0.0,0.0
130500042202,2016,0.0,0.0,0.0
130500042202,2017,0.0,0.0,0.0
130500042202,2018,0.0,0.0,0.0
130500042202,2019,0.0,0.0,0.0
130500042202,2020,0.0,0.0,0.0
130500042203,2000,0.0,0.0,0.0
130500042203,2001,0.0,0.0,0.0
130500042203,2002,0.0,0.0,0.0
130500042203,2003,0.0,0.0,0.0
130500042203,2004,0.0,0.0,0.0
130500042203,2005,0.0,0.0,0.0
130500042203,2006,0.0,0.0,0.0
130500042203,2007,0.0,0.0,0.0
130500042203,2008,0.0,0.0,0.0
130500042203,2009,0.0,0.0,0.0
130500042203,2010,0.0,0.0,0.0
130500042203,2011,0.0,0.0,0.0
130500042203,2012,0.0,0.0,0.0
130500042203,2013,0.0,0.0,0.0
130500042203,2014,0.0,0.0,0.0
130500042203,2015,0.0,0.0,0.0
130500042203,2016,0.0,0.0,0.0
130500042203,2017,0.0,0.0,0.0
130500042203,2018,0.0,0.0,0.0
130500042203,2019,0.0,0.0,0.0
130500042203,2020,0.0,0.0,0.0
130500042204,2000,0.0,0.0,0.0
130500042204,2001,0.0,0.0,0.0
130500042204,2002,0.0,0.0,0.0
130500042204,2003,0.0,0.0,0.0
130500042204,2004,0.0,0.0,0.0
130500042204,2005,0.0,0.0,0.0
130500042204,2006,0.0,0.0,0.0
130500042204,2007,0.0,0.0,0.0
130500042204,2008,0.0,0.0,0.0
130500042204,2009,0.0,0.0,0.0
130500042204,2010,0.0,0.0,0.0
130500042204,2011,0.0,0.0,0.0
130500042204,2012,0.0,0.0,0.0
130500042204,2013,0.0,0.0,0.0
130500042204,2014,0.0,0.0,0.0
130500042204,2015,0.0,0.0,0.0
130500042204,2016,0.0,0.0,0.0
130500042204,2017,0.0,0.0,0.0
130500042204,2018,0.0,0.0,0.0
130500042204,2019,0.0,0.0,0.0
130500042204,2020,0.0,0.0,0.0
130500042205,2000,0.0,0.0,0.0
130500042205,2001,0.0,0.0,0.0
130500042205,2002,0.0,0.0,0.0
130500042205,2003,0.0,0.0,0.0
130500042205,2004,0.0,0.0,0.0
130500042205,2005,0.0,0.0,0.0
130500042205,2006,0.0,0.0,0.0
130500042205,2007,0.0,0.0,0.0
130500042205,2008,0.0,0.0,0.0
130500042205,2009,0.0,0.0,0.0
130500042205,2010,0.0,0.0,0.0
130500042205,2011,0.0,0.0,0.0
130500042205,2012,0.0,0.0,0.0
130500042205,2013,0.0,0.0,0.0
130500042205,2014,0.0,0.0,0.0
130500042205,2015,0.0,0.0,0.0
130500042205,2016,0.0,0.0,0.0
130500042205,2017,0.0,0.0,0.0
130500042205,2018,0.0,0.0,0.0
130500042205,2019,0.0,0.0,0.0
130500042205,2020,0.0,0.0,0.0
130500042206,2000,0.0,0.0,0.0
130500042206,2001,0.0,0.0,0.0
130500042206,2002,0.0,0.0,0.0
130500042206,2003,0.0,0.0,0.0
130500042206,2004,0.0,0.0,0.0
130500042206,2005,0.0,0.0,0.0
130500042206,2006,0.0,0.0,0.0
130500042206,2007,0.0,0.0,0.0
130500042206,2008,0.0,0.0,0.0
130500042206,2009,0.0,0.0,0.0
130500042206,2010,0.0,0.0,0.0
130500042206,2011,0.0,0.0,0.0
130500042206,2012,0.0,0.0,0.0
130500042206,2013,0.0,0.0,0.0
130500042206,2014,0.0,0.0,0.0
130500042206,2015,0.0,0.0,0.0
130500042206,2016,0.0,0.0,0.0
130500042206,2017,0.0,0.0,0.0
130500042206,2018,0.0,0.0,0.0
130500042206,2019,0.0,0.0,0.0
130500042206,2020,0.0,0.0,0.0
130500042207,2000,0.0,0.0,0.0
130500042207,2001,0.0,0.0,0.0
130500042207,2002,0.0,0.0,0.0
130500042207,2003,0.0,0.0,0.0
130500042207,2004,0.0,0.0,0.0
130500042207,2005,0.0,0.0,0.0
130500042207,2006,0.0,0.0,0.0
130500042207,2007,0.0,0.0,0.0
130500042207,2008,0.0,0.0,0.0
130500042207,2009,0.0,0.0,0.0
130500042207,2010,0.0,0.0,0.0
130500042207,2011,0.0,0.0,0.0
130500042207,2012,0.0,0.0,0.0
130500042207,2013,0.0,0.0,0.0
130500042207,2014,0.0,0.0,0.0
130500042207,2015,0.0,0.0,0.0
130500042207,2016,0.0,0.0,0.0
130500042207,2017,0.0,0.0,0.0
130500042207,2018,0.0,0.0,0.0
130500042207,2019,0.0,0.0,0.0
130500042207,2020,0.0,0.0,0.0
130500042301,2000,0.0,0.0,0.0
130500042301,2001,0.0,0.0,0.0
130500042301,2002,0.0,0.0,0.0
130500042301,2003,0.0,0.0,0.0
130500042301,2004,0.0,0.0,0.0
130500042301,2005,0.0,0.0,0.0
130500042301,2006,0.0,0.0,0.0
130500042301,2007,0.0,0.0,0.0
130500042301,2008,0.0,0.0,0.0
130500042301,2009,0.0,0.0,0.0
130500042301,2010,0.0,0.0,0.0
130500042301,2011,0.0,0.0,0.0
130500042301,2012,0.0,0.0,0.0
130500042301,2013,0.0,0.0,0.0
130500042301,2014,0.0,0.0,0.0
130500042301,2015,0.0,0.0,0.0
130500042301,2016,0.0,0.0,0.0
130500042301,2017,0.0,0.0,0.0
130500042301,2018,0.0,0.0,0.0
130500042301,2019,0.0,0.0,0.0
130500042301,2020,0.0,0.0,0.0
130500042302,2000,0.0,0.0,0.0
130500042302,2001,0.0,0.0,0.0
130500042302,2002,0.0,0.0,0.0
130500042302,2003,0.0,0.0,0.0
130500042302,2004,0.0,0.0,0.0
130500042302,2005,0.0,0.0,0.0
130500042302,2006,0.0,0.0,0.0
130500042302,2007,0.0,0.0,0.0
130500042302,2008,0.0,0.0,0.0
130500042302,2009,0.0,0.0,0.0
130500042302,2010,0.0,0.0,0.0
130500042302,2011,0.0,0.0,0.0
130500042302,2012,0.0,0.0,0.0
130500042302,2013,0.0,0.0,0.0
130500042302,2014,0.0,0.0,0.0
130500042302,2015,0.0,0.0,0.0
130500042302,2016,0.0,0.0,0.0
130500042302,2017,0.0,0.0,0.0
130500042302,2018,0.0,0.0,0.0
130500042302,2019,0.0,0.0,0.0
130500042302,2020,0.0,0.0,0.0
130500042303,2000,0.0,0.0,0.0
130500042303,2001,0.0,0.0,0.0
130500042303,2002,0.0,0.0,0.0
130500042303,2003,0.0,0.0,0.0
130500042303,2004,0.0,0.0,0.0
130500042303,2005,0.0,0.0,0.0
130500042303,2006,0.0,0.0,0.0
130500042303,2007,0.0,0.0,0.0
130500042303,2008,0.0,0.0,0.0
130500042303,2009,0.0,0.0,0.0
130500042303,2010,0.0,0.0,0.0
130500042303,2011,0.0,0.0,0.0
130500042303,2012,0.0,0.0,0.0
130500042303,2013,0.0,0.0,0.0
130500042303,2014,0.0,0.0,0.0
130500042303,2015,0.0,0.0,0.0
130500042303,2016,0.0,0.0,0.0
130500042303,2017,0.0,0.0,0.0
130500042303,2018,0.0,0.0,0.0
130500042303,2019,0.0,0.0,0.0
130500042303,2020,0.0,0.0,0.0
130500042304,2000,0.0,0.0,0.0
130500042304,2001,0.0,0.0,0.0
130500042304,2002,0.0,0.0,0.0
130500042304,2003,0.0,0.0,0.0
130500042304,2004,0.0,0.0,0.0
130500042304,2005,0.0,0.0,0.0
130500042304,2006,0.0,0.0,0.0
130500042304,2007,0.0,0.0,0.0
130500042304,2008,0.0,0.0,0.0
130500042304,2009,0.0,0.0,0.0
130500042304,2010,0.0,0.0,0.0
130500042304,2011,0.0,0.0,0.0
130500042304,2012,0.0,0.0,0.0
130500042304,2013,0.0,0.0,0.0
130500042304,2014,0.0,0.0,0.0
130500042304,2015,0.0,0.0,0.0
130500042304,2016,0.0,0.0,0.0
130500042304,2017,0.0,0.0,0.0
130500042304,2018,0.0,0.0,0.0
130500042304,2019,0.0,0.0,0.0
130500042304,2020,0.0,0.0,0.0
130500042305,2000,0.0,0.0,0.0
130500042305,2001,0.0,0.0,0.0
130500042305,2002,0.0,0.0,0.0
130500042305,2003,0.0,0.0,0.0
130500042305,2004,0.0,0.0,0.0
130500042305,2005,0.0,0.0,0.0
130500042305,2006,0.0,0.0,0.0
130500042305,2007,0.0,0.0,0.0
130500042305,2008,0.0,0.0,0.0
130500042305,2009,0.0,0.0,0.0
130500042305,2010,0.0,0.0,0.0
130500042305,2011,0.0,0.0,0.0
130500042305,2012,0.0,0.0,0.0
130500042305,2013,0.0,0.0,0.0
130500042305,2014,0.0,0.0,0.0
130500042305,2015,0.0,0.0,0.0
130500042305,2016,0.0,0.0,0.0
130500042305,2017,0.0,0.0,0.0
130500042305,2018,0.0,0.0,0.0
130500042305,2019,0.0,0.0,0.0
130500042305,2020,0.0,0.0,0.0
130500042306,2000,0.0,0.0,0.0
130500042306,2001,0.0,0.0,0.0
130500042306,2002,0.0,0.0,0.0
130500042306,2003,0.0,0.0,0.0
130500042306,2004,0.0,0.0,0.0
130500042306,2005,0.0,0.0,0.0
130500042306,2006,0.0,0.0,0.0
130500042306,2007,0.0,0.0,0.0
130500042306,2008,0.0,0.0,0.0
130500042306,2009,0.0,0.0,0.0
130500042306,2010,0.0,0.0,0.0
130500042306,2011,0.0,0.0,0.0
130500042306,2012,0.0,0.0,0.0
130500042306,2013,0.0,0.0,0.0
130500042306,2014,0.0,0.0,0.0
130500042306,2015,0.0,0.0,0.0
130500042306,2016,0.0,0.0,0.0
130500042306,2017,0.0,0.0,0.0
130500042306,2018,0.0,0.0,0.0
130500042306,2019,0.0,0.0,0.0
130500042306,2020,0.0,0.0,0.0
130500042307,2000,0.0,0.0,0.0
130500042307,2001,0.0,0.0,0.0
130500042307,2002,0.0,0.0,0.0
130500042307,2003,0.0,0.0,0.0
130500042307,2004,0.0,0.0,0.0
130500042307,2005,0.0,0.0,0.0
130500042307,2006,0.0,0.0,0.0
130500042307,2007,0.0,0.0,0.0
130500042307,2008,0.0,0.0,0.0
130500042307,2009,0.0,0.0,0.0
130500042307,2010,0.0,0.0,0.0
130500042307,2011,0.0,0.0,0.0
130500042307,2012,0.0,0.0,0.0
130500042307,2013,0.0,0.0,0.0
130500042307,2014,0.0,0.0,0.0
130500042307,2015,0.0,0.0,0.0
130500042307,2016,0.0,0.0,0.0
130500042307,2017,0.0,0.0,0.0
130500042307,2018,0.0,0.0,0.0
130500042307,2019,0.0,0.0,0.0
130500042307,2020,0.0,0.0,0.0
130500042308,2000,0.0,0.0,0.0
130500042308,2001,0.0,0.0,0.0
130500042308,2002,0.0,0.0,0.0
130500042308,2003,0.0,0.0,0.0
130500042308,2004,0.0,0.0,0.0
130500042308,2005,0.0,0.0,0.0
130500042308,2006,0.040833795,0.040833795,0.0
130500042308,2007,0.032045871,0.032045871,0.0
130500042308,2008,0.0,0.0,0.0
130500042308,2009,0.0,0.0,0.0
130500042308,2010,0.0,0.0,0.0
130500042308,2011,0.0,0.0,0.0
130500042308,2012,0.0,0.0,0.0
130500042308,2013,0.0,0.0,0.0
130500042308,2014,0.0,0.0,0.0
130500042308,2015,0.0,0.0,0.0
130500042308,2016,0.0,0.0,0.0
130500042308,2017,0.0,0.0,0.0
130500042308,2018,0.0,0.0,0.0
130500042308,2019,0.0,0.0,0.0
130500042308,2020,0.0,0.0,0.0
130500042309,2000,0.0,0.0,0.0
130500042309,2001,0.0,0.0,0.0
130500042309,2002,0.0,0.0,0.0
130500042309,2003,0.0,0.0,0.0
130500042309,2004,0.0,0.0,0.0
130500042309,2005,0.0,0.0,0.0
130500042309,2006,0.0,0.0,0.0
130500042309,2007,0.082835255,0.082835255,0.0
130500042309,2008,0.0,0.0,0.0
130500042309,2009,0.0,0.0,0.0
130500042309,2010,0.0,0.0,0.0
130500042309,2011,0.0,0.0,0.0
130500042309,2012,0.0,0.0,0.0
130500042309,2013,0.0,0.0,0.0
130500042309,2014,0.0,0.0,0.0
130500042309,2015,0.101047559,0.101047559,0.0
130500042309,2016,0.151920202,0.151920202,0.0
130500042309,2017,0.031938364,0.031938364,0.0
130500042309,2018,0.0,0.0,0.0
130500042309,2019,0.136321359,0.136321359,0.0
130500042309,2020,0.018723396,0.018723396,0.0
130500042401,2000,0.0,0.0,0.0
130500042401,2001,0.0,0.0,0.0
130500042401,2002,0.0,0.0,0.0
130500042401,2003,0.0,0.0,0.0
130500042401,2004,0.0,0.0,0.0
130500042401,2005,0.0,0.0,0.0
130500042401,2006,0.0,0.0,0.0
130500042401,2007,0.0,0.0,0.0
130500042401,2008,0.0,0.0,0.0
130500042401,2009,0.0,0.0,0.0
130500042401,2010,0.0,0.0,0.0
130500042401,2011,0.0,0.0,0.0
130500042401,2012,0.0,0.0,0.0
130500042401,2013,0.0,0.0,0.0
130500042401,2014,0.0,0.0,0.0
130500042401,2015,0.0,0.0,0.0
130500042401,2016,0.0,0.0,0.0
130500042401,2017,0.0,0.0,0.0
130500042401,2018,0.0,0.0,0.0
130500042401,2019,0.0,0.0,0.0
130500042401,2020,0.0,0.0,0.0
130500042402,2000,0.0,0.0,0.0
130500042402,2001,0.0,0.0,0.0
130500042402,2002,0.0,0.0,0.0
130500042402,2003,0.0,0.0,0.0
130500042402,2004,0.0,0.0,0.0
130500042402,2005,0.0,0.0,0.0
130500042402,2006,0.0,0.0,0.0
130500042402,2007,0.0,0.0,0.0
130500042402,2008,0.0,0.0,0.0
130500042402,2009,0.0,0.0,0.0
130500042402,2010,0.0,0.0,0.0
130500042402,2011,0.0,0.0,0.0
130500042402,2012,0.0,0.0,0.0
130500042402,2013,0.0,0.0,0.0
130500042402,2014,0.0,0.0,0.0
130500042402,2015,0.0,0.0,0.0
130500042402,2016,0.0,0.0,0.0
130500042402,2017,0.0,0.0,0.0
130500042402,2018,0.0,0.0,0.0
130500042402,2019,0.0,0.0,0.0
130500042402,2020,0.0,0.0,0.0
130500042403,2000,0.0,0.0,0.0
130500042403,2001,0.0,0.0,0.0
130500042403,2002,0.0,0.0,0.0
130500042403,2003,0.0,0.0,0.0
130500042403,2004,0.0,0.0,0.0
130500042403,2005,0.0,0.0,0.0
130500042403,2006,0.0,0.0,0.0
130500042403,2007,0.0,0.0,0.0
130500042403,2008,0.0,0.0,0.0
130500042403,2009,0.0,0.0,0.0
130500042403,2010,0.0,0.0,0.0
130500042403,2011,0.0,0.0,0.0
130500042403,2012,0.0,0.0,0.0
130500042403,2013,0.0,0.0,0.0
130500042403,2014,0.0,0.0,0.0
130500042403,2015,0.0,0.0,0.0
130500042403,2016,0.0,0.0,0.0
130500042403,2017,0.0,0.0,0.0
130500042403,2018,0.0,0.0,0.0
130500042403,2019,0.0,0.0,0.0
130500042403,2020,0.0,0.0,0.0
130500042404,2000,0.0,0.0,0.0
130500042404,2001,0.0,0.0,0.0
130500042404,2002,0.0,0.0,0.0
130500042404,2003,0.0,0.0,0.0
130500042404,2004,0.0,0.0,0.0
130500042404,2005,0.0,0.0,0.0
130500042404,2006,0.0,0.0,0.0
130500042404,2007,0.0,0.0,0.0
130500042404,2008,0.0,0.0,0.0
130500042404,2009,0.0,0.0,0.0
130500042404,2010,0.0,0.0,0.0
130500042404,2011,0.0,0.0,0.0
130500042404,2012,0.0,0.0,0.0
130500042404,2013,0.0,0.0,0.0
130500042404,2014,0.0,0.0,0.0
130500042404,2015,0.0,0.0,0.0
130500042404,2016,0.0,0.0,0.0
130500042404,2017,0.0,0.0,0.0
130500042404,2018,0.0,0.0,0.0
130500042404,2019,0.0,0.0,0.0
130500042404,2020,0.0,0.0,0.0
130500042405,2000,0.0,0.0,0.0
130500042405,2001,0.0,0.0,0.0
130500042405,2002,0.0,0.0,0.0
130500042405,2003,0.0,0.0,0.0
130500042405,2004,0.0,0.0,0.0
130500042405,2005,0.0,0.0,0.0
130500042405,2006,0.0,0.0,0.0
130500042405,2007,0.0,0.0,0.0
130500042405,2008,0.0,0.0,0.0
130500042405,2009,0.0,0.0,0.0
130500042405,2010,0.0,0.0,0.0
130500042405,2011,0.0,0.0,0.0
130500042405,2012,0.0,0.0,0.0
130500042405,2013,0.0,0.0,0.0
130500042405,2014,0.0,0.0,0.0
130500042405,2015,0.0,0.0,0.0
130500042405,2016,0.0,0.0,0.0
130500042405,2017,0.0,0.0,0.0
130500042405,2018,0.0,0.0,0.0
130500042405,2019,0.0,0.0,0.0
130500042405,2020,0.0,0.0,0.0
130500042406,2000,9.204482828,9.204482828,0.0
130500042406,2001,8.860958156,8.860958156,0.0
130500042406,2002,7.010073674,7.010073674,0.0
130500042406,2003,6.890168888,6.890168888,0.0
130500042406,2004,3.477926366,3.477926366,0.0
130500042406,2005,5.019585233,5.019585233,0.0
130500042406,2006,4.721449293,4.721449293,0.0
130500042406,2007,10.604871178,10.604871178,0.0
130500042406,2008,4.036739153,4.036739153,0.0
130500042406,2009,6.145780332,6.145780332,0.0
130500042406,2010,3.91868657,3.91868657,0.0
130500042406,2011,6.787890186,6.787890186,0.0
130500042406,2012,8.420366464,8.420366464,0.0
130500042406,2013,5.812336611,5.812336611,0.0
130500042406,2014,7.58248471,7.58248471,0.0
130500042406,2015,6.787539159,6.787539159,0.0
130500042406,2016,5.959035219,5.959035219,0.0
130500042406,2017,7.598780751,7.598780751,0.0
130500042406,2018,2.996635433,2.996635433,0.0
130500042406,2019,5.394708038,5.394708038,0.0
130500042406,2020,4.761521519,4.761521519,0.0
130500042501,2000,0.0,0.0,0.0
130500042501,2001,0.0,0.0,0.0
130500042501,2002,0.0,0.0,0.0
130500042501,2003,0.0,0.0,0.0
130500042501,2004,0.0,0.0,0.0
130500042501,2005,0.0,0.0,0.0
130500042501,2006,0.0,0.0,0.0
130500042501,2007,0.0,0.0,0.0
130500042501,2008,0.0,0.0,0.0
130500042501,2009,0.0,0.0,0.0
130500042501,2010,0.0,0.0,0.0
130500042501,2011,0.0,0.0,0.0
130500042501,2012,0.0,0.0,0.0
130500042501,2013,0.0,0.0,0.0
130500042501,2014,0.0,0.0,0.0
130500042501,2015,0.0,0.0,0.0
130500042501,2016,0.0,0.0,0.0
130500042501,2017,0.0,0.0,0.0
130500042501,2018,0.0,0.0,0.0
130500042501,2019,0.0,0.0,0.0
130500042501,2020,0.0,0.0,0.0
130500042502,2000,0.0,0.0,0.0
130500042502,2001,0.0,0.0,0.0
130500042502,2002,0.0,0.0,0.0
130500042502,2003,0.0,0.0,0.0
130500042502,2004,0.0,0.0,0.0
130500042502,2005,0.0,0.0,0.0
130500042502,2006,0.0,0.0,0.0
130500042502,2007,0.0,0.0,0.0
130500042502,2008,0.0,0.0,0.0
130500042502,2009,0.0,0.0,0.0
130500042502,2010,0.0,0.0,0.0
130500042502,2011,0.0,0.0,0.0
130500042502,2012,0.0,0.0,0.0
130500042502,2013,0.0,0.0,0.0
130500042502,2014,0.0,0.0,0.0
130500042502,2015,0.0,0.0,0.0
130500042502,2016,0.0,0.0,0.0
130500042502,2017,0.0,0.0,0.0
130500042502,2018,0.0,0.0,0.0
130500042502,2019,0.0,0.0,0.0
130500042502,2020,0.0,0.0,0.0
130500042503,2000,0.0,0.0,0.0
130500042503,2001,0.0,0.0,0.0
130500042503,2002,0.0,0.0,0.0
130500042503,2003,0.0,0.0,0.0
130500042503,2004,0.0,0.0,0.0
130500042503,2005,0.0,0.0,0.0
130500042503,2006,0.0,0.0,0.0
130500042503,2007,0.0,0.0,0.0
130500042503,2008,0.0,0.0,0.0
130500042503,2009,0.0,0.0,0.0
130500042503,2010,0.0,0.0,0.0
130500042503,2011,0.0,0.0,0.0
130500042503,2012,0.0,0.0,0.0
130500042503,2013,0.0,0.0,0.0
130500042503,2014,0.0,0.0,0.0
130500042503,2015,0.0,0.0,0.0
130500042503,2016,0.0,0.0,0.0
130500042503,2017,0.0,0.0,0.0
130500042503,2018,0.0,0.0,0.0
130500042503,2019,0.0,0.0,0.0
130500042503,2020,0.0,0.0,0.0
130500042504,2000,0.0,0.0,0.0
130500042504,2001,0.0,0.0,0.0
130500042504,2002,0.0,0.0,0.0
130500042504,2003,0.0,0.0,0.0
130500042504,2004,0.0,0.0,0.0
130500042504,2005,0.0,0.0,0.0
130500042504,2006,0.0,0.0,0.0
130500042504,2007,0.0,0.0,0.0
130500042504,2008,0.0,0.0,0.0
130500042504,2009,0.0,0.0,0.0
130500042504,2010,0.0,0.0,0.0
130500042504,2011,0.0,0.0,0.0
130500042504,2012,0.0,0.0,0.0
130500042504,2013,0.0,0.0,0.0
130500042504,2014,0.0,0.0,0.0
130500042504,2015,0.0,0.0,0.0
130500042504,2016,0.0,0.0,0.0
130500042504,2017,0.0,0.0,0.0
130500042504,2018,0.0,0.0,0.0
130500042504,2019,0.0,0.0,0.0
130500042504,2020,0.0,0.0,0.0
130500042505,2000,0.0,0.0,0.0
130500042505,2001,0.0,0.0,0.0
130500042505,2002,0.0,0.0,0.0
130500042505,2003,0.0,0.0,0.0
130500042505,2004,0.0,0.0,0.0
130500042505,2005,0.0,0.0,0.0
130500042505,2006,0.0,0.0,0.0
130500042505,2007,0.0,0.0,0.0
130500042505,2008,0.0,0.0,0.0
130500042505,2009,0.0,0.0,0.0
130500042505,2010,0.0,0.0,0.0
130500042505,2011,0.0,0.0,0.0
130500042505,2012,0.0,0.0,0.0
130500042505,2013,0.0,0.0,0.0
130500042505,2014,0.0,0.0,0.0
130500042505,2015,0.0,0.0,0.0
130500042505,2016,0.0,0.0,0.0
130500042505,2017,0.0,0.0,0.0
130500042505,2018,0.0,0.0,0.0
130500042505,2019,0.0,0.0,0.0
130500042505,2020,0.0,0.0,0.0
130500042506,2000,0.0,0.0,0.0
130500042506,2001,0.0,0.0,0.0
130500042506,2002,0.0,0.0,0.0
130500042506,2003,0.0,0.0,0.0
130500042506,2004,0.0,0.0,0.0
130500042506,2005,0.0,0.0,0.0
130500042506,2006,0.0,0.0,0.0
130500042506,2007,0.0,0.0,0.0
130500042506,2008,0.0,0.0,0.0
130500042506,2009,0.0,0.0,0.0
130500042506,2010,0.0,0.0,0.0
130500042506,2011,0.0,0.0,0.0
130500042506,2012,0.0,0.0,0.0
130500042506,2013,0.0,0.0,0.0
130500042506,2014,0.0,0.0,0.0
130500042506,2015,0.0,0.0,0.0
130500042506,2016,0.0,0.0,0.0
130500042506,2017,0.0,0.0,0.0
130500042506,2018,0.0,0.0,0.0
130500042506,2019,0.0,0.0,0.0
130500042506,2020,0.0,0.0,0.0
130700010103,2000,0.0,0.0,0.0
130700010103,2001,0.0,0.0,0.0
130700010103,2002,0.0,0.0,0.0
130700010103,2003,0.0,0.0,0.0
130700010103,2004,0.0,0.0,0.0
130700010103,2005,0.0,0.0,0.0
130700010103,2006,0.0,0.0,0.0
130700010103,2007,0.0,0.0,0.0
130700010103,2008,0.0,0.0,0.0
130700010103,2009,0.0,0.0,0.0
130700010103,2010,0.0,0.0,0.0
130700010103,2011,0.0,0.0,0.0
130700010103,2012,0.0,0.0,0.0
130700010103,2013,0.0,0.0,0.0
130700010103,2014,0.0,0.0,0.0
130700010103,2015,0.0,0.0,0.0
130700010103,2016,0.0,0.0,0.0
130700010103,2017,0.0,0.0,0.0
130700010103,2018,0.0,0.0,0.0
130700010103,2019,0.0,0.0,0.0
130700010103,2020,0.0,0.0,0.0
130700010201,2000,0.0,0.0,0.0
130700010201,2001,0.0,0.0,0.0
130700010201,2002,0.0,0.0,0.0
130700010201,2003,0.0,0.0,0.0
130700010201,2004,0.0,0.0,0.0
130700010201,2005,0.0,0.0,0.0
130700010201,2006,0.0,0.0,0.0
130700010201,2007,0.0,0.0,0.0
130700010201,2008,0.0,0.0,0.0
130700010201,2009,0.0,0.0,0.0
130700010201,2010,0.0,0.0,0.0
130700010201,2011,0.0,0.0,0.0
130700010201,2012,0.0,0.0,0.0
130700010201,2013,0.0,0.0,0.0
130700010201,2014,0.0,0.0,0.0
130700010201,2015,0.0,0.0,0.0
130700010201,2016,0.0,0.0,0.0
130700010201,2017,0.0,0.0,0.0
130700010201,2018,0.0,0.0,0.0
130700010201,2019,0.0,0.0,0.0
130700010201,2020,0.0,0.0,0.0
130700010202,2000,0.0,0.0,0.0
130700010202,2001,0.0,0.0,0.0
130700010202,2002,0.0,0.0,0.0
130700010202,2003,0.0,0.0,0.0
130700010202,2004,0.0,0.0,0.0
130700010202,2005,0.0,0.0,0.0
130700010202,2006,0.0,0.0,0.0
130700010202,2007,0.0,0.0,0.0
130700010202,2008,0.0,0.0,0.0
130700010202,2009,0.0,0.0,0.0
130700010202,2010,0.0,0.0,0.0
130700010202,2011,0.0,0.0,0.0
130700010202,2012,0.0,0.0,0.0
130700010202,2013,0.0,0.0,0.0
130700010202,2014,0.0,0.0,0.0
130700010202,2015,0.0,0.0,0.0
130700010202,2016,0.0,0.0,0.0
130700010202,2017,0.0,0.0,0.0
130700010202,2018,0.0,0.0,0.0
130700010202,2019,0.0,0.0,0.0
130700010202,2020,0.0,0.0,0.0
130700010203,2000,0.0,0.0,0.0
130700010203,2001,0.0,0.0,0.0
130700010203,2002,0.0,0.0,0.0
130700010203,2003,0.0,0.0,0.0
130700010203,2004,0.0,0.0,0.0
130700010203,2005,0.0,0.0,0.0
130700010203,2006,0.0,0.0,0.0
130700010203,2007,0.0,0.0,0.0
130700010203,2008,0.0,0.0,0.0
130700010203,2009,0.0,0.0,0.0
130700010203,2010,0.0,0.0,0.0
130700010203,2011,0.0,0.0,0.0
130700010203,2012,0.0,0.0,0.0
130700010203,2013,0.0,0.0,0.0
130700010203,2014,0.0,0.0,0.0
130700010203,2015,0.0,0.0,0.0
130700010203,2016,0.0,0.0,0.0
130700010203,2017,0.0,0.0,0.0
130700010203,2018,0.0,0.0,0.0
130700010203,2019,0.0,0.0,0.0
130700010203,2020,0.0,0.0,0.0
130700010204,2000,0.0,0.0,0.0
130700010204,2001,0.0,0.0,0.0
130700010204,2002,0.0,0.0,0.0
130700010204,2003,0.0,0.0,0.0
130700010204,2004,0.0,0.0,0.0
130700010204,2005,0.0,0.0,0.0
130700010204,2006,0.0,0.0,0.0
130700010204,2007,0.0,0.0,0.0
130700010204,2008,0.0,0.0,0.0
130700010204,2009,0.0,0.0,0.0
130700010204,2010,0.0,0.0,0.0
130700010204,2011,0.0,0.0,0.0
130700010204,2012,0.0,0.0,0.0
130700010204,2013,0.0,0.0,0.0
130700010204,2014,0.0,0.0,0.0
130700010204,2015,0.0,0.0,0.0
130700010204,2016,0.0,0.0,0.0
130700010204,2017,0.0,0.0,0.0
130700010204,2018,0.0,0.0,0.0
130700010204,2019,0.0,0.0,0.0
130700010204,2020,0.0,0.0,0.0
130700010205,2000,0.0,0.0,0.0
130700010205,2001,0.0,0.0,0.0
130700010205,2002,0.0,0.0,0.0
130700010205,2003,0.0,0.0,0.0
130700010205,2004,0.0,0.0,0.0
130700010205,2005,0.0,0.0,0.0
130700010205,2006,0.0,0.0,0.0
130700010205,2007,0.0,0.0,0.0
130700010205,2008,0.0,0.0,0.0
130700010205,2009,0.0,0.0,0.0
130700010205,2010,0.0,0.0,0.0
130700010205,2011,0.0,0.0,0.0
130700010205,2012,0.0,0.0,0.0
130700010205,2013,0.0,0.0,0.0
130700010205,2014,0.0,0.0,0.0
130700010205,2015,0.0,0.0,0.0
130700010205,2016,0.0,0.0,0.0
130700010205,2017,0.0,0.0,0.0
130700010205,2018,0.0,0.0,0.0
130700010205,2019,0.0,0.0,0.0
130700010205,2020,0.0,0.0,0.0
130700010206,2000,0.0,0.0,0.0
130700010206,2001,0.0,0.0,0.0
130700010206,2002,0.0,0.0,0.0
130700010206,2003,0.0,0.0,0.0
130700010206,2004,0.0,0.0,0.0
130700010206,2005,0.0,0.0,0.0
130700010206,2006,0.0,0.0,0.0
130700010206,2007,0.0,0.0,0.0
130700010206,2008,0.0,0.0,0.0
130700010206,2009,0.0,0.0,0.0
130700010206,2010,0.0,0.0,0.0
130700010206,2011,0.0,0.0,0.0
130700010206,2012,0.0,0.0,0.0
130700010206,2013,0.0,0.0,0.0
130700010206,2014,0.0,0.0,0.0
130700010206,2015,0.0,0.0,0.0
130700010206,2016,0.0,0.0,0.0
130700010206,2017,0.0,0.0,0.0
130700010206,2018,0.0,0.0,0.0
130700010206,2019,0.0,0.0,0.0
130700010206,2020,0.0,0.0,0.0
130700010207,2000,0.0,0.0,0.0
130700010207,2001,0.0,0.0,0.0
130700010207,2002,0.0,0.0,0.0
130700010207,2003,0.0,0.0,0.0
130700010207,2004,0.0,0.0,0.0
130700010207,2005,0.0,0.0,0.0
130700010207,2006,0.0,0.0,0.0
130700010207,2007,0.0,0.0,0.0
130700010207,2008,0.0,0.0,0.0
130700010207,2009,0.0,0.0,0.0
130700010207,2010,0.0,0.0,0.0
130700010207,2011,0.0,0.0,0.0
130700010207,2012,0.0,0.0,0.0
130700010207,2013,0.0,0.0,0.0
130700010207,2014,0.0,0.0,0.0
130700010207,2015,0.0,0.0,0.0
130700010207,2016,0.0,0.0,0.0
130700010207,2017,0.0,0.0,0.0
130700010207,2018,0.0,0.0,0.0
130700010207,2019,0.0,0.0,0.0
130700010207,2020,0.0,0.0,0.0
130700010301,2000,0.0,0.0,0.0
130700010301,2001,0.0,0.0,0.0
130700010301,2002,0.0,0.0,0.0
130700010301,2003,0.0,0.0,0.0
130700010301,2004,0.0,0.0,0.0
130700010301,2005,0.0,0.0,0.0
130700010301,2006,0.0,0.0,0.0
130700010301,2007,0.0,0.0,0.0
130700010301,2008,0.0,0.0,0.0
130700010301,2009,0.0,0.0,0.0
130700010301,2010,0.0,0.0,0.0
130700010301,2011,0.0,0.0,0.0
130700010301,2012,0.0,0.0,0.0
130700010301,2013,0.0,0.0,0.0
130700010301,2014,0.0,0.0,0.0
130700010301,2015,0.0,0.0,0.0
130700010301,2016,0.0,0.0,0.0
130700010301,2017,0.0,0.0,0.0
130700010301,2018,0.0,0.0,0.0
130700010301,2019,0.0,0.0,0.0
130700010301,2020,0.0,0.0,0.0
130700010302,2000,0.0,0.0,0.0
130700010302,2001,0.0,0.0,0.0
130700010302,2002,0.0,0.0,0.0
130700010302,2003,0.0,0.0,0.0
130700010302,2004,0.0,0.0,0.0
130700010302,2005,0.0,0.0,0.0
130700010302,2006,0.0,0.0,0.0
130700010302,2007,0.0,0.0,0.0
130700010302,2008,0.0,0.0,0.0
130700010302,2009,0.0,0.0,0.0
130700010302,2010,0.0,0.0,0.0
130700010302,2011,0.0,0.0,0.0
130700010302,2012,0.0,0.0,0.0
130700010302,2013,0.0,0.0,0.0
130700010302,2014,0.0,0.0,0.0
130700010302,2015,0.0,0.0,0.0
130700010302,2016,0.0,0.0,0.0
130700010302,2017,0.0,0.0,0.0
130700010302,2018,0.0,0.0,0.0
130700010302,2019,0.0,0.0,0.0
130700010302,2020,0.0,0.0,0.0
130700010303,2000,0.0,0.0,0.0
130700010303,2001,0.0,0.0,0.0
130700010303,2002,0.0,0.0,0.0
130700010303,2003,0.0,0.0,0.0
130700010303,2004,0.0,0.0,0.0
130700010303,2005,0.0,0.0,0.0
130700010303,2006,0.0,0.0,0.0
130700010303,2007,0.0,0.0,0.0
130700010303,2008,0.0,0.0,0.0
130700010303,2009,0.0,0.0,0.0
130700010303,2010,0.0,0.0,0.0
130700010303,2011,0.0,0.0,0.0
130700010303,2012,0.0,0.0,0.0
130700010303,2013,0.0,0.0,0.0
130700010303,2014,0.0,0.0,0.0
130700010303,2015,0.0,0.0,0.0
130700010303,2016,0.0,0.0,0.0
130700010303,2017,0.0,0.0,0.0
130700010303,2018,0.0,0.0,0.0
130700010303,2019,0.0,0.0,0.0
130700010303,2020,0.0,0.0,0.0
130700010304,2000,0.0,0.0,0.0
130700010304,2001,0.0,0.0,0.0
130700010304,2002,0.0,0.0,0.0
130700010304,2003,0.0,0.0,0.0
130700010304,2004,0.0,0.0,0.0
130700010304,2005,0.0,0.0,0.0
130700010304,2006,0.0,0.0,0.0
130700010304,2007,0.0,0.0,0.0
130700010304,2008,0.0,0.0,0.0
130700010304,2009,0.0,0.0,0.0
130700010304,2010,0.0,0.0,0.0
130700010304,2011,0.0,0.0,0.0
130700010304,2012,0.0,0.0,0.0
130700010304,2013,0.0,0.0,0.0
130700010304,2014,0.0,0.0,0.0
130700010304,2015,0.0,0.0,0.0
130700010304,2016,0.0,0.0,0.0
130700010304,2017,0.0,0.0,0.0
130700010304,2018,0.0,0.0,0.0
130700010304,2019,0.0,0.0,0.0
130700010304,2020,0.0,0.0,0.0
130700010305,2000,0.0,0.0,0.0
130700010305,2001,0.0,0.0,0.0
130700010305,2002,0.0,0.0,0.0
130700010305,2003,0.0,0.0,0.0
130700010305,2004,0.0,0.0,0.0
130700010305,2005,0.0,0.0,0.0
130700010305,2006,0.0,0.0,0.0
130700010305,2007,0.0,0.0,0.0
130700010305,2008,0.0,0.0,0.0
130700010305,2009,0.0,0.0,0.0
130700010305,2010,0.0,0.0,0.0
130700010305,2011,0.0,0.0,0.0
130700010305,2012,0.0,0.0,0.0
130700010305,2013,0.0,0.0,0.0
130700010305,2014,0.0,0.0,0.0
130700010305,2015,0.0,0.0,0.0
130700010305,2016,0.0,0.0,0.0
130700010305,2017,0.0,0.0,0.0
130700010305,2018,0.0,0.0,0.0
130700010305,2019,0.0,0.0,0.0
130700010305,2020,0.0,0.0,0.0
130700010402,2000,0.0,0.0,0.0
130700010402,2001,0.0,0.0,0.0
130700010402,2002,0.0,0.0,0.0
130700010402,2003,0.0,0.0,0.0
130700010402,2004,0.0,0.0,0.0
130700010402,2005,0.0,0.0,0.0
130700010402,2006,0.0,0.0,0.0
130700010402,2007,0.0,0.0,0.0
130700010402,2008,0.0,0.0,0.0
130700010402,2009,0.0,0.0,0.0
130700010402,2010,0.0,0.0,0.0
130700010402,2011,0.0,0.0,0.0
130700010402,2012,0.0,0.0,0.0
130700010402,2013,0.0,0.0,0.0
130700010402,2014,0.0,0.0,0.0
130700010402,2015,0.0,0.0,0.0
130700010402,2016,0.0,0.0,0.0
130700010402,2017,0.0,0.0,0.0
130700010402,2018,0.0,0.0,0.0
130700010402,2019,0.0,0.0,0.0
130700010402,2020,0.0,0.0,0.0
130700010403,2000,0.0,0.0,0.0
130700010403,2001,0.0,0.0,0.0
130700010403,2002,0.0,0.0,0.0
130700010403,2003,0.0,0.0,0.0
130700010403,2004,0.0,0.0,0.0
130700010403,2005,0.0,0.0,0.0
130700010403,2006,0.0,0.0,0.0
130700010403,2007,0.0,0.0,0.0
130700010403,2008,0.0,0.0,0.0
130700010403,2009,0.0,0.0,0.0
130700010403,2010,0.0,0.0,0.0
130700010403,2011,0.0,0.0,0.0
130700010403,2012,0.0,0.0,0.0
130700010403,2013,0.0,0.0,0.0
130700010403,2014,0.0,0.0,0.0
130700010403,2015,0.0,0.0,0.0
130700010403,2016,0.0,0.0,0.0
130700010403,2017,0.0,0.0,0.0
130700010403,2018,0.0,0.0,0.0
130700010403,2019,0.0,0.0,0.0
130700010403,2020,0.0,0.0,0.0
130700010404,2000,0.0,0.0,0.0
130700010404,2001,0.0,0.0,0.0
130700010404,2002,0.0,0.0,0.0
130700010404,2003,0.0,0.0,0.0
130700010404,2004,0.0,0.0,0.0
130700010404,2005,0.0,0.0,0.0
130700010404,2006,0.0,0.0,0.0
130700010404,2007,0.0,0.0,0.0
130700010404,2008,0.0,0.0,0.0
130700010404,2009,0.0,0.0,0.0
130700010404,2010,0.0,0.0,0.0
130700010404,2011,0.0,0.0,0.0
130700010404,2012,0.0,0.0,0.0
130700010404,2013,0.0,0.0,0.0
130700010404,2014,0.0,0.0,0.0
130700010404,2015,0.0,0.0,0.0
130700010404,2016,0.0,0.0,0.0
130700010404,2017,0.0,0.0,0.0
130700010404,2018,0.0,0.0,0.0
130700010404,2019,0.0,0.0,0.0
130700010404,2020,0.0,0.0,0.0
130700010405,2000,0.0,0.0,0.0
130700010405,2001,0.0,0.0,0.0
130700010405,2002,0.0,0.0,0.0
130700010405,2003,0.0,0.0,0.0
130700010405,2004,0.0,0.0,0.0
130700010405,2005,0.0,0.0,0.0
130700010405,2006,0.0,0.0,0.0
130700010405,2007,0.0,0.0,0.0
130700010405,2008,0.0,0.0,0.0
130700010405,2009,0.0,0.0,0.0
130700010405,2010,0.0,0.0,0.0
130700010405,2011,0.0,0.0,0.0
130700010405,2012,0.0,0.0,0.0
130700010405,2013,0.0,0.0,0.0
130700010405,2014,0.0,0.0,0.0
130700010405,2015,0.0,0.0,0.0
130700010405,2016,0.0,0.0,0.0
130700010405,2017,0.0,0.0,0.0
130700010405,2018,0.0,0.0,0.0
130700010405,2019,0.0,0.0,0.0
130700010405,2020,0.0,0.0,0.0
130700010406,2000,0.0,0.0,0.0
130700010406,2001,0.0,0.0,0.0
130700010406,2002,0.0,0.0,0.0
130700010406,2003,0.0,0.0,0.0
130700010406,2004,0.0,0.0,0.0
130700010406,2005,0.0,0.0,0.0
130700010406,2006,0.0,0.0,0.0
130700010406,2007,0.0,0.0,0.0
130700010406,2008,0.0,0.0,0.0
130700010406,2009,0.0,0.0,0.0
130700010406,2010,0.0,0.0,0.0
130700010406,2011,0.0,0.0,0.0
130700010406,2012,0.0,0.0,0.0
130700010406,2013,0.0,0.0,0.0
130700010406,2014,0.0,0.0,0.0
130700010406,2015,0.0,0.0,0.0
130700010406,2016,0.0,0.0,0.0
130700010406,2017,0.0,0.0,0.0
130700010406,2018,0.0,0.0,0.0
130700010406,2019,0.0,0.0,0.0
130700010406,2020,0.0,0.0,0.0
130700010407,2000,0.0,0.0,0.0
130700010407,2001,0.0,0.0,0.0
130700010407,2002,0.0,0.0,0.0
130700010407,2003,0.0,0.0,0.0
130700010407,2004,0.0,0.0,0.0
130700010407,2005,0.0,0.0,0.0
130700010407,2006,0.0,0.0,0.0
130700010407,2007,0.0,0.0,0.0
130700010407,2008,0.0,0.0,0.0
130700010407,2009,0.0,0.0,0.0
130700010407,2010,0.0,0.0,0.0
130700010407,2011,0.0,0.0,0.0
130700010407,2012,0.0,0.0,0.0
130700010407,2013,0.0,0.0,0.0
130700010407,2014,0.0,0.0,0.0
130700010407,2015,0.0,0.0,0.0
130700010407,2016,0.0,0.0,0.0
130700010407,2017,0.0,0.0,0.0
130700010407,2018,0.0,0.0,0.0
130700010407,2019,0.0,0.0,0.0
130700010407,2020,0.0,0.0,0.0
130700010408,2000,0.0,0.0,0.0
130700010408,2001,0.0,0.0,0.0
130700010408,2002,0.0,0.0,0.0
130700010408,2003,0.0,0.0,0.0
130700010408,2004,0.0,0.0,0.0
130700010408,2005,0.0,0.0,0.0
130700010408,2006,0.0,0.0,0.0
130700010408,2007,0.0,0.0,0.0
130700010408,2008,0.0,0.0,0.0
130700010408,2009,0.0,0.0,0.0
130700010408,2010,0.0,0.0,0.0
130700010408,2011,0.0,0.0,0.0
130700010408,2012,0.0,0.0,0.0
130700010408,2013,0.0,0.0,0.0
130700010408,2014,0.0,0.0,0.0
130700010408,2015,0.0,0.0,0.0
130700010408,2016,0.0,0.0,0.0
130700010408,2017,0.0,0.0,0.0
130700010408,2018,0.0,0.0,0.0
130700010408,2019,0.0,0.0,0.0
130700010408,2020,0.0,0.0,0.0
130700010601,2000,0.0,0.0,0.0
130700010601,2001,0.0,0.0,0.0
130700010601,2002,0.0,0.0,0.0
130700010601,2003,0.0,0.0,0.0
130700010601,2004,0.0,0.0,0.0
130700010601,2005,0.0,0.0,0.0
130700010601,2006,0.0,0.0,0.0
130700010601,2007,0.0,0.0,0.0
130700010601,2008,0.0,0.0,0.0
130700010601,2009,0.0,0.0,0.0
130700010601,2010,0.0,0.0,0.0
130700010601,2011,0.0,0.0,0.0
130700010601,2012,0.0,0.0,0.0
130700010601,2013,0.0,0.0,0.0
130700010601,2014,0.0,0.0,0.0
130700010601,2015,0.0,0.0,0.0
130700010601,2016,0.0,0.0,0.0
130700010601,2017,0.0,0.0,0.0
130700010601,2018,0.0,0.0,0.0
130700010601,2019,0.0,0.0,0.0
130700010601,2020,0.0,0.0,0.0
