huc12_id,year,irrwdgw_mgd,irrwdtot_mgd,irrwdsw_mgd
130700010602,2000,0.0,0.0,0.0
130700010602,2001,0.0,0.0,0.0
130700010602,2002,0.0,0.0,0.0
130700010602,2003,0.0,0.0,0.0
130700010602,2004,0.0,0.0,0.0
130700010602,2005,0.0,0.0,0.0
130700010602,2006,0.0,0.0,0.0
130700010602,2007,0.0,0.0,0.0
130700010602,2008,0.0,0.0,0.0
130700010602,2009,0.0,0.0,0.0
130700010602,2010,0.0,0.0,0.0
130700010602,2011,0.0,0.0,0.0
130700010602,2012,0.0,0.0,0.0
130700010602,2013,0.0,0.0,0.0
130700010602,2014,0.0,0.0,0.0
130700010602,2015,0.0,0.0,0.0
130700010602,2016,0.0,0.0,0.0
130700010602,2017,0.0,0.0,0.0
130700010602,2018,0.0,0.0,0.0
130700010602,2019,0.0,0.0,0.0
130700010602,2020,0.0,0.0,0.0
130700010603,2000,0.0,0.0,0.0
130700010603,2001,0.0,0.0,0.0
130700010603,2002,0.0,0.0,0.0
130700010603,2003,0.0,0.0,0.0
130700010603,2004,0.0,0.0,0.0
130700010603,2005,0.0,0.0,0.0
130700010603,2006,0.0,0.0,0.0
130700010603,2007,0.0,0.0,0.0
130700010603,2008,0.0,0.0,0.0
130700010603,2009,0.0,0.0,0.0
130700010603,2010,0.0,0.0,0.0
130700010603,2011,0.0,0.0,0.0
130700010603,2012,0.0,0.0,0.0
130700010603,2013,0.0,0.0,0.0
130700010603,2014,0.0,0.0,0.0
130700010603,2015,0.0,0.0,0.0
130700010603,2016,0.0,0.0,0.0
130700010603,2017,0.0,0.0,0.0
130700010603,2018,0.0,0.0,0.0
130700010603,2019,0.0,0.0,0.0
130700010603,2020,0.0,0.0,0.0
130700010604,2000,0.0,0.0,0.0
130700010604,2001,0.0,0.0,0.0
130700010604,2002,0.0,0.0,0.0
130700010604,2003,0.0,0.0,0.0
130700010604,2004,0.0,0.0,0.0
130700010604,2005,0.0,0.0,0.0
130700010604,2006,0.0,0.0,0.0
130700010604,2007,0.0,0.0,0.0
130700010604,2008,0.0,0.0,0.0
130700010604,2009,0.0,0.0,0.0
130700010604,2010,0.0,0.0,0.0
130700010604,2011,0.0,0.0,0.0
130700010604,2012,0.0,0.0,0.0
130700010604,2013,0.0,0.0,0.0
130700010604,2014,0.0,0.0,0.0
130700010604,2015,0.0,0.0,0.0
130700010604,2016,0.0,0.0,0.0
130700010604,2017,0.0,0.0,0.0
130700010604,2018,0.0,0.0,0.0
130700010604,2019,0.0,0.0,0.0
130700010604,2020,0.0,0.0,0.0
130700010605,2000,0.0,0.0,0.0
130700010605,2001,0.0,0.0,0.0
130700010605,2002,0.0,0.0,0.0
130700010605,2003,0.0,0.0,0.0
130700010605,2004,0.0,0.0,0.0
130700010605,2005,0.0,0.0,0.0
130700010605,2006,0.0,0.0,0.0
130700010605,2007,0.0,0.0,0.0
130700010605,2008,0.0,0.0,0.0
130700010605,2009,0.0,0.0,0.0
130700010605,2010,0.0,0.0,0.0
130700010605,2011,0.0,0.0,0.0
130700010605,2012,0.0,0.0,0.0
130700010605,2013,0.0,0.0,0.0
130700010605,2014,0.0,0.0,0.0
130700010605,2015,0.0,0.0,0.0
130700010605,2016,0.0,0.0,0.0
130700010605,2017,0.0,0.0,0.0
130700010605,2018,0.0,0.0,0.0
130700010605,2019,0.0,0.0,0.0
130700010605,2020,0.0,0.0,0.0
130700010701,2000,0.0,0.0,0.0
130700010701,2001,0.0,0.0,0.0
130700010701,2002,0.0,0.0,0.0
130700010701,2003,0.0,0.0,0.0
130700010701,2004,0.0,0.0,0.0
130700010701,2005,0.0,0.0,0.0
130700010701,2006,0.0,0.0,0.0
130700010701,2007,0.0,0.0,0.0
130700010701,2008,0.0,0.0,0.0
130700010701,2009,0.0,0.0,0.0
130700010701,2010,0.0,0.0,0.0
130700010701,2011,0.0,0.0,0.0
130700010701,2012,0.0,0.0,0.0
130700010701,2013,0.0,0.0,0.0
130700010701,2014,0.0,0.0,0.0
130700010701,2015,0.0,0.0,0.0
130700010701,2016,0.0,0.0,0.0
130700010701,2017,0.0,0.0,0.0
130700010701,2018,0.0,0.0,0.0
130700010701,2019,0.0,0.0,0.0
130700010701,2020,0.0,0.0,0.0
130700010702,2000,0.0,0.0,0.0
130700010702,2001,0.0,0.0,0.0
130700010702,2002,0.0,0.0,0.0
130700010702,2003,0.0,0.0,0.0
130700010702,2004,0.0,0.0,0.0
130700010702,2005,0.0,0.0,0.0
130700010702,2006,0.0,0.0,0.0
130700010702,2007,0.0,0.0,0.0
130700010702,2008,0.0,0.0,0.0
130700010702,2009,0.0,0.0,0.0
130700010702,2010,0.0,0.0,0.0
130700010702,2011,0.0,0.0,0.0
130700010702,2012,0.0,0.0,0.0
130700010702,2013,0.0,0.0,0.0
130700010702,2014,0.0,0.0,0.0
130700010702,2015,0.0,0.0,0.0
130700010702,2016,0.0,0.0,0.0
130700010702,2017,0.0,0.0,0.0
130700010702,2018,0.0,0.0,0.0
130700010702,2019,0.0,0.0,0.0
130700010702,2020,0.0,0.0,0.0
130700010703,2000,0.0,0.0,0.0
130700010703,2001,0.128332466,0.170654951,0.0423224
130700010703,2002,0.09326106,0.12401734,0.030756364
130700010703,2003,0.037519266,0.049892778,0.012373342
130700010703,2004,0.0,0.0,0.0
130700010703,2005,0.0,0.0,0.0
130700010703,2006,0.0,0.0,0.0
130700010703,2007,0.0,0.0,0.0
130700010703,2008,0.033249943,0.044215161,0.010965467
130700010703,2009,0.0,0.0,0.0
130700010703,2010,0.0,0.0,0.0
130700010703,2011,0.0,0.0,0.0
130700010703,2012,0.0,0.0,0.0
130700010703,2013,0.0,0.0,0.0
130700010703,2014,0.0,0.0,0.0
130700010703,2015,0.0,0.0,0.0
130700010703,2016,0.0,0.0,0.0
130700010703,2017,0.0,0.0,0.0
130700010703,2018,0.0,0.0,0.0
130700010703,2019,0.0,0.0,0.0
130700010703,2020,0.0,0.0,0.0
130700010704,2000,0.0,0.0,0.0
130700010704,2001,0.0,0.0,0.0
130700010704,2002,0.0,0.0,0.0
130700010704,2003,0.0,0.0,0.0
130700010704,2004,0.0,0.0,0.0
130700010704,2005,0.0,0.0,0.0
130700010704,2006,0.0,0.0,0.0
130700010704,2007,0.0,0.0,0.0
130700010704,2008,0.0,0.0,0.0
130700010704,2009,0.0,0.0,0.0
130700010704,2010,0.0,0.0,0.0
130700010704,2011,0.0,0.0,0.0
130700010704,2012,0.0,0.0,0.0
130700010704,2013,0.0,0.0,0.0
130700010704,2014,0.0,0.0,0.0
130700010704,2015,0.0,0.0,0.0
130700010704,2016,0.0,0.0,0.0
130700010704,2017,0.0,0.0,0.0
130700010704,2018,0.0,0.0,0.0
130700010704,2019,0.0,0.0,0.0
130700010704,2020,0.0,0.0,0.0
130700010705,2000,0.0,0.0,0.0
130700010705,2001,0.0,0.0,0.0
130700010705,2002,0.0,0.0,0.0
130700010705,2003,0.0,0.0,0.0
130700010705,2004,0.0,0.0,0.0
130700010705,2005,0.0,0.0,0.0
130700010705,2006,0.0,0.0,0.0
130700010705,2007,0.0,0.0,0.0
130700010705,2008,0.0,0.0,0.0
130700010705,2009,0.0,0.0,0.0
130700010705,2010,0.0,0.0,0.0
130700010705,2011,0.0,0.0,0.0
130700010705,2012,0.0,0.0,0.0
130700010705,2013,0.0,0.0,0.0
130700010705,2014,0.0,0.0,0.0
130700010705,2015,0.0,0.0,0.0
130700010705,2016,0.0,0.0,0.0
130700010705,2017,0.0,0.0,0.0
130700010705,2018,0.0,0.0,0.0
130700010705,2019,0.0,0.0,0.0
130700010705,2020,0.0,0.0,0.0
130700010801,2000,0.0,0.0,0.0
130700010801,2001,0.0,0.0,0.0
130700010801,2002,0.0,0.0,0.0
130700010801,2003,0.0,0.0,0.0
130700010801,2004,0.0,0.0,0.0
130700010801,2005,0.0,0.0,0.0
130700010801,2006,0.0,0.0,0.0
130700010801,2007,0.0,0.0,0.0
130700010801,2008,0.0,0.0,0.0
130700010801,2009,0.0,0.0,0.0
130700010801,2010,0.0,0.0,0.0
130700010801,2011,0.0,0.0,0.0
130700010801,2012,0.0,0.0,0.0
130700010801,2013,0.0,0.0,0.0
130700010801,2014,0.0,0.0,0.0
130700010801,2015,0.0,0.0,0.0
130700010801,2016,0.0,0.0,0.0
130700010801,2017,0.0,0.0,0.0
130700010801,2018,0.0,0.0,0.0
130700010801,2019,0.0,0.0,0.0
130700010801,2020,0.0,0.0,0.0
130700010802,2000,0.0,0.0,0.0
130700010802,2001,0.0,0.0,0.0
130700010802,2002,0.0,0.0,0.0
130700010802,2003,0.0,0.0,0.0
130700010802,2004,0.0,0.0,0.0
130700010802,2005,0.0,0.0,0.0
130700010802,2006,0.0,0.0,0.0
130700010802,2007,0.0,0.0,0.0
130700010802,2008,0.0,0.0,0.0
130700010802,2009,0.0,0.0,0.0
130700010802,2010,0.0,0.0,0.0
130700010802,2011,0.0,0.0,0.0
130700010802,2012,0.0,0.0,0.0
130700010802,2013,0.0,0.0,0.0
130700010802,2014,0.0,0.0,0.0
130700010802,2015,0.0,0.0,0.0
130700010802,2016,0.0,0.0,0.0
130700010802,2017,0.0,0.0,0.0
130700010802,2018,0.0,0.0,0.0
130700010802,2019,0.0,0.0,0.0
130700010802,2020,0.0,0.0,0.0
130700010803,2000,0.0,0.0,0.0
130700010803,2001,0.0,0.0,0.0
130700010803,2002,0.0,0.0,0.0
130700010803,2003,0.0,0.0,0.0
130700010803,2004,0.0,0.0,0.0
130700010803,2005,0.0,0.0,0.0
130700010803,2006,0.0,0.0,0.0
130700010803,2007,0.0,0.0,0.0
130700010803,2008,0.0,0.0,0.0
130700010803,2009,0.0,0.0,0.0
130700010803,2010,0.0,0.0,0.0
130700010803,2011,0.0,0.0,0.0
130700010803,2012,0.0,0.0,0.0
130700010803,2013,0.0,0.0,0.0
130700010803,2014,0.0,0.0,0.0
130700010803,2015,0.0,0.0,0.0
130700010803,2016,0.0,0.0,0.0
130700010803,2017,0.0,0.0,0.0
130700010803,2018,0.0,0.0,0.0
130700010803,2019,0.0,0.0,0.0
130700010803,2020,0.0,0.0,0.0
130700010901,2000,0.0,0.0,0.0
130700010901,2001,0.0,0.0,0.0
130700010901,2002,0.0,0.0,0.0
130700010901,2003,0.0,0.0,0.0
130700010901,2004,0.0,0.0,0.0
130700010901,2005,0.0,0.0,0.0
130700010901,2006,0.0,0.0,0.0
130700010901,2007,0.0,0.0,0.0
130700010901,2008,0.0,0.0,0.0
130700010901,2009,0.0,0.0,0.0
130700010901,2010,0.0,0.0,0.0
130700010901,2011,0.0,0.0,0.0
130700010901,2012,0.0,0.0,0.0
130700010901,2013,0.0,0.0,0.0
130700010901,2014,0.0,0.0,0.0
130700010901,2015,0.0,0.0,0.0
130700010901,2016,0.0,0.0,0.0
130700010901,2017,0.0,0.0,0.0
130700010901,2018,0.0,0.0,0.0
130700010901,2019,0.0,0.0,0.0
130700010901,2020,0.0,0.0,0.0
130700010902,2000,0.0,0.0,0.0
130700010902,2001,0.015411312,0.020493567,0.005082337
130700010902,2002,0.142765036,0.18984714,0.047082022
130700010902,2003,0.0,0.0,0.0
130700010902,2004,0.090269158,0.120038945,0.029769705
130700010902,2005,0.0,0.0,0.0
130700010902,2006,0.0,0.0,0.0
130700010902,2007,0.0,0.0,0.0
130700010902,2008,0.0,0.0,0.0
130700010902,2009,0.0,0.0,0.0
130700010902,2010,0.0,0.0,0.0
130700010902,2011,0.0,0.0,0.0
130700010902,2012,0.03444924,0.045810011,0.011360852
130700010902,2013,0.028782918,0.038274986,0.009492236
130700010902,2014,0.0,0.0,0.0
130700010902,2015,0.0,0.0,0.0
130700010902,2016,0.0,0.0,0.0
130700010902,2017,0.0,0.0,0.0
130700010902,2018,0.0,0.0,0.0
130700010902,2019,0.0,0.0,0.0
130700010902,2020,0.0,0.0,0.0
130700010903,2000,0.0,0.0,0.0
130700010903,2001,0.736472564,0.979351858,0.242879208
130700010903,2002,1.753077729,2.331220241,0.578142762
130700010903,2003,1.47498251,1.961412849,0.486430255
130700010903,2004,1.40237441,1.864859462,0.462485134
130700010903,2005,1.771003973,2.355058562,0.584054504
130700010903,2006,1.736039307,2.308562792,0.572523403
130700010903,2007,1.284927959,1.708680734,0.423752775
130700010903,2008,1.419857546,1.888108432,0.468250964
130700010903,2009,1.398570595,1.859801208,0.46123086
130700010903,2010,1.395320545,1.855479447,0.460158732
130700010903,2011,2.008312477,2.670628299,0.662315822
130700010903,2012,1.807402462,2.403461,0.596058287
130700010903,2013,1.276383493,1.697318553,0.420935058
130700010903,2014,1.270174616,1.689062041,0.41888734
130700010903,2015,1.589423386,2.113595038,0.524171573
130700010903,2016,1.711564951,2.276017306,0.56445227
130700010903,2017,1.066829756,1.418656411,0.351826814
130700010903,2018,0.403862455,0.537051247,0.133188795
130700010903,2019,0.051776595,0.06885186,0.017075096
130700010903,2020,0.0,0.0,0.0
130700010904,2000,0.0,0.0,0.0
130700010904,2001,0.428785773,0.626879466,0.198093945
130700010904,2002,1.058071455,1.407009874,0.348938337
130700010904,2003,0.349745784,0.465087353,0.115341655
130700010904,2004,0.230036568,0.415228232,0.185191833
130700010904,2005,0.353065205,0.56762906,0.21456377
130700010904,2006,0.221209359,0.388086718,0.166877192
130700010904,2007,0.284749655,0.512139718,0.22739006
130700010904,2008,0.46598065,0.779231751,0.313251268
130700010904,2009,0.443849414,0.75871689,0.314867477
130700010904,2010,0.113235685,0.239398888,0.126163203
130700010904,2011,0.493280397,0.892007871,0.398727474
130700010904,2012,0.06177329,0.116115175,0.05434197
130700010904,2013,0.240548822,0.341688586,0.101139764
130700010904,2014,0.298376288,0.448685926,0.15030989
130700010904,2015,0.70361177,1.074216458,0.370604603
130700010904,2016,1.003039992,1.547901254,0.544861178
130700010904,2017,0.063467879,0.144244775,0.080777145
130700010904,2018,0.014366729,0.034125515,0.019758534
130700010904,2019,0.005303707,0.01213683,0.006832956
130700010904,2020,0.0,0.0,0.0
130700010905,2000,0.0,0.0,0.0
130700010905,2001,0.0,0.0,0.0
130700010905,2002,0.0,0.0,0.0
130700010905,2003,0.0,0.0,0.0
130700010905,2004,0.0,0.0,0.0
130700010905,2005,0.0,0.0,0.0
130700010905,2006,0.0,0.0,0.0
130700010905,2007,0.0,0.0,0.0
130700010905,2008,0.0,0.0,0.0
130700010905,2009,0.0,0.0,0.0
130700010905,2010,0.0,0.0,0.0
130700010905,2011,0.0,0.0,0.0
130700010905,2012,0.0,0.0,0.0
130700010905,2013,0.0,0.0,0.0
130700010905,2014,0.0,0.0,0.0
130700010905,2015,0.0,0.0,0.0
130700010905,2016,0.0,0.0,0.0
130700010905,2017,0.0,0.0,0.0
130700010905,2018,0.0,0.0,0.0
130700010905,2019,0.0,0.0,0.0
130700010905,2020,0.0,0.0,0.0
130700010906,2000,0.0,0.0,0.0
130700010906,2001,0.0,0.0,0.0
130700010906,2002,0.0,0.0,0.0
130700010906,2003,0.0,0.0,0.0
130700010906,2004,0.0,0.0,0.0
130700010906,2005,0.0,0.0,0.0
130700010906,2006,0.0,0.0,0.0
130700010906,2007,0.0,0.0,0.0
130700010906,2008,0.0,0.0,0.0
130700010906,2009,0.0,0.0,0.0
130700010906,2010,0.0,0.0,0.0
130700010906,2011,0.0,0.0,0.0
130700010906,2012,0.0,0.0,0.0
130700010906,2013,0.0,0.0,0.0
130700010906,2014,0.0,0.0,0.0
130700010906,2015,0.0,0.0,0.0
130700010906,2016,0.0,0.0,0.0
130700010906,2017,0.0,0.0,0.0
130700010906,2018,0.0,0.0,0.0
130700010906,2019,0.0,0.0,0.0
130700010906,2020,0.0,0.0,0.0
130700011001,2000,0.0,0.0,0.0
130700011001,2001,0.0,0.0,0.0
130700011001,2002,0.0,0.0,0.0
130700011001,2003,0.0,0.0,0.0
130700011001,2004,0.0,0.0,0.0
130700011001,2005,0.0,0.0,0.0
130700011001,2006,0.0,0.0,0.0
130700011001,2007,0.0,0.0,0.0
130700011001,2008,0.0,0.0,0.0
130700011001,2009,0.0,0.0,0.0
130700011001,2010,0.0,0.0,0.0
130700011001,2011,0.0,0.0,0.0
130700011001,2012,0.0,0.0,0.0
130700011001,2013,0.0,0.0,0.0
130700011001,2014,0.0,0.0,0.0
130700011001,2015,0.0,0.0,0.0
130700011001,2016,0.0,0.0,0.0
130700011001,2017,0.0,0.0,0.0
130700011001,2018,0.0,0.0,0.0
130700011001,2019,0.0,0.0,0.0
130700011001,2020,0.0,0.0,0.0
130700011002,2000,0.0,0.0,0.0
130700011002,2001,0.0,0.0,0.0
130700011002,2002,0.0,0.0,0.0
130700011002,2003,0.0,0.0,0.0
130700011002,2004,0.0,0.0,0.0
130700011002,2005,0.0,0.0,0.0
130700011002,2006,0.0,0.0,0.0
130700011002,2007,0.0,0.0,0.0
130700011002,2008,0.0,0.0,0.0
130700011002,2009,0.0,0.0,0.0
130700011002,2010,1.251823156,1.658043871,0.406220627
130700011002,2011,0.213609241,0.284054808,0.070445564
130700011002,2012,1.605519227,2.134999085,0.529479691
130700011002,2013,2.553864529,3.216454049,0.662589605
130700011002,2014,2.226730414,2.752447967,0.525717556
130700011002,2015,2.133868822,2.634405901,0.500537079
130700011002,2016,2.141862929,2.64101474,0.49915173
130700011002,2017,1.946282381,2.485673721,0.53939117
130700011002,2018,3.120771759,3.920567403,0.799795811
130700011002,2019,2.732504868,3.407113356,0.674608488
130700011002,2020,2.952266598,3.814297792,0.862031109
130700011003,2000,0.0,0.0,0.0
130700011003,2001,0.0,0.0,0.0
130700011003,2002,0.0,0.0,0.0
130700011003,2003,0.0,0.0,0.0
130700011003,2004,0.0,0.0,0.0
130700011003,2005,0.0,0.0,0.0
130700011003,2006,0.0,0.0,0.0
130700011003,2007,0.0,0.0,0.0
130700011003,2008,0.0,0.0,0.0
130700011003,2009,0.0,0.0,0.0
130700011003,2010,0.599604482,0.79734629,0.197741973
130700011003,2011,0.0,0.0,0.0
130700011003,2012,0.560068077,0.744771309,0.184703396
130700011003,2013,0.443585395,0.589874299,0.14628874
130700011003,2014,0.275418726,0.366248301,0.09082949
130700011003,2015,0.208147784,0.276792247,0.068644463
130700011003,2016,0.034769164,0.046235675,0.011466508
130700011003,2017,0.073141948,0.097263077,0.024121211
130700011003,2018,0.401014923,0.533264534,0.132249614
130700011003,2019,0.1736202,0.230877899,0.057257863
130700011003,2020,0.206478194,0.274571899,0.068093872
130700011004,2000,0.0,0.0,0.0
130700011004,2001,0.0,0.0,0.0
130700011004,2002,0.0,0.0,0.0
130700011004,2003,0.0,0.0,0.0
130700011004,2004,0.0,0.0,0.0
130700011004,2005,0.0,0.0,0.0
130700011004,2006,0.0,0.0,0.0
130700011004,2007,0.0,0.0,0.0
130700011004,2008,0.0,0.0,0.0
130700011004,2009,0.0,0.0,0.0
130700011004,2010,0.0,0.0,0.0
130700011004,2011,0.0,0.0,0.0
130700011004,2012,0.0,0.0,0.0
130700011004,2013,0.0,0.0,0.0
130700011004,2014,0.0,0.0,0.0
130700011004,2015,0.0,0.0,0.0
130700011004,2016,0.0,0.0,0.0
130700011004,2017,0.0,0.0,0.0
130700011004,2018,0.0,0.0,0.0
130700011004,2019,0.0,0.0,0.0
130700011004,2020,0.0,0.0,0.0
130700011005,2000,0.0,0.0,0.0
130700011005,2001,0.0,0.0,0.0
130700011005,2002,0.0,0.0,0.0
130700011005,2003,0.0,0.0,0.0
130700011005,2004,0.0,0.0,0.0
130700011005,2005,0.0,0.0,0.0
130700011005,2006,0.0,0.0,0.0
130700011005,2007,0.0,0.0,0.0
130700011005,2008,0.0,0.0,0.0
130700011005,2009,0.0,0.0,0.0
130700011005,2010,0.0,0.0,0.0
130700011005,2011,0.0,0.0,0.0
130700011005,2012,0.0,0.0,0.0
130700011005,2013,0.0,0.0,0.0
130700011005,2014,0.0,0.0,0.0
130700011005,2015,0.0,0.0,0.0
130700011005,2016,0.0,0.0,0.0
130700011005,2017,0.0,0.0,0.0
130700011005,2018,0.0,0.0,0.0
130700011005,2019,0.0,0.0,0.0
130700011005,2020,0.0,0.0,0.0
130700011006,2000,0.0,0.0,0.0
130700011006,2001,0.0,0.0,0.0
130700011006,2002,0.0,0.0,0.0
130700011006,2003,0.0,0.0,0.0
130700011006,2004,0.0,0.0,0.0
130700011006,2005,0.0,0.0,0.0
130700011006,2006,0.0,0.0,0.0
130700011006,2007,0.0,0.0,0.0
130700011006,2008,0.0,0.0,0.0
130700011006,2009,0.0,0.0,0.0
130700011006,2010,0.0,0.0,0.0
130700011006,2011,0.0,0.0,0.0
130700011006,2012,0.0,0.0,0.0
130700011006,2013,0.0,0.0,0.0
130700011006,2014,0.0,0.0,0.0
130700011006,2015,0.0,0.0,0.0
130700011006,2016,0.0,0.0,0.0
130700011006,2017,0.0,0.0,0.0
130700011006,2018,0.0,0.0,0.0
130700011006,2019,0.0,0.0,0.0
130700011006,2020,0.0,0.0,0.0
130700020101,2000,0.0,0.0,0.0
130700020101,2001,0.0,0.0,0.0
130700020101,2002,0.0,0.0,0.0
130700020101,2003,0.0,0.0,0.0
130700020101,2004,0.0,0.0,0.0
130700020101,2005,0.0,0.0,0.0
130700020101,2006,0.0,0.0,0.0
130700020101,2007,0.0,0.0,0.0
130700020101,2008,0.0,0.0,0.0
130700020101,2009,0.0,0.0,0.0
130700020101,2010,0.0,0.0,0.0
130700020101,2011,0.0,0.0,0.0
130700020101,2012,0.0,0.0,0.0
130700020101,2013,0.0,0.0,0.0
130700020101,2014,0.0,0.0,0.0
130700020101,2015,0.0,0.0,0.0
130700020101,2016,0.0,0.0,0.0
130700020101,2017,0.0,0.0,0.0
130700020101,2018,0.0,0.0,0.0
130700020101,2019,0.0,0.0,0.0
130700020101,2020,0.0,0.0,0.0
130700020102,2000,0.0,0.0,0.0
130700020102,2001,0.0,0.0,0.0
130700020102,2002,0.0,0.0,0.0
130700020102,2003,0.0,0.0,0.0
130700020102,2004,0.0,0.0,0.0
130700020102,2005,0.0,0.0,0.0
130700020102,2006,0.0,0.0,0.0
130700020102,2007,0.0,0.0,0.0
130700020102,2008,0.0,0.0,0.0
130700020102,2009,0.0,0.0,0.0
130700020102,2010,0.0,0.0,0.0
130700020102,2011,0.0,0.0,0.0
130700020102,2012,0.0,0.0,0.0
130700020102,2013,0.0,0.0,0.0
130700020102,2014,0.0,0.0,0.0
130700020102,2015,0.0,0.0,0.0
130700020102,2016,0.0,0.0,0.0
130700020102,2017,0.0,0.0,0.0
130700020102,2018,0.0,0.0,0.0
130700020102,2019,0.0,0.0,0.0
130700020102,2020,0.0,0.0,0.0
130700020103,2000,0.0,0.0,0.0
130700020103,2001,0.0,0.0,0.0
130700020103,2002,0.0,0.0,0.0
130700020103,2003,0.0,0.0,0.0
130700020103,2004,0.0,0.0,0.0
130700020103,2005,0.0,0.0,0.0
130700020103,2006,0.0,0.0,0.0
130700020103,2007,0.0,0.0,0.0
130700020103,2008,0.0,0.0,0.0
130700020103,2009,0.0,0.0,0.0
130700020103,2010,0.0,0.0,0.0
130700020103,2011,0.0,0.0,0.0
130700020103,2012,0.0,0.0,0.0
130700020103,2013,0.0,0.0,0.0
130700020103,2014,0.0,0.0,0.0
130700020103,2015,0.0,0.0,0.0
130700020103,2016,0.0,0.0,0.0
130700020103,2017,0.0,0.0,0.0
130700020103,2018,0.0,0.0,0.0
130700020103,2019,0.0,0.0,0.0
130700020103,2020,0.0,0.0,0.0
130700020104,2000,0.0,0.0,0.0
130700020104,2001,0.0,0.0,0.0
130700020104,2002,0.0,0.0,0.0
130700020104,2003,0.0,0.0,0.0
130700020104,2004,0.0,0.0,0.0
130700020104,2005,0.0,0.0,0.0
130700020104,2006,0.0,0.0,0.0
130700020104,2007,0.0,0.0,0.0
130700020104,2008,0.0,0.0,0.0
130700020104,2009,0.0,0.0,0.0
130700020104,2010,0.0,0.0,0.0
130700020104,2011,0.0,0.0,0.0
130700020104,2012,0.0,0.0,0.0
130700020104,2013,0.0,0.0,0.0
130700020104,2014,0.0,0.0,0.0
130700020104,2015,0.0,0.0,0.0
130700020104,2016,0.0,0.0,0.0
130700020104,2017,0.0,0.0,0.0
130700020104,2018,0.0,0.0,0.0
130700020104,2019,0.0,0.0,0.0
130700020104,2020,0.0,0.0,0.0
130700020105,2000,0.0,0.0,0.0
130700020105,2001,0.0,0.0,0.0
130700020105,2002,0.0,0.0,0.0
130700020105,2003,0.0,0.0,0.0
130700020105,2004,0.0,0.0,0.0
130700020105,2005,0.0,0.0,0.0
130700020105,2006,0.0,0.0,0.0
130700020105,2007,0.0,0.0,0.0
130700020105,2008,0.0,0.0,0.0
130700020105,2009,0.0,0.0,0.0
130700020105,2010,0.0,0.0,0.0
130700020105,2011,0.0,0.0,0.0
130700020105,2012,0.0,0.0,0.0
130700020105,2013,0.0,0.0,0.0
130700020105,2014,0.0,0.0,0.0
130700020105,2015,0.0,0.0,0.0
130700020105,2016,0.0,0.0,0.0
130700020105,2017,0.0,0.0,0.0
130700020105,2018,0.0,0.0,0.0
130700020105,2019,0.0,0.0,0.0
130700020105,2020,0.0,0.0,0.0
130700020201,2000,0.0,0.0,0.0
130700020201,2001,0.0,0.0,0.0
130700020201,2002,0.0,0.0,0.0
130700020201,2003,0.0,0.0,0.0
130700020201,2004,0.0,0.0,0.0
130700020201,2005,0.0,0.0,0.0
130700020201,2006,0.0,0.0,0.0
130700020201,2007,0.0,0.0,0.0
130700020201,2008,0.0,0.0,0.0
130700020201,2009,0.0,0.0,0.0
130700020201,2010,0.0,0.0,0.0
130700020201,2011,0.0,0.0,0.0
130700020201,2012,0.0,0.0,0.0
130700020201,2013,0.0,0.0,0.0
130700020201,2014,0.0,0.0,0.0
130700020201,2015,0.0,0.0,0.0
130700020201,2016,0.0,0.0,0.0
130700020201,2017,0.0,0.0,0.0
130700020201,2018,0.0,0.0,0.0
130700020201,2019,0.0,0.0,0.0
130700020201,2020,0.0,0.0,0.0
130700020202,2000,0.0,0.0,0.0
130700020202,2001,0.0,0.0,0.0
130700020202,2002,0.0,0.0,0.0
130700020202,2003,0.0,0.0,0.0
130700020202,2004,0.0,0.0,0.0
130700020202,2005,0.0,0.0,0.0
130700020202,2006,0.0,0.0,0.0
130700020202,2007,0.0,0.0,0.0
130700020202,2008,0.0,0.0,0.0
130700020202,2009,0.0,0.0,0.0
130700020202,2010,0.0,0.0,0.0
130700020202,2011,0.0,0.0,0.0
130700020202,2012,0.0,0.0,0.0
130700020202,2013,0.0,0.0,0.0
130700020202,2014,0.0,0.0,0.0
130700020202,2015,0.0,0.0,0.0
130700020202,2016,0.0,0.0,0.0
130700020202,2017,0.0,0.0,0.0
130700020202,2018,0.0,0.0,0.0
130700020202,2019,0.0,0.0,0.0
130700020202,2020,0.0,0.0,0.0
130700020203,2000,0.0,0.0,0.0
130700020203,2001,0.0,0.0,0.0
130700020203,2002,0.0,0.0,0.0
130700020203,2003,0.0,0.0,0.0
130700020203,2004,0.0,0.0,0.0
130700020203,2005,0.0,0.0,0.0
130700020203,2006,0.0,0.0,0.0
130700020203,2007,0.0,0.0,0.0
130700020203,2008,0.0,0.0,0.0
130700020203,2009,0.0,0.0,0.0
130700020203,2010,0.0,0.0,0.0
130700020203,2011,0.0,0.0,0.0
130700020203,2012,0.0,0.0,0.0
130700020203,2013,0.0,0.0,0.0
130700020203,2014,0.0,0.0,0.0
130700020203,2015,0.0,0.0,0.0
130700020203,2016,0.0,0.0,0.0
130700020203,2017,0.0,0.0,0.0
130700020203,2018,0.0,0.0,0.0
130700020203,2019,0.0,0.0,0.0
130700020203,2020,0.0,0.0,0.0
130700020204,2000,0.0,0.0,0.0
130700020204,2001,0.0,0.0,0.0
130700020204,2002,0.0,0.0,0.0
130700020204,2003,0.0,0.0,0.0
130700020204,2004,0.0,0.0,0.0
130700020204,2005,0.0,0.0,0.0
130700020204,2006,0.0,0.0,0.0
130700020204,2007,0.0,0.0,0.0
130700020204,2008,0.0,0.0,0.0
130700020204,2009,0.0,0.0,0.0
130700020204,2010,0.0,0.0,0.0
130700020204,2011,0.0,0.0,0.0
130700020204,2012,0.0,0.0,0.0
130700020204,2013,0.0,0.0,0.0
130700020204,2014,0.0,0.0,0.0
130700020204,2015,0.0,0.0,0.0
130700020204,2016,0.0,0.0,0.0
130700020204,2017,0.0,0.0,0.0
130700020204,2018,0.0,0.0,0.0
130700020204,2019,0.0,0.0,0.0
130700020204,2020,0.0,0.0,0.0
130700020301,2000,0.0,0.0,0.0
130700020301,2001,0.0,0.0,0.0
130700020301,2002,0.0,0.0,0.0
130700020301,2003,0.0,0.0,0.0
130700020301,2004,0.0,0.0,0.0
130700020301,2005,0.0,0.0,0.0
130700020301,2006,0.0,0.0,0.0
130700020301,2007,0.0,0.0,0.0
130700020301,2008,0.0,0.0,0.0
130700020301,2009,0.0,0.0,0.0
130700020301,2010,0.0,0.0,0.0
130700020301,2011,0.0,0.0,0.0
130700020301,2012,0.0,0.0,0.0
130700020301,2013,0.0,0.0,0.0
130700020301,2014,0.0,0.0,0.0
130700020301,2015,0.0,0.0,0.0
130700020301,2016,0.0,0.0,0.0
130700020301,2017,0.0,0.0,0.0
130700020301,2018,0.0,0.0,0.0
130700020301,2019,0.0,0.0,0.0
130700020301,2020,0.0,0.0,0.0
130700020302,2000,0.0,0.0,0.0
130700020302,2001,0.0,0.0,0.0
130700020302,2002,0.0,0.0,0.0
130700020302,2003,0.0,0.0,0.0
130700020302,2004,0.0,0.0,0.0
130700020302,2005,0.0,0.0,0.0
130700020302,2006,0.0,0.0,0.0
130700020302,2007,0.0,0.0,0.0
130700020302,2008,0.0,0.0,0.0
130700020302,2009,0.0,0.0,0.0
130700020302,2010,0.0,0.0,0.0
130700020302,2011,0.0,0.0,0.0
130700020302,2012,0.0,0.0,0.0
130700020302,2013,0.0,0.0,0.0
130700020302,2014,0.0,0.0,0.0
130700020302,2015,0.0,0.0,0.0
130700020302,2016,0.0,0.0,0.0
130700020302,2017,0.0,0.0,0.0
130700020302,2018,0.0,0.0,0.0
130700020302,2019,0.0,0.0,0.0
130700020302,2020,0.0,0.0,0.0
130700020303,2000,0.0,0.0,0.0
130700020303,2001,0.0,0.0,0.0
130700020303,2002,0.0,0.0,0.0
130700020303,2003,0.0,0.0,0.0
130700020303,2004,0.0,0.0,0.0
130700020303,2005,0.0,0.0,0.0
130700020303,2006,0.0,0.0,0.0
130700020303,2007,0.0,0.0,0.0
130700020303,2008,0.0,0.0,0.0
130700020303,2009,0.0,0.0,0.0
130700020303,2010,0.0,0.0,0.0
130700020303,2011,0.0,0.0,0.0
130700020303,2012,0.0,0.0,0.0
130700020303,2013,0.0,0.0,0.0
130700020303,2014,0.0,0.0,0.0
130700020303,2015,0.0,0.0,0.0
130700020303,2016,0.0,0.0,0.0
130700020303,2017,0.0,0.0,0.0
130700020303,2018,0.0,0.0,0.0
130700020303,2019,0.0,0.0,0.0
130700020303,2020,0.0,0.0,0.0
130700020304,2000,0.0,0.0,0.0
130700020304,2001,0.0,0.0,0.0
130700020304,2002,0.0,0.0,0.0
130700020304,2003,0.0,0.0,0.0
130700020304,2004,0.0,0.0,0.0
130700020304,2005,0.0,0.0,0.0
130700020304,2006,0.0,0.0,0.0
130700020304,2007,0.0,0.0,0.0
130700020304,2008,0.0,0.0,0.0
130700020304,2009,0.0,0.0,0.0
130700020304,2010,0.0,0.0,0.0
130700020304,2011,0.0,0.0,0.0
130700020304,2012,0.0,0.0,0.0
130700020304,2013,0.0,0.0,0.0
130700020304,2014,0.0,0.0,0.0
130700020304,2015,0.0,0.0,0.0
130700020304,2016,0.0,0.0,0.0
130700020304,2017,0.0,0.0,0.0
130700020304,2018,0.0,0.0,0.0
130700020304,2019,0.0,0.0,0.0
130700020304,2020,0.0,0.0,0.0
130700020305,2000,0.0,0.0,0.0
130700020305,2001,0.0,0.0,0.0
130700020305,2002,0.0,0.0,0.0
130700020305,2003,0.0,0.0,0.0
130700020305,2004,0.0,0.0,0.0
130700020305,2005,0.0,0.0,0.0
130700020305,2006,0.0,0.0,0.0
130700020305,2007,0.0,0.0,0.0
130700020305,2008,0.0,0.0,0.0
130700020305,2009,0.0,0.0,0.0
130700020305,2010,0.0,0.0,0.0
130700020305,2011,0.0,0.0,0.0
130700020305,2012,0.0,0.0,0.0
130700020305,2013,0.0,0.0,0.0
130700020305,2014,0.0,0.0,0.0
130700020305,2015,0.0,0.0,0.0
130700020305,2016,0.0,0.0,0.0
130700020305,2017,0.0,0.0,0.0
130700020305,2018,0.0,0.0,0.0
130700020305,2019,0.0,0.0,0.0
130700020305,2020,0.0,0.0,0.0
130700020306,2000,0.0,0.0,0.0
130700020306,2001,0.0,0.0,0.0
130700020306,2002,0.0,0.0,0.0
130700020306,2003,0.0,0.0,0.0
130700020306,2004,0.0,0.0,0.0
130700020306,2005,0.0,0.0,0.0
130700020306,2006,0.0,0.0,0.0
130700020306,2007,0.0,0.0,0.0
130700020306,2008,0.0,0.0,0.0
130700020306,2009,0.0,0.0,0.0
130700020306,2010,0.0,0.0,0.0
130700020306,2011,0.0,0.0,0.0
130700020306,2012,0.0,0.0,0.0
130700020306,2013,0.0,0.0,0.0
130700020306,2014,0.0,0.0,0.0
130700020306,2015,0.0,0.0,0.0
130700020306,2016,0.0,0.0,0.0
130700020306,2017,0.0,0.0,0.0
130700020306,2018,0.0,0.0,0.0
130700020306,2019,0.0,0.0,0.0
130700020306,2020,0.0,0.0,0.0
130700030101,2000,0.0,0.0,0.0
130700030101,2001,0.0,0.0,0.0
130700030101,2002,0.0,0.0,0.0
130700030101,2003,0.0,0.0,0.0
130700030101,2004,0.0,0.0,0.0
130700030101,2005,0.0,0.0,0.0
130700030101,2006,0.0,0.0,0.0
130700030101,2007,0.0,0.0,0.0
130700030101,2008,0.0,0.0,0.0
130700030101,2009,0.0,0.0,0.0
130700030101,2010,0.0,0.0,0.0
130700030101,2011,0.0,0.0,0.0
130700030101,2012,0.0,0.0,0.0
130700030101,2013,0.0,0.0,0.0
130700030101,2014,0.0,0.0,0.0
130700030101,2015,0.0,0.0,0.0
130700030101,2016,0.0,0.0,0.0
130700030101,2017,0.0,0.0,0.0
130700030101,2018,0.0,0.0,0.0
130700030101,2019,0.0,0.0,0.0
130700030101,2020,0.0,0.0,0.0
130700030102,2000,0.0,0.0,0.0
130700030102,2001,0.0,0.0,0.0
130700030102,2002,0.0,0.0,0.0
130700030102,2003,0.0,0.0,0.0
130700030102,2004,0.0,0.0,0.0
130700030102,2005,0.0,0.0,0.0
130700030102,2006,0.0,0.0,0.0
130700030102,2007,0.0,0.0,0.0
130700030102,2008,0.0,0.0,0.0
130700030102,2009,0.0,0.0,0.0
130700030102,2010,0.0,0.0,0.0
130700030102,2011,0.0,0.0,0.0
130700030102,2012,0.0,0.0,0.0
130700030102,2013,0.0,0.0,0.0
130700030102,2014,0.0,0.0,0.0
130700030102,2015,0.0,0.0,0.0
130700030102,2016,0.0,0.0,0.0
130700030102,2017,0.0,0.0,0.0
130700030102,2018,0.0,0.0,0.0
130700030102,2019,0.0,0.0,0.0
130700030102,2020,0.0,0.0,0.0
130700030103,2000,0.0,0.0,0.0
130700030103,2001,0.0,0.0,0.0
130700030103,2002,0.0,0.0,0.0
130700030103,2003,0.0,0.0,0.0
130700030103,2004,0.0,0.0,0.0
130700030103,2005,0.0,0.0,0.0
130700030103,2006,0.0,0.0,0.0
130700030103,2007,0.0,0.0,0.0
130700030103,2008,0.0,0.0,0.0
130700030103,2009,0.0,0.0,0.0
130700030103,2010,0.0,0.0,0.0
130700030103,2011,0.0,0.0,0.0
130700030103,2012,0.0,0.0,0.0
130700030103,2013,0.0,0.0,0.0
130700030103,2014,0.0,0.0,0.0
130700030103,2015,0.0,0.0,0.0
130700030103,2016,0.0,0.0,0.0
130700030103,2017,0.0,0.0,0.0
130700030103,2018,0.0,0.0,0.0
130700030103,2019,0.0,0.0,0.0
130700030103,2020,0.0,0.0,0.0
130700030104,2000,0.0,0.0,0.0
130700030104,2001,0.0,0.0,0.0
130700030104,2002,0.0,0.0,0.0
130700030104,2003,0.0,0.0,0.0
130700030104,2004,0.0,0.0,0.0
130700030104,2005,0.0,0.0,0.0
130700030104,2006,0.0,0.0,0.0
130700030104,2007,0.0,0.0,0.0
130700030104,2008,0.0,0.0,0.0
130700030104,2009,0.0,0.0,0.0
130700030104,2010,0.0,0.0,0.0
130700030104,2011,0.0,0.0,0.0
130700030104,2012,0.0,0.0,0.0
130700030104,2013,0.0,0.0,0.0
130700030104,2014,0.0,0.0,0.0
130700030104,2015,0.0,0.0,0.0
130700030104,2016,0.0,0.0,0.0
130700030104,2017,0.0,0.0,0.0
130700030104,2018,0.0,0.0,0.0
130700030104,2019,0.0,0.0,0.0
130700030104,2020,0.0,0.0,0.0
130700030105,2000,0.0,0.0,0.0
130700030105,2001,0.0,0.0,0.0
130700030105,2002,0.0,0.0,0.0
130700030105,2003,0.0,0.0,0.0
130700030105,2004,0.0,0.0,0.0
130700030105,2005,0.0,0.0,0.0
130700030105,2006,0.0,0.0,0.0
130700030105,2007,0.0,0.0,0.0
130700030105,2008,0.0,0.0,0.0
130700030105,2009,0.0,0.0,0.0
130700030105,2010,0.0,0.0,0.0
130700030105,2011,0.0,0.0,0.0
130700030105,2012,0.0,0.0,0.0
130700030105,2013,0.0,0.0,0.0
130700030105,2014,0.0,0.0,0.0
130700030105,2015,0.0,0.0,0.0
130700030105,2016,0.0,0.0,0.0
130700030105,2017,0.0,0.0,0.0
130700030105,2018,0.0,0.0,0.0
130700030105,2019,0.0,0.0,0.0
130700030105,2020,0.0,0.0,0.0
130700030106,2000,0.0,0.0,0.0
130700030106,2001,0.0,0.0,0.0
130700030106,2002,0.0,0.0,0.0
130700030106,2003,0.0,0.0,0.0
130700030106,2004,0.0,0.0,0.0
130700030106,2005,0.0,0.0,0.0
130700030106,2006,0.0,0.0,0.0
130700030106,2007,0.0,0.0,0.0
130700030106,2008,0.0,0.0,0.0
130700030106,2009,0.0,0.0,0.0
130700030106,2010,0.0,0.0,0.0
130700030106,2011,0.0,0.0,0.0
130700030106,2012,0.0,0.0,0.0
130700030106,2013,0.0,0.0,0.0
130700030106,2014,0.0,0.0,0.0
130700030106,2015,0.0,0.0,0.0
130700030106,2016,0.0,0.0,0.0
130700030106,2017,0.0,0.0,0.0
130700030106,2018,0.0,0.0,0.0
130700030106,2019,0.0,0.0,0.0
130700030106,2020,0.0,0.0,0.0
130700030201,2000,0.348702202,0.463699661,0.114997546
130700030201,2001,0.721458704,0.959386441,0.237927995
130700030201,2002,0.469360652,0.624149619,0.154789134
130700030201,2003,0.560740967,0.745666395,0.184925258
130700030201,2004,0.30013574,0.399116713,0.09898097
130700030201,2005,0.159972866,0.212729773,0.052756986
130700030201,2006,0.478629137,0.636474805,0.157845753
130700030201,2007,0.117597962,0.15638029,0.038782329
130700030201,2008,0.722653667,0.960975689,0.238322022
130700030201,2009,0.879365833,1.169369534,0.290003619
130700030201,2010,0.639191471,0.849988715,0.210797164
130700030201,2011,1.268906751,1.687375956,0.418469197
130700030201,2012,0.753106049,1.001470713,0.248364661
130700030201,2013,0.752402422,1.000535211,0.248132786
130700030201,2014,0.443273227,0.589459041,0.146185726
130700030201,2015,0.419308323,0.557590627,0.138282474
130700030201,2016,0.632247279,0.840754489,0.20850721
130700030201,2017,0.490196989,0.651857523,0.161660784
130700030201,2018,0.576202858,0.766227216,0.190024441
130700030201,2019,0.580531608,0.771983403,0.191451882
130700030201,2020,0.788256172,1.048212866,0.259956861
130700030202,2000,0.0,0.0,0.0
130700030202,2001,0.0,0.0,0.0
130700030202,2002,0.0,0.0,0.0
130700030202,2003,0.0,0.0,0.0
130700030202,2004,0.0,0.0,0.0
130700030202,2005,0.0,0.0,0.0
130700030202,2006,0.0,0.0,0.0
130700030202,2007,0.0,0.0,0.0
130700030202,2008,0.0,0.0,0.0
130700030202,2009,0.0,0.0,0.0
130700030202,2010,0.0,0.0,0.0
130700030202,2011,0.0,0.0,0.0
130700030202,2012,0.0,0.0,0.0
130700030202,2013,0.0,0.0,0.0
130700030202,2014,0.0,0.0,0.0
130700030202,2015,0.0,0.0,0.0
130700030202,2016,0.0,0.0,0.0
130700030202,2017,0.0,0.0,0.0
130700030202,2018,0.0,0.0,0.0
130700030202,2019,0.0,0.0,0.0
130700030202,2020,0.0,0.0,0.0
130700030203,2000,3.086755951,4.104728593,1.017972724
130700030203,2001,3.482262504,4.630668255,1.148405751
130700030203,2002,3.247050438,4.317886271,1.07083583
130700030203,2003,3.358434463,4.466003395,1.107568847
130700030203,2004,1.536315423,2.042973005,0.506657331
130700030203,2005,2.387420649,3.174761458,0.787340888
130700030203,2006,3.043468307,4.047165674,1.0036972
130700030203,2007,1.926779926,2.562207342,0.635427416
130700030203,2008,3.006145301,3.997533694,0.991388309
130700030203,2009,3.199530762,4.254695452,1.055164608
130700030203,2010,2.135360803,2.839575496,0.704214611
130700030203,2011,4.486393504,5.965948737,1.47955523
130700030203,2012,2.929500235,3.895611915,0.96611168
130700030203,2013,3.373886,4.486550526,1.112664611
130700030203,2014,3.490072504,4.641053679,1.150981348
130700030203,2015,3.237759066,4.305530896,1.067771581
130700030203,2016,4.395546937,5.84514224,1.449595221
130700030203,2017,3.978593,5.290682323,1.312089156
130700030203,2018,3.948542896,5.250722079,1.302179016
130700030203,2019,4.374945627,5.817747033,1.442801153
130700030203,2020,5.953547645,7.916951893,1.963404082
130700030204,2000,0.55410832,0.736846164,0.182737842
130700030204,2001,0.155368362,0.206606775,0.051238493
130700030204,2002,0.109319666,0.145371893,0.036052225
130700030204,2003,0.144328411,0.191926005,0.047597677
130700030204,2004,0.190065658,0.252746926,0.062681268
130700030204,2005,0.189664641,0.252213578,0.062549019
130700030204,2006,0.0,0.0,0.0
130700030204,2007,0.0,0.0,0.0
130700030204,2008,0.0,0.0,0.0
130700030204,2009,0.421487258,0.560488458,0.1390012
130700030204,2010,0.532958581,0.708721348,0.175762932
130700030204,2011,0.810006241,1.077135781,0.267129622
130700030204,2012,0.435585169,0.579235456,0.143650366
130700030204,2013,0.632429984,0.840997304,0.208567405
130700030204,2014,1.59259363,2.117810682,0.525217047
130700030204,2015,2.41366797,3.209664923,0.795996871
130700030204,2016,3.074989314,4.089081456,1.014092388
130700030204,2017,0.935503482,1.24402086,0.308517132
130700030204,2018,1.026137526,1.364544647,0.338407121
130700030204,2019,1.297320764,1.725160463,0.427839863
130700030204,2020,1.805412992,2.400815347,0.595402268
130700030301,2000,0.0,0.0,0.0
130700030301,2001,0.0,0.0,0.0
130700030301,2002,0.0,0.0,0.0
130700030301,2003,0.0,0.0,0.0
130700030301,2004,0.0,0.0,0.0
130700030301,2005,0.0,0.0,0.0
130700030301,2006,0.0,0.0,0.0
130700030301,2007,0.0,0.0,0.0
130700030301,2008,0.0,0.0,0.0
130700030301,2009,0.0,0.0,0.0
130700030301,2010,0.0,0.0,0.0
130700030301,2011,0.0,0.0,0.0
130700030301,2012,0.0,0.0,0.0
130700030301,2013,0.0,0.0,0.0
130700030301,2014,0.0,0.0,0.0
130700030301,2015,0.0,0.0,0.0
130700030301,2016,0.0,0.0,0.0
130700030301,2017,0.0,0.0,0.0
130700030301,2018,0.0,0.0,0.0
130700030301,2019,0.0,0.0,0.0
130700030301,2020,0.0,0.0,0.0
130700030302,2000,0.0,0.0,0.0
130700030302,2001,0.0,0.0,0.0
130700030302,2002,0.0,0.0,0.0
130700030302,2003,0.0,0.0,0.0
130700030302,2004,0.0,0.0,0.0
130700030302,2005,0.0,0.0,0.0
130700030302,2006,0.0,0.0,0.0
130700030302,2007,0.0,0.0,0.0
130700030302,2008,0.0,0.0,0.0
130700030302,2009,0.0,0.0,0.0
130700030302,2010,0.0,0.0,0.0
130700030302,2011,0.0,0.0,0.0
130700030302,2012,0.0,0.0,0.0
130700030302,2013,0.0,0.0,0.0
130700030302,2014,0.0,0.0,0.0
130700030302,2015,0.0,0.0,0.0
130700030302,2016,0.0,0.0,0.0
130700030302,2017,0.0,0.0,0.0
130700030302,2018,0.0,0.0,0.0
130700030302,2019,0.0,0.0,0.0
130700030302,2020,0.0,0.0,0.0
130700030303,2000,0.093765904,0.124688806,0.030922656
130700030303,2001,0.444242447,0.590748077,0.146505545
130700030303,2002,0.185279658,0.246382496,0.061102838
130700030303,2003,0.193608353,0.257457838,0.06384957
130700030303,2004,0.0,0.0,0.0
130700030303,2005,0.142948885,0.190091682,0.047142795
130700030303,2006,0.0,0.0,0.0
130700030303,2007,0.0,0.0,0.0
130700030303,2008,0.0,0.0,0.0
130700030303,2009,0.0,0.0,0.0
130700030303,2010,0.02557306,0.034006742,0.008433685
130700030303,2011,0.0,0.0,0.0
130700030303,2012,0.0,0.0,0.0
130700030303,2013,0.0,0.0,0.0
130700030303,2014,0.0,0.0,0.0
130700030303,2015,0.0,0.0,0.0
130700030303,2016,0.0,0.0,0.0
130700030303,2017,0.0,0.0,0.0
130700030303,2018,0.0,0.0,0.0
130700030303,2019,0.0,0.0,0.0
130700030303,2020,0.0,0.0,0.0
130700030304,2000,1.104158396,1.468295708,0.364137393
130700030304,2001,0.535209641,0.711714868,0.176505227
130700030304,2002,0.0,0.0,0.0
130700030304,2003,0.025970227,0.034534912,0.008564685
130700030304,2004,0.23608073,0.313937038,0.077856309
130700030304,2005,0.27173229,0.361346121,0.08961383
130700030304,2006,0.0,0.0,0.0
130700030304,2007,0.0,0.0,0.0
130700030304,2008,0.0,0.0,0.0
130700030304,2009,0.0,0.0,0.0
130700030304,2010,0.348086315,0.462880871,0.114794474
130700030304,2011,0.0,0.0,0.0
130700030304,2012,0.101859735,0.135451973,0.033591986
130700030304,2013,0.046712288,0.062117362,0.015405159
130700030304,2014,0.377442679,0.501918436,0.124475759
130700030304,2015,0.613557833,0.815901477,0.202343641
130700030304,2016,0.737763568,0.98106847,0.243304986
130700030304,2017,0.0,0.0,0.0
130700030304,2018,0.0,0.0,0.0
130700030304,2019,0.0,0.0,0.0
130700030304,2020,0.0,0.0,0.0
130700030305,2000,0.0,0.0,0.0
130700030305,2001,0.019771767,0.022066805,0.002295115
130700030305,2002,0.0,0.0,0.0
130700030305,2003,0.0,0.0,0.0
130700030305,2004,0.0,0.0,0.0
130700030305,2005,0.021438255,0.02392651,0.002488425
130700030305,2006,0.0,0.0,0.0
130700030305,2007,0.0,0.0,0.0
130700030305,2008,0.0,0.0,0.0
130700030305,2009,0.026861948,0.029979699,0.003117918
130700030305,2010,0.0,0.0,0.0
130700030305,2011,0.0,0.0,0.0
130700030305,2012,0.0,0.0,0.0
130700030305,2013,0.0,0.0,0.0
130700030305,2014,0.0,0.0,0.0
130700030305,2015,0.0,0.0,0.0
130700030305,2016,0.0,0.0,0.0
130700030305,2017,0.0,0.0,0.0
130700030305,2018,0.0,0.0,0.0
130700030305,2019,0.0,0.0,0.0
130700030305,2020,0.0,0.0,0.0
130700030306,2000,0.87413282,1.162410904,0.288277833
130700030306,2001,0.484813277,0.644698523,0.159885332
130700030306,2002,0.011497704,0.015289608,0.003791819
130700030306,2003,0.005583542,0.007424959,0.001841416
130700030306,2004,0.103722831,0.137929333,0.034206421
130700030306,2005,0.118622085,0.157742178,0.039120178
130700030306,2006,0.0,0.0,0.0
130700030306,2007,0.0,0.0,0.0
130700030306,2008,0.0,0.0,0.0
130700030306,2009,0.401401942,0.533779263,0.132377236
130700030306,2010,0.472756732,0.62866591,0.155909178
130700030306,2011,0.765501553,1.017954151,0.252452595
130700030306,2012,1.097983525,1.460084372,0.362100847
130700030306,2013,0.904028164,1.202164899,0.298136901
130700030306,2014,0.425204055,0.565430885,0.140226827
130700030306,2015,0.555459833,0.738643405,0.183183655
130700030306,2016,0.940232437,1.250308997,0.310076563
130700030306,2017,0.357910433,0.475944836,0.118034321
130700030306,2018,0.350052288,0.465495293,0.115442838
130700030306,2019,0.255220471,0.339389101,0.084168463
130700030306,2020,0.727619713,0.967579342,0.239959713
130700030307,2000,1.128473325,1.500629426,0.372156101
130700030307,2001,0.643046353,0.855114786,0.212068515
130700030307,2002,0.355911945,0.473287022,0.117375162
130700030307,2003,0.187046614,0.248732296,0.061685515
130700030307,2004,0.273872262,0.364191831,0.090319486
130700030307,2005,0.335634545,0.446322488,0.110687858
130700030307,2006,0.0,0.0,0.0
130700030307,2007,0.017266814,0.022961255,0.005694444
130700030307,2008,0.046736672,0.062149888,0.015413131
130700030307,2009,0.014422699,0.019179096,0.004756397
130700030307,2010,0.050675195,0.067387088,0.01671206
130700030307,2011,0.092261449,0.122688047,0.030426597
130700030307,2012,0.838667891,1.11524977,0.276581964
130700030307,2013,0.76966097,1.023485255,0.253824285
130700030307,2014,1.274563427,1.694898301,0.420334795
130700030307,2015,1.188565545,1.580539222,0.391973762
130700030307,2016,1.082105115,1.438969667,0.356864385
130700030307,2017,0.130306266,0.173279427,0.042973411
130700030307,2018,0.394049162,0.524001668,0.12995251
130700030307,2019,0.287681852,0.382555592,0.09487374
130700030307,2020,0.491237109,0.653241156,0.162003795
130700030308,2000,7.208461716,9.585720347,2.377258631
130700030308,2001,3.309859789,4.401409249,1.091549545
130700030308,2002,0.777940652,1.034495427,0.256554773
130700030308,2003,0.377830071,0.502433742,0.124603504
130700030308,2004,1.707323964,2.270377609,0.563053566
130700030308,2005,1.206493173,1.604379186,0.397886014
130700030308,2006,0.0,0.0,0.0
130700030308,2007,0.0,0.0,0.0
130700030308,2008,0.0,0.0,0.0
130700030308,2009,1.512516397,2.011325112,0.498808627
130700030308,2010,1.643903364,2.18604174,0.54213829
130700030308,2011,3.634229537,4.83275229,1.198522592
130700030308,2012,2.858960093,3.801808631,0.942848541
130700030308,2013,2.580919825,3.432074326,0.851154416
130700030308,2014,5.135548652,6.829187022,1.693638367
130700030308,2015,5.103663679,6.786786789,1.68312311
130700030308,2016,6.056704902,8.054128792,1.997423973
130700030308,2017,4.405463926,5.858329586,1.452865827
130700030308,2018,4.119304019,5.477797723,1.358493871
130700030308,2019,4.083782937,5.43056254,1.346779436
130700030308,2020,6.216287383,8.266339669,2.050052205
130700030401,2000,0.310742508,0.41322135,0.102478929
130700030401,2001,0.210183405,0.279499077,0.069315753
130700030401,2002,0.000568852,0.00075649,0.000187721
130700030401,2003,0.000424841,0.000565227,0.000140137
130700030401,2004,0.084789079,0.112751587,0.027962254
130700030401,2005,0.005563699,0.007398567,0.001834784
130700030401,2006,0.0,0.0,0.0
130700030401,2007,0.0,0.0,0.0
130700030401,2008,0.0,0.0,0.0
130700030401,2009,0.362506164,0.48205606,0.119549893
130700030401,2010,0.46238286,0.614870995,0.152488049
130700030401,2011,0.692720641,0.921170945,0.228450307
130700030401,2012,0.452885907,0.602241989,0.149355913
130700030401,2013,0.282113753,0.375151397,0.093037474
130700030401,2014,0.483333723,0.642730885,0.159397164
130700030401,2015,0.544500326,0.724069537,0.179569378
130700030401,2016,0.525913249,0.699352724,0.173439391
130700030401,2017,0.129832003,0.172648912,0.042816997
130700030401,2018,0.389797868,0.518348342,0.128550392
130700030401,2019,0.43743397,0.581694134,0.144260162
130700030401,2020,0.546211801,0.726345486,0.180133683
130700030402,2000,0.0,0.0,0.0
130700030402,2001,0.067195904,0.089356008,0.022160266
130700030402,2002,0.089304447,0.118755964,0.029451515
130700030402,2003,0.072687795,0.096659477,0.023971597
130700030402,2004,0.075151738,0.099935811,0.024783992
130700030402,2005,0.0,0.0,0.0
130700030402,2006,0.218944578,0.29114989,0.07220531
130700030402,2007,0.22270943,0.296156288,0.073446773
130700030402,2008,0.146351046,0.194615896,0.04826477
130700030402,2009,0.353924885,0.470644792,0.116719825
130700030402,2010,0.681589729,0.906369134,0.224779658
130700030402,2011,1.059807403,1.409318271,0.349510866
130700030402,2012,0.097825661,0.130087131,0.032261639
130700030402,2013,0.425754499,0.566162833,0.140408416
130700030402,2014,0.533447921,0.709372019,0.175924178
130700030402,2015,0.805529759,1.071183334,0.265653326
130700030402,2016,0.956432997,1.271852486,0.315419322
130700030402,2017,1.08122654,1.437801244,0.356574786
130700030402,2018,2.315219329,3.078749208,0.763529715
130700030402,2019,0.405106449,0.538705395,0.133599027
130700030402,2020,0.0,0.0,0.0
130700030403,2000,0.0,0.0,0.0
130700030403,2001,0.0,0.0,0.0
130700030403,2002,0.0,0.0,0.0
130700030403,2003,0.0,0.0,0.0
130700030403,2004,0.0,0.0,0.0
130700030403,2005,0.0,0.0,0.0
130700030403,2006,0.0,0.0,0.0
130700030403,2007,0.0,0.0,0.0
130700030403,2008,0.0,0.0,0.0
130700030403,2009,0.0,0.0,0.0
130700030403,2010,0.0,0.0,0.0
130700030403,2011,0.0,0.0,0.0
130700030403,2012,0.0,0.0,0.0
130700030403,2013,0.0,0.0,0.0
130700030403,2014,0.0,0.0,0.0
130700030403,2015,0.0,0.0,0.0
130700030403,2016,0.0,0.0,0.0
130700030403,2017,0.0,0.0,0.0
130700030403,2018,0.0,0.0,0.0
130700030403,2019,0.0,0.0,0.0
130700030403,2020,0.0,0.0,0.0
130700040101,2000,0.0,0.0,0.0
130700040101,2001,0.0,0.0,0.0
130700040101,2002,0.0,0.0,0.0
130700040101,2003,0.0,0.0,0.0
130700040101,2004,0.0,0.0,0.0
130700040101,2005,0.0,0.0,0.0
130700040101,2006,0.0,0.0,0.0
130700040101,2007,0.0,0.0,0.0
130700040101,2008,0.0,0.0,0.0
130700040101,2009,0.0,0.0,0.0
130700040101,2010,0.0,0.0,0.0
130700040101,2011,0.0,0.0,0.0
130700040101,2012,0.0,0.0,0.0
130700040101,2013,0.0,0.0,0.0
130700040101,2014,0.0,0.0,0.0
130700040101,2015,0.0,0.0,0.0
130700040101,2016,0.0,0.0,0.0
130700040101,2017,0.0,0.0,0.0
130700040101,2018,0.0,0.0,0.0
130700040101,2019,0.0,0.0,0.0
130700040101,2020,0.0,0.0,0.0
130700040102,2000,0.0,0.0,0.0
130700040102,2001,0.0,0.0,0.0
130700040102,2002,0.0,0.0,0.0
130700040102,2003,0.0,0.0,0.0
130700040102,2004,0.0,0.0,0.0
130700040102,2005,0.0,0.0,0.0
130700040102,2006,0.0,0.0,0.0
130700040102,2007,0.0,0.0,0.0
130700040102,2008,0.0,0.0,0.0
130700040102,2009,0.0,0.0,0.0
130700040102,2010,0.0,0.0,0.0
130700040102,2011,0.0,0.0,0.0
130700040102,2012,0.0,0.0,0.0
130700040102,2013,0.0,0.0,0.0
130700040102,2014,0.0,0.0,0.0
130700040102,2015,0.0,0.0,0.0
130700040102,2016,0.0,0.0,0.0
130700040102,2017,0.0,0.0,0.0
130700040102,2018,0.0,0.0,0.0
130700040102,2019,0.0,0.0,0.0
130700040102,2020,0.0,0.0,0.0
130700040103,2000,0.0,0.0,0.0
130700040103,2001,0.0,0.0,0.0
130700040103,2002,0.0,0.0,0.0
130700040103,2003,0.0,0.0,0.0
130700040103,2004,0.0,0.0,0.0
130700040103,2005,0.0,0.0,0.0
130700040103,2006,0.0,0.0,0.0
130700040103,2007,0.0,0.0,0.0
130700040103,2008,0.0,0.0,0.0
130700040103,2009,0.0,0.0,0.0
130700040103,2010,0.0,0.0,0.0
130700040103,2011,0.0,0.0,0.0
130700040103,2012,0.0,0.0,0.0
130700040103,2013,0.0,0.0,0.0
130700040103,2014,0.0,0.0,0.0
130700040103,2015,0.0,0.0,0.0
130700040103,2016,0.0,0.0,0.0
130700040103,2017,0.0,0.0,0.0
130700040103,2018,0.0,0.0,0.0
130700040103,2019,0.0,0.0,0.0
130700040103,2020,0.0,0.0,0.0
130700040104,2000,0.0,0.0,0.0
130700040104,2001,0.0,0.0,0.0
130700040104,2002,0.0,0.0,0.0
130700040104,2003,0.0,0.0,0.0
130700040104,2004,0.0,0.0,0.0
130700040104,2005,0.0,0.0,0.0
130700040104,2006,0.0,0.0,0.0
130700040104,2007,0.0,0.0,0.0
130700040104,2008,0.0,0.0,0.0
130700040104,2009,0.0,0.0,0.0
130700040104,2010,0.0,0.0,0.0
130700040104,2011,0.0,0.0,0.0
130700040104,2012,0.0,0.0,0.0
130700040104,2013,0.0,0.0,0.0
130700040104,2014,0.0,0.0,0.0
130700040104,2015,0.0,0.0,0.0
130700040104,2016,0.0,0.0,0.0
130700040104,2017,0.0,0.0,0.0
130700040104,2018,0.0,0.0,0.0
130700040104,2019,0.0,0.0,0.0
130700040104,2020,0.0,0.0,0.0
130700040105,2000,0.0,0.0,0.0
130700040105,2001,0.0,0.0,0.0
130700040105,2002,0.0,0.0,0.0
130700040105,2003,0.0,0.0,0.0
130700040105,2004,0.0,0.0,0.0
130700040105,2005,0.0,0.0,0.0
130700040105,2006,0.0,0.0,0.0
130700040105,2007,0.0,0.0,0.0
130700040105,2008,0.0,0.0,0.0
130700040105,2009,0.0,0.0,0.0
130700040105,2010,0.0,0.0,0.0
130700040105,2011,0.0,0.0,0.0
130700040105,2012,0.0,0.0,0.0
130700040105,2013,0.0,0.0,0.0
130700040105,2014,0.0,0.0,0.0
130700040105,2015,0.0,0.0,0.0
130700040105,2016,0.0,0.0,0.0
130700040105,2017,0.0,0.0,0.0
130700040105,2018,0.0,0.0,0.0
130700040105,2019,0.0,0.0,0.0
130700040105,2020,0.0,0.0,0.0
130700040106,2000,0.0,0.0,0.0
130700040106,2001,0.0,0.0,0.0
130700040106,2002,0.0,0.0,0.0
130700040106,2003,0.0,0.0,0.0
130700040106,2004,0.0,0.0,0.0
130700040106,2005,0.0,0.0,0.0
130700040106,2006,0.0,0.0,0.0
130700040106,2007,0.0,0.0,0.0
130700040106,2008,0.0,0.0,0.0
130700040106,2009,0.0,0.0,0.0
130700040106,2010,0.0,0.0,0.0
130700040106,2011,0.0,0.0,0.0
130700040106,2012,0.0,0.0,0.0
130700040106,2013,0.0,0.0,0.0
130700040106,2014,0.0,0.0,0.0
130700040106,2015,0.0,0.0,0.0
130700040106,2016,0.0,0.0,0.0
130700040106,2017,0.0,0.0,0.0
130700040106,2018,0.0,0.0,0.0
130700040106,2019,0.0,0.0,0.0
130700040106,2020,0.0,0.0,0.0
130700040201,2000,0.0,0.0,0.0
130700040201,2001,0.0,0.0,0.0
130700040201,2002,0.0,0.0,0.0
130700040201,2003,0.0,0.0,0.0
130700040201,2004,0.0,0.0,0.0
130700040201,2005,0.0,0.0,0.0
130700040201,2006,0.0,0.0,0.0
130700040201,2007,0.0,0.0,0.0
130700040201,2008,0.0,0.0,0.0
130700040201,2009,0.0,0.0,0.0
130700040201,2010,0.0,0.0,0.0
130700040201,2011,0.0,0.0,0.0
130700040201,2012,0.0,0.0,0.0
130700040201,2013,0.0,0.0,0.0
130700040201,2014,0.0,0.0,0.0
130700040201,2015,0.0,0.0,0.0
130700040201,2016,0.0,0.0,0.0
130700040201,2017,0.0,0.0,0.0
130700040201,2018,0.0,0.0,0.0
130700040201,2019,0.0,0.0,0.0
130700040201,2020,0.0,0.0,0.0
130700040202,2000,0.0,0.0,0.0
130700040202,2001,0.0,0.0,0.0
130700040202,2002,0.0,0.0,0.0
130700040202,2003,0.0,0.0,0.0
130700040202,2004,0.0,0.0,0.0
130700040202,2005,0.0,0.0,0.0
130700040202,2006,0.0,0.0,0.0
130700040202,2007,0.0,0.0,0.0
130700040202,2008,0.0,0.0,0.0
130700040202,2009,0.0,0.0,0.0
130700040202,2010,0.0,0.0,0.0
130700040202,2011,0.0,0.0,0.0
130700040202,2012,0.0,0.0,0.0
130700040202,2013,0.0,0.0,0.0
130700040202,2014,0.0,0.0,0.0
130700040202,2015,0.0,0.0,0.0
130700040202,2016,0.0,0.0,0.0
130700040202,2017,0.0,0.0,0.0
130700040202,2018,0.0,0.0,0.0
130700040202,2019,0.0,0.0,0.0
130700040202,2020,0.0,0.0,0.0
130700040203,2000,0.0,0.0,0.0
130700040203,2001,0.0,0.0,0.0
130700040203,2002,0.0,0.0,0.0
130700040203,2003,0.0,0.0,0.0
130700040203,2004,0.0,0.0,0.0
130700040203,2005,0.0,0.0,0.0
130700040203,2006,0.0,0.0,0.0
130700040203,2007,0.0,0.0,0.0
130700040203,2008,0.0,0.0,0.0
130700040203,2009,0.0,0.0,0.0
130700040203,2010,0.0,0.0,0.0
130700040203,2011,0.0,0.0,0.0
130700040203,2012,0.0,0.0,0.0
130700040203,2013,0.0,0.0,0.0
130700040203,2014,0.0,0.0,0.0
130700040203,2015,0.0,0.0,0.0
130700040203,2016,0.0,0.0,0.0
130700040203,2017,0.0,0.0,0.0
130700040203,2018,0.0,0.0,0.0
130700040203,2019,0.0,0.0,0.0
130700040203,2020,0.0,0.0,0.0
130700040301,2000,0.0,0.0,0.0
130700040301,2001,0.0,0.0,0.0
130700040301,2002,0.0,0.0,0.0
130700040301,2003,0.0,0.0,0.0
130700040301,2004,0.0,0.0,0.0
130700040301,2005,0.0,0.0,0.0
130700040301,2006,0.0,0.0,0.0
130700040301,2007,0.0,0.0,0.0
130700040301,2008,0.0,0.0,0.0
130700040301,2009,0.0,0.0,0.0
130700040301,2010,0.0,0.0,0.0
130700040301,2011,0.0,0.0,0.0
130700040301,2012,0.0,0.0,0.0
130700040301,2013,0.0,0.0,0.0
130700040301,2014,0.0,0.0,0.0
130700040301,2015,0.0,0.0,0.0
130700040301,2016,0.0,0.0,0.0
130700040301,2017,0.0,0.0,0.0
130700040301,2018,0.0,0.0,0.0
130700040301,2019,0.0,0.0,0.0
130700040301,2020,0.0,0.0,0.0
130700040302,2000,0.0,0.0,0.0
130700040302,2001,0.0,0.0,0.0
130700040302,2002,0.0,0.0,0.0
130700040302,2003,0.0,0.0,0.0
130700040302,2004,0.0,0.0,0.0
130700040302,2005,0.0,0.0,0.0
130700040302,2006,0.0,0.0,0.0
130700040302,2007,0.0,0.0,0.0
130700040302,2008,0.0,0.0,0.0
130700040302,2009,0.0,0.0,0.0
130700040302,2010,0.0,0.0,0.0
130700040302,2011,0.0,0.0,0.0
130700040302,2012,0.0,0.0,0.0
130700040302,2013,0.0,0.0,0.0
130700040302,2014,0.0,0.0,0.0
130700040302,2015,0.0,0.0,0.0
130700040302,2016,0.0,0.0,0.0
130700040302,2017,0.0,0.0,0.0
130700040302,2018,0.0,0.0,0.0
130700040302,2019,0.0,0.0,0.0
130700040302,2020,0.0,0.0,0.0
130700040303,2000,0.0,0.0,0.0
130700040303,2001,0.0,0.0,0.0
130700040303,2002,0.0,0.0,0.0
130700040303,2003,0.0,0.0,0.0
130700040303,2004,0.0,0.0,0.0
130700040303,2005,0.0,0.0,0.0
130700040303,2006,0.0,0.0,0.0
130700040303,2007,0.0,0.0,0.0
130700040303,2008,0.0,0.0,0.0
130700040303,2009,0.0,0.0,0.0
130700040303,2010,0.0,0.0,0.0
130700040303,2011,0.0,0.0,0.0
130700040303,2012,0.0,0.0,0.0
130700040303,2013,0.0,0.0,0.0
130700040303,2014,0.0,0.0,0.0
130700040303,2015,0.0,0.0,0.0
130700040303,2016,0.0,0.0,0.0
130700040303,2017,0.0,0.0,0.0
130700040303,2018,0.0,0.0,0.0
130700040303,2019,0.0,0.0,0.0
130700040303,2020,0.0,0.0,0.0
130700040304,2000,0.0,0.0,0.0
130700040304,2001,0.0,0.0,0.0
130700040304,2002,0.0,0.0,0.0
130700040304,2003,0.0,0.0,0.0
130700040304,2004,0.0,0.0,0.0
130700040304,2005,0.0,0.0,0.0
130700040304,2006,0.0,0.0,0.0
130700040304,2007,0.0,0.0,0.0
130700040304,2008,0.0,0.0,0.0
130700040304,2009,0.0,0.0,0.0
130700040304,2010,0.0,0.0,0.0
130700040304,2011,0.0,0.0,0.0
130700040304,2012,0.0,0.0,0.0
130700040304,2013,0.0,0.0,0.0
130700040304,2014,0.0,0.0,0.0
130700040304,2015,0.0,0.0,0.0
130700040304,2016,0.0,0.0,0.0
130700040304,2017,0.0,0.0,0.0
130700040304,2018,0.0,0.0,0.0
130700040304,2019,0.0,0.0,0.0
130700040304,2020,0.0,0.0,0.0
130700040305,2000,0.0,0.0,0.0
130700040305,2001,0.0,0.0,0.0
130700040305,2002,0.0,0.0,0.0
130700040305,2003,0.0,0.0,0.0
130700040305,2004,0.0,0.0,0.0
130700040305,2005,0.0,0.0,0.0
130700040305,2006,0.0,0.0,0.0
130700040305,2007,0.0,0.0,0.0
130700040305,2008,0.0,0.0,0.0
130700040305,2009,0.0,0.0,0.0
130700040305,2010,0.0,0.0,0.0
130700040305,2011,0.0,0.0,0.0
130700040305,2012,0.0,0.0,0.0
130700040305,2013,0.0,0.0,0.0
130700040305,2014,0.0,0.0,0.0
130700040305,2015,0.0,0.0,0.0
130700040305,2016,0.0,0.0,0.0
130700040305,2017,0.0,0.0,0.0
130700040305,2018,0.0,0.0,0.0
130700040305,2019,0.0,0.0,0.0
130700040305,2020,0.0,0.0,0.0
130700040401,2000,0.0,0.0,0.0
130700040401,2001,0.0,0.0,0.0
130700040401,2002,0.0,0.0,0.0
130700040401,2003,0.0,0.0,0.0
130700040401,2004,0.0,0.0,0.0
130700040401,2005,0.0,0.0,0.0
130700040401,2006,0.0,0.0,0.0
130700040401,2007,0.0,0.0,0.0
130700040401,2008,0.0,0.0,0.0
130700040401,2009,0.0,0.0,0.0
130700040401,2010,0.0,0.0,0.0
130700040401,2011,0.0,0.0,0.0
130700040401,2012,0.0,0.0,0.0
130700040401,2013,0.0,0.0,0.0
130700040401,2014,0.0,0.0,0.0
130700040401,2015,0.0,0.0,0.0
130700040401,2016,0.0,0.0,0.0
130700040401,2017,0.0,0.0,0.0
130700040401,2018,0.0,0.0,0.0
130700040401,2019,0.0,0.0,0.0
130700040401,2020,0.0,0.0,0.0
130700040402,2000,0.0,0.0,0.0
130700040402,2001,0.0,0.0,0.0
130700040402,2002,0.0,0.0,0.0
130700040402,2003,0.0,0.0,0.0
130700040402,2004,0.0,0.0,0.0
130700040402,2005,0.0,0.0,0.0
130700040402,2006,0.0,0.0,0.0
130700040402,2007,0.0,0.0,0.0
130700040402,2008,0.0,0.0,0.0
130700040402,2009,0.0,0.0,0.0
130700040402,2010,0.0,0.0,0.0
130700040402,2011,0.0,0.0,0.0
130700040402,2012,0.0,0.0,0.0
130700040402,2013,0.0,0.0,0.0
130700040402,2014,0.0,0.0,0.0
130700040402,2015,0.0,0.0,0.0
130700040402,2016,0.0,0.0,0.0
130700040402,2017,0.0,0.0,0.0
130700040402,2018,0.0,0.0,0.0
130700040402,2019,0.0,0.0,0.0
130700040402,2020,0.0,0.0,0.0
130700040403,2000,0.0,0.0,0.0
130700040403,2001,0.0,0.0,0.0
130700040403,2002,0.0,0.0,0.0
130700040403,2003,0.0,0.0,0.0
130700040403,2004,0.0,0.0,0.0
130700040403,2005,0.0,0.0,0.0
130700040403,2006,0.0,0.0,0.0
130700040403,2007,0.0,0.0,0.0
130700040403,2008,0.0,0.0,0.0
130700040403,2009,0.0,0.0,0.0
130700040403,2010,0.0,0.0,0.0
130700040403,2011,0.0,0.0,0.0
130700040403,2012,0.0,0.0,0.0
130700040403,2013,0.0,0.0,0.0
130700040403,2014,0.0,0.0,0.0
130700040403,2015,0.0,0.0,0.0
130700040403,2016,0.0,0.0,0.0
130700040403,2017,0.0,0.0,0.0
130700040403,2018,0.0,0.0,0.0
130700040403,2019,0.0,0.0,0.0
130700040403,2020,0.0,0.0,0.0
130700040404,2000,0.0,0.0,0.0
130700040404,2001,0.0,0.0,0.0
130700040404,2002,0.0,0.0,0.0
130700040404,2003,0.0,0.0,0.0
130700040404,2004,0.0,0.0,0.0
130700040404,2005,0.0,0.0,0.0
130700040404,2006,0.0,0.0,0.0
130700040404,2007,0.0,0.0,0.0
130700040404,2008,0.0,0.0,0.0
130700040404,2009,0.0,0.0,0.0
130700040404,2010,0.0,0.0,0.0
130700040404,2011,0.0,0.0,0.0
130700040404,2012,0.0,0.0,0.0
130700040404,2013,0.0,0.0,0.0
130700040404,2014,0.0,0.0,0.0
130700040404,2015,0.0,0.0,0.0
130700040404,2016,0.0,0.0,0.0
130700040404,2017,0.0,0.0,0.0
130700040404,2018,0.0,0.0,0.0
130700040404,2019,0.0,0.0,0.0
130700040404,2020,0.0,0.0,0.0
130700040405,2000,0.0,0.0,0.0
130700040405,2001,0.0,0.0,0.0
130700040405,2002,0.0,0.0,0.0
130700040405,2003,0.0,0.0,0.0
130700040405,2004,0.0,0.0,0.0
130700040405,2005,0.0,0.0,0.0
130700040405,2006,0.0,0.0,0.0
130700040405,2007,0.0,0.0,0.0
130700040405,2008,0.0,0.0,0.0
130700040405,2009,0.0,0.0,0.0
130700040405,2010,0.0,0.0,0.0
130700040405,2011,0.0,0.0,0.0
130700040405,2012,0.0,0.0,0.0
130700040405,2013,0.0,0.0,0.0
130700040405,2014,0.0,0.0,0.0
130700040405,2015,0.0,0.0,0.0
130700040405,2016,0.0,0.0,0.0
130700040405,2017,0.0,0.0,0.0
130700040405,2018,0.0,0.0,0.0
130700040405,2019,0.0,0.0,0.0
130700040405,2020,0.0,0.0,0.0
130700040406,2000,0.0,0.0,0.0
130700040406,2001,0.0,0.0,0.0
130700040406,2002,0.0,0.0,0.0
130700040406,2003,0.0,0.0,0.0
130700040406,2004,0.0,0.0,0.0
130700040406,2005,0.0,0.0,0.0
130700040406,2006,0.0,0.0,0.0
130700040406,2007,0.0,0.0,0.0
130700040406,2008,0.0,0.0,0.0
130700040406,2009,0.0,0.0,0.0
130700040406,2010,0.0,0.0,0.0
130700040406,2011,0.0,0.0,0.0
130700040406,2012,0.0,0.0,0.0
130700040406,2013,0.0,0.0,0.0
130700040406,2014,0.0,0.0,0.0
130700040406,2015,0.0,0.0,0.0
130700040406,2016,0.0,0.0,0.0
130700040406,2017,0.0,0.0,0.0
130700040406,2018,0.0,0.0,0.0
130700040406,2019,0.0,0.0,0.0
130700040406,2020,0.0,0.0,0.0
130700040501,2000,0.0,0.0,0.0
130700040501,2001,0.0,0.0,0.0
130700040501,2002,0.0,0.0,0.0
130700040501,2003,0.0,0.0,0.0
130700040501,2004,0.0,0.0,0.0
130700040501,2005,0.0,0.0,0.0
130700040501,2006,0.0,0.0,0.0
130700040501,2007,0.0,0.0,0.0
130700040501,2008,0.0,0.0,0.0
130700040501,2009,0.0,0.0,0.0
130700040501,2010,0.0,0.0,0.0
130700040501,2011,0.0,0.0,0.0
130700040501,2012,0.0,0.0,0.0
130700040501,2013,0.0,0.0,0.0
130700040501,2014,0.0,0.0,0.0
130700040501,2015,0.0,0.0,0.0
130700040501,2016,0.0,0.0,0.0
130700040501,2017,0.0,0.0,0.0
130700040501,2018,0.0,0.0,0.0
130700040501,2019,0.0,0.0,0.0
130700040501,2020,0.0,0.0,0.0
130700040502,2000,0.0,0.0,0.0
130700040502,2001,0.0,0.0,0.0
130700040502,2002,0.0,0.0,0.0
130700040502,2003,0.0,0.0,0.0
130700040502,2004,0.0,0.0,0.0
130700040502,2005,0.0,0.0,0.0
130700040502,2006,0.0,0.0,0.0
130700040502,2007,0.0,0.0,0.0
130700040502,2008,0.0,0.0,0.0
130700040502,2009,0.0,0.0,0.0
130700040502,2010,0.0,0.0,0.0
130700040502,2011,0.0,0.0,0.0
130700040502,2012,0.0,0.0,0.0
130700040502,2013,0.0,0.0,0.0
130700040502,2014,0.0,0.0,0.0
130700040502,2015,0.0,0.0,0.0
130700040502,2016,0.0,0.0,0.0
130700040502,2017,0.0,0.0,0.0
130700040502,2018,0.0,0.0,0.0
130700040502,2019,0.0,0.0,0.0
130700040502,2020,0.0,0.0,0.0
130700040503,2000,0.0,0.0,0.0
130700040503,2001,0.0,0.0,0.0
130700040503,2002,0.0,0.0,0.0
130700040503,2003,0.0,0.0,0.0
130700040503,2004,0.0,0.0,0.0
130700040503,2005,0.0,0.0,0.0
130700040503,2006,0.0,0.0,0.0
130700040503,2007,0.0,0.0,0.0
130700040503,2008,0.0,0.0,0.0
130700040503,2009,0.0,0.0,0.0
130700040503,2010,0.0,0.0,0.0
130700040503,2011,0.0,0.0,0.0
130700040503,2012,0.0,0.0,0.0
130700040503,2013,0.0,0.0,0.0
130700040503,2014,0.0,0.0,0.0
130700040503,2015,0.0,0.0,0.0
130700040503,2016,0.0,0.0,0.0
130700040503,2017,0.0,0.0,0.0
130700040503,2018,0.0,0.0,0.0
130700040503,2019,0.0,0.0,0.0
130700040503,2020,0.0,0.0,0.0
130700040504,2000,0.0,0.0,0.0
130700040504,2001,0.0,0.0,0.0
130700040504,2002,0.0,0.0,0.0
130700040504,2003,0.0,0.0,0.0
130700040504,2004,0.0,0.0,0.0
130700040504,2005,0.0,0.0,0.0
130700040504,2006,0.0,0.0,0.0
130700040504,2007,0.0,0.0,0.0
130700040504,2008,0.0,0.0,0.0
130700040504,2009,0.0,0.0,0.0
130700040504,2010,0.0,0.0,0.0
130700040504,2011,0.0,0.0,0.0
130700040504,2012,0.0,0.0,0.0
130700040504,2013,0.0,0.0,0.0
130700040504,2014,0.0,0.0,0.0
130700040504,2015,0.0,0.0,0.0
130700040504,2016,0.0,0.0,0.0
130700040504,2017,0.0,0.0,0.0
130700040504,2018,0.0,0.0,0.0
130700040504,2019,0.0,0.0,0.0
130700040504,2020,0.0,0.0,0.0
130700040505,2000,0.0,0.0,0.0
130700040505,2001,0.0,0.0,0.0
130700040505,2002,0.0,0.0,0.0
130700040505,2003,0.0,0.0,0.0
130700040505,2004,0.0,0.0,0.0
130700040505,2005,0.0,0.0,0.0
130700040505,2006,0.0,0.0,0.0
130700040505,2007,0.0,0.0,0.0
130700040505,2008,0.0,0.0,0.0
130700040505,2009,0.0,0.0,0.0
130700040505,2010,0.0,0.0,0.0
130700040505,2011,0.0,0.0,0.0
130700040505,2012,0.0,0.0,0.0
130700040505,2013,0.0,0.0,0.0
130700040505,2014,0.0,0.0,0.0
130700040505,2015,0.0,0.0,0.0
130700040505,2016,0.0,0.0,0.0
130700040505,2017,0.0,0.0,0.0
130700040505,2018,0.0,0.0,0.0
130700040505,2019,0.0,0.0,0.0
130700040505,2020,0.0,0.0,0.0
130700040506,2000,0.0,0.0,0.0
130700040506,2001,0.0,0.0,0.0
130700040506,2002,0.0,0.0,0.0
130700040506,2003,0.0,0.0,0.0
130700040506,2004,0.0,0.0,0.0
130700040506,2005,0.0,0.0,0.0
130700040506,2006,0.0,0.0,0.0
130700040506,2007,0.0,0.0,0.0
130700040506,2008,0.0,0.0,0.0
130700040506,2009,0.0,0.0,0.0
130700040506,2010,0.0,0.0,0.0
130700040506,2011,0.0,0.0,0.0
130700040506,2012,0.0,0.0,0.0
130700040506,2013,0.0,0.0,0.0
130700040506,2014,0.0,0.0,0.0
130700040506,2015,0.0,0.0,0.0
130700040506,2016,0.0,0.0,0.0
130700040506,2017,0.0,0.0,0.0
130700040506,2018,0.0,0.0,0.0
130700040506,2019,0.0,0.0,0.0
130700040506,2020,0.0,0.0,0.0
130700040601,2000,0.0,0.0,0.0
130700040601,2001,0.0,0.0,0.0
130700040601,2002,0.01507049,0.016819751,0.00174926
130700040601,2003,0.0,0.0,0.0
130700040601,2004,0.0,0.0,0.0
130700040601,2005,0.0,0.0,0.0
130700040601,2006,0.0,0.0,0.0
130700040601,2007,0.0,0.0,0.0
130700040601,2008,0.0,0.0,0.0
130700040601,2009,0.0,0.0,0.0
130700040601,2010,0.0,0.0,0.0
130700040601,2011,0.0,0.0,0.0
130700040601,2012,0.0,0.0,0.0
130700040601,2013,0.0,0.0,0.0
130700040601,2014,0.0,0.0,0.0
130700040601,2015,0.0,0.0,0.0
130700040601,2016,0.0,0.0,0.0
130700040601,2017,0.0,0.0,0.0
130700040601,2018,0.0,0.0,0.0
130700040601,2019,0.0,0.0,0.0
130700040601,2020,0.0,0.0,0.0
130700040602,2000,0.0,0.0,0.0
130700040602,2001,0.0,0.0,0.0
130700040602,2002,0.0,0.0,0.0
130700040602,2003,0.0,0.0,0.0
130700040602,2004,0.0,0.0,0.0
130700040602,2005,0.0,0.0,0.0
130700040602,2006,0.0,0.0,0.0
130700040602,2007,0.0,0.0,0.0
130700040602,2008,0.0,0.0,0.0
130700040602,2009,0.0,0.0,0.0
130700040602,2010,0.0,0.0,0.0
130700040602,2011,0.0,0.0,0.0
130700040602,2012,0.0,0.0,0.0
130700040602,2013,0.0,0.0,0.0
130700040602,2014,0.0,0.0,0.0
130700040602,2015,0.0,0.0,0.0
130700040602,2016,0.0,0.0,0.0
130700040602,2017,0.0,0.0,0.0
130700040602,2018,0.0,0.0,0.0
130700040602,2019,0.0,0.0,0.0
130700040602,2020,0.0,0.0,0.0
130700040603,2000,0.0,0.0,0.0
130700040603,2001,0.0,0.0,0.0
130700040603,2002,0.0,0.0,0.0
130700040603,2003,0.0,0.0,0.0
130700040603,2004,0.0,0.0,0.0
130700040603,2005,0.0,0.0,0.0
130700040603,2006,0.0,0.0,0.0
130700040603,2007,0.0,0.0,0.0
130700040603,2008,0.0,0.0,0.0
130700040603,2009,0.0,0.0,0.0
130700040603,2010,0.0,0.0,0.0
130700040603,2011,0.0,0.0,0.0
130700040603,2012,0.0,0.0,0.0
130700040603,2013,0.0,0.0,0.0
130700040603,2014,0.0,0.0,0.0
130700040603,2015,0.0,0.0,0.0
130700040603,2016,0.0,0.0,0.0
130700040603,2017,0.0,0.0,0.0
130700040603,2018,0.0,0.0,0.0
130700040603,2019,0.0,0.0,0.0
130700040603,2020,0.0,0.0,0.0
130700040604,2000,0.0,0.0,0.0
130700040604,2001,0.0,0.0,0.0
130700040604,2002,0.0,0.0,0.0
130700040604,2003,0.0,0.0,0.0
130700040604,2004,0.0,0.0,0.0
130700040604,2005,0.0,0.0,0.0
130700040604,2006,0.0,0.0,0.0
130700040604,2007,0.0,0.0,0.0
130700040604,2008,0.0,0.0,0.0
130700040604,2009,0.0,0.0,0.0
130700040604,2010,0.0,0.0,0.0
130700040604,2011,0.0,0.0,0.0
130700040604,2012,0.0,0.0,0.0
130700040604,2013,0.0,0.0,0.0
130700040604,2014,0.0,0.0,0.0
130700040604,2015,0.0,0.0,0.0
130700040604,2016,0.0,0.0,0.0
130700040604,2017,0.0,0.0,0.0
130700040604,2018,0.0,0.0,0.0
130700040604,2019,0.0,0.0,0.0
130700040604,2020,0.0,0.0,0.0
130700040605,2000,0.0,0.0,0.0
130700040605,2001,0.0,0.0,0.0
130700040605,2002,0.0,0.0,0.0
130700040605,2003,0.0,0.0,0.0
130700040605,2004,0.0,0.0,0.0
130700040605,2005,0.0,0.0,0.0
130700040605,2006,0.0,0.0,0.0
130700040605,2007,0.0,0.0,0.0
130700040605,2008,0.0,0.0,0.0
130700040605,2009,0.0,0.0,0.0
130700040605,2010,0.0,0.0,0.0
130700040605,2011,0.0,0.0,0.0
130700040605,2012,0.0,0.0,0.0
130700040605,2013,0.0,0.0,0.0
130700040605,2014,0.0,0.0,0.0
130700040605,2015,0.0,0.0,0.0
130700040605,2016,0.0,0.0,0.0
130700040605,2017,0.0,0.0,0.0
130700040605,2018,0.0,0.0,0.0
130700040605,2019,0.0,0.0,0.0
130700040605,2020,0.0,0.0,0.0
130700040701,2000,0.0,0.0,0.0
130700040701,2001,0.0,0.0,0.0
130700040701,2002,0.0,0.0,0.0
130700040701,2003,0.0,0.0,0.0
130700040701,2004,0.0,0.0,0.0
130700040701,2005,0.0,0.0,0.0
130700040701,2006,0.0,0.0,0.0
130700040701,2007,0.0,0.0,0.0
130700040701,2008,0.0,0.0,0.0
130700040701,2009,0.0,0.0,0.0
130700040701,2010,0.0,0.0,0.0
130700040701,2011,0.0,0.0,0.0
130700040701,2012,0.0,0.0,0.0
130700040701,2013,0.0,0.0,0.0
130700040701,2014,0.0,0.0,0.0
130700040701,2015,0.0,0.0,0.0
130700040701,2016,0.0,0.0,0.0
130700040701,2017,0.0,0.0,0.0
130700040701,2018,0.0,0.0,0.0
130700040701,2019,0.0,0.0,0.0
130700040701,2020,0.0,0.0,0.0
130700040702,2000,0.0,0.0,0.0
130700040702,2001,0.0,0.0,0.0
130700040702,2002,0.0,0.0,0.0
130700040702,2003,0.0,0.0,0.0
130700040702,2004,0.0,0.0,0.0
130700040702,2005,0.0,0.0,0.0
130700040702,2006,0.0,0.0,0.0
130700040702,2007,0.0,0.0,0.0
130700040702,2008,0.0,0.0,0.0
130700040702,2009,0.0,0.0,0.0
130700040702,2010,0.0,0.0,0.0
130700040702,2011,0.0,0.0,0.0
130700040702,2012,0.0,0.0,0.0
130700040702,2013,0.0,0.0,0.0
130700040702,2014,0.0,0.0,0.0
130700040702,2015,0.0,0.0,0.0
130700040702,2016,0.0,0.0,0.0
130700040702,2017,0.0,0.0,0.0
130700040702,2018,0.0,0.0,0.0
130700040702,2019,0.0,0.0,0.0
130700040702,2020,0.0,0.0,0.0
130700040703,2000,0.0,0.0,0.0
130700040703,2001,0.0,0.0,0.0
130700040703,2002,0.0,0.0,0.0
130700040703,2003,0.0,0.0,0.0
130700040703,2004,0.0,0.0,0.0
130700040703,2005,0.0,0.0,0.0
130700040703,2006,0.0,0.0,0.0
130700040703,2007,0.0,0.0,0.0
130700040703,2008,0.0,0.0,0.0
130700040703,2009,0.0,0.0,0.0
130700040703,2010,0.0,0.0,0.0
130700040703,2011,0.0,0.0,0.0
130700040703,2012,0.0,0.0,0.0
130700040703,2013,0.0,0.0,0.0
130700040703,2014,0.0,0.0,0.0
130700040703,2015,0.0,0.0,0.0
130700040703,2016,0.0,0.0,0.0
130700040703,2017,0.0,0.0,0.0
130700040703,2018,0.0,0.0,0.0
130700040703,2019,0.0,0.0,0.0
130700040703,2020,0.0,0.0,0.0
130700040704,2000,0.0,0.0,0.0
130700040704,2001,0.0,0.0,0.0
130700040704,2002,0.0,0.0,0.0
130700040704,2003,0.0,0.0,0.0
130700040704,2004,0.0,0.0,0.0
130700040704,2005,0.0,0.0,0.0
130700040704,2006,0.0,0.0,0.0
130700040704,2007,0.0,0.0,0.0
130700040704,2008,0.0,0.0,0.0
130700040704,2009,0.0,0.0,0.0
130700040704,2010,0.0,0.0,0.0
130700040704,2011,0.0,0.0,0.0
130700040704,2012,0.0,0.0,0.0
130700040704,2013,0.0,0.0,0.0
130700040704,2014,0.0,0.0,0.0
130700040704,2015,0.0,0.0,0.0
130700040704,2016,0.0,0.0,0.0
130700040704,2017,0.0,0.0,0.0
130700040704,2018,0.0,0.0,0.0
130700040704,2019,0.0,0.0,0.0
130700040704,2020,0.0,0.0,0.0
130700040705,2000,0.0,0.0,0.0
130700040705,2001,0.0,0.0,0.0
130700040705,2002,0.0,0.0,0.0
130700040705,2003,0.0,0.0,0.0
130700040705,2004,0.0,0.0,0.0
130700040705,2005,0.0,0.0,0.0
130700040705,2006,0.0,0.0,0.0
130700040705,2007,0.0,0.0,0.0
130700040705,2008,0.0,0.0,0.0
130700040705,2009,0.0,0.0,0.0
130700040705,2010,0.0,0.0,0.0
130700040705,2011,0.0,0.0,0.0
130700040705,2012,0.0,0.0,0.0
130700040705,2013,0.0,0.0,0.0
130700040705,2014,0.0,0.0,0.0
130700040705,2015,0.0,0.0,0.0
130700040705,2016,0.0,0.0,0.0
130700040705,2017,0.0,0.0,0.0
130700040705,2018,0.0,0.0,0.0
130700040705,2019,0.0,0.0,0.0
130700040705,2020,0.0,0.0,0.0
130700040801,2000,0.0,0.0,0.0
130700040801,2001,0.0,0.0,0.0
130700040801,2002,0.0,0.0,0.0
130700040801,2003,0.0,0.0,0.0
130700040801,2004,0.0,0.0,0.0
130700040801,2005,0.0,0.0,0.0
130700040801,2006,0.0,0.0,0.0
130700040801,2007,0.0,0.0,0.0
130700040801,2008,0.013268538,0.017644421,0.004375883
130700040801,2009,0.014428375,0.019186707,0.004758252
130700040801,2010,0.0,0.0,0.0
130700040801,2011,0.0,0.0,0.0
130700040801,2012,0.0,0.0,0.0
130700040801,2013,0.0,0.0,0.0
130700040801,2014,0.0,0.0,0.0
130700040801,2015,0.0,0.0,0.0
130700040801,2016,0.0,0.0,0.0
130700040801,2017,0.0,0.0,0.0
130700040801,2018,0.0,0.0,0.0
130700040801,2019,0.0,0.0,0.0
130700040801,2020,0.0,0.0,0.0
130700040802,2000,0.0,0.0,0.0
130700040802,2001,0.0,0.0,0.0
130700040802,2002,0.0,0.0,0.0
130700040802,2003,0.047292951,0.062889575,0.015596625
130700040802,2004,0.0,0.0,0.0
130700040802,2005,0.0,0.0,0.0
130700040802,2006,0.0,0.0,0.0
130700040802,2007,0.0,0.0,0.0
130700040802,2008,0.0,0.0,0.0
130700040802,2009,0.0,0.0,0.0
130700040802,2010,0.019307403,0.02567466,0.006367173
130700040802,2011,0.0,0.0,0.0
130700040802,2012,0.0,0.0,0.0
130700040802,2013,0.0,0.0,0.0
130700040802,2014,0.0,0.0,0.0
130700040802,2015,0.0,0.0,0.0
130700040802,2016,0.0,0.0,0.0
130700040802,2017,0.0,0.0,0.0
130700040802,2018,0.0,0.0,0.0
130700040802,2019,0.0,0.0,0.0
130700040802,2020,0.0,0.0,0.0
130700040803,2000,0.0,0.0,0.0
130700040803,2001,0.0,0.0,0.0
130700040803,2002,0.0,0.0,0.0
130700040803,2003,0.0,0.0,0.0
130700040803,2004,0.0,0.0,0.0
130700040803,2005,0.0,0.0,0.0
130700040803,2006,0.0,0.0,0.0
130700040803,2007,0.0,0.0,0.0
130700040803,2008,0.0,0.0,0.0
130700040803,2009,0.0,0.0,0.0
130700040803,2010,0.0,0.0,0.0
130700040803,2011,0.0,0.0,0.0
130700040803,2012,0.0,0.0,0.0
130700040803,2013,0.0,0.0,0.0
130700040803,2014,0.0,0.0,0.0
130700040803,2015,0.0,0.0,0.0
130700040803,2016,0.0,0.0,0.0
130700040803,2017,0.0,0.0,0.0
130700040803,2018,0.0,0.0,0.0
130700040803,2019,0.0,0.0,0.0
130700040803,2020,0.0,0.0,0.0
130700040804,2000,3.302332773,4.391399801,1.089067191
130700040804,2001,3.249084759,4.320591249,1.07150674
130700040804,2002,3.481570652,4.629748219,1.148177567
130700040804,2003,1.711034671,2.27531226,0.564277504
130700040804,2004,1.168742358,1.554178754,0.38543623
130700040804,2005,1.655866397,2.201949879,0.546083647
130700040804,2006,0.0,0.0,0.0
130700040804,2007,1.417728962,1.885277995,0.467548781
130700040804,2008,1.802670216,2.397167891,0.59449759
130700040804,2009,1.906052951,2.534644874,0.628592005
130700040804,2010,1.858513145,2.471426978,0.612913836
130700040804,2011,2.364875526,3.144781373,0.779905762
130700040804,2012,1.425216183,1.895234402,0.470018049
130700040804,2013,1.468955781,1.953398537,0.484442838
130700040804,2014,1.899155164,2.525472307,0.626317058
130700040804,2015,1.261458647,1.677471499,0.416013022
130700040804,2016,1.987403986,2.642824604,0.65542053
130700040804,2017,0.0,0.0,0.0
130700040804,2018,2.388831701,3.176637871,0.787806175
130700040804,2019,2.558967874,3.402882827,0.843914784
130700040804,2020,3.651297863,4.855449194,1.204151415
130700040805,2000,0.957476628,1.27324023,0.315763514
130700040805,2001,0.699955438,0.930791844,0.230836323
130700040805,2002,0.888998186,1.182178238,0.293180219
130700040805,2003,0.186189408,0.247592233,0.061402822
130700040805,2004,0.161745134,0.215086648,0.053341432
130700040805,2005,0.27687974,0.368190866,0.091311378
130700040805,2006,0.0,0.0,0.0
130700040805,2007,0.223814855,0.297626195,0.073811258
130700040805,2008,0.173983014,0.231360276,0.057377426
130700040805,2009,0.318041425,0.422927271,0.104886096
130700040805,2010,0.253979041,0.337738178,0.08375897
130700040805,2011,0.292482811,0.388940079,0.096457268
130700040805,2012,0.0,0.0,0.0
130700040805,2013,0.026684893,0.035485216,0.008800326
130700040805,2014,0.092131425,0.122515118,0.030383696
130700040805,2015,0.109456775,0.145554,0.036097392
130700040805,2016,0.118345508,0.157374333,0.03902891
130700040805,2017,0.108151967,0.143819052,0.035667085
130700040805,2018,0.181166307,0.240912416,0.059746277
130700040805,2019,0.408836499,0.54366549,0.134828992
130700040805,2020,0.773594429,1.028715814,0.25512147
130700040806,2000,0.0,0.0,0.0
130700040806,2001,0.361048088,0.48011709,0.119069085
130700040806,2002,1.615787025,2.148653088,0.532865896
130700040806,2003,0.981821721,1.305613992,0.323792356
130700040806,2004,1.286791702,1.711159377,0.424367511
130700040806,2005,1.679804038,2.233782003,0.553977882
130700040806,2006,1.714197173,2.279517337,0.565320329
130700040806,2007,1.641029912,2.182220622,0.541190712
130700040806,2008,1.245263434,1.655935536,0.410672019
130700040806,2009,1.318871625,1.753818619,0.434946825
130700040806,2010,2.054413616,2.731933027,0.677519414
130700040806,2011,3.254073641,4.327225485,1.073152011
130700040806,2012,1.951237079,2.594730022,0.643492945
130700040806,2013,1.636757477,2.176539184,0.539781792
130700040806,2014,1.732053726,2.303262811,0.57120917
130700040806,2015,1.740836367,2.314941964,0.5741056
130700040806,2016,2.219698153,2.951726134,0.732028232
130700040806,2017,1.572323205,2.090855104,0.518531981
130700040806,2018,2.344065501,3.117108455,0.773042871
130700040806,2019,1.879569904,2.49942803,0.619858126
130700040806,2020,2.179230749,2.897913219,0.71868247
130700050101,2000,0.0,0.0,0.0
130700050101,2001,0.0,0.0,0.0
130700050101,2002,0.0,0.0,0.0
130700050101,2003,0.0,0.0,0.0
130700050101,2004,0.0,0.0,0.0
130700050101,2005,0.0,0.0,0.0
130700050101,2006,0.0,0.0,0.0
130700050101,2007,0.0,0.0,0.0
130700050101,2008,0.0,0.0,0.0
130700050101,2009,0.0,0.0,0.0
130700050101,2010,0.0,0.0,0.0
130700050101,2011,0.0,0.0,0.0
130700050101,2012,0.0,0.0,0.0
130700050101,2013,0.0,0.0,0.0
130700050101,2014,0.0,0.0,0.0
130700050101,2015,0.0,0.0,0.0
130700050101,2016,0.0,0.0,0.0
130700050101,2017,0.0,0.0,0.0
130700050101,2018,0.0,0.0,0.0
130700050101,2019,0.0,0.0,0.0
130700050101,2020,0.0,0.0,0.0
130700050102,2000,0.0,0.0,0.0
130700050102,2001,0.0,0.0,0.0
130700050102,2002,0.0,0.0,0.0
130700050102,2003,0.0,0.0,0.0
130700050102,2004,0.0,0.0,0.0
130700050102,2005,0.0,0.0,0.0
130700050102,2006,0.0,0.0,0.0
130700050102,2007,0.0,0.0,0.0
130700050102,2008,0.0,0.0,0.0
130700050102,2009,0.0,0.0,0.0
130700050102,2010,0.0,0.0,0.0
130700050102,2011,0.0,0.0,0.0
130700050102,2012,0.0,0.0,0.0
130700050102,2013,0.0,0.0,0.0
130700050102,2014,0.0,0.0,0.0
130700050102,2015,0.0,0.0,0.0
130700050102,2016,0.0,0.0,0.0
130700050102,2017,0.0,0.0,0.0
130700050102,2018,0.0,0.0,0.0
130700050102,2019,0.0,0.0,0.0
130700050102,2020,0.0,0.0,0.0
130700050103,2000,0.0,0.0,0.0
130700050103,2001,0.0,0.0,0.0
130700050103,2002,0.0,0.0,0.0
130700050103,2003,0.0,0.0,0.0
130700050103,2004,0.0,0.0,0.0
130700050103,2005,0.0,0.0,0.0
130700050103,2006,0.0,0.0,0.0
130700050103,2007,0.0,0.0,0.0
130700050103,2008,0.0,0.0,0.0
130700050103,2009,0.0,0.0,0.0
130700050103,2010,0.0,0.0,0.0
130700050103,2011,0.0,0.0,0.0
130700050103,2012,0.0,0.0,0.0
130700050103,2013,0.0,0.0,0.0
130700050103,2014,0.0,0.0,0.0
130700050103,2015,0.0,0.0,0.0
130700050103,2016,0.0,0.0,0.0
130700050103,2017,0.0,0.0,0.0
130700050103,2018,0.0,0.0,0.0
130700050103,2019,0.0,0.0,0.0
130700050103,2020,0.0,0.0,0.0
130700050104,2000,0.0,0.0,0.0
130700050104,2001,0.0,0.0,0.0
130700050104,2002,0.0,0.0,0.0
130700050104,2003,0.0,0.0,0.0
130700050104,2004,0.0,0.0,0.0
130700050104,2005,0.0,0.0,0.0
130700050104,2006,0.0,0.0,0.0
130700050104,2007,0.0,0.0,0.0
130700050104,2008,0.0,0.0,0.0
130700050104,2009,0.0,0.0,0.0
130700050104,2010,0.0,0.0,0.0
130700050104,2011,0.0,0.0,0.0
130700050104,2012,0.0,0.0,0.0
130700050104,2013,0.0,0.0,0.0
130700050104,2014,0.0,0.0,0.0
130700050104,2015,0.0,0.0,0.0
130700050104,2016,0.0,0.0,0.0
130700050104,2017,0.0,0.0,0.0
130700050104,2018,0.0,0.0,0.0
130700050104,2019,0.0,0.0,0.0
130700050104,2020,0.0,0.0,0.0
130700050105,2000,0.0,0.0,0.0
130700050105,2001,0.0,0.0,0.0
130700050105,2002,0.0,0.0,0.0
130700050105,2003,0.0,0.0,0.0
130700050105,2004,0.0,0.0,0.0
130700050105,2005,0.0,0.0,0.0
130700050105,2006,0.0,0.0,0.0
130700050105,2007,0.0,0.0,0.0
130700050105,2008,0.0,0.0,0.0
130700050105,2009,0.0,0.0,0.0
130700050105,2010,0.0,0.0,0.0
130700050105,2011,0.0,0.0,0.0
130700050105,2012,0.0,0.0,0.0
130700050105,2013,0.0,0.0,0.0
130700050105,2014,0.0,0.0,0.0
130700050105,2015,0.0,0.0,0.0
130700050105,2016,0.0,0.0,0.0
130700050105,2017,0.0,0.0,0.0
130700050105,2018,0.0,0.0,0.0
130700050105,2019,0.0,0.0,0.0
130700050105,2020,0.0,0.0,0.0
130700050106,2000,0.0,0.0,0.0
130700050106,2001,0.0,0.0,0.0
130700050106,2002,0.0,0.0,0.0
130700050106,2003,0.0,0.0,0.0
130700050106,2004,0.0,0.0,0.0
130700050106,2005,0.0,0.0,0.0
130700050106,2006,0.0,0.0,0.0
130700050106,2007,0.0,0.0,0.0
130700050106,2008,0.0,0.0,0.0
130700050106,2009,0.0,0.0,0.0
130700050106,2010,0.0,0.0,0.0
130700050106,2011,0.0,0.0,0.0
130700050106,2012,0.0,0.0,0.0
130700050106,2013,0.0,0.0,0.0
130700050106,2014,0.0,0.0,0.0
130700050106,2015,0.0,0.0,0.0
130700050106,2016,0.0,0.0,0.0
130700050106,2017,0.0,0.0,0.0
130700050106,2018,0.0,0.0,0.0
130700050106,2019,0.0,0.0,0.0
130700050106,2020,0.0,0.0,0.0
130700050201,2000,0.0,0.0,0.0
130700050201,2001,0.0,0.0,0.0
130700050201,2002,0.0,0.0,0.0
130700050201,2003,0.0,0.0,0.0
130700050201,2004,0.0,0.0,0.0
130700050201,2005,0.0,0.0,0.0
130700050201,2006,0.0,0.0,0.0
130700050201,2007,0.0,0.0,0.0
130700050201,2008,0.0,0.0,0.0
130700050201,2009,0.0,0.0,0.0
130700050201,2010,0.0,0.0,0.0
130700050201,2011,0.0,0.0,0.0
130700050201,2012,0.0,0.0,0.0
130700050201,2013,0.0,0.0,0.0
130700050201,2014,0.0,0.0,0.0
130700050201,2015,0.0,0.0,0.0
130700050201,2016,0.0,0.0,0.0
130700050201,2017,0.0,0.0,0.0
130700050201,2018,0.0,0.0,0.0
130700050201,2019,0.0,0.0,0.0
130700050201,2020,0.0,0.0,0.0
130700050202,2000,0.0,0.0,0.0
130700050202,2001,0.0,0.0,0.0
130700050202,2002,0.0,0.0,0.0
130700050202,2003,0.0,0.0,0.0
130700050202,2004,0.0,0.0,0.0
130700050202,2005,0.0,0.0,0.0
130700050202,2006,0.0,0.0,0.0
130700050202,2007,0.0,0.0,0.0
130700050202,2008,0.0,0.0,0.0
130700050202,2009,0.0,0.0,0.0
130700050202,2010,0.0,0.0,0.0
130700050202,2011,0.0,0.0,0.0
130700050202,2012,0.0,0.0,0.0
130700050202,2013,0.0,0.0,0.0
130700050202,2014,0.0,0.0,0.0
130700050202,2015,0.0,0.0,0.0
130700050202,2016,0.0,0.0,0.0
130700050202,2017,0.0,0.0,0.0
130700050202,2018,0.0,0.0,0.0
130700050202,2019,0.0,0.0,0.0
130700050202,2020,0.0,0.0,0.0
130700050203,2000,0.0,0.0,0.0
130700050203,2001,0.0,0.0,0.0
130700050203,2002,0.0,0.0,0.0
130700050203,2003,0.0,0.0,0.0
130700050203,2004,0.0,0.0,0.0
130700050203,2005,0.0,0.0,0.0
130700050203,2006,0.0,0.0,0.0
130700050203,2007,0.0,0.0,0.0
130700050203,2008,0.0,0.0,0.0
130700050203,2009,0.0,0.0,0.0
130700050203,2010,0.0,0.0,0.0
130700050203,2011,0.0,0.0,0.0
130700050203,2012,0.0,0.0,0.0
130700050203,2013,0.0,0.0,0.0
130700050203,2014,0.0,0.0,0.0
130700050203,2015,0.0,0.0,0.0
130700050203,2016,0.0,0.0,0.0
130700050203,2017,0.0,0.0,0.0
130700050203,2018,0.0,0.0,0.0
130700050203,2019,0.0,0.0,0.0
130700050203,2020,0.0,0.0,0.0
130700050204,2000,0.0,0.0,0.0
130700050204,2001,0.0,0.0,0.0
130700050204,2002,0.0,0.0,0.0
130700050204,2003,0.0,0.0,0.0
130700050204,2004,0.0,0.0,0.0
130700050204,2005,0.0,0.0,0.0
130700050204,2006,0.0,0.0,0.0
130700050204,2007,0.0,0.0,0.0
130700050204,2008,0.0,0.0,0.0
130700050204,2009,0.0,0.0,0.0
130700050204,2010,0.0,0.0,0.0
130700050204,2011,0.0,0.0,0.0
130700050204,2012,0.0,0.0,0.0
130700050204,2013,0.0,0.0,0.0
130700050204,2014,0.0,0.0,0.0
130700050204,2015,0.0,0.0,0.0
130700050204,2016,0.0,0.0,0.0
130700050204,2017,0.0,0.0,0.0
130700050204,2018,0.0,0.0,0.0
130700050204,2019,0.0,0.0,0.0
130700050204,2020,0.0,0.0,0.0
130700050205,2000,0.0,0.0,0.0
130700050205,2001,0.0,0.0,0.0
130700050205,2002,0.0,0.0,0.0
130700050205,2003,0.0,0.0,0.0
130700050205,2004,0.0,0.0,0.0
130700050205,2005,0.0,0.0,0.0
130700050205,2006,0.0,0.0,0.0
130700050205,2007,0.0,0.0,0.0
130700050205,2008,0.0,0.0,0.0
130700050205,2009,0.0,0.0,0.0
130700050205,2010,0.0,0.0,0.0
130700050205,2011,0.0,0.0,0.0
130700050205,2012,0.0,0.0,0.0
130700050205,2013,0.0,0.0,0.0
130700050205,2014,0.0,0.0,0.0
130700050205,2015,0.0,0.0,0.0
130700050205,2016,0.0,0.0,0.0
130700050205,2017,0.0,0.0,0.0
130700050205,2018,0.0,0.0,0.0
130700050205,2019,0.0,0.0,0.0
130700050205,2020,0.0,0.0,0.0
130700050301,2000,0.0,0.0,0.0
130700050301,2001,0.0,0.0,0.0
130700050301,2002,0.0,0.0,0.0
130700050301,2003,0.0,0.0,0.0
130700050301,2004,0.0,0.0,0.0
130700050301,2005,0.0,0.0,0.0
130700050301,2006,0.0,0.0,0.0
130700050301,2007,0.0,0.0,0.0
130700050301,2008,0.0,0.0,0.0
130700050301,2009,0.0,0.0,0.0
130700050301,2010,0.0,0.0,0.0
130700050301,2011,0.0,0.0,0.0
130700050301,2012,0.0,0.0,0.0
130700050301,2013,0.0,0.0,0.0
130700050301,2014,0.0,0.0,0.0
130700050301,2015,0.0,0.0,0.0
130700050301,2016,0.0,0.0,0.0
130700050301,2017,0.0,0.0,0.0
130700050301,2018,0.0,0.0,0.0
130700050301,2019,0.0,0.0,0.0
130700050301,2020,0.0,0.0,0.0
130700050302,2000,0.0,0.0,0.0
130700050302,2001,0.0,0.0,0.0
130700050302,2002,0.0,0.0,0.0
130700050302,2003,0.0,0.0,0.0
130700050302,2004,0.0,0.0,0.0
130700050302,2005,0.0,0.0,0.0
130700050302,2006,0.0,0.0,0.0
130700050302,2007,0.0,0.0,0.0
130700050302,2008,0.0,0.0,0.0
130700050302,2009,0.0,0.0,0.0
130700050302,2010,0.0,0.0,0.0
130700050302,2011,0.0,0.0,0.0
130700050302,2012,0.0,0.0,0.0
130700050302,2013,0.0,0.0,0.0
130700050302,2014,0.0,0.0,0.0
130700050302,2015,0.0,0.0,0.0
130700050302,2016,0.0,0.0,0.0
130700050302,2017,0.0,0.0,0.0
130700050302,2018,0.0,0.0,0.0
130700050302,2019,0.0,0.0,0.0
130700050302,2020,0.0,0.0,0.0
130700050303,2000,0.086552653,0.115096634,0.028544063
130700050303,2001,0.0,0.0,0.0
130700050303,2002,0.0,0.0,0.0
130700050303,2003,0.04587057,0.060997973,0.015127488
130700050303,2004,0.0,0.0,0.0
130700050303,2005,0.0,0.0,0.0
130700050303,2006,0.0,0.0,0.0
130700050303,2007,0.0,0.0,0.0
130700050303,2008,0.0,0.0,0.0
130700050303,2009,0.0,0.0,0.0
130700050303,2010,0.619754926,0.824142419,0.204387321
130700050303,2011,0.903753797,1.201800551,0.298046425
130700050303,2012,0.773369421,1.028416858,0.255047352
130700050303,2013,0.481838838,0.64074314,0.158904301
130700050303,2014,0.646620145,0.859867238,0.213247008
130700050303,2015,0.573340575,0.762420959,0.189080468
130700050303,2016,0.732163495,0.973621825,0.241458333
130700050303,2017,0.62112614,0.825965562,0.204839504
130700050303,2018,0.525071285,0.698233005,0.173161723
130700050303,2019,0.850620211,1.131143863,0.280523652
130700050303,2020,0.516901975,0.687369699,0.170467721
130700050304,2000,0.0,0.0,0.0
130700050304,2001,0.0,0.0,0.0
130700050304,2002,0.0,0.0,0.0
130700050304,2003,0.001088616,0.001447551,0.000359101
130700050304,2004,0.0,0.0,0.0
130700050304,2005,0.0,0.0,0.0
130700050304,2006,0.0,0.0,0.0
130700050304,2007,0.0,0.0,0.0
130700050304,2008,0.0,0.0,0.0
130700050304,2009,0.0,0.0,0.0
130700050304,2010,0.0,0.0,0.0
130700050304,2011,0.034535014,0.045924205,0.011389192
130700050304,2012,0.027262183,0.036252967,0.008990705
130700050304,2013,0.09841466,0.130870745,0.032456003
130700050304,2014,0.095150315,0.126529811,0.031379414
130700050304,2015,0.0,0.0,0.0
130700050304,2016,0.034820571,0.046303984,0.011483582
130700050304,2017,0.0,0.0,0.0
130700050304,2018,0.128665948,0.171098592,0.042432395
130700050304,2019,0.132566162,0.176284871,0.043718625
130700050304,2020,0.034086172,0.04532741,0.011241156
130700060101,2000,0.0,0.0,0.0
130700060101,2001,0.0,0.0,0.0
130700060101,2002,0.0,0.0,0.0
130700060101,2003,0.0,0.0,0.0
130700060101,2004,0.0,0.0,0.0
130700060101,2005,0.0,0.0,0.0
130700060101,2006,0.0,0.0,0.0
130700060101,2007,0.0,0.0,0.0
130700060101,2008,0.0,0.0,0.0
130700060101,2009,0.0,0.0,0.0
130700060101,2010,0.0,0.0,0.0
130700060101,2011,0.0,0.0,0.0
130700060101,2012,0.0,0.0,0.0
130700060101,2013,0.0,0.0,0.0
130700060101,2014,0.0,0.0,0.0
130700060101,2015,0.0,0.0,0.0
130700060101,2016,0.0,0.0,0.0
130700060101,2017,0.0,0.0,0.0
130700060101,2018,0.0,0.0,0.0
130700060101,2019,0.0,0.0,0.0
130700060101,2020,0.0,0.0,0.0
130700060102,2000,0.0,0.0,0.0
130700060102,2001,0.0,0.0,0.0
130700060102,2002,0.0,0.0,0.0
130700060102,2003,0.0,0.0,0.0
130700060102,2004,0.0,0.0,0.0
130700060102,2005,0.0,0.0,0.0
130700060102,2006,0.0,0.0,0.0
130700060102,2007,0.0,0.0,0.0
130700060102,2008,0.0,0.0,0.0
130700060102,2009,0.0,0.0,0.0
130700060102,2010,0.0,0.0,0.0
130700060102,2011,0.0,0.0,0.0
130700060102,2012,0.0,0.0,0.0
130700060102,2013,0.0,0.0,0.0
130700060102,2014,0.0,0.0,0.0
130700060102,2015,0.0,0.0,0.0
130700060102,2016,0.0,0.0,0.0
130700060102,2017,0.0,0.0,0.0
130700060102,2018,0.0,0.0,0.0
130700060102,2019,0.0,0.0,0.0
130700060102,2020,0.0,0.0,0.0
130700060103,2000,0.0,0.0,0.0
130700060103,2001,0.0,0.0,0.0
130700060103,2002,0.0,0.0,0.0
130700060103,2003,0.0,0.0,0.0
130700060103,2004,0.0,0.0,0.0
130700060103,2005,0.0,0.0,0.0
130700060103,2006,0.0,0.0,0.0
130700060103,2007,0.0,0.0,0.0
130700060103,2008,0.0,0.0,0.0
130700060103,2009,0.0,0.0,0.0
130700060103,2010,0.0,0.0,0.0
130700060103,2011,0.0,0.0,0.0
130700060103,2012,0.0,0.0,0.0
130700060103,2013,0.0,0.0,0.0
130700060103,2014,0.0,0.0,0.0
130700060103,2015,0.0,0.0,0.0
130700060103,2016,0.0,0.0,0.0
130700060103,2017,0.0,0.0,0.0
130700060103,2018,0.0,0.0,0.0
130700060103,2019,0.0,0.0,0.0
130700060103,2020,0.0,0.0,0.0
130700060104,2000,0.0,0.0,0.0
130700060104,2001,0.0,0.0,0.0
130700060104,2002,0.0,0.0,0.0
130700060104,2003,0.0,0.0,0.0
130700060104,2004,0.0,0.0,0.0
130700060104,2005,0.0,0.0,0.0
130700060104,2006,0.0,0.0,0.0
130700060104,2007,0.0,0.0,0.0
130700060104,2008,0.0,0.0,0.0
130700060104,2009,0.0,0.0,0.0
130700060104,2010,0.0,0.0,0.0
130700060104,2011,0.0,0.0,0.0
130700060104,2012,0.0,0.0,0.0
130700060104,2013,0.0,0.0,0.0
130700060104,2014,0.0,0.0,0.0
130700060104,2015,0.0,0.0,0.0
130700060104,2016,0.0,0.0,0.0
130700060104,2017,0.0,0.0,0.0
130700060104,2018,0.0,0.0,0.0
130700060104,2019,0.0,0.0,0.0
130700060104,2020,0.0,0.0,0.0
130700060105,2000,0.0,0.0,0.0
130700060105,2001,0.0,0.0,0.0
130700060105,2002,0.0,0.0,0.0
130700060105,2003,0.0,0.0,0.0
130700060105,2004,0.0,0.0,0.0
130700060105,2005,0.0,0.0,0.0
130700060105,2006,0.0,0.0,0.0
130700060105,2007,0.0,0.0,0.0
130700060105,2008,0.0,0.0,0.0
130700060105,2009,0.0,0.0,0.0
130700060105,2010,0.0,0.0,0.0
130700060105,2011,0.0,0.0,0.0
130700060105,2012,0.0,0.0,0.0
130700060105,2013,0.0,0.0,0.0
130700060105,2014,0.0,0.0,0.0
130700060105,2015,0.0,0.0,0.0
130700060105,2016,0.0,0.0,0.0
130700060105,2017,0.0,0.0,0.0
130700060105,2018,0.0,0.0,0.0
130700060105,2019,0.0,0.0,0.0
130700060105,2020,0.0,0.0,0.0
130700060201,2000,0.0,0.0,0.0
130700060201,2001,0.0,0.0,0.0
130700060201,2002,0.0,0.0,0.0
130700060201,2003,0.0,0.0,0.0
130700060201,2004,0.0,0.0,0.0
130700060201,2005,0.0,0.0,0.0
130700060201,2006,0.0,0.0,0.0
130700060201,2007,0.0,0.0,0.0
130700060201,2008,0.0,0.0,0.0
130700060201,2009,0.0,0.0,0.0
130700060201,2010,0.0,0.0,0.0
130700060201,2011,0.0,0.0,0.0
130700060201,2012,0.0,0.0,0.0
130700060201,2013,0.0,0.0,0.0
130700060201,2014,0.0,0.0,0.0
130700060201,2015,0.0,0.0,0.0
130700060201,2016,0.0,0.0,0.0
130700060201,2017,0.0,0.0,0.0
130700060201,2018,0.0,0.0,0.0
130700060201,2019,0.0,0.0,0.0
130700060201,2020,0.0,0.0,0.0
130700060202,2000,0.0,0.0,0.0
130700060202,2001,0.0,0.0,0.0
130700060202,2002,0.0,0.0,0.0
130700060202,2003,0.0,0.0,0.0
130700060202,2004,0.0,0.0,0.0
130700060202,2005,0.0,0.0,0.0
130700060202,2006,0.0,0.0,0.0
130700060202,2007,0.0,0.0,0.0
130700060202,2008,0.0,0.0,0.0
130700060202,2009,0.0,0.0,0.0
130700060202,2010,0.0,0.0,0.0
130700060202,2011,0.0,0.0,0.0
130700060202,2012,0.0,0.0,0.0
130700060202,2013,0.0,0.0,0.0
130700060202,2014,0.0,0.0,0.0
130700060202,2015,0.0,0.0,0.0
130700060202,2016,0.0,0.0,0.0
130700060202,2017,0.0,0.0,0.0
130700060202,2018,0.0,0.0,0.0
130700060202,2019,0.0,0.0,0.0
130700060202,2020,0.0,0.0,0.0
130700060203,2000,0.0,0.0,0.0
130700060203,2001,0.0,0.0,0.0
130700060203,2002,0.0,0.0,0.0
130700060203,2003,0.0,0.0,0.0
130700060203,2004,0.0,0.0,0.0
130700060203,2005,0.0,0.0,0.0
130700060203,2006,0.0,0.0,0.0
130700060203,2007,0.0,0.0,0.0
130700060203,2008,0.0,0.0,0.0
130700060203,2009,0.0,0.0,0.0
130700060203,2010,0.0,0.0,0.0
130700060203,2011,0.0,0.0,0.0
130700060203,2012,0.0,0.0,0.0
130700060203,2013,0.0,0.0,0.0
130700060203,2014,0.0,0.0,0.0
130700060203,2015,0.0,0.0,0.0
130700060203,2016,0.0,0.0,0.0
130700060203,2017,0.0,0.0,0.0
130700060203,2018,0.0,0.0,0.0
130700060203,2019,0.0,0.0,0.0
130700060203,2020,0.0,0.0,0.0
130700060204,2000,0.0,0.0,0.0
130700060204,2001,0.0,0.0,0.0
130700060204,2002,0.0,0.0,0.0
130700060204,2003,0.0,0.0,0.0
130700060204,2004,0.0,0.0,0.0
130700060204,2005,0.0,0.0,0.0
130700060204,2006,0.0,0.0,0.0
130700060204,2007,0.0,0.0,0.0
130700060204,2008,0.0,0.0,0.0
130700060204,2009,0.0,0.0,0.0
130700060204,2010,0.0,0.0,0.0
130700060204,2011,0.0,0.0,0.0
130700060204,2012,0.0,0.0,0.0
130700060204,2013,0.0,0.0,0.0
130700060204,2014,0.0,0.0,0.0
130700060204,2015,0.0,0.0,0.0
130700060204,2016,0.0,0.0,0.0
130700060204,2017,0.0,0.0,0.0
130700060204,2018,0.0,0.0,0.0
130700060204,2019,0.0,0.0,0.0
130700060204,2020,0.0,0.0,0.0
130700060205,2000,0.0,0.0,0.0
130700060205,2001,0.0,0.0,0.0
130700060205,2002,0.0,0.0,0.0
130700060205,2003,0.0,0.0,0.0
130700060205,2004,0.0,0.0,0.0
130700060205,2005,0.0,0.0,0.0
130700060205,2006,0.0,0.0,0.0
130700060205,2007,0.0,0.0,0.0
130700060205,2008,0.0,0.0,0.0
130700060205,2009,0.0,0.0,0.0
130700060205,2010,0.0,0.0,0.0
130700060205,2011,0.0,0.0,0.0
130700060205,2012,0.0,0.0,0.0
130700060205,2013,0.0,0.0,0.0
130700060205,2014,0.0,0.0,0.0
130700060205,2015,0.0,0.0,0.0
130700060205,2016,0.0,0.0,0.0
130700060205,2017,0.0,0.0,0.0
130700060205,2018,0.0,0.0,0.0
130700060205,2019,0.0,0.0,0.0
130700060205,2020,0.0,0.0,0.0
130700060206,2000,0.0,0.0,0.0
130700060206,2001,0.0,0.0,0.0
130700060206,2002,0.0,0.0,0.0
130700060206,2003,0.0,0.0,0.0
130700060206,2004,0.0,0.0,0.0
130700060206,2005,0.0,0.0,0.0
130700060206,2006,0.0,0.0,0.0
130700060206,2007,0.0,0.0,0.0
130700060206,2008,0.0,0.0,0.0
130700060206,2009,0.0,0.0,0.0
130700060206,2010,0.0,0.0,0.0
130700060206,2011,0.0,0.0,0.0
130700060206,2012,0.0,0.0,0.0
130700060206,2013,0.0,0.0,0.0
130700060206,2014,0.0,0.0,0.0
130700060206,2015,0.0,0.0,0.0
130700060206,2016,0.0,0.0,0.0
130700060206,2017,0.0,0.0,0.0
130700060206,2018,0.0,0.0,0.0
130700060206,2019,0.0,0.0,0.0
130700060206,2020,0.0,0.0,0.0
130700060301,2000,0.0,0.0,0.0
130700060301,2001,0.0,0.0,0.0
130700060301,2002,0.0,0.0,0.0
130700060301,2003,0.0,0.0,0.0
130700060301,2004,0.0,0.0,0.0
130700060301,2005,0.0,0.0,0.0
130700060301,2006,0.0,0.0,0.0
130700060301,2007,0.0,0.0,0.0
130700060301,2008,0.0,0.0,0.0
130700060301,2009,0.0,0.0,0.0
130700060301,2010,0.0,0.0,0.0
130700060301,2011,0.0,0.0,0.0
130700060301,2012,0.0,0.0,0.0
130700060301,2013,0.0,0.0,0.0
130700060301,2014,0.0,0.0,0.0
130700060301,2015,0.0,0.0,0.0
130700060301,2016,0.0,0.0,0.0
130700060301,2017,0.0,0.0,0.0
130700060301,2018,0.0,0.0,0.0
130700060301,2019,0.0,0.0,0.0
130700060301,2020,0.0,0.0,0.0
130700060302,2000,0.0,0.0,0.0
130700060302,2001,0.0,0.0,0.0
130700060302,2002,0.0,0.0,0.0
130700060302,2003,0.0,0.0,0.0
130700060302,2004,0.0,0.0,0.0
130700060302,2005,0.0,0.0,0.0
130700060302,2006,0.0,0.0,0.0
130700060302,2007,0.0,0.0,0.0
130700060302,2008,0.0,0.0,0.0
130700060302,2009,0.0,0.0,0.0
130700060302,2010,0.0,0.0,0.0
130700060302,2011,0.0,0.0,0.0
130700060302,2012,0.0,0.0,0.0
130700060302,2013,0.0,0.0,0.0
130700060302,2014,0.0,0.0,0.0
130700060302,2015,0.0,0.0,0.0
130700060302,2016,0.0,0.0,0.0
130700060302,2017,0.0,0.0,0.0
130700060302,2018,0.0,0.0,0.0
130700060302,2019,0.0,0.0,0.0
130700060302,2020,0.0,0.0,0.0
130700060303,2000,0.0,0.0,0.0
130700060303,2001,0.0,0.0,0.0
130700060303,2002,0.0,0.0,0.0
130700060303,2003,0.0,0.0,0.0
130700060303,2004,0.0,0.0,0.0
130700060303,2005,0.0,0.0,0.0
130700060303,2006,0.0,0.0,0.0
130700060303,2007,0.0,0.0,0.0
130700060303,2008,0.0,0.0,0.0
130700060303,2009,0.0,0.0,0.0
130700060303,2010,0.0,0.0,0.0
130700060303,2011,0.0,0.0,0.0
130700060303,2012,0.0,0.0,0.0
130700060303,2013,0.0,0.0,0.0
130700060303,2014,0.0,0.0,0.0
130700060303,2015,0.0,0.0,0.0
130700060303,2016,0.0,0.0,0.0
130700060303,2017,0.0,0.0,0.0
130700060303,2018,0.0,0.0,0.0
130700060303,2019,0.0,0.0,0.0
130700060303,2020,0.0,0.0,0.0
130700060304,2000,0.0,0.0,0.0
130700060304,2001,0.0,0.0,0.0
130700060304,2002,0.0,0.0,0.0
130700060304,2003,0.0,0.0,0.0
130700060304,2004,0.0,0.0,0.0
130700060304,2005,0.0,0.0,0.0
130700060304,2006,0.0,0.0,0.0
130700060304,2007,0.0,0.0,0.0
130700060304,2008,0.0,0.0,0.0
130700060304,2009,0.0,0.0,0.0
130700060304,2010,0.0,0.0,0.0
130700060304,2011,0.0,0.0,0.0
130700060304,2012,0.0,0.0,0.0
130700060304,2013,0.0,0.0,0.0
130700060304,2014,0.0,0.0,0.0
130700060304,2015,0.0,0.0,0.0
130700060304,2016,0.0,0.0,0.0
130700060304,2017,0.0,0.0,0.0
130700060304,2018,0.0,0.0,0.0
130700060304,2019,0.0,0.0,0.0
130700060304,2020,0.0,0.0,0.0
130700060305,2000,0.0,0.0,0.0
130700060305,2001,0.0,0.0,0.0
130700060305,2002,0.0,0.0,0.0
130700060305,2003,0.0,0.0,0.0
130700060305,2004,0.0,0.0,0.0
130700060305,2005,0.0,0.0,0.0
130700060305,2006,0.0,0.0,0.0
130700060305,2007,0.0,0.0,0.0
130700060305,2008,0.0,0.0,0.0
130700060305,2009,0.0,0.0,0.0
130700060305,2010,0.0,0.0,0.0
130700060305,2011,0.0,0.0,0.0
130700060305,2012,0.0,0.0,0.0
130700060305,2013,0.0,0.0,0.0
130700060305,2014,0.0,0.0,0.0
130700060305,2015,0.0,0.0,0.0
130700060305,2016,0.0,0.0,0.0
130700060305,2017,0.0,0.0,0.0
130700060305,2018,0.0,0.0,0.0
130700060305,2019,0.0,0.0,0.0
130700060305,2020,0.0,0.0,0.0
130700060306,2000,0.0,0.0,0.0
130700060306,2001,0.0,0.0,0.0
130700060306,2002,0.0,0.0,0.0
130700060306,2003,0.0,0.0,0.0
130700060306,2004,0.0,0.0,0.0
130700060306,2005,0.0,0.0,0.0
130700060306,2006,0.0,0.0,0.0
130700060306,2007,0.0,0.0,0.0
130700060306,2008,0.0,0.0,0.0
130700060306,2009,0.0,0.0,0.0
130700060306,2010,0.0,0.0,0.0
130700060306,2011,0.0,0.0,0.0
130700060306,2012,0.0,0.0,0.0
130700060306,2013,0.0,0.0,0.0
130700060306,2014,0.0,0.0,0.0
130700060306,2015,0.0,0.0,0.0
130700060306,2016,0.0,0.0,0.0
130700060306,2017,0.0,0.0,0.0
130700060306,2018,0.0,0.0,0.0
130700060306,2019,0.0,0.0,0.0
130700060306,2020,0.0,0.0,0.0
130700060401,2000,0.0,0.0,0.0
130700060401,2001,0.0,0.0,0.0
130700060401,2002,0.0,0.0,0.0
130700060401,2003,0.0,0.0,0.0
130700060401,2004,0.0,0.0,0.0
130700060401,2005,0.0,0.0,0.0
130700060401,2006,0.0,0.0,0.0
130700060401,2007,0.0,0.0,0.0
130700060401,2008,0.0,0.0,0.0
130700060401,2009,0.0,0.0,0.0
130700060401,2010,0.0,0.0,0.0
130700060401,2011,0.0,0.0,0.0
130700060401,2012,0.0,0.0,0.0
130700060401,2013,0.0,0.0,0.0
130700060401,2014,0.0,0.0,0.0
130700060401,2015,0.0,0.0,0.0
130700060401,2016,0.0,0.0,0.0
130700060401,2017,0.0,0.0,0.0
130700060401,2018,0.0,0.0,0.0
130700060401,2019,0.0,0.0,0.0
130700060401,2020,0.0,0.0,0.0
130700060402,2000,0.0,0.0,0.0
130700060402,2001,0.0,0.0,0.0
130700060402,2002,0.0,0.0,0.0
130700060402,2003,0.0,0.0,0.0
130700060402,2004,0.0,0.0,0.0
130700060402,2005,0.0,0.0,0.0
130700060402,2006,0.0,0.0,0.0
130700060402,2007,0.0,0.0,0.0
130700060402,2008,0.0,0.0,0.0
130700060402,2009,0.0,0.0,0.0
130700060402,2010,0.0,0.0,0.0
130700060402,2011,0.0,0.0,0.0
130700060402,2012,0.0,0.0,0.0
130700060402,2013,0.0,0.0,0.0
130700060402,2014,0.0,0.0,0.0
130700060402,2015,0.0,0.0,0.0
130700060402,2016,0.0,0.0,0.0
130700060402,2017,0.0,0.0,0.0
130700060402,2018,0.0,0.0,0.0
130700060402,2019,0.0,0.0,0.0
130700060402,2020,0.0,0.0,0.0
130700060403,2000,0.0,0.0,0.0
130700060403,2001,0.0,0.0,0.0
130700060403,2002,0.0,0.0,0.0
130700060403,2003,0.0,0.0,0.0
130700060403,2004,0.0,0.0,0.0
130700060403,2005,0.0,0.0,0.0
130700060403,2006,0.0,0.0,0.0
130700060403,2007,0.0,0.0,0.0
130700060403,2008,0.0,0.0,0.0
130700060403,2009,0.0,0.0,0.0
130700060403,2010,0.0,0.0,0.0
130700060403,2011,0.0,0.0,0.0
130700060403,2012,0.0,0.0,0.0
130700060403,2013,0.0,0.0,0.0
130700060403,2014,0.0,0.0,0.0
130700060403,2015,0.0,0.0,0.0
130700060403,2016,0.0,0.0,0.0
130700060403,2017,0.0,0.0,0.0
130700060403,2018,0.0,0.0,0.0
130700060403,2019,0.0,0.0,0.0
130700060403,2020,0.0,0.0,0.0
130700060404,2000,0.028814038,0.029372145,0.000558022
130700060404,2001,0.026355274,0.026865781,0.000510504
130700060404,2002,0.020468677,0.020865233,0.000396474
130700060404,2003,0.023470934,0.023925485,0.000454633
130700060404,2004,0.0,0.0,0.0
130700060404,2005,0.0,0.0,0.0
130700060404,2006,0.0,0.0,0.0
130700060404,2007,0.0,0.0,0.0
130700060404,2008,0.026443833,0.026955964,0.000512216
130700060404,2009,0.0,0.0,0.0
130700060404,2010,0.026802134,0.027321436,0.000519219
130700060404,2011,0.0,0.0,0.0
130700060404,2012,0.0,0.0,0.0
130700060404,2013,0.0,0.0,0.0
130700060404,2014,0.024689373,0.0251676,0.00047823
130700060404,2015,0.024036304,0.024501707,0.00046557
130700060404,2016,0.0,0.0,0.0
130700060404,2017,0.0,0.0,0.0
130700060404,2018,0.0,0.0,0.0
130700060404,2019,0.0,0.0,0.0
130700060404,2020,0.0,0.0,0.0
130700060405,2000,0.0,0.0,0.0
130700060405,2001,0.0,0.0,0.0
130700060405,2002,0.0,0.0,0.0
130700060405,2003,0.0,0.0,0.0
130700060405,2004,0.0,0.0,0.0
130700060405,2005,0.0,0.0,0.0
130700060405,2006,0.0,0.0,0.0
130700060405,2007,0.0,0.0,0.0
130700060405,2008,0.0,0.0,0.0
130700060405,2009,0.0,0.0,0.0
130700060405,2010,0.0,0.0,0.0
130700060405,2011,0.0,0.0,0.0
130700060405,2012,0.0,0.0,0.0
130700060405,2013,0.0,0.0,0.0
130700060405,2014,0.0,0.0,0.0
130700060405,2015,0.0,0.0,0.0
130700060405,2016,0.0,0.0,0.0
130700060405,2017,0.0,0.0,0.0
130700060405,2018,0.0,0.0,0.0
130700060405,2019,0.0,0.0,0.0
130700060405,2020,0.0,0.0,0.0
130700060501,2000,0.771416511,0.786357208,0.014940781
130700060501,2001,1.036890373,1.056972964,0.020082589
130700060501,2002,0.707709715,0.721416718,0.013706836
130700060501,2003,0.542722964,0.553234671,0.010511542
130700060501,2004,0.116516607,0.118773399,0.002256708
130700060501,2005,0.304629088,0.31052929,0.005900118
130700060501,2006,0.641498332,0.65392271,0.012424551
130700060501,2007,0.442813011,0.45138929,0.008576362
130700060501,2008,0.350676249,0.357468169,0.006791921
130700060501,2009,0.349048608,0.355808745,0.006760471
130700060501,2010,0.144824868,0.147629893,0.002804942
130700060501,2011,0.862162844,0.878861186,0.016698427
130700060501,2012,0.0,0.0,0.0
130700060501,2013,0.222008997,0.226308934,0.004299855
130700060501,2014,0.155459063,0.158469937,0.003010959
130700060501,2015,0.398772323,0.406495559,0.007723403
130700060501,2016,0.493444522,0.503001462,0.009557022
130700060501,2017,0.247283973,0.252073553,0.004789249
130700060501,2018,0.051196814,0.052188299,0.000991562
130700060501,2019,0.0,0.0,0.0
130700060501,2020,0.0,0.0,0.0
130700060502,2000,0.0,0.0,0.0
130700060502,2001,0.0,0.0,0.0
130700060502,2002,0.0,0.0,0.0
130700060502,2003,0.0,0.0,0.0
130700060502,2004,0.0,0.0,0.0
130700060502,2005,0.0,0.0,0.0
130700060502,2006,0.0,0.0,0.0
130700060502,2007,0.0,0.0,0.0
130700060502,2008,0.0,0.0,0.0
130700060502,2009,0.0,0.0,0.0
130700060502,2010,0.0,0.0,0.0
130700060502,2011,0.0,0.0,0.0
130700060502,2012,0.0,0.0,0.0
130700060502,2013,0.0,0.0,0.0
130700060502,2014,0.0,0.0,0.0
130700060502,2015,0.0,0.0,0.0
130700060502,2016,0.0,0.0,0.0
130700060502,2017,0.0,0.0,0.0
130700060502,2018,0.0,0.0,0.0
130700060502,2019,0.0,0.0,0.0
130700060502,2020,0.0,0.0,0.0
130700060503,2000,0.0,0.0,0.0
130700060503,2001,0.0,0.0,0.0
130700060503,2002,0.0,0.0,0.0
130700060503,2003,0.0,0.0,0.0
130700060503,2004,0.0,0.0,0.0
130700060503,2005,0.0,0.0,0.0
130700060503,2006,0.0,0.0,0.0
130700060503,2007,0.0,0.0,0.0
130700060503,2008,0.0,0.0,0.0
130700060503,2009,0.0,0.0,0.0
130700060503,2010,0.0,0.0,0.0
130700060503,2011,0.0,0.0,0.0
130700060503,2012,0.0,0.0,0.0
130700060503,2013,0.0,0.0,0.0
130700060503,2014,0.0,0.0,0.0
130700060503,2015,0.0,0.0,0.0
130700060503,2016,0.0,0.0,0.0
130700060503,2017,0.0,0.0,0.0
130700060503,2018,0.0,0.0,0.0
130700060503,2019,0.0,0.0,0.0
130700060503,2020,0.0,0.0,0.0
130700060504,2000,0.003361022,0.003426117,6.518e-05
130700060504,2001,0.00364351,0.003713981,7.0553e-05
130700060504,2002,0.002264592,0.002308468,4.3874e-05
130700060504,2003,0.002479729,0.002527699,4.8052e-05
130700060504,2004,0.002429492,0.002476705,4.7213e-05
130700060504,2005,0.000437789,0.000446145,8.441e-06
130700060504,2006,0.002668874,0.002720616,5.1575e-05
130700060504,2007,0.003034268,0.00309314,5.8868e-05
130700060504,2008,0.002813421,0.002867836,5.4418e-05
130700060504,2009,0.000441099,0.000449586,8.403e-06
130700060504,2010,0.002124178,0.002165389,4.1211e-05
130700060504,2011,0.003801518,0.003875274,7.3668e-05
130700060504,2012,0.003131139,0.003191738,6.0683e-05
130700060504,2013,0.003221474,0.003283964,6.2405e-05
130700060504,2014,0.003273252,0.00333674,6.3403e-05
130700060504,2015,0.002983784,0.003041748,5.7797e-05
130700060504,2016,0.003266757,0.003330137,6.3213e-05
130700060504,2017,0.003294411,0.00335817,6.3836e-05
130700060504,2018,0.0,0.0,0.0
130700060504,2019,0.032247433,0.032872077,0.000624474
130700060504,2020,0.077568016,0.07907003,0.001502426
130700060505,2000,1.638283691,1.670014044,0.031730183
130700060505,2001,1.965035099,2.003093858,0.038058844
130700060505,2002,1.790741011,1.825424148,0.034683052
130700060505,2003,1.580110978,1.610714562,0.030603501
130700060505,2004,1.689694139,1.722419951,0.032725975
130700060505,2005,2.650828827,2.702169978,0.051341148
130700060505,2006,1.742519395,1.776268493,0.033749101
130700060505,2007,2.075824781,2.116029312,0.040204447
130700060505,2008,1.831529303,1.867002383,0.035473079
130700060505,2009,0.7496646,0.76418417,0.014519567
130700060505,2010,0.607784575,0.619556093,0.0117716
130700060505,2011,2.595356079,2.645622827,0.050266915
130700060505,2012,2.094718243,2.135288683,0.04057044
130700060505,2013,2.867805841,2.923349553,0.055543627
130700060505,2014,2.443262132,2.49058346,0.047321079
130700060505,2015,2.463859151,2.511579099,0.047719948
130700060505,2016,2.486401828,2.534558268,0.048156522
130700060505,2017,2.581954011,2.631961367,0.050007356
130700060505,2018,1.103508249,1.124881011,0.021372674
130700060505,2019,1.171023992,1.193704258,0.022680433
130700060505,2020,2.45290223,2.50040994,0.04750788
130700060506,2000,0.235218311,0.239773954,0.004555724
130700060506,2001,0.178747025,0.182209,0.003461978
130700060506,2002,0.194979151,0.198755356,0.003776373
130700060506,2003,0.090031545,0.091775219,0.001743674
130700060506,2004,0.096165063,0.098027519,0.001862456
130700060506,2005,0.32223231,0.328473195,0.006241058
130700060506,2006,0.348631526,0.355383707,0.006752266
130700060506,2007,0.348447077,0.355195712,0.006748718
130700060506,2008,0.224063962,0.228403669,0.004339708
130700060506,2009,0.071727838,0.073117082,0.001389326
130700060506,2010,0.365134455,0.372206249,0.007071795
130700060506,2011,0.315758266,0.321873677,0.006115493
130700060506,2012,0.058107601,0.059233074,0.001125388
130700060506,2013,0.305525641,0.31144309,0.005917364
130700060506,2014,0.367424649,0.374541115,0.007116301
130700060506,2015,0.324595704,0.330882405,0.006286786
130700060506,2016,0.41012724,0.418070549,0.007943393
130700060506,2017,0.086508342,0.088183756,0.00167549
130700060506,2018,0.316922381,0.323060562,0.006138181
130700060506,2019,0.171288375,0.174605912,0.003317619
130700060506,2020,0.398477533,0.406195347,0.007717563
130700060601,2000,0.0,0.0,0.0
130700060601,2001,0.0,0.0,0.0
130700060601,2002,0.0,0.0,0.0
130700060601,2003,0.0,0.0,0.0
130700060601,2004,0.0,0.0,0.0
130700060601,2005,0.0,0.0,0.0
130700060601,2006,0.0,0.0,0.0
130700060601,2007,0.0,0.0,0.0
130700060601,2008,0.0,0.0,0.0
130700060601,2009,0.0,0.0,0.0
130700060601,2010,0.0,0.0,0.0
130700060601,2011,0.0,0.0,0.0
130700060601,2012,0.0,0.0,0.0
130700060601,2013,0.0,0.0,0.0
130700060601,2014,0.0,0.0,0.0
130700060601,2015,0.0,0.0,0.0
130700060601,2016,0.0,0.0,0.0
130700060601,2017,0.0,0.0,0.0
130700060601,2018,0.0,0.0,0.0
130700060601,2019,0.0,0.0,0.0
130700060601,2020,0.0,0.0,0.0
130700060602,2000,0.0,0.0,0.0
130700060602,2001,0.0,0.0,0.0
130700060602,2002,0.0,0.0,0.0
130700060602,2003,0.0,0.0,0.0
130700060602,2004,0.0,0.0,0.0
130700060602,2005,0.0,0.0,0.0
130700060602,2006,0.0,0.0,0.0
130700060602,2007,0.0,0.0,0.0
130700060602,2008,0.0,0.0,0.0
130700060602,2009,0.0,0.0,0.0
130700060602,2010,0.0,0.0,0.0
130700060602,2011,0.0,0.0,0.0
130700060602,2012,0.0,0.0,0.0
130700060602,2013,0.0,0.0,0.0
130700060602,2014,0.0,0.0,0.0
130700060602,2015,0.0,0.0,0.0
130700060602,2016,0.0,0.0,0.0
130700060602,2017,0.0,0.0,0.0
130700060602,2018,0.0,0.0,0.0
130700060602,2019,0.0,0.0,0.0
130700060602,2020,0.0,0.0,0.0
130700060603,2000,1.40508362,1.441111727,0.036027852
130700060603,2001,0.563342178,0.592368329,0.029026068
130700060603,2002,1.043825836,1.085057882,0.041232129
130700060603,2003,0.512653293,0.562119844,0.049466551
130700060603,2004,0.768638224,0.829167495,0.06052927
130700060603,2005,0.232866014,0.272996474,0.04013046
130700060603,2006,0.498932334,0.551306589,0.05237434
130700060603,2007,0.740142405,0.803629085,0.063486677
130700060603,2008,0.196205134,0.219714598,0.023509546
130700060603,2009,0.1500526,0.177787427,0.027734827
130700060603,2010,0.395601537,0.445497279,0.049895742
130700060603,2011,0.681190836,0.76883837,0.087647534
130700060603,2012,0.934996068,1.025215038,0.090218885
130700060603,2013,0.98608014,1.059162392,0.07308217
130700060603,2014,0.720990923,0.791427942,0.070437101
130700060603,2015,0.397182811,0.443284359,0.046101548
130700060603,2016,0.746026063,0.815328899,0.069303003
130700060603,2017,0.311224647,0.341629671,0.03040511
130700060603,2018,0.689006373,0.745677882,0.056671512
130700060603,2019,1.362997693,1.443853375,0.080855849
130700060603,2020,2.436154902,2.556301175,0.120146191
130700060604,2000,0.079185369,0.080718951,0.001533505
130700060604,2001,0.095627521,0.097479595,0.001852074
130700060604,2002,0.125191441,0.127616227,0.002424784
130700060604,2003,0.1252542,0.127680156,0.002425956
130700060604,2004,0.118356355,0.120648708,0.002292352
130700060604,2005,0.1423784,0.145135948,0.002757542
130700060604,2006,0.178505058,0.181962425,0.0034572
130700060604,2007,0.164927781,0.168293819,0.003365868
130700060604,2008,0.092453874,0.094340792,0.001886918
130700060604,2009,0.130521534,0.133049279,0.002527995
130700060604,2010,0.080777521,0.082341945,0.001564425
130700060604,2011,0.135121526,0.137738627,0.002617008
130700060604,2012,0.080323757,0.081879322,0.001555732
130700060604,2013,0.082622548,0.084222605,0.001600225
130700060604,2014,0.05942143,0.060572479,0.001150879
130700060604,2015,0.078791586,0.080317704,0.001526118
130700060604,2016,0.099305309,0.101228645,0.001923254
130700060604,2017,0.046795803,0.047702104,0.000906301
130700060604,2018,0.103000044,0.104994825,0.001995027
130700060604,2019,0.096386082,0.098252786,0.001866789
130700060604,2020,0.13061432,0.133144202,0.002529634
130700060605,2000,0.0,0.0,0.0
130700060605,2001,0.0,0.0,0.0
130700060605,2002,0.0,0.0,0.0
130700060605,2003,0.0,0.0,0.0
130700060605,2004,0.0,0.0,0.0
130700060605,2005,0.0,0.0,0.0
130700060605,2006,0.0,0.0,0.0
130700060605,2007,0.0,0.0,0.0
130700060605,2008,0.0,0.0,0.0
130700060605,2009,0.0,0.0,0.0
130700060605,2010,0.0,0.0,0.0
130700060605,2011,0.0,0.0,0.0
130700060605,2012,0.0,0.0,0.0
130700060605,2013,0.0,0.0,0.0
130700060605,2014,0.0,0.0,0.0
130700060605,2015,0.0,0.0,0.0
130700060605,2016,0.0,0.0,0.0
130700060605,2017,0.0,0.0,0.0
130700060605,2018,0.0,0.0,0.0
130700060605,2019,0.0,0.0,0.0
130700060605,2020,0.0,0.0,0.0
130700070602,2000,0.0,0.0,0.0
130700070602,2001,0.0,0.0,0.0
130700070602,2002,0.0,0.0,0.0
130700070602,2003,0.0,0.0,0.0
130700070602,2004,0.0,0.0,0.0
130700070602,2005,0.0,0.0,0.0
130700070602,2006,0.0,0.0,0.0
130700070602,2007,0.0,0.0,0.0
130700070602,2008,0.0,0.0,0.0
130700070602,2009,0.0,0.0,0.0
130700070602,2010,0.0,0.0,0.0
130700070602,2011,0.0,0.0,0.0
130700070602,2012,0.0,0.0,0.0
130700070602,2013,0.0,0.0,0.0
130700070602,2014,0.0,0.0,0.0
130700070602,2015,0.0,0.0,0.0
130700070602,2016,0.0,0.0,0.0
130700070602,2017,0.0,0.0,0.0
130700070602,2018,0.0,0.0,0.0
130700070602,2019,0.0,0.0,0.0
130700070602,2020,0.0,0.0,0.0
130700070604,2000,0.0,0.0,0.0
130700070604,2001,0.0,0.0,0.0
130700070604,2002,0.0,0.0,0.0
130700070604,2003,0.0,0.0,0.0
130700070604,2004,0.0,0.0,0.0
130700070604,2005,0.0,0.0,0.0
130700070604,2006,0.0,0.0,0.0
130700070604,2007,0.0,0.0,0.0
130700070604,2008,0.0,0.0,0.0
130700070604,2009,0.0,0.0,0.0
130700070604,2010,0.0,0.0,0.0
130700070604,2011,0.0,0.0,0.0
130700070604,2012,0.0,0.0,0.0
130700070604,2013,0.0,0.0,0.0
130700070604,2014,0.0,0.0,0.0
130700070604,2015,0.0,0.0,0.0
130700070604,2016,0.0,0.0,0.0
130700070604,2017,0.0,0.0,0.0
130700070604,2018,0.0,0.0,0.0
130700070604,2019,0.0,0.0,0.0
130700070604,2020,0.0,0.0,0.0
130700070701,2000,0.0,0.0,0.0
130700070701,2001,0.0,0.0,0.0
130700070701,2002,0.0,0.0,0.0
130700070701,2003,0.0,0.0,0.0
130700070701,2004,0.0,0.0,0.0
130700070701,2005,0.0,0.0,0.0
130700070701,2006,0.0,0.0,0.0
130700070701,2007,0.0,0.0,0.0
130700070701,2008,0.0,0.0,0.0
130700070701,2009,0.0,0.0,0.0
130700070701,2010,0.0,0.0,0.0
130700070701,2011,0.0,0.0,0.0
130700070701,2012,0.0,0.0,0.0
130700070701,2013,0.0,0.0,0.0
130700070701,2014,0.0,0.0,0.0
130700070701,2015,0.0,0.0,0.0
130700070701,2016,0.0,0.0,0.0
130700070701,2017,0.0,0.0,0.0
130700070701,2018,0.0,0.0,0.0
130700070701,2019,0.0,0.0,0.0
130700070701,2020,0.0,0.0,0.0
130700070702,2000,0.0,0.0,0.0
130700070702,2001,0.0,0.0,0.0
130700070702,2002,0.0,0.0,0.0
130700070702,2003,0.0,0.0,0.0
130700070702,2004,0.0,0.0,0.0
130700070702,2005,0.0,0.0,0.0
130700070702,2006,0.0,0.0,0.0
130700070702,2007,0.0,0.0,0.0
130700070702,2008,0.0,0.0,0.0
130700070702,2009,0.0,0.0,0.0
130700070702,2010,0.0,0.0,0.0
130700070702,2011,0.0,0.0,0.0
130700070702,2012,0.0,0.0,0.0
130700070702,2013,0.0,0.0,0.0
130700070702,2014,0.0,0.0,0.0
130700070702,2015,0.0,0.0,0.0
130700070702,2016,0.0,0.0,0.0
130700070702,2017,0.0,0.0,0.0
130700070702,2018,0.0,0.0,0.0
130700070702,2019,0.0,0.0,0.0
130700070702,2020,0.0,0.0,0.0
130700070703,2000,0.0,0.0,0.0
130700070703,2001,0.0,0.0,0.0
130700070703,2002,0.0,0.0,0.0
130700070703,2003,0.0,0.0,0.0
130700070703,2004,0.0,0.0,0.0
130700070703,2005,0.0,0.0,0.0
130700070703,2006,0.0,0.0,0.0
130700070703,2007,0.0,0.0,0.0
130700070703,2008,0.0,0.0,0.0
130700070703,2009,0.0,0.0,0.0
130700070703,2010,0.0,0.0,0.0
130700070703,2011,0.0,0.0,0.0
130700070703,2012,0.0,0.0,0.0
130700070703,2013,0.0,0.0,0.0
130700070703,2014,0.0,0.0,0.0
130700070703,2015,0.0,0.0,0.0
130700070703,2016,0.0,0.0,0.0
130700070703,2017,0.0,0.0,0.0
130700070703,2018,0.0,0.0,0.0
130700070703,2019,0.0,0.0,0.0
130700070703,2020,0.0,0.0,0.0
130700070704,2000,0.0,0.0,0.0
130700070704,2001,0.0,0.0,0.0
130700070704,2002,0.0,0.0,0.0
130700070704,2003,0.0,0.0,0.0
130700070704,2004,0.0,0.0,0.0
130700070704,2005,0.0,0.0,0.0
130700070704,2006,0.0,0.0,0.0
130700070704,2007,0.0,0.0,0.0
130700070704,2008,0.0,0.0,0.0
130700070704,2009,0.0,0.0,0.0
130700070704,2010,0.0,0.0,0.0
130700070704,2011,0.0,0.0,0.0
130700070704,2012,0.0,0.0,0.0
130700070704,2013,0.0,0.0,0.0
130700070704,2014,0.0,0.0,0.0
130700070704,2015,0.0,0.0,0.0
130700070704,2016,0.0,0.0,0.0
130700070704,2017,0.0,0.0,0.0
130700070704,2018,0.0,0.0,0.0
130700070704,2019,0.0,0.0,0.0
130700070704,2020,0.0,0.0,0.0
130700070705,2000,0.0,0.0,0.0
130700070705,2001,0.0,0.0,0.0
130700070705,2002,0.0,0.0,0.0
130700070705,2003,0.0,0.0,0.0
130700070705,2004,0.0,0.0,0.0
130700070705,2005,0.0,0.0,0.0
130700070705,2006,0.0,0.0,0.0
130700070705,2007,0.0,0.0,0.0
130700070705,2008,0.0,0.0,0.0
130700070705,2009,0.0,0.0,0.0
130700070705,2010,0.0,0.0,0.0
130700070705,2011,0.0,0.0,0.0
130700070705,2012,0.0,0.0,0.0
130700070705,2013,0.0,0.0,0.0
130700070705,2014,0.0,0.0,0.0
130700070705,2015,0.0,0.0,0.0
130700070705,2016,0.0,0.0,0.0
130700070705,2017,0.0,0.0,0.0
130700070705,2018,0.0,0.0,0.0
130700070705,2019,0.0,0.0,0.0
130700070705,2020,0.0,0.0,0.0
130700070706,2000,0.0,0.0,0.0
130700070706,2001,0.0,0.0,0.0
130700070706,2002,0.0,0.0,0.0
130700070706,2003,0.0,0.0,0.0
130700070706,2004,0.0,0.0,0.0
130700070706,2005,0.0,0.0,0.0
130700070706,2006,0.0,0.0,0.0
130700070706,2007,0.0,0.0,0.0
130700070706,2008,0.0,0.0,0.0
130700070706,2009,0.0,0.0,0.0
130700070706,2010,0.0,0.0,0.0
130700070706,2011,0.0,0.0,0.0
130700070706,2012,0.0,0.0,0.0
130700070706,2013,0.0,0.0,0.0
130700070706,2014,0.0,0.0,0.0
130700070706,2015,0.0,0.0,0.0
130700070706,2016,0.0,0.0,0.0
130700070706,2017,0.0,0.0,0.0
130700070706,2018,0.0,0.0,0.0
130700070706,2019,0.0,0.0,0.0
130700070706,2020,0.0,0.0,0.0
130700070801,2000,0.0,0.0,0.0
130700070801,2001,0.0,0.0,0.0
130700070801,2002,0.0,0.0,0.0
130700070801,2003,0.0,0.0,0.0
130700070801,2004,0.0,0.0,0.0
130700070801,2005,0.0,0.0,0.0
130700070801,2006,0.0,0.0,0.0
130700070801,2007,0.0,0.0,0.0
130700070801,2008,0.0,0.0,0.0
130700070801,2009,0.0,0.0,0.0
130700070801,2010,0.0,0.0,0.0
130700070801,2011,0.0,0.0,0.0
130700070801,2012,0.0,0.0,0.0
130700070801,2013,0.0,0.0,0.0
130700070801,2014,0.0,0.0,0.0
130700070801,2015,0.0,0.0,0.0
130700070801,2016,0.0,0.0,0.0
130700070801,2017,0.0,0.0,0.0
130700070801,2018,0.0,0.0,0.0
130700070801,2019,0.0,0.0,0.0
130700070801,2020,0.0,0.0,0.0
130700070802,2000,0.0,0.0,0.0
130700070802,2001,0.0,0.0,0.0
130700070802,2002,0.0,0.0,0.0
130700070802,2003,0.0,0.0,0.0
130700070802,2004,0.0,0.0,0.0
130700070802,2005,0.0,0.0,0.0
130700070802,2006,0.0,0.0,0.0
130700070802,2007,0.0,0.0,0.0
130700070802,2008,0.0,0.0,0.0
130700070802,2009,0.0,0.0,0.0
130700070802,2010,0.0,0.0,0.0
130700070802,2011,0.0,0.0,0.0
130700070802,2012,0.0,0.0,0.0
130700070802,2013,0.0,0.0,0.0
130700070802,2014,0.0,0.0,0.0
130700070802,2015,0.0,0.0,0.0
130700070802,2016,0.0,0.0,0.0
130700070802,2017,0.0,0.0,0.0
130700070802,2018,0.0,0.0,0.0
130700070802,2019,0.0,0.0,0.0
130700070802,2020,0.0,0.0,0.0
130700070803,2000,0.0,0.0,0.0
130700070803,2001,0.0,0.0,0.0
130700070803,2002,0.0,0.0,0.0
130700070803,2003,0.0,0.0,0.0
130700070803,2004,0.0,0.0,0.0
130700070803,2005,0.0,0.0,0.0
130700070803,2006,0.0,0.0,0.0
130700070803,2007,0.0,0.0,0.0
130700070803,2008,0.0,0.0,0.0
130700070803,2009,0.0,0.0,0.0
130700070803,2010,0.0,0.0,0.0
130700070803,2011,0.0,0.0,0.0
130700070803,2012,0.0,0.0,0.0
130700070803,2013,0.0,0.0,0.0
130700070803,2014,0.0,0.0,0.0
130700070803,2015,0.0,0.0,0.0
130700070803,2016,0.0,0.0,0.0
130700070803,2017,0.0,0.0,0.0
130700070803,2018,0.0,0.0,0.0
130700070803,2019,0.0,0.0,0.0
130700070803,2020,0.0,0.0,0.0
130700070804,2000,0.0,0.0,0.0
130700070804,2001,0.0,0.0,0.0
130700070804,2002,0.0,0.0,0.0
130700070804,2003,0.0,0.0,0.0
130700070804,2004,0.0,0.0,0.0
130700070804,2005,0.0,0.0,0.0
130700070804,2006,0.0,0.0,0.0
130700070804,2007,0.0,0.0,0.0
130700070804,2008,0.0,0.0,0.0
130700070804,2009,0.0,0.0,0.0
130700070804,2010,0.0,0.0,0.0
130700070804,2011,0.0,0.0,0.0
130700070804,2012,0.0,0.0,0.0
130700070804,2013,0.0,0.0,0.0
130700070804,2014,0.0,0.0,0.0
130700070804,2015,0.0,0.0,0.0
130700070804,2016,0.0,0.0,0.0
130700070804,2017,0.0,0.0,0.0
130700070804,2018,0.0,0.0,0.0
130700070804,2019,0.0,0.0,0.0
130700070804,2020,0.0,0.0,0.0
130700070805,2000,0.0,0.0,0.0
130700070805,2001,0.0,0.0,0.0
130700070805,2002,0.0,0.0,0.0
130700070805,2003,0.0,0.0,0.0
130700070805,2004,0.0,0.0,0.0
130700070805,2005,0.0,0.0,0.0
130700070805,2006,0.0,0.0,0.0
130700070805,2007,0.0,0.0,0.0
130700070805,2008,0.0,0.0,0.0
130700070805,2009,0.0,0.0,0.0
130700070805,2010,0.0,0.0,0.0
130700070805,2011,0.0,0.0,0.0
130700070805,2012,0.0,0.0,0.0
130700070805,2013,0.0,0.0,0.0
130700070805,2014,0.0,0.0,0.0
130700070805,2015,0.0,0.0,0.0
130700070805,2016,0.0,0.0,0.0
130700070805,2017,0.0,0.0,0.0
130700070805,2018,0.0,0.0,0.0
130700070805,2019,0.0,0.0,0.0
130700070805,2020,0.0,0.0,0.0
130700070806,2000,0.0,0.0,0.0
130700070806,2001,0.0,0.0,0.0
130700070806,2002,0.0,0.0,0.0
130700070806,2003,0.0,0.0,0.0
130700070806,2004,0.0,0.0,0.0
130700070806,2005,0.0,0.0,0.0
130700070806,2006,0.0,0.0,0.0
130700070806,2007,0.0,0.0,0.0
130700070806,2008,0.0,0.0,0.0
130700070806,2009,0.0,0.0,0.0
130700070806,2010,0.0,0.0,0.0
130700070806,2011,0.0,0.0,0.0
130700070806,2012,0.0,0.0,0.0
130700070806,2013,0.0,0.0,0.0
130700070806,2014,0.0,0.0,0.0
130700070806,2015,0.0,0.0,0.0
130700070806,2016,0.0,0.0,0.0
130700070806,2017,0.0,0.0,0.0
130700070806,2018,0.0,0.0,0.0
130700070806,2019,0.0,0.0,0.0
130700070806,2020,0.0,0.0,0.0
130700070807,2000,0.0,0.0,0.0
130700070807,2001,0.0,0.0,0.0
130700070807,2002,0.0,0.0,0.0
130700070807,2003,0.0,0.0,0.0
130700070807,2004,0.0,0.0,0.0
130700070807,2005,0.0,0.0,0.0
130700070807,2006,0.0,0.0,0.0
130700070807,2007,0.0,0.0,0.0
130700070807,2008,0.0,0.0,0.0
130700070807,2009,0.0,0.0,0.0
130700070807,2010,0.0,0.0,0.0
130700070807,2011,0.0,0.0,0.0
130700070807,2012,0.0,0.0,0.0
130700070807,2013,0.0,0.0,0.0
130700070807,2014,0.0,0.0,0.0
130700070807,2015,0.0,0.0,0.0
130700070807,2016,0.0,0.0,0.0
130700070807,2017,0.0,0.0,0.0
130700070807,2018,0.0,0.0,0.0
130700070807,2019,0.0,0.0,0.0
130700070807,2020,0.0,0.0,0.0
130700070901,2000,1.034764407,1.054805858,0.020041287
130700070901,2001,0.830397901,0.846481137,0.016083066
130700070901,2002,1.068919134,1.089621992,0.02070294
130700070901,2003,0.789849058,0.805147033,0.015297726
130700070901,2004,0.769118265,0.784014495,0.014896232
130700070901,2005,1.069528038,1.090242452,0.020714666
130700070901,2006,1.087726422,1.108793427,0.021067258
130700070901,2007,0.739023266,0.753336715,0.014313367
130700070901,2008,0.294329937,0.300030511,0.005700571
130700070901,2009,0.744968458,0.759396948,0.014428575
130700070901,2010,1.619040937,1.650398723,0.031357534
130700070901,2011,1.475023019,1.50359123,0.028568463
130700070901,2012,1.276537874,1.30126185,0.024723973
130700070901,2013,1.1092532,1.130737142,0.02148394
130700070901,2014,1.240464175,1.264489485,0.02402531
130700070901,2015,1.459277003,1.487540214,0.028263378
130700070901,2016,0.405122172,0.412968369,0.007846363
130700070901,2017,0.887646164,0.904837953,0.017191948
130700070901,2018,1.388476036,1.415367989,0.026891953
130700070901,2019,1.439980923,1.467870493,0.02788957
130700070901,2020,2.707207443,2.759640623,0.052433265
130700070902,2000,3.662998566,3.733943552,0.070944825
130700070902,2001,4.527930422,4.615627134,0.087696877
130700070902,2002,4.402283222,4.487546844,0.085263458
130700070902,2003,2.78164931,2.835524225,0.053875
130700070902,2004,2.780881492,2.834741661,0.053860169
130700070902,2005,4.095288677,4.174606137,0.079317545
130700070902,2006,4.363152058,4.447657433,0.084505545
130700070902,2007,3.6912344,3.762726186,0.071491701
130700070902,2008,3.876897609,3.95198532,0.075087795
130700070902,2009,3.669206858,3.740271967,0.071065195
130700070902,2010,4.457949216,4.544290721,0.086341419
130700070902,2011,6.3855318,6.509207038,0.123674899
130700070902,2012,4.569401751,4.657901866,0.08850003
130700070902,2013,4.905176507,5.000179712,0.095003373
130700070902,2014,3.870333025,3.945293726,0.074960616
130700070902,2015,4.228871485,4.310776301,0.081904816
130700070902,2016,4.536151634,4.624007639,0.087856085
130700070902,2017,3.245020605,3.307870129,0.062849526
130700070902,2018,5.305521959,5.408279162,0.10275737
130700070902,2019,3.756257395,3.829008411,0.072751181
130700070902,2020,5.881539776,5.995453377,0.113913601
130700070903,2000,1.251607658,1.285018098,0.033410522
130700070903,2001,1.900653847,1.967550499,0.066896658
130700070903,2002,1.093785655,1.131112573,0.037326753
130700070903,2003,1.080886633,1.124751953,0.043865408
130700070903,2004,1.366301325,1.418796781,0.052495459
130700070903,2005,1.91820689,1.98572126,0.06751454
130700070903,2006,1.693232164,1.738431433,0.045199353
130700070903,2007,1.64448963,1.698852712,0.054363332
130700070903,2008,1.67549532,1.734467205,0.058971716
130700070903,2009,2.177446951,2.242478658,0.065031874
130700070903,2010,1.532947951,1.573868408,0.040920627
130700070903,2011,2.203928104,2.281499137,0.077570868
130700070903,2012,1.784586719,1.847398383,0.062811579
130700070903,2013,1.675698323,1.73288329,0.057185052
130700070903,2014,1.805977997,1.863754241,0.057776323
130700070903,2015,1.267497945,1.294686405,0.027188463
130700070903,2016,1.268978027,1.293555516,0.024577492
130700070903,2017,1.244916285,1.271620348,0.026703901
130700070903,2018,1.452333378,1.497250795,0.044917584
130700070903,2019,1.456799912,1.503405433,0.046605603
130700070903,2020,1.388318137,1.41520718,0.026888872
130700071001,2000,0.0,0.0,0.0
130700071001,2001,0.0,0.0,0.0
130700071001,2002,0.0,0.0,0.0
130700071001,2003,0.0,0.0,0.0
130700071001,2004,0.0,0.0,0.0
130700071001,2005,0.0,0.0,0.0
130700071001,2006,0.0,0.0,0.0
130700071001,2007,0.0,0.0,0.0
130700071001,2008,0.0,0.0,0.0
130700071001,2009,0.0,0.0,0.0
130700071001,2010,0.0,0.0,0.0
130700071001,2011,0.0,0.0,0.0
130700071001,2012,0.0,0.0,0.0
130700071001,2013,0.0,0.0,0.0
130700071001,2014,0.0,0.0,0.0
130700071001,2015,0.0,0.0,0.0
130700071001,2016,0.0,0.0,0.0
130700071001,2017,0.0,0.0,0.0
130700071001,2018,0.0,0.0,0.0
130700071001,2019,0.0,0.0,0.0
130700071001,2020,0.0,0.0,0.0
130700071002,2000,0.0,0.0,0.0
130700071002,2001,0.0,0.0,0.0
130700071002,2002,0.0,0.0,0.0
130700071002,2003,0.0,0.0,0.0
130700071002,2004,0.0,0.0,0.0
130700071002,2005,0.0,0.0,0.0
130700071002,2006,0.0,0.0,0.0
130700071002,2007,0.0,0.0,0.0
130700071002,2008,0.0,0.0,0.0
130700071002,2009,0.0,0.0,0.0
130700071002,2010,0.0,0.0,0.0
130700071002,2011,0.0,0.0,0.0
130700071002,2012,0.0,0.0,0.0
130700071002,2013,0.0,0.0,0.0
130700071002,2014,0.0,0.0,0.0
130700071002,2015,0.0,0.0,0.0
130700071002,2016,0.0,0.0,0.0
130700071002,2017,0.0,0.0,0.0
130700071002,2018,0.0,0.0,0.0
130700071002,2019,0.0,0.0,0.0
130700071002,2020,0.0,0.0,0.0
130700071003,2000,0.0,0.0,0.0
130700071003,2001,0.0,0.0,0.0
130700071003,2002,0.0,0.0,0.0
130700071003,2003,0.0,0.0,0.0
130700071003,2004,0.0,0.0,0.0
130700071003,2005,0.0,0.0,0.0
130700071003,2006,0.0,0.0,0.0
130700071003,2007,0.0,0.0,0.0
130700071003,2008,0.0,0.0,0.0
130700071003,2009,0.0,0.0,0.0
130700071003,2010,0.0,0.0,0.0
130700071003,2011,0.0,0.0,0.0
130700071003,2012,0.0,0.0,0.0
130700071003,2013,0.0,0.0,0.0
130700071003,2014,0.0,0.0,0.0
130700071003,2015,0.0,0.0,0.0
130700071003,2016,0.0,0.0,0.0
130700071003,2017,0.0,0.0,0.0
130700071003,2018,0.0,0.0,0.0
130700071003,2019,0.0,0.0,0.0
130700071003,2020,0.0,0.0,0.0
130700071004,2000,0.0,0.0,0.0
130700071004,2001,0.0,0.0,0.0
130700071004,2002,0.0,0.0,0.0
130700071004,2003,0.0,0.0,0.0
130700071004,2004,0.0,0.0,0.0
130700071004,2005,0.0,0.0,0.0
130700071004,2006,0.0,0.0,0.0
130700071004,2007,0.0,0.0,0.0
130700071004,2008,0.0,0.0,0.0
130700071004,2009,0.0,0.0,0.0
130700071004,2010,0.0,0.0,0.0
130700071004,2011,0.0,0.0,0.0
130700071004,2012,0.0,0.0,0.0
130700071004,2013,0.0,0.0,0.0
130700071004,2014,0.0,0.0,0.0
130700071004,2015,0.0,0.0,0.0
130700071004,2016,0.0,0.0,0.0
130700071004,2017,0.0,0.0,0.0
130700071004,2018,0.0,0.0,0.0
130700071004,2019,0.0,0.0,0.0
130700071004,2020,0.0,0.0,0.0
130700071005,2000,0.0,0.0,0.0
130700071005,2001,0.0,0.0,0.0
130700071005,2002,0.0,0.0,0.0
130700071005,2003,0.0,0.0,0.0
130700071005,2004,0.0,0.0,0.0
130700071005,2005,0.0,0.0,0.0
130700071005,2006,0.0,0.0,0.0
130700071005,2007,0.0,0.0,0.0
130700071005,2008,0.0,0.0,0.0
130700071005,2009,0.0,0.0,0.0
130700071005,2010,0.0,0.0,0.0
130700071005,2011,0.0,0.0,0.0
130700071005,2012,0.0,0.0,0.0
130700071005,2013,0.0,0.0,0.0
130700071005,2014,0.0,0.0,0.0
130700071005,2015,0.0,0.0,0.0
130700071005,2016,0.0,0.0,0.0
130700071005,2017,0.0,0.0,0.0
130700071005,2018,0.0,0.0,0.0
130700071005,2019,0.0,0.0,0.0
130700071005,2020,0.0,0.0,0.0
130700071006,2000,0.0,0.0,0.0
130700071006,2001,0.0,0.0,0.0
130700071006,2002,0.0,0.0,0.0
130700071006,2003,0.0,0.0,0.0
130700071006,2004,0.0,0.0,0.0
130700071006,2005,0.0,0.0,0.0
130700071006,2006,0.0,0.0,0.0
130700071006,2007,0.0,0.0,0.0
130700071006,2008,0.0,0.0,0.0
130700071006,2009,0.0,0.0,0.0
130700071006,2010,0.0,0.0,0.0
130700071006,2011,0.0,0.0,0.0
130700071006,2012,0.0,0.0,0.0
130700071006,2013,0.0,0.0,0.0
130700071006,2014,0.0,0.0,0.0
130700071006,2015,0.0,0.0,0.0
130700071006,2016,0.0,0.0,0.0
130700071006,2017,0.0,0.0,0.0
130700071006,2018,0.0,0.0,0.0
130700071006,2019,0.005019123,0.007149756,0.002130636
130700071006,2020,0.0,0.0,0.0
130700071101,2000,0.0,0.0,0.0
130700071101,2001,0.0,0.0,0.0
130700071101,2002,0.0,0.0,0.0
130700071101,2003,0.0,0.0,0.0
130700071101,2004,0.0,0.0,0.0
130700071101,2005,0.0,0.0,0.0
130700071101,2006,0.0,0.0,0.0
130700071101,2007,0.0,0.0,0.0
130700071101,2008,0.0,0.0,0.0
130700071101,2009,0.0,0.0,0.0
130700071101,2010,0.0,0.0,0.0
130700071101,2011,0.0,0.0,0.0
130700071101,2012,0.0,0.0,0.0
130700071101,2013,0.0,0.0,0.0
130700071101,2014,0.0,0.0,0.0
130700071101,2015,0.0,0.0,0.0
130700071101,2016,0.0,0.0,0.0
130700071101,2017,0.0,0.0,0.0
130700071101,2018,0.0,0.0,0.0
130700071101,2019,0.0,0.0,0.0
130700071101,2020,0.0,0.0,0.0
130700071201,2000,0.0,0.0,0.0
130700071201,2001,0.0,0.0,0.0
130700071201,2002,0.0,0.0,0.0
130700071201,2003,0.0,0.0,0.0
130700071201,2004,0.0,0.0,0.0
130700071201,2005,0.0,0.0,0.0
130700071201,2006,0.0,0.0,0.0
130700071201,2007,0.0,0.0,0.0
130700071201,2008,0.0,0.0,0.0
130700071201,2009,0.0,0.0,0.0
130700071201,2010,0.0,0.0,0.0
130700071201,2011,0.0,0.0,0.0
130700071201,2012,0.0,0.0,0.0
130700071201,2013,0.0,0.0,0.0
130700071201,2014,0.0,0.0,0.0
130700071201,2015,0.0,0.0,0.0
130700071201,2016,0.0,0.0,0.0
130700071201,2017,0.0,0.0,0.0
130700071201,2018,0.0,0.0,0.0
130700071201,2019,0.263570912,0.375457367,0.11188637
130700071201,2020,0.0,0.0,0.0
130700071202,2000,0.0,0.0,0.0
130700071202,2001,0.0,0.0,0.0
130700071202,2002,0.0,0.0,0.0
130700071202,2003,0.0,0.0,0.0
130700071202,2004,0.0,0.0,0.0
130700071202,2005,0.0,0.0,0.0
130700071202,2006,0.0,0.0,0.0
130700071202,2007,0.0,0.0,0.0
130700071202,2008,0.0,0.0,0.0
130700071202,2009,0.0,0.0,0.0
130700071202,2010,0.0,0.0,0.0
130700071202,2011,0.0,0.0,0.0
130700071202,2012,0.0,0.0,0.0
130700071202,2013,0.0,0.0,0.0
130700071202,2014,0.0,0.0,0.0
130700071202,2015,0.0,0.0,0.0
130700071202,2016,0.0,0.0,0.0
130700071202,2017,0.0,0.0,0.0
130700071202,2018,0.0,0.0,0.0
130700071202,2019,5.486611162,7.815685384,2.329074222
130700071202,2020,0.0,0.0,0.0
130700071301,2000,0.0,0.0,0.0
130700071301,2001,0.0,0.0,0.0
130700071301,2002,0.0,0.0,0.0
130700071301,2003,0.0,0.0,0.0
130700071301,2004,0.0,0.0,0.0
130700071301,2005,0.0,0.0,0.0
130700071301,2006,0.0,0.0,0.0
130700071301,2007,0.0,0.0,0.0
130700071301,2008,0.0,0.0,0.0
130700071301,2009,0.0,0.0,0.0
130700071301,2010,0.0,0.0,0.0
130700071301,2011,0.0,0.0,0.0
130700071301,2012,0.0,0.0,0.0
130700071301,2013,0.0,0.0,0.0
130700071301,2014,0.0,0.0,0.0
130700071301,2015,0.0,0.0,0.0
130700071301,2016,0.0,0.0,0.0
130700071301,2017,0.0,0.0,0.0
130700071301,2018,0.0,0.0,0.0
130700071301,2019,0.024452027,0.034832085,0.010379805
130700071301,2020,0.0,0.0,0.0
130700071302,2000,0.0,0.0,0.0
130700071302,2001,0.0,0.0,0.0
130700071302,2002,0.0,0.0,0.0
130700071302,2003,0.0,0.0,0.0
130700071302,2004,0.0,0.0,0.0
130700071302,2005,0.0,0.0,0.0
130700071302,2006,0.0,0.0,0.0
130700071302,2007,0.0,0.0,0.0
130700071302,2008,0.0,0.0,0.0
130700071302,2009,0.0,0.0,0.0
130700071302,2010,0.0,0.0,0.0
130700071302,2011,0.0,0.0,0.0
130700071302,2012,0.0,0.0,0.0
130700071302,2013,0.0,0.0,0.0
130700071302,2014,0.0,0.0,0.0
130700071302,2015,0.0,0.0,0.0
130700071302,2016,0.0,0.0,0.0
130700071302,2017,0.0,0.0,0.0
130700071302,2018,0.0,0.0,0.0
130700071302,2019,0.0,0.0,0.0
130700071302,2020,0.0,0.0,0.0
130700071303,2000,0.0,0.0,0.0
130700071303,2001,0.0,0.0,0.0
130700071303,2002,0.0,0.0,0.0
130700071303,2003,0.0,0.0,0.0
130700071303,2004,0.0,0.0,0.0
130700071303,2005,0.0,0.0,0.0
130700071303,2006,0.0,0.0,0.0
130700071303,2007,0.0,0.0,0.0
130700071303,2008,0.0,0.0,0.0
130700071303,2009,0.0,0.0,0.0
130700071303,2010,0.0,0.0,0.0
130700071303,2011,0.0,0.0,0.0
130700071303,2012,0.0,0.0,0.0
130700071303,2013,0.0,0.0,0.0
130700071303,2014,0.0,0.0,0.0
130700071303,2015,0.0,0.0,0.0
130700071303,2016,0.0,0.0,0.0
130700071303,2017,0.0,0.0,0.0
130700071303,2018,0.0,0.0,0.0
130700071303,2019,0.648120589,0.923248551,0.275127962
130700071303,2020,0.0,0.0,0.0
130700071304,2000,0.0,0.0,0.0
130700071304,2001,0.0,0.0,0.0
130700071304,2002,0.0,0.0,0.0
130700071304,2003,0.0,0.0,0.0
130700071304,2004,0.0,0.0,0.0
130700071304,2005,0.0,0.0,0.0
130700071304,2006,0.0,0.0,0.0
130700071304,2007,0.0,0.0,0.0
130700071304,2008,0.0,0.0,0.0
130700071304,2009,0.0,0.0,0.0
130700071304,2010,0.0,0.0,0.0
130700071304,2011,0.0,0.0,0.0
130700071304,2012,0.0,0.0,0.0
130700071304,2013,0.0,0.0,0.0
130700071304,2014,0.0,0.0,0.0
130700071304,2015,0.0,0.0,0.0
130700071304,2016,0.0,0.0,0.0
130700071304,2017,0.0,0.0,0.0
130700071304,2018,0.0,0.0,0.0
130700071304,2019,4.365735137,6.218995953,1.853260732
130700071304,2020,0.0,0.0,0.0
130700071305,2000,0.0,0.0,0.0
130700071305,2001,0.0,0.0,0.0
130700071305,2002,0.0,0.0,0.0
130700071305,2003,0.0,0.0,0.0
130700071305,2004,0.0,0.0,0.0
130700071305,2005,0.0,0.0,0.0
130700071305,2006,0.0,0.0,0.0
130700071305,2007,0.0,0.0,0.0
130700071305,2008,0.0,0.0,0.0
130700071305,2009,0.0,0.0,0.0
130700071305,2010,0.0,0.0,0.0
130700071305,2011,0.0,0.0,0.0
130700071305,2012,0.0,0.0,0.0
130700071305,2013,0.0,0.0,0.0
130700071305,2014,0.0,0.0,0.0
130700071305,2015,0.0,0.0,0.0
130700071305,2016,0.0,0.0,0.0
130700071305,2017,0.0,0.0,0.0
130700071305,2018,0.0,0.0,0.0
130700071305,2019,2.103884885,2.996987205,0.893102066
130700071305,2020,0.0,0.0,0.0
130700071401,2000,0.0,0.0,0.0
130700071401,2001,0.0,0.0,0.0
130700071401,2002,0.0,0.0,0.0
130700071401,2003,0.0,0.0,0.0
130700071401,2004,0.0,0.0,0.0
130700071401,2005,0.0,0.0,0.0
130700071401,2006,0.0,0.0,0.0
130700071401,2007,0.0,0.0,0.0
130700071401,2008,0.0,0.0,0.0
130700071401,2009,0.0,0.0,0.0
130700071401,2010,0.0,0.0,0.0
130700071401,2011,0.0,0.0,0.0
130700071401,2012,0.0,0.0,0.0
130700071401,2013,0.0,0.0,0.0
130700071401,2014,0.0,0.0,0.0
130700071401,2015,0.0,0.0,0.0
130700071401,2016,0.0,0.0,0.0
130700071401,2017,0.0,0.0,0.0
130700071401,2018,0.0,0.0,0.0
130700071401,2019,0.0,0.0,0.0
130700071401,2020,0.0,0.0,0.0
130700071402,2000,0.0,0.0,0.0
130700071402,2001,0.0,0.0,0.0
130700071402,2002,0.0,0.0,0.0
130700071402,2003,0.0,0.0,0.0
130700071402,2004,0.0,0.0,0.0
130700071402,2005,0.0,0.0,0.0
130700071402,2006,0.0,0.0,0.0
130700071402,2007,0.0,0.0,0.0
130700071402,2008,0.0,0.0,0.0
130700071402,2009,0.0,0.0,0.0
130700071402,2010,0.0,0.0,0.0
130700071402,2011,0.0,0.0,0.0
130700071402,2012,0.0,0.0,0.0
130700071402,2013,0.0,0.0,0.0
130700071402,2014,0.0,0.0,0.0
130700071402,2015,0.0,0.0,0.0
130700071402,2016,0.0,0.0,0.0
130700071402,2017,0.0,0.0,0.0
130700071402,2018,0.0,0.0,0.0
130700071402,2019,0.0,0.0,0.0
130700071402,2020,0.0,0.0,0.0
130700071403,2000,0.0,0.0,0.0
130700071403,2001,0.0,0.0,0.0
130700071403,2002,0.0,0.0,0.0
130700071403,2003,0.0,0.0,0.0
130700071403,2004,0.0,0.0,0.0
130700071403,2005,0.0,0.0,0.0
130700071403,2006,0.0,0.0,0.0
130700071403,2007,0.0,0.0,0.0
130700071403,2008,0.0,0.0,0.0
130700071403,2009,0.0,0.0,0.0
130700071403,2010,0.0,0.0,0.0
130700071403,2011,0.0,0.0,0.0
130700071403,2012,0.0,0.0,0.0
130700071403,2013,0.0,0.0,0.0
130700071403,2014,0.0,0.0,0.0
130700071403,2015,0.0,0.0,0.0
130700071403,2016,0.0,0.0,0.0
130700071403,2017,0.0,0.0,0.0
130700071403,2018,0.0,0.0,0.0
130700071403,2019,0.0,0.0,0.0
130700071403,2020,0.0,0.0,0.0
130700071404,2000,0.0,0.0,0.0
130700071404,2001,0.0,0.0,0.0
130700071404,2002,0.0,0.0,0.0
130700071404,2003,0.0,0.0,0.0
130700071404,2004,0.0,0.0,0.0
130700071404,2005,0.0,0.0,0.0
130700071404,2006,0.0,0.0,0.0
130700071404,2007,0.0,0.0,0.0
130700071404,2008,0.0,0.0,0.0
130700071404,2009,0.0,0.0,0.0
130700071404,2010,0.0,0.0,0.0
130700071404,2011,0.0,0.0,0.0
130700071404,2012,0.0,0.0,0.0
130700071404,2013,0.0,0.0,0.0
130700071404,2014,0.0,0.0,0.0
130700071404,2015,0.0,0.0,0.0
130700071404,2016,0.0,0.0,0.0
130700071404,2017,0.0,0.0,0.0
130700071404,2018,0.0,0.0,0.0
130700071404,2019,0.0,0.0,0.0
130700071404,2020,0.0,0.0,0.0
130700071405,2000,0.0,0.0,0.0
130700071405,2001,0.0,0.0,0.0
130700071405,2002,0.0,0.0,0.0
130700071405,2003,0.0,0.0,0.0
130700071405,2004,0.0,0.0,0.0
130700071405,2005,0.0,0.0,0.0
130700071405,2006,0.0,0.0,0.0
130700071405,2007,0.0,0.0,0.0
130700071405,2008,0.0,0.0,0.0
130700071405,2009,0.0,0.0,0.0
130700071405,2010,0.0,0.0,0.0
130700071405,2011,0.0,0.0,0.0
130700071405,2012,0.0,0.0,0.0
130700071405,2013,0.0,0.0,0.0
130700071405,2014,0.0,0.0,0.0
130700071405,2015,0.0,0.0,0.0
130700071405,2016,0.0,0.0,0.0
130700071405,2017,0.0,0.0,0.0
130700071405,2018,0.0,0.0,0.0
130700071405,2019,0.0,0.0,0.0
130700071405,2020,0.0,0.0,0.0
130700071406,2000,0.0,0.0,0.0
130700071406,2001,0.0,0.0,0.0
130700071406,2002,0.0,0.0,0.0
130700071406,2003,0.0,0.0,0.0
130700071406,2004,0.0,0.0,0.0
130700071406,2005,0.0,0.0,0.0
130700071406,2006,0.0,0.0,0.0
130700071406,2007,0.0,0.0,0.0
130700071406,2008,0.0,0.0,0.0
130700071406,2009,0.0,0.0,0.0
130700071406,2010,0.0,0.0,0.0
130700071406,2011,0.0,0.0,0.0
130700071406,2012,0.0,0.0,0.0
130700071406,2013,0.0,0.0,0.0
130700071406,2014,0.0,0.0,0.0
130700071406,2015,0.0,0.0,0.0
130700071406,2016,0.0,0.0,0.0
130700071406,2017,0.0,0.0,0.0
130700071406,2018,0.0,0.0,0.0
130700071406,2019,0.0,0.0,0.0
130700071406,2020,0.0,0.0,0.0
130700071501,2000,0.0,0.0,0.0
130700071501,2001,0.0,0.0,0.0
130700071501,2002,0.0,0.0,0.0
130700071501,2003,0.0,0.0,0.0
130700071501,2004,0.0,0.0,0.0
130700071501,2005,0.0,0.0,0.0
130700071501,2006,0.0,0.0,0.0
130700071501,2007,0.0,0.0,0.0
130700071501,2008,0.0,0.0,0.0
130700071501,2009,0.0,0.0,0.0
130700071501,2010,0.0,0.0,0.0
130700071501,2011,0.0,0.0,0.0
130700071501,2012,0.0,0.0,0.0
130700071501,2013,0.0,0.0,0.0
130700071501,2014,0.0,0.0,0.0
130700071501,2015,0.0,0.0,0.0
130700071501,2016,0.0,0.0,0.0
130700071501,2017,0.0,0.0,0.0
130700071501,2018,0.0,0.0,0.0
130700071501,2019,0.0,0.0,0.0
130700071501,2020,0.0,0.0,0.0
130700071502,2000,0.0,0.0,0.0
130700071502,2001,0.0,0.0,0.0
130700071502,2002,0.0,0.0,0.0
130700071502,2003,0.0,0.0,0.0
130700071502,2004,0.0,0.0,0.0
130700071502,2005,0.0,0.0,0.0
130700071502,2006,0.0,0.0,0.0
130700071502,2007,0.0,0.0,0.0
130700071502,2008,0.0,0.0,0.0
130700071502,2009,0.0,0.0,0.0
130700071502,2010,0.0,0.0,0.0
130700071502,2011,0.0,0.0,0.0
130700071502,2012,0.0,0.0,0.0
130700071502,2013,0.0,0.0,0.0
130700071502,2014,0.0,0.0,0.0
130700071502,2015,0.0,0.0,0.0
130700071502,2016,0.0,0.0,0.0
130700071502,2017,0.0,0.0,0.0
130700071502,2018,0.0,0.0,0.0
130700071502,2019,0.0,0.0,0.0
130700071502,2020,0.0,0.0,0.0
130700071503,2000,0.0,0.0,0.0
130700071503,2001,0.0,0.0,0.0
130700071503,2002,0.0,0.0,0.0
130700071503,2003,0.0,0.0,0.0
130700071503,2004,0.0,0.0,0.0
130700071503,2005,0.0,0.0,0.0
130700071503,2006,0.0,0.0,0.0
130700071503,2007,0.0,0.0,0.0
130700071503,2008,0.0,0.0,0.0
130700071503,2009,0.0,0.0,0.0
130700071503,2010,0.0,0.0,0.0
130700071503,2011,0.0,0.0,0.0
130700071503,2012,0.0,0.0,0.0
130700071503,2013,0.0,0.0,0.0
130700071503,2014,0.0,0.0,0.0
130700071503,2015,0.0,0.0,0.0
130700071503,2016,0.0,0.0,0.0
130700071503,2017,0.0,0.0,0.0
130700071503,2018,0.0,0.0,0.0
130700071503,2019,0.0,0.0,0.0
130700071503,2020,0.0,0.0,0.0
130700071504,2000,0.0,0.0,0.0
130700071504,2001,0.0,0.0,0.0
130700071504,2002,0.0,0.0,0.0
130700071504,2003,0.0,0.0,0.0
130700071504,2004,0.0,0.0,0.0
130700071504,2005,0.0,0.0,0.0
130700071504,2006,0.0,0.0,0.0
130700071504,2007,0.0,0.0,0.0
130700071504,2008,0.0,0.0,0.0
130700071504,2009,0.0,0.0,0.0
130700071504,2010,0.0,0.0,0.0
130700071504,2011,0.0,0.0,0.0
130700071504,2012,0.0,0.0,0.0
130700071504,2013,0.0,0.0,0.0
130700071504,2014,0.0,0.0,0.0
130700071504,2015,0.0,0.0,0.0
130700071504,2016,0.0,0.0,0.0
130700071504,2017,0.0,0.0,0.0
130700071504,2018,0.0,0.0,0.0
130700071504,2019,0.0,0.0,0.0
130700071504,2020,0.0,0.0,0.0
130700071505,2000,0.0,0.0,0.0
130700071505,2001,0.0,0.0,0.0
130700071505,2002,0.0,0.0,0.0
130700071505,2003,0.0,0.0,0.0
130700071505,2004,0.0,0.0,0.0
130700071505,2005,0.0,0.0,0.0
130700071505,2006,0.0,0.0,0.0
130700071505,2007,0.0,0.0,0.0
130700071505,2008,0.0,0.0,0.0
130700071505,2009,0.0,0.0,0.0
130700071505,2010,0.0,0.0,0.0
130700071505,2011,0.0,0.0,0.0
130700071505,2012,0.0,0.0,0.0
130700071505,2013,0.0,0.0,0.0
130700071505,2014,0.0,0.0,0.0
130700071505,2015,0.0,0.0,0.0
130700071505,2016,0.0,0.0,0.0
130700071505,2017,0.0,0.0,0.0
130700071505,2018,0.0,0.0,0.0
130700071505,2019,0.02165511,0.030847784,0.009192592
130700071505,2020,0.0,0.0,0.0
130700071506,2000,0.0,0.0,0.0
130700071506,2001,0.0,0.0,0.0
130700071506,2002,0.0,0.0,0.0
130700071506,2003,0.0,0.0,0.0
130700071506,2004,0.0,0.0,0.0
130700071506,2005,0.0,0.0,0.0
130700071506,2006,0.0,0.0,0.0
130700071506,2007,0.0,0.0,0.0
130700071506,2008,0.0,0.0,0.0
130700071506,2009,0.0,0.0,0.0
130700071506,2010,0.0,0.0,0.0
130700071506,2011,0.0,0.0,0.0
130700071506,2012,0.0,0.0,0.0
130700071506,2013,0.0,0.0,0.0
130700071506,2014,0.0,0.0,0.0
130700071506,2015,0.0,0.0,0.0
130700071506,2016,0.0,0.0,0.0
130700071506,2017,0.0,0.0,0.0
130700071506,2018,0.0,0.0,0.0
130700071506,2019,0.0,0.0,0.0
130700071506,2020,0.0,0.0,0.0
130700071601,2000,0.0,0.0,0.0
130700071601,2001,0.0,0.0,0.0
130700071601,2002,0.0,0.0,0.0
130700071601,2003,0.0,0.0,0.0
130700071601,2004,0.0,0.0,0.0
130700071601,2005,0.0,0.0,0.0
130700071601,2006,0.0,0.0,0.0
130700071601,2007,0.0,0.0,0.0
130700071601,2008,0.0,0.0,0.0
130700071601,2009,0.0,0.0,0.0
130700071601,2010,0.0,0.0,0.0
130700071601,2011,0.0,0.0,0.0
130700071601,2012,0.0,0.0,0.0
130700071601,2013,0.0,0.0,0.0
130700071601,2014,0.0,0.0,0.0
130700071601,2015,0.0,0.0,0.0
130700071601,2016,0.0,0.0,0.0
130700071601,2017,0.0,0.0,0.0
130700071601,2018,0.0,0.0,0.0
130700071601,2019,0.0,0.0,0.0
130700071601,2020,0.0,0.0,0.0
130700071602,2000,0.0,0.0,0.0
130700071602,2001,0.0,0.0,0.0
130700071602,2002,0.0,0.0,0.0
130700071602,2003,0.0,0.0,0.0
130700071602,2004,0.0,0.0,0.0
130700071602,2005,0.0,0.0,0.0
130700071602,2006,0.0,0.0,0.0
130700071602,2007,0.0,0.0,0.0
130700071602,2008,0.0,0.0,0.0
130700071602,2009,0.0,0.0,0.0
130700071602,2010,0.0,0.0,0.0
130700071602,2011,0.0,0.0,0.0
130700071602,2012,0.0,0.0,0.0
130700071602,2013,0.0,0.0,0.0
130700071602,2014,0.0,0.0,0.0
130700071602,2015,0.0,0.0,0.0
130700071602,2016,0.0,0.0,0.0
130700071602,2017,0.0,0.0,0.0
130700071602,2018,0.0,0.0,0.0
130700071602,2019,0.0,0.0,0.0
130700071602,2020,0.0,0.0,0.0
130700071603,2000,0.0,0.0,0.0
130700071603,2001,0.0,0.0,0.0
130700071603,2002,0.0,0.0,0.0
130700071603,2003,0.0,0.0,0.0
130700071603,2004,0.0,0.0,0.0
130700071603,2005,0.0,0.0,0.0
130700071603,2006,0.0,0.0,0.0
130700071603,2007,0.0,0.0,0.0
130700071603,2008,0.0,0.0,0.0
130700071603,2009,0.0,0.0,0.0
130700071603,2010,0.0,0.0,0.0
130700071603,2011,0.0,0.0,0.0
130700071603,2012,0.0,0.0,0.0
130700071603,2013,0.0,0.0,0.0
130700071603,2014,0.0,0.0,0.0
130700071603,2015,0.0,0.0,0.0
130700071603,2016,0.0,0.0,0.0
130700071603,2017,0.0,0.0,0.0
130700071603,2018,0.0,0.0,0.0
130700071603,2019,0.0,0.0,0.0
130700071603,2020,0.0,0.0,0.0
130700071701,2000,0.0,0.0,0.0
130700071701,2001,0.0,0.0,0.0
130700071701,2002,0.0,0.0,0.0
130700071701,2003,0.0,0.0,0.0
130700071701,2004,0.0,0.0,0.0
130700071701,2005,0.0,0.0,0.0
130700071701,2006,0.0,0.0,0.0
130700071701,2007,0.0,0.0,0.0
130700071701,2008,0.0,0.0,0.0
130700071701,2009,0.0,0.0,0.0
130700071701,2010,0.0,0.0,0.0
130700071701,2011,0.0,0.0,0.0
130700071701,2012,0.0,0.0,0.0
130700071701,2013,0.0,0.0,0.0
130700071701,2014,0.0,0.0,0.0
130700071701,2015,0.0,0.0,0.0
130700071701,2016,0.0,0.0,0.0
130700071701,2017,0.0,0.0,0.0
130700071701,2018,0.0,0.0,0.0
130700071701,2019,0.0,0.0,0.0
130700071701,2020,0.0,0.0,0.0
130700071702,2000,0.0,0.0,0.0
130700071702,2001,0.0,0.0,0.0
130700071702,2002,0.0,0.0,0.0
130700071702,2003,0.0,0.0,0.0
130700071702,2004,0.0,0.0,0.0
130700071702,2005,0.0,0.0,0.0
130700071702,2006,0.0,0.0,0.0
130700071702,2007,0.0,0.0,0.0
130700071702,2008,0.0,0.0,0.0
130700071702,2009,0.0,0.0,0.0
130700071702,2010,0.0,0.0,0.0
130700071702,2011,0.0,0.0,0.0
130700071702,2012,0.0,0.0,0.0
130700071702,2013,0.0,0.0,0.0
130700071702,2014,0.0,0.0,0.0
130700071702,2015,0.0,0.0,0.0
130700071702,2016,0.0,0.0,0.0
130700071702,2017,0.0,0.0,0.0
130700071702,2018,0.0,0.0,0.0
130700071702,2019,0.0,0.0,0.0
130700071702,2020,0.0,0.0,0.0
130700071703,2000,0.0,0.0,0.0
130700071703,2001,0.107264107,0.109341455,0.002077348
130700071703,2002,0.083964868,0.085590986,0.001626118
130700071703,2003,0.096639512,0.098511395,0.00187163
130700071703,2004,0.007284213,0.007425393,0.000141098
130700071703,2005,0.106684707,0.108750753,0.002066381
130700071703,2006,0.077951395,0.079461214,0.001509822
130700071703,2007,0.0,0.0,0.0
130700071703,2008,0.103561071,0.105566891,0.002005568
130700071703,2009,0.103775603,0.105785614,0.002009852
130700071703,2010,0.10551651,0.107560049,0.002043622
130700071703,2011,0.144194151,0.146986871,0.002792553
130700071703,2012,0.117917546,0.120201046,0.002283833
130700071703,2013,0.081584411,0.083164627,0.001580132
130700071703,2014,0.082391545,0.083987375,0.001595742
130700071703,2015,0.090827811,0.092586786,0.001759142
130700071703,2016,0.112563836,0.114744074,0.002180235
130700071703,2017,0.0,0.0,0.0
130700071703,2018,0.0,0.0,0.0
130700071703,2019,0.0,0.0,0.0
130700071703,2020,0.0,0.0,0.0
130700071704,2000,0.0,0.0,0.0
130700071704,2001,0.0,0.0,0.0
130700071704,2002,0.0,0.0,0.0
130700071704,2003,0.0,0.0,0.0
130700071704,2004,0.0,0.0,0.0
130700071704,2005,0.0,0.0,0.0
130700071704,2006,0.0,0.0,0.0
130700071704,2007,0.0,0.0,0.0
130700071704,2008,0.0,0.0,0.0
130700071704,2009,0.0,0.0,0.0
130700071704,2010,0.0,0.0,0.0
130700071704,2011,0.0,0.0,0.0
130700071704,2012,0.0,0.0,0.0
130700071704,2013,0.0,0.0,0.0
130700071704,2014,0.0,0.0,0.0
130700071704,2015,0.0,0.0,0.0
130700071704,2016,0.0,0.0,0.0
130700071704,2017,0.0,0.0,0.0
130700071704,2018,0.0,0.0,0.0
130700071704,2019,0.0,0.0,0.0
130700071704,2020,0.0,0.0,0.0
130700071705,2000,1.815562964,1.850726694,0.035163811
130700071705,2001,1.332690025,1.358501655,0.025811534
130700071705,2002,3.095481471,3.155434912,0.059953271
130700071705,2003,1.993070203,2.031671877,0.038601759
130700071705,2004,3.095928495,3.155890426,0.059962016
130700071705,2005,1.573344277,1.603816729,0.030472704
130700071705,2006,2.467931948,2.515730847,0.047798984
130700071705,2007,1.730979693,1.764505392,0.033525619
130700071705,2008,1.43654382,1.464366738,0.027823
130700071705,2009,2.08809923,2.128541611,0.040442296
130700071705,2010,3.367088244,3.432301907,0.065213833
130700071705,2011,3.958218674,4.034881419,0.076662668
130700071705,2012,2.520291492,2.569104391,0.048812896
130700071705,2013,3.617353238,3.687414148,0.070060658
130700071705,2014,3.373519995,3.438858384,0.065338389
130700071705,2015,1.906596151,1.943523197,0.036926964
130700071705,2016,3.686753131,3.758158281,0.071404986
130700071705,2017,0.950911137,0.969328323,0.018417271
130700071705,2018,1.949986795,1.987754025,0.037767233
130700071705,2019,1.745750595,1.779562323,0.033811644
130700071705,2020,1.717079156,1.750335495,0.033256254
130700071706,2000,0.0,0.0,0.0
130700071706,2001,0.0,0.0,0.0
130700071706,2002,0.0,0.0,0.0
130700071706,2003,0.0,0.0,0.0
130700071706,2004,0.0,0.0,0.0
130700071706,2005,0.0,0.0,0.0
130700071706,2006,0.0,0.0,0.0
130700071706,2007,0.0,0.0,0.0
130700071706,2008,0.0,0.0,0.0
130700071706,2009,0.0,0.0,0.0
130700071706,2010,0.0,0.0,0.0
130700071706,2011,0.0,0.0,0.0
130700071706,2012,0.0,0.0,0.0
130700071706,2013,0.0,0.0,0.0
130700071706,2014,0.0,0.0,0.0
130700071706,2015,0.0,0.0,0.0
130700071706,2016,0.0,0.0,0.0
130700071706,2017,0.0,0.0,0.0
130700071706,2018,0.0,0.0,0.0
130700071706,2019,0.0,0.0,0.0
130700071706,2020,0.0,0.0,0.0
130700071707,2000,0.0,0.0,0.0
130700071707,2001,0.0,0.0,0.0
130700071707,2002,0.0,0.0,0.0
130700071707,2003,0.0,0.0,0.0
130700071707,2004,0.0,0.0,0.0
130700071707,2005,0.0,0.0,0.0
130700071707,2006,0.0,0.0,0.0
130700071707,2007,0.0,0.0,0.0
130700071707,2008,0.0,0.0,0.0
130700071707,2009,0.0,0.0,0.0
130700071707,2010,0.0,0.0,0.0
130700071707,2011,0.0,0.0,0.0
130700071707,2012,0.0,0.0,0.0
130700071707,2013,0.0,0.0,0.0
130700071707,2014,0.0,0.0,0.0
130700071707,2015,0.0,0.0,0.0
130700071707,2016,0.0,0.0,0.0
130700071707,2017,0.0,0.0,0.0
130700071707,2018,0.0,0.0,0.0
130700071707,2019,0.0,0.0,0.0
130700071707,2020,0.0,0.0,0.0
130700071708,2000,0.02675724,0.027275596,0.000518355
130700071708,2001,0.092975907,0.094776742,0.001800836
130700071708,2002,0.07216751,0.073565074,0.001397901
130700071708,2003,0.108827816,0.110935597,0.002107866
130700071708,2004,0.066024213,0.067302885,0.001278839
130700071708,2005,0.037679449,0.038409323,0.000729951
130700071708,2006,0.202706104,0.206632093,0.003925992
130700071708,2007,0.029875321,0.030453973,0.000578482
130700071708,2008,0.0,0.0,0.0
130700071708,2009,0.037296926,0.038019121,0.000722277
130700071708,2010,0.0,0.0,0.0
130700071708,2011,0.008041699,0.008197458,0.000155841
130700071708,2012,0.0,0.0,0.0
130700071708,2013,0.128784518,0.131278767,0.002494416
130700071708,2014,0.055545611,0.056621499,0.001075803
130700071708,2015,0.031619923,0.032232036,0.000612367
130700071708,2016,0.111542702,0.113703216,0.002160432
130700071708,2017,0.194545099,0.198313027,0.003768011
130700071708,2018,0.035395616,0.036080967,0.000685518
130700071708,2019,0.0,0.0,0.0
130700071708,2020,0.063996383,0.065235869,0.001239568
130700071709,2000,15.134133429,15.427251167,0.293117825
130700071709,2001,16.427843575,16.746017986,0.318174321
130700071709,2002,14.268849334,14.545208293,0.276359123
130700071709,2003,14.02274323,14.294335433,0.271592458
130700071709,2004,12.290254022,12.528291664,0.238037639
130700071709,2005,13.773279079,14.040039668,0.266760751
130700071709,2006,15.82189731,16.128335545,0.306438321
130700071709,2007,10.178059888,10.375188512,0.19712854
130700071709,2008,13.089709161,13.343230328,0.253521167
130700071709,2009,15.130406173,15.423451792,0.293045619
130700071709,2010,14.008011115,14.279318088,0.271307142
130700071709,2011,20.811570874,21.214649351,0.40307831
130700071709,2012,16.469784314,16.788771115,0.318986724
130700071709,2013,15.913159427,16.221365627,0.308205866
130700071709,2014,14.918764822,15.207711277,0.288946458
130700071709,2015,13.127327682,13.381577614,0.254249932
130700071709,2016,14.494464948,14.775193634,0.280728847
130700071709,2017,13.027604663,13.279923241,0.252318586
130700071709,2018,10.846961825,11.057045545,0.210083973
130700071709,2019,11.429849408,11.651222564,0.221373323
130700071709,2020,14.13052994,14.404209689,0.273679997
130700071801,2000,0.0,0.0,0.0
130700071801,2001,0.0,0.0,0.0
130700071801,2002,0.0,0.0,0.0
130700071801,2003,0.0,0.0,0.0
130700071801,2004,0.0,0.0,0.0
130700071801,2005,0.0,0.0,0.0
130700071801,2006,0.0,0.0,0.0
130700071801,2007,0.0,0.0,0.0
130700071801,2008,0.0,0.0,0.0
130700071801,2009,0.0,0.0,0.0
130700071801,2010,0.0,0.0,0.0
130700071801,2011,0.0,0.0,0.0
130700071801,2012,0.0,0.0,0.0
130700071801,2013,0.0,0.0,0.0
130700071801,2014,0.0,0.0,0.0
130700071801,2015,0.0,0.0,0.0
130700071801,2016,0.0,0.0,0.0
130700071801,2017,0.0,0.0,0.0
130700071801,2018,0.0,0.0,0.0
130700071801,2019,0.0,0.0,0.0
130700071801,2020,0.0,0.0,0.0
130700071802,2000,0.456118672,0.46495274,0.00883415
130700071802,2001,0.342772611,0.349411307,0.006638945
130700071802,2002,0.321668723,0.327898816,0.00623026
130700071802,2003,0.376761838,0.38405869,0.007297104
130700071802,2004,0.286125653,0.291667227,0.005541658
130700071802,2005,0.390767345,0.39833569,0.00756851
130700071802,2006,0.477160151,0.486401827,0.009241592
130700071802,2007,0.339717049,0.346296526,0.006579647
130700071802,2008,0.404368235,0.412200093,0.007831858
130700071802,2009,0.449169137,0.457868595,0.008699449
130700071802,2010,0.178512389,0.181969814,0.003457592
130700071802,2011,0.0,0.0,0.0
130700071802,2012,0.380074746,0.387436066,0.007361238
130700071802,2013,0.179371575,0.18284569,0.0034742
130700071802,2014,0.305686556,0.311606923,0.005920534
130700071802,2015,0.310359932,0.316370849,0.006010918
130700071802,2016,0.380455183,0.387823749,0.007368653
130700071802,2017,0.422758455,0.43094623,0.008187863
130700071802,2018,0.263921797,0.269033392,0.005111595
130700071802,2019,0.254931099,0.2598686,0.004937419
130700071802,2020,0.310481721,0.316495112,0.006013391
130700071803,2000,0.0,0.0,0.0
130700071803,2001,0.0,0.0,0.0
130700071803,2002,0.0,0.0,0.0
130700071803,2003,0.0,0.0,0.0
130700071803,2004,0.0,0.0,0.0
130700071803,2005,0.0,0.0,0.0
130700071803,2006,0.0,0.0,0.0
130700071803,2007,0.0,0.0,0.0
130700071803,2008,0.0,0.0,0.0
130700071803,2009,0.0,0.0,0.0
130700071803,2010,0.0,0.0,0.0
130700071803,2011,0.0,0.0,0.0
130700071803,2012,0.0,0.0,0.0
130700071803,2013,0.0,0.0,0.0
130700071803,2014,0.0,0.0,0.0
130700071803,2015,0.0,0.0,0.0
130700071803,2016,0.0,0.0,0.0
130700071803,2017,0.0,0.0,0.0
130700071803,2018,0.0,0.0,0.0
130700071803,2019,0.0,0.0,0.0
130700071803,2020,0.0,0.0,0.0
130700071804,2000,0.0,0.0,0.0
130700071804,2001,0.0,0.0,0.0
130700071804,2002,0.0,0.0,0.0
130700071804,2003,0.0,0.0,0.0
130700071804,2004,0.0,0.0,0.0
130700071804,2005,0.0,0.0,0.0
130700071804,2006,0.0,0.0,0.0
130700071804,2007,0.0,0.0,0.0
130700071804,2008,0.0,0.0,0.0
130700071804,2009,0.0,0.0,0.0
130700071804,2010,0.0,0.0,0.0
130700071804,2011,0.0,0.0,0.0
130700071804,2012,0.0,0.0,0.0
130700071804,2013,0.0,0.0,0.0
130700071804,2014,0.0,0.0,0.0
130700071804,2015,0.0,0.0,0.0
130700071804,2016,0.0,0.0,0.0
130700071804,2017,0.0,0.0,0.0
130700071804,2018,0.0,0.0,0.0
130700071804,2019,0.0,0.0,0.0
130700071804,2020,0.0,0.0,0.0
130700071805,2000,0.0,0.0,0.0
130700071805,2001,0.0,0.0,0.0
130700071805,2002,0.0,0.0,0.0
130700071805,2003,0.0,0.0,0.0
130700071805,2004,0.0,0.0,0.0
130700071805,2005,0.0,0.0,0.0
130700071805,2006,0.0,0.0,0.0
130700071805,2007,0.0,0.0,0.0
130700071805,2008,0.0,0.0,0.0
130700071805,2009,0.0,0.0,0.0
130700071805,2010,0.0,0.0,0.0
130700071805,2011,0.0,0.0,0.0
130700071805,2012,0.0,0.0,0.0
130700071805,2013,0.0,0.0,0.0
130700071805,2014,0.0,0.0,0.0
130700071805,2015,0.0,0.0,0.0
130700071805,2016,0.0,0.0,0.0
130700071805,2017,0.0,0.0,0.0
130700071805,2018,0.0,0.0,0.0
130700071805,2019,0.0,0.0,0.0
130700071805,2020,0.0,0.0,0.0
130700071806,2000,0.0,0.0,0.0
130700071806,2001,0.0,0.0,0.0
130700071806,2002,0.0,0.0,0.0
130700071806,2003,0.0,0.0,0.0
130700071806,2004,0.0,0.0,0.0
130700071806,2005,0.0,0.0,0.0
130700071806,2006,0.0,0.0,0.0
130700071806,2007,0.0,0.0,0.0
130700071806,2008,0.0,0.0,0.0
130700071806,2009,0.0,0.0,0.0
130700071806,2010,0.0,0.0,0.0
130700071806,2011,0.0,0.0,0.0
130700071806,2012,0.0,0.0,0.0
130700071806,2013,0.0,0.0,0.0
130700071806,2014,0.0,0.0,0.0
130700071806,2015,0.0,0.0,0.0
130700071806,2016,0.0,0.0,0.0
130700071806,2017,0.0,0.0,0.0
130700071806,2018,0.0,0.0,0.0
130700071806,2019,0.0,0.0,0.0
130700071806,2020,0.0,0.0,0.0
130700071901,2000,0.0,0.0,0.0
130700071901,2001,0.0,0.0,0.0
130700071901,2002,0.0,0.0,0.0
130700071901,2003,0.0,0.0,0.0
130700071901,2004,0.0,0.0,0.0
130700071901,2005,0.0,0.0,0.0
130700071901,2006,0.0,0.0,0.0
130700071901,2007,0.0,0.0,0.0
130700071901,2008,0.0,0.0,0.0
130700071901,2009,0.0,0.0,0.0
130700071901,2010,0.0,0.0,0.0
130700071901,2011,0.0,0.0,0.0
130700071901,2012,0.0,0.0,0.0
130700071901,2013,0.0,0.0,0.0
130700071901,2014,0.0,0.0,0.0
130700071901,2015,0.0,0.0,0.0
130700071901,2016,0.0,0.0,0.0
130700071901,2017,0.0,0.0,0.0
130700071901,2018,0.0,0.0,0.0
130700071901,2019,0.0,0.0,0.0
130700071901,2020,0.0,0.0,0.0
130700071902,2000,0.0,0.0,0.0
130700071902,2001,0.0,0.0,0.0
130700071902,2002,0.0,0.0,0.0
130700071902,2003,0.0,0.0,0.0
130700071902,2004,0.0,0.0,0.0
130700071902,2005,0.0,0.0,0.0
130700071902,2006,0.0,0.0,0.0
130700071902,2007,0.0,0.0,0.0
130700071902,2008,0.0,0.0,0.0
130700071902,2009,0.0,0.0,0.0
130700071902,2010,0.0,0.0,0.0
130700071902,2011,0.0,0.0,0.0
130700071902,2012,0.0,0.0,0.0
130700071902,2013,0.0,0.0,0.0
130700071902,2014,0.0,0.0,0.0
130700071902,2015,0.0,0.0,0.0
130700071902,2016,0.0,0.0,0.0
130700071902,2017,0.0,0.0,0.0
130700071902,2018,0.0,0.0,0.0
130700071902,2019,0.0,0.0,0.0
130700071902,2020,0.0,0.0,0.0
130700071903,2000,0.0,0.0,0.0
130700071903,2001,0.0,0.0,0.0
130700071903,2002,0.0,0.0,0.0
130700071903,2003,0.0,0.0,0.0
130700071903,2004,0.0,0.0,0.0
130700071903,2005,0.0,0.0,0.0
130700071903,2006,0.0,0.0,0.0
130700071903,2007,0.0,0.0,0.0
130700071903,2008,0.0,0.0,0.0
130700071903,2009,0.0,0.0,0.0
130700071903,2010,0.0,0.0,0.0
130700071903,2011,0.0,0.0,0.0
130700071903,2012,0.0,0.0,0.0
130700071903,2013,0.0,0.0,0.0
130700071903,2014,0.0,0.0,0.0
130700071903,2015,0.0,0.0,0.0
130700071903,2016,0.0,0.0,0.0
130700071903,2017,0.0,0.0,0.0
130700071903,2018,0.0,0.0,0.0
130700071903,2019,0.0,0.0,0.0
130700071903,2020,0.0,0.0,0.0
130700071904,2000,1.641994019,1.673796175,0.031801986
130700071904,2001,1.429921726,1.457616373,0.027694647
130700071904,2002,1.172537077,1.19524686,0.022709784
130700071904,2003,1.153788603,1.176135304,0.022346614
130700071904,2004,0.391580601,0.399164833,0.007584066
130700071904,2005,1.204675581,1.228007532,0.0233322
130700071904,2006,1.022795288,1.042604797,0.01980951
130700071904,2007,1.109453586,1.130941622,0.021487951
130700071904,2008,1.633310811,1.66494477,0.031633959
130700071904,2009,0.638153378,0.650513227,0.012359688
130700071904,2010,0.254419512,0.259347085,0.004927655
130700071904,2011,0.417525932,0.42561249,0.008086641
130700071904,2012,0.881509309,0.898582566,0.017073172
130700071904,2013,1.429815559,1.457508605,0.027692627
130700071904,2014,1.181552342,1.204436816,0.022884222
130700071904,2015,1.07741846,1.098285948,0.020867405
130700071904,2016,1.182780443,1.205688508,0.022908153
130700071904,2017,0.828544282,0.844591496,0.016047216
130700071904,2018,0.913346534,0.93103634,0.017689721
130700071904,2019,1.013980104,1.033618732,0.019638792
130700071904,2020,0.508220566,0.51806371,0.009843227
130700072001,2000,8.72865779,8.897714699,0.1690565
130700072001,2001,7.852211386,8.004293162,0.152081526
130700072001,2002,6.214664789,6.335030441,0.120365567
130700072001,2003,6.646645578,6.775377677,0.128732178
130700072001,2004,5.735353844,5.84643606,0.111082301
130700072001,2005,7.41932543,7.563022805,0.143697285
130700072001,2006,8.682943279,8.851114419,0.16817097
130700072001,2007,5.98648889,6.102435282,0.11594631
130700072001,2008,7.171769071,7.31067197,0.138902811
130700072001,2009,7.509078137,7.65451377,0.145435795
130700072001,2010,6.941980249,7.076432699,0.134452197
130700072001,2011,9.962650934,10.155607668,0.192956564
130700072001,2012,7.47339773,7.618142366,0.144744628
130700072001,2013,6.593167137,6.720863463,0.127696326
130700072001,2014,5.497896173,5.604379512,0.106483258
130700072001,2015,4.738073405,4.829840636,0.091767066
130700072001,2016,5.060479549,5.158491008,0.098011377
130700072001,2017,4.963488096,5.059620671,0.09613266
130700072001,2018,3.755137693,3.827867055,0.072729444
130700072001,2019,3.467095627,3.534246293,0.067150833
130700072001,2020,5.719830872,5.830612549,0.110781596
130700072002,2000,1.529376568,1.558997577,0.029620923
130700072002,2001,0.981870222,1.000886981,0.019016923
130700072002,2002,1.097332003,1.118585014,0.021253008
130700072002,2003,0.700016192,0.713574093,0.013558068
130700072002,2004,0.79873371,0.814203541,0.015469913
130700072002,2005,1.363073542,1.389473564,0.026399855
130700072002,2006,1.020875529,1.040647704,0.019772258
130700072002,2007,0.630660973,0.642875526,0.012214638
130700072002,2008,0.0,0.0,0.0
130700072002,2009,0.0,0.0,0.0
130700072002,2010,0.625510518,0.637625395,0.012114959
130700072002,2011,0.0,0.0,0.0
130700072002,2012,0.0,0.0,0.0
130700072002,2013,0.0,0.0,0.0
130700072002,2014,0.253580447,0.258491734,0.004911455
130700072002,2015,0.412840534,0.420836438,0.007996071
130700072002,2016,0.360836063,0.367824751,0.006988522
130700072002,2017,0.0,0.0,0.0
130700072002,2018,0.0,0.0,0.0
130700072002,2019,0.0,0.0,0.0
130700072002,2020,0.0,0.0,0.0
130700072003,2000,0.0,0.0,0.0
130700072003,2001,0.034802759,0.035476795,0.000674036
130700072003,2002,0.028092989,0.028637063,0.000543989
130700072003,2003,0.0,0.0,0.0
130700072003,2004,0.0,0.0,0.0
130700072003,2005,0.0,0.0,0.0
130700072003,2006,0.0,0.0,0.0
130700072003,2007,0.0,0.0,0.0
130700072003,2008,0.0,0.0,0.0
130700072003,2009,0.0,0.0,0.0
130700072003,2010,0.0,0.0,0.0
130700072003,2011,0.0,0.0,0.0
130700072003,2012,0.0,0.0,0.0
130700072003,2013,0.0,0.0,0.0
130700072003,2014,0.0,0.0,0.0
130700072003,2015,0.0,0.0,0.0
130700072003,2016,0.0,0.0,0.0
130700072003,2017,0.0,0.0,0.0
130700072003,2018,0.0,0.0,0.0
130700072003,2019,0.0,0.0,0.0
130700072003,2020,0.0,0.0,0.0
130700072004,2000,0.045850074,0.046738131,0.000887975
130700072004,2001,0.078203811,0.079718351,0.001514707
130700072004,2002,0.065048049,0.066307885,0.001259833
130700072004,2003,0.028010751,0.028553312,0.000542479
130700072004,2004,0.0,0.0,0.0
130700072004,2005,0.034989581,0.035667392,0.000677644
130700072004,2006,0.073696249,0.075123699,0.001427279
130700072004,2007,0.028413663,0.028964005,0.000550175
130700072004,2008,0.033143664,0.033785495,0.000641831
130700072004,2009,0.031169858,0.031773288,0.000603764
130700072004,2010,0.0,0.0,0.0
130700072004,2011,0.045990367,0.046880989,0.000890789
130700072004,2012,0.031849735,0.032466563,0.000616825
130700072004,2013,0.0,0.0,0.0
130700072004,2014,0.02991514,0.030494586,0.000579447
130700072004,2015,0.029459282,0.030029825,0.000570545
130700072004,2016,0.0,0.0,0.0
130700072004,2017,0.031243934,0.031849181,0.000605077
130700072004,2018,0.042128855,0.042944789,0.000815932
130700072004,2019,0.036485863,0.037192573,0.000706627
130700072004,2020,0.016663191,0.016985806,0.000322779
130700072005,2000,0.0,0.0,0.0
130700072005,2001,0.0,0.0,0.0
130700072005,2002,0.0,0.0,0.0
130700072005,2003,0.0,0.0,0.0
130700072005,2004,0.0,0.0,0.0
130700072005,2005,0.0,0.0,0.0
130700072005,2006,0.0,0.0,0.0
130700072005,2007,0.0,0.0,0.0
130700072005,2008,0.0,0.0,0.0
130700072005,2009,0.0,0.0,0.0
130700072005,2010,0.0,0.0,0.0
130700072005,2011,0.0,0.0,0.0
130700072005,2012,0.0,0.0,0.0
130700072005,2013,0.0,0.0,0.0
130700072005,2014,0.0,0.0,0.0
130700072005,2015,0.0,0.0,0.0
130700072005,2016,0.0,0.0,0.0
130700072005,2017,0.0,0.0,0.0
130700072005,2018,0.0,0.0,0.0
130700072005,2019,0.0,0.0,0.0
130700072005,2020,0.0,0.0,0.0
130700072006,2000,0.0,0.0,0.0
130700072006,2001,0.0,0.0,0.0
130700072006,2002,0.0,0.0,0.0
130700072006,2003,0.0,0.0,0.0
130700072006,2004,0.0,0.0,0.0
130700072006,2005,0.0,0.0,0.0
130700072006,2006,0.0,0.0,0.0
130700072006,2007,0.0,0.0,0.0
130700072006,2008,0.0,0.0,0.0
130700072006,2009,0.0,0.0,0.0
130700072006,2010,0.0,0.0,0.0
130700072006,2011,0.0,0.0,0.0
130700072006,2012,0.0,0.0,0.0
130700072006,2013,0.0,0.0,0.0
130700072006,2014,0.0,0.0,0.0
130700072006,2015,0.0,0.0,0.0
130700072006,2016,0.0,0.0,0.0
130700072006,2017,0.0,0.0,0.0
130700072006,2018,0.0,0.0,0.0
130700072006,2019,0.0,0.0,0.0
130700072006,2020,0.0,0.0,0.0
130700072007,2000,0.0,0.0,0.0
130700072007,2001,0.0,0.0,0.0
130700072007,2002,0.064948115,0.06620611,0.001257995
130700072007,2003,0.0,0.0,0.0
130700072007,2004,0.0,0.0,0.0
130700072007,2005,0.0,0.0,0.0
130700072007,2006,0.0,0.0,0.0
130700072007,2007,0.0,0.0,0.0
130700072007,2008,0.0,0.0,0.0
130700072007,2009,0.0,0.0,0.0
130700072007,2010,0.0,0.0,0.0
130700072007,2011,0.0,0.0,0.0
130700072007,2012,0.0,0.0,0.0
130700072007,2013,0.0,0.0,0.0
130700072007,2014,0.0,0.0,0.0
130700072007,2015,0.0,0.0,0.0
130700072007,2016,0.0,0.0,0.0
130700072007,2017,0.0,0.0,0.0
130700072007,2018,0.0,0.0,0.0
130700072007,2019,0.0,0.0,0.0
130700072007,2020,0.0,0.0,0.0
130700072008,2000,0.0,0.0,0.0
130700072008,2001,0.0,0.0,0.0
130700072008,2002,0.0,0.0,0.0
130700072008,2003,0.0,0.0,0.0
130700072008,2004,0.0,0.0,0.0
130700072008,2005,0.0,0.0,0.0
130700072008,2006,0.0,0.0,0.0
130700072008,2007,0.0,0.0,0.0
130700072008,2008,0.0,0.0,0.0
130700072008,2009,0.0,0.0,0.0
130700072008,2010,0.0,0.0,0.0
130700072008,2011,0.0,0.0,0.0
130700072008,2012,0.0,0.0,0.0
130700072008,2013,0.0,0.0,0.0
130700072008,2014,0.0,0.0,0.0
130700072008,2015,0.0,0.0,0.0
130700072008,2016,0.0,0.0,0.0
130700072008,2017,0.0,0.0,0.0
130700072008,2018,0.0,0.0,0.0
130700072008,2019,0.0,0.0,0.0
130700072008,2020,0.0,0.0,0.0
130700072101,2000,0.0,0.0,0.0
130700072101,2001,0.0,0.0,0.0
130700072101,2002,0.0,0.0,0.0
130700072101,2003,0.0,0.0,0.0
130700072101,2004,0.0,0.0,0.0
130700072101,2005,0.0,0.0,0.0
130700072101,2006,0.0,0.0,0.0
130700072101,2007,0.0,0.0,0.0
130700072101,2008,0.0,0.0,0.0
130700072101,2009,0.0,0.0,0.0
130700072101,2010,0.0,0.0,0.0
130700072101,2011,0.0,0.0,0.0
130700072101,2012,0.0,0.0,0.0
130700072101,2013,0.027852655,0.028391978,0.000539408
130700072101,2014,0.031094518,0.031696605,0.000602252
130700072101,2015,0.020188285,0.020579296,0.000391016
130700072101,2016,0.0,0.0,0.0
130700072101,2017,0.0,0.0,0.0
130700072101,2018,0.0,0.0,0.0
130700072101,2019,0.128471074,0.130959085,0.002488178
130700072101,2020,0.0,0.0,0.0
130700072102,2000,0.124123992,0.126528093,0.002404096
130700072102,2001,0.12507083,0.127493082,0.002422334
130700072102,2002,0.094459216,0.096288693,0.001829562
130700072102,2003,0.106456658,0.108518518,0.002061775
130700072102,2004,0.117924481,0.120208478,0.002284079
130700072102,2005,0.184541666,0.188115953,0.00357429
130700072102,2006,0.0,0.0,0.0
130700072102,2007,0.078634515,0.080157392,0.001522959
130700072102,2008,0.110123128,0.112255984,0.002132855
130700072102,2009,0.0,0.0,0.0
130700072102,2010,0.051966436,0.052972827,0.001006559
130700072102,2011,0.0,0.0,0.0
130700072102,2012,0.086454743,0.088129251,0.001674508
130700072102,2013,0.227144797,0.231544353,0.004399216
130700072102,2014,0.17972243,0.183203342,0.003480912
130700072102,2015,0.256683592,0.261655014,0.004971422
130700072102,2016,0.146293667,0.149127027,0.002833279
130700072102,2017,0.031354526,0.031961921,0.00060731
130700072102,2018,0.07951377,0.081053844,0.001539989
130700072102,2019,0.263853444,0.268963937,0.005110408
130700072102,2020,0.085432891,0.087087678,0.001654699
130700072103,2000,0.0,0.0,0.0
130700072103,2001,0.0,0.0,0.0
130700072103,2002,0.0,0.0,0.0
130700072103,2003,0.0,0.0,0.0
130700072103,2004,0.0,0.0,0.0
130700072103,2005,0.0,0.0,0.0
130700072103,2006,0.0,0.0,0.0
130700072103,2007,0.0,0.0,0.0
130700072103,2008,0.0,0.0,0.0
130700072103,2009,0.0,0.0,0.0
130700072103,2010,0.0,0.0,0.0
130700072103,2011,0.0,0.0,0.0
130700072103,2012,0.0,0.0,0.0
130700072103,2013,0.0,0.0,0.0
130700072103,2014,0.0,0.0,0.0
130700072103,2015,0.0,0.0,0.0
130700072103,2016,0.0,0.0,0.0
130700072103,2017,0.0,0.0,0.0
130700072103,2018,0.0,0.0,0.0
130700072103,2019,5.101403496,8.071840795,2.970437301
130700072103,2020,0.0,0.0,0.0
130700072104,2000,0.122215503,0.134155191,0.01193977
130700072104,2001,0.056068312,0.076806033,0.020737636
130700072104,2002,0.329627923,0.344438932,0.015155271
130700072104,2003,0.046864948,0.068018589,0.021153805
130700072104,2004,0.040399981,0.054668462,0.014268563
130700072104,2005,0.163440912,0.186363564,0.022922652
130700072104,2006,0.072656647,0.07406383,0.001407184
130700072104,2007,0.205707219,0.219070488,0.013363186
130700072104,2008,0.27576603,0.281107074,0.005341041
130700072104,2009,0.329693811,0.336079247,0.006385351
130700072104,2010,0.216842948,0.221042707,0.004199677
130700072104,2011,0.740097882,0.754432216,0.014334162
130700072104,2012,0.218393404,0.222623104,0.004229866
130700072104,2013,0.455937512,0.48867897,0.032741542
130700072104,2014,0.526633318,0.536833033,0.0101998
130700072104,2015,0.402208463,0.409998463,0.007789915
130700072104,2016,0.490765907,0.528273309,0.037507404
130700072104,2017,0.044535784,0.045398271,0.000862573
130700072104,2018,0.263019792,0.306907493,0.043887701
130700072104,2019,0.35035083,0.653639488,0.303288488
130700072104,2020,0.344015831,0.350678738,0.006662989
130700072105,2000,0.0,0.0,0.0
130700072105,2001,0.0,0.0,0.0
130700072105,2002,0.0,0.0,0.0
130700072105,2003,0.0,0.0,0.0
130700072105,2004,0.0,0.0,0.0
130700072105,2005,0.0,0.0,0.0
130700072105,2006,0.0,0.0,0.0
130700072105,2007,0.0,0.0,0.0
130700072105,2008,0.0,0.0,0.0
130700072105,2009,0.0,0.0,0.0
130700072105,2010,0.0,0.0,0.0
130700072105,2011,0.0,0.0,0.0
130700072105,2012,0.0,0.0,0.0
130700072105,2013,0.0,0.0,0.0
130700072105,2014,0.0,0.0,0.0
130700072105,2015,0.0,0.0,0.0
130700072105,2016,0.0,0.0,0.0
130700072105,2017,0.0,0.0,0.0
130700072105,2018,0.0,0.0,0.0
130700072105,2019,0.005795071,0.008255203,0.002460047
130700072105,2020,0.0,0.0,0.0
130700072106,2000,0.0,0.0,0.0
130700072106,2001,0.0,0.0,0.0
130700072106,2002,0.0,0.0,0.0
130700072106,2003,0.0,0.0,0.0
130700072106,2004,0.0,0.0,0.0
130700072106,2005,0.0,0.0,0.0
130700072106,2006,0.0,0.0,0.0
130700072106,2007,0.0,0.0,0.0
130700072106,2008,0.0,0.0,0.0
130700072106,2009,0.0,0.0,0.0
130700072106,2010,0.0,0.0,0.0
130700072106,2011,0.0,0.0,0.0
130700072106,2012,0.0,0.0,0.0
130700072106,2013,0.0,0.0,0.0
130700072106,2014,0.0,0.0,0.0
130700072106,2015,0.0,0.0,0.0
130700072106,2016,0.0,0.0,0.0
130700072106,2017,0.0,0.0,0.0
130700072106,2018,0.0,0.0,0.0
130700072106,2019,0.0,0.0,0.0
130700072106,2020,0.0,0.0,0.0
130700080101,2000,0.0,0.0,0.0
130700080101,2001,0.0,0.0,0.0
130700080101,2002,0.0,0.0,0.0
130700080101,2003,0.0,0.0,0.0
130700080101,2004,0.0,0.0,0.0
130700080101,2005,0.0,0.0,0.0
130700080101,2006,0.0,0.0,0.0
130700080101,2007,0.0,0.0,0.0
130700080101,2008,0.0,0.0,0.0
130700080101,2009,0.0,0.0,0.0
130700080101,2010,0.0,0.0,0.0
130700080101,2011,0.0,0.0,0.0
130700080101,2012,0.0,0.0,0.0
130700080101,2013,0.0,0.0,0.0
130700080101,2014,0.0,0.0,0.0
130700080101,2015,0.0,0.0,0.0
130700080101,2016,0.0,0.0,0.0
130700080101,2017,0.0,0.0,0.0
130700080101,2018,0.0,0.0,0.0
130700080101,2019,0.0,0.0,0.0
130700080101,2020,0.0,0.0,0.0
130700080102,2000,0.0,0.0,0.0
130700080102,2001,0.0,0.0,0.0
130700080102,2002,0.0,0.0,0.0
130700080102,2003,0.0,0.0,0.0
130700080102,2004,0.0,0.0,0.0
130700080102,2005,0.0,0.0,0.0
130700080102,2006,0.0,0.0,0.0
130700080102,2007,0.0,0.0,0.0
130700080102,2008,0.0,0.0,0.0
130700080102,2009,0.0,0.0,0.0
130700080102,2010,0.0,0.0,0.0
130700080102,2011,0.0,0.0,0.0
130700080102,2012,0.0,0.0,0.0
130700080102,2013,0.0,0.0,0.0
130700080102,2014,0.0,0.0,0.0
130700080102,2015,0.0,0.0,0.0
130700080102,2016,0.0,0.0,0.0
130700080102,2017,0.0,0.0,0.0
130700080102,2018,0.0,0.0,0.0
130700080102,2019,0.0,0.0,0.0
130700080102,2020,0.0,0.0,0.0
130700080103,2000,0.0,0.0,0.0
130700080103,2001,0.0,0.0,0.0
130700080103,2002,0.0,0.0,0.0
130700080103,2003,0.0,0.0,0.0
130700080103,2004,0.0,0.0,0.0
130700080103,2005,0.0,0.0,0.0
130700080103,2006,0.0,0.0,0.0
130700080103,2007,0.0,0.0,0.0
130700080103,2008,0.0,0.0,0.0
130700080103,2009,0.0,0.0,0.0
130700080103,2010,0.0,0.0,0.0
130700080103,2011,0.0,0.0,0.0
130700080103,2012,0.0,0.0,0.0
130700080103,2013,0.0,0.0,0.0
130700080103,2014,0.0,0.0,0.0
130700080103,2015,0.0,0.0,0.0
130700080103,2016,0.0,0.0,0.0
130700080103,2017,0.0,0.0,0.0
130700080103,2018,0.0,0.0,0.0
130700080103,2019,0.0,0.0,0.0
130700080103,2020,0.0,0.0,0.0
130700080104,2000,0.0,0.0,0.0
130700080104,2001,0.0,0.0,0.0
130700080104,2002,0.0,0.0,0.0
130700080104,2003,0.0,0.0,0.0
130700080104,2004,0.0,0.0,0.0
130700080104,2005,0.0,0.0,0.0
130700080104,2006,0.0,0.0,0.0
130700080104,2007,0.0,0.0,0.0
130700080104,2008,0.0,0.0,0.0
130700080104,2009,0.0,0.0,0.0
130700080104,2010,0.0,0.0,0.0
130700080104,2011,0.0,0.0,0.0
130700080104,2012,0.0,0.0,0.0
130700080104,2013,0.0,0.0,0.0
130700080104,2014,0.0,0.0,0.0
130700080104,2015,0.0,0.0,0.0
130700080104,2016,0.0,0.0,0.0
130700080104,2017,0.0,0.0,0.0
130700080104,2018,0.0,0.0,0.0
130700080104,2019,0.0,0.0,0.0
130700080104,2020,0.0,0.0,0.0
130700080105,2000,0.0,0.0,0.0
130700080105,2001,0.0,0.0,0.0
130700080105,2002,0.0,0.0,0.0
130700080105,2003,0.0,0.0,0.0
130700080105,2004,0.0,0.0,0.0
130700080105,2005,0.0,0.0,0.0
130700080105,2006,0.0,0.0,0.0
130700080105,2007,0.0,0.0,0.0
130700080105,2008,0.0,0.0,0.0
130700080105,2009,0.0,0.0,0.0
130700080105,2010,0.0,0.0,0.0
130700080105,2011,0.0,0.0,0.0
130700080105,2012,0.0,0.0,0.0
130700080105,2013,0.0,0.0,0.0
130700080105,2014,0.0,0.0,0.0
130700080105,2015,0.0,0.0,0.0
130700080105,2016,0.0,0.0,0.0
130700080105,2017,0.0,0.0,0.0
130700080105,2018,0.0,0.0,0.0
130700080105,2019,0.0,0.0,0.0
130700080105,2020,0.0,0.0,0.0
130700080106,2000,0.0,0.0,0.0
130700080106,2001,0.0,0.0,0.0
130700080106,2002,0.0,0.0,0.0
130700080106,2003,0.0,0.0,0.0
130700080106,2004,0.0,0.0,0.0
130700080106,2005,0.0,0.0,0.0
130700080106,2006,0.0,0.0,0.0
130700080106,2007,0.0,0.0,0.0
130700080106,2008,0.0,0.0,0.0
130700080106,2009,0.0,0.0,0.0
130700080106,2010,0.0,0.0,0.0
130700080106,2011,0.0,0.0,0.0
130700080106,2012,0.0,0.0,0.0
130700080106,2013,0.0,0.0,0.0
130700080106,2014,0.0,0.0,0.0
130700080106,2015,0.0,0.0,0.0
130700080106,2016,0.0,0.0,0.0
130700080106,2017,0.0,0.0,0.0
130700080106,2018,0.0,0.0,0.0
130700080106,2019,0.0,0.0,0.0
130700080106,2020,0.0,0.0,0.0
130700080107,2000,0.0,0.0,0.0
130700080107,2001,0.0,0.0,0.0
130700080107,2002,0.0,0.0,0.0
130700080107,2003,0.0,0.0,0.0
130700080107,2004,0.0,0.0,0.0
130700080107,2005,0.0,0.0,0.0
130700080107,2006,0.0,0.0,0.0
130700080107,2007,0.0,0.0,0.0
130700080107,2008,0.0,0.0,0.0
130700080107,2009,0.0,0.0,0.0
130700080107,2010,0.0,0.0,0.0
130700080107,2011,0.0,0.0,0.0
130700080107,2012,0.0,0.0,0.0
130700080107,2013,0.0,0.0,0.0
130700080107,2014,0.0,0.0,0.0
130700080107,2015,0.0,0.0,0.0
130700080107,2016,0.0,0.0,0.0
130700080107,2017,0.0,0.0,0.0
130700080107,2018,0.0,0.0,0.0
130700080107,2019,0.0,0.0,0.0
130700080107,2020,0.0,0.0,0.0
130700080108,2000,0.0,0.0,0.0
130700080108,2001,0.0,0.0,0.0
130700080108,2002,0.0,0.0,0.0
130700080108,2003,0.0,0.0,0.0
130700080108,2004,0.0,0.0,0.0
130700080108,2005,0.0,0.0,0.0
130700080108,2006,0.0,0.0,0.0
130700080108,2007,0.0,0.0,0.0
130700080108,2008,0.0,0.0,0.0
130700080108,2009,0.0,0.0,0.0
130700080108,2010,0.0,0.0,0.0
130700080108,2011,0.0,0.0,0.0
130700080108,2012,0.0,0.0,0.0
130700080108,2013,0.0,0.0,0.0
130700080108,2014,0.0,0.0,0.0
130700080108,2015,0.0,0.0,0.0
130700080108,2016,0.0,0.0,0.0
130700080108,2017,0.0,0.0,0.0
130700080108,2018,0.0,0.0,0.0
130700080108,2019,0.0,0.0,0.0
130700080108,2020,0.0,0.0,0.0
130700080109,2000,0.0,0.0,0.0
130700080109,2001,0.0,0.0,0.0
130700080109,2002,0.0,0.0,0.0
130700080109,2003,0.0,0.0,0.0
130700080109,2004,0.0,0.0,0.0
130700080109,2005,0.0,0.0,0.0
130700080109,2006,0.0,0.0,0.0
130700080109,2007,0.0,0.0,0.0
130700080109,2008,0.0,0.0,0.0
130700080109,2009,0.0,0.0,0.0
130700080109,2010,0.0,0.0,0.0
130700080109,2011,0.0,0.0,0.0
130700080109,2012,0.0,0.0,0.0
130700080109,2013,0.0,0.0,0.0
130700080109,2014,0.0,0.0,0.0
130700080109,2015,0.0,0.0,0.0
130700080109,2016,0.0,0.0,0.0
130700080109,2017,0.0,0.0,0.0
130700080109,2018,0.0,0.0,0.0
130700080109,2019,0.0,0.0,0.0
130700080109,2020,0.0,0.0,0.0
130700080201,2000,0.0,0.0,0.0
130700080201,2001,0.0,0.0,0.0
130700080201,2002,0.0,0.0,0.0
130700080201,2003,0.0,0.0,0.0
130700080201,2004,0.0,0.0,0.0
130700080201,2005,0.0,0.0,0.0
130700080201,2006,0.0,0.0,0.0
130700080201,2007,0.0,0.0,0.0
130700080201,2008,0.0,0.0,0.0
130700080201,2009,0.0,0.0,0.0
130700080201,2010,0.0,0.0,0.0
130700080201,2011,0.0,0.0,0.0
130700080201,2012,0.0,0.0,0.0
130700080201,2013,0.0,0.0,0.0
130700080201,2014,0.0,0.0,0.0
130700080201,2015,0.0,0.0,0.0
130700080201,2016,0.0,0.0,0.0
130700080201,2017,0.0,0.0,0.0
130700080201,2018,0.0,0.0,0.0
130700080201,2019,0.0,0.0,0.0
130700080201,2020,0.0,0.0,0.0
130700080202,2000,0.0,0.0,0.0
130700080202,2001,0.0,0.0,0.0
130700080202,2002,0.0,0.0,0.0
130700080202,2003,0.0,0.0,0.0
130700080202,2004,0.0,0.0,0.0
130700080202,2005,0.0,0.0,0.0
130700080202,2006,0.0,0.0,0.0
130700080202,2007,0.0,0.0,0.0
130700080202,2008,0.0,0.0,0.0
130700080202,2009,0.0,0.0,0.0
130700080202,2010,0.0,0.0,0.0
130700080202,2011,0.0,0.0,0.0
130700080202,2012,0.0,0.0,0.0
130700080202,2013,0.0,0.0,0.0
130700080202,2014,0.0,0.0,0.0
130700080202,2015,0.0,0.0,0.0
130700080202,2016,0.0,0.0,0.0
130700080202,2017,0.0,0.0,0.0
130700080202,2018,0.0,0.0,0.0
130700080202,2019,0.0,0.0,0.0
130700080202,2020,0.0,0.0,0.0
130700080203,2000,0.109235915,0.11135159,0.002115839
130700080203,2001,0.189883811,0.193561397,0.003677833
130700080203,2002,0.467493964,0.476548542,0.009054411
130700080203,2003,0.315635764,0.321749008,0.006113159
130700080203,2004,0.112256361,0.114430328,0.002174216
130700080203,2005,0.656486773,0.669201581,0.012714975
130700080203,2006,0.427138123,0.435411175,0.008272882
130700080203,2007,0.170178378,0.17347423,0.003296022
130700080203,2008,0.301652183,0.307494402,0.005842301
130700080203,2009,0.322680093,0.328929603,0.006249677
130700080203,2010,0.281569047,0.287022619,0.005453488
130700080203,2011,0.584283888,0.595600318,0.011316345
130700080203,2012,0.328797973,0.335166202,0.006368063
130700080203,2013,0.159910942,0.163008219,0.003097277
130700080203,2014,0.352074148,0.358893227,0.006818997
130700080203,2015,0.162442636,0.165588951,0.003146233
130700080203,2016,0.270557336,0.275797306,0.005240139
130700080203,2017,0.0,0.0,0.0
130700080203,2018,0.045524181,0.04640591,0.000881729
130700080203,2019,0.0,0.0,0.0
130700080203,2020,0.218870571,0.223109803,0.004238984
130700080204,2000,0.0,0.0,0.0
130700080204,2001,0.0,0.0,0.0
130700080204,2002,0.0,0.0,0.0
130700080204,2003,0.0,0.0,0.0
130700080204,2004,0.0,0.0,0.0
130700080204,2005,0.0,0.0,0.0
130700080204,2006,0.0,0.0,0.0
130700080204,2007,0.0,0.0,0.0
130700080204,2008,0.0,0.0,0.0
130700080204,2009,0.0,0.0,0.0
130700080204,2010,0.0,0.0,0.0
130700080204,2011,0.0,0.0,0.0
130700080204,2012,0.0,0.0,0.0
130700080204,2013,0.0,0.0,0.0
130700080204,2014,0.0,0.0,0.0
130700080204,2015,0.0,0.0,0.0
130700080204,2016,0.0,0.0,0.0
130700080204,2017,0.0,0.0,0.0
130700080204,2018,0.0,0.0,0.0
130700080204,2019,0.0,0.0,0.0
130700080204,2020,0.0,0.0,0.0
130700080205,2000,0.0,0.0,0.0
130700080205,2001,0.0,0.0,0.0
130700080205,2002,0.0,0.0,0.0
130700080205,2003,0.0,0.0,0.0
130700080205,2004,0.0,0.0,0.0
130700080205,2005,0.0,0.0,0.0
130700080205,2006,0.0,0.0,0.0
130700080205,2007,0.0,0.0,0.0
130700080205,2008,0.0,0.0,0.0
130700080205,2009,0.0,0.0,0.0
130700080205,2010,0.0,0.0,0.0
130700080205,2011,0.0,0.0,0.0
130700080205,2012,0.0,0.0,0.0
130700080205,2013,0.0,0.0,0.0
130700080205,2014,0.0,0.0,0.0
130700080205,2015,0.0,0.0,0.0
130700080205,2016,0.0,0.0,0.0
130700080205,2017,0.0,0.0,0.0
130700080205,2018,0.0,0.0,0.0
130700080205,2019,0.0,0.0,0.0
130700080205,2020,0.0,0.0,0.0
130700080206,2000,0.061508464,0.062699937,0.001191303
130700080206,2001,0.051061849,0.05205086,0.000988929
130700080206,2002,0.029749666,0.030325816,0.000576151
130700080206,2003,0.0,0.0,0.0
130700080206,2004,0.0,0.0,0.0
130700080206,2005,0.0,0.0,0.0
130700080206,2006,0.0,0.0,0.0
130700080206,2007,0.0,0.0,0.0
130700080206,2008,0.001336383,0.00136215,2.5847e-05
130700080206,2009,0.0,0.0,0.0
130700080206,2010,0.0,0.0,0.0
130700080206,2011,0.0,0.0,0.0
130700080206,2012,0.0,0.0,0.0
130700080206,2013,0.0,0.0,0.0
130700080206,2014,0.0,0.0,0.0
130700080206,2015,0.0,0.0,0.0
130700080206,2016,0.0,0.0,0.0
130700080206,2017,0.0,0.0,0.0
130700080206,2018,0.0,0.0,0.0
130700080206,2019,0.0,0.0,0.0
130700080206,2020,0.0,0.0,0.0
130700080207,2000,0.0,0.0,0.0
130700080207,2001,0.0,0.0,0.0
130700080207,2002,0.0,0.0,0.0
130700080207,2003,0.0,0.0,0.0
130700080207,2004,0.0,0.0,0.0
130700080207,2005,0.0,0.0,0.0
130700080207,2006,0.0,0.0,0.0
130700080207,2007,0.0,0.0,0.0
130700080207,2008,0.0,0.0,0.0
130700080207,2009,0.0,0.0,0.0
130700080207,2010,0.0,0.0,0.0
130700080207,2011,0.0,0.0,0.0
130700080207,2012,0.0,0.0,0.0
130700080207,2013,0.0,0.0,0.0
130700080207,2014,0.0,0.0,0.0
130700080207,2015,0.0,0.0,0.0
130700080207,2016,0.0,0.0,0.0
130700080207,2017,0.0,0.0,0.0
130700080207,2018,0.0,0.0,0.0
130700080207,2019,0.0,0.0,0.0
130700080207,2020,0.0,0.0,0.0
130700080208,2000,0.0,0.0,0.0
130700080208,2001,0.0,0.0,0.0
130700080208,2002,0.0,0.0,0.0
130700080208,2003,0.0,0.0,0.0
130700080208,2004,0.0,0.0,0.0
130700080208,2005,0.0,0.0,0.0
130700080208,2006,0.0,0.0,0.0
130700080208,2007,0.0,0.0,0.0
130700080208,2008,0.0,0.0,0.0
130700080208,2009,0.0,0.0,0.0
130700080208,2010,0.0,0.0,0.0
130700080208,2011,0.0,0.0,0.0
130700080208,2012,0.0,0.0,0.0
130700080208,2013,0.0,0.0,0.0
130700080208,2014,0.0,0.0,0.0
130700080208,2015,0.0,0.0,0.0
130700080208,2016,0.0,0.0,0.0
130700080208,2017,0.0,0.0,0.0
130700080208,2018,0.0,0.0,0.0
130700080208,2019,0.0,0.0,0.0
130700080208,2020,0.0,0.0,0.0
130700080301,2000,0.0,0.0,0.0
130700080301,2001,0.0,0.0,0.0
130700080301,2002,0.0,0.0,0.0
130700080301,2003,0.0,0.0,0.0
130700080301,2004,0.0,0.0,0.0
130700080301,2005,0.0,0.0,0.0
130700080301,2006,0.0,0.0,0.0
130700080301,2007,0.0,0.0,0.0
130700080301,2008,0.0,0.0,0.0
130700080301,2009,0.0,0.0,0.0
130700080301,2010,0.0,0.0,0.0
130700080301,2011,0.0,0.0,0.0
130700080301,2012,0.0,0.0,0.0
130700080301,2013,0.0,0.0,0.0
130700080301,2014,0.0,0.0,0.0
130700080301,2015,0.0,0.0,0.0
130700080301,2016,0.0,0.0,0.0
130700080301,2017,0.0,0.0,0.0
130700080301,2018,0.0,0.0,0.0
130700080301,2019,0.0,0.0,0.0
130700080301,2020,0.0,0.0,0.0
130700080302,2000,0.0,0.0,0.0
130700080302,2001,0.0,0.0,0.0
130700080302,2002,0.0,0.0,0.0
130700080302,2003,0.0,0.0,0.0
130700080302,2004,0.0,0.0,0.0
130700080302,2005,0.0,0.0,0.0
130700080302,2006,0.0,0.0,0.0
130700080302,2007,0.0,0.0,0.0
130700080302,2008,0.0,0.0,0.0
130700080302,2009,0.0,0.0,0.0
130700080302,2010,0.0,0.0,0.0
130700080302,2011,0.0,0.0,0.0
130700080302,2012,0.0,0.0,0.0
130700080302,2013,0.0,0.0,0.0
130700080302,2014,0.0,0.0,0.0
130700080302,2015,0.0,0.0,0.0
130700080302,2016,0.0,0.0,0.0
130700080302,2017,0.0,0.0,0.0
130700080302,2018,0.0,0.0,0.0
130700080302,2019,0.0,0.0,0.0
130700080302,2020,0.0,0.0,0.0
130700080303,2000,0.0,0.0,0.0
130700080303,2001,0.0,0.0,0.0
130700080303,2002,0.0,0.0,0.0
130700080303,2003,0.0,0.0,0.0
130700080303,2004,0.0,0.0,0.0
130700080303,2005,0.0,0.0,0.0
130700080303,2006,0.0,0.0,0.0
130700080303,2007,0.0,0.0,0.0
130700080303,2008,0.0,0.0,0.0
130700080303,2009,0.0,0.0,0.0
130700080303,2010,0.0,0.0,0.0
130700080303,2011,0.0,0.0,0.0
130700080303,2012,0.0,0.0,0.0
130700080303,2013,0.0,0.0,0.0
130700080303,2014,0.0,0.0,0.0
130700080303,2015,0.0,0.0,0.0
130700080303,2016,0.0,0.0,0.0
130700080303,2017,0.0,0.0,0.0
130700080303,2018,0.0,0.0,0.0
130700080303,2019,0.0,0.0,0.0
130700080303,2020,0.0,0.0,0.0
130700080304,2000,0.0,0.0,0.0
130700080304,2001,0.0,0.0,0.0
130700080304,2002,0.0,0.0,0.0
130700080304,2003,0.0,0.0,0.0
130700080304,2004,0.0,0.0,0.0
130700080304,2005,0.0,0.0,0.0
130700080304,2006,0.0,0.0,0.0
130700080304,2007,0.0,0.0,0.0
130700080304,2008,0.0,0.0,0.0
130700080304,2009,0.0,0.0,0.0
130700080304,2010,0.0,0.0,0.0
130700080304,2011,0.0,0.0,0.0
130700080304,2012,0.0,0.0,0.0
130700080304,2013,0.0,0.0,0.0
130700080304,2014,0.0,0.0,0.0
130700080304,2015,0.0,0.0,0.0
130700080304,2016,0.0,0.0,0.0
130700080304,2017,0.0,0.0,0.0
130700080304,2018,0.0,0.0,0.0
130700080304,2019,0.0,0.0,0.0
130700080304,2020,0.0,0.0,0.0
130700080305,2000,0.0,0.0,0.0
130700080305,2001,0.0,0.0,0.0
130700080305,2002,0.0,0.0,0.0
130700080305,2003,0.0,0.0,0.0
130700080305,2004,0.0,0.0,0.0
130700080305,2005,0.0,0.0,0.0
130700080305,2006,0.0,0.0,0.0
130700080305,2007,0.0,0.0,0.0
130700080305,2008,0.0,0.0,0.0
130700080305,2009,0.0,0.0,0.0
130700080305,2010,0.0,0.0,0.0
130700080305,2011,0.0,0.0,0.0
130700080305,2012,0.0,0.0,0.0
130700080305,2013,0.0,0.0,0.0
130700080305,2014,0.0,0.0,0.0
130700080305,2015,0.0,0.0,0.0
130700080305,2016,0.0,0.0,0.0
130700080305,2017,0.0,0.0,0.0
130700080305,2018,0.0,0.0,0.0
130700080305,2019,0.0,0.0,0.0
130700080305,2020,0.0,0.0,0.0
130700080306,2000,0.0,0.0,0.0
130700080306,2001,0.0,0.0,0.0
130700080306,2002,0.0,0.0,0.0
130700080306,2003,0.0,0.0,0.0
130700080306,2004,0.0,0.0,0.0
130700080306,2005,0.0,0.0,0.0
130700080306,2006,0.0,0.0,0.0
130700080306,2007,0.0,0.0,0.0
130700080306,2008,0.0,0.0,0.0
130700080306,2009,0.0,0.0,0.0
130700080306,2010,0.0,0.0,0.0
130700080306,2011,0.0,0.0,0.0
130700080306,2012,0.0,0.0,0.0
130700080306,2013,0.0,0.0,0.0
130700080306,2014,0.0,0.0,0.0
130700080306,2015,0.0,0.0,0.0
130700080306,2016,0.0,0.0,0.0
130700080306,2017,0.0,0.0,0.0
130700080306,2018,0.0,0.0,0.0
130700080306,2019,0.0,0.0,0.0
130700080306,2020,0.0,0.0,0.0
130700080307,2000,0.0,0.0,0.0
130700080307,2001,0.0,0.0,0.0
130700080307,2002,0.0,0.0,0.0
130700080307,2003,0.0,0.0,0.0
130700080307,2004,0.0,0.0,0.0
130700080307,2005,0.0,0.0,0.0
130700080307,2006,0.0,0.0,0.0
130700080307,2007,0.0,0.0,0.0
130700080307,2008,0.0,0.0,0.0
130700080307,2009,0.0,0.0,0.0
130700080307,2010,0.0,0.0,0.0
130700080307,2011,0.0,0.0,0.0
130700080307,2012,0.0,0.0,0.0
130700080307,2013,0.0,0.0,0.0
130700080307,2014,0.0,0.0,0.0
130700080307,2015,0.0,0.0,0.0
130700080307,2016,0.0,0.0,0.0
130700080307,2017,0.0,0.0,0.0
130700080307,2018,0.0,0.0,0.0
130700080307,2019,0.0,0.0,0.0
130700080307,2020,0.0,0.0,0.0
130700080308,2000,0.0,0.0,0.0
130700080308,2001,0.0,0.0,0.0
130700080308,2002,0.0,0.0,0.0
130700080308,2003,0.0,0.0,0.0
130700080308,2004,0.0,0.0,0.0
130700080308,2005,0.0,0.0,0.0
130700080308,2006,0.0,0.0,0.0
130700080308,2007,0.0,0.0,0.0
130700080308,2008,0.0,0.0,0.0
130700080308,2009,0.0,0.0,0.0
130700080308,2010,0.0,0.0,0.0
130700080308,2011,0.0,0.0,0.0
130700080308,2012,0.0,0.0,0.0
130700080308,2013,0.0,0.0,0.0
130700080308,2014,0.0,0.0,0.0
130700080308,2015,0.0,0.0,0.0
130700080308,2016,0.0,0.0,0.0
130700080308,2017,0.0,0.0,0.0
130700080308,2018,0.0,0.0,0.0
130700080308,2019,0.0,0.0,0.0
130700080308,2020,0.0,0.0,0.0
130700080401,2000,0.0,0.0,0.0
130700080401,2001,0.0,0.0,0.0
130700080401,2002,0.0,0.0,0.0
130700080401,2003,0.0,0.0,0.0
130700080401,2004,0.0,0.0,0.0
130700080401,2005,0.0,0.0,0.0
130700080401,2006,0.0,0.0,0.0
130700080401,2007,0.0,0.0,0.0
130700080401,2008,0.0,0.0,0.0
130700080401,2009,0.0,0.0,0.0
130700080401,2010,0.0,0.0,0.0
130700080401,2011,0.0,0.0,0.0
130700080401,2012,0.0,0.0,0.0
130700080401,2013,0.0,0.0,0.0
130700080401,2014,0.0,0.0,0.0
130700080401,2015,0.0,0.0,0.0
130700080401,2016,0.0,0.0,0.0
130700080401,2017,0.0,0.0,0.0
130700080401,2018,0.0,0.0,0.0
130700080401,2019,0.0,0.0,0.0
130700080401,2020,0.0,0.0,0.0
130700080402,2000,0.0,0.0,0.0
130700080402,2001,0.0,0.0,0.0
130700080402,2002,0.0,0.0,0.0
130700080402,2003,0.0,0.0,0.0
130700080402,2004,0.0,0.0,0.0
130700080402,2005,0.0,0.0,0.0
130700080402,2006,0.0,0.0,0.0
130700080402,2007,0.0,0.0,0.0
130700080402,2008,0.0,0.0,0.0
130700080402,2009,0.0,0.0,0.0
130700080402,2010,0.0,0.0,0.0
130700080402,2011,0.0,0.0,0.0
130700080402,2012,0.0,0.0,0.0
130700080402,2013,0.0,0.0,0.0
130700080402,2014,0.0,0.0,0.0
130700080402,2015,0.0,0.0,0.0
130700080402,2016,0.0,0.0,0.0
130700080402,2017,0.0,0.0,0.0
130700080402,2018,0.0,0.0,0.0
130700080402,2019,0.0,0.0,0.0
130700080402,2020,0.0,0.0,0.0
130700080403,2000,0.0,0.0,0.0
130700080403,2001,0.0,0.0,0.0
130700080403,2002,0.0,0.0,0.0
130700080403,2003,0.0,0.0,0.0
130700080403,2004,0.0,0.0,0.0
130700080403,2005,0.0,0.0,0.0
130700080403,2006,0.0,0.0,0.0
130700080403,2007,0.0,0.0,0.0
130700080403,2008,0.0,0.0,0.0
130700080403,2009,0.0,0.0,0.0
130700080403,2010,0.0,0.0,0.0
130700080403,2011,0.0,0.0,0.0
130700080403,2012,0.0,0.0,0.0
130700080403,2013,0.0,0.0,0.0
130700080403,2014,0.0,0.0,0.0
130700080403,2015,0.0,0.0,0.0
130700080403,2016,0.0,0.0,0.0
130700080403,2017,0.0,0.0,0.0
130700080403,2018,0.0,0.0,0.0
130700080403,2019,0.0,0.0,0.0
130700080403,2020,0.0,0.0,0.0
130700080404,2000,0.0,0.0,0.0
130700080404,2001,0.0,0.0,0.0
130700080404,2002,0.0,0.0,0.0
130700080404,2003,0.0,0.0,0.0
130700080404,2004,0.0,0.0,0.0
130700080404,2005,0.0,0.0,0.0
130700080404,2006,0.0,0.0,0.0
130700080404,2007,0.0,0.0,0.0
130700080404,2008,0.0,0.0,0.0
130700080404,2009,0.0,0.0,0.0
130700080404,2010,0.0,0.0,0.0
130700080404,2011,0.0,0.0,0.0
130700080404,2012,0.0,0.0,0.0
130700080404,2013,0.0,0.0,0.0
130700080404,2014,0.0,0.0,0.0
130700080404,2015,0.0,0.0,0.0
130700080404,2016,0.0,0.0,0.0
130700080404,2017,0.0,0.0,0.0
130700080404,2018,0.0,0.0,0.0
130700080404,2019,0.0,0.0,0.0
130700080404,2020,0.0,0.0,0.0
130700080405,2000,0.0,0.0,0.0
130700080405,2001,0.0,0.0,0.0
130700080405,2002,0.0,0.0,0.0
130700080405,2003,0.0,0.0,0.0
130700080405,2004,0.0,0.0,0.0
130700080405,2005,0.0,0.0,0.0
130700080405,2006,0.0,0.0,0.0
130700080405,2007,0.0,0.0,0.0
130700080405,2008,0.0,0.0,0.0
130700080405,2009,0.0,0.0,0.0
130700080405,2010,0.0,0.0,0.0
130700080405,2011,0.0,0.0,0.0
130700080405,2012,0.0,0.0,0.0
130700080405,2013,0.0,0.0,0.0
130700080405,2014,0.0,0.0,0.0
130700080405,2015,0.0,0.0,0.0
130700080405,2016,0.0,0.0,0.0
130700080405,2017,0.0,0.0,0.0
130700080405,2018,0.0,0.0,0.0
130700080405,2019,0.0,0.0,0.0
130700080405,2020,0.0,0.0,0.0
130700080501,2000,0.0,0.0,0.0
130700080501,2001,0.0,0.0,0.0
130700080501,2002,0.0,0.0,0.0
130700080501,2003,0.0,0.0,0.0
130700080501,2004,0.0,0.0,0.0
130700080501,2005,0.0,0.0,0.0
130700080501,2006,0.0,0.0,0.0
130700080501,2007,0.0,0.0,0.0
130700080501,2008,0.0,0.0,0.0
130700080501,2009,0.0,0.0,0.0
130700080501,2010,0.0,0.0,0.0
130700080501,2011,0.0,0.0,0.0
130700080501,2012,0.0,0.0,0.0
130700080501,2013,0.0,0.0,0.0
130700080501,2014,0.0,0.0,0.0
130700080501,2015,0.0,0.0,0.0
130700080501,2016,0.0,0.0,0.0
130700080501,2017,0.0,0.0,0.0
130700080501,2018,0.0,0.0,0.0
130700080501,2019,0.0,0.0,0.0
130700080501,2020,0.0,0.0,0.0
130700080502,2000,0.0,0.0,0.0
130700080502,2001,0.0,0.0,0.0
130700080502,2002,0.0,0.0,0.0
130700080502,2003,0.0,0.0,0.0
130700080502,2004,0.0,0.0,0.0
130700080502,2005,0.0,0.0,0.0
130700080502,2006,0.0,0.0,0.0
130700080502,2007,0.0,0.0,0.0
130700080502,2008,0.0,0.0,0.0
130700080502,2009,0.0,0.0,0.0
130700080502,2010,0.0,0.0,0.0
130700080502,2011,0.0,0.0,0.0
130700080502,2012,0.0,0.0,0.0
130700080502,2013,0.0,0.0,0.0
130700080502,2014,0.0,0.0,0.0
130700080502,2015,0.0,0.0,0.0
130700080502,2016,0.0,0.0,0.0
130700080502,2017,0.0,0.0,0.0
130700080502,2018,0.0,0.0,0.0
130700080502,2019,0.0,0.0,0.0
130700080502,2020,0.0,0.0,0.0
130700080503,2000,0.0,0.0,0.0
130700080503,2001,0.0,0.0,0.0
130700080503,2002,0.0,0.0,0.0
130700080503,2003,0.0,0.0,0.0
130700080503,2004,0.0,0.0,0.0
130700080503,2005,0.0,0.0,0.0
130700080503,2006,0.0,0.0,0.0
130700080503,2007,0.0,0.0,0.0
130700080503,2008,0.0,0.0,0.0
130700080503,2009,0.0,0.0,0.0
130700080503,2010,0.0,0.0,0.0
130700080503,2011,0.0,0.0,0.0
130700080503,2012,0.0,0.0,0.0
130700080503,2013,0.0,0.0,0.0
130700080503,2014,0.0,0.0,0.0
130700080503,2015,0.0,0.0,0.0
130700080503,2016,0.0,0.0,0.0
130700080503,2017,0.0,0.0,0.0
130700080503,2018,0.0,0.0,0.0
130700080503,2019,0.0,0.0,0.0
130700080503,2020,0.0,0.0,0.0
130700080504,2000,0.0,0.0,0.0
130700080504,2001,0.0,0.0,0.0
130700080504,2002,0.0,0.0,0.0
130700080504,2003,0.0,0.0,0.0
130700080504,2004,0.0,0.0,0.0
130700080504,2005,0.0,0.0,0.0
130700080504,2006,0.0,0.0,0.0
130700080504,2007,0.0,0.0,0.0
130700080504,2008,0.0,0.0,0.0
130700080504,2009,0.0,0.0,0.0
130700080504,2010,0.0,0.0,0.0
130700080504,2011,0.0,0.0,0.0
130700080504,2012,0.0,0.0,0.0
130700080504,2013,0.0,0.0,0.0
130700080504,2014,0.0,0.0,0.0
130700080504,2015,0.0,0.0,0.0
130700080504,2016,0.0,0.0,0.0
130700080504,2017,0.0,0.0,0.0
130700080504,2018,0.0,0.0,0.0
130700080504,2019,0.0,0.0,0.0
130700080504,2020,0.0,0.0,0.0
130700080505,2000,0.0,0.0,0.0
130700080505,2001,0.0,0.0,0.0
130700080505,2002,0.0,0.0,0.0
130700080505,2003,0.0,0.0,0.0
130700080505,2004,0.0,0.0,0.0
130700080505,2005,0.0,0.0,0.0
130700080505,2006,0.0,0.0,0.0
130700080505,2007,0.0,0.0,0.0
130700080505,2008,0.0,0.0,0.0
130700080505,2009,0.0,0.0,0.0
130700080505,2010,0.0,0.0,0.0
130700080505,2011,0.0,0.0,0.0
130700080505,2012,0.0,0.0,0.0
130700080505,2013,0.0,0.0,0.0
130700080505,2014,0.0,0.0,0.0
130700080505,2015,0.0,0.0,0.0
130700080505,2016,0.0,0.0,0.0
130700080505,2017,0.0,0.0,0.0
130700080505,2018,0.0,0.0,0.0
130700080505,2019,0.0,0.0,0.0
130700080505,2020,0.0,0.0,0.0
130700080506,2000,0.0,0.0,0.0
130700080506,2001,0.0,0.0,0.0
130700080506,2002,0.0,0.0,0.0
130700080506,2003,0.0,0.0,0.0
130700080506,2004,0.0,0.0,0.0
130700080506,2005,0.0,0.0,0.0
130700080506,2006,0.0,0.0,0.0
130700080506,2007,0.0,0.0,0.0
130700080506,2008,0.0,0.0,0.0
130700080506,2009,0.0,0.0,0.0
130700080506,2010,0.0,0.0,0.0
130700080506,2011,0.0,0.0,0.0
130700080506,2012,0.0,0.0,0.0
130700080506,2013,0.0,0.0,0.0
130700080506,2014,0.0,0.0,0.0
130700080506,2015,0.0,0.0,0.0
130700080506,2016,0.0,0.0,0.0
130700080506,2017,0.0,0.0,0.0
130700080506,2018,0.0,0.0,0.0
130700080506,2019,0.0,0.0,0.0
130700080506,2020,0.0,0.0,0.0
130700080507,2000,0.0,0.0,0.0
130700080507,2001,0.0,0.0,0.0
130700080507,2002,0.0,0.0,0.0
130700080507,2003,0.0,0.0,0.0
130700080507,2004,0.0,0.0,0.0
130700080507,2005,0.0,0.0,0.0
130700080507,2006,0.0,0.0,0.0
130700080507,2007,0.0,0.0,0.0
130700080507,2008,0.0,0.0,0.0
130700080507,2009,0.0,0.0,0.0
130700080507,2010,0.0,0.0,0.0
130700080507,2011,0.0,0.0,0.0
130700080507,2012,0.0,0.0,0.0
130700080507,2013,0.0,0.0,0.0
130700080507,2014,0.0,0.0,0.0
130700080507,2015,0.0,0.0,0.0
130700080507,2016,0.0,0.0,0.0
130700080507,2017,0.0,0.0,0.0
130700080507,2018,0.0,0.0,0.0
130700080507,2019,0.0,0.0,0.0
130700080507,2020,0.0,0.0,0.0
130700080508,2000,0.0,0.0,0.0
130700080508,2001,0.0,0.0,0.0
130700080508,2002,0.0,0.0,0.0
130700080508,2003,0.0,0.0,0.0
130700080508,2004,0.0,0.0,0.0
130700080508,2005,0.0,0.0,0.0
130700080508,2006,0.0,0.0,0.0
130700080508,2007,0.0,0.0,0.0
130700080508,2008,0.0,0.0,0.0
130700080508,2009,0.0,0.0,0.0
130700080508,2010,0.0,0.0,0.0
130700080508,2011,0.0,0.0,0.0
130700080508,2012,0.0,0.0,0.0
130700080508,2013,0.0,0.0,0.0
130700080508,2014,0.0,0.0,0.0
130700080508,2015,0.0,0.0,0.0
130700080508,2016,0.0,0.0,0.0
130700080508,2017,0.0,0.0,0.0
130700080508,2018,0.0,0.0,0.0
130700080508,2019,0.0,0.0,0.0
130700080508,2020,0.0,0.0,0.0
130700080601,2000,0.0,0.0,0.0
130700080601,2001,0.0,0.0,0.0
130700080601,2002,0.0,0.0,0.0
130700080601,2003,0.0,0.0,0.0
130700080601,2004,0.0,0.0,0.0
130700080601,2005,0.0,0.0,0.0
130700080601,2006,0.0,0.0,0.0
130700080601,2007,0.0,0.0,0.0
130700080601,2008,0.0,0.0,0.0
130700080601,2009,0.0,0.0,0.0
130700080601,2010,0.0,0.0,0.0
130700080601,2011,0.0,0.0,0.0
130700080601,2012,0.0,0.0,0.0
130700080601,2013,0.0,0.0,0.0
130700080601,2014,0.0,0.0,0.0
130700080601,2015,0.0,0.0,0.0
130700080601,2016,0.0,0.0,0.0
130700080601,2017,0.0,0.0,0.0
130700080601,2018,0.0,0.0,0.0
130700080601,2019,0.0,0.0,0.0
130700080601,2020,0.0,0.0,0.0
130700080602,2000,0.0,0.0,0.0
130700080602,2001,0.0,0.0,0.0
130700080602,2002,0.0,0.0,0.0
130700080602,2003,0.0,0.0,0.0
130700080602,2004,0.0,0.0,0.0
130700080602,2005,0.0,0.0,0.0
130700080602,2006,0.0,0.0,0.0
130700080602,2007,0.0,0.0,0.0
130700080602,2008,0.0,0.0,0.0
130700080602,2009,0.0,0.0,0.0
130700080602,2010,0.0,0.0,0.0
130700080602,2011,0.0,0.0,0.0
130700080602,2012,0.0,0.0,0.0
130700080602,2013,0.0,0.0,0.0
130700080602,2014,0.0,0.0,0.0
130700080602,2015,0.0,0.0,0.0
130700080602,2016,0.0,0.0,0.0
130700080602,2017,0.0,0.0,0.0
130700080602,2018,0.0,0.0,0.0
130700080602,2019,0.0,0.0,0.0
130700080602,2020,0.0,0.0,0.0
130700080603,2000,0.0,0.0,0.0
130700080603,2001,0.0,0.0,0.0
130700080603,2002,0.0,0.0,0.0
130700080603,2003,0.0,0.0,0.0
130700080603,2004,0.0,0.0,0.0
130700080603,2005,0.0,0.0,0.0
130700080603,2006,0.0,0.0,0.0
130700080603,2007,0.0,0.0,0.0
130700080603,2008,0.0,0.0,0.0
130700080603,2009,0.0,0.0,0.0
130700080603,2010,0.0,0.0,0.0
130700080603,2011,0.0,0.0,0.0
130700080603,2012,0.0,0.0,0.0
130700080603,2013,0.0,0.0,0.0
130700080603,2014,0.0,0.0,0.0
130700080603,2015,0.0,0.0,0.0
130700080603,2016,0.0,0.0,0.0
130700080603,2017,0.0,0.0,0.0
130700080603,2018,0.0,0.0,0.0
130700080603,2019,0.0,0.0,0.0
130700080603,2020,0.0,0.0,0.0
130700080604,2000,0.0,0.0,0.0
130700080604,2001,0.0,0.0,0.0
130700080604,2002,0.0,0.0,0.0
130700080604,2003,0.0,0.0,0.0
130700080604,2004,0.0,0.0,0.0
130700080604,2005,0.0,0.0,0.0
130700080604,2006,0.0,0.0,0.0
130700080604,2007,0.0,0.0,0.0
130700080604,2008,0.0,0.0,0.0
130700080604,2009,0.0,0.0,0.0
130700080604,2010,0.0,0.0,0.0
130700080604,2011,0.0,0.0,0.0
130700080604,2012,0.0,0.0,0.0
130700080604,2013,0.0,0.0,0.0
130700080604,2014,0.0,0.0,0.0
130700080604,2015,0.0,0.0,0.0
130700080604,2016,0.0,0.0,0.0
130700080604,2017,0.0,0.0,0.0
130700080604,2018,0.0,0.0,0.0
130700080604,2019,0.0,0.0,0.0
130700080604,2020,0.0,0.0,0.0
130700080701,2000,0.0,0.0,0.0
130700080701,2001,0.0,0.0,0.0
130700080701,2002,0.0,0.0,0.0
130700080701,2003,0.0,0.0,0.0
130700080701,2004,0.0,0.0,0.0
130700080701,2005,0.0,0.0,0.0
130700080701,2006,0.0,0.0,0.0
130700080701,2007,0.0,0.0,0.0
130700080701,2008,0.0,0.0,0.0
130700080701,2009,0.0,0.0,0.0
130700080701,2010,0.0,0.0,0.0
130700080701,2011,0.0,0.0,0.0
130700080701,2012,0.0,0.0,0.0
130700080701,2013,0.0,0.0,0.0
130700080701,2014,0.0,0.0,0.0
130700080701,2015,0.0,0.0,0.0
130700080701,2016,0.0,0.0,0.0
130700080701,2017,0.0,0.0,0.0
130700080701,2018,0.0,0.0,0.0
130700080701,2019,0.0,0.0,0.0
130700080701,2020,0.0,0.0,0.0
130700080702,2000,0.0,0.0,0.0
130700080702,2001,0.0,0.0,0.0
130700080702,2002,0.0,0.0,0.0
130700080702,2003,0.0,0.0,0.0
130700080702,2004,0.0,0.0,0.0
130700080702,2005,0.0,0.0,0.0
130700080702,2006,0.0,0.0,0.0
130700080702,2007,0.0,0.0,0.0
130700080702,2008,0.0,0.0,0.0
130700080702,2009,0.0,0.0,0.0
130700080702,2010,0.0,0.0,0.0
130700080702,2011,0.0,0.0,0.0
130700080702,2012,0.0,0.0,0.0
130700080702,2013,0.0,0.0,0.0
130700080702,2014,0.0,0.0,0.0
130700080702,2015,0.0,0.0,0.0
130700080702,2016,0.0,0.0,0.0
130700080702,2017,0.0,0.0,0.0
130700080702,2018,0.0,0.0,0.0
130700080702,2019,0.0,0.0,0.0
130700080702,2020,0.0,0.0,0.0
130700080703,2000,0.0,0.0,0.0
130700080703,2001,0.0,0.0,0.0
130700080703,2002,0.0,0.0,0.0
130700080703,2003,0.0,0.0,0.0
130700080703,2004,0.0,0.0,0.0
130700080703,2005,0.0,0.0,0.0
130700080703,2006,0.0,0.0,0.0
130700080703,2007,0.0,0.0,0.0
130700080703,2008,0.0,0.0,0.0
130700080703,2009,0.0,0.0,0.0
130700080703,2010,0.0,0.0,0.0
130700080703,2011,0.0,0.0,0.0
130700080703,2012,0.0,0.0,0.0
130700080703,2013,0.0,0.0,0.0
130700080703,2014,0.0,0.0,0.0
130700080703,2015,0.0,0.0,0.0
130700080703,2016,0.0,0.0,0.0
130700080703,2017,0.0,0.0,0.0
130700080703,2018,0.0,0.0,0.0
130700080703,2019,0.0,0.0,0.0
130700080703,2020,0.0,0.0,0.0
130700090101,2000,0.0,0.0,0.0
130700090101,2001,0.0,0.0,0.0
130700090101,2002,0.0,0.0,0.0
130700090101,2003,0.0,0.0,0.0
130700090101,2004,0.0,0.0,0.0
130700090101,2005,0.0,0.0,0.0
130700090101,2006,0.0,0.0,0.0
130700090101,2007,0.0,0.0,0.0
130700090101,2008,0.0,0.0,0.0
130700090101,2009,0.0,0.0,0.0
130700090101,2010,0.0,0.0,0.0
130700090101,2011,0.0,0.0,0.0
130700090101,2012,0.0,0.0,0.0
130700090101,2013,0.0,0.0,0.0
130700090101,2014,0.0,0.0,0.0
130700090101,2015,0.0,0.0,0.0
130700090101,2016,0.0,0.0,0.0
130700090101,2017,0.0,0.0,0.0
130700090101,2018,0.0,0.0,0.0
130700090101,2019,0.0,0.0,0.0
130700090101,2020,0.0,0.0,0.0
130700090102,2000,0.0,0.0,0.0
130700090102,2001,0.0,0.0,0.0
130700090102,2002,0.0,0.0,0.0
130700090102,2003,0.0,0.0,0.0
130700090102,2004,0.0,0.0,0.0
130700090102,2005,0.0,0.0,0.0
130700090102,2006,0.0,0.0,0.0
130700090102,2007,0.0,0.0,0.0
130700090102,2008,0.0,0.0,0.0
130700090102,2009,0.0,0.0,0.0
130700090102,2010,0.0,0.0,0.0
130700090102,2011,0.0,0.0,0.0
130700090102,2012,0.0,0.0,0.0
130700090102,2013,0.0,0.0,0.0
130700090102,2014,0.0,0.0,0.0
130700090102,2015,0.0,0.0,0.0
130700090102,2016,0.0,0.0,0.0
130700090102,2017,0.0,0.0,0.0
130700090102,2018,0.0,0.0,0.0
130700090102,2019,0.0,0.0,0.0
130700090102,2020,0.0,0.0,0.0
130700090103,2000,0.0,0.0,0.0
130700090103,2001,0.0,0.0,0.0
130700090103,2002,0.0,0.0,0.0
130700090103,2003,0.0,0.0,0.0
130700090103,2004,0.0,0.0,0.0
130700090103,2005,0.0,0.0,0.0
130700090103,2006,0.0,0.0,0.0
130700090103,2007,0.0,0.0,0.0
130700090103,2008,0.0,0.0,0.0
130700090103,2009,0.0,0.0,0.0
130700090103,2010,0.0,0.0,0.0
130700090103,2011,0.0,0.0,0.0
130700090103,2012,0.0,0.0,0.0
130700090103,2013,0.0,0.0,0.0
130700090103,2014,0.0,0.0,0.0
130700090103,2015,0.0,0.0,0.0
130700090103,2016,0.0,0.0,0.0
130700090103,2017,0.0,0.0,0.0
130700090103,2018,0.0,0.0,0.0
130700090103,2019,0.0,0.0,0.0
130700090103,2020,0.0,0.0,0.0
130700090104,2000,0.0,0.0,0.0
130700090104,2001,0.0,0.0,0.0
130700090104,2002,0.0,0.0,0.0
130700090104,2003,0.0,0.0,0.0
130700090104,2004,0.0,0.0,0.0
130700090104,2005,0.0,0.0,0.0
130700090104,2006,0.0,0.0,0.0
130700090104,2007,0.0,0.0,0.0
130700090104,2008,0.0,0.0,0.0
130700090104,2009,0.0,0.0,0.0
130700090104,2010,0.0,0.0,0.0
130700090104,2011,0.0,0.0,0.0
130700090104,2012,0.0,0.0,0.0
130700090104,2013,0.0,0.0,0.0
130700090104,2014,0.0,0.0,0.0
130700090104,2015,0.0,0.0,0.0
130700090104,2016,0.0,0.0,0.0
130700090104,2017,0.0,0.0,0.0
130700090104,2018,0.0,0.0,0.0
130700090104,2019,0.0,0.0,0.0
130700090104,2020,0.0,0.0,0.0
130700090105,2000,0.0,0.0,0.0
130700090105,2001,0.0,0.0,0.0
130700090105,2002,0.0,0.0,0.0
130700090105,2003,0.0,0.0,0.0
130700090105,2004,0.0,0.0,0.0
130700090105,2005,0.0,0.0,0.0
130700090105,2006,0.0,0.0,0.0
130700090105,2007,0.0,0.0,0.0
130700090105,2008,0.0,0.0,0.0
130700090105,2009,0.0,0.0,0.0
130700090105,2010,0.0,0.0,0.0
130700090105,2011,0.0,0.0,0.0
130700090105,2012,0.0,0.0,0.0
130700090105,2013,0.0,0.0,0.0
130700090105,2014,0.0,0.0,0.0
130700090105,2015,0.0,0.0,0.0
130700090105,2016,0.0,0.0,0.0
130700090105,2017,0.0,0.0,0.0
130700090105,2018,0.0,0.0,0.0
130700090105,2019,0.0,0.0,0.0
130700090105,2020,0.0,0.0,0.0
130700090106,2000,0.0,0.0,0.0
130700090106,2001,0.0,0.0,0.0
130700090106,2002,0.0,0.0,0.0
130700090106,2003,0.0,0.0,0.0
130700090106,2004,0.0,0.0,0.0
130700090106,2005,0.0,0.0,0.0
130700090106,2006,0.0,0.0,0.0
130700090106,2007,0.0,0.0,0.0
130700090106,2008,0.0,0.0,0.0
130700090106,2009,0.0,0.0,0.0
130700090106,2010,0.0,0.0,0.0
130700090106,2011,0.0,0.0,0.0
130700090106,2012,0.0,0.0,0.0
130700090106,2013,0.0,0.0,0.0
130700090106,2014,0.0,0.0,0.0
130700090106,2015,0.0,0.0,0.0
130700090106,2016,0.0,0.0,0.0
130700090106,2017,0.0,0.0,0.0
130700090106,2018,0.0,0.0,0.0
130700090106,2019,0.0,0.0,0.0
130700090106,2020,0.0,0.0,0.0
130700090107,2000,0.0,0.0,0.0
130700090107,2001,0.0,0.0,0.0
130700090107,2002,0.0,0.0,0.0
130700090107,2003,0.0,0.0,0.0
130700090107,2004,0.0,0.0,0.0
130700090107,2005,0.0,0.0,0.0
130700090107,2006,0.0,0.0,0.0
130700090107,2007,0.0,0.0,0.0
130700090107,2008,0.0,0.0,0.0
130700090107,2009,0.0,0.0,0.0
130700090107,2010,0.0,0.0,0.0
130700090107,2011,0.0,0.0,0.0
130700090107,2012,0.0,0.0,0.0
130700090107,2013,0.0,0.0,0.0
130700090107,2014,0.0,0.0,0.0
130700090107,2015,0.0,0.0,0.0
130700090107,2016,0.0,0.0,0.0
130700090107,2017,0.0,0.0,0.0
130700090107,2018,0.0,0.0,0.0
130700090107,2019,0.0,0.0,0.0
130700090107,2020,0.0,0.0,0.0
130700090108,2000,0.0,0.0,0.0
130700090108,2001,0.0,0.0,0.0
130700090108,2002,0.0,0.0,0.0
130700090108,2003,0.0,0.0,0.0
130700090108,2004,0.0,0.0,0.0
130700090108,2005,0.0,0.0,0.0
130700090108,2006,0.0,0.0,0.0
130700090108,2007,0.0,0.0,0.0
130700090108,2008,0.0,0.0,0.0
130700090108,2009,0.0,0.0,0.0
130700090108,2010,0.0,0.0,0.0
130700090108,2011,0.0,0.0,0.0
130700090108,2012,0.0,0.0,0.0
130700090108,2013,0.0,0.0,0.0
130700090108,2014,0.0,0.0,0.0
130700090108,2015,0.0,0.0,0.0
130700090108,2016,0.0,0.0,0.0
130700090108,2017,0.0,0.0,0.0
130700090108,2018,0.0,0.0,0.0
130700090108,2019,0.0,0.0,0.0
130700090108,2020,0.0,0.0,0.0
130700090109,2000,0.0,0.0,0.0
130700090109,2001,0.0,0.0,0.0
130700090109,2002,0.0,0.0,0.0
130700090109,2003,0.0,0.0,0.0
130700090109,2004,0.0,0.0,0.0
130700090109,2005,0.0,0.0,0.0
130700090109,2006,0.0,0.0,0.0
130700090109,2007,0.0,0.0,0.0
130700090109,2008,0.0,0.0,0.0
130700090109,2009,0.0,0.0,0.0
130700090109,2010,0.0,0.0,0.0
130700090109,2011,0.0,0.0,0.0
130700090109,2012,0.0,0.0,0.0
130700090109,2013,0.0,0.0,0.0
130700090109,2014,0.0,0.0,0.0
130700090109,2015,0.0,0.0,0.0
130700090109,2016,0.0,0.0,0.0
130700090109,2017,0.0,0.0,0.0
130700090109,2018,0.0,0.0,0.0
130700090109,2019,0.0,0.0,0.0
130700090109,2020,0.0,0.0,0.0
130700090201,2000,0.0,0.0,0.0
130700090201,2001,0.0,0.0,0.0
130700090201,2002,0.0,0.0,0.0
130700090201,2003,0.0,0.0,0.0
130700090201,2004,0.0,0.0,0.0
130700090201,2005,0.0,0.0,0.0
130700090201,2006,0.0,0.0,0.0
130700090201,2007,0.0,0.0,0.0
130700090201,2008,0.0,0.0,0.0
130700090201,2009,0.0,0.0,0.0
130700090201,2010,0.0,0.0,0.0
130700090201,2011,0.0,0.0,0.0
130700090201,2012,0.0,0.0,0.0
130700090201,2013,0.0,0.0,0.0
130700090201,2014,0.0,0.0,0.0
130700090201,2015,0.0,0.0,0.0
130700090201,2016,0.0,0.0,0.0
130700090201,2017,0.0,0.0,0.0
130700090201,2018,0.0,0.0,0.0
130700090201,2019,0.0,0.0,0.0
130700090201,2020,0.0,0.0,0.0
130700090202,2000,0.0,0.0,0.0
130700090202,2001,0.0,0.0,0.0
130700090202,2002,0.0,0.0,0.0
130700090202,2003,0.0,0.0,0.0
130700090202,2004,0.0,0.0,0.0
130700090202,2005,0.0,0.0,0.0
130700090202,2006,0.0,0.0,0.0
130700090202,2007,0.0,0.0,0.0
130700090202,2008,0.0,0.0,0.0
130700090202,2009,0.0,0.0,0.0
130700090202,2010,0.0,0.0,0.0
130700090202,2011,0.0,0.0,0.0
130700090202,2012,0.0,0.0,0.0
130700090202,2013,0.0,0.0,0.0
130700090202,2014,0.0,0.0,0.0
130700090202,2015,0.0,0.0,0.0
130700090202,2016,0.0,0.0,0.0
130700090202,2017,0.0,0.0,0.0
130700090202,2018,0.0,0.0,0.0
130700090202,2019,0.0,0.0,0.0
130700090202,2020,0.0,0.0,0.0
130700090203,2000,0.0,0.0,0.0
130700090203,2001,0.0,0.0,0.0
130700090203,2002,0.0,0.0,0.0
130700090203,2003,0.0,0.0,0.0
130700090203,2004,0.0,0.0,0.0
130700090203,2005,0.0,0.0,0.0
130700090203,2006,0.0,0.0,0.0
130700090203,2007,0.0,0.0,0.0
130700090203,2008,0.0,0.0,0.0
130700090203,2009,0.0,0.0,0.0
130700090203,2010,0.0,0.0,0.0
130700090203,2011,0.0,0.0,0.0
130700090203,2012,0.0,0.0,0.0
130700090203,2013,0.0,0.0,0.0
130700090203,2014,0.0,0.0,0.0
130700090203,2015,0.0,0.0,0.0
130700090203,2016,0.0,0.0,0.0
130700090203,2017,0.0,0.0,0.0
130700090203,2018,0.0,0.0,0.0
130700090203,2019,0.0,0.0,0.0
130700090203,2020,0.0,0.0,0.0
130700090204,2000,0.0,0.0,0.0
130700090204,2001,0.0,0.0,0.0
130700090204,2002,0.0,0.0,0.0
130700090204,2003,0.0,0.0,0.0
130700090204,2004,0.0,0.0,0.0
130700090204,2005,0.0,0.0,0.0
130700090204,2006,0.0,0.0,0.0
130700090204,2007,0.0,0.0,0.0
130700090204,2008,0.0,0.0,0.0
130700090204,2009,0.0,0.0,0.0
130700090204,2010,0.0,0.0,0.0
130700090204,2011,0.0,0.0,0.0
130700090204,2012,0.0,0.0,0.0
130700090204,2013,0.0,0.0,0.0
130700090204,2014,0.0,0.0,0.0
130700090204,2015,0.0,0.0,0.0
130700090204,2016,0.0,0.0,0.0
130700090204,2017,0.0,0.0,0.0
130700090204,2018,0.0,0.0,0.0
130700090204,2019,0.0,0.0,0.0
130700090204,2020,0.0,0.0,0.0
130700090205,2000,0.0,0.0,0.0
130700090205,2001,0.0,0.0,0.0
130700090205,2002,0.0,0.0,0.0
130700090205,2003,0.0,0.0,0.0
130700090205,2004,0.0,0.0,0.0
130700090205,2005,0.0,0.0,0.0
130700090205,2006,0.0,0.0,0.0
130700090205,2007,0.0,0.0,0.0
130700090205,2008,0.0,0.0,0.0
130700090205,2009,0.0,0.0,0.0
130700090205,2010,0.0,0.0,0.0
130700090205,2011,0.0,0.0,0.0
130700090205,2012,0.0,0.0,0.0
130700090205,2013,0.0,0.0,0.0
130700090205,2014,0.0,0.0,0.0
130700090205,2015,0.0,0.0,0.0
130700090205,2016,0.0,0.0,0.0
130700090205,2017,0.0,0.0,0.0
130700090205,2018,0.0,0.0,0.0
130700090205,2019,0.0,0.0,0.0
130700090205,2020,0.0,0.0,0.0
130700090206,2000,0.0,0.0,0.0
130700090206,2001,0.0,0.0,0.0
130700090206,2002,0.0,0.0,0.0
130700090206,2003,0.0,0.0,0.0
130700090206,2004,0.0,0.0,0.0
130700090206,2005,0.0,0.0,0.0
130700090206,2006,0.0,0.0,0.0
130700090206,2007,0.0,0.0,0.0
130700090206,2008,0.0,0.0,0.0
130700090206,2009,0.0,0.0,0.0
130700090206,2010,0.0,0.0,0.0
130700090206,2011,0.0,0.0,0.0
130700090206,2012,0.0,0.0,0.0
130700090206,2013,0.0,0.0,0.0
130700090206,2014,0.0,0.0,0.0
130700090206,2015,0.0,0.0,0.0
130700090206,2016,0.0,0.0,0.0
130700090206,2017,0.0,0.0,0.0
130700090206,2018,0.0,0.0,0.0
130700090206,2019,0.0,0.0,0.0
130700090206,2020,0.0,0.0,0.0
130700090207,2000,0.0,0.0,0.0
130700090207,2001,0.0,0.0,0.0
130700090207,2002,0.0,0.0,0.0
130700090207,2003,0.0,0.0,0.0
130700090207,2004,0.0,0.0,0.0
130700090207,2005,0.0,0.0,0.0
130700090207,2006,0.0,0.0,0.0
130700090207,2007,0.0,0.0,0.0
130700090207,2008,0.0,0.0,0.0
130700090207,2009,0.0,0.0,0.0
130700090207,2010,0.0,0.0,0.0
130700090207,2011,0.0,0.0,0.0
130700090207,2012,0.0,0.0,0.0
130700090207,2013,0.0,0.0,0.0
130700090207,2014,0.0,0.0,0.0
130700090207,2015,0.0,0.0,0.0
130700090207,2016,0.0,0.0,0.0
130700090207,2017,0.0,0.0,0.0
130700090207,2018,0.0,0.0,0.0
130700090207,2019,0.0,0.0,0.0
130700090207,2020,0.0,0.0,0.0
130700090208,2000,0.0,0.0,0.0
130700090208,2001,0.0,0.0,0.0
130700090208,2002,0.0,0.0,0.0
130700090208,2003,0.0,0.0,0.0
130700090208,2004,0.0,0.0,0.0
130700090208,2005,0.0,0.0,0.0
130700090208,2006,0.0,0.0,0.0
130700090208,2007,0.0,0.0,0.0
130700090208,2008,0.0,0.0,0.0
130700090208,2009,0.0,0.0,0.0
130700090208,2010,0.0,0.0,0.0
130700090208,2011,0.0,0.0,0.0
130700090208,2012,0.0,0.0,0.0
130700090208,2013,0.0,0.0,0.0
130700090208,2014,0.0,0.0,0.0
130700090208,2015,0.0,0.0,0.0
130700090208,2016,0.0,0.0,0.0
130700090208,2017,0.0,0.0,0.0
130700090208,2018,0.0,0.0,0.0
130700090208,2019,0.0,0.0,0.0
130700090208,2020,0.0,0.0,0.0
130700090209,2000,0.0,0.0,0.0
130700090209,2001,0.0,0.0,0.0
130700090209,2002,0.0,0.0,0.0
130700090209,2003,0.0,0.0,0.0
130700090209,2004,0.0,0.0,0.0
130700090209,2005,0.0,0.0,0.0
130700090209,2006,0.0,0.0,0.0
130700090209,2007,0.0,0.0,0.0
130700090209,2008,0.0,0.0,0.0
130700090209,2009,0.0,0.0,0.0
130700090209,2010,0.0,0.0,0.0
130700090209,2011,0.0,0.0,0.0
130700090209,2012,0.0,0.0,0.0
130700090209,2013,0.0,0.0,0.0
130700090209,2014,0.0,0.0,0.0
130700090209,2015,0.0,0.0,0.0
130700090209,2016,0.0,0.0,0.0
130700090209,2017,0.0,0.0,0.0
130700090209,2018,0.0,0.0,0.0
130700090209,2019,0.0,0.0,0.0
130700090209,2020,0.0,0.0,0.0
130700090210,2000,0.0,0.0,0.0
130700090210,2001,0.0,0.0,0.0
130700090210,2002,0.0,0.0,0.0
130700090210,2003,0.0,0.0,0.0
130700090210,2004,0.0,0.0,0.0
130700090210,2005,0.0,0.0,0.0
130700090210,2006,0.0,0.0,0.0
130700090210,2007,0.0,0.0,0.0
130700090210,2008,0.0,0.0,0.0
130700090210,2009,0.0,0.0,0.0
130700090210,2010,0.0,0.0,0.0
130700090210,2011,0.0,0.0,0.0
130700090210,2012,0.0,0.0,0.0
130700090210,2013,0.0,0.0,0.0
130700090210,2014,0.0,0.0,0.0
130700090210,2015,0.0,0.0,0.0
130700090210,2016,0.0,0.0,0.0
130700090210,2017,0.0,0.0,0.0
130700090210,2018,0.0,0.0,0.0
130700090210,2019,0.0,0.0,0.0
130700090210,2020,0.0,0.0,0.0
130700090301,2000,0.0,0.0,0.0
130700090301,2001,0.0,0.0,0.0
130700090301,2002,0.0,0.0,0.0
130700090301,2003,0.0,0.0,0.0
130700090301,2004,0.020731817,0.021133328,0.000401508
130700090301,2005,0.0,0.0,0.0
130700090301,2006,0.0,0.0,0.0
130700090301,2007,0.0,0.0,0.0
130700090301,2008,0.012431219,0.012672033,0.000240732
130700090301,2009,0.0,0.0,0.0
130700090301,2010,0.0,0.0,0.0
130700090301,2011,0.0,0.0,0.0
130700090301,2012,0.0,0.0,0.0
130700090301,2013,0.0,0.0,0.0
130700090301,2014,0.0,0.0,0.0
130700090301,2015,0.0,0.0,0.0
130700090301,2016,0.0,0.0,0.0
130700090301,2017,0.0,0.0,0.0
130700090301,2018,0.0,0.0,0.0
130700090301,2019,0.0,0.0,0.0
130700090301,2020,0.0,0.0,0.0
130700090302,2000,0.0,0.0,0.0
130700090302,2001,0.0,0.0,0.0
130700090302,2002,0.0,0.0,0.0
130700090302,2003,0.0,0.0,0.0
130700090302,2004,0.0,0.0,0.0
130700090302,2005,0.0,0.0,0.0
130700090302,2006,0.0,0.0,0.0
130700090302,2007,0.0,0.0,0.0
130700090302,2008,0.0,0.0,0.0
130700090302,2009,0.0,0.0,0.0
130700090302,2010,0.0,0.0,0.0
130700090302,2011,0.0,0.0,0.0
130700090302,2012,0.0,0.0,0.0
130700090302,2013,0.0,0.0,0.0
130700090302,2014,0.0,0.0,0.0
130700090302,2015,0.0,0.0,0.0
130700090302,2016,0.0,0.0,0.0
130700090302,2017,0.0,0.0,0.0
130700090302,2018,0.0,0.0,0.0
130700090302,2019,0.0,0.0,0.0
130700090302,2020,0.0,0.0,0.0
130700090303,2000,0.0,0.0,0.0
130700090303,2001,0.0,0.0,0.0
130700090303,2002,0.0,0.0,0.0
130700090303,2003,0.0,0.0,0.0
130700090303,2004,0.0,0.0,0.0
130700090303,2005,0.0,0.0,0.0
130700090303,2006,0.0,0.0,0.0
130700090303,2007,0.0,0.0,0.0
130700090303,2008,0.0,0.0,0.0
130700090303,2009,0.0,0.0,0.0
130700090303,2010,0.0,0.0,0.0
130700090303,2011,0.0,0.0,0.0
130700090303,2012,0.0,0.0,0.0
130700090303,2013,0.0,0.0,0.0
130700090303,2014,0.0,0.0,0.0
130700090303,2015,0.0,0.0,0.0
130700090303,2016,0.0,0.0,0.0
130700090303,2017,0.0,0.0,0.0
130700090303,2018,0.0,0.0,0.0
130700090303,2019,0.0,0.0,0.0
130700090303,2020,0.0,0.0,0.0
130700090304,2000,0.034586415,0.03525641,0.000669825
130700090304,2001,0.013609,0.013872463,0.000263548
130700090304,2002,0.016411973,0.01672986,0.000317973
130700090304,2003,0.141998449,0.1447488,0.002750266
130700090304,2004,0.271236475,0.276489893,0.005253333
130700090304,2005,0.0,0.0,0.0
130700090304,2006,0.278796096,0.284195671,0.005399578
130700090304,2007,0.110040677,0.112171964,0.002131288
130700090304,2008,0.136233169,0.138871822,0.002638656
130700090304,2009,0.135227071,0.137845967,0.002618973
130700090304,2010,0.0,0.0,0.0
130700090304,2011,0.0,0.0,0.0
130700090304,2012,0.0,0.0,0.0
130700090304,2013,0.209349038,0.213403737,0.004054696
130700090304,2014,0.174591025,0.177972562,0.003381537
130700090304,2015,0.0,0.0,0.0
130700090304,2016,0.035226199,0.035908361,0.000682164
130700090304,2017,0.0,0.0,0.0
130700090304,2018,0.0,0.0,0.0
130700090304,2019,0.216742474,0.220940266,0.004197874
130700090304,2020,0.0,0.0,0.0
130700090305,2000,0.348450437,0.35519926,0.006748907
130700090305,2001,0.296094959,0.301829734,0.005734775
130700090305,2002,0.20246489,0.206386137,0.003921332
130700090305,2003,0.0,0.0,0.0
130700090305,2004,0.0,0.0,0.0
130700090305,2005,0.0,0.0,0.0
130700090305,2006,0.0,0.0,0.0
130700090305,2007,0.0,0.0,0.0
130700090305,2008,0.140219814,0.142935519,0.00271579
130700090305,2009,0.226481181,0.230867641,0.004386463
130700090305,2010,0.0,0.0,0.0
130700090305,2011,0.0,0.0,0.0
130700090305,2012,0.0,0.0,0.0
130700090305,2013,0.25784603,0.262840025,0.004993825
130700090305,2014,0.243782608,0.248504151,0.004721542
130700090305,2015,0.0,0.0,0.0
130700090305,2016,0.332703257,0.339147025,0.00644377
130700090305,2017,0.0,0.0,0.0
130700090305,2018,0.0,0.0,0.0
130700090305,2019,0.0,0.0,0.0
130700090305,2020,0.0,0.0,0.0
130700090306,2000,0.080218639,0.081772189,0.001553634
130700090306,2001,0.0,0.0,0.0
130700090306,2002,0.04540197,0.046281373,0.000879403
130700090306,2003,0.0,0.0,0.0
130700090306,2004,0.0,0.0,0.0
130700090306,2005,0.0,0.0,0.0
130700090306,2006,0.0,0.0,0.0
130700090306,2007,0.0,0.0,0.0
130700090306,2008,0.030345571,0.030933175,0.000587768
130700090306,2009,0.035536641,0.036224951,0.00068823
130700090306,2010,0.0,0.0,0.0
130700090306,2011,0.0,0.0,0.0
130700090306,2012,0.0,0.0,0.0
130700090306,2013,0.033727605,0.034380945,0.000653173
130700090306,2014,0.0308518,0.031449414,0.000597534
130700090306,2015,0.0,0.0,0.0
130700090306,2016,0.01919212,0.019563672,0.000371721
130700090306,2017,0.0,0.0,0.0
130700090306,2018,0.0,0.0,0.0
130700090306,2019,0.0,0.0,0.0
130700090306,2020,0.0,0.0,0.0
130700090307,2000,0.349610907,0.356382328,0.006771172
130700090307,2001,0.650786321,0.663390816,0.012604499
130700090307,2002,0.421451534,0.429614101,0.008162567
130700090307,2003,0.000587616,0.000598921,1.1474e-05
130700090307,2004,0.0,0.0,0.0
130700090307,2005,0.003290167,0.003353827,6.3745e-05
130700090307,2006,0.0,0.0,0.0
130700090307,2007,0.0,0.0,0.0
130700090307,2008,0.044144831,0.044999587,0.000855096
130700090307,2009,0.109115671,0.111229068,0.002113397
130700090307,2010,0.0,0.0,0.0
130700090307,2011,0.0,0.0,0.0
130700090307,2012,0.0,0.0,0.0
130700090307,2013,0.013511288,0.013773011,0.000261805
130700090307,2014,0.042412532,0.04323397,0.000821523
130700090307,2015,0.0,0.0,0.0
130700090307,2016,0.05003497,0.051003984,0.000969098
130700090307,2017,0.0,0.0,0.0
130700090307,2018,0.0,0.0,0.0
130700090307,2019,0.0,0.0,0.0
130700090307,2020,0.0,0.0,0.0
130700100101,2000,0.0,0.0,0.0
130700100101,2001,0.0,0.0,0.0
130700100101,2002,0.0,0.0,0.0
130700100101,2003,0.0,0.0,0.0
130700100101,2004,0.0,0.0,0.0
130700100101,2005,0.0,0.0,0.0
130700100101,2006,0.0,0.0,0.0
130700100101,2007,0.0,0.0,0.0
130700100101,2008,0.0,0.0,0.0
130700100101,2009,0.0,0.0,0.0
130700100101,2010,0.0,0.0,0.0
130700100101,2011,0.0,0.0,0.0
130700100101,2012,0.0,0.0,0.0
130700100101,2013,0.0,0.0,0.0
130700100101,2014,0.0,0.0,0.0
130700100101,2015,0.0,0.0,0.0
130700100101,2016,0.0,0.0,0.0
130700100101,2017,0.0,0.0,0.0
130700100101,2018,0.0,0.0,0.0
130700100101,2019,0.0,0.0,0.0
130700100101,2020,0.0,0.0,0.0
130700100102,2000,0.0,0.0,0.0
130700100102,2001,0.0,0.0,0.0
130700100102,2002,0.0,0.0,0.0
130700100102,2003,0.0,0.0,0.0
130700100102,2004,0.0,0.0,0.0
130700100102,2005,0.0,0.0,0.0
130700100102,2006,0.0,0.0,0.0
130700100102,2007,0.0,0.0,0.0
130700100102,2008,0.0,0.0,0.0
130700100102,2009,0.0,0.0,0.0
130700100102,2010,0.0,0.0,0.0
130700100102,2011,0.0,0.0,0.0
130700100102,2012,0.0,0.0,0.0
130700100102,2013,0.0,0.0,0.0
130700100102,2014,0.0,0.0,0.0
130700100102,2015,0.0,0.0,0.0
130700100102,2016,0.0,0.0,0.0
130700100102,2017,0.0,0.0,0.0
130700100102,2018,0.0,0.0,0.0
130700100102,2019,0.0,0.0,0.0
130700100102,2020,0.0,0.0,0.0
130700100103,2000,0.0,0.0,0.0
130700100103,2001,0.0,0.0,0.0
130700100103,2002,0.0,0.0,0.0
130700100103,2003,0.0,0.0,0.0
130700100103,2004,0.0,0.0,0.0
130700100103,2005,0.0,0.0,0.0
130700100103,2006,0.0,0.0,0.0
130700100103,2007,0.0,0.0,0.0
130700100103,2008,0.0,0.0,0.0
130700100103,2009,0.0,0.0,0.0
130700100103,2010,0.0,0.0,0.0
130700100103,2011,0.0,0.0,0.0
130700100103,2012,0.0,0.0,0.0
130700100103,2013,0.0,0.0,0.0
130700100103,2014,0.0,0.0,0.0
130700100103,2015,0.0,0.0,0.0
130700100103,2016,0.0,0.0,0.0
130700100103,2017,0.0,0.0,0.0
130700100103,2018,0.0,0.0,0.0
130700100103,2019,0.0,0.0,0.0
130700100103,2020,0.0,0.0,0.0
130700100104,2000,0.0,0.0,0.0
130700100104,2001,0.0,0.0,0.0
130700100104,2002,0.0,0.0,0.0
130700100104,2003,0.0,0.0,0.0
130700100104,2004,0.0,0.0,0.0
130700100104,2005,0.0,0.0,0.0
130700100104,2006,0.0,0.0,0.0
130700100104,2007,0.0,0.0,0.0
130700100104,2008,0.0,0.0,0.0
130700100104,2009,0.0,0.0,0.0
130700100104,2010,0.0,0.0,0.0
130700100104,2011,0.0,0.0,0.0
130700100104,2012,0.0,0.0,0.0
130700100104,2013,0.0,0.0,0.0
130700100104,2014,0.0,0.0,0.0
130700100104,2015,0.0,0.0,0.0
130700100104,2016,0.0,0.0,0.0
130700100104,2017,0.0,0.0,0.0
130700100104,2018,0.0,0.0,0.0
130700100104,2019,0.0,0.0,0.0
130700100104,2020,0.0,0.0,0.0
130700100105,2000,0.0,0.0,0.0
130700100105,2001,0.0,0.0,0.0
130700100105,2002,0.0,0.0,0.0
130700100105,2003,0.0,0.0,0.0
130700100105,2004,0.0,0.0,0.0
130700100105,2005,0.0,0.0,0.0
130700100105,2006,0.0,0.0,0.0
130700100105,2007,0.0,0.0,0.0
130700100105,2008,0.0,0.0,0.0
130700100105,2009,0.0,0.0,0.0
130700100105,2010,0.0,0.0,0.0
130700100105,2011,0.0,0.0,0.0
130700100105,2012,0.0,0.0,0.0
130700100105,2013,0.0,0.0,0.0
130700100105,2014,0.0,0.0,0.0
130700100105,2015,0.0,0.0,0.0
130700100105,2016,0.0,0.0,0.0
130700100105,2017,0.0,0.0,0.0
130700100105,2018,0.0,0.0,0.0
130700100105,2019,0.0,0.0,0.0
130700100105,2020,0.0,0.0,0.0
130700100201,2000,0.0,0.0,0.0
130700100201,2001,0.0,0.0,0.0
130700100201,2002,0.0,0.0,0.0
130700100201,2003,0.0,0.0,0.0
130700100201,2004,0.0,0.0,0.0
130700100201,2005,0.0,0.0,0.0
130700100201,2006,0.0,0.0,0.0
130700100201,2007,0.0,0.0,0.0
130700100201,2008,0.0,0.0,0.0
130700100201,2009,0.0,0.0,0.0
130700100201,2010,0.0,0.0,0.0
130700100201,2011,0.0,0.0,0.0
130700100201,2012,0.0,0.0,0.0
130700100201,2013,0.0,0.0,0.0
130700100201,2014,0.0,0.0,0.0
130700100201,2015,0.0,0.0,0.0
130700100201,2016,0.0,0.0,0.0
130700100201,2017,0.0,0.0,0.0
130700100201,2018,0.0,0.0,0.0
130700100201,2019,0.0,0.0,0.0
130700100201,2020,0.0,0.0,0.0
130700100202,2000,0.0,0.0,0.0
130700100202,2001,0.0,0.0,0.0
130700100202,2002,0.0,0.0,0.0
130700100202,2003,0.0,0.0,0.0
130700100202,2004,0.0,0.0,0.0
130700100202,2005,0.0,0.0,0.0
130700100202,2006,0.0,0.0,0.0
130700100202,2007,0.0,0.0,0.0
130700100202,2008,0.0,0.0,0.0
130700100202,2009,0.0,0.0,0.0
130700100202,2010,0.0,0.0,0.0
130700100202,2011,0.0,0.0,0.0
130700100202,2012,0.0,0.0,0.0
130700100202,2013,0.0,0.0,0.0
130700100202,2014,0.0,0.0,0.0
130700100202,2015,0.0,0.0,0.0
130700100202,2016,0.0,0.0,0.0
130700100202,2017,0.0,0.0,0.0
130700100202,2018,0.0,0.0,0.0
130700100202,2019,0.0,0.0,0.0
130700100202,2020,0.0,0.0,0.0
130700100203,2000,0.0,0.0,0.0
130700100203,2001,0.0,0.0,0.0
130700100203,2002,0.0,0.0,0.0
130700100203,2003,0.0,0.0,0.0
130700100203,2004,0.0,0.0,0.0
130700100203,2005,0.0,0.0,0.0
130700100203,2006,0.0,0.0,0.0
130700100203,2007,0.0,0.0,0.0
130700100203,2008,0.0,0.0,0.0
130700100203,2009,0.0,0.0,0.0
130700100203,2010,0.0,0.0,0.0
130700100203,2011,0.0,0.0,0.0
130700100203,2012,0.0,0.0,0.0
130700100203,2013,0.0,0.0,0.0
130700100203,2014,0.0,0.0,0.0
130700100203,2015,0.0,0.0,0.0
130700100203,2016,0.0,0.0,0.0
130700100203,2017,0.0,0.0,0.0
130700100203,2018,0.0,0.0,0.0
130700100203,2019,0.0,0.0,0.0
130700100203,2020,0.0,0.0,0.0
130700100204,2000,0.0,0.0,0.0
130700100204,2001,0.0,0.0,0.0
130700100204,2002,0.0,0.0,0.0
130700100204,2003,0.0,0.0,0.0
130700100204,2004,0.0,0.0,0.0
130700100204,2005,0.0,0.0,0.0
130700100204,2006,0.0,0.0,0.0
130700100204,2007,0.0,0.0,0.0
130700100204,2008,0.0,0.0,0.0
130700100204,2009,0.0,0.0,0.0
130700100204,2010,0.0,0.0,0.0
130700100204,2011,0.0,0.0,0.0
130700100204,2012,0.0,0.0,0.0
130700100204,2013,0.0,0.0,0.0
130700100204,2014,0.0,0.0,0.0
130700100204,2015,0.0,0.0,0.0
130700100204,2016,0.0,0.0,0.0
130700100204,2017,0.0,0.0,0.0
130700100204,2018,0.0,0.0,0.0
130700100204,2019,0.0,0.0,0.0
130700100204,2020,0.0,0.0,0.0
130700100301,2000,0.0,0.0,0.0
130700100301,2001,0.0,0.0,0.0
130700100301,2002,0.0,0.0,0.0
130700100301,2003,0.0,0.0,0.0
130700100301,2004,0.0,0.0,0.0
130700100301,2005,0.0,0.0,0.0
130700100301,2006,0.0,0.0,0.0
130700100301,2007,0.0,0.0,0.0
130700100301,2008,0.0,0.0,0.0
130700100301,2009,0.0,0.0,0.0
130700100301,2010,0.0,0.0,0.0
130700100301,2011,0.0,0.0,0.0
130700100301,2012,0.0,0.0,0.0
130700100301,2013,0.0,0.0,0.0
130700100301,2014,0.0,0.0,0.0
130700100301,2015,0.0,0.0,0.0
130700100301,2016,0.0,0.0,0.0
130700100301,2017,0.0,0.0,0.0
130700100301,2018,0.0,0.0,0.0
130700100301,2019,0.0,0.0,0.0
130700100301,2020,0.0,0.0,0.0
130700100302,2000,0.0,0.0,0.0
130700100302,2001,0.0,0.0,0.0
130700100302,2002,0.0,0.0,0.0
130700100302,2003,0.0,0.0,0.0
130700100302,2004,0.0,0.0,0.0
130700100302,2005,0.0,0.0,0.0
130700100302,2006,0.0,0.0,0.0
130700100302,2007,0.0,0.0,0.0
130700100302,2008,0.0,0.0,0.0
130700100302,2009,0.0,0.0,0.0
130700100302,2010,0.0,0.0,0.0
130700100302,2011,0.0,0.0,0.0
130700100302,2012,0.0,0.0,0.0
130700100302,2013,0.0,0.0,0.0
130700100302,2014,0.0,0.0,0.0
130700100302,2015,0.0,0.0,0.0
130700100302,2016,0.0,0.0,0.0
130700100302,2017,0.0,0.0,0.0
130700100302,2018,0.0,0.0,0.0
130700100302,2019,0.0,0.0,0.0
130700100302,2020,0.0,0.0,0.0
130700100303,2000,0.0,0.0,0.0
130700100303,2001,0.0,0.0,0.0
130700100303,2002,0.0,0.0,0.0
130700100303,2003,0.0,0.0,0.0
130700100303,2004,0.0,0.0,0.0
130700100303,2005,0.0,0.0,0.0
130700100303,2006,0.0,0.0,0.0
130700100303,2007,0.0,0.0,0.0
130700100303,2008,0.0,0.0,0.0
130700100303,2009,0.0,0.0,0.0
130700100303,2010,0.0,0.0,0.0
130700100303,2011,0.0,0.0,0.0
130700100303,2012,0.0,0.0,0.0
130700100303,2013,0.0,0.0,0.0
130700100303,2014,0.0,0.0,0.0
130700100303,2015,0.0,0.0,0.0
130700100303,2016,0.0,0.0,0.0
130700100303,2017,0.0,0.0,0.0
130700100303,2018,0.0,0.0,0.0
130700100303,2019,0.0,0.0,0.0
130700100303,2020,0.0,0.0,0.0
130700100304,2000,0.0,0.0,0.0
130700100304,2001,0.0,0.0,0.0
130700100304,2002,0.0,0.0,0.0
130700100304,2003,0.0,0.0,0.0
130700100304,2004,0.0,0.0,0.0
130700100304,2005,0.0,0.0,0.0
130700100304,2006,0.0,0.0,0.0
130700100304,2007,0.0,0.0,0.0
130700100304,2008,0.0,0.0,0.0
130700100304,2009,0.0,0.0,0.0
130700100304,2010,0.0,0.0,0.0
130700100304,2011,0.0,0.0,0.0
130700100304,2012,0.0,0.0,0.0
130700100304,2013,0.0,0.0,0.0
130700100304,2014,0.0,0.0,0.0
130700100304,2015,0.0,0.0,0.0
130700100304,2016,0.0,0.0,0.0
130700100304,2017,0.0,0.0,0.0
130700100304,2018,0.0,0.0,0.0
130700100304,2019,0.0,0.0,0.0
130700100304,2020,0.0,0.0,0.0
130700100305,2000,0.0,0.0,0.0
130700100305,2001,0.0,0.0,0.0
130700100305,2002,0.0,0.0,0.0
130700100305,2003,0.0,0.0,0.0
130700100305,2004,0.0,0.0,0.0
130700100305,2005,0.0,0.0,0.0
130700100305,2006,0.0,0.0,0.0
130700100305,2007,0.0,0.0,0.0
130700100305,2008,0.0,0.0,0.0
130700100305,2009,0.0,0.0,0.0
130700100305,2010,0.0,0.0,0.0
130700100305,2011,0.0,0.0,0.0
130700100305,2012,0.0,0.0,0.0
130700100305,2013,0.0,0.0,0.0
130700100305,2014,0.0,0.0,0.0
130700100305,2015,0.0,0.0,0.0
130700100305,2016,0.0,0.0,0.0
130700100305,2017,0.0,0.0,0.0
130700100305,2018,0.0,0.0,0.0
130700100305,2019,0.0,0.0,0.0
130700100305,2020,0.0,0.0,0.0
130700100306,2000,0.0,0.0,0.0
130700100306,2001,0.0,0.0,0.0
130700100306,2002,0.0,0.0,0.0
130700100306,2003,0.0,0.0,0.0
130700100306,2004,0.0,0.0,0.0
130700100306,2005,0.0,0.0,0.0
130700100306,2006,0.0,0.0,0.0
130700100306,2007,0.0,0.0,0.0
130700100306,2008,0.0,0.0,0.0
130700100306,2009,0.0,0.0,0.0
130700100306,2010,0.0,0.0,0.0
130700100306,2011,0.0,0.0,0.0
130700100306,2012,0.0,0.0,0.0
130700100306,2013,0.0,0.0,0.0
130700100306,2014,0.0,0.0,0.0
130700100306,2015,0.0,0.0,0.0
130700100306,2016,0.0,0.0,0.0
130700100306,2017,0.0,0.0,0.0
130700100306,2018,0.0,0.0,0.0
130700100306,2019,0.0,0.0,0.0
130700100306,2020,0.0,0.0,0.0
130700100307,2000,0.0,0.0,0.0
130700100307,2001,0.0,0.0,0.0
130700100307,2002,0.0,0.0,0.0
130700100307,2003,0.0,0.0,0.0
130700100307,2004,0.0,0.0,0.0
130700100307,2005,0.0,0.0,0.0
130700100307,2006,0.0,0.0,0.0
130700100307,2007,0.0,0.0,0.0
130700100307,2008,0.0,0.0,0.0
130700100307,2009,0.0,0.0,0.0
130700100307,2010,0.0,0.0,0.0
130700100307,2011,0.0,0.0,0.0
130700100307,2012,0.0,0.0,0.0
130700100307,2013,0.0,0.0,0.0
130700100307,2014,0.0,0.0,0.0
130700100307,2015,0.0,0.0,0.0
130700100307,2016,0.0,0.0,0.0
130700100307,2017,0.0,0.0,0.0
130700100307,2018,0.0,0.0,0.0
130700100307,2019,0.0,0.0,0.0
130700100307,2020,0.0,0.0,0.0
130700100401,2000,0.0,0.0,0.0
130700100401,2001,0.0,0.0,0.0
130700100401,2002,0.0,0.0,0.0
130700100401,2003,0.0,0.0,0.0
130700100401,2004,0.0,0.0,0.0
130700100401,2005,0.0,0.0,0.0
130700100401,2006,0.0,0.0,0.0
130700100401,2007,0.0,0.0,0.0
130700100401,2008,0.0,0.0,0.0
130700100401,2009,0.0,0.0,0.0
130700100401,2010,0.0,0.0,0.0
130700100401,2011,0.0,0.0,0.0
130700100401,2012,0.0,0.0,0.0
130700100401,2013,0.0,0.0,0.0
130700100401,2014,0.0,0.0,0.0
130700100401,2015,0.0,0.0,0.0
130700100401,2016,0.0,0.0,0.0
130700100401,2017,0.0,0.0,0.0
130700100401,2018,0.0,0.0,0.0
130700100401,2019,0.0,0.0,0.0
130700100401,2020,0.0,0.0,0.0
130700100402,2000,0.0,0.0,0.0
130700100402,2001,0.0,0.0,0.0
130700100402,2002,0.0,0.0,0.0
130700100402,2003,0.0,0.0,0.0
130700100402,2004,0.0,0.0,0.0
130700100402,2005,0.0,0.0,0.0
130700100402,2006,0.0,0.0,0.0
130700100402,2007,0.0,0.0,0.0
130700100402,2008,0.0,0.0,0.0
130700100402,2009,0.0,0.0,0.0
130700100402,2010,0.0,0.0,0.0
130700100402,2011,0.0,0.0,0.0
130700100402,2012,0.0,0.0,0.0
130700100402,2013,0.0,0.0,0.0
130700100402,2014,0.0,0.0,0.0
130700100402,2015,0.0,0.0,0.0
130700100402,2016,0.0,0.0,0.0
130700100402,2017,0.0,0.0,0.0
130700100402,2018,0.0,0.0,0.0
130700100402,2019,0.0,0.0,0.0
130700100402,2020,0.0,0.0,0.0
130700100403,2000,0.0,0.0,0.0
130700100403,2001,0.0,0.0,0.0
130700100403,2002,0.0,0.0,0.0
130700100403,2003,0.0,0.0,0.0
130700100403,2004,0.0,0.0,0.0
130700100403,2005,0.0,0.0,0.0
130700100403,2006,0.0,0.0,0.0
130700100403,2007,0.0,0.0,0.0
130700100403,2008,0.0,0.0,0.0
130700100403,2009,0.0,0.0,0.0
130700100403,2010,0.0,0.0,0.0
130700100403,2011,0.0,0.0,0.0
130700100403,2012,0.0,0.0,0.0
130700100403,2013,0.0,0.0,0.0
130700100403,2014,0.0,0.0,0.0
130700100403,2015,0.0,0.0,0.0
130700100403,2016,0.0,0.0,0.0
130700100403,2017,0.0,0.0,0.0
130700100403,2018,0.0,0.0,0.0
130700100403,2019,0.0,0.0,0.0
130700100403,2020,0.0,0.0,0.0
130700100404,2000,0.0,0.0,0.0
130700100404,2001,0.0,0.0,0.0
130700100404,2002,0.0,0.0,0.0
130700100404,2003,0.0,0.0,0.0
130700100404,2004,0.0,0.0,0.0
130700100404,2005,0.0,0.0,0.0
130700100404,2006,0.0,0.0,0.0
130700100404,2007,0.0,0.0,0.0
130700100404,2008,0.0,0.0,0.0
130700100404,2009,0.0,0.0,0.0
130700100404,2010,0.0,0.0,0.0
130700100404,2011,0.0,0.0,0.0
130700100404,2012,0.0,0.0,0.0
130700100404,2013,0.0,0.0,0.0
130700100404,2014,0.0,0.0,0.0
130700100404,2015,0.0,0.0,0.0
130700100404,2016,0.0,0.0,0.0
130700100404,2017,0.0,0.0,0.0
130700100404,2018,0.0,0.0,0.0
130700100404,2019,0.0,0.0,0.0
130700100404,2020,0.0,0.0,0.0
130700100405,2000,0.0,0.0,0.0
130700100405,2001,0.0,0.0,0.0
130700100405,2002,0.0,0.0,0.0
130700100405,2003,0.0,0.0,0.0
130700100405,2004,0.0,0.0,0.0
130700100405,2005,0.0,0.0,0.0
130700100405,2006,0.0,0.0,0.0
130700100405,2007,0.0,0.0,0.0
130700100405,2008,0.0,0.0,0.0
130700100405,2009,0.0,0.0,0.0
130700100405,2010,0.0,0.0,0.0
130700100405,2011,0.0,0.0,0.0
130700100405,2012,0.0,0.0,0.0
130700100405,2013,0.0,0.0,0.0
130700100405,2014,0.0,0.0,0.0
130700100405,2015,0.0,0.0,0.0
130700100405,2016,0.0,0.0,0.0
130700100405,2017,0.0,0.0,0.0
130700100405,2018,0.0,0.0,0.0
130700100405,2019,0.0,0.0,0.0
130700100405,2020,0.0,0.0,0.0
130700110101,2000,0.0,0.0,0.0
130700110101,2001,0.0,0.0,0.0
130700110101,2002,0.0,0.0,0.0
130700110101,2003,0.020073899,0.020073899,0.0
130700110101,2004,0.0,0.0,0.0
130700110101,2005,0.035125315,0.035125315,0.0
130700110101,2006,0.0,0.0,0.0
130700110101,2007,0.0,0.0,0.0
130700110101,2008,0.0,0.0,0.0
130700110101,2009,0.0,0.0,0.0
130700110101,2010,0.0,0.0,0.0
130700110101,2011,0.0,0.0,0.0
130700110101,2012,0.0,0.0,0.0
130700110101,2013,0.0,0.0,0.0
130700110101,2014,0.0,0.0,0.0
130700110101,2015,0.0,0.0,0.0
130700110101,2016,0.0,0.0,0.0
130700110101,2017,0.0,0.0,0.0
130700110101,2018,0.0,0.0,0.0
130700110101,2019,0.0,0.0,0.0
130700110101,2020,0.0,0.0,0.0
130700110102,2000,0.0,0.0,0.0
130700110102,2001,0.0,0.0,0.0
130700110102,2002,0.0,0.0,0.0
130700110102,2003,0.0,0.0,0.0
130700110102,2004,0.0,0.0,0.0
130700110102,2005,0.0,0.0,0.0
130700110102,2006,0.0,0.0,0.0
130700110102,2007,0.0,0.0,0.0
130700110102,2008,0.0,0.0,0.0
130700110102,2009,0.0,0.0,0.0
130700110102,2010,0.0,0.0,0.0
130700110102,2011,0.0,0.0,0.0
130700110102,2012,0.0,0.0,0.0
130700110102,2013,0.0,0.0,0.0
130700110102,2014,0.0,0.0,0.0
130700110102,2015,0.0,0.0,0.0
130700110102,2016,0.0,0.0,0.0
130700110102,2017,0.0,0.0,0.0
130700110102,2018,0.0,0.0,0.0
130700110102,2019,0.0,0.0,0.0
130700110102,2020,0.0,0.0,0.0
130700110103,2000,0.0,0.0,0.0
130700110103,2001,0.0,0.0,0.0
130700110103,2002,0.0,0.0,0.0
130700110103,2003,0.29087151,0.29087151,0.0
130700110103,2004,0.0,0.0,0.0
130700110103,2005,0.58020694,0.58020694,0.0
130700110103,2006,0.0,0.0,0.0
130700110103,2007,0.0,0.0,0.0
130700110103,2008,0.0,0.0,0.0
130700110103,2009,0.0,0.0,0.0
130700110103,2010,0.0,0.0,0.0
130700110103,2011,0.0,0.0,0.0
130700110103,2012,0.0,0.0,0.0
130700110103,2013,0.0,0.0,0.0
130700110103,2014,0.0,0.0,0.0
130700110103,2015,0.0,0.0,0.0
130700110103,2016,0.0,0.0,0.0
130700110103,2017,0.0,0.0,0.0
130700110103,2018,0.0,0.0,0.0
130700110103,2019,0.0,0.0,0.0
130700110103,2020,0.0,0.0,0.0
130700110104,2000,0.0,0.0,0.0
130700110104,2001,0.0,0.0,0.0
130700110104,2002,0.0,0.0,0.0
130700110104,2003,0.0,0.0,0.0
130700110104,2004,0.0,0.0,0.0
130700110104,2005,0.0,0.0,0.0
130700110104,2006,0.0,0.0,0.0
130700110104,2007,0.0,0.0,0.0
130700110104,2008,0.0,0.0,0.0
130700110104,2009,0.0,0.0,0.0
130700110104,2010,0.0,0.0,0.0
130700110104,2011,0.0,0.0,0.0
130700110104,2012,0.0,0.0,0.0
130700110104,2013,0.0,0.0,0.0
130700110104,2014,0.0,0.0,0.0
130700110104,2015,0.0,0.0,0.0
130700110104,2016,0.0,0.0,0.0
130700110104,2017,0.0,0.0,0.0
130700110104,2018,0.0,0.0,0.0
130700110104,2019,0.0,0.0,0.0
130700110104,2020,0.0,0.0,0.0
130700110105,2000,0.0,0.0,0.0
130700110105,2001,0.0,0.0,0.0
130700110105,2002,0.0,0.0,0.0
130700110105,2003,0.0,0.0,0.0
130700110105,2004,0.0,0.0,0.0
130700110105,2005,0.0,0.0,0.0
130700110105,2006,0.0,0.0,0.0
130700110105,2007,0.0,0.0,0.0
130700110105,2008,0.0,0.0,0.0
130700110105,2009,0.0,0.0,0.0
130700110105,2010,0.0,0.0,0.0
130700110105,2011,0.0,0.0,0.0
130700110105,2012,0.0,0.0,0.0
130700110105,2013,0.0,0.0,0.0
130700110105,2014,0.0,0.0,0.0
130700110105,2015,0.0,0.0,0.0
130700110105,2016,0.0,0.0,0.0
130700110105,2017,0.0,0.0,0.0
130700110105,2018,0.0,0.0,0.0
130700110105,2019,0.0,0.0,0.0
130700110105,2020,0.0,0.0,0.0
130700110106,2000,0.0,0.0,0.0
130700110106,2001,0.0,0.0,0.0
130700110106,2002,0.0,0.0,0.0
130700110106,2003,0.488116992,0.488116992,0.0
130700110106,2004,0.0,0.0,0.0
130700110106,2005,0.82282231,0.82282231,0.0
130700110106,2006,0.0,0.0,0.0
130700110106,2007,0.0,0.0,0.0
130700110106,2008,0.0,0.0,0.0
130700110106,2009,0.0,0.0,0.0
130700110106,2010,0.0,0.0,0.0
130700110106,2011,0.0,0.0,0.0
130700110106,2012,0.0,0.0,0.0
130700110106,2013,0.0,0.0,0.0
130700110106,2014,0.0,0.0,0.0
130700110106,2015,0.0,0.0,0.0
130700110106,2016,0.0,0.0,0.0
130700110106,2017,0.0,0.0,0.0
130700110106,2018,0.0,0.0,0.0
130700110106,2019,0.0,0.0,0.0
130700110106,2020,0.0,0.0,0.0
130700110107,2000,0.0,0.0,0.0
130700110107,2001,0.0,0.0,0.0
130700110107,2002,0.0,0.0,0.0
130700110107,2003,0.069232556,0.069232556,0.0
130700110107,2004,0.0,0.0,0.0
130700110107,2005,0.121144145,0.121144145,0.0
130700110107,2006,0.0,0.0,0.0
130700110107,2007,0.0,0.0,0.0
130700110107,2008,0.0,0.0,0.0
130700110107,2009,0.0,0.0,0.0
130700110107,2010,0.0,0.0,0.0
130700110107,2011,0.0,0.0,0.0
130700110107,2012,0.0,0.0,0.0
130700110107,2013,0.0,0.0,0.0
130700110107,2014,0.0,0.0,0.0
130700110107,2015,0.0,0.0,0.0
130700110107,2016,0.0,0.0,0.0
130700110107,2017,0.0,0.0,0.0
130700110107,2018,0.0,0.0,0.0
130700110107,2019,0.0,0.0,0.0
130700110107,2020,0.0,0.0,0.0
130700110108,2000,0.0,0.0,0.0
130700110108,2001,0.0,0.0,0.0
130700110108,2002,0.0,0.0,0.0
130700110108,2003,0.775452025,0.775452025,0.0
130700110108,2004,0.0,0.0,0.0
130700110108,2005,1.349863808,1.349863808,0.0
130700110108,2006,0.0,0.0,0.0
130700110108,2007,0.0,0.0,0.0
130700110108,2008,0.0,0.0,0.0
130700110108,2009,0.0,0.0,0.0
130700110108,2010,0.0,0.0,0.0
130700110108,2011,0.0,0.0,0.0
130700110108,2012,0.0,0.0,0.0
130700110108,2013,0.0,0.0,0.0
130700110108,2014,0.0,0.0,0.0
130700110108,2015,0.0,0.0,0.0
130700110108,2016,0.0,0.0,0.0
130700110108,2017,0.0,0.0,0.0
130700110108,2018,0.0,0.0,0.0
130700110108,2019,0.0,0.0,0.0
130700110108,2020,0.0,0.0,0.0
130700110201,2000,0.0,0.0,0.0
130700110201,2001,0.0,0.0,0.0
130700110201,2002,0.0,0.0,0.0
130700110201,2003,0.033230997,0.033230997,0.0
130700110201,2004,0.0,0.0,0.0
130700110201,2005,0.159082162,0.159082162,0.0
130700110201,2006,0.0,0.0,0.0
130700110201,2007,0.0,0.0,0.0
130700110201,2008,0.0,0.0,0.0
130700110201,2009,0.0,0.0,0.0
130700110201,2010,0.0,0.0,0.0
130700110201,2011,0.0,0.0,0.0
130700110201,2012,0.0,0.0,0.0
130700110201,2013,0.0,0.0,0.0
130700110201,2014,0.0,0.0,0.0
130700110201,2015,0.0,0.0,0.0
130700110201,2016,0.0,0.0,0.0
130700110201,2017,0.0,0.0,0.0
130700110201,2018,0.0,0.0,0.0
130700110201,2019,0.0,0.0,0.0
130700110201,2020,0.0,0.0,0.0
130700110202,2000,0.0,0.0,0.0
130700110202,2001,0.0,0.0,0.0
130700110202,2002,0.0,0.0,0.0
130700110202,2003,0.0,0.0,0.0
130700110202,2004,0.0,0.0,0.0
130700110202,2005,0.0,0.0,0.0
130700110202,2006,0.0,0.0,0.0
130700110202,2007,0.0,0.0,0.0
130700110202,2008,0.0,0.0,0.0
130700110202,2009,0.0,0.0,0.0
130700110202,2010,0.0,0.0,0.0
130700110202,2011,0.0,0.0,0.0
130700110202,2012,0.0,0.0,0.0
130700110202,2013,0.0,0.0,0.0
130700110202,2014,0.0,0.0,0.0
130700110202,2015,0.0,0.0,0.0
130700110202,2016,0.0,0.0,0.0
130700110202,2017,0.0,0.0,0.0
130700110202,2018,0.0,0.0,0.0
130700110202,2019,0.0,0.0,0.0
130700110202,2020,0.0,0.0,0.0
130700110203,2000,0.0,0.0,0.0
130700110203,2001,0.0,0.0,0.0
130700110203,2002,0.0,0.0,0.0
130700110203,2003,0.0,0.0,0.0
130700110203,2004,0.0,0.0,0.0
130700110203,2005,0.0,0.0,0.0
130700110203,2006,0.0,0.0,0.0
130700110203,2007,0.0,0.0,0.0
130700110203,2008,0.0,0.0,0.0
130700110203,2009,0.0,0.0,0.0
130700110203,2010,0.0,0.0,0.0
130700110203,2011,0.0,0.0,0.0
130700110203,2012,0.0,0.0,0.0
130700110203,2013,0.0,0.0,0.0
130700110203,2014,0.0,0.0,0.0
130700110203,2015,0.0,0.0,0.0
130700110203,2016,0.0,0.0,0.0
130700110203,2017,0.0,0.0,0.0
130700110203,2018,0.0,0.0,0.0
130700110203,2019,0.0,0.0,0.0
130700110203,2020,0.0,0.0,0.0
130700110204,2000,0.0,0.0,0.0
130700110204,2001,0.0,0.0,0.0
130700110204,2002,0.0,0.0,0.0
130700110204,2003,0.0,0.0,0.0
130700110204,2004,0.0,0.0,0.0
130700110204,2005,0.309293438,0.309293438,0.0
130700110204,2006,0.0,0.0,0.0
130700110204,2007,0.0,0.0,0.0
130700110204,2008,0.0,0.0,0.0
130700110204,2009,0.0,0.0,0.0
130700110204,2010,0.0,0.0,0.0
130700110204,2011,0.0,0.0,0.0
130700110204,2012,0.0,0.0,0.0
130700110204,2013,0.0,0.0,0.0
130700110204,2014,0.0,0.0,0.0
130700110204,2015,0.0,0.0,0.0
130700110204,2016,0.0,0.0,0.0
130700110204,2017,0.0,0.0,0.0
130700110204,2018,0.0,0.0,0.0
130700110204,2019,0.0,0.0,0.0
130700110204,2020,0.0,0.0,0.0
130700110205,2000,0.0,0.0,0.0
130700110205,2001,0.0,0.0,0.0
130700110205,2002,0.0,0.0,0.0
130700110205,2003,0.0,0.0,0.0
130700110205,2004,0.0,0.0,0.0
130700110205,2005,0.011213427,0.011213427,0.0
130700110205,2006,0.0,0.0,0.0
130700110205,2007,0.0,0.0,0.0
130700110205,2008,0.0,0.0,0.0
130700110205,2009,0.0,0.0,0.0
130700110205,2010,0.0,0.0,0.0
130700110205,2011,0.0,0.0,0.0
130700110205,2012,0.0,0.0,0.0
130700110205,2013,0.0,0.0,0.0
130700110205,2014,0.0,0.0,0.0
130700110205,2015,0.0,0.0,0.0
130700110205,2016,0.0,0.0,0.0
130700110205,2017,0.0,0.0,0.0
130700110205,2018,0.0,0.0,0.0
130700110205,2019,0.0,0.0,0.0
130700110205,2020,0.0,0.0,0.0
130700110206,2000,0.0,0.0,0.0
130700110206,2001,0.0,0.0,0.0
130700110206,2002,0.0,0.0,0.0
130700110206,2003,0.0,0.0,0.0
130700110206,2004,0.0,0.0,0.0
130700110206,2005,0.0,0.0,0.0
130700110206,2006,0.0,0.0,0.0
130700110206,2007,0.0,0.0,0.0
130700110206,2008,0.0,0.0,0.0
130700110206,2009,0.0,0.0,0.0
130700110206,2010,0.0,0.0,0.0
130700110206,2011,0.0,0.0,0.0
130700110206,2012,0.0,0.0,0.0
130700110206,2013,0.0,0.0,0.0
130700110206,2014,0.0,0.0,0.0
130700110206,2015,0.0,0.0,0.0
130700110206,2016,0.0,0.0,0.0
130700110206,2017,0.0,0.0,0.0
130700110206,2018,0.0,0.0,0.0
130700110206,2019,0.0,0.0,0.0
130700110206,2020,0.0,0.0,0.0
130700110301,2000,0.0,0.0,0.0
130700110301,2001,0.0,0.0,0.0
130700110301,2002,0.0,0.0,0.0
130700110301,2003,0.0,0.0,0.0
130700110301,2004,0.0,0.0,0.0
130700110301,2005,0.135306471,0.135306471,0.0
130700110301,2006,0.0,0.0,0.0
130700110301,2007,0.0,0.0,0.0
130700110301,2008,0.0,0.0,0.0
130700110301,2009,0.0,0.0,0.0
130700110301,2010,0.0,0.0,0.0
130700110301,2011,0.0,0.0,0.0
130700110301,2012,0.0,0.0,0.0
130700110301,2013,0.0,0.0,0.0
130700110301,2014,0.0,0.0,0.0
130700110301,2015,0.0,0.0,0.0
130700110301,2016,0.0,0.0,0.0
130700110301,2017,0.0,0.0,0.0
130700110301,2018,0.0,0.0,0.0
130700110301,2019,0.0,0.0,0.0
130700110301,2020,0.0,0.0,0.0
130700110302,2000,0.0,0.0,0.0
130700110302,2001,0.0,0.0,0.0
130700110302,2002,0.0,0.0,0.0
130700110302,2003,0.0,0.0,0.0
130700110302,2004,0.0,0.0,0.0
130700110302,2005,0.0,0.0,0.0
130700110302,2006,0.0,0.0,0.0
130700110302,2007,0.0,0.0,0.0
130700110302,2008,0.0,0.0,0.0
130700110302,2009,0.0,0.0,0.0
130700110302,2010,0.0,0.0,0.0
130700110302,2011,0.0,0.0,0.0
130700110302,2012,0.0,0.0,0.0
130700110302,2013,0.0,0.0,0.0
130700110302,2014,0.0,0.0,0.0
130700110302,2015,0.0,0.0,0.0
130700110302,2016,0.0,0.0,0.0
130700110302,2017,0.0,0.0,0.0
130700110302,2018,0.0,0.0,0.0
130700110302,2019,0.0,0.0,0.0
130700110302,2020,0.0,0.0,0.0
130700110303,2000,0.0,0.0,0.0
130700110303,2001,0.0,0.0,0.0
130700110303,2002,0.0,0.0,0.0
130700110303,2003,0.0,0.0,0.0
130700110303,2004,0.0,0.0,0.0
130700110303,2005,0.0,0.0,0.0
130700110303,2006,0.0,0.0,0.0
130700110303,2007,0.0,0.0,0.0
130700110303,2008,0.0,0.0,0.0
130700110303,2009,0.0,0.0,0.0
130700110303,2010,0.0,0.0,0.0
130700110303,2011,0.0,0.0,0.0
130700110303,2012,0.0,0.0,0.0
130700110303,2013,0.0,0.0,0.0
130700110303,2014,0.0,0.0,0.0
130700110303,2015,0.0,0.0,0.0
130700110303,2016,0.0,0.0,0.0
130700110303,2017,0.0,0.0,0.0
130700110303,2018,0.0,0.0,0.0
130700110303,2019,0.0,0.0,0.0
130700110303,2020,0.0,0.0,0.0
130700110304,2000,0.0,0.0,0.0
130700110304,2001,0.0,0.0,0.0
130700110304,2002,0.0,0.0,0.0
130700110304,2003,0.0,0.0,0.0
130700110304,2004,0.0,0.0,0.0
130700110304,2005,0.0,0.0,0.0
130700110304,2006,0.0,0.0,0.0
130700110304,2007,0.0,0.0,0.0
130700110304,2008,0.0,0.0,0.0
130700110304,2009,0.0,0.0,0.0
130700110304,2010,0.0,0.0,0.0
130700110304,2011,0.0,0.0,0.0
130700110304,2012,0.0,0.0,0.0
130700110304,2013,0.0,0.0,0.0
130700110304,2014,0.0,0.0,0.0
130700110304,2015,0.0,0.0,0.0
130700110304,2016,0.0,0.0,0.0
130700110304,2017,0.0,0.0,0.0
130700110304,2018,0.0,0.0,0.0
130700110304,2019,0.0,0.0,0.0
130700110304,2020,0.0,0.0,0.0
130700110305,2000,0.0,0.0,0.0
130700110305,2001,0.0,0.0,0.0
130700110305,2002,0.0,0.0,0.0
130700110305,2003,0.0,0.0,0.0
130700110305,2004,0.0,0.0,0.0
130700110305,2005,0.0,0.0,0.0
130700110305,2006,0.0,0.0,0.0
130700110305,2007,0.0,0.0,0.0
130700110305,2008,0.0,0.0,0.0
130700110305,2009,0.0,0.0,0.0
130700110305,2010,0.0,0.0,0.0
130700110305,2011,0.0,0.0,0.0
130700110305,2012,0.0,0.0,0.0
130700110305,2013,0.0,0.0,0.0
130700110305,2014,0.0,0.0,0.0
130700110305,2015,0.0,0.0,0.0
130700110305,2016,0.0,0.0,0.0
130700110305,2017,0.0,0.0,0.0
130700110305,2018,0.0,0.0,0.0
130700110305,2019,0.0,0.0,0.0
130700110305,2020,0.0,0.0,0.0
130700110306,2000,0.0,0.0,0.0
130700110306,2001,0.0,0.0,0.0
130700110306,2002,0.0,0.0,0.0
130700110306,2003,0.0,0.0,0.0
130700110306,2004,0.0,0.0,0.0
130700110306,2005,0.0,0.0,0.0
130700110306,2006,0.0,0.0,0.0
130700110306,2007,0.0,0.0,0.0
130700110306,2008,0.0,0.0,0.0
130700110306,2009,0.0,0.0,0.0
130700110306,2010,0.0,0.0,0.0
130700110306,2011,0.0,0.0,0.0
130700110306,2012,0.0,0.0,0.0
130700110306,2013,0.0,0.0,0.0
130700110306,2014,0.0,0.0,0.0
130700110306,2015,0.0,0.0,0.0
130700110306,2016,0.0,0.0,0.0
130700110306,2017,0.0,0.0,0.0
130700110306,2018,0.0,0.0,0.0
130700110306,2019,0.0,0.0,0.0
130700110306,2020,0.0,0.0,0.0
130700110307,2000,0.0,0.0,0.0
130700110307,2001,0.0,0.0,0.0
130700110307,2002,0.0,0.0,0.0
130700110307,2003,0.0,0.0,0.0
130700110307,2004,0.0,0.0,0.0
130700110307,2005,0.0,0.0,0.0
130700110307,2006,0.0,0.0,0.0
130700110307,2007,0.0,0.0,0.0
130700110307,2008,0.0,0.0,0.0
130700110307,2009,0.0,0.0,0.0
130700110307,2010,0.0,0.0,0.0
130700110307,2011,0.0,0.0,0.0
130700110307,2012,0.0,0.0,0.0
130700110307,2013,0.0,0.0,0.0
130700110307,2014,0.0,0.0,0.0
130700110307,2015,0.0,0.0,0.0
130700110307,2016,0.0,0.0,0.0
130700110307,2017,0.0,0.0,0.0
130700110307,2018,0.0,0.0,0.0
130700110307,2019,0.0,0.0,0.0
130700110307,2020,0.0,0.0,0.0
130700110308,2000,0.0,0.0,0.0
130700110308,2001,0.0,0.0,0.0
130700110308,2002,0.0,0.0,0.0
130700110308,2003,0.0,0.0,0.0
130700110308,2004,0.0,0.0,0.0
130700110308,2005,0.0,0.0,0.0
130700110308,2006,0.0,0.0,0.0
130700110308,2007,0.0,0.0,0.0
130700110308,2008,0.0,0.0,0.0
130700110308,2009,0.0,0.0,0.0
130700110308,2010,0.0,0.0,0.0
130700110308,2011,0.0,0.0,0.0
130700110308,2012,0.0,0.0,0.0
130700110308,2013,0.0,0.0,0.0
130700110308,2014,0.0,0.0,0.0
130700110308,2015,0.0,0.0,0.0
130700110308,2016,0.0,0.0,0.0
130700110308,2017,0.0,0.0,0.0
130700110308,2018,0.0,0.0,0.0
130700110308,2019,0.0,0.0,0.0
130700110308,2020,0.0,0.0,0.0
130700120101,2000,0.0,0.0,0.0
130700120101,2001,0.0,0.0,0.0
130700120101,2002,0.0,0.0,0.0
130700120101,2003,0.0,0.0,0.0
130700120101,2004,0.0,0.0,0.0
130700120101,2005,0.0,0.0,0.0
130700120101,2006,0.0,0.0,0.0
130700120101,2007,0.0,0.0,0.0
130700120101,2008,0.0,0.0,0.0
130700120101,2009,0.0,0.0,0.0
130700120101,2010,0.0,0.0,0.0
130700120101,2011,0.0,0.0,0.0
130700120101,2012,0.0,0.0,0.0
130700120101,2013,0.0,0.0,0.0
130700120101,2014,0.0,0.0,0.0
130700120101,2015,0.0,0.0,0.0
130700120101,2016,0.0,0.0,0.0
130700120101,2017,0.0,0.0,0.0
130700120101,2018,0.0,0.0,0.0
130700120101,2019,0.0,0.0,0.0
130700120101,2020,0.0,0.0,0.0
130700120102,2000,0.0,0.0,0.0
130700120102,2001,0.0,0.0,0.0
130700120102,2002,0.0,0.0,0.0
130700120102,2003,0.0,0.0,0.0
130700120102,2004,0.0,0.0,0.0
130700120102,2005,0.0,0.0,0.0
130700120102,2006,0.0,0.0,0.0
130700120102,2007,0.0,0.0,0.0
130700120102,2008,0.0,0.0,0.0
130700120102,2009,0.0,0.0,0.0
130700120102,2010,0.0,0.0,0.0
130700120102,2011,0.0,0.0,0.0
130700120102,2012,0.0,0.0,0.0
130700120102,2013,0.0,0.0,0.0
130700120102,2014,0.0,0.0,0.0
130700120102,2015,0.0,0.0,0.0
130700120102,2016,0.0,0.0,0.0
130700120102,2017,0.0,0.0,0.0
130700120102,2018,0.0,0.0,0.0
130700120102,2019,0.0,0.0,0.0
130700120102,2020,0.0,0.0,0.0
130700120103,2000,0.0,0.0,0.0
130700120103,2001,0.0,0.0,0.0
130700120103,2002,0.0,0.0,0.0
130700120103,2003,0.0,0.0,0.0
130700120103,2004,0.0,0.0,0.0
130700120103,2005,0.0,0.0,0.0
130700120103,2006,0.0,0.0,0.0
130700120103,2007,0.0,0.0,0.0
130700120103,2008,0.0,0.0,0.0
130700120103,2009,0.0,0.0,0.0
130700120103,2010,0.0,0.0,0.0
130700120103,2011,0.0,0.0,0.0
130700120103,2012,0.0,0.0,0.0
130700120103,2013,0.0,0.0,0.0
130700120103,2014,0.0,0.0,0.0
130700120103,2015,0.0,0.0,0.0
130700120103,2016,0.0,0.0,0.0
130700120103,2017,0.0,0.0,0.0
130700120103,2018,0.0,0.0,0.0
130700120103,2019,0.0,0.0,0.0
130700120103,2020,0.0,0.0,0.0
130700120104,2000,0.0,0.0,0.0
130700120104,2001,0.0,0.0,0.0
130700120104,2002,0.0,0.0,0.0
130700120104,2003,0.0,0.0,0.0
130700120104,2004,0.0,0.0,0.0
130700120104,2005,0.0,0.0,0.0
130700120104,2006,0.0,0.0,0.0
130700120104,2007,0.0,0.0,0.0
130700120104,2008,0.0,0.0,0.0
130700120104,2009,0.0,0.0,0.0
130700120104,2010,0.0,0.0,0.0
130700120104,2011,0.0,0.0,0.0
130700120104,2012,0.0,0.0,0.0
130700120104,2013,0.0,0.0,0.0
130700120104,2014,0.0,0.0,0.0
130700120104,2015,0.0,0.0,0.0
130700120104,2016,0.0,0.0,0.0
130700120104,2017,0.0,0.0,0.0
130700120104,2018,0.0,0.0,0.0
130700120104,2019,0.0,0.0,0.0
130700120104,2020,0.0,0.0,0.0
130700120105,2000,0.0,0.0,0.0
130700120105,2001,0.0,0.0,0.0
130700120105,2002,0.0,0.0,0.0
130700120105,2003,0.0,0.0,0.0
130700120105,2004,0.0,0.0,0.0
130700120105,2005,0.0,0.0,0.0
130700120105,2006,0.0,0.0,0.0
130700120105,2007,0.0,0.0,0.0
130700120105,2008,0.0,0.0,0.0
130700120105,2009,0.0,0.0,0.0
130700120105,2010,0.0,0.0,0.0
130700120105,2011,0.0,0.0,0.0
130700120105,2012,0.0,0.0,0.0
130700120105,2013,0.0,0.0,0.0
130700120105,2014,0.0,0.0,0.0
130700120105,2015,0.0,0.0,0.0
130700120105,2016,0.0,0.0,0.0
130700120105,2017,0.0,0.0,0.0
130700120105,2018,0.0,0.0,0.0
130700120105,2019,0.0,0.0,0.0
130700120105,2020,0.0,0.0,0.0
130700120106,2000,0.0,0.0,0.0
130700120106,2001,0.0,0.0,0.0
130700120106,2002,0.0,0.0,0.0
130700120106,2003,0.0,0.0,0.0
130700120106,2004,0.0,0.0,0.0
130700120106,2005,0.0,0.0,0.0
130700120106,2006,0.0,0.0,0.0
130700120106,2007,0.0,0.0,0.0
130700120106,2008,0.0,0.0,0.0
130700120106,2009,0.0,0.0,0.0
130700120106,2010,0.0,0.0,0.0
130700120106,2011,0.0,0.0,0.0
130700120106,2012,0.0,0.0,0.0
130700120106,2013,0.0,0.0,0.0
130700120106,2014,0.0,0.0,0.0
130700120106,2015,0.0,0.0,0.0
130700120106,2016,0.0,0.0,0.0
130700120106,2017,0.0,0.0,0.0
130700120106,2018,0.0,0.0,0.0
130700120106,2019,0.0,0.0,0.0
130700120106,2020,0.0,0.0,0.0
130700120107,2000,0.0,0.0,0.0
130700120107,2001,0.0,0.0,0.0
130700120107,2002,0.0,0.0,0.0
130700120107,2003,0.0,0.0,0.0
130700120107,2004,0.0,0.0,0.0
130700120107,2005,0.0,0.0,0.0
130700120107,2006,0.0,0.0,0.0
130700120107,2007,0.0,0.0,0.0
130700120107,2008,0.0,0.0,0.0
130700120107,2009,0.0,0.0,0.0
130700120107,2010,0.0,0.0,0.0
130700120107,2011,0.0,0.0,0.0
130700120107,2012,0.0,0.0,0.0
130700120107,2013,0.0,0.0,0.0
130700120107,2014,0.0,0.0,0.0
130700120107,2015,0.0,0.0,0.0
130700120107,2016,0.0,0.0,0.0
130700120107,2017,0.0,0.0,0.0
130700120107,2018,0.0,0.0,0.0
130700120107,2019,0.0,0.0,0.0
130700120107,2020,0.0,0.0,0.0
130700120108,2000,0.0,0.0,0.0
130700120108,2001,0.0,0.0,0.0
130700120108,2002,0.0,0.0,0.0
130700120108,2003,0.0,0.0,0.0
130700120108,2004,0.0,0.0,0.0
130700120108,2005,0.0,0.0,0.0
130700120108,2006,0.0,0.0,0.0
130700120108,2007,0.0,0.0,0.0
130700120108,2008,0.0,0.0,0.0
130700120108,2009,0.0,0.0,0.0
130700120108,2010,0.0,0.0,0.0
130700120108,2011,0.0,0.0,0.0
130700120108,2012,0.0,0.0,0.0
130700120108,2013,0.0,0.0,0.0
130700120108,2014,0.0,0.0,0.0
130700120108,2015,0.0,0.0,0.0
130700120108,2016,0.0,0.0,0.0
130700120108,2017,0.0,0.0,0.0
130700120108,2018,0.0,0.0,0.0
130700120108,2019,0.0,0.0,0.0
130700120108,2020,0.0,0.0,0.0
130700120201,2000,0.0,0.0,0.0
130700120201,2001,0.0,0.0,0.0
130700120201,2002,0.0,0.0,0.0
130700120201,2003,0.0,0.0,0.0
130700120201,2004,0.0,0.0,0.0
130700120201,2005,0.0,0.0,0.0
130700120201,2006,0.0,0.0,0.0
130700120201,2007,0.0,0.0,0.0
130700120201,2008,0.0,0.0,0.0
130700120201,2009,0.0,0.0,0.0
130700120201,2010,0.0,0.0,0.0
130700120201,2011,0.0,0.0,0.0
130700120201,2012,0.0,0.0,0.0
130700120201,2013,0.0,0.0,0.0
130700120201,2014,0.0,0.0,0.0
130700120201,2015,0.0,0.0,0.0
130700120201,2016,0.0,0.0,0.0
130700120201,2017,0.0,0.0,0.0
130700120201,2018,0.0,0.0,0.0
130700120201,2019,0.0,0.0,0.0
130700120201,2020,0.0,0.0,0.0
130700120202,2000,0.0,0.0,0.0
130700120202,2001,0.0,0.0,0.0
130700120202,2002,0.0,0.0,0.0
130700120202,2003,0.0,0.0,0.0
130700120202,2004,0.0,0.0,0.0
130700120202,2005,0.0,0.0,0.0
130700120202,2006,0.0,0.0,0.0
130700120202,2007,0.0,0.0,0.0
130700120202,2008,0.0,0.0,0.0
130700120202,2009,0.0,0.0,0.0
130700120202,2010,0.0,0.0,0.0
130700120202,2011,0.0,0.0,0.0
130700120202,2012,0.0,0.0,0.0
130700120202,2013,0.0,0.0,0.0
130700120202,2014,0.0,0.0,0.0
130700120202,2015,0.0,0.0,0.0
130700120202,2016,0.0,0.0,0.0
130700120202,2017,0.0,0.0,0.0
130700120202,2018,0.0,0.0,0.0
130700120202,2019,0.0,0.0,0.0
130700120202,2020,0.0,0.0,0.0
130700120203,2000,0.0,0.0,0.0
130700120203,2001,0.0,0.0,0.0
130700120203,2002,0.0,0.0,0.0
130700120203,2003,0.0,0.0,0.0
130700120203,2004,0.0,0.0,0.0
130700120203,2005,0.0,0.0,0.0
130700120203,2006,0.0,0.0,0.0
130700120203,2007,0.0,0.0,0.0
130700120203,2008,0.0,0.0,0.0
130700120203,2009,0.0,0.0,0.0
130700120203,2010,0.0,0.0,0.0
130700120203,2011,0.0,0.0,0.0
130700120203,2012,0.0,0.0,0.0
130700120203,2013,0.0,0.0,0.0
130700120203,2014,0.0,0.0,0.0
130700120203,2015,0.0,0.0,0.0
130700120203,2016,0.0,0.0,0.0
130700120203,2017,0.0,0.0,0.0
130700120203,2018,0.0,0.0,0.0
130700120203,2019,0.0,0.0,0.0
130700120203,2020,0.0,0.0,0.0
130700120204,2000,0.0,0.0,0.0
130700120204,2001,0.0,0.0,0.0
130700120204,2002,0.0,0.0,0.0
130700120204,2003,0.0,0.0,0.0
130700120204,2004,0.0,0.0,0.0
130700120204,2005,0.0,0.0,0.0
130700120204,2006,0.0,0.0,0.0
130700120204,2007,0.0,0.0,0.0
130700120204,2008,0.0,0.0,0.0
130700120204,2009,0.0,0.0,0.0
130700120204,2010,0.0,0.0,0.0
130700120204,2011,0.0,0.0,0.0
130700120204,2012,0.0,0.0,0.0
130700120204,2013,0.0,0.0,0.0
130700120204,2014,0.0,0.0,0.0
130700120204,2015,0.0,0.0,0.0
130700120204,2016,0.0,0.0,0.0
130700120204,2017,0.0,0.0,0.0
130700120204,2018,0.0,0.0,0.0
130700120204,2019,0.0,0.0,0.0
130700120204,2020,0.0,0.0,0.0
130700120205,2000,0.0,0.0,0.0
130700120205,2001,0.0,0.0,0.0
130700120205,2002,0.0,0.0,0.0
130700120205,2003,0.0,0.0,0.0
130700120205,2004,0.0,0.0,0.0
130700120205,2005,0.0,0.0,0.0
130700120205,2006,0.0,0.0,0.0
130700120205,2007,0.0,0.0,0.0
130700120205,2008,0.0,0.0,0.0
130700120205,2009,0.0,0.0,0.0
130700120205,2010,0.0,0.0,0.0
130700120205,2011,0.0,0.0,0.0
130700120205,2012,0.0,0.0,0.0
130700120205,2013,0.0,0.0,0.0
130700120205,2014,0.0,0.0,0.0
130700120205,2015,0.0,0.0,0.0
130700120205,2016,0.0,0.0,0.0
130700120205,2017,0.0,0.0,0.0
130700120205,2018,0.0,0.0,0.0
130700120205,2019,0.0,0.0,0.0
130700120205,2020,0.0,0.0,0.0
130700120206,2000,0.0,0.0,0.0
130700120206,2001,0.0,0.0,0.0
130700120206,2002,0.0,0.0,0.0
130700120206,2003,0.0,0.0,0.0
130700120206,2004,0.0,0.0,0.0
130700120206,2005,0.0,0.0,0.0
130700120206,2006,0.0,0.0,0.0
130700120206,2007,0.0,0.0,0.0
130700120206,2008,0.0,0.0,0.0
130700120206,2009,0.0,0.0,0.0
130700120206,2010,0.0,0.0,0.0
130700120206,2011,0.0,0.0,0.0
130700120206,2012,0.0,0.0,0.0
130700120206,2013,0.0,0.0,0.0
130700120206,2014,0.0,0.0,0.0
130700120206,2015,0.0,0.0,0.0
130700120206,2016,0.0,0.0,0.0
130700120206,2017,0.0,0.0,0.0
130700120206,2018,0.0,0.0,0.0
130700120206,2019,0.0,0.0,0.0
130700120206,2020,0.0,0.0,0.0
130700120207,2000,0.0,0.0,0.0
130700120207,2001,0.0,0.0,0.0
130700120207,2002,0.0,0.0,0.0
130700120207,2003,0.0,0.0,0.0
130700120207,2004,0.0,0.0,0.0
130700120207,2005,0.0,0.0,0.0
130700120207,2006,0.0,0.0,0.0
130700120207,2007,0.0,0.0,0.0
130700120207,2008,0.0,0.0,0.0
130700120207,2009,0.0,0.0,0.0
130700120207,2010,0.0,0.0,0.0
130700120207,2011,0.0,0.0,0.0
130700120207,2012,0.0,0.0,0.0
130700120207,2013,0.0,0.0,0.0
130700120207,2014,0.0,0.0,0.0
130700120207,2015,0.0,0.0,0.0
130700120207,2016,0.0,0.0,0.0
130700120207,2017,0.0,0.0,0.0
130700120207,2018,0.0,0.0,0.0
130700120207,2019,0.0,0.0,0.0
130700120207,2020,0.0,0.0,0.0
130700120301,2000,0.0,0.0,0.0
130700120301,2001,0.0,0.0,0.0
130700120301,2002,0.0,0.0,0.0
130700120301,2003,0.0,0.0,0.0
130700120301,2004,0.0,0.0,0.0
130700120301,2005,0.0,0.0,0.0
130700120301,2006,0.0,0.0,0.0
130700120301,2007,0.0,0.0,0.0
130700120301,2008,0.0,0.0,0.0
130700120301,2009,0.0,0.0,0.0
130700120301,2010,0.0,0.0,0.0
130700120301,2011,0.0,0.0,0.0
130700120301,2012,0.0,0.0,0.0
130700120301,2013,0.0,0.0,0.0
130700120301,2014,0.0,0.0,0.0
130700120301,2015,0.0,0.0,0.0
130700120301,2016,0.0,0.0,0.0
130700120301,2017,0.0,0.0,0.0
130700120301,2018,0.0,0.0,0.0
130700120301,2019,0.0,0.0,0.0
130700120301,2020,0.0,0.0,0.0
130700120302,2000,0.0,0.0,0.0
130700120302,2001,0.0,0.0,0.0
130700120302,2002,0.0,0.0,0.0
130700120302,2003,0.0,0.0,0.0
130700120302,2004,0.0,0.0,0.0
130700120302,2005,0.0,0.0,0.0
130700120302,2006,0.0,0.0,0.0
130700120302,2007,0.0,0.0,0.0
130700120302,2008,0.0,0.0,0.0
130700120302,2009,0.0,0.0,0.0
130700120302,2010,0.0,0.0,0.0
130700120302,2011,0.0,0.0,0.0
130700120302,2012,0.0,0.0,0.0
130700120302,2013,0.0,0.0,0.0
130700120302,2014,0.0,0.0,0.0
130700120302,2015,0.0,0.0,0.0
130700120302,2016,0.0,0.0,0.0
130700120302,2017,0.0,0.0,0.0
130700120302,2018,0.0,0.0,0.0
130700120302,2019,0.0,0.0,0.0
130700120302,2020,0.0,0.0,0.0
130700120303,2000,0.0,0.0,0.0
130700120303,2001,0.0,0.0,0.0
130700120303,2002,0.0,0.0,0.0
130700120303,2003,0.0,0.0,0.0
130700120303,2004,0.0,0.0,0.0
130700120303,2005,0.0,0.0,0.0
130700120303,2006,0.0,0.0,0.0
130700120303,2007,0.0,0.0,0.0
130700120303,2008,0.0,0.0,0.0
130700120303,2009,0.0,0.0,0.0
130700120303,2010,0.0,0.0,0.0
130700120303,2011,0.0,0.0,0.0
130700120303,2012,0.0,0.0,0.0
130700120303,2013,0.0,0.0,0.0
130700120303,2014,0.0,0.0,0.0
130700120303,2015,0.0,0.0,0.0
130700120303,2016,0.0,0.0,0.0
130700120303,2017,0.0,0.0,0.0
130700120303,2018,0.0,0.0,0.0
130700120303,2019,0.0,0.0,0.0
130700120303,2020,0.0,0.0,0.0
130700120304,2000,0.0,0.0,0.0
130700120304,2001,0.0,0.0,0.0
130700120304,2002,0.0,0.0,0.0
130700120304,2003,0.0,0.0,0.0
130700120304,2004,0.0,0.0,0.0
130700120304,2005,0.0,0.0,0.0
130700120304,2006,0.0,0.0,0.0
130700120304,2007,0.0,0.0,0.0
130700120304,2008,0.0,0.0,0.0
130700120304,2009,0.0,0.0,0.0
130700120304,2010,0.0,0.0,0.0
130700120304,2011,0.0,0.0,0.0
130700120304,2012,0.0,0.0,0.0
130700120304,2013,0.0,0.0,0.0
130700120304,2014,0.0,0.0,0.0
130700120304,2015,0.0,0.0,0.0
130700120304,2016,0.0,0.0,0.0
130700120304,2017,0.0,0.0,0.0
130700120304,2018,0.0,0.0,0.0
130700120304,2019,0.0,0.0,0.0
130700120304,2020,0.0,0.0,0.0
130700120401,2000,0.0,0.0,0.0
130700120401,2001,0.0,0.0,0.0
130700120401,2002,0.0,0.0,0.0
130700120401,2003,0.0,0.0,0.0
130700120401,2004,0.0,0.0,0.0
130700120401,2005,0.0,0.0,0.0
130700120401,2006,0.0,0.0,0.0
130700120401,2007,0.0,0.0,0.0
130700120401,2008,0.0,0.0,0.0
130700120401,2009,0.0,0.0,0.0
130700120401,2010,0.0,0.0,0.0
130700120401,2011,0.0,0.0,0.0
130700120401,2012,0.0,0.0,0.0
130700120401,2013,0.0,0.0,0.0
130700120401,2014,0.0,0.0,0.0
130700120401,2015,0.0,0.0,0.0
130700120401,2016,0.0,0.0,0.0
130700120401,2017,0.0,0.0,0.0
130700120401,2018,0.0,0.0,0.0
130700120401,2019,0.0,0.0,0.0
130700120401,2020,0.0,0.0,0.0
130700120402,2000,0.0,0.0,0.0
130700120402,2001,0.0,0.0,0.0
130700120402,2002,0.0,0.0,0.0
130700120402,2003,0.0,0.0,0.0
130700120402,2004,0.0,0.0,0.0
130700120402,2005,0.0,0.0,0.0
130700120402,2006,0.0,0.0,0.0
130700120402,2007,0.0,0.0,0.0
130700120402,2008,0.0,0.0,0.0
130700120402,2009,0.0,0.0,0.0
130700120402,2010,0.0,0.0,0.0
130700120402,2011,0.0,0.0,0.0
130700120402,2012,0.0,0.0,0.0
130700120402,2013,0.0,0.0,0.0
130700120402,2014,0.0,0.0,0.0
130700120402,2015,0.0,0.0,0.0
130700120402,2016,0.0,0.0,0.0
130700120402,2017,0.0,0.0,0.0
130700120402,2018,0.0,0.0,0.0
130700120402,2019,0.0,0.0,0.0
130700120402,2020,0.0,0.0,0.0
130700120403,2000,0.0,0.0,0.0
130700120403,2001,0.0,0.0,0.0
130700120403,2002,0.0,0.0,0.0
130700120403,2003,0.0,0.0,0.0
130700120403,2004,0.0,0.0,0.0
130700120403,2005,0.0,0.0,0.0
130700120403,2006,0.0,0.0,0.0
130700120403,2007,0.0,0.0,0.0
130700120403,2008,0.0,0.0,0.0
130700120403,2009,0.0,0.0,0.0
130700120403,2010,0.0,0.0,0.0
130700120403,2011,0.0,0.0,0.0
130700120403,2012,0.0,0.0,0.0
130700120403,2013,0.0,0.0,0.0
130700120403,2014,0.0,0.0,0.0
130700120403,2015,0.0,0.0,0.0
130700120403,2016,0.0,0.0,0.0
130700120403,2017,0.0,0.0,0.0
130700120403,2018,0.0,0.0,0.0
130700120403,2019,0.0,0.0,0.0
130700120403,2020,0.0,0.0,0.0
130700120404,2000,0.0,0.0,0.0
130700120404,2001,0.0,0.0,0.0
130700120404,2002,0.0,0.0,0.0
130700120404,2003,0.0,0.0,0.0
130700120404,2004,0.0,0.0,0.0
130700120404,2005,0.0,0.0,0.0
130700120404,2006,0.0,0.0,0.0
130700120404,2007,0.0,0.0,0.0
130700120404,2008,0.0,0.0,0.0
130700120404,2009,0.0,0.0,0.0
130700120404,2010,0.0,0.0,0.0
130700120404,2011,0.0,0.0,0.0
130700120404,2012,0.0,0.0,0.0
130700120404,2013,0.0,0.0,0.0
130700120404,2014,0.0,0.0,0.0
130700120404,2015,0.0,0.0,0.0
130700120404,2016,0.0,0.0,0.0
130700120404,2017,0.0,0.0,0.0
130700120404,2018,0.0,0.0,0.0
130700120404,2019,0.0,0.0,0.0
130700120404,2020,0.0,0.0,0.0
130700120405,2000,0.0,0.0,0.0
130700120405,2001,0.0,0.0,0.0
130700120405,2002,0.0,0.0,0.0
130700120405,2003,0.0,0.0,0.0
130700120405,2004,0.0,0.0,0.0
130700120405,2005,0.0,0.0,0.0
130700120405,2006,0.0,0.0,0.0
130700120405,2007,0.0,0.0,0.0
130700120405,2008,0.0,0.0,0.0
130700120405,2009,0.0,0.0,0.0
130700120405,2010,0.0,0.0,0.0
130700120405,2011,0.0,0.0,0.0
130700120405,2012,0.0,0.0,0.0
130700120405,2013,0.0,0.0,0.0
130700120405,2014,0.0,0.0,0.0
130700120405,2015,0.0,0.0,0.0
130700120405,2016,0.0,0.0,0.0
130700120405,2017,0.0,0.0,0.0
130700120405,2018,0.0,0.0,0.0
130700120405,2019,0.0,0.0,0.0
130700120405,2020,0.0,0.0,0.0
130700120406,2000,0.0,0.0,0.0
130700120406,2001,0.0,0.0,0.0
130700120406,2002,0.0,0.0,0.0
130700120406,2003,0.0,0.0,0.0
130700120406,2004,0.0,0.0,0.0
130700120406,2005,0.0,0.0,0.0
130700120406,2006,0.0,0.0,0.0
130700120406,2007,0.0,0.0,0.0
130700120406,2008,0.0,0.0,0.0
130700120406,2009,0.0,0.0,0.0
130700120406,2010,0.0,0.0,0.0
130700120406,2011,0.0,0.0,0.0
130700120406,2012,0.0,0.0,0.0
130700120406,2013,0.0,0.0,0.0
130700120406,2014,0.0,0.0,0.0
130700120406,2015,0.0,0.0,0.0
130700120406,2016,0.0,0.0,0.0
130700120406,2017,0.0,0.0,0.0
130700120406,2018,0.0,0.0,0.0
130700120406,2019,0.0,0.0,0.0
130700120406,2020,0.0,0.0,0.0
130700120407,2000,0.0,0.0,0.0
130700120407,2001,0.0,0.0,0.0
130700120407,2002,0.0,0.0,0.0
130700120407,2003,0.0,0.0,0.0
130700120407,2004,0.0,0.0,0.0
130700120407,2005,0.0,0.0,0.0
130700120407,2006,0.0,0.0,0.0
130700120407,2007,0.0,0.0,0.0
130700120407,2008,0.0,0.0,0.0
130700120407,2009,0.0,0.0,0.0
130700120407,2010,0.0,0.0,0.0
130700120407,2011,0.0,0.0,0.0
130700120407,2012,0.0,0.0,0.0
130700120407,2013,0.0,0.0,0.0
130700120407,2014,0.0,0.0,0.0
130700120407,2015,0.0,0.0,0.0
130700120407,2016,0.0,0.0,0.0
130700120407,2017,0.0,0.0,0.0
130700120407,2018,0.0,0.0,0.0
130700120407,2019,0.0,0.0,0.0
130700120407,2020,0.0,0.0,0.0
130800010205,2000,0.0,0.0,0.0
130800010205,2001,0.0,0.0,0.0
130800010205,2002,0.0,0.0,0.0
130800010205,2003,0.0,0.0,0.0
130800010205,2004,0.0,0.0,0.0
130800010205,2005,0.0,0.0,0.0
130800010205,2006,0.0,0.0,0.0
130800010205,2007,0.0,0.0,0.0
130800010205,2008,0.0,0.0,0.0
130800010205,2009,0.0,0.0,0.0
130800010205,2010,0.0,0.0,0.0
130800010205,2011,0.0,0.0,0.0
130800010205,2012,0.0,0.0,0.0
130800010205,2013,0.0,0.0,0.0
130800010205,2014,0.0,0.0,0.0
130800010205,2015,0.0,0.0,0.0
130800010205,2016,0.0,0.0,0.0
130800010205,2017,0.0,0.0,0.0
130800010205,2018,0.0,0.0,0.0
130800010205,2019,0.0,0.0,0.0
130800010205,2020,0.0,0.0,0.0
130800010301,2000,0.0,0.0,0.0
130800010301,2001,0.0,0.0,0.0
130800010301,2002,0.0,0.0,0.0
130800010301,2003,0.0,0.0,0.0
130800010301,2004,0.0,0.0,0.0
130800010301,2005,0.0,0.0,0.0
130800010301,2006,0.0,0.0,0.0
130800010301,2007,0.0,0.0,0.0
130800010301,2008,0.0,0.0,0.0
130800010301,2009,0.0,0.0,0.0
130800010301,2010,0.0,0.0,0.0
130800010301,2011,0.0,0.0,0.0
130800010301,2012,0.0,0.0,0.0
130800010301,2013,0.0,0.0,0.0
130800010301,2014,0.0,0.0,0.0
130800010301,2015,0.0,0.0,0.0
130800010301,2016,0.0,0.0,0.0
130800010301,2017,0.0,0.0,0.0
130800010301,2018,0.0,0.0,0.0
130800010301,2019,0.0,0.0,0.0
130800010301,2020,0.0,0.0,0.0
130800010302,2000,0.0,0.0,0.0
130800010302,2001,0.0,0.0,0.0
130800010302,2002,0.0,0.0,0.0
130800010302,2003,0.0,0.0,0.0
130800010302,2004,0.0,0.0,0.0
130800010302,2005,0.0,0.0,0.0
130800010302,2006,0.0,0.0,0.0
130800010302,2007,0.0,0.0,0.0
130800010302,2008,0.0,0.0,0.0
130800010302,2009,0.0,0.0,0.0
130800010302,2010,0.0,0.0,0.0
130800010302,2011,0.0,0.0,0.0
130800010302,2012,0.0,0.0,0.0
130800010302,2013,0.0,0.0,0.0
130800010302,2014,0.0,0.0,0.0
130800010302,2015,0.0,0.0,0.0
130800010302,2016,0.0,0.0,0.0
130800010302,2017,0.0,0.0,0.0
130800010302,2018,0.0,0.0,0.0
130800010302,2019,0.0,0.0,0.0
130800010302,2020,0.0,0.0,0.0
130800010303,2000,0.0,0.0,0.0
130800010303,2001,0.0,0.0,0.0
130800010303,2002,0.0,0.0,0.0
130800010303,2003,0.0,0.0,0.0
130800010303,2004,0.0,0.0,0.0
130800010303,2005,0.0,0.0,0.0
130800010303,2006,0.0,0.0,0.0
130800010303,2007,0.0,0.0,0.0
130800010303,2008,0.0,0.0,0.0
130800010303,2009,0.0,0.0,0.0
130800010303,2010,0.0,0.0,0.0
130800010303,2011,0.0,0.0,0.0
130800010303,2012,0.0,0.0,0.0
130800010303,2013,0.0,0.0,0.0
130800010303,2014,0.0,0.0,0.0
130800010303,2015,0.0,0.0,0.0
130800010303,2016,0.0,0.0,0.0
130800010303,2017,0.0,0.0,0.0
130800010303,2018,0.0,0.0,0.0
130800010303,2019,0.0,0.0,0.0
130800010303,2020,0.0,0.0,0.0
130800010304,2000,0.0,0.0,0.0
130800010304,2001,0.0,0.0,0.0
130800010304,2002,0.0,0.0,0.0
130800010304,2003,0.0,0.0,0.0
130800010304,2004,0.0,0.0,0.0
130800010304,2005,0.0,0.0,0.0
130800010304,2006,0.0,0.0,0.0
130800010304,2007,0.0,0.0,0.0
130800010304,2008,0.0,0.0,0.0
130800010304,2009,0.0,0.0,0.0
130800010304,2010,0.0,0.0,0.0
130800010304,2011,0.0,0.0,0.0
130800010304,2012,0.0,0.0,0.0
130800010304,2013,0.0,0.0,0.0
130800010304,2014,0.0,0.0,0.0
130800010304,2015,0.0,0.0,0.0
130800010304,2016,0.0,0.0,0.0
130800010304,2017,0.0,0.0,0.0
130800010304,2018,0.0,0.0,0.0
130800010304,2019,0.0,0.0,0.0
130800010304,2020,0.0,0.0,0.0
130800010305,2000,0.0,0.0,0.0
130800010305,2001,0.0,0.0,0.0
130800010305,2002,0.0,0.0,0.0
130800010305,2003,0.0,0.0,0.0
130800010305,2004,0.0,0.0,0.0
130800010305,2005,0.0,0.0,0.0
130800010305,2006,0.0,0.0,0.0
130800010305,2007,0.0,0.0,0.0
130800010305,2008,0.0,0.0,0.0
130800010305,2009,0.0,0.0,0.0
130800010305,2010,0.0,0.0,0.0
130800010305,2011,0.0,0.0,0.0
130800010305,2012,0.0,0.0,0.0
130800010305,2013,0.0,0.0,0.0
130800010305,2014,0.0,0.0,0.0
130800010305,2015,0.0,0.0,0.0
130800010305,2016,0.0,0.0,0.0
130800010305,2017,0.0,0.0,0.0
130800010305,2018,0.0,0.0,0.0
130800010305,2019,0.0,0.0,0.0
130800010305,2020,0.0,0.0,0.0
130800010306,2000,0.0,0.0,0.0
130800010306,2001,0.0,0.0,0.0
130800010306,2002,0.0,0.0,0.0
130800010306,2003,0.0,0.0,0.0
130800010306,2004,0.0,0.0,0.0
130800010306,2005,0.0,0.0,0.0
130800010306,2006,0.0,0.0,0.0
130800010306,2007,0.0,0.0,0.0
130800010306,2008,0.0,0.0,0.0
130800010306,2009,0.0,0.0,0.0
130800010306,2010,0.0,0.0,0.0
130800010306,2011,0.0,0.0,0.0
130800010306,2012,0.0,0.0,0.0
130800010306,2013,0.0,0.0,0.0
130800010306,2014,0.0,0.0,0.0
130800010306,2015,0.0,0.0,0.0
130800010306,2016,0.0,0.0,0.0
130800010306,2017,0.0,0.0,0.0
130800010306,2018,0.0,0.0,0.0
130800010306,2019,0.0,0.0,0.0
130800010306,2020,0.0,0.0,0.0
130800010401,2000,0.0,0.0,0.0
130800010401,2001,0.0,0.0,0.0
130800010401,2002,0.0,0.0,0.0
130800010401,2003,0.0,0.0,0.0
130800010401,2004,0.0,0.0,0.0
130800010401,2005,0.0,0.0,0.0
130800010401,2006,0.0,0.0,0.0
130800010401,2007,0.0,0.0,0.0
130800010401,2008,0.0,0.0,0.0
130800010401,2009,0.0,0.0,0.0
130800010401,2010,0.0,0.0,0.0
130800010401,2011,0.0,0.0,0.0
130800010401,2012,0.0,0.0,0.0
130800010401,2013,0.0,0.0,0.0
130800010401,2014,0.0,0.0,0.0
130800010401,2015,0.0,0.0,0.0
130800010401,2016,0.0,0.0,0.0
130800010401,2017,0.0,0.0,0.0
130800010401,2018,0.0,0.0,0.0
130800010401,2019,0.0,0.0,0.0
130800010401,2020,0.0,0.0,0.0
130800010402,2000,0.0,0.0,0.0
130800010402,2001,0.0,0.0,0.0
130800010402,2002,0.0,0.0,0.0
130800010402,2003,0.0,0.0,0.0
130800010402,2004,0.0,0.0,0.0
130800010402,2005,0.0,0.0,0.0
130800010402,2006,0.0,0.0,0.0
130800010402,2007,0.0,0.0,0.0
130800010402,2008,0.0,0.0,0.0
130800010402,2009,0.0,0.0,0.0
130800010402,2010,0.0,0.0,0.0
130800010402,2011,0.0,0.0,0.0
130800010402,2012,0.0,0.0,0.0
130800010402,2013,0.0,0.0,0.0
130800010402,2014,0.0,0.0,0.0
130800010402,2015,0.0,0.0,0.0
130800010402,2016,0.0,0.0,0.0
130800010402,2017,0.0,0.0,0.0
130800010402,2018,0.0,0.0,0.0
130800010402,2019,0.0,0.0,0.0
130800010402,2020,0.0,0.0,0.0
130800010403,2000,0.0,0.0,0.0
130800010403,2001,0.0,0.0,0.0
130800010403,2002,0.0,0.0,0.0
130800010403,2003,0.0,0.0,0.0
130800010403,2004,0.0,0.0,0.0
130800010403,2005,0.0,0.0,0.0
130800010403,2006,0.0,0.0,0.0
130800010403,2007,0.0,0.0,0.0
130800010403,2008,0.0,0.0,0.0
130800010403,2009,0.0,0.0,0.0
130800010403,2010,0.0,0.0,0.0
130800010403,2011,0.0,0.0,0.0
130800010403,2012,0.0,0.0,0.0
130800010403,2013,0.0,0.0,0.0
130800010403,2014,0.0,0.0,0.0
130800010403,2015,0.0,0.0,0.0
130800010403,2016,0.0,0.0,0.0
130800010403,2017,0.0,0.0,0.0
130800010403,2018,0.0,0.0,0.0
130800010403,2019,0.0,0.0,0.0
130800010403,2020,0.0,0.0,0.0
130800010404,2000,0.0,0.0,0.0
130800010404,2001,0.0,0.0,0.0
130800010404,2002,0.0,0.0,0.0
130800010404,2003,0.0,0.0,0.0
130800010404,2004,0.0,0.0,0.0
130800010404,2005,0.0,0.0,0.0
130800010404,2006,0.0,0.0,0.0
130800010404,2007,0.0,0.0,0.0
130800010404,2008,0.0,0.0,0.0
130800010404,2009,0.0,0.0,0.0
130800010404,2010,0.0,0.0,0.0
130800010404,2011,0.0,0.0,0.0
130800010404,2012,0.0,0.0,0.0
130800010404,2013,0.0,0.0,0.0
130800010404,2014,0.0,0.0,0.0
130800010404,2015,0.0,0.0,0.0
130800010404,2016,0.0,0.0,0.0
130800010404,2017,0.0,0.0,0.0
130800010404,2018,0.0,0.0,0.0
130800010404,2019,0.0,0.0,0.0
130800010404,2020,0.0,0.0,0.0
130800010405,2000,0.0,0.0,0.0
130800010405,2001,0.0,0.0,0.0
130800010405,2002,0.0,0.0,0.0
130800010405,2003,0.0,0.0,0.0
130800010405,2004,0.0,0.0,0.0
130800010405,2005,0.0,0.0,0.0
130800010405,2006,0.0,0.0,0.0
130800010405,2007,0.0,0.0,0.0
130800010405,2008,0.0,0.0,0.0
130800010405,2009,0.0,0.0,0.0
130800010405,2010,0.0,0.0,0.0
130800010405,2011,0.0,0.0,0.0
130800010405,2012,0.0,0.0,0.0
130800010405,2013,0.0,0.0,0.0
130800010405,2014,0.0,0.0,0.0
130800010405,2015,0.0,0.0,0.0
130800010405,2016,0.0,0.0,0.0
130800010405,2017,0.0,0.0,0.0
130800010405,2018,0.0,0.0,0.0
130800010405,2019,0.0,0.0,0.0
130800010405,2020,0.0,0.0,0.0
130800010406,2000,0.0,0.0,0.0
130800010406,2001,0.0,0.0,0.0
130800010406,2002,0.0,0.0,0.0
130800010406,2003,0.0,0.0,0.0
130800010406,2004,0.0,0.0,0.0
130800010406,2005,0.0,0.0,0.0
130800010406,2006,0.0,0.0,0.0
130800010406,2007,0.0,0.0,0.0
130800010406,2008,0.0,0.0,0.0
130800010406,2009,0.0,0.0,0.0
130800010406,2010,0.0,0.0,0.0
130800010406,2011,0.0,0.0,0.0
130800010406,2012,0.0,0.0,0.0
130800010406,2013,0.0,0.0,0.0
130800010406,2014,0.0,0.0,0.0
130800010406,2015,0.0,0.0,0.0
130800010406,2016,0.0,0.0,0.0
130800010406,2017,0.0,0.0,0.0
130800010406,2018,0.0,0.0,0.0
130800010406,2019,0.0,0.0,0.0
130800010406,2020,0.0,0.0,0.0
130800010407,2000,0.0,0.0,0.0
130800010407,2001,0.0,0.0,0.0
130800010407,2002,0.0,0.0,0.0
130800010407,2003,0.0,0.0,0.0
130800010407,2004,0.0,0.0,0.0
130800010407,2005,0.0,0.0,0.0
130800010407,2006,0.0,0.0,0.0
130800010407,2007,0.0,0.0,0.0
130800010407,2008,0.0,0.0,0.0
130800010407,2009,0.0,0.0,0.0
130800010407,2010,0.0,0.0,0.0
130800010407,2011,0.0,0.0,0.0
130800010407,2012,0.0,0.0,0.0
130800010407,2013,0.0,0.0,0.0
130800010407,2014,0.0,0.0,0.0
130800010407,2015,0.0,0.0,0.0
130800010407,2016,0.0,0.0,0.0
130800010407,2017,0.0,0.0,0.0
130800010407,2018,0.0,0.0,0.0
130800010407,2019,0.0,0.0,0.0
130800010407,2020,0.0,0.0,0.0
130800010501,2000,0.0,0.0,0.0
130800010501,2001,0.0,0.0,0.0
130800010501,2002,0.0,0.0,0.0
130800010501,2003,0.1131708,0.1131708,0.0
130800010501,2004,0.072143904,0.072143904,0.0
130800010501,2005,0.24113246,0.24113246,0.0
130800010501,2006,0.224472912,0.224472912,0.0
130800010501,2007,0.061888712,0.061888712,0.0
130800010501,2008,0.041504423,0.041504423,0.0
130800010501,2009,0.273505671,0.273505671,0.0
130800010501,2010,0.0,0.0,0.0
130800010501,2011,0.200528893,0.200528893,0.0
130800010501,2012,0.0,0.0,0.0
130800010501,2013,0.154521345,0.154521345,0.0
130800010501,2014,0.156281652,0.156281652,0.0
130800010501,2015,0.052286981,0.052286981,0.0
130800010501,2016,0.130047303,0.130047303,0.0
130800010501,2017,0.0,0.0,0.0
130800010501,2018,0.092651389,0.092651389,0.0
130800010501,2019,0.107613063,0.107613063,0.0
130800010501,2020,0.094485309,0.094485309,0.0
130800010502,2000,0.201415022,0.201415022,0.0
130800010502,2001,0.300005101,0.300005101,0.0
130800010502,2002,0.264781107,0.264781107,0.0
130800010502,2003,0.170788836,0.170788836,0.0
130800010502,2004,0.159717579,0.159717579,0.0
130800010502,2005,0.166449203,0.166449203,0.0
130800010502,2006,0.079226603,0.079226603,0.0
130800010502,2007,0.056758173,0.056758173,0.0
130800010502,2008,0.052452522,0.052452522,0.0
130800010502,2009,0.0,0.0,0.0
130800010502,2010,0.030340277,0.030340277,0.0
130800010502,2011,0.031927718,0.031927718,0.0
130800010502,2012,0.0,0.0,0.0
130800010502,2013,0.074103077,0.074103077,0.0
130800010502,2014,0.0,0.0,0.0
130800010502,2015,0.0,0.0,0.0
130800010502,2016,0.149804806,0.149804806,0.0
130800010502,2017,0.0,0.0,0.0
130800010502,2018,0.03412706,0.03412706,0.0
130800010502,2019,0.017349321,0.017349321,0.0
130800010502,2020,0.0,0.0,0.0
130800010503,2000,0.0,0.0,0.0
130800010503,2001,0.0,0.0,0.0
130800010503,2002,0.0,0.0,0.0
130800010503,2003,0.0,0.0,0.0
130800010503,2004,0.0,0.0,0.0
130800010503,2005,0.0,0.0,0.0
130800010503,2006,0.0,0.0,0.0
130800010503,2007,0.0,0.0,0.0
130800010503,2008,0.0,0.0,0.0
130800010503,2009,0.0,0.0,0.0
130800010503,2010,0.0,0.0,0.0
130800010503,2011,0.0,0.0,0.0
130800010503,2012,0.0,0.0,0.0
130800010503,2013,0.0,0.0,0.0
130800010503,2014,0.0,0.0,0.0
130800010503,2015,0.0,0.0,0.0
130800010503,2016,0.0,0.0,0.0
130800010503,2017,0.0,0.0,0.0
130800010503,2018,0.0,0.0,0.0
130800010503,2019,0.0,0.0,0.0
130800010503,2020,0.0,0.0,0.0
130800010504,2000,0.0,0.0,0.0
130800010504,2001,0.0,0.0,0.0
130800010504,2002,0.0,0.0,0.0
130800010504,2003,0.0,0.0,0.0
130800010504,2004,0.0,0.0,0.0
130800010504,2005,0.0,0.0,0.0
130800010504,2006,0.0,0.0,0.0
130800010504,2007,0.0,0.0,0.0
130800010504,2008,0.0,0.0,0.0
130800010504,2009,0.0,0.0,0.0
130800010504,2010,0.0,0.0,0.0
130800010504,2011,0.0,0.0,0.0
130800010504,2012,0.0,0.0,0.0
130800010504,2013,0.0,0.0,0.0
130800010504,2014,0.0,0.0,0.0
130800010504,2015,0.0,0.0,0.0
130800010504,2016,0.0,0.0,0.0
130800010504,2017,0.0,0.0,0.0
130800010504,2018,0.0,0.0,0.0
130800010504,2019,0.0,0.0,0.0
130800010504,2020,0.0,0.0,0.0
130800010505,2000,0.0,0.0,0.0
130800010505,2001,0.0,0.0,0.0
130800010505,2002,0.0,0.0,0.0
130800010505,2003,0.000504463,0.000504463,0.0
130800010505,2004,0.040584874,0.040584874,0.0
130800010505,2005,0.180732701,0.180732701,0.0
130800010505,2006,0.362920208,0.362920208,0.0
130800010505,2007,0.0981798,0.0981798,0.0
130800010505,2008,0.200684877,0.200684877,0.0
130800010505,2009,0.203297507,0.203297507,0.0
130800010505,2010,0.0,0.0,0.0
130800010505,2011,0.156564644,0.156564644,0.0
130800010505,2012,0.0,0.0,0.0
130800010505,2013,0.0,0.0,0.0
130800010505,2014,0.0,0.0,0.0
130800010505,2015,0.0,0.0,0.0
130800010505,2016,0.0,0.0,0.0
130800010505,2017,0.0,0.0,0.0
130800010505,2018,0.0,0.0,0.0
130800010505,2019,0.0,0.0,0.0
130800010505,2020,0.0,0.0,0.0
130800010506,2000,0.029139907,0.029139907,0.0
130800010506,2001,0.039112353,0.039112353,0.0
130800010506,2002,0.0,0.0,0.0
130800010506,2003,0.0,0.0,0.0
130800010506,2004,0.0,0.0,0.0
130800010506,2005,0.0461444,0.0461444,0.0
130800010506,2006,0.087683085,0.087683085,0.0
130800010506,2007,0.0,0.0,0.0
130800010506,2008,0.02773147,0.02773147,0.0
130800010506,2009,0.0,0.0,0.0
130800010506,2010,0.025385638,0.025385638,0.0
130800010506,2011,0.0,0.0,0.0
130800010506,2012,0.0,0.0,0.0
130800010506,2013,0.026560529,0.026560529,0.0
130800010506,2014,0.032682614,0.032682614,0.0
130800010506,2015,0.028844641,0.028844641,0.0
130800010506,2016,0.0,0.0,0.0
130800010506,2017,0.0,0.0,0.0
130800010506,2018,0.0,0.0,0.0
130800010506,2019,0.0,0.0,0.0
130800010506,2020,0.0,0.0,0.0
130800011203,2000,1.809713333,1.809713333,0.0
130800011203,2001,1.479960575,1.479960575,0.0
130800011203,2002,1.867946386,1.867946386,0.0
130800011203,2003,1.716526216,1.716526216,0.0
130800011203,2004,1.761365915,1.761365915,0.0
130800011203,2005,2.410378153,2.410378153,0.0
130800011203,2006,1.940912134,1.940912134,0.0
130800011203,2007,1.286544008,1.286544008,0.0
130800011203,2008,1.65782447,1.65782447,0.0
130800011203,2009,1.6091252,1.6091252,0.0
130800011203,2010,1.372183778,1.372183778,0.0
130800011203,2011,1.622116523,1.622116523,0.0
130800011203,2012,1.478905626,1.478905626,0.0
130800011203,2013,1.458941874,1.458941874,0.0
130800011203,2014,2.279097496,2.279097496,0.0
130800011203,2015,2.388882649,2.388882649,0.0
130800011203,2016,1.938338128,1.938338128,0.0
130800011203,2017,2.423839468,2.423839468,0.0
130800011203,2018,2.038393855,2.038393855,0.0
130800011203,2019,2.331256734,2.331256734,0.0
130800011203,2020,2.453637765,2.453637765,0.0
130800011301,2000,0.531395735,0.531395735,0.0
130800011301,2001,0.109447362,0.109447362,0.0
130800011301,2002,0.378496005,0.378496005,0.0
130800011301,2003,0.471803466,0.471803466,0.0
130800011301,2004,0.210740268,0.210740268,0.0
130800011301,2005,0.349621288,0.349621288,0.0
130800011301,2006,0.407805058,0.407805058,0.0
130800011301,2007,0.324139759,0.324139759,0.0
130800011301,2008,0.072771609,0.072771609,0.0
130800011301,2009,0.455584236,0.455584236,0.0
130800011301,2010,0.374736885,0.374736885,0.0
130800011301,2011,0.831564997,0.831564997,0.0
130800011301,2012,0.336161191,0.336161191,0.0
130800011301,2013,0.541700321,0.541700321,0.0
130800011301,2014,0.0,0.0,0.0
130800011301,2015,0.498726101,0.498726101,0.0
130800011301,2016,0.333587199,0.333587199,0.0
130800011301,2017,0.473580367,0.473580367,0.0
130800011301,2018,0.499245362,0.499245362,0.0
130800011301,2019,0.199526581,0.199526581,0.0
130800011301,2020,0.237111989,0.237111989,0.0
130800011302,2000,0.0,0.0,0.0
130800011302,2001,0.042413636,0.042413636,0.0
130800011302,2002,0.0,0.0,0.0
130800011302,2003,0.066561811,0.066561811,0.0
130800011302,2004,0.0,0.0,0.0
130800011302,2005,0.0,0.0,0.0
130800011302,2006,0.0,0.0,0.0
130800011302,2007,0.091039458,0.091039458,0.0
130800011302,2008,0.0,0.0,0.0
130800011302,2009,0.581204433,0.581204433,0.0
130800011302,2010,0.475418655,0.475418655,0.0
130800011302,2011,0.691587816,0.691587816,0.0
130800011302,2012,0.34984232,0.34984232,0.0
130800011302,2013,0.69718926,0.69718926,0.0
130800011302,2014,0.73939023,0.73939023,0.0
130800011302,2015,0.462263268,0.462263268,0.0
130800011302,2016,0.36201112,0.36201112,0.0
130800011302,2017,0.39686929,0.39686929,0.0
130800011302,2018,0.313190863,0.313190863,0.0
130800011302,2019,0.508493901,0.508493901,0.0
130800011302,2020,0.48917668,0.48917668,0.0
130800011303,2000,1.67440924,1.67440924,0.0
130800011303,2001,1.444170658,1.444170658,0.0
130800011303,2002,2.3771308,2.3771308,0.0
130800011303,2003,1.075579548,1.075579548,0.0
130800011303,2004,1.213076268,1.213076268,0.0
130800011303,2005,1.944518247,1.944518247,0.0
130800011303,2006,2.297655359,2.297655359,0.0
130800011303,2007,0.614766778,0.614766778,0.0
130800011303,2008,0.471419475,0.471419475,0.0
130800011303,2009,1.173991534,1.173991534,0.0
130800011303,2010,1.316332849,1.316332849,0.0
130800011303,2011,1.646118384,1.646118384,0.0
130800011303,2012,1.708489216,1.708489216,0.0
130800011303,2013,1.788888948,1.788888948,0.0
130800011303,2014,2.035759575,2.035759575,0.0
130800011303,2015,1.45409383,1.45409383,0.0
130800011303,2016,1.39392179,1.39392179,0.0
130800011303,2017,1.491227551,1.491227551,0.0
130800011303,2018,2.09051269,2.09051269,0.0
130800011303,2019,1.921989603,1.921989603,0.0
130800011303,2020,1.844311607,1.844311607,0.0
130800011304,2000,0.0,0.0,0.0
130800011304,2001,0.0,0.0,0.0
130800011304,2002,0.0,0.0,0.0
130800011304,2003,0.0,0.0,0.0
130800011304,2004,0.0,0.0,0.0
130800011304,2005,0.0,0.0,0.0
130800011304,2006,0.0,0.0,0.0
130800011304,2007,0.0,0.0,0.0
130800011304,2008,0.0,0.0,0.0
130800011304,2009,0.0,0.0,0.0
130800011304,2010,0.0,0.0,0.0
130800011304,2011,0.0,0.0,0.0
130800011304,2012,0.0,0.0,0.0
130800011304,2013,0.02982274,0.02982274,0.0
130800011304,2014,0.029788142,0.029788142,0.0
130800011304,2015,0.0,0.0,0.0
130800011304,2016,0.0,0.0,0.0
130800011304,2017,0.0,0.0,0.0
130800011304,2018,0.0,0.0,0.0
130800011304,2019,0.0,0.0,0.0
130800011304,2020,0.0,0.0,0.0
130800011801,2000,1.099728992,1.099728992,0.0
130800011801,2001,0.480733808,0.656740395,0.176006419
130800011801,2002,0.0,0.0,0.0
130800011801,2003,0.023300342,0.15430694,0.131006518
130800011801,2004,0.920762847,0.99327182,0.072508888
130800011801,2005,0.900421852,1.056833014,0.156411244
130800011801,2006,1.042343619,1.042343619,0.0
130800011801,2007,0.0,0.0,0.0
130800011801,2008,0.0,0.0,0.0
130800011801,2009,0.0,0.0,0.0
130800011801,2010,1.264079211,1.389098011,0.125018888
130800011801,2011,0.0,0.0,0.0
130800011801,2012,0.0,0.0,0.0
130800011801,2013,0.283804025,0.458487951,0.174684005
130800011801,2014,0.251787049,0.251787049,0.0
130800011801,2015,0.837843581,0.939286575,0.101443074
130800011801,2016,0.081521421,0.21681226,0.135290754
130800011801,2017,0.238025241,0.420539189,0.182513953
130800011801,2018,0.0,0.0,0.0
130800011801,2019,9.8241e-05,0.049120293,0.049022219
130800011801,2020,0.0,0.0,0.0
130800011802,2000,7.4003e-05,0.037026025,0.036951943
130800011802,2001,0.0,0.0,0.0
130800011802,2002,0.0,0.0,0.0
130800011802,2003,0.000219551,0.109800548,0.109581071
130800011802,2004,0.0,0.0,0.0
130800011802,2005,0.000300929,0.150431036,0.150130271
130800011802,2006,0.000142241,0.071058359,0.070916205
130800011802,2007,0.000140216,0.070097825,0.069957523
130800011802,2008,0.000102546,0.051236134,0.051133751
130800011802,2009,0.0,0.0,0.0
130800011802,2010,0.000133148,0.066620838,0.066487441
130800011802,2011,8.4907e-05,0.042491885,0.042406978
130800011802,2012,0.0,0.0,0.0
130800011802,2013,0.000275408,0.137766658,0.137491241
130800011802,2014,0.000249058,0.124536789,0.124287732
130800011802,2015,0.0,0.0,0.0
130800011802,2016,0.000222369,0.111153842,0.110931557
130800011802,2017,0.000306288,0.153186745,0.152880373
130800011802,2018,0.0,0.0,0.0
130800011802,2019,0.0,0.0,0.0
130800011802,2020,0.0,0.0,0.0
130800011803,2000,0.0,0.0,0.0
130800011803,2001,0.0,0.0,0.0
130800011803,2002,0.0,0.0,0.0
130800011803,2003,0.000747255,0.373555838,0.372808833
130800011803,2004,0.000586566,0.293234415,0.292648014
130800011803,2005,0.001557573,0.778823416,0.777265767
130800011803,2006,0.000220178,0.110016384,0.109796373
130800011803,2007,0.00015237,0.076211477,0.076059022
130800011803,2008,5.1273e-05,0.02561815,0.02556688
130800011803,2009,0.0,0.0,0.0
130800011803,2010,0.000858619,0.429305066,0.428446359
130800011803,2011,8.0978e-05,0.040542795,0.040461567
130800011803,2012,0.000427582,0.213831716,0.213403967
130800011803,2013,0.001134142,0.567051529,0.565917721
130800011803,2014,0.000891342,0.445629195,0.444737934
130800011803,2015,0.001296923,0.64851471,0.647217614
130800011803,2016,0.001649041,0.824499156,0.82285003
130800011803,2017,0.001691318,0.84569343,0.844002027
130800011803,2018,0.0,0.0,0.0
130800011803,2019,0.000237321,0.118741005,0.118503773
130800011803,2020,0.0,0.0,0.0
130800011804,2000,0.0,0.0,0.0
130800011804,2001,0.000135038,0.067591871,0.067456751
130800011804,2002,0.0,0.0,0.0
130800011804,2003,0.0,0.0,0.0
130800011804,2004,0.0,0.0,0.0
130800011804,2005,0.0,0.0,0.0
130800011804,2006,0.0,0.0,0.0
130800011804,2007,4.2827e-05,0.021411564,0.021368984
130800011804,2008,3.2585e-05,0.016265527,0.016232858
130800011804,2009,0.0,0.0,0.0
130800011804,2010,6.7537e-05,0.033761515,0.033693893
130800011804,2011,0.0,0.0,0.0
130800011804,2012,0.0,0.0,0.0
130800011804,2013,6.3156e-05,0.031593148,0.031530074
130800011804,2014,0.000284304,0.142145375,0.141860822
130800011804,2015,0.000156151,0.078008112,0.077852049
130800011804,2016,0.000160339,0.08017512,0.08001479
130800011804,2017,0.000100932,0.050457214,0.050356532
130800011804,2018,0.0,0.0,0.0
130800011804,2019,0.0,0.0,0.0
130800011804,2020,0.0,0.0,0.0
130800011902,2000,0.0,0.0,0.0
130800011902,2001,0.000214504,0.107287855,0.107073181
130800011902,2002,0.0,0.0,0.0
130800011902,2003,0.0,0.0,0.0
130800011902,2004,0.0,0.0,0.0
130800011902,2005,0.000569288,0.284626389,0.284057101
130800011902,2006,0.0,0.0,0.0
130800011902,2007,0.0,0.0,0.0
130800011902,2008,5.0448e-05,0.025211443,0.025161
130800011902,2009,0.0,0.0,0.0
130800011902,2010,0.000577748,0.288855151,0.288277403
130800011902,2011,0.0,0.0,0.0
130800011902,2012,0.0,0.0,0.0
130800011902,2013,0.000352222,0.176030992,0.175678767
130800011902,2014,0.000485784,0.242875214,0.242389266
130800011902,2015,0.0,0.0,0.0
130800011902,2016,0.0,0.0,0.0
130800011902,2017,0.000419737,0.209873189,0.209453364
130800011902,2018,0.0,0.0,0.0
130800011902,2019,0.0,0.0,0.0
130800011902,2020,0.0,0.0,0.0
130800020707,2000,0.000604639,0.302270033,0.30166556
130800020707,2001,0.000120874,0.06042134,0.060300548
130800020707,2002,0.0,0.0,0.0
130800020707,2003,0.000322499,0.161208707,0.160886458
130800020707,2004,0.00136709,0.68359506,0.682227806
130800020707,2005,0.000455647,0.227845096,0.227389526
130800020707,2006,8.0203e-05,0.040151784,0.040071332
130800020707,2007,0.000718603,0.359306715,0.358587945
130800020707,2008,0.000846732,0.423410183,0.422563451
130800020707,2009,6.0381e-05,0.030181753,0.030121542
130800020707,2010,0.0,0.0,0.0
130800020707,2011,0.0,0.0,0.0
130800020707,2012,0.000156893,0.078401251,0.078244522
130800020707,2013,0.000147838,0.073922732,0.073774893
130800020707,2014,0.0,0.0,0.0
130800020707,2015,6.0312e-05,0.030132181,0.03007203
130800020707,2016,9.3464e-05,0.046755189,0.046661555
130800020707,2017,0.000104099,0.052058619,0.051954521
130800020707,2018,0.0,0.0,0.0
130800020707,2019,0.0,0.0,0.0
130800020707,2020,0.0,0.0,0.0
130800020708,2000,0.000809986,0.404986011,0.404175943
130800020708,2001,0.000811556,0.405679422,0.404868121
130800020708,2002,0.000400934,0.200467258,0.200066408
130800020708,2003,0.000457233,0.228562318,0.228105173
130800020708,2004,0.000495407,0.247733921,0.247238434
130800020708,2005,0.000338082,0.168996052,0.168657888
130800020708,2006,0.0009076,0.453814268,0.452906745
130800020708,2007,0.000391986,0.195915819,0.19552383
130800020708,2008,0.00034129,0.170710746,0.17036929
130800020708,2009,0.000861362,0.430651921,0.429790562
130800020708,2010,0.000848901,0.424522279,0.423673384
130800020708,2011,0.000827318,0.413708227,0.412880825
130800020708,2012,0.00084391,0.421958989,0.421115082
130800020708,2013,0.000865184,0.43255589,0.431690707
130800020708,2014,0.000363518,0.181720663,0.18135706
130800020708,2015,0.000477485,0.23876929,0.238291803
130800020708,2016,0.000407134,0.203578309,0.20317126
130800020708,2017,0.000533356,0.266645449,0.266112345
130800020708,2018,0.000181258,0.090663414,0.090482156
130800020708,2019,3.2973e-05,0.016519452,0.016486321
130800020708,2020,0.000213063,0.106463683,0.10625079
130800020709,2000,0.001651276,0.825668508,0.824017068
130800020709,2001,0.000765241,0.382640033,0.381874715
130800020709,2002,0.000473132,0.236608321,0.236135271
130800020709,2003,0.00153697,0.76851203,0.766974896
130800020709,2004,0.001885934,0.943010325,0.941124306
130800020709,2005,0.000958225,0.479117551,0.478159326
130800020709,2006,0.001753838,0.87691426,0.875160589
130800020709,2007,0.00157231,0.786129433,0.784556956
130800020709,2008,0.000597074,0.298448784,0.297851792
130800020709,2009,0.001440474,0.720241496,0.718801184
130800020709,2010,0.00040363,0.201844205,0.201440496
130800020709,2011,0.000915068,0.457482088,0.456567184
130800020709,2012,0.000373893,0.186970077,0.186596098
130800020709,2013,0.000576203,0.288128685,0.2875524
130800020709,2014,0.000472526,0.236261893,0.235789036
130800020709,2015,0.000480003,0.239987885,0.239508047
130800020709,2016,0.00050235,0.251151934,0.250649836
130800020709,2017,0.000636288,0.318108515,0.31747231
130800020709,2018,6.9258e-05,0.034608268,0.034539178
130800020709,2019,7.9748e-05,0.039857433,0.039777764
130800020709,2020,8.0809e-05,0.040416279,0.040335552
130800021401,2000,0.0,0.0,0.0
130800021401,2001,0.0,0.0,0.0
130800021401,2002,0.0,0.0,0.0
130800021401,2003,0.0,0.0,0.0
130800021401,2004,0.0,0.0,0.0
130800021401,2005,0.0,0.0,0.0
130800021401,2006,0.0,0.0,0.0
130800021401,2007,0.0,0.0,0.0
130800021401,2008,0.0,0.0,0.0
130800021401,2009,0.0,0.0,0.0
130800021401,2010,0.0,0.0,0.0
130800021401,2011,0.0,0.0,0.0
130800021401,2012,0.0,0.0,0.0
130800021401,2013,0.0,0.0,0.0
130800021401,2014,0.0,0.0,0.0
130800021401,2015,0.0,0.0,0.0
130800021401,2016,0.0,0.0,0.0
130800021401,2017,0.0,0.0,0.0
130800021401,2018,0.0,0.0,0.0
130800021401,2019,0.0,0.0,0.0
130800021401,2020,0.0,0.0,0.0
130800021402,2000,0.0,0.0,0.0
130800021402,2001,0.0,0.0,0.0
130800021402,2002,0.0,0.0,0.0
130800021402,2003,0.0,0.0,0.0
130800021402,2004,0.0,0.0,0.0
130800021402,2005,0.0,0.0,0.0
130800021402,2006,0.0,0.0,0.0
130800021402,2007,0.0,0.0,0.0
130800021402,2008,0.0,0.0,0.0
130800021402,2009,0.0,0.0,0.0
130800021402,2010,0.0,0.0,0.0
130800021402,2011,0.0,0.0,0.0
130800021402,2012,0.0,0.0,0.0
130800021402,2013,0.0,0.0,0.0
130800021402,2014,0.0,0.0,0.0
130800021402,2015,0.0,0.0,0.0
130800021402,2016,0.0,0.0,0.0
130800021402,2017,0.0,0.0,0.0
130800021402,2018,0.0,0.0,0.0
130800021402,2019,0.0,0.0,0.0
130800021402,2020,0.0,0.0,0.0
130800021403,2000,0.0,0.0,0.0
130800021403,2001,0.0,0.0,0.0
130800021403,2002,0.0,0.0,0.0
130800021403,2003,0.0,0.0,0.0
130800021403,2004,0.0,0.0,0.0
130800021403,2005,0.0,0.0,0.0
130800021403,2006,0.0,0.0,0.0
130800021403,2007,0.0,0.0,0.0
130800021403,2008,0.0,0.0,0.0
130800021403,2009,0.0,0.0,0.0
130800021403,2010,0.0,0.0,0.0
130800021403,2011,0.0,0.0,0.0
130800021403,2012,0.0,0.0,0.0
130800021403,2013,0.0,0.0,0.0
130800021403,2014,0.0,0.0,0.0
130800021403,2015,0.0,0.0,0.0
130800021403,2016,0.0,0.0,0.0
130800021403,2017,0.0,0.0,0.0
130800021403,2018,0.0,0.0,0.0
130800021403,2019,0.0,0.0,0.0
130800021403,2020,0.0,0.0,0.0
130800021404,2000,0.0,0.0,0.0
130800021404,2001,0.0,0.0,0.0
130800021404,2002,0.0,0.0,0.0
130800021404,2003,0.0,0.0,0.0
130800021404,2004,0.0,0.0,0.0
130800021404,2005,0.0,0.0,0.0
130800021404,2006,0.0,0.0,0.0
130800021404,2007,0.0,0.0,0.0
130800021404,2008,0.0,0.0,0.0
130800021404,2009,0.0,0.0,0.0
130800021404,2010,0.0,0.0,0.0
130800021404,2011,0.0,0.0,0.0
130800021404,2012,0.0,0.0,0.0
130800021404,2013,0.0,0.0,0.0
130800021404,2014,0.0,0.0,0.0
130800021404,2015,0.0,0.0,0.0
130800021404,2016,0.0,0.0,0.0
130800021404,2017,0.0,0.0,0.0
130800021404,2018,0.0,0.0,0.0
130800021404,2019,0.0,0.0,0.0
130800021404,2020,0.0,0.0,0.0
130800021405,2000,0.0,0.0,0.0
130800021405,2001,0.0,0.0,0.0
130800021405,2002,0.0,0.0,0.0
130800021405,2003,0.0,0.0,0.0
130800021405,2004,0.0,0.0,0.0
130800021405,2005,0.0,0.0,0.0
130800021405,2006,0.0,0.0,0.0
130800021405,2007,0.0,0.0,0.0
130800021405,2008,0.0,0.0,0.0
130800021405,2009,0.0,0.0,0.0
130800021405,2010,0.0,0.0,0.0
130800021405,2011,0.0,0.0,0.0
130800021405,2012,0.0,0.0,0.0
130800021405,2013,0.0,0.0,0.0
130800021405,2014,0.0,0.0,0.0
130800021405,2015,0.0,0.0,0.0
130800021405,2016,0.0,0.0,0.0
130800021405,2017,0.0,0.0,0.0
130800021405,2018,0.0,0.0,0.0
130800021405,2019,0.0,0.0,0.0
130800021405,2020,0.0,0.0,0.0
130800021901,2000,0.0,0.0,0.0
130800021901,2001,0.0,0.0,0.0
130800021901,2002,0.0,0.0,0.0
130800021901,2003,0.001321562,0.001401449,7.9888e-05
130800021901,2004,0.004846779,0.005139669,0.000292891
130800021901,2005,0.009634696,0.010217137,0.000582441
130800021901,2006,0.007980729,0.008463195,0.000482548
130800021901,2007,0.000262671,0.000278586,1.5921e-05
130800021901,2008,0.000286205,0.000303765,1.7221e-05
130800021901,2009,0.0,0.0,0.0
130800021901,2010,0.007891463,0.008368397,0.000477019
130800021901,2011,0.007383247,0.007829625,0.000446378
130800021901,2012,0.001002533,0.001063126,6.0593e-05
130800021901,2013,0.005508003,0.00584106,0.000333058
130800021901,2014,0.008140863,0.008632753,0.000492055
130800021901,2015,0.0,0.0,0.0
130800021901,2016,0.0,0.0,0.0
130800021901,2017,0.007070529,0.007497753,0.00042731
130800021901,2018,0.0,0.0,0.0
130800021901,2019,0.0,0.0,0.0
130800021901,2020,0.001105746,0.001172309,6.6811e-05
130800021902,2000,0.0,0.0,0.0
130800021902,2001,0.0,0.0,0.0
130800021902,2002,0.0,0.0,0.0
130800021902,2003,0.0,0.0,0.0
130800021902,2004,0.0,0.0,0.0
130800021902,2005,0.0,0.0,0.0
130800021902,2006,0.0,0.0,0.0
130800021902,2007,0.0,0.0,0.0
130800021902,2008,0.0,0.0,0.0
130800021902,2009,0.0,0.0,0.0
130800021902,2010,0.0,0.0,0.0
130800021902,2011,0.0,0.0,0.0
130800021902,2012,0.0,0.0,0.0
130800021902,2013,0.0,0.0,0.0
130800021902,2014,0.0,0.0,0.0
130800021902,2015,0.0,0.0,0.0
130800021902,2016,0.0,0.0,0.0
130800021902,2017,0.0,0.0,0.0
130800021902,2018,0.0,0.0,0.0
130800021902,2019,0.0,0.0,0.0
130800021902,2020,0.0,0.0,0.0
130800021903,2000,0.0,0.0,0.0
130800021903,2001,0.0,0.0,0.0
130800021903,2002,0.0,0.0,0.0
130800021903,2003,0.0,0.0,0.0
130800021903,2004,0.0,0.0,0.0
130800021903,2005,0.0,0.0,0.0
130800021903,2006,0.0,0.0,0.0
130800021903,2007,0.0,0.0,0.0
130800021903,2008,0.0,0.0,0.0
130800021903,2009,0.0,0.0,0.0
130800021903,2010,0.0,0.0,0.0
130800021903,2011,0.0,0.0,0.0
130800021903,2012,0.0,0.0,0.0
130800021903,2013,0.0,0.0,0.0
130800021903,2014,0.0,0.0,0.0
130800021903,2015,0.0,0.0,0.0
130800021903,2016,0.0,0.0,0.0
130800021903,2017,0.0,0.0,0.0
130800021903,2018,0.0,0.0,0.0
130800021903,2019,0.0,0.0,0.0
130800021903,2020,0.0,0.0,0.0
130800022301,2000,0.0,0.0,0.0
130800022301,2001,0.0,0.0,0.0
130800022301,2002,0.0,0.0,0.0
130800022301,2003,0.0,0.0,0.0
130800022301,2004,0.0,0.0,0.0
130800022301,2005,0.0,0.0,0.0
130800022301,2006,0.0,0.0,0.0
130800022301,2007,0.0,0.0,0.0
130800022301,2008,0.0,0.0,0.0
130800022301,2009,0.0,0.0,0.0
130800022301,2010,0.0,0.0,0.0
130800022301,2011,0.0,0.0,0.0
130800022301,2012,0.0,0.0,0.0
130800022301,2013,0.0,0.0,0.0
130800022301,2014,0.0,0.0,0.0
130800022301,2015,0.0,0.0,0.0
130800022301,2016,0.0,0.0,0.0
130800022301,2017,0.0,0.0,0.0
130800022301,2018,0.0,0.0,0.0
130800022301,2019,0.0,0.0,0.0
130800022301,2020,0.0,0.0,0.0
130800022302,2000,0.0,0.0,0.0
130800022302,2001,0.0,0.0,0.0
130800022302,2002,0.0,0.0,0.0
130800022302,2003,0.0,0.0,0.0
130800022302,2004,0.0,0.0,0.0
130800022302,2005,0.0,0.0,0.0
130800022302,2006,0.0,0.0,0.0
130800022302,2007,0.0,0.0,0.0
130800022302,2008,0.0,0.0,0.0
130800022302,2009,0.0,0.0,0.0
130800022302,2010,0.0,0.0,0.0
130800022302,2011,0.0,0.0,0.0
130800022302,2012,0.0,0.0,0.0
130800022302,2013,0.0,0.0,0.0
130800022302,2014,0.0,0.0,0.0
130800022302,2015,0.0,0.0,0.0
130800022302,2016,0.0,0.0,0.0
130800022302,2017,0.0,0.0,0.0
130800022302,2018,0.0,0.0,0.0
130800022302,2019,0.0,0.0,0.0
130800022302,2020,0.0,0.0,0.0
130800022303,2000,0.0,0.0,0.0
130800022303,2001,0.0,0.0,0.0
130800022303,2002,0.0,0.0,0.0
130800022303,2003,0.0,0.0,0.0
130800022303,2004,0.0,0.0,0.0
130800022303,2005,0.0,0.0,0.0
130800022303,2006,0.0,0.0,0.0
130800022303,2007,0.0,0.0,0.0
130800022303,2008,0.0,0.0,0.0
130800022303,2009,0.0,0.0,0.0
130800022303,2010,0.0,0.0,0.0
130800022303,2011,0.0,0.0,0.0
130800022303,2012,0.0,0.0,0.0
130800022303,2013,0.0,0.0,0.0
130800022303,2014,0.0,0.0,0.0
130800022303,2015,0.0,0.0,0.0
130800022303,2016,0.0,0.0,0.0
130800022303,2017,0.0,0.0,0.0
130800022303,2018,0.0,0.0,0.0
130800022303,2019,0.0,0.0,0.0
130800022303,2020,0.0,0.0,0.0
130800022304,2000,0.0,0.0,0.0
130800022304,2001,0.0,0.0,0.0
130800022304,2002,0.0,0.0,0.0
130800022304,2003,0.0,0.0,0.0
130800022304,2004,0.0,0.0,0.0
130800022304,2005,0.0,0.0,0.0
130800022304,2006,0.0,0.0,0.0
130800022304,2007,0.0,0.0,0.0
130800022304,2008,0.0,0.0,0.0
130800022304,2009,0.0,0.0,0.0
130800022304,2010,0.0,0.0,0.0
130800022304,2011,0.0,0.0,0.0
130800022304,2012,0.0,0.0,0.0
130800022304,2013,0.0,0.0,0.0
130800022304,2014,0.0,0.0,0.0
130800022304,2015,0.0,0.0,0.0
130800022304,2016,0.0,0.0,0.0
130800022304,2017,0.0,0.0,0.0
130800022304,2018,0.0,0.0,0.0
130800022304,2019,0.0,0.0,0.0
130800022304,2020,0.0,0.0,0.0
130800022305,2000,0.0,0.0,0.0
130800022305,2001,0.0,0.0,0.0
130800022305,2002,0.0,0.0,0.0
130800022305,2003,0.0,0.0,0.0
130800022305,2004,0.0,0.0,0.0
130800022305,2005,0.0,0.0,0.0
130800022305,2006,0.0,0.0,0.0
130800022305,2007,0.0,0.0,0.0
130800022305,2008,0.0,0.0,0.0
130800022305,2009,0.0,0.0,0.0
130800022305,2010,0.0,0.0,0.0
130800022305,2011,0.0,0.0,0.0
130800022305,2012,0.0,0.0,0.0
130800022305,2013,0.0,0.0,0.0
130800022305,2014,0.0,0.0,0.0
130800022305,2015,0.0,0.0,0.0
130800022305,2016,0.0,0.0,0.0
130800022305,2017,0.0,0.0,0.0
130800022305,2018,0.0,0.0,0.0
130800022305,2019,0.0,0.0,0.0
130800022305,2020,0.0,0.0,0.0
130800022401,2000,0.0,0.0,0.0
130800022401,2001,0.0,0.0,0.0
130800022401,2002,0.0,0.0,0.0
130800022401,2003,0.0,0.0,0.0
130800022401,2004,0.0,0.0,0.0
130800022401,2005,0.0,0.0,0.0
130800022401,2006,0.0,0.0,0.0
130800022401,2007,0.0,0.0,0.0
130800022401,2008,0.0,0.0,0.0
130800022401,2009,0.0,0.0,0.0
130800022401,2010,0.0,0.0,0.0
130800022401,2011,0.0,0.0,0.0
130800022401,2012,0.0,0.0,0.0
130800022401,2013,0.0,0.0,0.0
130800022401,2014,0.0,0.0,0.0
130800022401,2015,0.0,0.0,0.0
130800022401,2016,0.0,0.0,0.0
130800022401,2017,0.0,0.0,0.0
130800022401,2018,0.0,0.0,0.0
130800022401,2019,0.0,0.0,0.0
130800022401,2020,0.0,0.0,0.0
130800022402,2000,0.0,0.0,0.0
130800022402,2001,0.0,0.0,0.0
130800022402,2002,0.0,0.0,0.0
130800022402,2003,0.0,0.0,0.0
130800022402,2004,0.0,0.0,0.0
130800022402,2005,0.0,0.0,0.0
130800022402,2006,0.0,0.0,0.0
130800022402,2007,0.0,0.0,0.0
130800022402,2008,0.0,0.0,0.0
130800022402,2009,0.0,0.0,0.0
130800022402,2010,0.0,0.0,0.0
130800022402,2011,0.0,0.0,0.0
130800022402,2012,0.0,0.0,0.0
130800022402,2013,0.0,0.0,0.0
130800022402,2014,0.0,0.0,0.0
130800022402,2015,0.0,0.0,0.0
130800022402,2016,0.0,0.0,0.0
130800022402,2017,0.0,0.0,0.0
130800022402,2018,0.0,0.0,0.0
130800022402,2019,0.0,0.0,0.0
130800022402,2020,0.0,0.0,0.0
130800022403,2000,0.0,0.0,0.0
130800022403,2001,0.0,0.0,0.0
130800022403,2002,0.0,0.0,0.0
130800022403,2003,0.0,0.0,0.0
130800022403,2004,0.0,0.0,0.0
130800022403,2005,0.0,0.0,0.0
130800022403,2006,0.0,0.0,0.0
130800022403,2007,0.0,0.0,0.0
130800022403,2008,0.0,0.0,0.0
130800022403,2009,0.0,0.0,0.0
130800022403,2010,0.0,0.0,0.0
130800022403,2011,0.0,0.0,0.0
130800022403,2012,0.0,0.0,0.0
130800022403,2013,0.0,0.0,0.0
130800022403,2014,0.0,0.0,0.0
130800022403,2015,0.0,0.0,0.0
130800022403,2016,0.0,0.0,0.0
130800022403,2017,0.0,0.0,0.0
130800022403,2018,0.0,0.0,0.0
130800022403,2019,0.0,0.0,0.0
130800022403,2020,0.0,0.0,0.0
130800022404,2000,0.0,0.0,0.0
130800022404,2001,0.0,0.0,0.0
130800022404,2002,0.0,0.0,0.0
130800022404,2003,0.0,0.0,0.0
130800022404,2004,0.0,0.0,0.0
130800022404,2005,0.0,0.0,0.0
130800022404,2006,0.0,0.0,0.0
130800022404,2007,0.0,0.0,0.0
130800022404,2008,0.0,0.0,0.0
130800022404,2009,0.0,0.0,0.0
130800022404,2010,0.0,0.0,0.0
130800022404,2011,0.0,0.0,0.0
130800022404,2012,0.0,0.0,0.0
130800022404,2013,0.0,0.0,0.0
130800022404,2014,0.0,0.0,0.0
130800022404,2015,0.0,0.0,0.0
130800022404,2016,0.0,0.0,0.0
130800022404,2017,0.0,0.0,0.0
130800022404,2018,0.0,0.0,0.0
130800022404,2019,0.0,0.0,0.0
130800022404,2020,0.0,0.0,0.0
130800022405,2000,0.0,0.005618872,0.005618872
130800022405,2001,0.0,0.0,0.0
130800022405,2002,0.0,0.0,0.0
130800022405,2003,0.0,0.0,0.0
130800022405,2004,0.0,0.0,0.0
130800022405,2005,0.0,0.0,0.0
130800022405,2006,0.0,0.0,0.0
130800022405,2007,0.0,0.0,0.0
130800022405,2008,0.0,0.005573814,0.005573814
130800022405,2009,0.0,0.0,0.0
130800022405,2010,0.0,0.0,0.0
130800022405,2011,0.0,0.005652921,0.005652921
130800022405,2012,0.0,0.0,0.0
130800022405,2013,0.0,0.0,0.0
130800022405,2014,0.0,0.0,0.0
130800022405,2015,0.0,0.0,0.0
130800022405,2016,0.0,0.0,0.0
130800022405,2017,0.0,0.0,0.0
130800022405,2018,0.0,0.0,0.0
130800022405,2019,0.0,0.0,0.0
130800022405,2020,0.0,0.0,0.0
130800022601,2000,0.0,0.0,0.0
130800022601,2001,0.0,0.0,0.0
130800022601,2002,0.0,0.0,0.0
130800022601,2003,0.0,0.0,0.0
130800022601,2004,0.0,0.0,0.0
130800022601,2005,0.0,0.0,0.0
130800022601,2006,0.0,0.0,0.0
130800022601,2007,0.0,0.0,0.0
130800022601,2008,0.0,0.0,0.0
130800022601,2009,0.0,0.0,0.0
130800022601,2010,0.0,0.0,0.0
130800022601,2011,0.0,0.0,0.0
130800022601,2012,0.0,0.0,0.0
130800022601,2013,0.0,0.0,0.0
130800022601,2014,0.0,0.0,0.0
130800022601,2015,0.0,0.0,0.0
130800022601,2016,0.0,0.0,0.0
130800022601,2017,0.0,0.0,0.0
130800022601,2018,0.0,0.0,0.0
130800022601,2019,0.0,0.0,0.0
130800022601,2020,0.0,0.0,0.0
130800022602,2000,0.0,0.0,0.0
130800022602,2001,0.0,0.0,0.0
130800022602,2002,0.0,0.0,0.0
130800022602,2003,0.0,0.0,0.0
130800022602,2004,0.0,0.0,0.0
130800022602,2005,0.0,0.0,0.0
130800022602,2006,0.0,0.0,0.0
130800022602,2007,0.0,0.0,0.0
130800022602,2008,0.0,0.0,0.0
130800022602,2009,0.0,0.0,0.0
130800022602,2010,0.0,0.0,0.0
130800022602,2011,0.0,0.0,0.0
130800022602,2012,0.0,0.0,0.0
130800022602,2013,0.0,0.0,0.0
130800022602,2014,0.0,0.0,0.0
130800022602,2015,0.0,0.0,0.0
130800022602,2016,0.0,0.0,0.0
130800022602,2017,0.0,0.0,0.0
130800022602,2018,0.0,0.0,0.0
130800022602,2019,0.0,0.0,0.0
130800022602,2020,0.0,0.0,0.0
130800022603,2000,0.0,0.0,0.0
130800022603,2001,0.0,0.0,0.0
130800022603,2002,0.0,0.0,0.0
130800022603,2003,0.0,0.0,0.0
130800022603,2004,0.0,0.0,0.0
130800022603,2005,0.0,0.0,0.0
130800022603,2006,0.0,0.0,0.0
130800022603,2007,0.0,0.0,0.0
130800022603,2008,0.0,0.0,0.0
130800022603,2009,0.0,0.0,0.0
130800022603,2010,0.0,0.0,0.0
130800022603,2011,0.0,0.0,0.0
130800022603,2012,0.0,0.0,0.0
130800022603,2013,0.0,0.0,0.0
130800022603,2014,0.0,0.0,0.0
130800022603,2015,0.0,0.0,0.0
130800022603,2016,0.0,0.0,0.0
130800022603,2017,0.0,0.0,0.0
130800022603,2018,0.0,0.0,0.0
130800022603,2019,0.0,0.0,0.0
130800022603,2020,0.0,0.0,0.0
130800022607,2000,0.0,0.0,0.0
130800022607,2001,0.0,0.0,0.0
130800022607,2002,0.0,0.0,0.0
130800022607,2003,0.0,0.0,0.0
130800022607,2004,0.0,0.0,0.0
130800022607,2005,0.0,0.0,0.0
130800022607,2006,0.0,0.0,0.0
130800022607,2007,0.0,0.0,0.0
130800022607,2008,0.0,0.0,0.0
130800022607,2009,0.0,0.0,0.0
130800022607,2010,0.0,0.0,0.0
130800022607,2011,0.0,0.0,0.0
130800022607,2012,0.0,0.0,0.0
130800022607,2013,0.0,0.0,0.0
130800022607,2014,0.0,0.0,0.0
130800022607,2015,0.0,0.0,0.0
130800022607,2016,0.0,0.0,0.0
130800022607,2017,0.0,0.0,0.0
130800022607,2018,0.0,0.0,0.0
130800022607,2019,0.0,0.0,0.0
130800022607,2020,0.0,0.0,0.0
130800022610,2000,0.0,0.0,0.0
130800022610,2001,0.0,0.0,0.0
130800022610,2002,0.0,0.0,0.0
130800022610,2003,0.0,0.0,0.0
130800022610,2004,0.0,0.0,0.0
130800022610,2005,0.0,0.0,0.0
130800022610,2006,0.0,0.0,0.0
130800022610,2007,0.0,0.0,0.0
130800022610,2008,0.0,0.0,0.0
130800022610,2009,0.0,0.0,0.0
130800022610,2010,0.0,0.0,0.0
130800022610,2011,0.0,0.0,0.0
130800022610,2012,0.0,0.0,0.0
130800022610,2013,0.0,0.0,0.0
130800022610,2014,0.0,0.0,0.0
130800022610,2015,0.0,0.0,0.0
130800022610,2016,0.0,0.0,0.0
130800022610,2017,0.0,0.0,0.0
130800022610,2018,0.0,0.0,0.0
130800022610,2019,0.0,0.0,0.0
130800022610,2020,0.0,0.0,0.0
130800022801,2000,0.0,0.0,0.0
130800022801,2001,0.0,0.0,0.0
130800022801,2002,0.0,0.0,0.0
130800022801,2003,0.0,0.0,0.0
130800022801,2004,0.0,0.0,0.0
130800022801,2005,0.0,0.0,0.0
130800022801,2006,0.0,0.0,0.0
130800022801,2007,0.0,0.0,0.0
130800022801,2008,0.0,0.0,0.0
130800022801,2009,0.0,0.0,0.0
130800022801,2010,0.0,0.0,0.0
130800022801,2011,0.0,0.0,0.0
130800022801,2012,0.0,0.0,0.0
130800022801,2013,0.0,0.0,0.0
130800022801,2014,0.0,0.0,0.0
130800022801,2015,0.0,0.0,0.0
130800022801,2016,0.0,0.0,0.0
130800022801,2017,0.0,0.0,0.0
130800022801,2018,0.0,0.0,0.0
130800022801,2019,0.0,0.0,0.0
130800022801,2020,0.0,0.0,0.0
130800022803,2000,0.0,0.0,0.0
130800022803,2001,0.0,0.0,0.0
130800022803,2002,0.0,0.0,0.0
130800022803,2003,0.0,0.0,0.0
130800022803,2004,0.0,0.0,0.0
130800022803,2005,0.0,0.0,0.0
130800022803,2006,0.0,0.0,0.0
130800022803,2007,0.0,0.0,0.0
130800022803,2008,0.0,0.0,0.0
130800022803,2009,0.0,0.0,0.0
130800022803,2010,0.0,0.0,0.0
130800022803,2011,0.0,0.0,0.0
130800022803,2012,0.0,0.0,0.0
130800022803,2013,0.0,0.0,0.0
130800022803,2014,0.0,0.0,0.0
130800022803,2015,0.0,0.0,0.0
130800022803,2016,0.0,0.0,0.0
130800022803,2017,0.0,0.0,0.0
130800022803,2018,0.0,0.0,0.0
130800022803,2019,0.0,0.0,0.0
130800022803,2020,0.0,0.0,0.0
130800022804,2000,0.0,0.0,0.0
130800022804,2001,0.0,0.0,0.0
130800022804,2002,0.0,0.0,0.0
130800022804,2003,0.0,0.0,0.0
130800022804,2004,0.0,0.0,0.0
130800022804,2005,0.0,0.0,0.0
130800022804,2006,0.0,0.0,0.0
130800022804,2007,0.0,0.0,0.0
130800022804,2008,0.0,0.0,0.0
130800022804,2009,0.0,0.0,0.0
130800022804,2010,0.0,0.0,0.0
130800022804,2011,0.0,0.0,0.0
130800022804,2012,0.0,0.0,0.0
130800022804,2013,0.0,0.0,0.0
130800022804,2014,0.0,0.0,0.0
130800022804,2015,0.0,0.0,0.0
130800022804,2016,0.0,0.0,0.0
130800022804,2017,0.0,0.0,0.0
130800022804,2018,0.0,0.0,0.0
130800022804,2019,0.0,0.0,0.0
130800022804,2020,0.0,0.0,0.0
130800022805,2000,0.0,0.0,0.0
130800022805,2001,0.0,0.0,0.0
130800022805,2002,0.0,0.0,0.0
130800022805,2003,0.0,0.0,0.0
130800022805,2004,0.0,0.004426328,0.004426328
130800022805,2005,0.0,0.0,0.0
130800022805,2006,0.0,0.0,0.0
130800022805,2007,0.0,0.0,0.0
130800022805,2008,0.0,0.0,0.0
130800022805,2009,0.0,0.0,0.0
130800022805,2010,0.0,0.004775841,0.004775841
130800022805,2011,0.0,0.0,0.0
130800022805,2012,0.0,0.0,0.0
130800022805,2013,0.0,0.0,0.0
130800022805,2014,0.0,0.0,0.0
130800022805,2015,0.0,0.0,0.0
130800022805,2016,0.0,0.0,0.0
130800022805,2017,0.0,0.0,0.0
130800022805,2018,0.0,0.0,0.0
130800022805,2019,0.0,0.0,0.0
130800022805,2020,0.0,0.0,0.0
130800022808,2000,0.0,0.054122399,0.054122399
130800022808,2001,0.0,0.110959318,0.110959318
130800022808,2002,0.0,0.0,0.0
130800022808,2003,0.0,0.040343712,0.040343712
130800022808,2004,0.0,0.022467956,0.022467956
130800022808,2005,0.0,0.030634814,0.030634814
130800022808,2006,0.0,0.327213208,0.327213208
130800022808,2007,0.0,0.143767721,0.143767721
130800022808,2008,0.0,0.523093418,0.523093418
130800022808,2009,0.0,0.081909523,0.081909523
130800022808,2010,0.0,0.357046504,0.357046504
130800022808,2011,0.0,0.435344496,0.435344496
130800022808,2012,0.0,0.061171855,0.061171855
130800022808,2013,0.0,0.137068822,0.137068822
130800022808,2014,0.0,0.148128085,0.148128085
130800022808,2015,0.0,0.0,0.0
130800022808,2016,0.0,0.082558055,0.082558055
130800022808,2017,0.0,0.075690756,0.075690756
130800022808,2018,0.0,0.0,0.0
130800022808,2019,0.0,0.0,0.0
130800022808,2020,0.0,0.059650464,0.059650464
130800030101,2000,0.0,0.0,0.0
130800030101,2001,0.0,0.0,0.0
130800030101,2002,0.0,0.0,0.0
130800030101,2003,0.0,0.0,0.0
130800030101,2004,0.0,0.0,0.0
130800030101,2005,0.0,0.0,0.0
130800030101,2006,0.0,0.0,0.0
130800030101,2007,0.0,0.0,0.0
130800030101,2008,0.0,0.0,0.0
130800030101,2009,0.0,0.0,0.0
130800030101,2010,0.0,0.0,0.0
130800030101,2011,0.0,0.0,0.0
130800030101,2012,0.0,0.0,0.0
130800030101,2013,0.0,0.0,0.0
130800030101,2014,0.0,0.0,0.0
130800030101,2015,0.0,0.0,0.0
130800030101,2016,0.0,0.0,0.0
130800030101,2017,0.0,0.0,0.0
130800030101,2018,0.0,0.0,0.0
130800030101,2019,0.0,0.0,0.0
130800030101,2020,0.0,0.0,0.0
130800030102,2000,0.0,0.0,0.0
130800030102,2001,0.0,0.0,0.0
130800030102,2002,0.0,0.0,0.0
130800030102,2003,0.0,0.0,0.0
130800030102,2004,0.0,0.0,0.0
130800030102,2005,0.0,0.0,0.0
130800030102,2006,0.0,0.0,0.0
130800030102,2007,0.0,0.0,0.0
130800030102,2008,0.0,0.0,0.0
130800030102,2009,0.0,0.0,0.0
130800030102,2010,0.0,0.0,0.0
130800030102,2011,0.0,0.0,0.0
130800030102,2012,0.0,0.0,0.0
130800030102,2013,0.0,0.0,0.0
130800030102,2014,0.0,0.0,0.0
130800030102,2015,0.0,0.0,0.0
130800030102,2016,0.0,0.0,0.0
130800030102,2017,0.0,0.0,0.0
130800030102,2018,0.0,0.0,0.0
130800030102,2019,0.0,0.0,0.0
130800030102,2020,0.0,0.0,0.0
130800030103,2000,0.0,0.0,0.0
130800030103,2001,0.0,0.0,0.0
130800030103,2002,0.0,0.0,0.0
130800030103,2003,0.0,0.0,0.0
130800030103,2004,0.0,0.0,0.0
130800030103,2005,0.0,0.0,0.0
130800030103,2006,0.0,0.0,0.0
130800030103,2007,0.0,0.0,0.0
130800030103,2008,0.0,0.0,0.0
130800030103,2009,0.0,0.0,0.0
130800030103,2010,0.0,0.0,0.0
130800030103,2011,0.0,0.0,0.0
130800030103,2012,0.0,0.0,0.0
130800030103,2013,0.0,0.0,0.0
130800030103,2014,0.0,0.0,0.0
130800030103,2015,0.0,0.0,0.0
130800030103,2016,0.0,0.0,0.0
130800030103,2017,0.0,0.0,0.0
130800030103,2018,0.0,0.0,0.0
130800030103,2019,0.0,0.0,0.0
130800030103,2020,0.0,0.0,0.0
130800030104,2000,0.0,0.0,0.0
130800030104,2001,0.0,0.0,0.0
130800030104,2002,0.0,0.0,0.0
130800030104,2003,0.0,0.0,0.0
130800030104,2004,0.0,0.0,0.0
130800030104,2005,0.0,0.0,0.0
130800030104,2006,0.0,0.0,0.0
130800030104,2007,0.0,0.0,0.0
130800030104,2008,0.0,0.0,0.0
130800030104,2009,0.0,0.0,0.0
130800030104,2010,0.0,0.0,0.0
130800030104,2011,0.0,0.0,0.0
130800030104,2012,0.0,0.0,0.0
130800030104,2013,0.0,0.0,0.0
130800030104,2014,0.0,0.0,0.0
130800030104,2015,0.0,0.0,0.0
130800030104,2016,0.0,0.0,0.0
130800030104,2017,0.0,0.0,0.0
130800030104,2018,0.0,0.0,0.0
130800030104,2019,0.0,0.0,0.0
130800030104,2020,0.0,0.0,0.0
130800030105,2000,0.0,0.0,0.0
130800030105,2001,0.0,0.0,0.0
130800030105,2002,0.0,0.0,0.0
130800030105,2003,0.0,0.0,0.0
130800030105,2004,0.0,0.0,0.0
130800030105,2005,0.0,0.0,0.0
130800030105,2006,0.0,0.0,0.0
130800030105,2007,0.0,0.0,0.0
130800030105,2008,0.0,0.0,0.0
130800030105,2009,0.0,0.0,0.0
130800030105,2010,0.0,0.0,0.0
130800030105,2011,0.0,0.0,0.0
130800030105,2012,0.0,0.0,0.0
130800030105,2013,0.0,0.0,0.0
130800030105,2014,0.0,0.0,0.0
130800030105,2015,0.0,0.0,0.0
130800030105,2016,0.0,0.0,0.0
130800030105,2017,0.0,0.0,0.0
130800030105,2018,0.0,0.0,0.0
130800030105,2019,0.0,0.0,0.0
130800030105,2020,0.0,0.0,0.0
130800030106,2000,0.0,0.0,0.0
130800030106,2001,0.0,0.0,0.0
130800030106,2002,0.0,0.0,0.0
130800030106,2003,0.0,0.0,0.0
130800030106,2004,0.0,0.0,0.0
130800030106,2005,0.0,0.0,0.0
130800030106,2006,0.0,0.0,0.0
130800030106,2007,0.0,0.0,0.0
130800030106,2008,0.0,0.0,0.0
130800030106,2009,0.0,0.0,0.0
130800030106,2010,0.0,0.0,0.0
130800030106,2011,0.0,0.0,0.0
130800030106,2012,0.0,0.0,0.0
130800030106,2013,0.0,0.0,0.0
130800030106,2014,0.0,0.0,0.0
130800030106,2015,0.0,0.0,0.0
130800030106,2016,0.0,0.0,0.0
130800030106,2017,0.0,0.0,0.0
130800030106,2018,0.0,0.0,0.0
130800030106,2019,0.0,0.0,0.0
130800030106,2020,0.0,0.0,0.0
130800030107,2000,0.0,0.0,0.0
130800030107,2001,0.0,0.0,0.0
130800030107,2002,0.0,0.0,0.0
130800030107,2003,0.0,0.0,0.0
130800030107,2004,0.0,0.0,0.0
130800030107,2005,0.0,0.0,0.0
130800030107,2006,0.0,0.0,0.0
130800030107,2007,0.0,0.0,0.0
130800030107,2008,0.0,0.0,0.0
130800030107,2009,0.0,0.0,0.0
130800030107,2010,0.0,0.0,0.0
130800030107,2011,0.0,0.0,0.0
130800030107,2012,0.0,0.0,0.0
130800030107,2013,0.0,0.0,0.0
130800030107,2014,0.0,0.0,0.0
130800030107,2015,0.0,0.0,0.0
130800030107,2016,0.0,0.0,0.0
130800030107,2017,0.0,0.0,0.0
130800030107,2018,0.0,0.0,0.0
130800030107,2019,0.0,0.0,0.0
130800030107,2020,0.0,0.0,0.0
130800030201,2000,0.0,0.0,0.0
130800030201,2001,0.0,0.0,0.0
130800030201,2002,0.0,0.0,0.0
130800030201,2003,0.0,0.0,0.0
130800030201,2004,0.0,0.0,0.0
130800030201,2005,0.0,0.0,0.0
130800030201,2006,0.0,0.0,0.0
130800030201,2007,0.0,0.0,0.0
130800030201,2008,0.0,0.0,0.0
130800030201,2009,0.0,0.0,0.0
130800030201,2010,0.0,0.0,0.0
130800030201,2011,0.0,0.0,0.0
130800030201,2012,0.0,0.0,0.0
130800030201,2013,0.0,0.0,0.0
130800030201,2014,0.0,0.0,0.0
130800030201,2015,0.0,0.0,0.0
130800030201,2016,0.0,0.0,0.0
130800030201,2017,0.0,0.0,0.0
130800030201,2018,0.0,0.0,0.0
130800030201,2019,0.0,0.0,0.0
130800030201,2020,0.0,0.0,0.0
130800030202,2000,0.0,0.0,0.0
130800030202,2001,0.0,0.0,0.0
130800030202,2002,0.0,0.0,0.0
130800030202,2003,0.0,0.0,0.0
130800030202,2004,0.0,0.0,0.0
130800030202,2005,0.0,0.0,0.0
130800030202,2006,0.0,0.0,0.0
130800030202,2007,0.0,0.0,0.0
130800030202,2008,0.0,0.0,0.0
130800030202,2009,0.0,0.0,0.0
130800030202,2010,0.0,0.0,0.0
130800030202,2011,0.0,0.0,0.0
130800030202,2012,0.0,0.0,0.0
130800030202,2013,0.0,0.0,0.0
130800030202,2014,0.0,0.0,0.0
130800030202,2015,0.0,0.0,0.0
130800030202,2016,0.0,0.0,0.0
130800030202,2017,0.0,0.0,0.0
130800030202,2018,0.0,0.0,0.0
130800030202,2019,0.0,0.0,0.0
130800030202,2020,0.0,0.0,0.0
130800030203,2000,0.0,0.0,0.0
130800030203,2001,0.0,0.0,0.0
130800030203,2002,0.0,0.0,0.0
130800030203,2003,0.0,0.0,0.0
130800030203,2004,0.0,0.0,0.0
130800030203,2005,0.0,0.0,0.0
130800030203,2006,0.0,0.0,0.0
130800030203,2007,0.0,0.0,0.0
130800030203,2008,0.0,0.0,0.0
130800030203,2009,0.0,0.0,0.0
130800030203,2010,0.0,0.0,0.0
130800030203,2011,0.0,0.0,0.0
130800030203,2012,0.0,0.0,0.0
130800030203,2013,0.0,0.0,0.0
130800030203,2014,0.0,0.0,0.0
130800030203,2015,0.0,0.0,0.0
130800030203,2016,0.0,0.0,0.0
130800030203,2017,0.0,0.0,0.0
130800030203,2018,0.0,0.0,0.0
130800030203,2019,0.0,0.0,0.0
130800030203,2020,0.0,0.0,0.0
130800030204,2000,0.0,0.0,0.0
130800030204,2001,0.0,0.0,0.0
130800030204,2002,0.0,0.0,0.0
130800030204,2003,0.0,0.0,0.0
130800030204,2004,0.0,0.0,0.0
130800030204,2005,0.0,0.0,0.0
130800030204,2006,0.0,0.0,0.0
130800030204,2007,0.0,0.0,0.0
130800030204,2008,0.0,0.0,0.0
130800030204,2009,0.0,0.0,0.0
130800030204,2010,0.0,0.0,0.0
130800030204,2011,0.0,0.0,0.0
130800030204,2012,0.0,0.0,0.0
130800030204,2013,0.0,0.0,0.0
130800030204,2014,0.0,0.0,0.0
130800030204,2015,0.0,0.0,0.0
130800030204,2016,0.0,0.0,0.0
130800030204,2017,0.0,0.0,0.0
130800030204,2018,0.0,0.0,0.0
130800030204,2019,0.0,0.0,0.0
130800030204,2020,0.0,0.0,0.0
130800030205,2000,0.0,0.0,0.0
130800030205,2001,0.0,0.0,0.0
130800030205,2002,0.0,0.0,0.0
130800030205,2003,0.0,0.0,0.0
130800030205,2004,0.0,0.0,0.0
130800030205,2005,0.0,0.0,0.0
130800030205,2006,0.0,0.0,0.0
130800030205,2007,0.0,0.0,0.0
130800030205,2008,0.0,0.0,0.0
130800030205,2009,0.0,0.0,0.0
130800030205,2010,0.0,0.0,0.0
130800030205,2011,0.0,0.0,0.0
130800030205,2012,0.0,0.0,0.0
130800030205,2013,0.0,0.0,0.0
130800030205,2014,0.0,0.0,0.0
130800030205,2015,0.0,0.0,0.0
130800030205,2016,0.0,0.0,0.0
130800030205,2017,0.0,0.0,0.0
130800030205,2018,0.0,0.0,0.0
130800030205,2019,0.0,0.0,0.0
130800030205,2020,0.0,0.0,0.0
130800030206,2000,0.0,0.0,0.0
130800030206,2001,0.0,0.0,0.0
130800030206,2002,0.0,0.0,0.0
130800030206,2003,0.0,0.0,0.0
130800030206,2004,0.0,0.0,0.0
130800030206,2005,0.0,0.0,0.0
130800030206,2006,0.0,0.0,0.0
130800030206,2007,0.0,0.0,0.0
130800030206,2008,0.0,0.0,0.0
130800030206,2009,0.0,0.0,0.0
130800030206,2010,0.0,0.0,0.0
130800030206,2011,0.0,0.0,0.0
130800030206,2012,0.0,0.0,0.0
130800030206,2013,0.0,0.0,0.0
130800030206,2014,0.0,0.0,0.0
130800030206,2015,0.0,0.0,0.0
130800030206,2016,0.0,0.0,0.0
130800030206,2017,0.0,0.0,0.0
130800030206,2018,0.0,0.0,0.0
130800030206,2019,0.0,0.0,0.0
130800030206,2020,0.0,0.0,0.0
130800030207,2000,0.0,0.0,0.0
130800030207,2001,0.0,0.0,0.0
130800030207,2002,0.0,0.0,0.0
130800030207,2003,0.0,0.0,0.0
130800030207,2004,0.0,0.0,0.0
130800030207,2005,0.0,0.0,0.0
130800030207,2006,0.0,0.0,0.0
130800030207,2007,0.0,0.0,0.0
130800030207,2008,0.0,0.0,0.0
130800030207,2009,0.0,0.0,0.0
130800030207,2010,0.0,0.0,0.0
130800030207,2011,0.0,0.0,0.0
130800030207,2012,0.0,0.0,0.0
130800030207,2013,0.0,0.0,0.0
130800030207,2014,0.0,0.0,0.0
130800030207,2015,0.0,0.0,0.0
130800030207,2016,0.0,0.0,0.0
130800030207,2017,0.0,0.0,0.0
130800030207,2018,0.0,0.0,0.0
130800030207,2019,0.0,0.0,0.0
130800030207,2020,0.0,0.0,0.0
130800030208,2000,0.0,0.0,0.0
130800030208,2001,0.0,0.0,0.0
130800030208,2002,0.0,0.0,0.0
130800030208,2003,0.0,0.0,0.0
130800030208,2004,0.0,0.0,0.0
130800030208,2005,0.0,0.0,0.0
130800030208,2006,0.0,0.0,0.0
130800030208,2007,0.0,0.0,0.0
130800030208,2008,0.0,0.0,0.0
130800030208,2009,0.0,0.0,0.0
130800030208,2010,0.0,0.0,0.0
130800030208,2011,0.0,0.0,0.0
130800030208,2012,0.0,0.0,0.0
130800030208,2013,0.0,0.0,0.0
130800030208,2014,0.0,0.0,0.0
130800030208,2015,0.0,0.0,0.0
130800030208,2016,0.0,0.0,0.0
130800030208,2017,0.0,0.0,0.0
130800030208,2018,0.0,0.0,0.0
130800030208,2019,0.0,0.0,0.0
130800030208,2020,0.0,0.0,0.0
130800030209,2000,0.0,0.0,0.0
130800030209,2001,0.0,0.0,0.0
130800030209,2002,0.0,0.0,0.0
130800030209,2003,0.0,0.0,0.0
130800030209,2004,0.0,0.0,0.0
130800030209,2005,0.0,0.0,0.0
130800030209,2006,0.0,0.0,0.0
130800030209,2007,0.0,0.0,0.0
130800030209,2008,0.0,0.0,0.0
130800030209,2009,0.0,0.0,0.0
130800030209,2010,0.0,0.0,0.0
130800030209,2011,0.0,0.0,0.0
130800030209,2012,0.0,0.0,0.0
130800030209,2013,0.0,0.0,0.0
130800030209,2014,0.0,0.0,0.0
130800030209,2015,0.0,0.0,0.0
130800030209,2016,0.0,0.0,0.0
130800030209,2017,0.0,0.0,0.0
130800030209,2018,0.0,0.0,0.0
130800030209,2019,0.0,0.0,0.0
130800030209,2020,0.0,0.0,0.0
130800030210,2000,5.2762e-05,0.004801126,0.004748194
130800030210,2001,0.001452797,0.132065589,0.130612877
130800030210,2002,0.000454005,0.041269101,0.040815014
130800030210,2003,0.0,0.0,0.0
130800030210,2004,0.0,0.0,0.0
130800030210,2005,0.00146971,0.133615808,0.132146022
130800030210,2006,0.000816973,0.081695838,0.080878866
130800030210,2007,0.002326888,0.211535293,0.209208244
130800030210,2008,0.000184609,0.184481891,0.18429753
130800030210,2009,0.0,1.173e-06,1.173e-06
130800030210,2010,5.04e-07,6.246e-05,6.1622e-05
130800030210,2011,0.000667307,0.166843351,0.166176044
130800030210,2012,0.000262751,0.023884131,0.023621298
130800030210,2013,0.0,0.0,0.0
130800030210,2014,0.001017332,0.09247169,0.091454696
130800030210,2015,2.1151e-05,0.001927003,0.001905685
130800030210,2016,4.9667e-05,0.004529699,0.004479948
130800030210,2017,0.001540501,0.192567926,0.191027337
130800030210,2018,3.3858e-05,0.003081595,0.003047899
130800030210,2019,0.001705074,0.170515718,0.168810559
130800030210,2020,3.6109e-05,0.00328682,0.003250792
130800030602,2000,0.001588735,0.144432484,0.142843587
130800030602,2001,0.004566921,0.415188775,0.4106216
130800030602,2002,0.000779342,0.070854332,0.070074989
130800030602,2003,0.000370605,0.033683962,0.033313532
130800030602,2004,0.000922115,0.083836342,0.082914057
130800030602,2005,0.002165674,0.196865452,0.194699863
130800030602,2006,0.004227553,0.384329775,0.380102063
130800030602,2007,0.004232077,0.384737096,0.380504858
130800030602,2008,0.004797863,0.436162609,0.43136491
130800030602,2009,0.00312543,0.284118444,0.280992932
130800030602,2010,0.005646816,0.513337025,0.507690463
130800030602,2011,0.002205833,0.200531304,0.198325392
130800030602,2012,0.003116995,0.283357918,0.280240926
130800030602,2013,0.002278523,0.207141392,0.204862701
130800030602,2014,0.004129364,0.375389337,0.371260142
130800030602,2015,0.005869978,0.533657038,0.527786652
130800030602,2016,0.000897959,0.081630079,0.080732205
130800030602,2017,0.005157619,0.468887121,0.463729247
130800030602,2018,0.005271129,0.479206386,0.473934923
130800030602,2019,0.001954038,0.177647589,0.175693471
130800030602,2020,0.004287109,0.389743519,0.385456328
130800030605,2000,0.0,0.0,0.0
130800030605,2001,0.0,0.0,0.0
130800030605,2002,0.0,0.0,0.0
130800030605,2003,0.0,0.0,0.0
130800030605,2004,0.0,0.0,0.0
130800030605,2005,0.0,0.0,0.0
130800030605,2006,0.0,0.0,0.0
130800030605,2007,0.0,0.0,0.0
130800030605,2008,0.0,0.0,0.0
130800030605,2009,0.0,0.0,0.0
130800030605,2010,0.0,0.0,0.0
130800030605,2011,0.0,0.0,0.0
130800030605,2012,0.0,0.0,0.0
130800030605,2013,0.0,0.0,0.0
130800030605,2014,0.0,0.0,0.0
130800030605,2015,0.0,0.0,0.0
130800030605,2016,0.0,0.0,0.0
130800030605,2017,0.0,0.0,0.0
130800030605,2018,0.0,0.0,0.0
130800030605,2019,0.0,0.0,0.0
130800030605,2020,0.0,0.0,0.0
130800030606,2000,0.0,0.0,0.0
130800030606,2001,0.0,0.0,0.0
130800030606,2002,0.0,0.0,0.0
130800030606,2003,0.0,0.0,0.0
130800030606,2004,0.0,0.0,0.0
130800030606,2005,0.0,0.0,0.0
130800030606,2006,0.0,0.0,0.0
130800030606,2007,0.0,0.0,0.0
130800030606,2008,0.0,0.0,0.0
130800030606,2009,0.0,0.0,0.0
130800030606,2010,0.0,0.0,0.0
130800030606,2011,0.0,0.0,0.0
130800030606,2012,0.0,0.0,0.0
130800030606,2013,0.0,0.0,0.0
130800030606,2014,0.0,0.0,0.0
130800030606,2015,0.0,0.0,0.0
130800030606,2016,0.0,0.0,0.0
130800030606,2017,0.0,0.0,0.0
130800030606,2018,0.0,0.0,0.0
130800030606,2019,0.0,0.0,0.0
130800030606,2020,0.0,0.0,0.0
130800030701,2000,0.0,0.0,0.0
130800030701,2001,0.0,0.0,0.0
130800030701,2002,0.0,0.0,0.0
130800030701,2003,0.0,0.0,0.0
130800030701,2004,0.0,0.0,0.0
130800030701,2005,0.0,0.0,0.0
130800030701,2006,0.0,0.0,0.0
130800030701,2007,0.0,0.0,0.0
130800030701,2008,0.0,0.0,0.0
130800030701,2009,0.0,0.0,0.0
130800030701,2010,0.0,0.0,0.0
130800030701,2011,0.0,0.0,0.0
130800030701,2012,0.0,0.0,0.0
130800030701,2013,0.0,0.0,0.0
130800030701,2014,0.0,0.0,0.0
130800030701,2015,0.0,0.0,0.0
130800030701,2016,0.0,0.0,0.0
130800030701,2017,0.0,0.0,0.0
130800030701,2018,0.0,0.0,0.0
130800030701,2019,0.0,0.0,0.0
130800030701,2020,0.0,0.0,0.0
130800030702,2000,0.0,0.0,0.0
130800030702,2001,0.0,0.0,0.0
130800030702,2002,0.0,0.0,0.0
130800030702,2003,0.0,0.0,0.0
130800030702,2004,0.0,0.0,0.0
130800030702,2005,0.0,0.0,0.0
130800030702,2006,0.0,0.0,0.0
130800030702,2007,0.0,0.0,0.0
130800030702,2008,0.0,0.0,0.0
130800030702,2009,0.0,0.0,0.0
130800030702,2010,0.0,0.0,0.0
130800030702,2011,0.0,0.0,0.0
130800030702,2012,0.0,0.0,0.0
130800030702,2013,0.0,0.0,0.0
130800030702,2014,0.0,0.0,0.0
130800030702,2015,0.0,0.0,0.0
130800030702,2016,0.0,0.0,0.0
130800030702,2017,0.0,0.0,0.0
130800030702,2018,0.0,0.0,0.0
130800030702,2019,0.0,0.0,0.0
130800030702,2020,0.0,0.0,0.0
130800030703,2000,0.0,0.0,0.0
130800030703,2001,0.0,0.0,0.0
130800030703,2002,0.0,0.0,0.0
130800030703,2003,0.0,0.0,0.0
130800030703,2004,0.0,0.0,0.0
130800030703,2005,0.0,0.0,0.0
130800030703,2006,0.0,0.0,0.0
130800030703,2007,0.0,0.0,0.0
130800030703,2008,0.0,0.0,0.0
130800030703,2009,0.0,0.0,0.0
130800030703,2010,0.0,0.0,0.0
130800030703,2011,0.0,0.0,0.0
130800030703,2012,0.0,0.0,0.0
130800030703,2013,0.0,0.0,0.0
130800030703,2014,0.0,0.0,0.0
130800030703,2015,0.0,0.0,0.0
130800030703,2016,0.0,0.0,0.0
130800030703,2017,0.0,0.0,0.0
130800030703,2018,0.004042819,0.367535482,0.363492575
130800030703,2019,0.0,0.0,0.0
130800030703,2020,0.0,0.0,0.0
130800030704,2000,0.0,0.0,0.0
130800030704,2001,0.0,0.0,0.0
130800030704,2002,0.0,0.0,0.0
130800030704,2003,0.0,0.0,0.0
130800030704,2004,0.0,0.0,0.0
130800030704,2005,0.0,0.0,0.0
130800030704,2006,0.0,0.0,0.0
130800030704,2007,0.0,0.0,0.0
130800030704,2008,0.0,0.0,0.0
130800030704,2009,0.0,0.0,0.0
130800030704,2010,0.0,0.0,0.0
130800030704,2011,0.0,0.0,0.0
130800030704,2012,0.0,0.0,0.0
130800030704,2013,0.0,0.0,0.0
130800030704,2014,0.0,0.0,0.0
130800030704,2015,0.0,0.0,0.0
130800030704,2016,0.0,0.0,0.0
130800030704,2017,0.0,0.0,0.0
130800030704,2018,0.0,0.0,0.0
130800030704,2019,0.0,0.0,0.0
130800030704,2020,0.0,0.0,0.0
130800030705,2000,0.0,0.0,0.0
130800030705,2001,0.0,0.0,0.0
130800030705,2002,0.0,0.0,0.0
130800030705,2003,0.0,0.0,0.0
130800030705,2004,0.0,0.0,0.0
130800030705,2005,0.0,0.0,0.0
130800030705,2006,0.0,0.0,0.0
130800030705,2007,0.0,0.0,0.0
130800030705,2008,0.0,0.0,0.0
130800030705,2009,0.0,0.0,0.0
130800030705,2010,0.0,0.0,0.0
130800030705,2011,0.0,0.0,0.0
130800030705,2012,0.0,0.0,0.0
130800030705,2013,0.0,0.0,0.0
130800030705,2014,0.0,0.0,0.0
130800030705,2015,0.0,0.0,0.0
130800030705,2016,0.0,0.0,0.0
130800030705,2017,0.0,0.0,0.0
130800030705,2018,0.0,0.0,0.0
130800030705,2019,0.0,0.0,0.0
130800030705,2020,0.0,0.0,0.0
130800030706,2000,0.0,0.0,0.0
130800030706,2001,0.0,0.0,0.0
130800030706,2002,0.0,0.0,0.0
130800030706,2003,0.0,0.0,0.0
130800030706,2004,0.0,0.0,0.0
130800030706,2005,0.0,0.0,0.0
130800030706,2006,0.0,0.0,0.0
130800030706,2007,0.0,0.0,0.0
130800030706,2008,0.0,0.0,0.0
130800030706,2009,0.0,0.0,0.0
130800030706,2010,0.0,0.0,0.0
130800030706,2011,0.0,0.0,0.0
130800030706,2012,0.0,0.0,0.0
130800030706,2013,0.0,0.0,0.0
130800030706,2014,0.0,0.0,0.0
130800030706,2015,0.0,0.0,0.0
130800030706,2016,0.0,0.0,0.0
130800030706,2017,0.0,0.0,0.0
130800030706,2018,0.0,0.0,0.0
130800030706,2019,0.0,0.0,0.0
130800030706,2020,0.0,0.0,0.0
130800030707,2000,0.0,0.0,0.0
130800030707,2001,0.0,0.0,0.0
130800030707,2002,0.0,0.0,0.0
130800030707,2003,0.0,0.0,0.0
130800030707,2004,0.0,0.0,0.0
130800030707,2005,0.0,0.0,0.0
130800030707,2006,0.0,0.0,0.0
130800030707,2007,0.0,0.0,0.0
130800030707,2008,0.0,0.0,0.0
130800030707,2009,0.0,0.0,0.0
130800030707,2010,0.0,0.0,0.0
130800030707,2011,0.0,0.0,0.0
130800030707,2012,0.0,0.0,0.0
130800030707,2013,0.0,0.0,0.0
130800030707,2014,0.0,0.0,0.0
130800030707,2015,0.0,0.0,0.0
130800030707,2016,0.0,0.0,0.0
130800030707,2017,0.0,0.0,0.0
130800030707,2018,0.0,0.0,0.0
130800030707,2019,0.0,0.0,0.0
130800030707,2020,0.0,0.0,0.0
130800030708,2000,0.0,0.0,0.0
130800030708,2001,0.0,0.0,0.0
130800030708,2002,0.0,0.0,0.0
130800030708,2003,0.0,0.0,0.0
130800030708,2004,0.0,0.0,0.0
130800030708,2005,0.0,0.0,0.0
130800030708,2006,0.0,0.0,0.0
130800030708,2007,0.0,0.0,0.0
130800030708,2008,0.0,0.0,0.0
130800030708,2009,0.0,0.0,0.0
130800030708,2010,0.0,0.0,0.0
130800030708,2011,0.0,0.0,0.0
130800030708,2012,0.0,0.0,0.0
130800030708,2013,0.0,0.0,0.0
130800030708,2014,0.0,0.0,0.0
130800030708,2015,0.0,0.0,0.0
130800030708,2016,0.0,0.0,0.0
130800030708,2017,0.0,0.0,0.0
130800030708,2018,0.0,0.0,0.0
130800030708,2019,0.0,0.0,0.0
130800030708,2020,0.0,0.0,0.0
130800030709,2000,0.0,0.0,0.0
130800030709,2001,0.0,0.0,0.0
130800030709,2002,0.0,0.0,0.0
130800030709,2003,0.0,0.0,0.0
130800030709,2004,0.0,0.0,0.0
130800030709,2005,0.0,0.0,0.0
130800030709,2006,0.0,0.0,0.0
130800030709,2007,0.0,0.0,0.0
130800030709,2008,0.0,0.0,0.0
130800030709,2009,0.0,0.0,0.0
130800030709,2010,0.0,0.0,0.0
130800030709,2011,0.0,0.0,0.0
130800030709,2012,0.0,0.0,0.0
130800030709,2013,0.0,0.0,0.0
130800030709,2014,0.0,0.0,0.0
130800030709,2015,0.0,0.0,0.0
130800030709,2016,0.0,0.0,0.0
130800030709,2017,0.0,0.0,0.0
130800030709,2018,0.0,0.0,0.0
130800030709,2019,0.0,0.0,0.0
130800030709,2020,0.0,0.0,0.0
130800030710,2000,0.0,0.0,0.0
130800030710,2001,0.0,0.0,0.0
130800030710,2002,0.0,0.0,0.0
130800030710,2003,0.0,0.0,0.0
130800030710,2004,0.0,0.0,0.0
130800030710,2005,0.0,0.0,0.0
130800030710,2006,0.0,0.0,0.0
130800030710,2007,0.0,0.0,0.0
130800030710,2008,0.0,0.0,0.0
130800030710,2009,0.0,0.0,0.0
130800030710,2010,0.0,0.0,0.0
130800030710,2011,0.0,0.0,0.0
130800030710,2012,0.0,0.0,0.0
130800030710,2013,0.0,0.0,0.0
130800030710,2014,0.0,0.0,0.0
130800030710,2015,0.0,0.0,0.0
130800030710,2016,0.0,0.0,0.0
130800030710,2017,0.0,0.0,0.0
130800030710,2018,0.0,0.0,0.0
130800030710,2019,0.0,0.0,0.0
130800030710,2020,0.0,0.0,0.0
130800030801,2000,0.0,0.0,0.0
130800030801,2001,0.0,0.0,0.0
130800030801,2002,0.0,0.0,0.0
130800030801,2003,0.0,0.0,0.0
130800030801,2004,0.0,0.0,0.0
130800030801,2005,0.0,0.0,0.0
130800030801,2006,0.0,0.0,0.0
130800030801,2007,0.0,0.0,0.0
130800030801,2008,0.0,0.0,0.0
130800030801,2009,0.0,0.0,0.0
130800030801,2010,0.0,0.0,0.0
130800030801,2011,0.0,0.0,0.0
130800030801,2012,0.0,0.0,0.0
130800030801,2013,0.0,0.0,0.0
130800030801,2014,0.0,0.0,0.0
130800030801,2015,0.0,0.0,0.0
130800030801,2016,0.0,0.0,0.0
130800030801,2017,0.0,0.0,0.0
130800030801,2018,0.0,0.0,0.0
130800030801,2019,0.0,0.0,0.0
130800030801,2020,0.0,0.0,0.0
130800030802,2000,0.0,0.0,0.0
130800030802,2001,0.0,0.0,0.0
130800030802,2002,0.0,0.0,0.0
130800030802,2003,0.0,0.0,0.0
130800030802,2004,0.0,0.0,0.0
130800030802,2005,0.0,0.0,0.0
130800030802,2006,0.0,0.0,0.0
130800030802,2007,0.0,0.0,0.0
130800030802,2008,0.0,0.0,0.0
130800030802,2009,0.0,0.0,0.0
130800030802,2010,0.0,0.0,0.0
130800030802,2011,0.0,0.0,0.0
130800030802,2012,0.0,0.0,0.0
130800030802,2013,0.0,0.0,0.0
130800030802,2014,0.0,0.0,0.0
130800030802,2015,0.0,0.0,0.0
130800030802,2016,0.0,0.0,0.0
130800030802,2017,0.0,0.0,0.0
130800030802,2018,0.0,0.0,0.0
130800030802,2019,0.0,0.0,0.0
130800030802,2020,0.0,0.0,0.0
130800030803,2000,0.0,0.0,0.0
130800030803,2001,0.0,0.0,0.0
130800030803,2002,0.0,0.0,0.0
130800030803,2003,0.0,0.0,0.0
130800030803,2004,0.0,0.0,0.0
130800030803,2005,0.0,0.0,0.0
130800030803,2006,0.0,0.0,0.0
130800030803,2007,0.0,0.0,0.0
130800030803,2008,0.0,0.0,0.0
130800030803,2009,0.0,0.0,0.0
130800030803,2010,0.0,0.0,0.0
130800030803,2011,0.0,0.0,0.0
130800030803,2012,0.0,0.0,0.0
130800030803,2013,0.0,0.0,0.0
130800030803,2014,0.0,0.0,0.0
130800030803,2015,0.0,0.0,0.0
130800030803,2016,0.0,0.0,0.0
130800030803,2017,0.0,0.0,0.0
130800030803,2018,0.0,0.0,0.0
130800030803,2019,0.0,0.0,0.0
130800030803,2020,0.0,0.0,0.0
130800030804,2000,0.0,0.0,0.0
130800030804,2001,0.0,0.0,0.0
130800030804,2002,0.0,0.0,0.0
130800030804,2003,0.0,0.0,0.0
130800030804,2004,0.0,0.0,0.0
130800030804,2005,0.0,0.0,0.0
130800030804,2006,0.0,0.0,0.0
130800030804,2007,0.0,0.0,0.0
130800030804,2008,0.0,0.0,0.0
130800030804,2009,0.0,0.0,0.0
130800030804,2010,0.0,0.0,0.0
130800030804,2011,0.0,0.0,0.0
130800030804,2012,0.0,0.0,0.0
130800030804,2013,0.0,0.0,0.0
130800030804,2014,0.0,0.0,0.0
130800030804,2015,0.0,0.0,0.0
130800030804,2016,0.0,0.0,0.0
130800030804,2017,0.0,0.0,0.0
130800030804,2018,0.0,0.0,0.0
130800030804,2019,0.0,0.0,0.0
130800030804,2020,0.0,0.0,0.0
130800030805,2000,0.0,0.0,0.0
130800030805,2001,0.0,0.0,0.0
130800030805,2002,0.0,0.0,0.0
130800030805,2003,0.0,0.0,0.0
130800030805,2004,0.0,0.0,0.0
130800030805,2005,0.0,0.0,0.0
130800030805,2006,0.0,0.0,0.0
130800030805,2007,0.0,0.0,0.0
130800030805,2008,0.0,0.0,0.0
130800030805,2009,0.0,0.0,0.0
130800030805,2010,0.0,0.0,0.0
130800030805,2011,0.0,0.0,0.0
130800030805,2012,0.0,0.0,0.0
130800030805,2013,0.0,0.0,0.0
130800030805,2014,0.0,0.0,0.0
130800030805,2015,0.0,0.0,0.0
130800030805,2016,0.0,0.0,0.0
130800030805,2017,0.0,0.0,0.0
130800030805,2018,0.0,0.0,0.0
130800030805,2019,0.0,0.0,0.0
130800030805,2020,0.0,0.0,0.0
130800030806,2000,0.0,0.0,0.0
130800030806,2001,0.0,0.0,0.0
130800030806,2002,0.0,0.0,0.0
130800030806,2003,0.0,0.0,0.0
130800030806,2004,0.0,0.0,0.0
130800030806,2005,0.0,0.0,0.0
130800030806,2006,0.0,0.0,0.0
130800030806,2007,0.0,0.0,0.0
130800030806,2008,0.0,0.0,0.0
130800030806,2009,0.0,0.0,0.0
130800030806,2010,0.0,0.0,0.0
130800030806,2011,0.0,0.0,0.0
130800030806,2012,0.0,0.0,0.0
130800030806,2013,0.0,0.0,0.0
130800030806,2014,0.0,0.0,0.0
130800030806,2015,0.0,0.0,0.0
130800030806,2016,0.0,0.0,0.0
130800030806,2017,0.0,0.0,0.0
130800030806,2018,0.0,0.0,0.0
130800030806,2019,0.0,0.0,0.0
130800030806,2020,0.0,0.0,0.0
130800030901,2000,0.0,0.0,0.0
130800030901,2001,0.0,0.0,0.0
130800030901,2002,0.0,0.0,0.0
130800030901,2003,0.0,0.0,0.0
130800030901,2004,0.0,0.0,0.0
130800030901,2005,0.0,0.0,0.0
130800030901,2006,0.0,0.0,0.0
130800030901,2007,0.0,0.0,0.0
130800030901,2008,0.0,0.0,0.0
130800030901,2009,0.0,0.0,0.0
130800030901,2010,0.0,0.0,0.0
130800030901,2011,0.0,0.0,0.0
130800030901,2012,0.0,0.0,0.0
130800030901,2013,0.0,0.0,0.0
130800030901,2014,0.0,0.0,0.0
130800030901,2015,0.0,0.0,0.0
130800030901,2016,0.0,0.0,0.0
130800030901,2017,0.0,0.0,0.0
130800030901,2018,0.0,0.0,0.0
130800030901,2019,0.0,0.0,0.0
130800030901,2020,0.0,0.0,0.0
130800030902,2000,0.0,0.0,0.0
130800030902,2001,0.0,0.0,0.0
130800030902,2002,0.0,0.0,0.0
130800030902,2003,0.0,0.0,0.0
130800030902,2004,0.0,0.0,0.0
130800030902,2005,0.0,0.0,0.0
130800030902,2006,0.0,0.0,0.0
130800030902,2007,0.0,0.0,0.0
130800030902,2008,0.0,0.0,0.0
130800030902,2009,0.0,0.0,0.0
130800030902,2010,0.0,0.0,0.0
130800030902,2011,0.0,0.0,0.0
130800030902,2012,0.0,0.0,0.0
130800030902,2013,0.0,0.0,0.0
130800030902,2014,0.0,0.0,0.0
130800030902,2015,0.0,0.0,0.0
130800030902,2016,0.0,0.0,0.0
130800030902,2017,0.0,0.0,0.0
130800030902,2018,0.0,0.0,0.0
130800030902,2019,0.0,0.0,0.0
130800030902,2020,0.0,0.0,0.0
130800030903,2000,0.0,0.0,0.0
130800030903,2001,0.0,0.0,0.0
130800030903,2002,0.0,0.0,0.0
130800030903,2003,0.0,0.0,0.0
130800030903,2004,0.0,0.0,0.0
130800030903,2005,0.0,0.0,0.0
130800030903,2006,0.0,0.0,0.0
130800030903,2007,0.0,0.0,0.0
130800030903,2008,0.0,0.0,0.0
130800030903,2009,0.0,0.0,0.0
130800030903,2010,0.0,0.0,0.0
130800030903,2011,0.0,0.0,0.0
130800030903,2012,0.0,0.0,0.0
130800030903,2013,0.0,0.0,0.0
130800030903,2014,0.0,0.0,0.0
130800030903,2015,0.0,0.0,0.0
130800030903,2016,0.0,0.0,0.0
130800030903,2017,0.0,0.0,0.0
130800030903,2018,0.0,0.0,0.0
130800030903,2019,0.0,0.0,0.0
130800030903,2020,0.0,0.0,0.0
130800031001,2000,0.0,0.0,0.0
130800031001,2001,0.0,0.0,0.0
130800031001,2002,0.0,0.0,0.0
130800031001,2003,0.225727701,0.225727701,0.0
130800031001,2004,0.773789568,0.773789568,0.0
130800031001,2005,0.0,0.0,0.0
130800031001,2006,0.0,0.0,0.0
130800031001,2007,0.268549077,0.268549077,0.0
130800031001,2008,0.549411995,0.549411995,0.0
130800031001,2009,0.0,0.0,0.0
130800031001,2010,0.0,0.0,0.0
130800031001,2011,0.0,0.0,0.0
130800031001,2012,0.0,0.0,0.0
130800031001,2013,0.0,0.0,0.0
130800031001,2014,0.0,0.0,0.0
130800031001,2015,0.0,0.0,0.0
130800031001,2016,0.0,0.0,0.0
130800031001,2017,0.0,0.0,0.0
130800031001,2018,0.0,0.0,0.0
130800031001,2019,0.0,0.0,0.0
130800031001,2020,0.0,0.0,0.0
130800031002,2000,0.0,0.0,0.0
130800031002,2001,0.0,0.0,0.0
130800031002,2002,0.0,0.0,0.0
130800031002,2003,0.104669323,0.104669323,0.0
130800031002,2004,0.250510705,0.250510705,0.0
130800031002,2005,0.0,0.0,0.0
130800031002,2006,0.0,0.0,0.0
130800031002,2007,0.124279975,0.124279975,0.0
130800031002,2008,0.148703112,0.148703112,0.0
130800031002,2009,0.0,0.0,0.0
130800031002,2010,0.0,0.0,0.0
130800031002,2011,0.0,0.0,0.0
130800031002,2012,0.0,0.0,0.0
130800031002,2013,0.0,0.0,0.0
130800031002,2014,0.0,0.0,0.0
130800031002,2015,0.0,0.0,0.0
130800031002,2016,0.0,0.0,0.0
130800031002,2017,0.0,0.0,0.0
130800031002,2018,0.0,0.0,0.0
130800031002,2019,0.0,0.0,0.0
130800031002,2020,0.0,0.0,0.0
130800031003,2000,0.0,0.0,0.0
130800031003,2001,0.0,0.0,0.0
130800031003,2002,0.0,0.0,0.0
130800031003,2003,0.0,0.0,0.0
130800031003,2004,0.0,0.0,0.0
130800031003,2005,0.0,0.0,0.0
130800031003,2006,0.0,0.0,0.0
130800031003,2007,0.0,0.0,0.0
130800031003,2008,0.0,0.0,0.0
130800031003,2009,0.0,0.0,0.0
130800031003,2010,0.0,0.0,0.0
130800031003,2011,0.0,0.0,0.0
130800031003,2012,0.0,0.0,0.0
130800031003,2013,0.0,0.0,0.0
130800031003,2014,0.0,0.0,0.0
130800031003,2015,0.0,0.0,0.0
130800031003,2016,0.0,0.0,0.0
130800031003,2017,0.0,0.0,0.0
130800031003,2018,0.0,0.0,0.0
130800031003,2019,0.0,0.0,0.0
130800031003,2020,0.0,0.0,0.0
130800031004,2000,0.0,0.0,0.0
130800031004,2001,0.0,0.0,0.0
130800031004,2002,0.0,0.0,0.0
130800031004,2003,0.067483751,1.163514701,1.096030792
130800031004,2004,0.129734658,3.506343858,3.376609281
130800031004,2005,0.0,0.0,0.0
130800031004,2006,0.0,0.0,0.0
130800031004,2007,0.002281605,0.760519293,0.758237682
130800031004,2008,0.073315142,1.879875254,1.806560112
130800031004,2009,0.0,0.0,0.0
130800031004,2010,0.0,0.0,0.0
130800031004,2011,0.0,0.0,0.0
130800031004,2012,0.0,0.0,0.0
130800031004,2013,0.0,0.0,0.0
130800031004,2014,0.0,0.0,0.0
130800031004,2015,0.0,0.0,0.0
130800031004,2016,0.0,0.0,0.0
130800031004,2017,0.0,0.0,0.0
130800031004,2018,0.0,0.0,0.0
130800031004,2019,0.0,0.0,0.0
130800031004,2020,0.0,0.0,0.0
130800031005,2000,0.0,0.0,0.0
130800031005,2001,0.0,0.0,0.0
130800031005,2002,0.0,0.0,0.0
130800031005,2003,0.001095408,0.099577611,0.098482118
130800031005,2004,0.000923074,0.083904885,0.082981893
130800031005,2005,0.0,0.0,0.0
130800031005,2006,0.0,0.0,0.0
130800031005,2007,0.0,0.0,0.0
130800031005,2008,0.0,0.0,0.0
130800031005,2009,0.0,0.0,0.0
130800031005,2010,0.0,0.0,0.0
130800031005,2011,0.0,0.0,0.0
130800031005,2012,0.0,0.0,0.0
130800031005,2013,0.0,0.0,0.0
130800031005,2014,0.0,0.0,0.0
130800031005,2015,0.0,0.0,0.0
130800031005,2016,0.0,0.0,0.0
130800031005,2017,0.0,0.0,0.0
130800031005,2018,0.0,0.0,0.0
130800031005,2019,0.0,0.0,0.0
130800031005,2020,0.0,0.0,0.0
130800031006,2000,0.0,0.0,0.0
130800031006,2001,0.0,0.0,0.0
130800031006,2002,0.0,0.0,0.0
130800031006,2003,0.001572203,0.142935764,0.141363636
130800031006,2004,0.003106787,0.282441869,0.279335082
130800031006,2005,0.0,0.0,0.0
130800031006,2006,0.0,0.0,0.0
130800031006,2007,0.0,0.0,0.0
130800031006,2008,0.0,0.0,0.0
130800031006,2009,0.0,0.0,0.0
130800031006,2010,0.0,0.0,0.0
130800031006,2011,0.0,0.0,0.0
130800031006,2012,0.0,0.0,0.0
130800031006,2013,0.0,0.0,0.0
130800031006,2014,0.0,0.0,0.0
130800031006,2015,0.0,0.0,0.0
130800031006,2016,0.0,0.0,0.0
130800031006,2017,0.0,0.0,0.0
130800031006,2018,0.0,0.0,0.0
130800031006,2019,0.0,0.0,0.0
130800031006,2020,0.0,0.0,0.0
130800031007,2000,0.0,0.0,0.0
130800031007,2001,0.0,0.0,0.0
130800031007,2002,0.0,0.0,0.0
130800031007,2003,0.002735855,0.248707805,0.245972036
130800031007,2004,0.004898492,0.445325369,0.440426713
130800031007,2005,0.0,0.0,0.0
130800031007,2006,0.0,0.0,0.0
130800031007,2007,0.0,0.0,0.0
130800031007,2008,0.0,0.0,0.0
130800031007,2009,0.0,0.0,0.0
130800031007,2010,0.0,0.0,0.0
130800031007,2011,0.0,0.0,0.0
130800031007,2012,0.0,0.0,0.0
130800031007,2013,0.0,0.0,0.0
130800031007,2014,0.0,0.0,0.0
130800031007,2015,0.0,0.0,0.0
130800031007,2016,0.0,0.0,0.0
130800031007,2017,0.0,0.0,0.0
130800031007,2018,0.0,0.0,0.0
130800031007,2019,0.0,0.0,0.0
130800031007,2020,0.0,0.0,0.0
130900011108,2000,0.0,0.0,0.0
130900011108,2001,0.0,0.026073614,0.026073614
130900011108,2002,0.0,0.0,0.0
130900011108,2003,0.0,0.0,0.0
130900011108,2004,0.0,0.0,0.0
130900011108,2005,0.0,0.0,0.0
130900011108,2006,0.0,0.0,0.0
130900011108,2007,0.0,0.0,0.0
130900011108,2008,0.0,0.0,0.0
130900011108,2009,0.0,0.0,0.0
130900011108,2010,0.0,0.0,0.0
130900011108,2011,0.0,0.0,0.0
130900011108,2012,0.0,0.0,0.0
130900011108,2013,0.0,0.0,0.0
130900011108,2014,0.0,0.0,0.0
130900011108,2015,0.0,0.0,0.0
130900011108,2016,0.0,0.0,0.0
130900011108,2017,0.0,0.0,0.0
130900011108,2018,0.0,0.202813948,0.202813948
130900011108,2019,0.0,0.0,0.0
130900011108,2020,0.0,0.0,0.0
130900011110,2000,0.0,0.0,0.0
130900011110,2001,0.0,0.0,0.0
130900011110,2002,0.0,0.0,0.0
130900011110,2003,0.0,0.0,0.0
130900011110,2004,0.0,0.0,0.0
130900011110,2005,0.0,0.0,0.0
130900011110,2006,0.0,0.0,0.0
130900011110,2007,0.0,0.0,0.0
130900011110,2008,0.0,0.0,0.0
130900011110,2009,0.0,0.0,0.0
130900011110,2010,0.0,0.0,0.0
130900011110,2011,0.0,0.0,0.0
130900011110,2012,0.0,0.0,0.0
130900011110,2013,0.0,0.0,0.0
130900011110,2014,0.0,0.0,0.0
130900011110,2015,0.0,0.0,0.0
130900011110,2016,0.0,0.0,0.0
130900011110,2017,0.0,0.0,0.0
130900011110,2018,0.0,0.098721696,0.098721696
130900011110,2019,0.0,0.0,0.0
130900011110,2020,0.0,0.0,0.0
130900011201,2000,0.0,0.0,0.0
130900011201,2001,0.0,0.0,0.0
130900011201,2002,0.0,0.0,0.0
130900011201,2003,0.0,0.0,0.0
130900011201,2004,0.0,0.0,0.0
130900011201,2005,0.0,0.0,0.0
130900011201,2006,0.0,0.0,0.0
130900011201,2007,0.0,0.0,0.0
130900011201,2008,0.0,0.0,0.0
130900011201,2009,0.0,0.0,0.0
130900011201,2010,0.0,0.0,0.0
130900011201,2011,0.0,0.0,0.0
130900011201,2012,0.0,0.0,0.0
130900011201,2013,0.0,0.0,0.0
130900011201,2014,0.0,0.0,0.0
130900011201,2015,0.0,0.0,0.0
130900011201,2016,0.0,0.0,0.0
130900011201,2017,0.0,0.0,0.0
130900011201,2018,0.0,0.0,0.0
130900011201,2019,0.0,0.0,0.0
130900011201,2020,0.0,0.0,0.0
130900011202,2000,0.0,0.0,0.0
130900011202,2001,0.0,0.0,0.0
130900011202,2002,0.0,0.0,0.0
130900011202,2003,0.0,0.0,0.0
130900011202,2004,0.0,0.0,0.0
130900011202,2005,0.0,0.0,0.0
130900011202,2006,0.0,0.0,0.0
130900011202,2007,0.0,0.0,0.0
130900011202,2008,0.0,0.0,0.0
130900011202,2009,0.0,0.0,0.0
130900011202,2010,0.0,0.0,0.0
130900011202,2011,0.0,0.0,0.0
130900011202,2012,0.0,0.0,0.0
130900011202,2013,0.0,0.0,0.0
130900011202,2014,0.0,0.0,0.0
130900011202,2015,0.0,0.0,0.0
130900011202,2016,0.0,0.0,0.0
130900011202,2017,0.0,0.0,0.0
130900011202,2018,0.0,0.0,0.0
130900011202,2019,0.0,0.0,0.0
130900011202,2020,0.0,0.0,0.0
130900011203,2000,0.0,0.0,0.0
130900011203,2001,0.0,0.0,0.0
130900011203,2002,0.0,0.0,0.0
130900011203,2003,0.0,0.0,0.0
130900011203,2004,0.0,0.0,0.0
130900011203,2005,0.0,0.0,0.0
130900011203,2006,0.0,0.0,0.0
130900011203,2007,0.0,0.0,0.0
130900011203,2008,0.0,0.0,0.0
130900011203,2009,0.0,0.0,0.0
130900011203,2010,0.0,0.0,0.0
130900011203,2011,0.0,0.0,0.0
130900011203,2012,0.0,0.0,0.0
130900011203,2013,0.0,0.0,0.0
130900011203,2014,0.0,0.0,0.0
130900011203,2015,0.0,0.0,0.0
130900011203,2016,0.0,0.0,0.0
130900011203,2017,0.0,0.0,0.0
130900011203,2018,0.0,0.0,0.0
130900011203,2019,0.0,0.0,0.0
130900011203,2020,0.0,0.00563515,0.00563515
130900011204,2000,0.0,0.0,0.0
130900011204,2001,0.0,0.0,0.0
130900011204,2002,0.0,0.0,0.0
130900011204,2003,0.0,0.0,0.0
130900011204,2004,0.0,0.0,0.0
130900011204,2005,0.0,0.0,0.0
130900011204,2006,0.0,0.0,0.0
130900011204,2007,0.0,0.0,0.0
130900011204,2008,0.0,0.0,0.0
130900011204,2009,0.0,0.0,0.0
130900011204,2010,0.0,0.0,0.0
130900011204,2011,0.0,0.0,0.0
130900011204,2012,0.0,0.0,0.0
130900011204,2013,0.0,0.0,0.0
130900011204,2014,0.0,0.0,0.0
130900011204,2015,0.0,0.0,0.0
130900011204,2016,0.0,0.0,0.0
130900011204,2017,0.0,0.0,0.0
130900011204,2018,0.0,0.0,0.0
130900011204,2019,0.0,0.0,0.0
130900011204,2020,0.0,0.0,0.0
130900011301,2000,0.0,0.0,0.0
130900011301,2001,0.0,0.0,0.0
130900011301,2002,0.0,0.0,0.0
130900011301,2003,0.004680315,0.016028701,0.011348227
130900011301,2004,0.044314948,0.103539549,0.059224601
130900011301,2005,0.0,0.0,0.0
130900011301,2006,0.0,0.0,0.0
130900011301,2007,0.001155153,0.002572918,0.001417597
130900011301,2008,0.032940525,0.066951951,0.034011511
130900011301,2009,0.0,0.0,0.0
130900011301,2010,0.0,0.0,0.0
130900011301,2011,0.0,0.0,0.0
130900011301,2012,0.0,0.0,0.0
130900011301,2013,0.0,0.0,0.0
130900011301,2014,0.0,0.0,0.0
130900011301,2015,0.0,0.0,0.0
130900011301,2016,0.0,0.0,0.0
130900011301,2017,0.0,0.0,0.0
130900011301,2018,0.0,0.0,0.0
130900011301,2019,0.0,0.0,0.0
130900011301,2020,0.0,0.0,0.0
130900011302,2000,0.0,0.0,0.0
130900011302,2001,0.0,0.0,0.0
130900011302,2002,0.0,0.0,0.0
130900011302,2003,0.0,0.0,0.0
130900011302,2004,0.0,0.0,0.0
130900011302,2005,0.0,0.0,0.0
130900011302,2006,0.0,0.0,0.0
130900011302,2007,0.0,0.0,0.0
130900011302,2008,0.0,0.0,0.0
130900011302,2009,0.0,0.0,0.0
130900011302,2010,0.0,0.0,0.0
130900011302,2011,0.0,0.0,0.0
130900011302,2012,0.0,0.0,0.0
130900011302,2013,0.0,0.0,0.0
130900011302,2014,0.0,0.0,0.0
130900011302,2015,0.0,0.0,0.0
130900011302,2016,0.0,0.0,0.0
130900011302,2017,0.0,0.0,0.0
130900011302,2018,0.0,0.0,0.0
130900011302,2019,0.0,0.0,0.0
130900011302,2020,0.0,0.0,0.0
130900011303,2000,0.0,0.0,0.0
130900011303,2001,0.0,0.0,0.0
130900011303,2002,0.0,0.0,0.0
130900011303,2003,0.0,0.0,0.0
130900011303,2004,0.0,0.0,0.0
130900011303,2005,0.0,0.0,0.0
130900011303,2006,0.0,0.0,0.0
130900011303,2007,0.0,0.0,0.0
130900011303,2008,0.0,0.0,0.0
130900011303,2009,0.0,0.0,0.0
130900011303,2010,0.0,0.0,0.0
130900011303,2011,0.0,0.0,0.0
130900011303,2012,0.0,0.0,0.0
130900011303,2013,0.0,0.0,0.0
130900011303,2014,0.0,0.0,0.0
130900011303,2015,0.0,0.0,0.0
130900011303,2016,0.0,0.0,0.0
130900011303,2017,0.0,0.0,0.0
130900011303,2018,0.0,0.0,0.0
130900011303,2019,0.0,0.0,0.0
130900011303,2020,0.0,0.0,0.0
130900011304,2000,0.0,0.0,0.0
130900011304,2001,0.0,0.0,0.0
130900011304,2002,0.0,0.0,0.0
130900011304,2003,0.0,0.0,0.0
130900011304,2004,0.0,0.0,0.0
130900011304,2005,0.0,0.0,0.0
130900011304,2006,0.0,0.0,0.0
130900011304,2007,0.0,0.0,0.0
130900011304,2008,0.0,0.0,0.0
130900011304,2009,0.0,0.0,0.0
130900011304,2010,0.0,0.0,0.0
130900011304,2011,0.0,0.0,0.0
130900011304,2012,0.0,0.0,0.0
130900011304,2013,0.0,0.0,0.0
130900011304,2014,0.0,0.0,0.0
130900011304,2015,0.0,0.0,0.0
130900011304,2016,0.0,0.0,0.0
130900011304,2017,0.0,0.0,0.0
130900011304,2018,0.0,0.0,0.0
130900011304,2019,0.0,0.0,0.0
130900011304,2020,0.0,0.0,0.0
130900011401,2000,0.0,0.0,0.0
130900011401,2001,0.0,0.0,0.0
130900011401,2002,0.0,3.104655866,3.104655866
130900011401,2003,0.0,5.884476132,5.884476132
130900011401,2004,0.0,2.267190675,2.267190675
130900011401,2005,0.0,1.984420088,1.984420088
130900011401,2006,0.0,0.0,0.0
130900011401,2007,0.0,0.0,0.0
130900011401,2008,0.0,2.733122456,2.733122456
130900011401,2009,0.0,0.147741784,0.147741784
130900011401,2010,0.0,0.0,0.0
130900011401,2011,0.0,0.0,0.0
130900011401,2012,0.0,0.0,0.0
130900011401,2013,0.0,0.263255496,0.263255496
130900011401,2014,0.0,0.018371351,0.018371351
130900011401,2015,0.0,0.0,0.0
130900011401,2016,0.0,0.0,0.0
130900011401,2017,0.0,0.0,0.0
130900011401,2018,0.0,0.0,0.0
130900011401,2019,0.0,0.0,0.0
130900011401,2020,0.0,0.0,0.0
130900011402,2000,0.0,0.0,0.0
130900011402,2001,0.0,0.0,0.0
130900011402,2002,0.0,0.151012855,0.151012855
130900011402,2003,0.0,0.000859433,0.000859433
130900011402,2004,0.0,0.08135512,0.08135512
130900011402,2005,0.0,0.0,0.0
130900011402,2006,0.0,0.0,0.0
130900011402,2007,0.0,0.0,0.0
130900011402,2008,0.0,0.163848995,0.163848995
130900011402,2009,0.0,0.109971529,0.109971529
130900011402,2010,0.0,0.037358526,0.037358526
130900011402,2011,0.0,0.0,0.0
130900011402,2012,0.0,0.0,0.0
130900011402,2013,0.0,0.0,0.0
130900011402,2014,0.0,0.0,0.0
130900011402,2015,0.0,0.152270466,0.152270466
130900011402,2016,0.0,0.0,0.0
130900011402,2017,0.0,0.0,0.0
130900011402,2018,0.0,0.0,0.0
130900011402,2019,0.0,0.0,0.0
130900011402,2020,0.0,0.0,0.0
130900011403,2000,0.0,0.0,0.0
130900011403,2001,0.0,0.0,0.0
130900011403,2002,0.0,0.0,0.0
130900011403,2003,0.0,0.0,0.0
130900011403,2004,0.0,0.0,0.0
130900011403,2005,0.0,0.0,0.0
130900011403,2006,0.0,0.0,0.0
130900011403,2007,0.0,0.0,0.0
130900011403,2008,0.0,0.0,0.0
130900011403,2009,0.0,0.0,0.0
130900011403,2010,0.0,0.0,0.0
130900011403,2011,0.0,0.0,0.0
130900011403,2012,0.0,0.0,0.0
130900011403,2013,0.0,0.0,0.0
130900011403,2014,0.0,0.0,0.0
130900011403,2015,0.0,0.0,0.0
130900011403,2016,0.0,0.0,0.0
130900011403,2017,0.0,0.0,0.0
130900011403,2018,0.0,0.0,0.0
130900011403,2019,0.0,0.0,0.0
130900011403,2020,0.0,0.0,0.0
130900011501,2000,0.0,0.0,0.0
130900011501,2001,0.0,0.0,0.0
130900011501,2002,0.0,0.0,0.0
130900011501,2003,0.0,0.0,0.0
130900011501,2004,0.0,0.0,0.0
130900011501,2005,0.0,0.0,0.0
130900011501,2006,0.0,0.0,0.0
130900011501,2007,0.0,0.0,0.0
130900011501,2008,0.0,0.0,0.0
130900011501,2009,0.0,0.0,0.0
130900011501,2010,0.0,0.0,0.0
130900011501,2011,0.0,0.0,0.0
130900011501,2012,0.0,0.0,0.0
130900011501,2013,0.0,0.0,0.0
130900011501,2014,0.0,0.0,0.0
130900011501,2015,0.0,0.0,0.0
130900011501,2016,0.0,0.0,0.0
130900011501,2017,0.0,0.0,0.0
130900011501,2018,0.0,0.0,0.0
130900011501,2019,0.0,0.0,0.0
130900011501,2020,0.0,0.0,0.0
130900011502,2000,0.0,0.101383311,0.101383311
130900011502,2001,0.0,0.0,0.0
130900011502,2002,0.0,0.031437737,0.031437737
130900011502,2003,0.0,0.0,0.0
130900011502,2004,0.0,0.088961014,0.088961014
130900011502,2005,0.0,0.004119964,0.004119964
130900011502,2006,0.0,0.092116342,0.092116342
130900011502,2007,0.0,0.074156263,0.074156263
130900011502,2008,0.0,0.002280145,0.002280145
130900011502,2009,0.0,0.0,0.0
130900011502,2010,0.0,0.0,0.0
130900011502,2011,0.0,0.001479682,0.001479682
130900011502,2012,0.0,0.0,0.0
130900011502,2013,0.0,0.0,0.0
130900011502,2014,0.0,0.0,0.0
130900011502,2015,0.0,0.0,0.0
130900011502,2016,0.0,0.0,0.0
130900011502,2017,0.0,0.0,0.0
130900011502,2018,0.0,0.070739849,0.070739849
130900011502,2019,0.0,0.000847455,0.000847455
130900011502,2020,0.0,0.0,0.0
130900011603,2000,0.0,0.47970291,0.47970291
130900011603,2001,0.0,0.0,0.0
130900011603,2002,0.0,1.594066907,1.594066907
130900011603,2003,0.0,2.452755595,2.452755595
130900011603,2004,0.0,2.054226656,2.054226656
130900011603,2005,0.0,1.093452074,1.093452074
130900011603,2006,0.0,0.231069532,0.231069532
130900011603,2007,0.0,0.909171986,0.909171986
130900011603,2008,0.0,2.207572014,2.207572014
130900011603,2009,0.0,1.598949655,1.598949655
130900011603,2010,0.0,0.855639175,0.855639175
130900011603,2011,0.0,0.0,0.0
130900011603,2012,0.0,0.029610899,0.029610899
130900011603,2013,0.0,0.828640422,0.828640422
130900011603,2014,0.0,0.888120677,0.888120677
130900011603,2015,0.0,0.914681674,0.914681674
130900011603,2016,0.0,0.149234093,0.149234093
130900011603,2017,0.0,0.059437296,0.059437296
130900011603,2018,0.0,0.704656468,0.704656468
130900011603,2019,0.0,0.775392636,0.775392636
130900011603,2020,0.0,0.388967893,0.388967893
130900011604,2000,0.0,0.212044221,0.212044221
130900011604,2001,0.0,0.0,0.0
130900011604,2002,0.0,0.178527819,0.178527819
130900011604,2003,0.0,0.334053825,0.334053825
130900011604,2004,0.0,0.506113443,0.506113443
130900011604,2005,0.0,0.504407244,0.504407244
130900011604,2006,0.0,0.086028816,0.086028816
130900011604,2007,0.0,0.068916827,0.068916827
130900011604,2008,0.0,0.390221822,0.390221822
130900011604,2009,0.0,0.33064291,0.33064291
130900011604,2010,0.0,0.179455353,0.179455353
130900011604,2011,0.0,0.037627077,0.037627077
130900011604,2012,0.0,0.036244057,0.036244057
130900011604,2013,0.0,0.0,0.0
130900011604,2014,0.0,0.159770751,0.159770751
130900011604,2015,0.0,0.037024529,0.037024529
130900011604,2016,0.0,0.029440672,0.029440672
130900011604,2017,0.0,0.0,0.0
130900011604,2018,0.0,0.44966331,0.44966331
130900011604,2019,0.0,0.280799773,0.280799773
130900011604,2020,0.0,0.0,0.0
130900011605,2000,0.0,0.48407394,0.48407394
130900011605,2001,0.0,0.021695677,0.021695677
130900011605,2002,0.0,1.006719266,1.006719266
130900011605,2003,0.0,1.867527849,1.867527849
130900011605,2004,0.0,1.546236309,1.546236309
130900011605,2005,0.0,1.852657164,1.852657164
130900011605,2006,0.0,0.508742101,0.508742101
130900011605,2007,0.0,0.033131515,0.033131515
130900011605,2008,0.0,0.441171899,0.441171899
130900011605,2009,0.0,0.167543134,0.167543134
130900011605,2010,0.0,0.0,0.0
130900011605,2011,0.0,0.0,0.0
130900011605,2012,0.0,0.0,0.0
130900011605,2013,0.0,0.03166637,0.03166637
130900011605,2014,0.0,0.0,0.0
130900011605,2015,0.0,0.021851129,0.021851129
130900011605,2016,0.0,0.022652913,0.022652913
130900011605,2017,0.0,0.0,0.0
130900011605,2018,0.0,1.163807266,1.163807266
130900011605,2019,0.0,0.053951036,0.053951036
130900011605,2020,0.0,0.67691379,0.67691379
130900011606,2000,0.0,0.741430235,0.741430235
130900011606,2001,0.0,1.003466512,1.003466512
130900011606,2002,0.0,0.248765888,0.248765888
130900011606,2003,0.0,0.768790556,0.768790556
130900011606,2004,0.0,2.061757803,2.061757803
130900011606,2005,0.0,1.74378311,1.74378311
130900011606,2006,0.0,0.512709296,0.512709296
130900011606,2007,0.0,0.31823551,0.31823551
130900011606,2008,0.0,0.561110735,0.561110735
130900011606,2009,0.0,0.56283014,0.56283014
130900011606,2010,0.0,0.680106455,0.680106455
130900011606,2011,0.0,1.645937836,1.645937836
130900011606,2012,0.0,1.988830281,1.988830281
130900011606,2013,0.0,1.777102619,1.777102619
130900011606,2014,0.0,0.939886326,0.939886326
130900011606,2015,0.0,1.249981704,1.249981704
130900011606,2016,0.0,1.758416098,1.758416098
130900011606,2017,0.0,0.444990395,0.444990395
130900011606,2018,0.0,1.47446371,1.47446371
130900011606,2019,0.0,1.558849236,1.558849236
130900011606,2020,0.0,1.70563076,1.70563076
130900011701,2000,0.0,0.614302003,0.614302003
130900011701,2001,0.0,1.026033052,1.026033052
130900011701,2002,0.0,0.397123638,0.397123638
130900011701,2003,0.0,3.307211241,3.307211241
130900011701,2004,0.0,0.453859123,0.453859123
130900011701,2005,0.0,0.117465463,0.117465463
130900011701,2006,0.0,0.727655238,0.727655238
130900011701,2007,0.0,1.252575082,1.252575082
130900011701,2008,0.0,0.324014369,0.324014369
130900011701,2009,0.0,1.895095,1.895095
130900011701,2010,0.0,8.483235005,8.483235005
130900011701,2011,0.0,1.114207997,1.114207997
130900011701,2012,0.0,3.503655984,3.503655984
130900011701,2013,0.0,0.874386655,0.874386655
130900011701,2014,0.0,5.988246233,5.988246233
130900011701,2015,0.0,5.898285644,5.898285644
130900011701,2016,0.0,5.995566992,5.995566992
130900011701,2017,0.0,3.343011214,3.343011214
130900011701,2018,0.0,6.795852827,6.795852827
130900011701,2019,0.0,4.852975964,4.852975964
130900011701,2020,0.0,6.18172177,6.18172177
130900011702,2000,0.0,0.969920287,0.969920287
130900011702,2001,0.0,1.076008811,1.076008811
130900011702,2002,0.0,1.505592449,1.505592449
130900011702,2003,0.0,5.639625997,5.639625997
130900011702,2004,0.0,0.703616792,0.703616792
130900011702,2005,0.0,1.018406455,1.018406455
130900011702,2006,0.0,2.176612296,2.176612296
130900011702,2007,0.0,3.194947627,3.194947627
130900011702,2008,0.0,3.746103803,3.746103803
130900011702,2009,0.0,0.589891099,0.589891099
130900011702,2010,0.0,2.141254526,2.141254526
130900011702,2011,0.0,0.0,0.0
130900011702,2012,0.0,1.906390746,1.906390746
130900011702,2013,0.0,0.664530945,0.664530945
130900011702,2014,0.0,0.434146055,0.434146055
130900011702,2015,0.0,0.817308679,0.817308679
130900011702,2016,0.0,0.85296327,0.85296327
130900011702,2017,0.0,0.534936433,0.534936433
130900011702,2018,0.0,0.46910877,0.46910877
130900011702,2019,0.0,2.08403257,2.08403257
130900011702,2020,0.0,1.147418197,1.147418197
130900011703,2000,0.0,0.604935697,0.604935697
130900011703,2001,0.0,0.306799326,0.306799326
130900011703,2002,0.0,0.333529049,0.333529049
130900011703,2003,0.0,0.73880609,0.73880609
130900011703,2004,0.0,1.210867653,1.210867653
130900011703,2005,0.0,0.0,0.0
130900011703,2006,0.0,0.710540962,0.710540962
130900011703,2007,0.0,2.663306548,2.663306548
130900011703,2008,0.0,2.221366653,2.221366653
130900011703,2009,0.0,0.830122759,0.830122759
130900011703,2010,0.0,0.056086137,0.056086137
130900011703,2011,0.0,0.184335592,0.184335592
130900011703,2012,0.0,0.0,0.0
130900011703,2013,0.0,0.448608296,0.448608296
130900011703,2014,0.0,0.0,0.0
130900011703,2015,0.0,0.0,0.0
130900011703,2016,0.0,0.0,0.0
130900011703,2017,0.0,0.0,0.0
130900011703,2018,0.0,0.082212641,0.082212641
130900011703,2019,0.0,0.998386671,0.998386671
130900011703,2020,0.0,2.47572321,2.47572321
130900011704,2000,0.0,0.119756779,0.119756779
130900011704,2001,0.0,2.772251989,2.772251989
130900011704,2002,0.0,0.872491759,0.872491759
130900011704,2003,0.0,1.78205726,1.78205726
130900011704,2004,0.0,1.500562634,1.500562634
130900011704,2005,0.0,0.77576234,0.77576234
130900011704,2006,0.0,0.97915249,0.97915249
130900011704,2007,0.0,0.485372718,0.485372718
130900011704,2008,0.0,3.858761546,3.858761546
130900011704,2009,0.0,0.389877866,0.389877866
130900011704,2010,0.0,4.503923485,4.503923485
130900011704,2011,0.0,0.367305356,0.367305356
130900011704,2012,0.0,1.04119671,1.04119671
130900011704,2013,0.0,0.781737592,0.781737592
130900011704,2014,0.0,3.591705608,3.591705608
130900011704,2015,0.0,5.812786121,5.812786121
130900011704,2016,0.0,4.534544478,4.534544478
130900011704,2017,0.0,2.175950359,2.175950359
130900011704,2018,0.0,2.180491266,2.180491266
130900011704,2019,0.0,4.822169463,4.822169463
130900011704,2020,0.0,2.102430541,2.102430541
130900011705,2000,0.0,0.433471344,0.433471344
130900011705,2001,0.0,3.116190951,3.116190951
130900011705,2002,0.0,3.283068879,3.283068879
130900011705,2003,0.0,3.994900433,3.994900433
130900011705,2004,0.0,7.850625396,7.850625396
130900011705,2005,0.0,6.717643288,6.717643288
130900011705,2006,0.0,3.089884148,3.089884148
130900011705,2007,0.0,2.935541789,2.935541789
130900011705,2008,0.0,9.264811292,9.264811292
130900011705,2009,0.0,0.882832285,0.882832285
130900011705,2010,0.0,5.740284603,5.740284603
130900011705,2011,0.0,1.401758742,1.401758742
130900011705,2012,0.0,2.969777792,2.969777792
130900011705,2013,0.0,1.089733953,1.089733953
130900011705,2014,0.0,3.903857447,3.903857447
130900011705,2015,0.0,6.108278205,6.108278205
130900011705,2016,0.0,3.083705475,3.083705475
130900011705,2017,0.0,1.218497373,1.218497373
130900011705,2018,0.0,3.042295433,3.042295433
130900011705,2019,0.0,4.127375493,4.127375493
130900011705,2020,0.0,3.383902817,3.383902817
