huc12_id,year,irrwdtot_mgd,irrwdsw_mgd,irrwdgw_mgd
120302020706,2000,0.0,0.0,0.0
120302020706,2001,0.0,0.0,0.0
120302020706,2002,0.0,0.0,0.0
120302020706,2003,0.0,0.0,0.0
120302020706,2004,0.0,0.0,0.0
120302020706,2005,0.0,0.0,0.0
120302020706,2006,0.0,0.0,0.0
120302020706,2007,0.0,0.0,0.0
120302020706,2008,0.0,0.0,0.0
120302020706,2009,0.0,0.0,0.0
120302020706,2010,0.0,0.0,0.0
120302020706,2011,0.0,0.0,0.0
120302020706,2012,0.0,0.0,0.0
120302020706,2013,0.0,0.0,0.0
120302020706,2014,0.0,0.0,0.0
120302020706,2015,0.0,0.0,0.0
120302020706,2016,0.0,0.0,0.0
120302020706,2017,0.0,0.0,0.0
120302020706,2018,0.0,0.0,0.0
120302020706,2019,0.0,0.0,0.0
120302020706,2020,0.0,0.0,0.0
120302020707,2000,0.0,0.0,0.0
120302020707,2001,0.0,0.0,0.0
120302020707,2002,0.0,0.0,0.0
120302020707,2003,0.0,0.0,0.0
120302020707,2004,0.0,0.0,0.0
120302020707,2005,0.0,0.0,0.0
120302020707,2006,0.0,0.0,0.0
120302020707,2007,0.0,0.0,0.0
120302020707,2008,0.0,0.0,0.0
120302020707,2009,0.0,0.0,0.0
120302020707,2010,0.0,0.0,0.0
120302020707,2011,0.0,0.0,0.0
120302020707,2012,0.0,0.0,0.0
120302020707,2013,0.0,0.0,0.0
120302020707,2014,0.0,0.0,0.0
120302020707,2015,0.0,0.0,0.0
120302020707,2016,0.0,0.0,0.0
120302020707,2017,0.0,0.0,0.0
120302020707,2018,0.0,0.0,0.0
120302020707,2019,0.0,0.0,0.0
120302020707,2020,0.0,0.0,0.0
120302020708,2000,0.0,0.0,0.0
120302020708,2001,0.0,0.0,0.0
120302020708,2002,0.0,0.0,0.0
120302020708,2003,0.0,0.0,0.0
120302020708,2004,0.0,0.0,0.0
120302020708,2005,0.0,0.0,0.0
120302020708,2006,0.0,0.0,0.0
120302020708,2007,0.0,0.0,0.0
120302020708,2008,0.0,0.0,0.0
120302020708,2009,0.0,0.0,0.0
120302020708,2010,0.0,0.0,0.0
120302020708,2011,0.0,0.0,0.0
120302020708,2012,0.0,0.0,0.0
120302020708,2013,0.0,0.0,0.0
120302020708,2014,0.0,0.0,0.0
120302020708,2015,0.0,0.0,0.0
120302020708,2016,0.0,0.0,0.0
120302020708,2017,0.0,0.0,0.0
120302020708,2018,0.0,0.0,0.0
120302020708,2019,0.0,0.0,0.0
120302020708,2020,0.0,0.0,0.0
120302020709,2000,0.0,0.0,0.0
120302020709,2001,0.0,0.0,0.0
120302020709,2002,0.0,0.0,0.0
120302020709,2003,0.0,0.0,0.0
120302020709,2004,0.0,0.0,0.0
120302020709,2005,0.0,0.0,0.0
120302020709,2006,0.0,0.0,0.0
120302020709,2007,0.0,0.0,0.0
120302020709,2008,0.0,0.0,0.0
120302020709,2009,0.0,0.0,0.0
120302020709,2010,0.0,0.0,0.0
120302020709,2011,0.0,0.0,0.0
120302020709,2012,0.0,0.0,0.0
120302020709,2013,0.0,0.0,0.0
120302020709,2014,0.0,0.0,0.0
120302020709,2015,0.0,0.0,0.0
120302020709,2016,0.0,0.0,0.0
120302020709,2017,0.0,0.0,0.0
120302020709,2018,0.0,0.0,0.0
120302020709,2019,0.0,0.0,0.0
120302020709,2020,0.0,0.0,0.0
120302020710,2000,0.0,0.0,0.0
120302020710,2001,0.0,0.0,0.0
120302020710,2002,0.0,0.0,0.0
120302020710,2003,0.0,0.0,0.0
120302020710,2004,0.0,0.0,0.0
120302020710,2005,0.0,0.0,0.0
120302020710,2006,0.0,0.0,0.0
120302020710,2007,0.0,0.0,0.0
120302020710,2008,0.0,0.0,0.0
120302020710,2009,0.0,0.0,0.0
120302020710,2010,0.0,0.0,0.0
120302020710,2011,0.0,0.0,0.0
120302020710,2012,0.0,0.0,0.0
120302020710,2013,0.0,0.0,0.0
120302020710,2014,0.0,0.0,0.0
120302020710,2015,0.0,0.0,0.0
120302020710,2016,0.0,0.0,0.0
120302020710,2017,0.0,0.0,0.0
120302020710,2018,0.0,0.0,0.0
120302020710,2019,0.0,0.0,0.0
120302020710,2020,0.0,0.0,0.0
120302020711,2000,0.0,0.0,0.0
120302020711,2001,0.0,0.0,0.0
120302020711,2002,0.0,0.0,0.0
120302020711,2003,0.0,0.0,0.0
120302020711,2004,0.0,0.0,0.0
120302020711,2005,0.0,0.0,0.0
120302020711,2006,0.0,0.0,0.0
120302020711,2007,0.0,0.0,0.0
120302020711,2008,0.0,0.0,0.0
120302020711,2009,0.0,0.0,0.0
120302020711,2010,0.0,0.0,0.0
120302020711,2011,0.0,0.0,0.0
120302020711,2012,0.0,0.0,0.0
120302020711,2013,0.0,0.0,0.0
120302020711,2014,0.0,0.0,0.0
120302020711,2015,0.0,0.0,0.0
120302020711,2016,0.0,0.0,0.0
120302020711,2017,0.0,0.0,0.0
120302020711,2018,0.0,0.0,0.0
120302020711,2019,0.0,0.0,0.0
120302020711,2020,0.0,0.0,0.0
120302020712,2000,0.0,0.0,0.0
120302020712,2001,0.0,0.0,0.0
120302020712,2002,0.0,0.0,0.0
120302020712,2003,0.0,0.0,0.0
120302020712,2004,0.0,0.0,0.0
120302020712,2005,0.0,0.0,0.0
120302020712,2006,0.0,0.0,0.0
120302020712,2007,0.0,0.0,0.0
120302020712,2008,0.0,0.0,0.0
120302020712,2009,0.0,0.0,0.0
120302020712,2010,0.0,0.0,0.0
120302020712,2011,0.0,0.0,0.0
120302020712,2012,0.0,0.0,0.0
120302020712,2013,0.0,0.0,0.0
120302020712,2014,0.0,0.0,0.0
120302020712,2015,0.0,0.0,0.0
120302020712,2016,0.0,0.0,0.0
120302020712,2017,0.0,0.0,0.0
120302020712,2018,0.0,0.0,0.0
120302020712,2019,0.0,0.0,0.0
120302020712,2020,0.0,0.0,0.0
120302020713,2000,0.0,0.0,0.0
120302020713,2001,0.0,0.0,0.0
120302020713,2002,0.0,0.0,0.0
120302020713,2003,0.0,0.0,0.0
120302020713,2004,0.0,0.0,0.0
120302020713,2005,0.0,0.0,0.0
120302020713,2006,0.0,0.0,0.0
120302020713,2007,0.0,0.0,0.0
120302020713,2008,0.0,0.0,0.0
120302020713,2009,0.0,0.0,0.0
120302020713,2010,0.0,0.0,0.0
120302020713,2011,0.0,0.0,0.0
120302020713,2012,0.0,0.0,0.0
120302020713,2013,0.0,0.0,0.0
120302020713,2014,0.0,0.0,0.0
120302020713,2015,0.0,0.0,0.0
120302020713,2016,0.0,0.0,0.0
120302020713,2017,0.0,0.0,0.0
120302020713,2018,0.0,0.0,0.0
120302020713,2019,0.0,0.0,0.0
120302020713,2020,0.0,0.0,0.0
120302020801,2000,0.0,0.0,0.0
120302020801,2001,0.0,0.0,0.0
120302020801,2002,0.0,0.0,0.0
120302020801,2003,0.0,0.0,0.0
120302020801,2004,0.0,0.0,0.0
120302020801,2005,0.0,0.0,0.0
120302020801,2006,0.0,0.0,0.0
120302020801,2007,0.0,0.0,0.0
120302020801,2008,0.0,0.0,0.0
120302020801,2009,0.0,0.0,0.0
120302020801,2010,0.0,0.0,0.0
120302020801,2011,0.0,0.0,0.0
120302020801,2012,0.0,0.0,0.0
120302020801,2013,0.0,0.0,0.0
120302020801,2014,0.0,0.0,0.0
120302020801,2015,0.0,0.0,0.0
120302020801,2016,0.0,0.0,0.0
120302020801,2017,0.0,0.0,0.0
120302020801,2018,0.0,0.0,0.0
120302020801,2019,0.0,0.0,0.0
120302020801,2020,0.0,0.0,0.0
120302020802,2000,0.0,0.0,0.0
120302020802,2001,0.0,0.0,0.0
120302020802,2002,0.0,0.0,0.0
120302020802,2003,0.0,0.0,0.0
120302020802,2004,0.0,0.0,0.0
120302020802,2005,0.0,0.0,0.0
120302020802,2006,0.0,0.0,0.0
120302020802,2007,0.0,0.0,0.0
120302020802,2008,0.0,0.0,0.0
120302020802,2009,0.0,0.0,0.0
120302020802,2010,0.0,0.0,0.0
120302020802,2011,0.0,0.0,0.0
120302020802,2012,0.0,0.0,0.0
120302020802,2013,0.0,0.0,0.0
120302020802,2014,0.0,0.0,0.0
120302020802,2015,0.0,0.0,0.0
120302020802,2016,0.0,0.0,0.0
120302020802,2017,0.0,0.0,0.0
120302020802,2018,0.0,0.0,0.0
120302020802,2019,0.0,0.0,0.0
120302020802,2020,0.0,0.0,0.0
120302020803,2000,0.0,0.0,0.0
120302020803,2001,0.0,0.0,0.0
120302020803,2002,0.0,0.0,0.0
120302020803,2003,0.0,0.0,0.0
120302020803,2004,0.0,0.0,0.0
120302020803,2005,0.0,0.0,0.0
120302020803,2006,0.0,0.0,0.0
120302020803,2007,0.0,0.0,0.0
120302020803,2008,0.0,0.0,0.0
120302020803,2009,0.0,0.0,0.0
120302020803,2010,0.0,0.0,0.0
120302020803,2011,0.0,0.0,0.0
120302020803,2012,0.0,0.0,0.0
120302020803,2013,0.0,0.0,0.0
120302020803,2014,0.0,0.0,0.0
120302020803,2015,0.0,0.0,0.0
120302020803,2016,0.0,0.0,0.0
120302020803,2017,0.0,0.0,0.0
120302020803,2018,0.0,0.0,0.0
120302020803,2019,0.0,0.0,0.0
120302020803,2020,0.0,0.0,0.0
120302020804,2000,0.0,0.0,0.0
120302020804,2001,0.0,0.0,0.0
120302020804,2002,0.0,0.0,0.0
120302020804,2003,0.0,0.0,0.0
120302020804,2004,0.0,0.0,0.0
120302020804,2005,0.0,0.0,0.0
120302020804,2006,0.0,0.0,0.0
120302020804,2007,0.0,0.0,0.0
120302020804,2008,0.0,0.0,0.0
120302020804,2009,0.0,0.0,0.0
120302020804,2010,0.0,0.0,0.0
120302020804,2011,0.0,0.0,0.0
120302020804,2012,0.0,0.0,0.0
120302020804,2013,0.0,0.0,0.0
120302020804,2014,0.0,0.0,0.0
120302020804,2015,0.0,0.0,0.0
120302020804,2016,0.0,0.0,0.0
120302020804,2017,0.0,0.0,0.0
120302020804,2018,0.0,0.0,0.0
120302020804,2019,0.0,0.0,0.0
120302020804,2020,0.0,0.0,0.0
120302020805,2000,0.0,0.0,0.0
120302020805,2001,0.0,0.0,0.0
120302020805,2002,0.0,0.0,0.0
120302020805,2003,0.0,0.0,0.0
120302020805,2004,0.0,0.0,0.0
120302020805,2005,0.0,0.0,0.0
120302020805,2006,0.0,0.0,0.0
120302020805,2007,0.0,0.0,0.0
120302020805,2008,0.0,0.0,0.0
120302020805,2009,0.0,0.0,0.0
120302020805,2010,0.0,0.0,0.0
120302020805,2011,0.0,0.0,0.0
120302020805,2012,0.0,0.0,0.0
120302020805,2013,0.0,0.0,0.0
120302020805,2014,0.0,0.0,0.0
120302020805,2015,0.0,0.0,0.0
120302020805,2016,0.0,0.0,0.0
120302020805,2017,0.0,0.0,0.0
120302020805,2018,0.0,0.0,0.0
120302020805,2019,0.0,0.0,0.0
120302020805,2020,0.0,0.0,0.0
120302020806,2000,0.557634219,0.265433844,0.292200372
120302020806,2001,0.183013945,0.087114668,0.095899107
120302020806,2002,0.439615693,0.209257099,0.230358595
120302020806,2003,0.875451948,0.416715148,0.458736885
120302020806,2004,0.520745377,0.24787479,0.272870587
120302020806,2005,0.524867411,0.249836926,0.275030485
120302020806,2006,1.395399077,0.664209989,0.73118917
120302020806,2007,0.560778408,0.275903156,0.284875499
120302020806,2008,1.069214863,0.508946262,0.560268601
120302020806,2009,0.571980778,0.272262901,0.299717877
120302020806,2010,0.560178216,0.266644981,0.293533403
120302020806,2011,0.27237057,0.129648386,0.142722189
120302020806,2012,1.761993691,0.868662809,0.893330631
120302020806,2013,1.302917529,0.620188715,0.682728732
120302020806,2014,0.717928803,0.341734101,0.376194701
120302020806,2015,0.18748414,0.097679282,0.08980486
120302020806,2016,0.394352434,0.187711874,0.206640727
120302020806,2017,0.951314066,0.452825636,0.498488433
120302020806,2018,1.210949411,0.609107663,0.601841915
120302020806,2019,1.598409995,0.768835356,0.829574814
120302020806,2020,1.941403311,0.929932325,1.011471153
120302020807,2000,0.0,0.0,0.0
120302020807,2001,0.0,0.0,0.0
120302020807,2002,0.0,0.0,0.0
120302020807,2003,0.0,0.0,0.0
120302020807,2004,0.0,0.0,0.0
120302020807,2005,0.0,0.0,0.0
120302020807,2006,0.0,0.0,0.0
120302020807,2007,0.0,0.0,0.0
120302020807,2008,0.0,0.0,0.0
120302020807,2009,0.0,0.0,0.0
120302020807,2010,0.0,0.0,0.0
120302020807,2011,0.0,0.0,0.0
120302020807,2012,0.0,0.0,0.0
120302020807,2013,0.0,0.0,0.0
120302020807,2014,0.0,0.0,0.0
120302020807,2015,0.0,0.0,0.0
120302020807,2016,0.0,0.0,0.0
120302020807,2017,0.0,0.0,0.0
120302020807,2018,0.0,0.0,0.0
120302020807,2019,0.0,0.0,0.0
120302020807,2020,0.0,0.0,0.0
120302020901,2000,0.0,0.0,0.0
120302020901,2001,0.0,0.0,0.0
120302020901,2002,0.0,0.0,0.0
120302020901,2003,0.0,0.0,0.0
120302020901,2004,0.0,0.0,0.0
120302020901,2005,0.0,0.0,0.0
120302020901,2006,0.0,0.0,0.0
120302020901,2007,0.0,0.0,0.0
120302020901,2008,0.0,0.0,0.0
120302020901,2009,0.0,0.0,0.0
120302020901,2010,0.0,0.0,0.0
120302020901,2011,0.0,0.0,0.0
120302020901,2012,0.0,0.0,0.0
120302020901,2013,0.0,0.0,0.0
120302020901,2014,0.0,0.0,0.0
120302020901,2015,0.0,0.0,0.0
120302020901,2016,0.0,0.0,0.0
120302020901,2017,0.0,0.0,0.0
120302020901,2018,0.0,0.0,0.0
120302020901,2019,0.0,0.0,0.0
120302020901,2020,0.0,0.0,0.0
120302020902,2000,0.0,0.0,0.0
120302020902,2001,0.0,0.0,0.0
120302020902,2002,0.0,0.0,0.0
120302020902,2003,0.0,0.0,0.0
120302020902,2004,0.0,0.0,0.0
120302020902,2005,0.0,0.0,0.0
120302020902,2006,0.0,0.0,0.0
120302020902,2007,0.0,0.0,0.0
120302020902,2008,0.0,0.0,0.0
120302020902,2009,0.0,0.0,0.0
120302020902,2010,0.0,0.0,0.0
120302020902,2011,0.0,0.0,0.0
120302020902,2012,0.0,0.0,0.0
120302020902,2013,0.0,0.0,0.0
120302020902,2014,0.0,0.0,0.0
120302020902,2015,0.0,0.0,0.0
120302020902,2016,0.0,0.0,0.0
120302020902,2017,0.0,0.0,0.0
120302020902,2018,0.0,0.0,0.0
120302020902,2019,0.0,0.0,0.0
120302020902,2020,0.0,0.0,0.0
120302020903,2000,0.0,0.0,0.0
120302020903,2001,0.0,0.0,0.0
120302020903,2002,0.0,0.0,0.0
120302020903,2003,0.0,0.0,0.0
120302020903,2004,0.0,0.0,0.0
120302020903,2005,0.0,0.0,0.0
120302020903,2006,0.0,0.0,0.0
120302020903,2007,0.0,0.0,0.0
120302020903,2008,0.0,0.0,0.0
120302020903,2009,0.0,0.0,0.0
120302020903,2010,0.0,0.0,0.0
120302020903,2011,0.0,0.0,0.0
120302020903,2012,0.0,0.0,0.0
120302020903,2013,0.0,0.0,0.0
120302020903,2014,0.0,0.0,0.0
120302020903,2015,0.0,0.0,0.0
120302020903,2016,0.0,0.0,0.0
120302020903,2017,0.0,0.0,0.0
120302020903,2018,0.0,0.0,0.0
120302020903,2019,0.0,0.0,0.0
120302020903,2020,0.0,0.0,0.0
120302021001,2000,0.0,0.0,0.0
120302021001,2001,0.0,0.0,0.0
120302021001,2002,0.0,0.0,0.0
120302021001,2003,0.0,0.0,0.0
120302021001,2004,0.0,0.0,0.0
120302021001,2005,0.0,0.0,0.0
120302021001,2006,0.0,0.0,0.0
120302021001,2007,0.0,0.0,0.0
120302021001,2008,0.0,0.0,0.0
120302021001,2009,0.0,0.0,0.0
120302021001,2010,0.0,0.0,0.0
120302021001,2011,0.0,0.0,0.0
120302021001,2012,0.0,0.0,0.0
120302021001,2013,0.0,0.0,0.0
120302021001,2014,0.0,0.0,0.0
120302021001,2015,0.0,0.0,0.0
120302021001,2016,0.0,0.0,0.0
120302021001,2017,0.0,0.0,0.0
120302021001,2018,0.0,0.0,0.0
120302021001,2019,0.0,0.0,0.0
120302021001,2020,0.0,0.0,0.0
120302021002,2000,0.0,0.0,0.0
120302021002,2001,0.0,0.0,0.0
120302021002,2002,0.0,0.0,0.0
120302021002,2003,0.0,0.0,0.0
120302021002,2004,0.0,0.0,0.0
120302021002,2005,0.0,0.0,0.0
120302021002,2006,0.0,0.0,0.0
120302021002,2007,0.0,0.0,0.0
120302021002,2008,0.0,0.0,0.0
120302021002,2009,0.0,0.0,0.0
120302021002,2010,0.0,0.0,0.0
120302021002,2011,0.0,0.0,0.0
120302021002,2012,0.0,0.0,0.0
120302021002,2013,0.0,0.0,0.0
120302021002,2014,0.0,0.0,0.0
120302021002,2015,0.0,0.0,0.0
120302021002,2016,0.0,0.0,0.0
120302021002,2017,0.0,0.0,0.0
120302021002,2018,0.0,0.0,0.0
120302021002,2019,0.0,0.0,0.0
120302021002,2020,0.0,0.0,0.0
120302021003,2000,0.0,0.0,0.0
120302021003,2001,0.0,0.0,0.0
120302021003,2002,0.0,0.0,0.0
120302021003,2003,0.0,0.0,0.0
120302021003,2004,0.0,0.0,0.0
120302021003,2005,0.0,0.0,0.0
120302021003,2006,0.0,0.0,0.0
120302021003,2007,0.0,0.0,0.0
120302021003,2008,0.0,0.0,0.0
120302021003,2009,0.0,0.0,0.0
120302021003,2010,0.0,0.0,0.0
120302021003,2011,0.0,0.0,0.0
120302021003,2012,0.0,0.0,0.0
120302021003,2013,0.0,0.0,0.0
120302021003,2014,0.0,0.0,0.0
120302021003,2015,0.0,0.0,0.0
120302021003,2016,0.0,0.0,0.0
120302021003,2017,0.0,0.0,0.0
120302021003,2018,0.0,0.0,0.0
120302021003,2019,0.0,0.0,0.0
120302021003,2020,0.0,0.0,0.0
120302021004,2000,0.0,0.0,0.0
120302021004,2001,0.0,0.0,0.0
120302021004,2002,0.0,0.0,0.0
120302021004,2003,0.0,0.0,0.0
120302021004,2004,0.0,0.0,0.0
120302021004,2005,0.0,0.0,0.0
120302021004,2006,0.0,0.0,0.0
120302021004,2007,0.0,0.0,0.0
120302021004,2008,0.0,0.0,0.0
120302021004,2009,0.0,0.0,0.0
120302021004,2010,0.0,0.0,0.0
120302021004,2011,0.0,0.0,0.0
120302021004,2012,0.0,0.0,0.0
120302021004,2013,0.0,0.0,0.0
120302021004,2014,0.0,0.0,0.0
120302021004,2015,0.0,0.0,0.0
120302021004,2016,0.0,0.0,0.0
120302021004,2017,0.0,0.0,0.0
120302021004,2018,0.0,0.0,0.0
120302021004,2019,0.0,0.0,0.0
120302021004,2020,0.0,0.0,0.0
120302021005,2000,0.0,0.0,0.0
120302021005,2001,0.0,0.0,0.0
120302021005,2002,0.0,0.0,0.0
120302021005,2003,0.0,0.0,0.0
120302021005,2004,0.0,0.0,0.0
120302021005,2005,0.0,0.0,0.0
120302021005,2006,0.0,0.0,0.0
120302021005,2007,0.0,0.0,0.0
120302021005,2008,0.0,0.0,0.0
120302021005,2009,0.0,0.0,0.0
120302021005,2010,0.0,0.0,0.0
120302021005,2011,0.0,0.0,0.0
120302021005,2012,0.0,0.0,0.0
120302021005,2013,0.0,0.0,0.0
120302021005,2014,0.0,0.0,0.0
120302021005,2015,0.0,0.0,0.0
120302021005,2016,0.0,0.0,0.0
120302021005,2017,0.0,0.0,0.0
120302021005,2018,0.0,0.0,0.0
120302021005,2019,0.0,0.0,0.0
120302021005,2020,0.0,0.0,0.0
120302021006,2000,0.0,0.0,0.0
120302021006,2001,0.0,0.0,0.0
120302021006,2002,0.0,0.0,0.0
120302021006,2003,0.0,0.0,0.0
120302021006,2004,0.0,0.0,0.0
120302021006,2005,0.0,0.0,0.0
120302021006,2006,0.0,0.0,0.0
120302021006,2007,0.0,0.0,0.0
120302021006,2008,0.0,0.0,0.0
120302021006,2009,0.0,0.0,0.0
120302021006,2010,0.0,0.0,0.0
120302021006,2011,0.0,0.0,0.0
120302021006,2012,0.0,0.0,0.0
120302021006,2013,0.0,0.0,0.0
120302021006,2014,0.0,0.0,0.0
120302021006,2015,0.0,0.0,0.0
120302021006,2016,0.0,0.0,0.0
120302021006,2017,0.0,0.0,0.0
120302021006,2018,0.0,0.0,0.0
120302021006,2019,0.0,0.0,0.0
120302021006,2020,0.0,0.0,0.0
120302021101,2000,0.0,0.0,0.0
120302021101,2001,0.0,0.0,0.0
120302021101,2002,0.0,0.0,0.0
120302021101,2003,0.0,0.0,0.0
120302021101,2004,0.0,0.0,0.0
120302021101,2005,0.0,0.0,0.0
120302021101,2006,0.0,0.0,0.0
120302021101,2007,0.0,0.0,0.0
120302021101,2008,0.0,0.0,0.0
120302021101,2009,0.0,0.0,0.0
120302021101,2010,0.0,0.0,0.0
120302021101,2011,0.0,0.0,0.0
120302021101,2012,0.0,0.0,0.0
120302021101,2013,0.0,0.0,0.0
120302021101,2014,0.0,0.0,0.0
120302021101,2015,0.0,0.0,0.0
120302021101,2016,0.0,0.0,0.0
120302021101,2017,0.0,0.0,0.0
120302021101,2018,0.0,0.0,0.0
120302021101,2019,0.0,0.0,0.0
120302021101,2020,0.0,0.0,0.0
120302021102,2000,0.0,0.0,0.0
120302021102,2001,0.0,0.0,0.0
120302021102,2002,0.0,0.0,0.0
120302021102,2003,0.0,0.0,0.0
120302021102,2004,0.0,0.0,0.0
120302021102,2005,0.0,0.0,0.0
120302021102,2006,0.0,0.0,0.0
120302021102,2007,0.0,0.0,0.0
120302021102,2008,0.0,0.0,0.0
120302021102,2009,0.0,0.0,0.0
120302021102,2010,0.0,0.0,0.0
120302021102,2011,0.0,0.0,0.0
120302021102,2012,0.0,0.0,0.0
120302021102,2013,0.0,0.0,0.0
120302021102,2014,0.0,0.0,0.0
120302021102,2015,0.0,0.0,0.0
120302021102,2016,0.0,0.0,0.0
120302021102,2017,0.0,0.0,0.0
120302021102,2018,0.0,0.0,0.0
120302021102,2019,0.0,0.0,0.0
120302021102,2020,0.0,0.0,0.0
120302021103,2000,0.0,0.0,0.0
120302021103,2001,0.0,0.0,0.0
120302021103,2002,0.0,0.0,0.0
120302021103,2003,0.0,0.0,0.0
120302021103,2004,0.0,0.0,0.0
120302021103,2005,0.0,0.0,0.0
120302021103,2006,0.0,0.0,0.0
120302021103,2007,0.0,0.0,0.0
120302021103,2008,0.0,0.0,0.0
120302021103,2009,0.0,0.0,0.0
120302021103,2010,0.0,0.0,0.0
120302021103,2011,0.0,0.0,0.0
120302021103,2012,0.0,0.0,0.0
120302021103,2013,0.0,0.0,0.0
120302021103,2014,0.0,0.0,0.0
120302021103,2015,0.0,0.0,0.0
120302021103,2016,0.0,0.0,0.0
120302021103,2017,0.0,0.0,0.0
120302021103,2018,0.0,0.0,0.0
120302021103,2019,0.0,0.0,0.0
120302021103,2020,0.0,0.0,0.0
120302021104,2000,0.0,0.0,0.0
120302021104,2001,0.0,0.0,0.0
120302021104,2002,0.0,0.0,0.0
120302021104,2003,0.0,0.0,0.0
120302021104,2004,0.0,0.0,0.0
120302021104,2005,0.0,0.0,0.0
120302021104,2006,0.0,0.0,0.0
120302021104,2007,0.0,0.0,0.0
120302021104,2008,0.0,0.0,0.0
120302021104,2009,0.0,0.0,0.0
120302021104,2010,0.0,0.0,0.0
120302021104,2011,0.0,0.0,0.0
120302021104,2012,0.0,0.0,0.0
120302021104,2013,0.0,0.0,0.0
120302021104,2014,0.0,0.0,0.0
120302021104,2015,0.0,0.0,0.0
120302021104,2016,0.0,0.0,0.0
120302021104,2017,0.0,0.0,0.0
120302021104,2018,0.0,0.0,0.0
120302021104,2019,0.0,0.0,0.0
120302021104,2020,0.0,0.0,0.0
120302021105,2000,0.0,0.0,0.0
120302021105,2001,0.0,0.0,0.0
120302021105,2002,0.0,0.0,0.0
120302021105,2003,0.0,0.0,0.0
120302021105,2004,0.0,0.0,0.0
120302021105,2005,0.0,0.0,0.0
120302021105,2006,0.0,0.0,0.0
120302021105,2007,0.0,0.0,0.0
120302021105,2008,0.0,0.0,0.0
120302021105,2009,0.0,0.0,0.0
120302021105,2010,0.0,0.0,0.0
120302021105,2011,0.0,0.0,0.0
120302021105,2012,0.0,0.0,0.0
120302021105,2013,0.0,0.0,0.0
120302021105,2014,0.0,0.0,0.0
120302021105,2015,0.0,0.0,0.0
120302021105,2016,0.0,0.0,0.0
120302021105,2017,0.0,0.0,0.0
120302021105,2018,0.0,0.0,0.0
120302021105,2019,0.0,0.0,0.0
120302021105,2020,0.0,0.0,0.0
120302021106,2000,0.0,0.0,0.0
120302021106,2001,0.0,0.0,0.0
120302021106,2002,0.0,0.0,0.0
120302021106,2003,0.0,0.0,0.0
120302021106,2004,0.0,0.0,0.0
120302021106,2005,0.0,0.0,0.0
120302021106,2006,0.0,0.0,0.0
120302021106,2007,0.0,0.0,0.0
120302021106,2008,0.0,0.0,0.0
120302021106,2009,0.0,0.0,0.0
120302021106,2010,0.0,0.0,0.0
120302021106,2011,0.0,0.0,0.0
120302021106,2012,0.0,0.0,0.0
120302021106,2013,0.0,0.0,0.0
120302021106,2014,0.0,0.0,0.0
120302021106,2015,0.0,0.0,0.0
120302021106,2016,0.0,0.0,0.0
120302021106,2017,0.0,0.0,0.0
120302021106,2018,0.0,0.0,0.0
120302021106,2019,0.0,0.0,0.0
120302021106,2020,0.131023776,0.037603765,0.093419929
120302021201,2000,0.0,0.0,0.0
120302021201,2001,0.0,0.0,0.0
120302021201,2002,0.0,0.0,0.0
120302021201,2003,0.0,0.0,0.0
120302021201,2004,0.0,0.0,0.0
120302021201,2005,0.0,0.0,0.0
120302021201,2006,0.0,0.0,0.0
120302021201,2007,0.0,0.0,0.0
120302021201,2008,0.0,0.0,0.0
120302021201,2009,0.0,0.0,0.0
120302021201,2010,0.0,0.0,0.0
120302021201,2011,0.0,0.0,0.0
120302021201,2012,0.0,0.0,0.0
120302021201,2013,0.0,0.0,0.0
120302021201,2014,0.0,0.0,0.0
120302021201,2015,0.0,0.0,0.0
120302021201,2016,0.0,0.0,0.0
120302021201,2017,0.0,0.0,0.0
120302021201,2018,0.0,0.0,0.0
120302021201,2019,0.0,0.0,0.0
120302021201,2020,0.0,0.0,0.0
120302021202,2000,0.0,0.0,0.0
120302021202,2001,0.0,0.0,0.0
120302021202,2002,0.0,0.0,0.0
120302021202,2003,0.0,0.0,0.0
120302021202,2004,0.0,0.0,0.0
120302021202,2005,0.0,0.0,0.0
120302021202,2006,0.0,0.0,0.0
120302021202,2007,0.0,0.0,0.0
120302021202,2008,0.0,0.0,0.0
120302021202,2009,0.0,0.0,0.0
120302021202,2010,0.0,0.0,0.0
120302021202,2011,0.0,0.0,0.0
120302021202,2012,0.0,0.0,0.0
120302021202,2013,0.0,0.0,0.0
120302021202,2014,0.0,0.0,0.0
120302021202,2015,0.0,0.0,0.0
120302021202,2016,0.0,0.0,0.0
120302021202,2017,0.0,0.0,0.0
120302021202,2018,0.0,0.0,0.0
120302021202,2019,0.0,0.0,0.0
120302021202,2020,0.0,0.0,0.0
120302021203,2000,0.0,0.0,0.0
120302021203,2001,0.0,0.0,0.0
120302021203,2002,0.0,0.0,0.0
120302021203,2003,0.0,0.0,0.0
120302021203,2004,0.0,0.0,0.0
120302021203,2005,0.0,0.0,0.0
120302021203,2006,0.0,0.0,0.0
120302021203,2007,0.0,0.0,0.0
120302021203,2008,0.0,0.0,0.0
120302021203,2009,0.0,0.0,0.0
120302021203,2010,0.0,0.0,0.0
120302021203,2011,0.0,0.0,0.0
120302021203,2012,0.0,0.0,0.0
120302021203,2013,0.0,0.0,0.0
120302021203,2014,0.0,0.0,0.0
120302021203,2015,0.0,0.0,0.0
120302021203,2016,0.0,0.0,0.0
120302021203,2017,0.0,0.0,0.0
120302021203,2018,0.0,0.0,0.0
120302021203,2019,0.0,0.0,0.0
120302021203,2020,0.0,0.0,0.0
120302021204,2000,0.0,0.0,0.0
120302021204,2001,0.0,0.0,0.0
120302021204,2002,0.0,0.0,0.0
120302021204,2003,0.0,0.0,0.0
120302021204,2004,0.0,0.0,0.0
120302021204,2005,0.0,0.0,0.0
120302021204,2006,0.0,0.0,0.0
120302021204,2007,0.0,0.0,0.0
120302021204,2008,0.0,0.0,0.0
120302021204,2009,0.0,0.0,0.0
120302021204,2010,0.0,0.0,0.0
120302021204,2011,0.0,0.0,0.0
120302021204,2012,0.0,0.0,0.0
120302021204,2013,0.0,0.0,0.0
120302021204,2014,0.0,0.0,0.0
120302021204,2015,0.0,0.0,0.0
120302021204,2016,0.0,0.0,0.0
120302021204,2017,0.0,0.0,0.0
120302021204,2018,0.0,0.0,0.0
120302021204,2019,0.0,0.0,0.0
120302021204,2020,0.0,0.0,0.0
120302021205,2000,0.0,0.0,0.0
120302021205,2001,0.0,0.0,0.0
120302021205,2002,0.0,0.0,0.0
120302021205,2003,0.0,0.0,0.0
120302021205,2004,0.0,0.0,0.0
120302021205,2005,0.0,0.0,0.0
120302021205,2006,0.0,0.0,0.0
120302021205,2007,0.0,0.0,0.0
120302021205,2008,0.0,0.0,0.0
120302021205,2009,0.0,0.0,0.0
120302021205,2010,0.0,0.0,0.0
120302021205,2011,0.0,0.0,0.0
120302021205,2012,0.0,0.0,0.0
120302021205,2013,0.0,0.0,0.0
120302021205,2014,0.0,0.0,0.0
120302021205,2015,0.0,0.0,0.0
120302021205,2016,0.0,0.0,0.0
120302021205,2017,0.0,0.0,0.0
120302021205,2018,0.0,0.0,0.0
120302021205,2019,0.0,0.0,0.0
120302021205,2020,0.0,0.0,0.0
120302021206,2000,0.0,0.0,0.0
120302021206,2001,0.0,0.0,0.0
120302021206,2002,0.0,0.0,0.0
120302021206,2003,0.0,0.0,0.0
120302021206,2004,0.0,0.0,0.0
120302021206,2005,0.0,0.0,0.0
120302021206,2006,0.0,0.0,0.0
120302021206,2007,0.0,0.0,0.0
120302021206,2008,0.0,0.0,0.0
120302021206,2009,0.0,0.0,0.0
120302021206,2010,0.0,0.0,0.0
120302021206,2011,0.0,0.0,0.0
120302021206,2012,0.0,0.0,0.0
120302021206,2013,0.0,0.0,0.0
120302021206,2014,0.0,0.0,0.0
120302021206,2015,0.0,0.0,0.0
120302021206,2016,0.0,0.0,0.0
120302021206,2017,0.0,0.0,0.0
120302021206,2018,0.0,0.0,0.0
120302021206,2019,0.0,0.0,0.0
120302021206,2020,0.0,0.0,0.0
120302021207,2000,0.0,0.0,0.0
120302021207,2001,0.0,0.0,0.0
120302021207,2002,0.045141033,0.042838797,0.002302151
120302021207,2003,0.0,0.0,0.0
120302021207,2004,0.0,0.0,0.0
120302021207,2005,0.0,0.0,0.0
120302021207,2006,0.0,0.0,0.0
120302021207,2007,0.085531863,0.054483729,0.031048137
120302021207,2008,0.0,0.0,0.0
120302021207,2009,0.044735595,0.042453929,0.002281507
120302021207,2010,0.0,0.0,0.0
120302021207,2011,0.0,0.0,0.0
120302021207,2012,0.0,0.0,0.0
120302021207,2013,0.0,0.0,0.0
120302021207,2014,0.0,0.0,0.0
120302021207,2015,0.064139496,0.060868542,0.003271121
120302021207,2016,0.091565011,0.086895221,0.00466979
120302021207,2017,0.0,0.0,0.0
120302021207,2018,0.0,0.0,0.0
120302021207,2019,0.113624288,0.052039937,0.061584348
120302021207,2020,0.0,0.0,0.0
120302030101,2000,0.0,0.0,0.0
120302030101,2001,0.0,0.0,0.0
120302030101,2002,0.0,0.0,0.0
120302030101,2003,0.0,0.0,0.0
120302030101,2004,0.0,0.0,0.0
120302030101,2005,0.0,0.0,0.0
120302030101,2006,0.0,0.0,0.0
120302030101,2007,0.0,0.0,0.0
120302030101,2008,0.0,0.0,0.0
120302030101,2009,0.0,0.0,0.0
120302030101,2010,0.0,0.0,0.0
120302030101,2011,0.0,0.0,0.0
120302030101,2012,0.0,0.0,0.0
120302030101,2013,0.0,0.0,0.0
120302030101,2014,0.0,0.0,0.0
120302030101,2015,0.0,0.0,0.0
120302030101,2016,0.0,0.0,0.0
120302030101,2017,0.0,0.0,0.0
120302030101,2018,0.0,0.0,0.0
120302030101,2019,0.0,0.0,0.0
120302030101,2020,0.0,0.0,0.0
120302030102,2000,0.0,0.0,0.0
120302030102,2001,0.0,0.0,0.0
120302030102,2002,0.0,0.0,0.0
120302030102,2003,0.0,0.0,0.0
120302030102,2004,0.0,0.0,0.0
120302030102,2005,0.0,0.0,0.0
120302030102,2006,0.0,0.0,0.0
120302030102,2007,0.0,0.0,0.0
120302030102,2008,0.0,0.0,0.0
120302030102,2009,0.0,0.0,0.0
120302030102,2010,0.0,0.0,0.0
120302030102,2011,0.0,0.0,0.0
120302030102,2012,0.0,0.0,0.0
120302030102,2013,0.0,0.0,0.0
120302030102,2014,0.0,0.0,0.0
120302030102,2015,0.0,0.0,0.0
120302030102,2016,0.0,0.0,0.0
120302030102,2017,0.0,0.0,0.0
120302030102,2018,0.0,0.0,0.0
120302030102,2019,0.0,0.0,0.0
120302030102,2020,0.0,0.0,0.0
120302030103,2000,0.0,0.0,0.0
120302030103,2001,0.0,0.0,0.0
120302030103,2002,0.0,0.0,0.0
120302030103,2003,0.0,0.0,0.0
120302030103,2004,0.0,0.0,0.0
120302030103,2005,0.0,0.0,0.0
120302030103,2006,0.0,0.0,0.0
120302030103,2007,0.0,0.0,0.0
120302030103,2008,0.0,0.0,0.0
120302030103,2009,0.0,0.0,0.0
120302030103,2010,0.0,0.0,0.0
120302030103,2011,0.0,0.0,0.0
120302030103,2012,0.0,0.0,0.0
120302030103,2013,0.0,0.0,0.0
120302030103,2014,0.0,0.0,0.0
120302030103,2015,0.0,0.0,0.0
120302030103,2016,0.0,0.0,0.0
120302030103,2017,0.0,0.0,0.0
120302030103,2018,0.0,0.0,0.0
120302030103,2019,0.0,0.0,0.0
120302030103,2020,0.0,0.0,0.0
120302030104,2000,0.0,0.0,0.0
120302030104,2001,0.0,0.0,0.0
120302030104,2002,0.0,0.0,0.0
120302030104,2003,0.0,0.0,0.0
120302030104,2004,0.0,0.0,0.0
120302030104,2005,0.0,0.0,0.0
120302030104,2006,0.0,0.0,0.0
120302030104,2007,0.0,0.0,0.0
120302030104,2008,0.0,0.0,0.0
120302030104,2009,0.0,0.0,0.0
120302030104,2010,0.0,0.0,0.0
120302030104,2011,0.0,0.0,0.0
120302030104,2012,0.0,0.0,0.0
120302030104,2013,0.0,0.0,0.0
120302030104,2014,0.0,0.0,0.0
120302030104,2015,0.0,0.0,0.0
120302030104,2016,0.0,0.0,0.0
120302030104,2017,0.0,0.0,0.0
120302030104,2018,0.0,0.0,0.0
120302030104,2019,0.0,0.0,0.0
120302030104,2020,0.0,0.0,0.0
120302030105,2000,0.0,0.0,0.0
120302030105,2001,0.0,0.0,0.0
120302030105,2002,0.0,0.0,0.0
120302030105,2003,0.0,0.0,0.0
120302030105,2004,0.0,0.0,0.0
120302030105,2005,0.0,0.0,0.0
120302030105,2006,0.0,0.0,0.0
120302030105,2007,0.0,0.0,0.0
120302030105,2008,0.0,0.0,0.0
120302030105,2009,0.0,0.0,0.0
120302030105,2010,0.0,0.0,0.0
120302030105,2011,0.0,0.0,0.0
120302030105,2012,0.0,0.0,0.0
120302030105,2013,0.0,0.0,0.0
120302030105,2014,0.0,0.0,0.0
120302030105,2015,0.0,0.0,0.0
120302030105,2016,0.0,0.0,0.0
120302030105,2017,0.0,0.0,0.0
120302030105,2018,0.0,0.0,0.0
120302030105,2019,0.0,0.0,0.0
120302030105,2020,0.0,0.0,0.0
120302030106,2000,0.0,0.0,0.0
120302030106,2001,0.0,0.0,0.0
120302030106,2002,0.0,0.0,0.0
120302030106,2003,0.0,0.0,0.0
120302030106,2004,0.0,0.0,0.0
120302030106,2005,0.0,0.0,0.0
120302030106,2006,0.0,0.0,0.0
120302030106,2007,0.0,0.0,0.0
120302030106,2008,0.0,0.0,0.0
120302030106,2009,0.0,0.0,0.0
120302030106,2010,0.0,0.0,0.0
120302030106,2011,0.0,0.0,0.0
120302030106,2012,0.0,0.0,0.0
120302030106,2013,0.0,0.0,0.0
120302030106,2014,0.0,0.0,0.0
120302030106,2015,0.0,0.0,0.0
120302030106,2016,0.0,0.0,0.0
120302030106,2017,0.0,0.0,0.0
120302030106,2018,0.0,0.0,0.0
120302030106,2019,0.0,0.0,0.0
120302030106,2020,0.0,0.0,0.0
120302030107,2000,0.0,0.0,0.0
120302030107,2001,0.0,0.0,0.0
120302030107,2002,0.0,0.0,0.0
120302030107,2003,0.0,0.0,0.0
120302030107,2004,0.0,0.0,0.0
120302030107,2005,0.0,0.0,0.0
120302030107,2006,0.0,0.0,0.0
120302030107,2007,0.0,0.0,0.0
120302030107,2008,0.0,0.0,0.0
120302030107,2009,0.0,0.0,0.0
120302030107,2010,0.0,0.0,0.0
120302030107,2011,0.0,0.0,0.0
120302030107,2012,0.0,0.0,0.0
120302030107,2013,0.0,0.0,0.0
120302030107,2014,0.0,0.0,0.0
120302030107,2015,0.0,0.0,0.0
120302030107,2016,0.0,0.0,0.0
120302030107,2017,0.0,0.0,0.0
120302030107,2018,0.0,0.0,0.0
120302030107,2019,0.0,0.0,0.0
120302030107,2020,0.0,0.0,0.0
120302030108,2000,0.0,0.0,0.0
120302030108,2001,0.0,0.0,0.0
120302030108,2002,0.0,0.0,0.0
120302030108,2003,0.0,0.0,0.0
120302030108,2004,0.023590997,0.022387932,0.001203148
120302030108,2005,0.0,0.0,0.0
120302030108,2006,0.017399778,0.016512485,0.000887378
120302030108,2007,0.0,0.0,0.0
120302030108,2008,0.00656724,0.006232437,0.000334885
120302030108,2009,0.0,0.0,0.0
120302030108,2010,0.0,0.0,0.0
120302030108,2011,0.0,0.0,0.0
120302030108,2012,0.0,0.0,0.0
120302030108,2013,0.0,0.0,0.0
120302030108,2014,0.033707304,0.03198817,0.001719055
120302030108,2015,0.0,0.0,0.0
120302030108,2016,0.0,0.0,0.0
120302030108,2017,0.0,0.0,0.0
120302030108,2018,0.0,0.0,0.0
120302030108,2019,0.007712101,0.007318921,0.000393266
120302030108,2020,0.012308087,0.011680462,0.000627705
120302030109,2000,0.0,0.0,0.0
120302030109,2001,0.0,0.0,0.0
120302030109,2002,0.0,0.0,0.0
120302030109,2003,0.0,0.0,0.0
120302030109,2004,0.0,0.0,0.0
120302030109,2005,0.0,0.0,0.0
120302030109,2006,0.0,0.0,0.0
120302030109,2007,0.0,0.0,0.0
120302030109,2008,0.0,0.0,0.0
120302030109,2009,0.0,0.0,0.0
120302030109,2010,0.0,0.0,0.0
120302030109,2011,0.0,0.0,0.0
120302030109,2012,0.0,0.0,0.0
120302030109,2013,0.0,0.0,0.0
120302030109,2014,0.0,0.0,0.0
120302030109,2015,0.0,0.0,0.0
120302030109,2016,0.0,0.0,0.0
120302030109,2017,0.0,0.0,0.0
120302030109,2018,0.0,0.0,0.0
120302030109,2019,0.0,0.0,0.0
120302030109,2020,0.0,0.0,0.0
120302030201,2000,0.001872227,0.001776809,9.5585e-05
120302030201,2001,0.036406923,0.034550058,0.001856701
120302030201,2002,0.122829033,0.116564726,0.00626431
120302030201,2003,0.169785074,0.161126003,0.008659151
120302030201,2004,0.0,0.0,0.0
120302030201,2005,0.271465844,0.257621137,0.013844789
120302030201,2006,0.033301868,0.031603581,0.00169846
120302030201,2007,0.0,0.0,0.0
120302030201,2008,0.000474549,0.000450525,2.4273e-05
120302030201,2009,0.000501751,0.000476205,2.5712e-05
120302030201,2010,0.181905499,0.172628258,0.009277238
120302030201,2011,0.262999866,0.24958677,0.013413011
120302030201,2012,0.0,0.0,0.0
120302030201,2013,0.104152562,0.098840901,0.005311745
120302030201,2014,0.321994389,0.30557254,0.016421682
120302030201,2015,0.049378107,0.046859885,0.002518304
120302030201,2016,0.170754486,0.162046101,0.00870847
120302030201,2017,0.0,0.0,0.0
120302030201,2018,0.194108189,0.184208658,0.009899614
120302030201,2019,0.064705044,0.061405162,0.003300049
120302030201,2020,0.298595262,0.283366959,0.015228388
120302030202,2000,0.0,0.0,0.0
120302030202,2001,0.079969334,0.075890742,0.00407851
120302030202,2002,0.137760548,0.130734696,0.007025852
120302030202,2003,0.0,0.0,0.0
120302030202,2004,0.0,0.0,0.0
120302030202,2005,0.0,0.0,0.0
120302030202,2006,0.0,0.0,0.0
120302030202,2007,0.0,0.0,0.0
120302030202,2008,0.0,0.0,0.0
120302030202,2009,0.0,0.0,0.0
120302030202,2010,0.0,0.0,0.0
120302030202,2011,0.120883715,0.114718742,0.006165052
120302030202,2012,0.0,0.0,0.0
120302030202,2013,0.361481518,0.361120047,0.000361556
120302030202,2014,0.674865732,0.66271809,0.012147556
120302030202,2015,0.320924496,0.314185044,0.006739452
120302030202,2016,0.419566642,0.413273194,0.00629353
120302030202,2017,0.0,0.0,0.0
120302030202,2018,0.332335123,0.332002871,0.000332252
120302030202,2019,0.034019764,0.032284781,0.001735151
120302030202,2020,0.662986811,0.662323852,0.000662959
120302030203,2000,2.74499273,2.604998189,0.139994626
120302030203,2001,0.884276597,0.83917846,0.045098137
120302030203,2002,2.654201973,2.518837532,0.135364356
120302030203,2003,1.077916444,1.022942559,0.054973721
120302030203,2004,2.69787418,2.560282497,0.137591514
120302030203,2005,2.031423756,1.927821153,0.103602688
120302030203,2006,2.195960674,2.083966718,0.111993959
120302030203,2007,1.472452625,1.397357649,0.075095145
120302030203,2008,0.571044096,0.54192074,0.029123273
120302030203,2009,6.212695301,5.895847611,0.316847362
120302030203,2010,6.933283797,6.579686348,0.353597364
120302030203,2011,9.638643101,9.147072362,0.491570995
120302030203,2012,2.285240628,2.168693303,0.116547238
120302030203,2013,3.593595973,3.410322682,0.18327346
120302030203,2014,4.206283208,3.991762866,0.214520427
120302030203,2015,3.88746049,3.6892,0.198260405
120302030203,2016,3.460860981,3.284357169,0.176503893
120302030203,2017,1.794938493,1.703396586,0.091541827
120302030203,2018,7.062834005,6.702629496,0.360204589
120302030203,2019,6.086754948,5.776330455,0.310424493
120302030203,2020,8.838153385,8.387407432,0.450745702
120302030204,2000,0.011567281,0.010977434,0.000590008
120302030204,2001,0.0,0.0,0.0
120302030204,2002,0.007715318,0.00732183,0.000393488
120302030204,2003,0.010517767,0.009981337,0.000536348
120302030204,2004,0.005594765,0.005309434,0.000285331
120302030204,2005,0.0,0.0,0.0
120302030204,2006,0.0,0.0,0.0
120302030204,2007,0.0,0.0,0.0
120302030204,2008,0.0,0.0,0.0
120302030204,2009,0.002594367,0.002462156,0.000132375
120302030204,2010,0.0,0.0,0.0
120302030204,2011,0.0,0.0,0.0
120302030204,2012,0.0,0.0,0.0
120302030204,2013,0.0,0.0,0.0
120302030204,2014,0.0,0.0,0.0
120302030204,2015,0.0,0.0,0.0
120302030204,2016,0.0,0.0,0.0
120302030204,2017,0.0,0.0,0.0
120302030204,2018,0.793838712,0.753352836,0.040485874
120302030204,2019,0.816607126,0.774960151,0.041646973
120302030204,2020,0.991159298,0.940610055,0.050549074
120302030301,2000,0.0,0.0,0.0
120302030301,2001,0.005104211,0.004843951,0.000260258
120302030301,2002,0.007295877,0.006923819,0.000372142
120302030301,2003,0.005241693,0.004974455,0.000267323
120302030301,2004,0.194552046,0.184629811,0.009922148
120302030301,2005,0.021139266,0.020061219,0.001078049
120302030301,2006,0.239749342,0.227522134,0.012227123
120302030301,2007,0.0,0.0,0.0
120302030301,2008,0.172321148,0.163532923,0.008788391
120302030301,2009,0.0,0.0,0.0
120302030301,2010,0.011558614,0.010969337,0.000589447
120302030301,2011,0.0,0.0,0.0
120302030301,2012,0.081240137,0.077096975,0.004143328
120302030301,2013,0.098678764,0.093646101,0.005032581
120302030301,2014,0.267227167,0.253598668,0.013628668
120302030301,2015,0.0,0.0,0.0
120302030301,2016,0.0,0.0,0.0
120302030301,2017,0.101259992,0.096095805,0.005164271
120302030301,2018,0.271790074,0.257928625,0.013861282
120302030301,2019,0.00320169,0.00303849,0.000163285
120302030301,2020,0.031868872,0.03024353,0.001625257
120302030302,2000,0.081183833,0.077043492,0.004140339
120302030302,2001,0.0298838,0.028359729,0.001524071
120302030302,2002,0.405108992,0.384448537,0.020660625
120302030302,2003,0.100496332,0.095371003,0.005125162
120302030302,2004,0.012403691,0.01177112,0.000632571
120302030302,2005,0.532338208,0.505189005,0.027149203
120302030302,2006,0.433109964,0.411021441,0.022088438
120302030302,2007,0.146957685,0.139462775,0.007494827
120302030302,2008,0.43035468,0.408406423,0.021948005
120302030302,2009,0.092927132,0.088187937,0.004739195
120302030302,2010,0.678118216,0.643534219,0.034583997
120302030302,2011,0.000556359,0.000527896,2.8378e-05
120302030302,2012,0.946157262,0.897902995,0.048253934
120302030302,2013,1.028247945,0.975807285,0.052440578
120302030302,2014,1.020093225,0.96806831,0.052024666
120302030302,2015,0.0,0.0,0.0
120302030302,2016,0.0,0.0,0.0
120302030302,2017,0.0,0.0,0.0
120302030302,2018,0.600100822,0.569495523,0.030605129
120302030302,2019,0.879230732,0.834389874,0.044840858
120302030302,2020,0.767430872,0.728291975,0.039139145
120302030303,2000,0.0,0.0,0.0
120302030303,2001,0.0,0.0,0.0
120302030303,2002,0.031658189,0.030043622,0.001614652
120302030303,2003,0.026217101,0.02488009,0.001337093
120302030303,2004,0.040171883,0.038123145,0.00204882
120302030303,2005,0.0,0.0,0.0
120302030303,2006,0.0,0.0,0.0
120302030303,2007,0.0,0.0,0.0
120302030303,2008,0.0,0.0,0.0
120302030303,2009,0.0,0.0,0.0
120302030303,2010,0.0,0.0,0.0
120302030303,2011,0.0,0.0,0.0
120302030303,2012,0.0,0.0,0.0
120302030303,2013,0.0,0.0,0.0
120302030303,2014,0.0,0.0,0.0
120302030303,2015,0.0,0.0,0.0
120302030303,2016,0.0,0.0,0.0
120302030303,2017,0.0,0.0,0.0
120302030303,2018,0.0,0.0,0.0
120302030303,2019,0.0,0.0,0.0
120302030303,2020,0.0,0.0,0.0
120302030304,2000,0.10420097,0.098886762,0.005314126
120302030304,2001,0.084065173,0.079777838,0.004287249
120302030304,2002,0.262186285,0.248814726,0.013371644
120302030304,2003,0.06348743,0.060249633,0.003237882
120302030304,2004,0.0,0.0,0.0
120302030304,2005,0.007119986,0.006756926,0.000363145
120302030304,2006,0.0,0.0,0.0
120302030304,2007,0.171831,0.163067633,0.008763367
120302030304,2008,0.232287719,0.220441003,0.011846631
120302030304,2009,0.0,0.0,0.0
120302030304,2010,0.519717153,0.493211666,0.026505573
120302030304,2011,0.0,0.0,0.0
120302030304,2012,1.186635311,1.126116735,0.060518322
120302030304,2013,0.338244164,0.320993627,0.017250616
120302030304,2014,0.0,0.0,0.0
120302030304,2015,0.0,0.0,0.0
120302030304,2016,0.0,0.0,0.0
120302030304,2017,0.532688148,0.505520934,0.027167047
120302030304,2018,0.024500649,0.023251085,0.001249649
120302030304,2019,0.105291647,0.099921712,0.005369934
120302030304,2020,0.033767202,0.032045112,0.00172209
120302030305,2000,0.0,0.0,0.0
120302030305,2001,0.0,0.0,0.0
120302030305,2002,0.677470658,0.642919863,0.034551049
120302030305,2003,1.273411751,1.208467696,0.064944055
120302030305,2004,1.39693609,1.325692227,0.071243697
120302030305,2005,0.0,0.0,0.0
120302030305,2006,0.0,0.0,0.0
120302030305,2007,0.0,0.0,0.0
120302030305,2008,0.0,0.0,0.0
120302030305,2009,2.003848373,1.901652184,0.102196189
120302030305,2010,0.0,0.0,0.0
120302030305,2011,0.0,0.0,0.0
120302030305,2012,0.0,0.0,0.0
120302030305,2013,0.0,0.0,0.0
120302030305,2014,0.0,0.0,0.0
120302030305,2015,0.0,0.0,0.0
120302030305,2016,0.0,0.0,0.0
120302030305,2017,0.0,0.0,0.0
120302030305,2018,2.934686597,2.785017677,0.149669005
120302030305,2019,2.263164121,2.147742934,0.115421356
120302030305,2020,1.258441033,1.194260407,0.064180546
120302030306,2000,1.145215541,1.144070445,0.001145262
120302030306,2001,0.27769951,0.277421885,0.00027771
120302030306,2002,0.449610789,0.449161181,0.00044969
120302030306,2003,0.305289756,0.304984521,0.000305236
120302030306,2004,0.495635956,0.495140221,0.000495568
120302030306,2005,0.582333712,0.581751468,0.000582323
120302030306,2006,0.354101033,0.353746942,0.000354088
120302030306,2007,0.0,0.0,0.0
120302030306,2008,0.254298374,0.254043986,0.000254306
120302030306,2009,0.048909422,0.048860441,4.8896e-05
120302030306,2010,0.552013255,0.551461211,0.000551959
120302030306,2011,0.0,0.0,0.0
120302030306,2012,0.152926003,0.152773068,0.000153019
120302030306,2013,0.472197592,0.471725301,0.000472288
120302030306,2014,1.027145688,1.026118384,0.001027052
120302030306,2015,0.309281071,0.308971844,0.000309312
120302030306,2016,0.51668294,0.516166243,0.000516697
120302030306,2017,0.378726027,0.378347507,0.00037877
120302030306,2018,0.492587444,0.492094849,0.00049251
120302030306,2019,0.29266117,0.292368592,0.000292663
120302030306,2020,1.043565787,1.042522126,0.001043492
120302030307,2000,0.916728967,0.915812191,0.000916779
120302030307,2001,0.230261189,0.230030981,0.000230208
120302030307,2002,0.510847367,0.510336526,0.000510926
120302030307,2003,0.364142877,0.363778701,0.000364175
120302030307,2004,0.617861388,0.617243538,0.00061785
120302030307,2005,0.555264216,0.554708912,0.000555134
120302030307,2006,0.182705079,0.182522449,0.000182718
120302030307,2007,0.0,0.0,0.0
120302030307,2008,0.075253434,0.075178134,7.5131e-05
120302030307,2009,0.058703107,0.058644433,5.8674e-05
120302030307,2010,1.165324307,1.164158775,0.001165362
120302030307,2011,0.0,0.0,0.0
120302030307,2012,0.748338683,0.747590311,0.000748454
120302030307,2013,0.622803986,0.6221812,0.000622786
120302030307,2014,0.334535474,0.334200907,0.000334567
120302030307,2015,0.22378854,0.22356471,0.000223745
120302030307,2016,0.568693549,0.568124781,0.000568768
120302030307,2017,0.143210748,0.143067608,0.00014314
120302030307,2018,0.22641991,0.22619366,0.000226416
120302030307,2019,0.115214238,0.115098995,0.000115164
120302030307,2020,0.183446992,0.183263639,0.000183598
120401010101,2000,0.0,0.0,0.0
120401010101,2001,0.0,0.0,0.0
120401010101,2002,0.0,0.0,0.0
120401010101,2003,0.0,0.0,0.0
120401010101,2004,0.0,0.0,0.0
120401010101,2005,0.0,0.0,0.0
120401010101,2006,0.0,0.0,0.0
120401010101,2007,0.0,0.0,0.0
120401010101,2008,0.0,0.0,0.0
120401010101,2009,0.0,0.0,0.0
120401010101,2010,0.0,0.0,0.0
120401010101,2011,0.0,0.0,0.0
120401010101,2012,0.0,0.0,0.0
120401010101,2013,0.0,0.0,0.0
120401010101,2014,0.0,0.0,0.0
120401010101,2015,0.0,0.0,0.0
120401010101,2016,0.0,0.0,0.0
120401010101,2017,0.0,0.0,0.0
120401010101,2018,0.0,0.0,0.0
120401010101,2019,0.0,0.0,0.0
120401010101,2020,0.0,0.0,0.0
120401010102,2000,0.0,0.0,0.0
120401010102,2001,0.0,0.0,0.0
120401010102,2002,0.0,0.0,0.0
120401010102,2003,0.0,0.0,0.0
120401010102,2004,0.0,0.0,0.0
120401010102,2005,0.0,0.0,0.0
120401010102,2006,0.0,0.0,0.0
120401010102,2007,0.0,0.0,0.0
120401010102,2008,0.0,0.0,0.0
120401010102,2009,0.0,0.0,0.0
120401010102,2010,0.0,0.0,0.0
120401010102,2011,0.0,0.0,0.0
120401010102,2012,0.0,0.0,0.0
120401010102,2013,0.0,0.0,0.0
120401010102,2014,0.0,0.0,0.0
120401010102,2015,0.0,0.0,0.0
120401010102,2016,0.0,0.0,0.0
120401010102,2017,0.0,0.0,0.0
120401010102,2018,0.0,0.0,0.0
120401010102,2019,0.0,0.0,0.0
120401010102,2020,0.0,0.0,0.0
120401010103,2000,0.0,0.0,0.0
120401010103,2001,0.0,0.0,0.0
120401010103,2002,0.0,0.0,0.0
120401010103,2003,0.0,0.0,0.0
120401010103,2004,0.0,0.0,0.0
120401010103,2005,0.0,0.0,0.0
120401010103,2006,0.0,0.0,0.0
120401010103,2007,0.0,0.0,0.0
120401010103,2008,0.0,0.0,0.0
120401010103,2009,0.0,0.0,0.0
120401010103,2010,0.0,0.0,0.0
120401010103,2011,0.0,0.0,0.0
120401010103,2012,0.0,0.0,0.0
120401010103,2013,0.0,0.0,0.0
120401010103,2014,0.0,0.0,0.0
120401010103,2015,0.0,0.0,0.0
120401010103,2016,0.0,0.0,0.0
120401010103,2017,0.0,0.0,0.0
120401010103,2018,0.0,0.0,0.0
120401010103,2019,0.0,0.0,0.0
120401010103,2020,0.0,0.0,0.0
120401010104,2000,0.0,0.0,0.0
120401010104,2001,0.0,0.0,0.0
120401010104,2002,0.0,0.0,0.0
120401010104,2003,0.0,0.0,0.0
120401010104,2004,0.0,0.0,0.0
120401010104,2005,0.0,0.0,0.0
120401010104,2006,0.0,0.0,0.0
120401010104,2007,0.0,0.0,0.0
120401010104,2008,0.0,0.0,0.0
120401010104,2009,0.0,0.0,0.0
120401010104,2010,0.0,0.0,0.0
120401010104,2011,0.0,0.0,0.0
120401010104,2012,0.0,0.0,0.0
120401010104,2013,0.0,0.0,0.0
120401010104,2014,0.0,0.0,0.0
120401010104,2015,0.0,0.0,0.0
120401010104,2016,0.0,0.0,0.0
120401010104,2017,0.0,0.0,0.0
120401010104,2018,0.0,0.0,0.0
120401010104,2019,0.0,0.0,0.0
120401010104,2020,0.0,0.0,0.0
120401010201,2000,0.0,0.0,0.0
120401010201,2001,0.0,0.0,0.0
120401010201,2002,0.0,0.0,0.0
120401010201,2003,0.0,0.0,0.0
120401010201,2004,0.0,0.0,0.0
120401010201,2005,0.0,0.0,0.0
120401010201,2006,0.0,0.0,0.0
120401010201,2007,0.0,0.0,0.0
120401010201,2008,0.0,0.0,0.0
120401010201,2009,0.0,0.0,0.0
120401010201,2010,0.0,0.0,0.0
120401010201,2011,0.0,0.0,0.0
120401010201,2012,0.0,0.0,0.0
120401010201,2013,0.0,0.0,0.0
120401010201,2014,0.0,0.0,0.0
120401010201,2015,0.0,0.0,0.0
120401010201,2016,0.0,0.0,0.0
120401010201,2017,0.0,0.0,0.0
120401010201,2018,0.0,0.0,0.0
120401010201,2019,0.0,0.0,0.0
120401010201,2020,0.0,0.0,0.0
120401010202,2000,0.0,0.0,0.0
120401010202,2001,0.0,0.0,0.0
120401010202,2002,0.0,0.0,0.0
120401010202,2003,0.0,0.0,0.0
120401010202,2004,0.0,0.0,0.0
120401010202,2005,0.0,0.0,0.0
120401010202,2006,0.0,0.0,0.0
120401010202,2007,0.0,0.0,0.0
120401010202,2008,0.0,0.0,0.0
120401010202,2009,0.0,0.0,0.0
120401010202,2010,0.0,0.0,0.0
120401010202,2011,0.0,0.0,0.0
120401010202,2012,0.0,0.0,0.0
120401010202,2013,0.0,0.0,0.0
120401010202,2014,0.0,0.0,0.0
120401010202,2015,0.0,0.0,0.0
120401010202,2016,0.0,0.0,0.0
120401010202,2017,0.0,0.0,0.0
120401010202,2018,0.0,0.0,0.0
120401010202,2019,0.0,0.0,0.0
120401010202,2020,0.0,0.0,0.0
120401010203,2000,0.0,0.0,0.0
120401010203,2001,0.0,0.0,0.0
120401010203,2002,0.0,0.0,0.0
120401010203,2003,0.0,0.0,0.0
120401010203,2004,0.0,0.0,0.0
120401010203,2005,0.0,0.0,0.0
120401010203,2006,0.0,0.0,0.0
120401010203,2007,0.0,0.0,0.0
120401010203,2008,0.0,0.0,0.0
120401010203,2009,0.0,0.0,0.0
120401010203,2010,0.0,0.0,0.0
120401010203,2011,0.0,0.0,0.0
120401010203,2012,0.0,0.0,0.0
120401010203,2013,0.0,0.0,0.0
120401010203,2014,0.0,0.0,0.0
120401010203,2015,0.0,0.0,0.0
120401010203,2016,0.0,0.0,0.0
120401010203,2017,0.0,0.0,0.0
120401010203,2018,0.0,0.0,0.0
120401010203,2019,0.0,0.0,0.0
120401010203,2020,0.0,0.0,0.0
120401010204,2000,0.0,0.0,0.0
120401010204,2001,0.0,0.0,0.0
120401010204,2002,0.0,0.0,0.0
120401010204,2003,0.0,0.0,0.0
120401010204,2004,0.0,0.0,0.0
120401010204,2005,0.0,0.0,0.0
120401010204,2006,0.0,0.0,0.0
120401010204,2007,0.0,0.0,0.0
120401010204,2008,0.0,0.0,0.0
120401010204,2009,0.0,0.0,0.0
120401010204,2010,0.0,0.0,0.0
120401010204,2011,0.0,0.0,0.0
120401010204,2012,0.0,0.0,0.0
120401010204,2013,0.0,0.0,0.0
120401010204,2014,0.0,0.0,0.0
120401010204,2015,0.0,0.0,0.0
120401010204,2016,0.0,0.0,0.0
120401010204,2017,0.0,0.0,0.0
120401010204,2018,0.122418488,0.051293323,0.071125082
120401010204,2019,0.144312244,0.060466836,0.083845408
120401010204,2020,0.237555199,0.099535721,0.138019563
120401010205,2000,0.0,0.0,0.0
120401010205,2001,0.0,0.0,0.0
120401010205,2002,0.0,0.0,0.0
120401010205,2003,0.0,0.0,0.0
120401010205,2004,0.0,0.0,0.0
120401010205,2005,0.0,0.0,0.0
120401010205,2006,0.0,0.0,0.0
120401010205,2007,0.0,0.0,0.0
120401010205,2008,0.0,0.0,0.0
120401010205,2009,0.0,0.0,0.0
120401010205,2010,0.0,0.0,0.0
120401010205,2011,0.0,0.0,0.0
120401010205,2012,0.0,0.0,0.0
120401010205,2013,0.0,0.0,0.0
120401010205,2014,0.0,0.0,0.0
120401010205,2015,0.0,0.0,0.0
120401010205,2016,0.0,0.0,0.0
120401010205,2017,0.0,0.0,0.0
120401010205,2018,0.0,0.0,0.0
120401010205,2019,0.000908074,0.000380477,0.000527597
120401010205,2020,0.001501303,0.000629096,0.000872372
120401010206,2000,0.0,0.0,0.0
120401010206,2001,0.0,0.0,0.0
120401010206,2002,0.0,0.0,0.0
120401010206,2003,0.0,0.0,0.0
120401010206,2004,0.0,0.0,0.0
120401010206,2005,0.0,0.0,0.0
120401010206,2006,0.0,0.0,0.0
120401010206,2007,0.0,0.0,0.0
120401010206,2008,0.0,0.0,0.0
120401010206,2009,0.0,0.0,0.0
120401010206,2010,0.0,0.0,0.0
120401010206,2011,0.0,0.0,0.0
120401010206,2012,0.0,0.0,0.0
120401010206,2013,0.0,0.0,0.0
120401010206,2014,0.0,0.0,0.0
120401010206,2015,0.0,0.0,0.0
120401010206,2016,0.0,0.0,0.0
120401010206,2017,0.0,0.0,0.0
120401010206,2018,0.0,0.0,0.0
120401010206,2019,0.0,0.0,0.0
120401010206,2020,0.0,0.0,0.0
120401010207,2000,0.0,0.0,0.0
120401010207,2001,0.0,0.0,0.0
120401010207,2002,0.0,0.0,0.0
120401010207,2003,0.0,0.0,0.0
120401010207,2004,0.0,0.0,0.0
120401010207,2005,0.0,0.0,0.0
120401010207,2006,0.0,0.0,0.0
120401010207,2007,0.0,0.0,0.0
120401010207,2008,0.0,0.0,0.0
120401010207,2009,0.0,0.0,0.0
120401010207,2010,0.0,0.0,0.0
120401010207,2011,0.0,0.0,0.0
120401010207,2012,0.0,0.0,0.0
120401010207,2013,0.0,0.0,0.0
120401010207,2014,0.0,0.0,0.0
120401010207,2015,0.0,0.0,0.0
120401010207,2016,0.0,0.0,0.0
120401010207,2017,0.0,0.0,0.0
120401010207,2018,0.0,0.0,0.0
120401010207,2019,0.0,0.0,0.0
120401010207,2020,0.0,0.0,0.0
120401010301,2000,0.0,0.0,0.0
120401010301,2001,0.0,0.0,0.0
120401010301,2002,0.0,0.0,0.0
120401010301,2003,0.0,0.0,0.0
120401010301,2004,0.0,0.0,0.0
120401010301,2005,0.0,0.0,0.0
120401010301,2006,0.0,0.0,0.0
120401010301,2007,0.0,0.0,0.0
120401010301,2008,0.0,0.0,0.0
120401010301,2009,0.0,0.0,0.0
120401010301,2010,0.0,0.0,0.0
120401010301,2011,0.0,0.0,0.0
120401010301,2012,0.0,0.0,0.0
120401010301,2013,0.0,0.0,0.0
120401010301,2014,0.0,0.0,0.0
120401010301,2015,0.0,0.0,0.0
120401010301,2016,0.0,0.0,0.0
120401010301,2017,0.0,0.0,0.0
120401010301,2018,0.0,0.0,0.0
120401010301,2019,0.0,0.0,0.0
120401010301,2020,0.0,0.0,0.0
120401010302,2000,0.0,0.0,0.0
120401010302,2001,0.0,0.0,0.0
120401010302,2002,0.0,0.0,0.0
120401010302,2003,0.0,0.0,0.0
120401010302,2004,0.0,0.0,0.0
120401010302,2005,0.0,0.0,0.0
120401010302,2006,0.0,0.0,0.0
120401010302,2007,0.0,0.0,0.0
120401010302,2008,0.0,0.0,0.0
120401010302,2009,0.0,0.0,0.0
120401010302,2010,0.0,0.0,0.0
120401010302,2011,0.0,0.0,0.0
120401010302,2012,0.0,0.0,0.0
120401010302,2013,0.0,0.0,0.0
120401010302,2014,0.0,0.0,0.0
120401010302,2015,0.0,0.0,0.0
120401010302,2016,0.0,0.0,0.0
120401010302,2017,0.0,0.0,0.0
120401010302,2018,0.0,0.0,0.0
120401010302,2019,0.0,0.0,0.0
120401010302,2020,0.0,0.0,0.0
120401010303,2000,0.0,0.0,0.0
120401010303,2001,0.0,0.0,0.0
120401010303,2002,0.0,0.0,0.0
120401010303,2003,0.0,0.0,0.0
120401010303,2004,0.0,0.0,0.0
120401010303,2005,0.0,0.0,0.0
120401010303,2006,0.0,0.0,0.0
120401010303,2007,0.0,0.0,0.0
120401010303,2008,0.0,0.0,0.0
120401010303,2009,0.0,0.0,0.0
120401010303,2010,0.0,0.0,0.0
120401010303,2011,0.0,0.0,0.0
120401010303,2012,0.0,0.0,0.0
120401010303,2013,0.0,0.0,0.0
120401010303,2014,0.0,0.0,0.0
120401010303,2015,0.0,0.0,0.0
120401010303,2016,0.0,0.0,0.0
120401010303,2017,0.0,0.0,0.0
120401010303,2018,0.0,0.0,0.0
120401010303,2019,0.0,0.0,0.0
120401010303,2020,0.0,0.0,0.0
120401010304,2000,0.0,0.0,0.0
120401010304,2001,0.0,0.0,0.0
120401010304,2002,0.0,0.0,0.0
120401010304,2003,0.0,0.0,0.0
120401010304,2004,0.0,0.0,0.0
120401010304,2005,0.0,0.0,0.0
120401010304,2006,0.0,0.0,0.0
120401010304,2007,0.0,0.0,0.0
120401010304,2008,0.0,0.0,0.0
120401010304,2009,0.0,0.0,0.0
120401010304,2010,0.0,0.0,0.0
120401010304,2011,0.0,0.0,0.0
120401010304,2012,0.0,0.0,0.0
120401010304,2013,0.0,0.0,0.0
120401010304,2014,0.0,0.0,0.0
120401010304,2015,0.0,0.0,0.0
120401010304,2016,0.0,0.0,0.0
120401010304,2017,0.0,0.0,0.0
120401010304,2018,0.0,0.0,0.0
120401010304,2019,0.0,0.0,0.0
120401010304,2020,0.0,0.0,0.0
120401010305,2000,0.0,0.0,0.0
120401010305,2001,0.0,0.0,0.0
120401010305,2002,0.0,0.0,0.0
120401010305,2003,0.0,0.0,0.0
120401010305,2004,0.0,0.0,0.0
120401010305,2005,0.0,0.0,0.0
120401010305,2006,0.0,0.0,0.0
120401010305,2007,0.0,0.0,0.0
120401010305,2008,0.0,0.0,0.0
120401010305,2009,0.0,0.0,0.0
120401010305,2010,0.0,0.0,0.0
120401010305,2011,0.0,0.0,0.0
120401010305,2012,0.0,0.0,0.0
120401010305,2013,0.0,0.0,0.0
120401010305,2014,0.0,0.0,0.0
120401010305,2015,0.0,0.0,0.0
120401010305,2016,0.0,0.0,0.0
120401010305,2017,0.0,0.0,0.0
120401010305,2018,0.0,0.0,0.0
120401010305,2019,0.0,0.0,0.0
120401010305,2020,0.0,0.0,0.0
120401010306,2000,0.0,0.0,0.0
120401010306,2001,0.0,0.0,0.0
120401010306,2002,0.0,0.0,0.0
120401010306,2003,0.0,0.0,0.0
120401010306,2004,0.0,0.0,0.0
120401010306,2005,0.0,0.0,0.0
120401010306,2006,0.0,0.0,0.0
120401010306,2007,0.0,0.0,0.0
120401010306,2008,0.0,0.0,0.0
120401010306,2009,0.0,0.0,0.0
120401010306,2010,0.0,0.0,0.0
120401010306,2011,0.0,0.0,0.0
120401010306,2012,0.0,0.0,0.0
120401010306,2013,0.0,0.0,0.0
120401010306,2014,0.0,0.0,0.0
120401010306,2015,0.0,0.0,0.0
120401010306,2016,0.0,0.0,0.0
120401010306,2017,0.0,0.0,0.0
120401010306,2018,0.0,0.0,0.0
120401010306,2019,0.0,0.0,0.0
120401010306,2020,0.0,0.0,0.0
120401010307,2000,0.0,0.0,0.0
120401010307,2001,0.0,0.0,0.0
120401010307,2002,0.0,0.0,0.0
120401010307,2003,0.0,0.0,0.0
120401010307,2004,0.0,0.0,0.0
120401010307,2005,0.0,0.0,0.0
120401010307,2006,0.0,0.0,0.0
120401010307,2007,0.0,0.0,0.0
120401010307,2008,0.0,0.0,0.0
120401010307,2009,0.0,0.0,0.0
120401010307,2010,0.0,0.0,0.0
120401010307,2011,0.0,0.0,0.0
120401010307,2012,0.0,0.0,0.0
120401010307,2013,0.0,0.0,0.0
120401010307,2014,0.0,0.0,0.0
120401010307,2015,0.0,0.0,0.0
120401010307,2016,0.0,0.0,0.0
120401010307,2017,0.0,0.0,0.0
120401010307,2018,0.09457771,0.039628014,0.054949529
120401010307,2019,0.109653049,0.045944679,0.063708537
120401010307,2020,0.151722694,0.063571814,0.088150798
120401010308,2000,0.0,0.0,0.0
120401010308,2001,0.0,0.0,0.0
120401010308,2002,0.0,0.0,0.0
120401010308,2003,0.0,0.0,0.0
120401010308,2004,0.0,0.0,0.0
120401010308,2005,0.0,0.0,0.0
120401010308,2006,0.0,0.0,0.0
120401010308,2007,0.0,0.0,0.0
120401010308,2008,0.0,0.0,0.0
120401010308,2009,0.0,0.0,0.0
120401010308,2010,0.0,0.0,0.0
120401010308,2011,0.0,0.0,0.0
120401010308,2012,0.0,0.0,0.0
120401010308,2013,0.0,0.0,0.0
120401010308,2014,0.0,0.0,0.0
120401010308,2015,0.0,0.0,0.0
120401010308,2016,0.0,0.0,0.0
120401010308,2017,0.0,0.0,0.0
120401010308,2018,0.058200836,0.024386132,0.033814619
120401010308,2019,0.084484307,0.035398836,0.049085386
120401010308,2020,0.094344027,0.039530169,0.054813943
120401010401,2000,0.0,0.0,0.0
120401010401,2001,0.0,0.0,0.0
120401010401,2002,0.0,0.0,0.0
120401010401,2003,0.0,0.0,0.0
120401010401,2004,0.0,0.0,0.0
120401010401,2005,0.0,0.0,0.0
120401010401,2006,0.0,0.0,0.0
120401010401,2007,0.0,0.0,0.0
120401010401,2008,0.0,0.0,0.0
120401010401,2009,0.0,0.0,0.0
120401010401,2010,0.0,0.0,0.0
120401010401,2011,0.0,0.0,0.0
120401010401,2012,0.0,0.0,0.0
120401010401,2013,0.0,0.0,0.0
120401010401,2014,0.0,0.0,0.0
120401010401,2015,0.0,0.0,0.0
120401010401,2016,0.0,0.0,0.0
120401010401,2017,0.0,0.0,0.0
120401010401,2018,0.0,0.0,0.0
120401010401,2019,0.0,0.0,0.0
120401010401,2020,0.0,0.0,0.0
120401010402,2000,0.0,0.0,0.0
120401010402,2001,0.0,0.0,0.0
120401010402,2002,0.0,0.0,0.0
120401010402,2003,0.0,0.0,0.0
120401010402,2004,0.0,0.0,0.0
120401010402,2005,0.0,0.0,0.0
120401010402,2006,0.0,0.0,0.0
120401010402,2007,0.0,0.0,0.0
120401010402,2008,0.0,0.0,0.0
120401010402,2009,0.0,0.0,0.0
120401010402,2010,0.0,0.0,0.0
120401010402,2011,0.0,0.0,0.0
120401010402,2012,0.0,0.0,0.0
120401010402,2013,0.0,0.0,0.0
120401010402,2014,0.0,0.0,0.0
120401010402,2015,0.0,0.0,0.0
120401010402,2016,0.0,0.0,0.0
120401010402,2017,0.0,0.0,0.0
120401010402,2018,0.0,0.0,0.0
120401010402,2019,0.0,0.0,0.0
120401010402,2020,0.0,0.0,0.0
120401010403,2000,0.0,0.0,0.0
120401010403,2001,0.0,0.0,0.0
120401010403,2002,0.0,0.0,0.0
120401010403,2003,0.0,0.0,0.0
120401010403,2004,0.0,0.0,0.0
120401010403,2005,0.0,0.0,0.0
120401010403,2006,0.0,0.0,0.0
120401010403,2007,0.0,0.0,0.0
120401010403,2008,0.0,0.0,0.0
120401010403,2009,0.0,0.0,0.0
120401010403,2010,0.0,0.0,0.0
120401010403,2011,0.0,0.0,0.0
120401010403,2012,0.0,0.0,0.0
120401010403,2013,0.0,0.0,0.0
120401010403,2014,0.0,0.0,0.0
120401010403,2015,0.0,0.0,0.0
120401010403,2016,0.0,0.0,0.0
120401010403,2017,0.0,0.0,0.0
120401010403,2018,0.0,0.0,0.0
120401010403,2019,0.0,0.0,0.0
120401010403,2020,0.0,0.0,0.0
120401010404,2000,0.0,0.0,0.0
120401010404,2001,0.0,0.0,0.0
120401010404,2002,0.0,0.0,0.0
120401010404,2003,0.0,0.0,0.0
120401010404,2004,0.0,0.0,0.0
120401010404,2005,0.0,0.0,0.0
120401010404,2006,0.0,0.0,0.0
120401010404,2007,0.0,0.0,0.0
120401010404,2008,0.0,0.0,0.0
120401010404,2009,0.0,0.0,0.0
120401010404,2010,0.0,0.0,0.0
120401010404,2011,0.0,0.0,0.0
120401010404,2012,0.0,0.0,0.0
120401010404,2013,0.0,0.0,0.0
120401010404,2014,0.0,0.0,0.0
120401010404,2015,0.0,0.0,0.0
120401010404,2016,0.0,0.0,0.0
120401010404,2017,0.0,0.0,0.0
120401010404,2018,0.0,0.0,0.0
120401010404,2019,0.0,0.0,0.0
120401010404,2020,0.0,0.0,0.0
120401010501,2000,0.0,0.0,0.0
120401010501,2001,0.0,0.0,0.0
120401010501,2002,0.0,0.0,0.0
120401010501,2003,0.0,0.0,0.0
120401010501,2004,0.0,0.0,0.0
120401010501,2005,0.0,0.0,0.0
120401010501,2006,0.0,0.0,0.0
120401010501,2007,0.0,0.0,0.0
120401010501,2008,0.0,0.0,0.0
120401010501,2009,0.0,0.0,0.0
120401010501,2010,0.0,0.0,0.0
120401010501,2011,0.0,0.0,0.0
120401010501,2012,0.0,0.0,0.0
120401010501,2013,0.0,0.0,0.0
120401010501,2014,0.0,0.0,0.0
120401010501,2015,0.0,0.0,0.0
120401010501,2016,0.0,0.0,0.0
120401010501,2017,0.0,0.0,0.0
120401010501,2018,0.0,0.0,0.0
120401010501,2019,0.0,0.0,0.0
120401010501,2020,0.0,0.0,0.0
120401010502,2000,0.0,0.0,0.0
120401010502,2001,0.0,0.0,0.0
120401010502,2002,0.0,0.0,0.0
120401010502,2003,0.0,0.0,0.0
120401010502,2004,0.0,0.0,0.0
120401010502,2005,0.0,0.0,0.0
120401010502,2006,0.0,0.0,0.0
120401010502,2007,0.0,0.0,0.0
120401010502,2008,0.0,0.0,0.0
120401010502,2009,0.0,0.0,0.0
120401010502,2010,0.0,0.0,0.0
120401010502,2011,0.0,0.0,0.0
120401010502,2012,0.0,0.0,0.0
120401010502,2013,0.0,0.0,0.0
120401010502,2014,0.0,0.0,0.0
120401010502,2015,0.0,0.0,0.0
120401010502,2016,0.0,0.0,0.0
120401010502,2017,0.0,0.0,0.0
120401010502,2018,0.0,0.0,0.0
120401010502,2019,0.0,0.0,0.0
120401010502,2020,0.0,0.0,0.0
120401020101,2000,1.076588082,0.218547423,0.858040743
120401020101,2001,1.575924175,0.348279329,1.227644849
120401020101,2002,1.033837249,0.215038038,0.818799129
120401020101,2003,1.524655945,0.254617551,1.270038395
120401020101,2004,1.526272822,0.294570579,1.231702077
120401020101,2005,2.179771756,0.416336403,1.763435268
120401020101,2006,1.615243899,0.229364636,1.385879348
120401020101,2007,0.855288214,0.178755148,0.676532981
120401020101,2008,1.694456044,0.266029669,1.428426459
120401020101,2009,1.977120644,0.367744375,1.609376271
120401020101,2010,2.680331153,0.495861323,2.184470003
120401020101,2011,1.37680497,0.159709162,1.217095559
120401020101,2012,1.695050667,0.2830735,1.411977251
120401020101,2013,2.946278055,0.771924795,2.174353175
120401020101,2014,2.842080918,0.670730981,2.171349682
120401020101,2015,0.598738471,0.219737033,0.379001356
120401020101,2016,0.846677096,0.284483503,0.562193596
120401020101,2017,1.637479978,0.394632559,1.242847249
120401020101,2018,2.126636781,0.550798973,1.575837808
120401020101,2019,2.305063419,0.493283614,1.811779805
120401020101,2020,1.902102019,0.612476809,1.289625128
120401020102,2000,1.357498738,0.036652489,1.320846246
120401020102,2001,1.512116499,0.040827214,1.471289534
120401020102,2002,1.313215438,0.035456784,1.27775874
120401020102,2003,1.704195274,0.046013351,1.658182008
120401020102,2004,1.278042101,0.034507158,1.243535027
120401020102,2005,2.45667031,0.066329981,2.390340162
120401020102,2006,2.613141978,0.07055489,2.542587414
120401020102,2007,1.0825964,0.029230005,1.053366145
120401020102,2008,2.400249443,0.064806754,2.335442773
120401020102,2009,4.190399126,0.113140849,4.077258192
120401020102,2010,3.689257482,0.099609885,3.589647597
120401020102,2011,2.323119611,0.062724233,2.260395463
120401020102,2012,2.219503956,0.059926568,2.15957747
120401020102,2013,4.891409962,0.132068005,4.759341871
120401020102,2014,3.450815471,0.093172104,3.357643699
120401020102,2015,1.557896441,0.042063145,1.515833214
120401020102,2016,1.618539738,0.043700522,1.574839216
120401020102,2017,3.461172277,0.09345166,3.367720619
120401020102,2018,2.6896902,0.072621559,2.617068556
120401020102,2019,2.873622164,0.077587784,2.796034378
120401020102,2020,2.705981574,0.073061443,2.632920213
120401020103,2000,2.524326598,1.25963882,1.264687609
120401020103,2001,1.222005011,0.598782488,0.623222605
120401020103,2002,1.392048751,0.430143203,0.961905633
120401020103,2003,1.165740989,0.487279748,0.678461156
120401020103,2004,1.08308532,0.343338085,0.73974732
120401020103,2005,2.02213963,0.572265603,1.449874195
120401020103,2006,1.534118786,0.747115915,0.787002874
120401020103,2007,0.370076085,0.169864879,0.200211121
120401020103,2008,2.109644691,0.645551303,1.464093473
120401020103,2009,1.802245216,0.713689005,1.088556211
120401020103,2010,2.2013518,0.887144721,1.314207077
120401020103,2011,2.337154055,0.500150904,1.837003068
120401020103,2012,2.443131746,1.06764844,1.375483224
120401020103,2013,3.098006942,1.440573192,1.657433751
120401020103,2014,2.975071899,1.106726693,1.868345038
120401020103,2015,1.31042011,0.680107964,0.630312145
120401020103,2016,1.29129156,0.600450697,0.69084103
120401020103,2017,1.520476984,0.748074567,0.772402329
120401020103,2018,1.767509011,0.572673,1.194836096
120401020103,2019,1.593672225,0.81914746,0.774524597
120401020103,2020,2.289954986,0.508370036,1.781584869
120401020104,2000,0.0,0.0,0.0
120401020104,2001,0.002713211,0.001956216,0.000756997
120401020104,2002,0.000314216,0.000226427,8.7707e-05
120401020104,2003,0.0,0.0,0.0
120401020104,2004,0.037213407,0.02683085,0.010382642
120401020104,2005,0.095313474,0.068721019,0.026592537
120401020104,2006,0.0,0.0,0.0
120401020104,2007,0.006345225,0.004574844,0.001770296
120401020104,2008,0.026285743,0.018951921,0.00733374
120401020104,2009,0.031188496,0.022486921,0.00870166
120401020104,2010,0.020495564,0.014777271,0.005718293
120401020104,2011,0.079972252,0.057659863,0.022312222
120401020104,2012,0.031817585,0.022940363,0.008877137
120401020104,2013,0.0,0.0,0.0
120401020104,2014,0.022202811,0.016008271,0.006194458
120401020104,2015,0.0,0.0,0.0
120401020104,2016,0.009845257,0.007098385,0.002746713
120401020104,2017,0.0,0.0,0.0
120401020104,2018,0.0,0.0,0.0
120401020104,2019,0.032348671,0.023323392,0.009025197
120401020104,2020,0.05510568,0.03973144,0.015374407
120401020105,2000,1.988543806,1.433740112,0.554803694
120401020105,2001,2.434124342,1.755003636,0.679120707
120401020105,2002,1.357608962,0.978836107,0.378772855
120401020105,2003,1.878191918,1.35417643,0.524015573
120401020105,2004,2.437139913,1.757177809,0.679962019
120401020105,2005,3.230469945,2.329168827,0.901301115
120401020105,2006,1.949892153,1.405872293,0.54402011
120401020105,2007,1.308558129,0.943470485,0.365087644
120401020105,2008,3.423822421,2.468575915,0.955246421
120401020105,2009,2.627434307,1.894380241,0.733054151
120401020105,2010,3.342545301,2.409974945,0.93257011
120401020105,2011,0.244586942,0.176347159,0.068239784
120401020105,2012,2.737584128,1.973798265,0.763785945
120401020105,2013,4.863429197,3.506532463,1.356896732
120401020105,2014,4.471446479,3.223912871,1.247533611
120401020105,2015,0.947235378,0.682956726,0.264278652
120401020105,2016,1.331703287,0.960158005,0.371545199
120401020105,2017,2.886220118,2.08096491,0.805255542
120401020105,2018,3.0081782,2.168896619,0.839281751
120401020105,2019,3.719324441,2.681632984,1.037691542
120401020105,2020,3.922176268,2.827889153,1.094287115
120401020106,2000,0.0,0.0,0.0
120401020106,2001,0.0,0.0,0.0
120401020106,2002,0.0,0.0,0.0
120401020106,2003,0.0,0.0,0.0
120401020106,2004,0.0,0.0,0.0
120401020106,2005,0.0,0.0,0.0
120401020106,2006,0.0,0.0,0.0
120401020106,2007,0.0,0.0,0.0
120401020106,2008,0.0,0.0,0.0
120401020106,2009,0.0,0.0,0.0
120401020106,2010,0.0,0.0,0.0
120401020106,2011,0.0,0.0,0.0
120401020106,2012,0.0,0.0,0.0
120401020106,2013,0.0,0.0,0.0
120401020106,2014,0.0,0.0,0.0
120401020106,2015,0.0,0.0,0.0
120401020106,2016,0.0,0.0,0.0
120401020106,2017,0.0,0.0,0.0
120401020106,2018,0.0,0.0,0.0
120401020106,2019,0.010450052,0.007534422,0.002915548
120401020106,2020,0.0,0.0,0.0
120401020107,2000,0.0,0.0,0.0
120401020107,2001,0.0,0.0,0.0
120401020107,2002,0.0,0.0,0.0
120401020107,2003,0.0,0.0,0.0
120401020107,2004,0.0,0.0,0.0
120401020107,2005,0.0,0.0,0.0
120401020107,2006,0.0,0.0,0.0
120401020107,2007,0.0,0.0,0.0
120401020107,2008,0.0,0.0,0.0
120401020107,2009,0.0,0.0,0.0
120401020107,2010,0.0,0.0,0.0
120401020107,2011,0.0,0.0,0.0
120401020107,2012,0.0,0.0,0.0
120401020107,2013,0.0,0.0,0.0
120401020107,2014,0.0,0.0,0.0
120401020107,2015,0.0,0.0,0.0
120401020107,2016,0.0,0.0,0.0
120401020107,2017,0.0,0.0,0.0
120401020107,2018,0.0,0.0,0.0
120401020107,2019,0.0,0.0,0.0
120401020107,2020,0.0,0.0,0.0
120401020201,2000,0.406274986,0.292924423,0.113350732
120401020201,2001,0.785193753,0.552776408,0.232417345
120401020201,2002,0.447763515,0.314777589,0.132985674
120401020201,2003,0.462493956,0.316808378,0.14568566
120401020201,2004,0.81425777,0.58626559,0.227992265
120401020201,2005,1.269993899,0.914395559,0.355598425
120401020201,2006,1.252149893,0.901547901,0.350601989
120401020201,2007,0.486660762,0.345042337,0.141618258
120401020201,2008,0.995463989,0.701802025,0.293661883
120401020201,2009,1.146590296,0.788854049,0.357736164
120401020201,2010,1.428678362,1.008646885,0.42003131
120401020201,2011,0.63885457,0.460614167,0.178240488
120401020201,2012,1.113821202,0.803065005,0.310756109
120401020201,2013,2.011939134,1.388238077,0.62370114
120401020201,2014,1.200258814,0.801772948,0.398485784
120401020201,2015,0.416812386,0.29468643,0.122125956
120401020201,2016,0.674914462,0.45354235,0.221371954
120401020201,2017,1.170074101,0.824902255,0.345171849
120401020201,2018,1.377994104,0.978375649,0.3996182
120401020201,2019,1.213922493,0.848531797,0.365390778
120401020201,2020,1.845919803,1.297681754,0.548238298
120401020202,2000,0.0,0.0,0.0
120401020202,2001,0.0,0.0,0.0
120401020202,2002,0.0,0.0,0.0
120401020202,2003,0.0,0.0,0.0
120401020202,2004,0.0,0.0,0.0
120401020202,2005,0.0,0.0,0.0
120401020202,2006,0.0,0.0,0.0
120401020202,2007,0.0,0.0,0.0
120401020202,2008,0.0,0.0,0.0
120401020202,2009,0.0,0.0,0.0
120401020202,2010,0.0,0.0,0.0
120401020202,2011,0.0,0.0,0.0
120401020202,2012,0.0,0.0,0.0
120401020202,2013,0.0,0.0,0.0
120401020202,2014,0.0,0.0,0.0
120401020202,2015,0.0,0.0,0.0
120401020202,2016,0.0,0.0,0.0
120401020202,2017,0.0,0.0,0.0
120401020202,2018,0.0,0.0,0.0
120401020202,2019,0.0,0.0,0.0
120401020202,2020,0.0,0.0,0.0
120401020203,2000,0.0,0.0,0.0
120401020203,2001,0.0,0.0,0.0
120401020203,2002,0.0,0.0,0.0
120401020203,2003,0.0,0.0,0.0
120401020203,2004,0.0,0.0,0.0
120401020203,2005,0.0,0.0,0.0
120401020203,2006,0.0,0.0,0.0
120401020203,2007,0.0,0.0,0.0
120401020203,2008,0.0,0.0,0.0
120401020203,2009,0.0,0.0,0.0
120401020203,2010,0.0,0.0,0.0
120401020203,2011,0.0,0.0,0.0
120401020203,2012,0.0,0.0,0.0
120401020203,2013,0.0,0.0,0.0
120401020203,2014,0.0,0.0,0.0
120401020203,2015,0.0,0.0,0.0
120401020203,2016,0.0,0.0,0.0
120401020203,2017,0.0,0.0,0.0
120401020203,2018,0.0,0.0,0.0
120401020203,2019,0.0,0.0,0.0
120401020203,2020,0.0,0.0,0.0
120401020204,2000,0.0,0.0,0.0
120401020204,2001,0.0,0.0,0.0
120401020204,2002,0.0,0.0,0.0
120401020204,2003,0.0,0.0,0.0
120401020204,2004,0.0,0.0,0.0
120401020204,2005,0.0,0.0,0.0
120401020204,2006,0.0,0.0,0.0
120401020204,2007,0.0,0.0,0.0
120401020204,2008,0.0,0.0,0.0
120401020204,2009,0.0,0.0,0.0
120401020204,2010,0.0,0.0,0.0
120401020204,2011,0.0,0.0,0.0
120401020204,2012,0.0,0.0,0.0
120401020204,2013,0.0,0.0,0.0
120401020204,2014,0.0,0.0,0.0
120401020204,2015,0.0,0.0,0.0
120401020204,2016,0.0,0.0,0.0
120401020204,2017,0.0,0.0,0.0
120401020204,2018,0.0,0.0,0.0
120401020204,2019,0.0,0.0,0.0
120401020204,2020,0.0,0.0,0.0
120401020205,2000,0.104539137,0.059169139,0.045370079
120401020205,2001,0.130039863,0.084916058,0.045123805
120401020205,2002,0.108180049,0.068045134,0.040134748
120401020205,2003,0.106648148,0.062175838,0.044472222
120401020205,2004,0.14017526,0.093076268,0.047098825
120401020205,2005,0.095627644,0.068947474,0.026680088
120401020205,2006,0.129962162,0.0937028,0.036259611
120401020205,2007,0.047191984,0.031524334,0.015667734
120401020205,2008,0.203509396,0.146730243,0.056779153
120401020205,2009,0.146371616,0.105533858,0.040837674
120401020205,2010,0.213736082,0.154103666,0.059632252
120401020205,2011,0.05810249,0.041891973,0.016210515
120401020205,2012,0.175187686,0.126310331,0.048877355
120401020205,2013,0.174054737,0.125493482,0.048561173
120401020205,2014,0.076572408,0.05520869,0.021363633
120401020205,2015,0.061431564,0.044292162,0.0171394
120401020205,2016,0.089458648,0.064499743,0.024958984
120401020205,2017,0.10298974,0.074255433,0.028734058
120401020205,2018,0.169258518,0.12203537,0.047223233
120401020205,2019,0.169707666,0.11743766,0.052269921
120401020205,2020,0.225016869,0.162237052,0.06277965
120401020206,2000,0.0,0.0,0.0
120401020206,2001,0.0,0.0,0.0
120401020206,2002,0.0,0.0,0.0
120401020206,2003,0.0,0.0,0.0
120401020206,2004,0.0,0.0,0.0
120401020206,2005,0.0,0.0,0.0
120401020206,2006,0.0,0.0,0.0
120401020206,2007,0.0,0.0,0.0
120401020206,2008,0.0,0.0,0.0
120401020206,2009,0.0,0.0,0.0
120401020206,2010,0.0,0.0,0.0
120401020206,2011,0.0,0.0,0.0
120401020206,2012,0.0,0.0,0.0
120401020206,2013,0.0,0.0,0.0
120401020206,2014,0.0,0.0,0.0
120401020206,2015,0.0,0.0,0.0
120401020206,2016,0.0,0.0,0.0
120401020206,2017,0.0,0.0,0.0
120401020206,2018,0.0,0.0,0.0
120401020206,2019,0.0,0.0,0.0
120401020206,2020,0.0,0.0,0.0
120401020207,2000,0.0,0.0,0.0
120401020207,2001,0.0,0.0,0.0
120401020207,2002,0.0,0.0,0.0
120401020207,2003,0.0,0.0,0.0
120401020207,2004,0.0,0.0,0.0
120401020207,2005,0.0,0.0,0.0
120401020207,2006,0.0,0.0,0.0
120401020207,2007,0.0,0.0,0.0
120401020207,2008,0.0,0.0,0.0
120401020207,2009,0.0,0.0,0.0
120401020207,2010,0.0,0.0,0.0
120401020207,2011,0.0,0.0,0.0
120401020207,2012,0.0,0.0,0.0
120401020207,2013,0.0,0.0,0.0
120401020207,2014,0.0,0.0,0.0
120401020207,2015,0.0,0.0,0.0
120401020207,2016,0.0,0.0,0.0
120401020207,2017,0.0,0.0,0.0
120401020207,2018,0.0,0.0,0.0
120401020207,2019,0.0,0.0,0.0
120401020207,2020,0.0,0.0,0.0
120401020208,2000,0.0,0.0,0.0
120401020208,2001,0.0,0.0,0.0
120401020208,2002,0.0,0.0,0.0
120401020208,2003,0.0,0.0,0.0
120401020208,2004,0.0,0.0,0.0
120401020208,2005,0.0,0.0,0.0
120401020208,2006,0.0,0.0,0.0
120401020208,2007,0.0,0.0,0.0
120401020208,2008,0.0,0.0,0.0
120401020208,2009,0.0,0.0,0.0
120401020208,2010,0.0,0.0,0.0
120401020208,2011,0.0,0.0,0.0
120401020208,2012,0.0,0.0,0.0
120401020208,2013,0.0,0.0,0.0
120401020208,2014,0.0,0.0,0.0
120401020208,2015,0.0,0.0,0.0
120401020208,2016,0.0,0.0,0.0
120401020208,2017,0.0,0.0,0.0
120401020208,2018,0.0,0.0,0.0
120401020208,2019,0.0,0.0,0.0
120401020208,2020,0.0,0.0,0.0
120401020209,2000,0.0,0.0,0.0
120401020209,2001,0.0,0.0,0.0
120401020209,2002,0.0,0.0,0.0
120401020209,2003,0.0,0.0,0.0
120401020209,2004,0.0,0.0,0.0
120401020209,2005,0.0,0.0,0.0
120401020209,2006,0.0,0.0,0.0
120401020209,2007,0.0,0.0,0.0
120401020209,2008,0.0,0.0,0.0
120401020209,2009,0.0,0.0,0.0
120401020209,2010,0.0,0.0,0.0
120401020209,2011,0.0,0.0,0.0
120401020209,2012,0.0,0.0,0.0
120401020209,2013,0.0,0.0,0.0
120401020209,2014,0.0,0.0,0.0
120401020209,2015,0.0,0.0,0.0
120401020209,2016,0.0,0.0,0.0
120401020209,2017,0.0,0.0,0.0
120401020209,2018,0.0,0.0,0.0
120401020209,2019,0.0,0.0,0.0
120401020209,2020,0.0,0.0,0.0
120401020210,2000,0.0,0.0,0.0
120401020210,2001,0.0,0.0,0.0
120401020210,2002,0.0,0.0,0.0
120401020210,2003,0.0,0.0,0.0
120401020210,2004,0.0,0.0,0.0
120401020210,2005,0.0,0.0,0.0
120401020210,2006,0.0,0.0,0.0
120401020210,2007,0.0,0.0,0.0
120401020210,2008,0.0,0.0,0.0
120401020210,2009,0.0,0.0,0.0
120401020210,2010,0.0,0.0,0.0
120401020210,2011,0.0,0.0,0.0
120401020210,2012,0.0,0.0,0.0
120401020210,2013,0.0,0.0,0.0
120401020210,2014,0.0,0.0,0.0
120401020210,2015,0.0,0.0,0.0
120401020210,2016,0.0,0.0,0.0
120401020210,2017,0.0,0.0,0.0
120401020210,2018,0.0,0.0,0.0
120401020210,2019,0.0,0.0,0.0
120401020210,2020,0.0,0.0,0.0
120401020211,2000,0.0,0.0,0.0
120401020211,2001,0.0,0.0,0.0
120401020211,2002,0.0,0.0,0.0
120401020211,2003,0.0,0.0,0.0
120401020211,2004,0.0,0.0,0.0
120401020211,2005,0.0,0.0,0.0
120401020211,2006,0.0,0.0,0.0
120401020211,2007,0.0,0.0,0.0
120401020211,2008,0.0,0.0,0.0
120401020211,2009,0.0,0.0,0.0
120401020211,2010,0.0,0.0,0.0
120401020211,2011,0.0,0.0,0.0
120401020211,2012,0.0,0.0,0.0
120401020211,2013,0.0,0.0,0.0
120401020211,2014,0.0,0.0,0.0
120401020211,2015,0.0,0.0,0.0
120401020211,2016,0.0,0.0,0.0
120401020211,2017,0.0,0.0,0.0
120401020211,2018,0.0,0.0,0.0
120401020211,2019,0.0,0.0,0.0
120401020211,2020,0.0,0.0,0.0
120401020212,2000,0.0,0.0,0.0
120401020212,2001,0.0,0.0,0.0
120401020212,2002,0.0,0.0,0.0
120401020212,2003,0.0,0.0,0.0
120401020212,2004,0.0,0.0,0.0
120401020212,2005,0.0,0.0,0.0
120401020212,2006,0.0,0.0,0.0
120401020212,2007,0.0,0.0,0.0
120401020212,2008,0.0,0.0,0.0
120401020212,2009,0.0,0.0,0.0
120401020212,2010,0.0,0.0,0.0
120401020212,2011,0.0,0.0,0.0
120401020212,2012,0.0,0.0,0.0
120401020212,2013,0.0,0.0,0.0
120401020212,2014,0.0,0.0,0.0
120401020212,2015,0.0,0.0,0.0
120401020212,2016,0.0,0.0,0.0
120401020212,2017,0.0,0.0,0.0
120401020212,2018,0.0,0.0,0.0
120401020212,2019,0.0,0.0,0.0
120401020212,2020,0.0,0.0,0.0
120401020213,2000,0.0,0.0,0.0
120401020213,2001,0.0,0.0,0.0
120401020213,2002,0.0,0.0,0.0
120401020213,2003,0.0,0.0,0.0
120401020213,2004,0.0,0.0,0.0
120401020213,2005,0.0,0.0,0.0
120401020213,2006,0.0,0.0,0.0
120401020213,2007,0.0,0.0,0.0
120401020213,2008,0.0,0.0,0.0
120401020213,2009,0.0,0.0,0.0
120401020213,2010,0.0,0.0,0.0
120401020213,2011,0.0,0.0,0.0
120401020213,2012,0.0,0.0,0.0
120401020213,2013,0.0,0.0,0.0
120401020213,2014,0.0,0.0,0.0
120401020213,2015,0.0,0.0,0.0
120401020213,2016,0.0,0.0,0.0
120401020213,2017,0.0,0.0,0.0
120401020213,2018,0.0,0.0,0.0
120401020213,2019,0.0,0.0,0.0
120401020213,2020,0.0,0.0,0.0
120401030101,2000,0.0,0.0,0.0
120401030101,2001,0.0,0.0,0.0
120401030101,2002,0.0,0.0,0.0
120401030101,2003,0.0,0.0,0.0
120401030101,2004,0.0,0.0,0.0
120401030101,2005,0.0,0.0,0.0
120401030101,2006,0.0,0.0,0.0
120401030101,2007,0.0,0.0,0.0
120401030101,2008,0.0,0.0,0.0
120401030101,2009,0.0,0.0,0.0
120401030101,2010,0.0,0.0,0.0
120401030101,2011,0.0,0.0,0.0
120401030101,2012,0.0,0.0,0.0
120401030101,2013,0.0,0.0,0.0
120401030101,2014,0.0,0.0,0.0
120401030101,2015,0.0,0.0,0.0
120401030101,2016,0.0,0.0,0.0
120401030101,2017,0.0,0.0,0.0
120401030101,2018,0.014957636,0.006820701,0.008136934
120401030101,2019,0.019092562,0.00859177,0.010501044
120401030101,2020,0.021907975,0.009661497,0.012246478
120401030102,2000,0.0,0.0,0.0
120401030102,2001,0.0,0.0,0.0
120401030102,2002,0.0,0.0,0.0
120401030102,2003,0.0,0.0,0.0
120401030102,2004,0.0,0.0,0.0
120401030102,2005,0.0,0.0,0.0
120401030102,2006,0.0,0.0,0.0
120401030102,2007,0.0,0.0,0.0
120401030102,2008,0.0,0.0,0.0
120401030102,2009,0.0,0.0,0.0
120401030102,2010,0.0,0.0,0.0
120401030102,2011,0.0,0.0,0.0
120401030102,2012,0.0,0.0,0.0
120401030102,2013,0.0,0.0,0.0
120401030102,2014,0.0,0.0,0.0
120401030102,2015,0.0,0.0,0.0
120401030102,2016,0.0,0.0,0.0
120401030102,2017,0.0,0.0,0.0
120401030102,2018,0.099733521,0.041788195,0.057945074
120401030102,2019,0.129555907,0.054283833,0.075271822
120401030102,2020,0.144010074,0.060340279,0.083669792
120401030103,2000,0.0,0.0,0.0
120401030103,2001,0.0,0.0,0.0
120401030103,2002,0.0,0.0,0.0
120401030103,2003,0.0,0.0,0.0
120401030103,2004,0.0,0.0,0.0
120401030103,2005,0.0,0.0,0.0
120401030103,2006,0.0,0.0,0.0
120401030103,2007,0.0,0.0,0.0
120401030103,2008,0.0,0.0,0.0
120401030103,2009,0.0,0.0,0.0
120401030103,2010,0.0,0.0,0.0
120401030103,2011,0.0,0.0,0.0
120401030103,2012,0.0,0.0,0.0
120401030103,2013,0.0,0.0,0.0
120401030103,2014,0.0,0.0,0.0
120401030103,2015,0.0,0.0,0.0
120401030103,2016,0.0,0.0,0.0
120401030103,2017,0.0,0.0,0.0
120401030103,2018,0.0,0.0,0.0
120401030103,2019,0.0,0.0,0.0
120401030103,2020,0.0,0.0,0.0
120401030104,2000,0.0,0.0,0.0
120401030104,2001,0.0,0.0,0.0
120401030104,2002,0.0,0.0,0.0
120401030104,2003,0.0,0.0,0.0
120401030104,2004,0.0,0.0,0.0
120401030104,2005,0.0,0.0,0.0
120401030104,2006,0.0,0.0,0.0
120401030104,2007,0.0,0.0,0.0
120401030104,2008,0.0,0.0,0.0
120401030104,2009,0.0,0.0,0.0
120401030104,2010,0.0,0.0,0.0
120401030104,2011,0.0,0.0,0.0
120401030104,2012,0.0,0.0,0.0
120401030104,2013,0.0,0.0,0.0
120401030104,2014,0.0,0.0,0.0
120401030104,2015,0.0,0.0,0.0
120401030104,2016,0.0,0.0,0.0
120401030104,2017,0.0,0.0,0.0
120401030104,2018,0.0,0.0,0.0
120401030104,2019,0.0,0.0,0.0
120401030104,2020,0.0,0.0,0.0
120401030105,2000,0.0,0.0,0.0
120401030105,2001,0.0,0.0,0.0
120401030105,2002,0.0,0.0,0.0
120401030105,2003,0.0,0.0,0.0
120401030105,2004,0.0,0.0,0.0
120401030105,2005,0.0,0.0,0.0
120401030105,2006,0.0,0.0,0.0
120401030105,2007,0.0,0.0,0.0
120401030105,2008,0.0,0.0,0.0
120401030105,2009,0.0,0.0,0.0
120401030105,2010,0.0,0.0,0.0
120401030105,2011,0.0,0.0,0.0
120401030105,2012,0.0,0.0,0.0
120401030105,2013,0.0,0.0,0.0
120401030105,2014,0.0,0.0,0.0
120401030105,2015,0.0,0.0,0.0
120401030105,2016,0.0,0.0,0.0
120401030105,2017,0.0,0.0,0.0
120401030105,2018,0.0,0.0,0.0
120401030105,2019,0.0,0.0,0.0
120401030105,2020,0.0,0.0,0.0
120401030106,2000,0.0,0.0,0.0
120401030106,2001,0.0,0.0,0.0
120401030106,2002,0.0,0.0,0.0
120401030106,2003,0.0,0.0,0.0
120401030106,2004,0.0,0.0,0.0
120401030106,2005,0.0,0.0,0.0
120401030106,2006,0.0,0.0,0.0
120401030106,2007,0.0,0.0,0.0
120401030106,2008,0.0,0.0,0.0
120401030106,2009,0.0,0.0,0.0
120401030106,2010,0.0,0.0,0.0
120401030106,2011,0.0,0.0,0.0
120401030106,2012,0.0,0.0,0.0
120401030106,2013,0.0,0.0,0.0
120401030106,2014,0.0,0.0,0.0
120401030106,2015,0.0,0.0,0.0
120401030106,2016,0.0,0.0,0.0
120401030106,2017,0.0,0.0,0.0
120401030106,2018,0.0,0.0,0.0
120401030106,2019,0.0,0.0,0.0
120401030106,2020,0.0,0.0,0.0
120401030107,2000,0.0,0.0,0.0
120401030107,2001,0.0,0.0,0.0
120401030107,2002,0.0,0.0,0.0
120401030107,2003,0.0,0.0,0.0
120401030107,2004,0.0,0.0,0.0
120401030107,2005,0.0,0.0,0.0
120401030107,2006,0.0,0.0,0.0
120401030107,2007,0.0,0.0,0.0
120401030107,2008,0.0,0.0,0.0
120401030107,2009,0.0,0.0,0.0
120401030107,2010,0.0,0.0,0.0
120401030107,2011,0.0,0.0,0.0
120401030107,2012,0.0,0.0,0.0
120401030107,2013,0.0,0.0,0.0
120401030107,2014,0.0,0.0,0.0
120401030107,2015,0.0,0.0,0.0
120401030107,2016,0.0,0.0,0.0
120401030107,2017,0.0,0.0,0.0
120401030107,2018,0.0,0.0,0.0
120401030107,2019,0.0,0.0,0.0
120401030107,2020,0.0,0.0,0.0
120401030108,2000,0.0,0.0,0.0
120401030108,2001,0.0,0.0,0.0
120401030108,2002,0.0,0.0,0.0
120401030108,2003,0.0,0.0,0.0
120401030108,2004,0.0,0.0,0.0
120401030108,2005,0.0,0.0,0.0
120401030108,2006,0.0,0.0,0.0
120401030108,2007,0.0,0.0,0.0
120401030108,2008,0.0,0.0,0.0
120401030108,2009,0.0,0.0,0.0
120401030108,2010,0.0,0.0,0.0
120401030108,2011,0.0,0.0,0.0
120401030108,2012,0.0,0.0,0.0
120401030108,2013,0.0,0.0,0.0
120401030108,2014,0.0,0.0,0.0
120401030108,2015,0.0,0.0,0.0
120401030108,2016,0.0,0.0,0.0
120401030108,2017,0.0,0.0,0.0
120401030108,2018,0.0,0.0,0.0
120401030108,2019,0.0,0.0,0.0
120401030108,2020,0.0,0.0,0.0
120401030109,2000,0.0,0.0,0.0
120401030109,2001,0.0,0.0,0.0
120401030109,2002,0.0,0.0,0.0
120401030109,2003,0.0,0.0,0.0
120401030109,2004,0.0,0.0,0.0
120401030109,2005,0.0,0.0,0.0
120401030109,2006,0.0,0.0,0.0
120401030109,2007,0.0,0.0,0.0
120401030109,2008,0.0,0.0,0.0
120401030109,2009,0.0,0.0,0.0
120401030109,2010,0.0,0.0,0.0
120401030109,2011,0.0,0.0,0.0
120401030109,2012,0.0,0.0,0.0
120401030109,2013,0.0,0.0,0.0
120401030109,2014,0.0,0.0,0.0
120401030109,2015,0.0,0.0,0.0
120401030109,2016,0.0,0.0,0.0
120401030109,2017,0.0,0.0,0.0
120401030109,2018,0.0,0.0,0.0
120401030109,2019,0.0,0.0,0.0
120401030109,2020,0.0,0.0,0.0
120401030110,2000,0.0,0.0,0.0
120401030110,2001,0.0,0.0,0.0
120401030110,2002,0.0,0.0,0.0
120401030110,2003,0.0,0.0,0.0
120401030110,2004,0.0,0.0,0.0
120401030110,2005,0.0,0.0,0.0
120401030110,2006,0.0,0.0,0.0
120401030110,2007,0.0,0.0,0.0
120401030110,2008,0.0,0.0,0.0
120401030110,2009,0.0,0.0,0.0
120401030110,2010,0.0,0.0,0.0
120401030110,2011,0.0,0.0,0.0
120401030110,2012,0.0,0.0,0.0
120401030110,2013,0.0,0.0,0.0
120401030110,2014,0.0,0.0,0.0
120401030110,2015,0.0,0.0,0.0
120401030110,2016,0.0,0.0,0.0
120401030110,2017,0.0,0.0,0.0
120401030110,2018,0.0,0.0,0.0
120401030110,2019,0.0,0.0,0.0
120401030110,2020,0.0,0.0,0.0
120401030201,2000,0.0,0.0,0.0
120401030201,2001,0.0,0.0,0.0
120401030201,2002,0.0,0.0,0.0
120401030201,2003,0.0,0.0,0.0
120401030201,2004,0.0,0.0,0.0
120401030201,2005,0.0,0.0,0.0
120401030201,2006,0.0,0.0,0.0
120401030201,2007,0.0,0.0,0.0
120401030201,2008,0.0,0.0,0.0
120401030201,2009,0.0,0.0,0.0
120401030201,2010,0.0,0.0,0.0
120401030201,2011,0.0,0.0,0.0
120401030201,2012,0.0,0.0,0.0
120401030201,2013,0.0,0.0,0.0
120401030201,2014,0.0,0.0,0.0
120401030201,2015,0.0,0.0,0.0
120401030201,2016,0.0,0.0,0.0
120401030201,2017,0.0,0.0,0.0
120401030201,2018,0.0,0.0,0.0
120401030201,2019,0.0,0.0,0.0
120401030201,2020,0.0,0.0,0.0
120401030202,2000,0.0,0.0,0.0
120401030202,2001,0.0,0.0,0.0
120401030202,2002,0.0,0.0,0.0
120401030202,2003,0.0,0.0,0.0
120401030202,2004,0.0,0.0,0.0
120401030202,2005,0.0,0.0,0.0
120401030202,2006,0.0,0.0,0.0
120401030202,2007,0.0,0.0,0.0
120401030202,2008,0.0,0.0,0.0
120401030202,2009,0.0,0.0,0.0
120401030202,2010,0.0,0.0,0.0
120401030202,2011,0.0,0.0,0.0
120401030202,2012,0.0,0.0,0.0
120401030202,2013,0.0,0.0,0.0
120401030202,2014,0.0,0.0,0.0
120401030202,2015,0.0,0.0,0.0
120401030202,2016,0.0,0.0,0.0
120401030202,2017,0.0,0.0,0.0
120401030202,2018,0.0,0.0,0.0
120401030202,2019,0.0,0.0,0.0
120401030202,2020,0.0,0.0,0.0
120401030203,2000,0.0,0.0,0.0
120401030203,2001,0.0,0.0,0.0
120401030203,2002,0.0,0.0,0.0
120401030203,2003,0.0,0.0,0.0
120401030203,2004,0.0,0.0,0.0
120401030203,2005,0.0,0.0,0.0
120401030203,2006,0.0,0.0,0.0
120401030203,2007,0.0,0.0,0.0
120401030203,2008,0.0,0.0,0.0
120401030203,2009,0.0,0.0,0.0
120401030203,2010,0.0,0.0,0.0
120401030203,2011,0.0,0.0,0.0
120401030203,2012,0.0,0.0,0.0
120401030203,2013,0.0,0.0,0.0
120401030203,2014,0.0,0.0,0.0
120401030203,2015,0.0,0.0,0.0
120401030203,2016,0.0,0.0,0.0
120401030203,2017,0.0,0.0,0.0
120401030203,2018,0.0,0.0,0.0
120401030203,2019,0.0,0.0,0.0
120401030203,2020,0.0,0.0,0.0
120401030204,2000,0.0,0.0,0.0
120401030204,2001,0.0,0.0,0.0
120401030204,2002,0.0,0.0,0.0
120401030204,2003,0.0,0.0,0.0
120401030204,2004,0.0,0.0,0.0
120401030204,2005,0.0,0.0,0.0
120401030204,2006,0.0,0.0,0.0
120401030204,2007,0.0,0.0,0.0
120401030204,2008,0.0,0.0,0.0
120401030204,2009,0.0,0.0,0.0
120401030204,2010,0.0,0.0,0.0
120401030204,2011,0.0,0.0,0.0
120401030204,2012,0.0,0.0,0.0
120401030204,2013,0.0,0.0,0.0
120401030204,2014,0.0,0.0,0.0
120401030204,2015,0.0,0.0,0.0
120401030204,2016,0.0,0.0,0.0
120401030204,2017,0.0,0.0,0.0
120401030204,2018,0.0,0.0,0.0
120401030204,2019,0.0,0.0,0.0
120401030204,2020,0.0,0.0,0.0
120401030205,2000,0.308882003,0.282627063,0.02625494
120401030205,2001,0.033525162,0.024171762,0.009353482
120401030205,2002,0.121552441,0.110612666,0.010939603
120401030205,2003,0.207300992,0.189265822,0.018035249
120401030205,2004,0.013685128,0.012987139,0.000697989
120401030205,2005,0.424931071,0.389662008,0.03526923
120401030205,2006,0.111312326,0.099068071,0.01224434
120401030205,2007,0.088847866,0.079785392,0.009062474
120401030205,2008,0.048727852,0.043513948,0.005213822
120401030205,2009,0.584467482,0.532449877,0.052017529
120401030205,2010,0.06770123,0.048812564,0.018888666
120401030205,2011,0.089564644,0.072009978,0.017554745
120401030205,2012,0.069107309,0.050863027,0.018244363
120401030205,2013,0.26513049,0.251608912,0.013521575
120401030205,2014,0.101962907,0.096762764,0.00520006
120401030205,2015,0.0,0.0,0.0
120401030205,2016,0.0,0.0,0.0
120401030205,2017,0.225277942,0.213788721,0.011489222
120401030205,2018,0.051862266,0.041437973,0.010424296
120401030205,2019,0.053689332,0.040266937,0.013476036
120401030205,2020,0.173933945,0.155496926,0.018437016
120401030301,2000,0.0,0.0,0.0
120401030301,2001,0.0,0.0,0.0
120401030301,2002,0.0,0.0,0.0
120401030301,2003,0.0,0.0,0.0
120401030301,2004,0.0,0.0,0.0
120401030301,2005,0.0,0.0,0.0
120401030301,2006,0.0,0.0,0.0
120401030301,2007,0.0,0.0,0.0
120401030301,2008,0.0,0.0,0.0
120401030301,2009,0.0,0.0,0.0
120401030301,2010,0.0,0.0,0.0
120401030301,2011,0.0,0.0,0.0
120401030301,2012,0.0,0.0,0.0
120401030301,2013,0.0,0.0,0.0
120401030301,2014,0.0,0.0,0.0
120401030301,2015,0.0,0.0,0.0
120401030301,2016,0.0,0.0,0.0
120401030301,2017,0.0,0.0,0.0
120401030301,2018,0.0,0.0,0.0
120401030301,2019,0.0,0.0,0.0
120401030301,2020,0.0,0.0,0.0
120401030302,2000,0.0,0.0,0.0
120401030302,2001,0.0,0.0,0.0
120401030302,2002,0.0,0.0,0.0
120401030302,2003,0.0,0.0,0.0
120401030302,2004,0.0,0.0,0.0
120401030302,2005,0.0,0.0,0.0
120401030302,2006,0.0,0.0,0.0
120401030302,2007,0.0,0.0,0.0
120401030302,2008,0.0,0.0,0.0
120401030302,2009,0.0,0.0,0.0
120401030302,2010,0.0,0.0,0.0
120401030302,2011,0.0,0.0,0.0
120401030302,2012,0.0,0.0,0.0
120401030302,2013,0.0,0.0,0.0
120401030302,2014,0.0,0.0,0.0
120401030302,2015,0.0,0.0,0.0
120401030302,2016,0.0,0.0,0.0
120401030302,2017,0.0,0.0,0.0
120401030302,2018,0.0,0.0,0.0
120401030302,2019,0.0,0.0,0.0
120401030302,2020,0.0,0.0,0.0
120401030303,2000,0.0,0.0,0.0
120401030303,2001,0.0,0.0,0.0
120401030303,2002,0.0,0.0,0.0
120401030303,2003,0.0,0.0,0.0
120401030303,2004,0.0,0.0,0.0
120401030303,2005,0.0,0.0,0.0
120401030303,2006,0.0,0.0,0.0
120401030303,2007,0.0,0.0,0.0
120401030303,2008,0.0,0.0,0.0
120401030303,2009,0.0,0.0,0.0
120401030303,2010,0.0,0.0,0.0
120401030303,2011,0.0,0.0,0.0
120401030303,2012,0.0,0.0,0.0
120401030303,2013,0.0,0.0,0.0
120401030303,2014,0.0,0.0,0.0
120401030303,2015,0.0,0.0,0.0
120401030303,2016,0.0,0.0,0.0
120401030303,2017,0.0,0.0,0.0
120401030303,2018,0.0,0.0,0.0
120401030303,2019,0.0,0.0,0.0
120401030303,2020,0.0,0.0,0.0
120401030304,2000,0.0,0.0,0.0
120401030304,2001,0.0,0.0,0.0
120401030304,2002,0.0,0.0,0.0
120401030304,2003,0.0,0.0,0.0
120401030304,2004,0.0,0.0,0.0
120401030304,2005,0.0,0.0,0.0
120401030304,2006,0.0,0.0,0.0
120401030304,2007,0.0,0.0,0.0
120401030304,2008,0.0,0.0,0.0
120401030304,2009,0.0,0.0,0.0
120401030304,2010,0.0,0.0,0.0
120401030304,2011,0.0,0.0,0.0
120401030304,2012,0.0,0.0,0.0
120401030304,2013,0.0,0.0,0.0
120401030304,2014,0.0,0.0,0.0
120401030304,2015,0.0,0.0,0.0
120401030304,2016,0.0,0.0,0.0
120401030304,2017,0.0,0.0,0.0
120401030304,2018,0.0,0.0,0.0
120401030304,2019,0.0,0.0,0.0
120401030304,2020,0.0,0.0,0.0
120401030305,2000,0.0,0.0,0.0
120401030305,2001,0.0,0.0,0.0
120401030305,2002,0.0,0.0,0.0
120401030305,2003,0.0,0.0,0.0
120401030305,2004,0.0,0.0,0.0
120401030305,2005,0.0,0.0,0.0
120401030305,2006,0.0,0.0,0.0
120401030305,2007,0.0,0.0,0.0
120401030305,2008,0.0,0.0,0.0
120401030305,2009,0.0,0.0,0.0
120401030305,2010,0.0,0.0,0.0
120401030305,2011,0.0,0.0,0.0
120401030305,2012,0.0,0.0,0.0
120401030305,2013,0.0,0.0,0.0
120401030305,2014,0.0,0.0,0.0
120401030305,2015,0.0,0.0,0.0
120401030305,2016,0.0,0.0,0.0
120401030305,2017,0.0,0.0,0.0
120401030305,2018,0.0,0.0,0.0
120401030305,2019,0.0,0.0,0.0
120401030305,2020,0.0,0.0,0.0
120401030306,2000,0.0,0.0,0.0
120401030306,2001,0.0,0.0,0.0
120401030306,2002,0.0,0.0,0.0
120401030306,2003,0.0,0.0,0.0
120401030306,2004,0.0,0.0,0.0
120401030306,2005,0.0,0.0,0.0
120401030306,2006,0.0,0.0,0.0
120401030306,2007,0.0,0.0,0.0
120401030306,2008,0.0,0.0,0.0
120401030306,2009,0.0,0.0,0.0
120401030306,2010,0.0,0.0,0.0
120401030306,2011,0.0,0.0,0.0
120401030306,2012,0.0,0.0,0.0
120401030306,2013,0.0,0.0,0.0
120401030306,2014,0.0,0.0,0.0
120401030306,2015,0.0,0.0,0.0
120401030306,2016,0.0,0.0,0.0
120401030306,2017,0.0,0.0,0.0
120401030306,2018,0.0,0.0,0.0
120401030306,2019,0.0,0.0,0.0
120401030306,2020,0.0,0.0,0.0
120401030307,2000,0.0,0.0,0.0
120401030307,2001,0.0,0.0,0.0
120401030307,2002,0.0,0.0,0.0
120401030307,2003,0.0,0.0,0.0
120401030307,2004,0.0,0.0,0.0
120401030307,2005,0.0,0.0,0.0
120401030307,2006,0.0,0.0,0.0
120401030307,2007,0.0,0.0,0.0
120401030307,2008,0.0,0.0,0.0
120401030307,2009,0.0,0.0,0.0
120401030307,2010,0.0,0.0,0.0
120401030307,2011,0.0,0.0,0.0
120401030307,2012,0.0,0.0,0.0
120401030307,2013,0.0,0.0,0.0
120401030307,2014,0.0,0.0,0.0
120401030307,2015,0.0,0.0,0.0
120401030307,2016,0.0,0.0,0.0
120401030307,2017,0.0,0.0,0.0
120401030307,2018,0.0,0.0,0.0
120401030307,2019,0.0,0.0,0.0
120401030307,2020,0.0,0.0,0.0
120401030308,2000,0.0,0.0,0.0
120401030308,2001,0.0,0.0,0.0
120401030308,2002,0.0,0.0,0.0
120401030308,2003,0.0,0.0,0.0
120401030308,2004,0.0,0.0,0.0
120401030308,2005,0.0,0.0,0.0
120401030308,2006,0.0,0.0,0.0
120401030308,2007,0.0,0.0,0.0
120401030308,2008,0.0,0.0,0.0
120401030308,2009,0.0,0.0,0.0
120401030308,2010,0.0,0.0,0.0
120401030308,2011,0.0,0.0,0.0
120401030308,2012,0.0,0.0,0.0
120401030308,2013,0.0,0.0,0.0
120401030308,2014,0.0,0.0,0.0
120401030308,2015,0.0,0.0,0.0
120401030308,2016,0.0,0.0,0.0
120401030308,2017,0.0,0.0,0.0
120401030308,2018,0.0,0.0,0.0
120401030308,2019,0.0,0.0,0.0
120401030308,2020,0.0,0.0,0.0
120401030401,2000,0.0,0.0,0.0
120401030401,2001,0.0,0.0,0.0
120401030401,2002,0.0,0.0,0.0
120401030401,2003,0.0,0.0,0.0
120401030401,2004,0.0,0.0,0.0
120401030401,2005,0.0,0.0,0.0
120401030401,2006,0.0,0.0,0.0
120401030401,2007,0.0,0.0,0.0
120401030401,2008,0.0,0.0,0.0
120401030401,2009,0.0,0.0,0.0
120401030401,2010,0.0,0.0,0.0
120401030401,2011,0.0,0.0,0.0
120401030401,2012,0.0,0.0,0.0
120401030401,2013,0.0,0.0,0.0
120401030401,2014,0.0,0.0,0.0
120401030401,2015,0.0,0.0,0.0
120401030401,2016,0.0,0.0,0.0
120401030401,2017,0.0,0.0,0.0
120401030401,2018,0.0,0.0,0.0
120401030401,2019,0.0,0.0,0.0
120401030401,2020,0.0,0.0,0.0
120401030402,2000,0.0,0.0,0.0
120401030402,2001,0.0,0.0,0.0
120401030402,2002,0.0,0.0,0.0
120401030402,2003,0.0,0.0,0.0
120401030402,2004,0.0,0.0,0.0
120401030402,2005,0.0,0.0,0.0
120401030402,2006,0.0,0.0,0.0
120401030402,2007,0.0,0.0,0.0
120401030402,2008,0.0,0.0,0.0
120401030402,2009,0.0,0.0,0.0
120401030402,2010,0.0,0.0,0.0
120401030402,2011,0.0,0.0,0.0
120401030402,2012,0.0,0.0,0.0
120401030402,2013,0.0,0.0,0.0
120401030402,2014,0.0,0.0,0.0
120401030402,2015,0.0,0.0,0.0
120401030402,2016,0.0,0.0,0.0
120401030402,2017,0.0,0.0,0.0
120401030402,2018,0.0,0.0,0.0
120401030402,2019,0.0,0.0,0.0
120401030402,2020,0.0,0.0,0.0
120401040101,2000,2.44500812,0.070905298,2.374102981
120401040101,2001,1.250243071,0.092518058,1.157725184
120401040101,2002,2.089174855,0.068942803,2.020232055
120401040101,2003,1.474570756,0.06488106,1.409689611
120401040101,2004,1.48454641,0.050474514,1.434071811
120401040101,2005,3.82894326,0.237394551,3.591548879
120401040101,2006,2.348666041,0.145617216,2.203048825
120401040101,2007,0.608095973,0.016418589,0.591677216
120401040101,2008,2.977228781,0.08038512,2.896843658
120401040101,2009,4.49184037,0.282985956,4.208854668
120401040101,2010,1.938054411,0.052327384,1.885726775
120401040101,2011,7.357943266,0.470908512,6.887035164
120401040101,2012,1.76752532,0.047723311,1.719802011
120401040101,2013,3.645851011,0.105729677,3.540121504
120401040101,2014,2.6725662,0.072159238,2.600406879
120401040101,2015,2.004466079,0.054120589,1.95034549
120401040101,2016,1.980380186,0.05347021,1.926909899
120401040101,2017,2.042253956,0.055140748,1.987113038
120401040101,2018,2.758506395,0.074479638,2.684026759
120401040101,2019,1.99994451,0.053998507,1.945945921
120401040101,2020,3.300814038,0.089122005,3.211691954
120401040102,2000,0.6851725,0.018499669,0.666672746
120401040102,2001,0.441816427,0.011928975,0.429887288
120401040102,2002,0.377486827,0.087576953,0.289909792
120401040102,2003,0.283629282,0.007657997,0.275971203
120401040102,2004,0.570572721,0.015405366,0.555167186
120401040102,2005,0.993118085,0.02681414,0.96630403
120401040102,2006,0.510760945,0.104705973,0.40605489
120401040102,2007,0.08359634,0.002257049,0.08133929
120401040102,2008,0.653463978,0.017643577,0.635820402
120401040102,2009,1.130731942,0.252153247,0.878578781
120401040102,2010,0.640026173,0.017280671,0.622745584
120401040102,2011,1.63966494,0.390240203,1.249424655
120401040102,2012,0.894151776,0.024142235,0.870009541
120401040102,2013,0.78385271,0.174015266,0.609837279
120401040102,2014,0.706226655,0.019068132,0.687158523
120401040102,2015,0.537761238,0.105401159,0.432360079
120401040102,2016,0.743388984,0.02007147,0.723317434
120401040102,2017,0.705491677,0.140392901,0.565099027
120401040102,2018,0.745745348,0.025355359,0.720390066
120401040102,2019,0.769448145,0.143886795,0.625561268
120401040102,2020,0.251479869,0.00678994,0.244689844
120401040103,2000,1.364185194,0.360144855,1.004040503
120401040103,2001,0.620987589,0.206167759,0.415440649
120401040103,2002,0.479794362,0.080125652,0.399668542
120401040103,2003,1.135344567,0.254317115,0.881027452
120401040103,2004,0.776210762,0.352399598,0.42381091
120401040103,2005,0.88727763,0.279492537,0.607785181
120401040103,2006,1.752074868,0.436266682,1.315808184
120401040103,2007,0.304612819,0.04081803,0.263794537
120401040103,2008,2.42945103,0.72640588,1.703045066
120401040103,2009,1.659983175,0.448195441,1.211787567
120401040103,2010,1.918040523,0.594592532,1.323447827
120401040103,2011,2.678907101,0.712589299,1.966317811
120401040103,2012,0.947336156,0.430090585,0.517245489
120401040103,2013,1.631530734,0.409514047,1.222016433
120401040103,2014,0.877460479,0.452769551,0.424690929
120401040103,2015,0.870565216,0.142772677,0.727792458
120401040103,2016,0.973635601,0.276512467,0.697122883
120401040103,2017,0.849683753,0.063726304,0.785957532
120401040103,2018,0.850898197,0.40672951,0.444168773
120401040103,2019,0.631510616,0.188190195,0.443320422
120401040103,2020,0.499057423,0.13374741,0.365309847
120401040104,2000,4.18e-07,3.33e-07,0.0
120401040104,2001,0.0,0.0,0.0
120401040104,2002,0.100942112,0.072779337,0.02816286
120401040104,2003,0.071633164,0.051647603,0.019985732
120401040104,2004,0.0,0.0,0.0
120401040104,2005,0.045658249,0.032919562,0.012738688
120401040104,2006,0.0,0.0,0.0
120401040104,2007,0.0,0.0,0.0
120401040104,2008,0.0,0.0,0.0
120401040104,2009,0.049943153,0.036009058,0.013934096
120401040104,2010,0.0,0.0,0.0
120401040104,2011,0.0,0.0,0.0
120401040104,2012,0.0,0.0,0.0
120401040104,2013,0.0,0.0,0.0
120401040104,2014,0.0,0.0,0.0
120401040104,2015,0.0,0.0,0.0
120401040104,2016,0.0,0.0,0.0
120401040104,2017,0.01633194,0.011775375,0.004556732
120401040104,2018,0.0,0.0,0.0
120401040104,2019,0.0,0.0,0.0
120401040104,2020,0.0,0.0,0.0
120401040201,2000,0.0,0.0,0.0
120401040201,2001,0.0,0.0,0.0
120401040201,2002,0.0,0.0,0.0
120401040201,2003,0.059272545,0.042735567,0.016536978
120401040201,2004,0.0,0.0,0.0
120401040201,2005,0.109795052,0.079162189,0.030632863
120401040201,2006,0.041834123,0.030162468,0.011671737
120401040201,2007,0.0,0.0,0.0
120401040201,2008,0.0,0.0,0.0
120401040201,2009,0.0,0.0,0.0
120401040201,2010,0.0,0.0,0.0
120401040201,2011,0.0,0.0,0.0
120401040201,2012,0.0,0.0,0.0
120401040201,2013,0.0,0.0,0.0
120401040201,2014,0.0,0.0,0.0
120401040201,2015,0.0,0.0,0.0
120401040201,2016,0.0,0.0,0.0
120401040201,2017,0.0,0.0,0.0
120401040201,2018,0.0,0.0,0.0
120401040201,2019,0.0,0.0,0.0
120401040201,2020,0.0,0.0,0.0
120401040202,2000,0.526309415,0.379469019,0.146840311
120401040202,2001,0.0,0.0,0.0
120401040202,2002,0.0,0.0,0.0
120401040202,2003,0.0,0.0,0.0
120401040202,2004,0.0,0.0,0.0
120401040202,2005,0.0,0.0,0.0
120401040202,2006,0.0,0.0,0.0
120401040202,2007,0.0,0.0,0.0
120401040202,2008,0.0,0.0,0.0
120401040202,2009,0.0,0.0,0.0
120401040202,2010,0.0,0.0,0.0
120401040202,2011,0.0,0.0,0.0
120401040202,2012,0.0,0.0,0.0
120401040202,2013,0.0,0.0,0.0
120401040202,2014,0.0,0.0,0.0
120401040202,2015,0.0,0.0,0.0
120401040202,2016,0.0,0.0,0.0
120401040202,2017,0.0,0.0,0.0
120401040202,2018,0.0,0.0,0.0
120401040202,2019,0.0,0.0,0.0
120401040202,2020,0.0,0.0,0.0
120401040203,2000,0.15175153,0.109412874,0.042338735
120401040203,2001,0.029129992,0.012933644,0.016196348
120401040203,2002,0.423855962,0.20175546,0.222100499
120401040203,2003,0.242362115,0.089431586,0.152930444
120401040203,2004,0.064916462,0.02655091,0.038365634
120401040203,2005,0.433818833,0.166152608,0.267666142
120401040203,2006,0.168895567,0.026685526,0.142210126
120401040203,2007,0.025602359,0.007655055,0.017947222
120401040203,2008,0.185934279,0.047599249,0.138335112
120401040203,2009,0.549896047,0.148472014,0.40142403
120401040203,2010,0.185940307,0.050947542,0.134992764
120401040203,2011,0.470859479,0.148791518,0.322067795
120401040203,2012,0.107457839,0.036105891,0.071352033
120401040203,2013,0.188313748,0.02335089,0.164962773
120401040203,2014,0.066680101,0.025338441,0.041341575
120401040203,2015,0.063113556,0.016914397,0.046199074
120401040203,2016,0.187207284,0.042308686,0.144898262
120401040203,2017,0.451946416,0.106207329,0.345739003
120401040203,2018,0.167898088,0.053895301,0.114002868
120401040203,2019,0.136507962,0.046003189,0.09050469
120401040203,2020,0.239362984,0.067979055,0.171384011
120401040301,2000,0.0,0.0,0.0
120401040301,2001,0.0,0.0,0.0
120401040301,2002,0.0,0.0,0.0
120401040301,2003,0.0,0.0,0.0
120401040301,2004,0.0,0.0,0.0
120401040301,2005,0.0,0.0,0.0
120401040301,2006,0.0,0.0,0.0
120401040301,2007,0.0,0.0,0.0
120401040301,2008,0.0,0.0,0.0
120401040301,2009,0.0,0.0,0.0
120401040301,2010,0.0,0.0,0.0
120401040301,2011,0.0,0.0,0.0
120401040301,2012,0.0,0.0,0.0
120401040301,2013,0.0,0.0,0.0
120401040301,2014,0.0,0.0,0.0
120401040301,2015,0.0,0.0,0.0
120401040301,2016,0.0,0.0,0.0
120401040301,2017,0.0,0.0,0.0
120401040301,2018,0.0,0.0,0.0
120401040301,2019,0.0,0.0,0.0
120401040301,2020,0.0,0.0,0.0
120401040302,2000,0.0,0.0,0.0
120401040302,2001,0.0,0.0,0.0
120401040302,2002,0.0,0.0,0.0
120401040302,2003,0.0,0.0,0.0
120401040302,2004,0.0,0.0,0.0
120401040302,2005,0.0,0.0,0.0
120401040302,2006,0.0,0.0,0.0
120401040302,2007,0.0,0.0,0.0
120401040302,2008,0.0,0.0,0.0
120401040302,2009,0.0,0.0,0.0
120401040302,2010,0.0,0.0,0.0
120401040302,2011,0.0,0.0,0.0
120401040302,2012,0.0,0.0,0.0
120401040302,2013,0.0,0.0,0.0
120401040302,2014,0.0,0.0,0.0
120401040302,2015,0.0,0.0,0.0
120401040302,2016,0.0,0.0,0.0
120401040302,2017,0.0,0.0,0.0
120401040302,2018,0.0,0.0,0.0
120401040302,2019,0.0,0.0,0.0
120401040302,2020,0.0,0.0,0.0
120401040303,2000,0.0,0.0,0.0
120401040303,2001,0.0,0.0,0.0
120401040303,2002,0.0,0.0,0.0
120401040303,2003,0.0,0.0,0.0
120401040303,2004,0.0,0.0,0.0
120401040303,2005,0.0,0.0,0.0
120401040303,2006,0.0,0.0,0.0
120401040303,2007,0.0,0.0,0.0
120401040303,2008,0.0,0.0,0.0
120401040303,2009,0.0,0.0,0.0
120401040303,2010,0.0,0.0,0.0
120401040303,2011,0.0,0.0,0.0
120401040303,2012,0.0,0.0,0.0
120401040303,2013,0.0,0.0,0.0
120401040303,2014,0.0,0.0,0.0
120401040303,2015,0.0,0.0,0.0
120401040303,2016,0.0,0.0,0.0
120401040303,2017,0.0,0.0,0.0
120401040303,2018,0.0,0.0,0.0
120401040303,2019,0.0,0.0,0.0
120401040303,2020,0.0,0.0,0.0
120401040304,2000,0.0,0.0,0.0
120401040304,2001,0.0,0.0,0.0
120401040304,2002,0.0,0.0,0.0
120401040304,2003,0.0,0.0,0.0
120401040304,2004,0.0,0.0,0.0
120401040304,2005,0.0,0.0,0.0
120401040304,2006,0.0,0.0,0.0
120401040304,2007,0.0,0.0,0.0
120401040304,2008,0.0,0.0,0.0
120401040304,2009,0.0,0.0,0.0
120401040304,2010,0.0,0.0,0.0
120401040304,2011,0.0,0.0,0.0
120401040304,2012,0.0,0.0,0.0
120401040304,2013,0.0,0.0,0.0
120401040304,2014,0.0,0.0,0.0
120401040304,2015,0.0,0.0,0.0
120401040304,2016,0.0,0.0,0.0
120401040304,2017,0.0,0.0,0.0
120401040304,2018,0.0,0.0,0.0
120401040304,2019,0.0,0.0,0.0
120401040304,2020,0.0,0.0,0.0
120401040305,2000,0.0,0.0,0.0
120401040305,2001,0.0,0.0,0.0
120401040305,2002,0.0,0.0,0.0
120401040305,2003,0.0,0.0,0.0
120401040305,2004,0.0,0.0,0.0
120401040305,2005,0.0,0.0,0.0
120401040305,2006,0.0,0.0,0.0
120401040305,2007,0.0,0.0,0.0
120401040305,2008,0.0,0.0,0.0
120401040305,2009,0.0,0.0,0.0
120401040305,2010,0.0,0.0,0.0
120401040305,2011,0.0,0.0,0.0
120401040305,2012,0.0,0.0,0.0
120401040305,2013,0.0,0.0,0.0
120401040305,2014,0.0,0.0,0.0
120401040305,2015,0.0,0.0,0.0
120401040305,2016,0.0,0.0,0.0
120401040305,2017,0.0,0.0,0.0
120401040305,2018,0.0,0.0,0.0
120401040305,2019,0.0,0.0,0.0
120401040305,2020,0.0,0.0,0.0
120401040401,2000,0.0,0.0,0.0
120401040401,2001,0.0,0.0,0.0
120401040401,2002,0.0,0.0,0.0
120401040401,2003,0.0,0.0,0.0
120401040401,2004,0.0,0.0,0.0
120401040401,2005,0.0,0.0,0.0
120401040401,2006,0.0,0.0,0.0
120401040401,2007,0.0,0.0,0.0
120401040401,2008,0.0,0.0,0.0
120401040401,2009,0.0,0.0,0.0
120401040401,2010,0.0,0.0,0.0
120401040401,2011,0.0,0.0,0.0
120401040401,2012,0.0,0.0,0.0
120401040401,2013,0.0,0.0,0.0
120401040401,2014,0.0,0.0,0.0
120401040401,2015,0.0,0.0,0.0
120401040401,2016,0.0,0.0,0.0
120401040401,2017,0.0,0.0,0.0
120401040401,2018,0.0,0.0,0.0
120401040401,2019,0.0,0.0,0.0
120401040401,2020,0.0,0.0,0.0
120401040402,2000,0.0,0.0,0.0
120401040402,2001,0.0,0.0,0.0
120401040402,2002,0.0,0.0,0.0
120401040402,2003,0.0,0.0,0.0
120401040402,2004,0.0,0.0,0.0
120401040402,2005,0.0,0.0,0.0
120401040402,2006,0.0,0.0,0.0
120401040402,2007,0.0,0.0,0.0
120401040402,2008,0.0,0.0,0.0
120401040402,2009,0.0,0.0,0.0
120401040402,2010,0.0,0.0,0.0
120401040402,2011,0.0,0.0,0.0
120401040402,2012,0.0,0.0,0.0
120401040402,2013,0.0,0.0,0.0
120401040402,2014,0.0,0.0,0.0
120401040402,2015,0.0,0.0,0.0
120401040402,2016,0.0,0.0,0.0
120401040402,2017,0.0,0.0,0.0
120401040402,2018,0.0,0.0,0.0
120401040402,2019,0.0,0.0,0.0
120401040402,2020,0.0,0.0,0.0
120401040501,2000,0.0,0.0,0.0
120401040501,2001,0.0,0.0,0.0
120401040501,2002,0.0,0.0,0.0
120401040501,2003,0.0,0.0,0.0
120401040501,2004,0.0,0.0,0.0
120401040501,2005,0.0,0.0,0.0
120401040501,2006,0.0,0.0,0.0
120401040501,2007,0.0,0.0,0.0
120401040501,2008,0.0,0.0,0.0
120401040501,2009,0.0,0.0,0.0
120401040501,2010,0.0,0.0,0.0
120401040501,2011,0.0,0.0,0.0
120401040501,2012,0.0,0.0,0.0
120401040501,2013,0.0,0.0,0.0
120401040501,2014,0.0,0.0,0.0
120401040501,2015,0.0,0.0,0.0
120401040501,2016,0.0,0.0,0.0
120401040501,2017,0.0,0.0,0.0
120401040501,2018,0.0,0.0,0.0
120401040501,2019,0.0,0.0,0.0
120401040501,2020,0.130731743,0.094257555,0.036474189
120401040502,2000,0.0,0.0,0.0
120401040502,2001,0.0,0.0,0.0
120401040502,2002,0.0,0.0,0.0
120401040502,2003,0.0,0.0,0.0
120401040502,2004,0.0,0.0,0.0
120401040502,2005,0.0,0.0,0.0
120401040502,2006,0.0,0.0,0.0
120401040502,2007,0.0,0.0,0.0
120401040502,2008,0.0,0.0,0.0
120401040502,2009,0.0,0.0,0.0
120401040502,2010,0.0,0.0,0.0
120401040502,2011,0.0,0.0,0.0
120401040502,2012,0.0,0.0,0.0
120401040502,2013,0.0,0.0,0.0
120401040502,2014,0.0,0.0,0.0
120401040502,2015,0.0,0.0,0.0
120401040502,2016,0.0,0.0,0.0
120401040502,2017,0.0,0.0,0.0
120401040502,2018,0.0,0.0,0.0
120401040502,2019,0.0,0.0,0.0
120401040502,2020,0.0,0.0,0.0
120401040601,2000,0.0,0.0,0.0
120401040601,2001,0.0,0.0,0.0
120401040601,2002,0.0,0.0,0.0
120401040601,2003,0.0,0.0,0.0
120401040601,2004,0.0,0.0,0.0
120401040601,2005,0.0,0.0,0.0
120401040601,2006,0.0,0.0,0.0
120401040601,2007,0.0,0.0,0.0
120401040601,2008,0.0,0.0,0.0
120401040601,2009,0.0,0.0,0.0
120401040601,2010,0.0,0.0,0.0
120401040601,2011,0.0,0.0,0.0
120401040601,2012,0.0,0.0,0.0
120401040601,2013,0.0,0.0,0.0
120401040601,2014,0.0,0.0,0.0
120401040601,2015,0.0,0.0,0.0
120401040601,2016,0.0,0.0,0.0
120401040601,2017,0.0,0.0,0.0
120401040601,2018,0.0,0.0,0.0
120401040601,2019,0.0,0.0,0.0
120401040601,2020,0.0,0.0,0.0
120401040602,2000,0.0,0.0,0.0
120401040602,2001,0.0,0.0,0.0
120401040602,2002,0.0,0.0,0.0
120401040602,2003,0.0,0.0,0.0
120401040602,2004,0.0,0.0,0.0
120401040602,2005,0.0,0.0,0.0
120401040602,2006,0.0,0.0,0.0
120401040602,2007,0.0,0.0,0.0
120401040602,2008,0.0,0.0,0.0
120401040602,2009,0.0,0.0,0.0
120401040602,2010,0.0,0.0,0.0
120401040602,2011,0.0,0.0,0.0
120401040602,2012,0.0,0.0,0.0
120401040602,2013,0.0,0.0,0.0
120401040602,2014,0.0,0.0,0.0
120401040602,2015,0.0,0.0,0.0
120401040602,2016,0.0,0.0,0.0
120401040602,2017,0.0,0.0,0.0
120401040602,2018,0.0,0.0,0.0
120401040602,2019,0.0,0.0,0.0
120401040602,2020,0.0,0.0,0.0
120401040603,2000,0.0,0.0,0.0
120401040603,2001,0.0,0.0,0.0
120401040603,2002,0.0,0.0,0.0
120401040603,2003,0.0,0.0,0.0
120401040603,2004,0.0,0.0,0.0
120401040603,2005,0.0,0.0,0.0
120401040603,2006,0.0,0.0,0.0
120401040603,2007,0.0,0.0,0.0
120401040603,2008,0.0,0.0,0.0
120401040603,2009,0.0,0.0,0.0
120401040603,2010,0.0,0.0,0.0
120401040603,2011,0.0,0.0,0.0
120401040603,2012,0.0,0.0,0.0
120401040603,2013,0.0,0.0,0.0
120401040603,2014,0.0,0.0,0.0
120401040603,2015,0.0,0.0,0.0
120401040603,2016,0.0,0.0,0.0
120401040603,2017,0.0,0.0,0.0
120401040603,2018,0.0,0.0,0.0
120401040603,2019,0.0,0.0,0.0
120401040603,2020,0.0,0.0,0.0
120401040604,2000,0.0,0.0,0.0
120401040604,2001,0.0,0.0,0.0
120401040604,2002,0.0,0.0,0.0
120401040604,2003,0.0,0.0,0.0
120401040604,2004,0.0,0.0,0.0
120401040604,2005,0.0,0.0,0.0
120401040604,2006,0.0,0.0,0.0
120401040604,2007,0.0,0.0,0.0
120401040604,2008,0.0,0.0,0.0
120401040604,2009,0.0,0.0,0.0
120401040604,2010,0.0,0.0,0.0
120401040604,2011,0.0,0.0,0.0
120401040604,2012,0.0,0.0,0.0
120401040604,2013,0.0,0.0,0.0
120401040604,2014,0.0,0.0,0.0
120401040604,2015,0.0,0.0,0.0
120401040604,2016,0.0,0.0,0.0
120401040604,2017,0.0,0.0,0.0
120401040604,2018,0.0,0.0,0.0
120401040604,2019,0.0,0.0,0.0
120401040604,2020,0.0,0.0,0.0
120401040605,2000,0.0,0.0,0.0
120401040605,2001,0.0,0.0,0.0
120401040605,2002,0.0,0.0,0.0
120401040605,2003,0.0,0.0,0.0
120401040605,2004,0.0,0.0,0.0
120401040605,2005,0.0,0.0,0.0
120401040605,2006,0.0,0.0,0.0
120401040605,2007,0.0,0.0,0.0
120401040605,2008,0.0,0.0,0.0
120401040605,2009,0.0,0.0,0.0
120401040605,2010,0.0,0.0,0.0
120401040605,2011,0.0,0.0,0.0
120401040605,2012,0.0,0.0,0.0
120401040605,2013,0.0,0.0,0.0
120401040605,2014,0.0,0.0,0.0
120401040605,2015,0.0,0.0,0.0
120401040605,2016,0.0,0.0,0.0
120401040605,2017,0.0,0.0,0.0
120401040605,2018,0.0,0.0,0.0
120401040605,2019,0.0,0.0,0.0
120401040605,2020,0.0,0.0,0.0
120401040606,2000,0.0,0.0,0.0
120401040606,2001,0.0,0.0,0.0
120401040606,2002,0.0,0.0,0.0
120401040606,2003,0.0,0.0,0.0
120401040606,2004,0.0,0.0,0.0
120401040606,2005,0.0,0.0,0.0
120401040606,2006,0.0,0.0,0.0
120401040606,2007,0.0,0.0,0.0
120401040606,2008,0.0,0.0,0.0
120401040606,2009,0.0,0.0,0.0
120401040606,2010,0.0,0.0,0.0
120401040606,2011,0.0,0.0,0.0
120401040606,2012,0.0,0.0,0.0
120401040606,2013,0.0,0.0,0.0
120401040606,2014,0.0,0.0,0.0
120401040606,2015,0.0,0.0,0.0
120401040606,2016,0.0,0.0,0.0
120401040606,2017,0.0,0.0,0.0
120401040606,2018,0.0,0.0,0.0
120401040606,2019,0.0,0.0,0.0
120401040606,2020,0.0,0.0,0.0
120401040701,2000,0.0,0.0,0.0
120401040701,2001,0.0,0.0,0.0
120401040701,2002,0.0,0.0,0.0
120401040701,2003,0.0,0.0,0.0
120401040701,2004,0.0,0.0,0.0
120401040701,2005,0.0,0.0,0.0
120401040701,2006,0.0,0.0,0.0
120401040701,2007,0.0,0.0,0.0
120401040701,2008,0.0,0.0,0.0
120401040701,2009,0.0,0.0,0.0
120401040701,2010,0.0,0.0,0.0
120401040701,2011,0.0,0.0,0.0
120401040701,2012,0.0,0.0,0.0
120401040701,2013,0.0,0.0,0.0
120401040701,2014,0.0,0.0,0.0
120401040701,2015,0.0,0.0,0.0
120401040701,2016,0.0,0.0,0.0
120401040701,2017,0.0,0.0,0.0
120401040701,2018,0.111124293,0.08012054,0.031003586
120401040701,2019,0.136294441,0.098268329,0.038026112
120401040701,2020,0.137383104,0.099053167,0.038329852
120401040702,2000,0.0,0.0,0.0
120401040702,2001,0.0,0.0,0.0
120401040702,2002,0.183945436,0.13262463,0.051320723
120401040702,2003,0.0,0.0,0.0
120401040702,2004,0.0,0.0,0.0
120401040702,2005,0.0,0.0,0.0
120401040702,2006,0.0,0.0,0.0
120401040702,2007,0.012905427,0.009304795,0.003600633
120401040702,2008,0.0,0.0,0.0
120401040702,2009,0.0,0.0,0.0
120401040702,2010,0.0,0.0,0.0
120401040702,2011,0.0,0.0,0.0
120401040702,2012,0.0,0.0,0.0
120401040702,2013,0.0,0.0,0.0
120401040702,2014,0.223715742,0.161299,0.062416578
120401040702,2015,0.0,0.0,0.0
120401040702,2016,0.0,0.0,0.0
120401040702,2017,0.0,0.0,0.0
120401040702,2018,0.0,0.0,0.0
120401040702,2019,0.0,0.0,0.0
120401040702,2020,0.0,0.0,0.0
120401040703,2000,0.0,0.0,0.0
120401040703,2001,0.0,0.0,0.0
120401040703,2002,0.0,0.0,0.0
120401040703,2003,0.0,0.0,0.0
120401040703,2004,0.0,0.0,0.0
120401040703,2005,0.0,0.0,0.0
120401040703,2006,0.0,0.0,0.0
120401040703,2007,0.0,0.0,0.0
120401040703,2008,0.0,0.0,0.0
120401040703,2009,0.0,0.0,0.0
120401040703,2010,0.0,0.0,0.0
120401040703,2011,0.0,0.0,0.0
120401040703,2012,0.0,0.0,0.0
120401040703,2013,0.0,0.0,0.0
120401040703,2014,0.0,0.0,0.0
120401040703,2015,0.0,0.0,0.0
120401040703,2016,0.0,0.0,0.0
120401040703,2017,0.0,0.0,0.0
120401040703,2018,0.0,0.0,0.0
120401040703,2019,0.0,0.0,0.0
120401040703,2020,0.0,0.0,0.0
120401040704,2000,0.420235038,0.302989557,0.11724565
120401040704,2001,0.009806156,0.007070263,0.002735975
120401040704,2002,0.328425436,0.236794808,0.091630795
120401040704,2003,0.010260573,0.007397882,0.002862688
120401040704,2004,0.0,0.0,0.0
120401040704,2005,0.308914093,0.222726888,0.086187038
120401040704,2006,0.160304203,0.115579452,0.044724923
120401040704,2007,0.0,0.0,0.0
120401040704,2008,0.10740385,0.077438221,0.029965798
120401040704,2009,0.29526643,0.212886879,0.082379216
120401040704,2010,0.246552238,0.177764263,0.068787978
120401040704,2011,0.304743416,0.219720129,0.085023458
120401040704,2012,0.018354281,0.013233448,0.005120836
120401040704,2013,0.015554855,0.011215153,0.004339701
120401040704,2014,0.380069592,0.274030173,0.106039337
120401040704,2015,0.013221581,0.009532871,0.003688792
120401040704,2016,0.0,0.0,0.0
120401040704,2017,0.048562852,0.035013847,0.013549005
120401040704,2018,0.301540304,0.217410611,0.084129775
120401040704,2019,0.318406636,0.229571351,0.088835455
120401040704,2020,0.363655798,0.262195872,0.101460098
120401040705,2000,0.0,0.0,0.0
120401040705,2001,0.0,0.0,0.0
120401040705,2002,0.0,0.0,0.0
120401040705,2003,0.0,0.0,0.0
120401040705,2004,0.0,0.0,0.0
120401040705,2005,0.0,0.0,0.0
120401040705,2006,0.0,0.0,0.0
120401040705,2007,0.0,0.0,0.0
120401040705,2008,0.0,0.0,0.0
120401040705,2009,0.0,0.0,0.0
120401040705,2010,0.0,0.0,0.0
120401040705,2011,0.0,0.0,0.0
120401040705,2012,0.0,0.0,0.0
120401040705,2013,0.0,0.0,0.0
120401040705,2014,0.0,0.0,0.0
120401040705,2015,0.0,0.0,0.0
120401040705,2016,0.0,0.0,0.0
120401040705,2017,0.0,0.0,0.0
120401040705,2018,0.037473011,0.027018159,0.010455016
120401040705,2019,0.0,0.0,0.0
120401040705,2020,6.4989e-05,4.7005e-05,1.815e-05
120401040706,2000,0.0,0.0,0.0
120401040706,2001,0.0,0.0,0.0
120401040706,2002,0.0,0.0,0.0
120401040706,2003,0.0,0.0,0.0
120401040706,2004,0.0,0.0,0.0
120401040706,2005,0.0,0.0,0.0
120401040706,2006,0.0,0.0,0.0
120401040706,2007,0.0,0.0,0.0
120401040706,2008,0.0,0.0,0.0
120401040706,2009,0.0,0.0,0.0
120401040706,2010,0.0,0.0,0.0
120401040706,2011,0.0,0.0,0.0
120401040706,2012,0.0,0.0,0.0
120401040706,2013,0.0,0.0,0.0
120401040706,2014,0.0,0.0,0.0
120401040706,2015,0.0,0.0,0.0
120401040706,2016,0.0,0.0,0.0
120401040706,2017,0.0,0.0,0.0
120401040706,2018,0.0,0.0,0.0
120401040706,2019,0.0,0.0,0.0
120401040706,2020,0.0,0.0,0.0
120402010100,2000,22.126119402,22.059741049,0.066378265
120402010100,2001,9.61792046,9.589066532,0.028853677
120402010100,2002,10.897057663,10.864366545,0.032691118
120402010100,2003,12.717092888,12.678941575,0.03815131
120402010100,2004,14.546254451,14.502615842,0.043638776
120402010100,2005,21.91478551,21.849041038,0.065744468
120402010100,2006,12.518239079,12.480684312,0.037554767
120402010100,2007,6.496024827,6.476536726,0.019488016
120402010100,2008,16.79865635,16.748260322,0.050396027
120402010100,2009,20.093829085,20.033547471,0.060281529
120402010100,2010,27.033208784,26.952109088,0.081099699
120402010100,2011,41.194485173,41.070901888,0.123583614
120402010100,2012,22.230434145,22.163742546,0.066691262
120402010100,2013,25.577444652,25.500712592,0.076732312
120402010100,2014,29.354371504,29.266308288,0.088062964
120402010100,2015,11.423249877,11.377556795,0.045692997
120402010100,2016,14.281230877,14.238387224,0.042843822
120402010100,2017,11.23578614,11.20207883,0.033707395
120402010100,2018,22.070477205,21.982195351,0.088281855
120402010100,2019,15.926546104,15.86283974,0.063706279
120402010100,2020,32.666168809,32.535504096,0.130664628
120402010200,2000,6.564009333,6.544317257,0.019692077
120402010200,2001,3.930306595,3.918515616,0.01179089
120402010200,2002,2.583436641,2.575686353,0.00775037
120402010200,2003,3.702235159,3.691128493,0.011106666
120402010200,2004,4.231706989,4.219011863,0.012695208
120402010200,2005,7.332153145,7.31015663,0.02199643
120402010200,2006,4.811379044,4.796945068,0.01443406
120402010200,2007,2.394368811,2.387185811,0.007183
120402010200,2008,5.819894896,5.802435208,0.01745977
120402010200,2009,4.885117016,4.870461762,0.014655263
120402010200,2010,8.703561362,8.677450677,0.026110679
120402010200,2011,13.098656422,13.059360603,0.039296079
120402010200,2012,8.593156984,8.567377601,0.025779546
120402010200,2013,7.8918562,7.86818069,0.023675512
120402010200,2014,6.319456167,6.300497751,0.018958425
120402010200,2015,4.835648644,4.821141622,0.014506937
120402010200,2016,2.993502596,2.984522333,0.008980514
120402010200,2017,3.551909532,3.541253721,0.010655726
120402010200,2018,4.352057553,4.339001367,0.013056186
120402010200,2019,5.213814244,5.198172912,0.015641332
120402010200,2020,6.396945041,6.377754281,0.019190844
120402010300,2000,4.212381421,4.199744303,0.012637197
120402010300,2001,2.179909521,2.173369775,0.006539745
120402010300,2002,3.333103093,3.323103822,0.009999271
120402010300,2003,1.797733,1.792339737,0.005393184
120402010300,2004,1.779611208,1.774272525,0.005338762
120402010300,2005,5.957720879,5.939847682,0.017873279
120402010300,2006,3.274325167,3.264502137,0.009823033
120402010300,2007,0.868704666,0.866098452,0.002606047
120402010300,2008,5.710527749,5.693396208,0.017131541
120402010300,2009,4.767172778,4.752871208,0.01430157
120402010300,2010,4.093192041,4.080912455,0.012279666
120402010300,2011,6.738648115,6.718432189,0.020215923
120402010300,2012,5.869286227,5.851678363,0.017607863
120402010300,2013,5.640234184,5.62331337,0.016920732
120402010300,2014,8.584866652,8.559112008,0.025754644
120402010300,2015,7.042397814,7.021270493,0.021127238
120402010300,2016,3.27731771,3.267485981,0.009832148
120402010300,2017,6.11166257,6.093327403,0.018334753
120402010300,2018,7.445982205,7.423644214,0.022337825
120402010300,2019,6.325979011,6.307001211,0.018977967
120402010300,2020,8.717741973,8.691588896,0.026153413
120402020100,2000,4.215961962,4.207530107,0.008431861
120402020100,2001,2.520440827,2.517920403,0.00252043
120402020100,2002,3.16614311,3.162977011,0.003166181
120402020100,2003,3.786294732,3.782508447,0.00378637
120402020100,2004,3.595654161,3.592058557,0.003595689
120402020100,2005,6.635705866,6.62907006,0.006635638
120402020100,2006,3.182677263,3.179494666,0.00318277
120402020100,2007,1.821227104,1.819406027,0.001821077
120402020100,2008,5.084256489,5.079172186,0.005084219
120402020100,2009,4.408712241,4.399894929,0.008817312
120402020100,2010,8.494280515,8.485786164,0.008494268
120402020100,2011,12.860271849,12.83455134,0.025720595
120402020100,2012,7.390551462,7.383160951,0.007390678
120402020100,2013,6.708093989,6.681261575,0.026832405
120402020100,2014,9.290493751,9.234750732,0.055742934
120402020100,2015,4.863637236,4.858773704,0.004863616
120402020100,2016,4.214261363,4.201618672,0.012642773
120402020100,2017,4.205282904,4.201077468,0.004205351
120402020100,2018,9.755187323,9.706411285,0.048775868
120402020100,2019,5.174624756,5.16945009,0.005174748
120402020100,2020,10.17105568,10.160884721,0.010170959
120402020200,2000,3.064750598,3.037167893,0.02758279
120402020200,2001,2.668719953,2.647370208,0.02134983
120402020200,2002,3.205067003,3.195451841,0.009615077
120402020200,2003,2.931675414,2.905290321,0.026385011
120402020200,2004,3.215590402,3.212374699,0.003215617
120402020200,2005,6.777789696,6.716789641,0.06100014
120402020200,2006,1.350959819,1.348257847,0.002701888
120402020200,2007,1.204158,1.202953762,0.001204156
120402020200,2008,6.666892658,6.653558768,0.013333809
120402020200,2009,6.355549052,6.304704592,0.050844375
120402020200,2010,5.543495523,5.510234611,0.033260995
120402020200,2011,10.536435003,10.515362214,0.021072879
120402020200,2012,5.553884787,5.548330708,0.00555391
120402020200,2013,8.188131729,8.179943611,0.0081882
120402020200,2014,6.089724893,6.047096825,0.042628153
120402020200,2015,4.140747504,4.111762184,0.028985321
120402020200,2016,0.74278656,0.74204385,0.000742795
120402020200,2017,3.873819099,3.862197682,0.011621501
120402020200,2018,4.643577277,4.611072359,0.032505003
120402020200,2019,2.873269249,2.858902704,0.014366293
120402020200,2020,7.012626555,6.991588519,0.021037784
120402020300,2000,15.483162227,15.467678989,0.015483071
120402020300,2001,6.739280649,6.732541345,0.006739389
120402020300,2002,7.995727244,7.987731433,0.007995644
120402020300,2003,9.790517726,9.780727186,0.009790537
120402020300,2004,10.781676899,10.770895134,0.01078168
120402020300,2005,15.843318222,15.827474899,0.015843241
120402020300,2006,10.976953323,10.965976466,0.010977025
120402020300,2007,5.186521603,5.181335052,0.005186468
120402020300,2008,12.915795724,12.902879992,0.012915817
120402020300,2009,10.809467304,10.798657666,0.010809638
120402020300,2010,14.866586019,14.851719575,0.014866444
120402020300,2011,17.154282512,17.137128014,0.017154247
120402020300,2012,15.371107232,15.355736101,0.015371128
120402020300,2013,17.9274664,17.909538838,0.017927641
120402020300,2014,22.070603132,22.04853251,0.022070545
120402020300,2015,9.238182022,9.228943863,0.009238159
120402020300,2016,9.928394383,9.918465863,0.009928347
120402020300,2017,12.514545786,12.502031241,0.012514548
120402020300,2018,19.889489329,19.869599888,0.019889523
120402020300,2019,21.155639751,21.134484118,0.021155553
120402020300,2020,29.882909186,29.853026123,0.029882899
120402020400,2000,0.794749598,0.793954888,0.000794708
120402020400,2001,0.895622219,0.894726573,0.000895562
120402020400,2002,1.251944488,1.250692553,0.001251852
120402020400,2003,0.980533107,0.979552715,0.000980559
120402020400,2004,1.342078694,1.340736552,0.001342057
120402020400,2005,1.530381666,1.528851238,0.001530427
120402020400,2006,0.605597962,0.604992288,0.000605422
120402020400,2007,0.32529211,0.324966658,0.000325203
120402020400,2008,1.315302022,1.313986585,0.00131527
120402020400,2009,0.296627995,0.296331329,0.000296581
120402020400,2010,1.743007033,1.741263833,0.001742945
120402020400,2011,2.375149597,2.372774364,0.002375153
120402020400,2012,2.062029585,2.059967415,0.002061918
120402020400,2013,1.885025115,1.88314031,0.00188514
120402020400,2014,1.845607455,1.84376203,0.001845592
120402020400,2015,1.296557904,1.295261282,0.001296537
120402020400,2016,0.754279885,0.753525628,0.000754257
120402020400,2017,0.988786099,0.987797337,0.000988929
120402020400,2018,1.186288951,1.185102537,0.001186499
120402020400,2019,1.824719422,1.822894888,0.001824619
120402020400,2020,1.782431555,1.780649082,0.001782473
120402030101,2000,1.187537716,1.126973292,0.060564587
120402030101,2001,0.749106611,0.710902085,0.038204441
120402030101,2002,1.012758926,0.961108323,0.05165077
120402030101,2003,0.460873197,0.437368586,0.023504611
120402030101,2004,1.226761806,1.164197044,0.062564844
120402030101,2005,2.107140644,1.999676416,0.107464227
120402030101,2006,1.703971934,1.617069288,0.086902564
120402030101,2007,0.493524449,0.468354652,0.025169797
120402030101,2008,0.762054235,0.723189464,0.038864683
120402030101,2009,1.867789512,1.772532271,0.095257326
120402030101,2010,1.562410989,1.482728068,0.079683005
120402030101,2011,2.143274641,2.033967581,0.109307058
120402030101,2012,0.603329923,0.572560074,0.030769765
120402030101,2013,2.564514236,2.433723937,0.130790214
120402030101,2014,1.648056951,1.56400606,0.084050978
120402030101,2015,0.003461058,0.003284507,0.000176466
120402030101,2016,1.46593706,1.391174314,0.074762743
120402030101,2017,2.126072356,2.017642658,0.108429614
120402030101,2018,2.048853858,1.944362504,0.104491523
120402030101,2019,0.020409907,0.019369066,0.001040926
120402030101,2020,1.054396407,1.000622183,0.053774224
120402030102,2000,1.13904965,1.07184571,0.067203858
120402030102,2001,0.866661419,0.779128696,0.087532723
120402030102,2002,1.256587025,1.122132175,0.134454849
120402030102,2003,0.559005181,0.493042551,0.065962712
120402030102,2004,0.867091505,0.809863563,0.057228025
120402030102,2005,1.6154328,1.389272181,0.226160622
120402030102,2006,1.052140707,0.958500301,0.09364057
120402030102,2007,0.295309277,0.271684521,0.023624671
120402030102,2008,0.83107427,0.755446497,0.07562777
120402030102,2009,1.3929268,1.154736326,0.238190553
120402030102,2010,1.733637403,1.459722641,0.273914773
120402030102,2011,2.483363753,2.028908112,0.454455644
120402030102,2012,0.650279505,0.526076134,0.124203538
120402030102,2013,1.892313633,1.686051496,0.206262307
120402030102,2014,1.218791195,1.07741149,0.141379951
120402030102,2015,0.241268214,0.222449227,0.018818904
120402030102,2016,0.456117156,0.422820675,0.033296566
120402030102,2017,0.368264049,0.343222211,0.025041921
120402030102,2018,1.254035597,1.082232592,0.171802921
120402030102,2019,0.851646644,0.780960016,0.070686712
120402030102,2020,1.770240792,1.564892866,0.205348011
120402030103,2000,0.120679735,0.114525074,0.006154661
120402030103,2001,0.319168318,0.302890638,0.016277515
120402030103,2002,0.45912774,0.424234211,0.034893699
120402030103,2003,0.101799375,0.094673375,0.007125751
120402030103,2004,0.009865352,0.009362175,0.000503093
120402030103,2005,0.264154792,0.238003551,0.026151326
120402030103,2006,0.30120537,0.284036699,0.017168674
120402030103,2007,0.043205715,0.039792373,0.00341326
120402030103,2008,0.35550759,0.329200104,0.026307486
120402030103,2009,0.046580611,0.044205033,0.002375578
120402030103,2010,0.422839427,0.401274655,0.021564855
120402030103,2011,0.971158586,0.87307154,0.098086964
120402030103,2012,0.751761661,0.702145473,0.049616355
120402030103,2013,0.586163707,0.552166222,0.033997485
120402030103,2014,0.726548323,0.67786974,0.048678668
120402030103,2015,0.163476767,0.126367578,0.037109192
120402030103,2016,0.036318828,0.03014471,0.006174205
120402030103,2017,0.535366732,0.503244964,0.032122184
120402030103,2018,1.808446836,1.551647307,0.256799356
120402030103,2019,0.883213622,0.730417688,0.152795934
120402030103,2020,2.004175885,1.755657951,0.248517852
120402030104,2000,0.033085637,0.028983049,0.004102587
120402030104,2001,0.298784162,0.245301693,0.053482381
120402030104,2002,0.985523455,0.880072515,0.105450937
120402030104,2003,0.503049263,0.411997323,0.091052022
120402030104,2004,0.0,0.0,0.0
120402030104,2005,0.306313345,0.265573622,0.040739723
120402030104,2006,1.062355052,0.904064008,0.158290792
120402030104,2007,0.109182532,0.09367863,0.015503901
120402030104,2008,0.407500331,0.352895333,0.054605082
120402030104,2009,1.185596553,0.99945797,0.186138666
120402030104,2010,1.040961937,0.989954778,0.051007077
120402030104,2011,0.998948184,0.842113501,0.156834849
120402030104,2012,0.620476219,0.514995265,0.105480954
120402030104,2013,1.287834101,1.144884425,0.142949595
120402030104,2014,1.42447991,1.270636181,0.153843805
120402030104,2015,0.566762395,0.449442507,0.117319888
120402030104,2016,0.026428642,0.020825661,0.005602975
120402030104,2017,0.354279008,0.305388334,0.048890512
120402030104,2018,2.15116589,1.905933055,0.245232918
120402030104,2019,1.011964723,0.827787219,0.184177504
120402030104,2020,2.762780883,2.494791019,0.267989699
120402030105,2000,0.0,0.0,0.0
120402030105,2001,0.197395249,0.142322027,0.055073299
120402030105,2002,0.153345729,0.110562205,0.042783438
120402030105,2003,0.261769658,0.188735863,0.073033795
120402030105,2004,0.0,0.0,0.0
120402030105,2005,0.0,0.0,0.0
120402030105,2006,0.352245786,0.253969266,0.098276521
120402030105,2007,0.045449115,0.032768825,0.012680208
120402030105,2008,0.10533021,0.075943096,0.029387115
120402030105,2009,0.289708879,0.208880132,0.080828833
120402030105,2010,0.0,0.0,0.0
120402030105,2011,0.045735808,0.032975499,0.012760222
120402030105,2012,0.08146518,0.063135503,0.018329678
120402030105,2013,0.03413669,0.028162885,0.005973888
120402030105,2014,0.0,0.0,0.0
120402030105,2015,0.0,0.0,0.0
120402030105,2016,0.0,0.0,0.0
120402030105,2017,0.0,0.0,0.0
120402030105,2018,0.132734578,0.095701515,0.037032893
120402030105,2019,0.069942849,0.050428759,0.019514093
120402030105,2020,0.059900604,0.048459743,0.011441027
120402030106,2000,0.226674634,0.225541295,0.001133423
120402030106,2001,0.024920507,0.022054581,0.002865849
120402030106,2002,0.132740614,0.132607899,0.000132715
120402030106,2003,0.070508723,0.065432178,0.005076463
120402030106,2004,0.0,0.0,0.0
120402030106,2005,0.013939364,0.01392531,1.3888e-05
120402030106,2006,0.052026063,0.046355258,0.005670896
120402030106,2007,0.004796153,0.004493901,0.000302167
120402030106,2008,0.013517689,0.01350418,1.3508e-05
120402030106,2009,0.049248008,0.045160397,0.004087608
120402030106,2010,0.025275844,0.025250493,2.5351e-05
120402030106,2011,0.0,0.0,0.0
120402030106,2012,0.013770137,0.013756358,1.3861e-05
120402030106,2013,0.018315077,0.0182968,1.8362e-05
120402030106,2014,0.013894545,0.013880753,1.3959e-05
120402030106,2015,0.039599477,0.039559896,3.9666e-05
120402030106,2016,0.0,0.0,0.0
120402030106,2017,0.0,0.0,0.0
120402030106,2018,0.058819014,0.042408545,0.016410468
120402030106,2019,0.026052178,0.022430915,0.003621178
120402030106,2020,0.055268943,0.046647014,0.008621844
120402030200,2000,0.0,0.0,0.0
120402030200,2001,0.0,0.0,0.0
120402030200,2002,0.0,0.0,0.0
120402030200,2003,0.0,0.0,0.0
120402030200,2004,0.0,0.0,0.0
120402030200,2005,0.0,0.0,0.0
120402030200,2006,0.0,0.0,0.0
120402030200,2007,0.0,0.0,0.0
120402030200,2008,0.0,0.0,0.0
120402030200,2009,0.0,0.0,0.0
120402030200,2010,0.0,0.0,0.0
120402030200,2011,0.0,0.0,0.0
120402030200,2012,0.0,0.0,0.0
120402030200,2013,0.0,0.0,0.0
120402030200,2014,0.0,0.0,0.0
120402030200,2015,0.0,0.0,0.0
120402030200,2016,0.0,0.0,0.0
120402030200,2017,0.0,0.0,0.0
120402030200,2018,0.0,0.0,0.0
120402030200,2019,0.0,0.0,0.0
120402030200,2020,0.0,0.0,0.0
120402040100,2000,0.081323617,0.062294003,0.019029872
120402040100,2001,0.0,0.0,0.0
120402040100,2002,0.0,0.0,0.0
120402040100,2003,0.166430438,0.127153181,0.039277592
120402040100,2004,0.123198672,0.088826219,0.034372536
120402040100,2005,0.227990929,0.190600471,0.03739046
120402040100,2006,0.151952975,0.11837131,0.033581575
120402040100,2007,0.0,0.0,0.0
120402040100,2008,0.297622153,0.233633333,0.063988735
120402040100,2009,0.0,0.0,0.0
120402040100,2010,0.286106737,0.218013332,0.068093405
120402040100,2011,0.373076918,0.299953805,0.073123115
120402040100,2012,0.0,0.0,0.0
120402040100,2013,0.0,0.0,0.0
120402040100,2014,0.197292288,0.154479962,0.042812493
120402040100,2015,0.168906134,0.131409005,0.037497129
120402040100,2016,0.139924098,0.110260328,0.029663932
120402040100,2017,0.196647036,0.153974674,0.042672367
120402040100,2018,0.0,0.0,0.0
120402040100,2019,0.0,0.0,0.0
120402040100,2020,0.0,0.0,0.0
120402040200,2000,0.49361412,0.468439798,0.025174402
120402040200,2001,0.3452102,0.327949773,0.017260512
120402040200,2002,0.778533822,0.738049975,0.040483679
120402040200,2003,0.799851088,0.757458808,0.042392195
120402040200,2004,0.530449126,0.503396303,0.027052989
120402040200,2005,0.571878312,0.542140647,0.029737581
120402040200,2006,0.0,0.0,0.0
120402040200,2007,0.0,0.0,0.0
120402040200,2008,1.28373703,1.218266402,0.065470459
120402040200,2009,0.445492668,0.421436011,0.024056584
120402040200,2010,0.0,0.0,0.0
120402040200,2011,0.106934534,0.100197567,0.006736803
120402040200,2012,0.0,0.0,0.0
120402040200,2013,0.634832907,0.603091367,0.031741707
120402040200,2014,0.276664608,0.26172463,0.014939819
120402040200,2015,0.451321082,0.428755027,0.022566137
120402040200,2016,0.621887101,0.589549046,0.03233797
120402040200,2017,1.01712006,0.964229748,0.05289014
120402040200,2018,1.241102696,1.179047537,0.062055151
120402040200,2019,0.468856885,0.444476211,0.024380677
120402040200,2020,1.204880855,1.143432022,0.061448918
120402040300,2000,1.885206265,1.757012219,0.128194044
120402040300,2001,1.655410263,1.542842134,0.112567885
120402040300,2002,1.129810942,1.052983901,0.076827126
120402040300,2003,3.35545117,3.133991148,0.22145977
120402040300,2004,3.168806079,2.953327243,0.215478751
120402040300,2005,3.627989548,3.384914137,0.243075244
120402040300,2006,0.0,0.0,0.0
120402040300,2007,0.0,0.0,0.0
120402040300,2008,2.668509921,2.495057036,0.173453134
120402040300,2009,4.138369255,3.873513562,0.264855521
120402040300,2010,0.0,0.0,0.0
120402040300,2011,5.968446534,5.59243443,0.376012268
120402040300,2012,0.0,0.0,0.0
120402040300,2013,1.84494637,1.732404726,0.112541726
120402040300,2014,2.7932556,2.611693789,0.181561729
120402040300,2015,2.26061397,2.118195197,0.14241869
120402040300,2016,3.211755011,2.999779265,0.211975833
120402040300,2017,2.810930663,2.625409392,0.185521353
120402040300,2018,3.119755532,2.910731978,0.209023715
120402040300,2019,2.165020926,2.017799644,0.147221364
120402040300,2020,5.061728664,4.737778033,0.323950544
120402040400,2000,9.828697495,9.15051721,0.678180284
120402040400,2001,3.336486416,3.106268803,0.230217614
120402040400,2002,4.522272852,4.210236011,0.312036844
120402040400,2003,9.959881274,9.262689578,0.697191693
120402040400,2004,8.249401743,7.680193137,0.569208689
120402040400,2005,17.453465723,16.231723184,1.221742625
120402040400,2006,6.103894515,5.682725704,0.421168729
120402040400,2007,1.920485082,1.787971567,0.13251343
120402040400,2008,16.572749156,15.429229243,1.143519743
120402040400,2009,14.082256811,13.110581055,0.971675671
120402040400,2010,9.220042258,8.583859296,0.636182962
120402040400,2011,26.711781499,24.868668674,1.843112989
120402040400,2012,7.923671126,7.376937795,0.546733328
120402040400,2013,14.098707973,13.125897129,0.972810937
120402040400,2014,8.337002784,7.761749529,0.575253011
120402040400,2015,6.122175816,5.699745762,0.42243014
120402040400,2016,7.364150342,6.856023997,0.508126265
120402040400,2017,10.050068214,9.356613411,0.693454551
120402040400,2018,11.861871595,11.031540649,0.83033103
120402040400,2019,8.216863545,7.641683142,0.575180578
120402040400,2020,12.144602008,11.306624522,0.837977571
120402040500,2000,0.0,0.0,0.0
120402040500,2001,0.0,0.0,0.0
120402040500,2002,0.0,0.0,0.0
120402040500,2003,0.0,0.0,0.0
120402040500,2004,0.0,0.0,0.0
120402040500,2005,0.0,0.0,0.0
120402040500,2006,0.0,0.0,0.0
120402040500,2007,0.0,0.0,0.0
120402040500,2008,0.0,0.0,0.0
120402040500,2009,0.0,0.0,0.0
120402040500,2010,0.0,0.0,0.0
120402040500,2011,0.0,0.0,0.0
120402040500,2012,0.0,0.0,0.0
120402040500,2013,0.0,0.0,0.0
120402040500,2014,0.0,0.0,0.0
120402040500,2015,0.0,0.0,0.0
120402040500,2016,0.0,0.0,0.0
120402040500,2017,0.0,0.0,0.0
120402040500,2018,0.0,0.0,0.0
120402040500,2019,0.0,0.0,0.0
120402040500,2020,0.0,0.0,0.0
120402050100,2000,1.26551791,0.65300712,0.612510541
120402050100,2001,0.161314666,0.083238312,0.078076186
120402050100,2002,0.540013123,0.278646756,0.261366364
120402050100,2003,1.056456134,0.545131389,0.511324742
120402050100,2004,0.0,0.0,0.0
120402050100,2005,1.331205614,0.686902148,0.644303636
120402050100,2006,1.223457126,0.631303904,0.59215314
120402050100,2007,0.191112263,0.098614016,0.092498416
120402050100,2008,1.168372691,0.602880232,0.565492377
120402050100,2009,1.66240954,0.857803411,0.804606129
120402050100,2010,0.610252734,0.31489029,0.295362189
120402050100,2011,0.815800079,0.420952751,0.394847249
120402050100,2012,0.61779097,0.318780137,0.299010828
120402050100,2013,1.513773918,0.781107452,0.732666551
120402050100,2014,0.174741433,0.090166663,0.084574852
120402050100,2015,0.747793874,0.385861671,0.361932378
120402050100,2016,0.856550238,0.44197991,0.414570164
120402050100,2017,0.796193463,0.410835907,0.385357641
120402050100,2018,0.974555389,0.502870608,0.47168494
120402050100,2019,1.992449466,1.028103868,0.964345682
120402050100,2020,1.241129128,0.640422656,0.600706557
120402050200,2000,0.776051134,0.716295303,0.059755831
120402050200,2001,0.77517589,0.706185145,0.068990827
120402050200,2002,0.879796726,0.784778633,0.095018011
120402050200,2003,0.94479134,0.838974838,0.105816756
120402050200,2004,0.917856202,0.849934814,0.067921388
120402050200,2005,2.233336811,2.041269721,0.192066926
120402050200,2006,1.449516047,1.343701567,0.105814647
120402050200,2007,0.134750362,0.123700885,0.011049559
120402050200,2008,1.339942115,1.201928038,0.138014079
120402050200,2009,2.398952633,2.202238526,0.196714022
120402050200,2010,2.11569057,1.952782515,0.162908222
120402050200,2011,0.673117345,0.570803567,0.10231386
120402050200,2012,2.511507019,2.338213077,0.173294027
120402050200,2013,1.976440395,1.814372359,0.162068205
120402050200,2014,2.213205885,2.060494625,0.152711252
120402050200,2015,0.392338323,0.355066296,0.037272025
120402050200,2016,0.135470675,0.126123093,0.0093475
120402050200,2017,2.222207342,2.06887511,0.153332397
120402050200,2018,1.372923173,1.274072778,0.098850482
120402050200,2019,0.573312405,0.527447416,0.045864989
120402050200,2020,2.56434088,2.379708156,0.184632634
120402050300,2000,10.537632057,9.768384934,0.769247205
120402050300,2001,5.016454595,4.665302786,0.351151808
120402050300,2002,5.366337655,4.974595016,0.391742638
120402050300,2003,3.857030956,3.560039395,0.296991389
120402050300,2004,5.848099872,5.444580872,0.403518915
120402050300,2005,10.681306455,9.922933616,0.758372838
120402050300,2006,11.338130219,10.5557992,0.782331104
120402050300,2007,4.134324542,3.849056293,0.285268332
120402050300,2008,9.042753874,8.418804044,0.623949918
120402050300,2009,16.780387603,15.622540819,1.157846699
120402050300,2010,5.678770334,5.286935,0.391835167
120402050300,2011,17.359146282,16.161365233,1.197781216
120402050300,2012,9.641400937,8.976144227,0.665256628
120402050300,2013,13.503494529,12.57175326,0.931741096
120402050300,2014,8.168426745,7.604805526,0.563621474
120402050300,2015,4.58730009,4.270776416,0.316523674
120402050300,2016,7.977356937,7.426919205,0.550437481
120402050300,2017,5.760081077,5.362635384,0.397445608
120402050300,2018,12.875779093,11.961598751,0.91418026
120402050300,2019,7.431754942,6.911532197,0.520222827
120402050300,2020,7.911315842,7.349612451,0.56170356
120402050400,2000,2.259321642,2.103428448,0.155893189
120402050400,2001,1.248635479,1.16247974,0.086155907
120402050400,2002,1.802807181,1.678413611,0.124393734
120402050400,2003,0.811889184,0.755868759,0.05602026
120402050400,2004,2.236112413,2.081820552,0.154291691
120402050400,2005,3.608833477,3.359823923,0.249009468
120402050400,2006,2.826868874,2.631814863,0.195053926
120402050400,2007,1.592066178,1.482213797,0.109852466
120402050400,2008,2.577754992,2.399890052,0.177865109
120402050400,2009,4.244977299,3.952073811,0.292903647
120402050400,2010,2.122866438,1.976388482,0.146477789
120402050400,2011,4.553392455,4.239208268,0.314184186
120402050400,2012,2.671720762,2.487371907,0.184348691
120402050400,2013,3.47961603,3.239522488,0.240093455
120402050400,2014,1.481793047,1.379549033,0.102243595
120402050400,2015,1.40625054,1.309219277,0.097031345
120402050400,2016,1.35640624,1.262814462,0.093592189
120402050400,2017,2.894464688,2.694746663,0.19971811
120402050400,2018,3.80037683,3.538150844,0.262226068
120402050400,2019,1.165162411,1.084766121,0.080396205
120402050400,2020,4.184477336,3.895748377,0.288729046
120402050500,2000,0.0,0.0,0.0
120402050500,2001,0.0,0.0,0.0
120402050500,2002,0.0,0.0,0.0
120402050500,2003,0.0,0.0,0.0
120402050500,2004,0.0,0.0,0.0
120402050500,2005,0.0,0.0,0.0
120402050500,2006,0.0,0.0,0.0
120402050500,2007,0.0,0.0,0.0
120402050500,2008,0.0,0.0,0.0
120402050500,2009,0.0,0.0,0.0
120402050500,2010,0.0,0.0,0.0
120402050500,2011,0.0,0.0,0.0
120402050500,2012,0.0,0.0,0.0
120402050500,2013,0.0,0.0,0.0
120402050500,2014,0.0,0.0,0.0
120402050500,2015,0.0,0.0,0.0
120402050500,2016,0.0,0.0,0.0
120402050500,2017,0.0,0.0,0.0
120402050500,2018,0.0,0.0,0.0
120402050500,2019,0.0,0.0,0.0
120402050500,2020,0.0,0.0,0.0
120500010506,2000,5.828065336,0.0,5.828065336
120500010506,2001,8.193465877,0.0,8.193465877
120500010506,2002,6.508897222,0.0,6.508897222
120500010506,2003,8.095477362,0.0,8.095477362
120500010506,2004,5.574869577,0.0,5.574869577
120500010506,2005,4.77003,0.0,4.77003
120500010506,2006,6.32906649,0.0,6.32906649
120500010506,2007,8.499265573,0.0,8.499265573
120500010506,2008,5.421429735,0.0,5.421429735
120500010506,2009,7.078971847,0.0,7.078971847
120500010506,2010,9.08883574,0.0,9.08883574
120500010506,2011,4.232766808,0.0,4.232766808
120500010506,2012,7.587203238,0.0,7.587203238
120500010506,2013,5.598130099,0.0,5.598130099
120500010506,2014,6.283926386,0.0,6.283926386
120500010506,2015,6.798039375,0.0,6.798039375
120500010506,2016,8.142965057,0.0,8.142965057
120500010506,2017,7.934879649,0.0,7.934879649
120500010506,2018,5.450263753,0.0,5.450263753
120500010506,2019,6.513088137,0.0,6.513088137
120500010506,2020,6.264965205,0.0,6.264965205
120500010507,2000,1.458554702,0.0,1.458554702
120500010507,2001,1.091793858,0.0,1.091793858
120500010507,2002,1.369988685,0.0,1.369988685
120500010507,2003,0.904760682,0.0,0.904760682
120500010507,2004,1.166782194,0.0,1.166782194
120500010507,2005,0.761945036,0.0,0.761945036
120500010507,2006,0.991538384,0.0,0.991538384
120500010507,2007,2.036613285,0.0,2.036613285
120500010507,2008,1.091234656,0.0,1.091234656
120500010507,2009,1.487597386,0.0,1.487597386
120500010507,2010,2.417131033,0.0,2.417131033
120500010507,2011,1.127287827,0.0,1.127287827
120500010507,2012,0.768581393,0.0,0.768581393
120500010507,2013,1.993210044,0.0,1.993210044
120500010507,2014,1.369460455,0.0,1.369460455
120500010507,2015,1.447090901,0.0,1.447090901
120500010507,2016,1.630244418,0.0,1.630244418
120500010507,2017,1.314836403,0.0,1.314836403
120500010507,2018,2.157340901,0.0,2.157340901
120500010507,2019,1.764875742,0.0,1.764875742
120500010507,2020,1.302786342,0.0,1.302786342
120500010802,2000,0.17929218,0.0,0.17929218
120500010802,2001,0.257820301,0.0,0.257820301
120500010802,2002,0.260709616,0.0,0.260709616
120500010802,2003,0.178425126,0.0,0.178425126
120500010802,2004,0.747502883,0.0,0.747502883
120500010802,2005,0.291688351,0.0,0.291688351
120500010802,2006,0.322280682,0.0,0.322280682
120500010802,2007,0.571842074,0.0,0.571842074
120500010802,2008,0.361460713,0.0,0.361460713
120500010802,2009,0.539871321,0.0,0.539871321
120500010802,2010,1.419435732,0.0,1.419435732
120500010802,2011,0.689912858,0.0,0.689912858
120500010802,2012,0.40413488,0.0,0.40413488
120500010802,2013,0.864246707,0.0,0.864246707
120500010802,2014,0.782583082,0.0,0.782583082
120500010802,2015,0.445097162,0.0,0.445097162
120500010802,2016,0.884700691,0.0,0.884700691
120500010802,2017,0.760792688,0.0,0.760792688
120500010802,2018,0.73807369,0.0,0.73807369
120500010802,2019,0.833948532,0.0,0.833948532
120500010802,2020,0.697063093,0.0,0.697063093
120500010803,2000,2.486906839,0.0,2.486906839
120500010803,2001,2.689853329,0.0,2.689853329
120500010803,2002,4.445443967,0.0,4.445443967
120500010803,2003,2.39528911,0.0,2.39528911
120500010803,2004,4.475431437,0.0,4.475431437
120500010803,2005,5.210159614,0.0,5.210159614
120500010803,2006,3.151611745,0.0,3.151611745
120500010803,2007,5.089767734,0.0,5.089767734
120500010803,2008,4.986561721,0.0,4.986561721
120500010803,2009,3.293003899,0.0,3.293003899
120500010803,2010,7.914611847,0.0,7.914611847
120500010803,2011,5.64218751,0.0,5.64218751
120500010803,2012,1.786688765,0.0,1.786688765
120500010803,2013,7.389443219,0.0,7.389443219
120500010803,2014,4.164356655,0.0,4.164356655
120500010803,2015,6.694313455,0.0,6.694313455
120500010803,2016,4.359087377,0.0,4.359087377
120500010803,2017,5.964174668,0.0,5.964174668
120500010803,2018,3.624416395,0.0,3.624416395
120500010803,2019,4.466454742,0.0,4.466454742
120500010803,2020,3.132497374,0.0,3.132497374
120500010804,2000,6.277839044,0.0,6.277839044
120500010804,2001,5.383872389,0.0,5.383872389
120500010804,2002,4.725130937,0.0,4.725130937
120500010804,2003,5.744562756,0.0,5.744562756
120500010804,2004,5.637418697,0.0,5.637418697
120500010804,2005,3.767431915,0.0,3.767431915
120500010804,2006,4.458765326,0.0,4.458765326
120500010804,2007,6.373535186,0.0,6.373535186
120500010804,2008,6.481140451,0.0,6.481140451
120500010804,2009,3.718753463,0.0,3.718753463
120500010804,2010,7.139226285,0.0,7.139226285
120500010804,2011,3.72738751,0.0,3.72738751
120500010804,2012,4.675074301,0.0,4.675074301
120500010804,2013,7.297322685,0.0,7.297322685
120500010804,2014,4.240652789,0.0,4.240652789
120500010804,2015,8.319375923,0.0,8.319375923
120500010804,2016,6.473503544,0.0,6.473503544
120500010804,2017,8.22670946,0.0,8.22670946
120500010804,2018,4.137191293,0.0,4.137191293
120500010804,2019,4.785853852,0.0,4.785853852
120500010804,2020,3.912463306,0.0,3.912463306
120500010805,2000,0.762734473,0.0,0.762734473
120500010805,2001,0.551278499,0.0,0.551278499
120500010805,2002,2.308535493,0.0,2.308535493
120500010805,2003,1.342807989,0.0,1.342807989
120500010805,2004,2.195236699,0.0,2.195236699
120500010805,2005,0.917239304,0.0,0.917239304
120500010805,2006,1.56905017,0.0,1.56905017
120500010805,2007,2.353001786,0.0,2.353001786
120500010805,2008,2.442856975,0.0,2.442856975
120500010805,2009,1.306095586,0.0,1.306095586
120500010805,2010,1.597706485,0.0,1.597706485
120500010805,2011,1.68248989,0.0,1.68248989
120500010805,2012,0.785060787,0.0,0.785060787
120500010805,2013,2.132610408,0.0,2.132610408
120500010805,2014,0.914765712,0.0,0.914765712
120500010805,2015,1.330094104,0.0,1.330094104
120500010805,2016,0.792961134,0.0,0.792961134
120500010805,2017,1.638613052,0.0,1.638613052
120500010805,2018,2.153655041,0.0,2.153655041
120500010805,2019,1.476623296,0.0,1.476623296
120500010805,2020,1.191903981,0.0,1.191903981
120500010903,2000,9.621358232,0.0,9.621358232
120500010903,2001,8.870748945,0.0,8.870748945
120500010903,2002,10.521350307,0.0,10.521350307
120500010903,2003,7.857301586,0.0,7.857301586
120500010903,2004,6.15506979,0.0,6.15506979
120500010903,2005,8.213955893,0.0,8.213955893
120500010903,2006,7.461901644,0.0,7.461901644
120500010903,2007,8.723318811,0.0,8.723318811
120500010903,2008,8.300572265,0.0,8.300572265
120500010903,2009,9.737872318,0.0,9.737872318
120500010903,2010,11.86484011,0.0,11.86484011
120500010903,2011,11.413820458,0.0,11.413820458
120500010903,2012,7.704387645,0.0,7.704387645
120500010903,2013,12.152731781,0.0,12.152731781
120500010903,2014,8.444827808,0.0,8.444827808
120500010903,2015,11.231196488,0.0,11.231196488
120500010903,2016,10.639221497,0.0,10.639221497
120500010903,2017,11.193861573,0.0,11.193861573
120500010903,2018,5.233792145,0.0,5.233792145
120500010903,2019,6.167389142,0.0,6.167389142
120500010903,2020,9.875573475,0.0,9.875573475
120500010904,2000,21.757562913,0.0,21.757562913
120500010904,2001,20.216218847,0.0,20.216218847
120500010904,2002,19.578273762,0.0,19.578273762
120500010904,2003,18.241285395,0.0,18.241285395
120500010904,2004,15.332366852,0.0,15.332366852
120500010904,2005,16.280521208,0.0,16.280521208
120500010904,2006,15.304638647,0.0,15.304638647
120500010904,2007,19.678273778,0.0,19.678273778
120500010904,2008,16.201285967,0.0,16.201285967
120500010904,2009,15.686356236,0.0,15.686356236
120500010904,2010,23.506308844,0.0,23.506308844
120500010904,2011,15.713583542,0.0,15.713583542
120500010904,2012,15.845142131,0.0,15.845142131
120500010904,2013,20.302407896,0.0,20.302407896
120500010904,2014,15.845138079,0.0,15.845138079
120500010904,2015,21.366919589,0.0,21.366919589
120500010904,2016,19.462041574,0.0,19.462041574
120500010904,2017,19.772244414,0.0,19.772244414
120500010904,2018,10.299941112,0.0,10.299941112
120500010904,2019,14.946079858,0.0,14.946079858
120500010904,2020,14.220842579,0.0,14.220842579
120500010905,2000,19.789627016,0.0,19.789627016
120500010905,2001,15.969327238,0.0,15.969327238
120500010905,2002,16.458848715,0.0,16.458848715
120500010905,2003,13.189820929,0.0,13.189820929
120500010905,2004,13.966679369,0.0,13.966679369
120500010905,2005,16.226624332,0.0,16.226624332
120500010905,2006,12.974660233,0.0,12.974660233
120500010905,2007,16.45970989,0.0,16.45970989
120500010905,2008,14.33419723,0.0,14.33419723
120500010905,2009,13.222948778,0.0,13.222948778
120500010905,2010,18.51531609,0.0,18.51531609
120500010905,2011,11.902472049,0.0,11.902472049
120500010905,2012,12.522611833,0.0,12.522611833
120500010905,2013,14.582071874,0.0,14.582071874
120500010905,2014,13.894298433,0.0,13.894298433
120500010905,2015,17.531967375,0.0,17.531967375
120500010905,2016,15.325610623,0.0,15.325610623
120500010905,2017,17.469009836,0.0,17.469009836
120500010905,2018,11.183742668,0.0,11.183742668
120500010905,2019,11.73689286,0.0,11.73689286
120500010905,2020,14.16590915,0.0,14.16590915
120500010906,2000,7.099031273,0.0,7.099031273
120500010906,2001,7.577088838,0.0,7.577088838
120500010906,2002,7.65458449,0.0,7.65458449
120500010906,2003,7.862561077,0.0,7.862561077
120500010906,2004,5.15792665,0.0,5.15792665
120500010906,2005,2.304756625,0.0,2.304756625
120500010906,2006,6.492764984,0.0,6.492764984
120500010906,2007,7.268772277,0.0,7.268772277
120500010906,2008,6.945946689,0.0,6.945946689
120500010906,2009,7.090002258,0.0,7.090002258
120500010906,2010,8.373181871,0.0,8.373181871
120500010906,2011,6.424953455,0.0,6.424953455
120500010906,2012,6.318056913,0.0,6.318056913
120500010906,2013,9.663273608,0.0,9.663273608
120500010906,2014,6.589255753,0.0,6.589255753
120500010906,2015,8.229755156,0.0,8.229755156
120500010906,2016,8.937442921,0.0,8.937442921
120500010906,2017,6.195346718,0.0,6.195346718
120500010906,2018,4.910287995,0.0,4.910287995
120500010906,2019,5.55941129,0.0,5.55941129
120500010906,2020,5.914530932,0.0,5.914530932
120500011001,2000,1.303417063,0.0,1.303417063
120500011001,2001,0.613341063,0.0,0.613341063
120500011001,2002,1.775698756,0.0,1.775698756
120500011001,2003,0.879984167,0.0,0.879984167
120500011001,2004,1.249499333,0.0,1.249499333
120500011001,2005,1.413714085,0.0,1.413714085
120500011001,2006,1.117472589,0.0,1.117472589
120500011001,2007,2.00750191,0.0,2.00750191
120500011001,2008,1.225580617,0.0,1.225580617
120500011001,2009,1.996058022,0.0,1.996058022
120500011001,2010,2.507933701,0.0,2.507933701
120500011001,2011,1.170218479,0.0,1.170218479
120500011001,2012,1.433726202,0.0,1.433726202
120500011001,2013,2.474962345,0.0,2.474962345
120500011001,2014,1.882956044,0.0,1.882956044
120500011001,2015,1.29830497,0.0,1.29830497
120500011001,2016,2.137385907,0.0,2.137385907
120500011001,2017,1.240773318,0.0,1.240773318
120500011001,2018,1.74543057,0.0,1.74543057
120500011001,2019,1.851781597,0.0,1.851781597
120500011001,2020,3.317660904,0.0,3.317660904
120500011002,2000,2.091151489,0.0,2.091151489
120500011002,2001,1.242625419,0.0,1.242625419
120500011002,2002,2.863178427,0.0,2.863178427
120500011002,2003,1.972234718,0.0,1.972234718
120500011002,2004,2.240753995,0.0,2.240753995
120500011002,2005,2.224928597,0.0,2.224928597
120500011002,2006,2.314890932,0.0,2.314890932
120500011002,2007,2.707334589,0.0,2.707334589
120500011002,2008,2.059280628,0.0,2.059280628
120500011002,2009,2.790232671,0.0,2.790232671
120500011002,2010,3.492576458,0.0,3.492576458
120500011002,2011,1.668903447,0.0,1.668903447
120500011002,2012,1.89409785,0.0,1.89409785
120500011002,2013,4.186810255,0.0,4.186810255
120500011002,2014,2.761261638,0.0,2.761261638
120500011002,2015,2.605861074,0.0,2.605861074
120500011002,2016,2.67789432,0.0,2.67789432
120500011002,2017,2.071558496,0.0,2.071558496
120500011002,2018,2.41295123,0.0,2.41295123
120500011002,2019,2.800374479,0.0,2.800374479
120500011002,2020,4.341276795,0.0,4.341276795
120500011003,2000,0.040765178,0.0,0.040765178
120500011003,2001,0.095084644,0.0,0.095084644
120500011003,2002,0.177071956,0.0,0.177071956
120500011003,2003,0.150929715,0.0,0.150929715
120500011003,2004,0.448443232,0.0,0.448443232
120500011003,2005,0.137287058,0.0,0.137287058
120500011003,2006,0.051796647,0.0,0.051796647
120500011003,2007,0.077600175,0.0,0.077600175
120500011003,2008,0.035351896,0.0,0.035351896
120500011003,2009,0.380047101,0.0,0.380047101
120500011003,2010,0.926906378,0.0,0.926906378
120500011003,2011,0.041091811,0.0,0.041091811
120500011003,2012,0.01390894,0.0,0.01390894
120500011003,2013,1.114150652,0.0,1.114150652
120500011003,2014,0.501840397,0.0,0.501840397
120500011003,2015,0.621766584,0.0,0.621766584
120500011003,2016,0.28355573,0.0,0.28355573
120500011003,2017,0.43989457,0.0,0.43989457
120500011003,2018,0.860568668,0.0,0.860568668
120500011003,2019,1.590247748,0.0,1.590247748
120500011003,2020,0.277614238,0.0,0.277614238
120500011004,2000,8.012942541,0.0,8.012942541
120500011004,2001,5.933356247,0.0,5.933356247
120500011004,2002,6.769563649,0.0,6.769563649
120500011004,2003,6.483240545,0.0,6.483240545
120500011004,2004,4.706639,0.0,4.706639
120500011004,2005,1.657535414,0.0,1.657535414
120500011004,2006,5.429196151,0.0,5.429196151
120500011004,2007,5.567516411,0.0,5.567516411
120500011004,2008,5.103792943,0.0,5.103792943
120500011004,2009,5.183818329,0.0,5.183818329
120500011004,2010,6.770869016,0.0,6.770869016
120500011004,2011,4.951405233,0.0,4.951405233
120500011004,2012,5.257908475,0.0,5.257908475
120500011004,2013,5.81007177,0.0,5.81007177
120500011004,2014,5.120449658,0.0,5.120449658
120500011004,2015,5.589385353,0.0,5.589385353
120500011004,2016,6.357316224,0.0,6.357316224
120500011004,2017,4.728475989,0.0,4.728475989
120500011004,2018,4.176937693,0.0,4.176937693
120500011004,2019,3.939890282,0.0,3.939890282
120500011004,2020,5.291064975,0.0,5.291064975
120500011005,2000,0.143678577,0.0,0.143678577
120500011005,2001,0.4414238,0.0,0.4414238
120500011005,2002,0.752163022,0.0,0.752163022
120500011005,2003,0.57842843,0.0,0.57842843
120500011005,2004,0.153843238,0.0,0.153843238
120500011005,2005,0.437310885,0.0,0.437310885
120500011005,2006,0.116051044,0.0,0.116051044
120500011005,2007,0.24561389,0.0,0.24561389
120500011005,2008,0.182487713,0.0,0.182487713
120500011005,2009,0.435831186,0.0,0.435831186
120500011005,2010,0.334568819,0.0,0.334568819
120500011005,2011,0.272273077,0.0,0.272273077
120500011005,2012,0.269234232,0.0,0.269234232
120500011005,2013,0.748536126,0.0,0.748536126
120500011005,2014,0.546842586,0.0,0.546842586
120500011005,2015,0.413454962,0.0,0.413454962
120500011005,2016,0.554231634,0.0,0.554231634
120500011005,2017,0.55173937,0.0,0.55173937
120500011005,2018,0.21340849,0.0,0.21340849
120500011005,2019,0.417357203,0.0,0.417357203
120500011005,2020,0.862377858,0.0,0.862377858
120500011006,2000,0.13979076,0.0,0.13979076
120500011006,2001,0.103812674,0.0,0.103812674
120500011006,2002,0.341574625,0.0,0.341574625
120500011006,2003,0.25933849,0.0,0.25933849
120500011006,2004,0.413824926,0.0,0.413824926
120500011006,2005,0.192216334,0.0,0.192216334
120500011006,2006,0.155711773,0.0,0.155711773
120500011006,2007,0.148764515,0.0,0.148764515
120500011006,2008,0.287759765,0.0,0.287759765
120500011006,2009,0.356521222,0.0,0.356521222
120500011006,2010,0.237007718,0.0,0.237007718
120500011006,2011,0.089474058,0.0,0.089474058
120500011006,2012,0.161249139,0.0,0.161249139
120500011006,2013,0.145603452,0.0,0.145603452
120500011006,2014,0.189645625,0.0,0.189645625
120500011006,2015,0.260256781,0.0,0.260256781
120500011006,2016,0.094920945,0.0,0.094920945
120500011006,2017,0.156297671,0.0,0.156297671
120500011006,2018,1.386180638,0.0,1.386180638
120500011006,2019,0.498867507,0.0,0.498867507
120500011006,2020,0.871240202,0.0,0.871240202
120500011101,2000,6.942695716,0.0,6.942695716
120500011101,2001,6.30992283,0.0,6.30992283
120500011101,2002,7.435585367,0.0,7.435585367
120500011101,2003,5.315435888,0.0,5.315435888
120500011101,2004,4.644719344,0.0,4.644719344
120500011101,2005,6.209769129,0.0,6.209769129
120500011101,2006,3.99308106,0.0,3.99308106
120500011101,2007,5.587184326,0.0,5.587184326
120500011101,2008,4.720041107,0.0,4.720041107
120500011101,2009,6.05912209,0.0,6.05912209
120500011101,2010,6.842812945,0.0,6.842812945
120500011101,2011,5.399352707,0.0,5.399352707
120500011101,2012,4.762501508,0.0,4.762501508
120500011101,2013,6.707573734,0.0,6.707573734
120500011101,2014,3.968009816,0.0,3.968009816
120500011101,2015,4.07540783,0.0,4.07540783
120500011101,2016,7.668494806,0.0,7.668494806
120500011101,2017,4.588906255,0.0,4.588906255
120500011101,2018,4.224475493,0.0,4.224475493
120500011101,2019,4.495435932,0.0,4.495435932
120500011101,2020,7.174447205,0.0,7.174447205
120500011102,2000,0.871909896,0.0,0.871909896
120500011102,2001,1.97548991,0.0,1.97548991
120500011102,2002,2.682637447,0.0,2.682637447
120500011102,2003,1.598630562,0.0,1.598630562
120500011102,2004,2.303605855,0.0,2.303605855
120500011102,2005,3.016341441,0.0,3.016341441
120500011102,2006,1.469793962,0.0,1.469793962
120500011102,2007,3.109658712,0.0,3.109658712
120500011102,2008,3.253013888,0.0,3.253013888
120500011102,2009,3.211326636,0.0,3.211326636
120500011102,2010,3.994696732,0.0,3.994696732
120500011102,2011,2.116905501,0.0,2.116905501
120500011102,2012,1.846843749,0.0,1.846843749
120500011102,2013,4.55592157,0.0,4.55592157
120500011102,2014,1.816087542,0.0,1.816087542
120500011102,2015,2.829605334,0.0,2.829605334
120500011102,2016,4.646109634,0.0,4.646109634
120500011102,2017,2.444748852,0.0,2.444748852
120500011102,2018,2.828032151,0.0,2.828032151
120500011102,2019,4.389365189,0.0,4.389365189
120500011102,2020,3.76879168,0.0,3.76879168
120500011103,2000,6.158223975,0.0,6.158223975
120500011103,2001,5.856278384,0.0,5.856278384
120500011103,2002,6.954964233,0.0,6.954964233
120500011103,2003,6.338442,0.0,6.338442
120500011103,2004,6.216579374,0.0,6.216579374
120500011103,2005,6.297654148,0.0,6.297654148
120500011103,2006,6.237214696,0.0,6.237214696
120500011103,2007,6.703554173,0.0,6.703554173
120500011103,2008,5.309322317,0.0,5.309322317
120500011103,2009,7.08449866,0.0,7.08449866
120500011103,2010,8.255233386,0.0,8.255233386
120500011103,2011,3.657199167,0.0,3.657199167
120500011103,2012,3.568835915,0.0,3.568835915
120500011103,2013,9.820227433,0.0,9.820227433
120500011103,2014,7.029731521,0.0,7.029731521
120500011103,2015,8.810935967,0.0,8.810935967
120500011103,2016,9.24064112,0.0,9.24064112
120500011103,2017,5.658423241,0.0,5.658423241
120500011103,2018,4.88573766,0.0,4.88573766
120500011103,2019,8.880428186,0.0,8.880428186
120500011103,2020,7.683103803,0.0,7.683103803
120500011104,2000,18.639005164,0.0,18.639005164
120500011104,2001,14.183085959,0.0,14.183085959
120500011104,2002,17.168779827,0.0,17.168779827
120500011104,2003,16.136145104,0.0,16.136145104
120500011104,2004,12.685159148,0.0,12.685159148
120500011104,2005,13.806335274,0.0,13.806335274
120500011104,2006,11.85055686,0.0,11.85055686
120500011104,2007,14.312770742,0.0,14.312770742
120500011104,2008,13.101098011,0.0,13.101098011
120500011104,2009,15.564170238,0.0,15.564170238
120500011104,2010,17.204964375,0.0,17.204964375
120500011104,2011,9.421342471,0.0,9.421342471
120500011104,2012,8.733550762,0.0,8.733550762
120500011104,2013,18.83484123,0.0,18.83484123
120500011104,2014,16.300411619,0.0,16.300411619
120500011104,2015,13.317938732,0.0,13.317938732
120500011104,2016,18.616546896,0.0,18.616546896
120500011104,2017,10.097224049,0.0,10.097224049
120500011104,2018,9.42357003,0.0,9.42357003
120500011104,2019,11.474525756,0.0,11.474525756
120500011104,2020,12.948539443,0.0,12.948539443
120500011105,2000,4.663242311,0.0,4.663242311
120500011105,2001,4.563296258,0.0,4.563296258
120500011105,2002,7.94332734,0.0,7.94332734
120500011105,2003,6.255190975,0.0,6.255190975
120500011105,2004,7.957473872,0.0,7.957473872
120500011105,2005,7.703530288,0.0,7.703530288
120500011105,2006,7.702625737,0.0,7.702625737
120500011105,2007,8.279440597,0.0,8.279440597
120500011105,2008,8.314791153,0.0,8.314791153
120500011105,2009,10.744441567,0.0,10.744441567
120500011105,2010,12.710761704,0.0,12.710761704
120500011105,2011,8.329291203,0.0,8.329291203
120500011105,2012,5.455796833,0.0,5.455796833
120500011105,2013,11.615805173,0.0,11.615805173
120500011105,2014,7.224299178,0.0,7.224299178
120500011105,2015,10.217363405,0.0,10.217363405
120500011105,2016,11.647642393,0.0,11.647642393
120500011105,2017,6.407225792,0.0,6.407225792
120500011105,2018,6.046782019,0.0,6.046782019
120500011105,2019,10.238845137,0.0,10.238845137
120500011105,2020,8.499340372,0.0,8.499340372
120500011106,2000,0.870938842,0.0,0.870938842
120500011106,2001,1.524300444,0.0,1.524300444
120500011106,2002,3.150771964,0.0,3.150771964
120500011106,2003,2.159049195,0.0,2.159049195
120500011106,2004,4.417246377,0.0,4.417246377
120500011106,2005,3.220555589,0.0,3.220555589
120500011106,2006,2.856807901,0.0,2.856807901
120500011106,2007,3.428981633,0.0,3.428981633
120500011106,2008,4.312602281,0.0,4.312602281
120500011106,2009,4.625881381,0.0,4.625881381
120500011106,2010,5.154135773,0.0,5.154135773
120500011106,2011,2.328593433,0.0,2.328593433
120500011106,2012,1.672970104,0.0,1.672970104
120500011106,2013,7.057203901,0.0,7.057203901
120500011106,2014,2.014598121,0.0,2.014598121
120500011106,2015,5.854536093,0.0,5.854536093
120500011106,2016,5.351540989,0.0,5.351540989
120500011106,2017,2.678690581,0.0,2.678690581
120500011106,2018,3.869038447,0.0,3.869038447
120500011106,2019,6.235929625,0.0,6.235929625
120500011106,2020,4.198009235,0.0,4.198009235
120500011107,2000,7.953179773,0.0,7.953179773
120500011107,2001,8.933573578,0.0,8.933573578
120500011107,2002,14.361220605,0.0,14.361220605
120500011107,2003,8.363355625,0.0,8.363355625
120500011107,2004,13.024305456,0.0,13.024305456
120500011107,2005,14.611034852,0.0,14.611034852
120500011107,2006,10.385257732,0.0,10.385257732
120500011107,2007,15.690585688,0.0,15.690585688
120500011107,2008,14.963498716,0.0,14.963498716
120500011107,2009,16.384963893,0.0,16.384963893
120500011107,2010,19.656832384,0.0,19.656832384
120500011107,2011,11.01381043,0.0,11.01381043
120500011107,2012,10.934760658,0.0,10.934760658
120500011107,2013,17.194335452,0.0,17.194335452
120500011107,2014,11.152575077,0.0,11.152575077
120500011107,2015,17.520812342,0.0,17.520812342
120500011107,2016,22.062534975,0.0,22.062534975
120500011107,2017,11.293032973,0.0,11.293032973
120500011107,2018,9.752030307,0.0,9.752030307
120500011107,2019,16.346435685,0.0,16.346435685
120500011107,2020,14.872437175,0.0,14.872437175
120500011201,2000,12.569812355,0.0,12.569812355
120500011201,2001,10.319689737,0.0,10.319689737
120500011201,2002,10.931347244,0.0,10.931347244
120500011201,2003,8.287420077,0.0,8.287420077
120500011201,2004,7.38187879,0.0,7.38187879
120500011201,2005,9.142109792,0.0,9.142109792
120500011201,2006,8.838513764,0.0,8.838513764
120500011201,2007,9.645058918,0.0,9.645058918
120500011201,2008,8.832233077,0.0,8.832233077
120500011201,2009,10.076211625,0.0,10.076211625
120500011201,2010,12.864401962,0.0,12.864401962
120500011201,2011,7.968802712,0.0,7.968802712
120500011201,2012,7.749990628,0.0,7.749990628
120500011201,2013,9.998143416,0.0,9.998143416
120500011201,2014,8.803712452,0.0,8.803712452
120500011201,2015,11.281897781,0.0,11.281897781
120500011201,2016,10.150195541,0.0,10.150195541
120500011201,2017,9.090898929,0.0,9.090898929
120500011201,2018,7.861359992,0.0,7.861359992
120500011201,2019,10.769991195,0.0,10.769991195
120500011201,2020,13.065383459,0.0,13.065383459
120500011202,2000,3.189157169,0.0,3.189157169
120500011202,2001,2.802351855,0.0,2.802351855
120500011202,2002,3.850743167,0.0,3.850743167
120500011202,2003,4.008012685,0.0,4.008012685
120500011202,2004,3.280869418,0.0,3.280869418
120500011202,2005,3.971491707,0.0,3.971491707
120500011202,2006,3.132448745,0.0,3.132448745
120500011202,2007,4.015055718,0.0,4.015055718
120500011202,2008,3.844631637,0.0,3.844631637
120500011202,2009,5.560220452,0.0,5.560220452
120500011202,2010,7.029697279,0.0,7.029697279
120500011202,2011,3.612116381,0.0,3.612116381
120500011202,2012,3.803977544,0.0,3.803977544
120500011202,2013,5.586927586,0.0,5.586927586
120500011202,2014,4.993827033,0.0,4.993827033
120500011202,2015,6.700902485,0.0,6.700902485
120500011202,2016,6.363257101,0.0,6.363257101
120500011202,2017,5.688094378,0.0,5.688094378
120500011202,2018,3.111595682,0.0,3.111595682
120500011202,2019,4.592080066,0.0,4.592080066
120500011202,2020,6.506392683,0.0,6.506392683
120500011203,2000,3.249960104,0.003249899,3.246710205
120500011203,2001,5.856196537,0.005856197,5.850340337
120500011203,2002,5.080121312,0.005080241,5.075041068
120500011203,2003,5.37342651,0.005373485,5.36805311
120500011203,2004,3.549661421,0.003549686,3.546111735
120500011203,2005,6.036729584,0.006036822,6.030692844
120500011203,2006,5.553651323,0.005553627,5.548097781
120500011203,2007,6.773787414,0.006773833,6.767013666
120500011203,2008,5.023271593,0.005023175,5.018248336
120500011203,2009,6.747676038,0.006747679,6.740928362
120500011203,2010,9.42598257,0.009425934,9.416556721
120500011203,2011,6.19152791,0.006191482,6.185336258
120500011203,2012,5.317157934,0.005317161,5.311840689
120500011203,2013,9.002179312,0.00900223,8.993177167
120500011203,2014,7.343176241,0.00734309,7.335832984
120500011203,2015,7.000271682,0.007000334,6.993271348
120500011203,2016,8.104973645,0.008104975,8.096868672
120500011203,2017,6.610874063,0.006610962,6.604263268
120500011203,2018,4.435511666,0.004435392,4.431076192
120500011203,2019,6.983488901,0.00698351,6.976505392
120500011203,2020,5.951386306,0.005951497,5.945434893
120500011301,2000,8.41230229,0.0,8.41230229
120500011301,2001,6.079015499,0.0,6.079015499
120500011301,2002,10.0168534,0.0,10.0168534
120500011301,2003,7.487355225,0.0,7.487355225
120500011301,2004,5.97482715,0.0,5.97482715
120500011301,2005,7.05540811,0.0,7.05540811
120500011301,2006,6.012909044,0.0,6.012909044
120500011301,2007,9.595372693,0.0,9.595372693
120500011301,2008,9.00709738,0.0,9.00709738
120500011301,2009,9.624355816,0.0,9.624355816
120500011301,2010,11.222985636,0.0,11.222985636
120500011301,2011,8.678837132,0.0,8.678837132
120500011301,2012,8.346234317,0.0,8.346234317
120500011301,2013,15.762127173,0.0,15.762127173
120500011301,2014,7.485175584,0.0,7.485175584
120500011301,2015,9.068625671,0.0,9.068625671
120500011301,2016,12.345995762,0.0,12.345995762
120500011301,2017,7.716472274,0.0,7.716472274
120500011301,2018,5.816787063,0.0,5.816787063
120500011301,2019,10.123532173,0.0,10.123532173
120500011301,2020,12.049509571,0.0,12.049509571
120500011302,2000,4.277278593,0.0,4.277278593
120500011302,2001,4.343523512,0.0,4.343523512
120500011302,2002,4.832109471,0.0,4.832109471
120500011302,2003,5.265775995,0.0,5.265775995
120500011302,2004,3.262228705,0.0,3.262228705
120500011302,2005,4.871635767,0.0,4.871635767
120500011302,2006,4.439813899,0.0,4.439813899
120500011302,2007,5.258127762,0.0,5.258127762
120500011302,2008,5.116446872,0.005116475,5.111330402
120500011302,2009,5.316644551,0.0,5.316644551
120500011302,2010,7.131769337,0.0,7.131769337
120500011302,2011,6.3950216,0.0,6.3950216
120500011302,2012,4.05295423,0.0,4.05295423
120500011302,2013,6.817944049,0.006817852,6.811126197
120500011302,2014,5.092993553,0.0,5.092993553
120500011302,2015,7.080411038,0.0,7.080411038
120500011302,2016,8.372296814,0.0,8.372296814
120500011302,2017,3.440368668,0.003440367,3.436928386
120500011302,2018,3.663516967,0.0,3.663516967
120500011302,2019,6.996461156,0.006996608,6.989464633
120500011302,2020,7.681014117,0.0,7.681014117
120500011303,2000,6.188341497,0.0,6.188341497
120500011303,2001,6.221838693,0.0,6.221838693
120500011303,2002,7.518461386,0.0,7.518461386
120500011303,2003,7.789852315,0.0,7.789852315
120500011303,2004,6.061430251,0.0,6.061430251
120500011303,2005,5.56954977,0.0,5.56954977
120500011303,2006,8.096567614,0.0,8.096567614
120500011303,2007,8.826010899,0.0,8.826010899
120500011303,2008,7.666224538,0.0,7.666224538
120500011303,2009,8.691527723,0.0,8.691527723
120500011303,2010,11.405614334,0.0,11.405614334
120500011303,2011,5.749795153,0.0,5.749795153
120500011303,2012,4.65747894,0.0,4.65747894
120500011303,2013,11.188438288,0.0,11.188438288
120500011303,2014,8.530527003,0.0,8.530527003
120500011303,2015,10.209190808,0.0,10.209190808
120500011303,2016,12.587027658,0.0,12.587027658
120500011303,2017,7.626609742,0.0,7.626609742
120500011303,2018,5.003530203,0.0,5.003530203
120500011303,2019,8.580975707,0.0,8.580975707
120500011303,2020,9.540788639,0.0,9.540788639
120500011304,2000,5.51928679,0.005519279,5.513767508
120500011304,2001,6.462848679,0.006462797,6.456385715
120500011304,2002,6.430063704,0.006430126,6.423633493
120500011304,2003,5.368032838,0.005368011,5.362664827
120500011304,2004,3.4945965,0.00349459,3.491102077
120500011304,2005,5.458003274,0.005458033,5.452545159
120500011304,2006,6.340343888,0.0063404,6.33400357
120500011304,2007,7.292639521,0.00729263,7.285346808
120500011304,2008,5.104878115,0.005104844,5.099773189
120500011304,2009,6.207648036,0.006207548,6.201440318
120500011304,2010,9.233802959,0.00923383,9.224569293
120500011304,2011,4.685733011,0.004685688,4.681047323
120500011304,2012,4.108383139,0.00410832,4.104274904
120500011304,2013,8.408121852,0.008408142,8.399713712
120500011304,2014,5.538777156,0.005538699,5.533238288
120500011304,2015,7.788569247,0.007788666,7.780780663
120500011304,2016,8.563447997,0.008563549,8.554884609
120500011304,2017,6.317355011,0.0063174,6.311037693
120500011304,2018,4.812507868,0.004812414,4.807695205
120500011304,2019,8.361331833,0.008361296,8.352970282
120500011304,2020,5.105618962,0.005105639,5.100513486
120500011305,2000,6.41787288,0.006417814,6.411455068
120500011305,2001,7.959382397,0.007959452,7.951423112
120500011305,2002,6.110249077,0.00611037,6.104138707
120500011305,2003,6.608426397,0.006608356,6.601817789
120500011305,2004,4.695363918,0.004695352,4.69066865
120500011305,2005,6.030659718,0.006030641,6.024629159
120500011305,2006,4.845538926,0.004845474,4.840693285
120500011305,2007,6.58971666,0.00658971,6.583126953
120500011305,2008,6.386760683,0.006386776,6.380374071
120500011305,2009,5.870391992,0.005870458,5.864521614
120500011305,2010,10.319211858,0.010319279,10.308892581
120500011305,2011,5.276251584,0.005276271,5.27097531
120500011305,2012,4.755908872,0.004755929,4.751152943
120500011305,2013,6.747493652,0.006747556,6.740746184
120500011305,2014,6.025732449,0.006025786,6.019706833
120500011305,2015,7.640877995,0.007640814,7.633236847
120500011305,2016,8.870458566,0.008870369,8.861588281
120500011305,2017,6.255154504,0.006255082,6.248899173
120500011305,2018,5.189140512,0.005189159,5.183951523
120500011305,2019,8.064726819,0.008064682,8.056662052
120500011305,2020,7.171124883,0.00717126,7.163953874
120500020204,2000,20.651965527,0.0,20.651965527
120500020204,2001,25.486369008,0.0,25.486369008
120500020204,2002,22.184286079,0.0,22.184286079
120500020204,2003,19.923241753,0.0,19.923241753
120500020204,2004,17.68642697,0.0,17.68642697
120500020204,2005,18.411787301,0.0,18.411787301
120500020204,2006,21.121299485,0.0,21.121299485
120500020204,2007,22.065297025,0.0,22.065297025
120500020204,2008,16.507309019,0.0,16.507309019
120500020204,2009,19.166986616,0.0,19.166986616
120500020204,2010,24.188015597,0.0,24.188015597
120500020204,2011,16.977482052,0.0,16.977482052
120500020204,2012,19.167046134,0.0,19.167046134
120500020204,2013,12.320009123,0.0,12.320009123
120500020204,2014,18.759889022,0.0,18.759889022
120500020204,2015,19.432107644,0.0,19.432107644
120500020204,2016,23.230115699,0.0,23.230115699
120500020204,2017,23.05610954,0.0,23.05610954
120500020204,2018,14.152297195,0.0,14.152297195
120500020204,2019,18.643546222,0.0,18.643546222
120500020204,2020,18.553166306,0.0,18.553166306
120500020303,2000,23.570106022,0.0,23.570106022
120500020303,2001,27.931195652,0.0,27.931195652
120500020303,2002,24.730108874,0.0,24.730108874
120500020303,2003,24.62789323,0.0,24.62789323
120500020303,2004,18.273834153,0.0,18.273834153
120500020303,2005,20.852436718,0.0,20.852436718
120500020303,2006,22.632249477,0.0,22.632249477
120500020303,2007,23.726831559,0.0,23.726831559
120500020303,2008,18.221684219,0.0,18.221684219
120500020303,2009,20.776794077,0.0,20.776794077
120500020303,2010,28.020369879,0.0,28.020369879
120500020303,2011,17.945689167,0.0,17.945689167
120500020303,2012,24.45243591,0.0,24.45243591
120500020303,2013,17.168871504,0.0,17.168871504
120500020303,2014,18.680743567,0.0,18.680743567
120500020303,2015,20.669491553,0.0,20.669491553
120500020303,2016,22.580062443,0.0,22.580062443
120500020303,2017,23.690082222,0.0,23.690082222
120500020303,2018,15.126247844,0.0,15.126247844
120500020303,2019,18.905666836,0.0,18.905666836
120500020303,2020,17.785215172,0.0,17.785215172
120500020401,2000,15.906419391,0.0,15.906419391
120500020401,2001,14.174307011,0.0,14.174307011
120500020401,2002,14.470487548,0.0,14.470487548
120500020401,2003,11.852919901,0.0,11.852919901
120500020401,2004,12.307481246,0.0,12.307481246
120500020401,2005,12.844110121,0.0,12.844110121
120500020401,2006,13.968246332,0.0,13.968246332
120500020401,2007,12.900026756,0.0,12.900026756
120500020401,2008,10.643542508,0.0,10.643542508
120500020401,2009,12.486088595,0.0,12.486088595
120500020401,2010,14.303570074,0.0,14.303570074
120500020401,2011,8.770282178,0.0,8.770282178
120500020401,2012,12.986915352,0.0,12.986915352
120500020401,2013,11.354965463,0.0,11.354965463
120500020401,2014,11.574733825,0.0,11.574733825
120500020401,2015,12.694632677,0.0,12.694632677
120500020401,2016,13.746043041,0.0,13.746043041
120500020401,2017,13.277872403,0.0,13.277872403
120500020401,2018,9.168662734,0.0,9.168662734
120500020401,2019,10.645638203,0.0,10.645638203
120500020401,2020,11.284735505,0.0,11.284735505
120500020402,2000,26.322939508,0.0,26.322939508
120500020402,2001,28.297497904,0.0,28.297497904
120500020402,2002,27.108409203,0.0,27.108409203
120500020402,2003,21.816206619,0.0,21.816206619
120500020402,2004,18.716583366,0.0,18.716583366
120500020402,2005,23.357946871,0.0,23.357946871
120500020402,2006,21.672209063,0.0,21.672209063
120500020402,2007,22.579716362,0.0,22.579716362
120500020402,2008,18.467287325,0.0,18.467287325
120500020402,2009,23.942763145,0.0,23.942763145
120500020402,2010,26.785297332,0.0,26.785297332
120500020402,2011,19.519558282,0.0,19.519558282
120500020402,2012,23.478111385,0.0,23.478111385
120500020402,2013,19.137468518,0.0,19.137468518
120500020402,2014,21.259474321,0.0,21.259474321
120500020402,2015,20.514028682,0.0,20.514028682
120500020402,2016,22.202910098,0.0,22.202910098
120500020402,2017,22.811207844,0.0,22.811207844
120500020402,2018,14.330358981,0.0,14.330358981
120500020402,2019,16.182085304,0.0,16.182085304
120500020402,2020,18.891323574,0.0,18.891323574
120500020403,2000,26.225341339,0.0,26.225341339
120500020403,2001,25.356407764,0.0,25.356407764
120500020403,2002,28.855505723,0.0,28.855505723
120500020403,2003,22.268182266,0.0,22.268182266
120500020403,2004,23.964277437,0.0,23.964277437
120500020403,2005,24.514125844,0.0,24.514125844
120500020403,2006,23.617465981,0.0,23.617465981
120500020403,2007,27.690415271,0.0,27.690415271
120500020403,2008,21.094331128,0.0,21.094331128
120500020403,2009,24.399562858,0.0,24.399562858
120500020403,2010,32.267716827,0.0,32.267716827
120500020403,2011,23.081145227,0.0,23.081145227
120500020403,2012,22.265661967,0.0,22.265661967
120500020403,2013,23.326317863,0.0,23.326317863
120500020403,2014,24.693944258,0.0,24.693944258
120500020403,2015,23.225900427,0.0,23.225900427
120500020403,2016,26.349994361,0.0,26.349994361
120500020403,2017,22.93785929,0.0,22.93785929
120500020403,2018,18.388630753,0.0,18.388630753
120500020403,2019,17.019115742,0.0,17.019115742
120500020403,2020,24.328283536,0.0,24.328283536
120500020404,2000,17.510390869,0.0,17.510390869
120500020404,2001,16.289468258,0.0,16.289468258
120500020404,2002,16.315488512,0.0,16.315488512
120500020404,2003,13.774183633,0.0,13.774183633
120500020404,2004,13.565385678,0.0,13.565385678
120500020404,2005,15.551867729,0.0,15.551867729
120500020404,2006,14.582090397,0.0,14.582090397
120500020404,2007,16.491979775,0.0,16.491979775
120500020404,2008,12.977295101,0.0,12.977295101
120500020404,2009,15.517998507,0.0,15.517998507
120500020404,2010,18.957185219,0.0,18.957185219
120500020404,2011,16.806493775,0.0,16.806493775
120500020404,2012,17.010249074,0.0,17.010249074
120500020404,2013,18.575352312,0.0,18.575352312
120500020404,2014,17.647267173,0.0,17.647267173
120500020404,2015,16.764688036,0.0,16.764688036
120500020404,2016,18.534529388,0.0,18.534529388
120500020404,2017,16.417764877,0.0,16.417764877
120500020404,2018,12.639858921,0.0,12.639858921
120500020404,2019,12.190141003,0.0,12.190141003
120500020404,2020,15.373906888,0.0,15.373906888
120500020405,2000,13.404889585,0.0,13.404889585
120500020405,2001,11.974893619,0.0,11.974893619
120500020405,2002,14.001105932,0.0,14.001105932
120500020405,2003,12.853003389,0.0,12.853003389
120500020405,2004,10.516631768,0.0,10.516631768
120500020405,2005,11.857010603,0.0,11.857010603
120500020405,2006,11.742476523,0.0,11.742476523
120500020405,2007,13.354235997,0.0,13.354235997
120500020405,2008,10.737009404,0.0,10.737009404
120500020405,2009,13.264587252,0.0,13.264587252
120500020405,2010,16.379135584,0.0,16.379135584
120500020405,2011,12.838029863,0.0,12.838029863
120500020405,2012,13.007408984,0.0,13.007408984
120500020405,2013,13.042313216,0.0,13.042313216
120500020405,2014,13.532223627,0.0,13.532223627
120500020405,2015,12.428827356,0.0,12.428827356
120500020405,2016,13.255936533,0.0,13.255936533
120500020405,2017,13.194767589,0.0,13.194767589
120500020405,2018,9.403659551,0.0,9.403659551
120500020405,2019,9.17267814,0.0,9.17267814
120500020405,2020,13.760494128,0.0,13.760494128
120500020406,2000,29.136145727,0.0,29.136145727
120500020406,2001,27.685721016,0.0,27.685721016
120500020406,2002,27.616917318,0.0,27.616917318
120500020406,2003,22.633359759,0.0,22.633359759
120500020406,2004,24.091490254,0.0,24.091490254
120500020406,2005,25.253744101,0.0,25.253744101
120500020406,2006,25.201977397,0.0,25.201977397
120500020406,2007,27.996919433,0.0,27.996919433
120500020406,2008,21.974327087,0.0,21.974327087
120500020406,2009,26.271868545,0.0,26.271868545
120500020406,2010,31.832230803,0.0,31.832230803
120500020406,2011,24.314747658,0.0,24.314747658
120500020406,2012,25.130545634,0.0,25.130545634
120500020406,2013,29.801158825,0.0,29.801158825
120500020406,2014,28.32398494,0.0,28.32398494
120500020406,2015,27.200285271,0.0,27.200285271
120500020406,2016,26.27587597,0.0,26.27587597
120500020406,2017,23.276646285,0.0,23.276646285
120500020406,2018,20.807783008,0.0,20.807783008
120500020406,2019,16.491165852,0.0,16.491165852
120500020406,2020,20.382389904,0.0,20.382389904
120500020407,2000,27.244508478,0.0,27.244508478
120500020407,2001,26.819593071,0.0,26.819593071
120500020407,2002,27.980921027,0.0,27.980921027
120500020407,2003,21.973214874,0.0,21.973214874
120500020407,2004,23.159216066,0.0,23.159216066
120500020407,2005,24.983685619,0.0,24.983685619
120500020407,2006,23.048085345,0.0,23.048085345
120500020407,2007,29.125220115,0.0,29.125220115
120500020407,2008,21.702048276,0.0,21.702048276
120500020407,2009,25.435044748,0.0,25.435044748
120500020407,2010,31.247246181,0.0,31.247246181
120500020407,2011,23.935093088,0.0,23.935093088
120500020407,2012,26.050564923,0.0,26.050564923
120500020407,2013,30.158337449,0.0,30.158337449
120500020407,2014,29.448605381,0.0,29.448605381
120500020407,2015,25.782608058,0.0,25.782608058
120500020407,2016,28.084473828,0.0,28.084473828
120500020407,2017,24.182526047,0.0,24.182526047
120500020407,2018,21.952904071,0.0,21.952904071
120500020407,2019,17.622912592,0.0,17.622912592
120500020407,2020,21.925781003,0.0,21.925781003
120500020408,2000,2.458411262,0.0,2.458411262
120500020408,2001,2.541187868,0.0,2.541187868
120500020408,2002,2.773650153,0.0,2.773650153
120500020408,2003,2.371628277,0.0,2.371628277
120500020408,2004,2.614665388,0.0,2.614665388
120500020408,2005,2.723372567,0.0,2.723372567
120500020408,2006,2.37636051,0.0,2.37636051
120500020408,2007,2.674441403,0.0,2.674441403
120500020408,2008,2.36346462,0.0,2.36346462
120500020408,2009,2.388129433,0.0,2.388129433
120500020408,2010,3.793922997,0.0,3.793922997
120500020408,2011,2.633458523,0.0,2.633458523
120500020408,2012,2.264330486,0.0,2.264330486
120500020408,2013,5.015881707,0.0,5.015881707
120500020408,2014,3.59385931,0.0,3.59385931
120500020408,2015,3.335433041,0.0,3.335433041
120500020408,2016,4.682517626,0.0,4.682517626
120500020408,2017,4.00233006,0.0,4.00233006
120500020408,2018,3.008358005,0.0,3.008358005
120500020408,2019,3.912742025,0.0,3.912742025
120500020408,2020,3.801814497,0.0,3.801814497
120500020409,2000,5.315027626,0.0,5.315027626
120500020409,2001,4.952856581,0.0,4.952856581
120500020409,2002,6.871955512,0.0,6.871955512
120500020409,2003,6.909178542,0.0,6.909178542
120500020409,2004,7.700887943,0.0,7.700887943
120500020409,2005,6.269663236,0.0,6.269663236
120500020409,2006,7.493161332,0.0,7.493161332
120500020409,2007,7.122045225,0.0,7.122045225
120500020409,2008,6.208731675,0.0,6.208731675
120500020409,2009,7.328420764,0.0,7.328420764
120500020409,2010,8.801524077,0.0,8.801524077
120500020409,2011,6.519178786,0.0,6.519178786
120500020409,2012,7.421509754,0.0,7.421509754
120500020409,2013,13.313832534,0.0,13.313832534
120500020409,2014,11.961985532,0.0,11.961985532
120500020409,2015,7.901028307,0.0,7.901028307
120500020409,2016,9.495516833,0.0,9.495516833
120500020409,2017,7.558075567,0.0,7.558075567
120500020409,2018,7.469502816,0.0,7.469502816
120500020409,2019,7.573568762,0.0,7.573568762
120500020409,2020,7.972433552,0.0,7.972433552
120500020410,2000,26.570971525,0.0,26.570971525
120500020410,2001,28.770994795,0.0,28.770994795
120500020410,2002,25.18710434,0.0,25.18710434
120500020410,2003,24.442990455,0.0,24.442990455
120500020410,2004,21.272766123,0.0,21.272766123
120500020410,2005,26.907369438,0.0,26.907369438
120500020410,2006,25.849952236,0.0,25.849952236
120500020410,2007,27.149386726,0.0,27.149386726
120500020410,2008,20.086058923,0.0,20.086058923
120500020410,2009,26.640222159,0.0,26.640222159
120500020410,2010,28.833722781,0.0,28.833722781
120500020410,2011,19.815228773,0.0,19.815228773
120500020410,2012,21.28954179,0.0,21.28954179
120500020410,2013,25.042559255,0.0,25.042559255
120500020410,2014,26.445898162,0.0,26.445898162
120500020410,2015,28.399186225,0.0,28.399186225
120500020410,2016,23.447233221,0.0,23.447233221
120500020410,2017,19.957572326,0.0,19.957572326
120500020410,2018,16.725892679,0.0,16.725892679
120500020410,2019,13.238527142,0.0,13.238527142
120500020410,2020,22.095957148,0.0,22.095957148
120500020411,2000,17.780116388,0.0,17.780116388
120500020411,2001,17.972872573,0.0,17.972872573
120500020411,2002,20.513217485,0.0,20.513217485
120500020411,2003,16.098952452,0.0,16.098952452
120500020411,2004,14.046858331,0.0,14.046858331
120500020411,2005,17.988439392,0.0,17.988439392
120500020411,2006,15.776515633,0.0,15.776515633
120500020411,2007,15.863837392,0.0,15.863837392
120500020411,2008,15.531641,0.0,15.531641
120500020411,2009,16.348173819,0.0,16.348173819
120500020411,2010,20.254134742,0.0,20.254134742
120500020411,2011,12.972961233,0.0,12.972961233
120500020411,2012,11.978256508,0.0,11.978256508
120500020411,2013,17.928933036,0.0,17.928933036
120500020411,2014,16.405261395,0.0,16.405261395
120500020411,2015,14.325861219,0.0,14.325861219
120500020411,2016,18.105033798,0.0,18.105033798
120500020411,2017,11.643416123,0.0,11.643416123
120500020411,2018,10.946483107,0.0,10.946483107
120500020411,2019,12.337693904,0.0,12.337693904
120500020411,2020,15.320028699,0.0,15.320028699
120500020412,2000,5.92667012,0.0,5.92667012
120500020412,2001,6.929201951,0.0,6.929201951
120500020412,2002,6.606943233,0.0,6.606943233
120500020412,2003,5.503637041,0.0,5.503637041
120500020412,2004,4.776192429,0.0,4.776192429
120500020412,2005,4.979265545,0.0,4.979265545
120500020412,2006,5.560885619,0.0,5.560885619
120500020412,2007,5.423428797,0.0,5.423428797
120500020412,2008,5.213323421,0.0,5.213323421
120500020412,2009,6.355888405,0.0,6.355888405
120500020412,2010,6.645133386,0.0,6.645133386
120500020412,2011,6.216069299,0.0,6.216069299
120500020412,2012,6.22109909,0.0,6.22109909
120500020412,2013,7.192368408,0.0,7.192368408
120500020412,2014,6.56248271,0.0,6.56248271
120500020412,2015,6.285324501,0.0,6.285324501
120500020412,2016,6.083297134,0.0,6.083297134
120500020412,2017,4.812214726,0.0,4.812214726
120500020412,2018,4.888646701,0.0,4.888646701
120500020412,2019,4.513836559,0.0,4.513836559
120500020412,2020,6.314223175,0.0,6.314223175
120500020501,2000,16.661303904,0.0,16.661303904
120500020501,2001,16.436245203,0.0,16.436245203
120500020501,2002,16.194328942,0.0,16.194328942
120500020501,2003,14.336824896,0.0,14.336824896
120500020501,2004,13.73872588,0.0,13.73872588
120500020501,2005,15.208512301,0.0,15.208512301
120500020501,2006,14.280260197,0.0,14.280260197
120500020501,2007,14.743549795,0.0,14.743549795
120500020501,2008,15.644404945,0.0,15.644404945
120500020501,2009,17.338703468,0.0,17.338703468
120500020501,2010,17.623120827,0.0,17.623120827
120500020501,2011,15.569602447,0.0,15.569602447
120500020501,2012,12.659179519,0.0,12.659179519
120500020501,2013,15.773214036,0.0,15.773214036
120500020501,2014,15.420771564,0.0,15.420771564
120500020501,2015,14.857803378,0.0,14.857803378
120500020501,2016,16.816066208,0.0,16.816066208
120500020501,2017,12.763169205,0.0,12.763169205
120500020501,2018,10.36782169,0.0,10.36782169
120500020501,2019,12.344126841,0.0,12.344126841
120500020501,2020,14.745400445,0.0,14.745400445
120500020502,2000,20.085196773,0.0,20.085196773
120500020502,2001,20.763730071,0.0,20.763730071
120500020502,2002,19.650575641,0.0,19.650575641
120500020502,2003,23.970086932,0.0,23.970086932
120500020502,2004,19.404008877,0.0,19.404008877
120500020502,2005,18.78548394,0.0,18.78548394
120500020502,2006,19.587153049,0.0,19.587153049
120500020502,2007,20.891380299,0.0,20.891380299
120500020502,2008,19.922208492,0.0,19.922208492
120500020502,2009,21.65817946,0.0,21.65817946
120500020502,2010,21.627574452,0.0,21.627574452
120500020502,2011,21.561068636,0.0,21.561068636
120500020502,2012,19.23249188,0.0,19.23249188
120500020502,2013,23.087191827,0.0,23.087191827
120500020502,2014,21.250077622,0.0,21.250077622
120500020502,2015,20.007878099,0.0,20.007878099
120500020502,2016,23.467385068,0.0,23.467385068
120500020502,2017,15.618536236,0.0,15.618536236
120500020502,2018,14.815111003,0.0,14.815111003
120500020502,2019,20.043866044,0.0,20.043866044
120500020502,2020,22.40691347,0.0,22.40691347
120500020503,2000,22.180919008,0.0,22.180919008
120500020503,2001,22.685357589,0.0,22.685357589
120500020503,2002,24.893582611,0.0,24.893582611
120500020503,2003,19.535903945,0.0,19.535903945
120500020503,2004,22.720645418,0.0,22.720645418
120500020503,2005,25.492923085,0.0,25.492923085
120500020503,2006,22.05206791,0.0,22.05206791
120500020503,2007,24.69178194,0.0,24.69178194
120500020503,2008,24.535331817,0.0,24.535331817
120500020503,2009,26.395812923,0.0,26.395812923
120500020503,2010,32.970767077,0.0,32.970767077
120500020503,2011,19.834923167,0.0,19.834923167
120500020503,2012,12.544069123,0.0,12.544069123
120500020503,2013,21.409630849,0.0,21.409630849
120500020503,2014,22.856752137,0.0,22.856752137
120500020503,2015,21.320764071,0.0,21.320764071
120500020503,2016,26.502373522,0.0,26.502373522
120500020503,2017,19.330081751,0.0,19.330081751
120500020503,2018,14.276455978,0.0,14.276455978
120500020503,2019,19.952004279,0.0,19.952004279
120500020503,2020,15.050005003,0.0,15.050005003
120500020504,2000,12.555333566,0.012555361,12.54277812
120500020504,2001,11.445846151,0.011445959,11.434400195
120500020504,2002,15.154854721,0.015154973,15.139699833
120500020504,2003,10.110587178,0.010110542,10.100476636
120500020504,2004,12.370040653,0.012370148,12.357670587
120500020504,2005,16.752895885,0.016752775,16.736143022
120500020504,2006,14.385268189,0.014385222,14.370882797
120500020504,2007,17.322405641,0.017322458,17.305083433
120500020504,2008,17.33046265,0.017330604,17.313132213
120500020504,2009,16.987157603,0.016987216,16.970170474
120500020504,2010,15.459315644,0.015459386,15.44385634
120500020504,2011,14.355505159,0.014355405,14.341149586
120500020504,2012,12.237393732,0.012237306,12.22515626
120500020504,2013,16.243195811,0.0,16.243195811
120500020504,2014,13.8322486,0.013832173,13.818416512
120500020504,2015,15.511977951,0.015512049,15.496466159
120500020504,2016,18.965519544,0.0,18.965519544
120500020504,2017,14.557978537,0.014558052,14.54342074
120500020504,2018,13.133369321,0.0,13.133369321
120500020504,2019,17.868075732,0.017868014,17.850207636
120500020504,2020,16.522138967,0.01652215,16.505616817
120500020505,2000,9.203231279,0.009203235,9.194027959
120500020505,2001,8.968127729,0.008968184,8.959159627
120500020505,2002,12.950581277,0.012950532,12.937630827
120500020505,2003,7.714334671,0.007714312,7.706620359
120500020505,2004,9.889720607,0.009889691,9.879831
120500020505,2005,13.700871614,0.013700989,13.68717071
120500020505,2006,12.087497647,0.012087553,12.075410178
120500020505,2007,13.558973167,0.013559019,13.54541423
120500020505,2008,13.912947432,0.013913038,13.899034393
120500020505,2009,13.801178438,0.013801192,13.787376995
120500020505,2010,13.834806553,0.013834863,13.820971521
120500020505,2011,14.564704162,0.014564805,14.550139438
120500020505,2012,8.884958656,0.008884992,8.876073749
120500020505,2013,14.338922562,0.014338967,14.324583677
120500020505,2014,11.720733038,0.011720792,11.709012411
120500020505,2015,11.620020732,0.011620047,11.608400767
120500020505,2016,17.688249068,0.017688262,17.670560891
120500020505,2017,12.52545166,0.012525474,12.512926271
120500020505,2018,12.554051458,0.012554022,12.541497351
120500020505,2019,16.714811619,0.016714751,16.698096866
120500020505,2020,16.753195473,0.016753194,16.736442199
120500020506,2000,2.854718891,0.002854803,2.851864172
120500020506,2001,2.869699008,0.002869701,2.866829392
120500020506,2002,2.283109236,0.002283126,2.280826192
120500020506,2003,2.374884915,0.00237483,2.372509918
120500020506,2004,1.70870094,0.001708779,1.706992243
120500020506,2005,2.176436356,0.002176403,2.174259784
120500020506,2006,2.827537893,0.002827501,2.824710392
120500020506,2007,2.547813797,0.002547795,2.545266085
120500020506,2008,1.78486306,0.001784921,1.783078137
120500020506,2009,1.920104173,0.001920153,1.918184019
120500020506,2010,5.156787923,0.005156734,5.151631107
120500020506,2011,0.818463178,0.000818595,0.817644918
120500020506,2012,0.971554907,0.000971601,0.970583309
120500020506,2013,3.311877877,0.003311885,3.30856591
120500020506,2014,2.7509424,0.002750937,2.748191545
120500020506,2015,4.284726879,0.004284822,4.280442222
120500020506,2016,3.249507041,0.003249612,3.246257596
120500020506,2017,1.911201049,0.001911236,1.909289814
120500020506,2018,4.067747619,0.004067775,4.063680011
120500020506,2019,5.084209786,0.005084356,5.079125595
120500020506,2020,3.759126719,0.003759191,3.755367527
120500020507,2000,6.820832839,0.006820833,6.814011921
120500020507,2001,5.773852392,0.005773781,5.768078526
120500020507,2002,3.388591427,0.003388548,3.385202962
120500020507,2003,4.333440362,0.004333422,4.329107022
120500020507,2004,4.57998632,0.004579959,4.575406361
120500020507,2005,6.073631904,0.00607366,6.067558241
120500020507,2006,5.36405146,0.005364088,5.35868737
120500020507,2007,4.640754967,0.004640866,4.636114099
120500020507,2008,5.895336257,0.005895328,5.889440926
120500020507,2009,4.948119515,0.00494809,4.943171342
120500020507,2010,9.708424479,0.00970846,9.698716268
120500020507,2011,2.461823989,0.002461732,2.459362342
120500020507,2012,2.164861186,0.002164948,2.16269632
120500020507,2013,8.050896173,0.00805083,8.042845258
120500020507,2014,6.237486756,0.006237521,6.231249236
120500020507,2015,7.423694345,0.007423663,7.416270597
120500020507,2016,7.985344415,0.007985287,7.977359044
120500020507,2017,6.604274986,0.006604367,6.597670704
120500020507,2018,5.750846838,0.005750995,5.745096178
120500020507,2019,7.962787833,0.007962751,7.954824997
120500020507,2020,8.062196049,0.008062128,8.054133839
120500020508,2000,6.847914014,0.006847992,6.841066273
120500020508,2001,7.050531775,0.007050408,7.043481285
120500020508,2002,5.861339068,0.005861263,5.855477805
120500020508,2003,5.751546586,0.005751592,5.745794997
120500020508,2004,4.160727844,0.00416071,4.156566967
120500020508,2005,5.164354318,0.005164326,5.159189992
120500020508,2006,5.064483499,0.005064463,5.059419036
120500020508,2007,5.732271296,0.0057322,5.726539266
120500020508,2008,5.071148055,0.005071238,5.066076904
120500020508,2009,6.34719171,0.006347197,6.34084451
120500020508,2010,8.631013488,0.008631049,8.622382521
120500020508,2011,6.974086126,0.006974047,6.967111995
120500020508,2012,6.046759926,0.006046861,6.040712896
120500020508,2013,5.598103986,0.00559814,5.592505764
120500020508,2014,6.155310775,0.006155304,6.149155556
120500020508,2015,6.981886959,0.006981986,6.97490514
120500020508,2016,6.708215115,0.006708251,6.701506948
120500020508,2017,6.621322984,0.00662134,6.614701729
120500020508,2018,5.569377605,0.005569258,5.563808178
120500020508,2019,7.857351811,0.007857342,7.849494384
120500020508,2020,7.760873945,0.007760822,7.753113038
120500030101,2000,5.637272101,0.0,5.637272101
120500030101,2001,4.034514504,0.0,4.034514504
120500030101,2002,4.171282433,0.0,4.171282433
120500030101,2003,4.373579438,0.0,4.373579438
120500030101,2004,2.858031311,0.0,2.858031311
120500030101,2005,4.539994534,0.0,4.539994534
120500030101,2006,3.688583263,0.0,3.688583263
120500030101,2007,5.547553573,0.0,5.547553573
120500030101,2008,4.181878721,0.0,4.181878721
120500030101,2009,5.05273746,0.0,5.05273746
120500030101,2010,6.406011077,0.0,6.406011077
120500030101,2011,5.258735288,0.0,5.258735288
120500030101,2012,4.975540148,0.0,4.975540148
120500030101,2013,5.277782244,0.0,5.277782244
120500030101,2014,5.350784501,0.0,5.350784501
120500030101,2015,6.512784816,0.0,6.512784816
120500030101,2016,8.262233962,0.0,8.262233962
120500030101,2017,5.05988003,0.0,5.05988003
120500030101,2018,5.004535225,0.0,5.004535225
120500030101,2019,7.316379425,0.0,7.316379425
120500030101,2020,5.850396902,0.0,5.850396902
120500030102,2000,1.985625945,0.001985634,1.983640393
120500030102,2001,1.462180518,0.001462121,1.460718315
120500030102,2002,1.383468019,0.001383512,1.382084674
120500030102,2003,0.941171384,0.000941266,0.940230288
120500030102,2004,0.767722921,0.000767615,0.766955055
120500030102,2005,0.922774926,0.000922811,0.92185203
120500030102,2006,1.294344548,0.001294381,1.293050167
120500030102,2007,0.758433616,0.000758395,0.757675134
120500030102,2008,0.578369891,0.000578279,0.577791527
120500030102,2009,0.865582071,0.0008656,0.864716641
120500030102,2010,1.059399433,0.001059277,1.058339901
120500030102,2011,1.240387666,0.001240364,1.239147216
120500030102,2012,0.677165781,0.000677142,0.676488893
120500030102,2013,0.745340482,0.000745405,0.744595156
120500030102,2014,1.073855447,0.001073849,1.072781345
120500030102,2015,1.116181674,0.001116222,1.115065452
120500030102,2016,0.88838906,0.000888391,0.887500833
120500030102,2017,0.849634718,0.000849633,0.848785082
120500030102,2018,1.083793115,0.001083778,1.082709252
120500030102,2019,0.960965847,0.000960959,0.960004805
120500030102,2020,1.249564038,0.001249538,1.248314497
120500030103,2000,7.275237167,0.00727515,7.267962016
120500030103,2001,5.502164373,0.005502101,5.496662022
120500030103,2002,5.069507164,0.005069529,5.064437636
120500030103,2003,5.559746501,0.005559833,5.554186753
120500030103,2004,3.463688098,0.003463689,3.46022441
120500030103,2005,4.970328266,0.004970378,4.965358137
120500030103,2006,5.586342077,0.005586356,5.580755553
120500030103,2007,4.782758762,0.004782748,4.777976011
120500030103,2008,4.177288161,0.004177276,4.173110721
120500030103,2009,4.649787225,0.004649773,4.645137534
120500030103,2010,7.28756586,0.007287603,7.28027826
120500030103,2011,6.105995403,0.006105923,6.099889395
120500030103,2012,3.951141098,0.00395115,3.947189869
120500030103,2013,4.29376906,0.004293693,4.289475367
120500030103,2014,6.428456296,0.006428422,6.422027874
120500030103,2015,7.426712652,0.007426677,7.419286058
120500030103,2016,7.773982702,0.00777394,7.766208593
120500030103,2017,6.008724181,0.006008537,6.002715644
120500030103,2018,5.193416444,0.005193567,5.188222874
120500030103,2019,6.351227466,0.006351093,6.344876373
120500030103,2020,6.694976019,0.006694984,6.688280869
120500030104,2000,12.702060238,0.012702022,12.68935821
120500030104,2001,11.298334096,0.011298293,11.287035885
120500030104,2002,10.082859636,0.010082819,10.072776649
120500030104,2003,10.805908027,0.010805841,10.795102271
120500030104,2004,10.261013027,0.010261071,10.25075179
120500030104,2005,13.650171263,0.013650205,13.636521055
120500030104,2006,11.037238682,0.011037247,11.026201521
120500030104,2007,11.495247258,0.011495145,11.483752282
120500030104,2008,10.587911861,0.010587863,10.577323995
120500030104,2009,11.983294389,0.011983241,11.971310981
120500030104,2010,14.292069904,0.014292112,14.277777704
120500030104,2011,16.501285016,0.016501397,16.484783789
120500030104,2012,13.22358812,0.01322353,13.210364423
120500030104,2013,13.261397323,0.013261455,13.248135868
120500030104,2014,15.358312975,0.015358416,15.342954723
120500030104,2015,16.069691162,0.016069742,16.053621592
120500030104,2016,17.972085456,0.017972167,17.954113377
120500030104,2017,15.574209677,0.015574167,15.55863551
120500030104,2018,11.250178688,0.01125023,11.238928455
120500030104,2019,13.525268082,0.013525268,13.511742814
120500030104,2020,16.94658768,0.016946596,16.929640833
120500030201,2000,12.316060716,0.0,12.316060716
120500030201,2001,8.896946027,0.0,8.896946027
120500030201,2002,10.75926111,0.0,10.75926111
120500030201,2003,11.314227904,0.0,11.314227904
120500030201,2004,7.033403719,0.0,7.033403719
120500030201,2005,12.250762367,0.0,12.250762367
120500030201,2006,6.898253855,0.0,6.898253855
120500030201,2007,10.647638378,0.0,10.647638378
120500030201,2008,9.605101142,0.0,9.605101142
120500030201,2009,12.430044386,0.0,12.430044386
120500030201,2010,11.09132954,0.0,11.09132954
120500030201,2011,11.90246394,0.0,11.90246394
120500030201,2012,11.469670344,0.0,11.469670344
120500030201,2013,10.05503323,0.0,10.05503323
120500030201,2014,9.104421137,0.0,9.104421137
120500030201,2015,12.888389468,0.0,12.888389468
120500030201,2016,12.029978005,0.0,12.029978005
120500030201,2017,9.090034666,0.0,9.090034666
120500030201,2018,6.968434485,0.0,6.968434485
120500030201,2019,10.598245381,0.010598247,10.587647216
120500030201,2020,9.572103199,0.0,9.572103199
120500030202,2000,11.688200806,0.011688156,11.676512735
120500030202,2001,9.264976326,0.009264893,9.255711348
120500030202,2002,9.314157162,0.009314142,9.304843184
120500030202,2003,11.240546855,0.011240507,11.229306345
120500030202,2004,6.214568391,0.006214607,6.208353948
120500030202,2005,11.832976504,0.011833063,11.821143523
120500030202,2006,8.128442362,0.00812851,8.120314022
120500030202,2007,8.931390323,0.008931425,8.922458981
120500030202,2008,8.54330209,0.008543216,8.534758877
120500030202,2009,10.626865564,0.01062683,10.616238734
120500030202,2010,10.092459778,0.010092515,10.082367345
120500030202,2011,11.936023244,0.011936121,11.92408729
120500030202,2012,10.356713213,0.010356779,10.346356519
120500030202,2013,10.499642258,0.010499545,10.489142712
120500030202,2014,8.553270841,0.008553219,8.544717625
120500030202,2015,11.222816759,0.011222956,11.21159397
120500030202,2016,10.586170505,0.010586251,10.575584503
120500030202,2017,8.295340734,0.008295345,8.287045389
120500030202,2018,7.165517373,0.007165523,7.158352014
120500030202,2019,9.526278622,0.009526189,9.516752433
120500030202,2020,11.290233456,0.011290164,11.278943374
120500030203,2000,10.297104208,0.02059429,10.276510087
120500030203,2001,9.103409175,0.01820697,9.085202375
120500030203,2002,13.110639619,0.026221304,13.084418312
120500030203,2003,10.033100581,0.020066241,10.01303434
120500030203,2004,9.217966377,0.018435872,9.199530172
120500030203,2005,13.098645701,0.026197337,13.072448532
120500030203,2006,7.002522477,0.014005038,6.988517438
120500030203,2007,14.400651321,0.028801296,14.371849942
120500030203,2008,12.009664601,0.024019363,11.98564524
120500030203,2009,9.643974156,0.019287975,9.624686263
120500030203,2010,11.894582742,0.023789238,11.870793507
120500030203,2011,10.172564515,0.020345096,10.152219419
120500030203,2012,10.417035702,0.020834139,10.396201481
120500030203,2013,15.640603364,0.031281145,15.609322301
120500030203,2014,10.211632121,0.020423197,10.191208923
120500030203,2015,15.453330614,0.030906627,15.422423904
120500030203,2016,11.635687369,0.023271456,11.612415828
120500030203,2017,14.282648425,0.028565288,14.254083055
120500030203,2018,8.555184208,0.017110397,8.538073811
120500030203,2019,9.785017762,0.019570058,9.765447868
120500030203,2020,17.012751779,0.034025484,16.97872621
120500030301,2000,17.625610063,0.017625516,17.607984462
120500030301,2001,14.492759121,0.014492932,14.478266356
120500030301,2002,16.88528331,0.016885299,16.868397923
120500030301,2003,11.606835337,0.011606899,11.595228438
120500030301,2004,13.865837473,0.013865836,13.851971552
120500030301,2005,13.050744863,0.013050797,13.037694068
120500030301,2006,14.971246197,0.0149712,14.956274827
120500030301,2007,14.451356975,0.014451205,14.436905521
120500030301,2008,15.34941629,0.015349437,15.334066768
120500030301,2009,17.872941899,0.017872896,17.855068918
120500030301,2010,18.870364416,0.018870329,18.851494085
120500030301,2011,19.851729962,0.019851666,19.831878216
120500030301,2012,14.27484788,0.014274811,14.260573235
120500030301,2013,18.214026945,0.018214022,18.195813005
120500030301,2014,16.496564992,0.016496581,16.480068496
120500030301,2015,15.491161197,0.015491033,15.475669997
120500030301,2016,22.005303863,0.022005134,21.98329873
120500030301,2017,15.605288548,0.015605326,15.589683304
120500030301,2018,15.793611474,0.015793559,15.777817833
120500030301,2019,19.984146008,0.01998414,19.964161699
120500030301,2020,23.643505915,0.02364359,23.619862407
120500030302,2000,27.941570492,0.027941604,27.913629055
120500030302,2001,21.278632315,0.021278526,21.25735354
120500030302,2002,21.82509977,0.021825096,21.803274674
120500030302,2003,17.811153638,0.01781106,17.793342578
120500030302,2004,21.643431923,0.021643467,21.621788541
120500030302,2005,24.59092411,0.024590964,24.56633323
120500030302,2006,16.408020915,0.016407948,16.391612967
120500030302,2007,19.836228411,0.019836255,19.816392074
120500030302,2008,16.87722518,0.016877249,16.860347844
120500030302,2009,24.353042948,0.024353047,24.328689734
120500030302,2010,31.457631663,0.031457707,31.426174041
120500030302,2011,22.905911614,0.022905795,22.883005734
120500030302,2012,18.501915137,0.018501981,18.483413071
120500030302,2013,22.443924296,0.022443921,22.421480373
120500030302,2014,23.560206416,0.023560268,23.536646233
120500030302,2015,21.276416578,0.021276542,21.255140036
120500030302,2016,27.246232948,0.027246199,27.218986751
120500030302,2017,22.455515816,0.022455589,22.433060312
120500030302,2018,19.470515677,0.01947051,19.451045252
120500030302,2019,23.28487969,0.023284811,23.261594797
120500030302,2020,30.844108746,0.030844115,30.813264798
120500030303,2000,25.542070131,0.025542158,25.516528055
120500030303,2001,16.050033436,0.016050096,16.033983422
120500030303,2002,17.067756663,0.017067795,17.050688866
120500030303,2003,15.705906405,0.015706107,15.690200636
120500030303,2004,16.914341607,0.016914372,16.897427317
120500030303,2005,19.827669871,0.019827726,19.807842148
120500030303,2006,14.826323762,0.014826345,14.811497501
120500030303,2007,15.655164066,0.015655296,15.639508852
120500030303,2008,16.417612396,0.016417552,16.401194762
120500030303,2009,21.040039003,0.021040104,21.018998814
120500030303,2010,23.074890781,0.023074825,23.051815789
120500030303,2011,18.998898296,0.018998795,18.979899501
120500030303,2012,18.500872997,0.018500844,18.482371902
120500030303,2013,20.499905745,0.020499866,20.479405797
120500030303,2014,19.62799934,0.019628036,19.608371304
120500030303,2015,17.756536074,0.017756463,17.738779362
120500030303,2016,24.522989418,0.024523027,24.498466475
120500030303,2017,18.016385178,0.018016326,17.998368852
120500030303,2018,16.932847099,0.016932847,16.915914252
120500030303,2019,23.167592049,0.023167595,23.144424373
120500030303,2020,25.999971601,0.026000049,25.97397147
120500030304,2000,36.252385322,0.036252473,36.21613285
120500030304,2001,20.507844162,0.020507904,20.487336173
120500030304,2002,29.131568222,0.029131534,29.102436688
120500030304,2003,19.386726945,0.019386644,19.367340222
120500030304,2004,22.771043038,0.022771027,22.748272014
120500030304,2005,25.431689712,0.025431584,25.406258129
120500030304,2006,19.381590436,0.019381534,19.362208732
120500030304,2007,21.934851597,0.021934863,21.912916649
120500030304,2008,24.004153495,0.024004128,23.980149281
120500030304,2009,29.140674274,0.029140608,29.111533663
120500030304,2010,35.987402721,0.035987367,35.951415353
120500030304,2011,28.005380225,0.028005301,27.977374923
120500030304,2012,28.749792831,0.028749967,28.721042948
120500030304,2013,38.323061126,0.038322984,38.284738058
120500030304,2014,28.657167619,0.028657175,28.628510444
120500030304,2015,25.533417,0.02553337,25.507883627
120500030304,2016,37.03107453,0.037030967,36.994043396
120500030304,2017,26.852283112,0.026852433,26.825430847
120500030304,2018,24.580556274,0.024580584,24.555975858
120500030304,2019,28.989050595,0.028989077,28.960061436
120500030304,2020,36.711618989,0.036711557,36.674907601
120500030305,2000,20.449218604,0.081796877,20.367421645
120500030305,2001,9.154211019,0.036616866,9.117594153
120500030305,2002,18.96683183,0.075867268,18.890964477
120500030305,2003,12.474383529,0.049897562,12.424486052
120500030305,2004,12.601405708,0.050405538,12.551000005
120500030305,2005,19.042307666,0.076169227,18.966138356
120500030305,2006,12.862206222,0.051448929,12.810757463
120500030305,2007,17.07018666,0.068280762,17.001905816
120500030305,2008,15.413934423,0.061655855,15.352278648
120500030305,2009,18.440415641,0.073761688,18.366653956
120500030305,2010,21.041136521,0.084164644,20.956971874
120500030305,2011,16.682198934,0.066728784,16.615470233
120500030305,2012,17.194849735,0.068779339,17.126070314
120500030305,2013,20.439022134,0.081756142,20.357265992
120500030305,2014,18.182125477,0.072728458,18.109397186
120500030305,2015,14.865972627,0.059463773,14.806508688
120500030305,2016,19.058779877,0.076235126,18.982544839
120500030305,2017,16.665620044,0.066662507,16.598957622
120500030305,2018,14.6411452,0.058564605,14.582580677
120500030305,2019,18.036862822,0.072147482,17.96471534
120500030305,2020,19.991709079,0.079967014,19.911742235
120500030306,2000,8.340423669,0.07506379,8.26535988
120500030306,2001,5.953188721,0.0535788,5.899610005
120500030306,2002,10.50362689,0.094532701,10.409094107
120500030306,2003,7.442486759,0.066982378,7.375504466
120500030306,2004,5.615563156,0.050540082,5.565023158
120500030306,2005,8.982023553,0.080838249,8.901185301
120500030306,2006,6.228568277,0.056057126,6.172511066
120500030306,2007,8.003485145,0.072031441,7.931453707
120500030306,2008,7.141872719,0.064276902,7.077596066
120500030306,2009,8.510470921,0.076594326,8.433876679
120500030306,2010,8.379310915,0.075413863,8.303897052
120500030306,2011,9.861490181,0.088753427,9.772736836
120500030306,2012,8.321753661,0.074895787,8.246857959
120500030306,2013,10.174150512,0.091567356,10.082583326
120500030306,2014,8.383757488,0.075453847,8.308303644
120500030306,2015,6.70089151,0.060308016,6.640583493
120500030306,2016,9.061475153,0.081553227,8.979922014
120500030306,2017,6.941910589,0.062477329,6.87943326
120500030306,2018,7.182480753,0.064642397,7.117838356
120500030306,2019,8.568731077,0.077118652,8.49161251
120500030306,2020,10.280075191,0.092520669,10.187554604
120500030307,2000,5.705902691,0.011411801,5.694490806
120500030307,2001,6.74566717,0.013491249,6.732175756
120500030307,2002,9.667936,0.029003822,9.638932258
120500030307,2003,6.411938863,0.012823964,6.399114984
120500030307,2004,5.627265768,0.011254522,5.616011249
120500030307,2005,6.231252521,0.012462447,6.218789907
120500030307,2006,5.190616255,0.015571764,5.175044323
120500030307,2007,7.502660282,0.022508025,7.480152258
120500030307,2008,6.657153915,0.019971396,6.63718235
120500030307,2009,6.319115008,0.012638247,6.306476762
120500030307,2010,5.825113575,0.011650222,5.813463268
120500030307,2011,8.015638751,0.016031252,7.999607668
120500030307,2012,7.905276997,0.015810612,7.889466303
120500030307,2013,9.060669603,0.01812131,9.042548378
120500030307,2014,6.946489033,0.013892948,6.932596085
120500030307,2015,6.554983447,0.013109953,6.541873323
120500030307,2016,6.956813301,0.013913579,6.942899642
120500030307,2017,8.469196564,0.016938266,8.452258214
120500030307,2018,6.536455622,0.013072921,6.523382699
120500030307,2019,8.132466195,0.016264797,8.116201564
120500030307,2020,12.06798468,0.02413594,12.043848658
120500030308,2000,0.498500396,0.004486557,0.494014005
120500030308,2001,0.73152677,0.006583666,0.724942934
120500030308,2002,1.101722058,0.00991546,1.091806597
120500030308,2003,0.608913101,0.005480077,0.60343269
120500030308,2004,0.808809489,0.007279418,0.801530071
120500030308,2005,0.686355847,0.006177197,0.680178562
120500030308,2006,0.903991364,0.008135932,0.895855603
120500030308,2007,0.910661825,0.008195904,0.902465838
120500030308,2008,0.868691689,0.007818311,0.860873462
120500030308,2009,0.452317912,0.004070904,0.448247093
120500030308,2010,0.582851907,0.005245723,0.577606353
120500030308,2011,0.896417236,0.008067715,0.888349595
120500030308,2012,0.172404749,0.001551699,0.170853216
120500030308,2013,0.627465792,0.005647236,0.621818723
120500030308,2014,0.09276257,0.000834822,0.091927499
120500030308,2015,0.208569055,0.001877107,0.206691781
120500030308,2016,0.838253336,0.007544208,0.830709128
120500030308,2017,0.810137025,0.007291277,0.802845584
120500030308,2018,0.381737967,0.003435482,0.378302318
120500030308,2019,0.614880956,0.005534003,0.609347121
120500030308,2020,0.191979134,0.001727814,0.190251404
120500030401,2000,10.178506374,0.010178404,10.168327891
120500030401,2001,7.312259693,0.007312225,7.304947304
120500030401,2002,9.323677945,0.009323545,9.314354318
120500030401,2003,8.380532573,0.008380575,8.372152
120500030401,2004,6.111140126,0.006111208,6.105029
120500030401,2005,13.106097696,0.013105967,13.092991559
120500030401,2006,7.21839369,0.007218466,7.211175395
120500030401,2007,9.346920458,0.009346932,9.337573608
120500030401,2008,7.97251515,0.007972514,7.964542721
120500030401,2009,12.345196145,0.012345252,12.332850975
120500030401,2010,9.459023975,0.009459019,9.449565038
120500030401,2011,11.435107312,0.011435036,11.423672195
120500030401,2012,9.511194645,0.009511098,9.501683459
120500030401,2013,8.672611293,0.008672721,8.663938825
120500030401,2014,6.60558254,0.006605633,6.598976904
120500030401,2015,9.234732197,0.009234742,9.225497449
120500030401,2016,11.748387303,0.011748314,11.73663891
120500030401,2017,7.904350444,0.007904255,7.896446107
120500030401,2018,8.284520036,0.008284603,8.276235767
120500030401,2019,10.099191548,0.01009923,10.089092403
120500030401,2020,12.894002131,0.012894052,12.881108328
120500030402,2000,24.131045456,0.0,24.131045456
120500030402,2001,20.184456156,0.0,20.184456156
120500030402,2002,26.165429658,0.0,26.165429658
120500030402,2003,21.557417195,0.0,21.557417195
120500030402,2004,15.05580262,0.015055779,15.04074676
120500030402,2005,16.409180186,0.016409156,16.39277103
120500030402,2006,18.747785063,0.0,18.747785063
120500030402,2007,17.619334767,0.017619345,17.601715422
120500030402,2008,16.321278995,0.0,16.321278995
120500030402,2009,19.264780014,0.019264803,19.245515296
120500030402,2010,17.985223822,0.0,17.985223822
120500030402,2011,27.232905589,0.0,27.232905589
120500030402,2012,23.961839107,0.0,23.961839107
120500030402,2013,28.888669186,0.0,28.888669186
120500030402,2014,22.818589493,0.0,22.818589493
120500030402,2015,26.85144497,0.026851458,26.824593512
120500030402,2016,26.224548847,0.0,26.224548847
120500030402,2017,25.429822123,0.025429912,25.404392548
120500030402,2018,18.458754315,0.0,18.458754315
120500030402,2019,20.047919764,0.0,20.047919764
120500030402,2020,26.54172162,0.0,26.54172162
120500030403,2000,6.917800932,0.0,6.917800932
120500030403,2001,5.324791942,0.0,5.324791942
120500030403,2002,7.885845989,0.0,7.885845989
120500030403,2003,5.048075164,0.0,5.048075164
120500030403,2004,4.346687874,0.0,4.346687874
120500030403,2005,4.301029496,0.0,4.301029496
120500030403,2006,3.748238877,0.0,3.748238877
120500030403,2007,5.416259915,0.0,5.416259915
120500030403,2008,4.418926175,0.0,4.418926175
120500030403,2009,4.757568156,0.0,4.757568156
120500030403,2010,5.082946132,0.0,5.082946132
120500030403,2011,5.915377323,0.0,5.915377323
120500030403,2012,5.215926112,0.0,5.215926112
120500030403,2013,8.018129397,0.0,8.018129397
120500030403,2014,5.166531118,0.0,5.166531118
120500030403,2015,4.557522627,0.0,4.557522627
120500030403,2016,6.622503934,0.0,6.622503934
120500030403,2017,6.155512614,0.0,6.155512614
120500030403,2018,4.976053334,0.0,4.976053334
120500030403,2019,3.960241784,0.0,3.960241784
120500030403,2020,5.7007935,0.0,5.7007935
120500030501,2000,0.0,0.0,0.0
120500030501,2001,0.014725285,0.00013263,0.014592737
120500030501,2002,0.0,0.0,0.0
120500030501,2003,0.01557917,7.7926e-05,0.015501329
120500030501,2004,0.000960781,0.0,0.000960781
120500030501,2005,0.001797066,0.0,0.001797066
120500030501,2006,0.0,0.0,0.0
120500030501,2007,0.0,0.0,0.0
120500030501,2008,0.020282694,0.000182511,0.020100101
120500030501,2009,0.0,0.0,0.0
120500030501,2010,0.0,0.0,0.0
120500030501,2011,0.0,0.0,0.0
120500030501,2012,0.0,0.0,0.0
120500030501,2013,0.0,0.0,0.0
120500030501,2014,0.0,0.0,0.0
120500030501,2015,0.0,0.0,0.0
120500030501,2016,0.0,0.0,0.0
120500030501,2017,0.0,0.0,0.0
120500030501,2018,0.003277441,0.0,0.003277441
120500030501,2019,0.0,0.0,0.0
120500030501,2020,0.0,0.0,0.0
120500030502,2000,0.032336836,0.0,0.032336836
120500030502,2001,0.199159962,0.0,0.199159962
120500030502,2002,0.418925145,0.0,0.418925145
120500030502,2003,0.150167238,0.0,0.150167238
120500030502,2004,0.316238997,0.0,0.316238997
120500030502,2005,0.149180934,0.0,0.149180934
120500030502,2006,0.067338049,0.0,0.067338049
120500030502,2007,0.678776904,0.0,0.678776904
120500030502,2008,0.254136719,0.0,0.254136719
120500030502,2009,0.083485378,0.0,0.083485378
120500030502,2010,0.679313847,0.0,0.679313847
120500030502,2011,0.017306038,0.0,0.017306038
120500030502,2012,0.036439833,0.0,0.036439833
120500030502,2013,0.0366422,0.0,0.0366422
120500030502,2014,0.172010337,0.0,0.172010337
120500030502,2015,0.057365482,0.0,0.057365482
120500030502,2016,0.062578617,0.0,0.062578617
120500030502,2017,0.0,0.0,0.0
120500030502,2018,0.276963359,0.0,0.276963359
120500030502,2019,0.040520751,0.0,0.040520751
120500030502,2020,0.040318975,0.0,0.040318975
120500030503,2000,0.0,0.0,0.0
120500030503,2001,0.019895115,0.0,0.019895115
120500030503,2002,0.065037945,0.0,0.065037945
120500030503,2003,0.031970718,0.0,0.031970718
120500030503,2004,0.000714904,0.0,0.000714904
120500030503,2005,0.030499978,0.0,0.030499978
120500030503,2006,0.02393943,0.0,0.02393943
120500030503,2007,0.091298622,0.0,0.091298622
120500030503,2008,0.005944232,0.0,0.005944232
120500030503,2009,0.042805548,0.0,0.042805548
120500030503,2010,0.011437441,0.0,0.011437441
120500030503,2011,0.0,0.0,0.0
120500030503,2012,0.000965669,0.0,0.000965669
120500030503,2013,0.001013315,0.0,0.001013315
120500030503,2014,0.008030153,0.0,0.008030153
120500030503,2015,0.013124984,0.0,0.013124984
120500030503,2016,0.012794199,0.0,0.012794199
120500030503,2017,0.000458937,0.0,0.000458937
120500030503,2018,0.001422915,0.0,0.001422915
120500030503,2019,0.03334114,0.0,0.03334114
120500030503,2020,0.012753426,0.0,0.012753426
120500030504,2000,0.016524396,0.0,0.016524396
120500030504,2001,0.029915805,0.0,0.029915805
120500030504,2002,0.0,0.0,0.0
120500030504,2003,0.053777614,0.0,0.053777614
120500030504,2004,0.0,0.0,0.0
120500030504,2005,0.0,0.0,0.0
120500030504,2006,0.015251033,0.0,0.015251033
120500030504,2007,0.036554658,0.0,0.036554658
120500030504,2008,0.0,0.0,0.0
120500030504,2009,0.0,0.0,0.0
120500030504,2010,0.046018203,0.0,0.046018203
120500030504,2011,0.0,0.0,0.0
120500030504,2012,0.0,0.0,0.0
120500030504,2013,0.0,0.0,0.0
120500030504,2014,0.0,0.0,0.0
120500030504,2015,0.050702811,0.0,0.050702811
120500030504,2016,0.0,0.0,0.0
120500030504,2017,0.0,0.0,0.0
120500030504,2018,0.0,0.0,0.0
120500030504,2019,0.0,0.0,0.0
120500030504,2020,0.0,0.0,0.0
120500030505,2000,0.0,0.0,0.0
120500030505,2001,0.016942419,0.0,0.016942419
120500030505,2002,0.0,0.0,0.0
120500030505,2003,0.012696085,0.0,0.012696085
120500030505,2004,0.0,0.0,0.0
120500030505,2005,0.0,0.0,0.0
120500030505,2006,0.012358515,0.0,0.012358515
120500030505,2007,0.0,0.0,0.0
120500030505,2008,0.0,0.0,0.0
120500030505,2009,0.0,0.0,0.0
120500030505,2010,0.0,0.0,0.0
120500030505,2011,0.0,0.0,0.0
120500030505,2012,0.0,0.0,0.0
120500030505,2013,0.0,0.0,0.0
120500030505,2014,0.0,0.0,0.0
120500030505,2015,0.0,0.0,0.0
120500030505,2016,0.0,0.0,0.0
120500030505,2017,0.0,0.0,0.0
120500030505,2018,0.0,0.0,0.0
120500030505,2019,0.0,0.0,0.0
120500030505,2020,0.0,0.0,0.0
120500030506,2000,0.0,0.0,0.0
120500030506,2001,0.265451841,0.000265397,0.265186274
120500030506,2002,0.0,0.0,0.0
120500030506,2003,0.100831488,0.000100781,0.100730704
120500030506,2004,0.0,0.0,0.0
120500030506,2005,0.125510805,0.000251044,0.125259847
120500030506,2006,0.301407934,0.000602773,0.300805079
120500030506,2007,0.119621852,0.0,0.119621852
120500030506,2008,0.26239159,0.00052473,0.261866858
120500030506,2009,0.001797085,9.06e-06,0.00178794
120500030506,2010,0.0,0.0,0.0
120500030506,2011,0.0,0.0,0.0
120500030506,2012,0.0,0.0,0.0
120500030506,2013,0.0,0.0,0.0
120500030506,2014,0.0,0.0,0.0
120500030506,2015,0.001896877,0.0,0.001896877
120500030506,2016,0.482504112,0.0,0.482504112
120500030506,2017,0.0,0.0,0.0
120500030506,2018,0.001746753,0.0,0.001746753
120500030506,2019,0.003612871,2.5315e-05,0.003587726
120500030506,2020,0.235558145,0.000471068,0.235087161
120500040101,2000,10.517413978,0.0,10.517413978
120500040101,2001,7.085687222,0.0,7.085687222
120500040101,2002,9.615735814,0.0,9.615735814
120500040101,2003,9.206587992,0.0,9.206587992
120500040101,2004,9.917117377,0.0,9.917117377
120500040101,2005,12.378266258,0.0,12.378266258
120500040101,2006,11.711856334,0.0,11.711856334
120500040101,2007,11.800895153,0.0,11.800895153
120500040101,2008,10.679352918,0.0,10.679352918
120500040101,2009,12.775670005,0.0,12.775670005
120500040101,2010,14.010756962,0.0,14.010756962
120500040101,2011,16.526208167,0.0,16.526208167
120500040101,2012,11.991965456,0.0,11.991965456
120500040101,2013,15.245054356,0.0,15.245054356
120500040101,2014,12.236503129,0.0,12.236503129
120500040101,2015,13.882791203,0.0,13.882791203
120500040101,2016,12.949417003,0.0,12.949417003
120500040101,2017,11.930606589,0.0,11.930606589
120500040101,2018,13.338531381,0.0,13.338531381
120500040101,2019,12.785519362,0.0,12.785519362
120500040101,2020,14.07822347,0.0,14.07822347
120500040102,2000,19.779677224,0.0,19.779677224
120500040102,2001,14.879791529,0.0,14.879791529
120500040102,2002,17.555578022,0.0,17.555578022
120500040102,2003,14.965796847,0.0,14.965796847
120500040102,2004,17.669456776,0.0,17.669456776
120500040102,2005,21.66082949,0.0,21.66082949
120500040102,2006,15.438851592,0.0,15.438851592
120500040102,2007,16.64854157,0.0,16.64854157
120500040102,2008,15.044746003,0.0,15.044746003
120500040102,2009,19.18893614,0.0,19.18893614
120500040102,2010,20.410910989,0.0,20.410910989
120500040102,2011,21.340635164,0.0,21.340635164
120500040102,2012,19.466242923,0.0,19.466242923
120500040102,2013,19.101425989,0.0,19.101425989
120500040102,2014,19.142878249,0.0,19.142878249
120500040102,2015,17.799384493,0.0,17.799384493
120500040102,2016,18.619210213,0.0,18.619210213
120500040102,2017,15.68383671,0.0,15.68383671
120500040102,2018,14.446164805,0.0,14.446164805
120500040102,2019,18.789955238,0.0,18.789955238
120500040102,2020,20.275916533,0.0,20.275916533
120500040103,2000,8.035764279,0.032143175,8.003621189
120500040103,2001,8.336408389,0.033345679,8.303062789
120500040103,2002,9.214367175,0.036857414,9.177509677
120500040103,2003,8.741374753,0.034965515,8.706409238
120500040103,2004,8.17177279,0.032687109,8.139085765
120500040103,2005,13.048609636,0.052194523,12.996415195
120500040103,2006,7.308162342,0.029232638,7.278929789
120500040103,2007,11.091799997,0.04436714,11.047432855
120500040103,2008,7.881107776,0.031524358,7.849583167
120500040103,2009,11.178552364,0.044714258,11.13383811
120500040103,2010,9.966727718,0.039866838,9.926860962
120500040103,2011,12.687595885,0.050750419,12.636845463
120500040103,2012,8.742000525,0.034967992,8.707032454
120500040103,2013,11.325149395,0.056625762,11.268523633
120500040103,2014,9.635703671,0.038542814,9.597160855
120500040103,2015,14.134579381,0.056538329,14.078041137
120500040103,2016,10.503878407,0.042015445,10.461862874
120500040103,2017,6.318536803,0.031592803,6.28694417
120500040103,2018,9.210344915,0.036841277,9.173503636
120500040103,2019,11.503353811,0.046013458,11.457340353
120500040103,2020,13.310137511,0.053240604,13.256896992
120500040104,2000,11.38947815,0.011389508,11.378088727
120500040104,2001,9.911938888,0.009911942,9.902026863
120500040104,2002,10.917302901,0.010917134,10.906385682
120500040104,2003,10.89532069,0.010895329,10.884425444
120500040104,2004,8.404466107,0.008404418,8.396061689
120500040104,2005,14.507391033,0.014507332,14.492883786
120500040104,2006,8.808320184,0.008808321,8.799511781
120500040104,2007,10.310995455,0.020621978,10.290373479
120500040104,2008,9.873736716,0.009873525,9.863862861
120500040104,2009,14.950013638,0.014950107,14.935063778
120500040104,2010,9.746517455,0.009746575,9.736770959
120500040104,2011,15.949384351,0.015949359,15.93343491
120500040104,2012,10.023531273,0.010023557,10.013507549
120500040104,2013,9.61501723,0.00961494,9.605402203
120500040104,2014,9.932885178,0.00993291,9.922952186
120500040104,2015,10.721678005,0.010721784,10.710956307
120500040104,2016,10.58327256,0.010583478,10.572689167
120500040104,2017,11.136960674,0.011136912,11.125823844
120500040104,2018,9.264412682,0.009264578,9.255148271
120500040104,2019,11.403775786,0.011403671,11.392371948
120500040104,2020,12.615271077,0.012615172,12.602655738
120500040201,2000,10.346779361,0.0,10.346779361
120500040201,2001,8.252269411,0.0,8.252269411
120500040201,2002,10.222954277,0.0,10.222954277
120500040201,2003,8.807693879,0.0,8.807693879
120500040201,2004,9.044323464,0.0,9.044323464
120500040201,2005,8.593060819,0.0,8.593060819
120500040201,2006,9.471060329,0.0,9.471060329
120500040201,2007,8.79403949,0.0,8.79403949
120500040201,2008,9.11599015,0.0,9.11599015
120500040201,2009,10.135734827,0.0,10.135734827
120500040201,2010,10.783646986,0.0,10.783646986
120500040201,2011,12.99643051,0.0,12.99643051
120500040201,2012,9.574053298,0.0,9.574053298
120500040201,2013,11.969715247,0.0,11.969715247
120500040201,2014,9.929525778,0.0,9.929525778
120500040201,2015,12.081060252,0.0,12.081060252
120500040201,2016,11.789490254,0.0,11.789490254
120500040201,2017,10.986846447,0.0,10.986846447
120500040201,2018,12.545732156,0.0,12.545732156
120500040201,2019,9.663250723,0.0,9.663250723
120500040201,2020,15.398260066,0.0,15.398260066
120500040202,2000,0.91134641,0.0,0.91134641
120500040202,2001,1.177052767,0.0,1.177052767
120500040202,2002,1.096870079,0.0,1.096870079
120500040202,2003,0.960245608,0.0,0.960245608
120500040202,2004,1.21165906,0.0,1.21165906
120500040202,2005,1.242238058,0.0,1.242238058
120500040202,2006,1.225262025,0.0,1.225262025
120500040202,2007,0.96650683,0.0,0.96650683
120500040202,2008,0.915390669,0.0,0.915390669
120500040202,2009,1.389897951,0.0,1.389897951
120500040202,2010,1.551199145,0.0,1.551199145
120500040202,2011,1.32181669,0.0,1.32181669
120500040202,2012,0.789959995,0.0,0.789959995
120500040202,2013,1.89098943,0.0,1.89098943
120500040202,2014,1.061343255,0.0,1.061343255
120500040202,2015,1.375084427,0.0,1.375084427
120500040202,2016,1.282981303,0.0,1.282981303
120500040202,2017,0.921420904,0.0,0.921420904
120500040202,2018,1.112060208,0.0,1.112060208
120500040202,2019,0.947676153,0.0,0.947676153
120500040202,2020,1.065094036,0.0,1.065094036
120500040203,2000,7.790722866,0.0,7.790722866
120500040203,2001,6.088560205,0.0,6.088560205
120500040203,2002,6.657987534,0.0,6.657987534
120500040203,2003,5.918977696,0.0,5.918977696
120500040203,2004,4.603459262,0.0,4.603459262
120500040203,2005,3.935379518,0.0,3.935379518
120500040203,2006,5.017473249,0.0,5.017473249
120500040203,2007,5.59367674,0.0,5.59367674
120500040203,2008,5.501873224,0.0,5.501873224
120500040203,2009,6.156995142,0.0,6.156995142
120500040203,2010,7.373732748,0.0,7.373732748
120500040203,2011,6.530312548,0.0,6.530312548
120500040203,2012,5.022721872,0.0,5.022721872
120500040203,2013,6.12791751,0.0,6.12791751
120500040203,2014,6.036056488,0.0,6.036056488
120500040203,2015,5.802725318,0.0,5.802725318
120500040203,2016,7.947069186,0.0,7.947069186
120500040203,2017,5.162233468,0.0,5.162233468
120500040203,2018,4.747853781,0.0,4.747853781
120500040203,2019,5.68968631,0.0,5.68968631
120500040203,2020,8.191702358,0.0,8.191702358
120500040204,2000,15.551336642,0.0,15.551336642
120500040204,2001,10.263345123,0.0,10.263345123
120500040204,2002,14.458865589,0.0,14.458865589
120500040204,2003,12.296757104,0.0,12.296757104
120500040204,2004,12.837820943,0.0,12.837820943
120500040204,2005,15.248083699,0.0,15.248083699
120500040204,2006,12.563793159,0.0,12.563793159
120500040204,2007,12.503936044,0.0,12.503936044
120500040204,2008,12.03721641,0.0,12.03721641
120500040204,2009,14.967940679,0.0,14.967940679
120500040204,2010,17.074258449,0.0,17.074258449
120500040204,2011,16.989915342,0.0,16.989915342
120500040204,2012,15.202135828,0.0,15.202135828
120500040204,2013,15.373254562,0.0,15.373254562
120500040204,2014,14.982480414,0.0,14.982480414
120500040204,2015,14.26895854,0.0,14.26895854
120500040204,2016,13.559551361,0.0,13.559551361
120500040204,2017,13.041878411,0.0,13.041878411
120500040204,2018,13.902589044,0.0,13.902589044
120500040204,2019,14.184228638,0.0,14.184228638
120500040204,2020,16.589308342,0.0,16.589308342
120500040205,2000,9.142739342,0.0,9.142739342
120500040205,2001,5.277119984,0.0,5.277119984
120500040205,2002,6.947823948,0.0,6.947823948
120500040205,2003,6.659097904,0.0,6.659097904
120500040205,2004,7.377963836,0.0,7.377963836
120500040205,2005,9.00572386,0.0,9.00572386
120500040205,2006,6.721641052,0.0,6.721641052
120500040205,2007,7.448345551,0.0,7.448345551
120500040205,2008,7.205033852,0.0,7.205033852
120500040205,2009,8.060532173,0.0,8.060532173
120500040205,2010,8.806561038,0.0,8.806561038
120500040205,2011,8.969933997,0.0,8.969933997
120500040205,2012,8.134548352,0.0,8.134548352
120500040205,2013,7.204314696,0.0,7.204314696
120500040205,2014,7.289569214,0.0,7.289569214
120500040205,2015,7.465077707,0.0,7.465077707
120500040205,2016,6.326303825,0.0,6.326303825
120500040205,2017,4.893973137,0.0,4.893973137
120500040205,2018,5.760149496,0.0,5.760149496
120500040205,2019,7.373427419,0.0,7.373427419
120500040205,2020,9.245296874,0.0,9.245296874
120500040206,2000,8.052440891,0.008052279,8.044388445
120500040206,2001,5.715017945,0.0,5.715017945
120500040206,2002,7.632206307,0.007632126,7.624574014
120500040206,2003,7.847694578,0.0,7.847694578
120500040206,2004,5.530713713,0.0,5.530713713
120500040206,2005,11.161328773,0.0,11.161328773
120500040206,2006,5.9894204,0.005989548,5.983430852
120500040206,2007,8.44177817,0.008441838,8.433336334
120500040206,2008,7.515927975,0.007515995,7.50841206
120500040206,2009,10.166370184,0.0,10.166370184
120500040206,2010,6.94227977,0.006942233,6.935337452
120500040206,2011,11.912592978,0.011912559,11.900680419
120500040206,2012,9.133797981,0.00913388,9.124664189
120500040206,2013,6.19970503,0.0,6.19970503
120500040206,2014,7.056395671,0.007056285,7.049339386
120500040206,2015,9.544014392,0.009544063,9.534470244
120500040206,2016,9.264587907,0.009264536,9.255323448
120500040206,2017,6.862929318,0.006862912,6.856066153
120500040206,2018,6.926181921,0.006926225,6.919255863
120500040206,2019,9.811803962,0.0,9.811803962
120500040206,2020,7.667235443,0.0,7.667235443
120500040207,2000,9.927684511,0.0,9.927684511
120500040207,2001,8.318981132,0.0,8.318981132
120500040207,2002,8.734855468,0.0,8.734855468
120500040207,2003,8.868702597,0.0,8.868702597
120500040207,2004,7.991370817,0.0,7.991370817
120500040207,2005,11.76994114,0.0,11.76994114
120500040207,2006,7.647774148,0.0,7.647774148
120500040207,2007,10.113636852,0.0,10.113636852
120500040207,2008,7.341075675,0.0,7.341075675
120500040207,2009,11.247370912,0.0,11.247370912
120500040207,2010,8.615244047,0.0,8.615244047
120500040207,2011,12.527969995,0.0,12.527969995
120500040207,2012,11.115277768,0.0,11.115277768
120500040207,2013,9.198413452,0.0,9.198413452
120500040207,2014,10.997850077,0.0,10.997850077
120500040207,2015,11.179046318,0.0,11.179046318
120500040207,2016,9.506050153,0.0,9.506050153
120500040207,2017,10.845947811,0.0,10.845947811
120500040207,2018,6.563316236,0.0,6.563316236
120500040207,2019,9.787921833,0.0,9.787921833
120500040207,2020,10.579256,0.0,10.579256
120500040208,2000,5.911586432,0.0,5.911586432
120500040208,2001,4.201625126,0.0,4.201625126
120500040208,2002,4.968554699,0.0,4.968554699
120500040208,2003,4.474559208,0.0,4.474559208
120500040208,2004,4.317583978,0.0,4.317583978
120500040208,2005,5.797465671,0.0,5.797465671
120500040208,2006,3.961959282,0.0,3.961959282
120500040208,2007,4.489552742,0.0,4.489552742
120500040208,2008,4.420774169,0.0,4.420774169
120500040208,2009,4.482460885,0.0,4.482460885
120500040208,2010,5.809328923,0.0,5.809328923
120500040208,2011,6.796444636,0.0,6.796444636
120500040208,2012,5.935875033,0.0,5.935875033
120500040208,2013,5.281308688,0.0,5.281308688
120500040208,2014,5.893418663,0.0,5.893418663
120500040208,2015,5.277782901,0.0,5.277782901
120500040208,2016,5.613659027,0.0,5.613659027
120500040208,2017,5.324451014,0.0,5.324451014
120500040208,2018,5.569967411,0.0,5.569967411
120500040208,2019,4.876677868,0.0,4.876677868
120500040208,2020,8.044440716,0.0,8.044440716
120500040209,2000,9.936168724,0.0,9.936168724
120500040209,2001,7.834191844,0.0,7.834191844
120500040209,2002,9.013350784,0.0,9.013350784
120500040209,2003,8.707218197,0.0,8.707218197
120500040209,2004,8.682873044,0.0,8.682873044
120500040209,2005,10.263294562,0.0,10.263294562
120500040209,2006,9.813034027,0.0,9.813034027
120500040209,2007,8.855572496,0.0,8.855572496
120500040209,2008,7.373514628,0.0,7.373514628
120500040209,2009,10.321549071,0.0,10.321549071
120500040209,2010,8.341892077,0.0,8.341892077
120500040209,2011,13.862420359,0.0,13.862420359
120500040209,2012,11.549002954,0.0,11.549002954
120500040209,2013,10.311081625,0.0,10.311081625
120500040209,2014,10.522898299,0.0,10.522898299
120500040209,2015,9.902632101,0.0,9.902632101
120500040209,2016,11.919004918,0.0,11.919004918
120500040209,2017,11.18240057,0.0,11.18240057
120500040209,2018,11.376714622,0.0,11.376714622
120500040209,2019,12.132680162,0.0,12.132680162
120500040209,2020,13.827172208,0.0,13.827172208
120500040210,2000,5.091720175,0.0,5.091720175
120500040210,2001,3.731872408,0.0,3.731872408
120500040210,2002,3.567817764,0.0,3.567817764
120500040210,2003,3.764144764,0.0,3.764144764
120500040210,2004,2.608128489,0.0,2.608128489
120500040210,2005,4.972509329,0.0,4.972509329
120500040210,2006,5.19274731,0.0,5.19274731
120500040210,2007,4.712014466,0.0,4.712014466
120500040210,2008,3.052280331,0.0,3.052280331
120500040210,2009,4.91881897,0.0,4.91881897
120500040210,2010,3.954692756,0.0,3.954692756
120500040210,2011,6.491203321,0.0,6.491203321
120500040210,2012,4.901196213,0.0,4.901196213
120500040210,2013,4.604567499,0.0,4.604567499
120500040210,2014,4.922130611,0.0,4.922130611
120500040210,2015,4.049850216,0.0,4.049850216
120500040210,2016,5.190032664,0.0,5.190032664
120500040210,2017,3.575170148,0.0,3.575170148
120500040210,2018,4.802317058,0.0,4.802317058
120500040210,2019,6.336487041,0.0,6.336487041
120500040210,2020,6.082645784,0.0,6.082645784
120500040301,2000,11.752241333,0.0,11.752241333
120500040301,2001,9.773655893,0.0,9.773655893
120500040301,2002,12.012863652,0.0,12.012863652
120500040301,2003,12.273069219,0.0,12.273069219
120500040301,2004,11.482549481,0.0,11.482549481
120500040301,2005,14.063115693,0.0,14.063115693
120500040301,2006,9.974914301,0.0,9.974914301
120500040301,2007,7.542853074,0.0,7.542853074
120500040301,2008,10.244008415,0.0,10.244008415
120500040301,2009,15.331820381,0.0,15.331820381
120500040301,2010,9.414410458,0.0,9.414410458
120500040301,2011,20.220793564,0.0,20.220793564
120500040301,2012,10.629848005,0.0,10.629848005
120500040301,2013,14.168951852,0.0,14.168951852
120500040301,2014,12.837531562,0.0,12.837531562
120500040301,2015,11.161765411,0.0,11.161765411
120500040301,2016,12.425257511,0.0,12.425257511
120500040301,2017,12.236093268,0.0,12.236093268
120500040301,2018,10.780738458,0.0,10.780738458
120500040301,2019,15.59300877,0.0,15.59300877
120500040301,2020,14.316360369,0.0,14.316360369
120500040302,2000,0.171683617,0.0,0.171683617
120500040302,2001,0.556737405,0.0,0.556737405
120500040302,2002,0.639899578,0.0,0.639899578
120500040302,2003,0.497780789,0.0,0.497780789
120500040302,2004,1.165607697,0.0,1.165607697
120500040302,2005,1.186792036,0.0,1.186792036
120500040302,2006,0.267676877,0.0,0.267676877
120500040302,2007,0.962030129,0.0,0.962030129
120500040302,2008,0.498655158,0.0,0.498655158
120500040302,2009,0.202661268,0.0,0.202661268
120500040302,2010,0.783043408,0.0,0.783043408
120500040302,2011,0.344994307,0.0,0.344994307
120500040302,2012,0.599805956,0.0,0.599805956
120500040302,2013,0.395537238,0.0,0.395537238
120500040302,2014,0.548621688,0.0,0.548621688
120500040302,2015,0.852621216,0.0,0.852621216
120500040302,2016,0.976249216,0.0,0.976249216
120500040302,2017,0.978616463,0.0,0.978616463
120500040302,2018,0.713457707,0.0,0.713457707
120500040302,2019,0.888988162,0.0,0.888988162
120500040302,2020,0.987423475,0.0,0.987423475
120500040303,2000,0.683171164,0.0,0.683171164
120500040303,2001,0.471583918,0.0,0.471583918
120500040303,2002,0.840760364,0.0,0.840760364
120500040303,2003,0.543607019,0.0,0.543607019
120500040303,2004,1.456595063,0.0,1.456595063
120500040303,2005,1.945369529,0.0,1.945369529
120500040303,2006,1.672943222,0.0,1.672943222
120500040303,2007,2.059223395,0.0,2.059223395
120500040303,2008,0.22741659,0.0,0.22741659
120500040303,2009,2.03349463,0.0,2.03349463
120500040303,2010,2.050860134,0.0,2.050860134
120500040303,2011,0.486340312,0.0,0.486340312
120500040303,2012,0.052775369,0.0,0.052775369
120500040303,2013,1.303724707,0.0,1.303724707
120500040303,2014,0.739092967,0.0,0.739092967
120500040303,2015,2.572998386,0.0,2.572998386
120500040303,2016,0.901302902,0.0,0.901302902
120500040303,2017,1.3033748,0.0,1.3033748
120500040303,2018,2.248588893,0.0,2.248588893
120500040303,2019,2.640552775,0.0,2.640552775
120500040303,2020,1.475083423,0.0,1.475083423
120500040304,2000,3.162902814,0.0,3.162902814
120500040304,2001,1.982926512,0.0,1.982926512
120500040304,2002,2.299816578,0.0,2.299816578
120500040304,2003,2.815571658,0.0,2.815571658
120500040304,2004,2.104842967,0.0,2.104842967
120500040304,2005,3.156855362,0.0,3.156855362
120500040304,2006,3.761892175,0.0,3.761892175
120500040304,2007,2.843041173,0.0,2.843041173
120500040304,2008,2.362251959,0.0,2.362251959
120500040304,2009,3.015219981,0.0,3.015219981
120500040304,2010,2.988842904,0.0,2.988842904
120500040304,2011,3.855715433,0.0,3.855715433
120500040304,2012,2.338173443,0.0,2.338173443
120500040304,2013,4.237098384,0.0,4.237098384
120500040304,2014,3.166078523,0.0,3.166078523
120500040304,2015,3.576248425,0.0,3.576248425
120500040304,2016,3.466745413,0.0,3.466745413
120500040304,2017,2.296292915,0.0,2.296292915
120500040304,2018,4.077696132,0.0,4.077696132
120500040304,2019,4.893763247,0.0,4.893763247
120500040304,2020,3.885276467,0.0,3.885276467
120500040305,2000,3.609731779,0.0,3.609731779
120500040305,2001,4.085442759,0.0,4.085442759
120500040305,2002,3.844338227,0.0,3.844338227
120500040305,2003,5.110044556,0.0,5.110044556
120500040305,2004,3.788792306,0.0,3.788792306
120500040305,2005,5.187943948,0.0,5.187943948
120500040305,2006,3.827108795,0.0,3.827108795
120500040305,2007,8.476399142,0.0,8.476399142
120500040305,2008,3.249629995,0.0,3.249629995
120500040305,2009,7.74241611,0.0,7.74241611
120500040305,2010,8.357923742,0.0,8.357923742
120500040305,2011,6.215667677,0.0,6.215667677
120500040305,2012,4.259142678,0.0,4.259142678
120500040305,2013,7.828184455,0.0,7.828184455
120500040305,2014,4.116478466,0.0,4.116478466
120500040305,2015,7.337718362,0.0,7.337718362
120500040305,2016,6.092745038,0.0,6.092745038
120500040305,2017,4.631465222,0.0,4.631465222
120500040305,2018,4.556474263,0.0,4.556474263
120500040305,2019,7.251738373,0.0,7.251738373
120500040305,2020,8.564230811,0.0,8.564230811
120500040306,2000,0.570302984,0.001140628,0.56916227
120500040306,2001,0.500659688,0.002002581,0.498657019
120500040306,2002,0.376727504,0.000376685,0.376350652
120500040306,2003,0.365614901,0.000731208,0.364883696
120500040306,2004,0.473671355,0.002368366,0.471302904
120500040306,2005,0.656699762,0.003940167,0.652759595
120500040306,2006,0.546275816,0.001638877,0.54463694
120500040306,2007,0.709176016,0.003545877,0.70563014
120500040306,2008,0.452871019,0.001358634,0.451512385
120500040306,2009,0.855241682,0.001710529,0.853531236
120500040306,2010,1.076140805,0.004304575,1.07183623
120500040306,2011,1.138745055,0.003416258,1.135328712
120500040306,2012,0.724631322,0.000724735,0.723906757
120500040306,2013,0.773058405,0.001546123,0.771512197
120500040306,2014,0.635643441,0.001271373,0.634372068
120500040306,2015,0.910261323,0.003641132,0.906620279
120500040306,2016,1.08898326,0.004356008,1.084627333
120500040306,2017,0.730878351,0.002192586,0.728685764
120500040306,2018,0.979957427,0.003919844,0.976037586
120500040306,2019,2.556375956,0.012781921,2.543594036
120500040306,2020,1.102791954,0.002205533,1.100586169
120500040307,2000,2.361757997,0.0,2.361757997
120500040307,2001,2.6876046,0.0,2.6876046
120500040307,2002,1.482894307,0.0,1.482894307
120500040307,2003,1.712942849,0.0,1.712942849
120500040307,2004,1.815967336,0.0,1.815967336
120500040307,2005,2.670117912,0.0,2.670117912
120500040307,2006,2.193403395,0.0,2.193403395
120500040307,2007,4.592276597,0.0,4.592276597
120500040307,2008,0.782043342,0.0,0.782043342
120500040307,2009,2.207468356,0.0,2.207468356
120500040307,2010,3.447393619,0.0,3.447393619
120500040307,2011,2.5709922,0.0,2.5709922
120500040307,2012,2.078563238,0.0,2.078563238
120500040307,2013,2.012598567,0.0,2.012598567
120500040307,2014,1.555168962,0.0,1.555168962
120500040307,2015,2.057214701,0.0,2.057214701
120500040307,2016,2.896836454,0.0,2.896836454
120500040307,2017,1.15832583,0.0,1.15832583
120500040307,2018,4.673481658,0.0,4.673481658
120500040307,2019,4.515621189,0.0,4.515621189
120500040307,2020,3.682586792,0.0,3.682586792
120500040308,2000,0.413582593,0.0,0.413582593
120500040308,2001,0.623604699,0.0,0.623604699
120500040308,2002,0.53414297,0.0,0.53414297
120500040308,2003,0.404003682,0.0,0.404003682
120500040308,2004,0.518753025,0.0,0.518753025
120500040308,2005,1.220207268,0.0,1.220207268
120500040308,2006,0.680605444,0.0,0.680605444
120500040308,2007,1.615905277,0.0,1.615905277
120500040308,2008,0.23660415,0.0,0.23660415
120500040308,2009,0.541374211,0.0,0.541374211
120500040308,2010,1.348197767,0.0,1.348197767
120500040308,2011,0.691656682,0.0,0.691656682
120500040308,2012,0.700209661,0.0,0.700209661
120500040308,2013,1.077555707,0.0,1.077555707
120500040308,2014,0.63006769,0.0,0.63006769
120500040308,2015,0.821381762,0.0,0.821381762
120500040308,2016,1.375498033,0.0,1.375498033
120500040308,2017,0.697713633,0.0,0.697713633
120500040308,2018,0.927060247,0.0,0.927060247
120500040308,2019,2.512435307,0.0,2.512435307
120500040308,2020,1.076160309,0.0,1.076160309
120500040401,2000,2.83373515,0.0,2.83373515
120500040401,2001,2.132510885,0.0,2.132510885
120500040401,2002,2.574076268,0.0,2.574076268
120500040401,2003,2.083116063,0.0,2.083116063
120500040401,2004,1.057757063,0.0,1.057757063
120500040401,2005,2.411344447,0.0,2.411344447
120500040401,2006,2.8127262,0.0,2.8127262
120500040401,2007,1.335216636,0.0,1.335216636
120500040401,2008,2.535273719,0.0,2.535273719
120500040401,2009,2.401660921,0.0,2.401660921
120500040401,2010,2.250725753,0.0,2.250725753
120500040401,2011,3.562170052,0.0,3.562170052
120500040401,2012,3.171902246,0.0,3.171902246
120500040401,2013,2.802420003,0.0,2.802420003
120500040401,2014,2.987015712,0.0,2.987015712
120500040401,2015,2.892597619,0.0,2.892597619
120500040401,2016,2.851706863,0.0,2.851706863
120500040401,2017,3.604432364,0.0,3.604432364
120500040401,2018,3.647933811,0.0,3.647933811
120500040401,2019,3.581797712,0.0,3.581797712
120500040401,2020,4.54427482,0.0,4.54427482
120500040402,2000,10.232660984,0.0,10.232660984
120500040402,2001,7.565947485,0.0,7.565947485
120500040402,2002,7.379526836,0.0,7.379526836
120500040402,2003,8.092320178,0.0,8.092320178
120500040402,2004,7.629308055,0.0,7.629308055
120500040402,2005,5.885231452,0.0,5.885231452
120500040402,2006,8.372945726,0.0,8.372945726
120500040402,2007,9.574212767,0.0,9.574212767
120500040402,2008,8.523488577,0.0,8.523488577
120500040402,2009,11.152484181,0.0,11.152484181
120500040402,2010,10.144068167,0.0,10.144068167
120500040402,2011,12.6682636,0.0,12.6682636
120500040402,2012,11.845199527,0.0,11.845199527
120500040402,2013,12.595165055,0.0,12.595165055
120500040402,2014,10.065346386,0.0,10.065346386
120500040402,2015,10.935380805,0.0,10.935380805
120500040402,2016,12.566929992,0.0,12.566929992
120500040402,2017,11.992851921,0.0,11.992851921
120500040402,2018,9.869922027,0.0,9.869922027
120500040402,2019,12.205113677,0.0,12.205113677
120500040402,2020,14.404302601,0.0,14.404302601
120500040403,2000,4.937083055,0.0,4.937083055
120500040403,2001,3.520738786,0.0,3.520738786
120500040403,2002,4.209932022,0.0,4.209932022
120500040403,2003,4.2977836,0.0,4.2977836
120500040403,2004,3.389398934,0.0,3.389398934
120500040403,2005,3.177985948,0.0,3.177985948
120500040403,2006,4.905093959,0.0,4.905093959
120500040403,2007,4.017598918,0.0,4.017598918
120500040403,2008,3.737489071,0.0,3.737489071
120500040403,2009,4.504642082,0.0,4.504642082
120500040403,2010,4.094459496,0.0,4.094459496
120500040403,2011,5.279433723,0.0,5.279433723
120500040403,2012,4.33511459,0.0,4.33511459
120500040403,2013,4.306956197,0.0,4.306956197
120500040403,2014,4.864745858,0.0,4.864745858
120500040403,2015,4.342525915,0.0,4.342525915
120500040403,2016,5.12926124,0.0,5.12926124
120500040403,2017,5.198987559,0.0,5.198987559
120500040403,2018,5.454074488,0.0,5.454074488
120500040403,2019,7.365427449,0.0,7.365427449
120500040403,2020,8.102569948,0.0,8.102569948
120500040404,2000,3.429605126,0.0,3.429605126
120500040404,2001,2.7551818,0.0,2.7551818
120500040404,2002,4.563697011,0.0,4.563697011
120500040404,2003,2.932008468,0.0,2.932008468
120500040404,2004,2.985253167,0.0,2.985253167
120500040404,2005,3.519101868,0.0,3.519101868
120500040404,2006,3.291051107,0.0,3.291051107
120500040404,2007,4.168329901,0.0,4.168329901
120500040404,2008,2.421808251,0.0,2.421808251
120500040404,2009,4.419438742,0.0,4.419438742
120500040404,2010,3.715225173,0.0,3.715225173
120500040404,2011,4.468183208,0.0,4.468183208
120500040404,2012,4.128441008,0.0,4.128441008
120500040404,2013,5.038122866,0.0,5.038122866
120500040404,2014,3.813404348,0.0,3.813404348
120500040404,2015,4.46704289,0.0,4.46704289
120500040404,2016,4.741990301,0.0,4.741990301
120500040404,2017,3.984604984,0.0,3.984604984
120500040404,2018,4.030549978,0.0,4.030549978
120500040404,2019,4.813462197,0.0,4.813462197
120500040404,2020,5.181718525,0.0,5.181718525
120500040405,2000,0.0,0.0,0.0
120500040405,2001,0.0,0.0,0.0
120500040405,2002,0.0,0.0,0.0
120500040405,2003,0.0,0.0,0.0
120500040405,2004,0.0,0.0,0.0
120500040405,2005,0.0,0.0,0.0
120500040405,2006,0.025598268,0.0,0.025598268
120500040405,2007,0.0,0.0,0.0
120500040405,2008,0.0,0.0,0.0
120500040405,2009,0.0,0.0,0.0
120500040405,2010,0.030106575,0.0,0.030106575
120500040405,2011,0.0,0.0,0.0
120500040405,2012,0.0,0.0,0.0
120500040405,2013,0.0,0.0,0.0
120500040405,2014,0.0,0.0,0.0
120500040405,2015,0.0,0.0,0.0
120500040405,2016,0.0,0.0,0.0
120500040405,2017,0.0,0.0,0.0
120500040405,2018,0.0,0.0,0.0
120500040405,2019,0.0,0.0,0.0
120500040405,2020,0.0,0.0,0.0
120500040406,2000,0.0,0.0,0.0
120500040406,2001,0.0,0.0,0.0
120500040406,2002,0.0,0.0,0.0
120500040406,2003,0.0,0.0,0.0
120500040406,2004,0.0,0.0,0.0
120500040406,2005,0.0,0.0,0.0
120500040406,2006,0.0,0.0,0.0
120500040406,2007,0.0,0.0,0.0
120500040406,2008,0.0,0.0,0.0
120500040406,2009,0.0,0.0,0.0
120500040406,2010,0.0,0.0,0.0
120500040406,2011,0.0,0.0,0.0
120500040406,2012,0.0,0.0,0.0
120500040406,2013,0.0,0.0,0.0
120500040406,2014,0.0,0.0,0.0
120500040406,2015,0.0,0.0,0.0
120500040406,2016,0.0,0.0,0.0
120500040406,2017,0.0,0.0,0.0
120500040406,2018,0.0,0.0,0.0
120500040406,2019,0.0,0.0,0.0
120500040406,2020,0.0,0.0,0.0
120500040501,2000,0.0,0.0,0.0
120500040501,2001,0.0,0.0,0.0
120500040501,2002,0.0,0.0,0.0
120500040501,2003,0.0,0.0,0.0
120500040501,2004,0.0,0.0,0.0
120500040501,2005,0.0,0.0,0.0
120500040501,2006,0.0,0.0,0.0
120500040501,2007,0.0,0.0,0.0
120500040501,2008,0.0,0.0,0.0
120500040501,2009,0.0,0.0,0.0
120500040501,2010,0.0,0.0,0.0
120500040501,2011,0.0,0.0,0.0
120500040501,2012,0.0,0.0,0.0
120500040501,2013,0.0,0.0,0.0
120500040501,2014,0.0,0.0,0.0
120500040501,2015,0.0,0.0,0.0
120500040501,2016,0.0,0.0,0.0
120500040501,2017,0.0,0.0,0.0
120500040501,2018,0.0,0.0,0.0
120500040501,2019,0.0,0.0,0.0
120500040501,2020,0.0,0.0,0.0
120500040502,2000,0.0,0.0,0.0
120500040502,2001,0.0,0.0,0.0
120500040502,2002,0.0,0.0,0.0
120500040502,2003,0.0,0.0,0.0
120500040502,2004,0.0,0.0,0.0
120500040502,2005,0.0,0.0,0.0
120500040502,2006,0.0,0.0,0.0
120500040502,2007,0.0,0.0,0.0
120500040502,2008,0.0,0.0,0.0
120500040502,2009,0.0,0.0,0.0
120500040502,2010,0.0,0.0,0.0
120500040502,2011,0.0,0.0,0.0
120500040502,2012,0.0,0.0,0.0
120500040502,2013,0.0,0.0,0.0
120500040502,2014,0.0,0.0,0.0
120500040502,2015,0.0,0.0,0.0
120500040502,2016,0.0,0.0,0.0
120500040502,2017,0.0,0.0,0.0
120500040502,2018,0.0,0.0,0.0
120500040502,2019,0.0,0.0,0.0
120500040502,2020,0.0,0.0,0.0
120500040503,2000,0.0,0.0,0.0
120500040503,2001,0.000702414,0.0,0.000702414
120500040503,2002,0.0,0.0,0.0
120500040503,2003,0.000711326,0.0,0.000711326
120500040503,2004,0.0,0.0,0.0
120500040503,2005,0.001164956,0.0,0.001164956
120500040503,2006,0.00184349,0.0,0.00184349
120500040503,2007,0.0,0.0,0.0
120500040503,2008,0.0,0.0,0.0
120500040503,2009,0.0,0.0,0.0
120500040503,2010,0.0,0.0,0.0
120500040503,2011,0.0,0.0,0.0
120500040503,2012,0.0,0.0,0.0
120500040503,2013,0.0,0.0,0.0
120500040503,2014,0.0,0.0,0.0
120500040503,2015,0.0,0.0,0.0
120500040503,2016,0.0,0.0,0.0
120500040503,2017,0.0,0.0,0.0
120500040503,2018,0.0,0.0,0.0
120500040503,2019,0.0,0.0,0.0
120500040503,2020,0.0,0.0,0.0
120500040504,2000,0.0,0.0,0.0
120500040504,2001,0.000449729,8.512e-06,0.000441219
120500040504,2002,0.0,0.0,0.0
120500040504,2003,0.001850816,0.000148175,0.001702808
120500040504,2004,0.003473443,0.000517503,0.00295594
120500040504,2005,0.013924959,0.002074767,0.011850359
120500040504,2006,0.0,0.0,0.0
120500040504,2007,0.0,0.0,0.0
120500040504,2008,0.0,0.0,0.0
120500040504,2009,0.0,0.0,0.0
120500040504,2010,0.008201948,0.000770874,0.007430827
120500040504,2011,0.0,0.0,0.0
120500040504,2012,0.0,0.0,0.0
120500040504,2013,0.0,0.0,0.0
120500040504,2014,0.0,0.0,0.0
120500040504,2015,0.00567397,0.000845288,0.0048286
120500040504,2016,0.006177276,0.000920489,0.005256869
120500040504,2017,0.003302285,0.000492047,0.002810241
120500040504,2018,0.0,0.0,0.0
120500040504,2019,0.010793137,0.001489301,0.009303753
120500040504,2020,0.0,0.0,0.0
120500040505,2000,0.0,0.0,0.0
120500040505,2001,0.0,0.0,0.0
120500040505,2002,0.0,0.0,0.0
120500040505,2003,0.0,0.0,0.0
120500040505,2004,0.0,0.0,0.0
120500040505,2005,0.0,0.0,0.0
120500040505,2006,0.0,0.0,0.0
120500040505,2007,0.0,0.0,0.0
120500040505,2008,0.0,0.0,0.0
120500040505,2009,0.0,0.0,0.0
120500040505,2010,0.0,0.0,0.0
120500040505,2011,0.0,0.0,0.0
120500040505,2012,0.0,0.0,0.0
120500040505,2013,0.0,0.0,0.0
120500040505,2014,0.0,0.0,0.0
120500040505,2015,0.0,0.0,0.0
120500040505,2016,0.0,0.0,0.0
120500040505,2017,0.0,0.0,0.0
120500040505,2018,0.0,0.0,0.0
120500040505,2019,0.008250567,0.001080918,0.007169737
120500040505,2020,0.0,0.0,0.0
120500040506,2000,0.0,0.0,0.0
120500040506,2001,0.160448156,0.0,0.160448156
120500040506,2002,0.0,0.0,0.0
120500040506,2003,0.065370753,0.0,0.065370753
120500040506,2004,0.0,0.0,0.0
120500040506,2005,0.109959786,0.0,0.109959786
120500040506,2006,0.119611816,0.0,0.119611816
120500040506,2007,0.155692953,0.0,0.155692953
120500040506,2008,0.156452033,0.0,0.156452033
120500040506,2009,0.0,0.0,0.0
120500040506,2010,0.121943485,0.0,0.121943485
120500040506,2011,0.0,0.0,0.0
120500040506,2012,0.0,0.0,0.0
120500040506,2013,0.0,0.0,0.0
120500040506,2014,0.0,0.0,0.0
120500040506,2015,0.19531649,0.0,0.19531649
120500040506,2016,0.331322022,0.0,0.331322022
120500040506,2017,0.0,0.0,0.0
120500040506,2018,0.002278225,0.0,0.002278225
120500040506,2019,0.0,0.0,0.0
120500040506,2020,0.284529929,0.0,0.284529929
120500040507,2000,0.0,0.0,0.0
120500040507,2001,0.511498847,0.000511403,0.510987444
120500040507,2002,0.0,0.0,0.0
120500040507,2003,0.229807559,0.0,0.229807559
120500040507,2004,0.031565093,0.0,0.031565093
120500040507,2005,0.1584526,0.000158463,0.158294137
120500040507,2006,0.510152186,0.001530299,0.508621718
120500040507,2007,0.178729844,0.000536079,0.178193597
120500040507,2008,0.407948973,0.0,0.407948973
120500040507,2009,0.148383811,0.0,0.148383811
120500040507,2010,0.0,0.0,0.0
120500040507,2011,0.0,0.0,0.0
120500040507,2012,0.0,0.0,0.0
120500040507,2013,0.0,0.0,0.0
120500040507,2014,0.0,0.0,0.0
120500040507,2015,0.171158468,0.000513581,0.17064514
120500040507,2016,0.768066158,0.0,0.768066158
120500040507,2017,0.0,0.0,0.0
120500040507,2018,0.166107397,0.000664548,0.165443099
120500040507,2019,0.307406255,0.00122969,0.306176652
120500040507,2020,0.303724992,0.0,0.303724992
120500040601,2000,0.0,0.0,0.0
120500040601,2001,0.0,0.0,0.0
120500040601,2002,0.0,0.0,0.0
120500040601,2003,0.0,0.0,0.0
120500040601,2004,0.0,0.0,0.0
120500040601,2005,0.0,0.0,0.0
120500040601,2006,0.0,0.0,0.0
120500040601,2007,0.0,0.0,0.0
120500040601,2008,0.0,0.0,0.0
120500040601,2009,0.0,0.0,0.0
120500040601,2010,0.0,0.0,0.0
120500040601,2011,0.0,0.0,0.0
120500040601,2012,0.0,0.0,0.0
120500040601,2013,0.0,0.0,0.0
120500040601,2014,0.0,0.0,0.0
120500040601,2015,0.0,0.0,0.0
120500040601,2016,0.0,0.0,0.0
120500040601,2017,0.0,0.0,0.0
120500040601,2018,0.0,0.0,0.0
120500040601,2019,0.0,0.0,0.0
120500040601,2020,0.0,0.0,0.0
120500040602,2000,0.0,0.0,0.0
120500040602,2001,0.0,0.0,0.0
120500040602,2002,0.0,0.0,0.0
120500040602,2003,0.0,0.0,0.0
120500040602,2004,0.0,0.0,0.0
120500040602,2005,0.0,0.0,0.0
120500040602,2006,0.0,0.0,0.0
120500040602,2007,0.0,0.0,0.0
120500040602,2008,0.0,0.0,0.0
120500040602,2009,0.0,0.0,0.0
120500040602,2010,0.0,0.0,0.0
120500040602,2011,0.0,0.0,0.0
120500040602,2012,0.0,0.0,0.0
120500040602,2013,0.0,0.0,0.0
120500040602,2014,0.0,0.0,0.0
120500040602,2015,0.0,0.0,0.0
120500040602,2016,0.0,0.0,0.0
120500040602,2017,0.0,0.0,0.0
120500040602,2018,0.0,0.0,0.0
120500040602,2019,0.0,0.0,0.0
120500040602,2020,0.0,0.0,0.0
120500040603,2000,0.0,0.0,0.0
120500040603,2001,0.0,0.0,0.0
120500040603,2002,0.0,0.0,0.0
120500040603,2003,0.0,0.0,0.0
120500040603,2004,0.0,0.0,0.0
120500040603,2005,0.0,0.0,0.0
120500040603,2006,0.0,0.0,0.0
120500040603,2007,0.0,0.0,0.0
120500040603,2008,0.0,0.0,0.0
120500040603,2009,0.0,0.0,0.0
120500040603,2010,0.0,0.0,0.0
120500040603,2011,0.0,0.0,0.0
120500040603,2012,0.0,0.0,0.0
120500040603,2013,0.0,0.0,0.0
120500040603,2014,0.0,0.0,0.0
120500040603,2015,0.0,0.0,0.0
120500040603,2016,0.0,0.0,0.0
120500040603,2017,0.0,0.0,0.0
120500040603,2018,0.0,0.0,0.0
120500040603,2019,0.0,0.0,0.0
120500040603,2020,0.0,0.0,0.0
120500040604,2000,0.0,0.0,0.0
120500040604,2001,0.0,0.0,0.0
120500040604,2002,0.0,0.0,0.0
120500040604,2003,0.0,0.0,0.0
120500040604,2004,0.0,0.0,0.0
120500040604,2005,0.0,0.0,0.0
120500040604,2006,0.0,0.0,0.0
120500040604,2007,0.0,0.0,0.0
120500040604,2008,0.0,0.0,0.0
120500040604,2009,0.0,0.0,0.0
120500040604,2010,0.0,0.0,0.0
120500040604,2011,0.0,0.0,0.0
120500040604,2012,0.0,0.0,0.0
120500040604,2013,0.0,0.0,0.0
120500040604,2014,0.0,0.0,0.0
120500040604,2015,0.0,0.0,0.0
120500040604,2016,0.0,0.0,0.0
120500040604,2017,0.0,0.0,0.0
120500040604,2018,0.0,0.0,0.0
120500040604,2019,0.0,0.0,0.0
120500040604,2020,0.0,0.0,0.0
120500040605,2000,0.0,0.0,0.0
120500040605,2001,0.0,0.0,0.0
120500040605,2002,0.0,0.0,0.0
120500040605,2003,0.0,0.0,0.0
120500040605,2004,0.0,0.0,0.0
120500040605,2005,0.0,0.0,0.0
120500040605,2006,0.0,0.0,0.0
120500040605,2007,0.0,0.0,0.0
120500040605,2008,0.0,0.0,0.0
120500040605,2009,0.0,0.0,0.0
120500040605,2010,0.0,0.0,0.0
120500040605,2011,0.0,0.0,0.0
120500040605,2012,0.0,0.0,0.0
120500040605,2013,0.0,0.0,0.0
120500040605,2014,0.0,0.0,0.0
120500040605,2015,0.0,0.0,0.0
120500040605,2016,0.0,0.0,0.0
120500040605,2017,0.0,0.0,0.0
120500040605,2018,0.0,0.0,0.0
120500040605,2019,0.0,0.0,0.0
120500040605,2020,0.0,0.0,0.0
120500040606,2000,0.0,0.0,0.0
120500040606,2001,0.0,0.0,0.0
120500040606,2002,0.0,0.0,0.0
120500040606,2003,0.0,0.0,0.0
120500040606,2004,0.0,0.0,0.0
120500040606,2005,0.0,0.0,0.0
120500040606,2006,0.0,0.0,0.0
120500040606,2007,0.0,0.0,0.0
120500040606,2008,0.0,0.0,0.0
120500040606,2009,0.0,0.0,0.0
120500040606,2010,0.0,0.0,0.0
120500040606,2011,0.0,0.0,0.0
120500040606,2012,0.0,0.0,0.0
120500040606,2013,0.0,0.0,0.0
120500040606,2014,0.0,0.0,0.0
120500040606,2015,0.0,0.0,0.0
120500040606,2016,0.0,0.0,0.0
120500040606,2017,0.0,0.0,0.0
120500040606,2018,0.0,0.0,0.0
120500040606,2019,0.0,0.0,0.0
120500040606,2020,0.0,0.0,0.0
120500040607,2000,0.0,0.0,0.0
120500040607,2001,0.0,0.0,0.0
120500040607,2002,0.0,0.0,0.0
120500040607,2003,0.0,0.0,0.0
120500040607,2004,0.0,0.0,0.0
120500040607,2005,0.0,0.0,0.0
120500040607,2006,0.0,0.0,0.0
120500040607,2007,0.0,0.0,0.0
120500040607,2008,0.0,0.0,0.0
120500040607,2009,0.0,0.0,0.0
120500040607,2010,0.0,0.0,0.0
120500040607,2011,0.0,0.0,0.0
120500040607,2012,0.0,0.0,0.0
120500040607,2013,0.0,0.0,0.0
120500040607,2014,0.0,0.0,0.0
120500040607,2015,0.0,0.0,0.0
120500040607,2016,0.0,0.0,0.0
120500040607,2017,0.0,0.0,0.0
120500040607,2018,0.0,0.0,0.0
120500040607,2019,0.0,0.0,0.0
120500040607,2020,0.0,0.0,0.0
120500040701,2000,0.0,0.0,0.0
120500040701,2001,0.0,0.0,0.0
120500040701,2002,0.0,0.0,0.0
120500040701,2003,0.0,0.0,0.0
120500040701,2004,0.030888814,0.004602363,0.026286451
120500040701,2005,0.0,0.0,0.0
120500040701,2006,0.0,0.0,0.0
120500040701,2007,0.0,0.0,0.0
120500040701,2008,0.005397262,0.00080415,0.004593027
120500040701,2009,0.0067026,0.000998584,0.005703934
120500040701,2010,0.0,0.0,0.0
120500040701,2011,0.0,0.0,0.0
120500040701,2012,0.0,0.0,0.0
120500040701,2013,0.02721091,0.00405437,0.023156455
120500040701,2014,0.0,0.0,0.0
120500040701,2015,0.0,0.0,0.0
120500040701,2016,0.0,0.0,0.0
120500040701,2017,0.0,0.0,0.0
120500040701,2018,0.0,0.0,0.0
120500040701,2019,0.0,0.0,0.0
120500040701,2020,0.0,0.0,0.0
120500040702,2000,0.0,0.0,0.0
120500040702,2001,0.0,0.0,0.0
120500040702,2002,0.0,0.0,0.0
120500040702,2003,0.0,0.0,0.0
120500040702,2004,0.0,0.0,0.0
120500040702,2005,0.0,0.0,0.0
120500040702,2006,0.0,0.0,0.0
120500040702,2007,0.0,0.0,0.0
120500040702,2008,0.0,0.0,0.0
120500040702,2009,0.0,0.0,0.0
120500040702,2010,0.0,0.0,0.0
120500040702,2011,0.0,0.0,0.0
120500040702,2012,0.0,0.0,0.0
120500040702,2013,0.0,0.0,0.0
120500040702,2014,0.0,0.0,0.0
120500040702,2015,0.0,0.0,0.0
120500040702,2016,0.0,0.0,0.0
120500040702,2017,0.0,0.0,0.0
120500040702,2018,0.0,0.0,0.0
120500040702,2019,0.0,0.0,0.0
120500040702,2020,0.0,0.0,0.0
120500040703,2000,0.007623115,0.001135945,0.006487254
120500040703,2001,0.008952537,0.001333921,0.007618616
120500040703,2002,0.45658411,0.068030904,0.38855329
120500040703,2003,0.042669825,0.006357751,0.036312077
120500040703,2004,0.277602235,0.041362735,0.236239582
120500040703,2005,0.007291318,0.001086307,0.006204844
120500040703,2006,0.016805616,0.002504025,0.01430151
120500040703,2007,0.00818211,0.001219189,0.006962921
120500040703,2008,0.0,0.0,0.0
120500040703,2009,0.026556107,0.003956866,0.022598989
120500040703,2010,0.017799685,0.002652222,0.015147463
120500040703,2011,0.0873534,0.013015668,0.074337649
120500040703,2012,0.022259131,0.003316541,0.018942508
120500040703,2013,0.597043296,0.08895946,0.508083836
120500040703,2014,0.015264126,0.002274279,0.012989764
120500040703,2015,0.00750446,0.001118208,0.006386255
120500040703,2016,0.003897085,0.000580699,0.003316385
120500040703,2017,0.013832145,0.002060984,0.011771247
120500040703,2018,0.010186441,0.001517838,0.008668688
120500040703,2019,0.003237323,0.000482345,0.00275506
120500040703,2020,0.00463285,0.000690224,0.003942462
120500040704,2000,0.0,0.0,0.0
120500040704,2001,0.0,0.0,0.0
120500040704,2002,0.0,0.0,0.0
120500040704,2003,0.0,0.0,0.0
120500040704,2004,0.0,0.0,0.0
120500040704,2005,0.0,0.0,0.0
120500040704,2006,0.0,0.0,0.0
120500040704,2007,0.0,0.0,0.0
120500040704,2008,0.0,0.0,0.0
120500040704,2009,0.0806622,0.009275984,0.071386132
120500040704,2010,0.0,0.0,0.0
120500040704,2011,0.0,0.0,0.0
120500040704,2012,0.0,0.0,0.0
120500040704,2013,0.0,0.0,0.0
120500040704,2014,0.0,0.0,0.0
120500040704,2015,0.0,0.0,0.0
120500040704,2016,0.0,0.0,0.0
120500040704,2017,0.0,0.0,0.0
120500040704,2018,0.0,0.0,0.0
120500040704,2019,0.0,0.0,0.0
120500040704,2020,8.123e-06,1.087e-06,7.202e-06
120500040801,2000,0.0,0.0,0.0
120500040801,2001,0.0,0.0,0.0
120500040801,2002,0.0,0.0,0.0
120500040801,2003,0.0,0.0,0.0
120500040801,2004,0.0,0.0,0.0
120500040801,2005,0.0,0.0,0.0
120500040801,2006,0.0,0.0,0.0
120500040801,2007,0.0,0.0,0.0
120500040801,2008,0.0,0.0,0.0
120500040801,2009,0.0,0.0,0.0
120500040801,2010,0.0,0.0,0.0
120500040801,2011,0.0,0.0,0.0
120500040801,2012,0.0,0.0,0.0
120500040801,2013,0.0,0.0,0.0
120500040801,2014,0.0,0.0,0.0
120500040801,2015,0.0,0.0,0.0
120500040801,2016,0.0,0.0,0.0
120500040801,2017,0.0,0.0,0.0
120500040801,2018,0.0,0.0,0.0
120500040801,2019,0.0,0.0,0.0
120500040801,2020,0.0,0.0,0.0
120500040802,2000,0.0,0.0,0.0
120500040802,2001,0.0,0.0,0.0
120500040802,2002,0.0,0.0,0.0
120500040802,2003,0.0,0.0,0.0
120500040802,2004,0.0,0.0,0.0
120500040802,2005,0.0,0.0,0.0
120500040802,2006,0.005764233,0.00014411,0.005620208
120500040802,2007,0.0,0.0,0.0
120500040802,2008,0.0,0.0,0.0
120500040802,2009,0.0,0.0,0.0
120500040802,2010,0.0,0.0,0.0
120500040802,2011,0.0,0.0,0.0
120500040802,2012,0.0,0.0,0.0
120500040802,2013,0.0,0.0,0.0
120500040802,2014,0.0,0.0,0.0
120500040802,2015,0.0,0.0,0.0
120500040802,2016,0.0,0.0,0.0
120500040802,2017,0.0,0.0,0.0
120500040802,2018,0.011107789,0.000277841,0.010830033
120500040802,2019,0.0,0.0,0.0
120500040802,2020,0.0,0.0,0.0
120500040803,2000,0.0,0.0,0.0
120500040803,2001,0.0,0.0,0.0
120500040803,2002,0.0,0.0,0.0
120500040803,2003,0.0,0.0,0.0
120500040803,2004,0.0,0.0,0.0
120500040803,2005,0.0,0.0,0.0
120500040803,2006,0.021880734,2.1893e-05,0.021858841
120500040803,2007,0.0,0.0,0.0
120500040803,2008,0.0,0.0,0.0
120500040803,2009,0.0,0.0,0.0
120500040803,2010,0.0,0.0,0.0
120500040803,2011,0.0,0.0,0.0
120500040803,2012,0.0,0.0,0.0
120500040803,2013,0.251563427,0.000251553,0.251311789
120500040803,2014,0.0,0.0,0.0
120500040803,2015,0.0,0.0,0.0
120500040803,2016,0.0,0.0,0.0
120500040803,2017,0.0,0.0,0.0
120500040803,2018,0.209292701,0.0,0.209292701
120500040803,2019,0.0,0.0,0.0
120500040803,2020,0.0,0.0,0.0
120500040804,2000,0.0,0.0,0.0
120500040804,2001,0.0,0.0,0.0
120500040804,2002,0.0,0.0,0.0
120500040804,2003,0.0,0.0,0.0
120500040804,2004,0.0,0.0,0.0
120500040804,2005,0.0,0.0,0.0
120500040804,2006,0.00152297,0.0,0.00152297
120500040804,2007,0.0,0.0,0.0
120500040804,2008,0.0,0.0,0.0
120500040804,2009,0.0,0.0,0.0
120500040804,2010,0.0,0.0,0.0
120500040804,2011,0.0,0.0,0.0
120500040804,2012,0.0,0.0,0.0
120500040804,2013,0.129564151,0.0,0.129564151
120500040804,2014,0.0,0.0,0.0
120500040804,2015,0.0,0.0,0.0
120500040804,2016,0.0,0.0,0.0
120500040804,2017,0.0,0.0,0.0
120500040804,2018,0.063083573,0.0,0.063083573
120500040804,2019,0.198928668,0.0,0.198928668
120500040804,2020,0.0,0.0,0.0
120500040805,2000,0.0,0.0,0.0
120500040805,2001,0.073779789,0.001844482,0.071935307
120500040805,2002,0.0,0.0,0.0
120500040805,2003,0.0,0.0,0.0
120500040805,2004,0.054347563,0.001195639,0.053151842
120500040805,2005,0.057117811,0.00131369,0.055804121
120500040805,2006,0.0,0.0,0.0
120500040805,2007,0.001756688,3.3518e-05,0.00172334
120500040805,2008,0.06687871,0.001337617,0.065541096
120500040805,2009,0.0,0.0,0.0
120500040805,2010,0.0,0.0,0.0
120500040805,2011,0.0,0.0,0.0
120500040805,2012,0.0,0.0,0.0
120500040805,2013,0.035239164,0.000563852,0.034675145
120500040805,2014,0.0,0.0,0.0
120500040805,2015,0.0,0.0,0.0
120500040805,2016,0.0,0.0,0.0
120500040805,2017,0.0,0.0,0.0
120500040805,2018,0.041197781,0.000576764,0.040621014
120500040805,2019,0.0,0.0,0.0
120500040805,2020,0.048884194,0.000244352,0.048639842
120500040806,2000,0.0,0.0,0.0
120500040806,2001,0.003482518,8.714e-05,0.003395293
120500040806,2002,0.0,0.0,0.0
120500040806,2003,0.0,0.0,0.0
120500040806,2004,0.002149525,5.373e-05,0.002095877
120500040806,2005,0.0,0.0,0.0
120500040806,2006,0.0,0.0,0.0
120500040806,2007,0.0,0.0,0.0
120500040806,2008,0.0,0.0,0.0
120500040806,2009,0.0,0.0,0.0
120500040806,2010,0.0,0.0,0.0
120500040806,2011,0.0,0.0,0.0
120500040806,2012,0.0,0.0,0.0
120500040806,2013,0.0,0.0,0.0
120500040806,2014,0.0,0.0,0.0
120500040806,2015,0.0,0.0,0.0
120500040806,2016,0.0,0.0,0.0
120500040806,2017,0.0,0.0,0.0
120500040806,2018,0.000131099,3.192e-06,0.000127907
120500040806,2019,0.0,0.0,0.0
120500040806,2020,0.0,0.0,0.0
120500040807,2000,0.0,0.0,0.0
120500040807,2001,0.0,0.0,0.0
120500040807,2002,0.0,0.0,0.0
120500040807,2003,0.0,0.0,0.0
120500040807,2004,0.0,0.0,0.0
120500040807,2005,0.146237975,0.002924893,0.143313167
120500040807,2006,0.0,0.0,0.0
120500040807,2007,0.0225088,0.000360164,0.022148553
120500040807,2008,0.0,0.0,0.0
120500040807,2009,0.0,0.0,0.0
120500040807,2010,0.0,0.0,0.0
120500040807,2011,0.0,0.0,0.0
120500040807,2012,0.0,0.0,0.0
120500040807,2013,0.0,0.0,0.0
120500040807,2014,0.0,0.0,0.0
120500040807,2015,0.0,0.0,0.0
120500040807,2016,0.0,0.0,0.0
120500040807,2017,0.0,0.0,0.0
120500040807,2018,0.0,0.0,0.0
120500040807,2019,0.0,0.0,0.0
120500040807,2020,0.0,0.0,0.0
120500040901,2000,0.0,0.0,0.0
120500040901,2001,0.0,0.0,0.0
120500040901,2002,0.140760699,0.000703696,0.140056921
120500040901,2003,0.070043592,0.001120699,0.068922893
120500040901,2004,0.0,0.0,0.0
120500040901,2005,0.325470027,0.006509463,0.318960649
120500040901,2006,0.073918003,0.001256589,0.072661416
120500040901,2007,0.031927485,0.00022349,0.031703995
120500040901,2008,0.0,0.0,0.0
120500040901,2009,0.0,0.0,0.0
120500040901,2010,0.0,0.0,0.0
120500040901,2011,0.0,0.0,0.0
120500040901,2012,0.0,0.0,0.0
120500040901,2013,0.0,0.0,0.0
120500040901,2014,0.049472934,0.0,0.049472934
120500040901,2015,0.0,0.0,0.0
120500040901,2016,0.064542765,0.0,0.064542765
120500040901,2017,0.0,0.0,0.0
120500040901,2018,0.0,0.0,0.0
120500040901,2019,0.034515068,0.000759301,0.033755849
120500040901,2020,0.011437232,0.0,0.011437232
120500040902,2000,0.0,0.0,0.0
120500040902,2001,0.0,0.0,0.0
120500040902,2002,0.0,0.0,0.0
120500040902,2003,0.0,0.0,0.0
120500040902,2004,0.0,0.0,0.0
120500040902,2005,0.0,0.0,0.0
120500040902,2006,0.010814803,0.0,0.010814803
120500040902,2007,0.011128951,0.0,0.011128951
120500040902,2008,0.0,0.0,0.0
120500040902,2009,0.0,0.0,0.0
120500040902,2010,0.0,0.0,0.0
120500040902,2011,0.0,0.0,0.0
120500040902,2012,0.0,0.0,0.0
120500040902,2013,0.0,0.0,0.0
120500040902,2014,0.0,0.0,0.0
120500040902,2015,0.0,0.0,0.0
120500040902,2016,0.0,0.0,0.0
120500040902,2017,0.0,0.0,0.0
120500040902,2018,0.0,0.0,0.0
120500040902,2019,0.0,0.0,0.0
120500040902,2020,0.01828538,0.0,0.01828538
120500040903,2000,0.0,0.0,0.0
120500040903,2001,0.0,0.0,0.0
120500040903,2002,0.075753444,0.0,0.075753444
120500040903,2003,0.090839153,0.0,0.090839153
120500040903,2004,0.24561432,0.0,0.24561432
120500040903,2005,0.428664375,0.0,0.428664375
120500040903,2006,0.319987249,0.0,0.319987249
120500040903,2007,0.083493005,0.0,0.083493005
120500040903,2008,0.121542413,0.0,0.121542413
120500040903,2009,0.177183112,0.0,0.177183112
120500040903,2010,0.224996534,0.0,0.224996534
120500040903,2011,0.210384973,0.0,0.210384973
120500040903,2012,0.262431637,0.0,0.262431637
120500040903,2013,0.069025677,0.0,0.069025677
120500040903,2014,0.315159836,0.0,0.315159836
120500040903,2015,0.261302586,0.0,0.261302586
120500040903,2016,0.444614839,0.0,0.444614839
120500040903,2017,0.0,0.0,0.0
120500040903,2018,0.165251123,0.0,0.165251123
120500040903,2019,1.109426181,0.0,1.109426181
120500040903,2020,0.920313505,0.0,0.920313505
120500040904,2000,0.00038462,0.0,0.00038462
120500040904,2001,5.8123e-05,0.0,5.8123e-05
120500040904,2002,0.20091006,0.0,0.20091006
120500040904,2003,0.10320586,0.0,0.10320586
120500040904,2004,0.053513429,0.0,0.053513429
120500040904,2005,0.245095315,0.0,0.245095315
120500040904,2006,0.077999885,0.0,0.077999885
120500040904,2007,0.075919515,0.0,0.075919515
120500040904,2008,0.020347268,0.0,0.020347268
120500040904,2009,0.104523178,0.0,0.104523178
120500040904,2010,0.103468992,0.0,0.103468992
120500040904,2011,0.131539499,0.0,0.131539499
120500040904,2012,0.393090358,0.0,0.393090358
120500040904,2013,0.025619652,0.0,0.025619652
120500040904,2014,0.099130605,0.0,0.099130605
120500040904,2015,0.176925789,0.0,0.176925789
120500040904,2016,0.018485664,0.0,0.018485664
120500040904,2017,0.0,0.0,0.0
120500040904,2018,0.208109389,0.0,0.208109389
120500040904,2019,0.514122893,0.0,0.514122893
120500040904,2020,0.350804041,0.0,0.350804041
120500040905,2000,0.0,0.0,0.0
120500040905,2001,0.0,0.0,0.0
120500040905,2002,0.0,0.0,0.0
120500040905,2003,0.013354718,0.0,0.013354718
120500040905,2004,0.0,0.0,0.0
120500040905,2005,0.007718408,0.0,0.007718408
120500040905,2006,0.019930693,0.0,0.019930693
120500040905,2007,0.0,0.0,0.0
120500040905,2008,0.005701036,0.0,0.005701036
120500040905,2009,0.007107468,0.0,0.007107468
120500040905,2010,0.032221627,0.0,0.032221627
120500040905,2011,0.0,0.0,0.0
120500040905,2012,0.014585727,0.0,0.014585727
120500040905,2013,0.0,0.0,0.0
120500040905,2014,0.0,0.0,0.0
120500040905,2015,0.0,0.0,0.0
120500040905,2016,0.0,0.0,0.0
120500040905,2017,0.0,0.0,0.0
120500040905,2018,0.008876395,0.0,0.008876395
120500040905,2019,0.061867907,0.0,0.061867907
120500040905,2020,0.026220642,0.0,0.026220642
120500040906,2000,0.0,0.0,0.0
120500040906,2001,0.0,0.0,0.0
120500040906,2002,0.141400197,0.0,0.141400197
120500040906,2003,0.138170104,0.0,0.138170104
120500040906,2004,0.206979691,0.0,0.206979691
120500040906,2005,0.478642682,0.0,0.478642682
120500040906,2006,0.637753197,0.0,0.637753197
120500040906,2007,0.542865819,0.0,0.542865819
120500040906,2008,0.26829021,0.0,0.26829021
120500040906,2009,0.809426181,0.0,0.809426181
120500040906,2010,1.545217526,0.0,1.545217526
120500040906,2011,0.5312552,0.0,0.5312552
120500040906,2012,0.402404904,0.0,0.402404904
120500040906,2013,0.292736636,0.0,0.292736636
120500040906,2014,0.168328458,0.0,0.168328458
120500040906,2015,0.601738192,0.0,0.601738192
120500040906,2016,0.0,0.0,0.0
120500040906,2017,0.0,0.0,0.0
120500040906,2018,0.260176447,0.0,0.260176447
120500040906,2019,0.630524879,0.0,0.630524879
120500040906,2020,0.525057112,0.0,0.525057112
120500040907,2000,0.607566238,0.0,0.607566238
120500040907,2001,0.284918134,0.0,0.284918134
120500040907,2002,0.3022884,0.0,0.3022884
120500040907,2003,0.376405663,0.0,0.376405663
120500040907,2004,0.383582003,0.0,0.383582003
120500040907,2005,0.510616797,0.0,0.510616797
120500040907,2006,0.423023014,0.0,0.423023014
120500040907,2007,0.672275145,0.0,0.672275145
120500040907,2008,0.697292251,0.0,0.697292251
120500040907,2009,1.041885038,0.0,1.041885038
120500040907,2010,0.666174203,0.0,0.666174203
120500040907,2011,0.691651512,0.0,0.691651512
120500040907,2012,0.538602268,0.0,0.538602268
120500040907,2013,0.537359334,0.0,0.537359334
120500040907,2014,0.792251556,0.0,0.792251556
120500040907,2015,0.664799877,0.0,0.664799877
120500040907,2016,0.215825667,0.0,0.215825667
120500040907,2017,0.193407545,0.0,0.193407545
120500040907,2018,0.455924312,0.0,0.455924312
120500040907,2019,0.731579466,0.0,0.731579466
120500040907,2020,0.689685571,0.0,0.689685571
120500050109,2000,14.048411224,0.0,14.048411224
120500050109,2001,14.974849797,0.0,14.974849797
120500050109,2002,14.89904954,0.0,14.89904954
120500050109,2003,14.203476019,0.0,14.203476019
120500050109,2004,11.301704311,0.0,11.301704311
120500050109,2005,14.810299414,0.0,14.810299414
120500050109,2006,12.978313315,0.0,12.978313315
120500050109,2007,13.31398057,0.0,13.31398057
120500050109,2008,12.995402642,0.0,12.995402642
120500050109,2009,11.412443918,0.0,11.412443918
120500050109,2010,14.760931764,0.0,14.760931764
120500050109,2011,9.086772638,0.0,9.086772638
120500050109,2012,10.840276008,0.0,10.840276008
120500050109,2013,6.483270655,0.0,6.483270655
120500050109,2014,8.474736315,0.0,8.474736315
120500050109,2015,8.373182293,0.0,8.373182293
120500050109,2016,11.237148844,0.0,11.237148844
120500050109,2017,8.722112016,0.0,8.722112016
120500050109,2018,8.981753386,0.0,8.981753386
120500050109,2019,8.576440173,0.0,8.576440173
120500050109,2020,15.564426139,0.0,15.564426139
120500050201,2000,36.183690574,0.0,36.183690574
120500050201,2001,35.544987041,0.0,35.544987041
120500050201,2002,37.467614496,0.0,37.467614496
120500050201,2003,27.974527222,0.0,27.974527222
120500050201,2004,26.531224749,0.0,26.531224749
120500050201,2005,37.843065236,0.0,37.843065236
120500050201,2006,33.329905948,0.0,33.329905948
120500050201,2007,35.986223499,0.0,35.986223499
120500050201,2008,32.090299104,0.0,32.090299104
120500050201,2009,35.419658222,0.0,35.419658222
120500050201,2010,43.233717416,0.0,43.233717416
120500050201,2011,33.947879153,0.0,33.947879153
120500050201,2012,34.708274943,0.0,34.708274943
120500050201,2013,23.591712819,0.0,23.591712819
120500050201,2014,28.465446745,0.0,28.465446745
120500050201,2015,25.9098488,0.0,25.9098488
120500050201,2016,33.508262861,0.0,33.508262861
120500050201,2017,26.530709948,0.0,26.530709948
120500050201,2018,21.784746025,0.0,21.784746025
120500050201,2019,26.398154679,0.0,26.398154679
120500050201,2020,36.451386522,0.0,36.451386522
120500050202,2000,34.355407593,0.0,34.355407593
120500050202,2001,31.948674025,0.0,31.948674025
120500050202,2002,35.223579019,0.0,35.223579019
120500050202,2003,26.944875392,0.0,26.944875392
120500050202,2004,29.027608896,0.0,29.027608896
120500050202,2005,34.022472644,0.0,34.022472644
120500050202,2006,28.573622044,0.0,28.573622044
120500050202,2007,36.134289701,0.0,36.134289701
120500050202,2008,29.054981079,0.0,29.054981079
120500050202,2009,35.692451871,0.0,35.692451871
120500050202,2010,42.233276959,0.0,42.233276959
120500050202,2011,34.408167729,0.0,34.408167729
120500050202,2012,34.353351044,0.0,34.353351044
120500050202,2013,29.644628205,0.0,29.644628205
120500050202,2014,32.187864652,0.0,32.187864652
120500050202,2015,27.506952899,0.0,27.506952899
120500050202,2016,36.427084751,0.0,36.427084751
120500050202,2017,30.223632918,0.0,30.223632918
120500050202,2018,22.837040885,0.0,22.837040885
120500050202,2019,25.739954378,0.0,25.739954378
120500050202,2020,35.192664096,0.0,35.192664096
120500050203,2000,22.977314038,0.0,22.977314038
120500050203,2001,20.769591353,0.0,20.769591353
120500050203,2002,20.383012885,0.0,20.383012885
120500050203,2003,19.284319732,0.0,19.284319732
120500050203,2004,19.065899098,0.0,19.065899098
120500050203,2005,21.375641466,0.0,21.375641466
120500050203,2006,18.912345205,0.0,18.912345205
120500050203,2007,24.345728356,0.0,24.345728356
120500050203,2008,19.162061164,0.0,19.162061164
120500050203,2009,25.215947548,0.0,25.215947548
120500050203,2010,32.26368197,0.0,32.26368197
120500050203,2011,25.775257712,0.0,25.775257712
120500050203,2012,25.907767975,0.0,25.907767975
120500050203,2013,23.316891482,0.0,23.316891482
120500050203,2014,22.741499863,0.0,22.741499863
120500050203,2015,21.234894556,0.0,21.234894556
120500050203,2016,24.403227653,0.0,24.403227653
120500050203,2017,20.726158701,0.0,20.726158701
120500050203,2018,18.488092307,0.0,18.488092307
120500050203,2019,18.841586079,0.0,18.841586079
120500050203,2020,21.259558077,0.0,21.259558077
120500050204,2000,27.219552027,0.0,27.219552027
120500050204,2001,25.439669619,0.0,25.439669619
120500050204,2002,28.307892666,0.0,28.307892666
120500050204,2003,21.739586099,0.0,21.739586099
120500050204,2004,22.674776128,0.0,22.674776128
120500050204,2005,25.189578299,0.0,25.189578299
120500050204,2006,23.60838046,0.0,23.60838046
120500050204,2007,28.719498411,0.0,28.719498411
120500050204,2008,22.32964127,0.0,22.32964127
120500050204,2009,27.46435354,0.0,27.46435354
120500050204,2010,33.133678099,0.0,33.133678099
120500050204,2011,24.777040099,0.0,24.777040099
120500050204,2012,25.195462344,0.0,25.195462344
120500050204,2013,27.906589858,0.0,27.906589858
120500050204,2014,24.522942792,0.0,24.522942792
120500050204,2015,23.035736775,0.0,23.035736775
120500050204,2016,23.30563747,0.0,23.30563747
120500050204,2017,21.676929063,0.0,21.676929063
120500050204,2018,19.778454625,0.0,19.778454625
120500050204,2019,18.267423614,0.0,18.267423614
120500050204,2020,24.946091437,0.0,24.946091437
120500050205,2000,16.382402216,0.0,16.382402216
120500050205,2001,14.716780989,0.0,14.716780989
120500050205,2002,16.955341521,0.0,16.955341521
120500050205,2003,11.444788841,0.0,11.444788841
120500050205,2004,11.84906482,0.0,11.84906482
120500050205,2005,16.355466386,0.0,16.355466386
120500050205,2006,13.744868222,0.0,13.744868222
120500050205,2007,15.883881863,0.0,15.883881863
120500050205,2008,12.195075842,0.0,12.195075842
120500050205,2009,16.166885666,0.0,16.166885666
120500050205,2010,17.509062386,0.0,17.509062386
120500050205,2011,18.363323411,0.0,18.363323411
120500050205,2012,16.789116964,0.0,16.789116964
120500050205,2013,16.846266762,0.0,16.846266762
120500050205,2014,13.744475022,0.0,13.744475022
120500050205,2015,12.026761033,0.0,12.026761033
120500050205,2016,15.896325691,0.0,15.896325691
120500050205,2017,12.718349641,0.0,12.718349641
120500050205,2018,11.460368247,0.0,11.460368247
120500050205,2019,12.295684704,0.0,12.295684704
120500050205,2020,14.716807891,0.0,14.716807891
120500050206,2000,40.408790776,0.0,40.408790776
120500050206,2001,37.253551214,0.0,37.253551214
120500050206,2002,37.292427781,0.0,37.292427781
120500050206,2003,33.597749099,0.0,33.597749099
120500050206,2004,26.773713568,0.0,26.773713568
120500050206,2005,36.381707005,0.0,36.381707005
120500050206,2006,35.76837809,0.0,35.76837809
120500050206,2007,39.390179575,0.0,39.390179575
120500050206,2008,35.491098913,0.0,35.491098913
120500050206,2009,41.631851603,0.0,41.631851603
120500050206,2010,45.231002071,0.0,45.231002071
120500050206,2011,58.084381534,0.0,58.084381534
120500050206,2012,48.455543019,0.0,48.455543019
120500050206,2013,41.501767192,0.0,41.501767192
120500050206,2014,36.171099258,0.0,36.171099258
120500050206,2015,30.890172326,0.0,30.890172326
120500050206,2016,41.723788637,0.0,41.723788637
120500050206,2017,29.265519915,0.0,29.265519915
120500050206,2018,34.708351855,0.0,34.708351855
120500050206,2019,35.184318044,0.0,35.184318044
120500050206,2020,40.842511251,0.0,40.842511251
120500050207,2000,31.205879115,0.0,31.205879115
120500050207,2001,28.969775523,0.0,28.969775523
120500050207,2002,29.189295112,0.0,29.189295112
120500050207,2003,25.364856408,0.0,25.364856408
120500050207,2004,20.253174658,0.0,20.253174658
120500050207,2005,29.176858778,0.0,29.176858778
120500050207,2006,26.747480047,0.0,26.747480047
120500050207,2007,28.617080049,0.0,28.617080049
120500050207,2008,24.746217893,0.0,24.746217893
120500050207,2009,29.3659008,0.0,29.3659008
120500050207,2010,30.432182477,0.0,30.432182477
120500050207,2011,39.236362551,0.0,39.236362551
120500050207,2012,31.247685391,0.0,31.247685391
120500050207,2013,29.368316016,0.0,29.368316016
120500050207,2014,27.186841501,0.0,27.186841501
120500050207,2015,24.342959616,0.0,24.342959616
120500050207,2016,29.243039825,0.0,29.243039825
120500050207,2017,21.774247797,0.0,21.774247797
120500050207,2018,21.244879674,0.0,21.244879674
120500050207,2019,24.724746411,0.0,24.724746411
120500050207,2020,23.966000585,0.0,23.966000585
120500050301,2000,36.498044186,0.0,36.498044186
120500050301,2001,29.515084523,0.0,29.515084523
120500050301,2002,33.725677463,0.0,33.725677463
120500050301,2003,26.530551715,0.0,26.530551715
120500050301,2004,23.145363008,0.0,23.145363008
120500050301,2005,34.716452088,0.0,34.716452088
120500050301,2006,23.385753984,0.0,23.385753984
120500050301,2007,34.855192036,0.0,34.855192036
120500050301,2008,29.26585606,0.0,29.26585606
120500050301,2009,33.570742044,0.0,33.570742044
120500050301,2010,39.730022507,0.0,39.730022507
120500050301,2011,45.061685414,0.0,45.061685414
120500050301,2012,39.447569202,0.0,39.447569202
120500050301,2013,40.233863726,0.0,40.233863726
120500050301,2014,36.089504189,0.0,36.089504189
120500050301,2015,27.531972721,0.0,27.531972721
120500050301,2016,39.794029918,0.0,39.794029918
120500050301,2017,26.757647359,0.0,26.757647359
120500050301,2018,27.577585129,0.0,27.577585129
120500050301,2019,31.542826893,0.0,31.542826893
120500050301,2020,45.14118003,0.0,45.14118003
120500050302,2000,45.644636549,0.0,45.644636549
120500050302,2001,42.68374289,0.0,42.68374289
120500050302,2002,47.512752016,0.0,47.512752016
120500050302,2003,40.623057159,0.0,40.623057159
120500050302,2004,29.713369301,0.0,29.713369301
120500050302,2005,43.420854082,0.0,43.420854082
120500050302,2006,37.761585811,0.0,37.761585811
120500050302,2007,47.651421732,0.0,47.651421732
120500050302,2008,40.088622481,0.0,40.088622481
120500050302,2009,45.373573101,0.0,45.373573101
120500050302,2010,54.738058515,0.0,54.738058515
120500050302,2011,63.891063142,0.0,63.891063142
120500050302,2012,54.393442137,0.0,54.393442137
120500050302,2013,50.866567723,0.0,50.866567723
120500050302,2014,44.466459099,0.0,44.466459099
120500050302,2015,34.158857748,0.0,34.158857748
120500050302,2016,53.86607721,0.0,53.86607721
120500050302,2017,34.999689701,0.0,34.999689701
120500050302,2018,39.962357433,0.0,39.962357433
120500050302,2019,44.221026795,0.0,44.221026795
120500050302,2020,57.467197213,0.0,57.467197213
120500050303,2000,16.14109777,0.0,16.14109777
120500050303,2001,17.198251397,0.0,17.198251397
120500050303,2002,16.172967668,0.0,16.172967668
120500050303,2003,15.633161186,0.0,15.633161186
120500050303,2004,10.6046155,0.0,10.6046155
120500050303,2005,15.883214384,0.0,15.883214384
120500050303,2006,11.577655014,0.0,11.577655014
120500050303,2007,15.424612904,0.0,15.424612904
120500050303,2008,13.268472383,0.0,13.268472383
120500050303,2009,14.675606403,0.0,14.675606403
120500050303,2010,17.575369573,0.0,17.575369573
120500050303,2011,21.268463655,0.0,21.268463655
120500050303,2012,15.436307601,0.0,15.436307601
120500050303,2013,14.7174068,0.0,14.7174068
120500050303,2014,12.659379759,0.0,12.659379759
120500050303,2015,12.618855482,0.0,12.618855482
120500050303,2016,18.655997945,0.0,18.655997945
120500050303,2017,11.259412403,0.0,11.259412403
120500050303,2018,14.690984699,0.0,14.690984699
120500050303,2019,17.07329863,0.0,17.07329863
120500050303,2020,22.006219508,0.0,22.006219508
120500050304,2000,25.332069811,0.0,25.332069811
120500050304,2001,23.020558118,0.0,23.020558118
120500050304,2002,21.953089811,0.0,21.953089811
120500050304,2003,21.21781509,0.0,21.21781509
120500050304,2004,14.50043321,0.0,14.50043321
120500050304,2005,22.776203093,0.0,22.776203093
120500050304,2006,19.195500384,0.0,19.195500384
120500050304,2007,22.382060014,0.0,22.382060014
120500050304,2008,20.524868918,0.0,20.524868918
120500050304,2009,23.813434712,0.0,23.813434712
120500050304,2010,27.188104211,0.0,27.188104211
120500050304,2011,29.944578047,0.0,29.944578047
120500050304,2012,26.502939721,0.0,26.502939721
120500050304,2013,25.297204258,0.0,25.297204258
120500050304,2014,23.750129847,0.0,23.750129847
120500050304,2015,18.439933723,0.0,18.439933723
120500050304,2016,24.630991038,0.0,24.630991038
120500050304,2017,17.58516394,0.0,17.58516394
120500050304,2018,18.016726471,0.0,18.016726471
120500050304,2019,20.074876992,0.0,20.074876992
120500050304,2020,24.562665762,0.0,24.562665762
120500050305,2000,23.365592861,0.0,23.365592861
120500050305,2001,22.952629447,0.0,22.952629447
120500050305,2002,18.226406584,0.0,18.226406584
120500050305,2003,19.582506816,0.0,19.582506816
120500050305,2004,13.776405981,0.0,13.776405981
120500050305,2005,22.968308871,0.0,22.968308871
120500050305,2006,15.196029501,0.0,15.196029501
120500050305,2007,22.809453438,0.0,22.809453438
120500050305,2008,17.284190055,0.0,17.284190055
120500050305,2009,21.205447836,0.0,21.205447836
120500050305,2010,25.232231805,0.0,25.232231805
120500050305,2011,26.713925244,0.0,26.713925244
120500050305,2012,23.111245932,0.0,23.111245932
120500050305,2013,21.041147288,0.0,21.041147288
120500050305,2014,19.799550348,0.0,19.799550348
120500050305,2015,16.106859605,0.0,16.106859605
120500050305,2016,25.583868292,0.0,25.583868292
120500050305,2017,13.530658392,0.0,13.530658392
120500050305,2018,17.452861153,0.0,17.452861153
120500050305,2019,19.996892866,0.0,19.996892866
120500050305,2020,21.04593312,0.0,21.04593312
120500050306,2000,42.532688874,0.0,42.532688874
120500050306,2001,38.848240975,0.0,38.848240975
120500050306,2002,37.450931542,0.0,37.450931542
120500050306,2003,36.925556093,0.0,36.925556093
120500050306,2004,26.640864896,0.0,26.640864896
120500050306,2005,39.39694874,0.0,39.39694874
120500050306,2006,32.547114521,0.0,32.547114521
120500050306,2007,41.829460342,0.0,41.829460342
120500050306,2008,35.920289016,0.0,35.920289016
120500050306,2009,41.385169173,0.0,41.385169173
120500050306,2010,50.028981663,0.0,50.028981663
120500050306,2011,60.76841483,0.0,60.76841483
120500050306,2012,51.772113962,0.0,51.772113962
120500050306,2013,48.288926392,0.0,48.288926392
120500050306,2014,40.970830825,0.0,40.970830825
120500050306,2015,32.069750855,0.0,32.069750855
120500050306,2016,46.322739301,0.0,46.322739301
120500050306,2017,30.870002107,0.0,30.870002107
120500050306,2018,33.811508205,0.0,33.811508205
120500050306,2019,36.317086436,0.0,36.317086436
120500050306,2020,43.073727904,0.0,43.073727904
120500050307,2000,21.134248577,0.0,21.134248577
120500050307,2001,19.053305918,0.0,19.053305918
120500050307,2002,18.467091268,0.0,18.467091268
120500050307,2003,17.091149512,0.0,17.091149512
120500050307,2004,12.743701101,0.0,12.743701101
120500050307,2005,18.33080526,0.0,18.33080526
120500050307,2006,14.550771663,0.0,14.550771663
120500050307,2007,19.208570707,0.0,19.208570707
120500050307,2008,15.714852817,0.0,15.714852817
120500050307,2009,19.904736356,0.0,19.904736356
120500050307,2010,23.110815934,0.0,23.110815934
120500050307,2011,26.454313378,0.0,26.454313378
120500050307,2012,23.355355126,0.0,23.355355126
120500050307,2013,21.483444562,0.0,21.483444562
120500050307,2014,19.52090689,0.0,19.52090689
120500050307,2015,15.739457345,0.0,15.739457345
120500050307,2016,23.099606404,0.0,23.099606404
120500050307,2017,15.540248937,0.0,15.540248937
120500050307,2018,16.104701858,0.0,16.104701858
120500050307,2019,19.015790595,0.0,19.015790595
120500050307,2020,20.67165759,0.0,20.67165759
120500050401,2000,37.115810183,0.0,37.115810183
120500050401,2001,34.595536337,0.0,34.595536337
120500050401,2002,33.99956017,0.0,33.99956017
120500050401,2003,33.057673616,0.0,33.057673616
120500050401,2004,24.564098746,0.0,24.564098746
120500050401,2005,31.440056838,0.0,31.440056838
120500050401,2006,29.526183942,0.0,29.526183942
120500050401,2007,34.409215077,0.0,34.409215077
120500050401,2008,27.395755257,0.0,27.395755257
120500050401,2009,29.88327249,0.0,29.88327249
120500050401,2010,33.486349405,0.0,33.486349405
120500050401,2011,37.509941216,0.0,37.509941216
120500050401,2012,28.512930904,0.0,28.512930904
120500050401,2013,32.31812523,0.0,32.31812523
120500050401,2014,26.350543403,0.0,26.350543403
120500050401,2015,26.277635981,0.0,26.277635981
120500050401,2016,27.706964377,0.0,27.706964377
120500050401,2017,20.729547164,0.0,20.729547164
120500050401,2018,19.899127427,0.0,19.899127427
120500050401,2019,24.272563332,0.0,24.272563332
120500050401,2020,24.460235347,0.0,24.460235347
120500050402,2000,39.348783115,0.0,39.348783115
120500050402,2001,35.406777367,0.0,35.406777367
120500050402,2002,34.874699342,0.0,34.874699342
120500050402,2003,32.70849534,0.0,32.70849534
120500050402,2004,21.798427393,0.0,21.798427393
120500050402,2005,30.928734162,0.0,30.928734162
120500050402,2006,28.258923389,0.0,28.258923389
120500050402,2007,31.617671945,0.0,31.617671945
120500050402,2008,27.951508423,0.0,27.951508423
120500050402,2009,29.8684098,0.0,29.8684098
120500050402,2010,32.67744894,0.0,32.67744894
120500050402,2011,38.522798825,0.0,38.522798825
120500050402,2012,28.970465194,0.0,28.970465194
120500050402,2013,30.337110597,0.0,30.337110597
120500050402,2014,24.365434348,0.0,24.365434348
120500050402,2015,23.741119107,0.0,23.741119107
120500050402,2016,25.948906251,0.0,25.948906251
120500050402,2017,22.294214934,0.0,22.294214934
120500050402,2018,18.223211855,0.0,18.223211855
120500050402,2019,21.502295975,0.0,21.502295975
120500050402,2020,18.698363167,0.0,18.698363167
120500050403,2000,12.126778915,0.012126806,12.114652112
120500050403,2001,11.29566166,0.011295638,11.28436594
120500050403,2002,10.455140236,0.010455249,10.444684986
120500050403,2003,10.97502234,0.010975019,10.96404749
120500050403,2004,7.209820418,0.007209779,7.202610639
120500050403,2005,10.239597715,0.010239512,10.2293582
120500050403,2006,9.231104532,0.009231099,9.221873515
120500050403,2007,11.241659795,0.011241627,11.230418252
120500050403,2008,10.063693658,0.010063533,10.053629959
120500050403,2009,11.344545271,0.01134463,11.333200726
120500050403,2010,12.696103227,0.012696121,12.683407107
120500050403,2011,16.355019005,0.016355005,16.338664167
120500050403,2012,12.918017964,0.01291809,12.905100036
120500050403,2013,14.140755745,0.014140836,14.126614992
120500050403,2014,11.211400863,0.011211356,11.200189422
120500050403,2015,10.570137567,0.010570126,10.559567441
120500050403,2016,12.876108817,0.012876142,12.863232757
120500050403,2017,10.126286874,0.010126214,10.116160581
120500050403,2018,8.987850156,0.00898789,8.978862263
120500050403,2019,10.705716975,0.010705712,10.695011345
120500050403,2020,10.311560325,0.01031147,10.301248773
120500050404,2000,43.256298158,0.043256251,43.213041907
120500050404,2001,39.795453666,0.03979534,39.755658326
120500050404,2002,41.529998551,0.041530074,41.488468726
120500050404,2003,32.408532844,0.032408595,32.376124332
120500050404,2004,28.181764484,0.02818176,28.153582724
120500050404,2005,39.256691107,0.039256663,39.217434282
120500050404,2006,30.060803764,0.030060748,30.030743016
120500050404,2007,36.820301562,0.036820367,36.783481362
120500050404,2008,33.633483459,0.033633503,33.599850038
120500050404,2009,34.697129962,0.034696989,34.662432973
120500050404,2010,41.641891353,0.041641863,41.600249575
120500050404,2011,48.167712921,0.048167614,48.119545225
120500050404,2012,31.594122454,0.031594,31.562528284
120500050404,2013,34.970838838,0.03497077,34.935867984
120500050404,2014,27.153824655,0.027153866,27.126670786
120500050404,2015,31.86537014,0.031865323,31.833504814
120500050404,2016,27.957643396,0.027957669,27.929685811
120500050404,2017,25.062277995,0.025062375,25.037215789
120500050404,2018,20.852983748,0.020852956,20.832130792
120500050404,2019,24.327556162,0.024327696,24.303228381
120500050404,2020,21.18084877,0.02118085,21.159667921
120500050405,2000,31.373002689,0.03137303,31.341629571
120500050405,2001,29.240666373,0.029240605,29.211425603
120500050405,2002,26.710309871,0.026710304,26.683599482
120500050405,2003,27.559549115,0.027559603,27.531989512
120500050405,2004,23.389884128,0.023389787,23.366494342
120500050405,2005,26.447514142,0.026447526,26.421066534
120500050405,2006,19.649083805,0.019649052,19.629434671
120500050405,2007,30.39332254,0.030393244,30.362929293
120500050405,2008,23.050278732,0.023050325,23.027228322
120500050405,2009,26.544758063,0.026544844,26.518213219
120500050405,2010,27.381318384,0.027381285,27.353936849
120500050405,2011,31.104571518,0.0311046,31.073467003
120500050405,2012,24.253003279,0.024253052,24.228750224
120500050405,2013,28.216100197,0.028215945,28.187884
120500050405,2014,26.199777307,0.026199679,26.173577378
120500050405,2015,29.18239057,0.029182501,29.153208151
120500050405,2016,27.650780134,0.027650781,27.62312935
120500050405,2017,22.604923205,0.022604929,22.582318277
120500050405,2018,19.273553945,0.019273564,19.254280381
120500050405,2019,24.251277427,0.0242514,24.227026195
120500050405,2020,22.056434743,0.022056363,22.034378216
120500050501,2000,17.648568937,0.017648648,17.630920292
120500050501,2001,17.830822792,0.017830811,17.812991726
120500050501,2002,15.792103044,0.015792077,15.776310797
120500050501,2003,14.024218553,0.014024296,14.010194258
120500050501,2004,14.910087669,0.014910098,14.895177822
120500050501,2005,15.371215652,0.015371134,15.355844515
120500050501,2006,10.841071416,0.010841011,10.830230405
120500050501,2007,17.800291036,0.017800184,17.7824906
120500050501,2008,13.129056044,0.013129046,13.115926913
120500050501,2009,15.541824274,0.015541907,15.526282449
120500050501,2010,18.926062893,0.018926082,18.907136896
120500050501,2011,16.945848329,0.01694586,16.928902384
120500050501,2012,11.759866833,0.01175982,11.748107016
120500050501,2013,14.769447219,0.014769397,14.754677822
120500050501,2014,13.293041071,0.013293,13.279747907
120500050501,2015,17.005269866,0.01700534,16.988264441
120500050501,2016,15.426976432,0.015426885,15.411549546
120500050501,2017,12.783368186,0.01278349,12.770584781
120500050501,2018,14.819539893,0.014819449,14.804720197
120500050501,2019,15.531179641,0.015531142,15.515648414
120500050501,2020,13.069674208,0.013069751,13.056604623
120500050502,2000,21.622812366,0.021622814,21.601189467
120500050502,2001,19.351168112,0.019351197,19.33181683
120500050502,2002,17.206334677,0.017206381,17.189128466
120500050502,2003,13.609236578,0.013609293,13.595627285
120500050502,2004,16.209223628,0.016209314,16.19301432
120500050502,2005,15.001748501,0.015001844,14.98674674
120500050502,2006,11.799199381,0.011799151,11.78740023
120500050502,2007,15.689669945,0.015689671,15.673980274
120500050502,2008,15.134258005,0.015134205,15.11912388
120500050502,2009,12.856265082,0.012856225,12.84340894
120500050502,2010,18.889760978,0.018889863,18.870871285
120500050502,2011,18.849860419,0.018849882,18.831010367
120500050502,2012,10.967597014,0.010967579,10.956629519
120500050502,2013,15.537512263,0.015537515,15.521974584
120500050502,2014,11.38615437,0.011386173,11.374768115
120500050502,2015,15.427820162,0.015427819,15.412392345
120500050502,2016,13.132242902,0.013132325,13.119110658
120500050502,2017,11.424203008,0.011424216,11.412778877
120500050502,2018,9.821265701,0.009821233,9.811444384
120500050502,2019,14.766550055,0.014766556,14.751783414
120500050502,2020,9.515862156,0.009515943,9.506346216
120500050503,2000,44.703619148,0.044703686,44.658915546
120500050503,2001,45.519943729,0.045520005,45.474423893
120500050503,2002,37.089848447,0.037089816,37.0527588
120500050503,2003,34.208301836,0.034208458,34.17409346
120500050503,2004,29.137645074,0.029137631,29.108507443
120500050503,2005,30.747969863,0.030747978,30.717221803
120500050503,2006,29.634654819,0.029634666,29.605020151
120500050503,2007,33.603317863,0.033603274,33.569714589
120500050503,2008,31.862147544,0.031862243,31.830285385
120500050503,2009,28.3587564,0.028358797,28.330397682
120500050503,2010,37.143786789,0.037143825,37.106643047
120500050503,2011,41.919394833,0.041919499,41.877475416
120500050503,2012,26.39767121,0.026397822,26.371273557
120500050503,2013,30.625147973,0.030625186,30.594522868
120500050503,2014,28.503290414,0.028503249,28.474787164
120500050503,2015,31.102500342,0.031102307,31.071398036
120500050503,2016,33.374023822,0.033374033,33.340650038
120500050503,2017,23.863735973,0.023863748,23.839872307
120500050503,2018,23.712571844,0.023712652,23.688859356
120500050503,2019,30.985220696,0.030985351,30.954235512
120500050503,2020,28.443215811,0.028443249,28.41477273
120500050504,2000,18.800396626,0.0,18.800396626
120500050504,2001,21.957433047,0.0,21.957433047
120500050504,2002,16.256167877,0.0,16.256167877
120500050504,2003,16.913966019,0.0,16.913966019
120500050504,2004,13.062547063,0.0,13.062547063
120500050504,2005,13.50505249,0.0,13.50505249
120500050504,2006,15.210996921,0.0,15.210996921
120500050504,2007,13.771224299,0.0,13.771224299
120500050504,2008,16.679243451,0.0,16.679243451
120500050504,2009,15.404746225,0.0,15.404746225
120500050504,2010,16.266990537,0.0,16.266990537
120500050504,2011,24.463953816,0.0,24.463953816
120500050504,2012,18.375114128,0.0,18.375114128
120500050504,2013,19.533631271,0.0,19.533631271
120500050504,2014,14.936825942,0.0,14.936825942
120500050504,2015,14.50316806,0.0,14.50316806
120500050504,2016,17.451687369,0.0,17.451687369
120500050504,2017,15.075106589,0.0,15.075106589
120500050504,2018,12.794208121,0.0,12.794208121
120500050504,2019,16.086857973,0.0,16.086857973
120500050504,2020,17.976928189,0.0,17.976928189
120500050505,2000,32.873042281,0.032873117,32.840169328
120500050505,2001,35.2823946,0.035282386,35.247112214
120500050505,2002,30.063709005,0.030063704,30.033645384
120500050505,2003,27.222541427,0.027222499,27.195318929
120500050505,2004,26.730989098,0.026731074,26.704258107
120500050505,2005,27.555040167,0.027555085,27.527485003
120500050505,2006,29.74538483,0.029745312,29.715639515
120500050505,2007,28.230595518,0.028230518,28.202364921
120500050505,2008,29.374928046,0.029374904,29.345553227
120500050505,2009,30.003476573,0.030003501,29.973473156
120500050505,2010,32.776871734,0.032776882,32.744094937
120500050505,2011,38.218772104,0.038218789,38.180553315
120500050505,2012,29.91558344,0.029915489,29.885667869
120500050505,2013,28.816563216,0.028816636,28.787746496
120500050505,2014,27.214327,0.027214326,27.187112674
120500050505,2015,28.734715356,0.028734778,28.70598066
120500050505,2016,31.154540978,0.031154615,31.123386533
120500050505,2017,24.283758016,0.024283764,24.25947417
120500050505,2018,23.1705596,0.023170595,23.147389085
120500050505,2019,26.425772323,0.026425677,26.399346559
120500050505,2020,26.747498743,0.026747413,26.720751164
120500050506,2000,26.206130617,0.0,26.206130617
120500050506,2001,24.652710236,0.0,24.652710236
120500050506,2002,19.695167726,0.019695274,19.675472789
120500050506,2003,19.04513854,0.0,19.04513854
120500050506,2004,18.88948618,0.018889514,18.870596749
120500050506,2005,19.449666578,0.019449723,19.430216855
120500050506,2006,19.455677712,0.0,19.455677712
120500050506,2007,20.806917233,0.020806948,20.786110455
120500050506,2008,21.694813779,0.0,21.694813779
120500050506,2009,23.026572345,0.0,23.026572345
120500050506,2010,24.363030255,0.024363052,24.338667282
120500050506,2011,26.317523247,0.0,26.317523247
120500050506,2012,19.701648199,0.0,19.701648199
120500050506,2013,24.700493249,0.0,24.700493249
120500050506,2014,20.481150433,0.0,20.481150433
120500050506,2015,20.329273764,0.0,20.329273764
120500050506,2016,24.367633484,0.0,24.367633484
120500050506,2017,21.962219471,0.0,21.962219471
120500050506,2018,19.443617556,0.0,19.443617556
120500050506,2019,21.256756937,0.0,21.256756937
120500050506,2020,22.612450754,0.0,22.612450754
120500060101,2000,52.056930839,0.0,52.056930839
120500060101,2001,51.303805096,0.0,51.303805096
120500060101,2002,43.204623386,0.0,43.204623386
120500060101,2003,43.971275337,0.043971216,43.927303953
120500060101,2004,33.898710891,0.0,33.898710891
120500060101,2005,44.611139951,0.044611271,44.566528762
120500060101,2006,39.147965247,0.0,39.147965247
120500060101,2007,45.679895529,0.0,45.679895529
120500060101,2008,38.915534525,0.0,38.915534525
120500060101,2009,43.723254178,0.0,43.723254178
120500060101,2010,48.885236121,0.0,48.885236121
120500060101,2011,60.034795655,0.0,60.034795655
120500060101,2012,43.092373801,0.0,43.092373801
120500060101,2013,48.42437486,0.0,48.42437486
120500060101,2014,49.738395238,0.0,49.738395238
120500060101,2015,50.077801022,0.0,50.077801022
120500060101,2016,50.795356563,0.0,50.795356563
120500060101,2017,37.986709762,0.0,37.986709762
120500060101,2018,30.510292937,0.0,30.510292937
120500060101,2019,43.810060652,0.0,43.810060652
120500060101,2020,36.433583123,0.0,36.433583123
120500060102,2000,16.660288115,0.016660333,16.643627781
120500060102,2001,18.894144614,0.01889403,18.875250496
120500060102,2002,17.876496216,0.017876663,17.858619638
120500060102,2003,17.366567115,0.017366652,17.34920063
120500060102,2004,14.633245027,0.01463332,14.61861179
120500060102,2005,17.501696584,0.017501795,17.484194789
120500060102,2006,16.299730633,0.016299827,16.283430805
120500060102,2007,17.825168866,0.017825181,17.807343688
120500060102,2008,15.886038735,0.015885956,15.870152861
120500060102,2009,17.635276597,0.017635279,17.617641321
120500060102,2010,19.540379433,0.019540321,19.520839115
120500060102,2011,22.080219732,0.022080189,22.058139542
120500060102,2012,15.24006012,0.015239997,15.224820126
120500060102,2013,18.11858126,0.0181186,18.100462742
120500060102,2014,20.366897973,0.020366893,20.346530997
120500060102,2015,19.101558627,0.019101564,19.082457145
120500060102,2016,20.473964011,0.020473967,20.453490213
120500060102,2017,15.400687899,0.015400696,15.385287118
120500060102,2018,11.906788838,0.011906775,11.894881981
120500060102,2019,20.115841721,0.02011569,20.09572586
120500060102,2020,14.805124292,0.014805057,14.790319153
120500060103,2000,10.472645388,0.010472634,10.462172757
120500060103,2001,12.454681951,0.012454753,12.442227197
120500060103,2002,12.155462723,0.012155559,12.143307329
120500060103,2003,8.404965427,0.008404945,8.396560482
120500060103,2004,10.641816202,0.010641822,10.631174213
120500060103,2005,9.554538411,0.009554537,9.544984044
120500060103,2006,10.813765597,0.010813784,10.802951816
120500060103,2007,11.377758721,0.011377707,11.366380849
120500060103,2008,11.692895776,0.011692852,11.681203008
120500060103,2009,11.549985521,0.011549978,11.53843571
120500060103,2010,11.830315836,0.011830299,11.818485707
120500060103,2011,15.339064405,0.015339074,15.323725164
120500060103,2012,11.814990932,0.011815044,11.803175973
120500060103,2013,14.544944225,0.01454494,14.530399452
120500060103,2014,13.673420984,0.013673386,13.659747512
120500060103,2015,11.834992225,0.011835011,11.823157047
120500060103,2016,13.963651612,0.013963691,13.949687839
120500060103,2017,11.52260217,0.011522685,11.511079567
120500060103,2018,10.436292534,0.010436225,10.425856142
120500060103,2019,13.569589945,0.013569589,13.556020353
120500060103,2020,13.435450607,0.013435486,13.422015205
120500060104,2000,5.914264486,0.005914139,5.90835018
120500060104,2001,6.183558548,0.006183463,6.177374997
120500060104,2002,5.622937329,0.005623027,5.617314301
120500060104,2003,4.905380112,0.004905411,4.900474786
120500060104,2004,4.953834137,0.004953828,4.948880393
120500060104,2005,4.862940142,0.004862962,4.858077181
120500060104,2006,3.77472351,0.003774753,3.770948921
120500060104,2007,4.956392841,0.004956482,4.951436277
120500060104,2008,4.552537828,0.004552541,4.547985202
120500060104,2009,5.812645668,0.005812699,5.806833052
120500060104,2010,5.867497195,0.005867422,5.861629773
120500060104,2011,5.715143342,0.005715047,5.709428211
120500060104,2012,4.392205464,0.004392208,4.387813339
120500060104,2013,7.015529132,0.007015518,7.008513614
120500060104,2014,6.312018844,0.006311986,6.305706858
120500060104,2015,5.183456573,0.005183395,5.178273178
120500060104,2016,6.337739361,0.006337727,6.331401634
120500060104,2017,4.731378532,0.004731378,4.726647236
120500060104,2018,6.996684748,0.006996655,6.989688008
120500060104,2019,7.230939225,0.007230964,7.223708342
120500060104,2020,5.970368044,0.005970388,5.96439774
120500060105,2000,22.676797527,0.022676667,22.654120861
120500060105,2001,26.09408337,0.026094126,26.067989326
120500060105,2002,24.119487118,0.024119488,24.095367542
120500060105,2003,22.020406468,0.022020315,21.998386068
120500060105,2004,20.232087003,0.020231984,20.211854934
120500060105,2005,21.112437126,0.021112395,21.091324729
120500060105,2006,19.851538526,0.019851526,19.831686918
120500060105,2007,24.597364715,0.024597326,24.572767389
120500060105,2008,19.906745366,0.019906689,19.886838598
120500060105,2009,23.260958164,0.023260956,23.237697123
120500060105,2010,23.331316466,0.023331279,23.307985019
120500060105,2011,27.740868701,0.027740833,27.713127866
120500060105,2012,24.634440342,0.024634443,24.609806066
120500060105,2013,23.415036879,0.023414984,23.391621641
120500060105,2014,23.935854556,0.023935803,23.911918589
120500060105,2015,27.04078051,0.027040797,27.013739627
120500060105,2016,22.973478694,0.022973492,22.950505369
120500060105,2017,21.727130734,0.021726942,21.705403707
120500060105,2018,18.776523038,0.018776586,18.757746452
120500060105,2019,25.243222414,0.025243255,25.217979159
120500060105,2020,21.142113224,0.021142101,21.120971208
120500060106,2000,6.607017943,0.006607027,6.600410915
120500060106,2001,7.131008427,0.007131058,7.123877373
120500060106,2002,6.2350074,0.006234984,6.228772332
120500060106,2003,5.601254493,0.005601249,5.595653244
120500060106,2004,5.563304352,0.005563322,5.557741033
120500060106,2005,6.416505104,0.006416627,6.410088726
120500060106,2006,5.490155674,0.00549014,5.484665532
120500060106,2007,6.202748255,0.006202729,6.196545359
120500060106,2008,6.385976284,0.006385932,6.379590434
120500060106,2009,6.906207942,0.006906211,6.899301479
120500060106,2010,7.700246633,0.007700301,7.692546247
120500060106,2011,8.4869404,0.008486926,8.478453474
120500060106,2012,5.320912363,0.005320943,5.315591254
120500060106,2013,7.203412123,0.007203397,7.196208726
120500060106,2014,6.349164811,0.006349132,6.342815852
120500060106,2015,6.686299173,0.006686386,6.679612786
120500060106,2016,7.764495036,0.007764407,7.756730459
120500060106,2017,6.05239011,0.006052353,6.046337668
120500060106,2018,6.047527312,0.006047529,6.041479866
120500060106,2019,7.423255797,0.007423186,7.415832529
120500060106,2020,7.005690705,0.007005749,6.998684872
120500060107,2000,2.963080951,0.002962989,2.960117962
120500060107,2001,2.810550625,0.002810578,2.807740129
120500060107,2002,2.354026778,0.002354011,2.351672682
120500060107,2003,2.05364743,0.002053627,2.051593973
120500060107,2004,2.052334249,0.002052284,2.050281964
120500060107,2005,2.255522082,0.002255616,2.253266551
120500060107,2006,1.885510748,0.001885488,1.883625263
120500060107,2007,2.027305595,0.002027334,2.025278345
120500060107,2008,2.192253331,0.002192085,2.190060995
120500060107,2009,2.260447627,0.002260359,2.258187101
120500060107,2010,2.220418899,0.002220381,2.218198521
120500060107,2011,2.961684995,0.002961696,2.958723214
120500060107,2012,1.558028563,0.001558,1.556470563
120500060107,2013,2.238343173,0.002238408,2.236104762
120500060107,2014,2.096096542,0.002096115,2.094000427
120500060107,2015,2.284110929,0.00228409,2.281826756
120500060107,2016,1.811714393,0.001811689,1.80990279
120500060107,2017,1.799694896,0.001799704,1.797895192
120500060107,2018,2.102010329,0.002101907,2.099908427
120500060107,2019,2.686853674,0.002686792,2.684166797
120500060107,2020,2.735009199,0.002734986,2.732274213
120500060108,2000,7.653386156,0.0,7.653386156
120500060108,2001,7.014951318,0.007014868,7.007936367
120500060108,2002,4.068084003,0.004068071,4.064015847
120500060108,2003,6.086579795,0.006086545,6.080493249
120500060108,2004,6.424009164,0.00642394,6.417585057
120500060108,2005,5.595666203,0.005595633,5.590070564
120500060108,2006,3.996382529,0.0,3.996382529
120500060108,2007,5.725308962,0.005725285,5.719583679
120500060108,2008,7.281165199,0.007281071,7.273883962
120500060108,2009,6.454371044,0.0,6.454371044
120500060108,2010,7.70175743,0.007701811,7.694055704
120500060108,2011,7.845165833,0.0,7.845165833
120500060108,2012,6.056238883,0.0,6.056238883
120500060108,2013,8.052694797,0.0,8.052694797
120500060108,2014,8.356997466,0.008356932,8.348640619
120500060108,2015,7.165851589,0.007165751,7.158685668
120500060108,2016,7.830964934,0.0,7.830964934
120500060108,2017,7.09236531,0.0,7.09236531
120500060108,2018,7.064398252,0.007064507,7.057333995
120500060108,2019,9.603746279,0.009603759,9.594142523
120500060108,2020,9.863859079,0.009863967,9.853995194
120500060201,2000,56.166208131,0.0,56.166208131
120500060201,2001,50.362644466,0.0,50.362644466
120500060201,2002,45.728187948,0.0,45.728187948
120500060201,2003,46.576062816,0.0,46.576062816
120500060201,2004,37.579878929,0.0,37.579878929
120500060201,2005,41.046857773,0.0,41.046857773
120500060201,2006,44.576057918,0.0,44.576057918
120500060201,2007,46.26949906,0.0,46.26949906
120500060201,2008,45.833869825,0.0,45.833869825
120500060201,2009,52.167805688,0.0,52.167805688
120500060201,2010,56.505277973,0.0,56.505277973
120500060201,2011,69.110714373,0.0,69.110714373
120500060201,2012,54.84953029,0.0,54.84953029
120500060201,2013,59.540467603,0.0,59.540467603
120500060201,2014,53.53674691,0.0,53.53674691
120500060201,2015,55.568417482,0.0,55.568417482
120500060201,2016,59.04747176,0.0,59.04747176
120500060201,2017,46.738901195,0.0,46.738901195
120500060201,2018,42.246960521,0.0,42.246960521
120500060201,2019,45.988187378,0.0,45.988187378
120500060201,2020,58.077313973,0.0,58.077313973
120500060202,2000,37.34386023,0.0,37.34386023
120500060202,2001,32.732882855,0.0,32.732882855
120500060202,2002,30.696361679,0.0,30.696361679
120500060202,2003,29.10347797,0.0,29.10347797
120500060202,2004,25.519188467,0.0,25.519188467
120500060202,2005,31.383113775,0.0,31.383113775
120500060202,2006,28.04910309,0.0,28.04910309
120500060202,2007,32.483731085,0.0,32.483731085
120500060202,2008,29.880239227,0.0,29.880239227
120500060202,2009,34.001927395,0.0,34.001927395
120500060202,2010,38.404423414,0.0,38.404423414
120500060202,2011,43.7422184,0.0,43.7422184
120500060202,2012,33.686433658,0.0,33.686433658
120500060202,2013,38.17321683,0.0,38.17321683
120500060202,2014,35.28000003,0.0,35.28000003
120500060202,2015,38.608608868,0.0,38.608608868
120500060202,2016,41.296736984,0.0,41.296736984
120500060202,2017,31.964981137,0.0,31.964981137
120500060202,2018,27.135730932,0.0,27.135730932
120500060202,2019,31.869416227,0.0,31.869416227
120500060202,2020,36.76193735,0.0,36.76193735
120500060203,2000,21.259467347,0.0,21.259467347
120500060203,2001,19.198793041,0.0,19.198793041
120500060203,2002,16.897380342,0.0,16.897380342
120500060203,2003,17.070210885,0.0,17.070210885
120500060203,2004,14.054096454,0.0,14.054096454
120500060203,2005,17.478293699,0.0,17.478293699
120500060203,2006,17.203695468,0.0,17.203695468
120500060203,2007,18.091789551,0.0,18.091789551
120500060203,2008,17.576252536,0.0,17.576252536
120500060203,2009,19.70780669,0.0,19.70780669
120500060203,2010,21.341673603,0.0,21.341673603
120500060203,2011,26.007566345,0.0,26.007566345
120500060203,2012,19.836559074,0.0,19.836559074
120500060203,2013,21.349167647,0.0,21.349167647
120500060203,2014,21.607415778,0.0,21.607415778
120500060203,2015,21.802643959,0.0,21.802643959
120500060203,2016,23.745645525,0.0,23.745645525
120500060203,2017,17.856789118,0.0,17.856789118
120500060203,2018,15.801520395,0.0,15.801520395
120500060203,2019,18.545896419,0.0,18.545896419
120500060203,2020,20.77133262,0.0,20.77133262
120500060204,2000,28.286047885,0.028286068,28.257761902
120500060204,2001,24.741572107,0.024741608,24.716830496
120500060204,2002,24.613148337,0.024613164,24.588535258
120500060204,2003,21.289086611,0.021289123,21.267797573
120500060204,2004,18.039733227,0.018039694,18.021693617
120500060204,2005,22.997655751,0.022997677,22.974657992
120500060204,2006,24.221258236,0.024221236,24.197036918
120500060204,2007,24.01055523,0.024010581,23.986544734
120500060204,2008,23.78507979,0.023785033,23.761294757
120500060204,2009,30.428342685,0.030428419,30.397914351
120500060204,2010,27.929104932,0.027929071,27.901175775
120500060204,2011,35.265157553,0.035265321,35.229892482
120500060204,2012,22.226843989,0.02222685,22.204617139
120500060204,2013,29.146455838,0.029146455,29.117309384
120500060204,2014,29.732316211,0.029732422,29.702583959
120500060204,2015,25.462814959,0.025462819,25.437352055
120500060204,2016,33.320786041,0.033320809,33.287465314
120500060204,2017,20.948836266,0.020948803,20.927887545
120500060204,2018,17.478947052,0.01747903,17.46146794
120500060204,2019,28.618061279,0.028618041,28.589443071
120500060204,2020,24.907271486,0.024907333,24.882364153
120500060205,2000,21.022190902,0.021022128,21.001168604
120500060205,2001,20.575323277,0.020575225,20.55474797
120500060205,2002,22.042179142,0.022042329,22.020136978
120500060205,2003,17.878571641,0.017878493,17.860693063
120500060205,2004,16.600088251,0.016600148,16.583488019
120500060205,2005,20.43355689,0.02043354,20.413123266
120500060205,2006,19.051514959,0.019051578,19.032463466
120500060205,2007,19.964333184,0.019964427,19.944368841
120500060205,2008,22.260510251,0.02226053,22.238249809
120500060205,2009,23.214863975,0.023214915,23.191649227
120500060205,2010,22.988579197,0.022988663,22.965590704
120500060205,2011,32.978201197,0.032978247,32.945222868
120500060205,2012,22.866553844,0.022866702,22.843687306
120500060205,2013,25.365404156,0.025365447,25.34003871
120500060205,2014,23.316884803,0.023316926,23.293567795
120500060205,2015,21.05571609,0.021055666,21.03466034
120500060205,2016,29.555467508,0.029555522,29.525912066
120500060205,2017,20.349063318,0.020348984,20.328714082
120500060205,2018,18.333581501,0.018333512,18.315247904
120500060205,2019,23.513157329,0.023513222,23.489644022
120500060205,2020,27.848299552,0.027848254,27.820451298
120500060206,2000,8.877435844,0.008877415,8.868558262
120500060206,2001,9.524851633,0.00952486,9.515326858
120500060206,2002,10.046025449,0.010046079,10.035979455
120500060206,2003,7.012569381,0.007012748,7.005556803
120500060206,2004,8.04241762,0.008042478,8.034375311
120500060206,2005,8.122851934,0.008122767,8.114729167
120500060206,2006,7.785820151,0.007785885,7.778034263
120500060206,2007,8.620961375,0.008621085,8.61234029
120500060206,2008,8.626450514,0.008626492,8.617824019
120500060206,2009,6.956628877,0.006956638,6.949672236
120500060206,2010,10.232179699,0.010232132,10.22194757
120500060206,2011,9.050259781,0.009050318,9.041209381
120500060206,2012,6.847644557,0.006847716,6.840797008
120500060206,2013,8.552401225,0.008552447,8.54384886
120500060206,2014,7.049357282,0.007049477,7.042307973
120500060206,2015,6.274745518,0.00627471,6.268470723
120500060206,2016,10.096698626,0.010096601,10.086601863
120500060206,2017,6.350537822,0.006350592,6.34418723
120500060206,2018,5.536672249,0.00553666,5.531135422
120500060206,2019,8.168949721,0.008169063,8.160780737
120500060206,2020,8.943723148,0.008943672,8.934779475
120500060207,2000,7.23996462,0.007239883,7.232724568
120500060207,2001,5.77162837,0.005771748,5.765856704
120500060207,2002,7.0920826,0.007092126,7.084990474
120500060207,2003,6.813956444,0.006813989,6.807142373
120500060207,2004,5.575876415,0.005575866,5.570300546
120500060207,2005,7.43285774,0.007432962,7.425424863
120500060207,2006,6.128716932,0.006128679,6.122588337
120500060207,2007,6.48423549,0.006484085,6.477751321
120500060207,2008,8.087359776,0.008087301,8.079272473
120500060207,2009,8.343556915,0.008343668,8.335213329
120500060207,2010,9.219074551,0.009219096,9.209855452
120500060207,2011,10.367140564,0.010367227,10.356773671
120500060207,2012,7.732976079,0.007732923,7.725242989
120500060207,2013,8.176239712,0.008176192,8.168063521
120500060207,2014,6.092037797,0.00609203,6.085945767
120500060207,2015,4.824273085,0.004824392,4.819448778
120500060207,2016,9.094149918,0.009094169,9.085055913
120500060207,2017,5.217994214,0.005217959,5.212776255
120500060207,2018,6.448999858,0.006448948,6.442550825
120500060207,2019,6.836076025,0.006836074,6.829240036
120500060207,2020,8.008486429,0.008008473,8.000477954
120500060301,2000,13.802844276,0.013802888,13.78904147
120500060301,2001,9.690379315,0.009690521,9.680688792
120500060301,2002,10.88065686,0.010880723,10.869776301
120500060301,2003,10.363609912,0.010363584,10.353246162
120500060301,2004,8.585267544,0.008585309,8.57668232
120500060301,2005,10.554249063,0.010554189,10.54369471
120500060301,2006,9.149249167,0.009149244,9.14010009
120500060301,2007,8.89174637,0.008891789,8.882854748
120500060301,2008,13.807373355,0.013807235,13.793565869
120500060301,2009,13.559589882,0.013559578,13.546030219
120500060301,2010,16.167128178,0.016167175,16.150961
120500060301,2011,17.309387797,0.017309425,17.292078288
120500060301,2012,13.983921533,0.013983937,13.969937683
120500060301,2013,15.760068129,0.01576,15.744308047
120500060301,2014,12.484418929,0.012484449,12.471934397
120500060301,2015,12.157790748,0.012157773,12.145632893
120500060301,2016,17.017226339,0.017017158,17.000209096
120500060301,2017,12.4004996,0.012400512,12.38809917
120500060301,2018,12.398692789,0.012398627,12.386294159
120500060301,2019,13.135069101,0.013135101,13.121933915
120500060301,2020,17.55348727,0.017553391,17.53593388
120500060302,2000,5.899401749,0.0,5.899401749
120500060302,2001,2.750192523,0.0,2.750192523
120500060302,2002,3.729908255,0.0,3.729908255
120500060302,2003,3.767524395,0.0,3.767524395
120500060302,2004,4.142485407,0.0,4.142485407
120500060302,2005,3.703835027,0.0,3.703835027
120500060302,2006,3.351672532,0.0,3.351672532
120500060302,2007,4.205395811,0.0,4.205395811
120500060302,2008,5.570863309,0.0,5.570863309
120500060302,2009,4.684044052,0.0,4.684044052
120500060302,2010,8.227441005,0.0,8.227441005
120500060302,2011,6.828718899,0.0,6.828718899
120500060302,2012,7.352583361,0.0,7.352583361
120500060302,2013,8.695079156,0.0,8.695079156
120500060302,2014,6.566626436,0.0,6.566626436
120500060302,2015,6.614488255,0.0,6.614488255
120500060302,2016,7.515481232,0.0,7.515481232
120500060302,2017,3.77579811,0.0,3.77579811
120500060302,2018,5.842495348,0.0,5.842495348
120500060302,2019,5.675036184,0.0,5.675036184
120500060302,2020,9.486349642,0.0,9.486349642
120500060303,2000,31.46205326,0.094386183,31.367667077
120500060303,2001,14.503755871,0.058015118,14.445740921
120500060303,2002,23.637078493,0.070911175,23.566167236
120500060303,2003,17.018907888,0.05105671,16.967851181
120500060303,2004,19.11700347,0.057350945,19.059652358
120500060303,2005,18.538859879,0.092694367,18.446165595
120500060303,2006,16.745184636,0.050235636,16.694949079
120500060303,2007,20.762522063,0.06228757,20.70023466
120500060303,2008,24.045497131,0.07213644,23.973360607
120500060303,2009,24.48537177,0.073456044,24.411915559
120500060303,2010,30.956785638,0.092870537,30.863915348
120500060303,2011,27.890865573,0.083672616,27.807192959
120500060303,2012,24.416217432,0.073248683,24.342968667
120500060303,2013,33.490391921,0.100471208,33.389920795
120500060303,2014,20.391888847,0.061175586,20.330713263
120500060303,2015,27.886157197,0.083658548,27.802498732
120500060303,2016,27.165536822,0.081496497,27.084039997
120500060303,2017,20.097258121,0.060291792,20.036966329
120500060303,2018,22.593936274,0.067781795,22.526154395
120500060303,2019,25.288701488,0.075866082,25.212835326
120500060303,2020,33.809431724,0.101428213,33.708003508
120500060304,2000,27.775244664,0.111101016,27.664143645
120500060304,2001,17.568242986,0.052704805,17.515538263
120500060304,2002,20.769256005,0.08307711,20.686178896
120500060304,2003,22.665664027,0.067996953,22.597667156
120500060304,2004,18.380074956,0.055140235,18.324934721
120500060304,2005,23.334618644,0.093338466,23.241280093
120500060304,2006,18.879948142,0.075519773,18.804428288
120500060304,2007,20.352244186,0.061056712,20.291187474
120500060304,2008,24.631847268,0.098527358,24.533319749
120500060304,2009,24.791943962,0.099167729,24.692776148
120500060304,2010,30.479491189,0.091438466,30.388052805
120500060304,2011,32.949470767,0.098848348,32.850622419
120500060304,2012,26.578278478,0.079734891,26.498543503
120500060304,2013,33.444621011,0.100333901,33.344287025
120500060304,2014,23.427418293,0.070282181,23.357135858
120500060304,2015,28.121099507,0.084363408,28.036736181
120500060304,2016,29.195977328,0.087587932,29.108389645
120500060304,2017,21.078530819,0.063235556,21.015295263
120500060304,2018,20.536024279,0.061607978,20.474416052
120500060304,2019,24.60836837,0.07382497,24.534543148
120500060304,2020,32.379775186,0.09713938,32.282635809
120500060305,2000,15.147890781,0.136330904,15.011559708
120500060305,2001,7.252337351,0.065270973,7.187066293
120500060305,2002,11.759137214,0.10583229,11.653305005
120500060305,2003,11.648504737,0.104836556,11.543668266
120500060305,2004,9.822633913,0.08840379,9.734230208
120500060305,2005,16.523882123,0.148714934,16.375167189
120500060305,2006,10.283231803,0.09254897,10.190682581
120500060305,2007,7.69051989,0.069214556,7.621305252
120500060305,2008,12.304869615,0.110743877,12.194125653
120500060305,2009,12.042499175,0.108382438,11.934116567
120500060305,2010,13.374019027,0.120366225,13.253652967
120500060305,2011,13.389003641,0.120501049,13.268502592
120500060305,2012,11.177031481,0.100593366,11.076438281
120500060305,2013,15.748684805,0.141738134,15.606946668
120500060305,2014,10.427569077,0.093848068,10.333720926
120500060305,2015,15.061750444,0.135555819,14.926194625
120500060305,2016,14.992306948,0.134930609,14.857376342
120500060305,2017,9.749794795,0.087748255,9.662046707
120500060305,2018,11.826995553,0.10644294,11.720552447
120500060305,2019,11.075649841,0.099680808,10.97596903
120500060305,2020,18.833678358,0.169503112,18.664175158
120500060306,2000,38.86319409,0.0,38.86319409
120500060306,2001,29.527615074,0.0,29.527615074
120500060306,2002,28.210039797,0.0,28.210039797
120500060306,2003,23.302526858,0.0,23.302526858
120500060306,2004,26.517939563,0.0,26.517939563
120500060306,2005,16.693139907,0.0,16.693139907
120500060306,2006,25.640428414,0.0,25.640428414
120500060306,2007,28.676557208,0.0,28.676557208
120500060306,2008,30.425360877,0.0,30.425360877
120500060306,2009,33.419991477,0.0,33.419991477
120500060306,2010,35.383466318,0.0,35.383466318
120500060306,2011,44.842754975,0.0,44.842754975
120500060306,2012,35.523849705,0.0,35.523849705
120500060306,2013,45.565128986,0.0,45.565128986
120500060306,2014,31.112919559,0.0,31.112919559
120500060306,2015,35.766039567,0.0,35.766039567
120500060306,2016,36.811822027,0.0,36.811822027
120500060306,2017,31.497478912,0.0,31.497478912
120500060306,2018,32.620958268,0.0,32.620958268
120500060306,2019,32.254888277,0.0,32.254888277
120500060306,2020,43.211559104,0.0,43.211559104
120500060307,2000,6.494199585,0.0,6.494199585
120500060307,2001,4.747561537,0.0,4.747561537
120500060307,2002,6.506183019,0.0,6.506183019
120500060307,2003,4.816984808,0.0,4.816984808
120500060307,2004,4.89838773,0.0,4.89838773
120500060307,2005,3.584947238,0.0,3.584947238
120500060307,2006,5.552846838,0.0,5.552846838
120500060307,2007,6.176467715,0.0,6.176467715
120500060307,2008,6.475556839,0.0,6.475556839
120500060307,2009,7.6971112,0.0,7.6971112
120500060307,2010,8.080926496,0.0,8.080926496
120500060307,2011,8.213890192,0.0,8.213890192
120500060307,2012,6.313515426,0.0,6.313515426
120500060307,2013,8.956086,0.0,8.956086
120500060307,2014,8.730260189,0.0,8.730260189
120500060307,2015,8.677001345,0.0,8.677001345
120500060307,2016,7.356216615,0.0,7.356216615
120500060307,2017,6.677325778,0.0,6.677325778
120500060307,2018,7.544381597,0.0,7.544381597
120500060307,2019,7.774156715,0.0,7.774156715
120500060307,2020,9.941129044,0.0,9.941129044
120500060308,2000,9.43270035,0.047163541,9.385536891
120500060308,2001,5.973995362,0.035844033,5.938151329
120500060308,2002,8.315080137,0.03326034,8.2818198
120500060308,2003,4.271547518,0.021357734,4.250189614
120500060308,2004,5.498424123,0.027492172,5.470932033
120500060308,2005,4.471872677,0.026831197,4.445041392
120500060308,2006,5.499859425,0.027499274,5.472360151
120500060308,2007,6.265457562,0.025061789,6.240395688
120500060308,2008,5.687474093,0.028437459,5.659036803
120500060308,2009,9.212477734,0.036849888,9.175627597
120500060308,2010,8.155070005,0.040775356,8.114294649
120500060308,2011,9.34262026,0.046713129,9.295907301
120500060308,2012,7.285007082,0.03642503,7.24858197
120500060308,2013,8.267445904,0.041337197,8.226108622
120500060308,2014,8.330200173,0.041651104,8.288549071
120500060308,2015,9.318444888,0.046592175,9.271852548
120500060308,2016,6.24142091,0.031206986,6.210213672
120500060308,2017,5.949807416,0.023799359,5.92600814
120500060308,2018,7.492936047,0.037464644,7.455471323
120500060308,2019,8.906146041,0.044530753,8.861615288
120500060308,2020,9.963558093,0.049817669,9.913740342
120500060401,2000,2.300960104,0.020708773,2.280251246
120500060401,2001,3.311985595,0.029807852,3.282177742
120500060401,2002,1.606237381,0.014456112,1.591781351
120500060401,2003,2.005152184,0.018046334,1.987105849
120500060401,2004,2.834268066,0.02550838,2.808759768
120500060401,2005,2.33142677,0.020982792,2.310443893
120500060401,2006,1.706862482,0.015361825,1.691500658
120500060401,2007,2.8555002,0.025699463,2.829800649
120500060401,2008,1.579080328,0.014211738,1.564868675
120500060401,2009,2.118338762,0.019065211,2.099273718
120500060401,2010,1.951291247,0.017561586,1.933729575
120500060401,2011,1.93896043,0.01745066,1.92150977
120500060401,2012,1.545233708,0.013907098,1.531326609
120500060401,2013,2.61539163,0.023538455,2.591853258
120500060401,2014,2.938543321,0.02644703,2.91209629
120500060401,2015,1.997368392,0.017976375,1.979392184
120500060401,2016,2.711410921,0.024402719,2.687008284
120500060401,2017,1.807685266,0.016269216,1.791415967
120500060401,2018,2.794791874,0.025153112,2.769638679
120500060401,2019,2.747888658,0.024731068,2.723157674
120500060401,2020,1.886540975,0.016978937,1.869562287
120500060402,2000,0.244478724,0.002200374,0.24227835
120500060402,2001,0.524861877,0.004723688,0.520138189
120500060402,2002,0.443593562,0.003992438,0.439601205
120500060402,2003,0.557763668,0.00501986,0.552743723
120500060402,2004,0.527639369,0.004748792,0.522890574
120500060402,2005,0.430814592,0.003877373,0.426937301
120500060402,2006,0.448955419,0.004040545,0.444914789
120500060402,2007,0.802287871,0.007220699,0.79506734
120500060402,2008,0.118540087,0.001066904,0.11747318
120500060402,2009,0.464067225,0.004176545,0.459890595
120500060402,2010,0.232037847,0.00208834,0.229949592
120500060402,2011,0.198415951,0.0017858,0.196630151
120500060402,2012,0.205971612,0.001853604,0.204117675
120500060402,2013,0.189366367,0.001704381,0.187662071
120500060402,2014,0.377617315,0.003398493,0.374218822
120500060402,2015,0.274070589,0.002466589,0.271603918
120500060402,2016,0.425218443,0.00382691,0.421391451
120500060402,2017,0.138027619,0.001242132,0.136785318
120500060402,2018,0.286023236,0.002574342,0.283448893
120500060402,2019,0.321382414,0.002892425,0.318489989
120500060402,2020,0.25938447,0.002334429,0.257049956
120500060403,2000,31.148775538,0.218041372,30.930734251
120500060403,2001,19.35434494,0.135480414,19.218864526
120500060403,2002,23.969841732,0.16778886,23.802052871
120500060403,2003,23.157688367,0.162103825,22.995584625
120500060403,2004,22.834134779,0.159839044,22.674295984
120500060403,2005,26.350263047,0.184451775,26.165811107
120500060403,2006,20.601301893,0.144209058,20.457092751
120500060403,2007,20.734183759,0.14513923,20.589044192
120500060403,2008,28.632310249,0.200426221,28.431884191
120500060403,2009,28.782722718,0.201479025,28.581243858
120500060403,2010,34.33041126,0.240312964,34.09009829
120500060403,2011,33.970988751,0.271767962,33.699220797
120500060403,2012,29.023284656,0.203163077,28.820121579
120500060403,2013,40.231091041,0.241386595,39.989704447
120500060403,2014,30.037810145,0.180226937,29.857583208
120500060403,2015,29.397660622,0.205783573,29.191877052
120500060403,2016,33.902391582,0.237316735,33.66507509
120500060403,2017,21.083203726,0.147582455,20.935621186
120500060403,2018,21.353576627,0.149475129,21.204101666
120500060403,2019,30.919023466,0.216433175,30.702590373
120500060403,2020,31.699569828,0.190197352,31.509372309
120500060404,2000,17.338260426,0.156044358,17.182215984
120500060404,2001,10.187209252,0.091684795,10.09552429
120500060404,2002,13.324970904,0.119924852,13.205046307
120500060404,2003,12.105989953,0.10895394,11.997036016
120500060404,2004,11.854234691,0.106688057,11.747546464
120500060404,2005,16.501940496,0.148517474,16.35342294
120500060404,2006,12.769990167,0.114930008,12.655060074
120500060404,2007,14.444856353,0.130003858,14.31485283
120500060404,2008,13.469954943,0.121229549,13.348725309
120500060404,2009,17.47794609,0.157301468,17.320644537
120500060404,2010,17.145701323,0.15431131,16.991390011
120500060404,2011,18.956483959,0.170608364,18.785875603
120500060404,2012,16.345883648,0.147112926,16.198770634
120500060404,2013,19.307006038,0.173763022,19.133243019
120500060404,2014,15.714795252,0.141433101,15.573362236
120500060404,2015,17.940138805,0.161461244,17.778677477
120500060404,2016,20.123717344,0.181113508,19.942604003
120500060404,2017,12.466159638,0.112195345,12.353964126
120500060404,2018,15.610710438,0.140496422,15.470213847
120500060404,2019,17.860062652,0.160740529,17.699321953
120500060404,2020,22.614938844,0.20353456,22.411404536
120500060405,2000,4.503207563,0.040528844,4.462678803
120500060405,2001,4.860869693,0.043747852,4.817121844
120500060405,2002,3.333939211,0.030005452,3.303933759
120500060405,2003,3.273318808,0.029459874,3.243858934
120500060405,2004,5.818823727,0.052369415,5.766454393
120500060405,2005,3.08883406,0.027799479,3.061034666
120500060405,2006,2.497353142,0.022476134,2.474877096
120500060405,2007,6.112873345,0.055015795,6.057857466
120500060405,2008,2.860510385,0.025744653,2.834765981
120500060405,2009,4.34754114,0.039127915,4.308413225
120500060405,2010,5.624430156,0.050619882,5.573810277
120500060405,2011,5.679533918,0.051115778,5.628418225
120500060405,2012,6.872342448,0.061851036,6.810491325
120500060405,2013,4.945696359,0.044511197,4.901185079
120500060405,2014,4.252877178,0.0382758,4.214601296
120500060405,2015,4.316092515,0.038844836,4.277247762
120500060405,2016,5.191380694,0.046722437,5.14465809
120500060405,2017,3.696449956,0.033268093,3.66318186
120500060405,2018,4.243993208,0.03819597,4.205797321
120500060405,2019,4.965577685,0.04469023,4.920887619
120500060405,2020,5.036618552,0.045329514,4.991288872
120500060501,2000,0.0,0.0,0.0
120500060501,2001,0.0,0.0,0.0
120500060501,2002,0.0,0.0,0.0
120500060501,2003,0.03527851,0.000317499,0.034961175
120500060501,2004,0.004833795,3.8727e-05,0.004795068
120500060501,2005,0.074925271,0.000674318,0.074251121
120500060501,2006,0.075336049,0.000678085,0.074658129
120500060501,2007,0.126732132,0.001140564,0.125591567
120500060501,2008,0.0,0.0,0.0
120500060501,2009,0.0,0.0,0.0
120500060501,2010,0.0,0.0,0.0
120500060501,2011,0.052634866,0.000473866,0.05216117
120500060501,2012,0.0,0.0,0.0
120500060501,2013,0.0,0.0,0.0
120500060501,2014,0.03873254,0.000348636,0.038384066
120500060501,2015,0.0,0.0,0.0
120500060501,2016,0.012706893,0.000114257,0.012592628
120500060501,2017,0.0,0.0,0.0
120500060501,2018,0.011469616,0.000103216,0.011366397
120500060501,2019,0.148449633,0.001335997,0.147113633
120500060501,2020,0.063695918,0.000573175,0.063122661
120500060502,2000,9.033005751,0.081297019,8.951708645
120500060502,2001,5.324598877,0.047921414,5.276677378
120500060502,2002,6.734202367,0.06060789,6.673594644
120500060502,2003,6.587434449,0.059286899,6.528147633
120500060502,2004,6.55806091,0.059022478,6.499038347
120500060502,2005,8.593762934,0.077343858,8.516419247
120500060502,2006,6.634670841,0.059712005,6.574958753
120500060502,2007,7.728313507,0.069554822,7.658758767
120500060502,2008,6.26850871,0.056416541,6.212092087
120500060502,2009,12.042315633,0.108380904,11.933934814
120500060502,2010,9.245019222,0.083205112,9.16181394
120500060502,2011,12.239082362,0.110151715,12.128930647
120500060502,2012,8.598155781,0.077383492,8.520772374
120500060502,2013,11.778415556,0.106005773,11.672409868
120500060502,2014,9.739870671,0.087658833,9.652211671
120500060502,2015,10.934161433,0.098407356,10.835754077
120500060502,2016,11.576491779,0.104188437,11.472303426
120500060502,2017,11.063779904,0.099574063,10.964205841
120500060502,2018,6.131796688,0.05518629,6.076610732
120500060502,2019,10.877001997,0.097892915,10.779108915
120500060502,2020,14.634910377,0.131714232,14.503196145
120500060503,2000,1.281696721,0.011535224,1.27016141
120500060503,2001,2.264151912,0.020377356,2.243774638
120500060503,2002,1.331369285,0.011982282,1.319386836
120500060503,2003,1.758730674,0.01582866,1.742902014
120500060503,2004,3.52681256,0.031741268,3.495071126
120500060503,2005,0.797132449,0.007174271,0.78995843
120500060503,2006,1.857837189,0.016720441,1.841116748
120500060503,2007,3.958057271,0.035622537,3.922435068
120500060503,2008,1.460082205,0.013140686,1.446941514
120500060503,2009,2.751799795,0.024766268,2.727033532
120500060503,2010,2.143664795,0.01929309,2.124371786
120500060503,2011,3.412227542,0.030710096,3.381517614
120500060503,2012,2.340903645,0.021068156,2.319835577
120500060503,2013,2.716002855,0.024443921,2.691558849
120500060503,2014,3.261826375,0.029356441,3.232469934
120500060503,2015,1.847516022,0.016627679,1.830888425
120500060503,2016,3.53728897,0.031835541,3.505453342
120500060503,2017,1.894834521,0.017053521,1.877781167
120500060503,2018,1.739078115,0.015651693,1.723426507
120500060503,2019,3.137570337,0.028238058,3.109332197
120500060503,2020,3.889141213,0.035002363,3.854138937
120500060504,2000,0.460100828,0.004140945,0.455959883
120500060504,2001,0.355982888,0.003203849,0.352779038
120500060504,2002,0.697861323,0.00628071,0.691580699
120500060504,2003,0.615241764,0.005537233,0.609704532
120500060504,2004,0.788700751,0.007098374,0.781602459
120500060504,2005,0.234163751,0.002107499,0.232056337
120500060504,2006,0.661041973,0.005949282,0.65509269
120500060504,2007,0.440930211,0.003968447,0.436961847
120500060504,2008,0.378690896,0.003408142,0.375282836
120500060504,2009,0.507763014,0.004569871,0.503193142
120500060504,2010,0.383741268,0.003453611,0.38028766
120500060504,2011,0.504368934,0.004539258,0.499829677
120500060504,2012,0.388177981,0.003493631,0.38468435
120500060504,2013,0.525686562,0.004731255,0.52095531
120500060504,2014,0.59726809,0.005375293,0.59189271
120500060504,2015,0.206118847,0.001855055,0.204263877
120500060504,2016,0.539840205,0.004858719,0.534981653
120500060504,2017,0.269503471,0.002425562,0.267077825
120500060504,2018,0.907844416,0.008170619,0.899673882
120500060504,2019,0.772071132,0.006948707,0.765122589
120500060504,2020,1.108073607,0.009972639,1.098100967
120500060505,2000,0.0,0.0,0.0
120500060505,2001,0.138845523,0.001110805,0.137734803
120500060505,2002,0.0,0.0,0.0
120500060505,2003,0.0,0.0,0.0
120500060505,2004,0.038721544,0.000348604,0.038373022
120500060505,2005,0.060506827,0.000484,0.060022745
120500060505,2006,0.051277918,0.000461507,0.050816496
120500060505,2007,0.135533381,0.001084296,0.134449
120500060505,2008,0.021751779,0.000195877,0.021555986
120500060505,2009,0.0,0.0,0.0
120500060505,2010,0.032130929,0.000289189,0.031841658
120500060505,2011,0.0,0.0,0.0
120500060505,2012,0.0,0.0,0.0
120500060505,2013,0.0,0.0,0.0
120500060505,2014,0.0,0.0,0.0
120500060505,2015,0.0,0.0,0.0
120500060505,2016,0.0,0.0,0.0
120500060505,2017,0.0,0.0,0.0
120500060505,2018,0.0,0.0,0.0
120500060505,2019,0.0,0.0,0.0
120500060505,2020,0.0,0.0,0.0
120500060506,2000,0.0,0.0,0.0
120500060506,2001,0.487558337,0.000487532,0.487070636
120500060506,2002,0.0,0.0,0.0
120500060506,2003,0.0,0.0,0.0
120500060506,2004,0.161087432,0.0,0.161087432
120500060506,2005,0.180597019,0.000180573,0.180416364
120500060506,2006,0.064666589,0.0,0.064666589
120500060506,2007,0.529498293,0.000529573,0.528968721
120500060506,2008,0.195970027,0.0,0.195970027
120500060506,2009,0.0,0.0,0.0
120500060506,2010,0.291838745,0.0,0.291838745
120500060506,2011,0.0,0.0,0.0
120500060506,2012,0.0,0.0,0.0
120500060506,2013,0.0,0.0,0.0
120500060506,2014,0.0,0.0,0.0
120500060506,2015,0.0,0.0,0.0
120500060506,2016,0.0,0.0,0.0
120500060506,2017,0.0,0.0,0.0
120500060506,2018,0.0,0.0,0.0
120500060506,2019,0.0,0.0,0.0
120500060506,2020,0.0,0.0,0.0
120500070101,2000,10.945515836,0.07661868,10.868897156
120500070101,2001,7.350160732,0.051451049,7.298709767
120500070101,2002,8.827958677,0.070623682,8.757334995
120500070101,2003,8.454984773,0.059184915,8.39579986
120500070101,2004,7.945256246,0.055616702,7.889639544
120500070101,2005,10.174348312,0.071220507,10.103127893
120500070101,2006,7.547193967,0.05283029,7.494363589
120500070101,2007,11.154721362,0.078082962,11.076638233
120500070101,2008,9.164609082,0.06415226,9.100456735
120500070101,2009,11.778646532,0.082450395,11.696195803
120500070101,2010,13.433267468,0.094032789,13.339234597
120500070101,2011,12.720482518,0.089043416,12.631439104
120500070101,2012,9.327136292,0.065289896,9.261846314
120500070101,2013,13.371563208,0.093601003,13.27796229
120500070101,2014,11.313084162,0.067878526,11.245205551
120500070101,2015,10.986334658,0.076904332,10.909430408
120500070101,2016,11.11713679,0.077820008,11.039316784
120500070101,2017,8.635886299,0.060451129,8.575435
120500070101,2018,7.75825374,0.054307721,7.703945849
120500070101,2019,8.853744241,0.061976156,8.791767918
120500070101,2020,10.291928413,0.072043615,10.219884798
120500070102,2000,7.711520112,0.069403577,7.642116456
120500070102,2001,3.489882816,0.03140889,3.458473759
120500070102,2002,5.862165405,0.052759523,5.809405882
120500070102,2003,4.478534989,0.040306778,4.438228214
120500070102,2004,4.934693858,0.044412333,4.890281525
120500070102,2005,5.45226211,0.049070373,5.403191904
120500070102,2006,4.522751178,0.04070477,4.482046326
120500070102,2007,6.433747195,0.057903658,6.375843455
120500070102,2008,5.241953806,0.047177552,5.194776172
120500070102,2009,8.447768036,0.076029841,8.371738192
120500070102,2010,7.533489556,0.067801321,7.465688405
120500070102,2011,8.946080038,0.080514575,8.865565381
120500070102,2012,6.350838525,0.057157555,6.293680888
120500070102,2013,8.599246745,0.077393249,8.521853584
120500070102,2014,7.000011055,0.063000085,6.937010888
120500070102,2015,8.204762677,0.073843041,8.1309198
120500070102,2016,7.879223265,0.070912861,7.808310322
120500070102,2017,5.337608268,0.048038425,5.289570011
120500070102,2018,4.943611145,0.044492614,4.899118781
120500070102,2019,7.403045904,0.066627488,7.336418584
120500070102,2020,8.200832036,0.073807568,8.127024385
120500070103,2000,2.016538358,0.01613241,2.000406033
120500070103,2001,1.098934847,0.008791526,1.090143405
120500070103,2002,2.920589773,0.026285214,2.894304307
120500070103,2003,1.694898921,0.01525414,1.679644778
120500070103,2004,2.433640331,0.02190282,2.411737511
120500070103,2005,1.097241011,0.009875195,1.087365816
120500070103,2006,2.152740564,0.019374586,2.133365896
120500070103,2007,2.353296145,0.021179575,2.332116485
120500070103,2008,1.435286415,0.012917492,1.422368754
120500070103,2009,2.273374422,0.020460384,2.252914123
120500070103,2010,2.034261882,0.018308266,2.015953619
120500070103,2011,2.470233452,0.022232285,2.448001329
120500070103,2012,2.157777169,0.019420022,2.138357232
120500070103,2013,2.357204721,0.021214841,2.3359898
120500070103,2014,1.67051146,0.015034649,1.655476811
120500070103,2015,1.650066282,0.014850614,1.635215918
120500070103,2016,2.127052708,0.019143391,2.10790932
120500070103,2017,1.404977581,0.012644682,1.392332816
120500070103,2018,1.948352145,0.017535205,1.93081694
120500070103,2019,3.078293614,0.027704553,3.050588811
120500070103,2020,2.554100052,0.022986954,2.531113101
120500070104,2000,0.309129899,0.002472997,0.306656648
120500070104,2001,0.087470767,0.000524863,0.086945904
120500070104,2002,0.494909299,0.003959288,0.490950096
120500070104,2003,0.550852825,0.004406737,0.546446082
120500070104,2004,0.40547053,0.00364923,0.401821216
120500070104,2005,0.18191591,0.001637315,0.180278512
120500070104,2006,0.500170479,0.004501501,0.495668808
120500070104,2007,0.33735471,0.003036238,0.334318468
120500070104,2008,0.303244011,0.002729281,0.300514645
120500070104,2009,0.427905622,0.003851129,0.424054578
120500070104,2010,0.232868049,0.002095874,0.230772175
120500070104,2011,0.367977244,0.003311764,0.364665397
120500070104,2012,0.41107568,0.003699661,0.407376019
120500070104,2013,0.415775186,0.003742047,0.412033389
120500070104,2014,0.230325849,0.002072827,0.228252688
120500070104,2015,0.210254359,0.001892195,0.208362164
120500070104,2016,0.479696022,0.004317257,0.475378765
120500070104,2017,0.111585405,0.001004236,0.110581252
120500070104,2018,0.15009817,0.001350973,0.148747197
120500070104,2019,0.22559763,0.002030332,0.223567216
120500070104,2020,0.416214191,0.003746038,0.412468153
120500070105,2000,6.187820973,0.055690388,6.132130585
120500070105,2001,5.185636805,0.046670652,5.138966068
120500070105,2002,10.8777318,0.097899581,10.779832301
120500070105,2003,6.250091353,0.056250693,6.193840408
120500070105,2004,6.38992794,0.057509399,6.332418708
120500070105,2005,5.458640762,0.0491278,5.409512797
120500070105,2006,5.201842953,0.046816589,5.155026444
120500070105,2007,9.968906625,0.089720299,9.879186326
120500070105,2008,4.951911134,0.044567068,4.907343814
120500070105,2009,5.722273438,0.05150043,5.67077309
120500070105,2010,7.068091556,0.06361294,7.004478784
120500070105,2011,8.916100668,0.080244822,8.835855671
120500070105,2012,7.86119088,0.07075079,7.790440178
120500070105,2013,8.315185512,0.074836647,8.240348866
120500070105,2014,5.089211118,0.045802959,5.043408159
120500070105,2015,5.544098389,0.049896915,5.494201559
120500070105,2016,6.40821538,0.057674071,6.350541555
120500070105,2017,6.030295658,0.054272674,5.976023068
120500070105,2018,5.579949619,0.050219611,5.529730005
120500070105,2019,6.053529115,0.054481742,5.999047288
120500070105,2020,5.345212167,0.048106828,5.297105339
120500070106,2000,0.01143865,0.000102918,0.011335732
120500070106,2001,0.175086222,0.000350093,0.174736214
120500070106,2002,0.0,0.0,0.0
120500070106,2003,0.105710923,0.000105707,0.105605299
120500070106,2004,0.0,0.0,0.0
120500070106,2005,0.132455756,0.000397323,0.132058356
120500070106,2006,0.003199529,3.282e-06,0.003196332
120500070106,2007,0.020931088,6.2745e-05,0.020868175
120500070106,2008,0.049128115,0.000245653,0.048882462
120500070106,2009,0.020271805,6.0734e-05,0.020211071
120500070106,2010,0.2247714,0.000449422,0.224321899
120500070106,2011,0.225114934,0.000450321,0.224664699
120500070106,2012,0.002004336,1.8041e-05,0.001986292
120500070106,2013,0.002398559,2.436e-06,0.002396123
120500070106,2014,0.019733304,3.9501e-05,0.019693967
120500070106,2015,0.003568351,0.0,0.003568351
120500070106,2016,0.0,0.0,0.0
120500070106,2017,0.0,0.0,0.0
120500070106,2018,0.0,0.0,0.0
120500070106,2019,0.0,0.0,0.0
120500070106,2020,0.0,0.0,0.0
120500070107,2000,0.0,0.0,0.0
120500070107,2001,0.01618263,0.0,0.01618263
120500070107,2002,0.0,0.0,0.0
120500070107,2003,0.035589219,0.0,0.035589219
120500070107,2004,1.0224e-05,0.0,1.0224e-05
120500070107,2005,0.0,0.0,0.0
120500070107,2006,0.027832959,0.0,0.027832959
120500070107,2007,0.083597038,0.0,0.083597038
120500070107,2008,0.066481117,0.0,0.066481117
120500070107,2009,0.0,0.0,0.0
120500070107,2010,0.27381043,0.0,0.27381043
120500070107,2011,0.0,0.0,0.0
120500070107,2012,0.0,0.0,0.0
120500070107,2013,0.0,0.0,0.0
120500070107,2014,0.0,0.0,0.0
120500070107,2015,0.0,0.0,0.0
120500070107,2016,0.0,0.0,0.0
120500070107,2017,0.0,0.0,0.0
120500070107,2018,0.0,0.0,0.0
120500070107,2019,0.0,0.0,0.0
120500070107,2020,0.0,0.0,0.0
120500070108,2000,0.0,0.0,0.0
120500070108,2001,0.09081257,0.000181586,0.090630981
120500070108,2002,0.0,0.0,0.0
120500070108,2003,0.181926227,0.0,0.181926227
120500070108,2004,0.073849885,7.3918e-05,0.073776052
120500070108,2005,0.002409989,9.674e-06,0.002400145
120500070108,2006,0.016615559,4.9786e-05,0.016565773
120500070108,2007,0.129433082,0.000388315,0.129044685
120500070108,2008,0.002726511,1.644e-05,0.002710071
120500070108,2009,0.0,0.0,0.0
120500070108,2010,0.247061542,0.000494192,0.246567518
120500070108,2011,0.0,0.0,0.0
120500070108,2012,0.0,0.0,0.0
120500070108,2013,0.0,0.0,0.0
120500070108,2014,0.0,0.0,0.0
120500070108,2015,0.229758638,0.00045957,0.229299068
120500070108,2016,0.0,0.0,0.0
120500070108,2017,0.0,0.0,0.0
120500070108,2018,0.103911085,0.00093509,0.102975912
120500070108,2019,0.0,0.0,0.0
120500070108,2020,0.000248022,2.189e-06,0.000245831
120500070109,2000,0.0,0.0,0.0
120500070109,2001,0.139863342,0.0,0.139863342
120500070109,2002,0.115466332,0.0,0.115466332
120500070109,2003,0.019351132,0.0,0.019351132
120500070109,2004,0.042742899,0.0,0.042742899
120500070109,2005,0.0,0.0,0.0
120500070109,2006,0.079609397,0.0,0.079609397
120500070109,2007,0.093449203,0.0,0.093449203
120500070109,2008,0.03448626,0.0,0.03448626
120500070109,2009,0.0,0.0,0.0
120500070109,2010,0.05565889,0.0,0.05565889
120500070109,2011,0.0,0.0,0.0
120500070109,2012,0.0,0.0,0.0
120500070109,2013,0.0,0.0,0.0
120500070109,2014,0.117671737,0.0,0.117671737
120500070109,2015,0.114581329,0.0,0.114581329
120500070109,2016,0.0,0.0,0.0
120500070109,2017,0.0,0.0,0.0
120500070109,2018,0.0,0.0,0.0
120500070109,2019,0.0,0.0,0.0
120500070109,2020,0.0,0.0,0.0
120500070110,2000,0.0,0.0,0.0
120500070110,2001,0.0,0.0,0.0
120500070110,2002,0.0,0.0,0.0
120500070110,2003,0.0,0.0,0.0
120500070110,2004,0.0,0.0,0.0
120500070110,2005,0.0,0.0,0.0
120500070110,2006,0.0,0.0,0.0
120500070110,2007,0.0,0.0,0.0
120500070110,2008,0.0,0.0,0.0
120500070110,2009,0.0,0.0,0.0
120500070110,2010,0.0,0.0,0.0
120500070110,2011,0.0,0.0,0.0
120500070110,2012,0.0,0.0,0.0
120500070110,2013,0.0,0.0,0.0
120500070110,2014,0.0,0.0,0.0
120500070110,2015,0.0,0.0,0.0
120500070110,2016,0.0,0.0,0.0
120500070110,2017,0.0,0.0,0.0
120500070110,2018,0.0,0.0,0.0
120500070110,2019,0.0,0.0,0.0
120500070110,2020,0.0,0.0,0.0
120500070201,2000,0.0,0.0,0.0
120500070201,2001,0.0,0.0,0.0
120500070201,2002,0.0,0.0,0.0
120500070201,2003,0.0,0.0,0.0
120500070201,2004,0.0,0.0,0.0
120500070201,2005,0.0,0.0,0.0
120500070201,2006,0.0,0.0,0.0
120500070201,2007,0.0,0.0,0.0
120500070201,2008,0.0,0.0,0.0
120500070201,2009,0.0,0.0,0.0
120500070201,2010,0.0,0.0,0.0
120500070201,2011,0.0,0.0,0.0
120500070201,2012,0.0,0.0,0.0
120500070201,2013,0.0,0.0,0.0
120500070201,2014,0.0,0.0,0.0
120500070201,2015,0.0,0.0,0.0
120500070201,2016,0.0,0.0,0.0
120500070201,2017,0.0,0.0,0.0
120500070201,2018,0.0,0.0,0.0
120500070201,2019,0.0,0.0,0.0
120500070201,2020,0.0,0.0,0.0
120500070202,2000,0.0,0.0,0.0
120500070202,2001,0.0,0.0,0.0
120500070202,2002,0.0,0.0,0.0
120500070202,2003,0.0,0.0,0.0
120500070202,2004,0.0,0.0,0.0
120500070202,2005,0.0,0.0,0.0
120500070202,2006,0.0,0.0,0.0
120500070202,2007,0.0,0.0,0.0
120500070202,2008,0.0,0.0,0.0
120500070202,2009,0.0,0.0,0.0
120500070202,2010,0.0,0.0,0.0
120500070202,2011,0.0,0.0,0.0
120500070202,2012,0.0,0.0,0.0
120500070202,2013,0.0,0.0,0.0
120500070202,2014,0.0,0.0,0.0
120500070202,2015,0.0,0.0,0.0
120500070202,2016,0.0,0.0,0.0
120500070202,2017,0.0,0.0,0.0
120500070202,2018,0.0,0.0,0.0
120500070202,2019,0.0,0.0,0.0
120500070202,2020,0.0,0.0,0.0
120500070203,2000,0.0,0.0,0.0
120500070203,2001,0.0,0.0,0.0
120500070203,2002,0.0,0.0,0.0
120500070203,2003,0.0,0.0,0.0
120500070203,2004,0.0,0.0,0.0
120500070203,2005,0.0,0.0,0.0
120500070203,2006,0.0,0.0,0.0
120500070203,2007,0.0,0.0,0.0
120500070203,2008,0.0,0.0,0.0
120500070203,2009,0.0,0.0,0.0
120500070203,2010,0.0,0.0,0.0
120500070203,2011,0.0,0.0,0.0
120500070203,2012,0.0,0.0,0.0
120500070203,2013,0.0,0.0,0.0
120500070203,2014,0.0,0.0,0.0
120500070203,2015,0.0,0.0,0.0
120500070203,2016,0.0,0.0,0.0
120500070203,2017,0.0,0.0,0.0
120500070203,2018,0.0,0.0,0.0
120500070203,2019,0.0,0.0,0.0
120500070203,2020,0.0,0.0,0.0
120500070204,2000,0.0,0.0,0.0
120500070204,2001,0.0,0.0,0.0
120500070204,2002,0.001216567,0.0,0.001216567
120500070204,2003,0.0,0.0,0.0
120500070204,2004,0.0,0.0,0.0
120500070204,2005,0.0,0.0,0.0
120500070204,2006,0.041249874,0.000330036,0.040919753
120500070204,2007,0.0,0.0,0.0
120500070204,2008,0.0,0.0,0.0
120500070204,2009,0.0,0.0,0.0
120500070204,2010,0.026970375,0.000485488,0.026484973
120500070204,2011,0.0,0.0,0.0
120500070204,2012,0.0,0.0,0.0
120500070204,2013,0.0,0.0,0.0
120500070204,2014,0.0,0.0,0.0
120500070204,2015,0.0,0.0,0.0
120500070204,2016,0.0,0.0,0.0
120500070204,2017,0.0,0.0,0.0
120500070204,2018,0.008880584,0.0,0.008880584
120500070204,2019,0.0,0.0,0.0
120500070204,2020,0.0,0.0,0.0
120500070205,2000,0.0,0.0,0.0
120500070205,2001,0.0,0.0,0.0
120500070205,2002,0.0,0.0,0.0
120500070205,2003,0.0,0.0,0.0
120500070205,2004,0.0,0.0,0.0
120500070205,2005,0.0,0.0,0.0
120500070205,2006,0.0,0.0,0.0
120500070205,2007,0.0,0.0,0.0
120500070205,2008,0.0,0.0,0.0
120500070205,2009,0.0,0.0,0.0
120500070205,2010,0.0,0.0,0.0
120500070205,2011,0.0,0.0,0.0
120500070205,2012,0.0,0.0,0.0
120500070205,2013,0.0,0.0,0.0
120500070205,2014,0.0,0.0,0.0
120500070205,2015,0.0,0.0,0.0
120500070205,2016,0.0,0.0,0.0
120500070205,2017,0.0,0.0,0.0
120500070205,2018,0.0,0.0,0.0
120500070205,2019,0.0,0.0,0.0
120500070205,2020,0.0,0.0,0.0
120500070206,2000,0.0,0.0,0.0
120500070206,2001,0.112269222,0.002020899,0.110248323
120500070206,2002,0.0,0.0,0.0
120500070206,2003,0.025190137,0.000453444,0.024736781
120500070206,2004,0.000155014,2.669e-06,0.000152175
120500070206,2005,0.059572348,0.001072296,0.058500134
120500070206,2006,0.111658734,0.002009797,0.10964877
120500070206,2007,0.001750274,3.1597e-05,0.001718677
120500070206,2008,0.000215243,3.76e-06,0.000211402
120500070206,2009,0.00423,7.6241e-05,0.004154014
120500070206,2010,0.268149595,0.004826762,0.263323085
120500070206,2011,0.0,0.0,0.0
120500070206,2012,0.0,0.0,0.0
120500070206,2013,0.0,0.0,0.0
120500070206,2014,0.0,0.0,0.0
120500070206,2015,0.0,0.0,0.0
120500070206,2016,0.0,0.0,0.0
120500070206,2017,0.0,0.0,0.0
120500070206,2018,0.0,0.0,0.0
120500070206,2019,0.001063077,1.909e-05,0.001043901
120500070206,2020,0.002171932,3.8992e-05,0.00213277
120500070207,2000,0.0,0.0,0.0
120500070207,2001,0.061354449,0.001104458,0.060250159
120500070207,2002,0.0,0.0,0.0
120500070207,2003,0.026759367,0.000481636,0.026277732
120500070207,2004,0.0,0.0,0.0
120500070207,2005,0.041132879,0.000740268,0.040392362
120500070207,2006,0.0,0.0,0.0
120500070207,2007,0.0,0.0,0.0
120500070207,2008,0.0,0.0,0.0
120500070207,2009,0.0,0.0,0.0
120500070207,2010,0.058348142,0.001050351,0.057297797
120500070207,2011,0.0,0.0,0.0
120500070207,2012,0.0,0.0,0.0
120500070207,2013,0.0,0.0,0.0
120500070207,2014,0.0,0.0,0.0
120500070207,2015,0.0,0.0,0.0
120500070207,2016,0.0,0.0,0.0
120500070207,2017,0.0,0.0,0.0
120500070207,2018,0.0,0.0,0.0
120500070207,2019,0.0,0.0,0.0
120500070207,2020,0.0,0.0,0.0
120500070208,2000,0.032500336,0.000584943,0.031915311
120500070208,2001,0.547035518,0.009846696,0.537188907
120500070208,2002,0.194506967,0.003501096,0.191005956
120500070208,2003,0.0,0.0,0.0
120500070208,2004,0.667522697,0.012015301,0.655507396
120500070208,2005,0.161008545,0.002898148,0.158110315
120500070208,2006,0.441013005,0.007938197,0.433074641
120500070208,2007,0.259190512,0.004665414,0.254525016
120500070208,2008,0.115253082,0.002074478,0.113178604
120500070208,2009,0.635629745,0.011441321,0.624188507
120500070208,2010,0.156034951,0.002808595,0.153226189
120500070208,2011,0.118300625,0.002129488,0.116171219
120500070208,2012,0.0,0.0,0.0
120500070208,2013,0.0,0.0,0.0
120500070208,2014,0.0,0.0,0.0
120500070208,2015,0.0,0.0,0.0
120500070208,2016,0.170081639,0.003061407,0.16702015
120500070208,2017,0.0,0.0,0.0
120500070208,2018,0.318634696,0.005735403,0.312899293
120500070208,2019,0.707786759,0.01274029,0.695046553
120500070208,2020,0.420470508,0.007568475,0.412902117
120500070300,2000,16.088702686,0.080443626,16.008259311
120500070300,2001,15.43595051,0.092615638,15.343334704
120500070300,2002,14.809533203,0.074047658,14.735485548
120500070300,2003,11.486794005,0.057433907,11.429359934
120500070300,2004,13.676038115,0.068380227,13.607658052
120500070300,2005,10.92580589,0.043703222,10.882102833
120500070300,2006,10.186547926,0.050932764,10.135615162
120500070300,2007,20.790379244,0.103951879,20.686427532
120500070300,2008,9.216868918,0.036867391,9.18000127
120500070300,2009,19.194334512,0.09597166,19.098362852
120500070300,2010,14.231802455,0.071159033,14.160643422
120500070300,2011,17.57026769,0.070281099,17.499986592
120500070300,2012,10.46470623,0.041858844,10.422847385
120500070300,2013,18.010790318,0.090054008,17.920736479
120500070300,2014,18.072541027,0.090362742,17.9821782
120500070300,2015,14.379610252,0.057518419,14.322091751
120500070300,2016,16.220444167,0.081102311,16.139341855
120500070300,2017,10.434802096,0.031304378,10.403497718
120500070300,2018,13.138048638,0.052552285,13.085496436
120500070300,2019,12.463707537,0.049854844,12.41385269
120500070300,2020,21.181799503,0.084727199,21.097072303
120500070401,2000,0.331392295,0.0,0.331392295
120500070401,2001,0.383108663,0.0,0.383108663
120500070401,2002,0.270355619,0.0,0.270355619
120500070401,2003,0.303913608,0.0,0.303913608
120500070401,2004,0.935935981,0.0,0.935935981
120500070401,2005,1.455397674,0.0,1.455397674
120500070401,2006,0.138917455,0.0,0.138917455
120500070401,2007,2.300266852,0.0,2.300266852
120500070401,2008,0.330299798,0.0,0.330299798
120500070401,2009,0.619679655,0.0,0.619679655
120500070401,2010,0.304028115,0.0,0.304028115
120500070401,2011,0.521306181,0.0,0.521306181
120500070401,2012,0.452702227,0.0,0.452702227
120500070401,2013,0.795149836,0.0,0.795149836
120500070401,2014,0.436120148,0.0,0.436120148
120500070401,2015,0.182295674,0.0,0.182295674
120500070401,2016,1.012338221,0.0,1.012338221
120500070401,2017,0.474839266,0.0,0.474839266
120500070401,2018,0.447339663,0.0,0.447339663
120500070401,2019,0.236869296,0.0,0.236869296
120500070401,2020,0.361628694,0.0,0.361628694
120500070402,2000,0.927765828,0.0,0.927765828
120500070402,2001,0.566042742,0.0,0.566042742
120500070402,2002,0.278850088,0.0,0.278850088
120500070402,2003,0.552730326,0.0,0.552730326
120500070402,2004,0.380544426,0.0,0.380544426
120500070402,2005,0.731297573,0.0,0.731297573
120500070402,2006,0.214590214,0.0,0.214590214
120500070402,2007,0.86515503,0.0,0.86515503
120500070402,2008,0.310747137,0.0,0.310747137
120500070402,2009,0.643907551,0.0,0.643907551
120500070402,2010,0.49494506,0.0,0.49494506
120500070402,2011,1.230768197,0.0,1.230768197
120500070402,2012,0.396444508,0.0,0.396444508
120500070402,2013,0.910578907,0.0,0.910578907
120500070402,2014,0.955718019,0.0,0.955718019
120500070402,2015,0.649994688,0.0,0.649994688
120500070402,2016,1.405629443,0.0,1.405629443
120500070402,2017,1.088332901,0.0,1.088332901
120500070402,2018,0.536125655,0.0,0.536125655
120500070402,2019,0.475314356,0.0,0.475314356
120500070402,2020,0.204598907,0.0,0.204598907
120500070403,2000,0.590340328,0.0,0.590340328
120500070403,2001,0.643301068,0.0,0.643301068
120500070403,2002,0.625611479,0.0,0.625611479
120500070403,2003,0.293746381,0.0,0.293746381
120500070403,2004,0.132721995,0.0,0.132721995
120500070403,2005,0.289173496,0.0,0.289173496
120500070403,2006,0.310962014,0.0,0.310962014
120500070403,2007,0.165696411,0.0,0.165696411
120500070403,2008,0.419384872,0.0,0.419384872
120500070403,2009,0.94798969,0.0,0.94798969
120500070403,2010,0.754928011,0.0,0.754928011
120500070403,2011,1.363618748,0.0,1.363618748
120500070403,2012,0.908476057,0.0,0.908476057
120500070403,2013,0.688580816,0.0,0.688580816
120500070403,2014,0.957500129,0.0,0.957500129
120500070403,2015,0.790257975,0.0,0.790257975
120500070403,2016,0.812365904,0.0,0.812365904
120500070403,2017,1.089767515,0.0,1.089767515
120500070403,2018,0.546413419,0.0,0.546413419
120500070403,2019,0.620850899,0.0,0.620850899
120500070403,2020,0.595898265,0.0,0.595898265
120500070404,2000,0.764313784,0.0,0.764313784
120500070404,2001,0.865854893,0.000865858,0.864989036
120500070404,2002,0.693752477,0.0,0.693752477
120500070404,2003,1.351071186,0.001351096,1.349720088
120500070404,2004,0.627853579,0.002511443,0.625342134
120500070404,2005,1.034445682,0.003103332,1.031342521
120500070404,2006,0.642012934,0.00128414,0.640728795
120500070404,2007,1.37710046,0.006885573,1.370215055
120500070404,2008,0.734310377,0.0,0.734310377
120500070404,2009,1.172914751,0.002345789,1.170569047
120500070404,2010,1.245506375,0.0,1.245506375
120500070404,2011,1.249485721,0.0,1.249485721
120500070404,2012,1.811342336,0.0,1.811342336
120500070404,2013,0.673024647,0.000672932,0.672351715
120500070404,2014,1.214378052,0.001214444,1.213163444
120500070404,2015,0.797618575,0.0,0.797618575
120500070404,2016,1.053983251,0.0,1.053983251
120500070404,2017,1.066809945,0.0,1.066809945
120500070404,2018,0.597389797,0.000597427,0.596792285
120500070404,2019,1.129365488,0.003388088,1.125977482
120500070404,2020,0.824282538,0.000824333,0.82345829
120500070405,2000,0.224707033,0.0,0.224707033
120500070405,2001,0.319236022,0.0,0.319236022
120500070405,2002,0.236279742,0.0,0.236279742
120500070405,2003,0.263399205,0.0,0.263399205
120500070405,2004,0.054634385,0.0,0.054634385
120500070405,2005,0.160825989,0.0,0.160825989
120500070405,2006,0.172953268,0.0,0.172953268
120500070405,2007,0.056820786,0.0,0.056820786
120500070405,2008,0.186840617,0.0,0.186840617
120500070405,2009,0.17765237,0.0,0.17765237
120500070405,2010,0.307166222,0.0,0.307166222
120500070405,2011,0.311349789,0.0,0.311349789
120500070405,2012,0.404591626,0.0,0.404591626
120500070405,2013,0.135530611,0.0,0.135530611
120500070405,2014,0.124127688,0.0,0.124127688
120500070405,2015,0.289515499,0.0,0.289515499
120500070405,2016,0.05559853,0.0,0.05559853
120500070405,2017,0.112596373,0.0,0.112596373
120500070405,2018,0.132062334,0.0,0.132062334
120500070405,2019,0.265084247,0.0,0.265084247
120500070405,2020,0.237075732,0.0,0.237075732
120500070406,2000,0.188262798,0.0,0.188262798
120500070406,2001,0.693703088,0.000693663,0.693009507
120500070406,2002,1.203811345,0.0,1.203811345
120500070406,2003,0.203438033,0.00061029,0.202827663
120500070406,2004,0.46288788,0.00138876,0.46149912
120500070406,2005,0.728119375,0.000728041,0.727391085
120500070406,2006,0.791264685,0.000791192,0.790473493
120500070406,2007,0.456825436,0.0,0.456825436
120500070406,2008,0.136452885,0.0,0.136452885
120500070406,2009,0.72302203,0.0,0.72302203
120500070406,2010,0.938001718,0.000938003,0.937063712
120500070406,2011,0.252861899,0.0,0.252861899
120500070406,2012,1.470162705,0.002940254,1.467222366
120500070406,2013,0.668786534,0.002675077,0.66611129
120500070406,2014,0.257360605,0.001544192,0.255816578
120500070406,2015,0.682806855,0.001365699,0.681441408
120500070406,2016,1.170268954,0.002340489,1.16792838
120500070406,2017,0.521979975,0.001565721,0.520414085
120500070406,2018,0.586172389,0.000586071,0.585585986
120500070406,2019,1.330205279,0.001330392,1.328874973
120500070406,2020,1.110643839,0.00111056,1.10953303
120500070407,2000,0.0,0.0,0.0
120500070407,2001,0.0,0.0,0.0
120500070407,2002,0.0,0.0,0.0
120500070407,2003,0.008668981,4.3392e-05,0.008625671
120500070407,2004,0.05425512,0.000162899,0.054092391
120500070407,2005,0.016463967,8.2353e-05,0.016381863
120500070407,2006,0.049110441,0.000392814,0.048717542
120500070407,2007,0.0,0.0,0.0
120500070407,2008,0.0,0.0,0.0
120500070407,2009,0.0,0.0,0.0
120500070407,2010,0.0,0.0,0.0
120500070407,2011,0.0,0.0,0.0
120500070407,2012,0.04596068,0.000183817,0.045776861
120500070407,2013,0.057087674,0.000856351,0.056231405
120500070407,2014,0.035690586,0.000214132,0.035476455
120500070407,2015,0.046079712,0.00032254,0.04575717
120500070407,2016,0.033447973,0.000100361,0.033347609
120500070407,2017,0.040891301,0.000490767,0.040400781
120500070407,2018,0.253816605,0.0,0.253816605
120500070407,2019,0.297434071,0.0,0.297434071
120500070407,2020,0.144264057,0.0,0.144264057
120500070408,2000,0.0,0.0,0.0
120500070408,2001,0.0,0.0,0.0
120500070408,2002,0.0,0.0,0.0
120500070408,2003,0.0,0.0,0.0
120500070408,2004,0.017204557,0.000309765,0.016894792
120500070408,2005,0.0,0.0,0.0
120500070408,2006,0.0626958,0.001128556,0.061567074
120500070408,2007,0.0,0.0,0.0
120500070408,2008,0.0,0.0,0.0
120500070408,2009,0.0,0.0,0.0
120500070408,2010,0.0,0.0,0.0
120500070408,2011,0.0,0.0,0.0
120500070408,2012,0.0,0.0,0.0
120500070408,2013,0.0,0.0,0.0
120500070408,2014,0.0,0.0,0.0
120500070408,2015,0.0,0.0,0.0
120500070408,2016,0.0,0.0,0.0
120500070408,2017,0.0,0.0,0.0
120500070408,2018,0.165215575,0.002973918,0.162241573
120500070408,2019,0.076683353,0.001226847,0.075456337
120500070408,2020,0.078949557,0.001421128,0.077528429
120500070409,2000,0.0,0.0,0.0
120500070409,2001,0.070681964,0.001272416,0.069409805
120500070409,2002,0.047240885,0.000850301,0.046390416
120500070409,2003,0.0,0.0,0.0
120500070409,2004,0.241383689,0.004344904,0.237038951
120500070409,2005,0.079896803,0.001438151,0.078458652
120500070409,2006,0.328253759,0.005908551,0.322345211
120500070409,2007,0.0,0.0,0.0
120500070409,2008,0.0,0.0,0.0
120500070409,2009,0.0,0.0,0.0
120500070409,2010,0.0,0.0,0.0
120500070409,2011,0.0,0.0,0.0
120500070409,2012,0.169736702,0.003055303,0.166681481
120500070409,2013,0.0,0.0,0.0
120500070409,2014,0.0,0.0,0.0
120500070409,2015,0.0,0.0,0.0
120500070409,2016,0.0,0.0,0.0
120500070409,2017,0.0,0.0,0.0
120500070409,2018,0.0,0.0,0.0
120500070409,2019,0.046311178,0.000833545,0.045477636
120500070409,2020,0.0,0.0,0.0
120500070410,2000,4.762e-05,8.39e-07,4.6779e-05
120500070410,2001,0.072336729,0.001302129,0.0710346
120500070410,2002,0.046101047,0.000829825,0.045271304
120500070410,2003,0.114288085,0.002057096,0.112231071
120500070410,2004,0.057908893,0.00104229,0.056866601
120500070410,2005,0.158864542,0.002859616,0.15600509
120500070410,2006,0.095438268,0.001717847,0.093720342
120500070410,2007,0.0,0.0,0.0
120500070410,2008,0.0,0.0,0.0
120500070410,2009,0.000432532,7.775e-06,0.000424841
120500070410,2010,0.01748874,0.000314732,0.017174011
120500070410,2011,0.028541992,0.000513797,0.028028195
120500070410,2012,0.289569467,0.005212333,0.284357216
120500070410,2013,0.176786458,0.003182178,0.173604359
120500070410,2014,0.0,0.0,0.0
120500070410,2015,0.0,0.0,0.0
120500070410,2016,0.204165648,0.003674943,0.200490872
120500070410,2017,0.0,0.0,0.0
120500070410,2018,0.264382641,0.004758956,0.25962377
120500070410,2019,0.13335786,0.002400477,0.130957468
120500070410,2020,0.057266298,0.001030913,0.056235555
120500070501,2000,0.0,0.0,0.0
120500070501,2001,0.0,0.0,0.0
120500070501,2002,0.0,0.0,0.0
120500070501,2003,0.0,0.0,0.0
120500070501,2004,0.000247052,4.448e-06,0.000242689
120500070501,2005,0.000661901,1.1926e-05,0.00065014
120500070501,2006,0.0,0.0,0.0
120500070501,2007,0.0,0.0,0.0
120500070501,2008,0.0,0.0,0.0
120500070501,2009,0.0,0.0,0.0
120500070501,2010,0.0,0.0,0.0
120500070501,2011,0.0,0.0,0.0
120500070501,2012,0.0,0.0,0.0
120500070501,2013,0.0,0.0,0.0
120500070501,2014,0.0,0.0,0.0
120500070501,2015,0.0,0.0,0.0
120500070501,2016,0.0,0.0,0.0
120500070501,2017,0.0,0.0,0.0
120500070501,2018,0.477764605,0.008599814,0.469164707
120500070501,2019,0.221535233,0.003987616,0.217547616
120500070501,2020,0.0,0.0,0.0
120500070502,2000,0.0,0.0,0.0
120500070502,2001,0.0,0.0,0.0
120500070502,2002,0.0,0.0,0.0
120500070502,2003,0.0,0.0,0.0
120500070502,2004,0.0,0.0,0.0
120500070502,2005,0.0,0.0,0.0
120500070502,2006,0.0,0.0,0.0
120500070502,2007,0.0,0.0,0.0
120500070502,2008,0.0,0.0,0.0
120500070502,2009,0.0,0.0,0.0
120500070502,2010,0.0,0.0,0.0
120500070502,2011,0.0,0.0,0.0
120500070502,2012,0.0,0.0,0.0
120500070502,2013,0.0,0.0,0.0
120500070502,2014,0.0,0.0,0.0
120500070502,2015,0.0,0.0,0.0
120500070502,2016,0.0,0.0,0.0
120500070502,2017,0.0,0.0,0.0
120500070502,2018,0.005730496,0.000103173,0.005627493
120500070502,2019,0.002393044,4.3173e-05,0.002349871
120500070502,2020,0.0,0.0,0.0
120500070503,2000,0.0,0.0,0.0
120500070503,2001,0.0,0.0,0.0
120500070503,2002,0.0,0.0,0.0
120500070503,2003,0.0,0.0,0.0
120500070503,2004,0.0,0.0,0.0
120500070503,2005,0.0,0.0,0.0
120500070503,2006,0.0,0.0,0.0
120500070503,2007,0.0,0.0,0.0
120500070503,2008,0.0,0.0,0.0
120500070503,2009,0.0,0.0,0.0
120500070503,2010,0.0,0.0,0.0
120500070503,2011,0.0,0.0,0.0
120500070503,2012,0.0,0.0,0.0
120500070503,2013,0.0,0.0,0.0
120500070503,2014,0.0,0.0,0.0
120500070503,2015,0.0,0.0,0.0
120500070503,2016,0.0,0.0,0.0
120500070503,2017,0.0,0.0,0.0
120500070503,2018,0.0,0.0,0.0
120500070503,2019,0.0,0.0,0.0
120500070503,2020,0.0,0.0,0.0
120500070504,2000,0.0,0.0,0.0
120500070504,2001,0.0,0.0,0.0
120500070504,2002,0.0,0.0,0.0
120500070504,2003,0.0,0.0,0.0
120500070504,2004,0.0,0.0,0.0
120500070504,2005,0.0,0.0,0.0
120500070504,2006,0.0,0.0,0.0
120500070504,2007,0.0,0.0,0.0
120500070504,2008,0.0,0.0,0.0
120500070504,2009,0.0,0.0,0.0
120500070504,2010,0.0,0.0,0.0
120500070504,2011,0.0,0.0,0.0
120500070504,2012,0.0,0.0,0.0
120500070504,2013,0.0,0.0,0.0
120500070504,2014,0.0,0.0,0.0
120500070504,2015,0.0,0.0,0.0
120500070504,2016,0.0,0.0,0.0
120500070504,2017,0.0,0.0,0.0
120500070504,2018,0.0,0.0,0.0
120500070504,2019,0.0,0.0,0.0
120500070504,2020,0.0,0.0,0.0
120500070505,2000,0.0,0.0,0.0
120500070505,2001,0.0,0.0,0.0
120500070505,2002,0.0,0.0,0.0
120500070505,2003,0.0,0.0,0.0
120500070505,2004,0.0,0.0,0.0
120500070505,2005,0.0,0.0,0.0
120500070505,2006,0.0,0.0,0.0
120500070505,2007,0.0,0.0,0.0
120500070505,2008,0.0,0.0,0.0
120500070505,2009,0.0,0.0,0.0
120500070505,2010,0.0,0.0,0.0
120500070505,2011,0.0,0.0,0.0
120500070505,2012,0.0,0.0,0.0
120500070505,2013,0.0,0.0,0.0
120500070505,2014,0.0,0.0,0.0
120500070505,2015,0.0,0.0,0.0
120500070505,2016,0.0,0.0,0.0
120500070505,2017,0.0,0.0,0.0
120500070505,2018,0.0,0.0,0.0
120500070505,2019,0.0,0.0,0.0
120500070505,2020,0.0,0.0,0.0
120500070506,2000,0.0,0.0,0.0
120500070506,2001,0.0,0.0,0.0
120500070506,2002,0.0,0.0,0.0
120500070506,2003,0.0,0.0,0.0
120500070506,2004,0.0,0.0,0.0
120500070506,2005,0.0,0.0,0.0
120500070506,2006,0.0,0.0,0.0
120500070506,2007,0.0,0.0,0.0
120500070506,2008,0.0,0.0,0.0
120500070506,2009,0.0,0.0,0.0
120500070506,2010,0.0,0.0,0.0
120500070506,2011,0.0,0.0,0.0
120500070506,2012,0.0,0.0,0.0
120500070506,2013,0.0,0.0,0.0
120500070506,2014,0.0,0.0,0.0
120500070506,2015,0.0,0.0,0.0
120500070506,2016,0.0,0.0,0.0
120500070506,2017,0.0,0.0,0.0
120500070506,2018,0.0,0.0,0.0
120500070506,2019,0.0,0.0,0.0
120500070506,2020,0.0,0.0,0.0
120500070507,2000,0.074003156,0.001332093,0.07267123
120500070507,2001,0.121004019,0.002178118,0.118825901
120500070507,2002,0.0,0.0,0.0
120500070507,2003,0.0,0.0,0.0
120500070507,2004,0.0,0.0,0.0
120500070507,2005,0.0,0.0,0.0
120500070507,2006,0.0,0.0,0.0
120500070507,2007,0.0,0.0,0.0
120500070507,2008,0.0,0.0,0.0
120500070507,2009,0.0,0.0,0.0
120500070507,2010,0.0,0.0,0.0
120500070507,2011,0.0,0.0,0.0
120500070507,2012,0.0,0.0,0.0
120500070507,2013,0.0,0.0,0.0
120500070507,2014,0.0,0.0,0.0
120500070507,2015,0.0,0.0,0.0
120500070507,2016,0.0,0.0,0.0
120500070507,2017,0.0,0.0,0.0
120500070507,2018,0.0,0.0,0.0
120500070507,2019,0.0,0.0,0.0
120500070507,2020,0.0,0.0,0.0
120500070508,2000,0.0,0.0,0.0
120500070508,2001,0.0,0.0,0.0
120500070508,2002,0.0,0.0,0.0
120500070508,2003,0.0,0.0,0.0
120500070508,2004,0.0,0.0,0.0
120500070508,2005,0.0,0.0,0.0
120500070508,2006,0.0,0.0,0.0
120500070508,2007,0.0,0.0,0.0
120500070508,2008,0.0,0.0,0.0
120500070508,2009,0.0,0.0,0.0
120500070508,2010,0.0,0.0,0.0
120500070508,2011,0.0,0.0,0.0
120500070508,2012,0.0,0.0,0.0
120500070508,2013,0.0,0.0,0.0
120500070508,2014,0.0,0.0,0.0
120500070508,2015,0.0,0.0,0.0
120500070508,2016,0.0,0.0,0.0
120500070508,2017,0.0,0.0,0.0
120500070508,2018,0.018803668,0.0,0.018803668
120500070508,2019,0.0,0.0,0.0
120500070508,2020,0.0,0.0,0.0
120500070601,2000,0.0,0.0,0.0
120500070601,2001,0.0,0.0,0.0
120500070601,2002,0.0,0.0,0.0
120500070601,2003,0.0,0.0,0.0
120500070601,2004,0.0,0.0,0.0
120500070601,2005,0.0,0.0,0.0
120500070601,2006,0.0,0.0,0.0
120500070601,2007,0.0,0.0,0.0
120500070601,2008,0.0,0.0,0.0
120500070601,2009,0.0,0.0,0.0
120500070601,2010,0.0,0.0,0.0
120500070601,2011,0.0,0.0,0.0
120500070601,2012,0.0,0.0,0.0
120500070601,2013,0.0,0.0,0.0
120500070601,2014,0.0,0.0,0.0
120500070601,2015,0.0,0.0,0.0
120500070601,2016,0.0,0.0,0.0
120500070601,2017,0.0,0.0,0.0
120500070601,2018,0.0,0.0,0.0
120500070601,2019,0.005478132,0.0,0.005478132
120500070601,2020,0.0,0.0,0.0
120500070602,2000,0.0,0.0,0.0
120500070602,2001,0.0,0.0,0.0
120500070602,2002,0.0,0.0,0.0
120500070602,2003,0.0,0.0,0.0
120500070602,2004,0.0,0.0,0.0
120500070602,2005,0.0,0.0,0.0
120500070602,2006,0.0,0.0,0.0
120500070602,2007,0.0,0.0,0.0
120500070602,2008,0.0,0.0,0.0
120500070602,2009,0.0,0.0,0.0
120500070602,2010,0.0,0.0,0.0
120500070602,2011,0.0,0.0,0.0
120500070602,2012,0.0,0.0,0.0
120500070602,2013,0.0,0.0,0.0
120500070602,2014,0.0,0.0,0.0
120500070602,2015,0.0,0.0,0.0
120500070602,2016,0.0,0.0,0.0
120500070602,2017,0.0,0.0,0.0
120500070602,2018,0.0,0.0,0.0
120500070602,2019,0.0,0.0,0.0
120500070602,2020,0.0,0.0,0.0
120500070603,2000,0.0,0.0,0.0
120500070603,2001,0.0,0.0,0.0
120500070603,2002,0.0,0.0,0.0
120500070603,2003,0.0,0.0,0.0
120500070603,2004,0.0,0.0,0.0
120500070603,2005,0.0,0.0,0.0
120500070603,2006,0.0,0.0,0.0
120500070603,2007,0.0,0.0,0.0
120500070603,2008,0.0,0.0,0.0
120500070603,2009,0.0,0.0,0.0
120500070603,2010,0.0,0.0,0.0
120500070603,2011,0.0,0.0,0.0
120500070603,2012,0.0,0.0,0.0
120500070603,2013,0.0,0.0,0.0
120500070603,2014,0.0,0.0,0.0
120500070603,2015,0.0,0.0,0.0
120500070603,2016,0.0,0.0,0.0
120500070603,2017,0.0,0.0,0.0
120500070603,2018,0.0,0.0,0.0
120500070603,2019,3.8005e-05,0.0,3.8005e-05
120500070603,2020,0.0,0.0,0.0
120500070604,2000,0.0,0.0,0.0
120500070604,2001,0.0,0.0,0.0
120500070604,2002,0.0,0.0,0.0
120500070604,2003,0.0,0.0,0.0
120500070604,2004,0.0,0.0,0.0
120500070604,2005,0.0,0.0,0.0
120500070604,2006,0.0,0.0,0.0
120500070604,2007,0.0,0.0,0.0
120500070604,2008,0.0,0.0,0.0
120500070604,2009,0.0,0.0,0.0
120500070604,2010,0.0,0.0,0.0
120500070604,2011,0.0,0.0,0.0
120500070604,2012,0.0,0.0,0.0
120500070604,2013,0.0,0.0,0.0
120500070604,2014,0.0,0.0,0.0
120500070604,2015,0.0,0.0,0.0
120500070604,2016,0.0,0.0,0.0
120500070604,2017,0.0,0.0,0.0
120500070604,2018,0.0,0.0,0.0
120500070604,2019,0.0,0.0,0.0
120500070604,2020,0.0,0.0,0.0
120500070605,2000,0.0,0.0,0.0
120500070605,2001,0.0,0.0,0.0
120500070605,2002,0.0,0.0,0.0
120500070605,2003,0.0,0.0,0.0
120500070605,2004,0.0,0.0,0.0
120500070605,2005,0.0,0.0,0.0
120500070605,2006,0.0,0.0,0.0
120500070605,2007,0.0,0.0,0.0
120500070605,2008,0.0,0.0,0.0
120500070605,2009,0.0,0.0,0.0
120500070605,2010,0.0,0.0,0.0
120500070605,2011,0.0,0.0,0.0
120500070605,2012,0.0,0.0,0.0
120500070605,2013,0.0,0.0,0.0
120500070605,2014,0.0,0.0,0.0
120500070605,2015,0.0,0.0,0.0
120500070605,2016,0.0,0.0,0.0
120500070605,2017,0.0,0.0,0.0
120500070605,2018,0.0,0.0,0.0
120500070605,2019,0.0,0.0,0.0
120500070605,2020,0.00020479,0.0,0.00020479
120500070606,2000,0.0,0.0,0.0
120500070606,2001,0.0,0.0,0.0
120500070606,2002,0.0,0.0,0.0
120500070606,2003,0.0,0.0,0.0
120500070606,2004,0.0,0.0,0.0
120500070606,2005,0.0,0.0,0.0
120500070606,2006,0.0,0.0,0.0
120500070606,2007,0.0,0.0,0.0
120500070606,2008,0.0,0.0,0.0
120500070606,2009,0.0,0.0,0.0
120500070606,2010,0.0,0.0,0.0
120500070606,2011,0.0,0.0,0.0
120500070606,2012,0.0,0.0,0.0
120500070606,2013,0.0,0.0,0.0
120500070606,2014,0.0,0.0,0.0
120500070606,2015,0.0,0.0,0.0
120500070606,2016,0.0,0.0,0.0
120500070606,2017,0.0,0.0,0.0
120500070606,2018,0.0,0.0,0.0
120500070606,2019,0.000263816,4.696e-06,0.000259036
120500070606,2020,0.0,0.0,0.0
120500070607,2000,0.0,0.0,0.0
120500070607,2001,0.0,0.0,0.0
120500070607,2002,0.0,0.0,0.0
120500070607,2003,0.0,0.0,0.0
120500070607,2004,0.0,0.0,0.0
120500070607,2005,0.0,0.0,0.0
120500070607,2006,0.0,0.0,0.0
120500070607,2007,0.0,0.0,0.0
120500070607,2008,0.0,0.0,0.0
120500070607,2009,0.0,0.0,0.0
120500070607,2010,0.0,0.0,0.0
120500070607,2011,0.0,0.0,0.0
120500070607,2012,0.0,0.0,0.0
120500070607,2013,0.0,0.0,0.0
120500070607,2014,0.0,0.0,0.0
120500070607,2015,0.0,0.0,0.0
120500070607,2016,0.0,0.0,0.0
120500070607,2017,0.0,0.0,0.0
120500070607,2018,0.0,0.0,0.0
120500070607,2019,0.00182383,3.2945e-05,0.001790885
120500070607,2020,0.0,0.0,0.0
120500070608,2000,0.0,0.0,0.0
120500070608,2001,0.0,0.0,0.0
120500070608,2002,0.0,0.0,0.0
120500070608,2003,0.0,0.0,0.0
120500070608,2004,0.0,0.0,0.0
120500070608,2005,0.0,0.0,0.0
120500070608,2006,0.0,0.0,0.0
120500070608,2007,0.0,0.0,0.0
120500070608,2008,0.0,0.0,0.0
120500070608,2009,0.0,0.0,0.0
120500070608,2010,0.0,0.0,0.0
120500070608,2011,0.0,0.0,0.0
120500070608,2012,0.0,0.0,0.0
120500070608,2013,0.033217356,0.0,0.033217356
120500070608,2014,0.028609153,0.0,0.028609153
120500070608,2015,0.0,0.0,0.0
120500070608,2016,0.0,0.0,0.0
120500070608,2017,0.0,0.0,0.0
120500070608,2018,0.0,0.0,0.0
120500070608,2019,0.063646929,6.3682e-05,0.063583332
120500070608,2020,0.02812532,2.8169e-05,0.028097232
120500070701,2000,0.0,0.0,0.0
120500070701,2001,0.0,0.0,0.0
120500070701,2002,0.0,0.0,0.0
120500070701,2003,0.0,0.0,0.0
120500070701,2004,0.0,0.0,0.0
120500070701,2005,0.0,0.0,0.0
120500070701,2006,0.0,0.0,0.0
120500070701,2007,0.0,0.0,0.0
120500070701,2008,0.0,0.0,0.0
120500070701,2009,0.0,0.0,0.0
120500070701,2010,0.0,0.0,0.0
120500070701,2011,0.0,0.0,0.0
120500070701,2012,0.0,0.0,0.0
120500070701,2013,0.0,0.0,0.0
120500070701,2014,0.0,0.0,0.0
120500070701,2015,0.0,0.0,0.0
120500070701,2016,0.0,0.0,0.0
120500070701,2017,0.0,0.0,0.0
120500070701,2018,0.0,0.0,0.0
120500070701,2019,0.0,0.0,0.0
120500070701,2020,0.0,0.0,0.0
120500070702,2000,0.0,0.0,0.0
120500070702,2001,0.0,0.0,0.0
120500070702,2002,0.0,0.0,0.0
120500070702,2003,0.0,0.0,0.0
120500070702,2004,0.0,0.0,0.0
120500070702,2005,0.0,0.0,0.0
120500070702,2006,0.0,0.0,0.0
120500070702,2007,0.0,0.0,0.0
120500070702,2008,0.0,0.0,0.0
120500070702,2009,0.0,0.0,0.0
120500070702,2010,0.0,0.0,0.0
120500070702,2011,0.0,0.0,0.0
120500070702,2012,0.0,0.0,0.0
120500070702,2013,0.0,0.0,0.0
120500070702,2014,0.0,0.0,0.0
120500070702,2015,0.0,0.0,0.0
120500070702,2016,0.0,0.0,0.0
120500070702,2017,0.0,0.0,0.0
120500070702,2018,0.0,0.0,0.0
120500070702,2019,0.0,0.0,0.0
120500070702,2020,0.0,0.0,0.0
120500070703,2000,0.0,0.0,0.0
120500070703,2001,0.0,0.0,0.0
120500070703,2002,0.0,0.0,0.0
120500070703,2003,0.0,0.0,0.0
120500070703,2004,0.0,0.0,0.0
120500070703,2005,0.0,0.0,0.0
120500070703,2006,0.0,0.0,0.0
120500070703,2007,0.0,0.0,0.0
120500070703,2008,0.0,0.0,0.0
120500070703,2009,0.0,0.0,0.0
120500070703,2010,0.0,0.0,0.0
120500070703,2011,0.0,0.0,0.0
120500070703,2012,0.0,0.0,0.0
120500070703,2013,0.0,0.0,0.0
120500070703,2014,0.0,0.0,0.0
120500070703,2015,0.0,0.0,0.0
120500070703,2016,0.0,0.0,0.0
120500070703,2017,0.0,0.0,0.0
120500070703,2018,0.0,0.0,0.0
120500070703,2019,0.034883849,0.0,0.034883849
120500070703,2020,0.190526145,0.0,0.190526145
120500070704,2000,0.0,0.0,0.0
120500070704,2001,0.0,0.0,0.0
120500070704,2002,0.0,0.0,0.0
120500070704,2003,0.0,0.0,0.0
120500070704,2004,0.0,0.0,0.0
120500070704,2005,0.0,0.0,0.0
120500070704,2006,0.0,0.0,0.0
120500070704,2007,0.0,0.0,0.0
120500070704,2008,0.0,0.0,0.0
120500070704,2009,0.115255885,0.0,0.115255885
120500070704,2010,0.0,0.0,0.0
120500070704,2011,0.0,0.0,0.0
120500070704,2012,0.0,0.0,0.0
120500070704,2013,0.0,0.0,0.0
120500070704,2014,0.058016789,0.0,0.058016789
120500070704,2015,0.0,0.0,0.0
120500070704,2016,0.0,0.0,0.0
120500070704,2017,0.0,0.0,0.0
120500070704,2018,0.0,0.0,0.0
120500070704,2019,0.0,0.0,0.0
120500070704,2020,0.0,0.0,0.0
120500070705,2000,0.0,0.0,0.0
120500070705,2001,0.0,0.0,0.0
120500070705,2002,0.0,0.0,0.0
120500070705,2003,0.0,0.0,0.0
120500070705,2004,0.0,0.0,0.0
120500070705,2005,0.0,0.0,0.0
120500070705,2006,0.0,0.0,0.0
120500070705,2007,0.0,0.0,0.0
120500070705,2008,0.0,0.0,0.0
120500070705,2009,0.0,0.0,0.0
120500070705,2010,0.0,0.0,0.0
120500070705,2011,0.0,0.0,0.0
120500070705,2012,0.0,0.0,0.0
120500070705,2013,0.0,0.0,0.0
120500070705,2014,0.046438973,0.0,0.046438973
120500070705,2015,0.0,0.0,0.0
120500070705,2016,0.0,0.0,0.0
120500070705,2017,0.0,0.0,0.0
120500070705,2018,0.462768071,0.0,0.462768071
120500070705,2019,0.126518164,0.0,0.126518164
120500070705,2020,0.0,0.0,0.0
120500070706,2000,0.0,0.0,0.0
120500070706,2001,0.0,0.0,0.0
120500070706,2002,0.0,0.0,0.0
120500070706,2003,0.0,0.0,0.0
120500070706,2004,0.0,0.0,0.0
120500070706,2005,0.0,0.0,0.0
120500070706,2006,0.0,0.0,0.0
120500070706,2007,0.0,0.0,0.0
120500070706,2008,0.016820571,0.0,0.016820571
120500070706,2009,0.0,0.0,0.0
120500070706,2010,0.0,0.0,0.0
120500070706,2011,0.002635255,0.0,0.002635255
120500070706,2012,0.0,0.0,0.0
120500070706,2013,0.0,0.0,0.0
120500070706,2014,0.06794006,0.0,0.06794006
120500070706,2015,0.0,0.0,0.0
120500070706,2016,0.0,0.0,0.0
120500070706,2017,0.0,0.0,0.0
120500070706,2018,0.018909926,0.0,0.018909926
120500070706,2019,0.101480293,0.0,0.101480293
120500070706,2020,0.0,0.0,0.0
120500070707,2000,0.0,0.0,0.0
120500070707,2001,0.0,0.0,0.0
120500070707,2002,0.0,0.0,0.0
120500070707,2003,0.0,0.0,0.0
120500070707,2004,0.0,0.0,0.0
120500070707,2005,0.0,0.0,0.0
120500070707,2006,0.0,0.0,0.0
120500070707,2007,0.0,0.0,0.0
120500070707,2008,0.0,0.0,0.0
120500070707,2009,0.0,0.0,0.0
120500070707,2010,0.0,0.0,0.0
120500070707,2011,0.0,0.0,0.0
120500070707,2012,0.0,0.0,0.0
120500070707,2013,0.0,0.0,0.0
120500070707,2014,0.0,0.0,0.0
120500070707,2015,0.0,0.0,0.0
120500070707,2016,0.0,0.0,0.0
120500070707,2017,0.0,0.0,0.0
120500070707,2018,0.0,0.0,0.0
120500070707,2019,0.0,0.0,0.0
120500070707,2020,0.0,0.0,0.0
120500070708,2000,0.0,0.0,0.0
120500070708,2001,0.0,0.0,0.0
120500070708,2002,0.0,0.0,0.0
120500070708,2003,0.0,0.0,0.0
120500070708,2004,0.0,0.0,0.0
120500070708,2005,0.0,0.0,0.0
120500070708,2006,0.0,0.0,0.0
120500070708,2007,0.0,0.0,0.0
120500070708,2008,0.0,0.0,0.0
120500070708,2009,0.0,0.0,0.0
120500070708,2010,0.0,0.0,0.0
120500070708,2011,0.0,0.0,0.0
120500070708,2012,0.0,0.0,0.0
120500070708,2013,0.0,0.0,0.0
120500070708,2014,0.0,0.0,0.0
120500070708,2015,0.0,0.0,0.0
120500070708,2016,0.0,0.0,0.0
120500070708,2017,0.0,0.0,0.0
120500070708,2018,0.0,0.0,0.0
120500070708,2019,0.0,0.0,0.0
120500070708,2020,0.0,0.0,0.0
120601010101,2000,0.0,0.0,0.0
120601010101,2001,0.0,0.0,0.0
120601010101,2002,0.0,0.0,0.0
120601010101,2003,0.0,0.0,0.0
120601010101,2004,0.0,0.0,0.0
120601010101,2005,0.0,0.0,0.0
120601010101,2006,0.0,0.0,0.0
120601010101,2007,0.0,0.0,0.0
120601010101,2008,0.0,0.0,0.0
120601010101,2009,0.0,0.0,0.0
120601010101,2010,0.0,0.0,0.0
120601010101,2011,0.0,0.0,0.0
120601010101,2012,0.0,0.0,0.0
120601010101,2013,0.0,0.0,0.0
120601010101,2014,0.0,0.0,0.0
120601010101,2015,0.0,0.0,0.0
120601010101,2016,0.0,0.0,0.0
120601010101,2017,0.0,0.0,0.0
120601010101,2018,0.0,0.0,0.0
120601010101,2019,0.0,0.0,0.0
120601010101,2020,0.0,0.0,0.0
120601010102,2000,0.0,0.0,0.0
120601010102,2001,0.0,0.0,0.0
120601010102,2002,0.0,0.0,0.0
120601010102,2003,0.0,0.0,0.0
120601010102,2004,0.0,0.0,0.0
120601010102,2005,0.0,0.0,0.0
120601010102,2006,0.0,0.0,0.0
120601010102,2007,0.0,0.0,0.0
120601010102,2008,0.0,0.0,0.0
120601010102,2009,0.0,0.0,0.0
120601010102,2010,0.0,0.0,0.0
120601010102,2011,0.0,0.0,0.0
120601010102,2012,0.0,0.0,0.0
120601010102,2013,0.0,0.0,0.0
120601010102,2014,0.0,0.0,0.0
120601010102,2015,0.0,0.0,0.0
120601010102,2016,0.0,0.0,0.0
120601010102,2017,0.0,0.0,0.0
120601010102,2018,0.0,0.0,0.0
120601010102,2019,0.0,0.0,0.0
120601010102,2020,0.0,0.0,0.0
120601010103,2000,0.0,0.0,0.0
120601010103,2001,0.0,0.0,0.0
120601010103,2002,0.059166542,0.000118364,0.059048096
120601010103,2003,0.745990885,0.001491945,0.744498855
120601010103,2004,0.0,0.0,0.0
120601010103,2005,0.511797334,0.001023534,0.510773715
120601010103,2006,0.158048559,0.00031609,0.157732466
120601010103,2007,0.076340548,0.000152712,0.076187918
120601010103,2008,0.0,0.0,0.0
120601010103,2009,0.209751082,0.000419545,0.209331701
120601010103,2010,0.497520274,0.000994989,0.496525121
120601010103,2011,0.308061033,0.000616055,0.307444811
120601010103,2012,0.0,0.0,0.0
120601010103,2013,0.0,0.0,0.0
120601010103,2014,0.0,0.0,0.0
120601010103,2015,0.056928745,0.000113827,0.056814918
120601010103,2016,0.302353779,0.00060474,0.301749123
120601010103,2017,0.414603219,0.000829208,0.413774096
120601010103,2018,0.0,0.0,0.0
120601010103,2019,0.456611778,0.000913301,0.455698562
120601010103,2020,0.362969986,0.000725943,0.362244046
120601010104,2000,0.0,0.0,0.0
120601010104,2001,0.0,0.0,0.0
120601010104,2002,0.0,0.0,0.0
120601010104,2003,0.0,0.0,0.0
120601010104,2004,0.0,0.0,0.0
120601010104,2005,0.0,0.0,0.0
120601010104,2006,0.0,0.0,0.0
120601010104,2007,0.0,0.0,0.0
120601010104,2008,0.0,0.0,0.0
120601010104,2009,0.0,0.0,0.0
120601010104,2010,0.0,0.0,0.0
120601010104,2011,0.0,0.0,0.0
120601010104,2012,0.0,0.0,0.0
120601010104,2013,0.0,0.0,0.0
120601010104,2014,0.0,0.0,0.0
120601010104,2015,0.0,0.0,0.0
120601010104,2016,0.0,0.0,0.0
120601010104,2017,0.0,0.0,0.0
120601010104,2018,0.0,0.0,0.0
120601010104,2019,0.0,0.0,0.0
120601010104,2020,0.0,0.0,0.0
120601010105,2000,0.0,0.0,0.0
120601010105,2001,0.0,0.0,0.0
120601010105,2002,0.0,0.0,0.0
120601010105,2003,0.0,0.0,0.0
120601010105,2004,0.0,0.0,0.0
120601010105,2005,0.0,0.0,0.0
120601010105,2006,0.0,0.0,0.0
120601010105,2007,0.0,0.0,0.0
120601010105,2008,0.0,0.0,0.0
120601010105,2009,0.0,0.0,0.0
120601010105,2010,0.0,0.0,0.0
120601010105,2011,0.0,0.0,0.0
120601010105,2012,0.0,0.0,0.0
120601010105,2013,0.0,0.0,0.0
120601010105,2014,0.0,0.0,0.0
120601010105,2015,0.0,0.0,0.0
120601010105,2016,0.0,0.0,0.0
120601010105,2017,0.0,0.0,0.0
120601010105,2018,0.0,0.0,0.0
120601010105,2019,0.0,0.0,0.0
120601010105,2020,0.0,0.0,0.0
120601010106,2000,0.0,0.0,0.0
120601010106,2001,0.0,0.0,0.0
120601010106,2002,0.0,0.0,0.0
120601010106,2003,0.004288499,8.603e-06,0.004279896
120601010106,2004,0.0,0.0,0.0
120601010106,2005,0.008533038,1.7079e-05,0.008515959
120601010106,2006,0.0,0.0,0.0
120601010106,2007,0.0,0.0,0.0
120601010106,2008,0.0,0.0,0.0
120601010106,2009,0.0,0.0,0.0
120601010106,2010,0.0,0.0,0.0
120601010106,2011,0.0,0.0,0.0
120601010106,2012,0.0,0.0,0.0
120601010106,2013,0.0,0.0,0.0
120601010106,2014,0.0,0.0,0.0
120601010106,2015,0.0,0.0,0.0
120601010106,2016,0.0,0.0,0.0
120601010106,2017,0.0,0.0,0.0
120601010106,2018,0.0,0.0,0.0
120601010106,2019,0.001349236,1.345e-06,0.00134789
120601010106,2020,0.0,0.0,0.0
120601010201,2000,1.099409754,0.0,1.099409754
120601010201,2001,0.576247181,0.0,0.576247181
120601010201,2002,0.868288921,0.0,0.868288921
120601010201,2003,0.52217431,0.0,0.52217431
120601010201,2004,0.472191475,0.0,0.472191475
120601010201,2005,0.55480329,0.0,0.55480329
120601010201,2006,1.779315742,0.0,1.779315742
120601010201,2007,1.665952907,0.0,1.665952907
120601010201,2008,1.997176844,0.0,1.997176844
120601010201,2009,1.686658112,0.0,1.686658112
120601010201,2010,0.437020395,0.0,0.437020395
120601010201,2011,1.492842953,0.0,1.492842953
120601010201,2012,0.569563918,0.0,0.569563918
120601010201,2013,0.454826403,0.0,0.454826403
120601010201,2014,1.992889164,0.0,1.992889164
120601010201,2015,0.926579367,0.0,0.926579367
120601010201,2016,0.319404787,0.0,0.319404787
120601010201,2017,0.596868647,0.0,0.596868647
120601010201,2018,0.992767627,0.0,0.992767627
120601010201,2019,1.777729937,0.0,1.777729937
120601010201,2020,1.138657342,0.0,1.138657342
120601010202,2000,0.0,0.0,0.0
120601010202,2001,0.0,0.0,0.0
120601010202,2002,0.0,0.0,0.0
120601010202,2003,0.0,0.0,0.0
120601010202,2004,0.0,0.0,0.0
120601010202,2005,0.0,0.0,0.0
120601010202,2006,0.0,0.0,0.0
120601010202,2007,0.0,0.0,0.0
120601010202,2008,0.0,0.0,0.0
120601010202,2009,0.0,0.0,0.0
120601010202,2010,0.0,0.0,0.0
120601010202,2011,0.0,0.0,0.0
120601010202,2012,0.0,0.0,0.0
120601010202,2013,0.0,0.0,0.0
120601010202,2014,0.0,0.0,0.0
120601010202,2015,0.0,0.0,0.0
120601010202,2016,0.0,0.0,0.0
120601010202,2017,0.0,0.0,0.0
120601010202,2018,0.0,0.0,0.0
120601010202,2019,0.076491416,0.000152962,0.076338452
120601010202,2020,0.0,0.0,0.0
120601010203,2000,4.507050784,0.0,4.507050784
120601010203,2001,4.467403145,0.0,4.467403145
120601010203,2002,3.052029545,0.0,3.052029545
120601010203,2003,3.604698038,0.0,3.604698038
120601010203,2004,3.753513858,0.0,3.753513858
120601010203,2005,4.188894334,0.0,4.188894334
120601010203,2006,6.35676326,0.0,6.35676326
120601010203,2007,3.086052997,0.0,3.086052997
120601010203,2008,5.56757462,0.0,5.56757462
120601010203,2009,5.575670863,0.0,5.575670863
120601010203,2010,5.354793674,0.0,5.354793674
120601010203,2011,7.418557863,0.0,7.418557863
120601010203,2012,4.34339282,0.0,4.34339282
120601010203,2013,5.635548238,0.0,5.635548238
120601010203,2014,4.858639956,0.0,4.858639956
120601010203,2015,2.885310425,0.0,2.885310425
120601010203,2016,2.725771388,0.0,2.725771388
120601010203,2017,2.89556431,0.0,2.89556431
120601010203,2018,4.855244589,0.0,4.855244589
120601010203,2019,2.866473649,0.0,2.866473649
120601010203,2020,4.159499943,0.0,4.159499943
120601010204,2000,0.0,0.0,0.0
120601010204,2001,0.0,0.0,0.0
120601010204,2002,0.015124438,0.0,0.015124438
120601010204,2003,0.059591277,0.0,0.059591277
120601010204,2004,0.376173262,0.0,0.376173262
120601010204,2005,0.0,0.0,0.0
120601010204,2006,0.006878849,0.0,0.006878849
120601010204,2007,0.053543816,0.0,0.053543816
120601010204,2008,0.0,0.0,0.0
120601010204,2009,0.004610879,0.0,0.004610879
120601010204,2010,0.0,0.0,0.0
120601010204,2011,0.0,0.0,0.0
120601010204,2012,0.0,0.0,0.0
120601010204,2013,0.0,0.0,0.0
120601010204,2014,0.0,0.0,0.0
120601010204,2015,0.0,0.0,0.0
120601010204,2016,0.0,0.0,0.0
120601010204,2017,0.0,0.0,0.0
120601010204,2018,0.0,0.0,0.0
120601010204,2019,0.098246016,0.0,0.098246016
120601010204,2020,0.0,0.0,0.0
120601010205,2000,0.0,0.0,0.0
120601010205,2001,0.0,0.0,0.0
120601010205,2002,0.144258559,0.0,0.144258559
120601010205,2003,0.338878359,0.0,0.338878359
120601010205,2004,0.0,0.0,0.0
120601010205,2005,0.172960512,0.0,0.172960512
120601010205,2006,0.043434866,0.0,0.043434866
120601010205,2007,0.007835622,0.0,0.007835622
120601010205,2008,0.0,0.0,0.0
120601010205,2009,0.21343449,0.0,0.21343449
120601010205,2010,0.139922784,0.0,0.139922784
120601010205,2011,0.0,0.0,0.0
120601010205,2012,0.0,0.0,0.0
120601010205,2013,0.0,0.0,0.0
120601010205,2014,0.0,0.0,0.0
120601010205,2015,0.0,0.0,0.0
120601010205,2016,0.0,0.0,0.0
120601010205,2017,0.0,0.0,0.0
120601010205,2018,0.0,0.0,0.0
120601010205,2019,0.460207795,0.0,0.460207795
120601010205,2020,0.00031826,0.0,0.00031826
120601010206,2000,3.336981691,0.0,3.336981691
120601010206,2001,2.322878345,0.0,2.322878345
120601010206,2002,2.816723616,0.0,2.816723616
120601010206,2003,2.846941844,0.0,2.846941844
120601010206,2004,2.393732205,0.0,2.393732205
120601010206,2005,2.552473734,0.0,2.552473734
120601010206,2006,3.178207962,0.0,3.178207962
120601010206,2007,1.554172518,0.0,1.554172518
120601010206,2008,3.370606311,0.0,3.370606311
120601010206,2009,3.435614921,0.0,3.435614921
120601010206,2010,3.195092507,0.0,3.195092507
120601010206,2011,5.624333866,0.0,5.624333866
120601010206,2012,2.993316342,0.0,2.993316342
120601010206,2013,2.701093425,0.0,2.701093425
120601010206,2014,2.968685195,0.0,2.968685195
120601010206,2015,1.669852526,0.0,1.669852526
120601010206,2016,1.408772025,0.0,1.408772025
120601010206,2017,1.817799858,0.0,1.817799858
120601010206,2018,2.100673282,0.0,2.100673282
120601010206,2019,3.214245279,0.0,3.214245279
120601010206,2020,3.149184036,0.0,3.149184036
120601010301,2000,0.637924773,0.0,0.637924773
120601010301,2001,1.089181214,0.0,1.089181214
120601010301,2002,0.753592362,0.0,0.753592362
120601010301,2003,1.053112655,0.0,1.053112655
120601010301,2004,0.524650609,0.0,0.524650609
120601010301,2005,0.956549932,0.0,0.956549932
120601010301,2006,0.653936899,0.0,0.653936899
120601010301,2007,0.883298482,0.0,0.883298482
120601010301,2008,0.949227082,0.0,0.949227082
120601010301,2009,1.284638888,0.0,1.284638888
120601010301,2010,0.706224285,0.0,0.706224285
120601010301,2011,0.727149299,0.0,0.727149299
120601010301,2012,0.804180607,0.0,0.804180607
120601010301,2013,0.583160414,0.0,0.583160414
120601010301,2014,1.16954606,0.0,1.16954606
120601010301,2015,0.178100268,0.0,0.178100268
120601010301,2016,0.718506557,0.0,0.718506557
120601010301,2017,0.217563129,0.0,0.217563129
120601010301,2018,2.072572184,0.0,2.072572184
120601010301,2019,1.310263345,0.0,1.310263345
120601010301,2020,1.44456335,0.0,1.44456335
120601010302,2000,6.803657265,0.0,6.803657265
120601010302,2001,7.21477429,0.0,7.21477429
120601010302,2002,4.158044438,0.0,4.158044438
120601010302,2003,6.717190085,0.0,6.717190085
120601010302,2004,3.832782839,0.0,3.832782839
120601010302,2005,5.234957247,0.0,5.234957247
120601010302,2006,8.816519729,0.0,8.816519729
120601010302,2007,4.697939392,0.0,4.697939392
120601010302,2008,7.084884973,0.0,7.084884973
120601010302,2009,7.087979205,0.0,7.087979205
120601010302,2010,7.860189055,0.0,7.860189055
120601010302,2011,10.50647471,0.0,10.50647471
120601010302,2012,4.287282795,0.0,4.287282795
120601010302,2013,6.619615181,0.0,6.619615181
120601010302,2014,4.462921674,0.0,4.462921674
120601010302,2015,3.028911271,0.0,3.028911271
120601010302,2016,3.526289514,0.0,3.526289514
120601010302,2017,5.014217447,0.0,5.014217447
120601010302,2018,5.637542134,0.0,5.637542134
120601010302,2019,5.175804477,0.0,5.175804477
120601010302,2020,7.734361934,0.0,7.734361934
120601010303,2000,15.997047052,0.0,15.997047052
120601010303,2001,11.995859767,0.0,11.995859767
120601010303,2002,7.249045871,0.0,7.249045871
120601010303,2003,10.993355879,0.0,10.993355879
120601010303,2004,8.638190251,0.0,8.638190251
120601010303,2005,10.51987623,0.0,10.51987623
120601010303,2006,16.879341548,0.0,16.879341548
120601010303,2007,9.256271795,0.0,9.256271795
120601010303,2008,16.572169721,0.0,16.572169721
120601010303,2009,12.411979186,0.0,12.411979186
120601010303,2010,12.379346877,0.0,12.379346877
120601010303,2011,20.862120189,0.0,20.862120189
120601010303,2012,10.023418249,0.0,10.023418249
120601010303,2013,12.665010715,0.0,12.665010715
120601010303,2014,10.62743403,0.0,10.62743403
120601010303,2015,5.689775493,0.0,5.689775493
120601010303,2016,7.629407801,0.0,7.629407801
120601010303,2017,6.919708762,0.0,6.919708762
120601010303,2018,10.201373721,0.0,10.201373721
120601010303,2019,7.969204825,0.0,7.969204825
120601010303,2020,12.009270186,0.0,12.009270186
120601010304,2000,6.936899907,0.0,6.936899907
120601010304,2001,6.4836526,0.012967274,6.470685156
120601010304,2002,3.783967433,0.0,3.783967433
120601010304,2003,5.310500332,0.090278408,5.220221674
120601010304,2004,3.883075708,0.0,3.883075708
120601010304,2005,4.480801438,0.022404126,4.458397641
120601010304,2006,8.418688236,0.0,8.418688236
120601010304,2007,3.697884068,0.003697937,3.694186301
120601010304,2008,7.345617019,0.0,7.345617019
120601010304,2009,6.919352137,0.0,6.919352137
120601010304,2010,5.300767584,0.0,5.300767584
120601010304,2011,11.647046066,0.058235132,11.588810679
120601010304,2012,8.344396383,0.008344383,8.336052003
120601010304,2013,6.611081542,0.013222244,6.597859296
120601010304,2014,6.30126931,0.0,6.30126931
120601010304,2015,3.146354466,0.0,3.146354466
120601010304,2016,5.799794883,0.0,5.799794883
120601010304,2017,4.824921241,0.0,4.824921241
120601010304,2018,7.983091011,0.0,7.983091011
120601010304,2019,4.987172326,0.0149616,4.972210893
120601010304,2020,7.785311167,0.007785221,7.777525779
120601010401,2000,11.034152107,0.0,11.034152107
120601010401,2001,9.245017019,0.0,9.245017019
120601010401,2002,5.213541855,0.0,5.213541855
120601010401,2003,6.228737225,0.0,6.228737225
120601010401,2004,5.561660451,0.0,5.561660451
120601010401,2005,6.813892173,0.0,6.813892173
120601010401,2006,11.763333375,0.0,11.763333375
120601010401,2007,5.750034781,0.0,5.750034781
120601010401,2008,9.841605265,0.0,9.841605265
120601010401,2009,8.805273797,0.0,8.805273797
120601010401,2010,7.564450559,0.0,7.564450559
120601010401,2011,11.715558463,0.0,11.715558463
120601010401,2012,5.842185863,0.0,5.842185863
120601010401,2013,9.118967836,0.0,9.118967836
120601010401,2014,8.451750449,0.0,8.451750449
120601010401,2015,2.584108981,0.0,2.584108981
120601010401,2016,5.144575238,0.0,5.144575238
120601010401,2017,5.339589907,0.0,5.339589907
120601010401,2018,8.868071337,0.0,8.868071337
120601010401,2019,6.648007482,0.0,6.648007482
120601010401,2020,7.147750372,0.0,7.147750372
120601010402,2000,3.299618011,0.0,3.299618011
120601010402,2001,2.885361321,0.0,2.885361321
120601010402,2002,1.96319669,0.0,1.96319669
120601010402,2003,2.065756307,0.0,2.065756307
120601010402,2004,2.35071571,0.0,2.35071571
120601010402,2005,2.808759504,0.0,2.808759504
120601010402,2006,3.234636378,0.0,3.234636378
120601010402,2007,2.27293166,0.0,2.27293166
120601010402,2008,2.729424421,0.0,2.729424421
120601010402,2009,2.114202855,0.0,2.114202855
120601010402,2010,3.151157162,0.0,3.151157162
120601010402,2011,5.139357123,0.0,5.139357123
120601010402,2012,2.966287585,0.0,2.966287585
120601010402,2013,2.178995589,0.0,2.178995589
120601010402,2014,2.84296723,0.0,2.84296723
120601010402,2015,1.784960055,0.0,1.784960055
120601010402,2016,1.869410251,0.0,1.869410251
120601010402,2017,1.623637942,0.0,1.623637942
120601010402,2018,2.165858655,0.0,2.165858655
120601010402,2019,2.48945683,0.0,2.48945683
120601010402,2020,2.973091902,0.0,2.973091902
120601010403,2000,0.015906839,0.0,0.015906839
120601010403,2001,0.452140192,0.0,0.452140192
120601010403,2002,0.046870718,0.0,0.046870718
120601010403,2003,0.725319847,0.0,0.725319847
120601010403,2004,0.388413762,0.0,0.388413762
120601010403,2005,1.319569482,0.0,1.319569482
120601010403,2006,0.06945494,0.0,0.06945494
120601010403,2007,0.20003971,0.0,0.20003971
120601010403,2008,0.0,0.0,0.0
120601010403,2009,0.0,0.0,0.0
120601010403,2010,0.590365395,0.0,0.590365395
120601010403,2011,0.015801932,0.0,0.015801932
120601010403,2012,0.0,0.0,0.0
120601010403,2013,0.0,0.0,0.0
120601010403,2014,0.095283479,0.0,0.095283479
120601010403,2015,0.011870203,0.0,0.011870203
120601010403,2016,0.085999443,0.0,0.085999443
120601010403,2017,0.0,0.0,0.0
120601010403,2018,0.118347918,0.0,0.118347918
120601010403,2019,0.911210973,0.0,0.911210973
120601010403,2020,0.362095413,0.0,0.362095413
120601010404,2000,5.794804809,0.0,5.794804809
120601010404,2001,5.187737263,0.0,5.187737263
120601010404,2002,4.079829575,0.0,4.079829575
120601010404,2003,4.657844764,0.0,4.657844764
120601010404,2004,4.943351891,0.0,4.943351891
120601010404,2005,5.228119447,0.0,5.228119447
120601010404,2006,7.167667984,0.0,7.167667984
120601010404,2007,4.593819729,0.0,4.593819729
120601010404,2008,7.313515672,0.0,7.313515672
120601010404,2009,5.924588847,0.0,5.924588847
120601010404,2010,7.642791441,0.0,7.642791441
120601010404,2011,9.48847509,0.0,9.48847509
120601010404,2012,5.850191128,0.0,5.850191128
120601010404,2013,5.786806173,0.0,5.786806173
120601010404,2014,4.353047666,0.0,4.353047666
120601010404,2015,4.61119946,0.0,4.61119946
120601010404,2016,3.262236281,0.0,3.262236281
120601010404,2017,3.16196566,0.0,3.16196566
120601010404,2018,5.515177455,0.0,5.515177455
120601010404,2019,4.953880359,0.0,4.953880359
120601010404,2020,9.665496216,0.0,9.665496216
120601010405,2000,11.402325074,0.0,11.402325074
120601010405,2001,8.440132649,0.0,8.440132649
120601010405,2002,6.598377477,0.0,6.598377477
120601010405,2003,7.502933181,0.0,7.502933181
120601010405,2004,6.526386653,0.0,6.526386653
120601010405,2005,8.672230611,0.0,8.672230611
120601010405,2006,12.184801455,0.0,12.184801455
120601010405,2007,7.819290838,0.0,7.819290838
120601010405,2008,13.383063178,0.0,13.383063178
120601010405,2009,9.545115584,0.0,9.545115584
120601010405,2010,10.299479641,0.0,10.299479641
120601010405,2011,16.200991679,0.0,16.200991679
120601010405,2012,9.249529262,0.0,9.249529262
120601010405,2013,8.610988378,0.0,8.610988378
120601010405,2014,6.344819389,0.0,6.344819389
120601010405,2015,6.572231384,0.0,6.572231384
120601010405,2016,5.967062014,0.0,5.967062014
120601010405,2017,7.022287175,0.0,7.022287175
120601010405,2018,8.041488167,0.0,8.041488167
120601010405,2019,6.618597893,0.0,6.618597893
120601010405,2020,11.510418951,0.0,11.510418951
120601010406,2000,5.140603134,0.0,5.140603134
120601010406,2001,2.628851419,0.0,2.628851419
120601010406,2002,3.345094348,0.0,3.345094348
120601010406,2003,4.347844688,0.0,4.347844688
120601010406,2004,2.155215284,0.0,2.155215284
120601010406,2005,3.331537373,0.0,3.331537373
120601010406,2006,4.209552942,0.0,4.209552942
120601010406,2007,2.988033904,0.0,2.988033904
120601010406,2008,4.134350019,0.0,4.134350019
120601010406,2009,3.526587195,0.0,3.526587195
120601010406,2010,4.901101444,0.0,4.901101444
120601010406,2011,7.989337181,0.0,7.989337181
120601010406,2012,4.24638153,0.0,4.24638153
120601010406,2013,3.596873099,0.0,3.596873099
120601010406,2014,3.200495285,0.0,3.200495285
120601010406,2015,3.193787282,0.0,3.193787282
120601010406,2016,3.206600139,0.0,3.206600139
120601010406,2017,2.827603836,0.0,2.827603836
120601010406,2018,2.919030507,0.0,2.919030507
120601010406,2019,3.125719447,0.0,3.125719447
120601010406,2020,4.243861716,0.0,4.243861716
120601010407,2000,2.071735566,0.0,2.071735566
120601010407,2001,1.567256551,0.0,1.567256551
120601010407,2002,2.288858279,0.0,2.288858279
120601010407,2003,3.237635296,0.0,3.237635296
120601010407,2004,1.716426929,0.0,1.716426929
120601010407,2005,2.41159994,0.0,2.41159994
120601010407,2006,2.558855329,0.0,2.558855329
120601010407,2007,1.91319137,0.0,1.91319137
120601010407,2008,2.82250956,0.0,2.82250956
120601010407,2009,1.236104485,0.0,1.236104485
120601010407,2010,2.98041674,0.0,2.98041674
120601010407,2011,3.038465134,0.0,3.038465134
120601010407,2012,3.25875147,0.0,3.25875147
120601010407,2013,1.261716321,0.0,1.261716321
120601010407,2014,1.232409685,0.0,1.232409685
120601010407,2015,1.845821992,0.0,1.845821992
120601010407,2016,2.20267653,0.0,2.20267653
120601010407,2017,1.347315992,0.0,1.347315992
120601010407,2018,2.382277721,0.0,2.382277721
120601010407,2019,1.77881209,0.0,1.77881209
120601010407,2020,1.949683803,0.0,1.949683803
120601010408,2000,0.760923148,0.030437011,0.730486221
120601010408,2001,0.462950545,0.020369964,0.442580666
120601010408,2002,0.359315493,0.006467641,0.352847852
120601010408,2003,0.496043121,0.035715085,0.460327951
120601010408,2004,0.240678454,0.0,0.240678454
120601010408,2005,0.553175896,0.058083575,0.495092405
120601010408,2006,0.435222512,0.004352247,0.430870436
120601010408,2007,0.34291137,0.008915542,0.33399574
120601010408,2008,0.868840874,0.038229005,0.830611954
120601010408,2009,0.254764132,0.0,0.254764132
120601010408,2010,0.598513773,0.047881121,0.550632652
120601010408,2011,0.411442186,0.019749263,0.391693008
120601010408,2012,0.160034631,0.006721475,0.153313238
120601010408,2013,0.512611145,0.001025288,0.51158586
120601010408,2014,0.307887515,0.00338669,0.304500825
120601010408,2015,0.322215696,0.000322307,0.321893559
120601010408,2016,0.386382109,0.0,0.386382109
120601010408,2017,0.195440986,0.0,0.195440986
120601010408,2018,0.491355797,0.007370499,0.483985463
120601010408,2019,0.756925986,0.049957214,0.706969025
120601010408,2020,0.872867404,0.055863292,0.817003781
120601010501,2000,0.0,0.0,0.0
120601010501,2001,0.374857173,0.0,0.374857173
120601010501,2002,0.199979225,0.0,0.199979225
120601010501,2003,0.211813778,0.0,0.211813778
120601010501,2004,0.154066776,0.0,0.154066776
120601010501,2005,0.328225099,0.0,0.328225099
120601010501,2006,0.050920934,0.0,0.050920934
120601010501,2007,0.074977126,0.0,0.074977126
120601010501,2008,0.015178273,0.0,0.015178273
120601010501,2009,0.079323419,0.0,0.079323419
120601010501,2010,0.578301052,0.0,0.578301052
120601010501,2011,0.148336822,0.0,0.148336822
120601010501,2012,0.287413612,0.0,0.287413612
120601010501,2013,0.032447238,0.0,0.032447238
120601010501,2014,0.04974077,0.0,0.04974077
120601010501,2015,0.626201441,0.0,0.626201441
120601010501,2016,0.229050115,0.0,0.229050115
120601010501,2017,0.0,0.0,0.0
120601010501,2018,0.229899847,0.0,0.229899847
120601010501,2019,0.418310501,0.0,0.418310501
120601010501,2020,1.227461836,0.0,1.227461836
120601010502,2000,0.0,0.0,0.0
120601010502,2001,2.41733569,0.0,2.41733569
120601010502,2002,0.984793033,0.0,0.984793033
120601010502,2003,0.980780436,0.0,0.980780436
120601010502,2004,0.154377295,0.0,0.154377295
120601010502,2005,0.504884641,0.0,0.504884641
120601010502,2006,0.225999701,0.0,0.225999701
120601010502,2007,0.50290789,0.0,0.50290789
120601010502,2008,0.087167757,0.0,0.087167757
120601010502,2009,0.248502192,0.0,0.248502192
120601010502,2010,1.01951583,0.0,1.01951583
120601010502,2011,0.418292145,0.0,0.418292145
120601010502,2012,2.416928615,0.0,2.416928615
120601010502,2013,0.407799553,0.0,0.407799553
120601010502,2014,0.0,0.0,0.0
120601010502,2015,1.662536447,0.0,1.662536447
120601010502,2016,0.497942519,0.0,0.497942519
120601010502,2017,0.141079433,0.0,0.141079433
120601010502,2018,0.048589162,0.0,0.048589162
120601010502,2019,0.793739827,0.0,0.793739827
120601010502,2020,0.071262975,0.0,0.071262975
120601010503,2000,0.0,0.0,0.0
120601010503,2001,3.825398082,0.0,3.825398082
120601010503,2002,0.867347112,0.0,0.867347112
120601010503,2003,2.385133134,0.0,2.385133134
120601010503,2004,1.517208049,0.0,1.517208049
120601010503,2005,2.087695329,0.0,2.087695329
120601010503,2006,0.423613403,0.0,0.423613403
120601010503,2007,0.830599641,0.0,0.830599641
120601010503,2008,1.291172809,0.0,1.291172809
120601010503,2009,0.275433868,0.0,0.275433868
120601010503,2010,2.956845137,0.0,2.956845137
120601010503,2011,2.22196057,0.0,2.22196057
120601010503,2012,4.284189981,0.0,4.284189981
120601010503,2013,0.385809236,0.0,0.385809236
120601010503,2014,0.254838682,0.0,0.254838682
120601010503,2015,3.036445436,0.0,3.036445436
120601010503,2016,1.538888014,0.0,1.538888014
120601010503,2017,0.962025271,0.0,0.962025271
120601010503,2018,0.555239836,0.0,0.555239836
120601010503,2019,3.054852178,0.0,3.054852178
120601010503,2020,3.886568511,0.0,3.886568511
120601010504,2000,0.172661208,0.0,0.172661208
120601010504,2001,0.869016885,0.01216617,0.856850545
120601010504,2002,0.467466578,0.0,0.467466578
120601010504,2003,0.380817805,0.006854649,0.373963156
120601010504,2004,0.630541779,0.0,0.630541779
120601010504,2005,0.341049093,0.007844151,0.333205025
120601010504,2006,0.095416411,0.004198386,0.091218025
120601010504,2007,0.294245655,0.0,0.294245655
120601010504,2008,1.663207762,0.001663183,1.661544664
120601010504,2009,0.095095589,0.001616614,0.093478975
120601010504,2010,1.356784871,0.012211025,1.344574014
120601010504,2011,1.383622348,0.005534548,1.378087715
120601010504,2012,1.631696418,0.011421948,1.620274721
120601010504,2013,0.334511652,0.006021145,0.328490425
120601010504,2014,2.7058e-05,0.0,2.7058e-05
120601010504,2015,0.993374899,0.005960123,0.98741469
120601010504,2016,1.219025377,0.004875954,1.214149254
120601010504,2017,1.294932025,0.009064545,1.285867564
120601010504,2018,0.512092455,0.006657101,0.505435184
120601010504,2019,1.021926068,0.008175411,1.013750737
120601010504,2020,0.668347399,0.015371967,0.65297535
120601010505,2000,0.083157746,0.0,0.083157746
120601010505,2001,0.689077866,0.006890704,0.682187244
120601010505,2002,0.255949638,0.0,0.255949638
120601010505,2003,0.315378951,0.032484033,0.282894918
120601010505,2004,0.350159913,0.000350178,0.349809735
120601010505,2005,0.269949981,0.00377934,0.266170641
120601010505,2006,4.2436e-05,8.088e-06,3.4515e-05
120601010505,2007,0.036307271,0.0,0.036307271
120601010505,2008,0.128532975,0.000128549,0.128404342
120601010505,2009,0.055459315,0.021518216,0.033941016
120601010505,2010,0.187594373,0.040145238,0.147449137
120601010505,2011,0.205876926,0.00391163,0.201965296
120601010505,2012,0.060907287,0.007613347,0.053293937
120601010505,2013,0.25272451,0.006318214,0.246406548
120601010505,2014,0.0,0.0,0.0
120601010505,2015,0.070157477,0.006454458,0.063702937
120601010505,2016,0.251262563,0.001256287,0.250006273
120601010505,2017,0.107665362,0.006890575,0.100774786
120601010505,2018,0.07128177,0.021740899,0.049540871
120601010505,2019,0.478623526,0.154116718,0.324506896
120601010505,2020,0.067665538,0.025848279,0.041817426
120601010506,2000,0.0,0.0,0.0
120601010506,2001,0.454139329,0.067212655,0.386926756
120601010506,2002,0.00168537,0.000128096,0.001557107
120601010506,2003,0.181806795,0.048724175,0.133082619
120601010506,2004,5.4279e-05,5.336e-06,4.9025e-05
120601010506,2005,0.302747348,0.054494479,0.248252781
120601010506,2006,0.0,0.0,0.0
120601010506,2007,0.048234937,0.013602192,0.034632745
120601010506,2008,0.0,0.0,0.0
120601010506,2009,0.164814233,0.041368419,0.123446063
120601010506,2010,0.311258562,0.055403975,0.255854334
120601010506,2011,0.156663129,0.011123186,0.145539945
120601010506,2012,0.221332117,0.050906342,0.170425691
120601010506,2013,0.149329529,0.01657557,0.132753959
120601010506,2014,0.0,0.0,0.0
120601010506,2015,0.182318885,0.024795389,0.157523499
120601010506,2016,0.220523975,0.02513988,0.195384178
120601010506,2017,0.34982017,0.062617967,0.287202288
120601010506,2018,0.383153704,0.063220247,0.319933458
120601010506,2019,0.96684186,0.182733186,0.784108844
120601010506,2020,0.661761191,0.103896464,0.557864642
120601010507,2000,0.0,0.0,0.0
120601010507,2001,0.0,0.0,0.0
120601010507,2002,0.0,0.0,0.0
120601010507,2003,0.0,0.0,0.0
120601010507,2004,0.0,0.0,0.0
120601010507,2005,0.0,0.0,0.0
120601010507,2006,0.0,0.0,0.0
120601010507,2007,0.002998685,0.001166584,0.001832268
120601010507,2008,0.0,0.0,0.0
120601010507,2009,0.0,0.0,0.0
120601010507,2010,0.0,0.0,0.0
120601010507,2011,0.0,0.0,0.0
120601010507,2012,0.0,0.0,0.0
120601010507,2013,0.00561777,0.002185499,0.003432438
120601010507,2014,0.0,0.0,0.0
120601010507,2015,0.0,0.0,0.0
120601010507,2016,0.0,0.0,0.0
120601010507,2017,0.0,0.0,0.0
120601010507,2018,0.003801929,0.001478825,0.002323022
120601010507,2019,0.117688816,0.045780838,0.071907896
120601010507,2020,0.174433604,0.067854686,0.106579003
120601010601,2000,0.082861544,0.032233077,0.050628467
120601010601,2001,0.087918668,0.0342004,0.053718353
120601010601,2002,0.019234529,0.007482351,0.011752266
120601010601,2003,0.0,0.0,0.0
120601010601,2004,0.031891044,0.012405612,0.019485516
120601010601,2005,0.0,0.0,0.0
120601010601,2006,0.051795003,0.020148258,0.031646663
120601010601,2007,0.038732258,0.0150668,0.02366546
120601010601,2008,0.015000495,0.005835112,0.009165377
120601010601,2009,0.015459422,0.006013685,0.009445822
120601010601,2010,0.111428784,0.043345797,0.068082901
120601010601,2011,0.033365808,0.012979268,0.020386381
120601010601,2012,0.02601623,0.010120333,0.015895811
120601010601,2013,0.080085447,0.031153156,0.048931956
120601010601,2014,0.0,0.0,0.0
120601010601,2015,0.109118093,0.04244683,0.066671011
120601010601,2016,0.050539008,0.019659637,0.03087929
120601010601,2017,0.057178753,0.022242586,0.034936088
120601010601,2018,0.106244984,0.041329238,0.064915748
120601010601,2019,0.449985079,0.175044118,0.274940795
120601010601,2020,0.428399276,0.166647301,0.261751978
120601010602,2000,0.623314038,0.242469205,0.380844833
120601010602,2001,0.148068592,0.057598775,0.090469816
120601010602,2002,0.465094622,0.180921825,0.284172967
120601010602,2003,0.011487515,0.004468597,0.007018833
120601010602,2004,0.355333219,0.138224596,0.21710862
120601010602,2005,0.189311307,0.073642112,0.115669195
120601010602,2006,1.882181466,0.732168745,1.150012803
120601010602,2007,0.31678594,0.123229795,0.193556145
120601010602,2008,1.175460331,0.457254022,0.718206224
120601010602,2009,0.831144186,0.323315156,0.507829197
120601010602,2010,0.561293551,0.218343181,0.34295037
120601010602,2011,0.844711564,0.328592838,0.516118896
120601010602,2012,0.714234052,0.277837055,0.436397082
120601010602,2013,1.038140225,0.403836688,0.634303704
120601010602,2014,1.606204504,0.624813474,0.981390863
120601010602,2015,0.203226307,0.079055137,0.124171255
120601010602,2016,0.779657869,0.303286852,0.476371096
120601010602,2017,1.1032772,0.429174814,0.674102304
120601010602,2018,2.266791578,0.881781847,1.3850094
120601010602,2019,0.689799973,0.268332197,0.421467773
120601010602,2020,2.405328033,0.935672617,1.469655497
120601010603,2000,0.0,0.0,0.0
120601010603,2001,0.0,0.0,0.0
120601010603,2002,0.084736126,0.032962463,0.051773918
120601010603,2003,0.0,0.0,0.0
120601010603,2004,0.0,0.0,0.0
120601010603,2005,0.024609482,0.009573142,0.015036507
120601010603,2006,0.000745225,0.000289732,0.000455241
120601010603,2007,0.078616044,0.030581688,0.048034438
120601010603,2008,0.18860497,0.073367484,0.115237653
120601010603,2009,0.151854951,0.059071614,0.092783422
120601010603,2010,0.278189022,0.108215353,0.169973334
120601010603,2011,0.092338885,0.035919734,0.056419068
120601010603,2012,0.127265587,0.04950624,0.077759178
120601010603,2013,0.070960723,0.027603811,0.043356995
120601010603,2014,0.103931107,0.040429156,0.063501948
120601010603,2015,0.200513178,0.077999663,0.12251343
120601010603,2016,0.109158536,0.042462708,0.066695997
120601010603,2017,0.087197529,0.033919918,0.053277693
120601010603,2018,0.111629611,0.043423847,0.068205682
120601010603,2019,0.151236953,0.058831112,0.092405844
120601010603,2020,0.83989726,0.326720093,0.513177249
120601010701,2000,0.0,0.0,0.0
120601010701,2001,0.0,0.0,0.0
120601010701,2002,0.0,0.0,0.0
120601010701,2003,0.0,0.0,0.0
120601010701,2004,0.0,0.0,0.0
120601010701,2005,0.0,0.0,0.0
120601010701,2006,0.0,0.0,0.0
120601010701,2007,0.0,0.0,0.0
120601010701,2008,0.0,0.0,0.0
120601010701,2009,0.0,0.0,0.0
120601010701,2010,0.0,0.0,0.0
120601010701,2011,0.0,0.0,0.0
120601010701,2012,0.0,0.0,0.0
120601010701,2013,0.0,0.0,0.0
120601010701,2014,0.0,0.0,0.0
120601010701,2015,0.0,0.0,0.0
120601010701,2016,0.0,0.0,0.0
120601010701,2017,0.0,0.0,0.0
120601010701,2018,0.0,0.0,0.0
120601010701,2019,0.0,0.0,0.0
120601010701,2020,0.0,0.0,0.0
120601010702,2000,0.00362185,0.0,0.00362185
120601010702,2001,0.0,0.0,0.0
120601010702,2002,0.005577734,0.0,0.005577734
120601010702,2003,0.005475597,0.0,0.005475597
120601010702,2004,0.00890223,0.0,0.00890223
120601010702,2005,0.010847773,0.0,0.010847773
120601010702,2006,0.0,0.0,0.0
120601010702,2007,0.0,0.0,0.0
120601010702,2008,0.003769257,0.0,0.003769257
120601010702,2009,0.0,0.0,0.0
120601010702,2010,0.013255173,0.0,0.013255173
120601010702,2011,0.000771241,0.0,0.000771241
120601010702,2012,0.0,0.0,0.0
120601010702,2013,0.0,0.0,0.0
120601010702,2014,0.0,0.0,0.0
120601010702,2015,0.000681,0.0,0.000681
120601010702,2016,0.000776096,0.0,0.000776096
120601010702,2017,0.000857216,0.0,0.000857216
120601010702,2018,0.0,0.0,0.0
120601010702,2019,0.0,0.0,0.0
120601010702,2020,0.0,0.0,0.0
120601010703,2000,0.0,0.0,0.0
120601010703,2001,0.0,0.0,0.0
120601010703,2002,0.0,0.0,0.0
120601010703,2003,0.0,0.0,0.0
120601010703,2004,0.0,0.0,0.0
120601010703,2005,0.0,0.0,0.0
120601010703,2006,0.0,0.0,0.0
120601010703,2007,0.0,0.0,0.0
120601010703,2008,0.0,0.0,0.0
120601010703,2009,0.0,0.0,0.0
120601010703,2010,0.0,0.0,0.0
120601010703,2011,0.0,0.0,0.0
120601010703,2012,0.0,0.0,0.0
120601010703,2013,0.0,0.0,0.0
120601010703,2014,0.0,0.0,0.0
120601010703,2015,0.0,0.0,0.0
120601010703,2016,0.0,0.0,0.0
120601010703,2017,0.0,0.0,0.0
120601010703,2018,0.0,0.0,0.0
120601010703,2019,0.0,0.0,0.0
120601010703,2020,0.0,0.0,0.0
120601010704,2000,0.0,0.0,0.0
120601010704,2001,0.0,0.0,0.0
120601010704,2002,0.0,0.0,0.0
120601010704,2003,0.0,0.0,0.0
120601010704,2004,0.0,0.0,0.0
120601010704,2005,0.0,0.0,0.0
120601010704,2006,0.0,0.0,0.0
120601010704,2007,0.0,0.0,0.0
120601010704,2008,0.0,0.0,0.0
120601010704,2009,0.20644383,0.0,0.20644383
120601010704,2010,0.0,0.0,0.0
120601010704,2011,0.0,0.0,0.0
120601010704,2012,0.0,0.0,0.0
120601010704,2013,0.0,0.0,0.0
120601010704,2014,0.0,0.0,0.0
120601010704,2015,0.0,0.0,0.0
120601010704,2016,0.175825145,0.0,0.175825145
120601010704,2017,0.0,0.0,0.0
120601010704,2018,0.063510036,0.0,0.063510036
120601010704,2019,0.0,0.0,0.0
120601010704,2020,0.0,0.0,0.0
120601010705,2000,0.0,0.0,0.0
120601010705,2001,0.0,0.0,0.0
120601010705,2002,0.0,0.0,0.0
120601010705,2003,0.0,0.0,0.0
120601010705,2004,0.0,0.0,0.0
120601010705,2005,0.0,0.0,0.0
120601010705,2006,0.0,0.0,0.0
120601010705,2007,0.0,0.0,0.0
120601010705,2008,0.0,0.0,0.0
120601010705,2009,0.012829353,0.0,0.012829353
120601010705,2010,0.0,0.0,0.0
120601010705,2011,0.029387929,0.0,0.029387929
120601010705,2012,0.0,0.0,0.0
120601010705,2013,0.0,0.0,0.0
120601010705,2014,0.0,0.0,0.0
120601010705,2015,0.0,0.0,0.0
120601010705,2016,0.007518063,0.0,0.007518063
120601010705,2017,0.0,0.0,0.0
120601010705,2018,0.001607422,0.0,0.001607422
120601010705,2019,0.0,0.0,0.0
120601010705,2020,0.0,0.0,0.0
120601010706,2000,0.0,0.0,0.0
120601010706,2001,0.043976356,0.026121995,0.017854447
120601010706,2002,0.0,0.0,0.0
120601010706,2003,0.0,0.0,0.0
120601010706,2004,0.007780858,0.007780858,0.0
120601010706,2005,0.0,0.0,0.0
120601010706,2006,0.0,0.0,0.0
120601010706,2007,0.0,0.0,0.0
120601010706,2008,0.0,0.0,0.0
120601010706,2009,0.0,0.0,0.0
120601010706,2010,0.011566773,0.0,0.011566773
120601010706,2011,0.049731575,0.025661436,0.024070225
120601010706,2012,0.058205631,0.020313738,0.037891809
120601010706,2013,0.0,0.0,0.0
120601010706,2014,0.0,0.0,0.0
120601010706,2015,0.0,0.0,0.0
120601010706,2016,0.0,0.0,0.0
120601010706,2017,0.0,0.0,0.0
120601010706,2018,0.025665989,0.0,0.025665989
120601010706,2019,0.0,0.0,0.0
120601010706,2020,0.0,0.0,0.0
120601010707,2000,0.079817749,0.079817749,0.0
120601010707,2001,0.042629589,0.042629589,0.0
120601010707,2002,0.0,0.0,0.0
120601010707,2003,0.0,0.0,0.0
120601010707,2004,0.075443607,0.075443607,0.0
120601010707,2005,0.0,0.0,0.0
120601010707,2006,0.046020756,0.046020756,0.0
120601010707,2007,0.050598844,0.050598844,0.0
120601010707,2008,0.0,0.0,0.0
120601010707,2009,0.0,0.0,0.0
120601010707,2010,0.042404814,0.042404814,0.0
120601010707,2011,0.086917115,0.086917115,0.0
120601010707,2012,0.344729126,0.344729126,0.0
120601010707,2013,0.0,0.0,0.0
120601010707,2014,0.0,0.0,0.0
120601010707,2015,0.128197132,0.128197132,0.0
120601010707,2016,0.0,0.0,0.0
120601010707,2017,0.0,0.0,0.0
120601010707,2018,0.182379282,0.182379282,0.0
120601010707,2019,0.0,0.0,0.0
120601010707,2020,0.0,0.0,0.0
120601010801,2000,0.0,0.0,0.0
120601010801,2001,0.153198915,0.059594367,0.093604463
120601010801,2002,0.0,0.0,0.0
120601010801,2003,0.104699118,0.040727992,0.063971211
120601010801,2004,0.0,0.0,0.0
120601010801,2005,0.083359868,0.032427003,0.050932948
120601010801,2006,0.0,0.0,0.0
120601010801,2007,0.0,0.0,0.0
120601010801,2008,0.0,0.0,0.0
120601010801,2009,0.0,0.0,0.0
120601010801,2010,0.0,0.0,0.0
120601010801,2011,0.0,0.0,0.0
120601010801,2012,0.0,0.0,0.0
120601010801,2013,0.0,0.0,0.0
120601010801,2014,0.0,0.0,0.0
120601010801,2015,0.0,0.0,0.0
120601010801,2016,0.0,0.0,0.0
120601010801,2017,0.0,0.0,0.0
120601010801,2018,0.244771079,0.095216038,0.149555211
120601010801,2019,0.474042148,0.184402282,0.289639781
120601010801,2020,0.0,0.0,0.0
120601010802,2000,0.0,0.0,0.0
120601010802,2001,0.0,0.0,0.0
120601010802,2002,0.0,0.0,0.0
120601010802,2003,0.0,0.0,0.0
120601010802,2004,0.0,0.0,0.0
120601010802,2005,0.02325697,0.009047014,0.014210038
120601010802,2006,0.0,0.0,0.0
120601010802,2007,0.0,0.0,0.0
120601010802,2008,0.0,0.0,0.0
120601010802,2009,0.0,0.0,0.0
120601010802,2010,0.0,0.0,0.0
120601010802,2011,0.0,0.0,0.0
120601010802,2012,0.0,0.0,0.0
120601010802,2013,0.0,0.0,0.0
120601010802,2014,0.0,0.0,0.0
120601010802,2015,0.0,0.0,0.0
120601010802,2016,0.0,0.0,0.0
120601010802,2017,0.0,0.0,0.0
120601010802,2018,0.025086874,0.009758742,0.015328049
120601010802,2019,0.170030268,0.066141836,0.103888433
120601010802,2020,0.000424492,0.000165038,0.000259372
120601010803,2000,0.0,0.0,0.0
120601010803,2001,0.0,0.0,0.0
120601010803,2002,0.0,0.0,0.0
120601010803,2003,0.0,0.0,0.0
120601010803,2004,0.0,0.0,0.0
120601010803,2005,0.0,0.0,0.0
120601010803,2006,0.0,0.0,0.0
120601010803,2007,0.0,0.0,0.0
120601010803,2008,0.0,0.0,0.0
120601010803,2009,0.0,0.0,0.0
120601010803,2010,0.0,0.0,0.0
120601010803,2011,0.0,0.0,0.0
120601010803,2012,0.0,0.0,0.0
120601010803,2013,0.0,0.0,0.0
120601010803,2014,0.0,0.0,0.0
120601010803,2015,0.0,0.0,0.0
120601010803,2016,0.0,0.0,0.0
120601010803,2017,0.0,0.0,0.0
120601010803,2018,0.0,0.0,0.0
120601010803,2019,0.004939764,0.001921564,0.003018118
120601010803,2020,0.0,0.0,0.0
120601010804,2000,0.0,0.0,0.0
120601010804,2001,0.0,0.0,0.0
120601010804,2002,0.0,0.0,0.0
120601010804,2003,0.0,0.0,0.0
120601010804,2004,0.0,0.0,0.0
120601010804,2005,0.0,0.0,0.0
120601010804,2006,0.0,0.0,0.0
120601010804,2007,0.0,0.0,0.0
120601010804,2008,0.0,0.0,0.0
120601010804,2009,0.0,0.0,0.0
120601010804,2010,0.0,0.0,0.0
120601010804,2011,0.0,0.0,0.0
120601010804,2012,0.0,0.0,0.0
120601010804,2013,0.0,0.0,0.0
120601010804,2014,0.0,0.0,0.0
120601010804,2015,0.0,0.0,0.0
120601010804,2016,0.0,0.0,0.0
120601010804,2017,0.0,0.0,0.0
120601010804,2018,0.0,0.0,0.0
120601010804,2019,0.0,0.0,0.0
120601010804,2020,0.0,0.0,0.0
120601010805,2000,0.0,0.0,0.0
120601010805,2001,0.296204389,0.084418403,0.211786153
120601010805,2002,0.0,0.0,0.0
120601010805,2003,0.184602877,0.0718104,0.112792307
120601010805,2004,0.008321855,0.002679546,0.005642224
120601010805,2005,0.313622238,0.109767767,0.203854479
120601010805,2006,0.0,0.0,0.0
120601010805,2007,0.0,0.0,0.0
120601010805,2008,0.0,0.0,0.0
120601010805,2009,0.0,0.0,0.0
120601010805,2010,0.0,0.0,0.0
120601010805,2011,0.0,0.0,0.0
120601010805,2012,0.0,0.0,0.0
120601010805,2013,0.0,0.0,0.0
120601010805,2014,0.0,0.0,0.0
120601010805,2015,0.0,0.0,0.0
120601010805,2016,0.0,0.0,0.0
120601010805,2017,0.0,0.0,0.0
120601010805,2018,0.163888959,0.062441786,0.101447252
120601010805,2019,0.514022997,0.199954986,0.314068093
120601010805,2020,0.0,0.0,0.0
120601010806,2000,0.0,0.0,0.0
120601010806,2001,0.294373912,0.028554258,0.265819655
120601010806,2002,0.0,0.0,0.0
120601010806,2003,0.000949479,0.000369353,0.000580126
120601010806,2004,0.094411959,0.036726164,0.057685792
120601010806,2005,9.403e-05,1.1715e-05,8.2318e-05
120601010806,2006,0.0,0.0,0.0
120601010806,2007,0.0,0.0,0.0
120601010806,2008,0.0,0.0,0.0
120601010806,2009,0.0,0.0,0.0
120601010806,2010,0.016482578,0.0,0.016482578
120601010806,2011,0.0,0.0,0.0
120601010806,2012,0.0,0.0,0.0
120601010806,2013,0.0,0.0,0.0
120601010806,2014,0.0,0.0,0.0
120601010806,2015,0.0,0.0,0.0
120601010806,2016,0.0,0.0,0.0
120601010806,2017,0.0,0.0,0.0
120601010806,2018,0.08738923,0.012846329,0.074543066
120601010806,2019,0.0,0.0,0.0
120601010806,2020,0.0,0.0,0.0
120601010807,2000,0.0,0.0,0.0
120601010807,2001,0.193125619,0.187138786,0.005986915
120601010807,2002,0.0,0.0,0.0
120601010807,2003,0.0,0.0,0.0
120601010807,2004,0.401205432,0.400804164,0.00040127
120601010807,2005,0.0,0.0,0.0
120601010807,2006,0.0,0.0,0.0
120601010807,2007,0.0,0.0,0.0
120601010807,2008,0.0,0.0,0.0
120601010807,2009,0.0,0.0,0.0
120601010807,2010,0.0,0.0,0.0
120601010807,2011,0.0,0.0,0.0
120601010807,2012,0.0,0.0,0.0
120601010807,2013,0.0,0.0,0.0
120601010807,2014,0.0,0.0,0.0
120601010807,2015,0.0,0.0,0.0
120601010807,2016,0.0,0.0,0.0
120601010807,2017,0.0,0.0,0.0
120601010807,2018,0.127874038,0.124805151,0.003068973
120601010807,2019,8.707e-06,8.707e-06,0.0
120601010807,2020,0.0,0.0,0.0
120601010808,2000,0.0,0.0,0.0
120601010808,2001,0.0,0.0,0.0
120601010808,2002,0.0,0.0,0.0
120601010808,2003,0.0,0.0,0.0
120601010808,2004,0.0,0.0,0.0
120601010808,2005,0.0,0.0,0.0
120601010808,2006,0.0,0.0,0.0
120601010808,2007,0.0,0.0,0.0
120601010808,2008,0.0,0.0,0.0
120601010808,2009,0.0,0.0,0.0
120601010808,2010,0.0,0.0,0.0
120601010808,2011,0.0,0.0,0.0
120601010808,2012,0.0,0.0,0.0
120601010808,2013,0.0,0.0,0.0
120601010808,2014,0.0,0.0,0.0
120601010808,2015,0.0,0.0,0.0
120601010808,2016,0.0,0.0,0.0
120601010808,2017,0.0,0.0,0.0
120601010808,2018,0.006631907,0.0,0.006631907
120601010808,2019,0.0,0.0,0.0
120601010808,2020,0.0,0.0,0.0
120601010809,2000,0.104543995,0.104543995,0.0
120601010809,2001,0.514982729,0.163249477,0.35173317
120601010809,2002,0.0,0.0,0.0
120601010809,2003,0.14497114,0.037257679,0.107713545
120601010809,2004,0.737950642,0.237619984,0.500330407
120601010809,2005,0.4655058,0.217391137,0.248114666
120601010809,2006,0.038951181,0.006037334,0.032913762
120601010809,2007,0.382020959,0.149752249,0.232268797
120601010809,2008,0.26609977,0.158063284,0.108036656
120601010809,2009,0.180436071,0.128650781,0.051785123
120601010809,2010,0.422346553,0.076022452,0.346324268
120601010809,2011,0.553069904,0.425863811,0.127206011
120601010809,2012,1.276694046,0.753249522,0.523444609
120601010809,2013,0.108735874,0.014135677,0.094600282
120601010809,2014,0.0,0.0,0.0
120601010809,2015,0.033251425,0.023475608,0.009775899
120601010809,2016,0.098164549,0.02483553,0.073328934
120601010809,2017,0.613519814,0.174239685,0.439280129
120601010809,2018,0.761261962,0.363883277,0.397378849
120601010809,2019,0.115287164,0.0,0.115287164
120601010809,2020,0.067685254,0.024231295,0.04345379
120601010810,2000,0.0,0.0,0.0
120601010810,2001,0.316739995,0.073800468,0.242939608
120601010810,2002,0.0,0.0,0.0
120601010810,2003,0.0,0.0,0.0
120601010810,2004,0.127342563,0.039476137,0.087866342
120601010810,2005,0.000890014,0.000890014,0.0
120601010810,2006,0.0,0.0,0.0
120601010810,2007,0.116752707,0.037243953,0.079508419
120601010810,2008,0.002660672,0.000989798,0.001670956
120601010810,2009,0.0,0.0,0.0
120601010810,2010,0.191561356,0.008045649,0.183515953
120601010810,2011,0.439302241,0.066334597,0.372967644
120601010810,2012,0.136252183,0.100962888,0.035289295
120601010810,2013,0.0,0.0,0.0
120601010810,2014,0.0,0.0,0.0
120601010810,2015,0.0,0.0,0.0
120601010810,2016,0.000349202,0.000349202,0.0
120601010810,2017,0.005853005,0.002522685,0.003330403
120601010810,2018,0.01270834,0.004219219,0.008489121
120601010810,2019,0.003706134,0.001245282,0.002460764
120601010810,2020,0.0,0.0,0.0
120601010811,2000,0.004733533,0.004733533,0.0
120601010811,2001,0.0,0.0,0.0
120601010811,2002,0.0,0.0,0.0
120601010811,2003,0.0,0.0,0.0
120601010811,2004,0.021384093,0.021384093,0.0
120601010811,2005,0.0,0.0,0.0
120601010811,2006,7.1773e-05,7.1773e-05,0.0
120601010811,2007,0.009849279,0.009849279,0.0
120601010811,2008,0.0,0.0,0.0
120601010811,2009,0.0,0.0,0.0
120601010811,2010,0.0,0.0,0.0
120601010811,2011,0.0,0.0,0.0
120601010811,2012,0.033718516,0.033718516,0.0
120601010811,2013,0.0,0.0,0.0
120601010811,2014,0.0,0.0,0.0
120601010811,2015,0.009283573,0.009283573,0.0
120601010811,2016,0.0,0.0,0.0
120601010811,2017,0.0,0.0,0.0
120601010811,2018,0.041764255,0.041764255,0.0
120601010811,2019,0.078734479,0.078734479,0.0
120601010811,2020,0.0,0.0,0.0
120601010901,2000,0.0,0.0,0.0
120601010901,2001,0.0,0.0,0.0
120601010901,2002,0.0,0.0,0.0
120601010901,2003,0.0,0.0,0.0
120601010901,2004,0.0,0.0,0.0
120601010901,2005,0.0,0.0,0.0
120601010901,2006,0.0,0.0,0.0
120601010901,2007,0.0,0.0,0.0
120601010901,2008,0.0,0.0,0.0
120601010901,2009,0.0,0.0,0.0
120601010901,2010,0.0,0.0,0.0
120601010901,2011,0.0,0.0,0.0
120601010901,2012,0.0,0.0,0.0
120601010901,2013,0.0,0.0,0.0
120601010901,2014,0.0,0.0,0.0
120601010901,2015,0.01180611,0.01180611,0.0
120601010901,2016,0.012294915,0.012294915,0.0
120601010901,2017,0.020647416,0.020647416,0.0
120601010901,2018,0.0,0.0,0.0
120601010901,2019,0.005669912,0.005669912,0.0
120601010901,2020,0.002281533,0.002281533,0.0
120601010902,2000,0.0,0.0,0.0
120601010902,2001,0.0,0.0,0.0
120601010902,2002,0.0,0.0,0.0
120601010902,2003,0.0,0.0,0.0
120601010902,2004,0.0,0.0,0.0
120601010902,2005,0.0,0.0,0.0
120601010902,2006,0.0,0.0,0.0
120601010902,2007,0.0,0.0,0.0
120601010902,2008,0.0,0.0,0.0
120601010902,2009,0.0,0.0,0.0
120601010902,2010,0.0,0.0,0.0
120601010902,2011,0.0,0.0,0.0
120601010902,2012,0.0,0.0,0.0
120601010902,2013,0.0,0.0,0.0
120601010902,2014,0.0,0.0,0.0
120601010902,2015,0.149535644,0.149535644,0.0
120601010902,2016,0.168248298,0.168248298,0.0
120601010902,2017,0.033790447,0.033790447,0.0
120601010902,2018,0.0,0.0,0.0
120601010902,2019,0.0,0.0,0.0
120601010902,2020,0.0,0.0,0.0
120601010903,2000,0.0,0.0,0.0
120601010903,2001,0.0,0.0,0.0
120601010903,2002,0.0,0.0,0.0
120601010903,2003,0.0,0.0,0.0
120601010903,2004,0.0,0.0,0.0
120601010903,2005,0.0,0.0,0.0
120601010903,2006,0.0,0.0,0.0
120601010903,2007,0.0,0.0,0.0
120601010903,2008,0.0,0.0,0.0
120601010903,2009,0.0,0.0,0.0
120601010903,2010,0.0,0.0,0.0
120601010903,2011,0.0,0.0,0.0
120601010903,2012,0.0,0.0,0.0
120601010903,2013,0.0,0.0,0.0
120601010903,2014,0.0,0.0,0.0
120601010903,2015,0.0,0.0,0.0
120601010903,2016,0.0,0.0,0.0
120601010903,2017,0.0,0.0,0.0
120601010903,2018,0.0,0.0,0.0
120601010903,2019,0.0,0.0,0.0
120601010903,2020,0.0,0.0,0.0
120601010904,2000,0.0,0.0,0.0
120601010904,2001,0.0,0.0,0.0
120601010904,2002,0.0,0.0,0.0
120601010904,2003,0.0,0.0,0.0
120601010904,2004,0.0,0.0,0.0
120601010904,2005,0.0,0.0,0.0
120601010904,2006,0.0,0.0,0.0
120601010904,2007,0.0,0.0,0.0
120601010904,2008,0.0,0.0,0.0
120601010904,2009,0.0,0.0,0.0
120601010904,2010,0.0,0.0,0.0
120601010904,2011,0.0,0.0,0.0
120601010904,2012,0.0,0.0,0.0
120601010904,2013,0.0,0.0,0.0
120601010904,2014,0.0,0.0,0.0
120601010904,2015,0.0,0.0,0.0
120601010904,2016,0.0,0.0,0.0
120601010904,2017,0.0,0.0,0.0
120601010904,2018,0.0,0.0,0.0
120601010904,2019,0.0,0.0,0.0
120601010904,2020,0.0,0.0,0.0
120601010905,2000,0.0,0.0,0.0
120601010905,2001,0.0,0.0,0.0
120601010905,2002,0.0,0.0,0.0
120601010905,2003,0.0,0.0,0.0
120601010905,2004,0.0,0.0,0.0
120601010905,2005,0.0,0.0,0.0
120601010905,2006,0.0,0.0,0.0
120601010905,2007,0.0,0.0,0.0
120601010905,2008,0.0,0.0,0.0
120601010905,2009,0.0,0.0,0.0
120601010905,2010,0.0,0.0,0.0
120601010905,2011,0.0,0.0,0.0
120601010905,2012,0.0,0.0,0.0
120601010905,2013,0.0,0.0,0.0
120601010905,2014,0.0,0.0,0.0
120601010905,2015,0.347769299,0.347769299,0.0
120601010905,2016,0.482825604,0.482825604,0.0
120601010905,2017,0.341682203,0.341682203,0.0
120601010905,2018,0.0,0.0,0.0
120601010905,2019,0.0,0.0,0.0
120601010905,2020,0.0,0.0,0.0
120601010906,2000,0.0,0.0,0.0
120601010906,2001,0.0,0.0,0.0
120601010906,2002,0.0,0.0,0.0
120601010906,2003,0.0,0.0,0.0
120601010906,2004,0.0,0.0,0.0
120601010906,2005,0.0,0.0,0.0
120601010906,2006,0.0,0.0,0.0
120601010906,2007,0.0,0.0,0.0
120601010906,2008,0.0,0.0,0.0
120601010906,2009,0.0,0.0,0.0
120601010906,2010,0.0,0.0,0.0
120601010906,2011,0.0,0.0,0.0
120601010906,2012,0.0,0.0,0.0
120601010906,2013,0.0,0.0,0.0
120601010906,2014,0.0,0.0,0.0
120601010906,2015,0.0,0.0,0.0
120601010906,2016,0.0,0.0,0.0
120601010906,2017,0.0,0.0,0.0
120601010906,2018,0.0,0.0,0.0
120601010906,2019,0.0,0.0,0.0
120601010906,2020,0.0,0.0,0.0
120601020101,2000,1.655719642,0.04304868,1.612670792
120601020101,2001,1.123428575,0.029209074,1.094219416
120601020101,2002,1.168651951,0.030384855,1.138266932
120601020101,2003,2.151263247,0.055932874,2.095330455
120601020101,2004,1.343428762,0.034929131,1.308499464
120601020101,2005,2.449871285,0.061246633,2.388624321
120601020101,2006,3.984612219,0.099615321,3.884996811
120601020101,2007,3.033893167,0.075847282,2.958045885
120601020101,2008,2.494551377,0.062363724,2.432187571
120601020101,2009,3.982912652,0.103555605,3.879356964
120601020101,2010,4.384412729,0.109610321,4.27480249
120601020101,2011,6.692550436,0.167313696,6.525236655
120601020101,2012,4.999444399,0.124986098,4.874458219
120601020101,2013,5.446047756,0.13615123,5.309896526
120601020101,2014,5.184563233,0.129614005,5.05494906
120601020101,2015,1.829004553,0.045725258,1.783279384
120601020101,2016,1.967789522,0.049194699,1.918594825
120601020101,2017,2.972487923,0.074312362,2.898175899
120601020101,2018,3.669229816,0.091730825,3.577499159
120601020101,2019,4.058693296,0.101467208,3.957225918
120601020101,2020,1.482076902,0.037051926,1.445025057
120601020102,2000,0.05073129,0.007558937,0.043172268
120601020102,2001,0.0,0.0,0.0
120601020102,2002,0.0,0.0,0.0
120601020102,2003,0.0,0.0,0.0
120601020102,2004,0.067475495,0.009041702,0.058433959
120601020102,2005,0.291163162,0.038142353,0.253020808
120601020102,2006,0.275257893,0.036334099,0.238923712
120601020102,2007,0.288281359,0.040935879,0.247345312
120601020102,2008,0.147493533,0.021976484,0.125516967
120601020102,2009,0.348377512,0.046682584,0.301694932
120601020102,2010,0.271293,0.033369022,0.237923726
120601020102,2011,0.118816485,0.002970408,0.115846077
120601020102,2012,0.376447519,0.056090667,0.320356855
120601020102,2013,0.4804818,0.069189282,0.411292436
120601020102,2014,0.293934277,0.041444805,0.252489638
120601020102,2015,0.0,0.0,0.0
120601020102,2016,0.17786876,0.012450803,0.165417954
120601020102,2017,0.493531178,0.060704458,0.432826888
120601020102,2018,0.089276608,0.006695701,0.082580907
120601020102,2019,0.115415329,0.015581,0.099833989
120601020102,2020,0.605262131,0.041157907,0.564104393
120601020103,2000,0.504252639,0.01311059,0.491142046
120601020103,2001,0.095448932,0.002481595,0.092967419
120601020103,2002,0.120054279,0.003121367,0.116932745
120601020103,2003,0.153300252,0.003985945,0.149314307
120601020103,2004,0.290655634,0.00755706,0.283098825
120601020103,2005,0.259396671,0.006744268,0.252652321
120601020103,2006,0.228801184,0.005948762,0.222852337
120601020103,2007,0.283472964,0.007370348,0.276102616
120601020103,2008,0.26642038,0.006926967,0.259493664
120601020103,2009,0.331705764,0.008624452,0.323081397
120601020103,2010,0.233491353,0.006070753,0.2274206
120601020103,2011,0.548069066,0.01424974,0.533819247
120601020103,2012,0.364186628,0.009469022,0.354717861
120601020103,2013,0.296720137,0.007714712,0.289005427
120601020103,2014,0.476042164,0.012377132,0.463665033
120601020103,2015,0.148810833,0.003869049,0.144941784
120601020103,2016,0.298915828,0.007771664,0.291143997
120601020103,2017,0.176735586,0.004595192,0.172140395
120601020103,2018,0.538779564,0.014008351,0.524771466
120601020103,2019,0.609232293,0.015840153,0.593392227
120601020103,2020,0.900449694,0.023411716,0.877038063
120601020104,2000,0.0,0.0,0.0
120601020104,2001,0.0,0.0,0.0
120601020104,2002,0.0,0.0,0.0
120601020104,2003,0.0,0.0,0.0
120601020104,2004,0.0,0.0,0.0
120601020104,2005,0.0,0.0,0.0
120601020104,2006,0.0,0.0,0.0
120601020104,2007,0.0,0.0,0.0
120601020104,2008,0.00591168,0.000147705,0.005763806
120601020104,2009,0.0,0.0,0.0
120601020104,2010,0.0,0.0,0.0
120601020104,2011,0.0,0.0,0.0
120601020104,2012,0.0,0.0,0.0
120601020104,2013,0.0,0.0,0.0
120601020104,2014,0.0,0.0,0.0
120601020104,2015,0.0,0.0,0.0
120601020104,2016,0.0,0.0,0.0
120601020104,2017,0.0,0.0,0.0
120601020104,2018,0.0,0.0,0.0
120601020104,2019,0.113566395,0.002839312,0.110727337
120601020104,2020,0.0,0.0,0.0
120601020105,2000,0.0,0.0,0.0
120601020105,2001,0.0,0.0,0.0
120601020105,2002,0.0,0.0,0.0
120601020105,2003,0.0,0.0,0.0
120601020105,2004,0.0,0.0,0.0
120601020105,2005,0.0,0.0,0.0
120601020105,2006,0.0,0.0,0.0
120601020105,2007,0.0,0.0,0.0
120601020105,2008,0.0,0.0,0.0
120601020105,2009,0.0,0.0,0.0
120601020105,2010,0.0,0.0,0.0
120601020105,2011,0.0,0.0,0.0
120601020105,2012,0.0,0.0,0.0
120601020105,2013,0.0,0.0,0.0
120601020105,2014,0.0,0.0,0.0
120601020105,2015,0.0,0.0,0.0
120601020105,2016,0.0,0.0,0.0
120601020105,2017,0.0,0.0,0.0
120601020105,2018,0.0,0.0,0.0
120601020105,2019,0.277819688,0.00694543,0.270874258
120601020105,2020,0.0,0.0,0.0
120601020106,2000,0.0,0.0,0.0
120601020106,2001,0.0,0.0,0.0
120601020106,2002,0.0,0.0,0.0
120601020106,2003,0.0,0.0,0.0
120601020106,2004,0.0,0.0,0.0
120601020106,2005,0.0,0.0,0.0
120601020106,2006,0.0,0.0,0.0
120601020106,2007,0.0,0.0,0.0
120601020106,2008,0.0,0.0,0.0
120601020106,2009,0.0,0.0,0.0
120601020106,2010,0.0,0.0,0.0
120601020106,2011,0.0,0.0,0.0
120601020106,2012,0.0,0.0,0.0
120601020106,2013,0.0,0.0,0.0
120601020106,2014,0.0,0.0,0.0
120601020106,2015,0.0,0.0,0.0
120601020106,2016,0.0,0.0,0.0
120601020106,2017,0.0,0.0,0.0
120601020106,2018,0.083825332,0.002095641,0.081729605
120601020106,2019,0.11838569,0.002959471,0.115425964
120601020106,2020,0.0,0.0,0.0
120601020201,2000,0.026455164,0.002063415,0.024391664
120601020201,2001,0.455244512,0.063278964,0.391965548
120601020201,2002,0.001071151,8.6775e-05,0.000984542
120601020201,2003,0.477160189,0.051533419,0.425627022
120601020201,2004,0.618345694,0.061216224,0.557129464
120601020201,2005,0.536885767,0.041340184,0.495545666
120601020201,2006,0.455269123,0.052811252,0.402457784
120601020201,2007,0.85980751,0.083401247,0.776406099
120601020201,2008,0.528662997,0.053394891,0.475267937
120601020201,2009,0.983471616,0.094413129,0.889058236
120601020201,2010,1.425792584,0.141153529,1.28463914
120601020201,2011,0.957716101,0.090025244,0.867690858
120601020201,2012,1.957486423,0.227068336,1.730418003
120601020201,2013,1.379800038,0.150398184,1.229401858
120601020201,2014,0.949604438,0.082615666,0.866988775
120601020201,2015,0.551175241,0.067794589,0.483380737
120601020201,2016,0.553206612,0.05974618,0.493460186
120601020201,2017,1.423894225,0.162323959,1.261570351
120601020201,2018,0.94224831,0.064072797,0.87817543
120601020201,2019,0.732925332,0.060832767,0.672092477
120601020201,2020,1.175791445,0.14109494,1.034696508
120601020202,2000,0.0,0.0,0.0
120601020202,2001,0.019418852,0.000485441,0.018933496
120601020202,2002,0.0,0.0,0.0
120601020202,2003,0.0,0.0,0.0
120601020202,2004,0.0,0.0,0.0
120601020202,2005,0.061040638,0.001526085,0.059514638
120601020202,2006,0.051259981,0.001281521,0.049978542
120601020202,2007,0.064236162,0.001605896,0.062630266
120601020202,2008,0.0,0.0,0.0
120601020202,2009,0.034186548,0.000854636,0.03333183
120601020202,2010,0.059752293,0.001493737,0.058258556
120601020202,2011,0.0,0.0,0.0
120601020202,2012,0.0,0.0,0.0
120601020202,2013,0.0,0.0,0.0
120601020202,2014,0.039384247,0.000984425,0.03839974
120601020202,2015,0.038088877,0.000952268,0.037136608
120601020202,2016,0.015612331,0.000390317,0.015221932
120601020202,2017,0.098242159,0.002456134,0.095786107
120601020202,2018,0.0,0.0,0.0
120601020202,2019,0.117481816,0.002936879,0.114544767
120601020202,2020,0.056300883,0.001407492,0.054893388
120601020203,2000,0.064795268,0.00161985,0.063175418
120601020203,2001,0.067156685,0.001678951,0.065477652
120601020203,2002,0.038306551,0.002604986,0.035701734
120601020203,2003,0.3755692,0.010515836,0.365053115
120601020203,2004,0.021270992,0.000531746,0.020739246
120601020203,2005,0.434234852,0.013895455,0.420339312
120601020203,2006,0.136545595,0.003413515,0.133131742
120601020203,2007,0.046581008,0.001164534,0.045416392
120601020203,2008,0.0,0.0,0.0
120601020203,2009,0.091259937,0.002281567,0.088978455
120601020203,2010,0.040019836,0.001000633,0.03901929
120601020203,2011,0.0,0.0,0.0
120601020203,2012,0.027489309,0.000687112,0.026802115
120601020203,2013,0.0,0.0,0.0
120601020203,2014,0.010302011,0.000257564,0.010044529
120601020203,2015,0.0,0.0,0.0
120601020203,2016,0.0,0.0,0.0
120601020203,2017,0.0,0.0,0.0
120601020203,2018,0.152098521,0.003802375,0.148295978
120601020203,2019,0.249030575,0.006225729,0.242804764
120601020203,2020,0.16732882,0.008533658,0.158794997
120601020204,2000,0.402293997,0.059941844,0.342352238
120601020204,2001,0.658794386,0.098160359,0.560634107
120601020204,2002,0.627911877,0.092930959,0.534981005
120601020204,2003,0.065561951,0.00976869,0.055793263
120601020204,2004,0.354616724,0.052837934,0.301778874
120601020204,2005,0.246051079,0.036661584,0.209389414
120601020204,2006,0.100520677,0.01497766,0.085543184
120601020204,2007,0.39997609,0.053596805,0.3463792
120601020204,2008,0.220775224,0.032895443,0.187879784
120601020204,2009,0.35136466,0.047082844,0.304281901
120601020204,2010,1.12303089,0.167331627,0.955699345
120601020204,2011,0.387865093,0.057791945,0.330073145
120601020204,2012,0.683405585,0.101827415,0.581578172
120601020204,2013,1.021981414,0.152275249,0.869706414
120601020204,2014,0.524165507,0.078100671,0.446064836
120601020204,2015,0.496409926,0.073965093,0.422444833
120601020204,2016,0.347285202,0.051745404,0.295539798
120601020204,2017,0.628250534,0.093609197,0.534641088
120601020204,2018,0.516435285,0.075399526,0.441035762
120601020204,2019,0.27393,0.032871614,0.241058386
120601020204,2020,0.140719883,0.016323577,0.12439647
120601020205,2000,2.264324904,0.056608107,2.20771688
120601020205,2001,1.522213655,0.038055378,1.484158362
120601020205,2002,1.213282052,0.030332025,1.182949942
120601020205,2003,1.177417981,0.029435362,1.147982704
120601020205,2004,1.020549423,0.025513749,0.995035839
120601020205,2005,1.09713,0.027428342,1.069701827
120601020205,2006,1.829415351,0.045735332,1.783679934
120601020205,2007,1.166009967,0.02915031,1.136859658
120601020205,2008,1.236616658,0.030915325,1.205701249
120601020205,2009,1.395131732,0.034878195,1.36025337
120601020205,2010,1.122596249,0.028064934,1.094531315
120601020205,2011,0.0,0.0,0.0
120601020205,2012,0.854478227,0.021361926,0.833116301
120601020205,2013,1.189307373,0.029732611,1.159574844
120601020205,2014,0.902917597,0.022572956,0.880344726
120601020205,2015,0.55532143,0.013883104,0.541438326
120601020205,2016,0.830221574,0.020755536,0.809465959
120601020205,2017,0.998223704,0.024955479,0.973268301
120601020205,2018,0.678382222,0.016959641,0.66142283
120601020205,2019,1.170042403,0.02925109,1.140791227
120601020205,2020,0.835582208,0.020889527,0.814692683
120601020206,2000,0.0,0.0,0.0
120601020206,2001,0.0,0.0,0.0
120601020206,2002,0.0,0.0,0.0
120601020206,2003,0.002623822,6.5603e-05,0.002558304
120601020206,2004,0.0,0.0,0.0
120601020206,2005,0.0,0.0,0.0
120601020206,2006,0.002449784,6.1258e-05,0.002388441
120601020206,2007,0.0,0.0,0.0
120601020206,2008,0.0,0.0,0.0
120601020206,2009,0.0,0.0,0.0
120601020206,2010,0.003571468,8.9274e-05,0.00348211
120601020206,2011,0.0,0.0,0.0
120601020206,2012,0.001116243,2.791e-05,0.001088251
120601020206,2013,0.0,0.0,0.0
120601020206,2014,0.003773551,9.4337e-05,0.003679132
120601020206,2015,0.0,0.0,0.0
120601020206,2016,0.0,0.0,0.0
120601020206,2017,0.00314714,7.8721e-05,0.003068496
120601020206,2018,0.18636797,0.004659233,0.181708655
120601020206,2019,0.17149863,0.004287471,0.167211074
120601020206,2020,0.280580508,0.007014577,0.273566016
120601020207,2000,1.107175068,0.02767947,1.07949568
120601020207,2001,1.069836019,0.026745844,1.043090008
120601020207,2002,0.442883178,0.01107209,0.43181117
120601020207,2003,0.933012641,0.02332534,0.909687216
120601020207,2004,0.591342456,0.014783623,0.576559
120601020207,2005,0.948406038,0.023710134,0.924695734
120601020207,2006,1.204230858,0.030105726,1.174125216
120601020207,2007,0.840999268,0.021024912,0.819974271
120601020207,2008,1.106201153,0.027655219,1.078546101
120601020207,2009,0.996401008,0.024910041,0.971490964
120601020207,2010,1.041764707,0.026043973,1.015720732
120601020207,2011,0.0,0.0,0.0
120601020207,2012,0.952626161,0.023815732,0.92881059
120601020207,2013,0.912038318,0.022801019,0.889237466
120601020207,2014,0.543384156,0.013584573,0.529799668
120601020207,2015,0.209658444,0.005241315,0.204416964
120601020207,2016,0.602779301,0.015069475,0.587709825
120601020207,2017,0.571500359,0.014287584,0.55721294
120601020207,2018,0.10412577,0.002603238,0.101522868
120601020207,2019,0.684351167,0.017108745,0.667242507
120601020207,2020,0.246255134,0.006156273,0.240098691
120601020301,2000,0.0,0.0,0.0
120601020301,2001,0.0,0.0,0.0
120601020301,2002,0.0,0.0,0.0
120601020301,2003,0.0,0.0,0.0
120601020301,2004,0.0,0.0,0.0
120601020301,2005,0.0,0.0,0.0
120601020301,2006,0.0,0.0,0.0
120601020301,2007,0.0,0.0,0.0
120601020301,2008,0.0,0.0,0.0
120601020301,2009,0.0,0.0,0.0
120601020301,2010,0.0,0.0,0.0
120601020301,2011,0.0,0.0,0.0
120601020301,2012,0.0,0.0,0.0
120601020301,2013,0.0,0.0,0.0
120601020301,2014,0.0,0.0,0.0
120601020301,2015,0.0,0.0,0.0
120601020301,2016,0.0,0.0,0.0
120601020301,2017,0.0,0.0,0.0
120601020301,2018,0.0,0.0,0.0
120601020301,2019,0.0,0.0,0.0
120601020301,2020,0.0,0.0,0.0
120601020302,2000,0.0,0.0,0.0
120601020302,2001,0.107849008,0.002803997,0.105044926
120601020302,2002,0.0,0.0,0.0
120601020302,2003,0.039766792,0.001033882,0.038732827
120601020302,2004,0.0,0.0,0.0
120601020302,2005,0.025558633,0.000664699,0.024894101
120601020302,2006,0.432985529,0.011257715,0.421727811
120601020302,2007,0.077154679,0.002006011,0.075148668
120601020302,2008,0.260821352,0.006781276,0.254039997
120601020302,2009,0.0,0.0,0.0
120601020302,2010,0.470078058,0.012222082,0.457855805
120601020302,2011,0.610880255,0.015882792,0.594997301
120601020302,2012,0.657803057,0.017102872,0.640700104
120601020302,2013,1.15548989,0.030042748,1.125447058
120601020302,2014,1.068199633,0.027773258,1.040426378
120601020302,2015,0.0,0.0,0.0
120601020302,2016,0.463414765,0.012048877,0.451365973
120601020302,2017,0.673397858,0.017508378,0.655889562
120601020302,2018,0.563271649,0.014645058,0.548626342
120601020302,2019,0.777055238,0.020203427,0.756851811
120601020302,2020,0.428958579,0.011153049,0.417805784
120601020303,2000,0.0,0.0,0.0
120601020303,2001,0.0,0.0,0.0
120601020303,2002,0.282134647,0.007053329,0.275081233
120601020303,2003,0.0,0.0,0.0
120601020303,2004,0.0,0.0,0.0
120601020303,2005,0.0,0.0,0.0
120601020303,2006,0.0,0.0,0.0
120601020303,2007,0.0,0.0,0.0
120601020303,2008,0.115545306,0.002888702,0.11265677
120601020303,2009,0.206844784,0.005171047,0.201673737
120601020303,2010,0.197813304,0.004945252,0.19286797
120601020303,2011,0.0,0.0,0.0
120601020303,2012,0.0,0.0,0.0
120601020303,2013,0.0,0.0,0.0
120601020303,2014,0.0,0.0,0.0
120601020303,2015,0.0,0.0,0.0
120601020303,2016,0.0,0.0,0.0
120601020303,2017,0.0,0.0,0.0
120601020303,2018,0.0,0.0,0.0
120601020303,2019,0.0,0.0,0.0
120601020303,2020,0.0,0.0,0.0
120601020304,2000,0.0,0.0,0.0
120601020304,2001,0.0,0.0,0.0
120601020304,2002,0.0,0.0,0.0
120601020304,2003,0.0,0.0,0.0
120601020304,2004,0.0,0.0,0.0
120601020304,2005,0.0,0.0,0.0
120601020304,2006,0.0,0.0,0.0
120601020304,2007,0.0,0.0,0.0
120601020304,2008,0.0,0.0,0.0
120601020304,2009,0.0,0.0,0.0
120601020304,2010,0.0,0.0,0.0
120601020304,2011,0.0,0.0,0.0
120601020304,2012,0.0,0.0,0.0
120601020304,2013,0.0,0.0,0.0
120601020304,2014,0.0,0.0,0.0
120601020304,2015,0.0,0.0,0.0
120601020304,2016,0.0,0.0,0.0
120601020304,2017,0.0,0.0,0.0
120601020304,2018,0.0,0.0,0.0
120601020304,2019,0.0,0.0,0.0
120601020304,2020,0.0,0.0,0.0
120601020305,2000,0.0,0.0,0.0
120601020305,2001,0.0,0.0,0.0
120601020305,2002,0.0,0.0,0.0
120601020305,2003,0.017785764,0.000462564,0.017323367
120601020305,2004,0.0,0.0,0.0
120601020305,2005,0.0,0.0,0.0
120601020305,2006,0.0,0.0,0.0
120601020305,2007,0.0,0.0,0.0
120601020305,2008,0.0,0.0,0.0
120601020305,2009,0.0,0.0,0.0
120601020305,2010,0.0,0.0,0.0
120601020305,2011,0.0,0.0,0.0
120601020305,2012,0.0,0.0,0.0
120601020305,2013,0.0,0.0,0.0
120601020305,2014,0.0,0.0,0.0
120601020305,2015,0.0,0.0,0.0
120601020305,2016,0.0,0.0,0.0
120601020305,2017,0.0,0.0,0.0
120601020305,2018,0.001953781,5.0811e-05,0.001903052
120601020305,2019,0.0,0.0,0.0
120601020305,2020,0.0,0.0,0.0
120601020306,2000,0.0,0.0,0.0
120601020306,2001,0.144866575,0.003766488,0.141100003
120601020306,2002,0.0,0.0,0.0
120601020306,2003,0.073293252,0.001905573,0.071387595
120601020306,2004,0.0,0.0,0.0
120601020306,2005,0.0,0.0,0.0
120601020306,2006,0.0,0.0,0.0
120601020306,2007,0.0,0.0,0.0
120601020306,2008,0.0,0.0,0.0
120601020306,2009,0.0,0.0,0.0
120601020306,2010,0.0,0.0,0.0
120601020306,2011,0.0,0.0,0.0
120601020306,2012,0.0,0.0,0.0
120601020306,2013,0.0,0.0,0.0
120601020306,2014,0.0,0.0,0.0
120601020306,2015,0.0,0.0,0.0
120601020306,2016,0.0,0.0,0.0
120601020306,2017,0.0,0.0,0.0
120601020306,2018,0.0,0.0,0.0
120601020306,2019,0.0,0.0,0.0
120601020306,2020,0.0,0.0,0.0
120601020307,2000,0.0,0.0,0.0
120601020307,2001,0.347420529,0.009032879,0.338387567
120601020307,2002,0.129611847,0.00336989,0.126242041
120601020307,2003,0.0,0.0,0.0
120601020307,2004,0.0,0.0,0.0
120601020307,2005,0.000846942,2.2121e-05,0.000824989
120601020307,2006,0.079362608,0.002063493,0.0772992
120601020307,2007,0.0,0.0,0.0
120601020307,2008,0.106584948,0.002771238,0.103813877
120601020307,2009,0.0,0.0,0.0
120601020307,2010,0.10364589,0.002694682,0.100951205
120601020307,2011,0.0,0.0,0.0
120601020307,2012,0.000424082,1.1153e-05,0.000413175
120601020307,2013,0.0,0.0,0.0
120601020307,2014,0.0,0.0,0.0
120601020307,2015,0.0,0.0,0.0
120601020307,2016,0.0,0.0,0.0
120601020307,2017,0.0,0.0,0.0
120601020307,2018,0.0,0.0,0.0
120601020307,2019,0.0,0.0,0.0
120601020307,2020,9.7303e-05,2.505e-06,9.4713e-05
120601020308,2000,0.0,0.0,0.0
120601020308,2001,0.0,0.0,0.0
120601020308,2002,0.0,0.0,0.0
120601020308,2003,0.0,0.0,0.0
120601020308,2004,0.0,0.0,0.0
120601020308,2005,0.0,0.0,0.0
120601020308,2006,0.0,0.0,0.0
120601020308,2007,0.0,0.0,0.0
120601020308,2008,0.0,0.0,0.0
120601020308,2009,0.0,0.0,0.0
120601020308,2010,0.0,0.0,0.0
120601020308,2011,0.0,0.0,0.0
120601020308,2012,0.0,0.0,0.0
120601020308,2013,0.0,0.0,0.0
120601020308,2014,0.0,0.0,0.0
120601020308,2015,0.0,0.0,0.0
120601020308,2016,0.0,0.0,0.0
120601020308,2017,0.0,0.0,0.0
120601020308,2018,0.001995589,5.1871e-05,0.001943553
120601020308,2019,0.0,0.0,0.0
120601020308,2020,0.0,0.0,0.0
120601020309,2000,0.600538956,0.01561403,0.584925011
120601020309,2001,0.176642115,0.004592647,0.172049636
120601020309,2002,0.117546734,0.003056068,0.114490581
120601020309,2003,0.0,0.0,0.0
120601020309,2004,0.0,0.0,0.0
120601020309,2005,0.088881784,0.002310953,0.086570918
120601020309,2006,0.192710068,0.005010411,0.18769949
120601020309,2007,0.0,0.0,0.0
120601020309,2008,0.0,0.0,0.0
120601020309,2009,0.0,0.0,0.0
120601020309,2010,0.042723063,0.001068123,0.041654855
120601020309,2011,0.0,0.0,0.0
120601020309,2012,0.107617123,0.002798156,0.104819046
120601020309,2013,0.339586622,0.008829208,0.330757247
120601020309,2014,0.310925318,0.008084025,0.302841208
120601020309,2015,0.198740896,0.005167192,0.193573619
120601020309,2016,0.17537921,0.004559776,0.170819183
120601020309,2017,0.202723866,0.005270825,0.197453041
120601020309,2018,0.074892197,0.001872277,0.073020003
120601020309,2019,0.075301197,0.001882438,0.073418507
120601020309,2020,0.062446418,0.001623669,0.060822831
120601020310,2000,0.0,0.0,0.0
120601020310,2001,0.0,0.0,0.0
120601020310,2002,0.084888148,0.002122197,0.082765951
120601020310,2003,0.222880553,0.005571992,0.217308564
120601020310,2004,0.0,0.0,0.0
120601020310,2005,0.224178521,0.005604315,0.218574121
120601020310,2006,0.000336301,8.373e-06,0.000327841
120601020310,2007,0.003951918,0.000102696,0.003849216
120601020310,2008,0.0,0.0,0.0
120601020310,2009,0.003543918,0.000503268,0.003040649
120601020310,2010,0.019200704,0.001094411,0.018106293
120601020310,2011,0.0,0.0,0.0
120601020310,2012,0.0,0.0,0.0
120601020310,2013,0.0,0.0,0.0
120601020310,2014,0.0840042,0.011340507,0.07266369
120601020310,2015,0.0,0.0,0.0
120601020310,2016,0.0,0.0,0.0
120601020310,2017,0.0,0.0,0.0
120601020310,2018,0.063693236,0.007324773,0.056368548
120601020310,2019,0.001052611,2.6337e-05,0.001026362
120601020310,2020,0.720175432,0.077058754,0.643116762
120601020401,2000,0.0,0.0,0.0
120601020401,2001,0.061805803,0.001545181,0.060260622
120601020401,2002,0.016718071,0.00041803,0.016300205
120601020401,2003,0.061083156,0.001527074,0.059556164
120601020401,2004,0.0,0.0,0.0
120601020401,2005,0.103136559,0.002578375,0.100558186
120601020401,2006,0.03377863,0.000844447,0.032934184
120601020401,2007,0.013899937,0.000347603,0.013552419
120601020401,2008,1.67e-07,0.0,1.67e-07
120601020401,2009,0.009448381,0.000236266,0.009212115
120601020401,2010,0.0,0.0,0.0
120601020401,2011,0.0,0.0,0.0
120601020401,2012,0.0,0.0,0.0
120601020401,2013,0.00157966,3.9493e-05,0.001540082
120601020401,2014,0.0,0.0,0.0
120601020401,2015,0.0,0.0,0.0
120601020401,2016,0.0,0.0,0.0
120601020401,2017,0.0,0.0,0.0
120601020401,2018,0.0,0.0,0.0
120601020401,2019,0.0,0.0,0.0
120601020401,2020,0.318858508,0.007971464,0.310886874
120601020402,2000,0.832958587,0.020823891,0.812134781
120601020402,2001,0.360308532,0.00900777,0.351300844
120601020402,2002,0.339252729,0.008481271,0.330771452
120601020402,2003,0.490516507,0.012262879,0.47825354
120601020402,2004,0.265092019,0.006627404,0.25846453
120601020402,2005,0.46364274,0.011591077,0.452051745
120601020402,2006,0.859182318,0.02147957,0.837702912
120601020402,2007,0.517100592,0.01292757,0.50417294
120601020402,2008,0.862577989,0.021564486,0.841013421
120601020402,2009,0.993002293,0.024825055,0.968177148
120601020402,2010,0.803655855,0.020091458,0.783564479
120601020402,2011,0.890791266,0.022269699,0.868521238
120601020402,2012,0.876960213,0.021923975,0.85503615
120601020402,2013,0.571063666,0.014276548,0.5567872
120601020402,2014,0.696914112,0.017422953,0.679491159
120601020402,2015,0.530755195,0.013268901,0.517486378
120601020402,2016,0.443001383,0.011075016,0.431926448
120601020402,2017,1.254301833,0.03135757,1.222944345
120601020402,2018,0.422322444,0.010558115,0.411764499
120601020402,2019,0.949792112,0.02374477,0.926047175
120601020402,2020,0.783485669,0.019587137,0.763898451
120601020403,2000,0.216204549,0.005405057,0.210799404
120601020403,2001,0.620267904,0.015506732,0.604761258
120601020403,2002,0.227601962,0.005689986,0.221912058
120601020403,2003,0.269426173,0.006735564,0.262690526
120601020403,2004,0.071367956,0.001784254,0.069583705
120601020403,2005,0.70115203,0.017528871,0.683623493
120601020403,2006,0.435924805,0.010898263,0.425026707
120601020403,2007,0.043293992,0.001082238,0.042211501
120601020403,2008,0.000729801,1.8314e-05,0.000711486
120601020403,2009,0.0,0.0,0.0
120601020403,2010,0.041739104,0.001043452,0.040695737
120601020403,2011,0.35078826,0.008769759,0.342018575
120601020403,2012,0.162649844,0.004066251,0.158583429
120601020403,2013,0.000180126,4.444e-06,0.000175682
120601020403,2014,0.0247888,0.000619701,0.024169011
120601020403,2015,0.179829101,0.004495696,0.17533349
120601020403,2016,0.152201863,0.003805126,0.148396904
120601020403,2017,0.166845929,0.004171036,0.162674715
120601020403,2018,0.007979101,0.000199559,0.00777946
120601020403,2019,0.235299499,0.005882578,0.229417005
120601020403,2020,0.227617975,0.00569041,0.221927566
120601020404,2000,0.394846025,0.025270137,0.369575806
120601020404,2001,0.0,0.0,0.0
120601020404,2002,0.140244151,0.007152455,0.133091778
120601020404,2003,0.099791912,0.01087746,0.088914452
120601020404,2004,0.098835885,0.006226653,0.09260923
120601020404,2005,0.244853312,0.015915679,0.228937885
120601020404,2006,0.409086562,0.021681649,0.387405167
120601020404,2007,0.469724521,0.023956052,0.445768551
120601020404,2008,0.641995833,0.053927661,0.58806809
120601020404,2009,0.811877293,0.056831362,0.755045764
120601020404,2010,1.080197704,0.07021283,1.009984792
120601020404,2011,0.633959178,0.067199704,0.566759474
120601020404,2012,0.539716814,0.028065232,0.511651585
120601020404,2013,0.667435471,0.049390093,0.618045211
120601020404,2014,0.769764945,0.05542303,0.714341833
120601020404,2015,0.267586841,0.027828997,0.239757677
120601020404,2016,0.310480598,0.022665137,0.287815462
120601020404,2017,0.636761526,0.045846759,0.590914682
120601020404,2018,0.239841055,0.016069334,0.223771721
120601020404,2019,0.565666838,0.044122011,0.521544995
120601020404,2020,0.903839902,0.055134145,0.848705672
120601020501,2000,0.0,0.0,0.0
120601020501,2001,0.0,0.0,0.0
120601020501,2002,0.0,0.0,0.0
120601020501,2003,0.0,0.0,0.0
120601020501,2004,0.0,0.0,0.0
120601020501,2005,0.0,0.0,0.0
120601020501,2006,0.0,0.0,0.0
120601020501,2007,0.0,0.0,0.0
120601020501,2008,0.0,0.0,0.0
120601020501,2009,0.0,0.0,0.0
120601020501,2010,0.0,0.0,0.0
120601020501,2011,0.0,0.0,0.0
120601020501,2012,0.0,0.0,0.0
120601020501,2013,0.0,0.0,0.0
120601020501,2014,0.0,0.0,0.0
120601020501,2015,0.0,0.0,0.0
120601020501,2016,0.0,0.0,0.0
120601020501,2017,0.0,0.0,0.0
120601020501,2018,0.0,0.0,0.0
120601020501,2019,0.209457805,0.078546696,0.130911107
120601020501,2020,0.0,0.0,0.0
120601020502,2000,0.0,0.0,0.0
120601020502,2001,0.0,0.0,0.0
120601020502,2002,0.0,0.0,0.0
120601020502,2003,0.000472644,1.2282e-05,0.000460532
120601020502,2004,0.0,0.0,0.0
120601020502,2005,0.0,0.0,0.0
120601020502,2006,0.0,0.0,0.0
120601020502,2007,0.0,0.0,0.0
120601020502,2008,0.0,0.0,0.0
120601020502,2009,0.0,0.0,0.0
120601020502,2010,0.0,0.0,0.0
120601020502,2011,0.0,0.0,0.0
120601020502,2012,0.0,0.0,0.0
120601020502,2013,0.0,0.0,0.0
120601020502,2014,0.0,0.0,0.0
120601020502,2015,0.0,0.0,0.0
120601020502,2016,0.0,0.0,0.0
120601020502,2017,0.0,0.0,0.0
120601020502,2018,0.001647419,4.2814e-05,0.001604688
120601020502,2019,0.280749321,0.105281005,0.175468315
120601020502,2020,0.0,0.0,0.0
120601020503,2000,0.0,0.0,0.0
120601020503,2001,0.410490055,0.153933737,0.256556151
120601020503,2002,0.137498184,0.051561726,0.085936293
120601020503,2003,0.008874455,0.003327805,0.005546397
120601020503,2004,0.432858913,0.162322186,0.270536809
120601020503,2005,0.392028403,0.147010721,0.245017759
120601020503,2006,0.0,0.0,0.0
120601020503,2007,0.001640682,0.000615121,0.001025397
120601020503,2008,0.715615292,0.268355683,0.447259694
120601020503,2009,0.309845822,0.116192288,0.193653619
120601020503,2010,0.602256578,0.225846184,0.376410225
120601020503,2011,0.369273693,0.138477581,0.23079603
120601020503,2012,0.0,0.0,0.0
120601020503,2013,0.075355367,0.028258345,0.047097189
120601020503,2014,0.12056137,0.045210482,0.07535097
120601020503,2015,0.0,0.0,0.0
120601020503,2016,0.002150257,0.00080647,0.001344036
120601020503,2017,0.272320775,0.102120211,0.170200488
120601020503,2018,0.274375268,0.102890789,0.171484564
120601020503,2019,0.552968877,0.207363392,0.345605652
120601020503,2020,0.606756492,0.227533694,0.379222795
120601020504,2000,0.0,0.0,0.0
120601020504,2001,1.067718299,0.400394427,0.667324038
120601020504,2002,0.239817345,0.089931575,0.149885932
120601020504,2003,1.149760219,0.431159978,0.718599992
120601020504,2004,0.113898148,0.042711858,0.071186208
120601020504,2005,0.222940762,0.083602849,0.139337918
120601020504,2006,0.06854743,0.025705337,0.042842008
120601020504,2007,0.207212425,0.077704688,0.129507734
120601020504,2008,1.107061402,0.415147984,0.691913333
120601020504,2009,0.601689463,0.225633652,0.376055893
120601020504,2010,1.530947266,0.574105296,0.956842134
120601020504,2011,0.494361444,0.185385644,0.308976044
120601020504,2012,0.106295388,0.039860885,0.066434585
120601020504,2013,0.12797554,0.047990962,0.079984742
120601020504,2014,0.356390827,0.133646644,0.222744351
120601020504,2015,0.302831619,0.113561929,0.189269603
120601020504,2016,0.28993903,0.108727036,0.181211915
120601020504,2017,0.247843397,0.092941241,0.154902153
120601020504,2018,0.20934346,0.078503745,0.13083963
120601020504,2019,1.803977762,0.676491619,1.127486058
120601020504,2020,0.792901637,0.297338082,0.495563639
120601020505,2000,0.0,0.0,0.0
120601020505,2001,0.393449186,0.055869781,0.337579329
120601020505,2002,0.036574049,0.00519357,0.031380397
120601020505,2003,0.190447616,0.027043466,0.163403984
120601020505,2004,0.110877358,0.015744607,0.095132751
120601020505,2005,0.316668416,0.044966962,0.271701455
120601020505,2006,0.338755866,0.048103337,0.290652611
120601020505,2007,0.084155975,0.011950205,0.072205773
120601020505,2008,0.843068128,0.119715667,0.723352462
120601020505,2009,0.239321214,0.033983685,0.205337778
120601020505,2010,0.501612603,0.071228912,0.430383441
120601020505,2011,0.154221326,0.021899326,0.132321915
120601020505,2012,0.0,0.0,0.0
120601020505,2013,0.0,0.0,0.0
120601020505,2014,0.239057036,0.03394611,0.205111011
120601020505,2015,0.307601159,0.043679329,0.263921912
120601020505,2016,0.350115495,0.049716546,0.30039903
120601020505,2017,0.30407323,0.04317849,0.260894918
120601020505,2018,1.489292605,0.215947452,1.273345236
120601020505,2019,0.680384258,0.096614627,0.583769879
120601020505,2020,0.560611197,0.094743372,0.465867907
120601020601,2000,0.0,0.0,0.0
120601020601,2001,0.0,0.0,0.0
120601020601,2002,0.0,0.0,0.0
120601020601,2003,0.182998978,0.059474614,0.123524277
120601020601,2004,0.0,0.0,0.0
120601020601,2005,0.3496366,0.083563145,0.266073455
120601020601,2006,0.392488762,0.117746619,0.274742058
120601020601,2007,0.414369616,0.099448715,0.314920901
120601020601,2008,0.0017185,0.000362609,0.001355809
120601020601,2009,0.2477192,0.078526989,0.169192211
120601020601,2010,0.605028597,0.168197888,0.436830542
120601020601,2011,0.0,0.0,0.0
120601020601,2012,0.0,0.0,0.0
120601020601,2013,0.0,0.0,0.0
120601020601,2014,0.268644732,0.068773082,0.199871734
120601020601,2015,0.384104671,0.122913458,0.261191132
120601020601,2016,0.841223683,0.254049637,0.58717421
120601020601,2017,5.022e-06,1.759e-06,3.178e-06
120601020601,2018,0.557876784,0.187446647,0.370430137
120601020601,2019,0.613807636,0.160203786,0.453603764
120601020601,2020,0.795812383,0.218052661,0.577759803
120601020602,2000,0.0,0.0,0.0
120601020602,2001,0.0,0.0,0.0
120601020602,2002,0.0,0.0,0.0
120601020602,2003,0.046218252,0.00656294,0.0396554
120601020602,2004,0.0,0.0,0.0
120601020602,2005,0.03415417,0.004849751,0.029304173
120601020602,2006,0.030423011,0.004319995,0.026102849
120601020602,2007,0.019730153,0.002801696,0.016928458
120601020602,2008,0.0,0.0,0.0
120601020602,2009,0.026204214,0.003720959,0.022483255
120601020602,2010,0.051407216,0.007299838,0.04410729
120601020602,2011,0.0,0.0,0.0
120601020602,2012,0.0,0.0,0.0
120601020602,2013,0.0,0.0,0.0
120601020602,2014,0.033158885,0.004708597,0.028450203
120601020602,2015,0.043395868,0.006162258,0.037233696
120601020602,2016,0.051335527,0.007289617,0.044045658
120601020602,2017,0.0,0.0,0.0
120601020602,2018,0.03675517,0.005219268,0.031535901
120601020602,2019,0.129533537,0.018393814,0.111139805
120601020602,2020,0.086240997,0.012246322,0.07399476
120601020603,2000,0.381564937,0.054182126,0.327382645
120601020603,2001,0.041540112,0.005898701,0.035641326
120601020603,2002,0.102295153,0.014525803,0.087769266
120601020603,2003,0.089061822,0.012646811,0.076415178
120601020603,2004,0.0,0.0,0.0
120601020603,2005,0.139254068,0.019774186,0.119479882
120601020603,2006,0.336719726,0.047814132,0.28890551
120601020603,2007,0.0,0.0,0.0
120601020603,2008,0.0,0.0,0.0
120601020603,2009,0.21202957,0.030108153,0.181921334
120601020603,2010,0.14466066,0.020541962,0.124118863
120601020603,2011,0.0,0.0,0.0
120601020603,2012,0.0,0.0,0.0
120601020603,2013,0.206304989,0.029295334,0.177009737
120601020603,2014,0.192613071,0.027351019,0.165261967
120601020603,2015,0.0,0.0,0.0
120601020603,2016,0.0,0.0,0.0
120601020603,2017,0.0,0.0,0.0
120601020603,2018,0.265770825,0.037739537,0.228031455
120601020603,2019,0.106053838,0.015059729,0.090994192
120601020603,2020,0.650833544,0.092418363,0.558415183
120601020604,2000,0.0,0.0,0.0
120601020604,2001,0.0,0.0,0.0
120601020604,2002,0.0,0.0,0.0
120601020604,2003,0.043798592,0.00915389,0.034644619
120601020604,2004,0.0,0.0,0.0
120601020604,2005,0.040828282,0.010207134,0.030621151
120601020604,2006,0.003238321,0.000757764,0.002480471
120601020604,2007,0.001135216,0.000415655,0.000719893
120601020604,2008,0.0,0.0,0.0
120601020604,2009,0.004072216,0.000859014,0.003212866
120601020604,2010,0.187785852,0.036054871,0.151731148
120601020604,2011,0.0,0.0,0.0
120601020604,2012,0.0,0.0,0.0
120601020604,2013,0.0,0.0,0.0
120601020604,2014,0.159459748,0.039067778,0.120392134
120601020604,2015,0.108186205,0.020230775,0.087955345
120601020604,2016,0.077116423,0.02382891,0.053287604
120601020604,2017,0.037385849,0.005308742,0.032077107
120601020604,2018,0.486910282,0.098355871,0.388554329
120601020604,2019,0.891294784,0.262040641,0.629254058
120601020604,2020,0.503336063,0.143450923,0.359885224
120601020605,2000,0.0,0.0,0.0
120601020605,2001,0.0,0.0,0.0
120601020605,2002,0.0,0.0,0.0
120601020605,2003,0.163135682,0.023165222,0.13997046
120601020605,2004,0.0,0.0,0.0
120601020605,2005,0.255281266,0.036250008,0.219031427
120601020605,2006,0.0,0.0,0.0
120601020605,2007,0.0,0.0,0.0
120601020605,2008,0.419200803,0.059526492,0.359674311
120601020605,2009,0.0,0.0,0.0
120601020605,2010,0.597091496,0.084786773,0.512304301
120601020605,2011,0.0,0.0,0.0
120601020605,2012,0.0,0.0,0.0
120601020605,2013,0.0,0.0,0.0
120601020605,2014,0.537554279,0.09568457,0.441869625
120601020605,2015,0.360378644,0.065949301,0.294429258
120601020605,2016,0.384704186,0.054628005,0.330076096
120601020605,2017,0.281822041,0.040018627,0.241803499
120601020605,2018,0.772905614,0.121346126,0.651559488
120601020605,2019,1.136629353,0.161401397,0.975227871
120601020605,2020,0.356305385,0.050595243,0.305709973
120601020606,2000,0.688734811,0.097800456,0.590934434
120601020606,2001,0.543662477,0.077200096,0.466462299
120601020606,2002,0.455124184,0.064627655,0.390496449
120601020606,2003,0.832916512,0.118274126,0.714642301
120601020606,2004,0.0,0.0,0.0
120601020606,2005,0.35929851,0.051020397,0.308278019
120601020606,2006,0.941059575,0.133630482,0.807429178
120601020606,2007,0.719038447,0.102103501,0.616935197
120601020606,2008,0.777372484,0.110386803,0.666985596
120601020606,2009,0.992664984,0.140958378,0.851706605
120601020606,2010,1.044584364,0.148331066,0.896253468
120601020606,2011,1.045175608,0.148415077,0.896760614
120601020606,2012,0.4429405,0.062897423,0.38004291
120601020606,2013,0.532643595,0.075635425,0.457008088
120601020606,2014,0.561110288,0.079677679,0.481432611
120601020606,2015,0.487425526,0.069214636,0.418211137
120601020606,2016,0.667974391,0.094852402,0.573122158
120601020606,2017,0.0,0.0,0.0
120601020606,2018,1.207227285,0.171426184,1.035801186
120601020606,2019,1.234227337,0.17526029,1.058966879
120601020606,2020,0.032668672,0.004638915,0.02802976
120601020607,2000,0.306481087,0.043520377,0.262960962
120601020607,2001,0.143884953,0.020431548,0.123453236
120601020607,2002,0.62393569,0.088598833,0.535336773
120601020607,2003,0.346285981,0.049172477,0.297113164
120601020607,2004,0.255616945,0.036297639,0.219319306
120601020607,2005,0.692739085,0.098368819,0.594370096
120601020607,2006,0.5399638,0.076674647,0.463288899
120601020607,2007,0.000398773,5.6597e-05,0.000342093
120601020607,2008,1.475264484,0.209487536,1.265776697
120601020607,2009,0.751179145,0.106667334,0.644511474
120601020607,2010,0.888035912,0.1261012,0.761934959
120601020607,2011,0.908341732,0.128984581,0.779357068
120601020607,2012,0.36354227,0.051623011,0.311919178
120601020607,2013,0.27257471,0.038705674,0.233869121
120601020607,2014,1.198858548,0.170238049,1.028620414
120601020607,2015,0.59249974,0.084134964,0.508364781
120601020607,2016,1.158662347,0.164530145,0.994132287
120601020607,2017,0.961888888,0.136588318,0.825300819
120601020607,2018,1.144029427,0.162452277,0.981577403
120601020607,2019,0.983696326,0.139684901,0.84401134
120601020607,2020,0.015583664,0.002212746,0.013370749
120601020701,2000,0.0,0.0,0.0
120601020701,2001,0.0,0.0,0.0
120601020701,2002,0.001783447,0.000668825,0.001114622
120601020701,2003,0.0,0.0,0.0
120601020701,2004,0.0,0.0,0.0
120601020701,2005,0.0,0.0,0.0
120601020701,2006,0.0,0.0,0.0
120601020701,2007,0.0,0.0,0.0
120601020701,2008,0.0,0.0,0.0
120601020701,2009,0.0,0.0,0.0
120601020701,2010,0.0,0.0,0.0
120601020701,2011,0.0,0.0,0.0
120601020701,2012,0.0,0.0,0.0
120601020701,2013,0.0,0.0,0.0
120601020701,2014,0.0,0.0,0.0
120601020701,2015,0.0,0.0,0.0
120601020701,2016,0.0,0.0,0.0
120601020701,2017,0.0,0.0,0.0
120601020701,2018,0.053686899,0.010630011,0.04305697
120601020701,2019,0.0,0.0,0.0
120601020701,2020,0.0,0.0,0.0
120601020702,2000,0.0,0.0,0.0
120601020702,2001,0.0,0.0,0.0
120601020702,2002,0.064954397,0.024357962,0.040596436
120601020702,2003,0.0,0.0,0.0
120601020702,2004,0.0,0.0,0.0
120601020702,2005,0.0,0.0,0.0
120601020702,2006,0.0,0.0,0.0
120601020702,2007,0.0,0.0,0.0
120601020702,2008,0.0,0.0,0.0
120601020702,2009,0.0,0.0,0.0
120601020702,2010,0.0,0.0,0.0
120601020702,2011,0.0,0.0,0.0
120601020702,2012,0.0,0.0,0.0
120601020702,2013,0.0,0.0,0.0
120601020702,2014,0.0,0.0,0.0
120601020702,2015,0.0,0.0,0.0
120601020702,2016,0.0,0.0,0.0
120601020702,2017,0.0,0.0,0.0
120601020702,2018,0.0,0.0,0.0
120601020702,2019,0.0,0.0,0.0
120601020702,2020,0.0,0.0,0.0
120601020703,2000,0.016480544,0.006180298,0.010300331
120601020703,2001,0.0,0.0,0.0
120601020703,2002,0.00058431,0.000219126,0.000365184
120601020703,2003,0.000159485,5.9786e-05,9.9699e-05
120601020703,2004,0.007243639,0.002716374,0.00452718
120601020703,2005,0.0,0.0,0.0
120601020703,2006,0.019850123,0.007443816,0.012406225
120601020703,2007,0.00234391,0.000878964,0.00146486
120601020703,2008,0.029895658,0.011210852,0.018684891
120601020703,2009,0.017878518,0.006704485,0.011174118
120601020703,2010,0.000602573,0.000226071,0.000376586
120601020703,2011,0.0,0.0,0.0
120601020703,2012,0.0,0.0,0.0
120601020703,2013,0.048410627,0.018153953,0.030256756
120601020703,2014,0.0,0.0,0.0
120601020703,2015,0.0,0.0,0.0
120601020703,2016,0.013175637,0.004940801,0.008234833
120601020703,2017,0.0,0.0,0.0
120601020703,2018,0.288656027,0.10824594,0.180409756
120601020703,2019,0.069027299,0.025885205,0.04314209
120601020703,2020,0.0,0.0,0.0
120601020704,2000,0.0,0.0,0.0
120601020704,2001,0.0,0.0,0.0
120601020704,2002,0.0,0.0,0.0
120601020704,2003,0.123801986,0.046425704,0.0773762
120601020704,2004,0.0,0.0,0.0
120601020704,2005,0.089082896,0.033406036,0.055676945
120601020704,2006,0.309355351,0.11600831,0.193347044
120601020704,2007,0.000217181,8.1422e-05,0.000135759
120601020704,2008,0.175412574,0.065779768,0.109632806
120601020704,2009,0.604451638,0.226669479,0.377782244
120601020704,2010,0.000710192,0.000266386,0.00044389
120601020704,2011,4.345e-06,1.581e-06,2.841e-06
120601020704,2012,0.0,0.0,0.0
120601020704,2013,0.0,0.0,0.0
120601020704,2014,0.083964748,0.031486844,0.052478074
120601020704,2015,0.0,0.0,0.0
120601020704,2016,0.243346508,0.09125497,0.152091617
120601020704,2017,0.0,0.0,0.0
120601020704,2018,0.223185082,0.083694416,0.139490748
120601020704,2019,0.619008863,0.23212823,0.386880551
120601020704,2020,0.328794656,0.123297964,0.205496525
120601020705,2000,0.0,0.0,0.0
120601020705,2001,0.0,0.0,0.0
120601020705,2002,0.0,0.0,0.0
120601020705,2003,0.0,0.0,0.0
120601020705,2004,0.0,0.0,0.0
120601020705,2005,0.0,0.0,0.0
120601020705,2006,0.0,0.0,0.0
120601020705,2007,0.0,0.0,0.0
120601020705,2008,0.0162825,0.006105937,0.010176648
120601020705,2009,0.0,0.0,0.0
120601020705,2010,0.0,0.0,0.0
120601020705,2011,0.0,0.0,0.0
120601020705,2012,0.0,0.0,0.0
120601020705,2013,0.0,0.0,0.0
120601020705,2014,0.0,0.0,0.0
120601020705,2015,0.0,0.0,0.0
120601020705,2016,0.0,0.0,0.0
120601020705,2017,0.0,0.0,0.0
120601020705,2018,0.039011564,0.014629296,0.024382186
120601020705,2019,0.143728756,0.053898252,0.089830668
120601020705,2020,0.015765052,0.00591179,0.00985318
120601020706,2000,0.0,0.0,0.0
120601020706,2001,0.0,0.0,0.0
120601020706,2002,0.0,0.0,0.0
120601020706,2003,0.0362532,0.013594981,0.022658386
120601020706,2004,0.0,0.0,0.0
120601020706,2005,0.153634121,0.057612855,0.096021342
120601020706,2006,0.064206849,0.024077526,0.040129405
120601020706,2007,0.0,0.0,0.0
120601020706,2008,0.080147486,0.030055287,0.050092033
120601020706,2009,0.11925194,0.04471951,0.0745326
120601020706,2010,0.0,0.0,0.0
120601020706,2011,0.0,0.0,0.0
120601020706,2012,0.0,0.0,0.0
120601020706,2013,0.0,0.0,0.0
120601020706,2014,0.016982008,0.00636817,0.010613753
120601020706,2015,0.0,0.0,0.0
120601020706,2016,0.104793071,0.039297279,0.065495462
120601020706,2017,0.0,0.0,0.0
120601020706,2018,0.017752074,0.006657058,0.011095099
120601020706,2019,0.239342175,0.089753422,0.149588838
120601020706,2020,0.179301374,0.067238131,0.112063413
120601020707,2000,0.0,0.0,0.0
120601020707,2001,0.067115208,0.025168225,0.041947068
120601020707,2002,0.0,0.0,0.0
120601020707,2003,0.0,0.0,0.0
120601020707,2004,0.013760891,0.005160366,0.008600609
120601020707,2005,0.059886485,0.022457466,0.037429022
120601020707,2006,0.199423975,0.074784115,0.124639942
120601020707,2007,0.0,0.0,0.0
120601020707,2008,0.057851038,0.02169421,0.036156995
120601020707,2009,0.032299942,0.00765506,0.024644882
120601020707,2010,0.076208493,0.028578153,0.04763034
120601020707,2011,0.025049115,0.009393279,0.015655584
120601020707,2012,0.0,0.0,0.0
120601020707,2013,0.059865458,0.022449619,0.037415921
120601020707,2014,0.0,0.0,0.0
120601020707,2015,0.047227088,0.017710263,0.02951691
120601020707,2016,0.035441467,0.013290721,0.022150915
120601020707,2017,0.0,0.0,0.0
120601020707,2018,0.385275271,0.139469671,0.245805518
120601020707,2019,0.361959156,0.106416077,0.255543164
120601020707,2020,0.342672508,0.033582,0.309090678
120601020708,2000,0.070710527,0.026516497,0.044194197
120601020708,2001,0.0,0.0,0.0
120601020708,2002,0.025950085,0.009731282,0.016218803
120601020708,2003,0.073648104,0.027617986,0.046030033
120601020708,2004,0.014882885,0.005581019,0.009301781
120601020708,2005,0.0,0.0,0.0
120601020708,2006,0.215975975,0.080990951,0.13498511
120601020708,2007,0.029443789,0.011041474,0.018402315
120601020708,2008,0.014531552,0.005449268,0.009082115
120601020708,2009,0.187400003,0.070275041,0.117125126
120601020708,2010,0.154315871,0.0578684,0.096447389
120601020708,2011,0.0,0.0,0.0
120601020708,2012,0.258085014,0.096781828,0.161303101
120601020708,2013,0.154934151,0.058100285,0.096833781
120601020708,2014,0.075137625,0.028176493,0.046961132
120601020708,2015,0.13713334,0.051425014,0.085708244
120601020708,2016,6.67e-07,1.69e-07,3.36e-07
120601020708,2017,0.0,0.0,0.0
120601020708,2018,0.270862485,0.101573463,0.169289022
120601020708,2019,0.012356592,0.004633712,0.007722882
120601020708,2020,0.022772016,0.008539486,0.01423253
120601020709,2000,0.0,0.0,0.0
120601020709,2001,0.138177025,0.038274978,0.099902047
120601020709,2002,0.0,0.0,0.0
120601020709,2003,0.000652249,8.5326e-05,0.000566586
120601020709,2004,0.206419063,0.076787948,0.129631199
120601020709,2005,0.025973967,0.008571501,0.017402633
120601020709,2006,0.031050049,0.011550548,0.019499499
120601020709,2007,0.0,0.0,0.0
120601020709,2008,0.094034311,0.011660199,0.082373945
120601020709,2009,0.05356077,0.005034833,0.048526019
120601020709,2010,0.145618921,0.026502647,0.11911611
120601020709,2011,0.082504485,0.007260532,0.075244123
120601020709,2012,0.000699858,0.000246981,0.00045288
120601020709,2013,0.145830003,0.034124178,0.11170591
120601020709,2014,0.0,0.0,0.0
120601020709,2015,0.02122843,0.002186466,0.019042049
120601020709,2016,0.128787863,0.009015049,0.119772899
120601020709,2017,0.0,0.0,0.0
120601020709,2018,0.1915178,0.021450019,0.170067775
120601020709,2019,0.099280115,0.016480479,0.082799636
120601020709,2020,0.015765607,0.0,0.015765607
120601020710,2000,0.0,0.0,0.0
120601020710,2001,0.133510984,0.044459099,0.089051718
120601020710,2002,0.0,0.0,0.0
120601020710,2003,0.0,0.0,0.0
120601020710,2004,0.29499921,0.008850046,0.286149164
120601020710,2005,0.559397822,0.124186479,0.435211512
120601020710,2006,0.550803167,0.156428126,0.394375123
120601020710,2007,0.0,0.0,0.0
120601020710,2008,0.428719891,0.160769907,0.267949817
120601020710,2009,0.535197271,0.154672088,0.380525436
120601020710,2010,0.654633044,0.083793003,0.570840041
120601020710,2011,0.960232477,0.209330471,0.750901844
120601020710,2012,0.0,0.0,0.0
120601020710,2013,0.57482771,0.14370697,0.431120742
120601020710,2014,0.0,0.0,0.0
120601020710,2015,0.742710581,0.051989795,0.690720789
120601020710,2016,0.51224777,0.07581268,0.436435005
120601020710,2017,0.0,0.0,0.0
120601020710,2018,1.099446079,0.149524786,0.949921455
120601020710,2019,0.34327869,0.106759597,0.236519008
120601020710,2020,1.08884435,0.079485557,1.009358628
120601020711,2000,0.101601429,0.038100607,0.063500989
120601020711,2001,0.107077373,0.040153932,0.066923359
120601020711,2002,0.0,0.0,0.0
120601020711,2003,0.215940175,0.080977471,0.134962619
120601020711,2004,0.159877178,0.059953962,0.099923216
120601020711,2005,0.17430423,0.065364093,0.108940214
120601020711,2006,0.332224447,0.124584271,0.207640258
120601020711,2007,0.202047663,0.075767822,0.126279674
120601020711,2008,0.345435798,0.129538342,0.215897459
120601020711,2009,0.557330734,0.208999047,0.34833177
120601020711,2010,0.383234411,0.143713019,0.239521559
120601020711,2011,0.428128962,0.16054829,0.267580507
120601020711,2012,0.0,0.0,0.0
120601020711,2013,0.445143323,0.166928641,0.278214597
120601020711,2014,0.051973973,0.019490145,0.032483742
120601020711,2015,0.088747679,0.033280496,0.055467268
120601020711,2016,0.335489232,0.125808448,0.209680861
120601020711,2017,0.0,0.0,0.0
120601020711,2018,1.048248658,0.393093247,0.655155411
120601020711,2019,1.127925255,0.419588195,0.708337058
120601020711,2020,0.102490478,0.038434036,0.064056443
120601020712,2000,0.0,0.0,0.0
120601020712,2001,0.14309534,0.023324449,0.119770726
120601020712,2002,0.042230145,0.006123493,0.036106819
120601020712,2003,0.124779742,0.019091389,0.105688438
120601020712,2004,0.044230861,0.00698838,0.037242399
120601020712,2005,0.033610781,0.007327142,0.026283723
120601020712,2006,0.032965274,0.005175564,0.027789627
120601020712,2007,0.0,0.0,0.0
120601020712,2008,0.067186989,0.012026429,0.055160475
120601020712,2009,0.031013636,0.00524123,0.025772323
120601020712,2010,0.010228184,0.001452507,0.008775929
120601020712,2011,0.109707759,0.01755326,0.092154578
120601020712,2012,0.099106454,0.015361541,0.083744918
120601020712,2013,0.035426266,0.006660153,0.028766115
120601020712,2014,0.0,0.0,0.0
120601020712,2015,0.006452855,0.001038822,0.005413863
120601020712,2016,0.062058691,0.009184601,0.052874008
120601020712,2017,0.008059342,0.001144359,0.006914901
120601020712,2018,0.113656425,0.016139118,0.09751697
120601020712,2019,0.077895468,0.012385301,0.065510082
120601020712,2020,0.0,0.0,0.0
120601020801,2000,0.0,0.0,0.0
120601020801,2001,0.0,0.0,0.0
120601020801,2002,0.099289808,0.0,0.099289808
120601020801,2003,0.05942529,0.0,0.05942529
120601020801,2004,0.0,0.0,0.0
120601020801,2005,0.0,0.0,0.0
120601020801,2006,0.075243827,0.0,0.075243827
120601020801,2007,0.0,0.0,0.0
120601020801,2008,0.0,0.0,0.0
120601020801,2009,0.028935044,0.0,0.028935044
120601020801,2010,0.0,0.0,0.0
120601020801,2011,0.0,0.0,0.0
120601020801,2012,0.0,0.0,0.0
120601020801,2013,0.0,0.0,0.0
120601020801,2014,0.0,0.0,0.0
120601020801,2015,0.109546619,0.0,0.109546619
120601020801,2016,0.079245626,0.0,0.079245626
120601020801,2017,0.0,0.0,0.0
120601020801,2018,0.00305357,0.0,0.00305357
120601020801,2019,0.241073258,0.0,0.241073258
120601020801,2020,0.0,0.0,0.0
120601020802,2000,0.0,0.0,0.0
120601020802,2001,0.0,0.0,0.0
120601020802,2002,0.0,0.0,0.0
120601020802,2003,0.0,0.0,0.0
120601020802,2004,0.0,0.0,0.0
120601020802,2005,0.0,0.0,0.0
120601020802,2006,0.0,0.0,0.0
120601020802,2007,0.0,0.0,0.0
120601020802,2008,0.001408257,0.0,0.001408257
120601020802,2009,0.0,0.0,0.0
120601020802,2010,0.001523767,0.0,0.001523767
120601020802,2011,0.0,0.0,0.0
120601020802,2012,0.0,0.0,0.0
120601020802,2013,0.0,0.0,0.0
120601020802,2014,0.0,0.0,0.0
120601020802,2015,0.010408808,0.0,0.010408808
120601020802,2016,0.011126145,0.0,0.011126145
120601020802,2017,0.0,0.0,0.0
120601020802,2018,0.087918773,0.0,0.087918773
120601020802,2019,0.040894411,0.0,0.040894411
120601020802,2020,0.060622325,0.0,0.060622325
120601020803,2000,1.236506866,0.175583995,1.060922787
120601020803,2001,0.827676195,0.130772803,0.696903474
120601020803,2002,0.379655748,0.060365241,0.31929034
120601020803,2003,1.300885304,0.192531063,1.108354159
120601020803,2004,1.547160467,0.230526959,1.316633505
120601020803,2005,0.969395008,0.145409219,0.823985707
120601020803,2006,1.932761419,0.280250515,1.652510986
120601020803,2007,0.490861014,0.069702197,0.421158816
120601020803,2008,2.268543951,0.322133235,1.946410801
120601020803,2009,0.782889567,0.118216477,0.664673255
120601020803,2010,1.947935129,0.264919033,1.683015844
120601020803,2011,2.641115655,0.396167395,2.244948345
120601020803,2012,1.55858785,0.21820229,1.340385642
120601020803,2013,1.40260689,0.21459906,1.188007997
120601020803,2014,0.789577899,0.115278384,0.674299512
120601020803,2015,0.524614603,0.074495208,0.450119395
120601020803,2016,0.870451516,0.120992691,0.749458743
120601020803,2017,0.496336734,0.067005436,0.429331299
120601020803,2018,1.049161833,0.151079386,0.898082449
120601020803,2019,0.700950044,0.096731167,0.604219129
120601020803,2020,0.556988989,0.088561388,0.468427601
120601020804,2000,3.658314891,0.519480669,3.138834137
120601020804,2001,1.103217195,0.156656795,0.9465604
120601020804,2002,1.405558236,0.199589392,1.205969011
120601020804,2003,0.335736225,0.047674556,0.288061499
120601020804,2004,0.399964779,0.056794932,0.343169847
120601020804,2005,0.151381025,0.02149611,0.129884995
120601020804,2006,2.899605444,0.411744047,2.487861567
120601020804,2007,0.168695962,0.023954981,0.144741315
120601020804,2008,1.179008689,0.167419178,1.011589426
120601020804,2009,2.446974252,0.347470326,2.099503926
120601020804,2010,1.13290331,0.160872181,0.972031129
120601020804,2011,1.531711458,0.217503027,1.314208512
120601020804,2012,0.644129361,0.091466361,0.552663085
120601020804,2013,1.713099332,0.243260153,1.469839181
120601020804,2014,1.065684356,0.151327244,0.914357112
120601020804,2015,0.106066888,0.015061532,0.091005523
120601020804,2016,0.128209298,0.01820571,0.110003505
120601020804,2017,0.896545701,0.127309589,0.7692362
120601020804,2018,1.388990381,0.197236663,1.191753718
120601020804,2019,0.869645956,0.123489597,0.746156192
120601020804,2020,0.0,0.0,0.0
120601020805,2000,0.0,0.0,0.0
120601020805,2001,0.0,0.0,0.0
120601020805,2002,0.0,0.0,0.0
120601020805,2003,0.0,0.0,0.0
120601020805,2004,0.0,0.0,0.0
120601020805,2005,0.0,0.0,0.0
120601020805,2006,0.0,0.0,0.0
120601020805,2007,0.0,0.0,0.0
120601020805,2008,0.0,0.0,0.0
120601020805,2009,0.0,0.0,0.0
120601020805,2010,0.0,0.0,0.0
120601020805,2011,0.0,0.0,0.0
120601020805,2012,0.0,0.0,0.0
120601020805,2013,0.0,0.0,0.0
120601020805,2014,0.0,0.0,0.0
120601020805,2015,0.0,0.0,0.0
120601020805,2016,0.0,0.0,0.0
120601020805,2017,0.0,0.0,0.0
120601020805,2018,0.0,0.0,0.0
120601020805,2019,0.0,0.0,0.0
120601020805,2020,0.0,0.0,0.0
120601020806,2000,0.0,0.0,0.0
120601020806,2001,0.111790896,0.015874386,0.095916679
120601020806,2002,0.024012756,0.003409773,0.020602899
120601020806,2003,0.042555408,0.00604286,0.036512299
120601020806,2004,0.109651858,0.015570544,0.094081402
120601020806,2005,0.065668658,0.00932474,0.056343584
120601020806,2006,0.0,0.0,0.0
120601020806,2007,0.0,0.0,0.0
120601020806,2008,0.0,0.0,0.0
120601020806,2009,0.0,0.0,0.0
120601020806,2010,0.0,0.0,0.0
120601020806,2011,0.0,0.0,0.0
120601020806,2012,0.0,0.0,0.0
120601020806,2013,0.0,0.0,0.0
120601020806,2014,0.0,0.0,0.0
120601020806,2015,0.0,0.0,0.0
120601020806,2016,0.0,0.0,0.0
120601020806,2017,0.0,0.0,0.0
120601020806,2018,0.049585836,0.007041263,0.042544655
120601020806,2019,0.0,0.0,0.0
120601020806,2020,0.073327568,0.010412391,0.06291518
120601020807,2000,0.362996776,0.051545464,0.31145123
120601020807,2001,0.293799726,0.041719701,0.252080192
120601020807,2002,0.199377,0.028311578,0.171065422
120601020807,2003,0.173504167,0.024637627,0.14886654
120601020807,2004,0.015966161,0.002267265,0.013699066
120601020807,2005,0.166778386,0.023682433,0.143095784
120601020807,2006,0.143512784,0.020378811,0.12313389
120601020807,2007,0.048346953,0.006865173,0.041481693
120601020807,2008,0.436557962,0.061991224,0.374566822
120601020807,2009,0.209347293,0.029727148,0.17962006
120601020807,2010,0.198630641,0.028205515,0.170424959
120601020807,2011,0.760667888,0.108014751,0.652652973
120601020807,2012,2.921e-06,4.18e-07,2.336e-06
120601020807,2013,0.354847378,0.050388222,0.304459074
120601020807,2014,0.269237937,0.038231729,0.231006121
120601020807,2015,0.257066838,0.036503542,0.220563545
120601020807,2016,0.0,0.0,0.0
120601020807,2017,4.093e-06,5.86e-07,3.592e-06
120601020807,2018,0.574477622,0.081575764,0.492901605
120601020807,2019,0.312991666,0.044444803,0.268547115
120601020807,2020,0.13006627,0.018469467,0.11159697
120601020901,2000,0.0,0.0,0.0
120601020901,2001,0.0,0.0,0.0
120601020901,2002,0.0,0.0,0.0
120601020901,2003,0.0,0.0,0.0
120601020901,2004,0.0,0.0,0.0
120601020901,2005,0.0,0.0,0.0
120601020901,2006,0.0,0.0,0.0
120601020901,2007,0.0,0.0,0.0
120601020901,2008,0.0,0.0,0.0
120601020901,2009,0.0,0.0,0.0
120601020901,2010,0.0,0.0,0.0
120601020901,2011,0.0,0.0,0.0
120601020901,2012,0.0,0.0,0.0
120601020901,2013,0.0,0.0,0.0
120601020901,2014,0.0,0.0,0.0
120601020901,2015,0.0,0.0,0.0
120601020901,2016,0.0,0.0,0.0
120601020901,2017,0.0,0.0,0.0
120601020901,2018,0.0,0.0,0.0
120601020901,2019,0.0,0.0,0.0
120601020901,2020,0.0,0.0,0.0
120601020902,2000,0.00463006,0.000657344,0.003972716
120601020902,2001,0.07659074,0.010875918,0.065714822
120601020902,2002,0.0,0.0,0.0
120601020902,2003,0.081921279,0.011632647,0.070288548
120601020902,2004,0.0,0.0,0.0
120601020902,2005,0.023997712,0.003407704,0.020590008
120601020902,2006,0.004123619,0.00058546,0.003538074
120601020902,2007,0.0,0.0,0.0
120601020902,2008,0.0,0.0,0.0
120601020902,2009,0.338180244,0.04802149,0.290158751
120601020902,2010,0.0,0.0,0.0
120601020902,2011,0.0,0.0,0.0
120601020902,2012,0.0,0.0,0.0
120601020902,2013,0.0,0.0,0.0
120601020902,2014,2.099e-06,1.67e-07,1.6e-06
120601020902,2015,1.926e-06,1.67e-07,1.759e-06
120601020902,2016,0.0,0.0,0.0
120601020902,2017,3.852e-06,5.01e-07,3.351e-06
120601020902,2018,0.004380808,0.000622142,0.003758918
120601020902,2019,0.0,0.0,0.0
120601020902,2020,0.0,0.0,0.0
120601020903,2000,0.0,0.0,0.0
120601020903,2001,0.0,0.0,0.0
120601020903,2002,0.0,0.0,0.0
120601020903,2003,0.0,0.0,0.0
120601020903,2004,0.0,0.0,0.0
120601020903,2005,0.0,0.0,0.0
120601020903,2006,0.0,0.0,0.0
120601020903,2007,0.0,0.0,0.0
120601020903,2008,0.0,0.0,0.0
120601020903,2009,0.0,0.0,0.0
120601020903,2010,0.0,0.0,0.0
120601020903,2011,0.0,0.0,0.0
120601020903,2012,0.0,0.0,0.0
120601020903,2013,0.0,0.0,0.0
120601020903,2014,0.0,0.0,0.0
120601020903,2015,0.0,0.0,0.0
120601020903,2016,0.0,0.0,0.0
120601020903,2017,0.0,0.0,0.0
120601020903,2018,0.0,0.0,0.0
120601020903,2019,0.0,0.0,0.0
120601020903,2020,0.0,0.0,0.0
120601020904,2000,0.0,0.0,0.0
120601020904,2001,0.03270003,0.004643501,0.028056696
120601020904,2002,0.0,0.0,0.0
120601020904,2003,0.04649137,0.006601753,0.039889699
120601020904,2004,0.0,0.0,0.0
120601020904,2005,0.03259371,0.004628296,0.027965414
120601020904,2006,0.0,0.0,0.0
120601020904,2007,0.0,0.0,0.0
120601020904,2008,0.0,0.0,0.0
120601020904,2009,0.0,0.0,0.0
120601020904,2010,0.0,0.0,0.0
120601020904,2011,5.014e-06,6.68e-07,4.342e-06
120601020904,2012,0.0,0.0,0.0
120601020904,2013,0.0,0.0,0.0
120601020904,2014,0.0,0.0,0.0
120601020904,2015,0.0,0.0,0.0
120601020904,2016,0.0,0.0,0.0
120601020904,2017,0.0,0.0,0.0
120601020904,2018,1.6915e-05,1.674e-06,1.5074e-05
120601020904,2019,0.0,0.0,0.0
120601020904,2020,0.0,0.0,0.0
120601020905,2000,0.0,0.0,0.0
120601020905,2001,0.0,0.0,0.0
120601020905,2002,0.0,0.0,0.0
120601020905,2003,0.0,0.0,0.0
120601020905,2004,0.0,0.0,0.0
120601020905,2005,0.0,0.0,0.0
120601020905,2006,0.0,0.0,0.0
120601020905,2007,0.0,0.0,0.0
120601020905,2008,0.0,0.0,0.0
120601020905,2009,0.0,0.0,0.0
120601020905,2010,0.0,0.0,0.0
120601020905,2011,0.0,0.0,0.0
120601020905,2012,0.0,0.0,0.0
120601020905,2013,0.0,0.0,0.0
120601020905,2014,0.0,0.0,0.0
120601020905,2015,0.0,0.0,0.0
120601020905,2016,0.0,0.0,0.0
120601020905,2017,0.0,0.0,0.0
120601020905,2018,0.0,0.0,0.0
120601020905,2019,0.0,0.0,0.0
120601020905,2020,0.0,0.0,0.0
120601020906,2000,0.0,0.0,0.0
120601020906,2001,0.347287137,0.011460433,0.335826619
120601020906,2002,0.0,0.0,0.0
120601020906,2003,0.625155449,0.015628934,0.609526515
120601020906,2004,0.0,0.0,0.0
120601020906,2005,0.379503978,0.005692685,0.37381146
120601020906,2006,0.0,0.0,0.0
120601020906,2007,0.0,0.0,0.0
120601020906,2008,7.4169e-05,6.577e-06,6.7842e-05
120601020906,2009,0.090454937,0.007960145,0.082494874
120601020906,2010,0.0,0.0,0.0
120601020906,2011,0.0,0.0,0.0
120601020906,2012,0.001300208,9.491e-05,0.001205221
120601020906,2013,0.0,0.0,0.0
120601020906,2014,0.0,0.0,0.0
120601020906,2015,0.0,0.0,0.0
120601020906,2016,0.0,0.0,0.0
120601020906,2017,0.0,0.0,0.0
120601020906,2018,0.000113181,0.0,0.000113181
120601020906,2019,2.1436e-05,1.67e-07,2.1184e-05
120601020906,2020,0.0,0.0,0.0
120601020907,2000,0.0,0.0,0.0
120601020907,2001,0.631342581,0.0,0.631342581
120601020907,2002,0.0,0.0,0.0
120601020907,2003,0.073890392,0.0,0.073890392
120601020907,2004,0.241870426,0.0,0.241870426
120601020907,2005,0.222632479,0.0,0.222632479
120601020907,2006,0.0,0.0,0.0
120601020907,2007,0.0,0.0,0.0
120601020907,2008,0.0,0.0,0.0
120601020907,2009,0.0,0.0,0.0
120601020907,2010,0.0,0.0,0.0
120601020907,2011,0.0,0.0,0.0
120601020907,2012,0.259774481,0.0,0.259774481
120601020907,2013,0.0,0.0,0.0
120601020907,2014,0.0,0.0,0.0
120601020907,2015,0.0,0.0,0.0
120601020907,2016,0.0,0.0,0.0
120601020907,2017,0.0,0.0,0.0
120601020907,2018,0.099676071,0.0,0.099676071
120601020907,2019,0.0,0.0,0.0
120601020907,2020,0.0,0.0,0.0
120601020908,2000,0.0,0.0,0.0
120601020908,2001,0.07437777,0.0,0.07437777
120601020908,2002,0.0,0.0,0.0
120601020908,2003,0.031913285,0.0,0.031913285
120601020908,2004,0.00164341,0.0,0.00164341
120601020908,2005,0.004032458,0.0,0.004032458
120601020908,2006,0.0,0.0,0.0
120601020908,2007,0.0,0.0,0.0
120601020908,2008,0.0,0.0,0.0
120601020908,2009,0.0,0.0,0.0
120601020908,2010,0.0,0.0,0.0
120601020908,2011,0.0,0.0,0.0
120601020908,2012,0.001465779,0.0,0.001465779
120601020908,2013,0.0,0.0,0.0
120601020908,2014,0.0,0.0,0.0
120601020908,2015,0.0,0.0,0.0
120601020908,2016,0.0,0.0,0.0
120601020908,2017,0.0,0.0,0.0
120601020908,2018,0.017614737,0.0,0.017614737
120601020908,2019,0.0,0.0,0.0
120601020908,2020,0.0,0.0,0.0
120601030101,2000,0.0,0.0,0.0
120601030101,2001,0.0,0.0,0.0
120601030101,2002,0.0,0.0,0.0
120601030101,2003,0.0,0.0,0.0
120601030101,2004,0.0,0.0,0.0
120601030101,2005,0.083936666,0.002098529,0.081838145
120601030101,2006,0.016149775,0.000403781,0.015745827
120601030101,2007,0.0,0.0,0.0
120601030101,2008,0.0,0.0,0.0
120601030101,2009,0.0,0.0,0.0
120601030101,2010,0.0,0.0,0.0
120601030101,2011,0.0,0.0,0.0
120601030101,2012,0.0,0.0,0.0
120601030101,2013,0.0,0.0,0.0
120601030101,2014,0.0,0.0,0.0
120601030101,2015,0.0,0.0,0.0
120601030101,2016,0.0,0.0,0.0
120601030101,2017,0.0,0.0,0.0
120601030101,2018,0.0,0.0,0.0
120601030101,2019,0.340101375,0.008502425,0.331598951
120601030101,2020,0.275038656,0.006875907,0.268162749
120601030102,2000,0.0,0.0,0.0
120601030102,2001,0.0,0.0,0.0
120601030102,2002,0.0,0.0,0.0
120601030102,2003,0.0,0.0,0.0
120601030102,2004,0.0,0.0,0.0
120601030102,2005,0.0,0.0,0.0
120601030102,2006,0.0,0.0,0.0
120601030102,2007,0.0,0.0,0.0
120601030102,2008,0.0,0.0,0.0
120601030102,2009,0.0,0.0,0.0
120601030102,2010,0.0,0.0,0.0
120601030102,2011,0.0,0.0,0.0
120601030102,2012,0.0,0.0,0.0
120601030102,2013,0.0,0.0,0.0
120601030102,2014,0.0,0.0,0.0
120601030102,2015,0.0,0.0,0.0
120601030102,2016,0.0,0.0,0.0
120601030102,2017,0.0,0.0,0.0
120601030102,2018,0.0,0.0,0.0
120601030102,2019,0.020628827,0.002413562,0.018215266
120601030102,2020,0.187110541,0.026569787,0.160541005
120601030103,2000,0.071846997,0.008693396,0.063153516
120601030103,2001,0.0,0.0,0.0
120601030103,2002,0.000400449,9.962e-06,0.000390485
120601030103,2003,0.0,0.0,0.0
120601030103,2004,0.0,0.0,0.0
120601030103,2005,0.0,0.0,0.0
120601030103,2006,0.044711022,0.005141811,0.039569296
120601030103,2007,0.038764058,0.003294918,0.035469058
120601030103,2008,0.0,0.0,0.0
120601030103,2009,0.0,0.0,0.0
120601030103,2010,0.0,0.0,0.0
120601030103,2011,0.0,0.0,0.0
120601030103,2012,0.0,0.0,0.0
120601030103,2013,0.0,0.0,0.0
120601030103,2014,0.0,0.0,0.0
120601030103,2015,0.0,0.0,0.0
120601030103,2016,0.0,0.0,0.0
120601030103,2017,0.0,0.0,0.0
120601030103,2018,0.0,0.0,0.0
120601030103,2019,0.484688175,0.054769551,0.429918542
120601030103,2020,1.248181407,0.138548074,1.109633167
120601030104,2000,0.047577549,0.002712027,0.044865609
120601030104,2001,0.0,0.0,0.0
120601030104,2002,0.0,0.0,0.0
120601030104,2003,0.000468997,0.0,0.000468997
120601030104,2004,0.056146041,0.007018213,0.049127828
120601030104,2005,0.001134567,8.966e-05,0.001045156
120601030104,2006,0.011271156,0.001453932,0.009817225
120601030104,2007,0.074024203,0.009623104,0.064400934
120601030104,2008,0.0,0.0,0.0
120601030104,2009,0.098855838,0.014037666,0.084818589
120601030104,2010,0.0,0.0,0.0
120601030104,2011,0.0,0.0,0.0
120601030104,2012,0.0,0.0,0.0
120601030104,2013,0.0,0.0,0.0
120601030104,2014,0.0,0.0,0.0
120601030104,2015,0.0,0.0,0.0
120601030104,2016,0.0,0.0,0.0
120601030104,2017,0.0,0.0,0.0
120601030104,2018,0.020968345,0.002977447,0.017990732
120601030104,2019,0.502748326,0.064351767,0.438396644
120601030104,2020,1.016240178,0.116867478,0.899372615
120601030105,2000,0.0,0.0,0.0
120601030105,2001,0.0,0.0,0.0
120601030105,2002,0.0,0.0,0.0
120601030105,2003,0.0,0.0,0.0
120601030105,2004,0.0,0.0,0.0
120601030105,2005,7.9778e-05,1.1329e-05,6.8458e-05
120601030105,2006,0.0,0.0,0.0
120601030105,2007,0.0,0.0,0.0
120601030105,2008,0.0,0.0,0.0
120601030105,2009,0.0,0.0,0.0
120601030105,2010,0.0,0.0,0.0
120601030105,2011,0.0,0.0,0.0
120601030105,2012,0.0,0.0,0.0
120601030105,2013,0.0,0.0,0.0
120601030105,2014,0.0,0.0,0.0
120601030105,2015,0.0,0.0,0.0
120601030105,2016,0.072822787,0.010340964,0.062481825
120601030105,2017,0.0,0.0,0.0
120601030105,2018,0.158362726,0.022487545,0.135875263
120601030105,2019,0.050762962,0.007208411,0.043554715
120601030105,2020,0.000406568,5.7806e-05,0.000348678
120601030106,2000,0.0,0.0,0.0
120601030106,2001,0.0,0.0,0.0
120601030106,2002,0.0,0.0,0.0
120601030106,2003,0.0,0.0,0.0
120601030106,2004,0.016671708,0.002367328,0.014304298
120601030106,2005,0.0,0.0,0.0
120601030106,2006,0.0,0.0,0.0
120601030106,2007,0.082146959,0.01166486,0.070482181
120601030106,2008,0.0,0.0,0.0
120601030106,2009,0.067697611,0.00961297,0.058084556
120601030106,2010,0.0,0.0,0.0
120601030106,2011,0.0,0.0,0.0
120601030106,2012,0.0,0.0,0.0
120601030106,2013,0.0,0.0,0.0
120601030106,2014,0.0,0.0,0.0
120601030106,2015,0.0,0.0,0.0
120601030106,2016,0.040275899,0.005719137,0.03455668
120601030106,2017,0.0,0.0,0.0
120601030106,2018,0.10692617,0.015183411,0.091742592
120601030106,2019,0.037972534,0.005392079,0.032580288
120601030106,2020,0.121329585,0.017228732,0.104100686
120601030201,2000,0.0,0.0,0.0
120601030201,2001,0.07939351,0.0,0.07939351
120601030201,2002,0.012481521,0.0,0.012481521
120601030201,2003,0.025899584,0.0,0.025899584
120601030201,2004,0.0,0.0,0.0
120601030201,2005,0.154711608,0.0,0.154711608
120601030201,2006,0.0,0.0,0.0
120601030201,2007,0.004670688,2.8036e-05,0.004642652
120601030201,2008,0.0,0.0,0.0
120601030201,2009,0.0,0.0,0.0
120601030201,2010,0.0,0.0,0.0
120601030201,2011,0.0,0.0,0.0
120601030201,2012,0.377603197,0.0,0.377603197
120601030201,2013,0.0,0.0,0.0
120601030201,2014,0.056723493,0.0,0.056723493
120601030201,2015,0.076172433,0.0,0.076172433
120601030201,2016,0.180194932,0.0,0.180194932
120601030201,2017,0.0,0.0,0.0
120601030201,2018,0.053672195,0.0,0.053672195
120601030201,2019,0.150573334,0.008582685,0.141990734
120601030201,2020,0.23566318,0.006834153,0.228828861
120601030202,2000,0.021890014,0.0,0.021890014
120601030202,2001,0.0,0.0,0.0
120601030202,2002,0.046773093,0.0,0.046773093
120601030202,2003,0.0,0.0,0.0
120601030202,2004,0.0,0.0,0.0
120601030202,2005,0.114073518,0.0,0.114073518
120601030202,2006,0.0,0.0,0.0
120601030202,2007,0.171267055,0.0,0.171267055
120601030202,2008,0.0,0.0,0.0
120601030202,2009,0.0,0.0,0.0
120601030202,2010,0.0,0.0,0.0
120601030202,2011,0.172381353,0.0,0.172381353
120601030202,2012,0.186279689,0.0,0.186279689
120601030202,2013,0.0,0.0,0.0
120601030202,2014,0.0,0.0,0.0
120601030202,2015,0.0,0.0,0.0
120601030202,2016,0.0,0.0,0.0
120601030202,2017,0.0,0.0,0.0
120601030202,2018,0.159096756,0.0,0.159096756
120601030202,2019,0.205067148,0.0,0.205067148
120601030202,2020,0.555482167,0.0,0.555482167
120601030203,2000,0.061803669,0.000494344,0.061309325
120601030203,2001,0.0,0.0,0.0
120601030203,2002,0.080576216,0.0,0.080576216
120601030203,2003,0.0,0.0,0.0
120601030203,2004,0.0,0.0,0.0
120601030203,2005,0.0,0.0,0.0
120601030203,2006,0.0,0.0,0.0
120601030203,2007,0.069037737,0.007663219,0.061374518
120601030203,2008,0.0,0.0,0.0
120601030203,2009,0.0,0.0,0.0
120601030203,2010,0.0,0.0,0.0
120601030203,2011,0.0,0.0,0.0
120601030203,2012,0.030341342,0.003034077,0.027307186
120601030203,2013,0.0,0.0,0.0
120601030203,2014,1.1044e-05,0.0,1.1044e-05
120601030203,2015,0.0,0.0,0.0
120601030203,2016,1.8667e-05,0.0,1.8667e-05
120601030203,2017,0.0,0.0,0.0
120601030203,2018,0.001707953,0.0,0.001707953
120601030203,2019,0.138459978,0.010938342,0.127521553
120601030203,2020,0.146424746,0.011274727,0.135150019
120601030204,2000,0.0,0.0,0.0
120601030204,2001,0.0,0.0,0.0
120601030204,2002,0.013849885,0.0,0.013849885
120601030204,2003,0.0,0.0,0.0
120601030204,2004,0.0,0.0,0.0
120601030204,2005,0.061866208,0.0,0.061866208
120601030204,2006,0.0,0.0,0.0
120601030204,2007,0.045391052,0.0,0.045391052
120601030204,2008,0.0,0.0,0.0
120601030204,2009,0.0,0.0,0.0
120601030204,2010,0.0,0.0,0.0
120601030204,2011,0.108195137,0.0,0.108195137
120601030204,2012,0.078412036,0.0,0.078412036
120601030204,2013,0.003281781,0.0,0.003281781
120601030204,2014,0.0,0.0,0.0
120601030204,2015,0.0,0.0,0.0
120601030204,2016,0.0,0.0,0.0
120601030204,2017,0.0,0.0,0.0
120601030204,2018,0.029081964,0.0,0.029081964
120601030204,2019,0.022424145,0.0,0.022424145
120601030204,2020,0.071108331,0.0,0.071108331
120601030205,2000,0.0,0.0,0.0
120601030205,2001,0.0,0.0,0.0
120601030205,2002,0.0,0.0,0.0
120601030205,2003,0.097512715,0.0,0.097512715
120601030205,2004,0.05461441,0.0,0.05461441
120601030205,2005,0.169291019,0.000338625,0.168952395
120601030205,2006,0.0,0.0,0.0
120601030205,2007,0.065718556,0.000197151,0.065521408
120601030205,2008,0.0,0.0,0.0
120601030205,2009,0.0,0.0,0.0
120601030205,2010,0.0,0.0,0.0
120601030205,2011,0.0,0.0,0.0
120601030205,2012,0.393144861,0.0,0.393144861
120601030205,2013,0.0,0.0,0.0
120601030205,2014,0.0,0.0,0.0
120601030205,2015,0.0674598,0.0,0.0674598
120601030205,2016,0.0,0.0,0.0
120601030205,2017,0.0,0.0,0.0
120601030205,2018,0.005248477,0.000435611,0.004812951
120601030205,2019,0.046720701,9.3425e-05,0.046627195
120601030205,2020,0.113455139,0.002269085,0.111186055
120601030206,2000,1.944789301,0.0,1.944789301
120601030206,2001,1.292115173,0.0,1.292115173
120601030206,2002,1.01041471,0.0,1.01041471
120601030206,2003,1.529694663,0.0,1.529694663
120601030206,2004,0.748794429,0.0,0.748794429
120601030206,2005,0.909273899,0.0,0.909273899
120601030206,2006,1.986843833,0.0,1.986843833
120601030206,2007,0.599643614,0.0,0.599643614
120601030206,2008,1.692061787,0.0,1.692061787
120601030206,2009,1.295823027,0.0,1.295823027
120601030206,2010,0.646543701,0.0,0.646543701
120601030206,2011,3.594906658,0.0,3.594906658
120601030206,2012,1.877573191,0.0,1.877573191
120601030206,2013,2.349365058,0.0,2.349365058
120601030206,2014,3.08430749,0.0,3.08430749
120601030206,2015,1.145273082,0.0,1.145273082
120601030206,2016,1.219304454,0.0,1.219304454
120601030206,2017,1.826617833,0.0,1.826617833
120601030206,2018,3.078982304,0.0,3.078982304
120601030206,2019,3.947124307,0.0,3.947124307
120601030206,2020,1.984903011,0.0,1.984903011
120601030207,2000,0.007543183,0.0,0.007543183
120601030207,2001,0.011258093,0.0,0.011258093
120601030207,2002,0.023066545,0.0,0.023066545
120601030207,2003,0.190566638,0.0,0.190566638
120601030207,2004,0.075657743,0.0,0.075657743
120601030207,2005,0.062185233,0.0,0.062185233
120601030207,2006,0.0,0.0,0.0
120601030207,2007,0.0,0.0,0.0
120601030207,2008,8.4566e-05,0.0,8.4566e-05
120601030207,2009,7.3022e-05,0.0,7.3022e-05
120601030207,2010,0.0,0.0,0.0
120601030207,2011,0.246386392,0.0,0.246386392
120601030207,2012,0.084555762,0.0,0.084555762
120601030207,2013,0.153203088,0.0,0.153203088
120601030207,2014,0.196175805,0.0,0.196175805
120601030207,2015,0.104497915,0.0,0.104497915
120601030207,2016,0.071541855,0.0,0.071541855
120601030207,2017,0.0,0.0,0.0
120601030207,2018,8.5868e-05,0.0,8.5868e-05
120601030207,2019,0.0,0.0,0.0
120601030207,2020,0.13882956,0.0,0.13882956
120601030208,2000,0.011708115,0.0,0.011708115
120601030208,2001,0.427309414,0.0,0.427309414
120601030208,2002,0.045204868,0.0,0.045204868
120601030208,2003,0.067457704,0.0,0.067457704
120601030208,2004,0.002563186,0.0,0.002563186
120601030208,2005,0.113408934,0.0,0.113408934
120601030208,2006,0.0,0.0,0.0
120601030208,2007,0.001299523,0.0,0.001299523
120601030208,2008,0.037063587,0.0,0.037063587
120601030208,2009,0.007653378,0.0,0.007653378
120601030208,2010,0.039622677,0.0,0.039622677
120601030208,2011,0.142879189,0.0,0.142879189
120601030208,2012,0.203681639,0.0,0.203681639
120601030208,2013,0.004146082,0.0,0.004146082
120601030208,2014,0.05616346,0.0,0.05616346
120601030208,2015,0.051432025,0.0,0.051432025
120601030208,2016,0.000162262,0.0,0.000162262
120601030208,2017,0.027945575,0.0,0.027945575
120601030208,2018,0.04200566,0.0,0.04200566
120601030208,2019,0.045110721,0.0,0.045110721
120601030208,2020,0.105237205,0.0,0.105237205
120601030301,2000,0.0,0.0,0.0
120601030301,2001,0.018446499,0.002619337,0.015826992
120601030301,2002,0.0,0.0,0.0
120601030301,2003,0.0,0.0,0.0
120601030301,2004,0.0,0.0,0.0
120601030301,2005,0.172417126,0.024483312,0.147933899
120601030301,2006,0.0,0.0,0.0
120601030301,2007,0.0,0.0,0.0
120601030301,2008,0.0,0.0,0.0
120601030301,2009,0.0,0.0,0.0
120601030301,2010,0.0,0.0,0.0
120601030301,2011,0.0,0.0,0.0
120601030301,2012,0.0,0.0,0.0
120601030301,2013,0.0,0.0,0.0
120601030301,2014,0.296580408,0.042114485,0.254466005
120601030301,2015,0.0,0.0,0.0
120601030301,2016,0.223956208,0.031801822,0.192154546
120601030301,2017,0.0,0.0,0.0
120601030301,2018,0.631252384,0.089637893,0.541614408
120601030301,2019,0.055062841,0.007818984,0.04724394
120601030301,2020,0.251969374,0.035779626,0.216189664
120601030302,2000,0.0,0.0,0.0
120601030302,2001,0.0,0.0,0.0
120601030302,2002,0.0,0.0,0.0
120601030302,2003,0.0,0.0,0.0
120601030302,2004,0.0,0.0,0.0
120601030302,2005,0.062974562,0.008942414,0.05403231
120601030302,2006,0.0,0.0,0.0
120601030302,2007,0.0,0.0,0.0
120601030302,2008,0.0,0.0,0.0
120601030302,2009,0.008684945,0.001233381,0.007451564
120601030302,2010,0.0,0.0,0.0
120601030302,2011,0.0,0.0,0.0
120601030302,2012,0.0,0.0,0.0
120601030302,2013,0.0,0.0,0.0
120601030302,2014,0.040018721,0.005682784,0.034336186
120601030302,2015,0.0,0.0,0.0
120601030302,2016,0.04647568,0.006599533,0.039875984
120601030302,2017,0.0,0.0,0.0
120601030302,2018,0.380291849,0.054001422,0.326290342
120601030302,2019,0.04483846,0.00636706,0.0384714
120601030302,2020,0.09489859,0.013475544,0.081422967
120601030303,2000,0.0,0.0,0.0
120601030303,2001,0.0,0.0,0.0
120601030303,2002,0.0,0.0,0.0
120601030303,2003,0.0,0.0,0.0
120601030303,2004,0.0,0.0,0.0
120601030303,2005,0.0,0.0,0.0
120601030303,2006,0.0,0.0,0.0
120601030303,2007,0.041142,0.005842162,0.035299838
120601030303,2008,0.0,0.0,0.0
120601030303,2009,0.0,0.0,0.0
120601030303,2010,0.0,0.0,0.0
120601030303,2011,0.0,0.0,0.0
120601030303,2012,0.0,0.0,0.0
120601030303,2013,0.0,0.0,0.0
120601030303,2014,0.006973811,0.000990241,0.00598349
120601030303,2015,0.0,0.0,0.0
120601030303,2016,0.031405016,0.004459623,0.026945393
120601030303,2017,0.0,0.0,0.0
120601030303,2018,0.153431978,0.021787323,0.131644655
120601030303,2019,0.049092482,0.006971181,0.042121384
120601030303,2020,0.283058404,0.040194388,0.242864098
120601030304,2000,0.0,0.0,0.0
120601030304,2001,0.0,0.0,0.0
120601030304,2002,0.0,0.0,0.0
120601030304,2003,0.0,0.0,0.0
120601030304,2004,0.0,0.0,0.0
120601030304,2005,0.042656101,0.006057126,0.036598893
120601030304,2006,0.0,0.0,0.0
120601030304,2007,0.015793351,0.002242633,0.013550721
120601030304,2008,0.0,0.0,0.0
120601030304,2009,1.592e-06,1.7e-07,1.422e-06
120601030304,2010,0.0,0.0,0.0
120601030304,2011,0.0,0.0,0.0
120601030304,2012,0.0,0.0,0.0
120601030304,2013,0.0,0.0,0.0
120601030304,2014,0.012246912,0.001738978,0.010507852
120601030304,2015,0.0,0.0,0.0
120601030304,2016,0.015926642,0.002261623,0.013664934
120601030304,2017,0.0,0.0,0.0
120601030304,2018,0.29407569,0.041758723,0.252316885
120601030304,2019,0.021699071,0.003081203,0.018617868
120601030304,2020,0.280801964,0.039873907,0.240928142
120601030305,2000,0.0,0.0,0.0
120601030305,2001,0.146037948,0.004235082,0.141802866
120601030305,2002,0.013544745,0.000582362,0.012962301
120601030305,2003,0.054733775,0.003119827,0.051613951
120601030305,2004,0.036928374,0.00288035,0.034047858
120601030305,2005,0.082784307,0.008775208,0.074009175
120601030305,2006,0.035242805,0.0,0.035242805
120601030305,2007,0.048810649,0.005662036,0.043148781
120601030305,2008,0.012415552,0.001403044,0.011012675
120601030305,2009,0.0,0.0,0.0
120601030305,2010,0.0,0.0,0.0
120601030305,2011,0.031098611,0.001896989,0.029201452
120601030305,2012,0.060720497,0.006375609,0.054344806
120601030305,2013,0.0,0.0,0.0
120601030305,2014,0.0,0.0,0.0
120601030305,2015,0.022741789,0.002524271,0.020217436
120601030305,2016,0.0,0.0,0.0
120601030305,2017,0.0,0.0,0.0
120601030305,2018,0.089793948,0.006105981,0.083687967
120601030305,2019,0.100896871,0.009887882,0.091008986
120601030305,2020,0.108143628,0.005082691,0.103060852
120601030306,2000,0.0,0.0,0.0
120601030306,2001,0.331122107,0.0,0.331122107
120601030306,2002,0.0,0.0,0.0
120601030306,2003,0.042091521,0.0,0.042091521
120601030306,2004,0.00073656,0.0,0.00073656
120601030306,2005,0.021153584,0.0,0.021153584
120601030306,2006,0.0,0.0,0.0
120601030306,2007,0.0,0.0,0.0
120601030306,2008,0.0,0.0,0.0
120601030306,2009,0.0,0.0,0.0
120601030306,2010,0.0,0.0,0.0
120601030306,2011,0.0,0.0,0.0
120601030306,2012,0.00416994,0.0,0.00416994
120601030306,2013,0.0,0.0,0.0
120601030306,2014,0.0,0.0,0.0
120601030306,2015,0.0,0.0,0.0
120601030306,2016,0.0,0.0,0.0
120601030306,2017,0.0,0.0,0.0
120601030306,2018,0.033663427,0.0,0.033663427
120601030306,2019,0.0,0.0,0.0
120601030306,2020,0.0,0.0,0.0
120601030401,2000,0.0,0.0,0.0
120601030401,2001,0.189891493,0.0,0.189891493
120601030401,2002,0.134715016,0.0,0.134715016
120601030401,2003,0.0,0.0,0.0
120601030401,2004,0.043588743,0.0,0.043588743
120601030401,2005,0.092083778,0.0,0.092083778
120601030401,2006,0.0,0.0,0.0
120601030401,2007,0.0,0.0,0.0
120601030401,2008,0.0,0.0,0.0
120601030401,2009,0.0,0.0,0.0
120601030401,2010,0.0,0.0,0.0
120601030401,2011,0.000232926,0.0,0.000232926
120601030401,2012,0.0,0.0,0.0
120601030401,2013,0.0,0.0,0.0
120601030401,2014,0.019460584,0.0,0.019460584
120601030401,2015,0.016872318,0.0,0.016872318
120601030401,2016,0.026107787,0.0,0.026107787
120601030401,2017,0.0,0.0,0.0
120601030401,2018,0.043533493,0.0,0.043533493
120601030401,2019,0.022204723,0.0,0.022204723
120601030401,2020,0.17376426,0.0,0.17376426
120601030402,2000,0.0,0.0,0.0
120601030402,2001,3.198016822,0.0,3.198016822
120601030402,2002,1.082719512,0.0,1.082719512
120601030402,2003,1.165602858,0.0,1.165602858
120601030402,2004,0.0,0.0,0.0
120601030402,2005,0.12833189,0.0,0.12833189
120601030402,2006,0.464434825,0.0,0.464434825
120601030402,2007,0.452127803,0.0,0.452127803
120601030402,2008,0.0,0.0,0.0
120601030402,2009,0.364653907,0.0,0.364653907
120601030402,2010,1.241055247,0.0,1.241055247
120601030402,2011,2.511239901,0.0,2.511239901
120601030402,2012,1.828926205,0.0,1.828926205
120601030402,2013,0.655846192,0.0,0.655846192
120601030402,2014,0.093650351,0.0,0.093650351
120601030402,2015,1.692965622,0.0,1.692965622
120601030402,2016,1.770834164,0.0,1.770834164
120601030402,2017,0.097382414,0.0,0.097382414
120601030402,2018,0.53875797,0.0,0.53875797
120601030402,2019,1.373347499,0.0,1.373347499
120601030402,2020,1.326676295,0.0,1.326676295
120601030403,2000,0.0,0.0,0.0
120601030403,2001,0.0,0.0,0.0
120601030403,2002,0.0,0.0,0.0
120601030403,2003,9.4268e-05,0.0,9.4268e-05
120601030403,2004,0.0,0.0,0.0
120601030403,2005,0.001812088,0.0,0.001812088
120601030403,2006,0.0,0.0,0.0
120601030403,2007,0.0,0.0,0.0
120601030403,2008,0.0,0.0,0.0
120601030403,2009,0.0,0.0,0.0
120601030403,2010,0.0,0.0,0.0
120601030403,2011,0.000637888,0.0,0.000637888
120601030403,2012,0.006062363,0.0,0.006062363
120601030403,2013,0.0,0.0,0.0
120601030403,2014,0.0,0.0,0.0
120601030403,2015,0.000176208,0.0,0.000176208
120601030403,2016,0.0,0.0,0.0
120601030403,2017,0.0,0.0,0.0
120601030403,2018,0.144881252,0.0,0.144881252
120601030403,2019,0.0,0.0,0.0
120601030403,2020,0.0,0.0,0.0
120601040101,2000,0.0,0.0,0.0
120601040101,2001,0.0,0.0,0.0
120601040101,2002,0.0,0.0,0.0
120601040101,2003,0.0,0.0,0.0
120601040101,2004,0.0,0.0,0.0
120601040101,2005,0.0,0.0,0.0
120601040101,2006,0.0,0.0,0.0
120601040101,2007,0.0,0.0,0.0
120601040101,2008,0.0,0.0,0.0
120601040101,2009,0.001294589,0.0,0.001294589
120601040101,2010,0.0,0.0,0.0
120601040101,2011,0.002646405,0.0,0.002646405
120601040101,2012,0.0,0.0,0.0
120601040101,2013,0.0,0.0,0.0
120601040101,2014,0.0,0.0,0.0
120601040101,2015,0.0,0.0,0.0
120601040101,2016,0.0,0.0,0.0
120601040101,2017,0.0,0.0,0.0
120601040101,2018,0.0,0.0,0.0
120601040101,2019,0.0,0.0,0.0
120601040101,2020,0.14215885,0.0,0.14215885
120601040102,2000,0.0,0.0,0.0
120601040102,2001,0.0,0.0,0.0
120601040102,2002,0.0,0.0,0.0
120601040102,2003,0.0,0.0,0.0
120601040102,2004,0.0,0.0,0.0
120601040102,2005,0.0,0.0,0.0
120601040102,2006,0.0,0.0,0.0
120601040102,2007,0.0,0.0,0.0
120601040102,2008,0.0,0.0,0.0
120601040102,2009,0.0,0.0,0.0
120601040102,2010,0.0,0.0,0.0
120601040102,2011,0.0,0.0,0.0
120601040102,2012,0.0,0.0,0.0
120601040102,2013,0.0,0.0,0.0
120601040102,2014,0.0,0.0,0.0
120601040102,2015,0.0,0.0,0.0
120601040102,2016,0.0,0.0,0.0
120601040102,2017,0.0,0.0,0.0
120601040102,2018,0.0,0.0,0.0
120601040102,2019,0.0,0.0,0.0
120601040102,2020,0.0,0.0,0.0
120601040103,2000,0.0,0.0,0.0
120601040103,2001,0.04726994,0.0,0.04726994
120601040103,2002,0.0,0.0,0.0
120601040103,2003,0.0,0.0,0.0
120601040103,2004,0.0,0.0,0.0
120601040103,2005,0.0,0.0,0.0
120601040103,2006,0.0,0.0,0.0
120601040103,2007,0.0,0.0,0.0
120601040103,2008,0.0,0.0,0.0
120601040103,2009,0.0,0.0,0.0
120601040103,2010,0.0,0.0,0.0
120601040103,2011,0.0,0.0,0.0
120601040103,2012,0.0,0.0,0.0
120601040103,2013,0.0,0.0,0.0
120601040103,2014,0.0,0.0,0.0
120601040103,2015,0.0,0.0,0.0
120601040103,2016,0.0,0.0,0.0
120601040103,2017,0.0,0.0,0.0
120601040103,2018,0.0,0.0,0.0
120601040103,2019,0.0,0.0,0.0
120601040103,2020,0.0,0.0,0.0
120601040104,2000,0.0,0.0,0.0
120601040104,2001,0.0,0.0,0.0
120601040104,2002,0.0,0.0,0.0
120601040104,2003,0.0,0.0,0.0
120601040104,2004,0.0,0.0,0.0
120601040104,2005,0.0,0.0,0.0
120601040104,2006,0.0,0.0,0.0
120601040104,2007,0.0,0.0,0.0
120601040104,2008,0.0,0.0,0.0
120601040104,2009,0.0,0.0,0.0
120601040104,2010,0.0,0.0,0.0
120601040104,2011,0.0,0.0,0.0
120601040104,2012,0.0,0.0,0.0
120601040104,2013,0.0,0.0,0.0
120601040104,2014,0.0,0.0,0.0
120601040104,2015,0.0,0.0,0.0
120601040104,2016,0.0,0.0,0.0
120601040104,2017,0.0,0.0,0.0
120601040104,2018,0.0,0.0,0.0
120601040104,2019,0.061449088,0.0,0.061449088
120601040104,2020,0.0,0.0,0.0
120601040105,2000,0.0,0.0,0.0
120601040105,2001,0.121129723,0.0,0.121129723
120601040105,2002,0.0,0.0,0.0
120601040105,2003,0.0,0.0,0.0
120601040105,2004,0.0,0.0,0.0
120601040105,2005,0.0,0.0,0.0
120601040105,2006,0.0,0.0,0.0
120601040105,2007,0.0,0.0,0.0
120601040105,2008,0.0,0.0,0.0
120601040105,2009,0.0,0.0,0.0
120601040105,2010,0.0,0.0,0.0
120601040105,2011,0.0,0.0,0.0
120601040105,2012,0.0,0.0,0.0
120601040105,2013,0.0,0.0,0.0
120601040105,2014,0.0,0.0,0.0
120601040105,2015,0.0,0.0,0.0
120601040105,2016,0.0,0.0,0.0
120601040105,2017,0.0,0.0,0.0
120601040105,2018,0.0,0.0,0.0
120601040105,2019,0.0,0.0,0.0
120601040105,2020,0.0,0.0,0.0
120601040106,2000,0.0,0.0,0.0
120601040106,2001,0.173204008,0.0,0.173204008
120601040106,2002,0.0,0.0,0.0
120601040106,2003,0.0,0.0,0.0
120601040106,2004,0.0,0.0,0.0
120601040106,2005,0.0,0.0,0.0
120601040106,2006,0.0,0.0,0.0
120601040106,2007,0.0,0.0,0.0
120601040106,2008,0.0,0.0,0.0
120601040106,2009,0.0,0.0,0.0
120601040106,2010,0.0,0.0,0.0
120601040106,2011,0.0,0.0,0.0
120601040106,2012,0.0,0.0,0.0
120601040106,2013,0.0,0.0,0.0
120601040106,2014,0.0,0.0,0.0
120601040106,2015,0.0,0.0,0.0
120601040106,2016,0.0,0.0,0.0
120601040106,2017,0.0,0.0,0.0
120601040106,2018,0.0,0.0,0.0
120601040106,2019,0.239280784,0.0,0.239280784
120601040106,2020,0.0,0.0,0.0
120601040107,2000,0.0,0.0,0.0
120601040107,2001,0.0,0.0,0.0
120601040107,2002,0.0,0.0,0.0
120601040107,2003,0.0,0.0,0.0
120601040107,2004,0.0,0.0,0.0
120601040107,2005,0.0,0.0,0.0
120601040107,2006,0.0,0.0,0.0
120601040107,2007,0.036417764,0.0,0.036417764
120601040107,2008,0.0,0.0,0.0
120601040107,2009,0.0,0.0,0.0
120601040107,2010,0.0,0.0,0.0
120601040107,2011,0.089217773,0.0,0.089217773
120601040107,2012,0.0,0.0,0.0
120601040107,2013,0.0,0.0,0.0
120601040107,2014,0.0,0.0,0.0
120601040107,2015,0.0,0.0,0.0
120601040107,2016,0.0,0.0,0.0
120601040107,2017,0.0,0.0,0.0
120601040107,2018,0.0,0.0,0.0
120601040107,2019,0.045858027,0.0,0.045858027
120601040107,2020,0.0,0.0,0.0
120601040108,2000,0.0,0.0,0.0
120601040108,2001,0.0,0.0,0.0
120601040108,2002,0.0,0.0,0.0
120601040108,2003,0.0,0.0,0.0
120601040108,2004,0.0,0.0,0.0
120601040108,2005,0.0,0.0,0.0
120601040108,2006,0.0,0.0,0.0
120601040108,2007,0.0,0.0,0.0
120601040108,2008,0.0,0.0,0.0
120601040108,2009,0.0,0.0,0.0
120601040108,2010,0.0,0.0,0.0
120601040108,2011,0.0,0.0,0.0
120601040108,2012,0.091096571,0.0,0.091096571
120601040108,2013,0.0,0.0,0.0
120601040108,2014,0.0,0.0,0.0
120601040108,2015,0.0,0.0,0.0
120601040108,2016,0.0,0.0,0.0
120601040108,2017,0.0,0.0,0.0
120601040108,2018,0.0,0.0,0.0
120601040108,2019,0.109892447,0.0,0.109892447
120601040108,2020,0.0,0.0,0.0
120601040201,2000,0.0,0.0,0.0
120601040201,2001,0.0,0.0,0.0
120601040201,2002,0.0,0.0,0.0
120601040201,2003,0.0,0.0,0.0
120601040201,2004,0.0,0.0,0.0
120601040201,2005,0.0,0.0,0.0
120601040201,2006,0.0,0.0,0.0
120601040201,2007,0.0,0.0,0.0
120601040201,2008,0.0,0.0,0.0
120601040201,2009,0.0,0.0,0.0
120601040201,2010,0.0,0.0,0.0
120601040201,2011,0.0,0.0,0.0
120601040201,2012,0.0,0.0,0.0
120601040201,2013,0.0,0.0,0.0
120601040201,2014,0.0,0.0,0.0
120601040201,2015,0.0,0.0,0.0
120601040201,2016,0.0,0.0,0.0
120601040201,2017,0.0,0.0,0.0
120601040201,2018,0.0,0.0,0.0
120601040201,2019,0.0,0.0,0.0
120601040201,2020,0.0,0.0,0.0
120601040202,2000,0.0,0.0,0.0
120601040202,2001,0.325551159,0.298530332,0.027020742
120601040202,2002,0.0,0.0,0.0
120601040202,2003,0.0,0.0,0.0
120601040202,2004,0.0,0.0,0.0
120601040202,2005,0.0,0.0,0.0
120601040202,2006,0.0,0.0,0.0
120601040202,2007,0.0,0.0,0.0
120601040202,2008,0.0,0.0,0.0
120601040202,2009,0.0,0.0,0.0
120601040202,2010,0.0,0.0,0.0
120601040202,2011,0.0,0.0,0.0
120601040202,2012,0.0,0.0,0.0
120601040202,2013,0.0,0.0,0.0
120601040202,2014,0.0,0.0,0.0
120601040202,2015,0.0,0.0,0.0
120601040202,2016,0.0,0.0,0.0
120601040202,2017,0.0,0.0,0.0
120601040202,2018,0.0,0.0,0.0
120601040202,2019,0.0,0.0,0.0
120601040202,2020,0.0,0.0,0.0
120601040203,2000,0.0,0.0,0.0
120601040203,2001,0.0,0.0,0.0
120601040203,2002,0.0,0.0,0.0
120601040203,2003,0.0,0.0,0.0
120601040203,2004,0.0,0.0,0.0
120601040203,2005,0.0,0.0,0.0
120601040203,2006,0.0,0.0,0.0
120601040203,2007,0.0,0.0,0.0
120601040203,2008,0.0,0.0,0.0
120601040203,2009,0.0,0.0,0.0
120601040203,2010,0.0,0.0,0.0
120601040203,2011,0.0,0.0,0.0
120601040203,2012,0.0,0.0,0.0
120601040203,2013,0.0,0.0,0.0
120601040203,2014,0.0,0.0,0.0
120601040203,2015,0.0,0.0,0.0
120601040203,2016,0.0,0.0,0.0
120601040203,2017,0.0,0.0,0.0
120601040203,2018,0.0,0.0,0.0
120601040203,2019,0.0,0.0,0.0
120601040203,2020,0.0,0.0,0.0
120601040204,2000,0.0,0.0,0.0
120601040204,2001,0.0,0.0,0.0
120601040204,2002,0.0,0.0,0.0
120601040204,2003,0.0,0.0,0.0
120601040204,2004,0.0,0.0,0.0
120601040204,2005,0.0,0.0,0.0
120601040204,2006,0.0,0.0,0.0
120601040204,2007,0.0,0.0,0.0
120601040204,2008,0.0,0.0,0.0
120601040204,2009,0.0,0.0,0.0
120601040204,2010,0.0,0.0,0.0
120601040204,2011,0.0,0.0,0.0
120601040204,2012,0.0,0.0,0.0
120601040204,2013,0.0,0.0,0.0
120601040204,2014,0.0,0.0,0.0
120601040204,2015,0.0,0.0,0.0
120601040204,2016,0.0,0.0,0.0
120601040204,2017,0.0,0.0,0.0
120601040204,2018,0.0,0.0,0.0
120601040204,2019,0.0,0.0,0.0
120601040204,2020,0.0,0.0,0.0
120601040205,2000,0.0,0.0,0.0
120601040205,2001,0.095905463,0.087945441,0.007960107
120601040205,2002,0.0,0.0,0.0
120601040205,2003,6.2915e-05,5.7737e-05,5.096e-06
120601040205,2004,0.0,0.0,0.0
120601040205,2005,0.029063033,0.026650847,0.002412186
120601040205,2006,0.129741041,0.118972326,0.010768548
120601040205,2007,0.0,0.0,0.0
120601040205,2008,0.0,0.0,0.0
120601040205,2009,0.0,0.0,0.0
120601040205,2010,0.155207551,0.142325304,0.012882329
120601040205,2011,0.0,0.0,0.0
120601040205,2012,0.104838489,0.096136959,0.008701615
120601040205,2013,0.0,0.0,0.0
120601040205,2014,0.013617696,0.01248734,0.001130271
120601040205,2015,0.0,0.0,0.0
120601040205,2016,0.0,0.0,0.0
120601040205,2017,0.0,0.0,0.0
120601040205,2018,0.0,0.0,0.0
120601040205,2019,0.295715452,0.271171014,0.024544353
120601040205,2020,0.0,0.0,0.0
120601040301,2000,0.0,0.0,0.0
120601040301,2001,0.0,0.0,0.0
120601040301,2002,0.0,0.0,0.0
120601040301,2003,0.0,0.0,0.0
120601040301,2004,0.0,0.0,0.0
120601040301,2005,0.0,0.0,0.0
120601040301,2006,0.0,0.0,0.0
120601040301,2007,0.0,0.0,0.0
120601040301,2008,0.0,0.0,0.0
120601040301,2009,0.0,0.0,0.0
120601040301,2010,0.0,0.0,0.0
120601040301,2011,0.0,0.0,0.0
120601040301,2012,0.0,0.0,0.0
120601040301,2013,0.0,0.0,0.0
120601040301,2014,0.021440767,0.019661184,0.001779666
120601040301,2015,0.0,0.0,0.0
120601040301,2016,0.055891579,0.051252536,0.004638956
120601040301,2017,0.069967088,0.064159805,0.005807192
120601040301,2018,0.109121666,0.10006463,0.009057121
120601040301,2019,0.0,0.0,0.0
120601040301,2020,0.0,0.0,0.0
120601040302,2000,0.0,0.0,0.0
120601040302,2001,0.0,0.0,0.0
120601040302,2002,0.0,0.0,0.0
120601040302,2003,0.0,0.0,0.0
120601040302,2004,0.0,0.0,0.0
120601040302,2005,0.0,0.0,0.0
120601040302,2006,0.0,0.0,0.0
120601040302,2007,0.0,0.0,0.0
120601040302,2008,0.0,0.0,0.0
120601040302,2009,0.0,0.0,0.0
120601040302,2010,0.0,0.0,0.0
120601040302,2011,0.0,0.0,0.0
120601040302,2012,0.0,0.0,0.0
120601040302,2013,0.0,0.0,0.0
120601040302,2014,0.0,0.0,0.0
120601040302,2015,0.018768167,0.018768167,0.0
120601040302,2016,0.0,0.0,0.0
120601040302,2017,0.0,0.0,0.0
120601040302,2018,0.0,0.0,0.0
120601040302,2019,0.078604688,0.07208046,0.006524142
120601040302,2020,0.0,0.0,0.0
120601040303,2000,0.0,0.0,0.0
120601040303,2001,0.0,0.0,0.0
120601040303,2002,0.108928438,0.108928438,0.0
120601040303,2003,0.0,0.0,0.0
120601040303,2004,0.0,0.0,0.0
120601040303,2005,0.0,0.0,0.0
120601040303,2006,0.0,0.0,0.0
120601040303,2007,0.248525277,0.248525277,0.0
120601040303,2008,0.250914872,0.250914872,0.0
120601040303,2009,0.0,0.0,0.0
120601040303,2010,0.0,0.0,0.0
120601040303,2011,0.0,0.0,0.0
120601040303,2012,0.376701546,0.376701546,0.0
120601040303,2013,0.0,0.0,0.0
120601040303,2014,0.0,0.0,0.0
120601040303,2015,0.113681767,0.113681767,0.0
120601040303,2016,0.0,0.0,0.0
120601040303,2017,0.0,0.0,0.0
120601040303,2018,0.206849978,0.206849978,0.0
120601040303,2019,0.0,0.0,0.0
120601040303,2020,0.0,0.0,0.0
120601050101,2000,0.0,0.0,0.0
120601050101,2001,0.0,0.0,0.0
120601050101,2002,0.0,0.0,0.0
120601050101,2003,0.0,0.0,0.0
120601050101,2004,0.0,0.0,0.0
120601050101,2005,0.0,0.0,0.0
120601050101,2006,0.0,0.0,0.0
120601050101,2007,0.0,0.0,0.0
120601050101,2008,0.0,0.0,0.0
120601050101,2009,0.0,0.0,0.0
120601050101,2010,0.0,0.0,0.0
120601050101,2011,0.0,0.0,0.0
120601050101,2012,0.0,0.0,0.0
120601050101,2013,0.0,0.0,0.0
120601050101,2014,0.0,0.0,0.0
120601050101,2015,0.0,0.0,0.0
120601050101,2016,0.0,0.0,0.0
120601050101,2017,0.0,0.0,0.0
120601050101,2018,0.0,0.0,0.0
120601050101,2019,0.0,0.0,0.0
120601050101,2020,0.0,0.0,0.0
120601050102,2000,0.0,0.0,0.0
120601050102,2001,0.0,0.0,0.0
120601050102,2002,0.0,0.0,0.0
120601050102,2003,0.0,0.0,0.0
120601050102,2004,0.0,0.0,0.0
120601050102,2005,0.0,0.0,0.0
120601050102,2006,0.0,0.0,0.0
120601050102,2007,0.0,0.0,0.0
120601050102,2008,0.0,0.0,0.0
120601050102,2009,0.0,0.0,0.0
120601050102,2010,0.0,0.0,0.0
120601050102,2011,0.0,0.0,0.0
120601050102,2012,0.000461874,0.0,0.000461874
120601050102,2013,0.004882699,0.0,0.004882699
120601050102,2014,0.005001967,0.0,0.005001967
120601050102,2015,0.0,0.0,0.0
120601050102,2016,0.000186918,0.0,0.000186918
120601050102,2017,0.0,0.0,0.0
120601050102,2018,0.000440521,0.0,0.000440521
120601050102,2019,0.164624956,0.0,0.164624956
120601050102,2020,0.0,0.0,0.0
120601050103,2000,0.0,0.0,0.0
120601050103,2001,0.0,0.0,0.0
120601050103,2002,0.0,0.0,0.0
120601050103,2003,0.0,0.0,0.0
120601050103,2004,0.0,0.0,0.0
120601050103,2005,0.0,0.0,0.0
120601050103,2006,0.0,0.0,0.0
120601050103,2007,0.0,0.0,0.0
120601050103,2008,0.0,0.0,0.0
120601050103,2009,0.0,0.0,0.0
120601050103,2010,0.0,0.0,0.0
120601050103,2011,0.0,0.0,0.0
120601050103,2012,0.0,0.0,0.0
120601050103,2013,0.0,0.0,0.0
120601050103,2014,0.0,0.0,0.0
120601050103,2015,0.0,0.0,0.0
120601050103,2016,0.0,0.0,0.0
120601050103,2017,0.0,0.0,0.0
120601050103,2018,0.0,0.0,0.0
120601050103,2019,0.056285567,0.0,0.056285567
120601050103,2020,0.0,0.0,0.0
120601050104,2000,0.0,0.0,0.0
120601050104,2001,0.0,0.0,0.0
120601050104,2002,0.0,0.0,0.0
120601050104,2003,0.0,0.0,0.0
120601050104,2004,0.000282361,0.0,0.000282361
120601050104,2005,0.097310688,0.0,0.097310688
120601050104,2006,0.0,0.0,0.0
120601050104,2007,0.0,0.0,0.0
120601050104,2008,0.0,0.0,0.0
120601050104,2009,0.0,0.0,0.0
120601050104,2010,0.0,0.0,0.0
120601050104,2011,0.0,0.0,0.0
120601050104,2012,0.0,0.0,0.0
120601050104,2013,0.003666022,0.0,0.003666022
120601050104,2014,0.000200827,0.0,0.000200827
120601050104,2015,0.002590041,0.0,0.002590041
120601050104,2016,0.10313591,0.0,0.10313591
120601050104,2017,0.0,0.0,0.0
120601050104,2018,0.0,0.0,0.0
120601050104,2019,0.0,0.0,0.0
120601050104,2020,0.0,0.0,0.0
120601050105,2000,0.0,0.0,0.0
120601050105,2001,0.004032458,0.0,0.004032458
120601050105,2002,0.0,0.0,0.0
120601050105,2003,0.0,0.0,0.0
120601050105,2004,0.0,0.0,0.0
120601050105,2005,0.0,0.0,0.0
120601050105,2006,0.0,0.0,0.0
120601050105,2007,0.00098466,0.0,0.00098466
120601050105,2008,0.0,0.0,0.0
120601050105,2009,0.0,0.0,0.0
120601050105,2010,0.024594532,0.0,0.024594532
120601050105,2011,0.035778773,0.0,0.035778773
120601050105,2012,0.006720022,0.0,0.006720022
120601050105,2013,0.0,0.0,0.0
120601050105,2014,0.0,0.0,0.0
120601050105,2015,0.001736419,0.0,0.001736419
120601050105,2016,0.0,0.0,0.0
120601050105,2017,0.0,0.0,0.0
120601050105,2018,0.006390318,0.0,0.006390318
120601050105,2019,0.042991088,0.0,0.042991088
120601050105,2020,0.0,0.0,0.0
120601050106,2000,0.0,0.0,0.0
120601050106,2001,0.0,0.0,0.0
120601050106,2002,0.0,0.0,0.0
120601050106,2003,0.0,0.0,0.0
120601050106,2004,0.0,0.0,0.0
120601050106,2005,0.000191655,0.0,0.000191655
120601050106,2006,0.0,0.0,0.0
120601050106,2007,0.0,0.0,0.0
120601050106,2008,0.0,0.0,0.0
120601050106,2009,0.0,0.0,0.0
120601050106,2010,0.013963395,0.0,0.013963395
120601050106,2011,0.024530452,0.0,0.024530452
120601050106,2012,0.012887921,0.0,0.012887921
120601050106,2013,0.0,0.0,0.0
120601050106,2014,0.0,0.0,0.0
120601050106,2015,0.008566718,0.0,0.008566718
120601050106,2016,0.0,0.0,0.0
120601050106,2017,0.0,0.0,0.0
120601050106,2018,0.0,0.0,0.0
120601050106,2019,0.061468984,0.0,0.061468984
120601050106,2020,0.0,0.0,0.0
120601050107,2000,0.0,0.0,0.0
120601050107,2001,0.005039871,0.0,0.005039871
120601050107,2002,0.0,0.0,0.0
120601050107,2003,0.0,0.0,0.0
120601050107,2004,0.0,0.0,0.0
120601050107,2005,0.0,0.0,0.0
120601050107,2006,0.0,0.0,0.0
120601050107,2007,0.0,0.0,0.0
120601050107,2008,0.0,0.0,0.0
120601050107,2009,0.0,0.0,0.0
120601050107,2010,0.093448488,0.0,0.093448488
120601050107,2011,0.135749033,0.0,0.135749033
120601050107,2012,0.0,0.0,0.0
120601050107,2013,0.0,0.0,0.0
120601050107,2014,0.0,0.0,0.0
120601050107,2015,0.0,0.0,0.0
120601050107,2016,0.0,0.0,0.0
120601050107,2017,0.0,0.0,0.0
120601050107,2018,0.0,0.0,0.0
120601050107,2019,0.14450114,0.0,0.14450114
120601050107,2020,0.0,0.0,0.0
120601050201,2000,0.0,0.0,0.0
120601050201,2001,0.0,0.0,0.0
120601050201,2002,0.0,0.0,0.0
120601050201,2003,0.0,0.0,0.0
120601050201,2004,0.0,0.0,0.0
120601050201,2005,0.0,0.0,0.0
120601050201,2006,0.0,0.0,0.0
120601050201,2007,0.0,0.0,0.0
120601050201,2008,0.0,0.0,0.0
120601050201,2009,0.0,0.0,0.0
120601050201,2010,0.0,0.0,0.0
120601050201,2011,0.0,0.0,0.0
120601050201,2012,0.0,0.0,0.0
120601050201,2013,0.0,0.0,0.0
120601050201,2014,0.0,0.0,0.0
120601050201,2015,0.0,0.0,0.0
120601050201,2016,0.0,0.0,0.0
120601050201,2017,0.0,0.0,0.0
120601050201,2018,0.0,0.0,0.0
120601050201,2019,0.0,0.0,0.0
120601050201,2020,0.0,0.0,0.0
