huc12_id,year,irrwdtot_mgd,irrwdsw_mgd,irrwdgw_mgd
120800010408,2000,9.819389066,0.088374634,9.731014598
120800010408,2001,7.572058378,0.068148526,7.503909937
120800010408,2002,8.195083438,0.073755701,8.121327737
120800010408,2003,7.549641748,0.067946762,7.481694986
120800010408,2004,6.96350824,0.062671615,6.90083671
120800010408,2005,7.702466233,0.069322096,7.633144137
120800010408,2006,5.699020789,0.051291233,5.647729638
120800010408,2007,6.523775216,0.058714025,6.465061192
120800010408,2008,7.125357014,0.064128161,7.061228519
120800010408,2009,7.7163524,0.069447107,7.646905293
120800010408,2010,8.859377581,0.079734485,8.779643096
120800010408,2011,10.620553641,0.095585022,10.524968534
120800010408,2012,6.446353872,0.058017268,6.388336852
120800010408,2013,7.85353734,0.070681803,7.782855534
120800010408,2014,6.815034381,0.06133531,6.753699071
120800010408,2015,8.515343137,0.076638038,8.438705101
120800010408,2016,7.030377134,0.0632735,6.967103803
120800010408,2017,6.536769811,0.058830978,6.477938836
120800010408,2018,5.608018225,0.050472222,5.557546085
120800010408,2019,8.828253542,0.079454236,8.748799222
120800010408,2020,8.469044243,0.07622129,8.392823038
120800010409,2000,21.654771964,0.194892932,21.459878948
120800010409,2001,15.603058625,0.140427548,15.462631077
120800010409,2002,16.572249301,0.149150299,16.423099005
120800010409,2003,15.61347457,0.140521293,15.472953277
120800010409,2004,13.701273626,0.123311536,13.57796226
120800010409,2005,15.308801216,0.137779167,15.171022129
120800010409,2006,14.029679764,0.126267044,13.903412721
120800010409,2007,14.43310911,0.129897866,14.303211244
120800010409,2008,12.378968093,0.11141076,12.267557246
120800010409,2009,14.585548562,0.131269942,14.454278619
120800010409,2010,17.773791449,0.159964022,17.613827175
120800010409,2011,24.002061107,0.216018532,23.78604249
120800010409,2012,14.936419664,0.134427749,14.801991915
120800010409,2013,13.089722584,0.117807444,12.971915222
120800010409,2014,12.674502625,0.114070658,12.560432052
120800010409,2015,14.856476049,0.133708304,14.722767827
120800010409,2016,14.372088831,0.129348877,14.242740199
120800010409,2017,11.208155934,0.100873521,11.107282499
120800010409,2018,12.461835134,0.112156537,12.349678682
120800010409,2019,15.631839003,0.140686567,15.491152353
120800010409,2020,16.916897596,0.152252049,16.764645544
120800010501,2000,23.706871109,0.21336182,23.49350929
120800010501,2001,15.034783132,0.135313096,14.8994702
120800010501,2002,17.1220848,0.154098682,16.967986115
120800010501,2003,17.729587674,0.159566249,17.570021425
120800010501,2004,16.346169814,0.147115544,16.19905444
120800010501,2005,17.676836562,0.15909157,17.517744992
120800010501,2006,15.614045863,0.140526414,15.473519614
120800010501,2007,15.689860759,0.141208696,15.548651978
120800010501,2008,15.338540555,0.138046781,15.200493607
120800010501,2009,16.57745851,0.149196967,16.428261458
120800010501,2010,17.090208986,0.153811841,16.93639706
120800010501,2011,21.721412792,0.195492622,21.525920085
120800010501,2012,19.248192074,0.173233732,19.074958511
120800010501,2013,12.345388781,0.111108556,12.234280225
120800010501,2014,13.423344827,0.120810263,13.302534729
120800010501,2015,14.508021337,0.130572107,14.377449145
120800010501,2016,14.876317893,0.133886787,14.742431022
120800010501,2017,15.931535304,0.143383619,15.788151685
120800010501,2018,13.524120192,0.121717115,13.402403159
120800010501,2019,17.450445682,0.157053942,17.29339174
120800010501,2020,16.63599788,0.149723923,16.486274041
120800010502,2000,12.876446803,0.115888169,12.760558716
120800010502,2001,9.428850515,0.084859641,9.343990956
120800010502,2002,11.95314857,0.107578359,11.845570211
120800010502,2003,8.559145888,0.077032321,8.482113485
120800010502,2004,9.075046311,0.081675331,8.993370899
120800010502,2005,11.002975805,0.099026762,10.903948877
120800010502,2006,10.095789318,0.090862077,10.004927241
120800010502,2007,7.856029438,0.070704296,7.785325142
120800010502,2008,8.04200673,0.072378117,7.969628866
120800010502,2009,9.377343266,0.084396123,9.292947055
120800010502,2010,8.059888079,0.072538956,7.987349123
120800010502,2011,13.200354444,0.118803252,13.081551359
120800010502,2012,8.683741746,0.078153538,8.605588208
120800010502,2013,7.062641863,0.063563756,6.99907811
120800010502,2014,5.793590197,0.05214237,5.741447742
120800010502,2015,8.065689022,0.07259114,7.993097797
120800010502,2016,7.685866202,0.069172784,7.616693251
120800010502,2017,6.877882575,0.061900932,6.815981896
120800010502,2018,8.748694674,0.078738279,8.669956477
120800010502,2019,8.584878244,0.07726391,8.507614334
120800010502,2020,12.135569407,0.109220175,12.02634915
120800010503,2000,17.352526407,0.138820208,17.213706284
120800010503,2001,13.048135268,0.104385112,12.943750238
120800010503,2002,12.699473871,0.101595827,12.597878044
120800010503,2003,11.175374258,0.078227515,11.097146742
120800010503,2004,8.160306339,0.065282385,8.095023872
120800010503,2005,11.991609219,0.08394134,11.907667882
120800010503,2006,11.538942677,0.09231171,11.446631386
120800010503,2007,8.189510515,0.057326616,8.132183814
120800010503,2008,9.788373243,0.068518617,9.719854544
120800010503,2009,12.352419041,0.086466918,12.265952208
120800010503,2010,8.485580978,0.059399,8.426181896
120800010503,2011,15.800447362,0.126403474,15.674043973
120800010503,2012,9.285990836,0.065001951,9.22098897
120800010503,2013,6.90767654,0.055261458,6.852415164
120800010503,2014,7.005981932,0.049041978,6.956939868
120800010503,2015,9.644679403,0.067512767,9.577166718
120800010503,2016,9.044979781,0.063314869,8.981664913
120800010503,2017,7.741275942,0.054189014,7.687086929
120800010503,2018,10.824190474,0.075769238,10.748421153
120800010503,2019,9.039911255,0.063279474,8.976631953
120800010503,2020,12.45749862,0.099659973,12.357838648
120800020101,2000,2.587584298,0.0,2.587584298
120800020101,2001,0.847066932,0.0,0.847066932
120800020101,2002,2.254935956,0.0,2.254935956
120800020101,2003,1.697134712,0.0,1.697134712
120800020101,2004,3.479215798,0.0,3.479215798
120800020101,2005,2.817278458,0.0,2.817278458
120800020101,2006,1.223485551,0.0,1.223485551
120800020101,2007,1.670247592,0.0,1.670247592
120800020101,2008,3.515377675,0.0,3.515377675
120800020101,2009,2.658343729,0.0,2.658343729
120800020101,2010,3.617996296,0.0,3.617996296
120800020101,2011,0.847060723,0.0,0.847060723
120800020101,2012,0.918416347,0.0,0.918416347
120800020101,2013,1.836331753,0.0,1.836331753
120800020101,2014,1.481146847,0.0,1.481146847
120800020101,2015,3.067949126,0.0,3.067949126
120800020101,2016,2.554088336,0.0,2.554088336
120800020101,2017,3.885713981,0.0,3.885713981
120800020101,2018,3.540731348,0.0,3.540731348
120800020101,2019,2.988380811,0.0,2.988380811
120800020101,2020,2.611433407,0.0,2.611433407
120800020102,2000,7.350076495,0.029400306,7.320676189
120800020102,2001,5.528301578,0.016584786,5.511716455
120800020102,2002,6.330925074,0.018992822,6.311932255
120800020102,2003,4.692921255,0.014078726,4.678842614
120800020102,2004,3.019767735,0.01207909,3.007688809
120800020102,2005,5.639531326,0.016918616,5.622612707
120800020102,2006,4.012601904,0.016050293,3.996551614
120800020102,2007,4.802818584,0.014408427,4.788410159
120800020102,2008,4.744967347,0.014234877,4.730732637
120800020102,2009,6.024585816,0.018073792,6.006512189
120800020102,2010,5.257984959,0.015773932,5.242210942
120800020102,2011,7.084032778,0.021252115,7.062780578
120800020102,2012,5.408464825,0.016225344,5.392239314
120800020102,2013,2.986801036,0.005973652,2.980827301
120800020102,2014,3.932956112,0.007865951,3.925090329
120800020102,2015,5.204921203,0.015614871,5.189306414
120800020102,2016,4.534101292,0.013602366,4.520498923
120800020102,2017,4.887735658,0.01466323,4.87307226
120800020102,2018,3.950332384,0.007900786,3.942431682
120800020102,2019,4.863135734,0.014589397,4.848546334
120800020102,2020,5.449952183,0.016349896,5.433602369
120800020103,2000,4.25371673,0.0,4.25371673
120800020103,2001,2.294292079,0.0,2.294292079
120800020103,2002,3.912317592,0.0,3.912317592
120800020103,2003,2.655615447,0.0,2.655615447
120800020103,2004,3.497254563,0.0,3.497254563
120800020103,2005,4.006610027,0.0,4.006610027
120800020103,2006,3.128892156,0.0,3.128892156
120800020103,2007,3.396260132,0.0,3.396260132
120800020103,2008,2.519346268,0.0,2.519346268
120800020103,2009,4.95094814,0.0,4.95094814
120800020103,2010,4.168149627,0.0,4.168149627
120800020103,2011,4.468532759,0.0,4.468532759
120800020103,2012,4.652783781,0.0,4.652783781
120800020103,2013,4.320365252,0.0,4.320365252
120800020103,2014,4.011355416,0.0,4.011355416
120800020103,2015,4.338297677,0.0,4.338297677
120800020103,2016,3.936768708,0.0,3.936768708
120800020103,2017,3.953570255,0.0,3.953570255
120800020103,2018,4.27606517,0.0,4.27606517
120800020103,2019,3.716927222,0.0,3.716927222
120800020103,2020,7.007314178,0.0,7.007314178
120800020104,2000,5.475133557,0.0,5.475133557
120800020104,2001,1.654710874,0.0,1.654710874
120800020104,2002,5.399230866,0.0,5.399230866
120800020104,2003,2.43944243,0.0,2.43944243
120800020104,2004,2.654243907,0.0,2.654243907
120800020104,2005,4.081678093,0.0,4.081678093
120800020104,2006,1.885680195,0.0,1.885680195
120800020104,2007,2.247322266,0.0,2.247322266
120800020104,2008,4.41751909,0.0,4.41751909
120800020104,2009,4.869140874,0.0,4.869140874
120800020104,2010,4.208229797,0.0,4.208229797
120800020104,2011,3.190255022,0.0,3.190255022
120800020104,2012,4.617407863,0.0,4.617407863
120800020104,2013,2.906178153,0.0,2.906178153
120800020104,2014,3.109485455,0.0,3.109485455
120800020104,2015,4.183187912,0.0,4.183187912
120800020104,2016,3.231937287,0.0,3.231937287
120800020104,2017,3.9155752,0.0,3.9155752
120800020104,2018,4.185874214,0.0,4.185874214
120800020104,2019,3.753196836,0.0,3.753196836
120800020104,2020,5.246703781,0.0,5.246703781
120800020105,2000,5.092622749,0.050926372,5.041696377
120800020105,2001,3.529173967,0.035291795,3.493882258
120800020105,2002,1.985685271,0.019856745,1.965828608
120800020105,2003,2.099044348,0.020990529,2.078053822
120800020105,2004,1.869898959,0.018698986,1.851199885
120800020105,2005,1.864570923,0.01864566,1.845925096
120800020105,2006,1.977912923,0.019779178,1.958133745
120800020105,2007,3.069874178,0.030698784,3.039175395
120800020105,2008,2.882254344,0.028822459,2.853431719
120800020105,2009,3.859837548,0.038598485,3.821238981
120800020105,2010,2.732225756,0.027322252,2.704903589
120800020105,2011,3.326872762,0.033268723,3.293603951
120800020105,2012,4.556276637,0.045562743,4.510713727
120800020105,2013,2.528043652,0.025280438,2.502763214
120800020105,2014,2.08551866,0.02085517,2.064663405
120800020105,2015,4.205221556,0.042052356,4.163169282
120800020105,2016,2.826656653,0.028266574,2.798390079
120800020105,2017,3.471905967,0.034718945,3.437187019
120800020105,2018,3.307302123,0.03307297,3.274229156
120800020105,2019,3.507868592,0.035078679,3.472789912
120800020105,2020,7.118624399,0.071186161,7.047438074
120800020106,2000,1.387208522,0.002774385,1.384434219
120800020106,2001,1.539722937,0.004619145,1.535103792
120800020106,2002,1.024423438,0.002048871,1.022374482
120800020106,2003,1.078972726,0.003237041,1.07573577
120800020106,2004,2.860286199,0.017161656,2.843124462
120800020106,2005,2.686159581,0.016116997,2.670042751
120800020106,2006,1.018523496,0.00305554,1.01546771
120800020106,2007,2.591913386,0.015551575,2.576361893
120800020106,2008,2.428938,0.009715842,2.419222322
120800020106,2009,1.804635074,0.010827745,1.793807496
120800020106,2010,2.148140682,0.012888899,2.135251951
120800020106,2011,2.542482444,0.007627504,2.534855107
120800020106,2012,2.688972443,0.016133858,2.672838833
120800020106,2013,3.657556334,0.02194531,3.635610942
120800020106,2014,2.047645885,0.008190553,2.039455244
120800020106,2015,2.787278488,0.016723671,2.770554899
120800020106,2016,2.149645361,0.010748246,2.138897115
120800020106,2017,1.758869027,0.010553241,1.748315868
120800020106,2018,2.935342036,0.014676756,2.920665449
120800020106,2019,2.590427479,0.015542597,2.574885052
120800020106,2020,7.316338372,0.051214434,7.265123855
120800020107,2000,0.192684874,0.001926899,0.190757975
120800020107,2001,0.328248907,0.003282427,0.324966397
120800020107,2002,0.086372614,0.000863732,0.085508882
120800020107,2003,0.143782096,0.001437805,0.14234429
120800020107,2004,0.100121284,0.001001191,0.099120096
120800020107,2005,0.100548858,0.001005501,0.099543441
120800020107,2006,0.282242732,0.002822529,0.279420203
120800020107,2007,0.232012485,0.002320156,0.229692414
120800020107,2008,0.104405596,0.001044022,0.103361489
120800020107,2009,0.48547237,0.004854658,0.480617627
120800020107,2010,0.275956964,0.002759627,0.273197337
120800020107,2011,0.649734121,0.00649743,0.643236773
120800020107,2012,0.682068063,0.006820656,0.675247243
120800020107,2013,0.287381499,0.00287383,0.284507584
120800020107,2014,0.299221548,0.002992312,0.296229318
120800020107,2015,0.326945814,0.00326946,0.323676353
120800020107,2016,0.371491637,0.003714937,0.367776699
120800020107,2017,0.212053814,0.00212066,0.209933403
120800020107,2018,0.262189767,0.002621844,0.259567841
120800020107,2019,0.421846392,0.004218392,0.417628
120800020107,2020,0.456450437,0.004564445,0.451885992
120800020108,2000,0.329578467,0.002966295,0.326612421
120800020108,2001,0.500591904,0.003504079,0.497087742
120800020108,2002,0.330681205,0.003306838,0.327374537
120800020108,2003,0.61654229,0.004932301,0.611609819
120800020108,2004,0.430447754,0.003874071,0.426573765
120800020108,2005,0.6692946,0.006693063,0.662601701
120800020108,2006,0.299220074,0.002393819,0.296826255
120800020108,2007,0.652862159,0.006528619,0.646333625
120800020108,2008,0.352534164,0.003525492,0.349008839
120800020108,2009,0.546328899,0.005463356,0.540865627
120800020108,2010,0.737892882,0.006641096,0.731251784
120800020108,2011,0.675323921,0.006077797,0.669246041
120800020108,2012,0.645531,0.006455369,0.639075798
120800020108,2013,0.645898036,0.00581314,0.640084978
120800020108,2014,0.394055132,0.003546458,0.390508592
120800020108,2015,0.451649789,0.004516504,0.447133282
120800020108,2016,0.478837262,0.004309615,0.47452773
120800020108,2017,0.218587225,0.002185827,0.21640123
120800020108,2018,0.430355079,0.00387331,0.426481688
120800020108,2019,1.991775241,0.017925932,1.97384931
120800020108,2020,1.334017839,0.00933812,1.324679721
120800020109,2000,1.636886044,0.016368773,1.620517186
120800020109,2001,1.433155367,0.014331488,1.418823795
120800020109,2002,2.216588666,0.022165814,2.194422767
120800020109,2003,1.560591696,0.015605893,1.544985973
120800020109,2004,2.481392186,0.02481394,2.456578161
120800020109,2005,2.211692123,0.022116945,2.189575096
120800020109,2006,1.694359753,0.016943636,1.677416285
120800020109,2007,2.689363249,0.026893575,2.662469674
120800020109,2008,1.528611962,0.015286183,1.513325779
120800020109,2009,2.556729255,0.025567392,2.531161948
120800020109,2010,2.487770685,0.024877718,2.462892882
120800020109,2011,2.714679068,0.02714689,2.68753226
120800020109,2012,3.308331669,0.033083418,3.275248418
120800020109,2013,1.729935142,0.01729931,1.712635833
120800020109,2014,1.719561074,0.017195636,1.702365523
120800020109,2015,2.459967203,0.024599666,2.435367373
120800020109,2016,1.54370356,0.015437005,1.528266388
120800020109,2017,2.01910371,0.02019091,1.99891263
120800020109,2018,2.567045986,0.025670323,2.541375581
120800020109,2019,2.078197537,0.020782038,2.057415581
120800020109,2020,2.928569833,0.029285568,2.899284014
120800020201,2000,2.736606519,0.027366104,2.709240331
120800020201,2001,2.34866411,0.023486551,2.32517731
120800020201,2002,2.218513866,0.022185227,2.196328808
120800020201,2003,2.260177871,0.022601726,2.237575893
120800020201,2004,2.071779134,0.020717787,2.051061265
120800020201,2005,2.476830545,0.024768296,2.452062164
120800020201,2006,1.903250175,0.019032501,1.884217844
120800020201,2007,2.487761011,0.024877586,2.462883507
120800020201,2008,1.753256585,0.01753259,1.735724074
120800020201,2009,2.471017995,0.024710205,2.446307956
120800020201,2010,3.108511518,0.031085063,3.077426455
120800020201,2011,3.561922419,0.035619099,3.526303238
120800020201,2012,2.609973557,0.026099801,2.583873926
120800020201,2013,1.614246458,0.016142564,1.598103978
120800020201,2014,1.909165553,0.019091685,1.890073866
120800020201,2015,2.13958417,0.021395789,2.118188129
120800020201,2016,1.876304158,0.018763074,1.857541082
120800020201,2017,2.009064173,0.020090556,1.988973452
120800020201,2018,1.39170474,0.013917033,1.377787707
120800020201,2019,1.822436652,0.018224436,1.804212216
120800020201,2020,2.248614852,0.02248612,2.226128732
120800020202,2000,0.0,0.0,0.0
120800020202,2001,0.0,0.0,0.0
120800020202,2002,0.0,0.0,0.0
120800020202,2003,0.0,0.0,0.0
120800020202,2004,0.220700686,0.00220703,0.218493822
120800020202,2005,0.045989337,0.00045986,0.045529392
120800020202,2006,0.123797403,0.001237997,0.12255949
120800020202,2007,0.02382063,0.000238244,0.023582386
120800020202,2008,0.017487265,0.000174869,0.017312399
120800020202,2009,0.0,0.0,0.0
120800020202,2010,0.313243641,0.003132507,0.310111047
120800020202,2011,0.0,0.0,0.0
120800020202,2012,0.0,0.0,0.0
120800020202,2013,0.156436907,0.001564392,0.154872515
120800020202,2014,0.034484655,0.000344808,0.034139679
120800020202,2015,0.0,0.0,0.0
120800020202,2016,0.012969669,0.000129776,0.012839893
120800020202,2017,0.0,0.0,0.0
120800020202,2018,0.0,0.0,0.0
120800020202,2019,0.088233288,0.0,0.088233288
120800020202,2020,0.007852068,7.8421e-05,0.007773478
120800020203,2000,0.481800555,0.004818126,0.476982516
120800020203,2001,0.28353806,0.002835345,0.28070263
120800020203,2002,0.345913573,0.003459132,0.342454353
120800020203,2003,0.427495397,0.004274926,0.423220304
120800020203,2004,0.463726628,0.004637139,0.459089404
120800020203,2005,0.430095353,0.004301058,0.425794381
120800020203,2006,0.666474712,0.00666477,0.659809942
120800020203,2007,0.488152742,0.004881562,0.483271181
120800020203,2008,0.332702473,0.003327148,0.329375574
120800020203,2009,0.322272151,0.003222795,0.319049441
120800020203,2010,0.547300819,0.005472986,0.54182783
120800020203,2011,0.721873833,0.007218666,0.71465517
120800020203,2012,0.0,0.0,0.0
120800020203,2013,0.492320721,0.004923279,0.487397274
120800020203,2014,0.17170491,0.001717112,0.169987797
120800020203,2015,0.186114874,0.00186114,0.184253822
120800020203,2016,0.12768777,0.001276885,0.126410801
120800020203,2017,0.206494926,0.002064975,0.204430036
120800020203,2018,0.151490775,0.001515033,0.149975825
120800020203,2019,0.254759962,0.002547663,0.252212378
120800020203,2020,0.208746464,0.002087552,0.206659082
120800020204,2000,0.035766749,0.0,0.035766749
120800020204,2001,0.0,0.0,0.0
120800020204,2002,0.0,0.0,0.0
120800020204,2003,0.0,0.0,0.0
120800020204,2004,0.075565831,0.0,0.075565831
120800020204,2005,0.0,0.0,0.0
120800020204,2006,0.058911036,0.0,0.058911036
120800020204,2007,0.0,0.0,0.0
120800020204,2008,0.071244814,0.0,0.071244814
120800020204,2009,0.0,0.0,0.0
120800020204,2010,0.017656,0.0,0.017656
120800020204,2011,0.0,0.0,0.0
120800020204,2012,0.0,0.0,0.0
120800020204,2013,0.0,0.0,0.0
120800020204,2014,0.0,0.0,0.0
120800020204,2015,0.0,0.0,0.0
120800020204,2016,0.017731732,0.0,0.017731732
120800020204,2017,0.084007614,0.0,0.084007614
120800020204,2018,0.0,0.0,0.0
120800020204,2019,0.006086784,0.0,0.006086784
120800020204,2020,0.0,0.0,0.0
120800020301,2000,26.236348057,0.236127117,26.000221109
120800020301,2001,17.399299685,0.15659369,17.242705992
120800020301,2002,20.087055181,0.180783562,19.906271534
120800020301,2003,18.273957419,0.164465644,18.109491693
120800020301,2004,12.994812596,0.116953336,12.877859344
120800020301,2005,16.558176619,0.149023581,16.409153038
120800020301,2006,14.343048433,0.129087548,14.213960964
120800020301,2007,14.168606378,0.127517452,14.041088926
120800020301,2008,13.305340754,0.119748041,13.185592795
120800020301,2009,17.482306956,0.157340877,17.324966162
120800020301,2010,14.289093901,0.128601863,14.160492126
120800020301,2011,21.522789014,0.193705145,21.329083953
120800020301,2012,14.191099361,0.127719825,14.063379615
120800020301,2013,10.446781625,0.094021082,10.352760625
120800020301,2014,10.648503038,0.095836603,10.552666518
120800020301,2015,15.262436841,0.137361756,15.125074915
120800020301,2016,15.290111781,0.137611019,15.152500762
120800020301,2017,10.352496471,0.093172504,10.259324052
120800020301,2018,12.333755879,0.111003836,12.222752047
120800020301,2019,15.356932353,0.138212411,15.218719775
120800020301,2020,14.578035068,0.131202363,14.44683279
120800020302,2000,25.974142489,0.259741432,25.714400891
120800020302,2001,19.098298099,0.190982951,18.907315145
120800020302,2002,18.830583,0.188305795,18.642277123
120800020302,2003,18.380381425,0.183803811,18.196577534
120800020302,2004,13.763349383,0.137633525,13.625715855
120800020302,2005,18.723919211,0.18723906,18.536679816
120800020302,2006,15.690590773,0.156905975,15.533684797
120800020302,2007,14.572309975,0.14572314,14.426586838
120800020302,2008,16.479370112,0.164793825,16.314576372
120800020302,2009,19.396455975,0.193964545,19.202491597
120800020302,2010,14.500370553,0.14500363,14.355366753
120800020302,2011,19.155467956,0.191554578,18.963913296
120800020302,2012,16.340961464,0.163409634,16.177551995
120800020302,2013,10.428445263,0.104284507,10.324160841
120800020302,2014,11.520525129,0.115205353,11.405319945
120800020302,2015,16.51385074,0.165138605,16.348712386
120800020302,2016,12.403630995,0.124036298,12.279594694
120800020302,2017,13.38021049,0.133802153,13.246408422
120800020302,2018,12.496795468,0.124967973,12.371827496
120800020302,2019,14.874288627,0.148742858,14.725545685
120800020302,2020,15.97492647,0.159749279,15.815177194
120800020303,2000,5.004137913,0.050041333,4.9540965
120800020303,2001,4.850324405,0.048503175,4.801821068
120800020303,2002,3.145697855,0.031457063,3.114240959
120800020303,2003,4.641044896,0.046410534,4.594634526
120800020303,2004,3.658507142,0.036585027,3.621922197
120800020303,2005,4.221374129,0.042213893,4.179160151
120800020303,2006,5.028739386,0.050287433,4.978451786
120800020303,2007,4.089782518,0.040897855,4.04888483
120800020303,2008,4.451043792,0.044510639,4.40653341
120800020303,2009,5.138301986,0.051383055,5.086919016
120800020303,2010,5.938728545,0.0593872,5.879340926
120800020303,2011,5.674593693,0.056746027,5.617847666
120800020303,2012,4.010650473,0.040106459,3.970544016
120800020303,2013,3.28499471,0.03285009,3.252144874
120800020303,2014,3.616527156,0.036165299,3.58036169
120800020303,2015,3.71064054,0.037106384,3.673534156
120800020303,2016,3.382509478,0.033825041,3.348684268
120800020303,2017,4.244471907,0.042444775,4.202027214
120800020303,2018,3.85686603,0.038568647,3.818297471
120800020303,2019,4.785801074,0.047857929,4.737942978
120800020303,2020,4.763871426,0.04763873,4.716232697
120800020304,2000,7.963656194,0.079636675,7.884019768
120800020304,2001,6.557906707,0.065579118,6.49232751
120800020304,2002,5.754476619,0.057544751,5.696931948
120800020304,2003,7.557668444,0.075576671,7.482091688
120800020304,2004,6.485516104,0.06485503,6.420660907
120800020304,2005,8.26978131,0.082697866,8.187083441
120800020304,2006,7.831458945,0.078314485,7.753144296
120800020304,2007,8.794412671,0.08794411,8.706468564
120800020304,2008,7.260374454,0.072603727,7.187770563
120800020304,2009,8.310162134,0.083101647,8.227060652
120800020304,2010,9.515582438,0.095155852,9.420426671
120800020304,2011,11.256682858,0.112566786,11.14411591
120800020304,2012,6.492664967,0.064926672,6.42773838
120800020304,2013,7.046591847,0.070465926,6.976126003
120800020304,2014,6.660033208,0.066600279,6.593433011
120800020304,2015,7.361661518,0.073616518,7.288045
120800020304,2016,6.307506325,0.063074995,6.244431251
120800020304,2017,7.917831427,0.079178356,7.838652986
120800020304,2018,6.271705175,0.062717044,6.208988216
120800020304,2019,8.451125148,0.084511249,8.366613981
120800020304,2020,12.366248822,0.123662475,12.242586344
120800020305,2000,2.56557612,0.0153935,2.550182784
120800020305,2001,2.563626819,0.017945556,2.545681515
120800020305,2002,2.206862033,0.013241197,2.193621005
120800020305,2003,2.328671959,0.016300748,2.312371384
120800020305,2004,2.05498227,0.014384948,2.040597489
120800020305,2005,2.305873751,0.016141129,2.289732795
120800020305,2006,2.153368447,0.012920164,2.140448279
120800020305,2007,2.086312279,0.014604151,2.071708132
120800020305,2008,2.214299809,0.015500082,2.198799642
120800020305,2009,2.532691748,0.017728805,2.51496286
120800020305,2010,2.559291197,0.017914995,2.541376285
120800020305,2011,2.803194132,0.01962229,2.783571762
120800020305,2012,2.54480515,0.015268792,2.529536189
120800020305,2013,1.860381219,0.013022666,1.847358638
120800020305,2014,3.200894819,0.025607236,3.175287581
120800020305,2015,2.464054419,0.017248386,2.446806203
120800020305,2016,2.158928959,0.015112577,2.143816464
120800020305,2017,1.493908323,0.010457288,1.483451036
120800020305,2018,1.657201112,0.011600247,1.645600701
120800020305,2019,2.564300392,0.01795011,2.546350364
120800020305,2020,2.089198186,0.014624298,2.074573888
120800020306,2000,0.414897795,0.004148932,0.410748612
120800020306,2001,0.248018186,0.002480107,0.245537912
120800020306,2002,0.25164443,0.002516395,0.249128121
120800020306,2003,0.337049088,0.003370504,0.333678666
120800020306,2004,0.244180956,0.002441825,0.241739216
120800020306,2005,0.305512167,0.003055178,0.302456907
120800020306,2006,0.404960104,0.003644581,0.401315605
120800020306,2007,0.391702562,0.003917052,0.387785512
120800020306,2008,0.292694153,0.002926975,0.28976718
120800020306,2009,0.350151701,0.003501515,0.346650016
120800020306,2010,0.323954416,0.003239693,0.32071489
120800020306,2011,0.517236879,0.00517234,0.51206454
120800020306,2012,0.0,0.0,0.0
120800020306,2013,0.181697397,0.001816997,0.179880485
120800020306,2014,0.313774573,0.003137748,0.310636825
120800020306,2015,0.227048488,0.002270575,0.224778082
120800020306,2016,0.118417984,0.001184066,0.117233918
120800020306,2017,0.349177334,0.003491811,0.34568569
120800020306,2018,0.468436542,0.004215885,0.464220573
120800020306,2019,0.518112244,0.005181104,0.51293114
120800020306,2020,0.499325385,0.004993238,0.494332311
120800020401,2000,1.377898866,0.006889298,1.371009489
120800020401,2001,1.501636929,0.009009808,1.492627205
120800020401,2002,1.473397044,0.008840288,1.464556674
120800020401,2003,1.67335066,0.008366816,1.664983926
120800020401,2004,1.854938784,0.012984645,1.841954139
120800020401,2005,2.296009255,0.016072005,2.279937334
120800020401,2006,2.272067532,0.015904674,2.25616311
120800020401,2007,2.289169649,0.018313408,2.270856244
120800020401,2008,2.185732874,0.01530015,2.170432555
120800020401,2009,2.183020274,0.015281321,2.167739121
120800020401,2010,2.48266069,0.017378704,2.465282071
120800020401,2011,2.523257033,0.015139501,2.508117364
120800020401,2012,2.097867063,0.012587314,2.085279831
120800020401,2013,1.706670162,0.011946548,1.694723529
120800020401,2014,2.025655619,0.014179592,2.011476195
120800020401,2015,2.093683468,0.014655753,2.079027879
120800020401,2016,1.855102038,0.012985612,1.842116342
120800020401,2017,1.682336526,0.013458737,1.668877789
120800020401,2018,1.432197674,0.005728762,1.426468912
120800020401,2019,2.108621636,0.014760329,2.093861389
120800020401,2020,1.765073287,0.012355525,1.75271768
120800020402,2000,0.0,0.0,0.0
120800020402,2001,0.0,0.0,0.0
120800020402,2002,0.0,0.0,0.0
120800020402,2003,0.0,0.0,0.0
120800020402,2004,0.0,0.0,0.0
120800020402,2005,0.0,0.0,0.0
120800020402,2006,0.0,0.0,0.0
120800020402,2007,0.0,0.0,0.0
120800020402,2008,0.0,0.0,0.0
120800020402,2009,0.0,0.0,0.0
120800020402,2010,0.0,0.0,0.0
120800020402,2011,0.0,0.0,0.0
120800020402,2012,0.0,0.0,0.0
120800020402,2013,0.0,0.0,0.0
120800020402,2014,0.0,0.0,0.0
120800020402,2015,0.0,0.0,0.0
120800020402,2016,0.0,0.0,0.0
120800020402,2017,0.0,0.0,0.0
120800020402,2018,0.0,0.0,0.0
120800020402,2019,0.0,0.0,0.0
120800020402,2020,0.0,0.0,0.0
120800020403,2000,0.0,0.0,0.0
120800020403,2001,0.0,0.0,0.0
120800020403,2002,0.0,0.0,0.0
120800020403,2003,0.014241655,0.0,0.014241655
120800020403,2004,0.0,0.0,0.0
120800020403,2005,0.025437392,0.0,0.025437392
120800020403,2006,0.0,0.0,0.0
120800020403,2007,4.9233e-05,0.0,4.9233e-05
120800020403,2008,0.025592806,0.0,0.025592806
120800020403,2009,0.020226071,0.0,0.020226071
120800020403,2010,0.0,0.0,0.0
120800020403,2011,0.0,0.0,0.0
120800020403,2012,0.0,0.0,0.0
120800020403,2013,0.0,0.0,0.0
120800020403,2014,0.0,0.0,0.0
120800020403,2015,0.0,0.0,0.0
120800020403,2016,0.0,0.0,0.0
120800020403,2017,0.0,0.0,0.0
120800020403,2018,0.0,0.0,0.0
120800020403,2019,0.250153638,0.0,0.250153638
120800020403,2020,0.0,0.0,0.0
120800020404,2000,0.0,0.0,0.0
120800020404,2001,0.0,0.0,0.0
120800020404,2002,0.0,0.0,0.0
120800020404,2003,0.0,0.0,0.0
120800020404,2004,0.0,0.0,0.0
120800020404,2005,0.0,0.0,0.0
120800020404,2006,0.0,0.0,0.0
120800020404,2007,0.0,0.0,0.0
120800020404,2008,0.0,0.0,0.0
120800020404,2009,0.0,0.0,0.0
120800020404,2010,0.0,0.0,0.0
120800020404,2011,0.0,0.0,0.0
120800020404,2012,0.0,0.0,0.0
120800020404,2013,0.0,0.0,0.0
120800020404,2014,0.0,0.0,0.0
120800020404,2015,0.0,0.0,0.0
120800020404,2016,0.0,0.0,0.0
120800020404,2017,0.0,0.0,0.0
120800020404,2018,0.0,0.0,0.0
120800020404,2019,0.0,0.0,0.0
120800020404,2020,0.021717776,0.0,0.021717776
120800020405,2000,0.0,0.0,0.0
120800020405,2001,0.0,0.0,0.0
120800020405,2002,0.0,0.0,0.0
120800020405,2003,0.0,0.0,0.0
120800020405,2004,0.0,0.0,0.0
120800020405,2005,0.0,0.0,0.0
120800020405,2006,0.0,0.0,0.0
120800020405,2007,0.0,0.0,0.0
120800020405,2008,0.0,0.0,0.0
120800020405,2009,0.0,0.0,0.0
120800020405,2010,0.0,0.0,0.0
120800020405,2011,0.0,0.0,0.0
120800020405,2012,0.0,0.0,0.0
120800020405,2013,0.0,0.0,0.0
120800020405,2014,0.0,0.0,0.0
120800020405,2015,0.0,0.0,0.0
120800020405,2016,0.0,0.0,0.0
120800020405,2017,0.0,0.0,0.0
120800020405,2018,0.0,0.0,0.0
120800020405,2019,0.003753904,0.0,0.003753904
120800020405,2020,0.0,0.0,0.0
120800020406,2000,0.0,0.0,0.0
120800020406,2001,0.0,0.0,0.0
120800020406,2002,0.0,0.0,0.0
120800020406,2003,0.0,0.0,0.0
120800020406,2004,0.0,0.0,0.0
120800020406,2005,0.0,0.0,0.0
120800020406,2006,0.0,0.0,0.0
120800020406,2007,0.594112745,0.0,0.594112745
120800020406,2008,0.0,0.0,0.0
120800020406,2009,0.0,0.0,0.0
120800020406,2010,0.0,0.0,0.0
120800020406,2011,0.0,0.0,0.0
120800020406,2012,0.0,0.0,0.0
120800020406,2013,0.0,0.0,0.0
120800020406,2014,0.0,0.0,0.0
120800020406,2015,0.0,0.0,0.0
120800020406,2016,0.0,0.0,0.0
120800020406,2017,0.0,0.0,0.0
120800020406,2018,0.0,0.0,0.0
120800020406,2019,0.0,0.0,0.0
120800020406,2020,0.0,0.0,0.0
120800020407,2000,0.0,0.0,0.0
120800020407,2001,0.0,0.0,0.0
120800020407,2002,0.0,0.0,0.0
120800020407,2003,0.0,0.0,0.0
120800020407,2004,0.0,0.0,0.0
120800020407,2005,0.0,0.0,0.0
120800020407,2006,0.0,0.0,0.0
120800020407,2007,0.0,0.0,0.0
120800020407,2008,0.0,0.0,0.0
120800020407,2009,0.0,0.0,0.0
120800020407,2010,0.0,0.0,0.0
120800020407,2011,0.0,0.0,0.0
120800020407,2012,0.0,0.0,0.0
120800020407,2013,0.0,0.0,0.0
120800020407,2014,0.0,0.0,0.0
120800020407,2015,0.0,0.0,0.0
120800020407,2016,0.0,0.0,0.0
120800020407,2017,0.0,0.0,0.0
120800020407,2018,0.0,0.0,0.0
120800020407,2019,0.0,0.0,0.0
120800020407,2020,0.0,0.0,0.0
120800020501,2000,0.0,0.0,0.0
120800020501,2001,0.0,0.0,0.0
120800020501,2002,0.0,0.0,0.0
120800020501,2003,0.0,0.0,0.0
120800020501,2004,0.0,0.0,0.0
120800020501,2005,0.0,0.0,0.0
120800020501,2006,0.0,0.0,0.0
120800020501,2007,0.0,0.0,0.0
120800020501,2008,0.0,0.0,0.0
120800020501,2009,0.0,0.0,0.0
120800020501,2010,0.0,0.0,0.0
120800020501,2011,0.0,0.0,0.0
120800020501,2012,0.0,0.0,0.0
120800020501,2013,0.0,0.0,0.0
120800020501,2014,0.0,0.0,0.0
120800020501,2015,0.0,0.0,0.0
120800020501,2016,0.0,0.0,0.0
120800020501,2017,0.0,0.0,0.0
120800020501,2018,0.0,0.0,0.0
120800020501,2019,0.0,0.0,0.0
120800020501,2020,0.0,0.0,0.0
120800020502,2000,0.0,0.0,0.0
120800020502,2001,0.0,0.0,0.0
120800020502,2002,0.0,0.0,0.0
120800020502,2003,0.0,0.0,0.0
120800020502,2004,0.0,0.0,0.0
120800020502,2005,0.0,0.0,0.0
120800020502,2006,0.0,0.0,0.0
120800020502,2007,0.0,0.0,0.0
120800020502,2008,0.0,0.0,0.0
120800020502,2009,0.0,0.0,0.0
120800020502,2010,0.0,0.0,0.0
120800020502,2011,0.0,0.0,0.0
120800020502,2012,0.0,0.0,0.0
120800020502,2013,0.0,0.0,0.0
120800020502,2014,0.0,0.0,0.0
120800020502,2015,0.0,0.0,0.0
120800020502,2016,0.0,0.0,0.0
120800020502,2017,0.0,0.0,0.0
120800020502,2018,0.0,0.0,0.0
120800020502,2019,0.123852707,0.0,0.123852707
120800020502,2020,0.0,0.0,0.0
120800020503,2000,0.899787393,0.0,0.899787393
120800020503,2001,0.492754526,0.0,0.492754526
120800020503,2002,0.903942444,0.0,0.903942444
120800020503,2003,0.0,0.0,0.0
120800020503,2004,0.338233719,0.0,0.338233719
120800020503,2005,0.420178055,0.0,0.420178055
120800020503,2006,0.0,0.0,0.0
120800020503,2007,0.609181332,0.0,0.609181332
120800020503,2008,0.028674396,0.0,0.028674396
120800020503,2009,1.583267668,0.0,1.583267668
120800020503,2010,1.02216191,0.0,1.02216191
120800020503,2011,2.599391778,0.0,2.599391778
120800020503,2012,1.697830243,0.0,1.697830243
120800020503,2013,0.727688721,0.0,0.727688721
120800020503,2014,0.739539203,0.0,0.739539203
120800020503,2015,0.741566521,0.0,0.741566521
120800020503,2016,0.553401973,0.0,0.553401973
120800020503,2017,0.929466759,0.0,0.929466759
120800020503,2018,0.524577159,0.0,0.524577159
120800020503,2019,0.588063118,0.000587959,0.587475074
120800020503,2020,0.740127708,0.0,0.740127708
120800020504,2000,0.0,0.0,0.0
120800020504,2001,0.112191899,0.0,0.112191899
120800020504,2002,0.0,0.0,0.0
120800020504,2003,0.0,0.0,0.0
120800020504,2004,0.344435418,0.0,0.344435418
120800020504,2005,0.430258556,0.0,0.430258556
120800020504,2006,0.0,0.0,0.0
120800020504,2007,0.048966016,0.0,0.048966016
120800020504,2008,0.0,0.0,0.0
120800020504,2009,0.0,0.0,0.0
120800020504,2010,0.067865921,0.0,0.067865921
120800020504,2011,0.0,0.0,0.0
120800020504,2012,0.027438915,0.0,0.027438915
120800020504,2013,0.0,0.0,0.0
120800020504,2014,0.0,0.0,0.0
120800020504,2015,0.510476986,0.0,0.510476986
120800020504,2016,0.266532803,0.0,0.266532803
120800020504,2017,0.0,0.0,0.0
120800020504,2018,0.311780959,0.0,0.311780959
120800020504,2019,0.061382392,0.0,0.061382392
120800020504,2020,0.185197566,0.0,0.185197566
120800020505,2000,0.0,0.0,0.0
120800020505,2001,0.212285118,0.0,0.212285118
120800020505,2002,0.0,0.0,0.0
120800020505,2003,0.0,0.0,0.0
120800020505,2004,0.0,0.0,0.0
120800020505,2005,0.0,0.0,0.0
120800020505,2006,0.142813247,0.0,0.142813247
120800020505,2007,0.0,0.0,0.0
120800020505,2008,0.094673719,0.0,0.094673719
120800020505,2009,0.0,0.0,0.0
120800020505,2010,0.0,0.0,0.0
120800020505,2011,0.056299096,0.0,0.056299096
120800020505,2012,0.09570306,0.0,0.09570306
120800020505,2013,0.0,0.0,0.0
120800020505,2014,0.0,0.0,0.0
120800020505,2015,0.615746655,0.0,0.615746655
120800020505,2016,0.034482891,0.0,0.034482891
120800020505,2017,0.0,0.0,0.0
120800020505,2018,0.038665597,0.0,0.038665597
120800020505,2019,0.289246542,0.0,0.289246542
120800020505,2020,0.013105866,0.0,0.013105866
120800020506,2000,0.0,0.0,0.0
120800020506,2001,0.002558682,0.0,0.002558682
120800020506,2002,0.0,0.0,0.0
120800020506,2003,0.0,0.0,0.0
120800020506,2004,0.0,0.0,0.0
120800020506,2005,0.0,0.0,0.0
120800020506,2006,0.0,0.0,0.0
120800020506,2007,0.0,0.0,0.0
120800020506,2008,0.009054986,0.0,0.009054986
120800020506,2009,0.0,0.0,0.0
120800020506,2010,0.0,0.0,0.0
120800020506,2011,0.0,0.0,0.0
120800020506,2012,0.0,0.0,0.0
120800020506,2013,0.0,0.0,0.0
120800020506,2014,0.0,0.0,0.0
120800020506,2015,0.0,0.0,0.0
120800020506,2016,0.0,0.0,0.0
120800020506,2017,0.0,0.0,0.0
120800020506,2018,0.0,0.0,0.0
120800020506,2019,0.005184356,0.0,0.005184356
120800020506,2020,0.016423519,0.0,0.016423519
120800020507,2000,0.0,0.0,0.0
120800020507,2001,0.0,0.0,0.0
120800020507,2002,0.0,0.0,0.0
120800020507,2003,0.0,0.0,0.0
120800020507,2004,0.0,0.0,0.0
120800020507,2005,0.0,0.0,0.0
120800020507,2006,0.0,0.0,0.0
120800020507,2007,0.16585794,0.002487926,0.163370099
120800020507,2008,0.142409268,0.004841904,0.137567363
120800020507,2009,0.001601805,0.000238562,0.001363162
120800020507,2010,0.0,0.0,0.0
120800020507,2011,0.0,0.0,0.0
120800020507,2012,0.0,0.0,0.0
120800020507,2013,0.0,0.0,0.0
120800020507,2014,0.0,0.0,0.0
120800020507,2015,0.0,0.0,0.0
120800020507,2016,0.0,0.0,0.0
120800020507,2017,0.0,0.0,0.0
120800020507,2018,5.408e-06,0.0,5.408e-06
120800020507,2019,0.110189458,0.015867208,0.094322079
120800020507,2020,0.319465262,0.012139683,0.307325495
120800020508,2000,0.282872964,0.0,0.282872964
120800020508,2001,0.127410756,0.0,0.127410756
120800020508,2002,0.0,0.0,0.0
120800020508,2003,0.142946167,0.0,0.142946167
120800020508,2004,0.0,0.0,0.0
120800020508,2005,0.159409737,0.0,0.159409737
120800020508,2006,0.102384512,0.0,0.102384512
120800020508,2007,0.0,0.0,0.0
120800020508,2008,0.001961915,0.0,0.001961915
120800020508,2009,0.0,0.0,0.0
120800020508,2010,0.0,0.0,0.0
120800020508,2011,0.087277918,0.0,0.087277918
120800020508,2012,0.001676183,0.0,0.001676183
120800020508,2013,0.0,0.0,0.0
120800020508,2014,0.0,0.0,0.0
120800020508,2015,0.626055932,0.0,0.626055932
120800020508,2016,0.836333451,0.0,0.836333451
120800020508,2017,0.287875682,0.0,0.287875682
120800020508,2018,0.178031756,0.0,0.178031756
120800020508,2019,0.158065466,0.0,0.158065466
120800020508,2020,0.930507369,0.0,0.930507369
120800020509,2000,0.0,0.0,0.0
120800020509,2001,0.0,0.0,0.0
120800020509,2002,0.0,0.0,0.0
120800020509,2003,0.0,0.0,0.0
120800020509,2004,0.0,0.0,0.0
120800020509,2005,0.0,0.0,0.0
120800020509,2006,0.0,0.0,0.0
120800020509,2007,0.0,0.0,0.0
120800020509,2008,0.0,0.0,0.0
120800020509,2009,0.0,0.0,0.0
120800020509,2010,0.0,0.0,0.0
120800020509,2011,0.0,0.0,0.0
120800020509,2012,0.0,0.0,0.0
120800020509,2013,0.0,0.0,0.0
120800020509,2014,0.0,0.0,0.0
120800020509,2015,0.0,0.0,0.0
120800020509,2016,0.0,0.0,0.0
120800020509,2017,0.0,0.0,0.0
120800020509,2018,0.0,0.0,0.0
120800020509,2019,0.001338159,0.000199208,0.001138786
120800020509,2020,0.0,0.0,0.0
120800020510,2000,0.0,0.0,0.0
120800020510,2001,0.0,0.0,0.0
120800020510,2002,0.0,0.0,0.0
120800020510,2003,0.0,0.0,0.0
120800020510,2004,0.0,0.0,0.0
120800020510,2005,0.0,0.0,0.0
120800020510,2006,0.0,0.0,0.0
120800020510,2007,0.0,0.0,0.0
120800020510,2008,0.0,0.0,0.0
120800020510,2009,0.0,0.0,0.0
120800020510,2010,0.0,0.0,0.0
120800020510,2011,0.0,0.0,0.0
120800020510,2012,0.0,0.0,0.0
120800020510,2013,0.0,0.0,0.0
120800020510,2014,0.0,0.0,0.0
120800020510,2015,0.0,0.0,0.0
120800020510,2016,0.0,0.0,0.0
120800020510,2017,0.0,0.0,0.0
120800020510,2018,0.0,0.0,0.0
120800020510,2019,0.0,0.0,0.0
120800020510,2020,0.0,0.0,0.0
120800020601,2000,0.158004888,0.023542664,0.134462221
120800020601,2001,0.156614345,0.023335482,0.133278608
120800020601,2002,0.061185378,0.0091166,0.052068778
120800020601,2003,0.132127323,0.01968694,0.112440466
120800020601,2004,0.125468164,0.018694702,0.10677338
120800020601,2005,0.127555844,0.019005877,0.108549967
120800020601,2006,0.167740942,0.024993425,0.142747518
120800020601,2007,0.156686764,0.023346321,0.133340523
120800020601,2008,0.145599219,0.021694295,0.123904921
120800020601,2009,0.235527951,0.03509363,0.200434403
120800020601,2010,0.285687334,0.042567427,0.243119907
120800020601,2011,0.174806151,0.026046148,0.148760003
120800020601,2012,0.159234456,0.023726022,0.13550835
120800020601,2013,0.147042101,0.021909384,0.125132888
120800020601,2014,0.117261748,0.017472107,0.099789721
120800020601,2015,0.20072026,0.029907323,0.17081277
120800020601,2016,0.225447148,0.033591642,0.191855254
120800020601,2017,0.110430866,0.016454173,0.093976781
120800020601,2018,0.088619542,0.013204381,0.075415244
120800020601,2019,0.144404789,0.021516362,0.122888342
120800020601,2020,0.176475503,0.026294888,0.150180533
120800020602,2000,0.109545795,0.016322164,0.093223295
120800020602,2001,0.403048266,0.060054175,0.342994173
120800020602,2002,0.159010329,0.023692559,0.135317688
120800020602,2003,0.347414134,0.051764663,0.295649474
120800020602,2004,0.315181301,0.046962077,0.268219393
120800020602,2005,0.453481258,0.067568699,0.385912559
120800020602,2006,0.240002088,0.035760255,0.204242003
120800020602,2007,0.24563854,0.036600192,0.209038433
120800020602,2008,0.495935784,0.073894475,0.422041473
120800020602,2009,0.770445151,0.114796381,0.65564877
120800020602,2010,0.267166899,0.039807819,0.227359077
120800020602,2011,0.183628285,0.02736057,0.156267633
120800020602,2012,0.030257874,0.004508423,0.025749705
120800020602,2013,0.4877906,0.072680847,0.415109836
120800020602,2014,0.302127641,0.045016953,0.257110605
120800020602,2015,0.278566019,0.041506373,0.237059562
120800020602,2016,1.025489298,0.152797923,0.872691292
120800020602,2017,0.078726581,0.011730345,0.066996318
120800020602,2018,0.135585814,0.020202386,0.11538351
120800020602,2019,0.529175126,0.078847088,0.450328118
120800020602,2020,0.811847273,0.120965243,0.690881951
120800020603,2000,0.941905036,0.140343762,0.801561107
120800020603,2001,0.953312896,0.142043682,0.811269132
120800020603,2002,0.691181052,0.102985964,0.588195088
120800020603,2003,0.541771493,0.080724,0.46104766
120800020603,2004,0.461004369,0.068689623,0.392314664
120800020603,2005,0.60032254,0.089447989,0.510874468
120800020603,2006,1.225981104,0.18267114,1.043309962
120800020603,2007,0.633743184,0.094427816,0.539315452
120800020603,2008,0.747176762,0.111329303,0.635847459
120800020603,2009,1.217907074,0.181468312,1.036438929
120800020603,2010,0.933222751,0.139050192,0.794172644
120800020603,2011,1.706364899,0.254248356,1.452116625
120800020603,2012,0.92434474,0.137727369,0.786617205
120800020603,2013,1.368928515,0.203970318,1.1649582
120800020603,2014,0.905578405,0.134931167,0.770647236
120800020603,2015,0.479964332,0.071514696,0.408449633
120800020603,2016,0.510761648,0.076103601,0.434658216
120800020603,2017,0.932689433,0.13897063,0.793718721
120800020603,2018,0.550402052,0.082009945,0.468392274
120800020603,2019,0.735698584,0.109619027,0.626079559
120800020603,2020,0.88485503,0.131843407,0.753011872
120800020604,2000,0.517368757,0.077088033,0.440280893
120800020604,2001,1.160108071,0.172856211,0.987251863
120800020604,2002,1.024094984,0.152590167,0.871504984
120800020604,2003,1.23983391,0.18473534,1.055098737
120800020604,2004,0.78751435,0.117339541,0.670174721
120800020604,2005,0.701534575,0.104528611,0.597005879
120800020604,2006,0.817191496,0.121761578,0.695430085
120800020604,2007,0.655046732,0.097601967,0.557444767
120800020604,2008,0.815338926,0.121485497,0.693853511
120800020604,2009,1.542428304,0.229821748,1.312606386
120800020604,2010,1.275827274,0.190098233,1.085728959
120800020604,2011,1.701482614,0.253520868,1.44796166
120800020604,2012,1.651319913,0.24604679,1.405273292
120800020604,2013,1.941453811,0.289276584,1.65217706
120800020604,2014,1.493059153,0.222465833,1.270593403
120800020604,2015,1.244976249,0.185501537,1.059474797
120800020604,2016,1.044656117,0.155653798,0.88900232
120800020604,2017,1.748600175,0.260541397,1.488058775
120800020604,2018,1.558479351,0.232213466,1.32626589
120800020604,2019,1.065174504,0.158711025,0.906463482
120800020604,2020,1.423465604,0.212096358,1.211369246
120800020605,2000,0.0,0.0,0.0
120800020605,2001,0.0,0.0,0.0
120800020605,2002,0.0,0.0,0.0
120800020605,2003,0.0,0.0,0.0
120800020605,2004,0.0,0.0,0.0
120800020605,2005,0.011702208,0.001743573,0.009958638
120800020605,2006,0.0,0.0,0.0
120800020605,2007,0.010020636,0.001493052,0.008527414
120800020605,2008,0.0,0.0,0.0
120800020605,2009,0.0,0.0,0.0
120800020605,2010,0.015158216,0.002258721,0.012899663
120800020605,2011,0.0,0.0,0.0
120800020605,2012,0.0,0.0,0.0
120800020605,2013,0.0,0.0,0.0
120800020605,2014,0.0,0.0,0.0
120800020605,2015,0.0,0.0,0.0
120800020605,2016,0.0,0.0,0.0
120800020605,2017,0.0,0.0,0.0
120800020605,2018,0.008165712,0.001216795,0.006949167
120800020605,2019,0.0,0.0,0.0
120800020605,2020,0.161105992,0.024004716,0.137101279
120800020606,2000,0.0,0.0,0.0
120800020606,2001,0.0,0.0,0.0
120800020606,2002,0.0,0.0,0.0
120800020606,2003,0.0,0.0,0.0
120800020606,2004,0.0,0.0,0.0
120800020606,2005,0.0,0.0,0.0
120800020606,2006,0.0,0.0,0.0
120800020606,2007,0.0,0.0,0.0
120800020606,2008,0.0,0.0,0.0
120800020606,2009,0.0,0.0,0.0
120800020606,2010,0.0,0.0,0.0
120800020606,2011,0.0,0.0,0.0
120800020606,2012,0.0,0.0,0.0
120800020606,2013,0.0,0.0,0.0
120800020606,2014,0.0,0.0,0.0
120800020606,2015,0.0,0.0,0.0
120800020606,2016,0.0,0.0,0.0
120800020606,2017,0.0,0.0,0.0
120800020606,2018,0.0,0.0,0.0
120800020606,2019,0.0,0.0,0.0
120800020606,2020,0.145361156,0.017298016,0.128063139
120800020607,2000,0.185036027,0.027570467,0.15746556
120800020607,2001,0.113418652,0.016899441,0.096519378
120800020607,2002,0.0,0.0,0.0
120800020607,2003,0.050104885,0.007465701,0.042639356
120800020607,2004,0.0,0.0,0.0
120800020607,2005,0.187503216,0.027938038,0.15956526
120800020607,2006,0.13573511,0.020224529,0.115510414
120800020607,2007,0.117376318,0.017489044,0.099887277
120800020607,2008,0.174311219,0.025972415,0.148338967
120800020607,2009,0.179492559,0.026744375,0.152748186
120800020607,2010,0.184615855,0.027507652,0.157108036
120800020607,2011,0.280511107,0.041796055,0.238714888
120800020607,2012,0.090955377,0.013552303,0.077403074
120800020607,2013,0.197548805,0.029434762,0.168113959
120800020607,2014,0.096193849,0.014332803,0.081860964
120800020607,2015,0.08585674,0.012792636,0.073064019
120800020607,2016,0.0,0.0,0.0
120800020607,2017,0.006465748,0.000963395,0.005502351
120800020607,2018,0.272310274,0.040574364,0.231736162
120800020607,2019,0.155441964,0.023160852,0.13228103
120800020607,2020,0.233612705,0.034808208,0.198804415
120800020701,2000,0.0,0.0,0.0
120800020701,2001,0.0,0.0,0.0
120800020701,2002,0.0,0.0,0.0
120800020701,2003,0.0,0.0,0.0
120800020701,2004,0.0,0.0,0.0
120800020701,2005,0.0,0.0,0.0
120800020701,2006,0.0,0.0,0.0
120800020701,2007,0.0,0.0,0.0
120800020701,2008,0.0,0.0,0.0
120800020701,2009,0.0,0.0,0.0
120800020701,2010,0.0,0.0,0.0
120800020701,2011,0.0,0.0,0.0
120800020701,2012,0.0,0.0,0.0
120800020701,2013,0.0,0.0,0.0
120800020701,2014,0.0,0.0,0.0
120800020701,2015,0.0,0.0,0.0
120800020701,2016,0.0,0.0,0.0
120800020701,2017,0.0,0.0,0.0
120800020701,2018,0.0,0.0,0.0
120800020701,2019,0.0,0.0,0.0
120800020701,2020,0.144077445,0.0,0.144077445
120800020702,2000,0.0,0.0,0.0
120800020702,2001,0.0,0.0,0.0
120800020702,2002,0.0,0.0,0.0
120800020702,2003,0.0,0.0,0.0
120800020702,2004,0.002540899,0.000378489,0.002162161
120800020702,2005,0.001965315,0.000292778,0.00167254
120800020702,2006,0.0,0.0,0.0
120800020702,2007,0.0,0.0,0.0
120800020702,2008,0.0,0.0,0.0
120800020702,2009,0.0,0.0,0.0
120800020702,2010,0.0,0.0,0.0
120800020702,2011,0.001806575,0.000269211,0.001537449
120800020702,2012,0.0,0.0,0.0
120800020702,2013,0.0,0.0,0.0
120800020702,2014,0.0,0.0,0.0
120800020702,2015,0.005044964,0.000751745,0.004293049
120800020702,2016,0.0,0.0,0.0
120800020702,2017,0.0,0.0,0.0
120800020702,2018,0.0,0.0,0.0
120800020702,2019,0.002793907,0.000416334,0.002377573
120800020702,2020,0.0,0.0,0.0
120800020703,2000,0.0,0.0,0.0
120800020703,2001,0.0,0.0,0.0
120800020703,2002,0.0,0.0,0.0
120800020703,2003,0.0,0.0,0.0
120800020703,2004,0.0,0.0,0.0
120800020703,2005,0.0,0.0,0.0
120800020703,2006,0.0,0.0,0.0
120800020703,2007,0.0,0.0,0.0
120800020703,2008,0.0,0.0,0.0
120800020703,2009,0.0,0.0,0.0
120800020703,2010,0.0,0.0,0.0
120800020703,2011,0.0,0.0,0.0
120800020703,2012,0.0,0.0,0.0
120800020703,2013,0.0,0.0,0.0
120800020703,2014,0.0,0.0,0.0
120800020703,2015,0.0,0.0,0.0
120800020703,2016,0.0,0.0,0.0
120800020703,2017,0.0,0.0,0.0
120800020703,2018,0.0,0.0,0.0
120800020703,2019,0.0,0.0,0.0
120800020703,2020,0.474916117,0.065063563,0.409852557
120800020704,2000,0.0,0.0,0.0
120800020704,2001,0.0,0.0,0.0
120800020704,2002,0.0,0.0,0.0
120800020704,2003,0.0,0.0,0.0
120800020704,2004,0.0,0.0,0.0
120800020704,2005,0.0,0.0,0.0
120800020704,2006,0.0,0.0,0.0
120800020704,2007,0.0,0.0,0.0
120800020704,2008,0.0,0.0,0.0
120800020704,2009,0.0,0.0,0.0
120800020704,2010,0.0,0.0,0.0
120800020704,2011,0.0,0.0,0.0
120800020704,2012,0.0,0.0,0.0
120800020704,2013,0.0,0.0,0.0
120800020704,2014,0.0,0.0,0.0
120800020704,2015,0.0,0.0,0.0
120800020704,2016,0.0,0.0,0.0
120800020704,2017,0.0,0.0,0.0
120800020704,2018,0.0,0.0,0.0
120800020704,2019,0.0,0.0,0.0
120800020704,2020,0.0,0.0,0.0
120800020705,2000,0.005632918,0.00083941,0.004793593
120800020705,2001,0.0,0.0,0.0
120800020705,2002,0.0,0.0,0.0
120800020705,2003,0.0,0.0,0.0
120800020705,2004,0.252070664,0.037558634,0.214512115
120800020705,2005,0.128601616,0.019161619,0.109439833
120800020705,2006,0.002630266,0.000392049,0.002238386
120800020705,2007,0.001707526,0.000254373,0.001453068
120800020705,2008,0.00422609,0.000629678,0.003596495
120800020705,2009,0.003203948,0.000477441,0.002726592
120800020705,2010,0.004663227,0.000694915,0.003968397
120800020705,2011,0.168021833,0.025035364,0.142986553
120800020705,2012,0.0,0.0,0.0
120800020705,2013,0.004883973,0.000727688,0.004156118
120800020705,2014,0.003202159,0.000477132,0.002724945
120800020705,2015,0.497112345,0.074069748,0.423042597
120800020705,2016,0.0,0.0,0.0
120800020705,2017,0.0,0.0,0.0
120800020705,2018,0.0,0.0,0.0
120800020705,2019,0.0,0.0,0.0
120800020705,2020,0.0,0.0,0.0
120800020706,2000,0.0,0.0,0.0
120800020706,2001,0.0,0.0,0.0
120800020706,2002,0.0,0.0,0.0
120800020706,2003,0.0,0.0,0.0
120800020706,2004,0.0,0.0,0.0
120800020706,2005,0.0,0.0,0.0
120800020706,2006,0.0038594,0.0,0.0038594
120800020706,2007,0.0,0.0,0.0
120800020706,2008,0.001317413,0.0,0.001317413
120800020706,2009,0.0,0.0,0.0
120800020706,2010,0.0,0.0,0.0
120800020706,2011,0.0,0.0,0.0
120800020706,2012,0.0,0.0,0.0
120800020706,2013,0.0,0.0,0.0
120800020706,2014,0.0,0.0,0.0
120800020706,2015,0.0,0.0,0.0
120800020706,2016,0.0,0.0,0.0
120800020706,2017,0.0,0.0,0.0
120800020706,2018,0.0,0.0,0.0
120800020706,2019,0.0,0.0,0.0
120800020706,2020,0.0,0.0,0.0
120800020801,2000,0.0,0.0,0.0
120800020801,2001,0.0,0.0,0.0
120800020801,2002,0.0,0.0,0.0
120800020801,2003,0.0,0.0,0.0
120800020801,2004,4.3022e-05,0.0,4.3022e-05
120800020801,2005,0.443218978,0.0,0.443218978
120800020801,2006,0.0,0.0,0.0
120800020801,2007,0.805294627,0.0,0.805294627
120800020801,2008,0.0,0.0,0.0
120800020801,2009,0.0,0.0,0.0
120800020801,2010,0.35674223,0.0,0.35674223
120800020801,2011,0.398025479,0.0,0.398025479
120800020801,2012,0.453883831,0.0,0.453883831
120800020801,2013,0.4849598,0.0,0.4849598
120800020801,2014,0.0,0.0,0.0
120800020801,2015,0.0,0.0,0.0
120800020801,2016,0.516803137,0.0,0.516803137
120800020801,2017,0.368554564,0.0,0.368554564
120800020801,2018,0.000958395,0.0,0.000958395
120800020801,2019,0.000154047,0.0,0.000154047
120800020801,2020,0.000253735,0.0,0.000253735
120800020802,2000,0.0,0.0,0.0
120800020802,2001,0.025355814,0.0,0.025355814
120800020802,2002,0.047416482,0.0,0.047416482
120800020802,2003,0.0,0.0,0.0
120800020802,2004,0.025860951,0.0,0.025860951
120800020802,2005,0.168412441,0.0,0.168412441
120800020802,2006,0.031443756,0.0,0.031443756
120800020802,2007,0.146894863,0.0,0.146894863
120800020802,2008,0.011657691,0.0,0.011657691
120800020802,2009,0.024332685,0.0,0.024332685
120800020802,2010,0.244882214,0.0,0.244882214
120800020802,2011,0.1370846,0.0,0.1370846
120800020802,2012,0.220037104,0.0,0.220037104
120800020802,2013,0.164988592,0.0,0.164988592
120800020802,2014,0.022480633,0.0,0.022480633
120800020802,2015,0.0,0.0,0.0
120800020802,2016,0.127321434,0.0,0.127321434
120800020802,2017,0.203287501,0.0,0.203287501
120800020802,2018,0.0,0.0,0.0
120800020802,2019,0.016710803,0.0,0.016710803
120800020802,2020,0.0,0.0,0.0
120800020803,2000,0.0,0.0,0.0
120800020803,2001,0.002619493,0.0,0.002619493
120800020803,2002,0.00308211,0.0,0.00308211
120800020803,2003,0.0,0.0,0.0
120800020803,2004,0.0,0.0,0.0
120800020803,2005,0.127288014,0.0,0.127288014
120800020803,2006,0.0,0.0,0.0
120800020803,2007,0.081257756,0.0,0.081257756
120800020803,2008,0.00010565,0.0,0.00010565
120800020803,2009,0.010671616,0.0,0.010671616
120800020803,2010,0.006253852,0.0,0.006253852
120800020803,2011,7.3e-05,0.0,7.3e-05
120800020803,2012,0.0,0.0,0.0
120800020803,2013,0.0,0.0,0.0
120800020803,2014,0.0,0.0,0.0
120800020803,2015,0.0,0.0,0.0
120800020803,2016,0.002202773,0.0,0.002202773
120800020803,2017,0.0,0.0,0.0
120800020803,2018,0.0,0.0,0.0
120800020803,2019,0.041661781,0.0,0.041661781
120800020803,2020,0.0,0.0,0.0
120800020804,2000,0.0,0.0,0.0
120800020804,2001,0.0,0.0,0.0
120800020804,2002,0.0,0.0,0.0
120800020804,2003,0.0,0.0,0.0
120800020804,2004,0.0,0.0,0.0
120800020804,2005,0.0,0.0,0.0
120800020804,2006,0.0,0.0,0.0
120800020804,2007,0.0,0.0,0.0
120800020804,2008,0.0,0.0,0.0
120800020804,2009,0.0,0.0,0.0
120800020804,2010,0.0,0.0,0.0
120800020804,2011,0.0,0.0,0.0
120800020804,2012,0.0,0.0,0.0
120800020804,2013,0.0,0.0,0.0
120800020804,2014,0.0,0.0,0.0
120800020804,2015,0.0,0.0,0.0
120800020804,2016,0.0,0.0,0.0
120800020804,2017,0.0,0.0,0.0
120800020804,2018,0.0,0.0,0.0
120800020804,2019,0.0,0.0,0.0
120800020804,2020,0.0,0.0,0.0
120800020805,2000,0.0,0.0,0.0
120800020805,2001,0.060878112,0.0,0.060878112
120800020805,2002,0.040592532,0.0,0.040592532
120800020805,2003,0.145153953,0.0,0.145153953
120800020805,2004,0.0,0.0,0.0
120800020805,2005,0.029489252,0.0,0.029489252
120800020805,2006,0.052260132,0.0,0.052260132
120800020805,2007,0.0,0.0,0.0
120800020805,2008,0.012022803,0.0,0.012022803
120800020805,2009,0.0,0.0,0.0
120800020805,2010,0.0,0.0,0.0
120800020805,2011,0.002534981,0.0,0.002534981
120800020805,2012,0.006247918,0.0,0.006247918
120800020805,2013,0.0,0.0,0.0
120800020805,2014,0.0,0.0,0.0
120800020805,2015,0.0,0.0,0.0
120800020805,2016,0.0,0.0,0.0
120800020805,2017,0.0,0.0,0.0
120800020805,2018,0.0,0.0,0.0
120800020805,2019,0.025522668,0.0,0.025522668
120800020805,2020,0.177344617,0.0,0.177344617
120800020806,2000,0.0,0.0,0.0
120800020806,2001,0.267916082,0.0,0.267916082
120800020806,2002,0.0,0.0,0.0
120800020806,2003,0.206132532,0.0,0.206132532
120800020806,2004,0.0,0.0,0.0
120800020806,2005,0.164432827,0.0,0.164432827
120800020806,2006,0.144499877,0.0,0.144499877
120800020806,2007,0.0,0.0,0.0
120800020806,2008,0.057155708,0.0,0.057155708
120800020806,2009,0.0,0.0,0.0
120800020806,2010,0.0,0.0,0.0
120800020806,2011,0.090727282,0.0,0.090727282
120800020806,2012,0.0,0.0,0.0
120800020806,2013,0.0,0.0,0.0
120800020806,2014,0.0,0.0,0.0
120800020806,2015,0.120873537,0.0,0.120873537
120800020806,2016,0.0,0.0,0.0
120800020806,2017,0.0,0.0,0.0
120800020806,2018,0.0,0.0,0.0
120800020806,2019,0.006427616,0.0,0.006427616
120800020806,2020,0.172037678,0.0,0.172037678
120800020807,2000,0.0,0.0,0.0
120800020807,2001,0.026648085,0.0,0.026648085
120800020807,2002,0.0,0.0,0.0
120800020807,2003,0.019753205,0.0,0.019753205
120800020807,2004,0.0,0.0,0.0
120800020807,2005,0.023936581,0.0,0.023936581
120800020807,2006,0.0,0.0,0.0
120800020807,2007,0.0,0.0,0.0
120800020807,2008,0.006005645,0.0,0.006005645
120800020807,2009,0.0,0.0,0.0
120800020807,2010,0.0,0.0,0.0
120800020807,2011,0.009199277,0.0,0.009199277
120800020807,2012,0.0,0.0,0.0
120800020807,2013,0.0,0.0,0.0
120800020807,2014,0.0,0.0,0.0
120800020807,2015,0.019566682,0.0,0.019566682
120800020807,2016,0.0,0.0,0.0
120800020807,2017,0.0,0.0,0.0
120800020807,2018,0.0,0.0,0.0
120800020807,2019,0.0,0.0,0.0
120800020807,2020,0.00019332,0.0,0.00019332
120800020901,2000,1.099240975,0.02858027,1.070660538
120800020901,2001,0.788708186,0.020506301,0.768201718
120800020901,2002,0.580668718,0.015097353,0.565571279
120800020901,2003,0.802921471,0.020876008,0.782045466
120800020901,2004,0.916006355,0.023816235,0.892190117
120800020901,2005,0.659174142,0.017138397,0.642035745
120800020901,2006,1.575917573,0.040973871,1.534943786
120800020901,2007,0.71745194,0.0186536,0.698798258
120800020901,2008,0.999143964,0.025977514,0.973166202
120800020901,2009,1.44393526,0.037542389,1.406392871
120800020901,2010,1.554766216,0.040423784,1.514342184
120800020901,2011,2.518406005,0.065478523,2.4529274
120800020901,2012,1.952799825,0.05077291,1.902027
120800020901,2013,1.9085904,0.049623386,1.858967096
120800020901,2014,1.873137701,0.048701455,1.824436247
120800020901,2015,0.788062978,0.020489699,0.767573197
120800020901,2016,1.161644541,0.030202801,1.131441825
120800020901,2017,1.202980479,0.031277427,1.171702962
120800020901,2018,1.654088647,0.04300631,1.611082345
120800020901,2019,2.241556082,0.058280411,2.183275501
120800020901,2020,1.109701831,0.028852216,1.080849536
120800020902,2000,2.593774593,0.002593798,2.591180792
120800020902,2001,1.605526737,0.003211014,1.602315638
120800020902,2002,1.77649637,0.001776449,1.774719836
120800020902,2003,1.822752126,0.0,1.822752126
120800020902,2004,1.816409306,0.007265699,1.809143522
120800020902,2005,2.356968411,0.009427871,2.34754054
120800020902,2006,2.81066386,0.014053252,2.796610605
120800020902,2007,2.120184458,0.008480756,2.111703784
120800020902,2008,2.053367369,0.008213391,2.045153975
120800020902,2009,3.068943195,0.009206822,3.059736288
120800020902,2010,2.990242995,0.008970764,2.981272233
120800020902,2011,5.559188181,0.022236819,5.53695137
120800020902,2012,3.956962609,0.011870918,3.945091525
120800020902,2013,3.838783595,0.011516359,3.827267233
120800020902,2014,3.455357723,0.010366068,3.444991655
120800020902,2015,1.466122099,0.0029322,1.463190068
120800020902,2016,1.953704467,0.005861079,1.947843219
120800020902,2017,2.066629345,0.006199953,2.060429647
120800020902,2018,2.722604501,0.008167858,2.714436644
120800020902,2019,3.23250631,0.006464863,3.226041277
120800020902,2020,2.292947033,0.009171872,2.283775333
120800020903,2000,1.404316005,0.008425852,1.395889986
120800020903,2001,1.713841827,0.003427685,1.710414145
120800020903,2002,1.406787342,0.002813564,1.403973863
120800020903,2003,1.495257707,0.002990559,1.492267233
120800020903,2004,1.428564724,0.002857126,1.425707601
120800020903,2005,1.291381466,0.005165622,1.286215929
120800020903,2006,2.829672625,0.005659268,2.824013101
120800020903,2007,1.421931729,0.002843953,1.419087945
120800020903,2008,1.784046628,0.00356815,1.780478475
120800020903,2009,2.635629838,0.007906986,2.627723022
120800020903,2010,2.839818608,0.008519438,2.831299175
120800020903,2011,5.507099225,0.005507036,5.501592019
120800020903,2012,3.870421093,0.011611216,3.858809964
120800020903,2013,2.552083304,0.007656189,2.54442703
120800020903,2014,2.997607858,0.008992797,2.988614973
120800020903,2015,0.933096564,0.002799337,0.930297225
120800020903,2016,2.030989607,0.004062148,2.026927377
120800020903,2017,1.750870822,0.005252663,1.745618326
120800020903,2018,2.982774227,0.005965603,2.976808792
120800020903,2019,3.06834366,0.009205104,3.059138556
120800020903,2020,1.57015488,0.003140303,1.567014577
120800021001,2000,0.0,0.0,0.0
120800021001,2001,0.0,0.0,0.0
120800021001,2002,0.000521014,0.0,0.000521014
120800021001,2003,0.087906315,0.0,0.087906315
120800021001,2004,0.115094161,0.0,0.115094161
120800021001,2005,0.077698896,0.0,0.077698896
120800021001,2006,0.06078694,0.0,0.06078694
120800021001,2007,0.000867255,0.0,0.000867255
120800021001,2008,0.0,0.0,0.0
120800021001,2009,0.379157164,0.0,0.379157164
120800021001,2010,0.30869866,0.0,0.30869866
120800021001,2011,0.0,0.0,0.0
120800021001,2012,0.329094962,0.0,0.329094962
120800021001,2013,0.338496685,0.0,0.338496685
120800021001,2014,0.27394014,0.0,0.27394014
120800021001,2015,5.86e-07,0.0,5.86e-07
120800021001,2016,0.00112771,0.0,0.00112771
120800021001,2017,0.0,0.0,0.0
120800021001,2018,4.608e-06,0.0,4.608e-06
120800021001,2019,0.331473205,0.0,0.331473205
120800021001,2020,0.227531645,0.0,0.227531645
120800021002,2000,0.556464216,0.0,0.556464216
120800021002,2001,0.253336367,0.0,0.253336367
120800021002,2002,0.176939077,0.0,0.176939077
120800021002,2003,0.214064611,0.0,0.214064611
120800021002,2004,0.311827,0.0,0.311827
120800021002,2005,0.001506315,0.0,0.001506315
120800021002,2006,0.0,0.0,0.0
120800021002,2007,0.121574937,0.0,0.121574937
120800021002,2008,0.321661787,0.0,0.321661787
120800021002,2009,0.551372134,0.0,0.551372134
120800021002,2010,0.395122693,0.0,0.395122693
120800021002,2011,0.803664479,0.0,0.803664479
120800021002,2012,1.009257691,0.0,1.009257691
120800021002,2013,0.937945597,0.0,0.937945597
120800021002,2014,0.7657592,0.0,0.7657592
120800021002,2015,0.281272499,0.0,0.281272499
120800021002,2016,0.331952148,0.0,0.331952148
120800021002,2017,0.0,0.0,0.0
120800021002,2018,0.583577047,0.0,0.583577047
120800021002,2019,0.767016696,0.000766942,0.766249504
120800021002,2020,0.473668311,0.002368249,0.471299978
120800021003,2000,0.197091227,0.0,0.197091227
120800021003,2001,0.173948479,0.0,0.173948479
120800021003,2002,0.076824189,0.0,0.076824189
120800021003,2003,0.19830843,0.0,0.19830843
120800021003,2004,0.09787144,0.0,0.09787144
120800021003,2005,0.052385981,0.0,0.052385981
120800021003,2006,0.0,0.0,0.0
120800021003,2007,0.175594888,0.0,0.175594888
120800021003,2008,0.127126224,0.0,0.127126224
120800021003,2009,0.429798841,0.0,0.429798841
120800021003,2010,0.379347529,0.0,0.379347529
120800021003,2011,0.751672989,0.0,0.751672989
120800021003,2012,0.575124604,0.0,0.575124604
120800021003,2013,0.466107707,0.0,0.466107707
120800021003,2014,0.145087479,0.0,0.145087479
120800021003,2015,0.069083211,0.0,0.069083211
120800021003,2016,0.153753221,0.0,0.153753221
120800021003,2017,4.7414e-05,0.0,4.7414e-05
120800021003,2018,0.002477134,0.0,0.002477134
120800021003,2019,0.313237274,0.0,0.313237274
120800021003,2020,0.408654596,0.0,0.408654596
120800021004,2000,0.0,0.0,0.0
120800021004,2001,0.0,0.0,0.0
120800021004,2002,0.0,0.0,0.0
120800021004,2003,0.0,0.0,0.0
120800021004,2004,0.0,0.0,0.0
120800021004,2005,0.000759951,0.0,0.000759951
120800021004,2006,0.0,0.0,0.0
120800021004,2007,0.0,0.0,0.0
120800021004,2008,0.0,0.0,0.0
120800021004,2009,0.0,0.0,0.0
120800021004,2010,0.0,0.0,0.0
120800021004,2011,0.0,0.0,0.0
120800021004,2012,0.0,0.0,0.0
120800021004,2013,0.0,0.0,0.0
120800021004,2014,0.0,0.0,0.0
120800021004,2015,0.0,0.0,0.0
120800021004,2016,0.0,0.0,0.0
120800021004,2017,0.0,0.0,0.0
120800021004,2018,0.0,0.0,0.0
120800021004,2019,0.0,0.0,0.0
120800021004,2020,0.0,0.0,0.0
120800021005,2000,0.0,0.0,0.0
120800021005,2001,0.0,0.0,0.0
120800021005,2002,0.0,0.0,0.0
120800021005,2003,0.0,0.0,0.0
120800021005,2004,0.0,0.0,0.0
120800021005,2005,0.174508932,0.0,0.174508932
120800021005,2006,0.0,0.0,0.0
120800021005,2007,0.0,0.0,0.0
120800021005,2008,0.0,0.0,0.0
120800021005,2009,0.0,0.0,0.0
120800021005,2010,0.0,0.0,0.0
120800021005,2011,0.0,0.0,0.0
120800021005,2012,0.0,0.0,0.0
120800021005,2013,0.0,0.0,0.0
120800021005,2014,0.0,0.0,0.0
120800021005,2015,0.0,0.0,0.0
120800021005,2016,0.0,0.0,0.0
120800021005,2017,0.0,0.0,0.0
120800021005,2018,0.042589951,0.0,0.042589951
120800021005,2019,0.0,0.0,0.0
120800021005,2020,0.0,0.0,0.0
120800021006,2000,0.0,0.0,0.0
120800021006,2001,0.0,0.0,0.0
120800021006,2002,0.0,0.0,0.0
120800021006,2003,0.0,0.0,0.0
120800021006,2004,0.0,0.0,0.0
120800021006,2005,0.035358619,0.0,0.035358619
120800021006,2006,0.0,0.0,0.0
120800021006,2007,0.0,0.0,0.0
120800021006,2008,0.0,0.0,0.0
120800021006,2009,0.0,0.0,0.0
120800021006,2010,0.0,0.0,0.0
120800021006,2011,0.0,0.0,0.0
120800021006,2012,0.0,0.0,0.0
120800021006,2013,0.0,0.0,0.0
120800021006,2014,0.0,0.0,0.0
120800021006,2015,0.0,0.0,0.0
120800021006,2016,0.0,0.0,0.0
120800021006,2017,0.0,0.0,0.0
120800021006,2018,0.004081827,0.0,0.004081827
120800021006,2019,0.0,0.0,0.0
120800021006,2020,0.0,0.0,0.0
120800021007,2000,0.0,0.0,0.0
120800021007,2001,0.0,0.0,0.0
120800021007,2002,0.0,0.0,0.0
120800021007,2003,0.0,0.0,0.0
120800021007,2004,0.0,0.0,0.0
120800021007,2005,0.024280384,0.0,0.024280384
120800021007,2006,0.0,0.0,0.0
120800021007,2007,0.00042329,0.0,0.00042329
120800021007,2008,0.0,0.0,0.0
120800021007,2009,0.0,0.0,0.0
120800021007,2010,0.0,0.0,0.0
120800021007,2011,0.0,0.0,0.0
120800021007,2012,0.0,0.0,0.0
120800021007,2013,0.0,0.0,0.0
120800021007,2014,0.0,0.0,0.0
120800021007,2015,0.0,0.0,0.0
120800021007,2016,0.0,0.0,0.0
120800021007,2017,0.0,0.0,0.0
120800021007,2018,0.038622241,0.0,0.038622241
120800021007,2019,0.0,0.0,0.0
120800021007,2020,0.0,0.0,0.0
120800030307,2000,10.579119175,0.0,10.579119175
120800030307,2001,9.617156247,0.0,9.617156247
120800030307,2002,11.597037926,0.0,11.597037926
120800030307,2003,10.437982699,0.0,10.437982699
120800030307,2004,10.580276481,0.0,10.580276481
120800030307,2005,10.36126086,0.0,10.36126086
120800030307,2006,11.769480556,0.0,11.769480556
120800030307,2007,10.770436534,0.0,10.770436534
120800030307,2008,7.760264516,0.0,7.760264516
120800030307,2009,11.010888627,0.0,11.010888627
120800030307,2010,10.928202918,0.0,10.928202918
120800030307,2011,9.500087384,0.0,9.500087384
120800030307,2012,8.03647891,0.0,8.03647891
120800030307,2013,6.115108937,0.0,6.115108937
120800030307,2014,7.284643244,0.0,7.284643244
120800030307,2015,7.995649282,0.0,7.995649282
120800030307,2016,7.496369344,0.0,7.496369344
120800030307,2017,6.501371441,0.0,6.501371441
120800030307,2018,7.475275312,0.0,7.475275312
120800030307,2019,7.362554696,0.0,7.362554696
120800030307,2020,9.010955541,0.0,9.010955541
120800030406,2000,28.640183153,0.0,28.640183153
120800030406,2001,27.968966107,0.0,27.968966107
120800030406,2002,26.929623504,0.0,26.929623504
120800030406,2003,26.42691754,0.0,26.42691754
120800030406,2004,22.402030612,0.0,22.402030612
120800030406,2005,27.289664096,0.0,27.289664096
120800030406,2006,30.590780337,0.0,30.590780337
120800030406,2007,27.076496285,0.0,27.076496285
120800030406,2008,27.517876732,0.0,27.517876732
120800030406,2009,25.66828817,0.0,25.66828817
120800030406,2010,32.750731022,0.0,32.750731022
120800030406,2011,31.332027671,0.0,31.332027671
120800030406,2012,31.914478757,0.0,31.914478757
120800030406,2013,23.524219729,0.0,23.524219729
120800030406,2014,20.655445715,0.0,20.655445715
120800030406,2015,20.300885833,0.0,20.300885833
120800030406,2016,21.667483809,0.0,21.667483809
120800030406,2017,25.391241422,0.0,25.391241422
120800030406,2018,20.796304989,0.0,20.796304989
120800030406,2019,16.180686795,0.0,16.180686795
120800030406,2020,28.959152399,0.0,28.959152399
120800030407,2000,0.117991593,0.0,0.117991593
120800030407,2001,0.373015041,0.0,0.373015041
120800030407,2002,0.400294479,0.0,0.400294479
120800030407,2003,0.546503329,0.0,0.546503329
120800030407,2004,0.082832036,0.0,0.082832036
120800030407,2005,0.460763921,0.0,0.460763921
120800030407,2006,0.166029496,0.0,0.166029496
120800030407,2007,0.610526107,0.0,0.610526107
120800030407,2008,0.464438235,0.0,0.464438235
120800030407,2009,0.647713241,0.0,0.647713241
120800030407,2010,0.815108827,0.0,0.815108827
120800030407,2011,0.688066526,0.0,0.688066526
120800030407,2012,0.757995372,0.0,0.757995372
120800030407,2013,0.378548384,0.0,0.378548384
120800030407,2014,0.485006014,0.0,0.485006014
120800030407,2015,0.612890507,0.0,0.612890507
120800030407,2016,0.730269489,0.0,0.730269489
120800030407,2017,0.5787936,0.0,0.5787936
120800030407,2018,0.395942441,0.0,0.395942441
120800030407,2019,0.221126978,0.0,0.221126978
120800030407,2020,0.986199216,0.0,0.986199216
120800030501,2000,10.986708601,0.0,10.986708601
120800030501,2001,9.538637427,0.0,9.538637427
120800030501,2002,9.51403911,0.0,9.51403911
120800030501,2003,9.289332222,0.0,9.289332222
120800030501,2004,7.535835448,0.0,7.535835448
120800030501,2005,9.258784458,0.0,9.258784458
120800030501,2006,10.610638288,0.0,10.610638288
120800030501,2007,8.584779764,0.0,8.584779764
120800030501,2008,10.776645036,0.0,10.776645036
120800030501,2009,9.614264871,0.0,9.614264871
120800030501,2010,9.961405874,0.0,9.961405874
120800030501,2011,7.13724243,0.0,7.13724243
120800030501,2012,10.296966481,0.0,10.296966481
120800030501,2013,12.219379225,0.0,12.219379225
120800030501,2014,6.325843693,0.0,6.325843693
120800030501,2015,7.692407578,0.0,7.692407578
120800030501,2016,10.637206615,0.0,10.637206615
120800030501,2017,9.183640532,0.0,9.183640532
120800030501,2018,6.265794005,0.0,6.265794005
120800030501,2019,7.177494479,0.0,7.177494479
120800030501,2020,9.152930044,0.0,9.152930044
120800030502,2000,11.204318872,0.0,11.204318872
120800030502,2001,11.542175866,0.0,11.542175866
120800030502,2002,12.863786896,0.0,12.863786896
120800030502,2003,13.388884734,0.0,13.388884734
120800030502,2004,11.343008478,0.0,11.343008478
120800030502,2005,10.837984545,0.0,10.837984545
120800030502,2006,12.802865847,0.0,12.802865847
120800030502,2007,11.678619989,0.0,11.678619989
120800030502,2008,9.855118675,0.0,9.855118675
120800030502,2009,10.931216885,0.0,10.931216885
120800030502,2010,11.870904874,0.0,11.870904874
120800030502,2011,7.977993937,0.0,7.977993937
120800030502,2012,11.010410279,0.0,11.010410279
120800030502,2013,9.163045529,0.0,9.163045529
120800030502,2014,8.764484422,0.0,8.764484422
120800030502,2015,13.20799511,0.0,13.20799511
120800030502,2016,10.976560347,0.0,10.976560347
120800030502,2017,8.90572457,0.0,8.90572457
120800030502,2018,8.628433973,0.0,8.628433973
120800030502,2019,9.496440893,0.0,9.496440893
120800030502,2020,11.93950062,0.0,11.93950062
120800030503,2000,21.370604134,0.0,21.370604134
120800030503,2001,20.968283989,0.0,20.968283989
120800030503,2002,24.262232427,0.0,24.262232427
120800030503,2003,24.007955178,0.0,24.007955178
120800030503,2004,19.699830079,0.0,19.699830079
120800030503,2005,21.620555323,0.0,21.620555323
120800030503,2006,22.053971151,0.0,22.053971151
120800030503,2007,22.945560071,0.0,22.945560071
120800030503,2008,19.802934612,0.0,19.802934612
120800030503,2009,20.733355844,0.0,20.733355844
120800030503,2010,22.183474145,0.0,22.183474145
120800030503,2011,17.427491458,0.0,17.427491458
120800030503,2012,18.580139459,0.0,18.580139459
120800030503,2013,17.036661063,0.0,17.036661063
120800030503,2014,12.736112466,0.0,12.736112466
120800030503,2015,19.293053781,0.0,19.293053781
120800030503,2016,17.867638197,0.0,17.867638197
120800030503,2017,17.212761367,0.0,17.212761367
120800030503,2018,12.953412159,0.0,12.953412159
120800030503,2019,14.72260889,0.0,14.72260889
120800030503,2020,14.359425391,0.0,14.359425391
120800030801,2000,15.665519497,0.0,15.665519497
120800030801,2001,12.683705145,0.0,12.683705145
120800030801,2002,12.074109342,0.0,12.074109342
120800030801,2003,14.022615742,0.0,14.022615742
120800030801,2004,11.296479686,0.0,11.296479686
120800030801,2005,11.669642425,0.0,11.669642425
120800030801,2006,12.762840088,0.0,12.762840088
120800030801,2007,13.914097984,0.0,13.914097984
120800030801,2008,9.752913366,0.0,9.752913366
120800030801,2009,11.336009948,0.0,11.336009948
120800030801,2010,14.069220699,0.0,14.069220699
120800030801,2011,15.150652592,0.0,15.150652592
120800030801,2012,12.063802276,0.0,12.063802276
120800030801,2013,11.086907855,0.0,11.086907855
120800030801,2014,11.321813526,0.0,11.321813526
120800030801,2015,11.386499175,0.0,11.386499175
120800030801,2016,13.295672265,0.0,13.295672265
120800030801,2017,9.965671707,0.0,9.965671707
120800030801,2018,11.2835892,0.0,11.2835892
120800030801,2019,11.127785236,0.0,11.127785236
120800030801,2020,14.309890948,0.0,14.309890948
120800030802,2000,0.903339025,0.0,0.903339025
120800030802,2001,1.440905,0.0,1.440905
120800030802,2002,1.159693592,0.0,1.159693592
120800030802,2003,0.865379696,0.0,0.865379696
120800030802,2004,1.079770333,0.0,1.079770333
120800030802,2005,1.071670271,0.0,1.071670271
120800030802,2006,1.338337649,0.0,1.338337649
120800030802,2007,1.047833581,0.0,1.047833581
120800030802,2008,1.224632847,0.0,1.224632847
120800030802,2009,1.292293819,0.0,1.292293819
120800030802,2010,1.345949458,0.0,1.345949458
120800030802,2011,1.242566071,0.0,1.242566071
120800030802,2012,1.820365213,0.0,1.820365213
120800030802,2013,2.330455814,0.0,2.330455814
120800030802,2014,3.11025217,0.0,3.11025217
120800030802,2015,3.247622641,0.0,3.247622641
120800030802,2016,3.339284814,0.0,3.339284814
120800030802,2017,3.779215493,0.0,3.779215493
120800030802,2018,3.185546244,0.0,3.185546244
120800030802,2019,3.489324323,0.0,3.489324323
120800030802,2020,4.225565866,0.0,4.225565866
120800030803,2000,9.88658077,0.0,9.88658077
120800030803,2001,7.882608033,0.0,7.882608033
120800030803,2002,9.487500244,0.0,9.487500244
120800030803,2003,8.701411953,0.0,8.701411953
120800030803,2004,8.828468781,0.0,8.828468781
120800030803,2005,9.153256521,0.0,9.153256521
120800030803,2006,10.34427463,0.0,10.34427463
120800030803,2007,9.240132896,0.0,9.240132896
120800030803,2008,9.592423057,0.0,9.592423057
120800030803,2009,8.510910104,0.0,8.510910104
120800030803,2010,10.150168811,0.0,10.150168811
120800030803,2011,13.450058005,0.0,13.450058005
120800030803,2012,12.161807415,0.0,12.161807415
120800030803,2013,9.126264573,0.0,9.126264573
120800030803,2014,10.262310666,0.0,10.262310666
120800030803,2015,8.559546715,0.0,8.559546715
120800030803,2016,10.252791101,0.0,10.252791101
120800030803,2017,11.501049326,0.0,11.501049326
120800030803,2018,11.668027258,0.0,11.668027258
120800030803,2019,12.153936756,0.0,12.153936756
120800030803,2020,17.202569355,0.0,17.202569355
120800030804,2000,8.166085355,0.0,8.166085355
120800030804,2001,6.162626134,0.0,6.162626134
120800030804,2002,5.543416258,0.0,5.543416258
120800030804,2003,6.19481823,0.0,6.19481823
120800030804,2004,6.344052363,0.0,6.344052363
120800030804,2005,7.117857164,0.0,7.117857164
120800030804,2006,6.019067556,0.0,6.019067556
120800030804,2007,6.914440581,0.0,6.914440581
120800030804,2008,6.168703563,0.0,6.168703563
120800030804,2009,6.138836808,0.0,6.138836808
120800030804,2010,7.940943353,0.0,7.940943353
120800030804,2011,10.523083493,0.0,10.523083493
120800030804,2012,13.229122333,0.0,13.229122333
120800030804,2013,11.728738597,0.0,11.728738597
120800030804,2014,13.870827759,0.0,13.870827759
120800030804,2015,16.494260214,0.0,16.494260214
120800030804,2016,15.507334809,0.0,15.507334809
120800030804,2017,16.320725438,0.0,16.320725438
120800030804,2018,18.85288646,0.0,18.85288646
120800030804,2019,18.080659129,0.0,18.080659129
120800030804,2020,22.805479533,0.0,22.805479533
120800030805,2000,0.0,0.0,0.0
120800030805,2001,0.0,0.0,0.0
120800030805,2002,0.0,0.0,0.0
120800030805,2003,0.0,0.0,0.0
120800030805,2004,0.0,0.0,0.0
120800030805,2005,0.0,0.0,0.0
120800030805,2006,0.0,0.0,0.0
120800030805,2007,0.0,0.0,0.0
120800030805,2008,0.0,0.0,0.0
120800030805,2009,0.0,0.0,0.0
120800030805,2010,0.0,0.0,0.0
120800030805,2011,0.0,0.0,0.0
120800030805,2012,0.0,0.0,0.0
120800030805,2013,0.0,0.0,0.0
120800030805,2014,0.274149271,0.0,0.274149271
120800030805,2015,0.318394066,0.0,0.318394066
120800030805,2016,0.535613025,0.0,0.535613025
120800030805,2017,0.133857797,0.0,0.133857797
120800030805,2018,1.762867362,0.0,1.762867362
120800030805,2019,1.578506595,0.0,1.578506595
120800030805,2020,1.529292014,0.0,1.529292014
120800030806,2000,2.309823628,0.0,2.309823628
120800030806,2001,1.796137868,0.0,1.796137868
120800030806,2002,2.042135507,0.0,2.042135507
120800030806,2003,2.283154211,0.0,2.283154211
120800030806,2004,2.366820672,0.0,2.366820672
120800030806,2005,2.145087633,0.0,2.145087633
120800030806,2006,2.255028063,0.0,2.255028063
120800030806,2007,2.196777658,0.0,2.196777658
120800030806,2008,2.221864112,0.0,2.221864112
120800030806,2009,1.182349381,0.0,1.182349381
120800030806,2010,2.124652137,0.0,2.124652137
120800030806,2011,1.431309926,0.0,1.431309926
120800030806,2012,1.359600284,0.0,1.359600284
120800030806,2013,0.723032118,0.0,0.723032118
120800030806,2014,2.134482537,0.0,2.134482537
120800030806,2015,1.65934009,0.0,1.65934009
120800030806,2016,1.337698161,0.0,1.337698161
120800030806,2017,1.513887534,0.0,1.513887534
120800030806,2018,2.999962058,0.0,2.999962058
120800030806,2019,3.252964921,0.0,3.252964921
120800030806,2020,1.546327721,0.0,1.546327721
120800030807,2000,5.846868664,0.0,5.846868664
120800030807,2001,5.595680863,0.0,5.595680863
120800030807,2002,6.820223959,0.0,6.820223959
120800030807,2003,6.576085918,0.0,6.576085918
120800030807,2004,6.75407744,0.0,6.75407744
120800030807,2005,6.078026822,0.0,6.078026822
120800030807,2006,6.926102967,0.0,6.926102967
120800030807,2007,6.331095564,0.0,6.331095564
120800030807,2008,5.80110118,0.0,5.80110118
120800030807,2009,3.940753345,0.0,3.940753345
120800030807,2010,6.668817964,0.0,6.668817964
120800030807,2011,5.948572107,0.0,5.948572107
120800030807,2012,3.95813859,0.0,3.95813859
120800030807,2013,4.023406044,0.0,4.023406044
120800030807,2014,6.930462641,0.0,6.930462641
120800030807,2015,4.923295819,0.0,4.923295819
120800030807,2016,4.60098506,0.0,4.60098506
120800030807,2017,6.161088751,0.0,6.161088751
120800030807,2018,10.257227205,0.0,10.257227205
120800030807,2019,10.54259497,0.0,10.54259497
120800030807,2020,4.901689852,0.0,4.901689852
120800030901,2000,3.874183508,0.0,3.874183508
120800030901,2001,2.179312296,0.0,2.179312296
120800030901,2002,2.541788148,0.0,2.541788148
120800030901,2003,3.050311553,0.0,3.050311553
120800030901,2004,3.275362208,0.0,3.275362208
120800030901,2005,4.218084444,0.0,4.218084444
120800030901,2006,4.265442162,0.0,4.265442162
120800030901,2007,5.465344047,0.0,5.465344047
120800030901,2008,1.584366828,0.0,1.584366828
120800030901,2009,2.685973712,0.0,2.685973712
120800030901,2010,3.676498088,0.0,3.676498088
120800030901,2011,1.612726751,0.0,1.612726751
120800030901,2012,2.42199773,0.0,2.42199773
120800030901,2013,1.977314449,0.0,1.977314449
120800030901,2014,1.680655745,0.0,1.680655745
120800030901,2015,2.303266449,0.0,2.303266449
120800030901,2016,2.560876117,0.0,2.560876117
120800030901,2017,4.145813934,0.0,4.145813934
120800030901,2018,1.474771159,0.0,1.474771159
120800030901,2019,1.790112964,0.0,1.790112964
120800030901,2020,2.093373388,0.0,2.093373388
120800030902,2000,6.17223741,0.0,6.17223741
120800030902,2001,4.405381964,0.0,4.405381964
120800030902,2002,5.223963819,0.0,5.223963819
120800030902,2003,4.305687644,0.0,4.305687644
120800030902,2004,6.411343571,0.0,6.411343571
120800030902,2005,6.417854425,0.0,6.417854425
120800030902,2006,5.187972827,0.0,5.187972827
120800030902,2007,5.509595175,0.0,5.509595175
120800030902,2008,2.98272185,0.0,2.98272185
120800030902,2009,3.920564263,0.0,3.920564263
120800030902,2010,5.25733694,0.0,5.25733694
120800030902,2011,4.754050463,0.0,4.754050463
120800030902,2012,2.323055522,0.0,2.323055522
120800030902,2013,2.641339167,0.0,2.641339167
120800030902,2014,3.354763984,0.0,3.354763984
120800030902,2015,2.301737101,0.0,2.301737101
120800030902,2016,4.205579689,0.0,4.205579689
120800030902,2017,2.446038795,0.0,2.446038795
120800030902,2018,1.509351304,0.0,1.509351304
120800030902,2019,2.091083567,0.0,2.091083567
120800030902,2020,2.813132363,0.0,2.813132363
120800030903,2000,18.309586467,0.0,18.309586467
120800030903,2001,19.527012586,0.0,19.527012586
120800030903,2002,14.957262438,0.0,14.957262438
120800030903,2003,16.953962718,0.0,16.953962718
120800030903,2004,14.289469604,0.0,14.289469604
120800030903,2005,18.162563858,0.0,18.162563858
120800030903,2006,16.697829814,0.0,16.697829814
120800030903,2007,17.546329501,0.0,17.546329501
120800030903,2008,14.28944026,0.0,14.28944026
120800030903,2009,14.119614625,0.0,14.119614625
120800030903,2010,19.599642107,0.0,19.599642107
120800030903,2011,20.762099545,0.0,20.762099545
120800030903,2012,14.970139415,0.0,14.970139415
120800030903,2013,10.995852058,0.0,10.995852058
120800030903,2014,8.901540877,0.0,8.901540877
120800030903,2015,13.800897438,0.0,13.800897438
120800030903,2016,11.720196027,0.0,11.720196027
120800030903,2017,11.389661055,0.0,11.389661055
120800030903,2018,9.061185016,0.0,9.061185016
120800030903,2019,9.15888891,0.0,9.15888891
120800030903,2020,12.546278541,0.0,12.546278541
120800030904,2000,8.875019139,0.0,8.875019139
120800030904,2001,6.590615016,0.0,6.590615016
120800030904,2002,5.569552392,0.0,5.569552392
120800030904,2003,5.761545742,0.0,5.761545742
120800030904,2004,6.839095246,0.0,6.839095246
120800030904,2005,7.644125222,0.0,7.644125222
120800030904,2006,6.433806282,0.0,6.433806282
120800030904,2007,6.690942518,0.0,6.690942518
120800030904,2008,4.110538648,0.0,4.110538648
120800030904,2009,3.327210844,0.0,3.327210844
120800030904,2010,5.989407145,0.0,5.989407145
120800030904,2011,4.10993789,0.0,4.10993789
120800030904,2012,3.835971962,0.0,3.835971962
120800030904,2013,3.298279474,0.0,3.298279474
120800030904,2014,2.634717696,0.0,2.634717696
120800030904,2015,2.929942548,0.0,2.929942548
120800030904,2016,3.500291918,0.0,3.500291918
120800030904,2017,5.552454375,0.0,5.552454375
120800030904,2018,2.060927332,0.0,2.060927332
120800030904,2019,3.149588625,0.0,3.149588625
120800030904,2020,3.292780467,0.0,3.292780467
120800030905,2000,4.214487566,0.0,4.214487566
120800030905,2001,3.492950981,0.0,3.492950981
120800030905,2002,3.393850649,0.0,3.393850649
120800030905,2003,3.532348797,0.0,3.532348797
120800030905,2004,4.533488344,0.0,4.533488344
120800030905,2005,4.908327888,0.0,4.908327888
120800030905,2006,4.305869299,0.0,4.305869299
120800030905,2007,4.241907764,0.0,4.241907764
120800030905,2008,3.782661836,0.0,3.782661836
120800030905,2009,2.345191192,0.0,2.345191192
120800030905,2010,4.489953622,0.0,4.489953622
120800030905,2011,3.396068668,0.0,3.396068668
120800030905,2012,3.376997183,0.0,3.376997183
120800030905,2013,0.815829918,0.0,0.815829918
120800030905,2014,0.647256197,0.0,0.647256197
120800030905,2015,1.452840951,0.0,1.452840951
120800030905,2016,2.046883298,0.0,2.046883298
120800030905,2017,2.527661381,0.0,2.527661381
120800030905,2018,1.704786951,0.0,1.704786951
120800030905,2019,1.262210159,0.0,1.262210159
120800030905,2020,1.273278322,0.0,1.273278322
120800030906,2000,24.072425511,0.0,24.072425511
120800030906,2001,19.793471088,0.0,19.793471088
120800030906,2002,25.671855545,0.0,25.671855545
120800030906,2003,20.567124874,0.0,20.567124874
120800030906,2004,23.04138774,0.0,23.04138774
120800030906,2005,24.517675326,0.0,24.517675326
120800030906,2006,23.309106548,0.0,23.309106548
120800030906,2007,21.40300989,0.0,21.40300989
120800030906,2008,19.581629593,0.0,19.581629593
120800030906,2009,23.36991109,0.0,23.36991109
120800030906,2010,28.465949504,0.0,28.465949504
120800030906,2011,24.379995058,0.0,24.379995058
120800030906,2012,24.824878276,0.0,24.824878276
120800030906,2013,19.298541066,0.0,19.298541066
120800030906,2014,21.692159142,0.0,21.692159142
120800030906,2015,22.321644055,0.0,22.321644055
120800030906,2016,27.317290768,0.0,27.317290768
120800030906,2017,22.418376384,0.0,22.418376384
120800030906,2018,19.382133923,0.0,19.382133923
120800030906,2019,19.960088877,0.0,19.960088877
120800030906,2020,23.562298817,0.0,23.562298817
120800030907,2000,0.947931249,0.0,0.947931249
120800030907,2001,1.187886408,0.0,1.187886408
120800030907,2002,1.2085964,0.0,1.2085964
120800030907,2003,1.205303942,0.0,1.205303942
120800030907,2004,1.197457787,0.0,1.197457787
120800030907,2005,1.492227636,0.0,1.492227636
120800030907,2006,1.47346091,0.0,1.47346091
120800030907,2007,1.322528173,0.0,1.322528173
120800030907,2008,0.942544675,0.0,0.942544675
120800030907,2009,1.120415611,0.0,1.120415611
120800030907,2010,1.730057375,0.0,1.730057375
120800030907,2011,1.019969485,0.0,1.019969485
120800030907,2012,1.593266232,0.0,1.593266232
120800030907,2013,1.530348014,0.0,1.530348014
120800030907,2014,1.449459792,0.0,1.449459792
120800030907,2015,2.077837564,0.0,2.077837564
120800030907,2016,1.77293426,0.0,1.77293426
120800030907,2017,2.10381029,0.0,2.10381029
120800030907,2018,1.446895523,0.0,1.446895523
120800030907,2019,1.640484189,0.0,1.640484189
120800030907,2020,2.057090279,0.0,2.057090279
120800030908,2000,0.426542085,0.0,0.426542085
120800030908,2001,0.051107203,0.0,0.051107203
120800030908,2002,0.359568293,0.0,0.359568293
120800030908,2003,0.124889216,0.0,0.124889216
120800030908,2004,0.361858221,0.0,0.361858221
120800030908,2005,0.383045181,0.0,0.383045181
120800030908,2006,0.154860238,0.0,0.154860238
120800030908,2007,0.340228756,0.0,0.340228756
120800030908,2008,0.18979785,0.0,0.18979785
120800030908,2009,0.0,0.0,0.0
120800030908,2010,0.261164047,0.0,0.261164047
120800030908,2011,0.40367994,0.0,0.40367994
120800030908,2012,0.502503328,0.0,0.502503328
120800030908,2013,0.247633767,0.0,0.247633767
120800030908,2014,0.152990868,0.0,0.152990868
120800030908,2015,0.306003663,0.0,0.306003663
120800030908,2016,0.077788175,0.0,0.077788175
120800030908,2017,0.38311146,0.0,0.38311146
120800030908,2018,0.26672371,0.0,0.26672371
120800030908,2019,0.31557417,0.0,0.31557417
120800030908,2020,0.039840705,0.0,0.039840705
120800040401,2000,9.962616112,0.0,9.962616112
120800040401,2001,8.170750995,0.0,8.170750995
120800040401,2002,7.357855734,0.0,7.357855734
120800040401,2003,6.833528148,0.0,6.833528148
120800040401,2004,5.032026525,0.0,5.032026525
120800040401,2005,5.755227416,0.0,5.755227416
120800040401,2006,6.32230694,0.0,6.32230694
120800040401,2007,6.113745745,0.0,6.113745745
120800040401,2008,4.837345344,0.0,4.837345344
120800040401,2009,6.37578771,0.0,6.37578771
120800040401,2010,5.667680784,0.0,5.667680784
120800040401,2011,6.223860348,0.0,6.223860348
120800040401,2012,5.797708746,0.0,5.797708746
120800040401,2013,4.40713149,0.0,4.40713149
120800040401,2014,3.605600701,0.0,3.605600701
120800040401,2015,4.175728093,0.0,4.175728093
120800040401,2016,6.007510311,0.0,6.007510311
120800040401,2017,5.516147285,0.0,5.516147285
120800040401,2018,4.67873331,0.0,4.67873331
120800040401,2019,3.509311,0.0,3.509311
120800040401,2020,6.174515068,0.0,6.174515068
120800040402,2000,5.076260997,0.0,5.076260997
120800040402,2001,4.970562518,0.0,4.970562518
120800040402,2002,4.93751103,0.0,4.93751103
120800040402,2003,5.228715723,0.0,5.228715723
120800040402,2004,3.01788797,0.0,3.01788797
120800040402,2005,4.542400436,0.0,4.542400436
120800040402,2006,4.811690244,0.0,4.811690244
120800040402,2007,4.992758863,0.0,4.992758863
120800040402,2008,4.574496904,0.0,4.574496904
120800040402,2009,5.158618181,0.0,5.158618181
120800040402,2010,5.880117726,0.0,5.880117726
120800040402,2011,5.598582515,0.0,5.598582515
120800040402,2012,5.67909044,0.0,5.67909044
120800040402,2013,4.122365416,0.0,4.122365416
120800040402,2014,3.569875847,0.0,3.569875847
120800040402,2015,4.157378537,0.0,4.157378537
120800040402,2016,5.950076126,0.0,5.950076126
120800040402,2017,4.885308989,0.0,4.885308989
120800040402,2018,4.731578573,0.0,4.731578573
120800040402,2019,4.060251962,0.0,4.060251962
120800040402,2020,6.697390995,0.0,6.697390995
120800040403,2000,4.632861055,0.0,4.632861055
120800040403,2001,3.45606317,0.0,3.45606317
120800040403,2002,3.939366071,0.0,3.939366071
120800040403,2003,3.805464427,0.0,3.805464427
120800040403,2004,3.821611757,0.0,3.821611757
120800040403,2005,4.768326784,0.0,4.768326784
120800040403,2006,3.842418173,0.0,3.842418173
120800040403,2007,3.863020025,0.0,3.863020025
120800040403,2008,3.541067033,0.0,3.541067033
120800040403,2009,4.567478411,0.0,4.567478411
120800040403,2010,5.836869395,0.0,5.836869395
120800040403,2011,5.026426121,0.0,5.026426121
120800040403,2012,7.133524451,0.0,7.133524451
120800040403,2013,4.404878096,0.0,4.404878096
120800040403,2014,3.110936323,0.0,3.110936323
120800040403,2015,4.394915627,0.0,4.394915627
120800040403,2016,5.07317726,0.0,5.07317726
120800040403,2017,5.408966123,0.0,5.408966123
120800040403,2018,4.189940584,0.0,4.189940584
120800040403,2019,4.539252501,0.0,4.539252501
120800040403,2020,7.838857066,0.0,7.838857066
120800040404,2000,14.88369826,0.044651079,14.83904718
120800040404,2001,11.832026011,0.035496175,11.796529918
120800040404,2002,14.070440742,0.028140767,14.042299973
120800040404,2003,13.914751022,0.027829515,13.886921419
120800040404,2004,11.940337107,0.023880645,11.916456462
120800040404,2005,14.0621162,0.028124263,14.033992016
120800040404,2006,15.262757964,0.030525529,15.232232433
120800040404,2007,12.216386323,0.024432745,12.191953663
120800040404,2008,12.466441128,0.02493297,12.441508322
120800040404,2009,14.983570353,0.02996714,14.953603047
120800040404,2010,17.10247794,0.034204918,17.068272937
120800040404,2011,15.487712299,0.030975501,15.456736882
120800040404,2012,16.553774617,0.033107757,16.520667445
120800040404,2013,12.503326688,0.025006726,12.478320211
120800040404,2014,11.317150586,0.022634299,11.294516205
120800040404,2015,13.32063226,0.026641249,13.293990926
120800040404,2016,15.078336292,0.030156568,15.04817947
120800040404,2017,15.92833711,0.031856671,15.896480189
120800040404,2018,13.184423416,0.026368781,13.158054633
120800040404,2019,13.517176279,0.027034386,13.490141896
120800040404,2020,22.141051194,0.044282142,22.096768967
120800040405,2000,11.536019358,0.0,11.536019358
120800040405,2001,8.512157244,0.0,8.512157244
120800040405,2002,8.609609345,0.0,8.609609345
120800040405,2003,11.361836112,0.0,11.361836112
120800040405,2004,9.665302989,0.0,9.665302989
120800040405,2005,8.802339441,0.0,8.802339441
120800040405,2006,7.862465942,0.0,7.862465942
120800040405,2007,8.035660981,0.0,8.035660981
120800040405,2008,8.066723689,0.0,8.066723689
120800040405,2009,9.075327997,0.0,9.075327997
120800040405,2010,10.090692337,0.0,10.090692337
120800040405,2011,7.252461277,0.0,7.252461277
120800040405,2012,11.198568396,0.0,11.198568396
120800040405,2013,5.61659314,0.0,5.61659314
120800040405,2014,6.602919416,0.0,6.602919416
120800040405,2015,6.506966638,0.0,6.506966638
120800040405,2016,8.634395795,0.0,8.634395795
120800040405,2017,8.459974726,0.0,8.459974726
120800040405,2018,8.278429249,0.0,8.278429249
120800040405,2019,5.672341964,0.0,5.672341964
120800040405,2020,9.413891033,0.0,9.413891033
120800040406,2000,13.387933598,0.0,13.387933598
120800040406,2001,8.249325082,0.0,8.249325082
120800040406,2002,8.142726151,0.0,8.142726151
120800040406,2003,11.507642315,0.0,11.507642315
120800040406,2004,9.275400363,0.0,9.275400363
120800040406,2005,11.450781644,0.0,11.450781644
120800040406,2006,6.044111474,0.0,6.044111474
120800040406,2007,9.719596863,0.0,9.719596863
120800040406,2008,8.604443749,0.0,8.604443749
120800040406,2009,11.241348192,0.0,11.241348192
120800040406,2010,10.786748099,0.0,10.786748099
120800040406,2011,11.072070329,0.0,11.072070329
120800040406,2012,13.323604899,0.0,13.323604899
120800040406,2013,7.549906085,0.0,7.549906085
120800040406,2014,7.520325789,0.0,7.520325789
120800040406,2015,7.357102589,0.0,7.357102589
120800040406,2016,10.244306005,0.0,10.244306005
120800040406,2017,8.492738707,0.0,8.492738707
120800040406,2018,9.279952422,0.0,9.279952422
120800040406,2019,8.690428389,0.0,8.690428389
120800040406,2020,13.273830377,0.0,13.273830377
120800040503,2000,4.265767596,0.0,4.265767596
120800040503,2001,3.720498559,0.0,3.720498559
120800040503,2002,3.502763885,0.0,3.502763885
120800040503,2003,2.916775789,0.0,2.916775789
120800040503,2004,2.690235639,0.0,2.690235639
120800040503,2005,2.909679422,0.0,2.909679422
120800040503,2006,3.384466825,0.0,3.384466825
120800040503,2007,2.933464184,0.0,2.933464184
120800040503,2008,2.14792362,0.0,2.14792362
120800040503,2009,3.763090816,0.0,3.763090816
120800040503,2010,3.517775666,0.0,3.517775666
120800040503,2011,3.438627159,0.0,3.438627159
120800040503,2012,2.884657615,0.0,2.884657615
120800040503,2013,2.461756356,0.0,2.461756356
120800040503,2014,2.352729296,0.0,2.352729296
120800040503,2015,2.549484447,0.0,2.549484447
120800040503,2016,3.358962792,0.0,3.358962792
120800040503,2017,3.198131773,0.0,3.198131773
120800040503,2018,2.835999203,0.0,2.835999203
120800040503,2019,2.314691773,0.0,2.314691773
120800040503,2020,3.367025298,0.0,3.367025298
120800040504,2000,5.220749169,0.0,5.220749169
120800040504,2001,5.750106893,0.0,5.750106893
120800040504,2002,4.961532066,0.0,4.961532066
120800040504,2003,4.619035663,0.0,4.619035663
120800040504,2004,3.344395839,0.0,3.344395839
120800040504,2005,3.806455592,0.0,3.806455592
120800040504,2006,5.243877636,0.0,5.243877636
120800040504,2007,4.239720674,0.0,4.239720674
120800040504,2008,3.655768552,0.0,3.655768552
120800040504,2009,4.372109707,0.0,4.372109707
120800040504,2010,5.602178299,0.0,5.602178299
120800040504,2011,6.523526655,0.0,6.523526655
120800040504,2012,5.688780503,0.0,5.688780503
120800040504,2013,5.143932449,0.0,5.143932449
120800040504,2014,4.506538888,0.0,4.506538888
120800040504,2015,4.449555419,0.0,4.449555419
120800040504,2016,5.242283423,0.0,5.242283423
120800040504,2017,6.195156222,0.0,6.195156222
120800040504,2018,4.095900942,0.0,4.095900942
120800040504,2019,4.341276562,0.0,4.341276562
120800040504,2020,5.73676991,0.0,5.73676991
120800040505,2000,6.891256519,0.0,6.891256519
120800040505,2001,6.376325868,0.0,6.376325868
120800040505,2002,6.087765926,0.0,6.087765926
120800040505,2003,5.957176584,0.0,5.957176584
120800040505,2004,5.006124374,0.0,5.006124374
120800040505,2005,6.246843293,0.0,6.246843293
120800040505,2006,6.054804468,0.0,6.054804468
120800040505,2007,5.631596266,0.0,5.631596266
120800040505,2008,4.404175628,0.0,4.404175628
120800040505,2009,6.228691342,0.0,6.228691342
120800040505,2010,7.16944123,0.0,7.16944123
120800040505,2011,7.988364118,0.0,7.988364118
120800040505,2012,7.181221795,0.0,7.181221795
120800040505,2013,5.119178523,0.0,5.119178523
120800040505,2014,4.519268677,0.0,4.519268677
120800040505,2015,6.478996438,0.0,6.478996438
120800040505,2016,7.007991257,0.0,7.007991257
120800040505,2017,6.309167405,0.0,6.309167405
120800040505,2018,5.342370208,0.0,5.342370208
120800040505,2019,5.629156679,0.0,5.629156679
120800040505,2020,8.791283432,0.0,8.791283432
120800040506,2000,2.880533727,0.0,2.880533727
120800040506,2001,3.849795337,0.0,3.849795337
120800040506,2002,2.302470373,0.0,2.302470373
120800040506,2003,2.240370611,0.0,2.240370611
120800040506,2004,1.654431112,0.0,1.654431112
120800040506,2005,1.729836367,0.0,1.729836367
120800040506,2006,1.732534885,0.0,1.732534885
120800040506,2007,1.595780995,0.0,1.595780995
120800040506,2008,1.301190301,0.0,1.301190301
120800040506,2009,1.717097107,0.0,1.717097107
120800040506,2010,1.777293373,0.0,1.777293373
120800040506,2011,1.562377151,0.0,1.562377151
120800040506,2012,1.528205615,0.0,1.528205615
120800040506,2013,1.166223701,0.0,1.166223701
120800040506,2014,0.785073921,0.0,0.785073921
120800040506,2015,1.650844395,0.0,1.650844395
120800040506,2016,1.77795656,0.0,1.77795656
120800040506,2017,2.264377074,0.0,2.264377074
120800040506,2018,1.476894463,0.0,1.476894463
120800040506,2019,1.831152819,0.0,1.831152819
120800040506,2020,1.727446287,0.0,1.727446287
120800040507,2000,29.339094872,0.0,29.339094872
120800040507,2001,23.851399874,0.0,23.851399874
120800040507,2002,27.590085405,0.0,27.590085405
120800040507,2003,22.588575,0.0,22.588575
120800040507,2004,21.835569839,0.0,21.835569839
120800040507,2005,22.239366471,0.0,22.239366471
120800040507,2006,21.669671751,0.0,21.669671751
120800040507,2007,19.793539433,0.0,19.793539433
120800040507,2008,21.749170817,0.0,21.749170817
120800040507,2009,21.199596964,0.0,21.199596964
120800040507,2010,25.820176685,0.0,25.820176685
120800040507,2011,26.705910781,0.0,26.705910781
120800040507,2012,23.611083205,0.0,23.611083205
120800040507,2013,17.766338153,0.0,17.766338153
120800040507,2014,18.420271425,0.0,18.420271425
120800040507,2015,22.144392241,0.0,22.144392241
120800040507,2016,24.716200617,0.0,24.716200617
120800040507,2017,22.197124414,0.0,22.197124414
120800040507,2018,22.27600209,0.0,22.27600209
120800040507,2019,22.779704932,0.0,22.779704932
120800040507,2020,31.52070171,0.0,31.52070171
120800040508,2000,5.608123066,0.0,5.608123066
120800040508,2001,2.598785619,0.0,2.598785619
120800040508,2002,4.220758759,0.0,4.220758759
120800040508,2003,3.523869556,0.0,3.523869556
120800040508,2004,4.665685527,0.0,4.665685527
120800040508,2005,2.819013307,0.0,2.819013307
120800040508,2006,2.840666562,0.0,2.840666562
120800040508,2007,3.787845077,0.0,3.787845077
120800040508,2008,3.654941792,0.0,3.654941792
120800040508,2009,4.172997208,0.0,4.172997208
120800040508,2010,5.836472795,0.0,5.836472795
120800040508,2011,4.876381589,0.0,4.876381589
120800040508,2012,3.911838219,0.0,3.911838219
120800040508,2013,1.953560052,0.0,1.953560052
120800040508,2014,2.772330455,0.0,2.772330455
120800040508,2015,3.510715671,0.0,3.510715671
120800040508,2016,5.624056587,0.0,5.624056587
120800040508,2017,4.050961775,0.0,4.050961775
120800040508,2018,3.685139521,0.0,3.685139521
120800040508,2019,3.780198077,0.0,3.780198077
120800040508,2020,6.82618165,0.0,6.82618165
120800040601,2000,12.564827675,0.062824161,12.502003596
120800040601,2001,8.177824658,0.049066989,8.128757584
120800040601,2002,10.590592299,0.052953016,10.537639364
120800040601,2003,10.133332581,0.050666545,10.082665953
120800040601,2004,7.082471896,0.035412292,7.047059525
120800040601,2005,8.646306647,0.043231504,8.603075227
120800040601,2006,8.315874693,0.041579367,8.274295408
120800040601,2007,8.353223011,0.041766121,8.311456811
120800040601,2008,7.200140391,0.03600074,7.16413965
120800040601,2009,11.286552175,0.056432803,11.230119458
120800040601,2010,8.481260688,0.033925041,8.447335482
120800040601,2011,16.356938973,0.065427871,16.291511101
120800040601,2012,12.022063454,0.048088363,11.973975175
120800040601,2013,8.963910025,0.044819658,8.919090367
120800040601,2014,9.882613444,0.04941294,9.833200252
120800040601,2015,8.202748373,0.041013786,8.161734756
120800040601,2016,9.984178713,0.049920907,9.934257803
120800040601,2017,11.363826707,0.056819156,11.307007551
120800040601,2018,11.135819359,0.033407471,11.102411888
120800040601,2019,14.070746841,0.056282973,14.014463781
120800040601,2020,17.005779358,0.068023087,16.93775627
120800040602,2000,3.236679388,0.009710025,3.226969279
120800040602,2001,1.662835836,0.006651255,1.656184496
120800040602,2002,3.807565047,0.011422729,3.79614223
120800040602,2003,2.797557526,0.008392707,2.789164904
120800040602,2004,2.199677068,0.006599077,2.193077992
120800040602,2005,2.734356263,0.005468773,2.728887575
120800040602,2006,1.846384918,0.009231995,1.837153008
120800040602,2007,2.443713373,0.007331186,2.436382271
120800040602,2008,1.90221179,0.003804309,1.89840723
120800040602,2009,2.357471795,0.004714921,2.352756874
120800040602,2010,1.116527156,0.003349553,1.113177682
120800040602,2011,4.757072811,0.014271203,4.742801608
120800040602,2012,2.628627609,0.007885973,2.620741642
120800040602,2013,1.703491641,0.005110348,1.698381123
120800040602,2014,2.848078866,0.008544285,2.839534833
120800040602,2015,2.278178304,0.006834523,2.271343614
120800040602,2016,2.024984989,0.008099962,2.016885194
120800040602,2017,2.781514074,0.005563115,2.775951047
120800040602,2018,3.227455762,0.006454975,3.221000786
120800040602,2019,3.542435827,0.007084885,3.535350773
120800040602,2020,5.40415582,0.010808374,5.393347445
120800040603,2000,2.779654066,0.002779691,2.776874377
120800040603,2001,2.020550584,0.002020644,2.018530107
120800040603,2002,2.165178315,0.002165082,2.163013148
120800040603,2003,2.064270211,0.002064225,2.062205652
120800040603,2004,1.620020719,0.001619986,1.618400732
120800040603,2005,1.90174317,0.001901805,1.899841447
120800040603,2006,1.925071932,0.001925115,1.923146816
120800040603,2007,1.513992844,0.001513989,1.51247894
120800040603,2008,1.182632268,0.001182536,1.181449732
120800040603,2009,1.705859882,0.001705701,1.704154014
120800040603,2010,1.518054775,0.001517995,1.516536614
120800040603,2011,3.132857995,0.00313297,3.129725025
120800040603,2012,2.337203727,0.002337161,2.33486656
120800040603,2013,1.07320514,0.001073195,1.072131778
120800040603,2014,1.945517597,0.001945449,1.943572315
120800040603,2015,1.418899342,0.001418866,1.417480477
120800040603,2016,1.909610577,0.001909628,1.90770103
120800040603,2017,2.53102097,0.0,2.53102097
120800040603,2018,2.187964553,0.002187866,2.185776521
120800040603,2019,2.777826814,0.002777833,2.775049066
120800040603,2020,2.504459948,0.002504484,2.501955467
120800040701,2000,11.248692336,0.06749215,11.181200101
120800040701,2001,8.955112507,0.053730827,8.901382014
120800040701,2002,10.077944263,0.060467668,10.017476674
120800040701,2003,10.529250263,0.063175526,10.466074822
120800040701,2004,9.30533782,0.046526648,9.258811254
120800040701,2005,8.705919348,0.043529573,8.662389775
120800040701,2006,8.489021151,0.050934033,8.438087036
120800040701,2007,8.44437869,0.050666296,8.393712395
120800040701,2008,6.821078202,0.040926574,6.780151713
120800040701,2009,9.090413515,0.054542386,9.035870962
120800040701,2010,8.629195814,0.043145945,8.586049871
120800040701,2011,9.517422455,0.057104482,9.460317885
120800040701,2012,8.230425038,0.04938262,8.181042587
120800040701,2013,6.90712749,0.04144283,6.865684825
120800040701,2014,5.837149036,0.040860066,5.796289052
120800040701,2015,7.847127986,0.047082948,7.80004529
120800040701,2016,7.85927882,0.04715568,7.812123131
120800040701,2017,7.921516151,0.039607704,7.881908611
120800040701,2018,7.475862995,0.037379321,7.438483592
120800040701,2019,6.373554233,0.038241203,6.335313115
120800040701,2020,10.566846825,0.063400984,10.503445672
120800040702,2000,26.991227735,0.026991167,26.964236399
120800040702,2001,14.311508764,0.014311534,14.297197312
120800040702,2002,20.626540389,0.020626542,20.605913764
120800040702,2003,19.779729781,0.019779759,19.75994994
120800040702,2004,17.304581087,0.017304653,17.287276604
120800040702,2005,22.730134162,0.022730126,22.707403868
120800040702,2006,11.906461953,0.011906455,11.894555668
120800040702,2007,21.438971427,0.021438934,21.417532575
120800040702,2008,16.21469938,0.0,16.21469938
120800040702,2009,16.154924285,0.016155038,16.138769411
120800040702,2010,17.596059978,0.017596038,17.578463855
120800040702,2011,25.186720877,0.025186745,25.161534216
120800040702,2012,31.080341697,0.031080464,31.04926123
120800040702,2013,13.199864266,0.013199874,13.186664474
120800040702,2014,13.814152485,0.013814211,13.800338274
120800040702,2015,16.911785074,0.016911682,16.894873225
120800040702,2016,24.217477292,0.024217481,24.193259811
120800040702,2017,21.159388827,0.021159277,21.138229636
120800040702,2018,19.065728066,0.019065751,19.0466624
120800040702,2019,22.265545132,0.022265611,22.243279521
120800040702,2020,32.171176585,0.032171101,32.139005481
120800040703,2000,1.203284904,0.0,1.203284904
120800040703,2001,1.229395997,0.0,1.229395997
120800040703,2002,1.772039285,0.0,1.772039285
120800040703,2003,1.383148208,0.0,1.383148208
120800040703,2004,1.241526667,0.0,1.241526667
120800040703,2005,2.087185225,0.0,2.087185225
120800040703,2006,1.625859907,0.0,1.625859907
120800040703,2007,1.694873044,0.0,1.694873044
120800040703,2008,1.077922314,0.0,1.077922314
120800040703,2009,1.625438082,0.0,1.625438082
120800040703,2010,2.503018644,0.0,2.503018644
120800040703,2011,2.262751263,0.0,2.262751263
120800040703,2012,2.303960893,0.0,2.303960893
120800040703,2013,1.606391597,0.0,1.606391597
120800040703,2014,1.874695764,0.0,1.874695764
120800040703,2015,3.257292907,0.0,3.257292907
120800040703,2016,1.55403403,0.0,1.55403403
120800040703,2017,2.704898641,0.0,2.704898641
120800040703,2018,3.848893474,0.0,3.848893474
120800040703,2019,3.883029244,0.0,3.883029244
120800040703,2020,5.039028322,0.0,5.039028322
120800040704,2000,3.452507653,0.006904959,3.445602694
120800040704,2001,2.25381054,0.006761521,2.247049186
120800040704,2002,1.446974386,0.004341088,1.442633548
120800040704,2003,2.585220036,0.005170444,2.580049759
120800040704,2004,1.498088243,0.004494333,1.493593992
120800040704,2005,2.300706953,0.006902156,2.2938048
120800040704,2006,2.089568701,0.004179132,2.085389575
120800040704,2007,1.77817006,0.005334584,1.772835477
120800040704,2008,0.769599366,0.00307844,0.76652076
120800040704,2009,2.8817616,0.005763608,2.875998162
120800040704,2010,3.939635838,0.007879178,3.931756745
120800040704,2011,2.195060219,0.006585049,2.188475085
120800040704,2012,2.628624309,0.002628598,2.625995459
120800040704,2013,1.534928342,0.001534973,1.53339354
120800040704,2014,3.784964211,0.007569901,3.777394392
120800040704,2015,5.46607049,0.005466047,5.460604362
120800040704,2016,4.439509787,0.008879014,4.430630686
120800040704,2017,4.821585142,0.004821584,4.816763559
120800040704,2018,5.511713907,0.011023318,5.500690586
120800040704,2019,8.443881118,0.008443814,8.435437304
120800040704,2020,4.839015484,0.004839071,4.834176582
120800040705,2000,1.531667003,0.0,1.531667003
120800040705,2001,1.481996822,0.001482044,1.480514614
120800040705,2002,0.854859082,0.004274323,0.850584759
120800040705,2003,0.666559586,0.00199974,0.664559932
120800040705,2004,1.114051527,0.002228093,1.111823516
120800040705,2005,1.299893975,0.00259977,1.297294285
120800040705,2006,1.791430888,0.00537431,1.78605649
120800040705,2007,1.28221123,0.002564444,1.279646868
120800040705,2008,0.492926495,0.000985959,0.491940536
120800040705,2009,0.842874534,0.001685773,0.841188759
120800040705,2010,1.226234814,0.0,1.226234814
120800040705,2011,1.463549433,0.001463611,1.462085742
120800040705,2012,1.62161088,0.001621596,1.619989202
120800040705,2013,1.049944732,0.0,1.049944732
120800040705,2014,1.118583038,0.0,1.118583038
120800040705,2015,1.064829611,0.0,1.064829611
120800040705,2016,1.142530249,0.001142533,1.141387473
120800040705,2017,1.68875971,0.001688899,1.687070975
120800040705,2018,1.412445797,0.001412433,1.411033364
120800040705,2019,1.38465177,0.0,1.38465177
120800040705,2020,1.970315749,0.0,1.970315749
120800040706,2000,0.0,0.0,0.0
120800040706,2001,0.141003904,0.0,0.141003904
120800040706,2002,0.211410759,0.0,0.211410759
120800040706,2003,0.191651022,0.0,0.191651022
120800040706,2004,0.544387557,0.0,0.544387557
120800040706,2005,0.410264005,0.0,0.410264005
120800040706,2006,0.0,0.0,0.0
120800040706,2007,0.076808888,0.0,0.076808888
120800040706,2008,0.116433213,0.0,0.116433213
120800040706,2009,0.177214778,0.0,0.177214778
120800040706,2010,0.0,0.0,0.0
120800040706,2011,0.108227595,0.0,0.108227595
120800040706,2012,0.201099019,0.0,0.201099019
120800040706,2013,0.232091674,0.0,0.232091674
120800040706,2014,0.136958148,0.0,0.136958148
120800040706,2015,0.345613992,0.0,0.345613992
120800040706,2016,0.378830016,0.0,0.378830016
120800040706,2017,0.176716668,0.0,0.176716668
120800040706,2018,0.198718995,0.0,0.198718995
120800040706,2019,0.020194047,0.0,0.020194047
120800040706,2020,0.0,0.0,0.0
120800040707,2000,0.0,0.0,0.0
120800040707,2001,0.527254822,0.004218186,0.523037052
120800040707,2002,0.203645389,0.001018219,0.202627255
120800040707,2003,0.378962389,0.002652636,0.376309756
120800040707,2004,0.270283298,0.001891945,0.26839127
120800040707,2005,0.443285181,0.003989553,0.439295458
120800040707,2006,0.495198238,0.003466504,0.491731901
120800040707,2007,0.220514447,0.001984575,0.218529868
120800040707,2008,0.00024265,2.423e-06,0.000240142
120800040707,2009,0.574506838,0.005170507,0.569336332
120800040707,2010,0.390288773,0.003512679,0.386776178
120800040707,2011,0.724821416,0.00652329,0.718297877
120800040707,2012,1.006450254,0.005032191,1.001417975
120800040707,2013,0.486925795,0.002434636,0.484491162
120800040707,2014,0.327181811,0.00163597,0.325545756
120800040707,2015,0.330201441,0.000660438,0.329541088
120800040707,2016,0.949675246,0.004748295,0.944926945
120800040707,2017,0.348453038,0.000348471,0.348104567
120800040707,2018,0.622656282,0.00560391,0.617052038
120800040707,2019,0.284702419,0.001708247,0.28299409
120800040707,2020,0.252979281,0.002023951,0.250955246
120800040803,2000,0.0,0.0,0.0
120800040803,2001,0.0,0.0,0.0
120800040803,2002,0.0,0.0,0.0
120800040803,2003,0.0,0.0,0.0
120800040803,2004,0.0,0.0,0.0
120800040803,2005,0.0,0.0,0.0
120800040803,2006,0.0,0.0,0.0
120800040803,2007,0.0,0.0,0.0
120800040803,2008,0.0,0.0,0.0
120800040803,2009,0.0,0.0,0.0
120800040803,2010,0.0,0.0,0.0
120800040803,2011,0.0,0.0,0.0
120800040803,2012,0.0,0.0,0.0
120800040803,2013,0.0,0.0,0.0
120800040803,2014,0.0,0.0,0.0
120800040803,2015,0.0,0.0,0.0
120800040803,2016,0.0,0.0,0.0
120800040803,2017,0.0,0.0,0.0
120800040803,2018,0.0,0.0,0.0
120800040803,2019,0.0,0.0,0.0
120800040803,2020,0.0,0.0,0.0
120800040804,2000,0.0,0.0,0.0
120800040804,2001,0.0,0.0,0.0
120800040804,2002,0.0,0.0,0.0
120800040804,2003,0.0,0.0,0.0
120800040804,2004,0.0,0.0,0.0
120800040804,2005,0.0,0.0,0.0
120800040804,2006,0.218642356,0.0,0.218642356
120800040804,2007,0.826067553,0.0,0.826067553
120800040804,2008,0.462172724,0.0,0.462172724
120800040804,2009,0.52688269,0.0,0.52688269
120800040804,2010,1.048548904,0.0,1.048548904
120800040804,2011,0.335895833,0.0,0.335895833
120800040804,2012,0.785761128,0.0,0.785761128
120800040804,2013,0.720420663,0.0,0.720420663
120800040804,2014,0.487601392,0.0,0.487601392
120800040804,2015,0.578866751,0.0,0.578866751
120800040804,2016,0.626328191,0.0,0.626328191
120800040804,2017,0.699776222,0.0,0.699776222
120800040804,2018,0.230292238,0.0,0.230292238
120800040804,2019,0.25757431,0.0,0.25757431
120800040804,2020,0.0,0.0,0.0
120800040805,2000,0.0,0.0,0.0
120800040805,2001,0.0,0.0,0.0
120800040805,2002,0.0,0.0,0.0
120800040805,2003,0.0,0.0,0.0
120800040805,2004,0.0,0.0,0.0
120800040805,2005,0.0,0.0,0.0
120800040805,2006,0.0,0.0,0.0
120800040805,2007,0.0,0.0,0.0
120800040805,2008,0.0,0.0,0.0
120800040805,2009,0.0,0.0,0.0
120800040805,2010,0.0,0.0,0.0
120800040805,2011,0.0,0.0,0.0
120800040805,2012,0.0,0.0,0.0
120800040805,2013,0.0,0.0,0.0
120800040805,2014,0.0,0.0,0.0
120800040805,2015,0.0,0.0,0.0
120800040805,2016,0.0,0.0,0.0
120800040805,2017,0.0,0.0,0.0
120800040805,2018,0.0,0.0,0.0
120800040805,2019,0.0,0.0,0.0
120800040805,2020,0.0,0.0,0.0
120800040806,2000,0.0,0.0,0.0
120800040806,2001,0.0,0.0,0.0
120800040806,2002,0.0,0.0,0.0
120800040806,2003,0.0,0.0,0.0
120800040806,2004,0.0,0.0,0.0
120800040806,2005,0.0,0.0,0.0
120800040806,2006,0.0,0.0,0.0
120800040806,2007,0.0,0.0,0.0
120800040806,2008,0.0,0.0,0.0
120800040806,2009,0.0,0.0,0.0
120800040806,2010,0.0,0.0,0.0
120800040806,2011,0.0,0.0,0.0
120800040806,2012,0.0,0.0,0.0
120800040806,2013,0.0,0.0,0.0
120800040806,2014,0.0,0.0,0.0
120800040806,2015,0.0,0.0,0.0
120800040806,2016,0.0,0.0,0.0
120800040806,2017,0.0,0.0,0.0
120800040806,2018,0.0,0.0,0.0
120800040806,2019,0.0,0.0,0.0
120800040806,2020,0.0,0.0,0.0
120800040807,2000,6.898767396,0.0,6.898767396
120800040807,2001,6.740374315,0.0,6.740374315
120800040807,2002,4.861413236,0.0,4.861413236
120800040807,2003,4.630284937,0.0,4.630284937
120800040807,2004,4.890338161,0.0,4.890338161
120800040807,2005,5.443915896,0.0,5.443915896
120800040807,2006,7.106840959,0.0,7.106840959
120800040807,2007,4.954082485,0.0,4.954082485
120800040807,2008,4.683124098,0.0,4.683124098
120800040807,2009,5.943082992,0.0,5.943082992
120800040807,2010,6.042640529,0.0,6.042640529
120800040807,2011,9.416650666,0.0,9.416650666
120800040807,2012,7.095400148,0.0,7.095400148
120800040807,2013,3.459186825,0.0,3.459186825
120800040807,2014,2.851503795,0.0,2.851503795
120800040807,2015,3.555659156,0.0,3.555659156
120800040807,2016,4.103328885,0.0,4.103328885
120800040807,2017,2.431747318,0.0,2.431747318
120800040807,2018,2.976050397,0.0,2.976050397
120800040807,2019,2.065874247,0.0,2.065874247
120800040807,2020,1.885235423,0.0,1.885235423
120800040901,2000,0.007847568,0.0,0.007847568
120800040901,2001,0.009173775,0.0,0.009173775
120800040901,2002,0.005322778,0.0,0.005322778
120800040901,2003,0.005767795,0.0,0.005767795
120800040901,2004,0.005174552,0.0,0.005174552
120800040901,2005,0.0,0.0,0.0
120800040901,2006,0.007454068,0.0,0.007454068
120800040901,2007,0.005736789,0.0,0.005736789
120800040901,2008,0.004129746,0.0,0.004129746
120800040901,2009,0.000991068,0.0,0.000991068
120800040901,2010,0.0,0.0,0.0
120800040901,2011,0.010191797,0.0,0.010191797
120800040901,2012,0.007431014,0.0,0.007431014
120800040901,2013,0.005511121,0.0,0.005511121
120800040901,2014,0.003303225,0.0,0.003303225
120800040901,2015,0.0,0.0,0.0
120800040901,2016,0.002884445,0.0,0.002884445
120800040901,2017,0.004415995,0.0,0.004415995
120800040901,2018,0.0,0.0,0.0
120800040901,2019,0.006539038,0.0,0.006539038
120800040901,2020,0.009936544,0.0,0.009936544
120800040902,2000,0.11769747,0.0,0.11769747
120800040902,2001,0.141217647,0.0,0.141217647
120800040902,2002,0.060790975,0.0,0.060790975
120800040902,2003,0.119602293,0.0,0.119602293
120800040902,2004,0.118444596,0.0,0.118444596
120800040902,2005,0.110943268,0.0,0.110943268
120800040902,2006,0.251433584,0.0,0.251433584
120800040902,2007,0.486377781,0.0,0.486377781
120800040902,2008,0.365910235,0.0,0.365910235
120800040902,2009,0.310903293,0.0,0.310903293
120800040902,2010,0.212945219,0.0,0.212945219
120800040902,2011,0.347084466,0.0,0.347084466
120800040902,2012,0.38614277,0.0,0.38614277
120800040902,2013,0.236195904,0.0,0.236195904
120800040902,2014,0.17201329,0.0,0.17201329
120800040902,2015,0.266058186,0.0,0.266058186
120800040902,2016,0.252911555,0.0,0.252911555
120800040902,2017,0.556166633,0.0,0.556166633
120800040902,2018,0.13850763,0.0,0.13850763
120800040902,2019,0.099153756,0.0,0.099153756
120800040902,2020,0.233164205,0.0,0.233164205
120800040903,2000,0.0,0.0,0.0
120800040903,2001,0.0,0.0,0.0
120800040903,2002,0.0,0.0,0.0
120800040903,2003,0.0,0.0,0.0
120800040903,2004,0.0,0.0,0.0
120800040903,2005,0.0,0.0,0.0
120800040903,2006,0.0,0.0,0.0
120800040903,2007,0.0,0.0,0.0
120800040903,2008,0.0,0.0,0.0
120800040903,2009,0.0,0.0,0.0
120800040903,2010,0.0,0.0,0.0
120800040903,2011,0.0,0.0,0.0
120800040903,2012,0.0,0.0,0.0
120800040903,2013,0.0,0.0,0.0
120800040903,2014,0.0,0.0,0.0
120800040903,2015,0.0,0.0,0.0
120800040903,2016,0.0,0.0,0.0
120800040903,2017,0.0,0.0,0.0
120800040903,2018,0.0,0.0,0.0
120800040903,2019,0.0,0.0,0.0
120800040903,2020,0.0,0.0,0.0
120800040904,2000,0.0,0.0,0.0
120800040904,2001,0.0,0.0,0.0
120800040904,2002,0.0,0.0,0.0
120800040904,2003,0.0,0.0,0.0
120800040904,2004,0.0,0.0,0.0
120800040904,2005,0.0,0.0,0.0
120800040904,2006,0.0,0.0,0.0
120800040904,2007,0.0,0.0,0.0
120800040904,2008,0.0,0.0,0.0
120800040904,2009,0.0,0.0,0.0
120800040904,2010,0.0,0.0,0.0
120800040904,2011,0.0,0.0,0.0
120800040904,2012,0.0,0.0,0.0
120800040904,2013,0.0,0.0,0.0
120800040904,2014,0.0,0.0,0.0
120800040904,2015,0.0,0.0,0.0
120800040904,2016,0.0,0.0,0.0
120800040904,2017,0.0,0.0,0.0
120800040904,2018,0.0,0.0,0.0
120800040904,2019,0.0,0.0,0.0
120800040904,2020,0.0,0.0,0.0
120800040905,2000,0.000670355,0.0,0.000670355
120800040905,2001,0.02872631,0.0,0.02872631
120800040905,2002,0.000497041,0.0,0.000497041
120800040905,2003,0.026501433,0.0,0.026501433
120800040905,2004,0.000483202,0.0,0.000483202
120800040905,2005,0.0,0.0,0.0
120800040905,2006,0.0,0.0,0.0
120800040905,2007,0.0,0.0,0.0
120800040905,2008,0.0,0.0,0.0
120800040905,2009,0.0,0.0,0.0
120800040905,2010,0.0,0.0,0.0
120800040905,2011,0.000623115,0.0,0.000623115
120800040905,2012,0.030081951,0.0,0.030081951
120800040905,2013,0.0,0.0,0.0
120800040905,2014,0.018674718,0.0,0.018674718
120800040905,2015,0.0,0.0,0.0
120800040905,2016,0.0,0.0,0.0
120800040905,2017,0.0,0.0,0.0
120800040905,2018,0.0,0.0,0.0
120800040905,2019,0.0,0.0,0.0
120800040905,2020,0.0,0.0,0.0
120800040906,2000,0.547003656,0.0,0.547003656
120800040906,2001,0.39477397,0.0,0.39477397
120800040906,2002,0.311507597,0.0,0.311507597
120800040906,2003,0.380486504,0.0,0.380486504
120800040906,2004,0.412086057,0.0,0.412086057
120800040906,2005,0.455710153,0.0,0.455710153
120800040906,2006,0.492697578,0.0,0.492697578
120800040906,2007,0.374545175,0.0,0.374545175
120800040906,2008,0.314263716,0.0,0.314263716
120800040906,2009,0.405825948,0.0,0.405825948
120800040906,2010,0.343119603,0.0,0.343119603
120800040906,2011,0.418319899,0.0,0.418319899
120800040906,2012,0.473678033,0.0,0.473678033
120800040906,2013,0.2804152,0.0,0.2804152
120800040906,2014,0.164228315,0.0,0.164228315
120800040906,2015,0.270933011,0.0,0.270933011
120800040906,2016,0.035082776,0.0,0.035082776
120800040906,2017,0.0,0.0,0.0
120800040906,2018,0.010276225,0.0,0.010276225
120800040906,2019,0.050987901,0.0,0.050987901
120800040906,2020,0.191236306,0.0,0.191236306
120800040907,2000,1.750875915,0.0,1.750875915
120800040907,2001,1.423969633,0.0,1.423969633
120800040907,2002,1.513694759,0.0,1.513694759
120800040907,2003,1.730716633,0.0,1.730716633
120800040907,2004,1.631476861,0.0,1.631476861
120800040907,2005,1.698638553,0.0,1.698638553
120800040907,2006,2.078729041,0.0,2.078729041
120800040907,2007,1.525706644,0.0,1.525706644
120800040907,2008,1.350247541,0.0,1.350247541
120800040907,2009,1.785081855,0.0,1.785081855
120800040907,2010,1.533992247,0.0,1.533992247
120800040907,2011,2.297005395,0.0,2.297005395
120800040907,2012,1.93794223,0.0,1.93794223
120800040907,2013,1.142962847,0.0,1.142962847
120800040907,2014,0.985698699,0.0,0.985698699
120800040907,2015,1.324297805,0.0,1.324297805
120800040907,2016,1.199979699,0.0,1.199979699
120800040907,2017,1.37480083,0.0,1.37480083
120800040907,2018,0.911347781,0.0,0.911347781
120800040907,2019,0.586813038,0.0,0.586813038
120800040907,2020,0.345782191,0.0,0.345782191
120800041001,2000,0.0,0.0,0.0
120800041001,2001,0.0,0.0,0.0
120800041001,2002,0.0,0.0,0.0
120800041001,2003,0.0,0.0,0.0
120800041001,2004,0.0,0.0,0.0
120800041001,2005,0.0,0.0,0.0
120800041001,2006,0.0,0.0,0.0
120800041001,2007,0.0,0.0,0.0
120800041001,2008,0.0,0.0,0.0
120800041001,2009,0.0,0.0,0.0
120800041001,2010,0.0,0.0,0.0
120800041001,2011,0.0,0.0,0.0
120800041001,2012,0.0,0.0,0.0
120800041001,2013,0.0,0.0,0.0
120800041001,2014,0.0,0.0,0.0
120800041001,2015,0.0,0.0,0.0
120800041001,2016,0.0,0.0,0.0
120800041001,2017,0.0,0.0,0.0
120800041001,2018,0.0,0.0,0.0
120800041001,2019,0.0,0.0,0.0
120800041001,2020,0.0,0.0,0.0
120800041002,2000,1.408392598,0.0,1.408392598
120800041002,2001,0.871084441,0.0,0.871084441
120800041002,2002,0.720064718,0.0,0.720064718
120800041002,2003,1.140280312,0.0,1.140280312
120800041002,2004,0.75245577,0.0,0.75245577
120800041002,2005,0.825296937,0.0,0.825296937
120800041002,2006,0.999992093,0.0,0.999992093
120800041002,2007,0.543050956,0.0,0.543050956
120800041002,2008,0.270171134,0.0,0.270171134
120800041002,2009,0.546292581,0.0,0.546292581
120800041002,2010,0.108341921,0.0,0.108341921
120800041002,2011,0.0,0.0,0.0
120800041002,2012,0.261690325,0.0,0.261690325
120800041002,2013,0.0,0.0,0.0
120800041002,2014,0.0,0.0,0.0
120800041002,2015,0.742200797,0.0,0.742200797
120800041002,2016,0.027595033,0.0,0.027595033
120800041002,2017,0.0,0.0,0.0
120800041002,2018,0.0,0.0,0.0
120800041002,2019,0.0,0.0,0.0
120800041002,2020,0.233824631,0.0,0.233824631
120800041003,2000,1.036218025,0.0,1.036218025
120800041003,2001,0.955058858,0.0,0.955058858
120800041003,2002,0.602326923,0.0,0.602326923
120800041003,2003,0.548724521,0.0,0.548724521
120800041003,2004,0.792531415,0.0,0.792531415
120800041003,2005,0.986871658,0.0,0.986871658
120800041003,2006,1.259434427,0.0,1.259434427
120800041003,2007,0.890723425,0.0,0.890723425
120800041003,2008,0.481403276,0.0,0.481403276
120800041003,2009,0.970002263,0.0,0.970002263
120800041003,2010,1.034245307,0.0,1.034245307
120800041003,2011,1.664876003,0.0,1.664876003
120800041003,2012,1.406817874,0.0,1.406817874
120800041003,2013,1.002131879,0.0,1.002131879
120800041003,2014,1.135007693,0.0,1.135007693
120800041003,2015,1.338256858,0.0,1.338256858
120800041003,2016,0.979642883,0.0,0.979642883
120800041003,2017,0.832348173,0.0,0.832348173
120800041003,2018,1.145361521,0.0,1.145361521
120800041003,2019,0.578458348,0.0,0.578458348
120800041003,2020,0.662290683,0.0,0.662290683
120800041004,2000,4.133593536,0.0,4.133593536
120800041004,2001,3.356369904,0.0,3.356369904
120800041004,2002,2.913451477,0.0,2.913451477
120800041004,2003,3.11863846,0.0,3.11863846
120800041004,2004,2.598248077,0.0,2.598248077
120800041004,2005,3.425849803,0.0,3.425849803
120800041004,2006,3.064645792,0.0,3.064645792
120800041004,2007,2.859749762,0.0,2.859749762
120800041004,2008,2.207563197,0.0,2.207563197
120800041004,2009,3.146543132,0.0,3.146543132
120800041004,2010,3.657807627,0.0,3.657807627
120800041004,2011,5.349653195,0.0,5.349653195
120800041004,2012,5.037520027,0.0,5.037520027
120800041004,2013,3.547912701,0.0,3.547912701
120800041004,2014,3.495593775,0.0,3.495593775
120800041004,2015,3.691820288,0.0,3.691820288
120800041004,2016,3.469207303,0.0,3.469207303
120800041004,2017,2.970087052,0.0,2.970087052
120800041004,2018,3.319376556,0.0,3.319376556
120800041004,2019,3.835754079,0.0,3.835754079
120800041004,2020,4.484719137,0.0,4.484719137
120800041005,2000,0.363146019,0.0,0.363146019
120800041005,2001,0.003173844,0.0,0.003173844
120800041005,2002,0.03960457,0.0,0.03960457
120800041005,2003,0.1088698,0.0,0.1088698
120800041005,2004,0.227744033,0.0,0.227744033
120800041005,2005,0.461118696,0.0,0.461118696
120800041005,2006,0.003531581,0.0,0.003531581
120800041005,2007,0.374898195,0.0,0.374898195
120800041005,2008,0.151210303,0.0,0.151210303
120800041005,2009,0.22826703,0.0,0.22826703
120800041005,2010,0.439864277,0.0,0.439864277
120800041005,2011,0.458578951,0.0,0.458578951
120800041005,2012,0.330238186,0.0,0.330238186
120800041005,2013,0.089213222,0.0,0.089213222
120800041005,2014,0.21789549,0.0,0.21789549
120800041005,2015,0.126357118,0.0,0.126357118
120800041005,2016,0.0,0.0,0.0
120800041005,2017,0.0,0.0,0.0
120800041005,2018,0.018342521,0.0,0.018342521
120800041005,2019,0.508073668,0.0,0.508073668
120800041005,2020,0.0,0.0,0.0
120800041006,2000,1.140106191,0.0,1.140106191
120800041006,2001,1.162737786,0.0,1.162737786
120800041006,2002,0.853699288,0.0,0.853699288
120800041006,2003,1.098604123,0.0,1.098604123
120800041006,2004,0.822655407,0.0,0.822655407
120800041006,2005,1.367731838,0.0,1.367731838
120800041006,2006,1.536925699,0.0,1.536925699
120800041006,2007,1.411195871,0.0,1.411195871
120800041006,2008,1.127100948,0.0,1.127100948
120800041006,2009,1.761060077,0.0,1.761060077
120800041006,2010,1.721540425,0.0,1.721540425
120800041006,2011,3.09639649,0.0,3.09639649
120800041006,2012,3.007147016,0.0,3.007147016
120800041006,2013,1.207981225,0.0,1.207981225
120800041006,2014,1.828661803,0.0,1.828661803
120800041006,2015,1.669522033,0.0,1.669522033
120800041006,2016,1.230049902,0.0,1.230049902
120800041006,2017,1.363420197,0.0,1.363420197
120800041006,2018,1.320390882,0.0,1.320390882
120800041006,2019,1.313024737,0.0,1.313024737
120800041006,2020,1.789685923,0.0,1.789685923
120800041007,2000,0.220097574,0.0,0.220097574
120800041007,2001,0.232195425,0.0,0.232195425
120800041007,2002,0.358438521,0.0,0.358438521
120800041007,2003,0.66828617,0.0,0.66828617
120800041007,2004,0.350815358,0.0,0.350815358
120800041007,2005,0.480976712,0.0,0.480976712
120800041007,2006,0.696575351,0.0,0.696575351
120800041007,2007,0.169334712,0.0,0.169334712
120800041007,2008,0.366396432,0.0,0.366396432
120800041007,2009,0.673200403,0.0,0.673200403
120800041007,2010,0.713443419,0.0,0.713443419
120800041007,2011,1.354798003,0.0,1.354798003
120800041007,2012,1.195683377,0.0,1.195683377
120800041007,2013,0.643188819,0.0,0.643188819
120800041007,2014,0.77538954,0.0,0.77538954
120800041007,2015,0.851813737,0.0,0.851813737
120800041007,2016,0.796331981,0.0,0.796331981
120800041007,2017,0.846098753,0.0,0.846098753
120800041007,2018,1.069309008,0.0,1.069309008
120800041007,2019,0.484392704,0.0,0.484392704
120800041007,2020,0.927412391,0.0,0.927412391
120800041008,2000,3.482974934,0.0,3.482974934
120800041008,2001,1.792693304,0.0,1.792693304
120800041008,2002,1.353141447,0.0,1.353141447
120800041008,2003,1.765366647,0.0,1.765366647
120800041008,2004,1.789596459,0.0,1.789596459
120800041008,2005,2.303988227,0.0,2.303988227
120800041008,2006,2.831870389,0.0,2.831870389
120800041008,2007,2.082842918,0.0,2.082842918
120800041008,2008,1.565203432,0.0,1.565203432
120800041008,2009,2.838517677,0.0,2.838517677
120800041008,2010,3.746933167,0.0,3.746933167
120800041008,2011,5.74348369,0.0,5.74348369
120800041008,2012,5.627501432,0.0,5.627501432
120800041008,2013,2.938969216,0.0,2.938969216
120800041008,2014,3.4866014,0.0,3.4866014
120800041008,2015,2.843516197,0.0,2.843516197
120800041008,2016,2.15443535,0.0,2.15443535
120800041008,2017,3.637252482,0.0,3.637252482
120800041008,2018,2.605899748,0.0,2.605899748
120800041008,2019,2.782803455,0.0,2.782803455
120800041008,2020,3.69434285,0.0,3.69434285
120800041009,2000,0.902635888,0.0,0.902635888
120800041009,2001,0.493345441,0.0,0.493345441
120800041009,2002,0.589252858,0.0,0.589252858
120800041009,2003,0.578620551,0.0,0.578620551
120800041009,2004,0.425194781,0.0,0.425194781
120800041009,2005,0.651649112,0.0,0.651649112
120800041009,2006,0.874620132,0.0,0.874620132
120800041009,2007,0.699532367,0.0,0.699532367
120800041009,2008,0.550361844,0.0,0.550361844
120800041009,2009,0.745896767,0.0,0.745896767
120800041009,2010,0.627165699,0.0,0.627165699
120800041009,2011,1.435387953,0.0,1.435387953
120800041009,2012,1.613724186,0.0,1.613724186
120800041009,2013,0.865667121,0.0,0.865667121
120800041009,2014,0.918740773,0.0,0.918740773
120800041009,2015,1.024671203,0.0,1.024671203
120800041009,2016,0.842926617,0.0,0.842926617
120800041009,2017,0.883691405,0.0,0.883691405
120800041009,2018,0.771776685,0.0,0.771776685
120800041009,2019,1.105484055,0.0,1.105484055
120800041009,2020,1.505748137,0.0,1.505748137
120800041010,2000,5.462743724,0.0,5.462743724
120800041010,2001,3.576409167,0.0,3.576409167
120800041010,2002,4.085767962,0.0,4.085767962
120800041010,2003,4.364650797,0.0,4.364650797
120800041010,2004,3.862430773,0.0,3.862430773
120800041010,2005,4.106169005,0.0,4.106169005
120800041010,2006,5.233791425,0.0,5.233791425
120800041010,2007,2.751927137,0.0,2.751927137
120800041010,2008,2.254913038,0.0,2.254913038
120800041010,2009,5.887868775,0.0,5.887868775
120800041010,2010,5.421120778,0.0,5.421120778
120800041010,2011,7.813582468,0.0,7.813582468
120800041010,2012,8.485861514,0.0,8.485861514
120800041010,2013,6.584489266,0.0,6.584489266
120800041010,2014,6.936586386,0.0,6.936586386
120800041010,2015,5.677704671,0.0,5.677704671
120800041010,2016,5.026593139,0.0,5.026593139
120800041010,2017,4.708550266,0.0,4.708550266
120800041010,2018,5.949562967,0.0,5.949562967
120800041010,2019,3.547594789,0.0,3.547594789
120800041010,2020,6.065260407,0.0,6.065260407
120800041101,2000,1.026600801,0.0,1.026600801
120800041101,2001,1.088046636,0.0,1.088046636
120800041101,2002,0.820869279,0.0,0.820869279
120800041101,2003,0.762180751,0.0,0.762180751
120800041101,2004,0.916474814,0.0,0.916474814
120800041101,2005,1.61308969,0.0,1.61308969
120800041101,2006,1.249461652,0.0,1.249461652
120800041101,2007,1.028022753,0.0,1.028022753
120800041101,2008,0.78694941,0.0,0.78694941
120800041101,2009,1.848461668,0.0,1.848461668
120800041101,2010,0.881768734,0.0,0.881768734
120800041101,2011,1.296598986,0.0,1.296598986
120800041101,2012,1.122877112,0.0,1.122877112
120800041101,2013,1.003147685,0.0,1.003147685
120800041101,2014,1.044801474,0.0,1.044801474
120800041101,2015,1.066599534,0.0,1.066599534
120800041101,2016,0.951805669,0.0,0.951805669
120800041101,2017,1.140092071,0.0,1.140092071
120800041101,2018,0.798335181,0.0,0.798335181
120800041101,2019,1.374141534,0.0,1.374141534
120800041101,2020,1.128358369,0.0,1.128358369
120800041102,2000,0.066937183,0.0,0.066937183
120800041102,2001,0.029965707,0.0,0.029965707
120800041102,2002,0.037617633,0.0,0.037617633
120800041102,2003,0.055898792,0.0,0.055898792
120800041102,2004,0.042168699,0.0,0.042168699
120800041102,2005,0.250999847,0.0,0.250999847
120800041102,2006,0.014648375,0.0,0.014648375
120800041102,2007,0.256061674,0.0,0.256061674
120800041102,2008,0.021567921,0.0,0.021567921
120800041102,2009,0.21195886,0.0,0.21195886
120800041102,2010,0.06162574,0.0,0.06162574
120800041102,2011,0.064922093,0.0,0.064922093
120800041102,2012,0.064616822,0.0,0.064616822
120800041102,2013,0.108791959,0.0,0.108791959
120800041102,2014,0.095278247,0.0,0.095278247
120800041102,2015,0.082469751,0.0,0.082469751
120800041102,2016,0.032363893,0.0,0.032363893
120800041102,2017,0.062243238,0.0,0.062243238
120800041102,2018,0.019876737,0.0,0.019876737
120800041102,2019,0.049579847,0.0,0.049579847
120800041102,2020,0.082022104,0.0,0.082022104
120800041103,2000,0.40912574,0.0,0.40912574
120800041103,2001,0.314103529,0.0,0.314103529
120800041103,2002,0.420313208,0.0,0.420313208
120800041103,2003,0.134410419,0.0,0.134410419
120800041103,2004,0.40273097,0.0,0.40273097
120800041103,2005,0.319871737,0.0,0.319871737
120800041103,2006,0.097138118,0.0,0.097138118
120800041103,2007,0.212593877,0.0,0.212593877
120800041103,2008,0.064722481,0.0,0.064722481
120800041103,2009,0.11963086,0.0,0.11963086
120800041103,2010,0.077490792,0.0,0.077490792
120800041103,2011,0.341840304,0.0,0.341840304
120800041103,2012,0.342132874,0.0,0.342132874
120800041103,2013,0.100024397,0.0,0.100024397
120800041103,2014,0.279016595,0.0,0.279016595
120800041103,2015,0.540492762,0.0,0.540492762
120800041103,2016,0.471988421,0.0,0.471988421
120800041103,2017,0.429878515,0.0,0.429878515
120800041103,2018,0.09953966,0.0,0.09953966
120800041103,2019,0.565156025,0.0,0.565156025
120800041103,2020,0.09004126,0.0,0.09004126
120800041104,2000,0.904939667,0.0,0.904939667
120800041104,2001,0.224256644,0.0,0.224256644
120800041104,2002,0.500606636,0.0,0.500606636
120800041104,2003,0.402986211,0.0,0.402986211
120800041104,2004,1.586510738,0.0,1.586510738
120800041104,2005,1.262640649,0.0,1.262640649
120800041104,2006,1.662973145,0.0,1.662973145
120800041104,2007,1.010324252,0.0,1.010324252
120800041104,2008,0.415976008,0.0,0.415976008
120800041104,2009,0.365716521,0.0,0.365716521
120800041104,2010,0.799383496,0.0,0.799383496
120800041104,2011,0.364150545,0.0,0.364150545
120800041104,2012,0.522182902,0.0,0.522182902
120800041104,2013,0.320690523,0.0,0.320690523
120800041104,2014,0.413881775,0.0,0.413881775
120800041104,2015,0.775240614,0.0,0.775240614
120800041104,2016,1.692708937,0.0,1.692708937
120800041104,2017,0.926999096,0.0,0.926999096
120800041104,2018,0.756895364,0.0,0.756895364
120800041104,2019,1.201614507,0.0,1.201614507
120800041104,2020,1.257656746,0.0,1.257656746
120800041105,2000,2.370151101,0.0,2.370151101
120800041105,2001,1.313980592,0.0,1.313980592
120800041105,2002,2.164819271,0.0,2.164819271
120800041105,2003,2.265212534,0.0,2.265212534
120800041105,2004,2.316603686,0.0,2.316603686
120800041105,2005,2.523624132,0.0,2.523624132
120800041105,2006,2.69006666,0.0,2.69006666
120800041105,2007,1.800336405,0.0,1.800336405
120800041105,2008,1.166721044,0.0,1.166721044
120800041105,2009,2.997778159,0.0,2.997778159
120800041105,2010,2.369859792,0.0,2.369859792
120800041105,2011,2.542208364,0.0,2.542208364
120800041105,2012,2.987092705,0.0,2.987092705
120800041105,2013,2.390294468,0.0,2.390294468
120800041105,2014,2.972452258,0.0,2.972452258
120800041105,2015,3.015176877,0.0,3.015176877
120800041105,2016,2.772707451,0.0,2.772707451
120800041105,2017,3.06749251,0.0,3.06749251
120800041105,2018,1.726868405,0.0,1.726868405
120800041105,2019,2.887733951,0.0,2.887733951
120800041105,2020,2.173852699,0.0,2.173852699
120800041106,2000,0.54457397,0.0,0.54457397
120800041106,2001,0.0,0.0,0.0
120800041106,2002,0.517768041,0.0,0.517768041
120800041106,2003,0.0,0.0,0.0
120800041106,2004,0.701344112,0.0,0.701344112
120800041106,2005,0.661446047,0.0,0.661446047
120800041106,2006,0.690652216,0.0,0.690652216
120800041106,2007,0.861014419,0.0,0.861014419
120800041106,2008,0.485209164,0.0,0.485209164
120800041106,2009,0.709735255,0.0,0.709735255
120800041106,2010,1.284285775,0.0,1.284285775
120800041106,2011,0.0,0.0,0.0
120800041106,2012,1.314859907,0.0,1.314859907
120800041106,2013,0.0,0.0,0.0
120800041106,2014,0.668482364,0.0,0.668482364
120800041106,2015,0.662299389,0.0,0.662299389
120800041106,2016,0.517303317,0.0,0.517303317
120800041106,2017,0.668996786,0.0,0.668996786
120800041106,2018,0.0,0.0,0.0
120800041106,2019,0.403755063,0.0,0.403755063
120800041106,2020,0.573811628,0.0,0.573811628
120800041107,2000,2.01128918,0.0,2.01128918
120800041107,2001,1.334155148,0.0,1.334155148
120800041107,2002,1.943394737,0.0,1.943394737
120800041107,2003,2.209773293,0.0,2.209773293
120800041107,2004,2.356811486,0.0,2.356811486
120800041107,2005,1.833823644,0.0,1.833823644
120800041107,2006,3.097533959,0.0,3.097533959
120800041107,2007,1.969406205,0.0,1.969406205
120800041107,2008,1.541422306,0.0,1.541422306
120800041107,2009,3.199891233,0.0,3.199891233
120800041107,2010,2.666843488,0.0,2.666843488
120800041107,2011,3.139124932,0.0,3.139124932
120800041107,2012,3.742517385,0.0,3.742517385
120800041107,2013,2.738129789,0.0,2.738129789
120800041107,2014,3.285088153,0.0,3.285088153
120800041107,2015,3.371316899,0.0,3.371316899
120800041107,2016,2.265557784,0.0,2.265557784
120800041107,2017,3.329037556,0.0,3.329037556
120800041107,2018,3.931844778,0.0,3.931844778
120800041107,2019,2.274594384,0.0,2.274594384
120800041107,2020,3.272972713,0.0,3.272972713
120800050101,2000,0.0,0.0,0.0
120800050101,2001,0.0,0.0,0.0
120800050101,2002,0.0,0.0,0.0
120800050101,2003,0.0,0.0,0.0
120800050101,2004,0.0,0.0,0.0
120800050101,2005,0.0,0.0,0.0
120800050101,2006,0.0,0.0,0.0
120800050101,2007,0.0,0.0,0.0
120800050101,2008,0.0,0.0,0.0
120800050101,2009,0.0,0.0,0.0
120800050101,2010,0.0,0.0,0.0
120800050101,2011,0.0,0.0,0.0
120800050101,2012,0.0,0.0,0.0
120800050101,2013,0.0,0.0,0.0
120800050101,2014,0.0,0.0,0.0
120800050101,2015,0.0,0.0,0.0
120800050101,2016,0.0,0.0,0.0
120800050101,2017,0.0,0.0,0.0
120800050101,2018,0.0,0.0,0.0
120800050101,2019,0.0,0.0,0.0
120800050101,2020,0.0,0.0,0.0
120800050102,2000,0.0,0.0,0.0
120800050102,2001,0.0,0.0,0.0
120800050102,2002,0.0,0.0,0.0
120800050102,2003,0.0,0.0,0.0
120800050102,2004,0.0,0.0,0.0
120800050102,2005,0.0,0.0,0.0
120800050102,2006,0.0,0.0,0.0
120800050102,2007,0.0,0.0,0.0
120800050102,2008,0.0,0.0,0.0
120800050102,2009,0.0,0.0,0.0
120800050102,2010,0.0,0.0,0.0
120800050102,2011,0.0,0.0,0.0
120800050102,2012,0.0,0.0,0.0
120800050102,2013,0.0,0.0,0.0
120800050102,2014,0.0,0.0,0.0
120800050102,2015,0.0,0.0,0.0
120800050102,2016,0.0,0.0,0.0
120800050102,2017,0.0,0.0,0.0
120800050102,2018,0.0,0.0,0.0
120800050102,2019,0.0,0.0,0.0
120800050102,2020,0.0,0.0,0.0
120800050103,2000,0.0,0.0,0.0
120800050103,2001,0.0,0.0,0.0
120800050103,2002,0.0,0.0,0.0
120800050103,2003,0.0,0.0,0.0
120800050103,2004,0.0,0.0,0.0
120800050103,2005,0.0,0.0,0.0
120800050103,2006,0.0,0.0,0.0
120800050103,2007,0.0,0.0,0.0
120800050103,2008,0.0,0.0,0.0
120800050103,2009,0.0,0.0,0.0
120800050103,2010,0.0,0.0,0.0
120800050103,2011,0.0,0.0,0.0
120800050103,2012,0.0,0.0,0.0
120800050103,2013,0.0,0.0,0.0
120800050103,2014,0.0,0.0,0.0
120800050103,2015,0.0,0.0,0.0
120800050103,2016,0.0,0.0,0.0
120800050103,2017,0.0,0.0,0.0
120800050103,2018,0.0,0.0,0.0
120800050103,2019,0.0,0.0,0.0
120800050103,2020,0.0,0.0,0.0
120800050104,2000,0.0,0.0,0.0
120800050104,2001,0.0,0.0,0.0
120800050104,2002,0.0,0.0,0.0
120800050104,2003,0.0,0.0,0.0
120800050104,2004,0.0,0.0,0.0
120800050104,2005,0.0,0.0,0.0
120800050104,2006,0.0,0.0,0.0
120800050104,2007,0.0,0.0,0.0
120800050104,2008,0.0,0.0,0.0
120800050104,2009,0.0,0.0,0.0
120800050104,2010,0.0,0.0,0.0
120800050104,2011,0.0,0.0,0.0
120800050104,2012,0.0,0.0,0.0
120800050104,2013,0.0,0.0,0.0
120800050104,2014,0.0,0.0,0.0
120800050104,2015,0.0,0.0,0.0
120800050104,2016,0.0,0.0,0.0
120800050104,2017,0.0,0.0,0.0
120800050104,2018,0.0,0.0,0.0
120800050104,2019,0.0,0.0,0.0
120800050104,2020,0.0,0.0,0.0
120800050105,2000,0.0,0.0,0.0
120800050105,2001,0.0,0.0,0.0
120800050105,2002,0.0,0.0,0.0
120800050105,2003,0.0,0.0,0.0
120800050105,2004,0.0,0.0,0.0
120800050105,2005,0.0,0.0,0.0
120800050105,2006,0.0,0.0,0.0
120800050105,2007,0.0,0.0,0.0
120800050105,2008,0.0,0.0,0.0
120800050105,2009,0.0,0.0,0.0
120800050105,2010,0.0,0.0,0.0
120800050105,2011,0.0,0.0,0.0
120800050105,2012,0.0,0.0,0.0
120800050105,2013,0.0,0.0,0.0
120800050105,2014,0.0,0.0,0.0
120800050105,2015,0.0,0.0,0.0
120800050105,2016,0.0,0.0,0.0
120800050105,2017,0.0,0.0,0.0
120800050105,2018,0.0,0.0,0.0
120800050105,2019,0.0,0.0,0.0
120800050105,2020,0.0,0.0,0.0
120800050106,2000,0.31678318,0.273067128,0.043716055
120800050106,2001,0.04120611,0.035519723,0.005686474
120800050106,2002,0.349486652,0.301257351,0.048229216
120800050106,2003,0.16169063,0.139377345,0.022313458
120800050106,2004,0.092266333,0.079533437,0.012732811
120800050106,2005,0.120492641,0.103864701,0.016628025
120800050106,2006,0.039316392,0.033890548,0.005425677
120800050106,2007,0.17367123,0.149704419,0.023966644
120800050106,2008,0.084359527,0.072717803,0.01164156
120800050106,2009,0.108922795,0.093891425,0.015031367
120800050106,2010,0.223114811,0.192325074,0.030789907
120800050106,2011,0.452131995,0.389737792,0.062394288
120800050106,2012,0.190282743,0.164023719,0.02625894
120800050106,2013,0.283193419,0.244112764,0.039080655
120800050106,2014,0.080003586,0.068963079,0.01104034
120800050106,2015,0.137764759,0.118753274,0.019011488
120800050106,2016,0.188067328,0.162114071,0.025953257
120800050106,2017,0.175422904,0.151214477,0.024208419
120800050106,2018,0.02186111,0.018844195,0.003016745
120800050106,2019,0.0,0.0,0.0
120800050106,2020,0.02561703,0.022082033,0.003535164
120800050107,2000,1.006852383,0.168144197,0.838708186
120800050107,2001,1.377203532,0.41866991,0.958533789
120800050107,2002,0.927044795,0.201168737,0.725876058
120800050107,2003,0.937419732,0.271851742,0.665568071
120800050107,2004,0.495476839,0.161525473,0.333951369
120800050107,2005,0.776322551,0.145948751,0.630373964
120800050107,2006,0.333522778,0.037688088,0.295834775
120800050107,2007,0.461749252,0.130675121,0.331074132
120800050107,2008,0.132324754,0.021436713,0.11088829
120800050107,2009,0.394979348,0.061221668,0.333757425
120800050107,2010,0.595241534,0.165477126,0.429764326
120800050107,2011,0.604861173,0.145771597,0.45908966
120800050107,2012,0.412035383,0.083643235,0.328392148
120800050107,2013,0.156724981,0.05297309,0.103751973
120800050107,2014,0.027507956,0.023711975,0.003796066
120800050107,2015,0.138244784,0.04451497,0.093730068
120800050107,2016,0.151533792,0.115014213,0.036519664
120800050107,2017,0.106827011,0.035680258,0.071146759
120800050107,2018,0.111755756,0.016204466,0.095551121
120800050107,2019,0.0,0.0,0.0
120800050107,2020,0.121209383,0.020484451,0.100725096
120800050108,2000,0.196693432,0.0,0.196693432
120800050108,2001,0.137100364,0.0,0.137100364
120800050108,2002,0.337308493,0.0,0.337308493
120800050108,2003,0.314054663,0.0,0.314054663
120800050108,2004,0.314137014,0.0,0.314137014
120800050108,2005,0.434620597,0.0,0.434620597
120800050108,2006,0.20835586,0.0,0.20835586
120800050108,2007,0.315485526,0.0,0.315485526
120800050108,2008,0.210672907,0.0,0.210672907
120800050108,2009,0.244231381,0.0,0.244231381
120800050108,2010,0.353313989,0.0,0.353313989
120800050108,2011,0.660645649,0.0,0.660645649
120800050108,2012,0.363541115,0.0,0.363541115
120800050108,2013,0.214881907,0.0,0.214881907
120800050108,2014,0.1667956,0.0,0.1667956
120800050108,2015,0.232886145,0.0,0.232886145
120800050108,2016,0.22844409,0.0,0.22844409
120800050108,2017,0.124264732,0.0,0.124264732
120800050108,2018,0.111044222,0.0,0.111044222
120800050108,2019,0.0,0.0,0.0
120800050108,2020,0.093043833,0.0,0.093043833
120800050201,2000,0.0,0.0,0.0
120800050201,2001,0.0,0.0,0.0
120800050201,2002,0.0,0.0,0.0
120800050201,2003,0.0,0.0,0.0
120800050201,2004,0.0,0.0,0.0
120800050201,2005,0.0,0.0,0.0
120800050201,2006,0.0,0.0,0.0
120800050201,2007,0.0,0.0,0.0
120800050201,2008,0.0,0.0,0.0
120800050201,2009,0.0,0.0,0.0
120800050201,2010,0.0,0.0,0.0
120800050201,2011,0.0,0.0,0.0
120800050201,2012,0.0,0.0,0.0
120800050201,2013,0.0,0.0,0.0
120800050201,2014,0.0,0.0,0.0
120800050201,2015,0.0,0.0,0.0
120800050201,2016,0.0,0.0,0.0
120800050201,2017,0.0,0.0,0.0
120800050201,2018,0.0,0.0,0.0
120800050201,2019,0.0,0.0,0.0
120800050201,2020,0.0,0.0,0.0
120800050202,2000,0.0,0.0,0.0
120800050202,2001,0.0,0.0,0.0
120800050202,2002,0.0,0.0,0.0
120800050202,2003,0.0,0.0,0.0
120800050202,2004,0.0,0.0,0.0
120800050202,2005,0.0,0.0,0.0
120800050202,2006,0.0,0.0,0.0
120800050202,2007,0.0,0.0,0.0
120800050202,2008,0.0,0.0,0.0
120800050202,2009,0.0,0.0,0.0
120800050202,2010,0.0,0.0,0.0
120800050202,2011,0.0,0.0,0.0
120800050202,2012,0.0,0.0,0.0
120800050202,2013,0.0,0.0,0.0
120800050202,2014,0.0,0.0,0.0
120800050202,2015,0.0,0.0,0.0
120800050202,2016,0.0,0.0,0.0
120800050202,2017,0.0,0.0,0.0
120800050202,2018,0.0,0.0,0.0
120800050202,2019,0.0,0.0,0.0
120800050202,2020,0.0,0.0,0.0
120800050203,2000,0.0,0.0,0.0
120800050203,2001,0.0,0.0,0.0
120800050203,2002,0.0,0.0,0.0
120800050203,2003,0.0,0.0,0.0
120800050203,2004,0.0,0.0,0.0
120800050203,2005,0.0,0.0,0.0
120800050203,2006,0.0,0.0,0.0
120800050203,2007,0.0,0.0,0.0
120800050203,2008,0.0,0.0,0.0
120800050203,2009,0.0,0.0,0.0
120800050203,2010,0.0,0.0,0.0
120800050203,2011,0.0,0.0,0.0
120800050203,2012,0.0,0.0,0.0
120800050203,2013,0.0,0.0,0.0
120800050203,2014,0.0,0.0,0.0
120800050203,2015,0.0,0.0,0.0
120800050203,2016,0.0,0.0,0.0
120800050203,2017,0.0,0.0,0.0
120800050203,2018,0.0,0.0,0.0
120800050203,2019,0.0,0.0,0.0
120800050203,2020,0.0,0.0,0.0
120800050204,2000,0.0,0.0,0.0
120800050204,2001,0.0,0.0,0.0
120800050204,2002,0.0,0.0,0.0
120800050204,2003,0.0,0.0,0.0
120800050204,2004,0.0,0.0,0.0
120800050204,2005,0.0,0.0,0.0
120800050204,2006,0.0,0.0,0.0
120800050204,2007,0.0,0.0,0.0
120800050204,2008,0.0,0.0,0.0
120800050204,2009,0.0,0.0,0.0
120800050204,2010,0.0,0.0,0.0
120800050204,2011,0.0,0.0,0.0
120800050204,2012,0.0,0.0,0.0
120800050204,2013,0.0,0.0,0.0
120800050204,2014,0.0,0.0,0.0
120800050204,2015,0.0,0.0,0.0
120800050204,2016,0.0,0.0,0.0
120800050204,2017,0.0,0.0,0.0
120800050204,2018,0.0,0.0,0.0
120800050204,2019,0.0,0.0,0.0
120800050204,2020,0.0,0.0,0.0
120800050205,2000,0.0,0.0,0.0
120800050205,2001,0.0,0.0,0.0
120800050205,2002,0.0,0.0,0.0
120800050205,2003,0.0,0.0,0.0
120800050205,2004,0.0,0.0,0.0
120800050205,2005,0.0,0.0,0.0
120800050205,2006,0.0,0.0,0.0
120800050205,2007,0.0,0.0,0.0
120800050205,2008,0.0,0.0,0.0
120800050205,2009,0.0,0.0,0.0
120800050205,2010,0.0,0.0,0.0
120800050205,2011,0.0,0.0,0.0
120800050205,2012,0.0,0.0,0.0
120800050205,2013,0.0,0.0,0.0
120800050205,2014,0.0,0.0,0.0
120800050205,2015,0.0,0.0,0.0
120800050205,2016,0.0,0.0,0.0
120800050205,2017,0.0,0.0,0.0
120800050205,2018,0.0,0.0,0.0
120800050205,2019,0.0,0.0,0.0
120800050205,2020,0.0,0.0,0.0
120800050206,2000,0.009712842,0.007537117,0.002175557
120800050206,2001,0.0,0.0,0.0
120800050206,2002,0.013966759,0.011005953,0.002961055
120800050206,2003,0.005640219,0.004461397,0.00117874
120800050206,2004,0.003059137,0.002636954,0.000422101
120800050206,2005,0.000807395,0.000696058,0.000111419
120800050206,2006,0.000540841,0.000466296,7.4715e-05
120800050206,2007,0.006133025,0.005286737,0.000846373
120800050206,2008,0.002906016,0.002505164,0.000401104
120800050206,2009,0.000636877,0.00054906,8.7899e-05
120800050206,2010,0.006398816,0.005515844,0.000882973
120800050206,2011,0.02174806,0.018746762,0.003001142
120800050206,2012,0.007871831,0.006785691,0.001086224
120800050206,2013,0.013742556,0.011846263,0.001896378
120800050206,2014,0.004477564,0.003859564,0.000617833
120800050206,2015,0.006898504,0.005946597,0.000951825
120800050206,2016,0.008342331,0.007191153,0.001151178
120800050206,2017,0.000835989,0.000720608,0.000115299
120800050206,2018,0.0,0.0,0.0
120800050206,2019,0.0,0.0,0.0
120800050206,2020,0.0,0.0,0.0
120800050207,2000,0.000229071,0.0,0.000229071
120800050207,2001,0.026142649,0.0,0.026142649
120800050207,2002,0.000202285,0.0,0.000202285
120800050207,2003,0.001266082,0.0,0.001266082
120800050207,2004,0.000145325,0.0,0.000145325
120800050207,2005,0.0,0.0,0.0
120800050207,2006,0.00016794,0.0,0.00016794
120800050207,2007,3.029e-05,0.0,3.029e-05
120800050207,2008,0.0,0.0,0.0
120800050207,2009,0.0,0.0,0.0
120800050207,2010,0.0,0.0,0.0
120800050207,2011,0.0,0.0,0.0
120800050207,2012,0.0,0.0,0.0
120800050207,2013,0.0,0.0,0.0
120800050207,2014,0.0,0.0,0.0
120800050207,2015,0.0,0.0,0.0
120800050207,2016,0.0,0.0,0.0
120800050207,2017,0.0,0.0,0.0
120800050207,2018,0.0,0.0,0.0
120800050207,2019,0.0,0.0,0.0
120800050207,2020,0.00626827,0.0,0.00626827
120800050301,2000,0.0,0.0,0.0
120800050301,2001,0.0,0.0,0.0
120800050301,2002,0.0,0.0,0.0
120800050301,2003,0.0,0.0,0.0
120800050301,2004,0.0,0.0,0.0
120800050301,2005,0.0,0.0,0.0
120800050301,2006,0.0,0.0,0.0
120800050301,2007,0.0,0.0,0.0
120800050301,2008,0.0,0.0,0.0
120800050301,2009,0.0,0.0,0.0
120800050301,2010,0.0,0.0,0.0
120800050301,2011,0.0,0.0,0.0
120800050301,2012,0.0,0.0,0.0
120800050301,2013,0.0,0.0,0.0
120800050301,2014,0.0,0.0,0.0
120800050301,2015,0.0,0.0,0.0
120800050301,2016,0.0,0.0,0.0
120800050301,2017,0.0,0.0,0.0
120800050301,2018,0.0,0.0,0.0
120800050301,2019,0.0,0.0,0.0
120800050301,2020,0.0,0.0,0.0
120800050302,2000,0.0,0.0,0.0
120800050302,2001,0.0,0.0,0.0
120800050302,2002,0.0,0.0,0.0
120800050302,2003,0.0,0.0,0.0
120800050302,2004,0.0,0.0,0.0
120800050302,2005,0.0,0.0,0.0
120800050302,2006,0.0,0.0,0.0
120800050302,2007,0.0,0.0,0.0
120800050302,2008,0.0,0.0,0.0
120800050302,2009,0.0,0.0,0.0
120800050302,2010,0.0,0.0,0.0
120800050302,2011,0.0,0.0,0.0
120800050302,2012,0.0,0.0,0.0
120800050302,2013,0.0,0.0,0.0
120800050302,2014,0.0,0.0,0.0
120800050302,2015,0.0,0.0,0.0
120800050302,2016,0.0,0.0,0.0
120800050302,2017,0.0,0.0,0.0
120800050302,2018,0.0,0.0,0.0
120800050302,2019,0.0,0.0,0.0
120800050302,2020,0.0,0.0,0.0
120800050303,2000,0.0,0.0,0.0
120800050303,2001,0.0,0.0,0.0
120800050303,2002,0.0,0.0,0.0
120800050303,2003,0.0,0.0,0.0
120800050303,2004,0.0,0.0,0.0
120800050303,2005,0.0,0.0,0.0
120800050303,2006,0.0,0.0,0.0
120800050303,2007,0.0,0.0,0.0
120800050303,2008,0.0,0.0,0.0
120800050303,2009,0.0,0.0,0.0
120800050303,2010,0.0,0.0,0.0
120800050303,2011,0.0,0.0,0.0
120800050303,2012,0.0,0.0,0.0
120800050303,2013,0.0,0.0,0.0
120800050303,2014,0.0,0.0,0.0
120800050303,2015,0.0,0.0,0.0
120800050303,2016,0.0,0.0,0.0
120800050303,2017,0.0,0.0,0.0
120800050303,2018,0.0,0.0,0.0
120800050303,2019,0.0,0.0,0.0
120800050303,2020,0.0,0.0,0.0
120800050304,2000,0.0,0.0,0.0
120800050304,2001,0.0,0.0,0.0
120800050304,2002,0.0,0.0,0.0
120800050304,2003,0.0,0.0,0.0
120800050304,2004,0.0,0.0,0.0
120800050304,2005,0.0,0.0,0.0
120800050304,2006,0.0,0.0,0.0
120800050304,2007,0.0,0.0,0.0
120800050304,2008,0.0,0.0,0.0
120800050304,2009,0.0,0.0,0.0
120800050304,2010,0.0,0.0,0.0
120800050304,2011,0.0,0.0,0.0
120800050304,2012,0.0,0.0,0.0
120800050304,2013,0.0,0.0,0.0
120800050304,2014,0.0,0.0,0.0
120800050304,2015,0.0,0.0,0.0
120800050304,2016,0.0,0.0,0.0
120800050304,2017,0.0,0.0,0.0
120800050304,2018,0.0,0.0,0.0
120800050304,2019,0.0,0.0,0.0
120800050304,2020,0.0,0.0,0.0
120800050305,2000,0.0,0.0,0.0
120800050305,2001,0.0,0.0,0.0
120800050305,2002,0.0,0.0,0.0
120800050305,2003,0.0,0.0,0.0
120800050305,2004,0.0,0.0,0.0
120800050305,2005,0.0,0.0,0.0
120800050305,2006,0.0,0.0,0.0
120800050305,2007,0.0,0.0,0.0
120800050305,2008,0.0,0.0,0.0
120800050305,2009,0.0,0.0,0.0
120800050305,2010,0.0,0.0,0.0
120800050305,2011,0.0,0.0,0.0
120800050305,2012,0.0,0.0,0.0
120800050305,2013,0.0,0.0,0.0
120800050305,2014,0.0,0.0,0.0
120800050305,2015,0.0,0.0,0.0
120800050305,2016,0.0,0.0,0.0
120800050305,2017,0.0,0.0,0.0
120800050305,2018,0.0,0.0,0.0
120800050305,2019,0.0,0.0,0.0
120800050305,2020,0.0,0.0,0.0
120800050306,2000,0.0,0.0,0.0
120800050306,2001,0.0,0.0,0.0
120800050306,2002,0.0,0.0,0.0
120800050306,2003,0.0,0.0,0.0
120800050306,2004,0.0,0.0,0.0
120800050306,2005,0.0,0.0,0.0
120800050306,2006,0.0,0.0,0.0
120800050306,2007,0.0,0.0,0.0
120800050306,2008,0.0,0.0,0.0
120800050306,2009,0.0,0.0,0.0
120800050306,2010,0.0,0.0,0.0
120800050306,2011,0.0,0.0,0.0
120800050306,2012,0.0,0.0,0.0
120800050306,2013,0.0,0.0,0.0
120800050306,2014,0.0,0.0,0.0
120800050306,2015,0.0,0.0,0.0
120800050306,2016,0.0,0.0,0.0
120800050306,2017,0.0,0.0,0.0
120800050306,2018,0.0,0.0,0.0
120800050306,2019,0.0,0.0,0.0
120800050306,2020,0.0,0.0,0.0
120800050307,2000,0.0,0.0,0.0
120800050307,2001,0.0,0.0,0.0
120800050307,2002,0.0,0.0,0.0
120800050307,2003,0.0,0.0,0.0
120800050307,2004,0.0,0.0,0.0
120800050307,2005,0.0,0.0,0.0
120800050307,2006,0.0,0.0,0.0
120800050307,2007,0.0,0.0,0.0
120800050307,2008,0.0,0.0,0.0
120800050307,2009,0.0,0.0,0.0
120800050307,2010,0.0,0.0,0.0
120800050307,2011,0.0,0.0,0.0
120800050307,2012,0.0,0.0,0.0
120800050307,2013,0.0,0.0,0.0
120800050307,2014,0.0,0.0,0.0
120800050307,2015,0.0,0.0,0.0
120800050307,2016,0.0,0.0,0.0
120800050307,2017,0.0,0.0,0.0
120800050307,2018,0.0,0.0,0.0
120800050307,2019,0.0,0.0,0.0
120800050307,2020,0.0,0.0,0.0
120800050401,2000,0.0,0.0,0.0
120800050401,2001,0.0,0.0,0.0
120800050401,2002,0.0,0.0,0.0
120800050401,2003,0.0,0.0,0.0
120800050401,2004,0.0,0.0,0.0
120800050401,2005,0.0,0.0,0.0
120800050401,2006,0.0,0.0,0.0
120800050401,2007,0.0,0.0,0.0
120800050401,2008,0.0,0.0,0.0
120800050401,2009,0.0,0.0,0.0
120800050401,2010,0.0,0.0,0.0
120800050401,2011,0.0,0.0,0.0
120800050401,2012,0.0,0.0,0.0
120800050401,2013,0.0,0.0,0.0
120800050401,2014,0.0,0.0,0.0
120800050401,2015,0.0,0.0,0.0
120800050401,2016,0.0,0.0,0.0
120800050401,2017,0.0,0.0,0.0
120800050401,2018,0.0,0.0,0.0
120800050401,2019,0.0,0.0,0.0
120800050401,2020,0.0,0.0,0.0
120800050402,2000,0.0,0.0,0.0
120800050402,2001,0.0,0.0,0.0
120800050402,2002,0.0,0.0,0.0
120800050402,2003,0.0,0.0,0.0
120800050402,2004,0.0,0.0,0.0
120800050402,2005,0.0,0.0,0.0
120800050402,2006,0.0,0.0,0.0
120800050402,2007,0.0,0.0,0.0
120800050402,2008,0.0,0.0,0.0
120800050402,2009,0.0,0.0,0.0
120800050402,2010,0.0,0.0,0.0
120800050402,2011,0.0,0.0,0.0
120800050402,2012,0.0,0.0,0.0
120800050402,2013,0.0,0.0,0.0
120800050402,2014,0.0,0.0,0.0
120800050402,2015,0.0,0.0,0.0
120800050402,2016,0.0,0.0,0.0
120800050402,2017,0.0,0.0,0.0
120800050402,2018,0.0,0.0,0.0
120800050402,2019,0.0,0.0,0.0
120800050402,2020,0.0,0.0,0.0
120800050403,2000,0.0,0.0,0.0
120800050403,2001,0.0,0.0,0.0
120800050403,2002,0.0,0.0,0.0
120800050403,2003,0.0,0.0,0.0
120800050403,2004,0.0,0.0,0.0
120800050403,2005,0.0,0.0,0.0
120800050403,2006,0.0,0.0,0.0
120800050403,2007,0.0,0.0,0.0
120800050403,2008,0.0,0.0,0.0
120800050403,2009,0.0,0.0,0.0
120800050403,2010,0.0,0.0,0.0
120800050403,2011,0.0,0.0,0.0
120800050403,2012,0.0,0.0,0.0
120800050403,2013,0.0,0.0,0.0
120800050403,2014,0.0,0.0,0.0
120800050403,2015,0.0,0.0,0.0
120800050403,2016,0.0,0.0,0.0
120800050403,2017,0.0,0.0,0.0
120800050403,2018,0.0,0.0,0.0
120800050403,2019,0.0,0.0,0.0
120800050403,2020,0.0,0.0,0.0
120800050404,2000,0.0,0.0,0.0
120800050404,2001,0.0,0.0,0.0
120800050404,2002,0.0,0.0,0.0
120800050404,2003,0.0,0.0,0.0
120800050404,2004,0.0,0.0,0.0
120800050404,2005,0.0,0.0,0.0
120800050404,2006,0.0,0.0,0.0
120800050404,2007,0.0,0.0,0.0
120800050404,2008,0.0,0.0,0.0
120800050404,2009,0.0,0.0,0.0
120800050404,2010,0.0,0.0,0.0
120800050404,2011,0.0,0.0,0.0
120800050404,2012,0.0,0.0,0.0
120800050404,2013,0.0,0.0,0.0
120800050404,2014,0.0,0.0,0.0
120800050404,2015,0.0,0.0,0.0
120800050404,2016,0.0,0.0,0.0
120800050404,2017,0.0,0.0,0.0
120800050404,2018,0.0,0.0,0.0
120800050404,2019,0.0,0.0,0.0
120800050404,2020,0.0,0.0,0.0
120800050405,2000,0.0,0.0,0.0
120800050405,2001,0.0,0.0,0.0
120800050405,2002,0.0,0.0,0.0
120800050405,2003,0.0,0.0,0.0
120800050405,2004,0.0,0.0,0.0
120800050405,2005,0.0,0.0,0.0
120800050405,2006,0.0,0.0,0.0
120800050405,2007,0.0,0.0,0.0
120800050405,2008,0.0,0.0,0.0
120800050405,2009,0.0,0.0,0.0
120800050405,2010,0.0,0.0,0.0
120800050405,2011,0.0,0.0,0.0
120800050405,2012,0.0,0.0,0.0
120800050405,2013,0.0,0.0,0.0
120800050405,2014,0.0,0.0,0.0
120800050405,2015,0.0,0.0,0.0
120800050405,2016,0.0,0.0,0.0
120800050405,2017,0.0,0.0,0.0
120800050405,2018,0.0,0.0,0.0
120800050405,2019,0.0,0.0,0.0
120800050405,2020,0.0,0.0,0.0
120800050406,2000,0.0,0.0,0.0
120800050406,2001,0.0,0.0,0.0
120800050406,2002,0.0,0.0,0.0
120800050406,2003,0.0,0.0,0.0
120800050406,2004,0.0,0.0,0.0
120800050406,2005,0.0,0.0,0.0
120800050406,2006,0.0,0.0,0.0
120800050406,2007,0.0,0.0,0.0
120800050406,2008,0.0,0.0,0.0
120800050406,2009,0.0,0.0,0.0
120800050406,2010,0.0,0.0,0.0
120800050406,2011,0.0,0.0,0.0
120800050406,2012,0.0,0.0,0.0
120800050406,2013,0.0,0.0,0.0
120800050406,2014,0.0,0.0,0.0
120800050406,2015,0.0,0.0,0.0
120800050406,2016,0.0,0.0,0.0
120800050406,2017,0.0,0.0,0.0
120800050406,2018,0.0,0.0,0.0
120800050406,2019,0.0,0.0,0.0
120800050406,2020,0.0,0.0,0.0
120800050501,2000,0.0,0.0,0.0
120800050501,2001,0.0,0.0,0.0
120800050501,2002,0.007468641,0.0,0.007468641
120800050501,2003,0.0,0.0,0.0
120800050501,2004,0.0,0.0,0.0
120800050501,2005,0.0,0.0,0.0
120800050501,2006,0.018192151,0.0,0.018192151
120800050501,2007,0.0,0.0,0.0
120800050501,2008,0.0,0.0,0.0
120800050501,2009,0.0,0.0,0.0
120800050501,2010,0.0,0.0,0.0
120800050501,2011,0.0,0.0,0.0
120800050501,2012,0.0,0.0,0.0
120800050501,2013,0.0,0.0,0.0
120800050501,2014,0.0,0.0,0.0
120800050501,2015,0.007036115,0.0,0.007036115
120800050501,2016,0.0,0.0,0.0
120800050501,2017,0.0,0.0,0.0
120800050501,2018,0.0,0.0,0.0
120800050501,2019,0.0,0.0,0.0
120800050501,2020,0.0,0.0,0.0
120800050502,2000,0.0,0.0,0.0
120800050502,2001,0.0,0.0,0.0
120800050502,2002,0.0,0.0,0.0
120800050502,2003,0.0,0.0,0.0
120800050502,2004,0.0,0.0,0.0
120800050502,2005,0.0,0.0,0.0
120800050502,2006,0.0,0.0,0.0
120800050502,2007,0.0,0.0,0.0
120800050502,2008,0.0,0.0,0.0
120800050502,2009,0.0,0.0,0.0
120800050502,2010,0.0,0.0,0.0
120800050502,2011,0.0,0.0,0.0
120800050502,2012,0.0,0.0,0.0
120800050502,2013,0.0,0.0,0.0
120800050502,2014,0.0,0.0,0.0
120800050502,2015,0.0,0.0,0.0
120800050502,2016,0.0,0.0,0.0
120800050502,2017,0.0,0.0,0.0
120800050502,2018,0.0,0.0,0.0
120800050502,2019,0.0,0.0,0.0
120800050502,2020,0.0,0.0,0.0
120800050503,2000,0.0,0.0,0.0
120800050503,2001,0.928474819,0.0,0.928474819
120800050503,2002,0.749774247,0.0,0.749774247
120800050503,2003,0.0,0.0,0.0
120800050503,2004,0.639402757,0.0,0.639402757
120800050503,2005,1.313559586,0.0,1.313559586
120800050503,2006,1.079649773,0.0,1.079649773
120800050503,2007,1.204442384,0.0,1.204442384
120800050503,2008,0.417006199,0.0,0.417006199
120800050503,2009,1.040481871,0.0,1.040481871
120800050503,2010,0.604806534,0.0,0.604806534
120800050503,2011,1.444506178,0.0,1.444506178
120800050503,2012,0.634949568,0.0,0.634949568
120800050503,2013,0.60024186,0.0,0.60024186
120800050503,2014,0.292204186,0.0,0.292204186
120800050503,2015,0.553526197,0.0,0.553526197
120800050503,2016,0.0,0.0,0.0
120800050503,2017,0.0,0.0,0.0
120800050503,2018,0.0,0.0,0.0
120800050503,2019,0.0,0.0,0.0
120800050503,2020,0.187422139,0.0,0.187422139
120800050504,2000,0.0,0.0,0.0
120800050504,2001,0.0,0.0,0.0
120800050504,2002,0.0,0.0,0.0
120800050504,2003,0.0,0.0,0.0
120800050504,2004,0.0,0.0,0.0
120800050504,2005,0.0,0.0,0.0
120800050504,2006,0.0,0.0,0.0
120800050504,2007,0.0,0.0,0.0
120800050504,2008,0.0,0.0,0.0
120800050504,2009,0.0,0.0,0.0
120800050504,2010,0.0,0.0,0.0
120800050504,2011,0.0,0.0,0.0
120800050504,2012,0.0,0.0,0.0
120800050504,2013,0.0,0.0,0.0
120800050504,2014,0.0,0.0,0.0
120800050504,2015,0.0,0.0,0.0
120800050504,2016,0.0,0.0,0.0
120800050504,2017,0.0,0.0,0.0
120800050504,2018,0.0,0.0,0.0
120800050504,2019,0.0,0.0,0.0
120800050504,2020,0.0,0.0,0.0
120800050505,2000,0.0,0.0,0.0
120800050505,2001,0.0,0.0,0.0
120800050505,2002,0.0,0.0,0.0
120800050505,2003,0.0,0.0,0.0
120800050505,2004,0.0,0.0,0.0
120800050505,2005,0.0,0.0,0.0
120800050505,2006,0.0,0.0,0.0
120800050505,2007,0.0,0.0,0.0
120800050505,2008,0.0,0.0,0.0
120800050505,2009,0.0,0.0,0.0
120800050505,2010,0.0,0.0,0.0
120800050505,2011,0.0,0.0,0.0
120800050505,2012,0.0,0.0,0.0
120800050505,2013,0.0,0.0,0.0
120800050505,2014,0.0,0.0,0.0
120800050505,2015,0.0,0.0,0.0
120800050505,2016,0.0,0.0,0.0
120800050505,2017,0.0,0.0,0.0
120800050505,2018,0.0,0.0,0.0
120800050505,2019,0.0,0.0,0.0
120800050505,2020,0.0,0.0,0.0
120800050506,2000,0.0,0.0,0.0
120800050506,2001,0.0,0.0,0.0
120800050506,2002,0.0,0.0,0.0
120800050506,2003,0.0,0.0,0.0
120800050506,2004,0.0,0.0,0.0
120800050506,2005,0.0,0.0,0.0
120800050506,2006,0.0,0.0,0.0
120800050506,2007,0.0,0.0,0.0
120800050506,2008,0.0,0.0,0.0
120800050506,2009,0.0,0.0,0.0
120800050506,2010,0.0,0.0,0.0
120800050506,2011,0.0,0.0,0.0
120800050506,2012,0.0,0.0,0.0
120800050506,2013,0.0,0.0,0.0
120800050506,2014,0.0,0.0,0.0
120800050506,2015,0.0,0.0,0.0
120800050506,2016,0.0,0.0,0.0
120800050506,2017,0.0,0.0,0.0
120800050506,2018,0.0,0.0,0.0
120800050506,2019,0.0,0.0,0.0
120800050506,2020,0.0,0.0,0.0
120800050507,2000,0.065726194,0.0,0.065726194
120800050507,2001,0.006593677,0.0,0.006593677
120800050507,2002,0.008498926,0.0,0.008498926
120800050507,2003,0.008182444,0.0,0.008182444
120800050507,2004,0.0,0.0,0.0
120800050507,2005,0.207755644,0.0,0.207755644
120800050507,2006,0.157998567,0.0,0.157998567
120800050507,2007,0.003778463,0.0,0.003778463
120800050507,2008,0.0,0.0,0.0
120800050507,2009,0.164118312,0.0,0.164118312
120800050507,2010,0.227894025,0.0,0.227894025
120800050507,2011,0.282596397,0.0,0.282596397
120800050507,2012,0.392075262,0.0,0.392075262
120800050507,2013,0.364668433,0.0,0.364668433
120800050507,2014,0.340715384,0.0,0.340715384
120800050507,2015,0.266382422,0.0,0.266382422
120800050507,2016,0.094773033,0.0,0.094773033
120800050507,2017,0.229117879,0.0,0.229117879
120800050507,2018,0.002237915,0.0,0.002237915
120800050507,2019,0.160035589,0.0,0.160035589
120800050507,2020,0.19102932,0.0,0.19102932
120800050508,2000,1.66824838,0.0,1.66824838
120800050508,2001,1.17165783,0.0,1.17165783
120800050508,2002,1.37427909,0.0,1.37427909
120800050508,2003,1.466154627,0.0,1.466154627
120800050508,2004,0.925266254,0.0,0.925266254
120800050508,2005,5.688745715,0.0,5.688745715
120800050508,2006,0.948917236,0.0,0.948917236
120800050508,2007,3.651571868,0.0,3.651571868
120800050508,2008,0.715714276,0.0,0.715714276
120800050508,2009,3.283304249,0.0,3.283304249
120800050508,2010,2.25654294,0.0,2.25654294
120800050508,2011,1.452234852,0.0,1.452234852
120800050508,2012,1.528639186,0.0,1.528639186
120800050508,2013,2.05812451,0.0,2.05812451
120800050508,2014,1.738531436,0.0,1.738531436
120800050508,2015,1.320925192,0.0,1.320925192
120800050508,2016,1.01120515,0.0,1.01120515
120800050508,2017,1.459904529,0.0,1.459904529
120800050508,2018,0.74772783,0.0,0.74772783
120800050508,2019,2.290330644,0.0,2.290330644
120800050508,2020,1.344302833,0.0,1.344302833
120800050509,2000,8.426364145,0.0,8.426364145
120800050509,2001,6.652966044,0.0,6.652966044
120800050509,2002,5.495262277,0.0,5.495262277
120800050509,2003,5.250214474,0.0,5.250214474
120800050509,2004,5.313132607,0.0,5.313132607
120800050509,2005,5.804491299,0.0,5.804491299
120800050509,2006,6.487789063,0.0,6.487789063
120800050509,2007,5.015806173,0.0,5.015806173
120800050509,2008,4.601879803,0.0,4.601879803
120800050509,2009,6.770342608,0.0,6.770342608
120800050509,2010,6.602259942,0.0,6.602259942
120800050509,2011,7.903569397,0.0,7.903569397
120800050509,2012,6.682884164,0.0,6.682884164
120800050509,2013,5.197675378,0.0,5.197675378
120800050509,2014,6.589012704,0.0,6.589012704
120800050509,2015,6.262727296,0.0,6.262727296
120800050509,2016,6.41661624,0.0,6.41661624
120800050509,2017,7.017289047,0.0,7.017289047
120800050509,2018,6.095479589,0.0,6.095479589
120800050509,2019,6.237576386,0.0,6.237576386
120800050509,2020,7.108343077,0.0,7.108343077
120800050601,2000,0.601466934,0.0,0.601466934
120800050601,2001,0.951591712,0.0,0.951591712
120800050601,2002,0.645069463,0.0,0.645069463
120800050601,2003,0.739566337,0.0,0.739566337
120800050601,2004,0.434917738,0.0,0.434917738
120800050601,2005,0.706298367,0.0,0.706298367
120800050601,2006,0.667045559,0.0,0.667045559
120800050601,2007,0.475459337,0.0,0.475459337
120800050601,2008,0.394109311,0.0,0.394109311
120800050601,2009,0.51581106,0.0,0.51581106
120800050601,2010,0.692419077,0.0,0.692419077
120800050601,2011,1.008297397,0.0,1.008297397
120800050601,2012,0.98336062,0.0,0.98336062
120800050601,2013,0.670027995,0.0,0.670027995
120800050601,2014,0.376417986,0.0,0.376417986
120800050601,2015,0.406070501,0.0,0.406070501
120800050601,2016,0.473425533,0.0,0.473425533
120800050601,2017,0.476180463,0.0,0.476180463
120800050601,2018,0.345515858,0.0,0.345515858
120800050601,2019,0.0,0.0,0.0
120800050601,2020,0.243059538,0.0,0.243059538
120800050602,2000,0.0,0.0,0.0
120800050602,2001,0.0,0.0,0.0
120800050602,2002,0.0,0.0,0.0
120800050602,2003,0.0,0.0,0.0
120800050602,2004,0.0,0.0,0.0
120800050602,2005,0.0,0.0,0.0
120800050602,2006,0.0,0.0,0.0
120800050602,2007,0.0,0.0,0.0
120800050602,2008,0.0,0.0,0.0
120800050602,2009,0.0,0.0,0.0
120800050602,2010,0.0,0.0,0.0
120800050602,2011,0.0,0.0,0.0
120800050602,2012,0.0,0.0,0.0
120800050602,2013,0.0,0.0,0.0
120800050602,2014,0.0,0.0,0.0
120800050602,2015,0.0,0.0,0.0
120800050602,2016,0.0,0.0,0.0
120800050602,2017,0.0,0.0,0.0
120800050602,2018,0.0,0.0,0.0
120800050602,2019,0.0,0.0,0.0
120800050602,2020,0.0,0.0,0.0
120800050603,2000,3.462291779,0.0,3.462291779
120800050603,2001,0.853605299,0.0,0.853605299
120800050603,2002,0.336134973,0.0,0.336134973
120800050603,2003,0.387203332,0.0,0.387203332
120800050603,2004,0.740000975,0.0,0.740000975
120800050603,2005,0.652450814,0.0,0.652450814
120800050603,2006,1.350721655,0.0,1.350721655
120800050603,2007,1.137938145,0.0,1.137938145
120800050603,2008,0.489528413,0.0,0.489528413
120800050603,2009,1.910103956,0.0,1.910103956
120800050603,2010,2.247663984,0.0,2.247663984
120800050603,2011,3.254940584,0.0,3.254940584
120800050603,2012,2.690383328,0.0,2.690383328
120800050603,2013,2.76732131,0.0,2.76732131
120800050603,2014,3.424427055,0.0,3.424427055
120800050603,2015,2.919462833,0.0,2.919462833
120800050603,2016,2.401062697,0.0,2.401062697
120800050603,2017,0.995808299,0.0,0.995808299
120800050603,2018,1.007832329,0.0,1.007832329
120800050603,2019,0.006294942,0.0,0.006294942
120800050603,2020,1.39970594,0.0,1.39970594
120800050604,2000,4.329025902,0.0,4.329025902
120800050604,2001,2.935053707,0.0,2.935053707
120800050604,2002,2.959471688,0.0,2.959471688
120800050604,2003,3.32303086,0.0,3.32303086
120800050604,2004,3.308897473,0.0,3.308897473
120800050604,2005,3.157948611,0.0,3.157948611
120800050604,2006,3.852089348,0.0,3.852089348
120800050604,2007,2.407308786,0.0,2.407308786
120800050604,2008,1.790392156,0.0,1.790392156
120800050604,2009,3.903789203,0.0,3.903789203
120800050604,2010,3.584313208,0.0,3.584313208
120800050604,2011,4.048726458,0.0,4.048726458
120800050604,2012,3.694667257,0.0,3.694667257
120800050604,2013,3.12107357,0.0,3.12107357
120800050604,2014,1.993976847,0.0,1.993976847
120800050604,2015,2.307995238,0.0,2.307995238
120800050604,2016,1.893226574,0.0,1.893226574
120800050604,2017,2.20896994,0.0,2.20896994
120800050604,2018,1.405366219,0.0,1.405366219
120800050604,2019,2.647850145,0.0,2.647850145
120800050604,2020,2.59208821,0.0,2.59208821
120800050605,2000,0.124395907,0.0,0.124395907
120800050605,2001,0.0,0.0,0.0
120800050605,2002,0.081107115,0.0,0.081107115
120800050605,2003,0.0,0.0,0.0
120800050605,2004,0.13443385,0.0,0.13443385
120800050605,2005,0.0,0.0,0.0
120800050605,2006,0.178119805,0.0,0.178119805
120800050605,2007,0.136456885,0.0,0.136456885
120800050605,2008,0.0,0.0,0.0
120800050605,2009,0.267413822,0.0,0.267413822
120800050605,2010,0.169770978,0.0,0.169770978
120800050605,2011,0.0,0.0,0.0
120800050605,2012,0.0,0.0,0.0
120800050605,2013,0.0,0.0,0.0
120800050605,2014,0.11186797,0.0,0.11186797
120800050605,2015,0.122429529,0.0,0.122429529
120800050605,2016,0.0,0.0,0.0
120800050605,2017,0.0,0.0,0.0
120800050605,2018,0.055517512,0.0,0.055517512
120800050605,2019,2.8671e-05,0.0,2.8671e-05
120800050605,2020,0.257585063,0.0,0.257585063
120800060301,2000,3.107605005,0.0,3.107605005
120800060301,2001,2.47113889,0.0,2.47113889
120800060301,2002,3.202133063,0.0,3.202133063
120800060301,2003,2.609017595,0.0,2.609017595
120800060301,2004,1.54499268,0.0,1.54499268
120800060301,2005,2.189901945,0.0,2.189901945
120800060301,2006,2.811642696,0.0,2.811642696
120800060301,2007,2.543138718,0.0,2.543138718
120800060301,2008,2.807568814,0.0,2.807568814
120800060301,2009,2.870955838,0.0,2.870955838
120800060301,2010,3.335066277,0.0,3.335066277
120800060301,2011,3.805749044,0.0,3.805749044
120800060301,2012,3.817646495,0.0,3.817646495
120800060301,2013,3.298207997,0.0,3.298207997
120800060301,2014,3.018258099,0.0,3.018258099
120800060301,2015,2.989338085,0.0,2.989338085
120800060301,2016,3.743693984,0.0,3.743693984
120800060301,2017,2.636459345,0.0,2.636459345
120800060301,2018,2.845165984,0.0,2.845165984
120800060301,2019,2.320410734,0.0,2.320410734
120800060301,2020,4.023730787,0.0,4.023730787
120800060302,2000,3.540675609,0.0,3.540675609
120800060302,2001,2.376053381,0.0,2.376053381
120800060302,2002,2.325448266,0.0,2.325448266
120800060302,2003,1.87935003,0.0,1.87935003
120800060302,2004,1.603431421,0.0,1.603431421
120800060302,2005,2.23165314,0.0,2.23165314
120800060302,2006,2.639779608,0.0,2.639779608
120800060302,2007,2.637237762,0.0,2.637237762
120800060302,2008,2.243430145,0.0,2.243430145
120800060302,2009,2.502734482,0.0,2.502734482
120800060302,2010,2.680262685,0.0,2.680262685
120800060302,2011,2.856369167,0.0,2.856369167
120800060302,2012,2.943114885,0.0,2.943114885
120800060302,2013,2.434876753,0.0,2.434876753
120800060302,2014,2.69214777,0.0,2.69214777
120800060302,2015,2.749977433,0.0,2.749977433
120800060302,2016,3.315813847,0.0,3.315813847
120800060302,2017,2.38002617,0.0,2.38002617
120800060302,2018,2.295483488,0.0,2.295483488
120800060302,2019,1.570029384,0.0,1.570029384
120800060302,2020,3.164739631,0.0,3.164739631
120800060303,2000,4.433025691,0.0,4.433025691
120800060303,2001,5.021429071,0.0,5.021429071
120800060303,2002,5.174969956,0.0,5.174969956
120800060303,2003,4.780647942,0.0,4.780647942
120800060303,2004,3.678723041,0.0,3.678723041
120800060303,2005,4.705044142,0.0,4.705044142
120800060303,2006,3.748938099,0.0,3.748938099
120800060303,2007,5.301337334,0.0,5.301337334
120800060303,2008,4.411039057,0.0,4.411039057
120800060303,2009,5.544396863,0.0,5.544396863
120800060303,2010,5.921998085,0.0,5.921998085
120800060303,2011,5.521678704,0.0,5.521678704
120800060303,2012,6.081900011,0.0,6.081900011
120800060303,2013,4.986626584,0.0,4.986626584
120800060303,2014,5.021662975,0.0,5.021662975
120800060303,2015,5.579832562,0.0,5.579832562
120800060303,2016,6.76677838,0.0,6.76677838
120800060303,2017,5.676486984,0.0,5.676486984
120800060303,2018,5.525874811,0.0,5.525874811
120800060303,2019,6.044335173,0.0,6.044335173
120800060303,2020,6.808996055,0.0,6.808996055
120800060304,2000,10.81863597,0.0,10.81863597
120800060304,2001,7.55591806,0.0,7.55591806
120800060304,2002,9.83723274,0.0,9.83723274
120800060304,2003,8.599933808,0.0,8.599933808
120800060304,2004,7.03456903,0.0,7.03456903
120800060304,2005,6.247059033,0.0,6.247059033
120800060304,2006,10.277408192,0.0,10.277408192
120800060304,2007,9.263575786,0.0,9.263575786
120800060304,2008,9.288037776,0.0,9.288037776
120800060304,2009,10.863403186,0.0,10.863403186
120800060304,2010,11.540727101,0.0,11.540727101
120800060304,2011,12.178101753,0.0,12.178101753
120800060304,2012,12.418925519,0.0,12.418925519
120800060304,2013,10.495408784,0.0,10.495408784
120800060304,2014,10.551077849,0.0,10.551077849
120800060304,2015,9.836838049,0.0,9.836838049
120800060304,2016,8.419928068,0.0,8.419928068
120800060304,2017,8.490344482,0.0,8.490344482
120800060304,2018,7.373074668,0.0,7.373074668
120800060304,2019,11.861771405,0.0,11.861771405
120800060304,2020,10.971382795,0.0,10.971382795
120800060305,2000,17.740632505,0.035481265,17.705151243
120800060305,2001,15.08699577,0.030173899,15.056821953
120800060305,2002,17.515293614,0.035030551,17.480263066
120800060305,2003,15.167228058,0.030334553,15.136893504
120800060305,2004,15.178702557,0.030357432,15.148345044
120800060305,2005,17.383346923,0.03476671,17.348580299
120800060305,2006,15.051554222,0.030103071,15.021451068
120800060305,2007,15.580182058,0.031160389,15.549021586
120800060305,2008,13.232917669,0.026465727,13.206451943
120800060305,2009,16.050235014,0.032100507,16.018134422
120800060305,2010,16.137904132,0.032275816,16.105628318
120800060305,2011,19.711593816,0.039423321,19.672170827
120800060305,2012,15.35222647,0.030704492,15.32152206
120800060305,2013,17.080809203,0.034161685,17.046647603
120800060305,2014,13.866569989,0.027733208,13.838836948
120800060305,2015,18.911922027,0.037823789,18.874098071
120800060305,2016,18.528287164,0.037056497,18.491230587
120800060305,2017,20.341267537,0.040682532,20.300585093
120800060305,2018,13.342255819,0.02668451,13.315571225
120800060305,2019,19.045167137,0.038090279,19.007076688
120800060305,2020,19.83269441,0.039665456,19.793029038
120800060306,2000,3.557735429,0.010673104,3.547062325
120800060306,2001,3.601044438,0.007202121,3.593842318
120800060306,2002,4.158702855,0.008317364,4.150385573
120800060306,2003,3.585470811,0.007170929,3.578299962
120800060306,2004,5.068248716,0.010136492,5.058112224
120800060306,2005,4.836196101,0.009672447,4.826523573
120800060306,2006,3.965790589,0.007931652,3.957858852
120800060306,2007,5.712964578,0.011425962,5.701538784
120800060306,2008,3.745692915,0.011237057,3.734455776
120800060306,2009,4.415587693,0.008831093,4.406756682
120800060306,2010,5.553849222,0.011107822,5.542741482
120800060306,2011,4.152676063,0.012458058,4.140218005
120800060306,2012,4.198558372,0.008397208,4.190161164
120800060306,2013,5.082670041,0.015248164,5.067422038
120800060306,2014,4.700684751,0.014102014,4.686582819
120800060306,2015,5.59122834,0.016773685,5.574454658
120800060306,2016,6.111810719,0.018335522,6.093475443
120800060306,2017,4.559763721,0.013679299,4.546084419
120800060306,2018,4.811211441,0.014433597,4.796777847
120800060306,2019,4.508663704,0.013526077,4.495137627
120800060306,2020,7.905002292,0.023715123,7.881287336
120800060401,2000,7.27113476,0.058169079,7.21296568
120800060401,2001,6.129525622,0.049036197,6.080489173
120800060401,2002,6.595218471,0.052761748,6.542456723
120800060401,2003,6.236106556,0.049888893,6.186217666
120800060401,2004,7.62001224,0.053339986,7.566671918
120800060401,2005,8.374313227,0.058620132,8.315693099
120800060401,2006,6.352011573,0.050816222,6.301195436
120800060401,2007,7.548744707,0.052841268,7.495903438
120800060401,2008,7.498145568,0.059985197,7.43816038
120800060401,2009,8.859480904,0.062016296,8.797464526
120800060401,2010,7.537728378,0.06030171,7.477426499
120800060401,2011,9.868472701,0.078947781,9.789524923
120800060401,2012,6.989108765,0.048923656,6.940184943
120800060401,2013,9.649918926,0.067549392,9.582369364
120800060401,2014,8.332843008,0.058329899,8.274513195
120800060401,2015,12.316472123,0.086215425,12.230256868
120800060401,2016,10.248606776,0.071740156,10.176866538
120800060401,2017,11.854663515,0.082982518,11.771680915
120800060401,2018,11.616058515,0.081312419,11.534746093
120800060401,2019,13.68407823,0.082104553,13.601973762
120800060401,2020,14.739940825,0.088439664,14.651501158
120800060402,2000,2.823831202,0.025414456,2.798416749
120800060402,2001,2.513412882,0.022620811,2.490792493
120800060402,2002,2.543770085,0.022893866,2.520876134
120800060402,2003,2.747464071,0.024727184,2.722736803
120800060402,2004,3.176934811,0.02859241,3.148342484
120800060402,2005,3.217819956,0.02896034,3.188859449
120800060402,2006,2.911945597,0.026207485,2.88573811
120800060402,2007,2.320383953,0.020883364,2.299500589
120800060402,2008,3.121265727,0.028091393,3.093174333
120800060402,2009,2.713979584,0.024425849,2.689553732
120800060402,2010,3.078641877,0.027707841,3.050934203
120800060402,2011,3.174938866,0.028574507,3.146364359
120800060402,2012,2.056489393,0.018508481,2.037981079
120800060402,2013,2.647321504,0.023825893,2.623495693
120800060402,2014,2.862138718,0.025759214,2.836379507
120800060402,2015,3.469778789,0.031228082,3.438550622
120800060402,2016,2.879273096,0.025913309,2.853359708
120800060402,2017,3.404841605,0.030643668,3.374198019
120800060402,2018,3.915341597,0.035238167,3.880103515
120800060402,2019,6.658498353,0.059926318,6.598571699
120800060402,2020,4.726613568,0.042539552,4.684073932
120800060403,2000,26.824710128,0.241422249,26.583287716
120800060403,2001,21.050639556,0.189455605,20.861183868
120800060403,2002,22.276862148,0.200491803,22.076370263
120800060403,2003,21.67554854,0.195080047,21.480468575
120800060403,2004,18.319447383,0.164875068,18.154572232
120800060403,2005,19.969390542,0.179724556,19.789666068
120800060403,2006,18.82411969,0.16941697,18.654702805
120800060403,2007,18.848742888,0.169638786,18.679104268
120800060403,2008,17.505550486,0.157550008,17.348000563
120800060403,2009,19.127185682,0.172144652,18.955041027
120800060403,2010,18.082958118,0.162746671,17.920211614
120800060403,2011,25.617553447,0.230557874,25.386995493
120800060403,2012,18.035347448,0.162318057,17.873029391
120800060403,2013,15.97168289,0.14374511,15.827937693
120800060403,2014,15.216967868,0.136952663,15.080015041
120800060403,2015,16.746018836,0.150713992,16.595304677
120800060403,2016,17.271136735,0.155440109,17.115696628
120800060403,2017,16.81066666,0.151295992,16.659370501
120800060403,2018,13.31991969,0.119879384,13.200040477
120800060403,2019,19.131429214,0.172182945,18.959246268
120800060403,2020,20.65927524,0.18593353,20.473341795
120800060404,2000,9.999607383,0.089996478,9.909610904
120800060404,2001,9.830558145,0.088475058,9.74208317
120800060404,2002,10.449170019,0.094042532,10.355127403
120800060404,2003,11.016667904,0.099150153,10.917517751
120800060404,2004,7.704512658,0.069340587,7.635171822
120800060404,2005,8.905767986,0.080151995,8.825616162
120800060404,2006,8.030688811,0.072276173,7.958412638
120800060404,2007,10.287330671,0.092586019,10.194744734
120800060404,2008,10.166622536,0.09149977,10.075122934
120800060404,2009,10.392539093,0.09353289,10.299006285
120800060404,2010,9.081596647,0.081734381,8.999862099
120800060404,2011,13.397094647,0.120573929,13.276520885
120800060404,2012,10.165884169,0.091492937,10.074391068
120800060404,2013,7.902875019,0.071125942,7.831749074
120800060404,2014,10.392084258,0.093528921,10.298555504
120800060404,2015,10.912529022,0.098212734,10.814316288
120800060404,2016,11.258304489,0.101324697,11.156979792
120800060404,2017,9.609550814,0.086485981,9.523064836
120800060404,2018,9.74547746,0.087709279,9.657768181
120800060404,2019,12.893899063,0.116045068,12.777853912
120800060404,2020,15.37888735,0.138409943,15.24047724
120800060501,2000,15.713062508,0.141417637,15.571644956
120800060501,2001,14.890041693,0.134010436,14.756031345
120800060501,2002,15.957846022,0.143620652,15.814225449
120800060501,2003,14.326512148,0.128938625,14.197573523
120800060501,2004,11.362357751,0.102261309,11.260096612
120800060501,2005,14.768586786,0.132917304,14.635669564
120800060501,2006,11.93092074,0.107378301,11.82354269
120800060501,2007,12.054237441,0.108488148,11.945749211
120800060501,2008,12.262259464,0.110360295,12.151899085
120800060501,2009,14.229721266,0.128067482,14.101653616
120800060501,2010,11.870974611,0.106838671,11.764135937
120800060501,2011,20.197500964,0.181777526,20.015723523
120800060501,2012,17.053082609,0.153477735,16.899604708
120800060501,2013,9.383514871,0.093835132,9.289679822
120800060501,2014,9.802163241,0.088219449,9.713943877
120800060501,2015,12.500932318,0.112508545,12.38842377
120800060501,2016,13.594845516,0.122353675,13.472491844
120800060501,2017,13.514468466,0.121630238,13.392838227
120800060501,2018,12.5951574,0.113356447,12.481800953
120800060501,2019,14.035451559,0.126319036,13.909132523
120800060501,2020,15.391604191,0.138524456,15.253079735
120800060502,2000,21.008812303,0.210088175,20.798724298
120800060502,2001,14.153479041,0.141534827,14.011944129
120800060502,2002,17.390010734,0.173900014,17.216110636
120800060502,2003,16.396196797,0.163961926,16.232235038
120800060502,2004,11.595350956,0.1159535,11.479397456
120800060502,2005,15.594049852,0.155940586,15.438109348
120800060502,2006,14.215830814,0.142158364,14.073672616
120800060502,2007,12.958230348,0.129582233,12.828648115
120800060502,2008,13.105941773,0.131059459,12.974882396
120800060502,2009,15.711689942,0.157116888,15.554573058
120800060502,2010,12.755142148,0.127551455,12.627590773
120800060502,2011,20.340413,0.203404279,20.137008973
120800060502,2012,15.804056167,0.158040634,15.646015702
120800060502,2013,9.940608614,0.099406151,9.84120263
120800060502,2014,9.11495229,0.091149633,9.023802822
120800060502,2015,13.982767184,0.13982766,13.842939523
120800060502,2016,12.58572874,0.125857415,12.459871407
120800060502,2017,13.10927151,0.13109271,12.9781788
120800060502,2018,10.273818405,0.102738148,10.17108026
120800060502,2019,14.384954611,0.143849523,14.241105173
120800060502,2020,12.723535497,0.127235344,12.596300235
120800060503,2000,4.820540087,0.04820526,4.772334579
120800060503,2001,4.75693674,0.047569266,4.709367389
120800060503,2002,5.003573899,0.050035729,4.953538337
120800060503,2003,5.488812359,0.054888063,5.433924129
120800060503,2004,3.970526107,0.039705317,3.930820954
120800060503,2005,4.292435534,0.04292437,4.249510995
120800060503,2006,3.698193222,0.036981986,3.661211236
120800060503,2007,3.099086068,0.030990805,3.068095345
120800060503,2008,4.626210385,0.04626221,4.579948262
120800060503,2009,4.875525564,0.048755397,4.826770167
120800060503,2010,4.183790485,0.041837784,4.141952622
120800060503,2011,7.681254126,0.076812499,7.604441545
120800060503,2012,5.349148519,0.053491516,5.295657169
120800060503,2013,2.971650381,0.029716488,2.941933981
120800060503,2014,3.616655836,0.036166548,3.5804892
120800060503,2015,4.380896247,0.043808926,4.337087233
120800060503,2016,4.110002117,0.0411,4.068902123
120800060503,2017,4.585987863,0.045859833,4.540128195
120800060503,2018,6.080130518,0.060801315,6.019329205
120800060503,2019,6.240902304,0.062409151,6.178493323
120800060503,2020,6.267286101,0.062672899,6.204613284
120800060504,2000,4.993653885,0.0499365,4.943717467
120800060504,2001,5.741042181,0.057410323,5.683631775
120800060504,2002,4.715573967,0.047155655,4.668418227
120800060504,2003,5.001042923,0.050010427,4.951032416
120800060504,2004,3.79005732,0.037900672,3.752156814
120800060504,2005,3.864408216,0.038644129,3.825763838
120800060504,2006,4.464166866,0.044641663,4.419525285
120800060504,2007,2.851903153,0.028519027,2.823384044
120800060504,2008,4.168187358,0.041681839,4.126505434
120800060504,2009,4.525842008,0.04525846,4.480583466
120800060504,2010,4.930789485,0.049307814,4.881481753
120800060504,2011,7.298533299,0.072985227,7.225548153
120800060504,2012,4.866936497,0.048669372,4.818267208
120800060504,2013,3.617725874,0.036177222,3.581548652
120800060504,2014,4.228703107,0.042287121,4.186415986
120800060504,2015,4.950942178,0.049509348,4.90143266
120800060504,2016,4.359092582,0.043590762,4.31550174
120800060504,2017,4.536865085,0.045368753,4.491496411
120800060504,2018,4.30234809,0.043023405,4.2593246
120800060504,2019,4.89158623,0.048915893,4.842670337
120800060504,2020,4.190451251,0.041904557,4.148546776
120800060505,2000,0.612764262,0.006127593,0.606636585
120800060505,2001,1.128554189,0.011285436,1.117268586
120800060505,2002,0.690357564,0.006903584,0.683454063
120800060505,2003,0.988279403,0.009882732,0.978396756
120800060505,2004,0.356970814,0.003569768,0.353401213
120800060505,2005,1.475229962,0.01475209,1.460477534
120800060505,2006,0.780809299,0.007808153,0.773001148
120800060505,2007,0.951150614,0.009511427,0.941639101
120800060505,2008,0.885782577,0.008857803,0.87692444
120800060505,2009,0.820697181,0.008206764,0.812490079
120800060505,2010,0.914126929,0.009141247,0.904985515
120800060505,2011,1.68849806,0.016884918,1.671612896
120800060505,2012,2.483684639,0.024836822,2.458847817
120800060505,2013,0.686065545,0.006860649,0.679204896
120800060505,2014,1.304411296,0.013044156,1.291367386
120800060505,2015,1.728358879,0.017283633,1.711075329
120800060505,2016,2.023043107,0.020230486,2.002812623
120800060505,2017,1.454971249,0.01454969,1.440421647
120800060505,2018,1.904111323,0.019041038,1.8850702
120800060505,2019,5.494653795,0.05494657,5.439707389
120800060505,2020,1.71713923,0.017171445,1.699967866
120800060506,2000,2.255800765,0.022558074,2.233242776
120800060506,2001,2.216421104,0.022164258,2.194256932
120800060506,2002,1.869634553,0.018696384,1.850938252
120800060506,2003,1.776900852,0.017769025,1.759131995
120800060506,2004,1.198110268,0.011981172,1.186129347
120800060506,2005,1.651315011,0.016513192,1.634801819
120800060506,2006,2.282447518,0.022824512,2.259623088
120800060506,2007,1.351783014,0.013517825,1.338265107
120800060506,2008,1.582508377,0.015825164,1.566683298
120800060506,2009,2.203333537,0.02203331,2.181300227
120800060506,2010,2.674216663,0.026742164,2.647474499
120800060506,2011,3.782300756,0.037823082,3.744477756
120800060506,2012,2.424346689,0.024243396,2.40010321
120800060506,2013,1.658645159,0.016586414,1.642058827
120800060506,2014,2.017752885,0.020177444,1.997575189
120800060506,2015,1.435747167,0.014357329,1.421389589
120800060506,2016,1.472083175,0.014720792,1.457362301
120800060506,2017,1.719472666,0.01719466,1.70227809
120800060506,2018,1.773460055,0.017734622,1.755725512
120800060506,2019,1.889376934,0.018893797,1.870483055
120800060506,2020,1.88955574,0.018895522,1.870660134
120800060507,2000,13.542900973,0.135428997,13.407471891
120800060507,2001,12.228752874,0.122287616,12.106465258
120800060507,2002,9.268641764,0.092686304,9.17595529
120800060507,2003,11.678911274,0.116789107,11.562122167
120800060507,2004,8.54209106,0.085420902,8.45667024
120800060507,2005,10.504766408,0.10504763,10.39971886
120800060507,2006,11.949884608,0.119498901,11.830385959
120800060507,2007,8.522294956,0.085222937,8.437072186
120800060507,2008,10.892335052,0.10892323,10.783411656
120800060507,2009,11.191778236,0.111917803,11.079860433
120800060507,2010,12.766576063,0.127665641,12.638910422
120800060507,2011,17.812207186,0.178122121,17.634085153
120800060507,2012,11.716793923,0.11716791,11.599625932
120800060507,2013,9.042004288,0.090420041,8.951584162
120800060507,2014,9.195476392,0.091954682,9.10352171
120800060507,2015,11.015545211,0.11015546,10.905389836
120800060507,2016,8.235460251,0.082354546,8.153105699
120800060507,2017,9.930234904,0.09930223,9.830932266
120800060507,2018,7.169795512,0.071697899,7.098097534
120800060507,2019,10.802133301,0.108021279,10.694112104
120800060507,2020,10.804425738,0.108044328,10.696381413
120800060508,2000,0.433916281,0.001735699,0.432180749
120800060508,2001,0.132501644,0.000264978,0.132236666
120800060508,2002,0.164333712,0.000821699,0.163512011
120800060508,2003,0.0,0.0,0.0
120800060508,2004,0.038930593,0.000389243,0.038541098
120800060508,2005,0.118436822,0.000592186,0.117844468
120800060508,2006,0.048717214,0.000243699,0.0484736
120800060508,2007,0.201234153,0.001006197,0.200228208
120800060508,2008,0.283606396,0.001418022,0.282188208
120800060508,2009,0.002217844,2.2173e-05,0.002195671
120800060508,2010,0.059915655,0.000119797,0.059795773
120800060508,2011,0.238963904,0.000477923,0.238485978
120800060508,2012,0.438823391,0.001755224,0.437068082
120800060508,2013,0.069066501,0.000690668,0.068375918
120800060508,2014,0.115831422,0.001158468,0.114673118
120800060508,2015,0.08075586,0.000484436,0.080271425
120800060508,2016,0.281746762,0.001690574,0.280056358
120800060508,2017,0.042731959,0.000427238,0.042304721
120800060508,2018,0.00029997,2.94e-06,0.000297033
120800060508,2019,0.082216282,0.000739907,0.08147629
120800060508,2020,0.275629232,0.002756309,0.272872842
120800060509,2000,2.940849508,0.026467579,2.914382008
120800060509,2001,2.485710655,0.024857203,2.460853704
120800060509,2002,1.169238175,0.010523301,1.158715208
120800060509,2003,2.447079477,0.024470868,2.422608608
120800060509,2004,1.603313601,0.014429792,1.588883809
120800060509,2005,2.45867377,0.019669378,2.439004474
120800060509,2006,2.926805148,0.029268167,2.897537063
120800060509,2007,2.840688978,0.025566252,2.815122808
120800060509,2008,2.748607183,0.024737519,2.723869749
120800060509,2009,2.013626923,0.018122545,1.995504293
120800060509,2010,2.954526315,0.026590633,2.927935682
120800060509,2011,2.598234553,0.020785844,2.57744871
120800060509,2012,1.85594524,0.014847601,1.841097721
120800060509,2013,1.989115233,0.015912975,1.973202427
120800060509,2014,1.549021633,0.013941227,1.535080321
120800060509,2015,2.038474825,0.018346225,2.020128433
120800060509,2016,2.526348582,0.020210913,2.506137921
120800060509,2017,1.949187847,0.013644099,1.935543496
120800060509,2018,0.843918751,0.007595186,0.836323397
120800060509,2019,2.284331734,0.018274649,2.266057
120800060509,2020,2.306249822,0.020756161,2.285493746
120800060601,2000,2.856817713,0.02571126,2.831106454
120800060601,2001,2.43316886,0.021898523,2.411270422
120800060601,2002,1.907903688,0.017171129,1.890732389
120800060601,2003,1.912818096,0.017215356,1.89560274
120800060601,2004,2.200461314,0.019804191,2.180657292
120800060601,2005,2.297801655,0.020680208,2.277121362
120800060601,2006,2.663020556,0.026630329,2.636390312
120800060601,2007,1.446765805,0.0144676,1.432298121
120800060601,2008,2.161047861,0.019449273,2.141598421
120800060601,2009,2.037212238,0.020372236,2.016840167
120800060601,2010,2.794681074,0.025152186,2.76952889
120800060601,2011,3.614138005,0.032527301,3.581610704
120800060601,2012,2.993993372,0.026945869,2.967047339
120800060601,2013,2.216149797,0.019945279,2.196204433
120800060601,2014,2.81240554,0.025311726,2.787093811
120800060601,2015,2.556271132,0.023006268,2.533264863
120800060601,2016,2.153392634,0.019380546,2.134012175
120800060601,2017,2.270396022,0.020433501,2.249962348
120800060601,2018,2.596657038,0.025966611,2.57069043
120800060601,2019,4.029926704,0.032239389,3.997687315
120800060601,2020,3.854399115,0.034689566,3.819709464
120800060602,2000,3.416461087,0.027331708,3.389129383
120800060602,2001,3.302589534,0.026420699,3.276168915
120800060602,2002,3.430614674,0.030875597,3.399739162
120800060602,2003,3.878305866,0.031026479,3.847279553
120800060602,2004,3.544407639,0.02835518,3.516052377
120800060602,2005,4.899473458,0.039195915,4.860277625
120800060602,2006,4.90798194,0.039263844,4.868718093
120800060602,2007,3.74159663,0.033674329,3.707922134
120800060602,2008,4.816384568,0.043347429,4.773037219
120800060602,2009,4.898768419,0.044089044,4.854679463
120800060602,2010,6.319563871,0.056876159,6.262687877
120800060602,2011,8.098673833,0.072888074,8.025785759
120800060602,2012,6.133492525,0.055201309,6.078290962
120800060602,2013,3.510504178,0.031594496,3.478909685
120800060602,2014,3.731990778,0.033587795,3.698402816
120800060602,2015,5.073098521,0.045657962,5.027440562
120800060602,2016,4.371718997,0.03934529,4.332373623
120800060602,2017,4.286712233,0.038580496,4.248131729
120800060602,2018,4.282746436,0.042827436,4.239918833
120800060602,2019,6.142237693,0.04913769,6.093099921
120800060602,2020,4.90774982,0.049077527,4.858672377
120800060603,2000,1.628489451,0.009771074,1.618718541
120800060603,2001,1.645999945,0.013167978,1.632832049
120800060603,2002,1.825371532,0.010952296,1.814419321
120800060603,2003,1.834082011,0.012838715,1.821243463
120800060603,2004,1.740236388,0.008701117,1.731535352
120800060603,2005,1.797914153,0.007191764,1.790722389
120800060603,2006,1.929345288,0.009646784,1.919698671
120800060603,2007,1.321516123,0.002643027,1.318873096
120800060603,2008,1.098516926,0.006591093,1.091925836
120800060603,2009,2.832316762,0.014161584,2.818155178
120800060603,2010,2.226837532,0.013361003,2.213476529
120800060603,2011,2.530970953,0.017716649,2.513254052
120800060603,2012,1.027540904,0.007192839,1.020347984
120800060603,2013,0.826992786,0.004135016,0.822857855
120800060603,2014,0.653812296,0.003922923,0.649889373
120800060603,2015,2.133243471,0.010666203,2.122577353
120800060603,2016,1.735077202,0.005205374,1.729872156
120800060603,2017,1.668894723,0.010013389,1.658881334
120800060603,2018,1.511591767,0.0120928,1.499499052
120800060603,2019,2.603293175,0.010413342,2.592880003
120800060603,2020,2.01188709,0.010059292,2.001827634
120800060604,2000,0.769135374,0.003076563,0.766058896
120800060604,2001,0.256503825,0.000513008,0.255990649
120800060604,2002,0.999057515,0.003996318,0.995061197
120800060604,2003,0.530606655,0.003714189,0.526892299
120800060604,2004,0.758607669,0.004551746,0.754056093
120800060604,2005,0.546391611,0.00382477,0.542566759
120800060604,2006,0.426117397,0.002982874,0.423134438
120800060604,2007,0.435333751,0.003047389,0.432286447
120800060604,2008,0.296739082,0.000296749,0.296442249
120800060604,2009,0.403822386,0.00282669,0.400995529
120800060604,2010,0.635116148,0.004445742,0.630670238
120800060604,2011,1.057320384,0.006343808,1.05097649
120800060604,2012,0.574896574,0.002299642,0.572596932
120800060604,2013,0.232557173,0.001162838,0.231394416
120800060604,2014,0.157723622,0.000946397,0.156777312
120800060604,2015,0.159441912,0.000637784,0.158804129
120800060604,2016,0.674925743,0.004049686,0.670876303
120800060604,2017,0.402884181,0.002417373,0.400466888
120800060604,2018,0.264574085,0.001587493,0.262986756
120800060604,2019,0.775601225,0.002326775,0.7732742
120800060604,2020,1.057594497,0.0,1.057594497
120800060701,2000,0.0,0.0,0.0
120800060701,2001,0.023355945,0.0,0.023355945
120800060701,2002,0.0,0.0,0.0
120800060701,2003,0.015708129,0.0,0.015708129
120800060701,2004,3.3697e-05,0.0,3.3697e-05
120800060701,2005,0.076742373,0.0,0.076742373
120800060701,2006,0.004468638,0.0,0.004468638
120800060701,2007,0.187927126,0.0,0.187927126
120800060701,2008,0.019405484,0.0,0.019405484
120800060701,2009,0.090846268,0.0,0.090846268
120800060701,2010,0.109718027,0.0,0.109718027
120800060701,2011,0.0,0.0,0.0
120800060701,2012,0.112044421,0.0,0.112044421
120800060701,2013,0.0,0.0,0.0
120800060701,2014,0.013281211,0.0,0.013281211
120800060701,2015,0.0,0.0,0.0
120800060701,2016,0.024475855,0.0,0.024475855
120800060701,2017,0.0,0.0,0.0
120800060701,2018,0.031188699,0.0,0.031188699
120800060701,2019,0.124830888,0.0,0.124830888
120800060701,2020,0.179887773,0.0,0.179887773
120800060702,2000,0.211713128,0.0,0.211713128
120800060702,2001,0.074525556,0.0,0.074525556
120800060702,2002,0.210446682,0.0,0.210446682
120800060702,2003,0.257824849,0.0,0.257824849
120800060702,2004,0.446667825,0.0,0.446667825
120800060702,2005,0.738615321,0.000738592,0.737876564
120800060702,2006,0.376295348,0.0,0.376295348
120800060702,2007,0.889277562,0.000889301,0.888388263
120800060702,2008,0.271221923,0.0,0.271221923
120800060702,2009,0.646894027,0.0,0.646894027
120800060702,2010,1.069233882,0.0,1.069233882
120800060702,2011,0.180816586,0.0,0.180816586
120800060702,2012,0.705997689,0.0,0.705997689
120800060702,2013,0.606591926,0.0,0.606591926
120800060702,2014,0.35377114,0.0,0.35377114
120800060702,2015,0.478670315,0.0,0.478670315
120800060702,2016,0.596215858,0.0,0.596215858
120800060702,2017,0.943440195,0.0,0.943440195
120800060702,2018,0.527614882,0.0,0.527614882
120800060702,2019,1.525157148,0.0,1.525157148
120800060702,2020,0.779072582,0.0,0.779072582
120800060703,2000,0.555563434,0.001111186,0.554452331
120800060703,2001,0.42581229,0.002128981,0.423683225
120800060703,2002,0.235123159,0.000940512,0.234182559
120800060703,2003,0.406215852,0.002031214,0.404184803
120800060703,2004,0.617864839,0.001235678,0.616629079
120800060703,2005,1.029264595,0.003087767,1.026176833
120800060703,2006,0.594388362,0.001783263,0.592605181
120800060703,2007,2.173556315,0.004347145,2.169209088
120800060703,2008,0.470924765,0.001883716,0.469041216
120800060703,2009,1.223591279,0.001223693,1.222367586
120800060703,2010,2.406848575,0.004813671,2.402034822
120800060703,2011,0.732694397,0.004396093,0.728298134
120800060703,2012,0.765639817,0.003062462,0.762577273
120800060703,2013,0.846191068,0.002538479,0.843652589
120800060703,2014,1.358376759,0.002716721,1.355659868
120800060703,2015,1.719203077,0.001719156,1.717483841
120800060703,2016,0.685043169,0.002740139,0.682303191
120800060703,2017,1.117706408,0.002235449,1.115470962
120800060703,2018,0.478821318,0.001915274,0.476906044
120800060703,2019,2.339194041,0.002339307,2.336854899
120800060703,2020,0.961377989,0.002884115,0.95849379
120800060704,2000,0.513229989,0.0,0.513229989
120800060704,2001,0.23164297,0.0,0.23164297
120800060704,2002,0.292190942,0.0,0.292190942
120800060704,2003,0.342880734,0.0,0.342880734
120800060704,2004,0.380483489,0.0,0.380483489
120800060704,2005,0.782278545,0.0,0.782278545
120800060704,2006,0.344340775,0.0,0.344340775
120800060704,2007,1.246750507,0.0,1.246750507
120800060704,2008,0.45614026,0.0,0.45614026
120800060704,2009,0.836691271,0.0,0.836691271
120800060704,2010,1.312077512,0.0,1.312077512
120800060704,2011,0.359731781,0.0,0.359731781
120800060704,2012,0.478597874,0.0,0.478597874
120800060704,2013,0.135226666,0.0,0.135226666
120800060704,2014,0.569161036,0.0,0.569161036
120800060704,2015,0.944313427,0.0,0.944313427
120800060704,2016,0.421763727,0.0,0.421763727
120800060704,2017,0.532238019,0.0,0.532238019
120800060704,2018,0.541648167,0.0,0.541648167
120800060704,2019,2.286283855,0.0,2.286283855
120800060704,2020,0.915133481,0.0,0.915133481
120800060705,2000,0.0,0.0,0.0
120800060705,2001,0.36159686,0.0,0.36159686
120800060705,2002,0.0,0.0,0.0
120800060705,2003,0.33215949,0.0,0.33215949
120800060705,2004,0.0,0.0,0.0
120800060705,2005,0.316276192,0.0,0.316276192
120800060705,2006,0.0,0.0,0.0
120800060705,2007,0.048008134,0.0,0.048008134
120800060705,2008,0.043428202,0.0,0.043428202
120800060705,2009,0.018168071,0.0,0.018168071
120800060705,2010,0.013269784,0.0,0.013269784
120800060705,2011,0.123603099,0.0,0.123603099
120800060705,2012,0.18154938,0.0,0.18154938
120800060705,2013,0.030437584,0.0,0.030437584
120800060705,2014,0.059016375,0.0,0.059016375
120800060705,2015,0.332621011,0.0,0.332621011
120800060705,2016,0.148762355,0.0,0.148762355
120800060705,2017,0.081587058,0.0,0.081587058
120800060705,2018,0.204144699,0.0,0.204144699
120800060705,2019,0.771895466,0.0,0.771895466
120800060705,2020,0.449375074,0.0,0.449375074
120800060801,2000,0.0,0.0,0.0
120800060801,2001,0.0,0.0,0.0
120800060801,2002,0.0,0.0,0.0
120800060801,2003,0.221786953,0.0,0.221786953
120800060801,2004,0.353709762,0.0,0.353709762
120800060801,2005,0.052348263,0.0,0.052348263
120800060801,2006,0.240997458,0.0,0.240997458
120800060801,2007,0.446422868,0.0,0.446422868
120800060801,2008,0.0,0.0,0.0
120800060801,2009,0.009998038,0.0,0.009998038
120800060801,2010,0.071572934,0.0,0.071572934
120800060801,2011,0.328446633,0.0,0.328446633
120800060801,2012,0.360591462,0.0,0.360591462
120800060801,2013,0.0,0.0,0.0
120800060801,2014,0.082843729,0.0,0.082843729
120800060801,2015,0.050309723,0.0,0.050309723
120800060801,2016,0.050282369,0.0,0.050282369
120800060801,2017,0.067956559,0.0,0.067956559
120800060801,2018,0.114070162,0.0,0.114070162
120800060801,2019,0.193147734,0.0,0.193147734
120800060801,2020,0.143845699,0.0,0.143845699
120800060802,2000,0.0,0.0,0.0
120800060802,2001,0.006769433,0.0,0.006769433
120800060802,2002,0.006631427,0.0,0.006631427
120800060802,2003,0.188626282,0.0,0.188626282
120800060802,2004,0.671185653,0.0,0.671185653
120800060802,2005,1.092817967,0.0,1.092817967
120800060802,2006,0.328870611,0.0,0.328870611
120800060802,2007,1.837343721,0.0,1.837343721
120800060802,2008,0.006458577,0.0,0.006458577
120800060802,2009,1.396583707,0.0,1.396583707
120800060802,2010,1.777474704,0.0,1.777474704
120800060802,2011,0.133455455,0.0,0.133455455
120800060802,2012,0.201648306,0.0,0.201648306
120800060802,2013,0.607712474,0.0,0.607712474
120800060802,2014,0.328774351,0.0,0.328774351
120800060802,2015,1.178262301,0.0,1.178262301
120800060802,2016,0.641821727,0.0,0.641821727
120800060802,2017,0.524177997,0.0,0.524177997
120800060802,2018,0.195608726,0.0,0.195608726
120800060802,2019,1.045649016,0.0,1.045649016
120800060802,2020,0.591790448,0.0,0.591790448
120800060803,2000,0.001045426,0.0,0.001045426
120800060803,2001,0.0,0.0,0.0
120800060803,2002,0.0,0.0,0.0
120800060803,2003,0.167473666,0.0,0.167473666
120800060803,2004,0.053469057,0.0,0.053469057
120800060803,2005,0.081943649,0.0,0.081943649
120800060803,2006,0.245139351,0.0,0.245139351
120800060803,2007,0.357395688,0.0,0.357395688
120800060803,2008,0.0,0.0,0.0
120800060803,2009,0.13190569,0.0,0.13190569
120800060803,2010,0.264279195,0.0,0.264279195
120800060803,2011,0.052817381,0.0,0.052817381
120800060803,2012,0.046188082,0.0,0.046188082
120800060803,2013,0.091525553,0.0,0.091525553
120800060803,2014,0.031597959,0.0,0.031597959
120800060803,2015,0.171516378,0.0,0.171516378
120800060803,2016,0.128148503,0.0,0.128148503
120800060803,2017,0.077224321,0.0,0.077224321
120800060803,2018,0.148703485,0.0,0.148703485
120800060803,2019,0.241395397,0.0,0.241395397
120800060803,2020,0.294353743,0.0,0.294353743
120800060804,2000,0.334419831,0.0,0.334419831
120800060804,2001,0.391561838,0.0,0.391561838
120800060804,2002,0.249519455,0.0,0.249519455
120800060804,2003,0.662399282,0.0,0.662399282
120800060804,2004,0.492143344,0.0,0.492143344
120800060804,2005,0.960581044,0.0,0.960581044
120800060804,2006,0.447184718,0.0,0.447184718
120800060804,2007,0.630068948,0.0,0.630068948
120800060804,2008,0.13414765,0.0,0.13414765
120800060804,2009,0.418000663,0.0,0.418000663
120800060804,2010,0.351356973,0.0,0.351356973
120800060804,2011,0.576922767,0.0,0.576922767
120800060804,2012,0.747434301,0.0,0.747434301
120800060804,2013,0.531053477,0.0,0.531053477
120800060804,2014,0.577094822,0.0,0.577094822
120800060804,2015,0.433498247,0.0,0.433498247
120800060804,2016,0.280239776,0.0,0.280239776
120800060804,2017,0.268746814,0.0,0.268746814
120800060804,2018,0.003781605,0.0,0.003781605
120800060804,2019,0.255676649,0.0,0.255676649
120800060804,2020,0.24094056,0.0,0.24094056
120800060805,2000,0.798261536,0.0,0.798261536
120800060805,2001,0.35922251,0.0,0.35922251
120800060805,2002,0.249331011,0.0,0.249331011
120800060805,2003,0.272564414,0.0,0.272564414
120800060805,2004,0.209688464,0.0,0.209688464
120800060805,2005,0.396787589,0.0,0.396787589
120800060805,2006,0.21752429,0.0,0.21752429
120800060805,2007,0.466150482,0.0,0.466150482
120800060805,2008,0.04748377,0.0,0.04748377
120800060805,2009,0.178070422,0.0,0.178070422
120800060805,2010,0.240988471,0.0,0.240988471
120800060805,2011,0.196729844,0.0,0.196729844
120800060805,2012,0.371277085,0.0,0.371277085
120800060805,2013,0.224026384,0.0,0.224026384
120800060805,2014,0.181676403,0.0,0.181676403
120800060805,2015,0.236900293,0.0,0.236900293
120800060805,2016,0.06505494,0.0,0.06505494
120800060805,2017,0.145719416,0.0,0.145719416
120800060805,2018,0.232807756,0.0,0.232807756
120800060805,2019,0.235421175,0.0,0.235421175
120800060805,2020,1.025715888,0.0,1.025715888
120800060806,2000,0.054850322,0.0,0.054850322
120800060806,2001,0.229786101,0.0,0.229786101
120800060806,2002,0.0,0.0,0.0
120800060806,2003,0.284105373,0.0,0.284105373
120800060806,2004,0.0,0.0,0.0
120800060806,2005,0.219696214,0.0,0.219696214
120800060806,2006,0.009500534,0.0,0.009500534
120800060806,2007,0.053225258,0.0,0.053225258
120800060806,2008,0.024477645,0.0,0.024477645
120800060806,2009,0.0,0.0,0.0
120800060806,2010,0.0,0.0,0.0
120800060806,2011,0.081295641,0.0,0.081295641
120800060806,2012,0.052412948,0.0,0.052412948
120800060806,2013,0.0,0.0,0.0
120800060806,2014,0.0,0.0,0.0
120800060806,2015,0.199964868,0.0,0.199964868
120800060806,2016,0.197196314,0.0,0.197196314
120800060806,2017,0.0,0.0,0.0
120800060806,2018,0.074677321,0.0,0.074677321
120800060806,2019,0.401186696,0.0,0.401186696
120800060806,2020,0.123011923,0.0,0.123011923
120800070101,2000,1.093918869,0.0,1.093918869
120800070101,2001,0.0,0.0,0.0
120800070101,2002,0.0,0.0,0.0
120800070101,2003,0.99439789,0.0,0.99439789
120800070101,2004,0.55103471,0.0,0.55103471
120800070101,2005,0.383915827,0.0,0.383915827
120800070101,2006,0.984772529,0.0,0.984772529
120800070101,2007,0.475636868,0.0,0.475636868
120800070101,2008,0.650422066,0.0,0.650422066
120800070101,2009,0.999082504,0.0,0.999082504
120800070101,2010,0.869652258,0.0,0.869652258
120800070101,2011,1.983803153,0.0,1.983803153
120800070101,2012,1.768703437,0.0,1.768703437
120800070101,2013,0.0,0.0,0.0
120800070101,2014,1.171988666,0.0,1.171988666
120800070101,2015,0.705054192,0.0,0.705054192
120800070101,2016,0.518490855,0.0,0.518490855
120800070101,2017,0.0,0.0,0.0
120800070101,2018,0.0,0.0,0.0
120800070101,2019,0.013290252,0.0,0.013290252
120800070101,2020,0.650272033,0.0,0.650272033
120800070102,2000,0.280098869,0.0,0.280098869
120800070102,2001,0.139405312,0.0,0.139405312
120800070102,2002,0.06686183,0.0,0.06686183
120800070102,2003,0.170059129,0.0,0.170059129
120800070102,2004,0.133337997,0.0,0.133337997
120800070102,2005,0.158743414,0.0,0.158743414
120800070102,2006,0.176129364,0.0,0.176129364
120800070102,2007,0.041981838,0.0,0.041981838
120800070102,2008,0.0,0.0,0.0
120800070102,2009,0.035252384,0.0,0.035252384
120800070102,2010,0.08013349,0.0,0.08013349
120800070102,2011,0.206279827,0.0,0.206279827
120800070102,2012,0.068326161,0.0,0.068326161
120800070102,2013,0.0,0.0,0.0
120800070102,2014,0.100948668,0.0,0.100948668
120800070102,2015,0.116452959,0.0,0.116452959
120800070102,2016,0.0,0.0,0.0
120800070102,2017,0.051663721,0.0,0.051663721
120800070102,2018,0.0,0.0,0.0
120800070102,2019,0.133716625,0.0,0.133716625
120800070102,2020,0.236877981,0.0,0.236877981
120800070103,2000,0.25616871,0.0,0.25616871
120800070103,2001,0.207370304,0.0,0.207370304
120800070103,2002,0.181516134,0.0,0.181516134
120800070103,2003,0.150589041,0.0,0.150589041
120800070103,2004,0.158752697,0.0,0.158752697
120800070103,2005,0.143140786,0.0,0.143140786
120800070103,2006,0.372177395,0.0,0.372177395
120800070103,2007,0.315623548,0.0,0.315623548
120800070103,2008,0.0,0.0,0.0
120800070103,2009,0.157375975,0.0,0.157375975
120800070103,2010,0.158677345,0.0,0.158677345
120800070103,2011,0.593239438,0.0,0.593239438
120800070103,2012,0.591376475,0.0,0.591376475
120800070103,2013,0.320137008,0.0,0.320137008
120800070103,2014,0.361799945,0.0,0.361799945
120800070103,2015,0.339806827,0.0,0.339806827
120800070103,2016,0.0,0.0,0.0
120800070103,2017,0.310719389,0.0,0.310719389
120800070103,2018,0.0,0.0,0.0
120800070103,2019,0.304441885,0.0,0.304441885
120800070103,2020,0.472131683,0.0,0.472131683
120800070104,2000,0.406450617,0.0,0.406450617
120800070104,2001,0.32355666,0.0,0.32355666
120800070104,2002,0.385363186,0.0,0.385363186
120800070104,2003,0.310005268,0.0,0.310005268
120800070104,2004,0.393496175,0.0,0.393496175
120800070104,2005,0.33454246,0.0,0.33454246
120800070104,2006,0.43554006,0.0,0.43554006
120800070104,2007,0.306641463,0.0,0.306641463
120800070104,2008,0.0,0.0,0.0
120800070104,2009,0.365434899,0.0,0.365434899
120800070104,2010,0.452500364,0.0,0.452500364
120800070104,2011,0.817781874,0.0,0.817781874
120800070104,2012,0.699559205,0.0,0.699559205
120800070104,2013,0.305024156,0.0,0.305024156
120800070104,2014,0.184419351,0.0,0.184419351
120800070104,2015,0.201954348,0.0,0.201954348
120800070104,2016,0.0,0.0,0.0
120800070104,2017,0.388968904,0.0,0.388968904
120800070104,2018,0.0,0.0,0.0
120800070104,2019,0.322436307,0.0,0.322436307
120800070104,2020,0.562224637,0.0,0.562224637
120800070105,2000,0.0,0.0,0.0
120800070105,2001,0.0,0.0,0.0
120800070105,2002,0.0,0.0,0.0
120800070105,2003,0.0,0.0,0.0
120800070105,2004,0.0,0.0,0.0
120800070105,2005,0.0,0.0,0.0
120800070105,2006,0.0,0.0,0.0
120800070105,2007,0.0,0.0,0.0
120800070105,2008,0.0,0.0,0.0
120800070105,2009,0.0,0.0,0.0
120800070105,2010,0.0,0.0,0.0
120800070105,2011,0.0,0.0,0.0
120800070105,2012,0.0,0.0,0.0
120800070105,2013,0.0,0.0,0.0
120800070105,2014,0.0,0.0,0.0
120800070105,2015,0.0,0.0,0.0
120800070105,2016,0.0,0.0,0.0
120800070105,2017,0.0,0.0,0.0
120800070105,2018,0.0,0.0,0.0
120800070105,2019,0.0,0.0,0.0
120800070105,2020,0.0,0.0,0.0
120800070106,2000,0.0,0.0,0.0
120800070106,2001,0.0,0.0,0.0
120800070106,2002,0.0,0.0,0.0
120800070106,2003,0.0,0.0,0.0
120800070106,2004,0.0,0.0,0.0
120800070106,2005,0.0,0.0,0.0
120800070106,2006,0.0,0.0,0.0
120800070106,2007,0.0,0.0,0.0
120800070106,2008,0.0,0.0,0.0
120800070106,2009,0.0,0.0,0.0
120800070106,2010,0.0,0.0,0.0
120800070106,2011,0.0,0.0,0.0
120800070106,2012,0.0,0.0,0.0
120800070106,2013,0.0,0.0,0.0
120800070106,2014,0.0,0.0,0.0
120800070106,2015,0.0,0.0,0.0
120800070106,2016,0.0,0.0,0.0
120800070106,2017,0.0,0.0,0.0
120800070106,2018,0.0,0.0,0.0
120800070106,2019,0.0,0.0,0.0
120800070106,2020,0.0,0.0,0.0
120800070107,2000,0.0,0.0,0.0
120800070107,2001,0.0,0.0,0.0
120800070107,2002,0.0,0.0,0.0
120800070107,2003,0.0,0.0,0.0
120800070107,2004,0.0,0.0,0.0
120800070107,2005,0.0,0.0,0.0
120800070107,2006,0.0,0.0,0.0
120800070107,2007,0.0,0.0,0.0
120800070107,2008,0.0,0.0,0.0
120800070107,2009,0.0,0.0,0.0
120800070107,2010,0.0,0.0,0.0
120800070107,2011,0.0,0.0,0.0
120800070107,2012,0.0,0.0,0.0
120800070107,2013,0.0,0.0,0.0
120800070107,2014,0.0,0.0,0.0
120800070107,2015,0.0,0.0,0.0
120800070107,2016,0.0,0.0,0.0
120800070107,2017,0.0,0.0,0.0
120800070107,2018,0.0,0.0,0.0
120800070107,2019,0.0,0.0,0.0
120800070107,2020,0.0,0.0,0.0
120800070108,2000,0.0,0.0,0.0
120800070108,2001,0.0,0.0,0.0
120800070108,2002,0.0,0.0,0.0
120800070108,2003,0.0,0.0,0.0
120800070108,2004,0.0,0.0,0.0
120800070108,2005,0.0,0.0,0.0
120800070108,2006,0.0,0.0,0.0
120800070108,2007,0.0,0.0,0.0
120800070108,2008,0.0,0.0,0.0
120800070108,2009,0.0,0.0,0.0
120800070108,2010,0.0,0.0,0.0
120800070108,2011,0.0,0.0,0.0
120800070108,2012,0.0,0.0,0.0
120800070108,2013,0.0,0.0,0.0
120800070108,2014,0.0,0.0,0.0
120800070108,2015,0.0,0.0,0.0
120800070108,2016,0.0,0.0,0.0
120800070108,2017,0.0,0.0,0.0
120800070108,2018,0.0,0.0,0.0
120800070108,2019,0.0,0.0,0.0
120800070108,2020,0.0,0.0,0.0
120800070201,2000,0.0,0.0,0.0
120800070201,2001,0.0,0.0,0.0
120800070201,2002,0.0,0.0,0.0
120800070201,2003,0.0,0.0,0.0
120800070201,2004,0.0,0.0,0.0
120800070201,2005,0.0,0.0,0.0
120800070201,2006,0.0,0.0,0.0
120800070201,2007,0.0,0.0,0.0
120800070201,2008,0.0,0.0,0.0
120800070201,2009,0.0,0.0,0.0
120800070201,2010,0.0,0.0,0.0
120800070201,2011,0.0,0.0,0.0
120800070201,2012,0.0,0.0,0.0
120800070201,2013,0.0,0.0,0.0
120800070201,2014,0.0,0.0,0.0
120800070201,2015,0.0,0.0,0.0
120800070201,2016,0.0,0.0,0.0
120800070201,2017,0.0,0.0,0.0
120800070201,2018,0.0,0.0,0.0
120800070201,2019,0.0,0.0,0.0
120800070201,2020,0.0,0.0,0.0
120800070202,2000,0.0,0.0,0.0
120800070202,2001,0.0,0.0,0.0
120800070202,2002,0.0,0.0,0.0
120800070202,2003,0.0,0.0,0.0
120800070202,2004,0.0,0.0,0.0
120800070202,2005,0.0,0.0,0.0
120800070202,2006,0.0,0.0,0.0
120800070202,2007,0.0,0.0,0.0
120800070202,2008,0.0,0.0,0.0
120800070202,2009,0.0,0.0,0.0
120800070202,2010,0.0,0.0,0.0
120800070202,2011,0.0,0.0,0.0
120800070202,2012,0.0,0.0,0.0
120800070202,2013,0.0,0.0,0.0
120800070202,2014,0.0,0.0,0.0
120800070202,2015,0.0,0.0,0.0
120800070202,2016,0.0,0.0,0.0
120800070202,2017,0.0,0.0,0.0
120800070202,2018,0.0,0.0,0.0
120800070202,2019,0.0,0.0,0.0
120800070202,2020,0.0,0.0,0.0
120800070203,2000,0.0,0.0,0.0
120800070203,2001,0.0,0.0,0.0
120800070203,2002,0.0,0.0,0.0
120800070203,2003,0.0,0.0,0.0
120800070203,2004,0.0,0.0,0.0
120800070203,2005,0.0,0.0,0.0
120800070203,2006,0.0,0.0,0.0
120800070203,2007,0.0,0.0,0.0
120800070203,2008,0.0,0.0,0.0
120800070203,2009,0.0,0.0,0.0
120800070203,2010,0.0,0.0,0.0
120800070203,2011,0.0,0.0,0.0
120800070203,2012,0.0,0.0,0.0
120800070203,2013,0.0,0.0,0.0
120800070203,2014,0.0,0.0,0.0
120800070203,2015,0.0,0.0,0.0
120800070203,2016,0.0,0.0,0.0
120800070203,2017,0.0,0.0,0.0
120800070203,2018,0.0,0.0,0.0
120800070203,2019,0.0,0.0,0.0
120800070203,2020,0.0,0.0,0.0
120800070204,2000,0.0,0.0,0.0
120800070204,2001,0.0,0.0,0.0
120800070204,2002,0.0,0.0,0.0
120800070204,2003,0.0,0.0,0.0
120800070204,2004,0.0,0.0,0.0
120800070204,2005,0.0,0.0,0.0
120800070204,2006,0.0,0.0,0.0
120800070204,2007,0.0,0.0,0.0
120800070204,2008,0.0,0.0,0.0
120800070204,2009,0.0,0.0,0.0
120800070204,2010,0.0,0.0,0.0
120800070204,2011,0.0,0.0,0.0
120800070204,2012,0.0,0.0,0.0
120800070204,2013,0.0,0.0,0.0
120800070204,2014,0.0,0.0,0.0
120800070204,2015,0.0,0.0,0.0
120800070204,2016,0.0,0.0,0.0
120800070204,2017,0.0,0.0,0.0
120800070204,2018,0.0,0.0,0.0
120800070204,2019,0.0,0.0,0.0
120800070204,2020,0.0,0.0,0.0
120800070205,2000,0.0,0.0,0.0
120800070205,2001,0.0,0.0,0.0
120800070205,2002,0.0,0.0,0.0
120800070205,2003,0.0,0.0,0.0
120800070205,2004,0.0,0.0,0.0
120800070205,2005,0.0,0.0,0.0
120800070205,2006,0.0,0.0,0.0
120800070205,2007,0.0,0.0,0.0
120800070205,2008,0.0,0.0,0.0
120800070205,2009,0.0,0.0,0.0
120800070205,2010,0.0,0.0,0.0
120800070205,2011,0.0,0.0,0.0
120800070205,2012,0.0,0.0,0.0
120800070205,2013,0.0,0.0,0.0
120800070205,2014,0.0,0.0,0.0
120800070205,2015,0.0,0.0,0.0
120800070205,2016,0.0,0.0,0.0
120800070205,2017,0.0,0.0,0.0
120800070205,2018,0.0,0.0,0.0
120800070205,2019,0.0,0.0,0.0
120800070205,2020,0.0,0.0,0.0
120800070206,2000,0.0,0.0,0.0
120800070206,2001,0.0,0.0,0.0
120800070206,2002,0.0,0.0,0.0
120800070206,2003,0.0,0.0,0.0
120800070206,2004,0.0,0.0,0.0
120800070206,2005,0.0,0.0,0.0
120800070206,2006,0.0,0.0,0.0
120800070206,2007,0.0,0.0,0.0
120800070206,2008,0.0,0.0,0.0
120800070206,2009,0.0,0.0,0.0
120800070206,2010,0.0,0.0,0.0
120800070206,2011,0.0,0.0,0.0
120800070206,2012,0.0,0.0,0.0
120800070206,2013,0.0,0.0,0.0
120800070206,2014,0.0,0.0,0.0
120800070206,2015,0.0,0.0,0.0
120800070206,2016,0.0,0.0,0.0
120800070206,2017,0.0,0.0,0.0
120800070206,2018,0.0,0.0,0.0
120800070206,2019,0.0,0.0,0.0
120800070206,2020,0.0,0.0,0.0
120800070207,2000,0.0,0.0,0.0
120800070207,2001,0.0,0.0,0.0
120800070207,2002,0.0,0.0,0.0
120800070207,2003,0.0,0.0,0.0
120800070207,2004,0.0,0.0,0.0
120800070207,2005,0.0,0.0,0.0
120800070207,2006,0.0,0.0,0.0
120800070207,2007,0.0,0.0,0.0
120800070207,2008,0.0,0.0,0.0
120800070207,2009,0.0,0.0,0.0
120800070207,2010,0.0,0.0,0.0
120800070207,2011,0.0,0.0,0.0
120800070207,2012,0.0,0.0,0.0
120800070207,2013,0.0,0.0,0.0
120800070207,2014,0.0,0.0,0.0
120800070207,2015,0.0,0.0,0.0
120800070207,2016,0.0,0.0,0.0
120800070207,2017,0.0,0.0,0.0
120800070207,2018,0.0,0.0,0.0
120800070207,2019,0.0,0.0,0.0
120800070207,2020,0.0,0.0,0.0
120800080101,2000,0.0,0.0,0.0
120800080101,2001,0.0,0.0,0.0
120800080101,2002,0.0,0.0,0.0
120800080101,2003,0.0,0.0,0.0
120800080101,2004,0.0,0.0,0.0
120800080101,2005,0.0,0.0,0.0
120800080101,2006,0.0,0.0,0.0
120800080101,2007,0.0,0.0,0.0
120800080101,2008,0.0,0.0,0.0
120800080101,2009,0.0,0.0,0.0
120800080101,2010,0.0,0.0,0.0
120800080101,2011,0.0,0.0,0.0
120800080101,2012,0.0,0.0,0.0
120800080101,2013,0.0,0.0,0.0
120800080101,2014,0.0,0.0,0.0
120800080101,2015,0.0,0.0,0.0
120800080101,2016,0.0,0.0,0.0
120800080101,2017,0.0,0.0,0.0
120800080101,2018,0.0,0.0,0.0
120800080101,2019,0.0,0.0,0.0
120800080101,2020,0.0,0.0,0.0
120800080102,2000,0.0,0.0,0.0
120800080102,2001,0.0,0.0,0.0
120800080102,2002,0.0,0.0,0.0
120800080102,2003,0.0,0.0,0.0
120800080102,2004,0.0,0.0,0.0
120800080102,2005,0.0,0.0,0.0
120800080102,2006,0.008322252,0.000216411,0.008106011
120800080102,2007,0.003113463,8.0945e-05,0.003032436
120800080102,2008,0.0,0.0,0.0
120800080102,2009,0.0,0.0,0.0
120800080102,2010,0.0,0.0,0.0
120800080102,2011,0.0,0.0,0.0
120800080102,2012,0.003040593,7.903e-05,0.002961478
120800080102,2013,0.0,0.0,0.0
120800080102,2014,0.000113518,2.959e-06,0.000110474
120800080102,2015,0.0,0.0,0.0
120800080102,2016,0.0,0.0,0.0
120800080102,2017,0.0023068,5.9964e-05,0.002246499
120800080102,2018,0.125938258,0.003274351,0.12266374
120800080102,2019,0.002632786,6.8477e-05,0.002564395
120800080102,2020,0.0,0.0,0.0
120800080103,2000,0.0,0.0,0.0
120800080103,2001,0.0,0.0,0.0
120800080103,2002,0.0,0.0,0.0
120800080103,2003,0.0,0.0,0.0
120800080103,2004,0.0,0.0,0.0
120800080103,2005,0.0,0.0,0.0
120800080103,2006,0.0,0.0,0.0
120800080103,2007,0.0,0.0,0.0
120800080103,2008,0.0,0.0,0.0
120800080103,2009,0.0,0.0,0.0
120800080103,2010,0.0,0.0,0.0
120800080103,2011,0.0,0.0,0.0
120800080103,2012,0.0,0.0,0.0
120800080103,2013,0.0,0.0,0.0
120800080103,2014,0.0,0.0,0.0
120800080103,2015,0.0,0.0,0.0
120800080103,2016,0.0,0.0,0.0
120800080103,2017,0.0,0.0,0.0
120800080103,2018,0.0,0.0,0.0
120800080103,2019,0.0,0.0,0.0
120800080103,2020,0.0,0.0,0.0
120800080104,2000,0.0,0.0,0.0
120800080104,2001,0.0,0.0,0.0
120800080104,2002,0.0,0.0,0.0
120800080104,2003,0.0,0.0,0.0
120800080104,2004,0.0,0.0,0.0
120800080104,2005,0.0,0.0,0.0
120800080104,2006,0.0,0.0,0.0
120800080104,2007,0.0,0.0,0.0
120800080104,2008,0.0,0.0,0.0
120800080104,2009,0.0,0.0,0.0
120800080104,2010,0.0,0.0,0.0
120800080104,2011,0.0,0.0,0.0
120800080104,2012,0.0,0.0,0.0
120800080104,2013,0.0,0.0,0.0
120800080104,2014,0.0,0.0,0.0
120800080104,2015,0.0,0.0,0.0
120800080104,2016,0.0,0.0,0.0
120800080104,2017,0.0,0.0,0.0
120800080104,2018,0.0,0.0,0.0
120800080104,2019,0.0,0.0,0.0
120800080104,2020,0.0,0.0,0.0
120800080105,2000,0.0,0.0,0.0
120800080105,2001,0.0,0.0,0.0
120800080105,2002,0.0,0.0,0.0
120800080105,2003,0.0,0.0,0.0
120800080105,2004,0.0,0.0,0.0
120800080105,2005,0.0,0.0,0.0
120800080105,2006,0.0,0.0,0.0
120800080105,2007,0.0,0.0,0.0
120800080105,2008,0.0,0.0,0.0
120800080105,2009,0.0,0.0,0.0
120800080105,2010,0.0,0.0,0.0
120800080105,2011,0.0,0.0,0.0
120800080105,2012,0.0,0.0,0.0
120800080105,2013,0.0,0.0,0.0
120800080105,2014,0.0,0.0,0.0
120800080105,2015,0.0,0.0,0.0
120800080105,2016,0.0,0.0,0.0
120800080105,2017,0.0,0.0,0.0
120800080105,2018,0.130820564,0.0,0.130820564
120800080105,2019,0.0,0.0,0.0
120800080105,2020,0.0,0.0,0.0
120800080106,2000,0.0,0.0,0.0
120800080106,2001,0.0,0.0,0.0
120800080106,2002,0.0,0.0,0.0
120800080106,2003,0.0,0.0,0.0
120800080106,2004,0.0,0.0,0.0
120800080106,2005,0.0,0.0,0.0
120800080106,2006,0.0,0.0,0.0
120800080106,2007,0.0,0.0,0.0
120800080106,2008,0.0,0.0,0.0
120800080106,2009,0.0,0.0,0.0
120800080106,2010,0.0,0.0,0.0
120800080106,2011,0.0,0.0,0.0
120800080106,2012,0.0,0.0,0.0
120800080106,2013,0.0,0.0,0.0
120800080106,2014,0.0,0.0,0.0
120800080106,2015,0.0,0.0,0.0
120800080106,2016,0.0,0.0,0.0
120800080106,2017,0.0,0.0,0.0
120800080106,2018,0.0,0.0,0.0
120800080106,2019,0.0,0.0,0.0
120800080106,2020,0.0,0.0,0.0
120800080107,2000,0.0,0.0,0.0
120800080107,2001,0.0,0.0,0.0
120800080107,2002,0.0,0.0,0.0
120800080107,2003,0.0,0.0,0.0
120800080107,2004,0.0,0.0,0.0
120800080107,2005,0.0,0.0,0.0
120800080107,2006,0.0,0.0,0.0
120800080107,2007,0.0,0.0,0.0
120800080107,2008,0.0,0.0,0.0
120800080107,2009,0.0,0.0,0.0
120800080107,2010,0.0,0.0,0.0
120800080107,2011,0.0,0.0,0.0
120800080107,2012,0.0,0.0,0.0
120800080107,2013,0.0,0.0,0.0
120800080107,2014,0.0,0.0,0.0
120800080107,2015,0.0,0.0,0.0
120800080107,2016,0.0,0.0,0.0
120800080107,2017,0.0,0.0,0.0
120800080107,2018,0.0,0.0,0.0
120800080107,2019,0.0,0.0,0.0
120800080107,2020,0.0,0.0,0.0
120800080108,2000,0.0,0.0,0.0
120800080108,2001,0.0,0.0,0.0
120800080108,2002,0.0,0.0,0.0
120800080108,2003,0.0,0.0,0.0
120800080108,2004,0.0,0.0,0.0
120800080108,2005,0.0,0.0,0.0
120800080108,2006,0.0,0.0,0.0
120800080108,2007,0.0,0.0,0.0
120800080108,2008,0.0,0.0,0.0
120800080108,2009,0.0,0.0,0.0
120800080108,2010,0.0,0.0,0.0
120800080108,2011,0.0,0.0,0.0
120800080108,2012,0.0,0.0,0.0
120800080108,2013,0.0,0.0,0.0
120800080108,2014,0.0,0.0,0.0
120800080108,2015,0.0,0.0,0.0
120800080108,2016,0.0,0.0,0.0
120800080108,2017,0.0,0.0,0.0
120800080108,2018,0.0,0.0,0.0
120800080108,2019,0.0,0.0,0.0
120800080108,2020,0.0,0.0,0.0
120800080109,2000,0.0,0.0,0.0
120800080109,2001,0.0,0.0,0.0
120800080109,2002,0.0,0.0,0.0
120800080109,2003,0.0,0.0,0.0
120800080109,2004,0.0,0.0,0.0
120800080109,2005,0.0,0.0,0.0
120800080109,2006,0.0,0.0,0.0
120800080109,2007,0.0,0.0,0.0
120800080109,2008,0.0,0.0,0.0
120800080109,2009,0.0,0.0,0.0
120800080109,2010,0.0,0.0,0.0
120800080109,2011,0.0,0.0,0.0
120800080109,2012,0.0,0.0,0.0
120800080109,2013,0.0,0.0,0.0
120800080109,2014,0.0,0.0,0.0
120800080109,2015,0.0,0.0,0.0
120800080109,2016,0.0,0.0,0.0
120800080109,2017,0.0,0.0,0.0
120800080109,2018,0.0,0.0,0.0
120800080109,2019,0.0,0.0,0.0
120800080109,2020,0.0,0.0,0.0
120800080110,2000,0.0,0.0,0.0
120800080110,2001,0.0,0.0,0.0
120800080110,2002,0.0,0.0,0.0
120800080110,2003,0.0,0.0,0.0
120800080110,2004,0.0,0.0,0.0
120800080110,2005,0.0,0.0,0.0
120800080110,2006,0.0,0.0,0.0
120800080110,2007,0.0,0.0,0.0
120800080110,2008,0.0,0.0,0.0
120800080110,2009,0.0,0.0,0.0
120800080110,2010,0.0,0.0,0.0
120800080110,2011,0.0,0.0,0.0
120800080110,2012,0.0,0.0,0.0
120800080110,2013,0.0,0.0,0.0
120800080110,2014,0.0,0.0,0.0
120800080110,2015,0.0,0.0,0.0
120800080110,2016,0.0,0.0,0.0
120800080110,2017,0.0,0.0,0.0
120800080110,2018,0.0,0.0,0.0
120800080110,2019,0.0,0.0,0.0
120800080110,2020,0.0,0.0,0.0
120800080201,2000,0.0,0.0,0.0
120800080201,2001,0.0,0.0,0.0
120800080201,2002,0.0,0.0,0.0
120800080201,2003,0.0,0.0,0.0
120800080201,2004,0.0,0.0,0.0
120800080201,2005,0.0,0.0,0.0
120800080201,2006,0.0,0.0,0.0
120800080201,2007,0.0,0.0,0.0
120800080201,2008,0.0,0.0,0.0
120800080201,2009,0.0,0.0,0.0
120800080201,2010,0.0,0.0,0.0
120800080201,2011,0.0,0.0,0.0
120800080201,2012,0.0,0.0,0.0
120800080201,2013,0.0,0.0,0.0
120800080201,2014,0.0,0.0,0.0
120800080201,2015,0.0,0.0,0.0
120800080201,2016,0.0,0.0,0.0
120800080201,2017,0.0,0.0,0.0
120800080201,2018,0.0,0.0,0.0
120800080201,2019,0.0,0.0,0.0
120800080201,2020,0.0,0.0,0.0
120800080202,2000,0.0,0.0,0.0
120800080202,2001,0.0,0.0,0.0
120800080202,2002,0.0,0.0,0.0
120800080202,2003,0.0,0.0,0.0
120800080202,2004,0.0,0.0,0.0
120800080202,2005,0.0,0.0,0.0
120800080202,2006,0.0,0.0,0.0
120800080202,2007,0.0,0.0,0.0
120800080202,2008,0.0,0.0,0.0
120800080202,2009,0.0,0.0,0.0
120800080202,2010,0.0,0.0,0.0
120800080202,2011,0.0,0.0,0.0
120800080202,2012,0.0,0.0,0.0
120800080202,2013,0.0,0.0,0.0
120800080202,2014,0.0,0.0,0.0
120800080202,2015,0.0,0.0,0.0
120800080202,2016,0.0,0.0,0.0
120800080202,2017,0.0,0.0,0.0
120800080202,2018,0.0,0.0,0.0
120800080202,2019,0.0,0.0,0.0
120800080202,2020,0.0,0.0,0.0
120800080203,2000,0.0,0.0,0.0
120800080203,2001,0.0,0.0,0.0
120800080203,2002,0.0,0.0,0.0
120800080203,2003,0.0,0.0,0.0
120800080203,2004,0.0,0.0,0.0
120800080203,2005,0.0,0.0,0.0
120800080203,2006,0.0,0.0,0.0
120800080203,2007,0.0,0.0,0.0
120800080203,2008,0.0,0.0,0.0
120800080203,2009,0.0,0.0,0.0
120800080203,2010,0.0,0.0,0.0
120800080203,2011,0.0,0.0,0.0
120800080203,2012,0.0,0.0,0.0
120800080203,2013,0.0,0.0,0.0
120800080203,2014,0.0,0.0,0.0
120800080203,2015,0.0,0.0,0.0
120800080203,2016,0.0,0.0,0.0
120800080203,2017,0.0,0.0,0.0
120800080203,2018,0.0,0.0,0.0
120800080203,2019,0.0,0.0,0.0
120800080203,2020,0.0,0.0,0.0
120800080204,2000,0.0,0.0,0.0
120800080204,2001,0.0,0.0,0.0
120800080204,2002,0.0,0.0,0.0
120800080204,2003,0.0,0.0,0.0
120800080204,2004,0.0,0.0,0.0
120800080204,2005,0.0,0.0,0.0
120800080204,2006,0.0,0.0,0.0
120800080204,2007,0.0,0.0,0.0
120800080204,2008,0.0,0.0,0.0
120800080204,2009,0.0,0.0,0.0
120800080204,2010,0.0,0.0,0.0
120800080204,2011,0.0,0.0,0.0
120800080204,2012,0.0,0.0,0.0
120800080204,2013,0.0,0.0,0.0
120800080204,2014,0.0,0.0,0.0
120800080204,2015,0.0,0.0,0.0
120800080204,2016,0.0,0.0,0.0
120800080204,2017,0.0,0.0,0.0
120800080204,2018,0.0,0.0,0.0
120800080204,2019,0.0,0.0,0.0
120800080204,2020,0.0,0.0,0.0
120800080205,2000,0.0,0.0,0.0
120800080205,2001,0.0,0.0,0.0
120800080205,2002,0.0,0.0,0.0
120800080205,2003,0.0,0.0,0.0
120800080205,2004,0.0,0.0,0.0
120800080205,2005,0.0,0.0,0.0
120800080205,2006,0.0,0.0,0.0
120800080205,2007,0.0,0.0,0.0
120800080205,2008,0.0,0.0,0.0
120800080205,2009,0.0,0.0,0.0
120800080205,2010,0.0,0.0,0.0
120800080205,2011,0.0,0.0,0.0
120800080205,2012,0.0,0.0,0.0
120800080205,2013,0.0,0.0,0.0
120800080205,2014,0.0,0.0,0.0
120800080205,2015,0.0,0.0,0.0
120800080205,2016,0.0,0.0,0.0
120800080205,2017,0.0,0.0,0.0
120800080205,2018,0.0,0.0,0.0
120800080205,2019,0.0,0.0,0.0
120800080205,2020,0.0,0.0,0.0
120800080206,2000,0.0,0.0,0.0
120800080206,2001,0.0,0.0,0.0
120800080206,2002,0.0,0.0,0.0
120800080206,2003,0.0,0.0,0.0
120800080206,2004,0.0,0.0,0.0
120800080206,2005,0.0,0.0,0.0
120800080206,2006,0.0,0.0,0.0
120800080206,2007,0.0,0.0,0.0
120800080206,2008,0.0,0.0,0.0
120800080206,2009,0.0,0.0,0.0
120800080206,2010,0.0,0.0,0.0
120800080206,2011,0.0,0.0,0.0
120800080206,2012,0.0,0.0,0.0
120800080206,2013,0.0,0.0,0.0
120800080206,2014,0.0,0.0,0.0
120800080206,2015,0.0,0.0,0.0
120800080206,2016,0.0,0.0,0.0
120800080206,2017,0.0,0.0,0.0
120800080206,2018,0.0,0.0,0.0
120800080206,2019,0.0,0.0,0.0
120800080206,2020,0.0,0.0,0.0
120800080207,2000,0.0,0.0,0.0
120800080207,2001,0.0,0.0,0.0
120800080207,2002,0.0,0.0,0.0
120800080207,2003,0.0,0.0,0.0
120800080207,2004,0.0,0.0,0.0
120800080207,2005,0.0,0.0,0.0
120800080207,2006,0.0,0.0,0.0
120800080207,2007,0.0,0.0,0.0
120800080207,2008,0.0,0.0,0.0
120800080207,2009,0.0,0.0,0.0
120800080207,2010,0.0,0.0,0.0
120800080207,2011,0.0,0.0,0.0
120800080207,2012,0.0,0.0,0.0
120800080207,2013,0.0,0.0,0.0
120800080207,2014,0.0,0.0,0.0
120800080207,2015,0.0,0.0,0.0
120800080207,2016,0.0,0.0,0.0
120800080207,2017,0.0,0.0,0.0
120800080207,2018,0.0,0.0,0.0
120800080207,2019,0.0,0.0,0.0
120800080207,2020,0.0,0.0,0.0
120800080301,2000,0.0,0.0,0.0
120800080301,2001,0.18251126,0.004745175,0.17776617
120800080301,2002,0.0,0.0,0.0
120800080301,2003,0.0,0.0,0.0
120800080301,2004,0.0,0.0,0.0
120800080301,2005,0.0,0.0,0.0
120800080301,2006,0.0,0.0,0.0
120800080301,2007,0.0,0.0,0.0
120800080301,2008,0.0,0.0,0.0
120800080301,2009,0.0,0.0,0.0
120800080301,2010,0.0,0.0,0.0
120800080301,2011,0.0,0.0,0.0
120800080301,2012,0.0,0.0,0.0
120800080301,2013,0.0,0.0,0.0
120800080301,2014,0.0,0.0,0.0
120800080301,2015,0.0,0.0,0.0
120800080301,2016,0.0,0.0,0.0
120800080301,2017,0.0,0.0,0.0
120800080301,2018,0.0,0.0,0.0
120800080301,2019,0.0,0.0,0.0
120800080301,2020,0.0,0.0,0.0
120800080302,2000,0.0,0.0,0.0
120800080302,2001,0.0,0.0,0.0
120800080302,2002,0.0,0.0,0.0
120800080302,2003,0.0,0.0,0.0
120800080302,2004,0.0,0.0,0.0
120800080302,2005,0.0,0.0,0.0
120800080302,2006,0.0,0.0,0.0
120800080302,2007,0.0,0.0,0.0
120800080302,2008,0.0,0.0,0.0
120800080302,2009,0.0,0.0,0.0
120800080302,2010,0.0,0.0,0.0
120800080302,2011,0.0,0.0,0.0
120800080302,2012,0.0,0.0,0.0
120800080302,2013,0.0,0.0,0.0
120800080302,2014,0.0,0.0,0.0
120800080302,2015,0.0,0.0,0.0
120800080302,2016,0.0,0.0,0.0
120800080302,2017,0.0,0.0,0.0
120800080302,2018,0.0,0.0,0.0
120800080302,2019,0.0,0.0,0.0
120800080302,2020,0.0,0.0,0.0
120800080303,2000,0.0,0.0,0.0
120800080303,2001,0.0,0.0,0.0
120800080303,2002,0.0,0.0,0.0
120800080303,2003,0.0,0.0,0.0
120800080303,2004,0.0,0.0,0.0
120800080303,2005,0.0,0.0,0.0
120800080303,2006,0.0,0.0,0.0
120800080303,2007,0.0,0.0,0.0
120800080303,2008,0.0,0.0,0.0
120800080303,2009,0.0,0.0,0.0
120800080303,2010,0.0,0.0,0.0
120800080303,2011,0.0,0.0,0.0
120800080303,2012,0.0,0.0,0.0
120800080303,2013,0.0,0.0,0.0
120800080303,2014,0.0,0.0,0.0
120800080303,2015,0.0,0.0,0.0
120800080303,2016,0.0,0.0,0.0
120800080303,2017,0.0,0.0,0.0
120800080303,2018,0.0,0.0,0.0
120800080303,2019,0.0,0.0,0.0
120800080303,2020,0.0,0.0,0.0
120800080304,2000,0.0,0.0,0.0
120800080304,2001,0.0,0.0,0.0
120800080304,2002,0.0,0.0,0.0
120800080304,2003,0.0,0.0,0.0
120800080304,2004,0.0,0.0,0.0
120800080304,2005,0.0,0.0,0.0
120800080304,2006,0.0,0.0,0.0
120800080304,2007,0.0,0.0,0.0
120800080304,2008,0.0,0.0,0.0
120800080304,2009,0.0,0.0,0.0
120800080304,2010,0.0,0.0,0.0
120800080304,2011,0.0,0.0,0.0
120800080304,2012,0.0,0.0,0.0
120800080304,2013,0.0,0.0,0.0
120800080304,2014,0.0,0.0,0.0
120800080304,2015,0.0,0.0,0.0
120800080304,2016,0.0,0.0,0.0
120800080304,2017,0.0,0.0,0.0
120800080304,2018,0.0,0.0,0.0
120800080304,2019,0.0,0.0,0.0
120800080304,2020,0.0,0.0,0.0
120800080305,2000,0.0,0.0,0.0
120800080305,2001,0.0,0.0,0.0
120800080305,2002,0.0,0.0,0.0
120800080305,2003,0.0,0.0,0.0
120800080305,2004,0.0,0.0,0.0
120800080305,2005,0.0,0.0,0.0
120800080305,2006,0.0,0.0,0.0
120800080305,2007,0.0,0.0,0.0
120800080305,2008,0.0,0.0,0.0
120800080305,2009,0.0,0.0,0.0
120800080305,2010,0.0,0.0,0.0
120800080305,2011,0.0,0.0,0.0
120800080305,2012,0.0,0.0,0.0
120800080305,2013,0.0,0.0,0.0
120800080305,2014,0.0,0.0,0.0
120800080305,2015,0.0,0.0,0.0
120800080305,2016,0.0,0.0,0.0
120800080305,2017,0.0,0.0,0.0
120800080305,2018,0.0,0.0,0.0
120800080305,2019,0.0,0.0,0.0
120800080305,2020,0.0,0.0,0.0
120800080306,2000,0.0,0.0,0.0
120800080306,2001,0.0,0.0,0.0
120800080306,2002,0.0,0.0,0.0
120800080306,2003,0.0,0.0,0.0
120800080306,2004,0.0,0.0,0.0
120800080306,2005,0.0,0.0,0.0
120800080306,2006,0.0,0.0,0.0
120800080306,2007,0.0,0.0,0.0
120800080306,2008,0.0,0.0,0.0
120800080306,2009,0.0,0.0,0.0
120800080306,2010,0.0,0.0,0.0
120800080306,2011,0.0,0.0,0.0
120800080306,2012,0.0,0.0,0.0
120800080306,2013,0.0,0.0,0.0
120800080306,2014,0.0,0.0,0.0
120800080306,2015,0.0,0.0,0.0
120800080306,2016,0.0,0.0,0.0
120800080306,2017,0.0,0.0,0.0
120800080306,2018,0.0,0.0,0.0
120800080306,2019,0.0,0.0,0.0
120800080306,2020,0.0,0.0,0.0
120800080307,2000,0.0,0.0,0.0
120800080307,2001,0.0,0.0,0.0
120800080307,2002,0.035699704,0.005319247,0.030380455
120800080307,2003,0.0,0.0,0.0
120800080307,2004,0.0,0.0,0.0
120800080307,2005,0.237956315,0.035455441,0.202500784
120800080307,2006,0.0,0.0,0.0
120800080307,2007,0.036753501,0.005476263,0.031277323
120800080307,2008,0.134045325,0.01997274,0.114072503
120800080307,2009,0.0,0.0,0.0
120800080307,2010,0.083206337,0.012397795,0.07080871
120800080307,2011,0.0,0.0,0.0
120800080307,2012,0.0,0.0,0.0
120800080307,2013,0.0,0.0,0.0
120800080307,2014,0.0,0.0,0.0
120800080307,2015,0.0,0.0,0.0
120800080307,2016,0.0,0.0,0.0
120800080307,2017,0.0,0.0,0.0
120800080307,2018,0.000917077,0.000136627,0.000780364
120800080307,2019,0.168871499,0.025161915,0.143709501
120800080307,2020,0.222204929,0.033108552,0.189096546
120800080308,2000,0.0,0.0,0.0
120800080308,2001,0.0,0.0,0.0
120800080308,2002,0.0,0.0,0.0
120800080308,2003,0.0,0.0,0.0
120800080308,2004,0.004704724,0.000701033,0.004003855
120800080308,2005,0.0,0.0,0.0
120800080308,2006,0.0,0.0,0.0
120800080308,2007,0.0,0.0,0.0
120800080308,2008,0.0,0.0,0.0
120800080308,2009,0.020813438,0.003101252,0.017712271
120800080308,2010,0.0,0.0,0.0
120800080308,2011,0.003353458,0.000499551,0.002853904
120800080308,2012,0.0,0.0,0.0
120800080308,2013,0.000106444,1.58e-05,9.0562e-05
120800080308,2014,0.000247537,3.6989e-05,0.000210627
120800080308,2015,0.0,0.0,0.0
120800080308,2016,0.0,0.0,0.0
120800080308,2017,0.0,0.0,0.0
120800080308,2018,0.024336816,0.003626225,0.020710674
120800080308,2019,0.609802942,0.090860748,0.518942526
120800080308,2020,0.880437757,0.13118521,0.749252631
120800080401,2000,0.0,0.0,0.0
120800080401,2001,0.0,0.0,0.0
120800080401,2002,0.0,0.0,0.0
120800080401,2003,0.0,0.0,0.0
120800080401,2004,0.0,0.0,0.0
120800080401,2005,0.0,0.0,0.0
120800080401,2006,0.0,0.0,0.0
120800080401,2007,0.0,0.0,0.0
120800080401,2008,0.0,0.0,0.0
120800080401,2009,0.0,0.0,0.0
120800080401,2010,0.0,0.0,0.0
120800080401,2011,0.0,0.0,0.0
120800080401,2012,0.0,0.0,0.0
120800080401,2013,0.0,0.0,0.0
120800080401,2014,0.0,0.0,0.0
120800080401,2015,0.0,0.0,0.0
120800080401,2016,0.0,0.0,0.0
120800080401,2017,0.0,0.0,0.0
120800080401,2018,0.0,0.0,0.0
120800080401,2019,0.0,0.0,0.0
120800080401,2020,0.0,0.0,0.0
120800080402,2000,0.0,0.0,0.0
120800080402,2001,0.0,0.0,0.0
120800080402,2002,0.0,0.0,0.0
120800080402,2003,0.0,0.0,0.0
120800080402,2004,0.0,0.0,0.0
120800080402,2005,0.0,0.0,0.0
120800080402,2006,0.0,0.0,0.0
120800080402,2007,0.0,0.0,0.0
120800080402,2008,0.0,0.0,0.0
120800080402,2009,0.0,0.0,0.0
120800080402,2010,0.0,0.0,0.0
120800080402,2011,0.0,0.0,0.0
120800080402,2012,0.0,0.0,0.0
120800080402,2013,0.0,0.0,0.0
120800080402,2014,0.0,0.0,0.0
120800080402,2015,0.0,0.0,0.0
120800080402,2016,0.0,0.0,0.0
120800080402,2017,0.0,0.0,0.0
120800080402,2018,0.0,0.0,0.0
120800080402,2019,0.0,0.0,0.0
120800080402,2020,0.0,0.0,0.0
120800080403,2000,0.0,0.0,0.0
120800080403,2001,0.0,0.0,0.0
120800080403,2002,0.0,0.0,0.0
120800080403,2003,0.0,0.0,0.0
120800080403,2004,0.0,0.0,0.0
120800080403,2005,0.0,0.0,0.0
120800080403,2006,0.0,0.0,0.0
120800080403,2007,0.0,0.0,0.0
120800080403,2008,0.0,0.0,0.0
120800080403,2009,0.0,0.0,0.0
120800080403,2010,0.0,0.0,0.0
120800080403,2011,0.0,0.0,0.0
120800080403,2012,0.0,0.0,0.0
120800080403,2013,0.0,0.0,0.0
120800080403,2014,0.0,0.0,0.0
120800080403,2015,0.0,0.0,0.0
120800080403,2016,0.0,0.0,0.0
120800080403,2017,0.0,0.0,0.0
120800080403,2018,0.0,0.0,0.0
120800080403,2019,0.0,0.0,0.0
120800080403,2020,0.056383686,0.0,0.056383686
120800080404,2000,0.0,0.0,0.0
120800080404,2001,0.0,0.0,0.0
120800080404,2002,0.0,0.0,0.0
120800080404,2003,0.0,0.0,0.0
120800080404,2004,0.0,0.0,0.0
120800080404,2005,0.0,0.0,0.0
120800080404,2006,0.0,0.0,0.0
120800080404,2007,0.0,0.0,0.0
120800080404,2008,0.0,0.0,0.0
120800080404,2009,0.0,0.0,0.0
120800080404,2010,0.0,0.0,0.0
120800080404,2011,0.0,0.0,0.0
120800080404,2012,0.0,0.0,0.0
120800080404,2013,0.0,0.0,0.0
120800080404,2014,0.0,0.0,0.0
120800080404,2015,0.0,0.0,0.0
120800080404,2016,0.0,0.0,0.0
120800080404,2017,0.0,0.0,0.0
120800080404,2018,0.0,0.0,0.0
120800080404,2019,0.0,0.0,0.0
120800080404,2020,1.0423e-05,0.0,1.0423e-05
120800080405,2000,0.0,0.0,0.0
120800080405,2001,0.0,0.0,0.0
120800080405,2002,0.0,0.0,0.0
120800080405,2003,0.0,0.0,0.0
120800080405,2004,0.0,0.0,0.0
120800080405,2005,0.0,0.0,0.0
120800080405,2006,0.0,0.0,0.0
120800080405,2007,0.0,0.0,0.0
120800080405,2008,0.0,0.0,0.0
120800080405,2009,0.0,0.0,0.0
120800080405,2010,0.0,0.0,0.0
120800080405,2011,0.0,0.0,0.0
120800080405,2012,0.0,0.0,0.0
120800080405,2013,0.0,0.0,0.0
120800080405,2014,0.0,0.0,0.0
120800080405,2015,0.0,0.0,0.0
120800080405,2016,0.0,0.0,0.0
120800080405,2017,0.0,0.0,0.0
120800080405,2018,0.13676757,0.0,0.13676757
120800080405,2019,0.199736266,0.0,0.199736266
120800080405,2020,0.0,0.0,0.0
120800080406,2000,0.0,0.0,0.0
120800080406,2001,0.0,0.0,0.0
120800080406,2002,0.0,0.0,0.0
120800080406,2003,0.0,0.0,0.0
120800080406,2004,0.0,0.0,0.0
120800080406,2005,0.0,0.0,0.0
120800080406,2006,0.0,0.0,0.0
120800080406,2007,0.075251162,0.0,0.075251162
120800080406,2008,0.0,0.0,0.0
120800080406,2009,0.0,0.0,0.0
120800080406,2010,0.0,0.0,0.0
120800080406,2011,0.0,0.0,0.0
120800080406,2012,0.0,0.0,0.0
120800080406,2013,0.0,0.0,0.0
120800080406,2014,0.0,0.0,0.0
120800080406,2015,0.0,0.0,0.0
120800080406,2016,0.0,0.0,0.0
120800080406,2017,0.0,0.0,0.0
120800080406,2018,0.107851342,0.0,0.107851342
120800080406,2019,0.0,0.0,0.0
120800080406,2020,0.08204012,0.0,0.08204012
120800080407,2000,0.0,0.0,0.0
120800080407,2001,0.0,0.0,0.0
120800080407,2002,0.021258033,0.0,0.021258033
120800080407,2003,0.046366071,0.0,0.046366071
120800080407,2004,0.082542049,0.0,0.082542049
120800080407,2005,0.042077332,0.0,0.042077332
120800080407,2006,0.028024238,0.0,0.028024238
120800080407,2007,0.004579742,0.0,0.004579742
120800080407,2008,0.107248008,0.0,0.107248008
120800080407,2009,0.00349066,0.0,0.00349066
120800080407,2010,0.0,0.0,0.0
120800080407,2011,0.035204592,0.0,0.035204592
120800080407,2012,0.0,0.0,0.0
120800080407,2013,0.0,0.0,0.0
120800080407,2014,0.0,0.0,0.0
120800080407,2015,0.0,0.0,0.0
120800080407,2016,0.0,0.0,0.0
120800080407,2017,0.0,0.0,0.0
120800080407,2018,0.000340249,0.0,0.000340249
120800080407,2019,0.0,0.0,0.0
120800080407,2020,0.284992656,0.0,0.284992656
120800080408,2000,0.0,0.0,0.0
120800080408,2001,0.0,0.0,0.0
120800080408,2002,0.0,0.0,0.0
120800080408,2003,0.0,0.0,0.0
120800080408,2004,0.0,0.0,0.0
120800080408,2005,0.0,0.0,0.0
120800080408,2006,0.0,0.0,0.0
120800080408,2007,0.0,0.0,0.0
120800080408,2008,0.0,0.0,0.0
120800080408,2009,0.0,0.0,0.0
120800080408,2010,0.0,0.0,0.0
120800080408,2011,0.0,0.0,0.0
120800080408,2012,0.0,0.0,0.0
120800080408,2013,0.0,0.0,0.0
120800080408,2014,0.0,0.0,0.0
120800080408,2015,0.0,0.0,0.0
120800080408,2016,0.0,0.0,0.0
120800080408,2017,0.0,0.0,0.0
120800080408,2018,0.033289151,0.0,0.033289151
120800080408,2019,0.072173049,0.0,0.072173049
120800080408,2020,0.0,0.0,0.0
120800080409,2000,0.0,0.0,0.0
120800080409,2001,0.0,0.0,0.0
120800080409,2002,0.0,0.0,0.0
120800080409,2003,0.09918011,0.001586852,0.097593173
120800080409,2004,0.0,0.0,0.0
120800080409,2005,0.217660271,0.011971403,0.205688953
120800080409,2006,0.0,0.0,0.0
120800080409,2007,0.0,0.0,0.0
120800080409,2008,0.0,0.0,0.0
120800080409,2009,0.058248395,0.002912405,0.055335907
120800080409,2010,0.079806236,0.0,0.079806236
120800080409,2011,0.000110526,0.0,0.000110526
120800080409,2012,9.7596e-05,2.161e-06,9.5434e-05
120800080409,2013,0.0,0.0,0.0
120800080409,2014,5.346e-05,3.521e-06,4.994e-05
120800080409,2015,7.06e-05,0.0,7.06e-05
120800080409,2016,0.030960727,0.0,0.030960727
120800080409,2017,0.000130633,0.0,0.000130633
120800080409,2018,0.055265926,0.0,0.055265926
120800080409,2019,0.05121414,0.001075608,0.050138784
120800080409,2020,0.271365098,0.001899587,0.26946568
120901010101,2000,0.0,0.0,0.0
120901010101,2001,0.0,0.0,0.0
120901010101,2002,0.0,0.0,0.0
120901010101,2003,0.015709277,0.0,0.015709277
120901010101,2004,0.0,0.0,0.0
120901010101,2005,0.05325571,0.0,0.05325571
120901010101,2006,0.0,0.0,0.0
120901010101,2007,0.0,0.0,0.0
120901010101,2008,0.008480139,0.0,0.008480139
120901010101,2009,0.0,0.0,0.0
120901010101,2010,0.072763581,0.0,0.072763581
120901010101,2011,0.121734471,0.002069603,0.119664868
120901010101,2012,0.087910893,0.0,0.087910893
120901010101,2013,0.112161693,0.0,0.112161693
120901010101,2014,0.062821847,0.0,0.062821847
120901010101,2015,0.075617307,0.0,0.075617307
120901010101,2016,0.138434036,0.0,0.138434036
120901010101,2017,0.025866658,0.0,0.025866658
120901010101,2018,0.14681834,0.0,0.14681834
120901010101,2019,0.114445444,0.0,0.114445444
120901010101,2020,0.37508524,0.025505814,0.34957926
120901010102,2000,0.031274109,0.0,0.031274109
120901010102,2001,0.0,0.0,0.0
120901010102,2002,0.0,0.0,0.0
120901010102,2003,0.0,0.0,0.0
120901010102,2004,0.0,0.0,0.0
120901010102,2005,0.167578236,0.0,0.167578236
120901010102,2006,0.141874658,0.0,0.141874658
120901010102,2007,0.057356641,0.0,0.057356641
120901010102,2008,0.116585831,0.0,0.116585831
120901010102,2009,0.0,0.0,0.0
120901010102,2010,0.151486099,0.0,0.151486099
120901010102,2011,0.066286375,6.6181e-05,0.066220027
120901010102,2012,0.256436577,0.0,0.256436577
120901010102,2013,0.033402501,0.0,0.033402501
120901010102,2014,0.135669447,0.0,0.135669447
120901010102,2015,0.196517918,0.0,0.196517918
120901010102,2016,0.170925137,0.0,0.170925137
120901010102,2017,0.053290022,0.0,0.053290022
120901010102,2018,0.387813414,0.007756342,0.380057082
120901010102,2019,0.444488332,0.005778367,0.438709879
120901010102,2020,0.696336393,0.061277609,0.635058784
120901010103,2000,0.213698044,0.031841041,0.181857003
120901010103,2001,0.0,0.0,0.0
120901010103,2002,0.0,0.0,0.0
120901010103,2003,0.0,0.0,0.0
120901010103,2004,0.0,0.0,0.0
120901010103,2005,0.050192797,0.007478732,0.042714068
120901010103,2006,0.038532079,0.005741148,0.032790682
120901010103,2007,0.0,0.0,0.0
120901010103,2008,0.0,0.0,0.0
120901010103,2009,0.033976307,0.005062553,0.028913838
120901010103,2010,0.0,0.0,0.0
120901010103,2011,0.0,0.0,0.0
120901010103,2012,0.0,0.0,0.0
120901010103,2013,0.0,0.0,0.0
120901010103,2014,0.0,0.0,0.0
120901010103,2015,0.0,0.0,0.0
120901010103,2016,0.0,0.0,0.0
120901010103,2017,0.0,0.0,0.0
120901010103,2018,0.339940449,0.050651134,0.289289321
120901010103,2019,0.105790668,0.015762816,0.090027937
120901010103,2020,1.359982044,0.202637219,1.157344825
120901010104,2000,0.232417044,0.034630128,0.197786913
120901010104,2001,0.0,0.0,0.0
120901010104,2002,3.436e-06,4.16e-07,3.266e-06
120901010104,2003,0.278536332,0.038438118,0.240098381
120901010104,2004,0.004055538,0.000502888,0.00355265
120901010104,2005,0.277337104,0.041323288,0.236014074
120901010104,2006,0.071332819,0.010628548,0.060704186
120901010104,2007,0.28880763,0.043032323,0.24577531
120901010104,2008,0.348798809,0.047785437,0.30101329
120901010104,2009,0.315340652,0.045724416,0.269616236
120901010104,2010,0.545722036,0.074218211,0.471503742
120901010104,2011,0.507654499,0.071071636,0.436582945
120901010104,2012,0.131246601,0.018899388,0.112346962
120901010104,2013,0.385404586,0.057425367,0.327979468
120901010104,2014,0.03567083,0.005314953,0.030356044
120901010104,2015,0.19353251,0.028642838,0.164889589
120901010104,2016,0.284427473,0.042379648,0.242047828
120901010104,2017,0.266832427,0.039758126,0.227074463
120901010104,2018,0.77274766,0.115139381,0.657608195
120901010104,2019,0.750895581,0.111883414,0.639012164
120901010104,2020,2.577447546,0.376307385,2.201140331
120901010105,2000,0.565937992,0.08432474,0.481613257
120901010105,2001,0.0,0.0,0.0
120901010105,2002,0.0,0.0,0.0
120901010105,2003,0.234126299,0.034884753,0.199241545
120901010105,2004,0.0,0.0,0.0
120901010105,2005,0.32038663,0.047737553,0.272648986
120901010105,2006,0.62747337,0.093493608,0.53398009
120901010105,2007,0.294453192,0.043873553,0.250579723
120901010105,2008,0.409704634,0.061045833,0.348658637
120901010105,2009,0.526208214,0.07840489,0.447803159
120901010105,2010,0.091591038,0.013647216,0.077944162
120901010105,2011,0.383334389,0.057116699,0.326217614
120901010105,2012,0.071577579,0.010665003,0.060912492
120901010105,2013,0.384210173,0.057247348,0.326962825
120901010105,2014,0.084170227,0.012541326,0.071628737
120901010105,2015,0.197074162,0.029363995,0.16771
120901010105,2016,0.503190836,0.074975434,0.428215478
120901010105,2017,0.590911392,0.088045748,0.502865726
120901010105,2018,1.001586814,0.14923634,0.852350145
120901010105,2019,0.428301447,0.063816929,0.3644846
120901010105,2020,2.530904628,0.377104861,2.153799686
120901010201,2000,0.0,0.0,0.0
120901010201,2001,0.002093099,5.4337e-05,0.002038677
120901010201,2002,0.0,0.0,0.0
120901010201,2003,0.0,0.0,0.0
120901010201,2004,0.0,0.0,0.0
120901010201,2005,0.0,0.0,0.0
120901010201,2006,0.0,0.0,0.0
120901010201,2007,0.0,0.0,0.0
120901010201,2008,0.0,0.0,0.0
120901010201,2009,0.0,0.0,0.0
120901010201,2010,0.0,0.0,0.0
120901010201,2011,0.0,0.0,0.0
120901010201,2012,0.0,0.0,0.0
120901010201,2013,0.0,0.0,0.0
120901010201,2014,0.0,0.0,0.0
120901010201,2015,0.0,0.0,0.0
120901010201,2016,0.0,0.0,0.0
120901010201,2017,0.0,0.0,0.0
120901010201,2018,0.0,0.0,0.0
120901010201,2019,0.0,0.0,0.0
120901010201,2020,0.0,0.0,0.0
120901010202,2000,0.0,0.0,0.0
120901010202,2001,0.0,0.0,0.0
120901010202,2002,0.0,0.0,0.0
120901010202,2003,0.0,0.0,0.0
120901010202,2004,0.039669751,0.005910762,0.033758904
120901010202,2005,0.0,0.0,0.0
120901010202,2006,0.0,0.0,0.0
120901010202,2007,0.018533836,0.002761518,0.0157724
120901010202,2008,0.0,0.0,0.0
120901010202,2009,0.0,0.0,0.0
120901010202,2010,0.0,0.0,0.0
120901010202,2011,0.0,0.0,0.0
120901010202,2012,0.0,0.0,0.0
120901010202,2013,0.0,0.0,0.0
120901010202,2014,0.0,0.0,0.0
120901010202,2015,0.0,0.0,0.0
120901010202,2016,0.0,0.0,0.0
120901010202,2017,0.0,0.0,0.0
120901010202,2018,0.0,0.0,0.0
120901010202,2019,0.0,0.0,0.0
120901010202,2020,0.566307363,0.137046388,0.429260978
120901010203,2000,0.0,0.0,0.0
120901010203,2001,0.0,0.0,0.0
120901010203,2002,0.0,0.0,0.0
120901010203,2003,0.0,0.0,0.0
120901010203,2004,0.209448872,0.061159082,0.148289874
120901010203,2005,0.0,0.0,0.0
120901010203,2006,0.0,0.0,0.0
120901010203,2007,0.229977526,0.082791879,0.147185647
120901010203,2008,0.0,0.0,0.0
120901010203,2009,0.0,0.0,0.0
120901010203,2010,0.0,0.0,0.0
120901010203,2011,0.0,0.0,0.0
120901010203,2012,0.0,0.0,0.0
120901010203,2013,0.0,0.0,0.0
120901010203,2014,0.0,0.0,0.0
120901010203,2015,0.0,0.0,0.0
120901010203,2016,0.0,0.0,0.0
120901010203,2017,0.0,0.0,0.0
120901010203,2018,0.0,0.0,0.0
120901010203,2019,0.248443178,0.049688586,0.198754674
120901010203,2020,2.051274273,0.438972637,1.612301719
120901010204,2000,0.0,0.0,0.0
120901010204,2001,0.0,0.0,0.0
120901010204,2002,0.0,0.0,0.0
120901010204,2003,0.054106819,0.008061915,0.046044904
120901010204,2004,0.210590284,0.031377902,0.179212383
120901010204,2005,0.098664359,0.014701005,0.083963362
120901010204,2006,0.0,0.0,0.0
120901010204,2007,0.0,0.0,0.0
120901010204,2008,0.021924128,0.003266735,0.018657393
120901010204,2009,0.010915129,0.001626389,0.009288825
120901010204,2010,0.146668342,0.021853633,0.124814795
120901010204,2011,0.123734197,0.018436389,0.105297729
120901010204,2012,0.0,0.0,0.0
120901010204,2013,0.067784882,0.010099945,0.057684937
120901010204,2014,0.167606822,0.024973518,0.142633553
120901010204,2015,0.0,0.0,0.0
120901010204,2016,0.159914322,0.023827235,0.136087005
120901010204,2017,0.050020049,0.007453066,0.042567148
120901010204,2018,0.0,0.0,0.0
120901010204,2019,0.484163504,0.072140356,0.412023148
120901010204,2020,2.279643609,0.339666951,1.939976743
120901010205,2000,0.0,0.0,0.0
120901010205,2001,0.0,0.0,0.0
120901010205,2002,0.0,0.0,0.0
120901010205,2003,0.0,0.0,0.0
120901010205,2004,0.0,0.0,0.0
120901010205,2005,0.0,0.0,0.0
120901010205,2006,0.0,0.0,0.0
120901010205,2007,0.0,0.0,0.0
120901010205,2008,0.116554511,0.017366549,0.099187956
120901010205,2009,0.018538644,0.002762238,0.015776403
120901010205,2010,0.1079992,0.016091882,0.091907236
120901010205,2011,0.014934038,0.002225036,0.012708674
120901010205,2012,0.0,0.0,0.0
120901010205,2013,0.030294359,0.004513792,0.025780485
120901010205,2014,0.098394351,0.014660647,0.083733704
120901010205,2015,0.073980074,0.011022973,0.062957016
120901010205,2016,0.068157109,0.010155407,0.058001784
120901010205,2017,0.179297373,0.026715342,0.152581948
120901010205,2018,0.0,0.0,0.0
120901010205,2019,0.120967666,0.018024142,0.102943441
120901010205,2020,0.856437473,0.127609158,0.728828399
120901010206,2000,0.026179104,0.003900658,0.022278361
120901010206,2001,0.0,0.0,0.0
120901010206,2002,0.123694532,0.01843054,0.105263992
120901010206,2003,0.122281658,0.018219885,0.104061688
120901010206,2004,0.0,0.0,0.0
120901010206,2005,0.478263803,0.071261315,0.407002652
120901010206,2006,0.164009504,0.024437416,0.139572088
120901010206,2007,0.600626877,0.089493496,0.511133463
120901010206,2008,0.191123765,0.028477429,0.162646336
120901010206,2009,0.119201921,0.017761167,0.101440921
120901010206,2010,0.48147977,0.071740578,0.409739362
120901010206,2011,0.0,0.0,0.0
120901010206,2012,0.0,0.0,0.0
120901010206,2013,0.403710258,0.060152942,0.343557397
120901010206,2014,0.767957756,0.114425625,0.653531964
120901010206,2015,0.313853992,0.046764137,0.2670896
120901010206,2016,0.280267107,0.041759822,0.238507366
120901010206,2017,0.370782647,0.055246688,0.315536044
120901010206,2018,0.781191255,0.116397622,0.664793715
120901010206,2019,0.187978997,0.028008901,0.159970096
120901010206,2020,4.332636721,0.645562918,3.687073713
120901010301,2000,0.0,0.0,0.0
120901010301,2001,0.0,0.0,0.0
120901010301,2002,0.052424537,0.012581984,0.039842553
120901010301,2003,0.0,0.0,0.0
120901010301,2004,0.099883833,0.01977694,0.080106809
120901010301,2005,0.0,0.0,0.0
120901010301,2006,0.022537238,0.003358088,0.019179148
120901010301,2007,0.0,0.0,0.0
120901010301,2008,0.0,0.0,0.0
120901010301,2009,0.0,0.0,0.0
120901010301,2010,0.0,0.0,0.0
120901010301,2011,0.0,0.0,0.0
120901010301,2012,0.0,0.0,0.0
120901010301,2013,0.0,0.0,0.0
120901010301,2014,0.0,0.0,0.0
120901010301,2015,0.0,0.0,0.0
120901010301,2016,0.0,0.0,0.0
120901010301,2017,0.0,0.0,0.0
120901010301,2018,0.0,0.0,0.0
120901010301,2019,0.0,0.0,0.0
120901010301,2020,0.0,0.0,0.0
120901010302,2000,0.0,0.0,0.0
120901010302,2001,0.0,0.0,0.0
120901010302,2002,0.0,0.0,0.0
120901010302,2003,0.0,0.0,0.0
120901010302,2004,0.0,0.0,0.0
120901010302,2005,0.0,0.0,0.0
120901010302,2006,0.0,0.0,0.0
120901010302,2007,0.0,0.0,0.0
120901010302,2008,0.0,0.0,0.0
120901010302,2009,0.0,0.0,0.0
120901010302,2010,0.0,0.0,0.0
120901010302,2011,0.024054534,0.003584101,0.0204706
120901010302,2012,0.0,0.0,0.0
120901010302,2013,0.0,0.0,0.0
120901010302,2014,0.05339269,0.007955468,0.045437222
120901010302,2015,0.043673814,0.006507433,0.037166378
120901010302,2016,0.0,0.0,0.0
120901010302,2017,0.0,0.0,0.0
120901010302,2018,0.150311345,0.0223964,0.127914948
120901010302,2019,0.18473371,0.027525266,0.157208362
120901010302,2020,0.109114071,0.016257904,0.092856161
120901010303,2000,0.0,0.0,0.0
120901010303,2001,0.0,0.0,0.0
120901010303,2002,0.0,0.0,0.0
120901010303,2003,0.0,0.0,0.0
120901010303,2004,0.0,0.0,0.0
120901010303,2005,0.0,0.0,0.0
120901010303,2006,0.0,0.0,0.0
120901010303,2007,0.0,0.0,0.0
120901010303,2008,0.00227097,0.000338407,0.001932648
120901010303,2009,0.0,0.0,0.0
120901010303,2010,0.0,0.0,0.0
120901010303,2011,0.131916427,0.019655532,0.112260978
120901010303,2012,0.003812347,0.000568205,0.003244393
120901010303,2013,0.0,0.0,0.0
120901010303,2014,0.0,0.0,0.0
120901010303,2015,0.0,0.0,0.0
120901010303,2016,0.0,0.0,0.0
120901010303,2017,0.0,0.0,0.0
120901010303,2018,0.119462877,0.017800022,0.10166277
120901010303,2019,0.114883764,0.017117649,0.09776603
120901010303,2020,0.196719478,0.029311115,0.167408363
120901010304,2000,0.0,0.0,0.0
120901010304,2001,0.0,0.0,0.0
120901010304,2002,0.0,0.0,0.0
120901010304,2003,0.0,0.0,0.0
120901010304,2004,0.0,0.0,0.0
120901010304,2005,0.0,0.0,0.0
120901010304,2006,0.0,0.0,0.0
120901010304,2007,0.0,0.0,0.0
120901010304,2008,0.0,0.0,0.0
120901010304,2009,0.0,0.0,0.0
120901010304,2010,0.0,0.0,0.0
120901010304,2011,0.0,0.0,0.0
120901010304,2012,0.001026954,0.000244448,0.000782342
120901010304,2013,0.0,0.0,0.0
120901010304,2014,0.07035926,0.025329167,0.045029844
120901010304,2015,0.056005742,0.021002216,0.035003611
120901010304,2016,0.0,0.0,0.0
120901010304,2017,0.0,0.0,0.0
120901010304,2018,0.041009775,0.015378592,0.025631099
120901010304,2019,0.152959562,0.05674803,0.096211532
120901010304,2020,0.204567377,0.060142757,0.144424369
120901010305,2000,0.0,0.0,0.0
120901010305,2001,0.173110099,0.064916266,0.108193833
120901010305,2002,0.0,0.0,0.0
120901010305,2003,0.0,0.0,0.0
120901010305,2004,0.0,0.0,0.0
120901010305,2005,0.0,0.0,0.0
120901010305,2006,0.0,0.0,0.0
120901010305,2007,0.0,0.0,0.0
120901010305,2008,0.0,0.0,0.0
120901010305,2009,0.0,0.0,0.0
120901010305,2010,0.0,0.0,0.0
120901010305,2011,0.0,0.0,0.0
120901010305,2012,0.0,0.0,0.0
120901010305,2013,0.0,0.0,0.0
120901010305,2014,0.066983551,0.023578222,0.043405329
120901010305,2015,0.116942203,0.0438534,0.073088888
120901010305,2016,0.268161585,0.095733631,0.172427948
120901010305,2017,0.0,0.0,0.0
120901010305,2018,0.353892693,0.132709844,0.221183016
120901010305,2019,0.413447989,0.15297577,0.260472049
120901010305,2020,0.0,0.0,0.0
120901010306,2000,0.253067077,0.037707169,0.215360077
120901010306,2001,0.025169649,0.00375034,0.02141931
120901010306,2002,0.20274769,0.030209364,0.172538241
120901010306,2003,0.325715452,0.04853151,0.277183858
120901010306,2004,0.204971123,0.030540694,0.174430347
120901010306,2005,0.396220071,0.05903669,0.337183222
120901010306,2006,0.783655482,0.116764737,0.666890748
120901010306,2007,0.069994293,0.010429071,0.059565222
120901010306,2008,0.481771404,0.071783921,0.409987486
120901010306,2009,0.235085085,0.035027644,0.200057359
120901010306,2010,0.32762243,0.048815748,0.278806682
120901010306,2011,0.262797822,0.039156816,0.223641005
120901010306,2012,0.377858249,0.056300825,0.321557257
120901010306,2013,0.051386545,0.007656578,0.043729967
120901010306,2014,0.277024701,0.041276556,0.235748063
120901010306,2015,0.074656137,0.011123819,0.063532485
120901010306,2016,0.109730443,0.016349861,0.093380577
120901010306,2017,0.12961734,0.019313,0.110304425
120901010306,2018,0.64031794,0.097328405,0.542989704
120901010306,2019,0.090408567,0.013470863,0.076937704
120901010306,2020,1.383841563,0.215879221,1.167962342
120901010307,2000,0.0,0.0,0.0
120901010307,2001,0.000743068,0.000110701,0.000632449
120901010307,2002,0.230162211,0.034294186,0.195868025
120901010307,2003,0.320252449,0.04771771,0.27253474
120901010307,2004,0.17535324,0.026127675,0.149225648
120901010307,2005,0.224266134,0.033415564,0.190850318
120901010307,2006,0.277271452,0.04131354,0.235958082
120901010307,2007,0.000621408,9.2671e-05,0.000528819
120901010307,2008,0.204966617,0.030540003,0.17442653
120901010307,2009,0.174128351,0.025945203,0.148183315
120901010307,2010,0.249701948,0.037205573,0.212496293
120901010307,2011,0.549656247,0.081898833,0.467757408
120901010307,2012,0.010649022,0.001586852,0.009062342
120901010307,2013,0.0,0.0,0.0
120901010307,2014,0.193437811,0.028822268,0.16461554
120901010307,2015,0.063043499,0.009393452,0.053649964
120901010307,2016,0.0,0.0,0.0
120901010307,2017,0.165534959,0.024664742,0.140870384
120901010307,2018,1.071372244,0.159634532,0.911737795
120901010307,2019,0.157351526,0.02344546,0.133906318
120901010307,2020,2.317453645,0.345300533,1.972153027
120901010308,2000,0.0,0.0,0.0
120901010308,2001,0.0,0.0,0.0
120901010308,2002,0.0,0.0,0.0
120901010308,2003,0.0,0.0,0.0
120901010308,2004,0.0,0.0,0.0
120901010308,2005,0.0,0.0,0.0
120901010308,2006,0.0,0.0,0.0
120901010308,2007,0.0,0.0,0.0
120901010308,2008,0.140751697,0.020972057,0.119779724
120901010308,2009,0.0,0.0,0.0
120901010308,2010,0.0,0.0,0.0
120901010308,2011,0.0,0.0,0.0
120901010308,2012,0.233264183,0.034756325,0.198507943
120901010308,2013,0.0,0.0,0.0
120901010308,2014,0.0,0.0,0.0
120901010308,2015,0.0,0.0,0.0
120901010308,2016,0.0,0.0,0.0
120901010308,2017,0.0,0.0,0.0
120901010308,2018,0.340669896,0.050759795,0.289910019
120901010308,2019,0.273112537,0.04069377,0.232418855
120901010308,2020,1.235641727,0.184110601,1.051531041
120901010401,2000,0.150118784,0.022367746,0.127751038
120901010401,2001,0.036202668,0.005394164,0.030808507
120901010401,2002,0.006049811,0.000901378,0.005148433
120901010401,2003,0.13172223,0.019626619,0.112095696
120901010401,2004,0.318395626,0.047440839,0.270954787
120901010401,2005,0.158549855,0.023623866,0.134925989
120901010401,2006,0.352508474,0.052523767,0.299984622
120901010401,2007,0.223884233,0.033358882,0.190525521
120901010401,2008,0.414261167,0.061724842,0.352536243
120901010401,2009,0.539431008,0.08037529,0.4590558
120901010401,2010,0.506019452,0.075397016,0.430622603
120901010401,2011,0.579172225,0.086875811,0.492296499
120901010401,2012,0.293225888,0.043690642,0.249535251
120901010401,2013,0.63030551,0.096436767,0.53386891
120901010401,2014,0.443748405,0.07011217,0.373636153
120901010401,2015,0.027291274,0.004066416,0.02322503
120901010401,2016,0.294678284,0.044201716,0.250476314
120901010401,2017,0.199750159,0.029762838,0.169987321
120901010401,2018,0.362129655,0.0651834,0.296946342
120901010401,2019,0.468455386,0.070736781,0.397718773
120901010401,2020,2.313565191,0.437263689,1.876301251
120901010402,2000,0.0,0.0,0.0
120901010402,2001,0.0,0.0,0.0
120901010402,2002,0.0,0.0,0.0
120901010402,2003,0.0,0.0,0.0
120901010402,2004,0.0,0.0,0.0
120901010402,2005,0.0,0.0,0.0
120901010402,2006,0.0,0.0,0.0
120901010402,2007,0.0,0.0,0.0
120901010402,2008,0.0,0.0,0.0
120901010402,2009,0.0,0.0,0.0
120901010402,2010,0.0,0.0,0.0
120901010402,2011,0.0,0.0,0.0
120901010402,2012,0.0,0.0,0.0
120901010402,2013,0.0,0.0,0.0
120901010402,2014,0.0,0.0,0.0
120901010402,2015,0.0,0.0,0.0
120901010402,2016,0.0,0.0,0.0
120901010402,2017,0.0,0.0,0.0
120901010402,2018,0.0,0.0,0.0
120901010402,2019,0.0,0.0,0.0
120901010402,2020,0.082810803,0.012338866,0.070472025
120901010403,2000,0.0,0.0,0.0
120901010403,2001,0.002593844,0.000386474,0.002207285
120901010403,2002,0.038965644,0.005805907,0.033159816
120901010403,2003,0.159413792,0.023752658,0.135661134
120901010403,2004,0.099001918,0.014751238,0.084250429
120901010403,2005,0.066620674,0.009926479,0.056694195
120901010403,2006,0.0,0.0,0.0
120901010403,2007,0.0,0.0,0.0
120901010403,2008,0.259173612,0.038616828,0.220556784
120901010403,2009,0.138444844,0.020628348,0.11781666
120901010403,2010,0.056963216,0.008487542,0.048475674
120901010403,2011,0.557243712,0.083029414,0.474214463
120901010403,2012,0.0,0.0,0.0
120901010403,2013,0.024145877,0.003597792,0.02054817
120901010403,2014,0.0,0.0,0.0
120901010403,2015,0.046343545,0.00690517,0.039438288
120901010403,2016,0.0,0.0,0.0
120901010403,2017,0.0,0.0,0.0
120901010403,2018,0.520900622,0.077614178,0.443286526
120901010403,2019,0.027250605,0.004060304,0.023190216
120901010403,2020,0.87071765,0.129736918,0.74098065
120901010404,2000,0.0,0.0,0.0
120901010404,2001,0.038404301,0.005722274,0.03268211
120901010404,2002,0.102645225,0.015294173,0.087351134
120901010404,2003,0.082330942,0.012267408,0.070063619
120901010404,2004,0.014320566,0.002133801,0.012186765
120901010404,2005,0.003560151,0.00053051,0.003029641
120901010404,2006,0.0,0.0,0.0
120901010404,2007,0.02712583,0.004041729,0.023084101
120901010404,2008,0.101050781,0.015056617,0.085994249
120901010404,2009,0.04038269,0.006017047,0.034365644
120901010404,2010,0.0,0.0,0.0
120901010404,2011,0.091755888,0.013671521,0.078084282
120901010404,2012,0.056004404,0.00834473,0.047659842
120901010404,2013,0.021584899,0.00321614,0.018368759
120901010404,2014,0.01148797,0.001711729,0.009776159
120901010404,2015,0.0,0.0,0.0
120901010404,2016,0.031379954,0.004675727,0.026704227
120901010404,2017,0.0,0.0,0.0
120901010404,2018,0.080605838,0.012010241,0.068595512
120901010404,2019,0.136216408,0.020296282,0.115920123
120901010404,2020,1.716656292,0.255781776,1.460874598
120901010405,2000,0.0,0.0,0.0
120901010405,2001,0.0,0.0,0.0
120901010405,2002,0.0,0.0,0.0
120901010405,2003,0.067713679,0.0100894,0.057624364
120901010405,2004,0.0,0.0,0.0
120901010405,2005,0.0,0.0,0.0
120901010405,2006,0.087872652,0.013092932,0.074779636
120901010405,2007,0.0,0.0,0.0
120901010405,2008,0.0,0.0,0.0
120901010405,2009,0.0,0.0,0.0
120901010405,2010,0.0,0.0,0.0
120901010405,2011,0.0,0.0,0.0
120901010405,2012,0.0,0.0,0.0
120901010405,2013,0.0,0.0,0.0
120901010405,2014,0.0,0.0,0.0
120901010405,2015,0.0,0.0,0.0
120901010405,2016,0.0,0.0,0.0
120901010405,2017,0.0,0.0,0.0
120901010405,2018,0.457370356,0.068148241,0.389222038
120901010405,2019,0.0,0.0,0.0
120901010405,2020,0.595092765,0.088668811,0.506424038
120901010501,2000,0.0,0.0,0.0
120901010501,2001,0.0,0.0,0.0
120901010501,2002,0.0,0.0,0.0
120901010501,2003,0.0,0.0,0.0
120901010501,2004,0.0,0.0,0.0
120901010501,2005,0.0,0.0,0.0
120901010501,2006,0.0,0.0,0.0
120901010501,2007,0.0,0.0,0.0
120901010501,2008,0.0,0.0,0.0
120901010501,2009,0.0,0.0,0.0
120901010501,2010,0.0,0.0,0.0
120901010501,2011,0.0,0.0,0.0
120901010501,2012,0.0,0.0,0.0
120901010501,2013,0.0,0.0,0.0
120901010501,2014,0.0,0.0,0.0
120901010501,2015,0.0,0.0,0.0
120901010501,2016,0.0,0.0,0.0
120901010501,2017,0.0,0.0,0.0
120901010501,2018,0.0,0.0,0.0
120901010501,2019,0.0,0.0,0.0
120901010501,2020,0.0,0.0,0.0
120901010502,2000,0.0,0.0,0.0
120901010502,2001,0.0,0.0,0.0
120901010502,2002,0.0,0.0,0.0
120901010502,2003,0.0,0.0,0.0
120901010502,2004,0.0,0.0,0.0
120901010502,2005,0.0,0.0,0.0
120901010502,2006,0.0,0.0,0.0
120901010502,2007,0.0,0.0,0.0
120901010502,2008,0.0,0.0,0.0
120901010502,2009,0.0,0.0,0.0
120901010502,2010,0.0,0.0,0.0
120901010502,2011,0.0,0.0,0.0
120901010502,2012,0.0,0.0,0.0
120901010502,2013,0.0,0.0,0.0
120901010502,2014,0.0,0.0,0.0
120901010502,2015,0.0,0.0,0.0
120901010502,2016,0.0,0.0,0.0
120901010502,2017,0.0,0.0,0.0
120901010502,2018,0.0,0.0,0.0
120901010502,2019,0.0,0.0,0.0
120901010502,2020,0.739904232,0.110245847,0.629658549
120901010503,2000,0.0,0.0,0.0
120901010503,2001,0.0,0.0,0.0
120901010503,2002,0.0,0.0,0.0
120901010503,2003,0.0,0.0,0.0
120901010503,2004,0.0,0.0,0.0
120901010503,2005,0.0,0.0,0.0
120901010503,2006,0.0,0.0,0.0
120901010503,2007,0.0,0.0,0.0
120901010503,2008,0.0,0.0,0.0
120901010503,2009,0.0,0.0,0.0
120901010503,2010,0.0,0.0,0.0
120901010503,2011,0.0,0.0,0.0
120901010503,2012,0.0,0.0,0.0
120901010503,2013,0.0,0.0,0.0
120901010503,2014,0.0,0.0,0.0
120901010503,2015,0.0,0.0,0.0
120901010503,2016,0.0,0.0,0.0
120901010503,2017,0.0,0.0,0.0
120901010503,2018,0.0,0.0,0.0
120901010503,2019,0.0,0.0,0.0
120901010503,2020,0.0,0.0,0.0
120901010504,2000,0.0,0.0,0.0
120901010504,2001,0.0,0.0,0.0
120901010504,2002,0.0,0.0,0.0
120901010504,2003,0.0,0.0,0.0
120901010504,2004,0.0,0.0,0.0
120901010504,2005,0.236732559,0.035273142,0.201459334
120901010504,2006,0.0,0.0,0.0
120901010504,2007,0.0,0.0,0.0
120901010504,2008,0.0,0.0,0.0
120901010504,2009,0.0,0.0,0.0
120901010504,2010,0.0,0.0,0.0
120901010504,2011,0.0,0.0,0.0
120901010504,2012,0.0,0.0,0.0
120901010504,2013,0.0,0.0,0.0
120901010504,2014,0.0,0.0,0.0
120901010504,2015,0.0,0.0,0.0
120901010504,2016,0.0,0.0,0.0
120901010504,2017,0.0,0.0,0.0
120901010504,2018,0.0,0.0,0.0
120901010504,2019,0.0,0.0,0.0
120901010504,2020,0.007249552,0.001080052,0.006169249
120901010505,2000,0.0,0.0,0.0
120901010505,2001,0.0,0.0,0.0
120901010505,2002,0.0,0.0,0.0
120901010505,2003,0.0,0.0,0.0
120901010505,2004,0.0,0.0,0.0
120901010505,2005,0.0,0.0,0.0
120901010505,2006,0.0,0.0,0.0
120901010505,2007,0.0,0.0,0.0
120901010505,2008,0.0,0.0,0.0
120901010505,2009,0.0,0.0,0.0
120901010505,2010,0.0,0.0,0.0
120901010505,2011,0.0,0.0,0.0
120901010505,2012,0.0,0.0,0.0
120901010505,2013,0.0,0.0,0.0
120901010505,2014,0.0,0.0,0.0
120901010505,2015,0.0,0.0,0.0
120901010505,2016,0.0,0.0,0.0
120901010505,2017,0.0,0.0,0.0
120901010505,2018,0.0,0.0,0.0
120901010505,2019,0.0,0.0,0.0
120901010505,2020,0.0,0.0,0.0
120901020101,2000,0.0,0.0,0.0
120901020101,2001,0.0,0.0,0.0
120901020101,2002,0.0,0.0,0.0
120901020101,2003,0.0,0.0,0.0
120901020101,2004,0.0,0.0,0.0
120901020101,2005,0.0,0.0,0.0
120901020101,2006,0.0,0.0,0.0
120901020101,2007,0.0,0.0,0.0
120901020101,2008,0.0,0.0,0.0
120901020101,2009,0.0,0.0,0.0
120901020101,2010,0.0,0.0,0.0
120901020101,2011,0.0,0.0,0.0
120901020101,2012,0.0,0.0,0.0
120901020101,2013,0.0,0.0,0.0
120901020101,2014,0.0,0.0,0.0
120901020101,2015,0.0,0.0,0.0
120901020101,2016,0.0,0.0,0.0
120901020101,2017,0.0,0.0,0.0
120901020101,2018,0.0,0.0,0.0
120901020101,2019,0.0,0.0,0.0
120901020101,2020,0.0,0.0,0.0
120901020102,2000,0.0,0.0,0.0
120901020102,2001,0.0,0.0,0.0
120901020102,2002,0.0,0.0,0.0
120901020102,2003,0.0,0.0,0.0
120901020102,2004,0.0,0.0,0.0
120901020102,2005,0.0,0.0,0.0
120901020102,2006,0.0,0.0,0.0
120901020102,2007,0.0,0.0,0.0
120901020102,2008,0.0,0.0,0.0
120901020102,2009,0.0,0.0,0.0
120901020102,2010,0.0,0.0,0.0
120901020102,2011,0.0,0.0,0.0
120901020102,2012,0.0,0.0,0.0
120901020102,2013,0.0,0.0,0.0
120901020102,2014,0.0,0.0,0.0
120901020102,2015,0.0,0.0,0.0
120901020102,2016,0.0,0.0,0.0
120901020102,2017,0.0,0.0,0.0
120901020102,2018,0.0,0.0,0.0
120901020102,2019,0.0,0.0,0.0
120901020102,2020,0.0,0.0,0.0
120901020103,2000,0.0,0.0,0.0
120901020103,2001,0.0,0.0,0.0
120901020103,2002,0.0,0.0,0.0
120901020103,2003,0.0,0.0,0.0
120901020103,2004,0.0,0.0,0.0
120901020103,2005,0.0,0.0,0.0
120901020103,2006,0.0,0.0,0.0
120901020103,2007,0.0,0.0,0.0
120901020103,2008,0.0,0.0,0.0
120901020103,2009,0.0,0.0,0.0
120901020103,2010,0.0,0.0,0.0
120901020103,2011,0.0,0.0,0.0
120901020103,2012,0.0,0.0,0.0
120901020103,2013,0.0,0.0,0.0
120901020103,2014,0.0,0.0,0.0
120901020103,2015,0.0,0.0,0.0
120901020103,2016,0.0,0.0,0.0
120901020103,2017,0.0,0.0,0.0
120901020103,2018,0.0,0.0,0.0
120901020103,2019,0.0,0.0,0.0
120901020103,2020,0.0,0.0,0.0
120901020104,2000,0.0,0.0,0.0
120901020104,2001,0.0,0.0,0.0
120901020104,2002,0.0,0.0,0.0
120901020104,2003,0.0,0.0,0.0
120901020104,2004,0.0,0.0,0.0
120901020104,2005,0.0,0.0,0.0
120901020104,2006,0.0,0.0,0.0
120901020104,2007,0.0,0.0,0.0
120901020104,2008,0.0,0.0,0.0
120901020104,2009,0.0,0.0,0.0
120901020104,2010,0.0,0.0,0.0
120901020104,2011,0.0,0.0,0.0
120901020104,2012,0.0,0.0,0.0
120901020104,2013,0.0,0.0,0.0
120901020104,2014,0.0,0.0,0.0
120901020104,2015,0.0,0.0,0.0
120901020104,2016,0.0,0.0,0.0
120901020104,2017,0.0,0.0,0.0
120901020104,2018,0.0,0.0,0.0
120901020104,2019,0.0,0.0,0.0
120901020104,2020,0.0,0.0,0.0
120901020105,2000,0.0,0.0,0.0
120901020105,2001,0.0,0.0,0.0
120901020105,2002,0.0,0.0,0.0
120901020105,2003,0.0,0.0,0.0
120901020105,2004,0.0,0.0,0.0
120901020105,2005,0.0,0.0,0.0
120901020105,2006,0.0,0.0,0.0
120901020105,2007,0.0,0.0,0.0
120901020105,2008,0.0,0.0,0.0
120901020105,2009,0.0,0.0,0.0
120901020105,2010,0.0,0.0,0.0
120901020105,2011,0.0,0.0,0.0
120901020105,2012,0.0,0.0,0.0
120901020105,2013,0.0,0.0,0.0
120901020105,2014,0.0,0.0,0.0
120901020105,2015,0.0,0.0,0.0
120901020105,2016,0.0,0.0,0.0
120901020105,2017,0.0,0.0,0.0
120901020105,2018,0.0,0.0,0.0
120901020105,2019,0.0,0.0,0.0
120901020105,2020,0.0,0.0,0.0
120901020201,2000,0.0,0.0,0.0
120901020201,2001,0.0,0.0,0.0
120901020201,2002,0.0,0.0,0.0
120901020201,2003,0.0,0.0,0.0
120901020201,2004,0.0,0.0,0.0
120901020201,2005,0.0,0.0,0.0
120901020201,2006,0.0,0.0,0.0
120901020201,2007,0.0,0.0,0.0
120901020201,2008,0.0,0.0,0.0
120901020201,2009,0.0,0.0,0.0
120901020201,2010,0.0,0.0,0.0
120901020201,2011,0.0,0.0,0.0
120901020201,2012,0.0,0.0,0.0
120901020201,2013,0.0,0.0,0.0
120901020201,2014,0.0,0.0,0.0
120901020201,2015,0.0,0.0,0.0
120901020201,2016,0.0,0.0,0.0
120901020201,2017,0.0,0.0,0.0
120901020201,2018,0.0,0.0,0.0
120901020201,2019,0.0,0.0,0.0
120901020201,2020,0.0,0.0,0.0
120901020202,2000,0.0,0.0,0.0
120901020202,2001,0.0,0.0,0.0
120901020202,2002,0.0,0.0,0.0
120901020202,2003,0.088449652,0.076066811,0.012382929
120901020202,2004,0.0,0.0,0.0
120901020202,2005,0.076236447,0.065563395,0.010673137
120901020202,2006,0.0,0.0,0.0
120901020202,2007,0.011960668,0.010286123,0.00167446
120901020202,2008,0.0,0.0,0.0
120901020202,2009,0.0,0.0,0.0
120901020202,2010,0.302677838,0.260302953,0.04237497
120901020202,2011,0.043338852,0.037271364,0.006067403
120901020202,2012,0.0,0.0,0.0
120901020202,2013,0.072943142,0.062730984,0.010211995
120901020202,2014,0.0,0.0,0.0
120901020202,2015,0.0,0.0,0.0
120901020202,2016,0.0,0.0,0.0
120901020202,2017,0.0,0.0,0.0
120901020202,2018,0.0,0.0,0.0
120901020202,2019,0.0,0.0,0.0
120901020202,2020,0.0,0.0,0.0
120901020203,2000,0.630180719,0.541955511,0.088225292
120901020203,2001,0.502960953,0.432546518,0.070414518
120901020203,2002,0.250314811,0.215270674,0.035044134
120901020203,2003,0.325569271,0.279989493,0.045579611
120901020203,2004,0.288849825,0.24841091,0.040438995
120901020203,2005,0.059735784,0.051372912,0.008362948
120901020203,2006,0.445749468,0.383344397,0.062404822
120901020203,2007,0.194600849,0.167356767,0.027244082
120901020203,2008,0.303264139,0.260807142,0.042456913
120901020203,2009,0.249018622,0.214156137,0.034862649
120901020203,2010,0.493976751,0.424820022,0.069156726
120901020203,2011,0.202230915,0.1739186,0.028312312
120901020203,2012,0.179058041,0.153989713,0.025068077
120901020203,2013,0.219876197,0.189093477,0.030782636
120901020203,2014,0.0,0.0,0.0
120901020203,2015,0.340989888,0.293251063,0.047738493
120901020203,2016,0.0,0.0,0.0
120901020203,2017,0.150970055,0.129834348,0.021135792
120901020203,2018,0.0,0.0,0.0
120901020203,2019,0.0,0.0,0.0
120901020203,2020,0.0,0.0,0.0
120901020204,2000,0.0,0.0,0.0
120901020204,2001,0.011149871,0.009588956,0.001561079
120901020204,2002,0.0,0.0,0.0
120901020204,2003,0.0,0.0,0.0
120901020204,2004,0.007751571,0.006666423,0.001085227
120901020204,2005,0.006000529,0.005160537,0.00083991
120901020204,2006,0.0,0.0,0.0
120901020204,2007,0.019462378,0.016737677,0.002724701
120901020204,2008,0.0,0.0,0.0
120901020204,2009,0.0,0.0,0.0
120901020204,2010,0.093682405,0.080566877,0.013115444
120901020204,2011,0.0,0.0,0.0
120901020204,2012,0.056704686,0.048766128,0.007938642
120901020204,2013,0.0,0.0,0.0
120901020204,2014,0.0,0.0,0.0
120901020204,2015,0.025525627,0.021952085,0.003573625
120901020204,2016,0.0,0.0,0.0
120901020204,2017,0.0,0.0,0.0
120901020204,2018,0.0,0.0,0.0
120901020204,2019,0.0,0.0,0.0
120901020204,2020,0.0,0.0,0.0
120901020205,2000,0.0,0.0,0.0
120901020205,2001,0.097383838,0.0404144,0.056969605
120901020205,2002,0.127422436,0.098242696,0.02917974
120901020205,2003,0.373619049,0.255181899,0.118437233
120901020205,2004,0.228778557,0.188513415,0.040264973
120901020205,2005,0.146662403,0.100757088,0.045905392
120901020205,2006,0.303070096,0.260640247,0.042429849
120901020205,2007,0.18208737,0.120359797,0.06172774
120901020205,2008,0.371511986,0.239625216,0.131886689
120901020205,2009,0.228099222,0.126595066,0.101504241
120901020205,2010,0.452159751,0.38885726,0.063302318
120901020205,2011,0.238834981,0.177931992,0.06090291
120901020205,2012,0.0,0.0,0.0
120901020205,2013,0.0,0.0,0.0
120901020205,2014,0.0,0.0,0.0
120901020205,2015,0.0,0.0,0.0
120901020205,2016,0.0,0.0,0.0
120901020205,2017,0.221391436,0.190396753,0.030994852
120901020205,2018,0.0,0.0,0.0
120901020205,2019,0.097846753,0.048140685,0.049705901
120901020205,2020,0.0,0.0,0.0
120901020301,2000,0.0,0.0,0.0
120901020301,2001,0.0,0.0,0.0
120901020301,2002,0.0,0.0,0.0
120901020301,2003,0.0,0.0,0.0
120901020301,2004,0.0,0.0,0.0
120901020301,2005,0.0,0.0,0.0
120901020301,2006,0.0,0.0,0.0
120901020301,2007,0.0,0.0,0.0
120901020301,2008,0.0,0.0,0.0
120901020301,2009,0.0,0.0,0.0
120901020301,2010,0.0,0.0,0.0
120901020301,2011,0.0,0.0,0.0
120901020301,2012,0.0,0.0,0.0
120901020301,2013,0.0,0.0,0.0
120901020301,2014,0.0,0.0,0.0
120901020301,2015,0.0,0.0,0.0
120901020301,2016,0.0,0.0,0.0
120901020301,2017,0.0,0.0,0.0
120901020301,2018,0.0,0.0,0.0
120901020301,2019,0.0,0.0,0.0
120901020301,2020,0.0,0.0,0.0
120901020302,2000,0.0,0.0,0.0
120901020302,2001,0.0,0.0,0.0
120901020302,2002,0.0,0.0,0.0
120901020302,2003,0.0,0.0,0.0
120901020302,2004,0.0,0.0,0.0
120901020302,2005,0.0,0.0,0.0
120901020302,2006,0.0,0.0,0.0
120901020302,2007,0.0,0.0,0.0
120901020302,2008,0.0,0.0,0.0
120901020302,2009,0.0,0.0,0.0
120901020302,2010,0.0,0.0,0.0
120901020302,2011,0.0,0.0,0.0
120901020302,2012,0.0,0.0,0.0
120901020302,2013,0.0,0.0,0.0
120901020302,2014,0.0,0.0,0.0
120901020302,2015,0.0,0.0,0.0
120901020302,2016,0.0,0.0,0.0
120901020302,2017,0.0,0.0,0.0
120901020302,2018,0.0,0.0,0.0
120901020302,2019,0.0,0.0,0.0
120901020302,2020,0.0,0.0,0.0
120901020303,2000,0.0,0.0,0.0
120901020303,2001,0.0,0.0,0.0
120901020303,2002,0.0,0.0,0.0
120901020303,2003,0.0,0.0,0.0
120901020303,2004,0.0,0.0,0.0
120901020303,2005,0.0,0.0,0.0
120901020303,2006,0.0,0.0,0.0
120901020303,2007,0.0,0.0,0.0
120901020303,2008,0.0,0.0,0.0
120901020303,2009,0.0,0.0,0.0
120901020303,2010,0.0,0.0,0.0
120901020303,2011,0.0,0.0,0.0
120901020303,2012,0.0,0.0,0.0
120901020303,2013,0.0,0.0,0.0
120901020303,2014,0.0,0.0,0.0
120901020303,2015,0.0,0.0,0.0
120901020303,2016,0.0,0.0,0.0
120901020303,2017,0.0,0.0,0.0
120901020303,2018,0.0,0.0,0.0
120901020303,2019,0.0,0.0,0.0
120901020303,2020,0.0,0.0,0.0
120901020304,2000,0.05383062,0.046294298,0.007536238
120901020304,2001,0.047532564,0.040878112,0.006654622
120901020304,2002,0.047678671,0.041003586,0.006674921
120901020304,2003,0.035529479,0.030555433,0.004974132
120901020304,2004,0.0,0.0,0.0
120901020304,2005,0.0,0.0,0.0
120901020304,2006,0.0,0.0,0.0
120901020304,2007,0.0,0.0,0.0
120901020304,2008,0.0,0.0,0.0
120901020304,2009,0.02163929,0.018609792,0.003029499
120901020304,2010,0.056708701,0.048769296,0.007939323
120901020304,2011,0.046738274,0.040194729,0.006543378
120901020304,2012,0.0,0.0,0.0
120901020304,2013,0.034584781,0.029742866,0.00484183
120901020304,2014,0.0,0.0,0.0
120901020304,2015,0.0,0.0,0.0
120901020304,2016,0.036046161,0.030999757,0.005046407
120901020304,2017,0.03084777,0.026528951,0.004318655
120901020304,2018,0.014987975,0.012889603,0.00209829
120901020304,2019,0.038685742,0.033269866,0.005416044
120901020304,2020,0.035207025,0.030278038,0.004928986
120901020305,2000,1.442989169,0.253966104,1.189022981
120901020305,2001,1.553093918,0.276450625,1.276643129
120901020305,2002,0.798962208,0.205333304,0.593628819
120901020305,2003,1.928909118,0.374208334,1.554700866
120901020305,2004,1.01812565,0.13541068,0.88271497
120901020305,2005,1.377801142,0.118490726,1.259310164
120901020305,2006,1.856586723,0.298910477,1.557676329
120901020305,2007,0.63501449,0.058421384,0.576593277
120901020305,2008,0.969013836,0.097870467,0.871143454
120901020305,2009,0.8590676,0.171813537,0.687254233
120901020305,2010,1.456199055,0.298520811,1.157678077
120901020305,2011,1.143685515,0.311082523,0.832603156
120901020305,2012,1.633658276,0.339800883,1.293857475
120901020305,2013,0.872051759,0.191851395,0.680200364
120901020305,2014,0.456717995,0.022835811,0.433882099
120901020305,2015,0.343199942,0.06898326,0.274216767
120901020305,2016,0.610569068,0.189276246,0.421292656
120901020305,2017,0.52878037,0.142770699,0.386009589
120901020305,2018,0.678371529,0.156025471,0.52234606
120901020305,2019,1.638624211,0.303145545,1.335478748
120901020305,2020,0.997103385,0.209391801,0.787711667
120901020306,2000,0.423619249,0.021180918,0.402438249
120901020306,2001,0.002388211,0.00011949,0.002268805
120901020306,2002,0.404128463,0.020206395,0.383921984
120901020306,2003,0.274373326,0.013718753,0.260654403
120901020306,2004,0.656989486,0.032849445,0.624139877
120901020306,2005,0.985324422,0.049266077,0.936058093
120901020306,2006,0.377186537,0.018859373,0.358327164
120901020306,2007,0.757431466,0.037871605,0.719559775
120901020306,2008,0.649714077,0.032485716,0.617228276
120901020306,2009,0.767142447,0.038357197,0.728785332
120901020306,2010,0.178564132,0.00892823,0.169635904
120901020306,2011,0.688228921,0.034411501,0.653817337
120901020306,2012,0.0,0.0,0.0
120901020306,2013,1.337899781,0.066895126,1.271004737
120901020306,2014,0.77697274,0.038848704,0.738123953
120901020306,2015,0.799578833,0.039978841,0.759599992
120901020306,2016,0.469422189,0.023471216,0.445951055
120901020306,2017,0.770517011,0.038525847,0.731991167
120901020306,2018,0.481540493,0.024077115,0.457463375
120901020306,2019,1.416901877,0.070845008,1.346056951
120901020306,2020,2.064030055,0.103201478,1.960828574
120901020401,2000,0.0,0.0,0.0
120901020401,2001,0.0,0.0,0.0
120901020401,2002,0.0,0.0,0.0
120901020401,2003,0.0,0.0,0.0
120901020401,2004,0.0,0.0,0.0
120901020401,2005,0.0,0.0,0.0
120901020401,2006,0.0,0.0,0.0
120901020401,2007,0.0,0.0,0.0
120901020401,2008,0.036034691,0.0,0.036034691
120901020401,2009,0.0,0.0,0.0
120901020401,2010,0.0,0.0,0.0
120901020401,2011,0.0,0.0,0.0
120901020401,2012,0.0,0.0,0.0
120901020401,2013,0.0,0.0,0.0
120901020401,2014,0.0,0.0,0.0
120901020401,2015,0.0,0.0,0.0
120901020401,2016,0.0,0.0,0.0
120901020401,2017,0.0,0.0,0.0
120901020401,2018,0.0,0.0,0.0
120901020401,2019,0.0,0.0,0.0
120901020401,2020,0.0,0.0,0.0
120901020402,2000,0.0,0.0,0.0
120901020402,2001,0.0,0.0,0.0
120901020402,2002,0.0,0.0,0.0
120901020402,2003,0.0,0.0,0.0
120901020402,2004,0.0,0.0,0.0
120901020402,2005,0.0,0.0,0.0
120901020402,2006,0.0,0.0,0.0
120901020402,2007,0.0,0.0,0.0
120901020402,2008,0.067294811,0.0,0.067294811
120901020402,2009,0.0,0.0,0.0
120901020402,2010,0.0,0.0,0.0
120901020402,2011,0.289663132,0.0,0.289663132
120901020402,2012,0.120425175,0.0,0.120425175
120901020402,2013,0.279204926,0.0,0.279204926
120901020402,2014,0.229608315,0.0,0.229608315
120901020402,2015,0.207938742,0.0,0.207938742
120901020402,2016,0.0,0.0,0.0
120901020402,2017,0.201062737,0.0,0.201062737
120901020402,2018,0.319698827,0.0,0.319698827
120901020402,2019,0.273525759,0.0,0.273525759
120901020402,2020,0.381032555,0.0,0.381032555
120901020403,2000,0.0,0.0,0.0
120901020403,2001,0.0,0.0,0.0
120901020403,2002,0.0,0.0,0.0
120901020403,2003,0.0,0.0,0.0
120901020403,2004,0.0,0.0,0.0
120901020403,2005,0.0,0.0,0.0
120901020403,2006,0.0,0.0,0.0
120901020403,2007,0.0,0.0,0.0
120901020403,2008,0.016393945,0.0,0.016393945
120901020403,2009,0.0,0.0,0.0
120901020403,2010,0.0,0.0,0.0
120901020403,2011,0.268566518,0.0,0.268566518
120901020403,2012,0.283352402,0.0,0.283352402
120901020403,2013,0.287742351,0.0,0.287742351
120901020403,2014,0.387413559,0.0,0.387413559
120901020403,2015,0.317877285,0.0,0.317877285
120901020403,2016,0.0,0.0,0.0
120901020403,2017,0.330302427,0.0,0.330302427
120901020403,2018,0.450857386,0.0,0.450857386
120901020403,2019,0.161371677,0.0,0.161371677
120901020403,2020,0.496517639,0.0,0.496517639
120901020404,2000,0.0,0.0,0.0
120901020404,2001,0.0,0.0,0.0
120901020404,2002,0.0,0.0,0.0
120901020404,2003,0.0,0.0,0.0
120901020404,2004,0.0,0.0,0.0
120901020404,2005,0.0,0.0,0.0
120901020404,2006,0.0,0.0,0.0
120901020404,2007,0.0,0.0,0.0
120901020404,2008,0.013511473,0.0,0.013511473
120901020404,2009,0.0,0.0,0.0
120901020404,2010,0.0,0.0,0.0
120901020404,2011,0.0,0.0,0.0
120901020404,2012,0.0,0.0,0.0
120901020404,2013,0.0,0.0,0.0
120901020404,2014,0.0,0.0,0.0
120901020404,2015,0.0,0.0,0.0
120901020404,2016,0.0,0.0,0.0
120901020404,2017,0.0,0.0,0.0
120901020404,2018,0.0,0.0,0.0
120901020404,2019,0.0,0.0,0.0
120901020404,2020,0.0,0.0,0.0
120901020405,2000,0.0,0.0,0.0
120901020405,2001,0.0,0.0,0.0
120901020405,2002,0.0,0.0,0.0
120901020405,2003,0.0,0.0,0.0
120901020405,2004,0.0,0.0,0.0
120901020405,2005,0.0,0.0,0.0
120901020405,2006,0.0,0.0,0.0
120901020405,2007,0.0,0.0,0.0
120901020405,2008,0.0,0.0,0.0
120901020405,2009,0.0,0.0,0.0
120901020405,2010,0.0,0.0,0.0
120901020405,2011,0.0,0.0,0.0
120901020405,2012,0.0,0.0,0.0
120901020405,2013,0.0,0.0,0.0
120901020405,2014,0.0,0.0,0.0
120901020405,2015,0.0,0.0,0.0
120901020405,2016,0.0,0.0,0.0
120901020405,2017,0.0,0.0,0.0
120901020405,2018,0.0,0.0,0.0
120901020405,2019,0.0,0.0,0.0
120901020405,2020,0.0,0.0,0.0
120901020406,2000,0.0,0.0,0.0
120901020406,2001,0.0,0.0,0.0
120901020406,2002,0.0,0.0,0.0
120901020406,2003,0.0,0.0,0.0
120901020406,2004,0.0,0.0,0.0
120901020406,2005,0.0,0.0,0.0
120901020406,2006,0.0,0.0,0.0
120901020406,2007,0.0,0.0,0.0
120901020406,2008,0.0,0.0,0.0
120901020406,2009,0.0,0.0,0.0
120901020406,2010,0.0,0.0,0.0
120901020406,2011,0.0,0.0,0.0
120901020406,2012,0.0,0.0,0.0
120901020406,2013,0.0,0.0,0.0
120901020406,2014,0.0,0.0,0.0
120901020406,2015,0.000740918,0.0,0.000740918
120901020406,2016,0.0,0.0,0.0
120901020406,2017,0.0,0.0,0.0
120901020406,2018,0.0,0.0,0.0
120901020406,2019,0.0,0.0,0.0
120901020406,2020,0.0,0.0,0.0
120901020407,2000,0.0,0.0,0.0
120901020407,2001,0.0,0.0,0.0
120901020407,2002,0.0,0.0,0.0
120901020407,2003,0.0,0.0,0.0
120901020407,2004,0.0,0.0,0.0
120901020407,2005,0.0,0.0,0.0
120901020407,2006,0.0,0.0,0.0
120901020407,2007,0.0,0.0,0.0
120901020407,2008,0.0,0.0,0.0
120901020407,2009,0.0,0.0,0.0
120901020407,2010,0.0,0.0,0.0
120901020407,2011,0.0,0.0,0.0
120901020407,2012,0.0,0.0,0.0
120901020407,2013,0.0,0.0,0.0
120901020407,2014,0.0,0.0,0.0
120901020407,2015,0.0,0.0,0.0
120901020407,2016,0.0,0.0,0.0
120901020407,2017,0.0,0.0,0.0
120901020407,2018,0.0,0.0,0.0
120901020407,2019,0.0,0.0,0.0
120901020407,2020,0.0,0.0,0.0
120901020408,2000,0.0,0.0,0.0
120901020408,2001,0.0,0.0,0.0
120901020408,2002,0.0,0.0,0.0
120901020408,2003,0.0,0.0,0.0
120901020408,2004,0.0,0.0,0.0
120901020408,2005,0.0,0.0,0.0
120901020408,2006,0.0,0.0,0.0
120901020408,2007,0.0,0.0,0.0
120901020408,2008,0.0,0.0,0.0
120901020408,2009,0.0,0.0,0.0
120901020408,2010,0.0,0.0,0.0
120901020408,2011,0.0,0.0,0.0
120901020408,2012,0.0,0.0,0.0
120901020408,2013,0.0,0.0,0.0
120901020408,2014,0.0,0.0,0.0
120901020408,2015,0.0,0.0,0.0
120901020408,2016,0.0,0.0,0.0
120901020408,2017,0.0,0.0,0.0
120901020408,2018,0.0,0.0,0.0
120901020408,2019,0.0,0.0,0.0
120901020408,2020,0.0,0.0,0.0
120901020501,2000,0.0,0.0,0.0
120901020501,2001,0.0,0.0,0.0
120901020501,2002,0.0,0.0,0.0
120901020501,2003,0.0,0.0,0.0
120901020501,2004,0.0,0.0,0.0
120901020501,2005,0.0,0.0,0.0
120901020501,2006,0.0,0.0,0.0
120901020501,2007,0.0,0.0,0.0
120901020501,2008,0.0,0.0,0.0
120901020501,2009,0.0,0.0,0.0
120901020501,2010,0.0,0.0,0.0
120901020501,2011,0.0,0.0,0.0
120901020501,2012,0.0,0.0,0.0
120901020501,2013,0.0,0.0,0.0
120901020501,2014,0.0,0.0,0.0
120901020501,2015,0.0,0.0,0.0
120901020501,2016,0.0,0.0,0.0
120901020501,2017,0.0,0.0,0.0
120901020501,2018,0.0,0.0,0.0
120901020501,2019,0.0,0.0,0.0
120901020501,2020,0.0,0.0,0.0
120901020502,2000,0.0,0.0,0.0
120901020502,2001,0.0,0.0,0.0
120901020502,2002,0.0,0.0,0.0
120901020502,2003,0.0,0.0,0.0
120901020502,2004,0.0,0.0,0.0
120901020502,2005,0.0,0.0,0.0
120901020502,2006,0.0,0.0,0.0
120901020502,2007,0.0,0.0,0.0
120901020502,2008,0.0,0.0,0.0
120901020502,2009,0.0,0.0,0.0
120901020502,2010,0.0,0.0,0.0
120901020502,2011,0.0,0.0,0.0
120901020502,2012,0.0,0.0,0.0
120901020502,2013,0.0,0.0,0.0
120901020502,2014,0.0,0.0,0.0
120901020502,2015,0.0,0.0,0.0
120901020502,2016,0.0,0.0,0.0
120901020502,2017,0.0,0.0,0.0
120901020502,2018,0.0,0.0,0.0
120901020502,2019,0.0,0.0,0.0
120901020502,2020,0.0,0.0,0.0
120901020503,2000,0.936077063,0.046803964,0.889273096
120901020503,2001,0.876615751,0.043830871,0.832784879
120901020503,2002,0.268551605,0.013427458,0.255123978
120901020503,2003,0.236827737,0.011841403,0.224986332
120901020503,2004,0.715158959,0.035757828,0.679400795
120901020503,2005,0.308840611,0.015442047,0.293398567
120901020503,2006,0.218931973,0.010946595,0.207985296
120901020503,2007,0.332152433,0.016607658,0.315545025
120901020503,2008,0.734575328,0.036728831,0.6978465
120901020503,2009,0.862866288,0.043143416,0.819723126
120901020503,2010,0.825102847,0.041255159,0.783847605
120901020503,2011,1.158535614,0.057926767,1.100608679
120901020503,2012,0.782729814,0.03913662,0.743593279
120901020503,2013,0.981459315,0.049073005,0.93238623
120901020503,2014,0.8641884,0.043209255,0.820979315
120901020503,2015,0.645537868,0.032276855,0.613260929
120901020503,2016,0.316496511,0.015824888,0.300671623
120901020503,2017,0.31095703,0.015547822,0.295409047
120901020503,2018,1.504863871,0.07524329,1.429620578
120901020503,2019,2.276682962,0.113834088,2.162848784
120901020503,2020,3.134637746,0.156731951,2.977905795
120901020504,2000,0.684200153,0.03421009,0.64999024
120901020504,2001,0.817533068,0.040876671,0.776656321
120901020504,2002,0.547087658,0.027354395,0.519733427
120901020504,2003,0.467537756,0.02337683,0.444160753
120901020504,2004,0.450079596,0.022503923,0.427575585
120901020504,2005,0.150871926,0.007543548,0.14332837
120901020504,2006,0.437893647,0.021894688,0.415998962
120901020504,2007,0.150923989,0.007546214,0.143377693
120901020504,2008,0.275100888,0.013755079,0.261345975
120901020504,2009,0.425010173,0.021250414,0.403759677
120901020504,2010,0.49335626,0.024667833,0.468688427
120901020504,2011,0.350937573,0.017546767,0.333390466
120901020504,2012,1.041448555,0.052072536,0.989376101
120901020504,2013,0.064900663,0.003245036,0.061655542
120901020504,2014,0.1512944,0.007564647,0.143729422
120901020504,2015,0.021526877,0.001076427,0.020450532
120901020504,2016,0.0,0.0,0.0
120901020504,2017,0.0,0.0,0.0
120901020504,2018,0.010459052,0.000523011,0.009936044
120901020504,2019,0.593692411,0.029684666,0.564007827
120901020504,2020,0.925487598,0.046274429,0.879213421
120901020505,2000,0.0,0.0,0.0
120901020505,2001,0.0,0.0,0.0
120901020505,2002,0.0,0.0,0.0
120901020505,2003,0.0,0.0,0.0
120901020505,2004,0.0,0.0,0.0
120901020505,2005,0.0,0.0,0.0
120901020505,2006,0.0,0.0,0.0
120901020505,2007,0.0,0.0,0.0
120901020505,2008,0.0,0.0,0.0
120901020505,2009,0.0,0.0,0.0
120901020505,2010,0.0,0.0,0.0
120901020505,2011,0.0,0.0,0.0
120901020505,2012,0.0,0.0,0.0
120901020505,2013,0.0,0.0,0.0
120901020505,2014,0.0,0.0,0.0
120901020505,2015,0.0,0.0,0.0
120901020505,2016,0.0,0.0,0.0
120901020505,2017,0.0,0.0,0.0
120901020505,2018,0.0,0.0,0.0
120901020505,2019,0.0,0.0,0.0
120901020505,2020,0.0,0.0,0.0
120901020506,2000,0.0,0.0,0.0
120901020506,2001,0.179470068,0.008973408,0.170496499
120901020506,2002,0.001826058,9.1334e-05,0.001734803
120901020506,2003,0.112109189,0.005605496,0.106503608
120901020506,2004,0.0,0.0,0.0
120901020506,2005,0.100881921,0.005044203,0.095837885
120901020506,2006,0.0,0.0,0.0
120901020506,2007,0.004422288,0.000220986,0.004201134
120901020506,2008,0.0,0.0,0.0
120901020506,2009,0.002408729,0.000120463,0.002288348
120901020506,2010,0.050389345,0.002519427,0.047869751
120901020506,2011,0.015113512,0.000755696,0.014357816
120901020506,2012,0.149077694,0.007453858,0.141623667
120901020506,2013,0.0,0.0,0.0
120901020506,2014,0.0,0.0,0.0
120901020506,2015,0.059524247,0.002976233,0.056547932
120901020506,2016,0.022807828,0.001140374,0.021667369
120901020506,2017,0.025971868,0.001298586,0.024673112
120901020506,2018,0.0,0.0,0.0
120901020506,2019,0.0,0.0,0.0
120901020506,2020,0.10554756,0.005277399,0.100270161
120901020507,2000,0.182031167,0.009101538,0.172929544
120901020507,2001,0.089147564,0.004457405,0.084690156
120901020507,2002,0.165324025,0.008266132,0.157057814
120901020507,2003,0.068137079,0.003406844,0.064730405
120901020507,2004,0.234188008,0.011709413,0.22247868
120901020507,2005,0.267619849,0.013380975,0.254238874
120901020507,2006,0.094310482,0.004715395,0.089595088
120901020507,2007,0.218507058,0.01092531,0.207581499
120901020507,2008,0.11639821,0.00581988,0.110578158
120901020507,2009,0.211709096,0.010585499,0.201123762
120901020507,2010,0.051369918,0.002568485,0.048801433
120901020507,2011,0.212749575,0.010637436,0.202112049
120901020507,2012,0.260917287,0.013045822,0.247871544
120901020507,2013,0.031495879,0.001574885,0.029920995
120901020507,2014,0.0386328,0.00193166,0.036701222
120901020507,2015,0.257092647,0.012854674,0.244238055
120901020507,2016,0.045040224,0.002251937,0.042788287
120901020507,2017,0.067894307,0.003394773,0.064499619
120901020507,2018,0.0,0.0,0.0
120901020507,2019,0.17926286,0.008963186,0.170299674
120901020507,2020,0.06802594,0.003401396,0.064624544
120901020508,2000,0.630515107,0.031525724,0.598989298
120901020508,2001,0.386412521,0.019320679,0.367092005
120901020508,2002,0.147853638,0.007392671,0.140460879
120901020508,2003,0.469218238,0.023460882,0.445757271
120901020508,2004,0.304447577,0.01522232,0.289225093
120901020508,2005,0.416965647,0.020848282,0.396117364
120901020508,2006,0.178160512,0.008908047,0.169252548
120901020508,2007,0.690182679,0.034509121,0.655673641
120901020508,2008,0.111264199,0.005563251,0.105701115
120901020508,2009,0.424471825,0.021223501,0.403248321
120901020508,2010,0.438845934,0.02194229,0.416903644
120901020508,2011,0.345550959,0.01727763,0.328273581
120901020508,2012,0.225976814,0.011298809,0.214678008
120901020508,2013,0.34495206,0.017247693,0.327704364
120901020508,2014,0.463782838,0.023189153,0.440593685
120901020508,2015,0.429432079,0.021471597,0.4079604
120901020508,2016,0.505953178,0.02529756,0.480655451
120901020508,2017,0.203803416,0.010190189,0.19361306
120901020508,2018,0.284034175,0.014201679,0.269832408
120901020508,2019,0.673617586,0.033680844,0.63993674
120901020508,2020,0.269238025,0.013461825,0.255776115
120901020509,2000,0.128300511,0.006415055,0.121885623
120901020509,2001,0.068228466,0.003411362,0.064817189
120901020509,2002,0.0,0.0,0.0
120901020509,2003,0.0,0.0,0.0
120901020509,2004,0.0,0.0,0.0
120901020509,2005,0.0,0.0,0.0
120901020509,2006,0.0,0.0,0.0
120901020509,2007,0.0,0.0,0.0
120901020509,2008,0.0,0.0,0.0
120901020509,2009,0.0,0.0,0.0
120901020509,2010,0.0,0.0,0.0
120901020509,2011,0.0,0.0,0.0
120901020509,2012,0.0,0.0,0.0
120901020509,2013,0.0,0.0,0.0
120901020509,2014,0.0,0.0,0.0
120901020509,2015,0.0,0.0,0.0
120901020509,2016,0.0,0.0,0.0
120901020509,2017,0.0,0.0,0.0
120901020509,2018,0.0,0.0,0.0
120901020509,2019,0.0,0.0,0.0
120901020509,2020,0.0,0.0,0.0
120901030101,2000,0.199946713,0.0,0.199946713
120901030101,2001,0.128404195,0.0,0.128404195
120901030101,2002,0.247712458,0.0,0.247712458
120901030101,2003,0.071487844,0.0,0.071487844
120901030101,2004,0.019972541,0.0,0.019972541
120901030101,2005,0.0,0.0,0.0
120901030101,2006,0.153494849,0.0,0.153494849
120901030101,2007,0.219795052,0.0,0.219795052
120901030101,2008,0.066017355,0.0,0.066017355
120901030101,2009,0.10238549,0.0,0.10238549
120901030101,2010,0.013703134,0.0,0.013703134
120901030101,2011,0.01169643,0.0,0.01169643
120901030101,2012,0.166681585,0.0,0.166681585
120901030101,2013,0.133238674,0.0,0.133238674
120901030101,2014,0.038404526,0.0,0.038404526
120901030101,2015,0.042229047,0.0,0.042229047
120901030101,2016,0.0,0.0,0.0
120901030101,2017,0.070325685,0.0,0.070325685
120901030101,2018,0.0,0.0,0.0
120901030101,2019,0.0,0.0,0.0
120901030101,2020,0.049767158,0.0,0.049767158
120901030102,2000,0.113866104,0.0,0.113866104
120901030102,2001,0.130744263,0.0,0.130744263
120901030102,2002,0.196658896,0.0,0.196658896
120901030102,2003,0.115303414,0.0,0.115303414
120901030102,2004,0.157331899,0.0,0.157331899
120901030102,2005,0.351531068,0.0,0.351531068
120901030102,2006,0.282743986,0.0,0.282743986
120901030102,2007,0.0,0.0,0.0
120901030102,2008,0.100888451,0.0,0.100888451
120901030102,2009,0.192271279,0.0,0.192271279
120901030102,2010,0.36333346,0.0,0.36333346
120901030102,2011,0.16128409,0.0,0.16128409
120901030102,2012,0.346247134,0.0,0.346247134
120901030102,2013,0.258221567,0.0,0.258221567
120901030102,2014,0.161949236,0.0,0.161949236
120901030102,2015,0.079865578,0.0,0.079865578
120901030102,2016,0.148523068,0.0,0.148523068
120901030102,2017,0.290477992,0.0,0.290477992
120901030102,2018,0.191666619,0.0,0.191666619
120901030102,2019,0.03190203,0.0,0.03190203
120901030102,2020,0.105305844,0.0,0.105305844
120901030103,2000,0.21912376,0.0,0.21912376
120901030103,2001,0.301353545,0.0,0.301353545
120901030103,2002,0.340215638,0.0,0.340215638
120901030103,2003,0.045468,0.0,0.045468
120901030103,2004,0.792287221,0.0,0.792287221
120901030103,2005,0.443402381,0.0,0.443402381
120901030103,2006,0.160594589,0.0,0.160594589
120901030103,2007,0.593197742,0.0,0.593197742
120901030103,2008,0.098908139,0.0,0.098908139
120901030103,2009,0.731355411,0.0,0.731355411
120901030103,2010,0.85075246,0.0,0.85075246
120901030103,2011,0.452908921,0.0,0.452908921
120901030103,2012,0.383264962,0.0,0.383264962
120901030103,2013,0.674371038,0.0,0.674371038
120901030103,2014,0.250131195,0.0,0.250131195
120901030103,2015,0.086253482,0.0,0.086253482
120901030103,2016,0.377397913,0.0,0.377397913
120901030103,2017,0.608967301,0.0,0.608967301
120901030103,2018,0.549814932,0.0,0.549814932
120901030103,2019,0.320369548,0.0,0.320369548
120901030103,2020,0.461373749,0.0,0.461373749
120901030104,2000,0.957147331,0.0,0.957147331
120901030104,2001,0.753807156,0.0,0.753807156
120901030104,2002,1.044961082,0.0,1.044961082
120901030104,2003,0.154645742,0.0,0.154645742
120901030104,2004,0.541288885,0.0,0.541288885
120901030104,2005,0.677114973,0.0,0.677114973
120901030104,2006,0.537543063,0.0,0.537543063
120901030104,2007,0.86350557,0.0,0.86350557
120901030104,2008,0.36537132,0.0,0.36537132
120901030104,2009,0.914444088,0.0,0.914444088
120901030104,2010,1.153616978,0.0,1.153616978
120901030104,2011,0.861726926,0.0,0.861726926
120901030104,2012,0.896113891,0.0,0.896113891
120901030104,2013,0.839489016,0.0,0.839489016
120901030104,2014,0.938829227,0.0,0.938829227
120901030104,2015,0.909349849,0.0,0.909349849
120901030104,2016,0.186741697,0.0,0.186741697
120901030104,2017,0.622022367,0.0,0.622022367
120901030104,2018,0.454510699,0.0,0.454510699
120901030104,2019,0.095973195,0.0,0.095973195
120901030104,2020,0.508790399,0.0,0.508790399
120901030201,2000,1.845876328,0.0,1.845876328
120901030201,2001,1.699509364,0.0,1.699509364
120901030201,2002,1.528444468,0.0,1.528444468
120901030201,2003,2.666758214,0.0,2.666758214
120901030201,2004,2.213753642,0.0,2.213753642
120901030201,2005,3.538001293,0.0,3.538001293
120901030201,2006,2.992182405,0.0,2.992182405
120901030201,2007,2.875184677,0.0,2.875184677
120901030201,2008,0.974773292,0.0,0.974773292
120901030201,2009,2.44051986,0.0,2.44051986
120901030201,2010,2.662658093,0.0,2.662658093
120901030201,2011,2.177617658,0.0,2.177617658
120901030201,2012,2.68969309,0.0,2.68969309
120901030201,2013,1.617609767,0.0,1.617609767
120901030201,2014,1.369784564,0.0,1.369784564
120901030201,2015,2.556730468,0.0,2.556730468
120901030201,2016,2.17216015,0.0,2.17216015
120901030201,2017,2.45723697,0.0,2.45723697
120901030201,2018,0.955160214,0.0,0.955160214
120901030201,2019,2.501460178,0.0,2.501460178
120901030201,2020,1.650032672,0.0,1.650032672
120901030202,2000,0.973101311,0.0,0.973101311
120901030202,2001,1.434754422,0.0,1.434754422
120901030202,2002,1.698452326,0.0,1.698452326
120901030202,2003,1.251327997,0.0,1.251327997
120901030202,2004,2.484909046,0.0,2.484909046
120901030202,2005,5.969987345,0.0,5.969987345
120901030202,2006,3.019487748,0.0,3.019487748
120901030202,2007,4.382709608,0.0,4.382709608
120901030202,2008,1.924825508,0.0,1.924825508
120901030202,2009,3.737839721,0.0,3.737839721
120901030202,2010,3.859205408,0.0,3.859205408
120901030202,2011,4.236580518,0.0,4.236580518
120901030202,2012,4.529411858,0.0,4.529411858
120901030202,2013,4.649743852,0.0,4.649743852
120901030202,2014,3.559583129,0.0,3.559583129
120901030202,2015,2.256782732,0.0,2.256782732
120901030202,2016,1.332358989,0.0,1.332358989
120901030202,2017,2.136585893,0.0,2.136585893
120901030202,2018,0.960364474,0.0,0.960364474
120901030202,2019,2.299220789,0.0,2.299220789
120901030202,2020,1.763229806,0.0,1.763229806
120901030203,2000,0.63685979,0.0,0.63685979
120901030203,2001,1.668489929,0.0,1.668489929
120901030203,2002,1.506307805,0.0,1.506307805
120901030203,2003,1.947048764,0.0,1.947048764
120901030203,2004,2.25587265,0.0,2.25587265
120901030203,2005,5.272105192,0.0,5.272105192
120901030203,2006,3.208420268,0.0,3.208420268
120901030203,2007,4.994007137,0.0,4.994007137
120901030203,2008,1.57817103,0.0,1.57817103
120901030203,2009,2.7488976,0.0,2.7488976
120901030203,2010,3.777539655,0.0,3.777539655
120901030203,2011,4.221037153,0.0,4.221037153
120901030203,2012,3.564314186,0.0,3.564314186
120901030203,2013,4.036198932,0.0,4.036198932
120901030203,2014,3.64403126,0.0,3.64403126
120901030203,2015,2.487579216,0.0,2.487579216
120901030203,2016,1.505321303,0.0,1.505321303
120901030203,2017,2.600154315,0.0,2.600154315
120901030203,2018,1.16626094,0.0,1.16626094
120901030203,2019,2.299278868,0.0,2.299278868
120901030203,2020,4.190379423,0.0,4.190379423
120901030204,2000,1.610174893,0.0,1.610174893
120901030204,2001,1.151488975,0.0,1.151488975
120901030204,2002,1.873935499,0.0,1.873935499
120901030204,2003,0.487483268,0.0,0.487483268
120901030204,2004,1.486313074,0.0,1.486313074
120901030204,2005,2.622417359,0.0,2.622417359
120901030204,2006,2.698961088,0.0,2.698961088
120901030204,2007,2.046488885,0.0,2.046488885
120901030204,2008,1.393114437,0.0,1.393114437
120901030204,2009,2.567884688,0.0,2.567884688
120901030204,2010,2.394808458,0.0,2.394808458
120901030204,2011,1.899753381,0.0,1.899753381
120901030204,2012,2.618796825,0.0,2.618796825
120901030204,2013,2.495662479,0.0,2.495662479
120901030204,2014,2.072339515,0.0,2.072339515
120901030204,2015,1.536020285,0.0,1.536020285
120901030204,2016,1.681079317,0.0,1.681079317
120901030204,2017,1.453216,0.0,1.453216
120901030204,2018,1.404323855,0.0,1.404323855
120901030204,2019,2.695642153,0.0,2.695642153
120901030204,2020,2.154714158,0.0,2.154714158
120901030205,2000,0.081274839,0.0,0.081274839
120901030205,2001,0.429673049,0.0,0.429673049
120901030205,2002,0.327369208,0.0,0.327369208
120901030205,2003,0.31021317,0.0,0.31021317
120901030205,2004,0.651152699,0.0,0.651152699
120901030205,2005,0.763098077,0.0,0.763098077
120901030205,2006,0.249141471,0.0,0.249141471
120901030205,2007,0.353512986,0.0,0.353512986
120901030205,2008,0.255393462,0.0,0.255393462
120901030205,2009,0.328631288,0.0,0.328631288
120901030205,2010,0.672755888,0.0,0.672755888
120901030205,2011,0.379251923,0.0,0.379251923
120901030205,2012,0.370495817,0.0,0.370495817
120901030205,2013,0.310909515,0.0,0.310909515
120901030205,2014,0.341947534,0.0,0.341947534
120901030205,2015,0.567003759,0.0,0.567003759
120901030205,2016,0.56468218,0.0,0.56468218
120901030205,2017,0.14041437,0.0,0.14041437
120901030205,2018,0.080745296,0.0,0.080745296
120901030205,2019,0.103468921,0.0,0.103468921
120901030205,2020,0.441760393,0.0,0.441760393
120901030206,2000,1.291572497,0.0,1.291572497
120901030206,2001,1.35295837,0.0,1.35295837
120901030206,2002,1.27751971,0.0,1.27751971
120901030206,2003,2.048310981,0.0,2.048310981
120901030206,2004,1.606168077,0.0,1.606168077
120901030206,2005,2.867871071,0.0,2.867871071
120901030206,2006,1.507204737,0.0,1.507204737
120901030206,2007,1.737054148,0.0,1.737054148
120901030206,2008,1.325197033,0.0,1.325197033
120901030206,2009,1.66792409,0.0,1.66792409
120901030206,2010,2.027795293,0.0,2.027795293
120901030206,2011,1.810878858,0.0,1.810878858
120901030206,2012,2.035212265,0.0,2.035212265
120901030206,2013,2.131542627,0.0,2.131542627
120901030206,2014,1.9237544,0.0,1.9237544
120901030206,2015,2.043534496,0.0,2.043534496
120901030206,2016,1.534161716,0.0,1.534161716
120901030206,2017,1.460713219,0.0,1.460713219
120901030206,2018,0.879699211,0.0,0.879699211
120901030206,2019,2.293200027,0.0,2.293200027
120901030206,2020,2.446127601,0.0,2.446127601
120901030301,2000,0.237322303,0.0,0.237322303
120901030301,2001,0.282905641,0.0,0.282905641
120901030301,2002,0.016072041,0.0,0.016072041
120901030301,2003,0.114380211,0.0,0.114380211
120901030301,2004,0.54328594,0.0,0.54328594
120901030301,2005,0.503033921,0.0,0.503033921
120901030301,2006,0.0,0.0,0.0
120901030301,2007,0.003602011,0.0,0.003602011
120901030301,2008,0.055458697,0.0,0.055458697
120901030301,2009,0.217954011,0.0,0.217954011
120901030301,2010,0.053345822,0.0,0.053345822
120901030301,2011,0.057985022,0.0,0.057985022
120901030301,2012,0.070704374,0.0,0.070704374
120901030301,2013,0.0,0.0,0.0
120901030301,2014,0.530437192,0.0,0.530437192
120901030301,2015,0.245415367,0.0,0.245415367
120901030301,2016,0.255331112,0.0,0.255331112
120901030301,2017,0.338599975,0.0,0.338599975
120901030301,2018,0.629809427,0.0,0.629809427
120901030301,2019,0.351529745,0.0,0.351529745
120901030301,2020,0.008466484,0.0,0.008466484
120901030302,2000,0.0,0.0,0.0
120901030302,2001,0.0,0.0,0.0
120901030302,2002,0.0,0.0,0.0
120901030302,2003,0.0,0.0,0.0
120901030302,2004,0.0,0.0,0.0
120901030302,2005,0.0,0.0,0.0
120901030302,2006,0.0,0.0,0.0
120901030302,2007,0.0,0.0,0.0
120901030302,2008,0.0,0.0,0.0
120901030302,2009,0.0,0.0,0.0
120901030302,2010,0.0,0.0,0.0
120901030302,2011,0.0,0.0,0.0
120901030302,2012,0.0,0.0,0.0
120901030302,2013,0.0,0.0,0.0
120901030302,2014,0.0,0.0,0.0
120901030302,2015,0.0,0.0,0.0
120901030302,2016,0.0,0.0,0.0
120901030302,2017,0.0,0.0,0.0
120901030302,2018,0.0,0.0,0.0
120901030302,2019,0.0,0.0,0.0
120901030302,2020,0.0,0.0,0.0
120901030303,2000,0.0,0.0,0.0
120901030303,2001,0.0,0.0,0.0
120901030303,2002,0.0,0.0,0.0
120901030303,2003,0.0,0.0,0.0
120901030303,2004,0.0,0.0,0.0
120901030303,2005,0.0,0.0,0.0
120901030303,2006,0.0,0.0,0.0
120901030303,2007,0.0,0.0,0.0
120901030303,2008,0.0,0.0,0.0
120901030303,2009,0.0,0.0,0.0
120901030303,2010,0.0,0.0,0.0
120901030303,2011,0.0,0.0,0.0
120901030303,2012,0.0,0.0,0.0
120901030303,2013,0.0,0.0,0.0
120901030303,2014,0.0,0.0,0.0
120901030303,2015,0.0,0.0,0.0
120901030303,2016,0.0,0.0,0.0
120901030303,2017,0.0,0.0,0.0
120901030303,2018,0.0,0.0,0.0
120901030303,2019,0.0,0.0,0.0
120901030303,2020,0.0,0.0,0.0
120901030304,2000,0.0,0.0,0.0
120901030304,2001,0.0,0.0,0.0
120901030304,2002,0.0,0.0,0.0
120901030304,2003,0.0,0.0,0.0
120901030304,2004,0.0,0.0,0.0
120901030304,2005,0.0,0.0,0.0
120901030304,2006,0.0,0.0,0.0
120901030304,2007,0.0,0.0,0.0
120901030304,2008,0.0,0.0,0.0
120901030304,2009,0.0,0.0,0.0
120901030304,2010,0.0,0.0,0.0
120901030304,2011,0.0,0.0,0.0
120901030304,2012,0.0,0.0,0.0
120901030304,2013,0.0,0.0,0.0
120901030304,2014,0.0,0.0,0.0
120901030304,2015,0.0,0.0,0.0
120901030304,2016,0.0,0.0,0.0
120901030304,2017,0.0,0.0,0.0
120901030304,2018,0.0,0.0,0.0
120901030304,2019,0.0,0.0,0.0
120901030304,2020,0.0,0.0,0.0
120901030305,2000,0.020895292,0.0,0.020895292
120901030305,2001,0.242005192,0.0,0.242005192
120901030305,2002,0.14892191,0.0,0.14892191
120901030305,2003,0.276513236,0.0,0.276513236
120901030305,2004,0.494625973,0.0,0.494625973
120901030305,2005,1.078921901,0.0,1.078921901
120901030305,2006,0.000434693,0.0,0.000434693
120901030305,2007,0.00051034,0.0,0.00051034
120901030305,2008,0.172924019,0.0,0.172924019
120901030305,2009,0.367290277,0.0,0.367290277
120901030305,2010,0.290747838,0.0,0.290747838
120901030305,2011,0.22255869,0.0,0.22255869
120901030305,2012,0.242070751,0.0,0.242070751
120901030305,2013,0.118169868,0.0,0.118169868
120901030305,2014,0.237141745,0.0,0.237141745
120901030305,2015,0.553099666,0.0,0.553099666
120901030305,2016,0.368083358,0.0,0.368083358
120901030305,2017,0.330888521,0.0,0.330888521
120901030305,2018,0.086116622,0.0,0.086116622
120901030305,2019,0.132147649,0.0,0.132147649
120901030305,2020,0.054322074,0.0,0.054322074
120901030401,2000,0.0,0.0,0.0
120901030401,2001,0.0,0.0,0.0
120901030401,2002,0.0,0.0,0.0
120901030401,2003,0.0,0.0,0.0
120901030401,2004,0.0,0.0,0.0
120901030401,2005,0.0,0.0,0.0
120901030401,2006,0.0,0.0,0.0
120901030401,2007,0.0,0.0,0.0
120901030401,2008,0.0,0.0,0.0
120901030401,2009,0.0,0.0,0.0
120901030401,2010,0.0,0.0,0.0
120901030401,2011,0.0,0.0,0.0
120901030401,2012,0.0,0.0,0.0
120901030401,2013,0.0,0.0,0.0
120901030401,2014,0.0,0.0,0.0
120901030401,2015,0.0,0.0,0.0
120901030401,2016,0.0,0.0,0.0
120901030401,2017,0.0,0.0,0.0
120901030401,2018,0.0,0.0,0.0
120901030401,2019,0.0,0.0,0.0
120901030401,2020,0.0,0.0,0.0
120901030402,2000,0.0,0.0,0.0
120901030402,2001,0.0,0.0,0.0
120901030402,2002,0.0,0.0,0.0
120901030402,2003,0.0,0.0,0.0
120901030402,2004,0.0,0.0,0.0
120901030402,2005,0.0,0.0,0.0
120901030402,2006,0.0,0.0,0.0
120901030402,2007,0.0,0.0,0.0
120901030402,2008,0.0,0.0,0.0
120901030402,2009,0.0,0.0,0.0
120901030402,2010,0.0,0.0,0.0
120901030402,2011,0.0,0.0,0.0
120901030402,2012,0.0,0.0,0.0
120901030402,2013,0.0,0.0,0.0
120901030402,2014,0.0,0.0,0.0
120901030402,2015,0.0,0.0,0.0
120901030402,2016,0.0,0.0,0.0
120901030402,2017,0.0,0.0,0.0
120901030402,2018,0.0,0.0,0.0
120901030402,2019,0.0,0.0,0.0
120901030402,2020,0.0,0.0,0.0
120901030403,2000,0.46047056,0.0,0.46047056
120901030403,2001,0.392690386,0.0,0.392690386
120901030403,2002,0.532679493,0.0,0.532679493
120901030403,2003,0.79935777,0.0,0.79935777
120901030403,2004,0.747154975,0.0,0.747154975
120901030403,2005,0.583121896,0.0,0.583121896
120901030403,2006,0.409291567,0.0,0.409291567
120901030403,2007,0.587961816,0.0,0.587961816
120901030403,2008,0.573940997,0.0,0.573940997
120901030403,2009,0.413778236,0.0,0.413778236
120901030403,2010,0.960001912,0.0,0.960001912
120901030403,2011,0.842480967,0.0,0.842480967
120901030403,2012,1.109690404,0.0,1.109690404
120901030403,2013,0.641404573,0.0,0.641404573
120901030403,2014,0.492483756,0.0,0.492483756
120901030403,2015,0.766049978,0.0,0.766049978
120901030403,2016,0.583639399,0.0,0.583639399
120901030403,2017,0.432378647,0.0,0.432378647
120901030403,2018,0.715700263,0.0,0.715700263
120901030403,2019,1.508954679,0.0,1.508954679
120901030403,2020,1.726196369,0.0,1.726196369
120901030404,2000,0.0,0.0,0.0
120901030404,2001,0.0,0.0,0.0
120901030404,2002,0.0,0.0,0.0
120901030404,2003,0.0,0.0,0.0
120901030404,2004,0.0,0.0,0.0
120901030404,2005,0.0,0.0,0.0
120901030404,2006,0.0,0.0,0.0
120901030404,2007,0.0,0.0,0.0
120901030404,2008,0.0,0.0,0.0
120901030404,2009,0.0,0.0,0.0
120901030404,2010,0.0,0.0,0.0
120901030404,2011,0.0,0.0,0.0
120901030404,2012,0.0,0.0,0.0
120901030404,2013,0.0,0.0,0.0
120901030404,2014,0.0,0.0,0.0
120901030404,2015,0.0,0.0,0.0
120901030404,2016,0.0,0.0,0.0
120901030404,2017,0.0,0.0,0.0
120901030404,2018,0.0,0.0,0.0
120901030404,2019,0.0,0.0,0.0
120901030404,2020,0.0,0.0,0.0
120901030501,2000,10.042877754,0.0,10.042877754
120901030501,2001,8.008323614,0.0,8.008323614
120901030501,2002,9.85466517,0.0,9.85466517
120901030501,2003,10.378541989,0.0,10.378541989
120901030501,2004,10.025235765,0.0,10.025235765
120901030501,2005,19.576133381,0.0,19.576133381
120901030501,2006,8.149918488,0.0,8.149918488
120901030501,2007,16.001000282,0.0,16.001000282
120901030501,2008,7.233230885,0.0,7.233230885
120901030501,2009,10.044169452,0.0,10.044169452
120901030501,2010,11.698364816,0.0,11.698364816
120901030501,2011,8.918223101,0.0,8.918223101
120901030501,2012,8.135268727,0.0,8.135268727
120901030501,2013,10.269689148,0.0,10.269689148
120901030501,2014,5.876705718,0.0,5.876705718
120901030501,2015,5.075882932,0.0,5.075882932
120901030501,2016,5.911892358,0.0,5.911892358
120901030501,2017,9.419319274,0.0,9.419319274
120901030501,2018,6.292581792,0.0,6.292581792
120901030501,2019,9.591406099,0.0,9.591406099
120901030501,2020,11.207661355,0.0,11.207661355
120901030502,2000,6.837197546,0.0,6.837197546
120901030502,2001,4.643025515,0.0,4.643025515
120901030502,2002,4.022857759,0.0,4.022857759
120901030502,2003,2.844760918,0.0,2.844760918
120901030502,2004,5.525018249,0.0,5.525018249
120901030502,2005,6.520602403,0.0,6.520602403
120901030502,2006,3.30230031,0.0,3.30230031
120901030502,2007,5.138077227,0.0,5.138077227
120901030502,2008,2.45829594,0.0,2.45829594
120901030502,2009,5.977592342,0.0,5.977592342
120901030502,2010,6.747689151,0.0,6.747689151
120901030502,2011,6.20927929,0.0,6.20927929
120901030502,2012,3.760255213,0.0,3.760255213
120901030502,2013,6.63308874,0.0,6.63308874
120901030502,2014,4.074983181,0.0,4.074983181
120901030502,2015,2.780489619,0.0,2.780489619
120901030502,2016,2.445982546,0.0,2.445982546
120901030502,2017,3.405844595,0.0,3.405844595
120901030502,2018,2.700996167,0.0,2.700996167
120901030502,2019,2.837975153,0.0,2.837975153
120901030502,2020,2.945524344,0.0,2.945524344
120901030503,2000,2.685190896,0.0,2.685190896
120901030503,2001,1.380693197,0.0,1.380693197
120901030503,2002,1.453950825,0.0,1.453950825
120901030503,2003,0.862195841,0.0,0.862195841
120901030503,2004,2.811992175,0.0,2.811992175
120901030503,2005,2.61537103,0.0,2.61537103
120901030503,2006,1.855298545,0.0,1.855298545
120901030503,2007,3.168308132,0.0,3.168308132
120901030503,2008,1.189656768,0.0,1.189656768
120901030503,2009,2.820111959,0.0,2.820111959
120901030503,2010,2.412735419,0.0,2.412735419
120901030503,2011,2.807344307,0.0,2.807344307
120901030503,2012,2.887652568,0.0,2.887652568
120901030503,2013,2.777564038,0.0,2.777564038
120901030503,2014,1.720330041,0.0,1.720330041
120901030503,2015,1.857168759,0.0,1.857168759
120901030503,2016,1.140803787,0.0,1.140803787
120901030503,2017,1.854372937,0.0,1.854372937
120901030503,2018,1.743480871,0.0,1.743480871
120901030503,2019,2.036043603,0.0,2.036043603
120901030503,2020,2.900098511,0.0,2.900098511
120901030504,2000,0.665908156,0.0,0.665908156
120901030504,2001,0.439467156,0.0,0.439467156
120901030504,2002,0.678544049,0.0,0.678544049
120901030504,2003,0.518680014,0.0,0.518680014
120901030504,2004,1.160460066,0.0,1.160460066
120901030504,2005,1.52455137,0.0,1.52455137
120901030504,2006,0.661406181,0.0,0.661406181
120901030504,2007,1.323366816,0.0,1.323366816
120901030504,2008,0.479102314,0.0,0.479102314
120901030504,2009,0.7400138,0.0,0.7400138
120901030504,2010,0.836245937,0.0,0.836245937
120901030504,2011,0.913660016,0.0,0.913660016
120901030504,2012,1.172788686,0.0,1.172788686
120901030504,2013,1.362097625,0.0,1.362097625
120901030504,2014,0.909875742,0.0,0.909875742
120901030504,2015,0.90446034,0.0,0.90446034
120901030504,2016,0.787122549,0.0,0.787122549
120901030504,2017,1.0291614,0.0,1.0291614
120901030504,2018,0.750690389,0.0,0.750690389
120901030504,2019,1.005524592,0.0,1.005524592
120901030504,2020,0.91869085,0.0,0.91869085
120901030601,2000,0.0,0.0,0.0
120901030601,2001,0.0,0.0,0.0
120901030601,2002,0.0,0.0,0.0
120901030601,2003,0.0,0.0,0.0
120901030601,2004,0.0,0.0,0.0
120901030601,2005,0.0,0.0,0.0
120901030601,2006,0.0,0.0,0.0
120901030601,2007,0.0,0.0,0.0
120901030601,2008,0.0,0.0,0.0
120901030601,2009,0.0,0.0,0.0
120901030601,2010,0.0,0.0,0.0
120901030601,2011,0.0,0.0,0.0
120901030601,2012,0.0,0.0,0.0
120901030601,2013,0.0,0.0,0.0
120901030601,2014,0.0,0.0,0.0
120901030601,2015,0.0,0.0,0.0
120901030601,2016,0.0,0.0,0.0
120901030601,2017,0.0,0.0,0.0
120901030601,2018,0.0,0.0,0.0
120901030601,2019,0.0,0.0,0.0
120901030601,2020,0.0,0.0,0.0
120901030602,2000,0.0,0.0,0.0
120901030602,2001,0.0,0.0,0.0
120901030602,2002,0.0,0.0,0.0
120901030602,2003,0.0,0.0,0.0
120901030602,2004,0.0,0.0,0.0
120901030602,2005,0.0,0.0,0.0
120901030602,2006,0.0,0.0,0.0
120901030602,2007,0.0,0.0,0.0
120901030602,2008,0.0,0.0,0.0
120901030602,2009,0.0,0.0,0.0
120901030602,2010,0.0,0.0,0.0
120901030602,2011,0.0,0.0,0.0
120901030602,2012,0.0,0.0,0.0
120901030602,2013,0.0,0.0,0.0
120901030602,2014,0.0,0.0,0.0
120901030602,2015,0.0,0.0,0.0
120901030602,2016,0.0,0.0,0.0
120901030602,2017,0.0,0.0,0.0
120901030602,2018,0.0,0.0,0.0
120901030602,2019,0.0,0.0,0.0
120901030602,2020,0.0,0.0,0.0
120901030701,2000,0.0,0.0,0.0
120901030701,2001,0.0,0.0,0.0
120901030701,2002,0.0,0.0,0.0
120901030701,2003,0.0,0.0,0.0
120901030701,2004,0.0,0.0,0.0
120901030701,2005,0.0,0.0,0.0
120901030701,2006,0.0,0.0,0.0
120901030701,2007,0.0,0.0,0.0
120901030701,2008,0.0,0.0,0.0
120901030701,2009,0.0,0.0,0.0
120901030701,2010,0.0,0.0,0.0
120901030701,2011,0.0,0.0,0.0
120901030701,2012,0.0,0.0,0.0
120901030701,2013,0.0,0.0,0.0
120901030701,2014,0.0,0.0,0.0
120901030701,2015,0.0,0.0,0.0
120901030701,2016,0.0,0.0,0.0
120901030701,2017,0.0,0.0,0.0
120901030701,2018,0.0,0.0,0.0
120901030701,2019,0.0,0.0,0.0
120901030701,2020,0.0,0.0,0.0
120901030702,2000,0.0,0.0,0.0
120901030702,2001,0.0,0.0,0.0
120901030702,2002,0.0,0.0,0.0
120901030702,2003,0.0,0.0,0.0
120901030702,2004,0.0,0.0,0.0
120901030702,2005,0.0,0.0,0.0
120901030702,2006,0.0,0.0,0.0
120901030702,2007,0.0,0.0,0.0
120901030702,2008,0.0,0.0,0.0
120901030702,2009,0.0,0.0,0.0
120901030702,2010,0.0,0.0,0.0
120901030702,2011,0.0,0.0,0.0
120901030702,2012,0.0,0.0,0.0
120901030702,2013,0.0,0.0,0.0
120901030702,2014,0.0,0.0,0.0
120901030702,2015,0.0,0.0,0.0
120901030702,2016,0.0,0.0,0.0
120901030702,2017,0.0,0.0,0.0
120901030702,2018,0.0,0.0,0.0
120901030702,2019,0.0,0.0,0.0
120901030702,2020,0.0,0.0,0.0
120901030703,2000,0.0,0.0,0.0
120901030703,2001,0.0,0.0,0.0
120901030703,2002,0.0,0.0,0.0
120901030703,2003,0.0,0.0,0.0
120901030703,2004,0.0,0.0,0.0
120901030703,2005,0.0,0.0,0.0
120901030703,2006,0.0,0.0,0.0
120901030703,2007,0.0,0.0,0.0
120901030703,2008,0.0,0.0,0.0
120901030703,2009,0.0,0.0,0.0
120901030703,2010,0.0,0.0,0.0
120901030703,2011,0.0,0.0,0.0
120901030703,2012,0.0,0.0,0.0
120901030703,2013,0.0,0.0,0.0
120901030703,2014,0.0,0.0,0.0
120901030703,2015,0.0,0.0,0.0
120901030703,2016,0.0,0.0,0.0
120901030703,2017,0.0,0.0,0.0
120901030703,2018,0.0,0.0,0.0
120901030703,2019,0.0,0.0,0.0
120901030703,2020,0.0,0.0,0.0
120901030704,2000,0.0,0.0,0.0
120901030704,2001,0.0,0.0,0.0
120901030704,2002,0.0,0.0,0.0
120901030704,2003,0.0,0.0,0.0
120901030704,2004,0.0,0.0,0.0
120901030704,2005,0.0,0.0,0.0
120901030704,2006,0.0,0.0,0.0
120901030704,2007,0.0,0.0,0.0
120901030704,2008,0.0,0.0,0.0
120901030704,2009,0.0,0.0,0.0
120901030704,2010,0.0,0.0,0.0
120901030704,2011,0.0,0.0,0.0
120901030704,2012,0.0,0.0,0.0
120901030704,2013,0.0,0.0,0.0
120901030704,2014,0.0,0.0,0.0
120901030704,2015,0.0,0.0,0.0
120901030704,2016,0.0,0.0,0.0
120901030704,2017,0.0,0.0,0.0
120901030704,2018,0.0,0.0,0.0
120901030704,2019,0.0,0.0,0.0
120901030704,2020,0.0,0.0,0.0
120901030705,2000,0.0,0.0,0.0
120901030705,2001,0.0,0.0,0.0
120901030705,2002,0.0,0.0,0.0
120901030705,2003,0.0,0.0,0.0
120901030705,2004,0.0,0.0,0.0
120901030705,2005,0.0,0.0,0.0
120901030705,2006,0.0,0.0,0.0
120901030705,2007,0.0,0.0,0.0
120901030705,2008,0.0,0.0,0.0
120901030705,2009,0.0,0.0,0.0
120901030705,2010,0.0,0.0,0.0
120901030705,2011,0.0,0.0,0.0
120901030705,2012,0.0,0.0,0.0
120901030705,2013,0.0,0.0,0.0
120901030705,2014,0.0,0.0,0.0
120901030705,2015,0.0,0.0,0.0
120901030705,2016,0.0,0.0,0.0
120901030705,2017,0.0,0.0,0.0
120901030705,2018,0.0,0.0,0.0
120901030705,2019,0.0,0.0,0.0
120901030705,2020,0.0,0.0,0.0
120901030706,2000,0.0,0.0,0.0
120901030706,2001,0.0,0.0,0.0
120901030706,2002,0.0,0.0,0.0
120901030706,2003,0.0,0.0,0.0
120901030706,2004,0.0,0.0,0.0
120901030706,2005,0.0,0.0,0.0
120901030706,2006,0.0,0.0,0.0
120901030706,2007,0.0,0.0,0.0
120901030706,2008,0.0,0.0,0.0
120901030706,2009,0.0,0.0,0.0
120901030706,2010,0.0,0.0,0.0
120901030706,2011,0.0,0.0,0.0
120901030706,2012,0.0,0.0,0.0
120901030706,2013,0.0,0.0,0.0
120901030706,2014,0.0,0.0,0.0
120901030706,2015,0.0,0.0,0.0
120901030706,2016,0.0,0.0,0.0
120901030706,2017,0.0,0.0,0.0
120901030706,2018,0.0,0.0,0.0
120901030706,2019,0.0,0.0,0.0
120901030706,2020,0.0,0.0,0.0
120901030801,2000,0.484182754,0.0,0.484182754
120901030801,2001,0.314718759,0.0,0.314718759
120901030801,2002,0.318894595,0.0,0.318894595
120901030801,2003,0.471785134,0.0,0.471785134
120901030801,2004,0.642537765,0.0,0.642537765
120901030801,2005,1.038424241,0.0,1.038424241
120901030801,2006,0.0,0.0,0.0
120901030801,2007,1.092845474,0.0,1.092845474
120901030801,2008,0.539619634,0.0,0.539619634
120901030801,2009,0.460891466,0.0,0.460891466
120901030801,2010,0.872216422,0.0,0.872216422
120901030801,2011,0.560334323,0.0,0.560334323
120901030801,2012,0.58222123,0.0,0.58222123
120901030801,2013,0.403881526,0.0,0.403881526
120901030801,2014,0.319567271,0.0,0.319567271
120901030801,2015,0.20362666,0.0,0.20362666
120901030801,2016,0.347400784,0.0,0.347400784
120901030801,2017,0.590513603,0.0,0.590513603
120901030801,2018,0.225053962,0.0,0.225053962
120901030801,2019,0.848376225,0.0,0.848376225
120901030801,2020,0.871435096,0.0,0.871435096
120901030802,2000,0.134757885,0.0,0.134757885
120901030802,2001,0.230430816,0.0,0.230430816
120901030802,2002,0.178070668,0.0,0.178070668
120901030802,2003,0.092766181,0.0,0.092766181
120901030802,2004,0.082796844,0.0,0.082796844
120901030802,2005,1.798531063,0.0,1.798531063
120901030802,2006,0.055087047,0.0,0.055087047
120901030802,2007,2.155446989,0.0,2.155446989
120901030802,2008,0.933970126,0.0,0.933970126
120901030802,2009,0.154127627,0.0,0.154127627
120901030802,2010,0.137759088,0.0,0.137759088
120901030802,2011,1.263750942,0.0,1.263750942
120901030802,2012,0.788301156,0.0,0.788301156
120901030802,2013,0.163543389,0.0,0.163543389
120901030802,2014,0.103312353,0.0,0.103312353
120901030802,2015,0.178848085,0.0,0.178848085
120901030802,2016,0.082264667,0.0,0.082264667
120901030802,2017,1.089172334,0.0,1.089172334
120901030802,2018,0.123668282,0.0,0.123668282
120901030802,2019,1.638841992,0.0,1.638841992
120901030802,2020,1.154205678,0.0,1.154205678
120901030803,2000,0.0,0.0,0.0
120901030803,2001,0.0,0.0,0.0
120901030803,2002,0.0,0.0,0.0
120901030803,2003,0.0,0.0,0.0
120901030803,2004,0.0,0.0,0.0
120901030803,2005,0.0,0.0,0.0
120901030803,2006,0.0,0.0,0.0
120901030803,2007,0.0,0.0,0.0
120901030803,2008,0.0,0.0,0.0
120901030803,2009,0.0,0.0,0.0
120901030803,2010,0.0,0.0,0.0
120901030803,2011,0.0,0.0,0.0
120901030803,2012,0.0,0.0,0.0
120901030803,2013,0.0,0.0,0.0
120901030803,2014,0.0,0.0,0.0
120901030803,2015,0.0,0.0,0.0
120901030803,2016,0.0,0.0,0.0
120901030803,2017,0.0,0.0,0.0
120901030803,2018,0.0,0.0,0.0
120901030803,2019,0.0,0.0,0.0
120901030803,2020,0.0,0.0,0.0
120901030804,2000,0.102818254,0.0,0.102818254
120901030804,2001,0.085594967,0.0,0.085594967
120901030804,2002,0.137216266,0.0,0.137216266
120901030804,2003,0.022712775,0.0,0.022712775
120901030804,2004,0.125974317,0.0,0.125974317
120901030804,2005,0.0,0.0,0.0
120901030804,2006,0.0,0.0,0.0
120901030804,2007,0.0,0.0,0.0
120901030804,2008,0.083049391,0.0,0.083049391
120901030804,2009,0.082872436,0.0,0.082872436
120901030804,2010,0.11002574,0.0,0.11002574
120901030804,2011,0.023418759,0.0,0.023418759
120901030804,2012,0.134305538,0.0,0.134305538
120901030804,2013,0.0,0.0,0.0
120901030804,2014,0.0,0.0,0.0
120901030804,2015,0.047014918,0.0,0.047014918
120901030804,2016,0.038208689,0.0,0.038208689
120901030804,2017,0.0,0.0,0.0
120901030804,2018,0.0,0.0,0.0
120901030804,2019,0.161876688,0.0,0.161876688
120901030804,2020,0.155210391,0.0,0.155210391
120901030901,2000,0.0,0.0,0.0
120901030901,2001,0.0,0.0,0.0
120901030901,2002,0.0,0.0,0.0
120901030901,2003,0.0,0.0,0.0
120901030901,2004,0.0,0.0,0.0
120901030901,2005,0.0,0.0,0.0
120901030901,2006,0.0,0.0,0.0
120901030901,2007,0.0,0.0,0.0
120901030901,2008,0.0,0.0,0.0
120901030901,2009,0.0,0.0,0.0
120901030901,2010,0.0,0.0,0.0
120901030901,2011,0.0,0.0,0.0
120901030901,2012,0.0,0.0,0.0
120901030901,2013,0.0,0.0,0.0
120901030901,2014,0.0,0.0,0.0
120901030901,2015,0.0,0.0,0.0
120901030901,2016,0.0,0.0,0.0
120901030901,2017,0.0,0.0,0.0
120901030901,2018,0.0,0.0,0.0
120901030901,2019,0.0,0.0,0.0
120901030901,2020,0.0,0.0,0.0
120901030902,2000,0.0,0.0,0.0
120901030902,2001,0.0,0.0,0.0
120901030902,2002,0.0,0.0,0.0
120901030902,2003,0.0,0.0,0.0
120901030902,2004,0.0,0.0,0.0
120901030902,2005,0.0,0.0,0.0
120901030902,2006,0.0,0.0,0.0
120901030902,2007,0.0,0.0,0.0
120901030902,2008,0.0,0.0,0.0
120901030902,2009,0.0,0.0,0.0
120901030902,2010,0.0,0.0,0.0
120901030902,2011,0.0,0.0,0.0
120901030902,2012,0.0,0.0,0.0
120901030902,2013,0.0,0.0,0.0
120901030902,2014,0.0,0.0,0.0
120901030902,2015,0.0,0.0,0.0
120901030902,2016,0.0,0.0,0.0
120901030902,2017,0.0,0.0,0.0
120901030902,2018,0.0,0.0,0.0
120901030902,2019,0.0,0.0,0.0
120901030902,2020,0.0,0.0,0.0
120901030903,2000,0.0,0.0,0.0
120901030903,2001,0.0,0.0,0.0
120901030903,2002,0.0,0.0,0.0
120901030903,2003,0.0,0.0,0.0
120901030903,2004,0.0,0.0,0.0
120901030903,2005,0.0,0.0,0.0
120901030903,2006,0.0,0.0,0.0
120901030903,2007,0.0,0.0,0.0
120901030903,2008,0.0,0.0,0.0
120901030903,2009,0.0,0.0,0.0
120901030903,2010,0.0,0.0,0.0
120901030903,2011,0.0,0.0,0.0
120901030903,2012,0.0,0.0,0.0
120901030903,2013,0.0,0.0,0.0
120901030903,2014,0.0,0.0,0.0
120901030903,2015,0.0,0.0,0.0
120901030903,2016,0.0,0.0,0.0
120901030903,2017,0.0,0.0,0.0
120901030903,2018,0.0,0.0,0.0
120901030903,2019,0.0,0.0,0.0
120901030903,2020,0.0,0.0,0.0
120901030904,2000,0.0,0.0,0.0
120901030904,2001,0.0,0.0,0.0
120901030904,2002,0.0,0.0,0.0
120901030904,2003,0.0,0.0,0.0
120901030904,2004,0.0,0.0,0.0
120901030904,2005,0.0,0.0,0.0
120901030904,2006,0.0,0.0,0.0
120901030904,2007,0.0,0.0,0.0
120901030904,2008,0.0,0.0,0.0
120901030904,2009,0.0,0.0,0.0
120901030904,2010,0.0,0.0,0.0
120901030904,2011,0.0,0.0,0.0
120901030904,2012,0.0,0.0,0.0
120901030904,2013,0.0,0.0,0.0
120901030904,2014,0.0,0.0,0.0
120901030904,2015,0.0,0.0,0.0
120901030904,2016,0.0,0.0,0.0
120901030904,2017,0.0,0.0,0.0
120901030904,2018,0.0,0.0,0.0
120901030904,2019,0.0,0.0,0.0
120901030904,2020,0.0,0.0,0.0
120901030905,2000,0.0,0.0,0.0
120901030905,2001,0.0,0.0,0.0
120901030905,2002,0.0,0.0,0.0
120901030905,2003,0.0,0.0,0.0
120901030905,2004,0.0,0.0,0.0
120901030905,2005,0.0,0.0,0.0
120901030905,2006,0.0,0.0,0.0
120901030905,2007,0.0,0.0,0.0
120901030905,2008,0.0,0.0,0.0
120901030905,2009,0.0,0.0,0.0
120901030905,2010,0.0,0.0,0.0
120901030905,2011,0.0,0.0,0.0
120901030905,2012,0.0,0.0,0.0
120901030905,2013,0.0,0.0,0.0
120901030905,2014,0.0,0.0,0.0
120901030905,2015,0.0,0.0,0.0
120901030905,2016,0.0,0.0,0.0
120901030905,2017,0.0,0.0,0.0
120901030905,2018,0.0,0.0,0.0
120901030905,2019,0.0,0.0,0.0
120901030905,2020,0.0,0.0,0.0
120901030906,2000,0.0,0.0,0.0
120901030906,2001,0.0,0.0,0.0
120901030906,2002,0.0,0.0,0.0
120901030906,2003,0.0,0.0,0.0
120901030906,2004,0.0,0.0,0.0
120901030906,2005,0.0,0.0,0.0
120901030906,2006,0.0,0.0,0.0
120901030906,2007,0.0,0.0,0.0
120901030906,2008,0.0,0.0,0.0
120901030906,2009,0.0,0.0,0.0
120901030906,2010,0.0,0.0,0.0
120901030906,2011,0.0,0.0,0.0
120901030906,2012,0.0,0.0,0.0
120901030906,2013,0.0,0.0,0.0
120901030906,2014,0.0,0.0,0.0
120901030906,2015,0.0,0.0,0.0
120901030906,2016,0.0,0.0,0.0
120901030906,2017,0.0,0.0,0.0
120901030906,2018,0.0,0.0,0.0
120901030906,2019,0.0,0.0,0.0
120901030906,2020,0.0,0.0,0.0
120901030907,2000,0.0,0.0,0.0
120901030907,2001,0.0,0.0,0.0
120901030907,2002,0.0,0.0,0.0
120901030907,2003,0.0,0.0,0.0
120901030907,2004,0.0,0.0,0.0
120901030907,2005,0.0,0.0,0.0
120901030907,2006,0.0,0.0,0.0
120901030907,2007,0.0,0.0,0.0
120901030907,2008,0.0,0.0,0.0
120901030907,2009,0.0,0.0,0.0
120901030907,2010,0.0,0.0,0.0
120901030907,2011,0.0,0.0,0.0
120901030907,2012,0.0,0.0,0.0
120901030907,2013,0.0,0.0,0.0
120901030907,2014,0.0,0.0,0.0
120901030907,2015,0.0,0.0,0.0
120901030907,2016,0.0,0.0,0.0
120901030907,2017,0.0,0.0,0.0
120901030907,2018,0.0,0.0,0.0
120901030907,2019,0.0,0.0,0.0
120901030907,2020,0.0,0.0,0.0
120901030908,2000,0.0,0.0,0.0
120901030908,2001,0.0,0.0,0.0
120901030908,2002,0.0,0.0,0.0
120901030908,2003,0.0,0.0,0.0
120901030908,2004,0.0,0.0,0.0
120901030908,2005,0.0,0.0,0.0
120901030908,2006,0.0,0.0,0.0
120901030908,2007,0.0,0.0,0.0
120901030908,2008,0.0,0.0,0.0
120901030908,2009,0.0,0.0,0.0
120901030908,2010,0.0,0.0,0.0
120901030908,2011,0.0,0.0,0.0
120901030908,2012,0.0,0.0,0.0
120901030908,2013,0.0,0.0,0.0
120901030908,2014,0.0,0.0,0.0
120901030908,2015,0.0,0.0,0.0
120901030908,2016,0.0,0.0,0.0
120901030908,2017,0.0,0.0,0.0
120901030908,2018,0.0,0.0,0.0
120901030908,2019,0.0,0.0,0.0
120901030908,2020,0.0,0.0,0.0
120901030909,2000,0.0,0.0,0.0
120901030909,2001,0.0,0.0,0.0
120901030909,2002,0.0,0.0,0.0
120901030909,2003,0.0,0.0,0.0
120901030909,2004,0.0,0.0,0.0
120901030909,2005,0.0,0.0,0.0
120901030909,2006,0.0,0.0,0.0
120901030909,2007,0.0,0.0,0.0
120901030909,2008,0.0,0.0,0.0
120901030909,2009,0.0,0.0,0.0
120901030909,2010,0.0,0.0,0.0
120901030909,2011,0.0,0.0,0.0
120901030909,2012,0.0,0.0,0.0
120901030909,2013,0.0,0.0,0.0
120901030909,2014,0.0,0.0,0.0
120901030909,2015,0.0,0.0,0.0
120901030909,2016,0.0,0.0,0.0
120901030909,2017,0.0,0.0,0.0
120901030909,2018,0.0,0.0,0.0
120901030909,2019,0.0,0.0,0.0
120901030909,2020,0.0,0.0,0.0
120901031001,2000,0.0,0.0,0.0
120901031001,2001,0.0,0.0,0.0
120901031001,2002,0.0,0.0,0.0
120901031001,2003,0.0,0.0,0.0
120901031001,2004,0.0,0.0,0.0
120901031001,2005,0.0,0.0,0.0
120901031001,2006,0.0,0.0,0.0
120901031001,2007,0.0,0.0,0.0
120901031001,2008,0.0,0.0,0.0
120901031001,2009,0.0,0.0,0.0
120901031001,2010,0.0,0.0,0.0
120901031001,2011,0.0,0.0,0.0
120901031001,2012,0.0,0.0,0.0
120901031001,2013,0.0,0.0,0.0
120901031001,2014,0.0,0.0,0.0
120901031001,2015,0.0,0.0,0.0
120901031001,2016,0.0,0.0,0.0
120901031001,2017,0.0,0.0,0.0
120901031001,2018,0.0,0.0,0.0
120901031001,2019,0.0,0.0,0.0
120901031001,2020,0.0,0.0,0.0
120901031002,2000,0.0,0.0,0.0
120901031002,2001,0.0,0.0,0.0
120901031002,2002,0.0,0.0,0.0
120901031002,2003,0.0,0.0,0.0
120901031002,2004,0.0,0.0,0.0
120901031002,2005,0.0,0.0,0.0
120901031002,2006,0.0,0.0,0.0
120901031002,2007,0.0,0.0,0.0
120901031002,2008,0.0,0.0,0.0
120901031002,2009,0.0,0.0,0.0
120901031002,2010,0.0,0.0,0.0
120901031002,2011,0.0,0.0,0.0
120901031002,2012,0.0,0.0,0.0
120901031002,2013,0.0,0.0,0.0
120901031002,2014,0.0,0.0,0.0
120901031002,2015,0.0,0.0,0.0
120901031002,2016,0.0,0.0,0.0
120901031002,2017,0.0,0.0,0.0
120901031002,2018,0.0,0.0,0.0
120901031002,2019,0.0,0.0,0.0
120901031002,2020,0.0,0.0,0.0
120901031003,2000,0.0,0.0,0.0
120901031003,2001,0.0,0.0,0.0
120901031003,2002,0.0,0.0,0.0
120901031003,2003,0.0,0.0,0.0
120901031003,2004,0.0,0.0,0.0
120901031003,2005,0.0,0.0,0.0
120901031003,2006,0.0,0.0,0.0
120901031003,2007,0.0,0.0,0.0
120901031003,2008,0.0,0.0,0.0
120901031003,2009,0.0,0.0,0.0
120901031003,2010,0.0,0.0,0.0
120901031003,2011,0.0,0.0,0.0
120901031003,2012,0.0,0.0,0.0
120901031003,2013,0.0,0.0,0.0
120901031003,2014,0.0,0.0,0.0
120901031003,2015,0.0,0.0,0.0
120901031003,2016,0.0,0.0,0.0
120901031003,2017,0.0,0.0,0.0
120901031003,2018,0.0,0.0,0.0
120901031003,2019,0.0,0.0,0.0
120901031003,2020,0.0,0.0,0.0
120901031004,2000,0.0,0.0,0.0
120901031004,2001,0.0,0.0,0.0
120901031004,2002,0.0,0.0,0.0
120901031004,2003,0.0,0.0,0.0
120901031004,2004,0.0,0.0,0.0
120901031004,2005,0.0,0.0,0.0
120901031004,2006,0.0,0.0,0.0
120901031004,2007,0.0,0.0,0.0
120901031004,2008,0.0,0.0,0.0
120901031004,2009,0.0,0.0,0.0
120901031004,2010,0.0,0.0,0.0
120901031004,2011,0.0,0.0,0.0
120901031004,2012,0.0,0.0,0.0
120901031004,2013,0.0,0.0,0.0
120901031004,2014,0.0,0.0,0.0
120901031004,2015,0.0,0.0,0.0
120901031004,2016,0.0,0.0,0.0
120901031004,2017,0.0,0.0,0.0
120901031004,2018,0.0,0.0,0.0
120901031004,2019,0.0,0.0,0.0
120901031004,2020,0.0,0.0,0.0
120901031005,2000,0.0,0.0,0.0
120901031005,2001,0.0,0.0,0.0
120901031005,2002,0.0,0.0,0.0
120901031005,2003,0.0,0.0,0.0
120901031005,2004,0.0,0.0,0.0
120901031005,2005,0.0,0.0,0.0
120901031005,2006,0.0,0.0,0.0
120901031005,2007,0.0,0.0,0.0
120901031005,2008,0.0,0.0,0.0
120901031005,2009,0.0,0.0,0.0
120901031005,2010,0.0,0.0,0.0
120901031005,2011,0.0,0.0,0.0
120901031005,2012,0.0,0.0,0.0
120901031005,2013,0.0,0.0,0.0
120901031005,2014,0.0,0.0,0.0
120901031005,2015,0.0,0.0,0.0
120901031005,2016,0.0,0.0,0.0
120901031005,2017,0.0,0.0,0.0
120901031005,2018,0.0,0.0,0.0
120901031005,2019,0.0,0.0,0.0
120901031005,2020,0.0,0.0,0.0
120901031006,2000,0.0,0.0,0.0
120901031006,2001,0.0,0.0,0.0
120901031006,2002,0.0,0.0,0.0
120901031006,2003,0.0,0.0,0.0
120901031006,2004,0.0,0.0,0.0
120901031006,2005,0.0,0.0,0.0
120901031006,2006,0.0,0.0,0.0
120901031006,2007,0.0,0.0,0.0
120901031006,2008,0.0,0.0,0.0
120901031006,2009,0.0,0.0,0.0
120901031006,2010,0.0,0.0,0.0
120901031006,2011,0.0,0.0,0.0
120901031006,2012,0.0,0.0,0.0
120901031006,2013,0.0,0.0,0.0
120901031006,2014,0.0,0.0,0.0
120901031006,2015,0.0,0.0,0.0
120901031006,2016,0.0,0.0,0.0
120901031006,2017,0.0,0.0,0.0
120901031006,2018,0.0,0.0,0.0
120901031006,2019,0.0,0.0,0.0
120901031006,2020,0.0,0.0,0.0
120901031101,2000,0.0,0.0,0.0
120901031101,2001,0.0,0.0,0.0
120901031101,2002,0.0,0.0,0.0
120901031101,2003,0.0,0.0,0.0
120901031101,2004,0.0,0.0,0.0
120901031101,2005,0.0,0.0,0.0
120901031101,2006,0.0,0.0,0.0
120901031101,2007,0.0,0.0,0.0
120901031101,2008,0.0,0.0,0.0
120901031101,2009,0.0,0.0,0.0
120901031101,2010,0.0,0.0,0.0
120901031101,2011,0.0,0.0,0.0
120901031101,2012,0.0,0.0,0.0
120901031101,2013,0.0,0.0,0.0
120901031101,2014,0.0,0.0,0.0
120901031101,2015,0.0,0.0,0.0
120901031101,2016,0.0,0.0,0.0
120901031101,2017,0.0,0.0,0.0
120901031101,2018,0.0,0.0,0.0
120901031101,2019,0.0,0.0,0.0
120901031101,2020,0.0,0.0,0.0
120901031102,2000,0.0,0.0,0.0
120901031102,2001,0.0,0.0,0.0
120901031102,2002,0.0,0.0,0.0
120901031102,2003,0.0,0.0,0.0
120901031102,2004,0.0,0.0,0.0
120901031102,2005,0.0,0.0,0.0
120901031102,2006,0.0,0.0,0.0
120901031102,2007,0.0,0.0,0.0
120901031102,2008,0.0,0.0,0.0
120901031102,2009,0.0,0.0,0.0
120901031102,2010,0.0,0.0,0.0
120901031102,2011,0.0,0.0,0.0
120901031102,2012,0.0,0.0,0.0
120901031102,2013,0.0,0.0,0.0
120901031102,2014,0.0,0.0,0.0
120901031102,2015,0.0,0.0,0.0
120901031102,2016,0.0,0.0,0.0
120901031102,2017,0.0,0.0,0.0
120901031102,2018,0.0,0.0,0.0
120901031102,2019,0.0,0.0,0.0
120901031102,2020,0.0,0.0,0.0
120901031103,2000,0.0,0.0,0.0
120901031103,2001,0.0,0.0,0.0
120901031103,2002,0.0,0.0,0.0
120901031103,2003,0.0,0.0,0.0
120901031103,2004,0.0,0.0,0.0
120901031103,2005,0.0,0.0,0.0
120901031103,2006,0.0,0.0,0.0
120901031103,2007,0.0,0.0,0.0
120901031103,2008,0.0,0.0,0.0
120901031103,2009,0.0,0.0,0.0
120901031103,2010,0.0,0.0,0.0
120901031103,2011,0.0,0.0,0.0
120901031103,2012,0.0,0.0,0.0
120901031103,2013,0.0,0.0,0.0
120901031103,2014,0.0,0.0,0.0
120901031103,2015,0.0,0.0,0.0
120901031103,2016,0.0,0.0,0.0
120901031103,2017,0.0,0.0,0.0
120901031103,2018,0.0,0.0,0.0
120901031103,2019,0.0,0.0,0.0
120901031103,2020,0.0,0.0,0.0
120901031104,2000,0.0,0.0,0.0
120901031104,2001,0.0,0.0,0.0
120901031104,2002,0.0,0.0,0.0
120901031104,2003,0.0,0.0,0.0
120901031104,2004,0.0,0.0,0.0
120901031104,2005,0.0,0.0,0.0
120901031104,2006,0.0,0.0,0.0
120901031104,2007,0.0,0.0,0.0
120901031104,2008,0.0,0.0,0.0
120901031104,2009,0.0,0.0,0.0
120901031104,2010,0.0,0.0,0.0
120901031104,2011,0.0,0.0,0.0
120901031104,2012,0.0,0.0,0.0
120901031104,2013,0.0,0.0,0.0
120901031104,2014,0.0,0.0,0.0
120901031104,2015,0.0,0.0,0.0
120901031104,2016,0.0,0.0,0.0
120901031104,2017,0.0,0.0,0.0
120901031104,2018,0.0,0.0,0.0
120901031104,2019,0.0,0.0,0.0
120901031104,2020,0.0,0.0,0.0
120901031105,2000,0.168381123,0.008418951,0.159961921
120901031105,2001,0.321680778,0.016084044,0.305596647
120901031105,2002,0.261861178,0.013093025,0.248768236
120901031105,2003,0.499257786,0.04043974,0.458817795
120901031105,2004,0.50964226,0.025482104,0.48416032
120901031105,2005,0.936011616,0.04680069,0.889211011
120901031105,2006,0.350283011,0.017514184,0.33276883
120901031105,2007,0.119458781,0.005972899,0.113485962
120901031105,2008,0.311415328,0.015570762,0.295844481
120901031105,2009,0.493123649,0.024656247,0.468467573
120901031105,2010,0.0,0.0,0.0
120901031105,2011,0.137478416,0.006873948,0.130604556
120901031105,2012,0.102719025,0.005136079,0.097583027
120901031105,2013,0.177042877,0.008852066,0.168190644
120901031105,2014,0.104437027,0.005221926,0.099215101
120901031105,2015,0.0,0.0,0.0
120901031105,2016,0.129676003,0.006483836,0.123192249
120901031105,2017,0.0,0.0,0.0
120901031105,2018,0.0,0.0,0.0
120901031105,2019,0.451244485,0.022562134,0.428682351
120901031105,2020,0.279463735,0.013973197,0.265490708
120901040101,2000,1.274609858,0.0,1.274609858
120901040101,2001,0.586802918,0.0,0.586802918
120901040101,2002,0.686508641,0.0,0.686508641
120901040101,2003,0.604190852,0.0,0.604190852
120901040101,2004,1.17735029,0.0,1.17735029
120901040101,2005,0.597219438,0.0,0.597219438
120901040101,2006,0.908025614,0.0,0.908025614
120901040101,2007,0.549718162,0.0,0.549718162
120901040101,2008,0.594848432,0.0,0.594848432
120901040101,2009,0.508662981,0.0,0.508662981
120901040101,2010,0.729157082,0.0,0.729157082
120901040101,2011,0.829533836,0.0,0.829533836
120901040101,2012,0.846719784,0.0,0.846719784
120901040101,2013,0.504065367,0.0,0.504065367
120901040101,2014,0.569062658,0.0,0.569062658
120901040101,2015,0.633196,0.0,0.633196
120901040101,2016,1.214778943,0.0,1.214778943
120901040101,2017,0.642360041,0.0,0.642360041
120901040101,2018,0.415090575,0.0,0.415090575
120901040101,2019,0.883415132,0.0,0.883415132
120901040101,2020,0.564200126,0.0,0.564200126
120901040102,2000,1.664621429,0.0,1.664621429
120901040102,2001,1.044178647,0.0,1.044178647
120901040102,2002,1.19611466,0.0,1.19611466
120901040102,2003,0.738863268,0.0,0.738863268
120901040102,2004,0.807813787,0.0,0.807813787
120901040102,2005,0.879942252,0.0,0.879942252
120901040102,2006,1.289624726,0.0,1.289624726
120901040102,2007,0.706755899,0.0,0.706755899
120901040102,2008,0.755541552,0.0,0.755541552
120901040102,2009,1.061596488,0.0,1.061596488
120901040102,2010,1.104675044,0.0,1.104675044
120901040102,2011,1.64401497,0.0,1.64401497
120901040102,2012,1.630198596,0.0,1.630198596
120901040102,2013,1.121245723,0.0,1.121245723
120901040102,2014,1.137867986,0.0,1.137867986
120901040102,2015,1.261021011,0.0,1.261021011
120901040102,2016,1.596499883,0.0,1.596499883
120901040102,2017,1.59792729,0.0,1.59792729
120901040102,2018,1.266913233,0.0,1.266913233
120901040102,2019,1.612983597,0.0,1.612983597
120901040102,2020,1.321660787,0.0,1.321660787
120901040103,2000,0.074776055,0.0,0.074776055
120901040103,2001,0.0,0.0,0.0
120901040103,2002,0.0,0.0,0.0
120901040103,2003,0.022746841,0.0,0.022746841
120901040103,2004,0.0,0.0,0.0
120901040103,2005,0.0,0.0,0.0
120901040103,2006,0.126497299,0.0,0.126497299
120901040103,2007,0.0,0.0,0.0
120901040103,2008,0.044814066,0.0,0.044814066
120901040103,2009,0.0,0.0,0.0
120901040103,2010,0.074830721,0.0,0.074830721
120901040103,2011,0.0,0.0,0.0
120901040103,2012,0.05824012,0.0,0.05824012
120901040103,2013,0.0,0.0,0.0
120901040103,2014,0.0,0.0,0.0
120901040103,2015,0.0,0.0,0.0
120901040103,2016,0.062789781,0.0,0.062789781
120901040103,2017,0.047462195,0.0,0.047462195
120901040103,2018,0.129489088,0.0,0.129489088
120901040103,2019,0.0,0.0,0.0
120901040103,2020,1.69e-07,0.0,1.69e-07
120901040104,2000,0.0,0.0,0.0
120901040104,2001,0.0,0.0,0.0
120901040104,2002,0.0,0.0,0.0
120901040104,2003,0.0,0.0,0.0
120901040104,2004,0.0,0.0,0.0
120901040104,2005,0.0,0.0,0.0
120901040104,2006,0.065701321,0.0,0.065701321
120901040104,2007,0.0,0.0,0.0
120901040104,2008,0.0,0.0,0.0
120901040104,2009,0.0,0.0,0.0
120901040104,2010,0.0,0.0,0.0
120901040104,2011,0.0,0.0,0.0
120901040104,2012,0.0,0.0,0.0
120901040104,2013,0.0,0.0,0.0
120901040104,2014,0.0,0.0,0.0
120901040104,2015,0.0,0.0,0.0
120901040104,2016,0.0,0.0,0.0
120901040104,2017,0.0,0.0,0.0
120901040104,2018,0.0,0.0,0.0
120901040104,2019,0.0,0.0,0.0
120901040104,2020,0.0,0.0,0.0
120901040105,2000,0.0,0.0,0.0
120901040105,2001,0.0,0.0,0.0
120901040105,2002,0.0,0.0,0.0
120901040105,2003,0.0,0.0,0.0
120901040105,2004,0.0,0.0,0.0
120901040105,2005,0.0,0.0,0.0
120901040105,2006,0.014348197,0.0,0.014348197
120901040105,2007,0.0,0.0,0.0
120901040105,2008,0.0,0.0,0.0
120901040105,2009,0.0,0.0,0.0
120901040105,2010,0.0,0.0,0.0
120901040105,2011,0.0,0.0,0.0
120901040105,2012,0.0,0.0,0.0
120901040105,2013,0.0,0.0,0.0
120901040105,2014,0.0,0.0,0.0
120901040105,2015,0.0,0.0,0.0
120901040105,2016,0.0,0.0,0.0
120901040105,2017,0.0,0.0,0.0
120901040105,2018,0.0,0.0,0.0
120901040105,2019,0.0,0.0,0.0
120901040105,2020,0.0,0.0,0.0
120901040106,2000,0.0,0.0,0.0
120901040106,2001,0.0,0.0,0.0
120901040106,2002,0.0,0.0,0.0
120901040106,2003,0.0,0.0,0.0
120901040106,2004,0.0,0.0,0.0
120901040106,2005,0.0,0.0,0.0
120901040106,2006,0.0,0.0,0.0
120901040106,2007,0.0,0.0,0.0
120901040106,2008,0.0,0.0,0.0
120901040106,2009,0.0,0.0,0.0
120901040106,2010,0.0,0.0,0.0
120901040106,2011,0.0,0.0,0.0
120901040106,2012,0.0,0.0,0.0
120901040106,2013,0.0,0.0,0.0
120901040106,2014,0.0,0.0,0.0
120901040106,2015,0.0,0.0,0.0
120901040106,2016,0.0,0.0,0.0
120901040106,2017,0.0,0.0,0.0
120901040106,2018,0.0,0.0,0.0
120901040106,2019,0.0,0.0,0.0
120901040106,2020,0.0,0.0,0.0
120901040107,2000,0.0,0.0,0.0
120901040107,2001,0.0,0.0,0.0
120901040107,2002,0.0,0.0,0.0
120901040107,2003,0.0,0.0,0.0
120901040107,2004,0.0,0.0,0.0
120901040107,2005,0.0,0.0,0.0
120901040107,2006,0.0,0.0,0.0
120901040107,2007,0.0,0.0,0.0
120901040107,2008,0.0,0.0,0.0
120901040107,2009,0.0,0.0,0.0
120901040107,2010,0.0,0.0,0.0
120901040107,2011,0.0,0.0,0.0
120901040107,2012,0.0,0.0,0.0
120901040107,2013,0.0,0.0,0.0
120901040107,2014,0.0,0.0,0.0
120901040107,2015,0.0,0.0,0.0
120901040107,2016,0.0,0.0,0.0
120901040107,2017,0.0,0.0,0.0
120901040107,2018,0.0,0.0,0.0
120901040107,2019,0.0,0.0,0.0
120901040107,2020,0.0,0.0,0.0
120901040108,2000,0.0,0.0,0.0
120901040108,2001,0.0,0.0,0.0
120901040108,2002,0.0,0.0,0.0
120901040108,2003,0.0,0.0,0.0
120901040108,2004,0.0,0.0,0.0
120901040108,2005,0.0,0.0,0.0
120901040108,2006,0.0,0.0,0.0
120901040108,2007,0.0,0.0,0.0
120901040108,2008,0.0,0.0,0.0
120901040108,2009,0.0,0.0,0.0
120901040108,2010,0.0,0.0,0.0
120901040108,2011,0.0,0.0,0.0
120901040108,2012,0.0,0.0,0.0
120901040108,2013,0.0,0.0,0.0
120901040108,2014,0.0,0.0,0.0
120901040108,2015,0.0,0.0,0.0
120901040108,2016,0.0,0.0,0.0
120901040108,2017,0.0,0.0,0.0
120901040108,2018,0.005481564,0.0,0.005481564
120901040108,2019,0.0,0.0,0.0
120901040108,2020,0.0,0.0,0.0
120901040201,2000,2.143357355,0.0,2.143357355
120901040201,2001,2.640740836,0.0,2.640740836
120901040201,2002,2.536137074,0.0,2.536137074
120901040201,2003,1.607967553,0.0,1.607967553
120901040201,2004,1.725651992,0.0,1.725651992
120901040201,2005,4.442616099,0.0,4.442616099
120901040201,2006,2.751961468,0.0,2.751961468
120901040201,2007,3.281905068,0.0,3.281905068
120901040201,2008,2.178977183,0.0,2.178977183
120901040201,2009,3.996874589,0.0,3.996874589
120901040201,2010,2.825618364,0.0,2.825618364
120901040201,2011,3.169467616,0.0,3.169467616
120901040201,2012,3.348024134,0.0,3.348024134
120901040201,2013,2.563891816,0.0,2.563891816
120901040201,2014,2.084438227,0.0,2.084438227
120901040201,2015,2.151556,0.0,2.151556
120901040201,2016,2.533401057,0.0,2.533401057
120901040201,2017,3.612398589,0.0,3.612398589
120901040201,2018,2.314064274,0.0,2.314064274
120901040201,2019,4.094270044,0.0,4.094270044
120901040201,2020,3.082099036,0.0,3.082099036
120901040202,2000,1.227538044,0.0,1.227538044
120901040202,2001,1.110136556,0.0,1.110136556
120901040202,2002,1.231857003,0.0,1.231857003
120901040202,2003,0.715926767,0.0,0.715926767
120901040202,2004,0.783993954,0.0,0.783993954
120901040202,2005,1.807642088,0.0,1.807642088
120901040202,2006,1.195672436,0.0,1.195672436
120901040202,2007,1.57605597,0.0,1.57605597
120901040202,2008,1.345755896,0.0,1.345755896
120901040202,2009,1.815611186,0.0,1.815611186
120901040202,2010,1.505418537,0.0,1.505418537
120901040202,2011,1.432984085,0.0,1.432984085
120901040202,2012,1.741144478,0.0,1.741144478
120901040202,2013,1.437740055,0.0,1.437740055
120901040202,2014,1.154396403,0.0,1.154396403
120901040202,2015,1.518806022,0.0,1.518806022
120901040202,2016,1.291769822,0.0,1.291769822
120901040202,2017,1.869339014,0.0,1.869339014
120901040202,2018,1.101026833,0.0,1.101026833
120901040202,2019,2.140790099,0.0,2.140790099
120901040202,2020,2.126581011,0.0,2.126581011
120901040203,2000,0.62645797,0.0,0.62645797
120901040203,2001,0.795549397,0.0,0.795549397
120901040203,2002,0.865301926,0.0,0.865301926
120901040203,2003,0.721112378,0.0,0.721112378
120901040203,2004,0.763497481,0.0,0.763497481
120901040203,2005,1.263915332,0.0,1.263915332
120901040203,2006,1.236674852,0.0,1.236674852
120901040203,2007,0.813450501,0.0,0.813450501
120901040203,2008,0.666738328,0.0,0.666738328
120901040203,2009,1.462610679,0.0,1.462610679
120901040203,2010,0.842561573,0.0,0.842561573
120901040203,2011,1.705906726,0.0,1.705906726
120901040203,2012,1.650302699,0.0,1.650302699
120901040203,2013,2.056346704,0.0,2.056346704
120901040203,2014,2.237090016,0.0,2.237090016
120901040203,2015,1.725672458,0.0,1.725672458
120901040203,2016,1.941132082,0.0,1.941132082
120901040203,2017,2.297313995,0.0,2.297313995
120901040203,2018,2.306210258,0.0,2.306210258
120901040203,2019,2.962736507,0.0,2.962736507
120901040203,2020,2.42073671,0.0,2.42073671
120901040204,2000,0.697166339,0.0,0.697166339
120901040204,2001,0.444997707,0.0,0.444997707
120901040204,2002,0.417482099,0.0,0.417482099
120901040204,2003,0.656058677,0.0,0.656058677
120901040204,2004,0.494198995,0.0,0.494198995
120901040204,2005,1.405568896,0.0,1.405568896
120901040204,2006,1.240602016,0.0,1.240602016
120901040204,2007,1.198096159,0.0,1.198096159
120901040204,2008,0.907898992,0.0,0.907898992
120901040204,2009,1.292846436,0.0,1.292846436
120901040204,2010,1.073177079,0.0,1.073177079
120901040204,2011,1.155857638,0.0,1.155857638
120901040204,2012,1.295627484,0.0,1.295627484
120901040204,2013,1.411054044,0.0,1.411054044
120901040204,2014,1.344943649,0.0,1.344943649
120901040204,2015,1.161836932,0.0,1.161836932
120901040204,2016,1.198434415,0.0,1.198434415
120901040204,2017,1.5732624,0.0,1.5732624
120901040204,2018,1.196942701,0.0,1.196942701
120901040204,2019,2.031374277,0.0,2.031374277
120901040204,2020,1.354787249,0.0,1.354787249
120901040205,2000,0.125759309,0.0,0.125759309
120901040205,2001,0.30287371,0.0,0.30287371
120901040205,2002,0.527663123,0.0,0.527663123
120901040205,2003,0.224033258,0.0,0.224033258
120901040205,2004,0.23233209,0.0,0.23233209
120901040205,2005,0.692028534,0.0,0.692028534
120901040205,2006,0.403248433,0.0,0.403248433
120901040205,2007,0.379982644,0.0,0.379982644
120901040205,2008,0.239204311,0.0,0.239204311
120901040205,2009,0.575499025,0.0,0.575499025
120901040205,2010,0.401160849,0.0,0.401160849
120901040205,2011,0.809742386,0.0,0.809742386
120901040205,2012,1.006357795,0.0,1.006357795
120901040205,2013,0.2989918,0.0,0.2989918
120901040205,2014,0.731608455,0.0,0.731608455
120901040205,2015,0.590193627,0.0,0.590193627
120901040205,2016,0.531406956,0.0,0.531406956
120901040205,2017,0.380052049,0.0,0.380052049
120901040205,2018,0.639906655,0.0,0.639906655
120901040205,2019,0.300770066,0.0,0.300770066
120901040205,2020,0.31432579,0.0,0.31432579
120901040206,2000,0.565173792,0.0,0.565173792
120901040206,2001,0.001831847,0.0,0.001831847
120901040206,2002,0.292328025,0.0,0.292328025
120901040206,2003,0.312055422,0.0,0.312055422
120901040206,2004,0.145576973,0.0,0.145576973
120901040206,2005,0.259436932,0.0,0.259436932
120901040206,2006,0.383657762,0.0,0.383657762
120901040206,2007,0.246708986,0.0,0.246708986
120901040206,2008,0.248549495,0.0,0.248549495
120901040206,2009,0.243269384,0.0,0.243269384
120901040206,2010,0.294780586,0.0,0.294780586
120901040206,2011,0.283676384,0.0,0.283676384
120901040206,2012,0.377164027,0.0,0.377164027
120901040206,2013,0.347994578,0.0,0.347994578
120901040206,2014,0.329048619,0.0,0.329048619
120901040206,2015,0.389856151,0.0,0.389856151
120901040206,2016,0.631708959,0.0,0.631708959
120901040206,2017,0.462266534,0.0,0.462266534
120901040206,2018,0.304359208,0.0,0.304359208
120901040206,2019,0.411761203,0.0,0.411761203
120901040206,2020,0.363087156,0.0,0.363087156
120901040207,2000,0.0,0.0,0.0
120901040207,2001,0.0,0.0,0.0
120901040207,2002,0.0,0.0,0.0
120901040207,2003,0.109081526,0.0,0.109081526
120901040207,2004,0.0,0.0,0.0
120901040207,2005,0.380417622,0.0,0.380417622
120901040207,2006,0.0,0.0,0.0
120901040207,2007,0.0,0.0,0.0
120901040207,2008,0.0,0.0,0.0
120901040207,2009,0.102897293,0.0,0.102897293
120901040207,2010,0.340188584,0.0,0.340188584
120901040207,2011,0.505585912,0.0,0.505585912
120901040207,2012,0.340266221,0.0,0.340266221
120901040207,2013,0.063264085,0.0,0.063264085
120901040207,2014,0.010036304,0.0,0.010036304
120901040207,2015,0.129397101,0.0,0.129397101
120901040207,2016,0.707567945,0.0,0.707567945
120901040207,2017,0.491066874,0.0,0.491066874
120901040207,2018,0.205145619,0.0,0.205145619
120901040207,2019,1.098521058,0.0,1.098521058
120901040207,2020,0.634765639,0.0,0.634765639
120901040301,2000,0.053394333,0.0,0.053394333
120901040301,2001,0.0,0.0,0.0
120901040301,2002,0.0,0.0,0.0
120901040301,2003,0.0,0.0,0.0
120901040301,2004,0.0,0.0,0.0
120901040301,2005,0.0,0.0,0.0
120901040301,2006,0.005017422,0.0,0.005017422
120901040301,2007,0.0,0.0,0.0
120901040301,2008,0.002296514,0.0,0.002296514
120901040301,2009,0.0,0.0,0.0
120901040301,2010,0.0,0.0,0.0
120901040301,2011,0.0,0.0,0.0
120901040301,2012,0.040155117,0.0,0.040155117
120901040301,2013,0.021913866,0.0,0.021913866
120901040301,2014,0.0,0.0,0.0
120901040301,2015,0.0,0.0,0.0
120901040301,2016,0.0,0.0,0.0
120901040301,2017,0.012102523,0.0,0.012102523
120901040301,2018,0.02570677,0.0,0.02570677
120901040301,2019,0.02420969,0.0,0.02420969
120901040301,2020,0.0,0.0,0.0
120901040302,2000,0.0,0.0,0.0
120901040302,2001,0.0,0.0,0.0
120901040302,2002,0.0,0.0,0.0
120901040302,2003,0.0,0.0,0.0
120901040302,2004,0.0,0.0,0.0
120901040302,2005,0.0,0.0,0.0
120901040302,2006,0.0,0.0,0.0
120901040302,2007,0.0,0.0,0.0
120901040302,2008,0.0,0.0,0.0
120901040302,2009,0.0,0.0,0.0
120901040302,2010,0.0,0.0,0.0
120901040302,2011,0.150204312,0.0,0.150204312
120901040302,2012,0.068460139,0.0,0.068460139
120901040302,2013,0.0,0.0,0.0
120901040302,2014,0.0,0.0,0.0
120901040302,2015,0.0,0.0,0.0
120901040302,2016,0.0,0.0,0.0
120901040302,2017,0.0,0.0,0.0
120901040302,2018,0.0,0.0,0.0
120901040302,2019,0.0,0.0,0.0
120901040302,2020,0.28323288,0.0,0.28323288
120901040303,2000,0.0,0.0,0.0
120901040303,2001,0.0,0.0,0.0
120901040303,2002,0.0,0.0,0.0
120901040303,2003,0.0,0.0,0.0
120901040303,2004,0.0,0.0,0.0
120901040303,2005,0.0,0.0,0.0
120901040303,2006,0.0,0.0,0.0
120901040303,2007,0.0,0.0,0.0
120901040303,2008,0.045629648,0.0,0.045629648
120901040303,2009,0.0,0.0,0.0
120901040303,2010,0.0,0.0,0.0
120901040303,2011,0.0,0.0,0.0
120901040303,2012,0.018718399,0.0,0.018718399
120901040303,2013,0.0,0.0,0.0
120901040303,2014,0.0,0.0,0.0
120901040303,2015,0.0,0.0,0.0
120901040303,2016,0.0,0.0,0.0
120901040303,2017,0.0,0.0,0.0
120901040303,2018,0.0,0.0,0.0
120901040303,2019,0.007275126,0.0,0.007275126
120901040303,2020,0.0,0.0,0.0
120901040304,2000,0.0,0.0,0.0
120901040304,2001,0.0,0.0,0.0
120901040304,2002,0.0,0.0,0.0
120901040304,2003,0.0,0.0,0.0
120901040304,2004,0.0,0.0,0.0
120901040304,2005,0.0,0.0,0.0
120901040304,2006,0.0,0.0,0.0
120901040304,2007,0.0,0.0,0.0
120901040304,2008,0.007545279,0.0,0.007545279
120901040304,2009,0.0,0.0,0.0
120901040304,2010,0.0,0.0,0.0
120901040304,2011,0.0,0.0,0.0
120901040304,2012,0.0,0.0,0.0
120901040304,2013,0.0,0.0,0.0
120901040304,2014,0.0,0.0,0.0
120901040304,2015,0.0,0.0,0.0
120901040304,2016,0.0,0.0,0.0
120901040304,2017,0.0,0.0,0.0
120901040304,2018,0.0,0.0,0.0
120901040304,2019,0.0,0.0,0.0
120901040304,2020,0.0,0.0,0.0
120901040305,2000,0.0,0.0,0.0
120901040305,2001,0.0,0.0,0.0
120901040305,2002,0.0,0.0,0.0
120901040305,2003,0.0,0.0,0.0
120901040305,2004,0.0,0.0,0.0
120901040305,2005,0.044847844,0.0,0.044847844
120901040305,2006,0.0,0.0,0.0
120901040305,2007,0.025156945,0.0,0.025156945
120901040305,2008,0.026798639,0.0,0.026798639
120901040305,2009,0.0,0.0,0.0
120901040305,2010,0.0,0.0,0.0
120901040305,2011,0.049453504,0.0,0.049453504
120901040305,2012,0.025204224,0.0,0.025204224
120901040305,2013,0.0,0.0,0.0
120901040305,2014,0.0,0.0,0.0
120901040305,2015,0.0,0.0,0.0
120901040305,2016,0.0,0.0,0.0
120901040305,2017,0.121065156,0.0,0.121065156
120901040305,2018,0.0,0.0,0.0
120901040305,2019,0.078034099,0.0,0.078034099
120901040305,2020,0.046412016,0.0,0.046412016
120901040306,2000,0.0,0.0,0.0
120901040306,2001,0.0,0.0,0.0
120901040306,2002,0.0,0.0,0.0
120901040306,2003,0.0,0.0,0.0
120901040306,2004,0.0,0.0,0.0
120901040306,2005,0.0,0.0,0.0
120901040306,2006,0.0,0.0,0.0
120901040306,2007,0.0,0.0,0.0
120901040306,2008,0.0,0.0,0.0
120901040306,2009,0.0,0.0,0.0
120901040306,2010,0.0,0.0,0.0
120901040306,2011,0.0,0.0,0.0
120901040306,2012,0.0,0.0,0.0
120901040306,2013,0.0,0.0,0.0
120901040306,2014,0.0,0.0,0.0
120901040306,2015,0.0,0.0,0.0
120901040306,2016,0.0,0.0,0.0
120901040306,2017,0.0,0.0,0.0
120901040306,2018,0.0,0.0,0.0
120901040306,2019,0.012167197,0.0,0.012167197
120901040306,2020,0.017143861,0.0,0.017143861
120901040401,2000,0.0,0.0,0.0
120901040401,2001,0.0,0.0,0.0
120901040401,2002,0.0,0.0,0.0
120901040401,2003,0.0,0.0,0.0
120901040401,2004,0.0,0.0,0.0
120901040401,2005,0.0,0.0,0.0
120901040401,2006,0.0,0.0,0.0
120901040401,2007,0.0,0.0,0.0
120901040401,2008,0.0,0.0,0.0
120901040401,2009,0.0,0.0,0.0
120901040401,2010,0.0,0.0,0.0
120901040401,2011,0.0,0.0,0.0
120901040401,2012,0.0,0.0,0.0
120901040401,2013,0.0,0.0,0.0
120901040401,2014,0.0,0.0,0.0
120901040401,2015,0.0,0.0,0.0
120901040401,2016,0.0,0.0,0.0
120901040401,2017,0.0,0.0,0.0
120901040401,2018,0.0,0.0,0.0
120901040401,2019,0.0,0.0,0.0
120901040401,2020,0.0,0.0,0.0
120901040402,2000,0.0,0.0,0.0
120901040402,2001,0.0,0.0,0.0
120901040402,2002,0.0,0.0,0.0
120901040402,2003,0.0,0.0,0.0
120901040402,2004,0.0,0.0,0.0
120901040402,2005,0.042819641,0.0,0.042819641
120901040402,2006,0.0,0.0,0.0
120901040402,2007,0.0,0.0,0.0
120901040402,2008,0.0,0.0,0.0
120901040402,2009,0.0,0.0,0.0
120901040402,2010,0.0,0.0,0.0
120901040402,2011,0.014030104,0.0,0.014030104
120901040402,2012,0.023250167,0.0,0.023250167
120901040402,2013,0.0,0.0,0.0
120901040402,2014,0.0,0.0,0.0
120901040402,2015,0.0,0.0,0.0
120901040402,2016,0.0,0.0,0.0
120901040402,2017,0.0,0.0,0.0
120901040402,2018,0.0,0.0,0.0
120901040402,2019,0.0,0.0,0.0
120901040402,2020,0.0,0.0,0.0
120901040403,2000,0.0,0.0,0.0
120901040403,2001,0.0,0.0,0.0
120901040403,2002,0.0,0.0,0.0
120901040403,2003,0.0,0.0,0.0
120901040403,2004,0.0,0.0,0.0
120901040403,2005,0.0,0.0,0.0
120901040403,2006,0.0,0.0,0.0
120901040403,2007,0.0,0.0,0.0
120901040403,2008,0.0,0.0,0.0
120901040403,2009,0.0,0.0,0.0
120901040403,2010,0.0,0.0,0.0
120901040403,2011,0.0,0.0,0.0
120901040403,2012,0.0,0.0,0.0
120901040403,2013,0.0,0.0,0.0
120901040403,2014,0.0,0.0,0.0
120901040403,2015,0.0,0.0,0.0
120901040403,2016,0.0,0.0,0.0
120901040403,2017,0.0,0.0,0.0
120901040403,2018,0.0,0.0,0.0
120901040403,2019,0.0,0.0,0.0
120901040403,2020,0.0,0.0,0.0
120901040404,2000,0.0,0.0,0.0
120901040404,2001,0.0,0.0,0.0
120901040404,2002,0.0,0.0,0.0
120901040404,2003,0.0,0.0,0.0
120901040404,2004,0.0,0.0,0.0
120901040404,2005,0.0,0.0,0.0
120901040404,2006,0.0,0.0,0.0
120901040404,2007,0.0,0.0,0.0
120901040404,2008,0.0,0.0,0.0
120901040404,2009,0.0,0.0,0.0
120901040404,2010,0.0,0.0,0.0
120901040404,2011,0.0,0.0,0.0
120901040404,2012,0.0,0.0,0.0
120901040404,2013,0.0,0.0,0.0
120901040404,2014,0.0,0.0,0.0
120901040404,2015,0.0,0.0,0.0
120901040404,2016,0.0,0.0,0.0
120901040404,2017,0.0,0.0,0.0
120901040404,2018,0.0,0.0,0.0
120901040404,2019,0.0,0.0,0.0
120901040404,2020,0.0,0.0,0.0
120901040405,2000,0.0,0.0,0.0
120901040405,2001,0.0,0.0,0.0
120901040405,2002,0.0,0.0,0.0
120901040405,2003,0.0,0.0,0.0
120901040405,2004,0.0,0.0,0.0
120901040405,2005,0.0,0.0,0.0
120901040405,2006,0.0,0.0,0.0
120901040405,2007,0.0,0.0,0.0
120901040405,2008,0.0,0.0,0.0
120901040405,2009,0.0,0.0,0.0
120901040405,2010,0.0,0.0,0.0
120901040405,2011,0.0,0.0,0.0
120901040405,2012,0.0,0.0,0.0
120901040405,2013,0.0,0.0,0.0
120901040405,2014,0.0,0.0,0.0
120901040405,2015,0.0,0.0,0.0
120901040405,2016,0.0,0.0,0.0
120901040405,2017,0.0,0.0,0.0
120901040405,2018,0.0,0.0,0.0
120901040405,2019,0.0,0.0,0.0
120901040405,2020,0.0,0.0,0.0
120901040406,2000,0.0,0.0,0.0
120901040406,2001,0.0,0.0,0.0
120901040406,2002,0.0,0.0,0.0
120901040406,2003,0.0,0.0,0.0
120901040406,2004,0.0,0.0,0.0
120901040406,2005,0.0,0.0,0.0
120901040406,2006,0.0,0.0,0.0
120901040406,2007,0.0,0.0,0.0
120901040406,2008,0.0,0.0,0.0
120901040406,2009,0.0,0.0,0.0
120901040406,2010,0.0,0.0,0.0
120901040406,2011,0.0,0.0,0.0
120901040406,2012,0.0,0.0,0.0
120901040406,2013,0.0,0.0,0.0
120901040406,2014,0.0,0.0,0.0
120901040406,2015,0.0,0.0,0.0
120901040406,2016,0.0,0.0,0.0
120901040406,2017,0.0,0.0,0.0
120901040406,2018,0.0,0.0,0.0
120901040406,2019,0.010868545,0.0,0.010868545
120901040406,2020,0.0,0.0,0.0
120901040407,2000,0.011139776,0.0,0.011139776
120901040407,2001,0.0,0.0,0.0
120901040407,2002,0.008459499,0.0,0.008459499
120901040407,2003,0.0,0.0,0.0
120901040407,2004,0.0,0.0,0.0
120901040407,2005,0.0,0.0,0.0
120901040407,2006,0.0,0.0,0.0
120901040407,2007,0.0,0.0,0.0
120901040407,2008,0.0,0.0,0.0
120901040407,2009,0.0,0.0,0.0
120901040407,2010,0.0,0.0,0.0
120901040407,2011,0.0,0.0,0.0
120901040407,2012,0.0,0.0,0.0
120901040407,2013,0.0,0.0,0.0
120901040407,2014,0.014059088,0.0,0.014059088
120901040407,2015,0.0,0.0,0.0
120901040407,2016,0.0,0.0,0.0
120901040407,2017,0.0,0.0,0.0
120901040407,2018,0.0,0.0,0.0
120901040407,2019,0.023562553,0.00042417,0.023138551
120901040407,2020,0.0,0.0,0.0
120901040408,2000,0.415066809,0.0,0.415066809
120901040408,2001,0.0,0.0,0.0
120901040408,2002,0.202615038,0.0,0.202615038
120901040408,2003,0.0,0.0,0.0
120901040408,2004,0.0,0.0,0.0
120901040408,2005,0.0,0.0,0.0
120901040408,2006,0.0,0.0,0.0
120901040408,2007,0.0,0.0,0.0
120901040408,2008,0.0,0.0,0.0
120901040408,2009,0.0,0.0,0.0
120901040408,2010,0.0,0.0,0.0
120901040408,2011,0.16687334,0.0,0.16687334
120901040408,2012,0.0,0.0,0.0
120901040408,2013,0.0,0.0,0.0
120901040408,2014,0.392511044,0.0,0.392511044
120901040408,2015,0.0,0.0,0.0
120901040408,2016,0.0,0.0,0.0
120901040408,2017,0.0,0.0,0.0
120901040408,2018,0.0,0.0,0.0
120901040408,2019,0.513166742,0.004105266,0.509061477
120901040408,2020,0.0,0.0,0.0
120901040501,2000,0.290288623,0.014514511,0.275774197
120901040501,2001,0.0,0.0,0.0
120901040501,2002,0.214890162,0.010744545,0.204145616
120901040501,2003,0.0,0.0,0.0
120901040501,2004,0.0,0.0,0.0
120901040501,2005,0.0,0.0,0.0
120901040501,2006,0.0,0.0,0.0
120901040501,2007,0.0,0.0,0.0
120901040501,2008,0.0,0.0,0.0
120901040501,2009,0.0,0.0,0.0
120901040501,2010,0.0,0.0,0.0
120901040501,2011,0.282309959,0.014115636,0.268194573
120901040501,2012,0.456401656,0.022819978,0.433581511
120901040501,2013,0.0,0.0,0.0
120901040501,2014,0.309266301,0.015463386,0.293803167
120901040501,2015,0.0,0.0,0.0
120901040501,2016,0.0,0.0,0.0
120901040501,2017,0.0,0.0,0.0
120901040501,2018,0.0,0.0,0.0
120901040501,2019,0.415668427,0.019951942,0.395716236
120901040501,2020,0.0,0.0,0.0
120901040502,2000,0.120199071,0.006009975,0.114189262
120901040502,2001,0.0,0.0,0.0
120901040502,2002,0.0,0.0,0.0
120901040502,2003,0.0,0.0,0.0
120901040502,2004,0.0,0.0,0.0
120901040502,2005,0.04385989,0.00219306,0.041666912
120901040502,2006,0.143374559,0.007168688,0.136205789
120901040502,2007,0.08876706,0.004438356,0.084328701
120901040502,2008,0.078655175,0.003932702,0.074722467
120901040502,2009,0.087981932,0.004399082,0.083582764
120901040502,2010,0.105123866,0.005256299,0.099867652
120901040502,2011,0.284915814,0.014245825,0.270670077
120901040502,2012,0.224976292,0.011248874,0.213727505
120901040502,2013,0.200453896,0.010022619,0.190431192
120901040502,2014,0.204770468,0.010238342,0.194531959
120901040502,2015,0.086871378,0.004343529,0.082527849
120901040502,2016,0.084823749,0.004241128,0.080582617
120901040502,2017,0.0,0.0,0.0
120901040502,2018,0.125416293,0.006270855,0.119145603
120901040502,2019,0.232461953,0.011623044,0.220838745
120901040502,2020,0.079100369,0.003954964,0.075145322
120901040503,2000,0.059509055,0.002975549,0.056533839
120901040503,2001,0.0,0.0,0.0
120901040503,2002,0.079665436,0.003983184,0.075682082
120901040503,2003,0.074574488,0.003728718,0.07084569
120901040503,2004,0.113964022,0.005698183,0.108265754
120901040503,2005,0.016955721,0.000847795,0.016107929
120901040503,2006,0.002529512,0.000126449,0.00240306
120901040503,2007,0.030698375,0.001534805,0.029163488
120901040503,2008,0.025012904,0.001250667,0.023762489
120901040503,2009,0.147005564,0.007350227,0.139655337
120901040503,2010,0.000789581,3.9575e-05,0.000750175
120901040503,2011,0.09053154,0.004526529,0.086004844
120901040503,2012,0.133003959,0.006650186,0.126353689
120901040503,2013,0.0,0.0,0.0
120901040503,2014,0.098624704,0.004931222,0.093693564
120901040503,2015,0.046379715,0.002319044,0.044060671
120901040503,2016,0.054129049,0.002706484,0.051422735
120901040503,2017,0.0,0.0,0.0
120901040503,2018,0.315212775,0.015760518,0.29945226
120901040503,2019,0.089873759,0.004493616,0.08538031
120901040503,2020,0.454218661,0.022710943,0.43150747
120901040504,2000,0.0,0.0,0.0
120901040504,2001,0.0,0.0,0.0
120901040504,2002,0.0,0.0,0.0
120901040504,2003,0.0,0.0,0.0
120901040504,2004,0.0,0.0,0.0
120901040504,2005,0.0,0.0,0.0
120901040504,2006,0.0,0.0,0.0
120901040504,2007,0.0,0.0,0.0
120901040504,2008,0.0,0.0,0.0
120901040504,2009,0.0,0.0,0.0
120901040504,2010,0.0,0.0,0.0
120901040504,2011,0.0,0.0,0.0
120901040504,2012,0.0,0.0,0.0
120901040504,2013,0.0,0.0,0.0
120901040504,2014,0.0,0.0,0.0
120901040504,2015,0.0,0.0,0.0
120901040504,2016,0.0,0.0,0.0
120901040504,2017,0.0,0.0,0.0
120901040504,2018,0.0,0.0,0.0
120901040504,2019,0.013990641,0.000699537,0.013291022
120901040504,2020,0.0,0.0,0.0
120901040505,2000,0.0,0.0,0.0
120901040505,2001,0.0,0.0,0.0
120901040505,2002,0.0,0.0,0.0
120901040505,2003,0.0,0.0,0.0
120901040505,2004,0.0,0.0,0.0
120901040505,2005,0.0,0.0,0.0
120901040505,2006,0.0,0.0,0.0
120901040505,2007,0.0,0.0,0.0
120901040505,2008,0.0,0.0,0.0
120901040505,2009,0.0,0.0,0.0
120901040505,2010,0.0,0.0,0.0
120901040505,2011,0.0,0.0,0.0
120901040505,2012,0.0,0.0,0.0
120901040505,2013,0.0,0.0,0.0
120901040505,2014,0.0,0.0,0.0
120901040505,2015,0.0,0.0,0.0
120901040505,2016,0.0,0.0,0.0
120901040505,2017,0.0,0.0,0.0
120901040505,2018,0.0,0.0,0.0
120901040505,2019,0.0,0.0,0.0
120901040505,2020,0.0,0.0,0.0
120901040506,2000,0.486322399,0.024316126,0.462006268
120901040506,2001,0.127350619,0.006367542,0.120983077
120901040506,2002,0.191626841,0.009581436,0.182045405
120901040506,2003,0.287806121,0.014390211,0.27341591
120901040506,2004,0.334979661,0.016748981,0.318230762
120901040506,2005,0.307159734,0.015358052,0.291801932
120901040506,2006,0.633246227,0.031662384,0.601583929
120901040506,2007,0.13466777,0.006733334,0.127934436
120901040506,2008,0.489009421,0.024450475,0.464559115
120901040506,2009,0.566350033,0.028317605,0.538032595
120901040506,2010,0.513130674,0.025656512,0.487474077
120901040506,2011,0.770903195,0.03854517,0.732358025
120901040506,2012,0.447904779,0.02239509,0.42550944
120901040506,2013,0.30793717,0.015396795,0.292540373
120901040506,2014,0.400882211,0.02004406,0.380838151
120901040506,2015,0.401319679,0.020065953,0.381253556
120901040506,2016,0.0,0.0,0.0
120901040506,2017,0.288472551,0.014423573,0.274048978
120901040506,2018,0.303435216,0.015171827,0.288263471
120901040506,2019,0.408296814,0.02041489,0.38788209
120901040506,2020,1.103090544,0.055154634,1.047935904
120901040507,2000,0.151526014,0.007576325,0.143949858
120901040507,2001,0.0,0.0,0.0
120901040507,2002,0.0,0.0,0.0
120901040507,2003,0.135818745,0.006790918,0.12902783
120901040507,2004,0.157594934,0.007879855,0.149715077
120901040507,2005,0.328664688,0.01643309,0.312231512
120901040507,2006,0.0,0.0,0.0
120901040507,2007,0.177793696,0.008889608,0.168904
120901040507,2008,0.135441989,0.006772257,0.128669817
120901040507,2009,0.158504441,0.007925197,0.150579159
120901040507,2010,0.015608225,0.00078037,0.01482794
120901040507,2011,0.254780929,0.012739041,0.242041885
120901040507,2012,0.194028437,0.009701243,0.184327027
120901040507,2013,0.0,0.0,0.0
120901040507,2014,0.0,0.0,0.0
120901040507,2015,0.11831194,0.005915597,0.112396342
120901040507,2016,0.0,0.0,0.0
120901040507,2017,0.0,0.0,0.0
120901040507,2018,0.0,0.0,0.0
120901040507,2019,0.0,0.0,0.0
120901040507,2020,0.654515798,0.032725954,0.621789847
120901040508,2000,0.176441038,0.008822066,0.167618967
120901040508,2001,0.0,0.0,0.0
120901040508,2002,0.0,0.0,0.0
120901040508,2003,0.136544679,0.006827405,0.129717438
120901040508,2004,0.175489383,0.008774404,0.166715148
120901040508,2005,0.253942164,0.012697112,0.241245134
120901040508,2006,0.0,0.0,0.0
120901040508,2007,0.184074633,0.009203707,0.174870926
120901040508,2008,0.169470115,0.008473527,0.160996503
120901040508,2009,0.134565784,0.006728392,0.127837562
120901040508,2010,0.275061195,0.013753077,0.261308118
120901040508,2011,0.355878759,0.017793904,0.338084855
120901040508,2012,0.0,0.0,0.0
120901040508,2013,0.0,0.0,0.0
120901040508,2014,0.0,0.0,0.0
120901040508,2015,0.0,0.0,0.0
120901040508,2016,0.0,0.0,0.0
120901040508,2017,0.0,0.0,0.0
120901040508,2018,0.0,0.0,0.0
120901040508,2019,0.0,0.0,0.0
120901040508,2020,0.0,0.0,0.0
120901040509,2000,0.0,0.0,0.0
120901040509,2001,0.0,0.0,0.0
120901040509,2002,0.0,0.0,0.0
120901040509,2003,0.0474504,0.00237257,0.045077748
120901040509,2004,0.0,0.0,0.0
120901040509,2005,0.166501932,0.00832514,0.158176874
120901040509,2006,0.0,0.0,0.0
120901040509,2007,0.021109721,0.001055542,0.020054348
120901040509,2008,0.027580066,0.001378893,0.026201005
120901040509,2009,0.0,0.0,0.0
120901040509,2010,0.092003773,0.004600148,0.087403627
120901040509,2011,0.0,0.0,0.0
120901040509,2012,0.0,0.0,0.0
120901040509,2013,0.0,0.0,0.0
120901040509,2014,0.0,0.0,0.0
120901040509,2015,0.0,0.0,0.0
120901040509,2016,0.0,0.0,0.0
120901040509,2017,0.0,0.0,0.0
120901040509,2018,0.0,0.0,0.0
120901040509,2019,0.0,0.0,0.0
120901040509,2020,0.0,0.0,0.0
120901040510,2000,0.0,0.0,0.0
120901040510,2001,0.0,0.0,0.0
120901040510,2002,0.0,0.0,0.0
120901040510,2003,0.0,0.0,0.0
120901040510,2004,0.0,0.0,0.0
120901040510,2005,0.0,0.0,0.0
120901040510,2006,0.0,0.0,0.0
120901040510,2007,0.0,0.0,0.0
120901040510,2008,0.0,0.0,0.0
120901040510,2009,0.0,0.0,0.0
120901040510,2010,0.0,0.0,0.0
120901040510,2011,0.0,0.0,0.0
120901040510,2012,0.0,0.0,0.0
120901040510,2013,0.0,0.0,0.0
120901040510,2014,0.0,0.0,0.0
120901040510,2015,0.0,0.0,0.0
120901040510,2016,0.0,0.0,0.0
120901040510,2017,0.0,0.0,0.0
120901040510,2018,0.0,0.0,0.0
120901040510,2019,0.0,0.0,0.0
120901040510,2020,0.020056243,0.001002828,0.019053333
120901050101,2000,0.521825727,0.026091145,0.495734582
120901050101,2001,1.306843636,0.065342225,1.241501581
120901050101,2002,0.435994597,0.021799712,0.414194718
120901050101,2003,0.861152658,0.043057614,0.818095038
120901050101,2004,0.426814858,0.021340738,0.405474202
120901050101,2005,0.750719825,0.037535978,0.713183762
120901050101,2006,1.32070974,0.06603537,1.25467437
120901050101,2007,1.471170063,0.073558515,1.397611463
120901050101,2008,1.558430615,0.077921497,1.480509036
120901050101,2009,1.238688121,0.061934452,1.176753838
120901050101,2010,1.704465129,0.085223151,1.619241723
120901050101,2011,1.457082474,0.072854181,1.384228463
120901050101,2012,1.100869844,0.055043475,1.045826454
120901050101,2013,1.479930044,0.073996545,1.405933419
120901050101,2014,1.324931088,0.066246496,1.258684507
120901050101,2015,0.84451334,0.042225784,0.802287638
120901050101,2016,1.182562508,0.059128079,1.123434429
120901050101,2017,1.008704211,0.050435279,0.95826894
120901050101,2018,1.040780696,0.052039008,0.988741605
120901050101,2019,1.955850578,0.097792619,1.858058041
120901050101,2020,1.632211568,0.081610454,1.550600784
120901050102,2000,3.280366265,0.16401832,3.116348022
120901050102,2001,3.304501529,0.1652252,3.139276666
120901050102,2002,4.259606912,0.212980353,4.046626726
120901050102,2003,4.099457304,0.20497289,3.894484499
120901050102,2004,4.406091844,0.220304519,4.18578724
120901050102,2005,5.221067948,0.261053329,4.960014364
120901050102,2006,10.476901532,0.523845164,9.953056367
120901050102,2007,8.826149501,0.441307312,8.38484194
120901050102,2008,7.228440473,0.361421989,6.867018314
120901050102,2009,7.535887537,0.37679446,7.159093077
120901050102,2010,10.492890693,0.524644518,9.968246342
120901050102,2011,9.031250427,0.451562548,8.579687879
120901050102,2012,7.204365986,0.360218232,6.844147421
120901050102,2013,9.578009573,0.478900345,9.099108811
120901050102,2014,11.72092057,0.586045962,11.134874611
120901050102,2015,8.286677715,0.414334016,7.872343866
120901050102,2016,8.097029287,0.404851399,7.692177798
120901050102,2017,8.238632011,0.411931556,7.826700373
120901050102,2018,8.72589297,0.436294641,8.289598247
120901050102,2019,12.054221874,0.602711077,11.451510712
120901050102,2020,11.29900591,0.564950295,10.734055781
120901050103,2000,0.776874148,0.038843691,0.738030456
120901050103,2001,0.787613551,0.039380677,0.748232959
120901050103,2002,0.688710737,0.034435425,0.654275145
120901050103,2003,0.594106115,0.029705205,0.564400995
120901050103,2004,0.403336175,0.020166844,0.383169246
120901050103,2005,0.613680364,0.03068406,0.582996389
120901050103,2006,1.30462646,0.065231356,1.239395186
120901050103,2007,0.416234077,0.020811745,0.395422581
120901050103,2008,0.76606279,0.038303055,0.727759571
120901050103,2009,0.712138614,0.035606973,0.676531641
120901050103,2010,1.093294367,0.0546648,1.038629652
120901050103,2011,1.485629164,0.074281444,1.411347805
120901050103,2012,1.665403399,0.083270096,1.582133303
120901050103,2013,1.612875192,0.080643789,1.532231236
120901050103,2014,1.734147521,0.086707315,1.647440041
120901050103,2015,0.961564414,0.048078178,0.913486068
120901050103,2016,1.200681385,0.060034063,1.140647243
120901050103,2017,0.896001074,0.044800022,0.851201047
120901050103,2018,1.490571115,0.074528411,1.416042455
120901050103,2019,1.290082956,0.064504219,1.225578822
120901050103,2020,1.852068279,0.092603481,1.75946488
120901050104,2000,0.200118454,0.010006071,0.190112628
120901050104,2001,0.361971156,0.018098633,0.343872693
120901050104,2002,0.160134293,0.008006679,0.152127696
120901050104,2003,0.31370089,0.015685096,0.298015964
120901050104,2004,0.135045732,0.006752254,0.128293478
120901050104,2005,0.219176896,0.010958795,0.208217849
120901050104,2006,0.468841866,0.023442077,0.44539954
120901050104,2007,0.16553371,0.008276726,0.157257068
120901050104,2008,0.293795183,0.014689847,0.279105505
120901050104,2009,0.3398684,0.016993353,0.322874797
120901050104,2010,0.304154893,0.015207784,0.288947112
120901050104,2011,0.608533907,0.030426666,0.578107241
120901050104,2012,0.266443251,0.01332218,0.25312124
120901050104,2013,0.625143847,0.031257184,0.593886581
120901050104,2014,0.681752082,0.034087482,0.647664351
120901050104,2015,0.550657181,0.027532868,0.523124318
120901050104,2016,0.349719142,0.017485863,0.332233197
120901050104,2017,0.355349071,0.01776754,0.337581611
120901050104,2018,0.61640817,0.030820414,0.585587841
120901050104,2019,0.539397995,0.026969855,0.512428225
120901050104,2020,0.975085866,0.048754227,0.926331475
120901050105,2000,2.148483626,0.10742421,2.041059579
120901050105,2001,4.693964797,0.234698427,4.459266537
120901050105,2002,3.185231323,0.159261521,3.02596997
120901050105,2003,4.508903797,0.225445118,4.283458512
120901050105,2004,3.096235997,0.154811954,2.941424295
120901050105,2005,4.062036222,0.203101855,3.858934455
120901050105,2006,6.550595345,0.327530011,6.223065419
120901050105,2007,5.214140411,0.260707022,4.953433474
120901050105,2008,4.209427995,0.210471352,3.998956724
120901050105,2009,4.33120903,0.216560474,4.114648559
120901050105,2010,7.146726362,0.35733623,6.789390132
120901050105,2011,7.12290989,0.356145397,6.766764493
120901050105,2012,5.283094404,0.26415482,5.018939667
120901050105,2013,5.740335942,0.287016707,5.453318981
120901050105,2014,6.891641595,0.344582005,6.547059507
120901050105,2015,5.906120419,0.295306025,5.610814479
120901050105,2016,4.616524038,0.230826156,4.38569797
120901050105,2017,4.925849984,0.246292299,4.679557444
120901050105,2018,6.7085034,0.335425077,6.373078238
120901050105,2019,8.073656748,0.403682767,7.66997389
120901050105,2020,10.337548459,0.516877514,9.820671027
120901050106,2000,0.560988773,0.028049511,0.53293935
120901050106,2001,0.731817786,0.036591003,0.695226951
120901050106,2002,0.796778362,0.039838981,0.756939466
120901050106,2003,0.9990514,0.049952674,0.949098811
120901050106,2004,0.470353825,0.023517738,0.446836254
120901050106,2005,0.972205466,0.04861026,0.923595036
120901050106,2006,1.194479016,0.059723838,1.134755096
120901050106,2007,0.471788734,0.023589512,0.448199222
120901050106,2008,0.72506259,0.036253115,0.688809391
120901050106,2009,0.787723312,0.039386208,0.748337104
120901050106,2010,1.334994863,0.066749715,1.268245066
120901050106,2011,1.325306285,0.066265485,1.259040882
120901050106,2012,0.743430601,0.037171617,0.706259071
120901050106,2013,1.194388674,0.059719463,1.134669293
120901050106,2014,1.564315575,0.078215649,1.486099762
120901050106,2015,0.436506699,0.021825389,0.414681477
120901050106,2016,0.995338249,0.049766915,0.945571167
120901050106,2017,0.896124504,0.044806268,0.851318153
120901050106,2018,1.448279745,0.072413989,1.375865597
120901050106,2019,1.277208833,0.063860493,1.213348427
120901050106,2020,1.152537899,0.057626631,1.094911016
120901050107,2000,1.517570336,0.095606907,1.421963514
120901050107,2001,1.355245838,0.090801419,1.264444422
120901050107,2002,1.979528652,0.126689819,1.852838918
120901050107,2003,1.727315948,0.108820975,1.61849497
120901050107,2004,1.126248145,0.068701093,1.057547049
120901050107,2005,2.039419496,0.132562249,1.906857332
120901050107,2006,3.117490205,0.208871816,2.908618471
120901050107,2007,1.559768658,0.101384948,1.458383795
120901050107,2008,2.52830715,0.156755041,2.371552109
120901050107,2009,2.683439523,0.17710709,2.506332603
120901050107,2010,3.066771159,0.184006173,2.882764819
120901050107,2011,4.960917688,0.317498775,4.643418907
120901050107,2012,2.036062178,0.128271893,1.907790284
120901050107,2013,4.088307803,0.273916638,3.814391249
120901050107,2014,5.40593834,0.356791899,5.049146271
120901050107,2015,3.204169011,0.214679337,2.989489674
120901050107,2016,2.637041186,0.174044566,2.462996454
120901050107,2017,2.296072912,0.156132885,2.139940025
120901050107,2018,4.803093384,0.326610279,4.476483101
120901050107,2019,4.149417085,0.290459279,3.858957803
120901050107,2020,4.361022303,0.287827664,4.073194809
120901050201,2000,0.560248773,0.028012522,0.532236251
120901050201,2001,1.552687871,0.077634438,1.475053523
120901050201,2002,0.738620614,0.036931027,0.701689671
120901050201,2003,0.708483419,0.035424184,0.673059153
120901050201,2004,0.867181339,0.043359077,0.823822178
120901050201,2005,0.839993636,0.041999597,0.797994038
120901050201,2006,0.131533162,0.006576595,0.124956564
120901050201,2007,0.279755534,0.013987701,0.265767666
120901050201,2008,0.477037637,0.023851773,0.453185699
120901050201,2009,0.111097307,0.005554907,0.105542312
120901050201,2010,0.199933186,0.009996671,0.1899366
120901050201,2011,0.32116754,0.016058318,0.305109145
120901050201,2012,0.812334117,0.040616626,0.771717495
120901050201,2013,0.465752773,0.023287619,0.442465238
120901050201,2014,0.172503559,0.008625107,0.163878534
120901050201,2015,0.425421641,0.021271121,0.404150608
120901050201,2016,0.207309716,0.010365445,0.196944189
120901050201,2017,0.163498474,0.008174885,0.155323671
120901050201,2018,0.100655244,0.005032849,0.095622559
120901050201,2019,0.213027082,0.010651419,0.202375668
120901050201,2020,0.656775962,0.032838705,0.623937172
120901050202,2000,0.157776866,0.007888951,0.149888082
120901050202,2001,1.187148838,0.05935729,1.127791381
120901050202,2002,0.624421849,0.031221159,0.593200773
120901050202,2003,0.858718822,0.042935937,0.81578297
120901050202,2004,0.0,0.0,0.0
120901050202,2005,0.22919223,0.011459553,0.217732595
120901050202,2006,0.044044195,0.002202279,0.041841915
120901050202,2007,0.048994099,0.002449781,0.046544485
120901050202,2008,0.0,0.0,0.0
120901050202,2009,0.004875463,0.000243707,0.004631841
120901050202,2010,0.036365501,0.001818321,0.034547181
120901050202,2011,0.030022589,0.001501153,0.028521515
120901050202,2012,0.191589473,0.009579467,0.182009926
120901050202,2013,0.00465774,0.000232937,0.004424805
120901050202,2014,0.029847241,0.001492534,0.028354874
120901050202,2015,0.105319975,0.005265904,0.100054074
120901050202,2016,0.012039451,0.000602008,0.011437615
120901050202,2017,0.0,0.0,0.0
120901050202,2018,0.135882348,0.006794036,0.129088148
120901050202,2019,0.23821046,0.011910682,0.22630003
120901050202,2020,0.226381694,0.011319082,0.215062609
120901050203,2000,4.437489724,0.221874415,4.215615145
120901050203,2001,6.350619636,0.317531129,6.033088507
120901050203,2002,6.106934805,0.305346701,5.801588019
120901050203,2003,5.59193317,0.279596608,5.312336477
120901050203,2004,6.444887978,0.3222445,6.122643648
120901050203,2005,6.543249315,0.327162562,6.216086753
120901050203,2006,6.442751553,0.322137466,6.120613836
120901050203,2007,9.419420707,0.470971162,8.948449964
120901050203,2008,6.68112474,0.334056183,6.347068391
120901050203,2009,8.23888114,0.411944085,7.826937052
120901050203,2010,11.4120406,0.570602077,10.84143869
120901050203,2011,7.890108852,0.39450534,7.495603345
120901050203,2012,7.093903533,0.35469524,6.739208462
120901050203,2013,7.520394041,0.376019841,7.14437437
120901050203,2014,8.172087893,0.408604323,7.763483403
120901050203,2015,5.677896279,0.283894742,5.39400137
120901050203,2016,5.911226596,0.295561391,5.615665533
120901050203,2017,3.387474241,0.169373819,3.218100504
120901050203,2018,5.606867271,0.280343389,5.326523885
120901050203,2019,9.682878173,0.484143984,9.198734356
120901050203,2020,8.145405863,0.407270249,7.738135617
120901050204,2000,0.026598448,0.001329918,0.02526853
120901050204,2001,0.490647918,0.0245322,0.466115389
120901050204,2002,0.157304115,0.00786523,0.149438967
120901050204,2003,0.315198236,0.015759792,0.299438277
120901050204,2004,0.347498563,0.017374751,0.330123645
120901050204,2005,0.803904937,0.040195249,0.76370977
120901050204,2006,0.233166214,0.011658318,0.221507811
120901050204,2007,0.172069564,0.008603441,0.163465959
120901050204,2008,0.147700645,0.007384945,0.140315536
120901050204,2009,0.071331178,0.003566589,0.067764592
120901050204,2010,0.470405279,0.023520145,0.446884964
120901050204,2011,0.342512888,0.017125501,0.325387227
120901050204,2012,1.216280749,0.060814093,1.155466574
120901050204,2013,0.0,0.0,0.0
120901050204,2014,0.135785578,0.006789378,0.128996279
120901050204,2015,0.471034964,0.023551707,0.44748326
120901050204,2016,0.317692238,0.015884656,0.301807661
120901050204,2017,0.148378608,0.007418951,0.140959658
120901050204,2018,0.590582784,0.029529173,0.561053611
120901050204,2019,1.458553723,0.072927707,1.385625847
120901050204,2020,0.939515314,0.046975809,0.892539757
120901050205,2000,1.362101754,0.069467169,1.292634664
120901050205,2001,1.591450808,0.09866991,1.492780814
120901050205,2002,1.433679847,0.084587044,1.349092803
120901050205,2003,1.932787173,0.133362236,1.799424764
120901050205,2004,2.580616456,0.159998186,2.420618183
120901050205,2005,2.149657,0.141877444,2.007779556
120901050205,2006,3.377168775,0.219515929,3.157652762
120901050205,2007,1.661419622,0.109653674,1.551765781
120901050205,2008,2.30509774,0.145221227,2.159876514
120901050205,2009,2.324901189,0.155768381,2.169132723
120901050205,2010,3.24314211,0.201074707,3.042067318
120901050205,2011,4.03963026,0.242377775,3.797252403
120901050205,2012,2.405000292,0.170754907,2.234245216
120901050205,2013,3.013811397,0.189870055,2.823941175
120901050205,2014,3.240043036,0.213842885,3.026200068
120901050205,2015,3.112210712,0.199181638,2.913029326
120901050205,2016,3.011163814,0.195725615,2.815438036
120901050205,2017,2.973230871,0.199206395,2.776997718
120901050205,2018,4.113100285,0.349613422,3.763486699
120901050205,2019,3.650267447,0.237267416,3.413000118
120901050205,2020,6.385661399,0.48531024,5.900351243
120901050206,2000,3.169231639,0.158461612,3.010770019
120901050206,2001,4.190071367,0.209503663,3.980567871
120901050206,2002,4.568820751,0.228441121,4.340379797
120901050206,2003,4.816715967,0.240835912,4.575880477
120901050206,2004,4.935441503,0.246772101,4.688669653
120901050206,2005,4.569344874,0.228467214,4.340877493
120901050206,2006,5.736734663,0.286836762,5.449897819
120901050206,2007,4.946274742,0.247313603,4.698960975
120901050206,2008,5.986913885,0.299345669,5.687568216
120901050206,2009,6.482287112,0.324114411,6.158172704
120901050206,2010,9.202418441,0.460120989,8.742297537
120901050206,2011,9.064761608,0.453237997,8.611523526
120901050206,2012,5.91538688,0.295769475,5.619617568
120901050206,2013,7.331936359,0.366596874,6.96533957
120901050206,2014,7.165830129,0.358291732,6.807538562
120901050206,2015,7.619686208,0.380984266,7.238701942
120901050206,2016,6.223749475,0.311187511,5.912561964
120901050206,2017,4.794507392,0.239725403,4.554782074
120901050206,2018,6.58360026,0.329180008,6.25442017
120901050206,2019,9.196193296,0.459809518,8.736383608
120901050206,2020,8.176624732,0.408831336,7.767793311
120901050207,2000,2.909698828,0.151304344,2.758394566
120901050207,2001,3.946556644,0.205220912,3.741335893
120901050207,2002,5.119524616,0.271334866,4.848189918
120901050207,2003,4.815369266,0.250399233,4.56497003
120901050207,2004,4.465390986,0.227734992,4.237656079
120901050207,2005,4.636437367,0.250367515,4.386069775
120901050207,2006,7.421501348,0.393339627,7.028161553
120901050207,2007,4.361741005,0.231172332,4.130568753
120901050207,2008,6.479967281,0.343438191,6.136529003
120901050207,2009,5.132084559,0.272000562,4.860084164
120901050207,2010,9.714066578,0.514845584,9.199221077
120901050207,2011,9.581848479,0.498256041,9.083592274
120901050207,2012,5.83458991,0.297564014,5.537025727
120901050207,2013,5.221272222,0.276727397,4.94454474
120901050207,2014,6.01344771,0.318712775,5.694734937
120901050207,2015,7.242434773,0.383849036,6.858585652
120901050207,2016,4.607291178,0.239579019,4.367712077
120901050207,2017,4.948787252,0.262285775,4.686501559
120901050207,2018,6.780455444,0.372925068,6.407530458
120901050207,2019,8.058612058,0.435164962,7.623447008
120901050207,2020,8.683349776,0.486267473,8.197082303
120901050301,2000,0.0,0.0,0.0
120901050301,2001,0.0,0.0,0.0
120901050301,2002,0.0,0.0,0.0
120901050301,2003,0.0,0.0,0.0
120901050301,2004,0.0,0.0,0.0
120901050301,2005,0.0,0.0,0.0
120901050301,2006,0.0,0.0,0.0
120901050301,2007,0.0,0.0,0.0
120901050301,2008,0.0,0.0,0.0
120901050301,2009,0.0,0.0,0.0
120901050301,2010,0.0,0.0,0.0
120901050301,2011,0.0,0.0,0.0
120901050301,2012,0.0,0.0,0.0
120901050301,2013,0.0,0.0,0.0
120901050301,2014,0.0,0.0,0.0
120901050301,2015,0.0,0.0,0.0
120901050301,2016,0.0,0.0,0.0
120901050301,2017,0.0,0.0,0.0
120901050301,2018,0.0,0.0,0.0
120901050301,2019,0.0,0.0,0.0
120901050301,2020,0.0,0.0,0.0
120901050302,2000,0.0,0.0,0.0
120901050302,2001,0.0,0.0,0.0
120901050302,2002,0.0,0.0,0.0
120901050302,2003,0.0,0.0,0.0
120901050302,2004,0.0,0.0,0.0
120901050302,2005,0.0,0.0,0.0
120901050302,2006,0.0,0.0,0.0
120901050302,2007,0.0,0.0,0.0
120901050302,2008,0.0,0.0,0.0
120901050302,2009,0.0,0.0,0.0
120901050302,2010,0.0,0.0,0.0
120901050302,2011,0.0,0.0,0.0
120901050302,2012,0.0,0.0,0.0
120901050302,2013,0.0,0.0,0.0
120901050302,2014,0.0,0.0,0.0
120901050302,2015,0.0,0.0,0.0
120901050302,2016,0.0,0.0,0.0
120901050302,2017,0.0,0.0,0.0
120901050302,2018,0.0,0.0,0.0
120901050302,2019,0.0,0.0,0.0
120901050302,2020,0.0,0.0,0.0
120901050303,2000,0.0,0.0,0.0
120901050303,2001,0.0,0.0,0.0
120901050303,2002,0.0,0.0,0.0
120901050303,2003,0.0,0.0,0.0
120901050303,2004,0.0,0.0,0.0
120901050303,2005,0.0,0.0,0.0
120901050303,2006,0.0,0.0,0.0
120901050303,2007,0.0,0.0,0.0
120901050303,2008,0.0,0.0,0.0
120901050303,2009,0.0,0.0,0.0
120901050303,2010,0.0,0.0,0.0
120901050303,2011,0.0,0.0,0.0
120901050303,2012,0.0,0.0,0.0
120901050303,2013,0.0,0.0,0.0
120901050303,2014,0.0,0.0,0.0
120901050303,2015,0.0,0.0,0.0
120901050303,2016,0.0,0.0,0.0
120901050303,2017,0.0,0.0,0.0
120901050303,2018,0.0,0.0,0.0
120901050303,2019,0.0,0.0,0.0
120901050303,2020,0.0,0.0,0.0
120901050304,2000,0.0,0.0,0.0
120901050304,2001,0.0,0.0,0.0
120901050304,2002,0.0,0.0,0.0
120901050304,2003,0.0,0.0,0.0
120901050304,2004,0.0,0.0,0.0
120901050304,2005,0.0,0.0,0.0
120901050304,2006,0.0,0.0,0.0
120901050304,2007,0.0,0.0,0.0
120901050304,2008,0.0,0.0,0.0
120901050304,2009,0.0,0.0,0.0
120901050304,2010,0.0,0.0,0.0
120901050304,2011,0.0,0.0,0.0
120901050304,2012,0.0,0.0,0.0
120901050304,2013,0.0,0.0,0.0
120901050304,2014,0.0,0.0,0.0
120901050304,2015,0.0,0.0,0.0
120901050304,2016,0.0,0.0,0.0
120901050304,2017,0.0,0.0,0.0
120901050304,2018,0.0,0.0,0.0
120901050304,2019,0.0,0.0,0.0
120901050304,2020,0.0,0.0,0.0
120901050305,2000,0.004404131,0.000334708,0.004069423
120901050305,2001,0.0,0.0,0.0
120901050305,2002,0.105596148,0.005279825,0.100316323
120901050305,2003,0.120625942,0.006393077,0.114232784
120901050305,2004,0.334685907,0.019411743,0.315274082
120901050305,2005,0.111695932,0.007818767,0.103877326
120901050305,2006,0.287607214,0.015530797,0.272076334
120901050305,2007,0.0,0.0,0.0
120901050305,2008,0.003398169,0.000258331,0.003139839
120901050305,2009,0.002000219,0.000156014,0.001844208
120901050305,2010,0.0,0.0,0.0
120901050305,2011,0.0,0.0,0.0
120901050305,2012,0.547818142,0.027938773,0.519879456
120901050305,2013,0.404354066,0.022643855,0.381710211
120901050305,2014,0.003391978,0.000268142,0.003124
120901050305,2015,0.651720255,0.033237789,0.618482463
120901050305,2016,0.000932216,7.4604e-05,0.000857445
120901050305,2017,0.001003942,8.0411e-05,0.000923696
120901050305,2018,0.000195277,1.5633e-05,0.000179644
120901050305,2019,0.324827307,0.016891033,0.307936189
120901050305,2020,0.218514839,0.012892284,0.20562247
120901050306,2000,0.0,0.0,0.0
120901050306,2001,0.0,0.0,0.0
120901050306,2002,0.0,0.0,0.0
120901050306,2003,0.0,0.0,0.0
120901050306,2004,0.0,0.0,0.0
120901050306,2005,0.0,0.0,0.0
120901050306,2006,0.0,0.0,0.0
120901050306,2007,0.0,0.0,0.0
120901050306,2008,0.0,0.0,0.0
120901050306,2009,0.0,0.0,0.0
120901050306,2010,0.0,0.0,0.0
120901050306,2011,0.0,0.0,0.0
120901050306,2012,0.0,0.0,0.0
120901050306,2013,0.0,0.0,0.0
120901050306,2014,0.0,0.0,0.0
120901050306,2015,0.0,0.0,0.0
120901050306,2016,0.0,0.0,0.0
120901050306,2017,0.0,0.0,0.0
120901050306,2018,0.0,0.0,0.0
120901050306,2019,0.0,0.0,0.0
120901050306,2020,0.0,0.0,0.0
120901050307,2000,0.024056287,0.001924508,0.022131694
120901050307,2001,0.019903578,0.001592299,0.018311279
120901050307,2002,0.291438663,0.023315063,0.268123685
120901050307,2003,0.267271759,0.021381715,0.245889877
120901050307,2004,0.108479022,0.008678369,0.09980065
120901050307,2005,0.53779411,0.043023663,0.494770447
120901050307,2006,0.824207764,0.065936501,0.758271263
120901050307,2007,0.449636532,0.035970992,0.413665712
120901050307,2008,0.306467514,0.024517486,0.281950191
120901050307,2009,0.271014049,0.02168109,0.249332874
120901050307,2010,0.15564731,0.012451819,0.143195323
120901050307,2011,0.043453173,0.003476132,0.039976885
120901050307,2012,0.132750459,0.010620046,0.122130413
120901050307,2013,0.682195266,0.054575721,0.627619627
120901050307,2014,0.835632855,0.066850666,0.768782107
120901050307,2015,0.582105077,0.046568559,0.535536688
120901050307,2016,0.764436762,0.061154929,0.703281833
120901050307,2017,0.480485723,0.038438847,0.442046953
120901050307,2018,0.283176592,0.022654274,0.260522482
120901050307,2019,0.42727354,0.034181789,0.393091668
120901050307,2020,0.246975172,0.019758019,0.227217235
120901050308,2000,0.0,0.0,0.0
120901050308,2001,0.102698137,0.00821589,0.094482167
120901050308,2002,0.213883323,0.017110668,0.196772737
120901050308,2003,0.138987318,0.011118858,0.127868378
120901050308,2004,0.071893194,0.005751407,0.066141708
120901050308,2005,0.240904244,0.019272408,0.221631921
120901050308,2006,0.020074414,0.001605879,0.018468449
120901050308,2007,0.208382704,0.016670627,0.191712074
120901050308,2008,0.495190268,0.039615158,0.455574943
120901050308,2009,0.0,0.0,0.0
120901050308,2010,0.455856403,0.036468405,0.41938783
120901050308,2011,0.058814748,0.004705151,0.054109597
120901050308,2012,0.290065992,0.023205197,0.266860795
120901050308,2013,0.112260611,0.008980852,0.103279677
120901050308,2014,0.0,0.0,0.0
120901050308,2015,0.355306123,0.028424405,0.326881468
120901050308,2016,0.25841988,0.020673713,0.237746251
120901050308,2017,0.506160973,0.040493,0.465668055
120901050308,2018,0.057693192,0.004615482,0.05307771
120901050308,2019,0.304153471,0.024332315,0.279821071
120901050308,2020,0.076491186,0.00611929,0.070371893
120901050401,2000,0.277887448,0.034458178,0.243429355
120901050401,2001,0.585592512,0.056216907,0.529375688
120901050401,2002,0.505814386,0.053616427,0.452198044
120901050401,2003,0.589795553,0.074314288,0.515481433
120901050401,2004,0.617241888,0.079006954,0.53823494
120901050401,2005,1.034692085,0.137614074,0.897078019
120901050401,2006,1.17811966,0.149621307,1.028498268
120901050401,2007,0.969943759,0.131912293,0.838031378
120901050401,2008,0.995261377,0.127393295,0.867867746
120901050401,2009,1.046143353,0.134952386,0.911190803
120901050401,2010,0.977236784,0.10749606,0.869740893
120901050401,2011,0.828116847,0.080327408,0.747789608
120901050401,2012,0.001012997,0.000146022,0.000867227
120901050401,2013,1.580864274,0.208674208,1.372190236
120901050401,2014,1.63293823,0.226978416,1.405959811
120901050401,2015,1.017569542,0.135336805,0.882232649
120901050401,2016,1.030198746,0.14113718,0.889061563
120901050401,2017,1.136467789,0.146604378,0.989863326
120901050401,2018,2.637178641,0.371842003,2.265336638
120901050401,2019,1.205766449,0.16760146,1.038164822
120901050401,2020,3.86357624,0.548627863,3.314948292
120901050402,2000,1.678337284,0.112448541,1.565888828
120901050402,2001,1.630784836,0.112524263,1.518260825
120901050402,2002,2.124452975,0.14446283,1.979989981
120901050402,2003,1.863150414,0.119241666,1.743909
120901050402,2004,1.882605085,0.126134372,1.756470546
120901050402,2005,2.475156814,0.158410085,2.316746984
120901050402,2006,3.84215409,0.261266515,3.580887658
120901050402,2007,1.752956386,0.112189225,1.640766997
120901050402,2008,2.767206011,0.182635672,2.584570421
120901050402,2009,2.74762011,0.175847737,2.571772455
120901050402,2010,2.350688915,0.152794756,2.197894162
120901050402,2011,3.745236984,0.250930855,3.494306129
120901050402,2012,1.551916926,0.091563123,1.460353719
120901050402,2013,3.796049244,0.246743249,3.549305995
120901050402,2014,2.861899255,0.188885395,2.673014027
120901050402,2015,2.168976296,0.136645542,2.032330751
120901050402,2016,2.233157257,0.142922115,2.090235227
120901050402,2017,2.732766578,0.177629721,2.555136773
120901050402,2018,2.968457696,0.201855093,2.766602433
120901050402,2019,3.572845236,0.235807682,3.337037468
120901050402,2020,4.401683486,0.28610956,4.115574096
120901050403,2000,0.034355235,0.002748451,0.031607036
120901050403,2001,0.039089359,0.00312726,0.035962266
120901050403,2002,0.02490643,0.001992622,0.022913893
120901050403,2003,0.014705353,0.001176444,0.013528995
120901050403,2004,0.003875112,0.000310019,0.003565178
120901050403,2005,0.053564195,0.004285145,0.049278964
120901050403,2006,0.295271496,0.023621729,0.271649764
120901050403,2007,0.076355904,0.006108562,0.070247592
120901050403,2008,0.314638156,0.025171093,0.289467227
120901050403,2009,0.045444888,0.003635545,0.041809342
120901050403,2010,0.175281014,0.014022449,0.161258564
120901050403,2011,0.29507169,0.023605784,0.271466074
120901050403,2012,0.008614874,0.000689191,0.007925768
120901050403,2013,0.085905436,0.006872425,0.079032844
120901050403,2014,0.051843022,0.004147362,0.047695575
120901050403,2015,0.070846699,0.005667732,0.065179055
120901050403,2016,0.02014368,0.001611497,0.018532183
120901050403,2017,0.099446496,0.007955726,0.091490934
120901050403,2018,0.360792367,0.028863381,0.331928984
120901050403,2019,0.545731904,0.04365849,0.502073493
120901050403,2020,0.107983975,0.008638691,0.099345199
120901050404,2000,0.0,0.0,0.0
120901050404,2001,0.214720592,0.031993521,0.182727323
120901050404,2002,0.0,0.0,0.0
120901050404,2003,0.498629008,0.052854526,0.445774312
120901050404,2004,0.0,0.0,0.0
120901050404,2005,0.523134534,0.049174638,0.473959893
120901050404,2006,0.0,0.0,0.0
120901050404,2007,0.0,0.0,0.0
120901050404,2008,0.44148756,0.053861456,0.387626186
120901050404,2009,0.0,0.0,0.0
120901050404,2010,0.361785551,0.032198929,0.329586701
120901050404,2011,0.196822326,0.020469523,0.176352718
120901050404,2012,0.0,0.0,0.0
120901050404,2013,0.580559951,0.063281096,0.51727894
120901050404,2014,0.959913332,0.116149493,0.843763753
120901050404,2015,0.0,0.0,0.0
120901050404,2016,0.0,0.0,0.0
120901050404,2017,0.0,0.0,0.0
120901050404,2018,0.000339422,3.7329e-05,0.000302175
120901050404,2019,0.0,0.0,0.0
120901050404,2020,1.250173721,0.167523339,1.082650549
120901050405,2000,0.0,0.0,0.0
120901050405,2001,0.0,0.0,0.0
120901050405,2002,0.0,0.0,0.0
120901050405,2003,0.0,0.0,0.0
120901050405,2004,0.0,0.0,0.0
120901050405,2005,0.0,0.0,0.0
120901050405,2006,0.0,0.0,0.0
120901050405,2007,0.0,0.0,0.0
120901050405,2008,0.0,0.0,0.0
120901050405,2009,0.0,0.0,0.0
120901050405,2010,0.0,0.0,0.0
120901050405,2011,0.0,0.0,0.0
120901050405,2012,0.0,0.0,0.0
120901050405,2013,0.0,0.0,0.0
120901050405,2014,0.0,0.0,0.0
120901050405,2015,0.0,0.0,0.0
120901050405,2016,0.0,0.0,0.0
120901050405,2017,0.0,0.0,0.0
120901050405,2018,0.0,0.0,0.0
120901050405,2019,0.0,0.0,0.0
120901050405,2020,0.0,0.0,0.0
120901050406,2000,0.0,0.0,0.0
120901050406,2001,0.0,0.0,0.0
120901050406,2002,0.0,0.0,0.0
120901050406,2003,0.0,0.0,0.0
120901050406,2004,0.0,0.0,0.0
120901050406,2005,0.032084682,0.002566847,0.029517923
120901050406,2006,0.0,0.0,0.0
120901050406,2007,0.0,0.0,0.0
120901050406,2008,0.0,0.0,0.0
120901050406,2009,0.0,0.0,0.0
120901050406,2010,0.0,0.0,0.0
120901050406,2011,0.0,0.0,0.0
120901050406,2012,0.0,0.0,0.0
120901050406,2013,0.0,0.0,0.0
120901050406,2014,0.0,0.0,0.0
120901050406,2015,0.0,0.0,0.0
120901050406,2016,0.0,0.0,0.0
120901050406,2017,0.0,0.0,0.0
120901050406,2018,0.0,0.0,0.0
120901050406,2019,0.0,0.0,0.0
120901050406,2020,0.0,0.0,0.0
120901050407,2000,0.0,0.0,0.0
120901050407,2001,0.05017186,0.004013852,0.04615809
120901050407,2002,0.0,0.0,0.0
120901050407,2003,0.029838296,0.002387074,0.027451307
120901050407,2004,0.0,0.0,0.0
120901050407,2005,0.029420159,0.002353625,0.02706637
120901050407,2006,0.0,0.0,0.0
120901050407,2007,0.0,0.0,0.0
120901050407,2008,0.013740011,0.001099328,0.012640932
120901050407,2009,0.0,0.0,0.0
120901050407,2010,0.069543282,0.005563452,0.06397983
120901050407,2011,0.055694573,0.004455488,0.051239082
120901050407,2012,0.0,0.0,0.0
120901050407,2013,0.089469066,0.00715754,0.082311526
120901050407,2014,0.126200995,0.010096112,0.116104882
120901050407,2015,0.0,0.0,0.0
120901050407,2016,0.0,0.0,0.0
120901050407,2017,0.0,0.0,0.0
120901050407,2018,0.0,0.0,0.0
120901050407,2019,0.0,0.0,0.0
120901050407,2020,0.103564617,0.008285128,0.095279404
120901060101,2000,0.0,0.0,0.0
120901060101,2001,0.0,0.0,0.0
120901060101,2002,0.0,0.0,0.0
120901060101,2003,0.0,0.0,0.0
120901060101,2004,0.0,0.0,0.0
120901060101,2005,0.0,0.0,0.0
120901060101,2006,0.0,0.0,0.0
120901060101,2007,0.0,0.0,0.0
120901060101,2008,0.0,0.0,0.0
120901060101,2009,0.0,0.0,0.0
120901060101,2010,0.0,0.0,0.0
120901060101,2011,0.0,0.0,0.0
120901060101,2012,0.0,0.0,0.0
120901060101,2013,0.0,0.0,0.0
120901060101,2014,0.0,0.0,0.0
120901060101,2015,0.0,0.0,0.0
120901060101,2016,0.0,0.0,0.0
120901060101,2017,0.0,0.0,0.0
120901060101,2018,0.0,0.0,0.0
120901060101,2019,0.0,0.0,0.0
120901060101,2020,0.000459929,0.000391773,6.8071e-05
120901060102,2000,0.0,0.0,0.0
120901060102,2001,0.0,0.0,0.0
120901060102,2002,0.0,0.0,0.0
120901060102,2003,0.0,0.0,0.0
120901060102,2004,0.0,0.0,0.0
120901060102,2005,0.0,0.0,0.0
120901060102,2006,0.0,0.0,0.0
120901060102,2007,0.0,0.0,0.0
120901060102,2008,0.0,0.0,0.0
120901060102,2009,0.0,0.0,0.0
120901060102,2010,0.0,0.0,0.0
120901060102,2011,0.0,0.0,0.0
120901060102,2012,0.0,0.0,0.0
120901060102,2013,0.0,0.0,0.0
120901060102,2014,0.0,0.0,0.0
120901060102,2015,0.0,0.0,0.0
120901060102,2016,0.0,0.0,0.0
120901060102,2017,0.0,0.0,0.0
120901060102,2018,0.0,0.0,0.0
120901060102,2019,0.0,0.0,0.0
120901060102,2020,0.321112757,0.273587975,0.047524781
120901060103,2000,0.0,0.0,0.0
120901060103,2001,0.0,0.0,0.0
120901060103,2002,0.0,0.0,0.0
120901060103,2003,0.0,0.0,0.0
120901060103,2004,0.0,0.0,0.0
120901060103,2005,0.0,0.0,0.0
120901060103,2006,0.0,0.0,0.0
120901060103,2007,0.0,0.0,0.0
120901060103,2008,0.0,0.0,0.0
120901060103,2009,0.0,0.0,0.0
120901060103,2010,0.0,0.0,0.0
120901060103,2011,0.0,0.0,0.0
120901060103,2012,0.0,0.0,0.0
120901060103,2013,0.0,0.0,0.0
120901060103,2014,0.0,0.0,0.0
120901060103,2015,0.0,0.0,0.0
120901060103,2016,0.0,0.0,0.0
120901060103,2017,0.0,0.0,0.0
120901060103,2018,0.0,0.0,0.0
120901060103,2019,0.0,0.0,0.0
120901060103,2020,0.0,0.0,0.0
120901060104,2000,0.0,0.0,0.0
120901060104,2001,0.0,0.0,0.0
120901060104,2002,0.0,0.0,0.0
120901060104,2003,0.0,0.0,0.0
120901060104,2004,0.0,0.0,0.0
120901060104,2005,0.0,0.0,0.0
120901060104,2006,0.0,0.0,0.0
120901060104,2007,0.0,0.0,0.0
120901060104,2008,0.0,0.0,0.0
120901060104,2009,0.0,0.0,0.0
120901060104,2010,0.0,0.0,0.0
120901060104,2011,0.0,0.0,0.0
120901060104,2012,0.0,0.0,0.0
120901060104,2013,0.0,0.0,0.0
120901060104,2014,0.0,0.0,0.0
120901060104,2015,0.0,0.0,0.0
120901060104,2016,0.0,0.0,0.0
120901060104,2017,0.0,0.0,0.0
120901060104,2018,0.0,0.0,0.0
120901060104,2019,0.0,0.0,0.0
120901060104,2020,0.0,0.0,0.0
120901060105,2000,0.033515429,0.002681161,0.030834183
120901060105,2001,0.0,0.0,0.0
120901060105,2002,0.129112025,0.010328929,0.118782929
120901060105,2003,0.21302854,0.017042233,0.19598614
120901060105,2004,0.122780986,0.009822437,0.112958634
120901060105,2005,0.067733167,0.005418556,0.062314441
120901060105,2006,0.12276137,0.009820885,0.112940482
120901060105,2007,0.091982636,0.007358573,0.08462423
120901060105,2008,0.194472593,0.01555791,0.178914683
120901060105,2009,0.009082822,0.000726718,0.008356107
120901060105,2010,0.065353652,0.005228356,0.060125211
120901060105,2011,0.0,0.0,0.0
120901060105,2012,0.272726568,0.021818167,0.25090832
120901060105,2013,0.048666244,0.003893222,0.04477294
120901060105,2014,0.07071746,0.005657337,0.065059874
120901060105,2015,0.144002595,0.011520208,0.132482468
120901060105,2016,0.011394016,0.000911478,0.010482456
120901060105,2017,0.072107852,0.005768605,0.066339332
120901060105,2018,0.0,0.0,0.0
120901060105,2019,0.236887833,0.018950975,0.217936863
120901060105,2020,0.728983552,0.05831871,0.670664926
120901060106,2000,0.214231339,0.01713853,0.197092973
120901060106,2001,0.0,0.0,0.0
120901060106,2002,0.0,0.0,0.0
120901060106,2003,0.02692926,0.002154348,0.024774912
120901060106,2004,0.0,0.0,0.0
120901060106,2005,0.0,0.0,0.0
120901060106,2006,0.176394036,0.014111595,0.162282611
120901060106,2007,0.118383129,0.009470504,0.108912458
120901060106,2008,0.197105445,0.015768623,0.181336989
120901060106,2009,0.188661951,0.015093071,0.173568964
120901060106,2010,0.0,0.0,0.0
120901060106,2011,0.42012271,0.033609775,0.386512764
120901060106,2012,0.0,0.0,0.0
120901060106,2013,0.214960282,0.017196882,0.197763397
120901060106,2014,0.240808915,0.019264805,0.221544192
120901060106,2015,0.11704991,0.009363986,0.107686008
120901060106,2016,0.101961306,0.008156975,0.093804415
120901060106,2017,0.293578567,0.023486301,0.270092348
120901060106,2018,0.554405416,0.044352444,0.510053142
120901060106,2019,0.678322378,0.054265838,0.624056458
120901060106,2020,0.57619241,0.046095429,0.530096896
120901060107,2000,0.04907815,0.003926328,0.04515182
120901060107,2001,0.0,0.0,0.0
120901060107,2002,0.0,0.0,0.0
120901060107,2003,0.0,0.0,0.0
120901060107,2004,0.259849284,0.020788085,0.239061369
120901060107,2005,0.0,0.0,0.0
120901060107,2006,0.032108575,0.002568614,0.029539879
120901060107,2007,0.10741671,0.008593326,0.098823219
120901060107,2008,0.354459951,0.028356861,0.326103169
120901060107,2009,0.404862422,0.032389055,0.372473614
120901060107,2010,0.320788121,0.025663093,0.295125112
120901060107,2011,4.8512e-05,3.932e-06,4.4584e-05
120901060107,2012,0.288459366,0.023076749,0.265382702
120901060107,2013,0.224947671,0.017995915,0.206951592
120901060107,2014,0.408728356,0.032698211,0.376030227
120901060107,2015,0.043521827,0.003481611,0.040040134
120901060107,2016,0.04308468,0.003446724,0.039637705
120901060107,2017,0.397012153,0.031760907,0.365251247
120901060107,2018,0.021803553,0.001744282,0.020059274
120901060107,2019,0.535821844,0.042865551,0.492956132
120901060107,2020,0.549628366,0.043970268,0.505658014
120901060108,2000,0.0,0.0,0.0
120901060108,2001,0.0,0.0,0.0
120901060108,2002,0.0,0.0,0.0
120901060108,2003,0.0,0.0,0.0
120901060108,2004,0.0,0.0,0.0
120901060108,2005,0.0,0.0,0.0
120901060108,2006,0.0,0.0,0.0
120901060108,2007,0.0,0.0,0.0
120901060108,2008,0.0,0.0,0.0
120901060108,2009,0.0,0.0,0.0
120901060108,2010,0.0,0.0,0.0
120901060108,2011,0.0,0.0,0.0
120901060108,2012,0.0,0.0,0.0
120901060108,2013,0.0,0.0,0.0
120901060108,2014,0.0,0.0,0.0
120901060108,2015,0.0,0.0,0.0
120901060108,2016,0.0,0.0,0.0
120901060108,2017,0.0,0.0,0.0
120901060108,2018,0.133777433,0.113978247,0.019799101
120901060108,2019,0.197765482,0.162365545,0.035399937
120901060108,2020,0.0,0.0,0.0
120901060201,2000,0.0,0.0,0.0
120901060201,2001,0.0,0.0,0.0
120901060201,2002,0.0,0.0,0.0
120901060201,2003,0.0,0.0,0.0
120901060201,2004,0.0,0.0,0.0
120901060201,2005,0.0,0.0,0.0
120901060201,2006,0.0,0.0,0.0
120901060201,2007,0.0,0.0,0.0
120901060201,2008,0.0,0.0,0.0
120901060201,2009,0.0,0.0,0.0
120901060201,2010,0.0,0.0,0.0
120901060201,2011,0.0,0.0,0.0
120901060201,2012,0.0,0.0,0.0
120901060201,2013,0.0,0.0,0.0
120901060201,2014,0.0,0.0,0.0
120901060201,2015,0.0,0.0,0.0
120901060201,2016,0.0,0.0,0.0
120901060201,2017,0.0,0.0,0.0
120901060201,2018,0.0,0.0,0.0
120901060201,2019,0.0,0.0,0.0
120901060201,2020,0.0,0.0,0.0
120901060202,2000,0.138054486,0.061848363,0.076206038
120901060202,2001,0.039828384,0.003186304,0.036642249
120901060202,2002,0.0,0.0,0.0
120901060202,2003,0.0,0.0,0.0
120901060202,2004,0.168633139,0.036930656,0.131702484
120901060202,2005,0.0,0.0,0.0
120901060202,2006,0.200666252,0.06401263,0.136653704
120901060202,2007,3.923e-06,3.34e-07,3.589e-06
120901060202,2008,0.0,0.0,0.0
120901060202,2009,0.261182805,0.040744433,0.220438121
120901060202,2010,0.173267266,0.013861362,0.159405655
120901060202,2011,0.272300022,0.041389759,0.230910255
120901060202,2012,0.0,0.0,0.0
120901060202,2013,0.384925479,0.077755008,0.307170641
120901060202,2014,0.135110827,0.024319978,0.110790679
120901060202,2015,0.0,0.0,0.0
120901060202,2016,0.050883025,0.004070587,0.046812276
120901060202,2017,0.0,0.0,0.0
120901060202,2018,0.0,0.0,0.0
120901060202,2019,0.294283726,0.135076315,0.159207578
120901060202,2020,0.073169205,0.015438869,0.057730585
120901060203,2000,0.0,0.0,0.0
120901060203,2001,0.052864926,0.004546416,0.048318674
120901060203,2002,0.003596775,0.000309386,0.003287389
120901060203,2003,0.428328178,0.036836367,0.391491975
120901060203,2004,0.381852481,0.032839238,0.349013077
120901060203,2005,0.009652956,0.000830151,0.008822718
120901060203,2006,0.317780304,0.027329063,0.290450989
120901060203,2007,0.0,0.0,0.0
120901060203,2008,9.8036e-05,8.391e-06,8.956e-05
120901060203,2009,0.003007126,0.000258701,0.002748507
120901060203,2010,0.0,0.0,0.0
120901060203,2011,0.217354811,0.018692436,0.198662375
120901060203,2012,0.0,0.0,0.0
120901060203,2013,0.0,0.0,0.0
120901060203,2014,0.0,0.0,0.0
120901060203,2015,0.0,0.0,0.0
120901060203,2016,0.0,0.0,0.0
120901060203,2017,0.0,0.0,0.0
120901060203,2018,0.005908852,0.000502266,0.005406586
120901060203,2019,0.195749041,0.016834342,0.178914611
120901060203,2020,0.44780712,0.038511355,0.40929568
120901060204,2000,0.0,0.0,0.0
120901060204,2001,0.195680551,0.016828386,0.178851995
120901060204,2002,0.0,0.0,0.0
120901060204,2003,0.245516975,0.021114356,0.224402616
120901060204,2004,0.450666295,0.038306527,0.41235985
120901060204,2005,0.0,0.0,0.0
120901060204,2006,0.137397318,0.011816192,0.125581208
120901060204,2007,0.0,0.0,0.0
120901060204,2008,0.0,0.0,0.0
120901060204,2009,0.010994395,0.000879573,0.010114992
120901060204,2010,0.0,0.0,0.0
120901060204,2011,0.284062279,0.023577195,0.260485162
120901060204,2012,0.0,0.0,0.0
120901060204,2013,0.017600975,0.001425688,0.01617537
120901060204,2014,0.016439315,0.001331638,0.015107762
120901060204,2015,0.0,0.0,0.0
120901060204,2016,0.004155363,0.000332402,0.003822959
120901060204,2017,0.0,0.0,0.0
120901060204,2018,0.0,0.0,0.0
120901060204,2019,0.860418712,0.073135551,0.787283077
120901060204,2020,0.786621478,0.066076117,0.720545276
120901060205,2000,0.0,0.0,0.0
120901060205,2001,0.060169945,0.00517454,0.054995321
120901060205,2002,0.0,0.0,0.0
120901060205,2003,0.008920386,0.000767121,0.008153181
120901060205,2004,0.022670776,0.001949768,0.020721175
120901060205,2005,0.0,0.0,0.0
120901060205,2006,0.001227299,0.00010543,0.001121619
120901060205,2007,0.0,0.0,0.0
120901060205,2008,0.0,0.0,0.0
120901060205,2009,0.0,0.0,0.0
120901060205,2010,0.0,0.0,0.0
120901060205,2011,0.421351288,0.036236047,0.385115241
120901060205,2012,0.0,0.0,0.0
120901060205,2013,0.0,0.0,0.0
120901060205,2014,0.0,0.0,0.0
120901060205,2015,0.0,0.0,0.0
120901060205,2016,0.0,0.0,0.0
120901060205,2017,0.0,0.0,0.0
120901060205,2018,0.0,0.0,0.0
120901060205,2019,0.016840411,0.00868974,0.008150838
120901060205,2020,0.019846825,0.016909407,0.002937421
120901060206,2000,0.0,0.0,0.0
120901060206,2001,0.708554329,0.060935726,0.64761877
120901060206,2002,0.008762227,0.000753532,0.008008611
120901060206,2003,0.194682466,0.016742663,0.177939805
120901060206,2004,0.438509167,0.037711648,0.40079727
120901060206,2005,0.0,0.0,0.0
120901060206,2006,0.058847808,0.005060907,0.053786814
120901060206,2007,0.0,0.0,0.0
120901060206,2008,0.001591309,0.000136904,0.001454484
120901060206,2009,0.0,0.0,0.0
120901060206,2010,0.0,0.0,0.0
120901060206,2011,0.113836493,0.009789921,0.10404649
120901060206,2012,0.0,0.0,0.0
120901060206,2013,0.000103268,8.956e-06,9.4397e-05
120901060206,2014,0.0,0.0,0.0
120901060206,2015,0.0,0.0,0.0
120901060206,2016,0.0,0.0,0.0
120901060206,2017,0.0,0.0,0.0
120901060206,2018,0.0,0.0,0.0
120901060206,2019,0.391984904,0.03371074,0.358274414
120901060206,2020,0.275784809,0.023717563,0.252067328
120901060207,2000,0.0,0.0,0.0
120901060207,2001,0.0,0.0,0.0
120901060207,2002,0.0,0.0,0.0
120901060207,2003,0.0,0.0,0.0
120901060207,2004,0.0,0.0,0.0
120901060207,2005,0.0,0.0,0.0
120901060207,2006,0.0,0.0,0.0
120901060207,2007,0.0,0.0,0.0
120901060207,2008,0.0,0.0,0.0
120901060207,2009,0.0,0.0,0.0
120901060207,2010,0.0,0.0,0.0
120901060207,2011,0.0,0.0,0.0
120901060207,2012,0.0,0.0,0.0
120901060207,2013,0.0,0.0,0.0
120901060207,2014,0.0,0.0,0.0
120901060207,2015,0.0,0.0,0.0
120901060207,2016,0.0,0.0,0.0
120901060207,2017,0.0,0.0,0.0
120901060207,2018,0.154249986,0.131421014,0.022829058
120901060207,2019,0.289746827,0.246864252,0.042882496
120901060207,2020,0.195963825,0.166961301,0.029002691
120901060208,2000,0.427998172,0.036807863,0.391190224
120901060208,2001,0.759015137,0.065275219,0.693739666
120901060208,2002,0.527120581,0.04533231,0.481787937
120901060208,2003,0.0,0.0,0.0
120901060208,2004,0.929736489,0.079957402,0.849779254
120901060208,2005,0.057121088,0.0049124,0.052208685
120901060208,2006,0.0,0.0,0.0
120901060208,2007,0.0,0.0,0.0
120901060208,2008,0.356532552,0.030661893,0.325870825
120901060208,2009,0.030297578,0.002605608,0.027692055
120901060208,2010,0.0,0.0,0.0
120901060208,2011,0.662780485,0.056999197,0.605781455
120901060208,2012,0.0,0.0,0.0
120901060208,2013,0.433743589,0.037301844,0.396441581
120901060208,2014,0.0,0.0,0.0
120901060208,2015,0.764087808,0.065711488,0.698376236
120901060208,2016,0.100780904,0.008667199,0.092113874
120901060208,2017,0.322605652,0.027743989,0.294861504
120901060208,2018,0.025835932,0.002221734,0.023614189
120901060208,2019,0.580283808,0.049904395,0.530379496
120901060208,2020,0.876177858,0.075351342,0.80082668
120901060209,2000,0.0,0.0,0.0
120901060209,2001,0.121548874,0.035249258,0.086299868
120901060209,2002,0.0,0.0,0.0
120901060209,2003,0.0,0.0,0.0
120901060209,2004,0.119594926,0.027028306,0.092566454
120901060209,2005,0.0,0.0,0.0
120901060209,2006,0.02542317,0.005491479,0.01993169
120901060209,2007,0.095807479,0.038993726,0.056813921
120901060209,2008,0.0,0.0,0.0
120901060209,2009,0.000123616,6.1726e-05,6.1975e-05
120901060209,2010,0.0,0.0,0.0
120901060209,2011,0.0,0.0,0.0
120901060209,2012,0.090773574,0.007806399,0.08296709
120901060209,2013,0.0,0.0,0.0
120901060209,2014,0.0,0.0,0.0
120901060209,2015,0.0,0.0,0.0
120901060209,2016,0.0,0.0,0.0
120901060209,2017,0.0,0.0,0.0
120901060209,2018,2.9016e-05,2.4668e-05,4.351e-06
120901060209,2019,0.716539904,0.493695962,0.222843942
120901060209,2020,0.381414432,0.257454872,0.123959648
120901060301,2000,0.0,0.0,0.0
120901060301,2001,0.0,0.0,0.0
120901060301,2002,0.0,0.0,0.0
120901060301,2003,0.0,0.0,0.0
120901060301,2004,0.018294339,0.015586863,0.002707557
120901060301,2005,0.0,0.0,0.0
120901060301,2006,0.0,0.0,0.0
120901060301,2007,0.0,0.0,0.0
120901060301,2008,0.0,0.0,0.0
120901060301,2009,0.0,0.0,0.0
120901060301,2010,0.0,0.0,0.0
120901060301,2011,0.0,0.0,0.0
120901060301,2012,0.0,0.0,0.0
120901060301,2013,0.0,0.0,0.0
120901060301,2014,0.0,0.0,0.0
120901060301,2015,0.0,0.0,0.0
120901060301,2016,0.0,0.0,0.0
120901060301,2017,0.0,0.0,0.0
120901060301,2018,0.0,0.0,0.0
120901060301,2019,0.0,0.0,0.0
120901060301,2020,0.0,0.0,0.0
120901060302,2000,0.0,0.0,0.0
120901060302,2001,0.268913529,0.229114384,0.039799233
120901060302,2002,0.0,0.0,0.0
120901060302,2003,0.092446718,0.078764501,0.013682132
120901060302,2004,0.469782792,0.400255074,0.069527801
120901060302,2005,0.03684914,0.031395534,0.005453605
120901060302,2006,0.095697068,0.081533959,0.014163192
120901060302,2007,0.0,0.0,0.0
120901060302,2008,0.0,0.0,0.0
120901060302,2009,0.0,0.0,0.0
120901060302,2010,0.0,0.0,0.0
120901060302,2011,0.0,0.0,0.0
120901060302,2012,0.0,0.0,0.0
120901060302,2013,0.0,0.0,0.0
120901060302,2014,0.0,0.0,0.0
120901060302,2015,0.0,0.0,0.0
120901060302,2016,0.0,0.0,0.0
120901060302,2017,0.0,0.0,0.0
120901060302,2018,0.0,0.0,0.0
120901060302,2019,0.0,0.0,0.0
120901060302,2020,0.0,0.0,0.0
120901060303,2000,0.0,0.0,0.0
120901060303,2001,0.0,0.0,0.0
120901060303,2002,0.0,0.0,0.0
120901060303,2003,0.0,0.0,0.0
120901060303,2004,0.0,0.0,0.0
120901060303,2005,0.0,0.0,0.0
120901060303,2006,0.0,0.0,0.0
120901060303,2007,0.0,0.0,0.0
120901060303,2008,0.0,0.0,0.0
120901060303,2009,0.0,0.0,0.0
120901060303,2010,0.0,0.0,0.0
120901060303,2011,0.0,0.0,0.0
120901060303,2012,0.0,0.0,0.0
120901060303,2013,0.0,0.0,0.0
120901060303,2014,0.0,0.0,0.0
120901060303,2015,0.0,0.0,0.0
120901060303,2016,0.0,0.0,0.0
120901060303,2017,0.0,0.0,0.0
120901060303,2018,0.038579882,0.032870074,0.005709808
120901060303,2019,0.019514304,0.016626123,0.002888016
120901060303,2020,0.0,0.0,0.0
120901060304,2000,0.0,0.0,0.0
120901060304,2001,0.0,0.0,0.0
120901060304,2002,0.0,0.0,0.0
120901060304,2003,0.0,0.0,0.0
120901060304,2004,0.0,0.0,0.0
120901060304,2005,0.0,0.0,0.0
120901060304,2006,0.0,0.0,0.0
120901060304,2007,0.0,0.0,0.0
120901060304,2008,0.0,0.0,0.0
120901060304,2009,0.0,0.0,0.0
120901060304,2010,0.0,0.0,0.0
120901060304,2011,0.0,0.0,0.0
120901060304,2012,0.0,0.0,0.0
120901060304,2013,0.0,0.0,0.0
120901060304,2014,0.0,0.0,0.0
120901060304,2015,0.0,0.0,0.0
120901060304,2016,0.0,0.0,0.0
120901060304,2017,0.0,0.0,0.0
120901060304,2018,0.060754756,0.051762981,0.008991781
120901060304,2019,0.112450321,0.095807488,0.016642663
120901060304,2020,0.000245746,0.000209257,3.6407e-05
120901060305,2000,0.006566929,0.005595022,0.000971907
120901060305,2001,0.097162121,0.082781975,0.014380063
120901060305,2002,0.023404099,0.019940337,0.003463844
120901060305,2003,0.090816973,0.077376038,0.013440937
120901060305,2004,0.29196018,0.248750109,0.043210238
120901060305,2005,0.391130592,0.333243104,0.057887236
120901060305,2006,0.329939501,0.28110854,0.048831044
120901060305,2007,0.158833748,0.135326359,0.023507556
120901060305,2008,0.090889954,0.07743829,0.013451667
120901060305,2009,0.185911145,0.158396345,0.027514718
120901060305,2010,0.0,0.0,0.0
120901060305,2011,0.000300644,0.000256293,4.46e-05
120901060305,2012,0.0,0.0,0.0
120901060305,2013,0.039362189,0.033536666,0.005825605
120901060305,2014,0.072607756,0.06186177,0.010745981
120901060305,2015,0.0,0.0,0.0
120901060305,2016,0.075707762,0.064503055,0.011204787
120901060305,2017,0.0,0.0,0.0
120901060305,2018,0.117937008,0.100482321,0.017454688
120901060305,2019,0.9349822,0.796604795,0.138377233
120901060305,2020,0.523265973,0.44582271,0.077443347
120901060306,2000,0.0,0.0,0.0
120901060306,2001,0.0,0.0,0.0
120901060306,2002,0.0,0.0,0.0
120901060306,2003,0.0,0.0,0.0
120901060306,2004,0.0,0.0,0.0
120901060306,2005,0.0,0.0,0.0
120901060306,2006,0.0,0.0,0.0
120901060306,2007,0.0,0.0,0.0
120901060306,2008,0.0,0.0,0.0
120901060306,2009,0.0,0.0,0.0
120901060306,2010,0.0,0.0,0.0
120901060306,2011,0.0,0.0,0.0
120901060306,2012,0.0,0.0,0.0
120901060306,2013,0.0,0.0,0.0
120901060306,2014,0.0,0.0,0.0
120901060306,2015,0.0,0.0,0.0
120901060306,2016,0.0,0.0,0.0
120901060306,2017,0.0,0.0,0.0
120901060306,2018,0.0,0.0,0.0
120901060306,2019,0.072733989,0.063496811,0.009237181
120901060306,2020,0.0,0.0,0.0
120901060307,2000,0.0,0.0,0.0
120901060307,2001,0.072030847,0.0613702,0.010660564
120901060307,2002,0.057082184,0.048634219,0.008448301
120901060307,2003,0.0,0.0,0.0
120901060307,2004,0.0,0.0,0.0
120901060307,2005,0.0,0.0,0.0
120901060307,2006,0.0,0.0,0.0
120901060307,2007,0.0,0.0,0.0
120901060307,2008,0.0,0.0,0.0
120901060307,2009,0.0,0.0,0.0
120901060307,2010,0.0,0.0,0.0
120901060307,2011,0.0,0.0,0.0
120901060307,2012,0.0,0.0,0.0
120901060307,2013,0.0,0.0,0.0
120901060307,2014,0.0,0.0,0.0
120901060307,2015,0.0,0.0,0.0
120901060307,2016,0.0,0.0,0.0
120901060307,2017,0.0,0.0,0.0
120901060307,2018,0.0,0.0,0.0
120901060307,2019,0.033861756,0.029290389,0.00457137
120901060307,2020,0.0,0.0,0.0
120901060308,2000,0.0,0.0,0.0
120901060308,2001,0.0,0.0,0.0
120901060308,2002,0.0,0.0,0.0
120901060308,2003,0.002555279,0.002177236,0.000378211
120901060308,2004,0.0,0.0,0.0
120901060308,2005,0.0,0.0,0.0
120901060308,2006,0.0,0.0,0.0
120901060308,2007,0.0,0.0,0.0
120901060308,2008,0.123929637,0.105587975,0.018341579
120901060308,2009,0.078016005,0.066469638,0.011546367
120901060308,2010,0.0,0.0,0.0
120901060308,2011,0.0,0.0,0.0
120901060308,2012,0.0,0.0,0.0
120901060308,2013,0.0,0.0,0.0
120901060308,2014,0.0,0.0,0.0
120901060308,2015,0.0,0.0,0.0
120901060308,2016,0.0,0.0,0.0
120901060308,2017,0.0,0.0,0.0
120901060308,2018,0.0,0.0,0.0
120901060308,2019,0.0,0.0,0.0
120901060308,2020,0.0,0.0,0.0
120901060309,2000,0.0,0.0,0.0
120901060309,2001,0.0,0.0,0.0
120901060309,2002,0.0,0.0,0.0
120901060309,2003,0.0,0.0,0.0
120901060309,2004,0.0,0.0,0.0
120901060309,2005,0.0,0.0,0.0
120901060309,2006,0.0,0.0,0.0
120901060309,2007,0.0,0.0,0.0
120901060309,2008,0.050785943,0.043269571,0.007516372
120901060309,2009,0.057437529,0.048936737,0.008500792
120901060309,2010,0.0,0.0,0.0
120901060309,2011,0.0,0.0,0.0
120901060309,2012,0.0,0.0,0.0
120901060309,2013,0.0,0.0,0.0
120901060309,2014,0.0,0.0,0.0
120901060309,2015,0.0,0.0,0.0
120901060309,2016,0.0,0.0,0.0
120901060309,2017,0.0,0.0,0.0
120901060309,2018,0.0,0.0,0.0
120901060309,2019,0.028597962,0.024908737,0.003689058
120901060309,2020,0.0,0.0,0.0
120901060401,2000,0.0,0.0,0.0
120901060401,2001,0.0,0.0,0.0
120901060401,2002,0.0,0.0,0.0
120901060401,2003,0.0,0.0,0.0
120901060401,2004,0.0,0.0,0.0
120901060401,2005,0.0,0.0,0.0
120901060401,2006,0.0,0.0,0.0
120901060401,2007,0.0,0.0,0.0
120901060401,2008,0.0,0.0,0.0
120901060401,2009,0.0,0.0,0.0
120901060401,2010,0.0,0.0,0.0
120901060401,2011,0.0,0.0,0.0
120901060401,2012,0.0,0.0,0.0
120901060401,2013,0.0,0.0,0.0
120901060401,2014,0.0,0.0,0.0
120901060401,2015,0.0,0.0,0.0
120901060401,2016,0.0,0.0,0.0
120901060401,2017,0.0,0.0,0.0
120901060401,2018,0.0,0.0,0.0
120901060401,2019,0.298130663,0.0256392,0.272491627
120901060401,2020,0.0,0.0,0.0
120901060402,2000,0.152552186,0.129974423,0.022577762
120901060402,2001,0.461938403,0.393571581,0.068366907
120901060402,2002,0.079049386,0.067350101,0.011699203
120901060402,2003,0.040915044,0.023485279,0.017429849
120901060402,2004,0.183859724,0.128517992,0.055341896
120901060402,2005,0.302819882,0.258002414,0.044817553
120901060402,2006,0.058330266,0.049697277,0.008632986
120901060402,2007,0.137044321,0.116761899,0.020282674
120901060402,2008,0.098106691,0.083586765,0.014519842
120901060402,2009,0.311002397,0.249735005,0.061267477
120901060402,2010,0.0,0.0,0.0
120901060402,2011,0.030447877,0.025941364,0.004506425
120901060402,2012,0.0,0.0,0.0
120901060402,2013,0.0,0.0,0.0
120901060402,2014,0.160697633,0.136914458,0.02378334
120901060402,2015,0.009036789,0.007699329,0.00133746
120901060402,2016,0.233022235,0.198534604,0.034487303
120901060402,2017,0.0615866,0.052471863,0.009114822
120901060402,2018,0.07677906,0.065415811,0.011363419
120901060402,2019,0.032571386,0.008989655,0.023581647
120901060402,2020,0.026777101,0.022814014,0.003963
120901060403,2000,0.121383082,0.103418415,0.017964667
120901060403,2001,0.355234033,0.30265943,0.0525746
120901060403,2002,0.054504693,0.04643823,0.008066797
120901060403,2003,0.0,0.0,0.0
120901060403,2004,0.3711925,0.286560617,0.084631964
120901060403,2005,0.045344019,0.038633063,0.006710786
120901060403,2006,0.061222318,0.052161542,0.009060945
120901060403,2007,0.251012162,0.213862534,0.037149797
120901060403,2008,0.0,0.0,0.0
120901060403,2009,0.291437003,0.248304405,0.043132597
120901060403,2010,0.0,0.0,0.0
120901060403,2011,0.0,0.0,0.0
120901060403,2012,0.0,0.0,0.0
120901060403,2013,0.0,0.0,0.0
120901060403,2014,0.0,0.0,0.0
120901060403,2015,0.0,0.0,0.0
120901060403,2016,0.0,0.0,0.0
120901060403,2017,0.0,0.0,0.0
120901060403,2018,0.0,0.0,0.0
120901060403,2019,0.0,0.0,0.0
120901060403,2020,0.0,0.0,0.0
120901060404,2000,0.0,0.0,0.0
120901060404,2001,0.0,0.0,0.0
120901060404,2002,0.0,0.0,0.0
120901060404,2003,0.0,0.0,0.0
120901060404,2004,0.0,0.0,0.0
120901060404,2005,0.0,0.0,0.0
120901060404,2006,0.0,0.0,0.0
120901060404,2007,0.0,0.0,0.0
120901060404,2008,0.0,0.0,0.0
120901060404,2009,0.0,0.0,0.0
120901060404,2010,0.0,0.0,0.0
120901060404,2011,0.0,0.0,0.0
120901060404,2012,0.0,0.0,0.0
120901060404,2013,0.0,0.0,0.0
120901060404,2014,0.0,0.0,0.0
120901060404,2015,0.0,0.0,0.0
120901060404,2016,0.0,0.0,0.0
120901060404,2017,0.0,0.0,0.0
120901060404,2018,0.0,0.0,0.0
120901060404,2019,0.0,0.0,0.0
120901060404,2020,0.0,0.0,0.0
120901060405,2000,0.0,0.0,0.0
120901060405,2001,0.0,0.0,0.0
120901060405,2002,0.0,0.0,0.0
120901060405,2003,0.000166641,1.4332e-05,0.00015231
120901060405,2004,0.0,0.0,0.0
120901060405,2005,0.0,0.0,0.0
120901060405,2006,0.0,0.0,0.0
120901060405,2007,0.0,0.0,0.0
120901060405,2008,0.0,0.0,0.0
120901060405,2009,0.000181047,1.5512e-05,0.000165455
120901060405,2010,0.0,0.0,0.0
120901060405,2011,0.0,0.0,0.0
120901060405,2012,0.0,0.0,0.0
120901060405,2013,0.0,0.0,0.0
120901060405,2014,0.0,0.0,0.0
120901060405,2015,0.0,0.0,0.0
120901060405,2016,0.0,0.0,0.0
120901060405,2017,0.0,0.0,0.0
120901060405,2018,0.0,0.0,0.0
120901060405,2019,0.0,0.0,0.0
120901060405,2020,0.000602683,5.179e-05,0.000550893
120901060406,2000,0.0,0.0,0.0
120901060406,2001,0.111968586,0.060910786,0.051057718
120901060406,2002,0.018719956,0.005016967,0.013702989
120901060406,2003,0.177081244,0.037895452,0.13918571
120901060406,2004,0.040328404,0.021374164,0.01895441
120901060406,2005,0.0,0.0,0.0
120901060406,2006,0.0,0.0,0.0
120901060406,2007,0.023203219,0.00199557,0.021207734
120901060406,2008,0.0,0.0,0.0
120901060406,2009,0.065851518,0.015475025,0.050376578
120901060406,2010,0.0,0.0,0.0
120901060406,2011,0.0,0.0,0.0
120901060406,2012,0.03463977,0.010772951,0.023866902
120901060406,2013,0.0,0.0,0.0
120901060406,2014,0.044040329,0.003787367,0.040252712
120901060406,2015,0.048503748,0.0423438,0.006159948
120901060406,2016,0.065104074,0.017317527,0.047786301
120901060406,2017,0.0,0.0,0.0
120901060406,2018,0.194977192,0.016767967,0.17820914
120901060406,2019,0.028165252,0.010336704,0.017828466
120901060406,2020,0.0,0.0,0.0
120901060501,2000,0.0,0.0,0.0
120901060501,2001,0.0,0.0,0.0
120901060501,2002,0.0,0.0,0.0
120901060501,2003,0.0,0.0,0.0
120901060501,2004,0.0,0.0,0.0
120901060501,2005,0.0,0.0,0.0
120901060501,2006,0.0,0.0,0.0
120901060501,2007,0.0,0.0,0.0
120901060501,2008,0.0,0.0,0.0
120901060501,2009,0.0,0.0,0.0
120901060501,2010,0.0,0.0,0.0
120901060501,2011,0.0,0.0,0.0
120901060501,2012,0.0,0.0,0.0
120901060501,2013,0.0,0.0,0.0
120901060501,2014,0.0,0.0,0.0
120901060501,2015,0.0,0.0,0.0
120901060501,2016,0.0,0.0,0.0
120901060501,2017,0.0,0.0,0.0
120901060501,2018,0.0,0.0,0.0
120901060501,2019,4.2904e-05,3.7458e-05,5.532e-06
120901060501,2020,5.5574e-05,4.847e-05,6.934e-06
120901060502,2000,0.0,0.0,0.0
120901060502,2001,0.40094494,0.350024732,0.050920038
120901060502,2002,0.27023626,0.235916233,0.034319945
120901060502,2003,0.282721268,0.246815603,0.035905666
120901060502,2004,0.11803326,0.103042989,0.014990186
120901060502,2005,0.0,0.0,0.0
120901060502,2006,0.178033682,0.155423507,0.022610258
120901060502,2007,0.082960592,0.07242443,0.010536077
120901060502,2008,0.002774762,0.002422325,0.000352355
120901060502,2009,0.145769871,0.127257145,0.018512808
120901060502,2010,0.066679099,0.058210797,0.008468219
120901060502,2011,0.004095781,0.003575575,0.000520118
120901060502,2012,0.005968891,0.005211041,0.000758016
120901060502,2013,0.179979148,0.157121693,0.022857537
120901060502,2014,0.00461609,0.004029701,0.000586222
120901060502,2015,0.381386436,0.33295046,0.048435975
120901060502,2016,0.107701913,0.094023825,0.013678175
120901060502,2017,0.359683584,0.31400377,0.045679901
120901060502,2018,0.049331592,0.043066605,0.006265159
120901060502,2019,0.394987742,0.344824299,0.050163444
120901060502,2020,0.502577172,0.43874976,0.063827246
120901060503,2000,0.0,0.0,0.0
120901060503,2001,0.269458079,0.235236762,0.034221066
120901060503,2002,0.0,0.0,0.0
120901060503,2003,0.0,0.0,0.0
120901060503,2004,0.0,0.0,0.0
120901060503,2005,0.0,0.0,0.0
120901060503,2006,0.0,0.0,0.0
120901060503,2007,0.0,0.0,0.0
120901060503,2008,0.0,0.0,0.0
120901060503,2009,0.0,0.0,0.0
120901060503,2010,0.0,0.0,0.0
120901060503,2011,0.0,0.0,0.0
120901060503,2012,0.0,0.0,0.0
120901060503,2013,0.0,0.0,0.0
120901060503,2014,0.0,0.0,0.0
120901060503,2015,0.0,0.0,0.0
120901060503,2016,0.0,0.0,0.0
120901060503,2017,0.0,0.0,0.0
120901060503,2018,0.0,0.0,0.0
120901060503,2019,0.0,0.0,0.0
120901060503,2020,0.010981489,0.009586732,0.001394675
120901060504,2000,0.0,0.0,0.0
120901060504,2001,0.0,0.0,0.0
120901060504,2002,0.0,0.0,0.0
120901060504,2003,0.0,0.0,0.0
120901060504,2004,0.0,0.0,0.0
120901060504,2005,0.0,0.0,0.0
120901060504,2006,0.0,0.0,0.0
120901060504,2007,0.0,0.0,0.0
120901060504,2008,0.0,0.0,0.0
120901060504,2009,0.0,0.0,0.0
120901060504,2010,0.0,0.0,0.0
120901060504,2011,0.0,0.0,0.0
120901060504,2012,0.136775765,0.119405303,0.017370544
120901060504,2013,0.0,0.0,0.0
120901060504,2014,0.0,0.0,0.0
120901060504,2015,0.141833373,0.123820542,0.01801283
120901060504,2016,0.165836672,0.144775385,0.021061202
120901060504,2017,0.125560156,0.109613877,0.015946112
120901060504,2018,0.147890584,0.129108573,0.018782181
120901060504,2019,0.19798789,0.172843403,0.025144405
120901060504,2020,0.126971224,0.11084579,0.016125268
120901060505,2000,0.0,0.0,0.0
120901060505,2001,0.0,0.0,0.0
120901060505,2002,0.0,0.0,0.0
120901060505,2003,0.0,0.0,0.0
120901060505,2004,0.0,0.0,0.0
120901060505,2005,0.0,0.0,0.0
120901060505,2006,0.0,0.0,0.0
120901060505,2007,0.0,0.0,0.0
120901060505,2008,0.0,0.0,0.0
120901060505,2009,0.0,0.0,0.0
120901060505,2010,0.0,0.0,0.0
120901060505,2011,0.0,0.0,0.0
120901060505,2012,0.0,0.0,0.0
120901060505,2013,0.0,0.0,0.0
120901060505,2014,0.0,0.0,0.0
120901060505,2015,0.031915471,0.017298173,0.014617299
120901060505,2016,0.090157421,0.04886532,0.041292104
120901060505,2017,0.036204553,0.019622797,0.016581841
120901060505,2018,0.086819904,0.047056392,0.039763512
120901060505,2019,0.084119819,0.045592948,0.038526789
120901060505,2020,0.0,0.0,0.0
120901060506,2000,0.0,0.0,0.0
120901060506,2001,0.0,0.0,0.0
120901060506,2002,0.0,0.0,0.0
120901060506,2003,0.0,0.0,0.0
120901060506,2004,0.0,0.0,0.0
120901060506,2005,0.0,0.0,0.0
120901060506,2006,0.0,0.0,0.0
120901060506,2007,0.0,0.0,0.0
120901060506,2008,0.0,0.0,0.0
120901060506,2009,0.0,0.0,0.0
120901060506,2010,0.0,0.0,0.0
120901060506,2011,0.0,0.0,0.0
120901060506,2012,0.0,0.0,0.0
120901060506,2013,0.0,0.0,0.0
120901060506,2014,0.0,0.0,0.0
120901060506,2015,0.0,0.0,0.0
120901060506,2016,0.0,0.0,0.0
120901060506,2017,0.0,0.0,0.0
120901060506,2018,0.0,0.0,0.0
120901060506,2019,0.0,0.0,0.0
120901060506,2020,0.000429489,0.00023265,0.000196675
120901060507,2000,0.0,0.0,0.0
120901060507,2001,0.0,0.0,0.0
120901060507,2002,0.0,0.0,0.0
120901060507,2003,0.0,0.0,0.0
120901060507,2004,0.0,0.0,0.0
120901060507,2005,0.0,0.0,0.0
120901060507,2006,0.0,0.0,0.0
120901060507,2007,0.0,0.0,0.0
120901060507,2008,0.0,0.0,0.0
120901060507,2009,0.0,0.0,0.0
120901060507,2010,0.0,0.0,0.0
120901060507,2011,0.0,0.0,0.0
120901060507,2012,0.0,0.0,0.0
120901060507,2013,0.0,0.0,0.0
120901060507,2014,0.0,0.0,0.0
120901060507,2015,0.0,0.0,0.0
120901060507,2016,0.0,0.0,0.0
120901060507,2017,0.0,0.0,0.0
120901060507,2018,0.003708742,0.002729633,0.000979195
120901060507,2019,0.0,0.0,0.0
120901060507,2020,0.0,0.0,0.0
120901060601,2000,0.0,0.0,0.0
120901060601,2001,0.0,0.0,0.0
120901060601,2002,0.0,0.0,0.0
120901060601,2003,0.0,0.0,0.0
120901060601,2004,0.0,0.0,0.0
120901060601,2005,0.0,0.0,0.0
120901060601,2006,0.0,0.0,0.0
120901060601,2007,0.0,0.0,0.0
120901060601,2008,0.0,0.0,0.0
120901060601,2009,0.0,0.0,0.0
120901060601,2010,0.0,0.0,0.0
120901060601,2011,0.0,0.0,0.0
120901060601,2012,0.0,0.0,0.0
120901060601,2013,0.0,0.0,0.0
120901060601,2014,0.0,0.0,0.0
120901060601,2015,0.0,0.0,0.0
120901060601,2016,0.0,0.0,0.0
120901060601,2017,0.0,0.0,0.0
120901060601,2018,0.0,0.0,0.0
120901060601,2019,0.0,0.0,0.0
120901060601,2020,0.0,0.0,0.0
120901060602,2000,0.0,0.0,0.0
120901060602,2001,0.0,0.0,0.0
120901060602,2002,0.0,0.0,0.0
120901060602,2003,0.0,0.0,0.0
120901060602,2004,0.0,0.0,0.0
120901060602,2005,0.0,0.0,0.0
120901060602,2006,0.0,0.0,0.0
120901060602,2007,0.0,0.0,0.0
120901060602,2008,0.0,0.0,0.0
120901060602,2009,0.0,0.0,0.0
120901060602,2010,0.0,0.0,0.0
120901060602,2011,0.0,0.0,0.0
120901060602,2012,0.0,0.0,0.0
120901060602,2013,0.0,0.0,0.0
120901060602,2014,0.0,0.0,0.0
120901060602,2015,0.0,0.0,0.0
120901060602,2016,0.0,0.0,0.0
120901060602,2017,0.0,0.0,0.0
120901060602,2018,0.0,0.0,0.0
120901060602,2019,0.0,0.0,0.0
120901060602,2020,0.0,0.0,0.0
120901060603,2000,0.126830306,0.068742049,0.058088423
120901060603,2001,0.200697677,0.143097422,0.057600255
120901060603,2002,0.078616625,0.053066137,0.025550403
120901060603,2003,0.301590548,0.221367433,0.080223118
120901060603,2004,0.0,0.0,0.0
120901060603,2005,0.403744173,0.310075466,0.09366871
120901060603,2006,0.904989564,0.754761258,0.150228307
120901060603,2007,0.450636249,0.335724058,0.114912192
120901060603,2008,0.302011432,0.257313675,0.044697757
120901060603,2009,1.144620356,0.885936,0.258684189
120901060603,2010,0.185208055,0.116495786,0.068712184
120901060603,2011,0.899247904,0.71670066,0.182547326
120901060603,2012,0.246878246,0.161458459,0.085419784
120901060603,2013,0.0,0.0,0.0
120901060603,2014,0.201435129,0.161551077,0.039884134
120901060603,2015,0.0,0.0,0.0
120901060603,2016,0.0,0.0,0.0
120901060603,2017,0.208798562,0.1411478,0.06765077
120901060603,2018,0.431721208,0.314724808,0.116996482
120901060603,2019,1.310703816,0.969920885,0.340783014
120901060603,2020,0.0,0.0,0.0
120901060604,2000,0.726937153,0.399815413,0.327121656
120901060604,2001,0.763813866,0.476619745,0.287193956
120901060604,2002,0.108978507,0.068002526,0.040975893
120901060604,2003,0.846158775,0.516156882,0.330001808
120901060604,2004,0.216016366,0.129609855,0.086406429
120901060604,2005,0.875539258,0.575229466,0.300310033
120901060604,2006,0.522793764,0.307925485,0.214868282
120901060604,2007,0.561463203,0.366074104,0.195389268
120901060604,2008,1.00089826,0.622558852,0.378339656
120901060604,2009,0.512416367,0.372014441,0.140402178
120901060604,2010,0.923560625,0.561524874,0.362035666
120901060604,2011,0.572531896,0.348099534,0.224432608
120901060604,2012,0.669621432,0.445298199,0.224323153
120901060604,2013,0.159535192,0.094604433,0.064930759
120901060604,2014,0.808232381,0.491405367,0.316827099
120901060604,2015,0.430223712,0.254692436,0.175531277
120901060604,2016,0.854811639,0.518870907,0.335941066
120901060604,2017,0.880403863,0.486863312,0.393540466
120901060604,2018,1.738117162,0.968131233,0.769985844
120901060604,2019,1.05283437,0.601168304,0.451665808
120901060604,2020,1.434422645,0.807579842,0.626842634
120901060605,2000,0.072392571,0.046331355,0.026061383
120901060605,2001,0.086656444,0.056500033,0.030156581
120901060605,2002,0.023276953,0.012616123,0.01066083
120901060605,2003,0.053089573,0.041728258,0.011361233
120901060605,2004,0.0,0.0,0.0
120901060605,2005,0.509043934,0.321715597,0.187328088
120901060605,2006,0.234429299,0.138313433,0.0961162
120901060605,2007,0.02544171,0.022744981,0.002696896
120901060605,2008,0.236561172,0.132001055,0.104560033
120901060605,2009,0.0,0.0,0.0
120901060605,2010,0.12796486,0.082537296,0.045427564
120901060605,2011,0.0,0.0,0.0
120901060605,2012,0.155468495,0.09405844,0.06140997
120901060605,2013,0.0,0.0,0.0
120901060605,2014,0.174012375,0.147040518,0.02697194
120901060605,2015,0.0,0.0,0.0
120901060605,2016,0.0,0.0,0.0
120901060605,2017,0.120457129,0.07877909,0.041678197
120901060605,2018,0.099683359,0.089116836,0.010566271
120901060605,2019,0.014139666,0.012640792,0.001498789
120901060605,2020,0.0,0.0,0.0
120901070101,2000,0.0,0.0,0.0
120901070101,2001,0.000209225,0.0,0.000209225
120901070101,2002,0.04495749,0.0,0.04495749
120901070101,2003,0.032173458,0.0,0.032173458
120901070101,2004,0.000197792,0.0,0.000197792
120901070101,2005,0.0,0.0,0.0
120901070101,2006,0.118016605,0.0,0.118016605
120901070101,2007,0.0,0.0,0.0
120901070101,2008,0.0,0.0,0.0
120901070101,2009,0.0,0.0,0.0
120901070101,2010,0.0,0.0,0.0
120901070101,2011,0.0,0.0,0.0
120901070101,2012,0.020917038,0.0,0.020917038
120901070101,2013,0.126445184,0.0,0.126445184
120901070101,2014,0.0,0.0,0.0
120901070101,2015,0.180850162,0.0,0.180850162
120901070101,2016,0.170207399,0.0,0.170207399
120901070101,2017,0.200303405,0.0,0.200303405
120901070101,2018,0.5283914,0.0,0.5283914
120901070101,2019,0.257304666,0.0,0.257304666
120901070101,2020,0.740467893,0.0,0.740467893
120901070102,2000,0.0,0.0,0.0
120901070102,2001,0.183866274,0.0,0.183866274
120901070102,2002,0.190823205,0.0,0.190823205
120901070102,2003,0.139833038,0.0,0.139833038
120901070102,2004,0.0,0.0,0.0
120901070102,2005,0.0,0.0,0.0
120901070102,2006,0.0,0.0,0.0
120901070102,2007,0.0,0.0,0.0
120901070102,2008,0.0,0.0,0.0
120901070102,2009,0.0,0.0,0.0
120901070102,2010,0.150620389,0.0,0.150620389
120901070102,2011,0.0,0.0,0.0
120901070102,2012,0.534701648,0.0,0.534701648
120901070102,2013,0.203508156,0.0,0.203508156
120901070102,2014,0.0,0.0,0.0
120901070102,2015,0.009061696,0.0,0.009061696
120901070102,2016,0.401529992,0.0,0.401529992
120901070102,2017,0.236992088,0.0,0.236992088
120901070102,2018,0.455783107,0.0,0.455783107
120901070102,2019,0.512666329,0.0,0.512666329
120901070102,2020,0.521175538,0.0,0.521175538
120901070103,2000,0.0,0.0,0.0
120901070103,2001,0.0,0.0,0.0
120901070103,2002,0.0,0.0,0.0
120901070103,2003,0.0,0.0,0.0
120901070103,2004,0.0,0.0,0.0
120901070103,2005,0.0,0.0,0.0
120901070103,2006,0.0,0.0,0.0
120901070103,2007,0.0,0.0,0.0
120901070103,2008,0.0,0.0,0.0
120901070103,2009,0.0,0.0,0.0
120901070103,2010,0.0,0.0,0.0
120901070103,2011,0.0,0.0,0.0
120901070103,2012,0.0,0.0,0.0
120901070103,2013,0.0,0.0,0.0
120901070103,2014,0.0,0.0,0.0
120901070103,2015,0.0,0.0,0.0
120901070103,2016,0.0,0.0,0.0
120901070103,2017,0.0,0.0,0.0
120901070103,2018,0.0,0.0,0.0
120901070103,2019,0.0,0.0,0.0
120901070103,2020,0.0,0.0,0.0
120901070104,2000,0.0,0.0,0.0
120901070104,2001,8.2e-08,0.0,8.2e-08
120901070104,2002,0.059554658,0.0,0.059554658
120901070104,2003,0.0,0.0,0.0
120901070104,2004,0.0,0.0,0.0
120901070104,2005,0.0,0.0,0.0
120901070104,2006,0.0,0.0,0.0
120901070104,2007,0.0,0.0,0.0
120901070104,2008,0.0,0.0,0.0
120901070104,2009,0.0,0.0,0.0
120901070104,2010,0.0,0.0,0.0
120901070104,2011,0.0,0.0,0.0
120901070104,2012,0.0,0.0,0.0
120901070104,2013,0.0,0.0,0.0
120901070104,2014,0.0,0.0,0.0
120901070104,2015,0.0,0.0,0.0
120901070104,2016,0.0,0.0,0.0
120901070104,2017,0.0,0.0,0.0
120901070104,2018,0.0,0.0,0.0
120901070104,2019,0.000111915,0.0,0.000111915
120901070104,2020,0.655533798,0.0,0.655533798
120901070105,2000,0.0,0.0,0.0
120901070105,2001,0.101740389,0.0,0.101740389
120901070105,2002,0.16434491,0.0,0.16434491
120901070105,2003,0.0,0.0,0.0
120901070105,2004,0.103689331,0.0,0.103689331
120901070105,2005,0.058015049,0.0,0.058015049
120901070105,2006,0.0,0.0,0.0
120901070105,2007,0.0,0.0,0.0
120901070105,2008,0.0680205,0.0,0.0680205
120901070105,2009,0.0,0.0,0.0
120901070105,2010,0.0,0.0,0.0
120901070105,2011,0.0,0.0,0.0
120901070105,2012,0.0,0.0,0.0
120901070105,2013,0.0,0.0,0.0
120901070105,2014,0.0,0.0,0.0
120901070105,2015,0.0,0.0,0.0
120901070105,2016,0.042467806,0.0,0.042467806
120901070105,2017,0.037964792,0.0,0.037964792
120901070105,2018,0.018063532,0.0,0.018063532
120901070105,2019,0.336354937,0.0,0.336354937
120901070105,2020,0.0,0.0,0.0
120901070106,2000,0.0,0.0,0.0
120901070106,2001,0.20980954,0.0,0.20980954
120901070106,2002,0.17337714,0.0,0.17337714
120901070106,2003,0.0,0.0,0.0
120901070106,2004,0.148323896,0.0,0.148323896
120901070106,2005,0.090038852,0.0,0.090038852
120901070106,2006,0.0,0.0,0.0
120901070106,2007,0.0,0.0,0.0
120901070106,2008,0.012873109,0.0,0.012873109
120901070106,2009,0.0,0.0,0.0
120901070106,2010,0.013928047,0.0,0.013928047
120901070106,2011,0.0,0.0,0.0
120901070106,2012,0.0,0.0,0.0
120901070106,2013,0.0,0.0,0.0
120901070106,2014,0.0,0.0,0.0
120901070106,2015,0.0,0.0,0.0
120901070106,2016,0.041486287,0.0,0.041486287
120901070106,2017,0.044680025,0.0,0.044680025
120901070106,2018,0.02330931,0.0,0.02330931
120901070106,2019,0.505891397,0.0,0.505891397
120901070106,2020,0.0,0.0,0.0
120901070107,2000,0.0,0.0,0.0
120901070107,2001,0.341151293,0.065500932,0.275650195
120901070107,2002,0.238332485,0.130129595,0.108202888
120901070107,2003,0.0,0.0,0.0
120901070107,2004,0.169585749,0.079535612,0.09004997
120901070107,2005,0.208629488,0.10118534,0.107444233
120901070107,2006,0.0,0.0,0.0
120901070107,2007,0.01822343,0.007890825,0.01033269
120901070107,2008,0.252931227,0.118371899,0.13455941
120901070107,2009,0.0,0.0,0.0
120901070107,2010,0.598906016,0.318019088,0.280886844
120901070107,2011,0.0,0.0,0.0
120901070107,2012,0.0,0.0,0.0
120901070107,2013,0.0,0.0,0.0
120901070107,2014,0.0,0.0,0.0
120901070107,2015,0.0,0.0,0.0
120901070107,2016,0.488971347,0.264533475,0.224437702
120901070107,2017,0.291820808,0.187932737,0.10388823
120901070107,2018,0.262690488,0.158665186,0.104025301
120901070107,2019,0.82805837,0.403264449,0.424793918
120901070107,2020,0.0,0.0,0.0
120901070108,2000,0.076751164,0.026018798,0.050732366
120901070108,2001,0.1158424,0.00613969,0.109702792
120901070108,2002,0.2380934,0.033809279,0.204284118
120901070108,2003,0.0,0.0,0.0
120901070108,2004,0.846668505,0.071120221,0.775548366
120901070108,2005,0.022536326,0.0,0.022536326
120901070108,2006,0.0,0.0,0.0
120901070108,2007,0.144431222,0.0,0.144431222
120901070108,2008,0.251221505,0.001507331,0.249714175
120901070108,2009,0.040865038,0.005802849,0.035062356
120901070108,2010,0.289815852,0.017099159,0.272716526
120901070108,2011,0.0,0.0,0.0
120901070108,2012,0.0,0.0,0.0
120901070108,2013,0.0,0.0,0.0
120901070108,2014,0.0,0.0,0.0
120901070108,2015,0.0,0.0,0.0
120901070108,2016,0.0,0.0,0.0
120901070108,2017,0.0,0.0,0.0
120901070108,2018,0.056682419,0.0,0.056682419
120901070108,2019,0.571791838,0.0,0.571791838
120901070108,2020,0.0,0.0,0.0
120901070201,2000,0.0,0.0,0.0
120901070201,2001,0.0,0.0,0.0
120901070201,2002,0.0,0.0,0.0
120901070201,2003,0.0,0.0,0.0
120901070201,2004,0.0,0.0,0.0
120901070201,2005,0.0,0.0,0.0
120901070201,2006,0.0,0.0,0.0
120901070201,2007,0.0,0.0,0.0
120901070201,2008,0.0,0.0,0.0
120901070201,2009,0.0,0.0,0.0
120901070201,2010,0.0,0.0,0.0
120901070201,2011,0.0,0.0,0.0
120901070201,2012,0.0,0.0,0.0
120901070201,2013,0.0,0.0,0.0
120901070201,2014,0.0,0.0,0.0
120901070201,2015,0.0,0.0,0.0
120901070201,2016,0.0,0.0,0.0
120901070201,2017,0.0,0.0,0.0
120901070201,2018,0.027771386,0.023661181,0.004110205
120901070201,2019,0.0,0.0,0.0
120901070201,2020,0.0,0.0,0.0
120901070202,2000,0.0,0.0,0.0
120901070202,2001,0.0,0.0,0.0
120901070202,2002,0.0,0.0,0.0
120901070202,2003,0.0,0.0,0.0
120901070202,2004,0.187534344,0.05400979,0.133524388
120901070202,2005,0.0,0.0,0.0
120901070202,2006,0.003786732,0.001677584,0.00210923
120901070202,2007,0.0,0.0,0.0
120901070202,2008,0.0,0.0,0.0
120901070202,2009,0.0,0.0,0.0
120901070202,2010,0.0,0.0,0.0
120901070202,2011,0.0,0.0,0.0
120901070202,2012,0.0,0.0,0.0
120901070202,2013,0.0,0.0,0.0
120901070202,2014,0.0,0.0,0.0
120901070202,2015,0.0,0.0,0.0
120901070202,2016,0.0,0.0,0.0
120901070202,2017,0.0,0.0,0.0
120901070202,2018,0.017525019,0.011549003,0.005976016
120901070202,2019,0.000204526,9.8323e-05,0.000106285
120901070202,2020,0.452608005,0.186927191,0.265680981
120901070203,2000,0.0,0.0,0.0
120901070203,2001,0.0,0.0,0.0
120901070203,2002,0.0,0.0,0.0
120901070203,2003,0.0,0.0,0.0
120901070203,2004,0.0,0.0,0.0
120901070203,2005,0.0,0.0,0.0
120901070203,2006,0.253744438,0.0,0.253744438
120901070203,2007,0.0,0.0,0.0
120901070203,2008,0.0,0.0,0.0
120901070203,2009,0.178818321,0.0,0.178818321
120901070203,2010,0.0,0.0,0.0
120901070203,2011,0.0,0.0,0.0
120901070203,2012,0.0,0.0,0.0
120901070203,2013,0.209151696,0.0,0.209151696
120901070203,2014,0.192607992,0.0,0.192607992
120901070203,2015,0.0,0.0,0.0
120901070203,2016,0.0,0.0,0.0
120901070203,2017,0.0,0.0,0.0
120901070203,2018,0.070671841,0.0,0.070671841
120901070203,2019,0.247670781,0.0,0.247670781
120901070203,2020,0.0,0.0,0.0
120901070204,2000,0.135006563,0.0,0.135006563
120901070204,2001,0.0,0.0,0.0
120901070204,2002,0.0,0.0,0.0
120901070204,2003,0.0,0.0,0.0
120901070204,2004,0.103270443,0.0,0.103270443
120901070204,2005,0.0,0.0,0.0
120901070204,2006,0.263893641,0.0,0.263893641
120901070204,2007,0.0,0.0,0.0
120901070204,2008,0.0,0.0,0.0
120901070204,2009,0.137099282,0.0,0.137099282
120901070204,2010,0.0,0.0,0.0
120901070204,2011,0.0,0.0,0.0
120901070204,2012,0.0,0.0,0.0
120901070204,2013,0.105559038,0.0,0.105559038
120901070204,2014,0.0,0.0,0.0
120901070204,2015,0.0,0.0,0.0
120901070204,2016,0.0,0.0,0.0
120901070204,2017,0.0,0.0,0.0
120901070204,2018,0.034835151,0.006026444,0.028808625
120901070204,2019,0.051785468,0.0,0.051785468
120901070204,2020,0.0,0.0,0.0
120901070205,2000,0.0,0.0,0.0
120901070205,2001,0.0,0.0,0.0
120901070205,2002,0.0,0.0,0.0
120901070205,2003,0.0,0.0,0.0
120901070205,2004,0.0,0.0,0.0
120901070205,2005,0.0,0.0,0.0
120901070205,2006,0.0,0.0,0.0
120901070205,2007,0.0,0.0,0.0
120901070205,2008,0.0,0.0,0.0
120901070205,2009,0.0,0.0,0.0
120901070205,2010,0.0,0.0,0.0
120901070205,2011,0.0,0.0,0.0
120901070205,2012,0.0,0.0,0.0
120901070205,2013,0.0,0.0,0.0
120901070205,2014,0.0,0.0,0.0
120901070205,2015,0.0,0.0,0.0
120901070205,2016,0.0,0.0,0.0
120901070205,2017,0.0,0.0,0.0
120901070205,2018,0.381369236,0.329502962,0.051866189
120901070205,2019,0.000771707,0.000666849,0.000105027
120901070205,2020,0.171387161,0.147050322,0.024337005
120901070301,2000,0.747613656,0.035885505,0.711728402
120901070301,2001,0.731987,0.040991337,0.69099566
120901070301,2002,0.808637071,0.097845085,0.710792074
120901070301,2003,0.55558946,0.03500226,0.520587203
120901070301,2004,0.79184112,0.032465311,0.759375475
120901070301,2005,1.096834797,0.046067129,1.050767668
120901070301,2006,1.118167679,0.216924477,0.9012432
120901070301,2007,0.571684233,0.070888833,0.5007954
120901070301,2008,0.638023213,0.033815276,0.604207768
120901070301,2009,1.85173109,0.181469452,1.670261471
120901070301,2010,2.004730701,0.242572356,1.762158345
120901070301,2011,0.66836223,0.049458885,0.618903515
120901070301,2012,1.46004323,0.046721566,1.413321661
120901070301,2013,1.103429244,0.140135425,0.96329357
120901070301,2014,1.6544106,0.100918997,1.553491521
120901070301,2015,0.978236479,0.081193584,0.897042896
120901070301,2016,0.777711123,0.083992776,0.693718265
120901070301,2017,0.046807901,0.00322957,0.043578247
120901070301,2018,0.106265397,0.04431271,0.06195277
120901070301,2019,1.980232,0.184161485,1.79607043
120901070301,2020,1.785678702,0.324993555,1.460685314
120901070302,2000,0.0,0.0,0.0
120901070302,2001,0.098290529,0.085807474,0.012482803
120901070302,2002,0.0,0.0,0.0
120901070302,2003,0.046037578,0.040190962,0.005846868
120901070302,2004,0.017382675,0.015175055,0.00220762
120901070302,2005,0.0,0.0,0.0
120901070302,2006,0.0,0.0,0.0
120901070302,2007,0.0,0.0,0.0
120901070302,2008,0.0,0.0,0.0
120901070302,2009,0.0,0.0,0.0
120901070302,2010,0.028645244,0.025007436,0.003637973
120901070302,2011,0.054466233,0.04754897,0.006917178
120901070302,2012,0.075964787,0.066317208,0.009647495
120901070302,2013,0.0,0.0,0.0
120901070302,2014,0.122839252,0.107238668,0.015600753
120901070302,2015,0.063361693,0.055314803,0.008046973
120901070302,2016,0.057968678,0.050606743,0.007362098
120901070302,2017,0.016219616,0.014159671,0.00205986
120901070302,2018,0.171754178,0.149941373,0.021812805
120901070302,2019,0.253925208,0.221676622,0.032248504
120901070302,2020,0.059077481,0.051574516,0.007502883
120901070303,2000,1.887997383,1.648221604,0.239775612
120901070303,2001,1.52762411,1.205295367,0.32232866
120901070303,2002,1.442229819,1.130708148,0.311521671
120901070303,2003,0.752459726,0.589175893,0.163283748
120901070303,2004,1.099716333,0.96005232,0.139663847
120901070303,2005,1.786739156,1.524088575,0.262650581
120901070303,2006,1.905997868,1.61628606,0.289711723
120901070303,2007,0.438526093,0.382833279,0.055692729
120901070303,2008,0.873107156,0.759603098,0.113503891
120901070303,2009,1.717427082,1.499313871,0.218113126
120901070303,2010,2.708618066,2.177729033,0.5308892
120901070303,2011,3.130373844,2.416648595,0.713725085
120901070303,2012,1.240115948,0.932567093,0.307548689
120901070303,2013,2.410487515,2.07301923,0.337468285
120901070303,2014,2.394488433,1.989819888,0.404668545
120901070303,2015,1.486850058,1.141900959,0.344949266
120901070303,2016,1.629171658,1.21047453,0.418697128
120901070303,2017,1.624723195,1.337147175,0.28757594
120901070303,2018,3.573356504,2.919432329,0.65392426
120901070303,2019,3.208900556,2.551075819,0.65782457
120901070303,2020,2.980991511,2.24766768,0.733323831
120901070304,2000,0.374713822,0.327125221,0.047588607
120901070304,2001,0.387161321,0.337991781,0.049169458
120901070304,2002,0.142732329,0.124605225,0.018127019
120901070304,2003,0.294914597,0.257460477,0.037454121
120901070304,2004,0.158679885,0.138527631,0.020152339
120901070304,2005,0.424156907,0.370288734,0.053867926
120901070304,2006,0.662626142,0.578472605,0.084153534
120901070304,2007,0.210289181,0.183582351,0.026706748
120901070304,2008,0.331507757,0.289406191,0.042101563
120901070304,2009,0.47848586,0.417718137,0.060767723
120901070304,2010,0.424420803,0.370519323,0.053901482
120901070304,2011,0.835723967,0.729587058,0.106136901
120901070304,2012,0.27278476,0.238141071,0.034643604
120901070304,2013,0.875459929,0.764276463,0.111183463
120901070304,2014,0.382551041,0.333967153,0.048583888
120901070304,2015,0.420516677,0.367111145,0.053405616
120901070304,2016,0.517620178,0.451882475,0.065737705
120901070304,2017,0.578744436,0.505243808,0.073500542
120901070304,2018,0.674297986,0.588662137,0.085635764
120901070304,2019,0.922371814,0.805230532,0.117141364
120901070304,2020,1.087409464,0.949308352,0.138100948
120901070305,2000,0.0,0.0,0.0
120901070305,2001,0.021810589,0.019040496,0.002769929
120901070305,2002,0.0,0.0,0.0
120901070305,2003,0.0,0.0,0.0
120901070305,2004,0.0,0.0,0.0
120901070305,2005,0.0,0.0,0.0
120901070305,2006,0.017055984,0.014889866,0.002166121
120901070305,2007,0.0,0.0,0.0
120901070305,2008,0.028290139,0.024697224,0.003592915
120901070305,2009,0.0,0.0,0.0
120901070305,2010,0.0,0.0,0.0
120901070305,2011,0.032035296,0.027966937,0.004068441
120901070305,2012,0.070968383,0.061955374,0.009012923
120901070305,2013,0.0,0.0,0.0
120901070305,2014,0.0,0.0,0.0
120901070305,2015,0.0,0.0,0.0
120901070305,2016,0.0,0.0,0.0
120901070305,2017,0.027393441,0.023914449,0.003479079
120901070305,2018,0.0,0.0,0.0
120901070305,2019,0.02245474,0.019602956,0.002851701
120901070305,2020,0.074851189,0.065345148,0.009506126
120901070401,2000,0.0,0.0,0.0
120901070401,2001,0.0,0.0,0.0
120901070401,2002,0.222055241,0.193854186,0.028200973
120901070401,2003,0.0,0.0,0.0
120901070401,2004,0.0,0.0,0.0
120901070401,2005,0.0,0.0,0.0
120901070401,2006,0.0,0.0,0.0
120901070401,2007,0.000781216,0.000681978,9.9236e-05
120901070401,2008,0.037689066,0.032902541,0.004786525
120901070401,2009,0.0,0.0,0.0
120901070401,2010,0.0,0.0,0.0
120901070401,2011,0.0,0.0,0.0
120901070401,2012,7.6191e-05,6.6522e-05,9.669e-06
120901070401,2013,0.0,0.0,0.0
120901070401,2014,0.0,0.0,0.0
120901070401,2015,0.0,0.0,0.0
120901070401,2016,0.0,0.0,0.0
120901070401,2017,0.0,0.0,0.0
120901070401,2018,0.0,0.0,0.0
120901070401,2019,0.218220775,0.190506658,0.027714041
120901070401,2020,0.0,0.0,0.0
120901070402,2000,0.273054287,0.23837638,0.034677822
120901070402,2001,0.113277542,0.098891359,0.014386099
120901070402,2002,0.063580926,0.055506123,0.008074718
120901070402,2003,0.071054318,0.062030323,0.009023912
120901070402,2004,0.106745525,0.093188809,0.013556798
120901070402,2005,0.28632949,0.249965753,0.036363819
120901070402,2006,0.279257178,0.243791479,0.035465696
120901070402,2007,0.362292655,0.316281633,0.046011104
120901070402,2008,0.627596992,0.547892019,0.079704801
120901070402,2009,0.426095329,0.371981178,0.054114151
120901070402,2010,0.264753266,0.231129696,0.033623655
120901070402,2011,0.110993334,0.096897099,0.014096151
120901070402,2012,0.380054388,0.331787331,0.048266973
120901070402,2013,0.027293792,0.023827449,0.003466258
120901070402,2014,0.103737008,0.090562559,0.013174701
120901070402,2015,0.069608792,0.060768548,0.008840493
120901070402,2016,0.130001566,0.113491557,0.016510098
120901070402,2017,0.046382551,0.040491997,0.005890636
120901070402,2018,0.292579948,0.25542226,0.03715769
120901070402,2019,0.307807112,0.268715641,0.039091556
120901070402,2020,0.37393071,0.326441344,0.047489115
120901070403,2000,1.914973246,1.671771732,0.243201601
120901070403,2001,1.081349134,0.94401791,0.13733131
120901070403,2002,1.354200515,1.182217019,0.171983408
120901070403,2003,0.819751419,0.71564294,0.104108397
120901070403,2004,1.551825913,1.354744027,0.19708197
120901070403,2005,1.709197112,1.492129063,0.217068058
120901070403,2006,3.272217263,2.856645699,0.415571649
120901070403,2007,1.135494551,0.991286866,0.144207767
120901070403,2008,3.014191607,2.631389175,0.382802432
120901070403,2009,2.528500945,2.207381208,0.321119655
120901070403,2010,2.51043914,2.191613384,0.318825838
120901070403,2011,2.851547189,2.489400644,0.36214646
120901070403,2012,1.982273929,1.730524989,0.251748943
120901070403,2013,1.990512304,1.737717422,0.252795049
120901070403,2014,1.632312775,1.425009271,0.207303671
120901070403,2015,1.580330019,1.379628236,0.200701871
120901070403,2016,1.125452598,0.982520005,0.142932514
120901070403,2017,2.397999759,2.093453742,0.304546099
120901070403,2018,2.068880756,1.806132929,0.262747827
120901070403,2019,2.392175732,2.088369173,0.303806307
120901070403,2020,3.45618988,3.017253645,0.438936235
120901070404,2000,0.476585566,0.416059186,0.060526295
120901070404,2001,0.533389805,0.465649312,0.067740411
120901070404,2002,0.457127373,0.39907226,0.058055115
120901070404,2003,0.253193129,0.221037564,0.032155567
120901070404,2004,0.422692658,0.369010699,0.053681959
120901070404,2005,0.35181511,0.307134532,0.04468049
120901070404,2006,0.622808701,0.543712079,0.079096789
120901070404,2007,0.158554929,0.138418537,0.020136562
120901070404,2008,0.448208593,0.39128612,0.05692247
120901070404,2009,0.45705363,0.399007805,0.05804574
120901070404,2010,0.359643501,0.313968789,0.045674712
120901070404,2011,0.751013745,0.655634986,0.095378751
120901070404,2012,0.133295355,0.11636694,0.016928415
120901070404,2013,0.489918501,0.427698877,0.06221971
120901070404,2014,0.568923701,0.496670419,0.072253367
120901070404,2015,0.332571436,0.290334795,0.042236641
120901070404,2016,0.272052855,0.237502369,0.034550732
120901070404,2017,0.264363162,0.230789132,0.03357411
120901070404,2018,0.300767307,0.262569981,0.038197578
120901070404,2019,0.343517934,0.299891189,0.04362683
120901070404,2020,0.635544161,0.554829986,0.080714093
120901070405,2000,0.414114432,0.361521929,0.05259259
120901070405,2001,0.390503126,0.340909315,0.049593811
120901070405,2002,0.285829458,0.249529036,0.03630034
120901070405,2003,0.153990551,0.13443371,0.019556841
120901070405,2004,0.232020536,0.202553803,0.029466566
120901070405,2005,0.283897616,0.247842723,0.03605506
120901070405,2006,0.46963306,0.409989532,0.059643195
120901070405,2007,0.17487434,0.152665148,0.02220911
120901070405,2008,0.37815171,0.330126426,0.048025366
120901070405,2009,0.300727123,0.262534652,0.038192386
120901070405,2010,0.312871184,0.273136493,0.03973477
120901070405,2011,0.62451231,0.545199142,0.079312915
120901070405,2012,0.020931814,0.018273456,0.002658355
120901070405,2013,0.352564674,0.307788956,0.0447758
120901070405,2014,0.471785679,0.411868929,0.059916833
120901070405,2015,0.200794745,0.17529377,0.025500975
120901070405,2016,0.107217303,0.093600678,0.013616628
120901070405,2017,0.337950658,0.295030921,0.042919655
120901070405,2018,0.349894249,0.305457655,0.044436595
120901070405,2019,0.216164603,0.188711677,0.027452841
120901070405,2020,0.41556441,0.362787702,0.052776705
120901070406,2000,0.0,0.0,0.0
120901070406,2001,0.079160142,0.069106756,0.010053301
120901070406,2002,0.0,0.0,0.0
120901070406,2003,0.036945973,0.032253882,0.004692258
120901070406,2004,0.0,0.0,0.0
120901070406,2005,0.058583107,0.051143025,0.007440008
120901070406,2006,0.0,0.0,0.0
120901070406,2007,0.1957416,0.170882562,0.024859203
120901070406,2008,0.182505107,0.159326907,0.023178117
120901070406,2009,0.031348877,0.0273676,0.003981444
120901070406,2010,0.0,0.0,0.0
120901070406,2011,0.0,0.0,0.0
120901070406,2012,0.001441601,0.001258555,0.000183046
120901070406,2013,0.0,0.0,0.0
120901070406,2014,0.154657203,0.135015748,0.019641455
120901070406,2015,0.033905833,0.029599907,0.004306093
120901070406,2016,0.372245527,0.324970284,0.047275246
120901070406,2017,0.017903542,0.015629808,0.002273737
120901070406,2018,0.005635436,0.004919819,0.000715701
120901070406,2019,0.113739252,0.09929437,0.014444964
120901070406,2020,0.142842678,0.124701768,0.018141077
120901070407,2000,0.0,0.0,0.0
120901070407,2001,0.323878581,0.282746082,0.041132584
120901070407,2002,0.0,0.0,0.0
120901070407,2003,0.121119115,0.10573697,0.01538206
120901070407,2004,0.0,0.0,0.0
120901070407,2005,0.217694397,0.190047189,0.027647208
120901070407,2006,0.0,0.0,0.0
120901070407,2007,0.205610173,0.179497663,0.02611251
120901070407,2008,0.014691648,0.012825809,0.001865839
120901070407,2009,0.133151118,0.116240959,0.016910159
120901070407,2010,0.0,0.0,0.0
120901070407,2011,0.0,0.0,0.0
120901070407,2012,0.330504202,0.288530112,0.041974011
120901070407,2013,0.090769189,0.079241449,0.011527658
120901070407,2014,0.054822047,0.047859663,0.006962384
120901070407,2015,0.171907712,0.150075592,0.021832373
120901070407,2016,0.351464011,0.306828202,0.044635973
120901070407,2017,0.152608137,0.133226923,0.019381216
120901070407,2018,0.160744082,0.140329633,0.020414452
120901070407,2019,0.246941011,0.216073414,0.030867679
120901070407,2020,0.593311369,0.517960781,0.075350503
120901070501,2000,0.202574492,0.163275107,0.039299552
120901070501,2001,0.518700997,0.395250178,0.123450734
120901070501,2002,0.348216567,0.300162668,0.048053984
120901070501,2003,0.476136373,0.375671688,0.100464852
120901070501,2004,0.12353571,0.100558109,0.022977601
120901070501,2005,0.392649644,0.331003816,0.06164591
120901070501,2006,0.203699978,0.156848866,0.04685111
120901070501,2007,0.169942036,0.123207907,0.046734047
120901070501,2008,0.520793077,0.374970861,0.145822046
120901070501,2009,0.232959162,0.111354427,0.121604644
120901070501,2010,0.06454546,0.056348197,0.008197348
120901070501,2011,0.446244553,0.294967638,0.151276838
120901070501,2012,0.303817172,0.258244765,0.045572656
120901070501,2013,0.146251827,0.113052745,0.033199167
120901070501,2014,0.397923082,0.334653312,0.06326977
120901070501,2015,0.054628397,0.047690567,0.006937745
120901070501,2016,0.279191213,0.231170413,0.048020885
120901070501,2017,0.053933745,0.047084132,0.006849605
120901070501,2018,0.294661792,0.204495268,0.090166523
120901070501,2019,0.223840392,0.195412575,0.028427647
120901070501,2020,0.086169691,0.061783607,0.024386003
120901070502,2000,0.632104904,0.154233669,0.477871235
120901070502,2001,0.779434337,0.13795994,0.641474397
120901070502,2002,0.542263099,0.142072932,0.400190082
120901070502,2003,0.418205655,0.134244178,0.283961641
120901070502,2004,0.635577691,0.243426295,0.392151399
120901070502,2005,0.442653649,0.118188584,0.324465068
120901070502,2006,0.048182247,0.02095926,0.027222904
120901070502,2007,0.524409962,0.183019107,0.341390855
120901070502,2008,0.151521284,0.067881467,0.083639735
120901070502,2009,0.691832542,0.144592841,0.547239534
120901070502,2010,0.268749951,0.039237419,0.229512534
120901070502,2011,0.0,0.0,0.0
120901070502,2012,0.755847041,0.204834404,0.551012383
120901070502,2013,0.326497614,0.060402008,0.266095521
120901070502,2014,0.201836901,0.050862827,0.150974074
120901070502,2015,0.348510211,0.10943223,0.239078148
120901070502,2016,0.295303964,0.103061057,0.192242989
120901070502,2017,0.278283197,0.119105367,0.159178164
120901070502,2018,0.30587343,0.141619441,0.164253989
120901070502,2019,0.157212386,0.050465334,0.106747471
120901070502,2020,0.426868913,0.287282792,0.139586205
120901070503,2000,0.0,0.0,0.0
120901070503,2001,0.002520211,0.002235403,0.000284641
120901070503,2002,0.0,0.0,0.0
120901070503,2003,0.0,0.0,0.0
120901070503,2004,0.0,0.0,0.0
120901070503,2005,0.0,0.0,0.0
120901070503,2006,0.048742058,0.043234345,0.005507879
120901070503,2007,0.005663359,0.004995115,0.000668329
120901070503,2008,0.0,0.0,0.0
120901070503,2009,0.00879251,0.007807655,0.000984855
120901070503,2010,0.0,0.0,0.0
120901070503,2011,0.0,0.0,0.0
120901070503,2012,0.000346399,0.000307926,3.8306e-05
120901070503,2013,0.0,0.0,0.0
120901070503,2014,0.007199542,0.006436392,0.000763148
120901070503,2015,0.0,0.0,0.0
120901070503,2016,0.049736694,0.044464658,0.005272115
120901070503,2017,0.044544416,0.03906551,0.005478904
120901070503,2018,0.0,0.0,0.0
120901070503,2019,0.153453118,0.135805915,0.017647036
120901070503,2020,0.009354784,0.008363109,0.000991675
120901070504,2000,0.010352967,0.00268135,0.007671456
120901070504,2001,0.013051115,0.005572677,0.007478356
120901070504,2002,0.009776079,0.004389501,0.005386745
120901070504,2003,0.001966241,0.001533559,0.000432597
120901070504,2004,0.006643503,0.002876552,0.003766784
120901070504,2005,0.008793567,0.005249762,0.003552715
120901070504,2006,0.0,0.0,0.0
120901070504,2007,0.006329652,0.002164868,0.004164951
120901070504,2008,0.0,0.0,0.0
120901070504,2009,0.0,0.0,0.0
120901070504,2010,0.0,0.0,0.0
120901070504,2011,0.0,0.0,0.0
120901070504,2012,0.0,0.0,0.0
120901070504,2013,0.0,0.0,0.0
120901070504,2014,0.019670392,0.009481049,0.01018909
120901070504,2015,0.0,0.0,0.0
120901070504,2016,0.315926787,0.264430798,0.051495989
120901070504,2017,0.0,0.0,0.0
120901070504,2018,0.0,0.0,0.0
120901070504,2019,0.0,0.0,0.0
120901070504,2020,0.0,0.0,0.0
120901070505,2000,0.0,0.0,0.0
120901070505,2001,0.0,0.0,0.0
120901070505,2002,0.0,0.0,0.0
120901070505,2003,0.0,0.0,0.0
120901070505,2004,0.0,0.0,0.0
120901070505,2005,0.0,0.0,0.0
120901070505,2006,0.0,0.0,0.0
120901070505,2007,0.0,0.0,0.0
120901070505,2008,0.0,0.0,0.0
120901070505,2009,0.0,0.0,0.0
120901070505,2010,0.0,0.0,0.0
120901070505,2011,0.0,0.0,0.0
120901070505,2012,0.0,0.0,0.0
120901070505,2013,0.0,0.0,0.0
120901070505,2014,0.0,0.0,0.0
120901070505,2015,0.0,0.0,0.0
120901070505,2016,0.039801213,0.03558223,0.00421882
120901070505,2017,0.0,0.0,0.0
120901070505,2018,0.0,0.0,0.0
120901070505,2019,0.0,0.0,0.0
120901070505,2020,0.0,0.0,0.0
120901070601,2000,0.0,0.0,0.0
120901070601,2001,0.0,0.0,0.0
120901070601,2002,0.0,0.0,0.0
120901070601,2003,0.0,0.0,0.0
120901070601,2004,0.0,0.0,0.0
120901070601,2005,0.0,0.0,0.0
120901070601,2006,0.081985005,0.07329471,0.008690381
120901070601,2007,0.008943485,0.007995408,0.000947912
120901070601,2008,0.0,0.0,0.0
120901070601,2009,0.03517869,0.031449784,0.003728907
120901070601,2010,0.0,0.0,0.0
120901070601,2011,0.0,0.0,0.0
120901070601,2012,0.006790795,0.006070915,0.000719885
120901070601,2013,0.0,0.0,0.0
120901070601,2014,0.125230625,0.111956115,0.01327451
120901070601,2015,0.0,0.0,0.0
120901070601,2016,0.106160038,0.094907112,0.011252929
120901070601,2017,0.138048553,0.123415534,0.014633181
120901070601,2018,0.0,0.0,0.0
120901070601,2019,0.173483285,0.155094263,0.018389186
120901070601,2020,0.344685773,0.308149202,0.036536825
120901070602,2000,0.0,0.0,0.0
120901070602,2001,0.0,0.0,0.0
120901070602,2002,0.0,0.0,0.0
120901070602,2003,0.0,0.0,0.0
120901070602,2004,0.0,0.0,0.0
120901070602,2005,0.165146268,0.14764086,0.017505323
120901070602,2006,0.0,0.0,0.0
120901070602,2007,0.0,0.0,0.0
120901070602,2008,0.0,0.0,0.0
120901070602,2009,0.0,0.0,0.0
120901070602,2010,0.0,0.0,0.0
120901070602,2011,0.0,0.0,0.0
120901070602,2012,0.0,0.0,0.0
120901070602,2013,0.003798723,0.003396052,0.000402668
120901070602,2014,0.000960666,0.000858964,0.000101868
120901070602,2015,0.003493386,0.00312291,0.00037031
120901070602,2016,0.202233208,0.180796511,0.021436697
120901070602,2017,0.229126868,0.2048394,0.024287553
120901070602,2018,0.002238496,0.002001244,0.000237337
120901070602,2019,0.149374808,0.133541252,0.015833803
120901070602,2020,0.000714191,0.000638454,7.574e-05
120901070603,2000,0.0,0.0,0.0
120901070603,2001,0.175258079,0.156680874,0.018577208
120901070603,2002,0.0,0.0,0.0
120901070603,2003,0.001765077,0.001577797,0.000187112
120901070603,2004,0.0,0.0,0.0
120901070603,2005,0.605023907,0.540891499,0.064132663
120901070603,2006,0.0,0.0,0.0
120901070603,2007,0.0,0.0,0.0
120901070603,2008,0.0,0.0,0.0
120901070603,2009,0.0,0.0,0.0
120901070603,2010,0.102952033,0.092039101,0.010912849
120901070603,2011,0.0,0.0,0.0
120901070603,2012,0.072464153,0.064782932,0.007681137
120901070603,2013,0.196619132,0.175777649,0.020841564
120901070603,2014,0.043163526,0.03858811,0.004575334
120901070603,2015,0.27466263,0.245548515,0.029114279
120901070603,2016,0.33163247,0.296479268,0.035152954
120901070603,2017,0.344485312,0.307969767,0.036515463
120901070603,2018,0.363396436,0.324876534,0.038520068
120901070603,2019,0.291050436,0.260199121,0.030851315
120901070603,2020,0.110658861,0.098929139,0.011729806
120901070604,2000,0.0,0.0,0.0
120901070604,2001,5.2482e-05,4.6967e-05,5.597e-06
120901070604,2002,0.0,0.0,0.0
120901070604,2003,0.0,0.0,0.0
120901070604,2004,0.0,0.0,0.0
120901070604,2005,0.0,0.0,0.0
120901070604,2006,0.0,0.0,0.0
120901070604,2007,0.0,0.0,0.0
120901070604,2008,0.0,0.0,0.0
120901070604,2009,0.0,0.0,0.0
120901070604,2010,0.0,0.0,0.0
120901070604,2011,0.0,0.0,0.0
120901070604,2012,0.0,0.0,0.0
120901070604,2013,0.0,0.0,0.0
120901070604,2014,0.0,0.0,0.0
120901070604,2015,0.0,0.0,0.0
120901070604,2016,0.0,0.0,0.0
120901070604,2017,0.0,0.0,0.0
120901070604,2018,0.0,0.0,0.0
120901070604,2019,0.0,0.0,0.0
120901070604,2020,0.0,0.0,0.0
120901070605,2000,0.0,0.0,0.0
120901070605,2001,0.0,0.0,0.0
120901070605,2002,0.0,0.0,0.0
120901070605,2003,0.0,0.0,0.0
120901070605,2004,0.0,0.0,0.0
120901070605,2005,0.0,0.0,0.0
120901070605,2006,0.0,0.0,0.0
120901070605,2007,0.0,0.0,0.0
120901070605,2008,0.0,0.0,0.0
120901070605,2009,0.0,0.0,0.0
120901070605,2010,0.0,0.0,0.0
120901070605,2011,0.0,0.0,0.0
120901070605,2012,0.0,0.0,0.0
120901070605,2013,0.0,0.0,0.0
120901070605,2014,0.0,0.0,0.0
120901070605,2015,0.0,0.0,0.0
120901070605,2016,0.0,0.0,0.0
120901070605,2017,0.0,0.0,0.0
120901070605,2018,0.0,0.0,0.0
120901070605,2019,0.0,0.0,0.0
120901070605,2020,0.0,0.0,0.0
120901080101,2000,0.264778574,0.099291943,0.16548671
120901080101,2001,0.0,0.0,0.0
120901080101,2002,0.246572948,0.092464888,0.15410806
120901080101,2003,0.395352603,0.14825731,0.247095208
120901080101,2004,0.729785866,0.273669596,0.456116104
120901080101,2005,0.182874723,0.068578019,0.114296704
120901080101,2006,1.099192803,0.412197197,0.686995438
120901080101,2007,0.403212893,0.151204762,0.252008132
120901080101,2008,0.483775281,0.181415847,0.302359519
120901080101,2009,0.33462837,0.125485734,0.209142805
120901080101,2010,0.934453121,0.350419932,0.584033274
120901080101,2011,0.869635701,0.326113293,0.543522405
120901080101,2012,1.182473536,0.443427607,0.739045932
120901080101,2013,0.719517329,0.269818978,0.449698268
120901080101,2014,0.4159538,0.1559828,0.259971164
120901080101,2015,0.756788537,0.283795775,0.472992932
120901080101,2016,1.200412429,0.450154754,0.750258011
120901080101,2017,0.0,0.0,0.0
120901080101,2018,1.624253014,0.609094978,1.015158205
120901080101,2019,1.044767126,0.391787778,0.6529796
120901080101,2020,0.374652404,0.140494716,0.234157773
120901080102,2000,0.020190251,0.007571388,0.012618866
120901080102,2001,0.0,0.0,0.0
120901080102,2002,0.090022548,0.033758499,0.056264134
120901080102,2003,0.034300364,0.012862677,0.021437685
120901080102,2004,0.424134803,0.137843847,0.286290872
120901080102,2005,0.023003888,0.005497975,0.017505986
120901080102,2006,0.152685603,0.05160783,0.101077937
120901080102,2007,0.037688433,0.010552899,0.027135701
120901080102,2008,0.425350555,0.150999358,0.27435103
120901080102,2009,0.041111704,0.015416942,0.025694847
120901080102,2010,0.156453027,0.057574734,0.098878211
120901080102,2011,0.135024203,0.049013638,0.086010304
120901080102,2012,0.111719328,0.041894645,0.069824601
120901080102,2013,0.09035566,0.033883455,0.056472375
120901080102,2014,0.034512299,0.012942186,0.021570115
120901080102,2015,0.076172271,0.028488414,0.047683775
120901080102,2016,0.254041555,0.095265519,0.158776036
120901080102,2017,0.0,0.0,0.0
120901080102,2018,0.342623414,0.115464197,0.227159463
120901080102,2019,0.244580726,0.082668375,0.161912518
120901080102,2020,0.570375,0.213890607,0.356484396
120901080103,2000,0.0,0.0,0.0
120901080103,2001,0.0,0.0,0.0
120901080103,2002,0.0,0.0,0.0
120901080103,2003,0.0,0.0,0.0
120901080103,2004,0.0,0.0,0.0
120901080103,2005,0.0,0.0,0.0
120901080103,2006,0.008277663,0.001324553,0.006953195
120901080103,2007,0.0,0.0,0.0
120901080103,2008,0.0,0.0,0.0
120901080103,2009,0.0,0.0,0.0
120901080103,2010,0.0,0.0,0.0
120901080103,2011,0.0,0.0,0.0
120901080103,2012,0.0,0.0,0.0
120901080103,2013,0.0,0.0,0.0
120901080103,2014,0.0,0.0,0.0
120901080103,2015,0.0,0.0,0.0
120901080103,2016,0.0,0.0,0.0
120901080103,2017,0.0,0.0,0.0
120901080103,2018,0.0,0.0,0.0
120901080103,2019,0.28153257,0.046734304,0.234798181
120901080103,2020,0.075533109,0.041392093,0.034140932
120901080104,2000,0.0,0.0,0.0
120901080104,2001,0.0,0.0,0.0
120901080104,2002,0.0,0.0,0.0
120901080104,2003,0.0,0.0,0.0
120901080104,2004,0.134182948,0.114323959,0.019858992
120901080104,2005,0.0,0.0,0.0
120901080104,2006,2.4567e-05,2.0877e-05,3.605e-06
120901080104,2007,0.0,0.0,0.0
120901080104,2008,0.080795675,0.06883785,0.011957825
120901080104,2009,0.0,0.0,0.0
120901080104,2010,0.0,0.0,0.0
120901080104,2011,0.10586043,0.090192967,0.015667211
120901080104,2012,0.0,0.0,0.0
120901080104,2013,0.0,0.0,0.0
120901080104,2014,0.0,0.0,0.0
120901080104,2015,0.0,0.0,0.0
120901080104,2016,0.0,0.0,0.0
120901080104,2017,0.0,0.0,0.0
120901080104,2018,0.0,0.0,0.0
120901080104,2019,0.0,0.0,0.0
120901080104,2020,0.0,0.0,0.0
120901080105,2000,0.0,0.0,0.0
120901080105,2001,0.0,0.0,0.0
120901080105,2002,0.0,0.0,0.0
120901080105,2003,0.0,0.0,0.0
120901080105,2004,0.0,0.0,0.0
120901080105,2005,0.0,0.0,0.0
120901080105,2006,0.0,0.0,0.0
120901080105,2007,0.0,0.0,0.0
120901080105,2008,0.0,0.0,0.0
120901080105,2009,0.0,0.0,0.0
120901080105,2010,0.0,0.0,0.0
120901080105,2011,0.0,0.0,0.0
120901080105,2012,0.0,0.0,0.0
120901080105,2013,0.0,0.0,0.0
120901080105,2014,0.0,0.0,0.0
120901080105,2015,0.0,0.0,0.0
120901080105,2016,0.0,0.0,0.0
120901080105,2017,0.0,0.0,0.0
120901080105,2018,0.0,0.0,0.0
120901080105,2019,7.052e-06,0.0,7.052e-06
120901080105,2020,0.0,0.0,0.0
120901080106,2000,0.0,0.0,0.0
120901080106,2001,0.0,0.0,0.0
120901080106,2002,0.0,0.0,0.0
120901080106,2003,0.0,0.0,0.0
120901080106,2004,0.0,0.0,0.0
120901080106,2005,0.0,0.0,0.0
120901080106,2006,0.0,0.0,0.0
120901080106,2007,0.0,0.0,0.0
120901080106,2008,0.0,0.0,0.0
120901080106,2009,0.0,0.0,0.0
120901080106,2010,0.0,0.0,0.0
120901080106,2011,0.0,0.0,0.0
120901080106,2012,0.0,0.0,0.0
120901080106,2013,0.0,0.0,0.0
120901080106,2014,0.0,0.0,0.0
120901080106,2015,0.0,0.0,0.0
120901080106,2016,0.0,0.0,0.0
120901080106,2017,0.0,0.0,0.0
120901080106,2018,0.0,0.0,0.0
120901080106,2019,0.0,0.0,0.0
120901080106,2020,0.0,0.0,0.0
120901080107,2000,0.0,0.0,0.0
120901080107,2001,0.0,0.0,0.0
120901080107,2002,0.0,0.0,0.0
120901080107,2003,0.0,0.0,0.0
120901080107,2004,0.0,0.0,0.0
120901080107,2005,0.0,0.0,0.0
120901080107,2006,0.0,0.0,0.0
120901080107,2007,0.0,0.0,0.0
120901080107,2008,0.0,0.0,0.0
120901080107,2009,0.0,0.0,0.0
120901080107,2010,0.0,0.0,0.0
120901080107,2011,0.0,0.0,0.0
120901080107,2012,0.0,0.0,0.0
120901080107,2013,0.0,0.0,0.0
120901080107,2014,0.0,0.0,0.0
120901080107,2015,0.0,0.0,0.0
120901080107,2016,0.0,0.0,0.0
120901080107,2017,0.0,0.0,0.0
120901080107,2018,0.0,0.0,0.0
120901080107,2019,0.0,0.0,0.0
120901080107,2020,0.0,0.0,0.0
120901080108,2000,0.0,0.0,0.0
120901080108,2001,0.0,0.0,0.0
120901080108,2002,0.0,0.0,0.0
120901080108,2003,0.0,0.0,0.0
120901080108,2004,0.0,0.0,0.0
120901080108,2005,0.0,0.0,0.0
120901080108,2006,0.0,0.0,0.0
120901080108,2007,0.0,0.0,0.0
120901080108,2008,0.0,0.0,0.0
120901080108,2009,0.0,0.0,0.0
120901080108,2010,0.0,0.0,0.0
120901080108,2011,0.0,0.0,0.0
120901080108,2012,0.0,0.0,0.0
120901080108,2013,0.0,0.0,0.0
120901080108,2014,0.0,0.0,0.0
120901080108,2015,0.0,0.0,0.0
120901080108,2016,0.0,0.0,0.0
120901080108,2017,0.0,0.0,0.0
120901080108,2018,0.0,0.0,0.0
120901080108,2019,0.0,0.0,0.0
120901080108,2020,0.0,0.0,0.0
120901080109,2000,0.0,0.0,0.0
120901080109,2001,0.009546907,0.008134074,0.001413
120901080109,2002,0.0,0.0,0.0
120901080109,2003,0.002743688,0.002337699,0.000406074
120901080109,2004,0.0,0.0,0.0
120901080109,2005,0.0,0.0,0.0
120901080109,2006,0.0,0.0,0.0
120901080109,2007,0.0,0.0,0.0
120901080109,2008,0.002347314,0.001999984,0.000347413
120901080109,2009,0.0,0.0,0.0
120901080109,2010,0.0,0.0,0.0
120901080109,2011,0.0,0.0,0.0
120901080109,2012,0.0,0.0,0.0
120901080109,2013,0.007789879,0.006636948,0.001152932
120901080109,2014,0.165978942,0.141413953,0.02456491
120901080109,2015,0.0,0.0,0.0
120901080109,2016,0.002940254,0.002505194,0.000435221
120901080109,2017,0.0,0.0,0.0
120901080109,2018,0.0,0.0,0.0
120901080109,2019,0.0,0.0,0.0
120901080109,2020,0.0,0.0,0.0
120901080110,2000,0.0,0.0,0.0
120901080110,2001,0.0,0.0,0.0
120901080110,2002,0.0,0.0,0.0
120901080110,2003,0.0,0.0,0.0
120901080110,2004,0.0,0.0,0.0
120901080110,2005,0.0,0.0,0.0
120901080110,2006,0.0,0.0,0.0
120901080110,2007,0.0,0.0,0.0
120901080110,2008,0.0,0.0,0.0
120901080110,2009,0.0,0.0,0.0
120901080110,2010,0.0,0.0,0.0
120901080110,2011,0.0,0.0,0.0
120901080110,2012,0.0,0.0,0.0
120901080110,2013,0.0,0.0,0.0
120901080110,2014,0.035741868,0.030452082,0.005289871
120901080110,2015,0.0,0.0,0.0
120901080110,2016,0.0,0.0,0.0
120901080110,2017,0.0,0.0,0.0
120901080110,2018,0.0,0.0,0.0
120901080110,2019,0.0,0.0,0.0
120901080110,2020,0.0,0.0,0.0
120901080201,2000,0.0,0.0,0.0
120901080201,2001,0.0,0.0,0.0
120901080201,2002,0.0,0.0,0.0
120901080201,2003,0.0,0.0,0.0
120901080201,2004,0.0,0.0,0.0
120901080201,2005,0.0,0.0,0.0
120901080201,2006,0.0,0.0,0.0
120901080201,2007,0.0,0.0,0.0
120901080201,2008,0.0,0.0,0.0
120901080201,2009,0.0,0.0,0.0
120901080201,2010,0.0,0.0,0.0
120901080201,2011,0.0,0.0,0.0
120901080201,2012,0.0,0.0,0.0
120901080201,2013,0.0,0.0,0.0
120901080201,2014,0.0,0.0,0.0
120901080201,2015,0.0,0.0,0.0
120901080201,2016,0.0,0.0,0.0
120901080201,2017,0.0,0.0,0.0
120901080201,2018,0.206180745,0.17566603,0.030514712
120901080201,2019,0.212733907,0.181249293,0.031484614
120901080201,2020,0.297736708,0.253671596,0.044065112
120901080202,2000,0.0,0.0,0.0
120901080202,2001,0.0,0.0,0.0
120901080202,2002,0.0,0.0,0.0
120901080202,2003,0.0,0.0,0.0
120901080202,2004,0.029172902,0.024855199,0.004317451
120901080202,2005,0.0,0.0,0.0
120901080202,2006,0.032943321,0.028067605,0.00487563
120901080202,2007,0.021751216,0.018532022,0.003219027
120901080202,2008,0.0,0.0,0.0
120901080202,2009,0.013720208,0.011689721,0.00203057
120901080202,2010,0.0,0.0,0.0
120901080202,2011,0.122126384,0.104051721,0.018074578
120901080202,2012,0.075249104,0.064112418,0.011136861
120901080202,2013,0.142392016,0.121318068,0.02107403
120901080202,2014,0.082296,0.070116041,0.012179877
120901080202,2015,0.060040444,0.051154507,0.008886104
120901080202,2016,0.0,0.0,0.0
120901080202,2017,0.0,0.0,0.0
120901080202,2018,0.057369584,0.048878978,0.008490611
120901080202,2019,0.0976188,0.083171323,0.014447647
120901080202,2020,0.0,0.0,0.0
120901080203,2000,0.0,0.0,0.0
120901080203,2001,0.0,0.0,0.0
120901080203,2002,0.0,0.0,0.0
120901080203,2003,0.0,0.0,0.0
120901080203,2004,0.0,0.0,0.0
120901080203,2005,0.0,0.0,0.0
120901080203,2006,0.0,0.0,0.0
120901080203,2007,0.0,0.0,0.0
120901080203,2008,0.0,0.0,0.0
120901080203,2009,0.0,0.0,0.0
120901080203,2010,0.0,0.0,0.0
120901080203,2011,0.0,0.0,0.0
120901080203,2012,0.0,0.0,0.0
120901080203,2013,0.0,0.0,0.0
120901080203,2014,0.0,0.0,0.0
120901080203,2015,0.0,0.0,0.0
120901080203,2016,0.0,0.0,0.0
120901080203,2017,0.0,0.0,0.0
120901080203,2018,0.078961107,0.067274816,0.01168629
120901080203,2019,0.0,0.0,0.0
120901080203,2020,0.0,0.0,0.0
120901080204,2000,0.0,0.0,0.0
120901080204,2001,0.066639723,0.0567772,0.009862696
120901080204,2002,0.0,0.0,0.0
120901080204,2003,0.089832137,0.07653714,0.013295164
120901080204,2004,0.089045361,0.075866667,0.013178691
120901080204,2005,0.050446485,0.042980479,0.007466088
120901080204,2006,0.0,0.0,0.0
120901080204,2007,0.0,0.0,0.0
120901080204,2008,0.051065716,0.04350788,0.007557585
120901080204,2009,0.0,0.0,0.0
120901080204,2010,0.0,0.0,0.0
120901080204,2011,0.162954175,0.138836764,0.024117167
120901080204,2012,0.0,0.0,0.0
120901080204,2013,0.108876951,0.092763227,0.016113641
120901080204,2014,0.081774907,0.069672205,0.012102622
120901080204,2015,0.012087877,0.010298921,0.001789041
120901080204,2016,0.039407964,0.033575516,0.005832363
120901080204,2017,0.0,0.0,0.0
120901080204,2018,0.091668353,0.078101419,0.013566934
120901080204,2019,0.0,0.0,0.0
120901080204,2020,0.315997861,0.269230077,0.046767784
120901080205,2000,0.0,0.0,0.0
120901080205,2001,0.0,0.0,0.0
120901080205,2002,0.0,0.0,0.0
120901080205,2003,0.0,0.0,0.0
120901080205,2004,0.0,0.0,0.0
120901080205,2005,0.0,0.0,0.0
120901080205,2006,0.0,0.0,0.0
120901080205,2007,0.0,0.0,0.0
120901080205,2008,0.0,0.0,0.0
120901080205,2009,0.0,0.0,0.0
120901080205,2010,0.0,0.0,0.0
120901080205,2011,0.0,0.0,0.0
120901080205,2012,0.0,0.0,0.0
120901080205,2013,0.0,0.0,0.0
120901080205,2014,0.0,0.0,0.0
120901080205,2015,0.0,0.0,0.0
120901080205,2016,0.0,0.0,0.0
120901080205,2017,0.0,0.0,0.0
120901080205,2018,0.0,0.0,0.0
120901080205,2019,0.0,0.0,0.0
120901080205,2020,0.005767814,0.004914158,0.000853568
120901080206,2000,0.0,0.0,0.0
120901080206,2001,0.0,0.0,0.0
120901080206,2002,0.0,0.0,0.0
120901080206,2003,0.0,0.0,0.0
120901080206,2004,0.0,0.0,0.0
120901080206,2005,0.0,0.0,0.0
120901080206,2006,0.0,0.0,0.0
120901080206,2007,0.0,0.0,0.0
120901080206,2008,0.0,0.0,0.0
120901080206,2009,0.0,0.0,0.0
120901080206,2010,0.0,0.0,0.0
120901080206,2011,0.0,0.0,0.0
120901080206,2012,0.0,0.0,0.0
120901080206,2013,0.0,0.0,0.0
120901080206,2014,0.0,0.0,0.0
120901080206,2015,0.0,0.0,0.0
120901080206,2016,0.0,0.0,0.0
120901080206,2017,0.0,0.0,0.0
120901080206,2018,0.0,0.0,0.0
120901080206,2019,0.0,0.0,0.0
120901080206,2020,0.0,0.0,0.0
120901080207,2000,0.0,0.0,0.0
120901080207,2001,0.0,0.0,0.0
120901080207,2002,0.0,0.0,0.0
120901080207,2003,0.0,0.0,0.0
120901080207,2004,0.0,0.0,0.0
120901080207,2005,0.0,0.0,0.0
120901080207,2006,0.0,0.0,0.0
120901080207,2007,0.0,0.0,0.0
120901080207,2008,0.020366902,0.01778023,0.002586593
120901080207,2009,0.0,0.0,0.0
120901080207,2010,0.0,0.0,0.0
120901080207,2011,0.0,0.0,0.0
120901080207,2012,0.03811971,0.033278522,0.004841022
120901080207,2013,0.02852689,0.02490391,0.003622978
120901080207,2014,0.043748433,0.03819231,0.005556041
120901080207,2015,0.027625405,0.024117115,0.003508373
120901080207,2016,0.06451694,0.056323306,0.008193628
120901080207,2017,0.038432589,0.0335516,0.004880904
120901080207,2018,0.038702997,0.033787647,0.004915184
120901080207,2019,0.0,0.0,0.0
120901080207,2020,0.0,0.0,0.0
120901080208,2000,0.0,0.0,0.0
120901080208,2001,0.0,0.0,0.0
120901080208,2002,0.0,0.0,0.0
120901080208,2003,0.0,0.0,0.0
120901080208,2004,0.0,0.0,0.0
120901080208,2005,0.0,0.0,0.0
120901080208,2006,0.0,0.0,0.0
120901080208,2007,0.0,0.0,0.0
120901080208,2008,0.0,0.0,0.0
120901080208,2009,0.0,0.0,0.0
120901080208,2010,0.0,0.0,0.0
120901080208,2011,0.0,0.0,0.0
120901080208,2012,0.0,0.0,0.0
120901080208,2013,0.0,0.0,0.0
120901080208,2014,0.0,0.0,0.0
120901080208,2015,0.0,0.0,0.0
120901080208,2016,0.0,0.0,0.0
120901080208,2017,0.0,0.0,0.0
120901080208,2018,0.0,0.0,0.0
120901080208,2019,0.0,0.0,0.0
120901080208,2020,0.0,0.0,0.0
120901080209,2000,0.0,0.0,0.0
120901080209,2001,0.0,0.0,0.0
120901080209,2002,0.001549795,0.001352907,0.000196888
120901080209,2003,0.0,0.0,0.0
120901080209,2004,0.0,0.0,0.0
120901080209,2005,0.0,0.0,0.0
120901080209,2006,0.0,0.0,0.0
120901080209,2007,0.0,0.0,0.0
120901080209,2008,0.0,0.0,0.0
120901080209,2009,0.0,0.0,0.0
120901080209,2010,0.0,0.0,0.0
120901080209,2011,0.0,0.0,0.0
120901080209,2012,0.0,0.0,0.0
120901080209,2013,0.0,0.0,0.0
120901080209,2014,0.0,0.0,0.0
120901080209,2015,0.0,0.0,0.0
120901080209,2016,0.0,0.0,0.0
120901080209,2017,0.0,0.0,0.0
120901080209,2018,0.0,0.0,0.0
120901080209,2019,0.0,0.0,0.0
120901080209,2020,0.0,0.0,0.0
120901090101,2000,0.0,0.0,0.0
120901090101,2001,0.0,0.0,0.0
120901090101,2002,0.0,0.0,0.0
120901090101,2003,0.0,0.0,0.0
120901090101,2004,0.0,0.0,0.0
120901090101,2005,0.0,0.0,0.0
120901090101,2006,0.019764384,0.0,0.019764384
120901090101,2007,0.0,0.0,0.0
120901090101,2008,0.0,0.0,0.0
120901090101,2009,0.0,0.0,0.0
120901090101,2010,0.0,0.0,0.0
120901090101,2011,0.012305658,0.0,0.012305658
120901090101,2012,0.0,0.0,0.0
120901090101,2013,0.0,0.0,0.0
120901090101,2014,0.0,0.0,0.0
120901090101,2015,0.0,0.0,0.0
120901090101,2016,0.0,0.0,0.0
120901090101,2017,0.0,0.0,0.0
120901090101,2018,0.000317685,0.0,0.000317685
120901090101,2019,0.0,0.0,0.0
120901090101,2020,0.080023831,0.0,0.080023831
120901090102,2000,0.0,0.0,0.0
120901090102,2001,0.0,0.0,0.0
120901090102,2002,0.0,0.0,0.0
120901090102,2003,0.0,0.0,0.0
120901090102,2004,0.0,0.0,0.0
120901090102,2005,0.0,0.0,0.0
120901090102,2006,0.0,0.0,0.0
120901090102,2007,0.0,0.0,0.0
120901090102,2008,0.0,0.0,0.0
120901090102,2009,0.0,0.0,0.0
120901090102,2010,0.0,0.0,0.0
120901090102,2011,0.0,0.0,0.0
120901090102,2012,0.0,0.0,0.0
120901090102,2013,0.0,0.0,0.0
120901090102,2014,0.0,0.0,0.0
120901090102,2015,0.0,0.0,0.0
120901090102,2016,0.0,0.0,0.0
120901090102,2017,0.0,0.0,0.0
120901090102,2018,0.0,0.0,0.0
120901090102,2019,0.0,0.0,0.0
120901090102,2020,0.0,0.0,0.0
120901090103,2000,0.0,0.0,0.0
120901090103,2001,0.0,0.0,0.0
120901090103,2002,0.0,0.0,0.0
120901090103,2003,0.0,0.0,0.0
120901090103,2004,0.0,0.0,0.0
120901090103,2005,0.0,0.0,0.0
120901090103,2006,0.0,0.0,0.0
120901090103,2007,0.0,0.0,0.0
120901090103,2008,0.0,0.0,0.0
120901090103,2009,0.0,0.0,0.0
120901090103,2010,0.0,0.0,0.0
120901090103,2011,0.0,0.0,0.0
120901090103,2012,0.0,0.0,0.0
120901090103,2013,0.0,0.0,0.0
120901090103,2014,0.0,0.0,0.0
120901090103,2015,0.0,0.0,0.0
120901090103,2016,0.0,0.0,0.0
120901090103,2017,0.0,0.0,0.0
120901090103,2018,0.0,0.0,0.0
120901090103,2019,0.0,0.0,0.0
120901090103,2020,0.0,0.0,0.0
120901090104,2000,0.0,0.0,0.0
120901090104,2001,0.0,0.0,0.0
120901090104,2002,0.0,0.0,0.0
120901090104,2003,0.0,0.0,0.0
120901090104,2004,0.0,0.0,0.0
120901090104,2005,0.088838644,0.0,0.088838644
120901090104,2006,0.0,0.0,0.0
120901090104,2007,0.0,0.0,0.0
120901090104,2008,0.0,0.0,0.0
120901090104,2009,0.0,0.0,0.0
120901090104,2010,0.0,0.0,0.0
120901090104,2011,0.0,0.0,0.0
120901090104,2012,0.089937697,0.0,0.089937697
120901090104,2013,0.0,0.0,0.0
120901090104,2014,0.0,0.0,0.0
120901090104,2015,0.0,0.0,0.0
120901090104,2016,0.0,0.0,0.0
120901090104,2017,0.0,0.0,0.0
120901090104,2018,0.0,0.0,0.0
120901090104,2019,0.0,0.0,0.0
120901090104,2020,0.0,0.0,0.0
120901090105,2000,0.0,0.0,0.0
120901090105,2001,0.0,0.0,0.0
120901090105,2002,0.0,0.0,0.0
120901090105,2003,0.0,0.0,0.0
120901090105,2004,0.0,0.0,0.0
120901090105,2005,0.0,0.0,0.0
120901090105,2006,0.0,0.0,0.0
120901090105,2007,0.0,0.0,0.0
120901090105,2008,0.0,0.0,0.0
120901090105,2009,0.0,0.0,0.0
120901090105,2010,0.0,0.0,0.0
120901090105,2011,0.0,0.0,0.0
120901090105,2012,0.0,0.0,0.0
120901090105,2013,0.0,0.0,0.0
120901090105,2014,0.0,0.0,0.0
120901090105,2015,0.0,0.0,0.0
120901090105,2016,0.0,0.0,0.0
120901090105,2017,0.0,0.0,0.0
120901090105,2018,0.0,0.0,0.0
120901090105,2019,0.0,0.0,0.0
120901090105,2020,0.0,0.0,0.0
120901090106,2000,0.0,0.0,0.0
120901090106,2001,0.0,0.0,0.0
120901090106,2002,0.0,0.0,0.0
120901090106,2003,0.0,0.0,0.0
120901090106,2004,0.0,0.0,0.0
120901090106,2005,0.0,0.0,0.0
120901090106,2006,0.0,0.0,0.0
120901090106,2007,0.0,0.0,0.0
120901090106,2008,0.0,0.0,0.0
120901090106,2009,0.0,0.0,0.0
120901090106,2010,0.0,0.0,0.0
120901090106,2011,0.0,0.0,0.0
120901090106,2012,0.0,0.0,0.0
120901090106,2013,0.0,0.0,0.0
120901090106,2014,0.0,0.0,0.0
120901090106,2015,0.0,0.0,0.0
120901090106,2016,0.0,0.0,0.0
120901090106,2017,0.0,0.0,0.0
120901090106,2018,0.0,0.0,0.0
120901090106,2019,0.0,0.0,0.0
120901090106,2020,0.0,0.0,0.0
120901090107,2000,0.0,0.0,0.0
120901090107,2001,0.0,0.0,0.0
120901090107,2002,0.0,0.0,0.0
120901090107,2003,0.0,0.0,0.0
120901090107,2004,0.0,0.0,0.0
120901090107,2005,0.0,0.0,0.0
120901090107,2006,0.0,0.0,0.0
120901090107,2007,0.0,0.0,0.0
120901090107,2008,0.0,0.0,0.0
120901090107,2009,0.0,0.0,0.0
120901090107,2010,0.0,0.0,0.0
120901090107,2011,0.0,0.0,0.0
120901090107,2012,0.0,0.0,0.0
120901090107,2013,0.0,0.0,0.0
120901090107,2014,0.0,0.0,0.0
120901090107,2015,0.0,0.0,0.0
120901090107,2016,0.0,0.0,0.0
120901090107,2017,0.0,0.0,0.0
120901090107,2018,0.0,0.0,0.0
120901090107,2019,0.0,0.0,0.0
120901090107,2020,0.0,0.0,0.0
120901090108,2000,0.631950828,0.0,0.631950828
120901090108,2001,0.664367455,0.0,0.664367455
120901090108,2002,0.577316184,0.0,0.577316184
120901090108,2003,0.159837767,0.0,0.159837767
120901090108,2004,0.30154065,0.0,0.30154065
120901090108,2005,0.277812493,0.0,0.277812493
120901090108,2006,0.515008975,0.0,0.515008975
120901090108,2007,0.203568562,0.0,0.203568562
120901090108,2008,0.438956918,0.0,0.438956918
120901090108,2009,0.428818553,0.0,0.428818553
120901090108,2010,0.488744074,0.0,0.488744074
120901090108,2011,0.729130093,0.0,0.729130093
120901090108,2012,0.579862421,0.0,0.579862421
120901090108,2013,0.591211395,0.0,0.591211395
120901090108,2014,0.365286049,0.0,0.365286049
120901090108,2015,0.225822567,0.0,0.225822567
120901090108,2016,0.394380697,0.0,0.394380697
120901090108,2017,0.49872311,0.0,0.49872311
120901090108,2018,0.307999359,0.0,0.307999359
120901090108,2019,0.222928803,0.0,0.222928803
120901090108,2020,0.553439954,0.0,0.553439954
120901090201,2000,0.0,0.0,0.0
120901090201,2001,0.0,0.0,0.0
120901090201,2002,0.0,0.0,0.0
120901090201,2003,0.0,0.0,0.0
120901090201,2004,0.0,0.0,0.0
120901090201,2005,0.0,0.0,0.0
120901090201,2006,0.0,0.0,0.0
120901090201,2007,0.0,0.0,0.0
120901090201,2008,0.0,0.0,0.0
120901090201,2009,0.0,0.0,0.0
120901090201,2010,0.0,0.0,0.0
120901090201,2011,0.0,0.0,0.0
120901090201,2012,0.0,0.0,0.0
120901090201,2013,0.0,0.0,0.0
120901090201,2014,0.0,0.0,0.0
120901090201,2015,0.0,0.0,0.0
120901090201,2016,0.0,0.0,0.0
120901090201,2017,0.0,0.0,0.0
120901090201,2018,0.0,0.0,0.0
120901090201,2019,0.0,0.0,0.0
120901090201,2020,0.0,0.0,0.0
120901090202,2000,0.0,0.0,0.0
120901090202,2001,0.0,0.0,0.0
120901090202,2002,0.0,0.0,0.0
120901090202,2003,0.0,0.0,0.0
120901090202,2004,0.0,0.0,0.0
120901090202,2005,0.0,0.0,0.0
120901090202,2006,0.0,0.0,0.0
120901090202,2007,0.0,0.0,0.0
120901090202,2008,0.0,0.0,0.0
120901090202,2009,0.0,0.0,0.0
120901090202,2010,0.0,0.0,0.0
120901090202,2011,0.0,0.0,0.0
120901090202,2012,0.0,0.0,0.0
120901090202,2013,0.0,0.0,0.0
120901090202,2014,0.0,0.0,0.0
120901090202,2015,0.0,0.0,0.0
120901090202,2016,0.0,0.0,0.0
120901090202,2017,0.0,0.0,0.0
120901090202,2018,0.0,0.0,0.0
120901090202,2019,0.0,0.0,0.0
120901090202,2020,0.0,0.0,0.0
120901090203,2000,0.0,0.0,0.0
120901090203,2001,0.0,0.0,0.0
120901090203,2002,0.0,0.0,0.0
120901090203,2003,0.0,0.0,0.0
120901090203,2004,0.0,0.0,0.0
120901090203,2005,0.0,0.0,0.0
120901090203,2006,0.0,0.0,0.0
120901090203,2007,0.0,0.0,0.0
120901090203,2008,0.0,0.0,0.0
120901090203,2009,0.0,0.0,0.0
120901090203,2010,0.0,0.0,0.0
120901090203,2011,0.0,0.0,0.0
120901090203,2012,0.0,0.0,0.0
120901090203,2013,0.0,0.0,0.0
120901090203,2014,0.0,0.0,0.0
120901090203,2015,0.0,0.0,0.0
120901090203,2016,0.0,0.0,0.0
120901090203,2017,0.0,0.0,0.0
120901090203,2018,0.0,0.0,0.0
120901090203,2019,0.0,0.0,0.0
120901090203,2020,0.0,0.0,0.0
120901090204,2000,0.0,0.0,0.0
120901090204,2001,0.0,0.0,0.0
120901090204,2002,0.0,0.0,0.0
120901090204,2003,0.0,0.0,0.0
120901090204,2004,0.0,0.0,0.0
120901090204,2005,0.0,0.0,0.0
120901090204,2006,0.0,0.0,0.0
120901090204,2007,0.0,0.0,0.0
120901090204,2008,0.0,0.0,0.0
120901090204,2009,0.0,0.0,0.0
120901090204,2010,0.0,0.0,0.0
120901090204,2011,0.0,0.0,0.0
120901090204,2012,0.0,0.0,0.0
120901090204,2013,0.0,0.0,0.0
120901090204,2014,0.0,0.0,0.0
120901090204,2015,0.0,0.0,0.0
120901090204,2016,0.0,0.0,0.0
120901090204,2017,0.0,0.0,0.0
120901090204,2018,0.0,0.0,0.0
120901090204,2019,0.0,0.0,0.0
120901090204,2020,0.0,0.0,0.0
120901090205,2000,0.0,0.0,0.0
120901090205,2001,0.027753192,0.0,0.027753192
120901090205,2002,0.0,0.0,0.0
120901090205,2003,0.013373773,0.0,0.013373773
120901090205,2004,0.036278429,0.0,0.036278429
120901090205,2005,0.061010022,0.0,0.061010022
120901090205,2006,0.0,0.0,0.0
120901090205,2007,0.0,0.0,0.0
120901090205,2008,0.0,0.0,0.0
120901090205,2009,0.0,0.0,0.0
120901090205,2010,0.0,0.0,0.0
120901090205,2011,0.0,0.0,0.0
120901090205,2012,0.080876404,0.0,0.080876404
120901090205,2013,0.120140181,0.0,0.120140181
120901090205,2014,0.103211693,0.0,0.103211693
120901090205,2015,0.112547471,0.0,0.112547471
120901090205,2016,0.08903182,0.0,0.08903182
120901090205,2017,0.116940137,0.0,0.116940137
120901090205,2018,0.08423014,0.0,0.08423014
120901090205,2019,0.130847742,0.0,0.130847742
120901090205,2020,0.058672855,0.0,0.058672855
120901090301,2000,0.0,0.0,0.0
120901090301,2001,0.0,0.0,0.0
120901090301,2002,0.0,0.0,0.0
120901090301,2003,0.0,0.0,0.0
120901090301,2004,0.0,0.0,0.0
120901090301,2005,0.0,0.0,0.0
120901090301,2006,0.0,0.0,0.0
120901090301,2007,0.0,0.0,0.0
120901090301,2008,0.0,0.0,0.0
120901090301,2009,0.0,0.0,0.0
120901090301,2010,0.0,0.0,0.0
120901090301,2011,0.0,0.0,0.0
120901090301,2012,0.0,0.0,0.0
120901090301,2013,0.0,0.0,0.0
120901090301,2014,0.0,0.0,0.0
120901090301,2015,0.0,0.0,0.0
120901090301,2016,0.0,0.0,0.0
120901090301,2017,0.0,0.0,0.0
120901090301,2018,0.0,0.0,0.0
120901090301,2019,0.0,0.0,0.0
120901090301,2020,0.0,0.0,0.0
120901090302,2000,0.0,0.0,0.0
120901090302,2001,0.0,0.0,0.0
120901090302,2002,0.0,0.0,0.0
120901090302,2003,0.0,0.0,0.0
120901090302,2004,0.004218552,0.0,0.004218552
120901090302,2005,0.050381742,0.0,0.050381742
120901090302,2006,0.0,0.0,0.0
120901090302,2007,0.0,0.0,0.0
120901090302,2008,0.0,0.0,0.0
120901090302,2009,0.0,0.0,0.0
120901090302,2010,0.0,0.0,0.0
120901090302,2011,0.0,0.0,0.0
120901090302,2012,0.02757135,0.0,0.02757135
120901090302,2013,0.0,0.0,0.0
120901090302,2014,0.0,0.0,0.0
120901090302,2015,0.001542274,0.0,0.001542274
120901090302,2016,0.034504626,0.0,0.034504626
120901090302,2017,0.0,0.0,0.0
120901090302,2018,0.000600718,0.0,0.000600718
120901090302,2019,0.0,0.0,0.0
120901090302,2020,0.0,0.0,0.0
120901090303,2000,0.0,0.0,0.0
120901090303,2001,0.0,0.0,0.0
120901090303,2002,0.0,0.0,0.0
120901090303,2003,0.000763542,0.000606967,0.00015649
120901090303,2004,0.00938215,0.005366541,0.004015527
120901090303,2005,0.01754186,0.012542285,0.004999411
120901090303,2006,0.0,0.0,0.0
120901090303,2007,0.0,0.0,0.0
120901090303,2008,0.0,0.0,0.0
120901090303,2009,0.0,0.0,0.0
120901090303,2010,0.0,0.0,0.0
120901090303,2011,0.0,0.0,0.0
120901090303,2012,0.012818533,0.008049986,0.004768546
120901090303,2013,0.0,0.0,0.0
120901090303,2014,5.04e-07,4.19e-07,0.0
120901090303,2015,0.002086227,0.0,0.002086227
120901090303,2016,0.009176806,0.007130467,0.002046503
120901090303,2017,0.0,0.0,0.0
120901090303,2018,0.000785573,0.000581455,0.000204458
120901090303,2019,0.0,0.0,0.0
120901090303,2020,0.0,0.0,0.0
120901090304,2000,0.0,0.0,0.0
120901090304,2001,0.0,0.0,0.0
120901090304,2002,0.0,0.0,0.0
120901090304,2003,0.0,0.0,0.0
120901090304,2004,0.0,0.0,0.0
120901090304,2005,0.0,0.0,0.0
120901090304,2006,0.0,0.0,0.0
120901090304,2007,0.0,0.0,0.0
120901090304,2008,0.0,0.0,0.0
120901090304,2009,0.0,0.0,0.0
120901090304,2010,0.0,0.0,0.0
120901090304,2011,0.0,0.0,0.0
120901090304,2012,0.0,0.0,0.0
120901090304,2013,0.0,0.0,0.0
120901090304,2014,0.0,0.0,0.0
120901090304,2015,0.0,0.0,0.0
120901090304,2016,0.0,0.0,0.0
120901090304,2017,0.0,0.0,0.0
120901090304,2018,0.0,0.0,0.0
120901090304,2019,0.0,0.0,0.0
120901090304,2020,0.0,0.0,0.0
120901090305,2000,0.0,0.0,0.0
120901090305,2001,0.0,0.0,0.0
120901090305,2002,0.0,0.0,0.0
120901090305,2003,0.0,0.0,0.0
120901090305,2004,0.0,0.0,0.0
120901090305,2005,0.0,0.0,0.0
120901090305,2006,0.0,0.0,0.0
120901090305,2007,0.0,0.0,0.0
120901090305,2008,0.0,0.0,0.0
120901090305,2009,0.0,0.0,0.0
120901090305,2010,0.0,0.0,0.0
120901090305,2011,0.0,0.0,0.0
120901090305,2012,0.0,0.0,0.0
120901090305,2013,0.0,0.0,0.0
120901090305,2014,0.0,0.0,0.0
120901090305,2015,0.0,0.0,0.0
120901090305,2016,0.0,0.0,0.0
120901090305,2017,0.0,0.0,0.0
120901090305,2018,0.0,0.0,0.0
120901090305,2019,0.0,0.0,0.0
120901090305,2020,0.0,0.0,0.0
120901090306,2000,0.0,0.0,0.0
120901090306,2001,0.0,0.0,0.0
120901090306,2002,0.0,0.0,0.0
120901090306,2003,0.0,0.0,0.0
120901090306,2004,0.0,0.0,0.0
120901090306,2005,0.0,0.0,0.0
120901090306,2006,0.0,0.0,0.0
120901090306,2007,0.0,0.0,0.0
120901090306,2008,0.0,0.0,0.0
120901090306,2009,0.0,0.0,0.0
120901090306,2010,0.0,0.0,0.0
120901090306,2011,0.0,0.0,0.0
120901090306,2012,0.0,0.0,0.0
120901090306,2013,0.0,0.0,0.0
120901090306,2014,0.0,0.0,0.0
120901090306,2015,0.0,0.0,0.0
120901090306,2016,0.0,0.0,0.0
120901090306,2017,0.0,0.0,0.0
120901090306,2018,0.0,0.0,0.0
120901090306,2019,0.0,0.0,0.0
120901090306,2020,0.0,0.0,0.0
120901090307,2000,0.0,0.0,0.0
120901090307,2001,0.0,0.0,0.0
120901090307,2002,0.0,0.0,0.0
120901090307,2003,0.0,0.0,0.0
120901090307,2004,0.0,0.0,0.0
120901090307,2005,0.0,0.0,0.0
120901090307,2006,0.0,0.0,0.0
120901090307,2007,0.0,0.0,0.0
120901090307,2008,0.0,0.0,0.0
120901090307,2009,0.0,0.0,0.0
120901090307,2010,0.0,0.0,0.0
120901090307,2011,0.0,0.0,0.0
120901090307,2012,0.0,0.0,0.0
120901090307,2013,0.0,0.0,0.0
120901090307,2014,0.0,0.0,0.0
120901090307,2015,0.0,0.0,0.0
120901090307,2016,0.0,0.0,0.0
120901090307,2017,0.0,0.0,0.0
120901090307,2018,0.0,0.0,0.0
120901090307,2019,0.0,0.0,0.0
120901090307,2020,0.0,0.0,0.0
120901090401,2000,0.0,0.0,0.0
120901090401,2001,0.0,0.0,0.0
120901090401,2002,0.0,0.0,0.0
120901090401,2003,0.0,0.0,0.0
120901090401,2004,0.0,0.0,0.0
120901090401,2005,0.0,0.0,0.0
120901090401,2006,0.0,0.0,0.0
120901090401,2007,0.0,0.0,0.0
120901090401,2008,0.0,0.0,0.0
120901090401,2009,0.0,0.0,0.0
120901090401,2010,0.0,0.0,0.0
120901090401,2011,0.0,0.0,0.0
120901090401,2012,0.0,0.0,0.0
120901090401,2013,0.0,0.0,0.0
120901090401,2014,0.0,0.0,0.0
120901090401,2015,0.0,0.0,0.0
120901090401,2016,0.0,0.0,0.0
120901090401,2017,0.0,0.0,0.0
120901090401,2018,0.0,0.0,0.0
120901090401,2019,0.0,0.0,0.0
120901090401,2020,0.0,0.0,0.0
120901090402,2000,0.0,0.0,0.0
120901090402,2001,0.0,0.0,0.0
120901090402,2002,0.0,0.0,0.0
120901090402,2003,0.0,0.0,0.0
120901090402,2004,0.0,0.0,0.0
120901090402,2005,0.0,0.0,0.0
120901090402,2006,0.0,0.0,0.0
120901090402,2007,0.0,0.0,0.0
120901090402,2008,0.0,0.0,0.0
120901090402,2009,0.0,0.0,0.0
120901090402,2010,0.0,0.0,0.0
120901090402,2011,0.0,0.0,0.0
120901090402,2012,0.0,0.0,0.0
120901090402,2013,0.0,0.0,0.0
120901090402,2014,0.0,0.0,0.0
120901090402,2015,0.0,0.0,0.0
120901090402,2016,0.0,0.0,0.0
120901090402,2017,0.0,0.0,0.0
120901090402,2018,0.0,0.0,0.0
120901090402,2019,0.0,0.0,0.0
120901090402,2020,0.0,0.0,0.0
120901090403,2000,0.0,0.0,0.0
120901090403,2001,0.0,0.0,0.0
120901090403,2002,0.0,0.0,0.0
120901090403,2003,0.0,0.0,0.0
120901090403,2004,0.0,0.0,0.0
120901090403,2005,0.0,0.0,0.0
120901090403,2006,0.0,0.0,0.0
120901090403,2007,0.0,0.0,0.0
120901090403,2008,0.0,0.0,0.0
120901090403,2009,0.0,0.0,0.0
120901090403,2010,0.0,0.0,0.0
120901090403,2011,0.0,0.0,0.0
120901090403,2012,0.0,0.0,0.0
120901090403,2013,0.0,0.0,0.0
120901090403,2014,0.0,0.0,0.0
120901090403,2015,0.0,0.0,0.0
120901090403,2016,0.0,0.0,0.0
120901090403,2017,0.0,0.0,0.0
120901090403,2018,0.0,0.0,0.0
120901090403,2019,0.0,0.0,0.0
120901090403,2020,0.0,0.0,0.0
120901090404,2000,0.0,0.0,0.0
120901090404,2001,0.0,0.0,0.0
120901090404,2002,0.0,0.0,0.0
120901090404,2003,0.0,0.0,0.0
120901090404,2004,0.0,0.0,0.0
120901090404,2005,0.0,0.0,0.0
120901090404,2006,0.0,0.0,0.0
120901090404,2007,0.0,0.0,0.0
120901090404,2008,0.0,0.0,0.0
120901090404,2009,0.0,0.0,0.0
120901090404,2010,0.0,0.0,0.0
120901090404,2011,0.0,0.0,0.0
120901090404,2012,0.0,0.0,0.0
120901090404,2013,0.0,0.0,0.0
120901090404,2014,0.0,0.0,0.0
120901090404,2015,0.0,0.0,0.0
120901090404,2016,0.0,0.0,0.0
120901090404,2017,0.0,0.0,0.0
120901090404,2018,0.0,0.0,0.0
120901090404,2019,0.0,0.0,0.0
120901090404,2020,0.0,0.0,0.0
120901090405,2000,0.0,0.0,0.0
120901090405,2001,0.0,0.0,0.0
120901090405,2002,0.0,0.0,0.0
120901090405,2003,0.0,0.0,0.0
120901090405,2004,0.0,0.0,0.0
120901090405,2005,0.0,0.0,0.0
120901090405,2006,0.0,0.0,0.0
120901090405,2007,0.0,0.0,0.0
120901090405,2008,0.0,0.0,0.0
120901090405,2009,0.0,0.0,0.0
120901090405,2010,0.0,0.0,0.0
120901090405,2011,0.0,0.0,0.0
120901090405,2012,0.0,0.0,0.0
120901090405,2013,0.0,0.0,0.0
120901090405,2014,0.0,0.0,0.0
120901090405,2015,0.0,0.0,0.0
120901090405,2016,0.0,0.0,0.0
120901090405,2017,0.0,0.0,0.0
120901090405,2018,0.0,0.0,0.0
120901090405,2019,0.0,0.0,0.0
120901090405,2020,0.0,0.0,0.0
120901090406,2000,0.0,0.0,0.0
120901090406,2001,0.0,0.0,0.0
120901090406,2002,0.0,0.0,0.0
120901090406,2003,0.0,0.0,0.0
120901090406,2004,0.0,0.0,0.0
120901090406,2005,0.0,0.0,0.0
120901090406,2006,0.0,0.0,0.0
120901090406,2007,0.0,0.0,0.0
120901090406,2008,0.0,0.0,0.0
120901090406,2009,0.0,0.0,0.0
120901090406,2010,0.0,0.0,0.0
120901090406,2011,0.0,0.0,0.0
120901090406,2012,0.0,0.0,0.0
120901090406,2013,0.0,0.0,0.0
120901090406,2014,0.0,0.0,0.0
120901090406,2015,0.0,0.0,0.0
120901090406,2016,0.0,0.0,0.0
120901090406,2017,0.0,0.0,0.0
120901090406,2018,0.0,0.0,0.0
120901090406,2019,0.0,0.0,0.0
120901090406,2020,0.0,0.0,0.0
120901090407,2000,0.0,0.0,0.0
120901090407,2001,0.235497112,0.20653089,0.02896614
120901090407,2002,0.010581211,0.00927971,0.001301501
120901090407,2003,0.341764342,0.29972731,0.042036953
120901090407,2004,0.143567249,0.125908505,0.017658828
120901090407,2005,0.585222575,0.513240184,0.071982392
120901090407,2006,0.155936841,0.136756622,0.019180219
120901090407,2007,0.246844134,0.216482258,0.030361795
120901090407,2008,0.0,0.0,0.0
120901090407,2009,0.0,0.0,0.0
120901090407,2010,0.006343249,0.005563066,0.000780184
120901090407,2011,0.0,0.0,0.0
120901090407,2012,0.005391164,0.004727995,0.000663085
120901090407,2013,0.096763074,0.084861025,0.0119018
120901090407,2014,0.161336479,0.141492003,0.019844477
120901090407,2015,0.250683192,0.21984917,0.030834019
120901090407,2016,0.323668303,0.283857049,0.039811172
120901090407,2017,0.012130605,0.010638482,0.001491953
120901090407,2018,0.012361764,0.010841255,0.001520677
120901090407,2019,0.260543636,0.228496742,0.032046978
120901090407,2020,0.214226697,0.187876795,0.026349817
120901090408,2000,0.0,0.0,0.0
120901090408,2001,0.00558669,0.004899422,0.00068711
120901090408,2002,0.001619507,0.001420321,0.000199184
120901090408,2003,0.005930973,0.005201499,0.000729553
120901090408,2004,0.008740415,0.007665235,0.001074932
120901090408,2005,0.011993589,0.010518255,0.001475167
120901090408,2006,0.0,0.0,0.0
120901090408,2007,7.277e-06,6.356e-06,9.18e-07
120901090408,2008,0.0,0.0,0.0
120901090408,2009,0.0,0.0,0.0
120901090408,2010,0.0,0.0,0.0
120901090408,2011,0.0,0.0,0.0
120901090408,2012,0.0,0.0,0.0
120901090408,2013,0.0,0.0,0.0
120901090408,2014,0.005656301,0.004960625,0.000695677
120901090408,2015,0.0,0.0,0.0
120901090408,2016,0.0,0.0,0.0
120901090408,2017,0.007914918,0.006941411,0.000973595
120901090408,2018,0.002972775,0.002607047,0.000365564
120901090408,2019,0.039380822,0.034536989,0.004843833
120901090408,2020,0.015497074,0.013590883,0.001906107
120901090501,2000,0.0,0.0,0.0
120901090501,2001,0.0,0.0,0.0
120901090501,2002,0.0,0.0,0.0
120901090501,2003,0.0,0.0,0.0
120901090501,2004,0.0,0.0,0.0
120901090501,2005,0.0,0.0,0.0
120901090501,2006,0.0,0.0,0.0
120901090501,2007,0.0,0.0,0.0
120901090501,2008,0.0,0.0,0.0
120901090501,2009,0.0,0.0,0.0
120901090501,2010,0.0,0.0,0.0
120901090501,2011,0.0,0.0,0.0
120901090501,2012,0.0,0.0,0.0
120901090501,2013,0.0,0.0,0.0
120901090501,2014,0.0,0.0,0.0
120901090501,2015,0.0,0.0,0.0
120901090501,2016,0.0,0.0,0.0
120901090501,2017,0.0,0.0,0.0
120901090501,2018,0.0,0.0,0.0
120901090501,2019,0.0,0.0,0.0
120901090501,2020,0.0,0.0,0.0
120901090502,2000,0.808032158,0.708644249,0.099387907
120901090502,2001,0.100718466,0.088330222,0.012388414
120901090502,2002,0.258525611,0.226726847,0.031798515
120901090502,2003,0.143281573,0.125657923,0.017623649
120901090502,2004,0.299366716,0.262544585,0.036822046
120901090502,2005,0.397933841,0.348988123,0.048945803
120901090502,2006,0.415829247,0.364682288,0.051146959
120901090502,2007,0.358830808,0.314694564,0.044136244
120901090502,2008,0.328482273,0.288078907,0.040403366
120901090502,2009,0.529216605,0.464123003,0.065093685
120901090502,2010,0.274085753,0.240373268,0.033712652
120901090502,2011,0.511557071,0.448635584,0.062921403
120901090502,2012,0.182496361,0.160049404,0.022446956
120901090502,2013,0.487134005,0.427216608,0.059917482
120901090502,2014,0.42709063,0.374558595,0.052532118
120901090502,2015,0.32115291,0.281651104,0.039501888
120901090502,2016,0.38022132,0.333454,0.046767156
120901090502,2017,0.377276964,0.330871923,0.046405041
120901090502,2018,0.438481104,0.384547934,0.053933003
120901090502,2019,0.502119474,0.440358816,0.061760655
120901090502,2020,0.758908077,0.665562342,0.09334565
120901090503,2000,0.0,0.0,0.0
120901090503,2001,0.0,0.0,0.0
120901090503,2002,0.0,0.0,0.0
120901090503,2003,0.0,0.0,0.0
120901090503,2004,0.0,0.0,0.0
120901090503,2005,0.0,0.0,0.0
120901090503,2006,0.0,0.0,0.0
120901090503,2007,0.0,0.0,0.0
120901090503,2008,0.0,0.0,0.0
120901090503,2009,0.0,0.0,0.0
120901090503,2010,0.0,0.0,0.0
120901090503,2011,0.0,0.0,0.0
120901090503,2012,0.0,0.0,0.0
120901090503,2013,0.0,0.0,0.0
120901090503,2014,0.0,0.0,0.0
120901090503,2015,0.0,0.0,0.0
120901090503,2016,0.0,0.0,0.0
120901090503,2017,0.0,0.0,0.0
120901090503,2018,0.0,0.0,0.0
120901090503,2019,0.0,0.0,0.0
120901090503,2020,0.0,0.0,0.0
120901090504,2000,0.0,0.0,0.0
120901090504,2001,0.0,0.0,0.0
120901090504,2002,0.0,0.0,0.0
120901090504,2003,0.0,0.0,0.0
120901090504,2004,0.0,0.0,0.0
120901090504,2005,0.0,0.0,0.0
120901090504,2006,0.0,0.0,0.0
120901090504,2007,0.0,0.0,0.0
120901090504,2008,0.0,0.0,0.0
120901090504,2009,0.0,0.0,0.0
120901090504,2010,0.0,0.0,0.0
120901090504,2011,0.0,0.0,0.0
120901090504,2012,0.0,0.0,0.0
120901090504,2013,0.0,0.0,0.0
120901090504,2014,0.0,0.0,0.0
120901090504,2015,0.0,0.0,0.0
120901090504,2016,0.0,0.0,0.0
120901090504,2017,0.0,0.0,0.0
120901090504,2018,0.0,0.0,0.0
120901090504,2019,0.0,0.0,0.0
120901090504,2020,0.0,0.0,0.0
120901090505,2000,0.0,0.0,0.0
120901090505,2001,0.0,0.0,0.0
120901090505,2002,0.0,0.0,0.0
120901090505,2003,0.0,0.0,0.0
120901090505,2004,0.0,0.0,0.0
120901090505,2005,0.0,0.0,0.0
120901090505,2006,0.0,0.0,0.0
120901090505,2007,0.0,0.0,0.0
120901090505,2008,0.0,0.0,0.0
120901090505,2009,0.0,0.0,0.0
120901090505,2010,0.0,0.0,0.0
120901090505,2011,0.0,0.0,0.0
120901090505,2012,0.0,0.0,0.0
120901090505,2013,0.0,0.0,0.0
120901090505,2014,0.0,0.0,0.0
120901090505,2015,0.0,0.0,0.0
120901090505,2016,0.0,0.0,0.0
120901090505,2017,0.0,0.0,0.0
120901090505,2018,0.0,0.0,0.0
120901090505,2019,0.0,0.0,0.0
120901090505,2020,0.0,0.0,0.0
120901090506,2000,0.66325741,0.581676601,0.081580645
120901090506,2001,0.720386449,0.631778751,0.088607619
120901090506,2002,0.51019966,0.447445074,0.062754501
120901090506,2003,0.413312586,0.362475367,0.050837468
120901090506,2004,0.498867388,0.437506557,0.061360661
120901090506,2005,0.377818786,0.331346992,0.046471795
120901090506,2006,0.701146389,0.614905416,0.08624097
120901090506,2007,0.581920159,0.510343847,0.071576148
120901090506,2008,0.637111699,0.558746814,0.078364716
120901090506,2009,1.012816553,0.888240181,0.124576373
120901090506,2010,0.470952688,0.413025518,0.057927337
120901090506,2011,1.178434562,1.033487225,0.144947419
120901090506,2012,0.388322352,0.340558456,0.047763648
120901090506,2013,1.173271068,1.028958795,0.144312277
120901090506,2014,1.071212885,0.939453655,0.13175923
120901090506,2015,0.877660411,0.769708186,0.107952307
120901090506,2016,0.852019604,0.74722109,0.104798511
120901090506,2017,0.908002173,0.796317825,0.11168443
120901090506,2018,1.003547926,0.880111573,0.12343643
120901090506,2019,0.545951978,0.478799855,0.067152123
120901090506,2020,1.515318328,1.328934126,0.186384284
120901090601,2000,0.215264863,0.188787202,0.026477489
120901090601,2001,0.046724252,0.040977115,0.005747134
120901090601,2002,0.139156967,0.122040573,0.017116225
120901090601,2003,0.091320162,0.080087904,0.011232419
120901090601,2004,0.204640301,0.179469585,0.025170716
120901090601,2005,0.293097595,0.25704654,0.03605097
120901090601,2006,0.372983592,0.327106688,0.045876904
120901090601,2007,0.228527074,0.200418184,0.028108808
120901090601,2008,0.312880454,0.274396301,0.03848432
120901090601,2009,0.40873029,0.358456573,0.050273805
120901090601,2010,0.306643236,0.268926096,0.03771714
120901090601,2011,0.299648175,0.262791564,0.036856693
120901090601,2012,0.131294388,0.115145243,0.01614923
120901090601,2013,0.363528973,0.318814762,0.044713877
120901090601,2014,0.239344682,0.209905359,0.029439326
120901090601,2015,0.169396644,0.148560874,0.020835849
120901090601,2016,0.35077127,0.307626402,0.043144866
120901090601,2017,0.02426874,0.021283644,0.002985181
120901090601,2018,0.092961647,0.081527438,0.011434211
120901090601,2019,0.0,0.0,0.0
120901090601,2020,0.065002563,0.057007167,0.007995314
120901090602,2000,0.147998634,0.036259566,0.111738986
120901090602,2001,0.03737754,0.016782447,0.020594929
120901090602,2002,0.237990879,0.077347093,0.160643868
120901090602,2003,0.0,0.0,0.0
120901090602,2004,0.187361186,0.063140697,0.124220486
120901090602,2005,0.185808871,0.096620715,0.089188411
120901090602,2006,0.043514019,0.000696216,0.042817803
120901090602,2007,0.053067679,0.000849145,0.052218871
120901090602,2008,0.043613536,0.021501511,0.022112027
120901090602,2009,0.0,0.0,0.0
120901090602,2010,0.203007573,0.097646567,0.105360926
120901090602,2011,0.0,0.0,0.0
120901090602,2012,0.396146577,0.128351601,0.267795055
120901090602,2013,0.0,0.0,0.0
120901090602,2014,0.289492589,0.253884921,0.035607584
120901090602,2015,0.222986099,0.111939129,0.111047055
120901090602,2016,0.189567339,0.166250538,0.023316716
120901090602,2017,0.290667542,0.133997619,0.156669921
120901090602,2018,0.168810058,0.093183175,0.075626712
120901090602,2019,0.041431436,0.034263685,0.007167751
120901090602,2020,0.031915161,0.027989437,0.003925557
120901090603,2000,0.0,0.0,0.0
120901090603,2001,0.0,0.0,0.0
120901090603,2002,0.0,0.0,0.0
120901090603,2003,0.0,0.0,0.0
120901090603,2004,0.0,0.0,0.0
120901090603,2005,0.0,0.0,0.0
120901090603,2006,0.0,0.0,0.0
120901090603,2007,0.0,0.0,0.0
120901090603,2008,0.0,0.0,0.0
120901090603,2009,0.0,0.0,0.0
120901090603,2010,0.0,0.0,0.0
120901090603,2011,0.0,0.0,0.0
120901090603,2012,0.0,0.0,0.0
120901090603,2013,0.0,0.0,0.0
120901090603,2014,0.0,0.0,0.0
120901090603,2015,0.0,0.0,0.0
120901090603,2016,0.0,0.0,0.0
120901090603,2017,0.0,0.0,0.0
120901090603,2018,0.0,0.0,0.0
120901090603,2019,0.090895441,0.007817071,0.08307837
120901090603,2020,0.0,0.0,0.0
120901090604,2000,0.01510038,0.002808689,0.012291691
120901090604,2001,0.00010714,9.3923e-05,1.3216e-05
120901090604,2002,0.112596721,0.038845786,0.073750934
120901090604,2003,0.0,0.0,0.0
120901090604,2004,0.082109667,0.027342475,0.054767109
120901090604,2005,0.1439546,0.055998285,0.087956315
120901090604,2006,0.0,0.0,0.0
120901090604,2007,0.0,0.0,0.0
120901090604,2008,0.002658049,4.2522e-05,0.002615527
120901090604,2009,0.0,0.0,0.0
120901090604,2010,0.111315197,0.041075389,0.07023989
120901090604,2011,0.0,0.0,0.0
120901090604,2012,0.245522404,0.08224997,0.163272265
120901090604,2013,0.0,0.0,0.0
120901090604,2014,0.0,0.0,0.0
120901090604,2015,0.070228258,0.021770685,0.048457575
120901090604,2016,0.0,0.0,0.0
120901090604,2017,0.153794353,0.053058992,0.1007352
120901090604,2018,0.078251693,0.027466353,0.05078534
120901090604,2019,0.050543167,0.018195523,0.032347644
120901090604,2020,0.003751557,0.003290074,0.000461402
120901090605,2000,0.0,0.0,0.0
120901090605,2001,0.056003748,0.000895997,0.055107666
120901090605,2002,0.0,0.0,0.0
120901090605,2003,0.0,0.0,0.0
120901090605,2004,0.0,0.0,0.0
120901090605,2005,0.0,0.0,0.0
120901090605,2006,0.0,0.0,0.0
120901090605,2007,0.0,0.0,0.0
120901090605,2008,0.0,0.0,0.0
120901090605,2009,0.0,0.0,0.0
120901090605,2010,0.061559085,0.000985077,0.060574258
120901090605,2011,0.0,0.0,0.0
120901090605,2012,0.0,0.0,0.0
120901090605,2013,0.0,0.0,0.0
120901090605,2014,0.0,0.0,0.0
120901090605,2015,0.0,0.0,0.0
120901090605,2016,0.0,0.0,0.0
120901090605,2017,0.0,0.0,0.0
120901090605,2018,0.0,0.0,0.0
120901090605,2019,0.139211578,0.009884126,0.129327534
120901090605,2020,0.0,0.0,0.0
120901090701,2000,0.0,0.0,0.0
120901090701,2001,0.0,0.0,0.0
120901090701,2002,0.129205392,0.002067258,0.127138047
120901090701,2003,0.056631427,0.000906033,0.055725227
120901090701,2004,0.072096596,0.001153473,0.07094312
120901090701,2005,0.0731624,0.001170496,0.071991734
120901090701,2006,0.0,0.0,0.0
120901090701,2007,0.0,0.0,0.0
120901090701,2008,0.09364327,0.001498199,0.092144902
120901090701,2009,0.078881184,0.001262195,0.077619074
120901090701,2010,0.143395641,0.002294356,0.141101452
120901090701,2011,0.064914485,0.001038649,0.063875921
120901090701,2012,0.064107516,0.001025609,0.063081984
120901090701,2013,0.107697068,0.001723142,0.105973844
120901090701,2014,0.086431197,0.001382789,0.085048162
120901090701,2015,0.087131019,0.00139411,0.085736995
120901090701,2016,0.0,0.0,0.0
120901090701,2017,0.0,0.0,0.0
120901090701,2018,0.0,0.0,0.0
120901090701,2019,0.071197693,0.002064753,0.069132937
120901090701,2020,0.0,0.0,0.0
120901090702,2000,2.774635309,0.066591169,2.708044219
120901090702,2001,1.799234858,0.043181532,1.756053159
120901090702,2002,2.15699697,0.053924838,2.103072049
120901090702,2003,1.454097466,0.036352493,1.417745058
120901090702,2004,1.67199391,0.045143874,1.626850036
120901090702,2005,1.730291797,0.036336203,1.693955595
120901090702,2006,1.398734564,0.033569688,1.365165126
120901090702,2007,0.29031943,0.004645085,0.285674345
120901090702,2008,0.877476467,0.014039555,0.863436831
120901090702,2009,1.195749148,0.0215234,1.174225663
120901090702,2010,0.859064173,0.023194677,0.835869414
120901090702,2011,1.486529877,0.028244011,1.458285696
120901090702,2012,0.58882827,0.009421273,0.579406997
120901090702,2013,1.337702159,0.02274086,1.314961299
120901090702,2014,1.303421595,0.036495814,1.266925778
120901090702,2015,0.86899257,0.023462899,0.845529921
120901090702,2016,0.567858246,0.009085738,0.558772344
120901090702,2017,0.874614126,0.019241479,0.855372562
120901090702,2018,1.371188205,0.035650904,1.335537216
120901090702,2019,1.286973047,0.037322208,1.249650838
120901090702,2020,1.590063945,0.041341645,1.548722385
120901090703,2000,0.0,0.0,0.0
120901090703,2001,0.0,0.0,0.0
120901090703,2002,0.0,0.0,0.0
120901090703,2003,0.0,0.0,0.0
120901090703,2004,0.0,0.0,0.0
120901090703,2005,0.0,0.0,0.0
120901090703,2006,0.0,0.0,0.0
120901090703,2007,0.0,0.0,0.0
120901090703,2008,0.0,0.0,0.0
120901090703,2009,0.0,0.0,0.0
120901090703,2010,0.0,0.0,0.0
120901090703,2011,0.0,0.0,0.0
120901090703,2012,0.0,0.0,0.0
120901090703,2013,0.0,0.0,0.0
120901090703,2014,0.0,0.0,0.0
120901090703,2015,0.0,0.0,0.0
120901090703,2016,0.0,0.0,0.0
120901090703,2017,0.0,0.0,0.0
120901090703,2018,0.0,0.0,0.0
120901090703,2019,0.010025715,0.000862175,0.00916354
120901090703,2020,0.0,0.0,0.0
120901090704,2000,0.547320481,0.020798142,0.526522169
120901090704,2001,0.353849482,0.012384737,0.341464658
120901090704,2002,0.330324614,0.01090074,0.319423962
120901090704,2003,0.089029005,0.002581858,0.086447148
120901090704,2004,0.191584623,0.004406459,0.187178082
120901090704,2005,0.230771704,0.005076838,0.225694614
120901090704,2006,0.202254723,0.006674315,0.195580323
120901090704,2007,0.0,0.0,0.0
120901090704,2008,0.0,0.0,0.0
120901090704,2009,0.202711644,0.005878567,0.196833077
120901090704,2010,0.0,0.0,0.0
120901090704,2011,0.182291499,0.006197899,0.176093523
120901090704,2012,0.0,0.0,0.0
120901090704,2013,0.146419321,0.005710416,0.140708904
120901090704,2014,0.126783019,0.008114189,0.118669079
120901090704,2015,0.0,0.0,0.0
120901090704,2016,0.034875309,0.000557984,0.034317328
120901090704,2017,0.0,0.0,0.0
120901090704,2018,0.046558104,0.001815625,0.044742395
120901090704,2019,0.0,0.0,0.0
120901090704,2020,0.003691459,0.000251008,0.003440284
120901090705,2000,0.577178071,0.028281874,0.548896366
120901090705,2001,0.446273301,0.022313748,0.423959551
120901090705,2002,0.0,0.0,0.0
120901090705,2003,0.005305375,8.4953e-05,0.005220422
120901090705,2004,0.0,0.0,0.0
120901090705,2005,0.0,0.0,0.0
120901090705,2006,0.002953693,4.7304e-05,0.002906468
120901090705,2007,0.0,0.0,0.0
120901090705,2008,0.0,0.0,0.0
120901090705,2009,0.006883978,0.000110063,0.00677383
120901090705,2010,0.0,0.0,0.0
120901090705,2011,0.0,0.0,0.0
120901090705,2012,0.0,0.0,0.0
120901090705,2013,0.0,0.0,0.0
120901090705,2014,0.0,0.0,0.0
120901090705,2015,0.0,0.0,0.0
120901090705,2016,0.0,0.0,0.0
120901090705,2017,0.0,0.0,0.0
120901090705,2018,0.0,0.0,0.0
120901090705,2019,0.001482534,6.3814e-05,0.001418888
120901090705,2020,0.0,0.0,0.0
120901090706,2000,0.148230877,0.012747918,0.135483041
120901090706,2001,1.843e-05,1.515e-06,1.683e-05
120901090706,2002,0.0,0.0,0.0
120901090706,2003,0.0,0.0,0.0
120901090706,2004,0.0,0.0,0.0
120901090706,2005,0.0,0.0,0.0
120901090706,2006,0.107424734,0.009238507,0.098186145
120901090706,2007,0.0,0.0,0.0
120901090706,2008,0.0,0.0,0.0
120901090706,2009,0.109835975,0.00944586,0.10039003
120901090706,2010,0.0,0.0,0.0
120901090706,2011,0.096430373,0.008292871,0.088137334
120901090706,2012,0.0,0.0,0.0
120901090706,2013,0.0,0.0,0.0
120901090706,2014,0.070294441,0.006045312,0.064249047
120901090706,2015,0.0,0.0,0.0
120901090706,2016,0.0,0.0,0.0
120901090706,2017,0.0,0.0,0.0
120901090706,2018,0.0,0.0,0.0
120901090706,2019,0.0,0.0,0.0
120901090706,2020,0.069199557,0.005951197,0.063248445
120901090707,2000,0.001281301,0.000694418,0.000586888
120901090707,2001,0.0,0.0,0.0
120901090707,2002,0.0,0.0,0.0
120901090707,2003,0.000956403,0.000518356,0.000437962
120901090707,2004,0.0,0.0,0.0
120901090707,2005,0.000597847,0.000324074,0.000273773
120901090707,2006,0.0,0.0,0.0
120901090707,2007,0.000344721,0.000186855,0.000157866
120901090707,2008,0.0,0.0,0.0
120901090707,2009,0.0,0.0,0.0
120901090707,2010,0.0,0.0,0.0
120901090707,2011,0.0,0.0,0.0
120901090707,2012,0.0,0.0,0.0
120901090707,2013,0.0,0.0,0.0
120901090707,2014,0.0,0.0,0.0
120901090707,2015,0.0,0.0,0.0
120901090707,2016,0.0,0.0,0.0
120901090707,2017,0.0,0.0,0.0
120901090707,2018,0.002441959,0.000615449,0.001826427
120901090707,2019,0.002447099,0.000616674,0.00183034
120901090707,2020,0.0,0.0,0.0
120901090708,2000,0.0,0.0,0.0
120901090708,2001,0.0,0.0,0.0
120901090708,2002,0.0,0.0,0.0
120901090708,2003,0.0,0.0,0.0
120901090708,2004,0.0,0.0,0.0
120901090708,2005,0.0,0.0,0.0
120901090708,2006,0.0,0.0,0.0
120901090708,2007,0.0,0.0,0.0
120901090708,2008,0.0,0.0,0.0
120901090708,2009,0.0,0.0,0.0
120901090708,2010,0.0,0.0,0.0
120901090708,2011,0.0,0.0,0.0
120901090708,2012,0.0,0.0,0.0
120901090708,2013,0.0,0.0,0.0
120901090708,2014,0.0,0.0,0.0
120901090708,2015,0.0,0.0,0.0
120901090708,2016,0.0,0.0,0.0
120901090708,2017,0.0,0.0,0.0
120901090708,2018,0.0,0.0,0.0
120901090708,2019,0.0,0.0,0.0
120901090708,2020,0.0,0.0,0.0
120901090709,2000,0.0,0.0,0.0
120901090709,2001,0.0,0.0,0.0
120901090709,2002,0.0,0.0,0.0
120901090709,2003,0.0,0.0,0.0
120901090709,2004,0.0,0.0,0.0
120901090709,2005,0.0,0.0,0.0
120901090709,2006,0.0,0.0,0.0
120901090709,2007,0.0,0.0,0.0
120901090709,2008,0.0,0.0,0.0
120901090709,2009,0.0,0.0,0.0
120901090709,2010,0.0,0.0,0.0
120901090709,2011,0.0,0.0,0.0
120901090709,2012,0.0,0.0,0.0
120901090709,2013,0.0,0.0,0.0
120901090709,2014,0.0,0.0,0.0
120901090709,2015,0.0,0.0,0.0
120901090709,2016,0.0,0.0,0.0
120901090709,2017,0.0,0.0,0.0
120901090709,2018,0.0,0.0,0.0
120901090709,2019,0.0,0.0,0.0
120901090709,2020,0.0,0.0,0.0
120901090801,2000,0.0,0.0,0.0
120901090801,2001,0.141995523,0.076961605,0.065033918
120901090801,2002,0.0,0.0,0.0
120901090801,2003,0.049521501,0.026840674,0.022680827
120901090801,2004,0.011110126,0.006021708,0.005088333
120901090801,2005,0.146016384,0.079140773,0.066875616
120901090801,2006,0.021500463,0.011653156,0.009847389
120901090801,2007,0.016947762,0.009185677,0.007762082
120901090801,2008,0.0,0.0,0.0
120901090801,2009,0.034161932,0.018515742,0.015646022
120901090801,2010,0.196169099,0.106323638,0.089845375
120901090801,2011,0.11524537,0.062463044,0.052782496
120901090801,2012,0.0,0.0,0.0
120901090801,2013,0.072761827,0.039436847,0.033324816
120901090801,2014,0.058086551,0.031482959,0.026603674
120901090801,2015,0.030571082,0.016569496,0.014001586
120901090801,2016,0.021630473,0.01172385,0.009906708
120901090801,2017,0.060321233,0.032694118,0.027627115
120901090801,2018,0.056082345,0.030396701,0.025685729
120901090801,2019,0.200543005,0.108694321,0.091848849
120901090801,2020,0.107985036,0.05852788,0.049457156
