huc12_id,year,irrwdgw_mgd,irrwdtot_mgd,irrwdsw_mgd
120601050202,2000,0.0,0.0,0.0
120601050202,2001,0.0,0.0,0.0
120601050202,2002,0.0,0.0,0.0
120601050202,2003,0.0,0.0,0.0
120601050202,2004,0.0,0.0,0.0
120601050202,2005,0.0,0.0,0.0
120601050202,2006,0.0,0.0,0.0
120601050202,2007,0.0,0.0,0.0
120601050202,2008,0.0,0.0,0.0
120601050202,2009,0.0,0.0,0.0
120601050202,2010,0.0,0.0,0.0
120601050202,2011,0.0,0.0,0.0
120601050202,2012,0.0,0.0,0.0
120601050202,2013,0.0,0.0,0.0
120601050202,2014,0.0,0.0,0.0
120601050202,2015,0.0,0.0,0.0
120601050202,2016,0.0,0.0,0.0
120601050202,2017,0.0,0.0,0.0
120601050202,2018,0.0,0.0,0.0
120601050202,2019,0.029978452,0.029978452,0.0
120601050202,2020,0.0,0.0,0.0
120601050203,2000,0.0,0.0,0.0
120601050203,2001,0.0,0.0,0.0
120601050203,2002,0.0,0.0,0.0
120601050203,2003,0.0,0.0,0.0
120601050203,2004,0.0,0.0,0.0
120601050203,2005,0.0,0.0,0.0
120601050203,2006,0.0,0.0,0.0
120601050203,2007,0.0,0.0,0.0
120601050203,2008,0.0,0.0,0.0
120601050203,2009,0.0,0.0,0.0
120601050203,2010,0.0,0.0,0.0
120601050203,2011,0.0,0.0,0.0
120601050203,2012,0.0,0.0,0.0
120601050203,2013,0.0,0.0,0.0
120601050203,2014,0.0,0.0,0.0
120601050203,2015,0.0,0.0,0.0
120601050203,2016,0.0,0.0,0.0
120601050203,2017,0.0,0.0,0.0
120601050203,2018,0.043045729,0.043045729,0.0
120601050203,2019,0.0,0.0,0.0
120601050203,2020,0.064639027,0.064639027,0.0
120601050204,2000,0.0,0.0,0.0
120601050204,2001,0.0,0.0,0.0
120601050204,2002,0.0,0.0,0.0
120601050204,2003,0.0,0.0,0.0
120601050204,2004,0.0,0.0,0.0
120601050204,2005,0.015245326,0.015245326,0.0
120601050204,2006,0.0,0.0,0.0
120601050204,2007,0.0,0.0,0.0
120601050204,2008,0.0,0.0,0.0
120601050204,2009,0.0,0.0,0.0
120601050204,2010,0.0,0.0,0.0
120601050204,2011,0.0,0.0,0.0
120601050204,2012,0.0,0.0,0.0
120601050204,2013,0.0,0.0,0.0
120601050204,2014,0.0,0.0,0.0
120601050204,2015,0.0,0.0,0.0
120601050204,2016,0.0,0.0,0.0
120601050204,2017,0.0,0.0,0.0
120601050204,2018,0.0,0.0,0.0
120601050204,2019,0.0,0.0,0.0
120601050204,2020,0.004078839,0.004078839,0.0
120601050301,2000,0.0,0.0,0.0
120601050301,2001,0.0,0.0,0.0
120601050301,2002,0.0,0.0,0.0
120601050301,2003,0.0,0.0,0.0
120601050301,2004,0.0,0.0,0.0
120601050301,2005,0.0,0.0,0.0
120601050301,2006,0.0,0.0,0.0
120601050301,2007,0.0,0.0,0.0
120601050301,2008,0.0,0.0,0.0
120601050301,2009,0.0,0.0,0.0
120601050301,2010,0.0,0.0,0.0
120601050301,2011,0.0,0.0,0.0
120601050301,2012,0.0,0.0,0.0
120601050301,2013,0.0,0.0,0.0
120601050301,2014,0.0,0.0,0.0
120601050301,2015,0.0,0.0,0.0
120601050301,2016,0.0,0.0,0.0
120601050301,2017,0.0,0.0,0.0
120601050301,2018,0.0,0.0,0.0
120601050301,2019,0.000471074,0.000471074,0.0
120601050301,2020,0.0,0.0,0.0
120601050302,2000,0.0,0.0,0.0
120601050302,2001,0.0,0.0,0.0
120601050302,2002,0.0,0.0,0.0
120601050302,2003,0.0,0.0,0.0
120601050302,2004,0.0,0.0,0.0
120601050302,2005,0.0,0.0,0.0
120601050302,2006,0.0,0.0,0.0
120601050302,2007,0.0,0.0,0.0
120601050302,2008,0.0,0.0,0.0
120601050302,2009,0.0,0.0,0.0
120601050302,2010,0.0,0.0,0.0
120601050302,2011,0.0,0.0,0.0
120601050302,2012,0.0,0.0,0.0
120601050302,2013,0.106600329,0.106600329,0.0
120601050302,2014,0.0,0.0,0.0
120601050302,2015,0.073692266,0.073692266,0.0
120601050302,2016,0.0,0.0,0.0
120601050302,2017,0.0,0.0,0.0
120601050302,2018,0.0,0.0,0.0
120601050302,2019,0.156812066,0.156812066,0.0
120601050302,2020,0.0,0.0,0.0
120601050303,2000,0.0,0.0,0.0
120601050303,2001,0.0,0.0,0.0
120601050303,2002,0.0,0.0,0.0
120601050303,2003,0.0,0.0,0.0
120601050303,2004,0.0,0.0,0.0
120601050303,2005,0.0,0.0,0.0
120601050303,2006,0.0,0.0,0.0
120601050303,2007,0.0,0.0,0.0
120601050303,2008,0.0,0.0,0.0
120601050303,2009,0.0,0.0,0.0
120601050303,2010,0.0,0.0,0.0
120601050303,2011,0.0,0.0,0.0
120601050303,2012,0.0,0.0,0.0
120601050303,2013,0.0,0.0,0.0
120601050303,2014,0.0,0.0,0.0
120601050303,2015,0.0,0.0,0.0
120601050303,2016,0.0,0.0,0.0
120601050303,2017,0.0,0.0,0.0
120601050303,2018,0.0,0.0,0.0
120601050303,2019,0.0,0.0,0.0
120601050303,2020,0.0,0.0,0.0
120601050304,2000,0.0,0.0,0.0
120601050304,2001,0.0,0.0,0.0
120601050304,2002,0.0,0.0,0.0
120601050304,2003,0.0,0.0,0.0
120601050304,2004,0.0,0.0,0.0
120601050304,2005,0.0,0.0,0.0
120601050304,2006,0.0,0.0,0.0
120601050304,2007,0.0,0.0,0.0
120601050304,2008,0.0,0.0,0.0
120601050304,2009,0.0,0.0,0.0
120601050304,2010,0.0,0.0,0.0
120601050304,2011,0.0,0.0,0.0
120601050304,2012,0.0,0.0,0.0
120601050304,2013,0.0,0.0,0.0
120601050304,2014,0.0,0.0,0.0
120601050304,2015,0.0,0.0,0.0
120601050304,2016,0.0,0.0,0.0
120601050304,2017,0.0,0.0,0.0
120601050304,2018,0.087149077,0.087149077,0.0
120601050304,2019,0.0,0.0,0.0
120601050304,2020,0.0,0.0,0.0
120601050401,2000,5.8544e-05,5.8544e-05,0.0
120601050401,2001,0.0,0.0,0.0
120601050401,2002,0.0,0.0,0.0
120601050401,2003,0.0,0.0,0.0
120601050401,2004,0.029047978,0.029047978,0.0
120601050401,2005,0.0,0.0,0.0
120601050401,2006,0.0,0.0,0.0
120601050401,2007,0.0,0.0,0.0
120601050401,2008,0.000560475,0.000560475,0.0
120601050401,2009,0.047190515,0.047190515,0.0
120601050401,2010,0.02913686,0.02913686,0.0
120601050401,2011,0.0,0.0,0.0
120601050401,2012,0.0,0.0,0.0
120601050401,2013,0.122049975,0.122663342,0.000613285
120601050401,2014,0.0,0.0,0.0
120601050401,2015,0.082188123,0.082767578,0.000579288
120601050401,2016,0.0769175,0.0769175,0.0
120601050401,2017,0.108865142,0.108865142,0.0
120601050401,2018,0.0,0.0,0.0
120601050401,2019,0.115067521,0.115067521,0.0
120601050401,2020,0.002461656,0.00253009,6.8352e-05
120601050402,2000,0.0,0.0,0.0
120601050402,2001,0.352751033,0.359583077,0.006832041
120601050402,2002,0.000375337,0.000402301,2.6964e-05
120601050402,2003,0.075234134,0.077641016,0.002406885
120601050402,2004,0.049935732,0.051006847,0.001071199
120601050402,2005,0.080213945,0.081767605,0.001553575
120601050402,2006,0.17796691,0.182156567,0.004189575
120601050402,2007,0.058455608,0.059831942,0.001376079
120601050402,2008,0.092337139,0.093458612,0.001121473
120601050402,2009,0.022853178,0.023037433,0.000184337
120601050402,2010,0.053680474,0.054277471,0.000597079
120601050402,2011,0.0,0.0,0.0
120601050402,2012,0.262707478,0.270275344,0.007567784
120601050402,2013,0.097025471,0.099615526,0.002590052
120601050402,2014,0.0,0.0,0.0
120601050402,2015,0.093446375,0.09525634,0.001809797
120601050402,2016,0.035986817,0.036834104,0.000847208
120601050402,2017,0.025784677,0.026257255,0.000472581
120601050402,2018,0.007909838,0.008405726,0.000495885
120601050402,2019,0.0,0.0,0.0
120601050402,2020,0.038714391,0.039666653,0.000951929
120601050403,2000,0.0,0.0,0.0
120601050403,2001,0.0,0.0,0.0
120601050403,2002,0.0,0.0,0.0
120601050403,2003,0.0,0.0,0.0
120601050403,2004,0.0,0.0,0.0
120601050403,2005,0.0,0.0,0.0
120601050403,2006,0.0,0.0,0.0
120601050403,2007,0.0,0.0,0.0
120601050403,2008,0.0,0.0,0.0
120601050403,2009,0.0,0.0,0.0
120601050403,2010,0.0,0.0,0.0
120601050403,2011,0.0,0.0,0.0
120601050403,2012,0.0,0.0,0.0
120601050403,2013,0.0,0.0,0.0
120601050403,2014,0.0,0.0,0.0
120601050403,2015,0.0,0.0,0.0
120601050403,2016,0.0,0.0,0.0
120601050403,2017,0.0,0.0,0.0
120601050403,2018,0.0,0.0,0.0
120601050403,2019,0.0,0.0,0.0
120601050403,2020,0.0,0.0,0.0
120601050404,2000,0.0,0.0,0.0
120601050404,2001,0.08019946,0.086796049,0.006596504
120601050404,2002,0.010284545,0.011130474,0.000845929
120601050404,2003,0.017101605,0.018508197,0.001406592
120601050404,2004,0.0,0.0,0.0
120601050404,2005,0.0,0.0,0.0
120601050404,2006,0.0,0.0,0.0
120601050404,2007,0.0,0.0,0.0
120601050404,2008,0.056542036,0.061192527,0.004650661
120601050404,2009,0.0,0.0,0.0
120601050404,2010,0.044491605,0.04815126,0.003659405
120601050404,2011,0.0,0.0,0.0
120601050404,2012,0.0,0.0,0.0
120601050404,2013,0.0,0.0,0.0
120601050404,2014,0.0,0.0,0.0
120601050404,2015,0.0,0.0,0.0
120601050404,2016,0.0,0.0,0.0
120601050404,2017,0.0,0.0,0.0
120601050404,2018,0.0,0.0,0.0
120601050404,2019,0.0,0.0,0.0
120601050404,2020,0.0,0.0,0.0
120601050405,2000,0.0,0.0,0.0
120601050405,2001,0.0,0.0,0.0
120601050405,2002,0.0,0.0,0.0
120601050405,2003,0.0,0.0,0.0
120601050405,2004,0.0,0.0,0.0
120601050405,2005,0.0,0.0,0.0
120601050405,2006,0.0,0.0,0.0
120601050405,2007,0.0,0.0,0.0
120601050405,2008,0.0,0.0,0.0
120601050405,2009,0.0,0.0,0.0
120601050405,2010,0.0,0.0,0.0
120601050405,2011,0.0,0.0,0.0
120601050405,2012,0.0,0.0,0.0
120601050405,2013,0.0,0.0,0.0
120601050405,2014,0.0,0.0,0.0
120601050405,2015,0.0,0.0,0.0
120601050405,2016,0.0,0.0,0.0
120601050405,2017,0.0,0.0,0.0
120601050405,2018,0.0,0.0,0.0
120601050405,2019,0.0,0.0,0.0
120601050405,2020,0.0,0.0,0.0
120601050406,2000,0.0,0.0,0.0
120601050406,2001,0.078390493,0.078390493,0.0
120601050406,2002,0.0,0.0,0.0
120601050406,2003,0.01779531,0.01779531,0.0
120601050406,2004,0.0,0.0,0.0
120601050406,2005,0.013711047,0.01488711,0.001176063
120601050406,2006,0.0,0.0,0.0
120601050406,2007,0.007946734,0.012921578,0.004974847
120601050406,2008,0.00110976,0.00110976,0.0
120601050406,2009,0.0,0.0,0.0
120601050406,2010,0.00473703,0.0070388,0.002308767
120601050406,2011,0.0,0.0,0.0
120601050406,2012,0.008800055,0.008800055,0.0
120601050406,2013,0.0,0.0,0.0
120601050406,2014,0.0,0.0,0.0
120601050406,2015,0.0,0.0,0.0
120601050406,2016,0.0,0.0,0.0
120601050406,2017,0.0,0.0,0.0
120601050406,2018,0.056082896,0.078547337,0.022464523
120601050406,2019,0.134715466,0.134715466,0.0
120601050406,2020,0.058353003,0.135076281,0.076723448
120601050407,2000,0.0,0.0,0.0
120601050407,2001,0.0,0.0,0.0
120601050407,2002,0.0,0.0,0.0
120601050407,2003,0.0,0.0,0.0
120601050407,2004,0.0,0.0,0.0
120601050407,2005,0.0,0.0,0.0
120601050407,2006,0.0,0.0,0.0
120601050407,2007,0.0,0.0,0.0
120601050407,2008,0.007259137,0.087459754,0.080200533
120601050407,2009,0.0,0.0,0.0
120601050407,2010,0.0,0.0,0.0
120601050407,2011,0.0,0.0,0.0
120601050407,2012,0.0,0.0,0.0
120601050407,2013,0.0,0.0,0.0
120601050407,2014,0.0,0.0,0.0
120601050407,2015,0.0,0.0,0.0
120601050407,2016,0.0,0.0,0.0
120601050407,2017,0.0,0.0,0.0
120601050407,2018,0.0,0.0,0.0
120601050407,2019,0.0,0.0,0.0
120601050407,2020,0.0,0.0,0.0
120601050408,2000,0.0,0.0,0.0
120601050408,2001,0.0,0.0,0.0
120601050408,2002,0.0,0.0,0.0
120601050408,2003,0.0,0.0,0.0
120601050408,2004,0.0,0.0,0.0
120601050408,2005,0.0,0.0,0.0
120601050408,2006,0.00166083,0.020009485,0.01834874
120601050408,2007,0.0,0.0,0.0
120601050408,2008,0.00158206,0.019060828,0.017478852
120601050408,2009,0.001937923,0.023346948,0.021409192
120601050408,2010,0.0,0.0,0.0
120601050408,2011,0.0,0.0,0.0
120601050408,2012,0.0,0.0,0.0
120601050408,2013,0.0,0.0,0.0
120601050408,2014,0.0,0.0,0.0
120601050408,2015,0.0,0.0,0.0
120601050408,2016,0.0,0.0,0.0
120601050408,2017,0.0,0.0,0.0
120601050408,2018,0.005098066,0.06142211,0.056324041
120601050408,2019,0.001490307,0.017955422,0.016465115
120601050408,2020,0.0,0.0,0.0
120601050409,2000,0.0,0.0,0.0
120601050409,2001,0.0,0.0,0.0
120601050409,2002,0.0,0.0,0.0
120601050409,2003,0.0,0.0,0.0
120601050409,2004,0.0,0.0,0.0
120601050409,2005,0.0,0.0,0.0
120601050409,2006,0.0,0.0,0.0
120601050409,2007,0.0,0.0,0.0
120601050409,2008,0.0,0.0,0.0
120601050409,2009,0.0,0.0,0.0
120601050409,2010,0.0,0.0,0.0
120601050409,2011,0.0,0.0,0.0
120601050409,2012,0.0,0.0,0.0
120601050409,2013,0.0,0.0,0.0
120601050409,2014,0.0,0.0,0.0
120601050409,2015,0.0,0.0,0.0
120601050409,2016,0.0,0.0,0.0
120601050409,2017,0.0,0.0,0.0
120601050409,2018,0.0,0.0,0.0
120601050409,2019,0.0,0.0,0.0
120601050409,2020,0.0,0.0,0.0
120601050501,2000,0.0,0.0,0.0
120601050501,2001,0.0,0.0,0.0
120601050501,2002,0.0,0.0,0.0
120601050501,2003,0.0,0.0,0.0
120601050501,2004,0.0,0.0,0.0
120601050501,2005,0.0,0.0,0.0
120601050501,2006,0.0,0.0,0.0
120601050501,2007,0.0,0.0,0.0
120601050501,2008,0.0,0.0,0.0
120601050501,2009,0.0,0.0,0.0
120601050501,2010,0.0,0.0,0.0
120601050501,2011,0.0,0.0,0.0
120601050501,2012,0.0,0.0,0.0
120601050501,2013,0.0,0.0,0.0
120601050501,2014,0.0,0.0,0.0
120601050501,2015,0.0,0.0,0.0
120601050501,2016,0.0,0.0,0.0
120601050501,2017,0.0,0.0,0.0
120601050501,2018,0.0,0.0,0.0
120601050501,2019,0.000150389,0.0018126,0.001662211
120601050501,2020,0.0,0.0,0.0
120601050502,2000,0.0,0.0,0.0
120601050502,2001,0.0,0.0,0.0
120601050502,2002,0.0,0.0,0.0
120601050502,2003,0.0,0.0,0.0
120601050502,2004,0.0,0.0,0.0
120601050502,2005,0.0,0.0,0.0
120601050502,2006,0.0,0.0,0.0
120601050502,2007,0.0,0.0,0.0
120601050502,2008,0.013500339,0.115387648,0.101887224
120601050502,2009,0.0,0.0,0.0
120601050502,2010,0.0,0.0,0.0
120601050502,2011,0.0,0.0,0.0
120601050502,2012,0.0,0.0,0.0
120601050502,2013,0.0,0.0,0.0
120601050502,2014,0.0,0.0,0.0
120601050502,2015,0.0,0.0,0.0
120601050502,2016,0.0,0.0,0.0
120601050502,2017,0.0,0.0,0.0
120601050502,2018,0.0,0.0,0.0
120601050502,2019,0.024109353,0.124918151,0.100809049
120601050502,2020,0.0,0.0,0.0
120601050503,2000,0.0,0.0,0.0
120601050503,2001,0.0,0.0,0.0
120601050503,2002,0.0,0.0,0.0
120601050503,2003,0.0,0.0,0.0
120601050503,2004,0.0,0.0,0.0
120601050503,2005,0.0,0.0,0.0
120601050503,2006,0.0,0.0,0.0
120601050503,2007,0.0,0.0,0.0
120601050503,2008,0.0,0.0,0.0
120601050503,2009,0.0,0.0,0.0
120601050503,2010,0.0,0.0,0.0
120601050503,2011,0.0,0.0,0.0
120601050503,2012,0.0,0.0,0.0
120601050503,2013,0.0,0.0,0.0
120601050503,2014,0.0,0.0,0.0
120601050503,2015,0.0,0.0,0.0
120601050503,2016,0.0,0.0,0.0
120601050503,2017,0.0,0.0,0.0
120601050503,2018,0.0,0.0,0.0
120601050503,2019,0.0,0.0,0.0
120601050503,2020,0.0,0.0,0.0
120601050504,2000,0.0,0.0,0.0
120601050504,2001,0.0,0.0,0.0
120601050504,2002,0.0,0.0,0.0
120601050504,2003,0.0,0.0,0.0
120601050504,2004,0.0,0.0,0.0
120601050504,2005,0.0,0.0,0.0
120601050504,2006,0.0,0.0,0.0
120601050504,2007,0.0,0.0,0.0
120601050504,2008,0.0,0.0,0.0
120601050504,2009,0.0,0.0,0.0
120601050504,2010,0.0,0.0,0.0
120601050504,2011,0.0,0.0,0.0
120601050504,2012,0.0,0.0,0.0
120601050504,2013,0.0,0.0,0.0
120601050504,2014,0.0,0.0,0.0
120601050504,2015,0.0,0.0,0.0
120601050504,2016,0.0,0.0,0.0
120601050504,2017,0.0,0.0,0.0
120601050504,2018,0.0,0.0,0.0
120601050504,2019,0.0,0.0,0.0
120601050504,2020,0.0,0.0,0.0
120601050601,2000,0.266019098,0.266019098,0.0
120601050601,2001,0.061407926,0.061407926,0.0
120601050601,2002,0.075683405,0.077783704,0.002100214
120601050601,2003,0.029477321,0.030609907,0.001132586
120601050601,2004,0.165427743,0.165427743,0.0
120601050601,2005,0.120350455,0.124715605,0.004365068
120601050601,2006,0.063757025,0.063757025,0.0
120601050601,2007,0.069101279,0.069101279,0.0
120601050601,2008,0.018600923,0.019038779,0.000437858
120601050601,2009,0.012421422,0.012421422,0.0
120601050601,2010,0.114137556,0.11901737,0.004879644
120601050601,2011,0.004424901,0.004580548,0.000155732
120601050601,2012,0.016352801,0.016352801,0.0
120601050601,2013,0.076941205,0.076941205,0.0
120601050601,2014,0.015839255,0.016080373,0.0002412
120601050601,2015,0.039450003,0.039450003,0.0
120601050601,2016,0.210139238,0.21844,0.008300765
120601050601,2017,0.118338274,0.118338274,0.0
120601050601,2018,0.080450885,0.080450885,0.0
120601050601,2019,0.260166466,0.260687926,0.000521458
120601050601,2020,0.369288694,0.37529327,0.006004825
120601050602,2000,0.0,0.0,0.0
120601050602,2001,0.0,0.0,0.0
120601050602,2002,0.0,0.0,0.0
120601050602,2003,0.0,0.0,0.0
120601050602,2004,0.00090635,0.00090635,0.0
120601050602,2005,0.000387178,0.000671197,0.000283852
120601050602,2006,0.0,0.0,0.0
120601050602,2007,0.0,0.0,0.0
120601050602,2008,0.0,0.0,0.0
120601050602,2009,0.0,0.0,0.0
120601050602,2010,0.0,0.0,0.0
120601050602,2011,0.0,0.0,0.0
120601050602,2012,0.0,0.0,0.0
120601050602,2013,0.0,0.0,0.0
120601050602,2014,0.0,0.0,0.0
120601050602,2015,0.0,0.0,0.0
120601050602,2016,0.0,0.0,0.0
120601050602,2017,0.0,0.0,0.0
120601050602,2018,0.0,0.0,0.0
120601050602,2019,0.042814345,0.152908359,0.110094011
120601050602,2020,0.0,0.0,0.0
120601050603,2000,0.0,0.0,0.0
120601050603,2001,0.0,0.0,0.0
120601050603,2002,0.0,0.0,0.0
120601050603,2003,0.0,0.0,0.0
120601050603,2004,0.0,0.0,0.0
120601050603,2005,0.0,0.0,0.0
120601050603,2006,0.0,0.0,0.0
120601050603,2007,0.0,0.0,0.0
120601050603,2008,0.0,0.0,0.0
120601050603,2009,0.0,0.0,0.0
120601050603,2010,0.0,0.0,0.0
120601050603,2011,0.0,0.0,0.0
120601050603,2012,0.0,0.0,0.0
120601050603,2013,0.0,0.0,0.0
120601050603,2014,0.0,0.0,0.0
120601050603,2015,0.0,0.0,0.0
120601050603,2016,0.0,0.0,0.0
120601050603,2017,0.0,0.0,0.0
120601050603,2018,0.0,0.0,0.0
120601050603,2019,0.005272573,0.063524192,0.058251532
120601050603,2020,0.0,0.0,0.0
120601050604,2000,0.0,0.0,0.0
120601050604,2001,0.001773923,0.021372562,0.019598633
120601050604,2002,0.0,0.0,0.0
120601050604,2003,0.001864227,0.022458721,0.020594745
120601050604,2004,0.001819265,0.021919885,0.020100705
120601050604,2005,0.001164942,0.01403574,0.012870718
120601050604,2006,0.004677323,0.056353216,0.051676142
120601050604,2007,0.000847058,0.010206266,0.009359208
120601050604,2008,0.002439888,0.029396079,0.026956443
120601050604,2009,0.0,0.0,0.0
120601050604,2010,0.005603126,0.067508068,0.06190494
120601050604,2011,0.001024337,0.012341408,0.011317238
120601050604,2012,0.001248104,0.015038413,0.013790224
120601050604,2013,0.0,0.0,0.0
120601050604,2014,0.001509378,0.018183584,0.01667437
120601050604,2015,0.0,0.0,0.0
120601050604,2016,0.001587697,0.019128216,0.017540686
120601050604,2017,0.0,0.0,0.0
120601050604,2018,0.003051773,0.0367692,0.03371734
120601050604,2019,0.001945419,0.023437951,0.021492614
120601050604,2020,0.0,0.0,0.0
120602010101,2000,0.0,0.0,0.0
120602010101,2001,0.0,0.0,0.0
120602010101,2002,0.0,0.0,0.0
120602010101,2003,0.0,0.0,0.0
120602010101,2004,0.0,0.0,0.0
120602010101,2005,0.0,0.0,0.0
120602010101,2006,0.0,0.0,0.0
120602010101,2007,0.0,0.0,0.0
120602010101,2008,0.0,0.0,0.0
120602010101,2009,0.0,0.0,0.0
120602010101,2010,0.0,0.0,0.0
120602010101,2011,0.0,0.0,0.0
120602010101,2012,0.0,0.0,0.0
120602010101,2013,0.005184666,0.087874299,0.082689636
120602010101,2014,0.0,0.0,0.0
120602010101,2015,0.0,0.0,0.0
120602010101,2016,0.0,0.0,0.0
120602010101,2017,0.0,0.0,0.0
120602010101,2018,0.0,0.096374315,0.096374315
120602010101,2019,0.0,0.119638545,0.119638545
120602010101,2020,0.0,0.303804678,0.303804678
120602010102,2000,0.0,0.0,0.0
120602010102,2001,0.0,0.0,0.0
120602010102,2002,0.0,0.0,0.0
120602010102,2003,0.0,0.0,0.0
120602010102,2004,0.0,0.0,0.0
120602010102,2005,0.0,0.0,0.0
120602010102,2006,0.0,0.0,0.0
120602010102,2007,0.0,0.0,0.0
120602010102,2008,0.0,0.0,0.0
120602010102,2009,0.0,0.0,0.0
120602010102,2010,0.0,0.0,0.0
120602010102,2011,0.0,0.0,0.0
120602010102,2012,0.0,0.0,0.0
120602010102,2013,0.0,0.000273099,0.000273099
120602010102,2014,0.0,0.0,0.0
120602010102,2015,0.0,0.0,0.0
120602010102,2016,0.0,0.0,0.0
120602010102,2017,0.0,0.0,0.0
120602010102,2018,0.0,0.0,0.0
120602010102,2019,0.0,0.0,0.0
120602010102,2020,0.0,0.27305226,0.27305226
120602010103,2000,0.0,0.0,0.0
120602010103,2001,0.0,0.0,0.0
120602010103,2002,0.0,0.0,0.0
120602010103,2003,0.0,0.0,0.0
120602010103,2004,0.0,0.048372571,0.048372571
120602010103,2005,0.0,0.0,0.0
120602010103,2006,0.0,0.0,0.0
120602010103,2007,0.0,0.0,0.0
120602010103,2008,0.0,0.0,0.0
120602010103,2009,0.0,0.0,0.0
120602010103,2010,0.0,0.0,0.0
120602010103,2011,0.0,0.0,0.0
120602010103,2012,0.0,0.0,0.0
120602010103,2013,0.0,0.0,0.0
120602010103,2014,0.0,0.0,0.0
120602010103,2015,0.0,0.0,0.0
120602010103,2016,0.0,0.0,0.0
120602010103,2017,0.0,0.0,0.0
120602010103,2018,0.0,0.0,0.0
120602010103,2019,0.0,0.07612151,0.07612151
120602010103,2020,0.0,0.332672743,0.332672743
120602010104,2000,0.0,0.0,0.0
120602010104,2001,0.0,0.0,0.0
120602010104,2002,0.0,0.025245014,0.025245014
120602010104,2003,0.0,0.0,0.0
120602010104,2004,0.0,0.033141336,0.033141336
120602010104,2005,0.0,0.0,0.0
120602010104,2006,0.0,0.0,0.0
120602010104,2007,0.0,0.057033247,0.057033247
120602010104,2008,0.0,0.0,0.0
120602010104,2009,0.0,0.0,0.0
120602010104,2010,0.0,0.0,0.0
120602010104,2011,0.0,0.0,0.0
120602010104,2012,0.0,0.0,0.0
120602010104,2013,0.0,0.0,0.0
120602010104,2014,0.0,0.0,0.0
120602010104,2015,0.0,0.0,0.0
120602010104,2016,0.0,0.0,0.0
120602010104,2017,0.0,0.0,0.0
120602010104,2018,0.0,0.0,0.0
120602010104,2019,0.0,0.0,0.0
120602010104,2020,0.0,0.028019492,0.028019492
120602010105,2000,0.0,0.0,0.0
120602010105,2001,0.0,0.0,0.0
120602010105,2002,0.0,0.0,0.0
120602010105,2003,0.0,0.0,0.0
120602010105,2004,0.0,0.0,0.0
120602010105,2005,0.0,0.0,0.0
120602010105,2006,0.0,0.0,0.0
120602010105,2007,0.0,0.0,0.0
120602010105,2008,0.0,0.0,0.0
120602010105,2009,0.0,0.0,0.0
120602010105,2010,0.0,0.0,0.0
120602010105,2011,0.0,0.0,0.0
120602010105,2012,0.0,0.0,0.0
120602010105,2013,0.0,0.0,0.0
120602010105,2014,0.0,0.0,0.0
120602010105,2015,0.0,0.0,0.0
120602010105,2016,0.0,0.0,0.0
120602010105,2017,0.0,0.0,0.0
120602010105,2018,0.0,0.0,0.0
120602010105,2019,0.0,0.0,0.0
120602010105,2020,0.0,0.0,0.0
120602010106,2000,0.0,0.0,0.0
120602010106,2001,0.0,0.0,0.0
120602010106,2002,0.0,0.0,0.0
120602010106,2003,0.0,0.0,0.0
120602010106,2004,0.0,0.0,0.0
120602010106,2005,0.0,0.0,0.0
120602010106,2006,0.0,0.0,0.0
120602010106,2007,0.0,0.0,0.0
120602010106,2008,0.0,0.0,0.0
120602010106,2009,0.0,0.0,0.0
120602010106,2010,0.0,0.0,0.0
120602010106,2011,0.0,0.0,0.0
120602010106,2012,0.0,0.0,0.0
120602010106,2013,0.0,0.0,0.0
120602010106,2014,0.0,0.0,0.0
120602010106,2015,0.0,0.0,0.0
120602010106,2016,0.0,0.0,0.0
120602010106,2017,0.0,0.0,0.0
120602010106,2018,0.0,0.0,0.0
120602010106,2019,0.0,0.0,0.0
120602010106,2020,0.0,0.0,0.0
120602010107,2000,0.0,0.0,0.0
120602010107,2001,0.0,0.0,0.0
120602010107,2002,0.0,0.0,0.0
120602010107,2003,0.0,0.0,0.0
120602010107,2004,0.0,0.0,0.0
120602010107,2005,0.0,0.0,0.0
120602010107,2006,0.0,0.0,0.0
120602010107,2007,0.0,0.0,0.0
120602010107,2008,0.0,0.0,0.0
120602010107,2009,0.0,0.0,0.0
120602010107,2010,0.0,0.0,0.0
120602010107,2011,0.0,0.0,0.0
120602010107,2012,0.0,0.0,0.0
120602010107,2013,0.0,0.0,0.0
120602010107,2014,0.0,0.0,0.0
120602010107,2015,0.0,0.0,0.0
120602010107,2016,0.0,0.0,0.0
120602010107,2017,0.0,0.0,0.0
120602010107,2018,0.0,0.0,0.0
120602010107,2019,0.0,0.0,0.0
120602010107,2020,0.0,0.0,0.0
120602010201,2000,0.0,0.0,0.0
120602010201,2001,0.0,0.0,0.0
120602010201,2002,0.0,0.0,0.0
120602010201,2003,0.0,0.0,0.0
120602010201,2004,0.0,0.0,0.0
120602010201,2005,0.0,0.0,0.0
120602010201,2006,0.0,0.0,0.0
120602010201,2007,0.0,0.0,0.0
120602010201,2008,0.0,0.0,0.0
120602010201,2009,0.0,0.0,0.0
120602010201,2010,0.0,0.0,0.0
120602010201,2011,0.0,0.0,0.0
120602010201,2012,0.0,0.0,0.0
120602010201,2013,0.0,0.0,0.0
120602010201,2014,0.0,0.0,0.0
120602010201,2015,0.0,0.0,0.0
120602010201,2016,0.0,0.0,0.0
120602010201,2017,0.0,0.0,0.0
120602010201,2018,0.0,0.0,0.0
120602010201,2019,0.0,0.0,0.0
120602010201,2020,0.0,0.0,0.0
120602010202,2000,0.0,0.0,0.0
120602010202,2001,0.0,0.0,0.0
120602010202,2002,0.0,0.0,0.0
120602010202,2003,0.0,0.0,0.0
120602010202,2004,0.0,0.0,0.0
120602010202,2005,0.0,0.0,0.0
120602010202,2006,0.0,0.0,0.0
120602010202,2007,0.0,0.0,0.0
120602010202,2008,0.0,0.0,0.0
120602010202,2009,0.0,0.0,0.0
120602010202,2010,0.0,0.0,0.0
120602010202,2011,0.0,0.0,0.0
120602010202,2012,0.0,0.0,0.0
120602010202,2013,0.0,0.0,0.0
120602010202,2014,0.0,0.0,0.0
120602010202,2015,0.0,0.0,0.0
120602010202,2016,0.0,0.0,0.0
120602010202,2017,0.0,0.0,0.0
120602010202,2018,0.0,0.0,0.0
120602010202,2019,0.0,0.0,0.0
120602010202,2020,0.0,0.0,0.0
120602010203,2000,0.0,0.0,0.0
120602010203,2001,0.0,0.0,0.0
120602010203,2002,0.0,0.0,0.0
120602010203,2003,0.0,0.0,0.0
120602010203,2004,0.0,0.0,0.0
120602010203,2005,0.0,0.0,0.0
120602010203,2006,0.0,0.0,0.0
120602010203,2007,0.0,0.0,0.0
120602010203,2008,0.0,0.0,0.0
120602010203,2009,0.0,0.0,0.0
120602010203,2010,0.0,0.0,0.0
120602010203,2011,0.0,0.0,0.0
120602010203,2012,0.0,0.0,0.0
120602010203,2013,0.0,0.0,0.0
120602010203,2014,0.0,0.0,0.0
120602010203,2015,0.0,0.0,0.0
120602010203,2016,0.0,0.0,0.0
120602010203,2017,0.0,0.0,0.0
120602010203,2018,0.0,0.0,0.0
120602010203,2019,0.0,0.0,0.0
120602010203,2020,0.0,0.0,0.0
120602010301,2000,0.0,0.0,0.0
120602010301,2001,0.0,0.0,0.0
120602010301,2002,0.0,0.0,0.0
120602010301,2003,0.0,0.0,0.0
120602010301,2004,0.0,0.0,0.0
120602010301,2005,0.0,0.0,0.0
120602010301,2006,0.0,0.0,0.0
120602010301,2007,0.0,0.0,0.0
120602010301,2008,0.0,0.0,0.0
120602010301,2009,0.0,0.0,0.0
120602010301,2010,0.0,0.0,0.0
120602010301,2011,0.0,0.0,0.0
120602010301,2012,0.0,0.0,0.0
120602010301,2013,0.0,0.0,0.0
120602010301,2014,0.0,0.0,0.0
120602010301,2015,0.0,0.0,0.0
120602010301,2016,0.0,0.0,0.0
120602010301,2017,0.0,0.0,0.0
120602010301,2018,0.0,0.0,0.0
120602010301,2019,0.0,0.0,0.0
120602010301,2020,0.0,0.0,0.0
120602010302,2000,0.0,0.0,0.0
120602010302,2001,0.0,0.0,0.0
120602010302,2002,0.0,0.0,0.0
120602010302,2003,0.0,0.0,0.0
120602010302,2004,0.0,0.0,0.0
120602010302,2005,0.0,0.0,0.0
120602010302,2006,0.0,0.0,0.0
120602010302,2007,0.0,0.0,0.0
120602010302,2008,0.0,0.0,0.0
120602010302,2009,0.0,0.0,0.0
120602010302,2010,0.0,0.0,0.0
120602010302,2011,0.0,0.0,0.0
120602010302,2012,0.0,0.0,0.0
120602010302,2013,0.0,0.0,0.0
120602010302,2014,0.0,0.0,0.0
120602010302,2015,0.0,0.0,0.0
120602010302,2016,0.0,0.0,0.0
120602010302,2017,0.0,0.0,0.0
120602010302,2018,0.007127871,0.085876526,0.078748822
120602010302,2019,0.0,0.0,0.0
120602010302,2020,0.0,0.0,0.0
120602010303,2000,0.0,0.0,0.0
120602010303,2001,0.0,0.0,0.0
120602010303,2002,0.0,0.0,0.0
120602010303,2003,0.0,0.0,0.0
120602010303,2004,0.0,0.0,0.0
120602010303,2005,0.0,0.0,0.0
120602010303,2006,0.0,0.0,0.0
120602010303,2007,0.0,0.0,0.0
120602010303,2008,0.0,0.0,0.0
120602010303,2009,0.0,0.0,0.0
120602010303,2010,0.0,0.0,0.0
120602010303,2011,0.0,0.0,0.0
120602010303,2012,0.0,0.0,0.0
120602010303,2013,0.0,0.0,0.0
120602010303,2014,0.0,0.0,0.0
120602010303,2015,0.0,0.0,0.0
120602010303,2016,0.0,0.0,0.0
120602010303,2017,0.0,0.0,0.0
120602010303,2018,0.0,0.0,0.0
120602010303,2019,0.0,0.0,0.0
120602010303,2020,0.0,0.0,0.0
120602010304,2000,0.0,0.0,0.0
120602010304,2001,0.0,0.0,0.0
120602010304,2002,0.0,0.0,0.0
120602010304,2003,0.0,0.0,0.0
120602010304,2004,0.0,0.0,0.0
120602010304,2005,0.0,0.0,0.0
120602010304,2006,0.0,0.0,0.0
120602010304,2007,6.4463e-05,0.000778323,0.000713696
120602010304,2008,0.000100208,0.001206227,0.001106183
120602010304,2009,0.000105397,0.001270704,0.00116514
120602010304,2010,0.0,0.0,0.0
120602010304,2011,0.0,0.0,0.0
120602010304,2012,0.0,0.0,0.0
120602010304,2013,0.0,0.0,0.0
120602010304,2014,0.0,0.0,0.0
120602010304,2015,0.000127367,0.001534682,0.001407063
120602010304,2016,0.0,0.0,0.0
120602010304,2017,0.0,0.0,0.0
120602010304,2018,0.0,0.0,0.0
120602010304,2019,0.0,0.0,0.0
120602010304,2020,0.0,0.0,0.0
120602010401,2000,0.0,0.0,0.0
120602010401,2001,0.0,0.0,0.0
120602010401,2002,0.0,0.0,0.0
120602010401,2003,0.0,0.0,0.0
120602010401,2004,1.5888e-05,0.000192175,0.000176202
120602010401,2005,4.9951e-05,0.000601003,0.000551301
120602010401,2006,0.0,0.0,0.0
120602010401,2007,0.00302657,0.036463266,0.033436696
120602010401,2008,0.0,0.0,0.0
120602010401,2009,0.008887159,0.107071882,0.098184975
120602010401,2010,0.0,0.0,0.0
120602010401,2011,0.0,0.0,0.0
120602010401,2012,0.0,0.0,0.0
120602010401,2013,0.0,0.0,0.0
120602010401,2014,0.0,0.0,0.0
120602010401,2015,0.0,0.0,0.0
120602010401,2016,0.005894492,0.071019325,0.065124833
120602010401,2017,0.0,0.0,0.0
120602010401,2018,3.7671e-05,0.000453553,0.000415964
120602010401,2019,0.005750142,0.069279304,0.063529079
120602010401,2020,0.0,0.0,0.0
120602010402,2000,0.0,0.0,0.0
120602010402,2001,0.0,0.0,0.0
120602010402,2002,0.0,0.0,0.0
120602010402,2003,0.0,0.0,0.0
120602010402,2004,0.0,0.0,0.0
120602010402,2005,0.0,0.0,0.0
120602010402,2006,0.0,0.0,0.0
120602010402,2007,0.0,0.0,0.0
120602010402,2008,0.0,0.0,0.0
120602010402,2009,0.0,0.0,0.0
120602010402,2010,0.0,0.0,0.0
120602010402,2011,0.0,0.0,0.0
120602010402,2012,0.0,0.0,0.0
120602010402,2013,0.0,0.0,0.0
120602010402,2014,0.0,0.0,0.0
120602010402,2015,0.0,0.0,0.0
120602010402,2016,0.0,0.0,0.0
120602010402,2017,0.0,0.0,0.0
120602010402,2018,0.0,0.0,0.0
120602010402,2019,0.0,0.0,0.0
120602010402,2020,0.0,0.0,0.0
120602010403,2000,0.0,0.0,0.0
120602010403,2001,0.0,0.0,0.0
120602010403,2002,0.0,0.0,0.0
120602010403,2003,0.0,0.0,0.0
120602010403,2004,0.0,0.0,0.0
120602010403,2005,0.0,0.0,0.0
120602010403,2006,0.0,0.0,0.0
120602010403,2007,0.002994156,0.036074592,0.033080353
120602010403,2008,0.011405251,0.137412167,0.126006913
120602010403,2009,0.006656556,0.08020011,0.073543553
120602010403,2010,0.0,0.0,0.0
120602010403,2011,0.0,0.0,0.0
120602010403,2012,0.0,0.0,0.0
120602010403,2013,0.0,0.0,0.0
120602010403,2014,0.0,0.0,0.0
120602010403,2015,0.010822211,0.130388145,0.119565849
120602010403,2016,0.0,0.0,0.0
120602010403,2017,0.0,0.0,0.0
120602010403,2018,0.0,0.0,0.0
120602010403,2019,0.00088129,0.010618663,0.009737205
120602010403,2020,0.0,0.0,0.0
120602010404,2000,0.0,0.0,0.0
120602010404,2001,0.0,0.0,0.0
120602010404,2002,0.0,0.0,0.0
120602010404,2003,0.0,0.0,0.0
120602010404,2004,0.0,0.0,0.0
120602010404,2005,0.0,0.0,0.0
120602010404,2006,0.0,0.0,0.0
120602010404,2007,0.0,0.0,0.0
120602010404,2008,0.0,0.0,0.0
120602010404,2009,0.0,0.0,0.0
120602010404,2010,0.0,0.0,0.0
120602010404,2011,0.0,0.0,0.0
120602010404,2012,0.0,0.0,0.0
120602010404,2013,0.0,0.0,0.0
120602010404,2014,0.0,0.0,0.0
120602010404,2015,0.0,0.0,0.0
120602010404,2016,0.0,0.0,0.0
120602010404,2017,0.0,0.0,0.0
120602010404,2018,0.0,0.0,0.0
120602010404,2019,0.0,0.0,0.0
120602010404,2020,0.0,0.0,0.0
120602010501,2000,0.0,0.043228525,0.043228525
120602010501,2001,0.0,0.0,0.0
120602010501,2002,0.0,0.103547348,0.103547348
120602010501,2003,0.0,0.082108008,0.082108008
120602010501,2004,0.0,0.049810689,0.049810689
120602010501,2005,0.0,0.0,0.0
120602010501,2006,0.0,0.050555323,0.050555323
120602010501,2007,0.0,0.046123233,0.046123233
120602010501,2008,0.0,0.07288312,0.07288312
120602010501,2009,0.0,0.0,0.0
120602010501,2010,0.0,0.148217129,0.148217129
120602010501,2011,0.0,0.048637564,0.048637564
120602010501,2012,0.0,0.019668847,0.019668847
120602010501,2013,0.0,0.113382381,0.113382381
120602010501,2014,0.0,0.075016578,0.075016578
120602010501,2015,0.0,0.0,0.0
120602010501,2016,0.0,0.04367123,0.04367123
120602010501,2017,0.0,0.052850444,0.052850444
120602010501,2018,0.0,0.0,0.0
120602010501,2019,0.002008625,0.182607096,0.180598471
120602010501,2020,0.0,0.340881005,0.340881005
120602010502,2000,0.0,0.0,0.0
120602010502,2001,0.0,0.0,0.0
120602010502,2002,0.0,0.0,0.0
120602010502,2003,0.0,0.0,0.0
120602010502,2004,0.0,0.0,0.0
120602010502,2005,0.0,0.0,0.0
120602010502,2006,0.0,0.0,0.0
120602010502,2007,0.0,0.0,0.0
120602010502,2008,0.0,0.0,0.0
120602010502,2009,0.0,0.0,0.0
120602010502,2010,0.0,0.0,0.0
120602010502,2011,0.0,0.0,0.0
120602010502,2012,0.0,0.0,0.0
120602010502,2013,0.0,0.0,0.0
120602010502,2014,0.0,0.0,0.0
120602010502,2015,0.0,0.0,0.0
120602010502,2016,0.0,0.0,0.0
120602010502,2017,0.0,0.0,0.0
120602010502,2018,0.0,0.0,0.0
120602010502,2019,0.0,0.0,0.0
120602010502,2020,0.0,0.01155806,0.01155806
120602010503,2000,0.0,0.0,0.0
120602010503,2001,0.0,0.0,0.0
120602010503,2002,0.0,0.0,0.0
120602010503,2003,0.0,0.0,0.0
120602010503,2004,0.0,0.0,0.0
120602010503,2005,0.0,0.0,0.0
120602010503,2006,0.0,0.0,0.0
120602010503,2007,0.0,0.0,0.0
120602010503,2008,0.0,0.0,0.0
120602010503,2009,0.0,0.0,0.0
120602010503,2010,0.0,0.0,0.0
120602010503,2011,0.0,0.0,0.0
120602010503,2012,0.0,0.0,0.0
120602010503,2013,0.0,0.0,0.0
120602010503,2014,0.0,0.0,0.0
120602010503,2015,0.0,0.0,0.0
120602010503,2016,0.0,0.0,0.0
120602010503,2017,0.0,0.0,0.0
120602010503,2018,0.0,0.0,0.0
120602010503,2019,0.0,0.0,0.0
120602010503,2020,0.0,0.0,0.0
120602010504,2000,0.0,0.0,0.0
120602010504,2001,0.0,0.0,0.0
120602010504,2002,0.0,0.0,0.0
120602010504,2003,0.0,0.0,0.0
120602010504,2004,0.0,0.0,0.0
120602010504,2005,0.0,0.0,0.0
120602010504,2006,0.0,0.0,0.0
120602010504,2007,0.0,0.0,0.0
120602010504,2008,0.0,0.0,0.0
120602010504,2009,0.0,0.0,0.0
120602010504,2010,0.0,0.0,0.0
120602010504,2011,0.0,0.0,0.0
120602010504,2012,0.0,0.0,0.0
120602010504,2013,0.0,0.0,0.0
120602010504,2014,0.0,0.0,0.0
120602010504,2015,0.0,0.0,0.0
120602010504,2016,0.0,0.0,0.0
120602010504,2017,0.0,0.0,0.0
120602010504,2018,0.0,0.0,0.0
120602010504,2019,0.0,0.0,0.0
120602010504,2020,0.0,0.0,0.0
120602010505,2000,0.0,0.0,0.0
120602010505,2001,0.0,0.0,0.0
120602010505,2002,0.0,0.0,0.0
120602010505,2003,0.0,0.0,0.0
120602010505,2004,0.0,0.0,0.0
120602010505,2005,0.0,0.0,0.0
120602010505,2006,0.0,0.0,0.0
120602010505,2007,0.0,0.0,0.0
120602010505,2008,0.0,0.0,0.0
120602010505,2009,0.0,0.0,0.0
120602010505,2010,0.0,0.0,0.0
120602010505,2011,0.0,0.0,0.0
120602010505,2012,0.0,0.0,0.0
120602010505,2013,0.0,0.0,0.0
120602010505,2014,0.0,0.0,0.0
120602010505,2015,0.0,0.0,0.0
120602010505,2016,0.0,0.0,0.0
120602010505,2017,0.0,0.0,0.0
120602010505,2018,0.0,0.0,0.0
120602010505,2019,0.0,0.0,0.0
120602010505,2020,0.0,0.0,0.0
120602010506,2000,0.0,0.0,0.0
120602010506,2001,0.0,0.0,0.0
120602010506,2002,0.0,0.0,0.0
120602010506,2003,0.0,0.0,0.0
120602010506,2004,0.0,0.0,0.0
120602010506,2005,0.0,0.0,0.0
120602010506,2006,0.0,0.0,0.0
120602010506,2007,0.0,0.0,0.0
120602010506,2008,0.0,0.0,0.0
120602010506,2009,0.0,0.0,0.0
120602010506,2010,0.0,0.0,0.0
120602010506,2011,0.0,0.0,0.0
120602010506,2012,0.0,0.0,0.0
120602010506,2013,0.0,0.0,0.0
120602010506,2014,0.0,0.0,0.0
120602010506,2015,0.0,0.0,0.0
120602010506,2016,0.0,0.0,0.0
120602010506,2017,0.0,0.0,0.0
120602010506,2018,0.0,0.0,0.0
120602010506,2019,0.0,0.0,0.0
120602010506,2020,0.0,0.0,0.0
120602010601,2000,0.0,0.0,0.0
120602010601,2001,0.0,0.0,0.0
120602010601,2002,0.0,0.0,0.0
120602010601,2003,0.0,0.0,0.0
120602010601,2004,0.0,0.0,0.0
120602010601,2005,0.0,0.0,0.0
120602010601,2006,0.0,0.0,0.0
120602010601,2007,0.0,0.0,0.0
120602010601,2008,0.0,0.0,0.0
120602010601,2009,0.0,0.0,0.0
120602010601,2010,0.0,0.0,0.0
120602010601,2011,0.0,0.0,0.0
120602010601,2012,0.0,0.0,0.0
120602010601,2013,0.0,0.0,0.0
120602010601,2014,0.0,0.0,0.0
120602010601,2015,0.0,0.0,0.0
120602010601,2016,0.0,0.0,0.0
120602010601,2017,0.0,0.0,0.0
120602010601,2018,0.0,0.0,0.0
120602010601,2019,0.0,0.0,0.0
120602010601,2020,0.0,0.0,0.0
120602010602,2000,0.0,0.0,0.0
120602010602,2001,0.0,0.0,0.0
120602010602,2002,0.0,0.0,0.0
120602010602,2003,0.0,0.0,0.0
120602010602,2004,0.0,0.0,0.0
120602010602,2005,0.0,0.0,0.0
120602010602,2006,0.0,0.0,0.0
120602010602,2007,0.0,0.0,0.0
120602010602,2008,0.0,0.0,0.0
120602010602,2009,0.0,0.0,0.0
120602010602,2010,0.0,0.0,0.0
120602010602,2011,0.0,0.0,0.0
120602010602,2012,0.0,0.0,0.0
120602010602,2013,0.0,0.0,0.0
120602010602,2014,0.0,0.0,0.0
120602010602,2015,0.0,0.0,0.0
120602010602,2016,0.0,0.0,0.0
120602010602,2017,0.0,0.0,0.0
120602010602,2018,0.0,0.0,0.0
120602010602,2019,0.0,0.0,0.0
120602010602,2020,0.0,0.0,0.0
120602010603,2000,0.0,0.0,0.0
120602010603,2001,0.0,0.0,0.0
120602010603,2002,0.0,0.0,0.0
120602010603,2003,0.0,0.0,0.0
120602010603,2004,0.0,0.0,0.0
120602010603,2005,0.0,0.0,0.0
120602010603,2006,0.0,0.0,0.0
120602010603,2007,0.0,0.0,0.0
120602010603,2008,0.0,0.0,0.0
120602010603,2009,0.0,0.0,0.0
120602010603,2010,0.0,0.0,0.0
120602010603,2011,0.0,0.0,0.0
120602010603,2012,0.0,0.0,0.0
120602010603,2013,0.0,0.0,0.0
120602010603,2014,0.0,0.0,0.0
120602010603,2015,0.0,0.0,0.0
120602010603,2016,0.0,0.0,0.0
120602010603,2017,0.0,0.0,0.0
120602010603,2018,0.0,0.0,0.0
120602010603,2019,0.0,0.0,0.0
120602010603,2020,0.0,0.0,0.0
120602010604,2000,0.0,0.0,0.0
120602010604,2001,0.0,0.0,0.0
120602010604,2002,0.0,0.0,0.0
120602010604,2003,0.0,0.0,0.0
120602010604,2004,0.0,0.0,0.0
120602010604,2005,0.0,0.0,0.0
120602010604,2006,0.0,0.0,0.0
120602010604,2007,0.0,0.0,0.0
120602010604,2008,0.0,0.0,0.0
120602010604,2009,0.0,0.0,0.0
120602010604,2010,0.0,0.0,0.0
120602010604,2011,0.0,0.0,0.0
120602010604,2012,0.0,0.0,0.0
120602010604,2013,0.0,0.0,0.0
120602010604,2014,0.0,0.0,0.0
120602010604,2015,0.0,0.0,0.0
120602010604,2016,0.0,0.0,0.0
120602010604,2017,0.0,0.0,0.0
120602010604,2018,0.021786195,0.096827515,0.075041321
120602010604,2019,0.01108474,0.049264625,0.03817997
120602010604,2020,0.0,0.0,0.0
120602010605,2000,0.045557645,0.261825139,0.216267497
120602010605,2001,0.0,0.0,0.0
120602010605,2002,0.0,0.0,0.0
120602010605,2003,0.0,0.0,0.0
120602010605,2004,0.0,0.0,0.0
120602010605,2005,0.0,0.0,0.0
120602010605,2006,0.0,0.0,0.0
120602010605,2007,0.0,0.0,0.0
120602010605,2008,0.0,0.0,0.0
120602010605,2009,0.0,0.0,0.0
120602010605,2010,0.0,0.0,0.0
120602010605,2011,0.0,0.0,0.0
120602010605,2012,0.0,0.0,0.0
120602010605,2013,0.0,0.0,0.0
120602010605,2014,0.0,0.0,0.0
120602010605,2015,0.0,0.0,0.0
120602010605,2016,0.0,0.0,0.0
120602010605,2017,0.0,0.0,0.0
120602010605,2018,0.053815227,0.207780732,0.153965419
120602010605,2019,0.12644986,0.533543975,0.407093951
120602010605,2020,0.041548175,0.188854929,0.147306754
120602010606,2000,0.001763954,0.01411188,0.012347926
120602010606,2001,0.0,0.0,0.0
120602010606,2002,0.0,0.0,0.0
120602010606,2003,0.0,0.0,0.0
120602010606,2004,0.0,0.0,0.0
120602010606,2005,0.0,0.0,0.0
120602010606,2006,0.0,0.0,0.0
120602010606,2007,0.0,0.0,0.0
120602010606,2008,0.0,0.0,0.0
120602010606,2009,0.0,0.0,0.0
120602010606,2010,0.0,0.0,0.0
120602010606,2011,0.0,0.0,0.0
120602010606,2012,0.0,0.0,0.0
120602010606,2013,0.0,0.0,0.0
120602010606,2014,0.0,0.0,0.0
120602010606,2015,0.0,0.0,0.0
120602010606,2016,0.0,0.0,0.0
120602010606,2017,0.0,0.0,0.0
120602010606,2018,0.0,0.0,0.0
120602010606,2019,0.009785838,0.078286375,0.068500619
120602010606,2020,0.00132877,0.010630585,0.00930173
120602010607,2000,0.0,0.0,0.0
120602010607,2001,0.0,0.0,0.0
120602010607,2002,0.0,0.0,0.0
120602010607,2003,0.014075238,0.062556573,0.048481249
120602010607,2004,0.0,0.0,0.0
120602010607,2005,0.0,0.0,0.0
120602010607,2006,0.027483466,0.122149011,0.094665545
120602010607,2007,0.0,0.0,0.0
120602010607,2008,0.0,0.0,0.0
120602010607,2009,0.0,0.0,0.0
120602010607,2010,0.021189707,0.094176551,0.072986759
120602010607,2011,0.0,0.0,0.0
120602010607,2012,0.0,0.0,0.0
120602010607,2013,0.0,0.0,0.0
120602010607,2014,0.0,0.0,0.0
120602010607,2015,0.0,0.0,0.0
120602010607,2016,0.0,0.0,0.0
120602010607,2017,0.0,0.0,0.0
120602010607,2018,0.000593597,0.002638685,0.002045003
120602010607,2019,0.021745142,0.096645014,0.074899874
120602010607,2020,0.033290246,0.147956396,0.114666232
120602010608,2000,0.003307189,0.014698661,0.011391473
120602010608,2001,0.0,0.0,0.0
120602010608,2002,0.0,0.0,0.0
120602010608,2003,0.002408992,0.010707167,0.008297926
120602010608,2004,0.0,0.0,0.0
120602010608,2005,0.002012967,0.008946641,0.006933589
120602010608,2006,0.001064529,0.004731397,0.003666953
120602010608,2007,0.0,0.0,0.0
120602010608,2008,0.0,0.0,0.0
120602010608,2009,0.000685482,0.003046515,0.002360948
120602010608,2010,0.001199964,0.005332907,0.004133025
120602010608,2011,0.002375504,0.010556923,0.008181745
120602010608,2012,0.004581066,0.020360358,0.015779213
120602010608,2013,0.0,0.0,0.0
120602010608,2014,0.001270696,0.005647748,0.004376882
120602010608,2015,0.0,0.0,0.0
120602010608,2016,0.0,0.0,0.0
120602010608,2017,0.002318844,0.01030571,0.007986951
120602010608,2018,0.015270841,0.067870745,0.052599822
120602010608,2019,0.014378838,0.063906074,0.049527236
120602010608,2020,0.0,0.0,0.0
120602010701,2000,0.0,0.0,0.0
120602010701,2001,0.0,0.0,0.0
120602010701,2002,0.0,0.0,0.0
120602010701,2003,0.0,0.0,0.0
120602010701,2004,0.0,0.0,0.0
120602010701,2005,0.0,0.0,0.0
120602010701,2006,0.0,0.0,0.0
120602010701,2007,0.0,0.0,0.0
120602010701,2008,0.0,0.0,0.0
120602010701,2009,0.0,0.0,0.0
120602010701,2010,0.0,0.0,0.0
120602010701,2011,0.0,0.0,0.0
120602010701,2012,0.006856653,0.030474183,0.023617527
120602010701,2013,0.0,0.0,0.0
120602010701,2014,0.0,0.0,0.0
120602010701,2015,0.00746189,0.033163553,0.025701663
120602010701,2016,0.0,0.0,0.0
120602010701,2017,0.0,0.0,0.0
120602010701,2018,0.0,0.0,0.0
120602010701,2019,0.0,0.0,0.0
120602010701,2020,0.0,0.0,0.0
120602010702,2000,0.0,0.0,0.0
120602010702,2001,0.0,0.0,0.0
120602010702,2002,0.000172882,0.000768384,0.000595501
120602010702,2003,0.0,0.0,0.0
120602010702,2004,1.321e-05,5.8995e-05,4.5784e-05
120602010702,2005,0.000300663,0.001337022,0.001036118
120602010702,2006,0.0,0.0,0.0
120602010702,2007,0.000201737,0.000896427,0.00069469
120602010702,2008,0.0,0.0,0.0
120602010702,2009,0.0,0.0,0.0
120602010702,2010,0.0,0.0,0.0
120602010702,2011,0.000307121,0.001364816,0.001057704
120602010702,2012,0.000905358,0.00402426,0.003118822
120602010702,2013,4.0008e-05,0.000177321,0.000137395
120602010702,2014,0.000283611,0.001261362,0.000977499
120602010702,2015,0.000518474,0.002304605,0.001786132
120602010702,2016,0.0,0.0,0.0
120602010702,2017,0.0,0.0,0.0
120602010702,2018,0.0,0.0,0.0
120602010702,2019,0.0,0.0,0.0
120602010702,2020,0.0,0.0,0.0
120602010703,2000,0.0,0.0,0.0
120602010703,2001,0.0,0.0,0.0
120602010703,2002,0.024257463,0.107811066,0.083553518
120602010703,2003,0.0,0.0,0.0
120602010703,2004,0.013158891,0.058483883,0.045324907
120602010703,2005,0.124811742,0.554718899,0.429907326
120602010703,2006,0.0,0.0,0.0
120602010703,2007,0.05036857,0.223860474,0.173491904
120602010703,2008,0.063905191,0.284023156,0.220117883
120602010703,2009,0.029076688,0.129229786,0.100152932
120602010703,2010,0.138776578,0.616785252,0.478008592
120602010703,2011,0.036307608,0.161367258,0.125059641
120602010703,2012,0.137037361,0.609054522,0.472017333
120602010703,2013,0.032542436,0.144633389,0.112090953
120602010703,2014,0.070069145,0.31141806,0.241349082
120602010703,2015,0.033948252,0.150881003,0.116932668
120602010703,2016,0.022259503,0.098931538,0.076671866
120602010703,2017,0.039969721,0.177643236,0.137673436
120602010703,2018,0.033694756,0.149754271,0.116059685
120602010703,2019,0.019169529,0.085197836,0.066028307
120602010703,2020,0.0,0.0,0.0
120602010704,2000,0.0,0.0,0.0
120602010704,2001,0.0,0.0,0.0
120602010704,2002,0.0,0.0,0.0
120602010704,2003,0.0,0.0,0.0
120602010704,2004,0.0,0.0,0.0
120602010704,2005,0.0,0.0,0.0
120602010704,2006,0.002591762,0.01151969,0.008927759
120602010704,2007,0.0,0.0,0.0
120602010704,2008,0.0,0.0,0.0
120602010704,2009,0.003545658,0.015758153,0.012212578
120602010704,2010,0.0,0.0,0.0
120602010704,2011,0.0,0.0,0.0
120602010704,2012,0.0,0.0,0.0
120602010704,2013,0.0,0.0,0.0
120602010704,2014,0.0,0.0,0.0
120602010704,2015,0.0,0.0,0.0
120602010704,2016,0.0,0.0,0.0
120602010704,2017,0.006575688,0.029224926,0.0226494
120602010704,2018,0.015742578,0.069966978,0.054224315
120602010704,2019,0.00097337,0.004326463,0.003352929
120602010704,2020,0.0,0.0,0.0
120602010705,2000,0.0,0.0,0.0
120602010705,2001,0.0,0.0,0.0
120602010705,2002,0.004987077,0.022164759,0.017177679
120602010705,2003,0.0,0.0,0.0
120602010705,2004,0.0,0.0,0.0
120602010705,2005,0.0,0.0,0.0
120602010705,2006,1.603e-06,7.088e-06,5.482e-06
120602010705,2007,0.0,0.0,0.0
120602010705,2008,0.0,0.0,0.0
120602010705,2009,2.088e-06,9.523e-06,7.436e-06
120602010705,2010,0.0,0.0,0.0
120602010705,2011,0.0,0.0,0.0
120602010705,2012,0.0,0.0,0.0
120602010705,2013,0.0,0.0,0.0
120602010705,2014,0.0,0.0,0.0
120602010705,2015,0.004260101,0.018933718,0.014673704
120602010705,2016,0.0,0.0,0.0
120602010705,2017,0.005916205,0.026294049,0.020377849
120602010705,2018,0.078311989,0.348053668,0.26974151
120602010705,2019,0.0283456,0.125980014,0.097634499
120602010705,2020,0.0,0.0,0.0
120602010706,2000,0.017478984,0.077684169,0.060205183
120602010706,2001,0.0,0.0,0.0
120602010706,2002,0.0,0.0,0.0
120602010706,2003,0.027122978,0.120546734,0.093423753
120602010706,2004,0.0,0.0,0.0
120602010706,2005,0.01180511,0.052467101,0.04066191
120602010706,2006,0.007638726,0.033949975,0.026311167
120602010706,2007,0.00722211,0.032097932,0.024875822
120602010706,2008,0.009162281,0.040721126,0.031558926
120602010706,2009,0.002698323,0.011992658,0.009294337
120602010706,2010,0.006167178,0.027409701,0.021242608
120602010706,2011,0.013616477,0.060517304,0.046900745
120602010706,2012,0.007902956,0.03512435,0.02722156
120602010706,2013,0.0,0.0,0.0
120602010706,2014,0.003472123,0.015431841,0.011959633
120602010706,2015,0.0,0.0,0.0
120602010706,2016,0.0,0.0,0.0
120602010706,2017,0.016833485,0.074815416,0.057981932
120602010706,2018,0.005443279,0.024192655,0.018749458
120602010706,2019,0.004772488,0.021211252,0.016438764
120602010706,2020,0.0,0.0,0.0
120602010801,2000,0.0,0.0,0.0
120602010801,2001,0.0,0.0,0.0
120602010801,2002,0.0,0.0,0.0
120602010801,2003,0.0,0.0,0.0
120602010801,2004,0.0,0.0,0.0
120602010801,2005,0.0,0.0,0.0
120602010801,2006,0.0,0.0,0.0
120602010801,2007,0.0,0.0,0.0
120602010801,2008,0.0,0.0,0.0
120602010801,2009,0.0,0.0,0.0
120602010801,2010,0.0,0.0,0.0
120602010801,2011,0.0,0.0,0.0
120602010801,2012,0.0,0.0,0.0
120602010801,2013,0.0,0.0,0.0
120602010801,2014,0.0,0.0,0.0
120602010801,2015,2.3288e-05,3.4427e-05,1.1225e-05
120602010801,2016,0.0,0.0,0.0
120602010801,2017,0.0,0.0,0.0
120602010801,2018,0.0,0.0,0.0
120602010801,2019,1.9707e-05,2.8559e-05,8.852e-06
120602010801,2020,3.3628e-05,3.6391e-05,2.844e-06
120602010802,2000,0.0,0.0,0.0
120602010802,2001,0.0,0.0,0.0
120602010802,2002,0.0,0.0,0.0
120602010802,2003,0.0,0.0,0.0
120602010802,2004,0.0,0.0,0.0
120602010802,2005,0.0,0.0,0.0
120602010802,2006,0.0,0.0,0.0
120602010802,2007,0.0,0.0,0.0
120602010802,2008,0.0,0.0,0.0
120602010802,2009,0.0,0.0,0.0
120602010802,2010,0.0,0.0,0.0
120602010802,2011,0.0,0.0,0.0
120602010802,2012,0.0,0.0,0.0
120602010802,2013,0.0,0.0,0.0
120602010802,2014,0.0,0.0,0.0
120602010802,2015,0.0,0.0,0.0
120602010802,2016,0.0,0.0,0.0
120602010802,2017,0.0,0.0,0.0
120602010802,2018,0.0,0.0,0.0
120602010802,2019,0.0,0.0,0.0
120602010802,2020,0.0,0.0,0.0
120602010803,2000,0.0,0.0,0.0
120602010803,2001,0.0,0.0,0.0
120602010803,2002,0.0,0.0,0.0
120602010803,2003,0.0,0.0,0.0
120602010803,2004,0.0,0.0,0.0
120602010803,2005,0.0,0.0,0.0
120602010803,2006,0.0,0.0,0.0
120602010803,2007,0.0,0.0,0.0
120602010803,2008,0.0,0.0,0.0
120602010803,2009,0.0,0.0,0.0
120602010803,2010,0.0,0.0,0.0
120602010803,2011,0.0,0.0,0.0
120602010803,2012,0.0,0.0,0.0
120602010803,2013,0.0,0.0,0.0
120602010803,2014,0.0,0.0,0.0
120602010803,2015,0.0,0.0,0.0
120602010803,2016,0.0,0.0,0.0
120602010803,2017,0.0,0.0,0.0
120602010803,2018,0.0,0.0,0.0
120602010803,2019,0.0,0.0,0.0
120602010803,2020,0.0,0.0,0.0
120602010804,2000,0.001924956,0.002083385,0.000158347
120602010804,2001,0.129691674,0.140359005,0.010667164
120602010804,2002,0.266458145,0.288374638,0.021916411
120602010804,2003,7.5614e-05,8.1748e-05,6.219e-06
120602010804,2004,0.268121598,0.290174978,0.022053298
120602010804,2005,0.404370386,0.437630282,0.033259814
120602010804,2006,0.800576364,0.866424699,0.065848252
120602010804,2007,0.267806953,0.289834499,0.022027375
120602010804,2008,0.169907481,0.183882495,0.013975011
120602010804,2009,0.273544811,0.296044099,0.022499288
120602010804,2010,0.182815337,0.197852219,0.015036797
120602010804,2011,0.208585422,0.225741682,0.017156504
120602010804,2012,0.003460975,0.003745754,0.000284697
120602010804,2013,0.169312405,0.183238521,0.013926112
120602010804,2014,0.218796386,0.236792537,0.017996318
120602010804,2015,0.402500882,0.435607099,0.033106134
120602010804,2016,0.255470025,0.276482686,0.021012831
120602010804,2017,0.000187729,0.000203003,1.5518e-05
120602010804,2018,0.652802564,0.706496123,0.053693641
120602010804,2019,0.391000474,0.423160822,0.032160266
120602010804,2020,0.405057642,0.438374158,0.033316519
120602010805,2000,0.0,0.0,0.0
120602010805,2001,0.0,0.0,0.0
120602010805,2002,0.0,0.0,0.0
120602010805,2003,0.0,0.0,0.0
120602010805,2004,0.0,0.0,0.0
120602010805,2005,0.0,0.0,0.0
120602010805,2006,0.0,0.0,0.0
120602010805,2007,0.0,0.0,0.0
120602010805,2008,0.0,0.0,0.0
120602010805,2009,0.0,0.0,0.0
120602010805,2010,0.0,0.0,0.0
120602010805,2011,0.0,0.0,0.0
120602010805,2012,0.0,0.0,0.0
120602010805,2013,0.0,0.0,0.0
120602010805,2014,0.0,0.0,0.0
120602010805,2015,0.0,0.0,0.0
120602010805,2016,0.0,0.0,0.0
120602010805,2017,0.0,0.0,0.0
120602010805,2018,0.0,0.0,0.0
120602010805,2019,0.0,0.0,0.0
120602010805,2020,0.0,0.0,0.0
120602010806,2000,0.0,0.0,0.0
120602010806,2001,0.0,0.0,0.0
120602010806,2002,0.0,0.0,0.0
120602010806,2003,0.0,0.0,0.0
120602010806,2004,0.0,0.0,0.0
120602010806,2005,0.0,0.0,0.0
120602010806,2006,0.0,0.0,0.0
120602010806,2007,0.0,0.0,0.0
120602010806,2008,0.0,0.0,0.0
120602010806,2009,0.0,0.0,0.0
120602010806,2010,0.0,0.0,0.0
120602010806,2011,0.0,0.0,0.0
120602010806,2012,0.0,0.0,0.0
120602010806,2013,0.0,0.0,0.0
120602010806,2014,0.0,0.0,0.0
120602010806,2015,0.0,0.0,0.0
120602010806,2016,0.0,0.0,0.0
120602010806,2017,0.0,0.0,0.0
120602010806,2018,0.0,0.0,0.0
120602010806,2019,0.0,0.0,0.0
120602010806,2020,0.0,0.0,0.0
120602010807,2000,0.219411495,0.221403997,0.001992585
120602010807,2001,0.265037458,0.267444592,0.002407049
120602010807,2002,0.0,0.0,0.0
120602010807,2003,0.202055263,0.203890186,0.001835008
120602010807,2004,0.371661396,0.375036563,0.003375249
120602010807,2005,0.713587449,0.720068096,0.006480564
120602010807,2006,0.0,0.0,0.0
120602010807,2007,0.00035066,0.000353682,3.104e-06
120602010807,2008,0.0,0.0,0.0
120602010807,2009,0.0,0.0,0.0
120602010807,2010,0.0,0.0,0.0
120602010807,2011,0.0,0.0,0.0
120602010807,2012,0.0,0.0,0.0
120602010807,2013,0.0,0.0,0.0
120602010807,2014,0.000621822,0.000627359,5.619e-06
120602010807,2015,0.0,0.0,0.0
120602010807,2016,0.0,0.0,0.0
120602010807,2017,0.0,0.0,0.0
120602010807,2018,0.0,0.0,0.0
120602010807,2019,0.0,0.0,0.0
120602010807,2020,0.0,0.0,0.0
120602010808,2000,0.0,0.0,0.0
120602010808,2001,0.0,0.0,0.0
120602010808,2002,0.0,0.0,0.0
120602010808,2003,0.0,0.0,0.0
120602010808,2004,0.0,0.0,0.0
120602010808,2005,0.0,0.0,0.0
120602010808,2006,0.0,0.0,0.0
120602010808,2007,0.0,0.0,0.0
120602010808,2008,0.0,0.0,0.0
120602010808,2009,0.0,0.0,0.0
120602010808,2010,0.0,0.0,0.0
120602010808,2011,0.0,0.0,0.0
120602010808,2012,0.0,0.0,0.0
120602010808,2013,0.0,0.0,0.0
120602010808,2014,0.0,0.0,0.0
120602010808,2015,0.0,0.0,0.0
120602010808,2016,0.0,0.0,0.0
120602010808,2017,0.0,0.0,0.0
120602010808,2018,0.0,0.0,0.0
120602010808,2019,0.0,0.0,0.0
120602010808,2020,0.0,0.0,0.0
120602010809,2000,0.0,0.0,0.0
120602010809,2001,0.0,0.0,0.0
120602010809,2002,0.0,0.0,0.0
120602010809,2003,0.0,0.0,0.0
120602010809,2004,0.0,0.0,0.0
120602010809,2005,0.0,0.0,0.0
120602010809,2006,0.0,0.0,0.0
120602010809,2007,0.0,0.0,0.0
120602010809,2008,0.0,0.0,0.0
120602010809,2009,0.0,0.0,0.0
120602010809,2010,0.0,0.0,0.0
120602010809,2011,0.0,0.0,0.0
120602010809,2012,0.0,0.0,0.0
120602010809,2013,0.0,0.0,0.0
120602010809,2014,0.0,0.0,0.0
120602010809,2015,0.0,0.0,0.0
120602010809,2016,0.0,0.0,0.0
120602010809,2017,0.0,0.0,0.0
120602010809,2018,0.0,0.0,0.0
120602010809,2019,0.0,0.0,0.0
120602010809,2020,0.0,0.0,0.0
120602010901,2000,0.0,0.0,0.0
120602010901,2001,0.0,0.0,0.0
120602010901,2002,0.001303773,0.00579443,0.004490575
120602010901,2003,0.0,0.0,0.0
120602010901,2004,0.000406817,0.001807825,0.001401175
120602010901,2005,0.020396578,0.090651419,0.070254923
120602010901,2006,0.0,0.0,0.0
120602010901,2007,0.012807452,0.056922096,0.044114559
120602010901,2008,0.000910738,0.004047806,0.003137068
120602010901,2009,0.015173096,0.067435907,0.052262814
120602010901,2010,0.024148827,0.107328178,0.083179518
120602010901,2011,0.0,0.0,0.0
120602010901,2012,0.003074904,0.013666238,0.010591495
120602010901,2013,0.001293441,0.005748575,0.004455134
120602010901,2014,0.015847844,0.070434595,0.054586836
120602010901,2015,0.0,0.0,0.0
120602010901,2016,0.0,0.0,0.0
120602010901,2017,0.0,0.0,0.0
120602010901,2018,0.0,0.0,0.0
120602010901,2019,4.0767e-05,0.000181663,0.000140644
120602010901,2020,0.0,0.0,0.0
120602010902,2000,0.0,0.0,0.0
120602010902,2001,0.0,0.0,0.0
120602010902,2002,0.0,0.0,0.0
120602010902,2003,0.0,0.0,0.0
120602010902,2004,0.0,0.0,0.0
120602010902,2005,0.0,0.0,0.0
120602010902,2006,0.0,0.0,0.0
120602010902,2007,0.0,0.0,0.0
120602010902,2008,0.0,0.0,0.0
120602010902,2009,0.0,0.0,0.0
120602010902,2010,0.0,0.0,0.0
120602010902,2011,0.0,0.0,0.0
120602010902,2012,0.0,0.0,0.0
120602010902,2013,0.0,0.0,0.0
120602010902,2014,0.0,0.0,0.0
120602010902,2015,0.0,0.0,0.0
120602010902,2016,0.0,0.0,0.0
120602010902,2017,0.0,0.0,0.0
120602010902,2018,0.0,0.0,0.0
120602010902,2019,0.0,0.0,0.0
120602010902,2020,0.0,0.0,0.0
120602010903,2000,0.0,0.0,0.0
120602010903,2001,0.0,0.0,0.0
120602010903,2002,0.0,0.0,0.0
120602010903,2003,0.0,0.0,0.0
120602010903,2004,0.0,0.0,0.0
120602010903,2005,0.0,0.0,0.0
120602010903,2006,0.0,0.0,0.0
120602010903,2007,0.0,0.0,0.0
120602010903,2008,0.0,0.0,0.0
120602010903,2009,0.0,0.0,0.0
120602010903,2010,0.0,0.0,0.0
120602010903,2011,0.0,0.0,0.0
120602010903,2012,0.0,0.0,0.0
120602010903,2013,0.0,0.0,0.0
120602010903,2014,0.0,0.0,0.0
120602010903,2015,0.0,0.0,0.0
120602010903,2016,0.0,0.0,0.0
120602010903,2017,0.0,0.0,0.0
120602010903,2018,0.0,0.0,0.0
120602010903,2019,0.0,0.0,0.0
120602010903,2020,0.0,0.0,0.0
120602010904,2000,0.0,0.0,0.0
120602010904,2001,0.0,0.0,0.0
120602010904,2002,0.0,0.0,0.0
120602010904,2003,0.0,0.0,0.0
120602010904,2004,0.0,0.0,0.0
120602010904,2005,0.0,0.0,0.0
120602010904,2006,0.0,0.0,0.0
120602010904,2007,0.0,0.0,0.0
120602010904,2008,0.0,0.0,0.0
120602010904,2009,0.0,0.0,0.0
120602010904,2010,0.0,0.0,0.0
120602010904,2011,0.0,0.0,0.0
120602010904,2012,0.0,0.0,0.0
120602010904,2013,0.0,0.0,0.0
120602010904,2014,0.0,0.0,0.0
120602010904,2015,0.0,0.0,0.0
120602010904,2016,0.0,0.0,0.0
120602010904,2017,0.0,0.0,0.0
120602010904,2018,0.0,0.0,0.0
120602010904,2019,0.0,0.0,0.0
120602010904,2020,0.0,0.0,0.0
120602010905,2000,0.00229723,0.010209902,0.007912587
120602010905,2001,0.0,0.0,0.0
120602010905,2002,0.0,0.0,0.0
120602010905,2003,0.0,0.0,0.0
120602010905,2004,0.0,0.0,0.0
120602010905,2005,0.0,0.0,0.0
120602010905,2006,0.002241395,0.009961685,0.00772029
120602010905,2007,0.0,0.0,0.0
120602010905,2008,0.0,0.0,0.0
120602010905,2009,0.0,0.0,0.0
120602010905,2010,0.0,0.0,0.0
120602010905,2011,0.0,0.0,0.0
120602010905,2012,0.0,0.0,0.0
120602010905,2013,0.0,0.0,0.0
120602010905,2014,0.0,0.0,0.0
120602010905,2015,0.0,0.0,0.0
120602010905,2016,0.0,0.0,0.0
120602010905,2017,0.0,0.0,0.0
120602010905,2018,0.01397831,0.06212626,0.048147784
120602010905,2019,0.011502142,0.051120666,0.039618441
120602010905,2020,0.062562087,0.278053434,0.215491437
120602010906,2000,0.0,0.0,0.0
120602010906,2001,0.0,0.0,0.0
120602010906,2002,0.000376852,0.001674792,0.00129794
120602010906,2003,0.0,0.0,0.0
120602010906,2004,0.0,0.0,0.0
120602010906,2005,0.0,0.0,0.0
120602010906,2006,0.000516723,0.002296526,0.00177997
120602010906,2007,0.0,0.0,0.0
120602010906,2008,0.0,0.0,0.0
120602010906,2009,0.0,0.0,0.0
120602010906,2010,0.0,0.0,0.0
120602010906,2011,0.0,0.0,0.0
120602010906,2012,0.0,0.0,0.0
120602010906,2013,0.0,0.0,0.0
120602010906,2014,0.0,0.0,0.0
120602010906,2015,0.0,0.0,0.0
120602010906,2016,0.0,0.0,0.0
120602010906,2017,0.0,0.0,0.0
120602010906,2018,0.0,0.0,0.0
120602010906,2019,0.0,0.0,0.0
120602010906,2020,0.115145874,0.213233295,0.098087342
120602010907,2000,0.0,0.0,0.0
120602010907,2001,0.0,0.0,0.0
120602010907,2002,0.007093,0.031524329,0.024431411
120602010907,2003,0.0,0.0,0.0
120602010907,2004,0.0,0.0,0.0
120602010907,2005,0.0,0.0,0.0
120602010907,2006,0.0,0.0,0.0
120602010907,2007,0.0,0.0,0.0
120602010907,2008,0.0,0.0,0.0
120602010907,2009,0.0,0.0,0.0
120602010907,2010,0.0,0.0,0.0
120602010907,2011,0.03234291,0.14374617,0.11140326
120602010907,2012,0.0,0.0,0.0
120602010907,2013,0.0,0.0,0.0
120602010907,2014,0.0,0.0,0.0
120602010907,2015,0.004875622,0.021669252,0.016793548
120602010907,2016,0.017732664,0.078811814,0.061078984
120602010907,2017,0.0,0.0,0.0
120602010907,2018,0.03196237,0.14205549,0.110093203
120602010907,2019,0.02711829,0.120526027,0.093407732
120602010907,2020,0.064357276,0.28603303,0.221675669
120602011001,2000,0.053201178,0.097796415,0.044595325
120602011001,2001,0.0,0.0,0.0
120602011001,2002,0.0,0.0,0.0
120602011001,2003,0.0,0.0,0.0
120602011001,2004,0.02345497,0.064614355,0.041159301
120602011001,2005,0.026143156,0.116191888,0.090048482
120602011001,2006,0.0,0.0,0.0
120602011001,2007,0.0,0.0,0.0
120602011001,2008,0.039770495,0.176758194,0.136987699
120602011001,2009,0.0,0.0,0.0
120602011001,2010,0.065318603,0.290304474,0.224986041
120602011001,2011,0.0,0.0,0.0
120602011001,2012,0.099603358,0.387561973,0.287958525
120602011001,2013,0.0,0.0,0.0
120602011001,2014,0.0,0.0,0.0
120602011001,2015,0.0,0.0,0.0
120602011001,2016,0.0,0.0,0.0
120602011001,2017,0.0,0.0,0.0
120602011001,2018,0.029565962,0.131404493,0.101838534
120602011001,2019,0.037921696,0.168540367,0.130618923
120602011001,2020,0.028373429,0.106667279,0.078293683
120602011002,2000,0.0,0.0,0.0
120602011002,2001,0.0,0.0,0.0
120602011002,2002,0.0,0.0,0.0
120602011002,2003,0.0,0.0,0.0
120602011002,2004,0.0,0.0,0.0
120602011002,2005,0.0,0.0,0.0
120602011002,2006,0.0,0.0,0.0
120602011002,2007,0.0,0.0,0.0
120602011002,2008,0.0,0.0,0.0
120602011002,2009,0.0,0.0,0.0
120602011002,2010,0.0,0.0,0.0
120602011002,2011,0.0,0.0,0.0
120602011002,2012,0.0,0.0,0.0
120602011002,2013,0.0,0.0,0.0
120602011002,2014,0.0,0.0,0.0
120602011002,2015,0.0,0.0,0.0
120602011002,2016,0.0,0.0,0.0
120602011002,2017,0.0,0.0,0.0
120602011002,2018,0.0,0.0,0.0
120602011002,2019,0.0,0.0,0.0
120602011002,2020,0.0,0.0,0.0
120602011003,2000,0.0,0.0,0.0
120602011003,2001,0.0,0.0,0.0
120602011003,2002,0.0,0.0,0.0
120602011003,2003,0.0,0.0,0.0
120602011003,2004,0.000315383,0.001402156,0.001086607
120602011003,2005,0.0,0.0,0.0
120602011003,2006,0.0,0.0,0.0
120602011003,2007,0.0,0.0,0.0
120602011003,2008,0.0,0.0,0.0
120602011003,2009,0.0,0.0,0.0
120602011003,2010,0.0,0.0,0.0
120602011003,2011,0.0,0.0,0.0
120602011003,2012,0.0,0.0,0.0
120602011003,2013,0.0,0.0,0.0
120602011003,2014,0.0,0.0,0.0
120602011003,2015,0.0,0.0,0.0
120602011003,2016,0.000152112,0.00067641,0.000524213
120602011003,2017,0.0,0.0,0.0
120602011003,2018,0.0,0.0,0.0
120602011003,2019,0.0,0.0,0.0
120602011003,2020,0.0,0.0,0.0
120602011004,2000,0.0,0.0,0.0
120602011004,2001,0.0,0.0,0.0
120602011004,2002,0.0,0.0,0.0
120602011004,2003,0.0,0.0,0.0
120602011004,2004,0.0,0.0,0.0
120602011004,2005,0.0,0.0,0.0
120602011004,2006,0.015450962,0.068670932,0.053219967
120602011004,2007,0.0,0.0,0.0
120602011004,2008,0.0,0.0,0.0
120602011004,2009,0.010051326,0.044672756,0.034621348
120602011004,2010,0.013184282,0.058596553,0.045412274
120602011004,2011,0.0,0.0,0.0
120602011004,2012,0.0,0.0,0.0
120602011004,2013,0.0,0.0,0.0
120602011004,2014,0.0,0.0,0.0
120602011004,2015,0.006356173,0.028249564,0.021893392
120602011004,2016,0.0,0.0,0.0
120602011004,2017,0.018088751,0.080394712,0.062305962
120602011004,2018,0.031375282,0.139445696,0.108070414
120602011004,2019,0.0,0.0,0.0
120602011004,2020,0.000160169,0.000712481,0.000552227
120602011101,2000,2.3806e-05,3.1822e-05,8.019e-06
120602011101,2001,0.0,0.0,0.0
120602011101,2002,0.0,0.0,0.0
120602011101,2003,0.0,0.0,0.0
120602011101,2004,0.0,0.0,0.0
120602011101,2005,0.0,0.0,0.0
120602011101,2006,0.0,0.0,0.0
120602011101,2007,0.0,0.0,0.0
120602011101,2008,0.0,0.0,0.0
120602011101,2009,0.0,0.0,0.0
120602011101,2010,0.0,0.0,0.0
120602011101,2011,0.0,0.0,0.0
120602011101,2012,0.0,0.0,0.0
120602011101,2013,0.0,0.0,0.0
120602011101,2014,0.0,0.0,0.0
120602011101,2015,0.062300863,0.083401378,0.021100767
120602011101,2016,0.0,0.0,0.0
120602011101,2017,0.0,0.0,0.0
120602011101,2018,0.077889485,0.104269658,0.026380258
120602011101,2019,0.160635307,0.21504074,0.054405266
120602011101,2020,0.208908828,0.279663836,0.070754839
120602011102,2000,0.0,0.0,0.0
120602011102,2001,0.0,0.0,0.0
120602011102,2002,0.0,0.0,0.0
120602011102,2003,0.0,0.0,0.0
120602011102,2004,0.0,0.0,0.0
120602011102,2005,0.0,0.0,0.0
120602011102,2006,0.0,0.0,0.0
120602011102,2007,0.0,0.0,0.0
120602011102,2008,0.0,0.0,0.0
120602011102,2009,0.0,0.0,0.0
120602011102,2010,0.0,0.0,0.0
120602011102,2011,0.0,0.0,0.0
120602011102,2012,0.0,0.0,0.0
120602011102,2013,0.0,0.0,0.0
120602011102,2014,0.0,0.0,0.0
120602011102,2015,0.001014526,0.001358293,0.000343685
120602011102,2016,0.0,0.0,0.0
120602011102,2017,0.0,0.0,0.0
120602011102,2018,0.001088263,0.001456586,0.000368493
120602011102,2019,0.00206397,0.002763129,0.000699162
120602011102,2020,0.001587383,0.002125063,0.000537683
120602011103,2000,0.0,0.0,0.0
120602011103,2001,0.0,0.0,0.0
120602011103,2002,0.0,0.0,0.0
120602011103,2003,0.0,0.0,0.0
120602011103,2004,0.0,0.0,0.0
120602011103,2005,0.0,0.0,0.0
120602011103,2006,0.0,0.0,0.0
120602011103,2007,0.0,0.0,0.0
120602011103,2008,0.0,0.0,0.0
120602011103,2009,0.0,0.0,0.0
120602011103,2010,0.0,0.0,0.0
120602011103,2011,0.0,0.0,0.0
120602011103,2012,0.0,0.0,0.0
120602011103,2013,0.0,0.0,0.0
120602011103,2014,0.0,0.0,0.0
120602011103,2015,0.0,0.0,0.0
120602011103,2016,0.0,0.0,0.0
120602011103,2017,0.0,0.0,0.0
120602011103,2018,0.005860942,0.007845953,0.001985008
120602011103,2019,0.010258759,0.025082764,0.014823923
120602011103,2020,0.010566538,0.014145109,0.003578735
120602011104,2000,0.0,0.0,0.0
120602011104,2001,0.0,0.0,0.0
120602011104,2002,0.0,0.0,0.0
120602011104,2003,0.0,0.0,0.0
120602011104,2004,0.0,0.0,0.0
120602011104,2005,0.0,0.0,0.0
120602011104,2006,0.0,0.0,0.0
120602011104,2007,0.0,0.0,0.0
120602011104,2008,0.0,0.0,0.0
120602011104,2009,0.0,0.0,0.0
120602011104,2010,0.0,0.0,0.0
120602011104,2011,0.0,0.0,0.0
120602011104,2012,0.0,0.0,0.0
120602011104,2013,0.0,0.0,0.0
120602011104,2014,0.0,0.0,0.0
120602011104,2015,0.0,0.0,0.0
120602011104,2016,0.0,0.0,0.0
120602011104,2017,0.0,0.0,0.0
120602011104,2018,0.0,0.0,0.0
120602011104,2019,0.0,0.0,0.0
120602011104,2020,0.0,0.0,0.0
120602011105,2000,0.0,0.0,0.0
120602011105,2001,0.0,0.0,0.0
120602011105,2002,0.0,0.0,0.0
120602011105,2003,0.0,0.0,0.0
120602011105,2004,0.0,0.0,0.0
120602011105,2005,0.0,0.0,0.0
120602011105,2006,0.0,0.0,0.0
120602011105,2007,0.0,0.0,0.0
120602011105,2008,0.0,0.0,0.0
120602011105,2009,0.0,0.0,0.0
120602011105,2010,0.0,0.0,0.0
120602011105,2011,0.0,0.0,0.0
120602011105,2012,0.0,0.0,0.0
120602011105,2013,0.0,0.0,0.0
120602011105,2014,0.0,0.0,0.0
120602011105,2015,0.0,0.0,0.0
120602011105,2016,0.0,0.0,0.0
120602011105,2017,0.0,0.0,0.0
120602011105,2018,0.0,0.0,0.0
120602011105,2019,0.0,0.0,0.0
120602011105,2020,0.0,0.0,0.0
120602011106,2000,0.061975798,0.188950986,0.126975101
120602011106,2001,0.045964482,0.204286121,0.158321638
120602011106,2002,0.037505712,0.145370304,0.107864677
120602011106,2003,0.015721397,0.069873101,0.054151707
120602011106,2004,0.030171833,0.134097374,0.103925456
120602011106,2005,0.021741214,0.096627159,0.074885866
120602011106,2006,0.001929934,0.008577592,0.006647655
120602011106,2007,0.0,0.0,0.0
120602011106,2008,0.02235268,0.099344937,0.076992426
120602011106,2009,0.177170408,0.276828819,0.099658323
120602011106,2010,0.218119178,0.335567964,0.11744871
120602011106,2011,0.155904299,0.208707214,0.052803
120602011106,2012,0.019963855,0.088728399,0.068764549
120602011106,2013,0.0,0.0,0.0
120602011106,2014,0.048699962,0.075386904,0.026686945
120602011106,2015,0.015827666,0.070344784,0.054517118
120602011106,2016,0.029343743,0.130416672,0.101073011
120602011106,2017,0.10502383,0.142695641,0.037671556
120602011106,2018,0.350427989,0.516094288,0.165666216
120602011106,2019,0.329454666,0.556511403,0.22705657
120602011106,2020,0.301571456,0.633553601,0.331982142
120602011107,2000,0.423770104,0.783309077,0.359538803
120602011107,2001,0.260729411,0.539812712,0.279083134
120602011107,2002,0.158664575,0.269379425,0.110714849
120602011107,2003,0.362427285,0.73514651,0.37271931
120602011107,2004,0.237658448,0.442567016,0.204908481
120602011107,2005,0.467901953,0.930222564,0.462320614
120602011107,2006,0.226522167,0.453951885,0.22742997
120602011107,2007,0.202016156,0.340667841,0.13865177
120602011107,2008,0.126943087,0.30296679,0.176023702
120602011107,2009,0.055781951,0.170587016,0.114805066
120602011107,2010,0.12422971,0.201344721,0.077115008
120602011107,2011,0.296525167,0.556332392,0.259807225
120602011107,2012,0.078825861,0.207983705,0.129157926
120602011107,2013,0.055178674,0.09150691,0.036328151
120602011107,2014,0.0,0.0,0.0
120602011107,2015,0.0,0.0,0.0
120602011107,2016,0.032131806,0.069100432,0.036968708
120602011107,2017,0.0,0.0,0.0
120602011107,2018,0.113113644,0.239647732,0.126534085
120602011107,2019,0.0,0.0,0.0
120602011107,2020,0.30241862,0.490143571,0.187724872
120602011108,2000,0.0,0.0,0.0
120602011108,2001,0.0,0.0,0.0
120602011108,2002,0.0,0.0,0.0
120602011108,2003,0.0,0.0,0.0
120602011108,2004,0.0,0.0,0.0
120602011108,2005,0.0,0.0,0.0
120602011108,2006,0.0,0.0,0.0
120602011108,2007,0.0,0.0,0.0
120602011108,2008,0.0,0.0,0.0
120602011108,2009,0.0,0.0,0.0
120602011108,2010,0.0,0.0,0.0
120602011108,2011,0.0,0.0,0.0
120602011108,2012,0.148209519,0.198406235,0.050196803
120602011108,2013,0.0,0.0,0.0
120602011108,2014,0.0,0.0,0.0
120602011108,2015,0.04654354,0.062307395,0.015763773
120602011108,2016,0.090468645,0.121109421,0.030640691
120602011108,2017,0.0,0.0,0.0
120602011108,2018,0.168960493,0.226185479,0.057224901
120602011108,2019,0.102718904,0.137508685,0.034789614
120602011108,2020,0.135465295,0.181345637,0.045880342
120602011109,2000,0.15311112,0.403987167,0.250875962
120602011109,2001,0.100051458,0.270409608,0.170358068
120602011109,2002,0.383300022,0.674823874,0.291523932
120602011109,2003,0.513229721,0.887940496,0.374710858
120602011109,2004,0.112522052,0.307437137,0.194915085
120602011109,2005,0.536703521,0.972289107,0.435585504
120602011109,2006,0.178935981,0.343447233,0.164511334
120602011109,2007,0.204477403,0.470063332,0.265585847
120602011109,2008,0.104487716,0.268605907,0.164118189
120602011109,2009,0.0,0.0,0.0
120602011109,2010,0.152458595,0.321642847,0.169184
120602011109,2011,0.173041175,0.505968408,0.332927148
120602011109,2012,0.135985544,0.291814443,0.155828986
120602011109,2013,0.0,0.0,0.0
120602011109,2014,0.053962556,0.165023249,0.111060693
120602011109,2015,0.174949918,0.495608529,0.320658696
120602011109,2016,0.045091538,0.107360798,0.062269344
120602011109,2017,0.0,0.0,0.0
120602011109,2018,0.190993118,0.497378019,0.306384989
120602011109,2019,0.184318263,0.498157441,0.313839093
120602011109,2020,0.107529363,0.345753473,0.238224194
120602011110,2000,0.00269997,0.003614402,0.000914432
120602011110,2001,0.0,0.0,0.0
120602011110,2002,0.162730367,0.217845241,0.055114874
120602011110,2003,0.189618022,0.25383931,0.064221452
120602011110,2004,0.187577033,0.252799317,0.065222199
120602011110,2005,0.201707707,0.270023781,0.068316082
120602011110,2006,0.068110129,0.099722052,0.031611841
120602011110,2007,0.072058389,0.099665852,0.027607463
120602011110,2008,0.0,0.0,0.0
120602011110,2009,0.0,0.0,0.0
120602011110,2010,0.000895304,0.001198397,0.00030326
120602011110,2011,0.0,0.0,0.0
120602011110,2012,0.032852281,0.043978861,0.011126579
120602011110,2013,0.0,0.0,0.0
120602011110,2014,0.00045283,0.000606093,0.000153348
120602011110,2015,0.009842444,0.013175967,0.003333521
120602011110,2016,0.016046596,0.021481107,0.00543476
120602011110,2017,0.0,0.0,0.0
120602011110,2018,0.024521953,0.032827271,0.008305148
120602011110,2019,0.139390123,0.197436449,0.058046323
120602011110,2020,0.127757798,0.171027899,0.043270183
120602011201,2000,0.0,0.0,0.0
120602011201,2001,0.0,0.0,0.0
120602011201,2002,0.0,0.0,0.0
120602011201,2003,0.0,0.0,0.0
120602011201,2004,0.0,0.0,0.0
120602011201,2005,0.0,0.0,0.0
120602011201,2006,0.0,0.0,0.0
120602011201,2007,0.0,0.0,0.0
120602011201,2008,0.0,0.0,0.0
120602011201,2009,0.0,0.0,0.0
120602011201,2010,0.0,0.0,0.0
120602011201,2011,0.0,0.0,0.0
120602011201,2012,0.000316907,0.000424265,0.000107358
120602011201,2013,0.0,0.0,0.0
120602011201,2014,0.0,0.0,0.0
120602011201,2015,0.0,0.0,0.0
120602011201,2016,0.000178997,0.000239669,6.0505e-05
120602011201,2017,0.0,0.0,0.0
120602011201,2018,0.0,0.0,0.0
120602011201,2019,0.0,0.0,0.0
120602011201,2020,0.0,0.0,0.0
120602011202,2000,0.0,0.0,0.0
120602011202,2001,0.0,0.0,0.0
120602011202,2002,0.0,0.0,0.0
120602011202,2003,0.0,0.0,0.0
120602011202,2004,0.0,0.0,0.0
120602011202,2005,0.0,0.0,0.0
120602011202,2006,0.0,0.0,0.0
120602011202,2007,0.0,0.0,0.0
120602011202,2008,0.0,0.0,0.0
120602011202,2009,0.0,0.0,0.0
120602011202,2010,0.0,0.0,0.0
120602011202,2011,0.0,0.0,0.0
120602011202,2012,0.0,0.0,0.0
120602011202,2013,0.0,0.0,0.0
120602011202,2014,0.0,0.0,0.0
120602011202,2015,0.0,0.0,0.0
120602011202,2016,0.0,0.0,0.0
120602011202,2017,0.0,0.0,0.0
120602011202,2018,0.0,0.0,0.0
120602011202,2019,0.0,0.0,0.0
120602011202,2020,0.0,0.0,0.0
120602011203,2000,0.034705566,0.052188811,0.017483249
120602011203,2001,0.18555857,0.26134994,0.075791452
120602011203,2002,0.059714726,0.137591184,0.077876625
120602011203,2003,0.230128477,0.358455447,0.128327055
120602011203,2004,0.06733473,0.128256407,0.060921842
120602011203,2005,0.126984271,0.245617386,0.118878751
120602011203,2006,0.168745934,0.28456311,0.11581709
120602011203,2007,0.061767373,0.101758836,0.039991211
120602011203,2008,0.266888981,0.446302984,0.179413842
120602011203,2009,0.08518231,0.149968792,0.064786564
120602011203,2010,0.135416688,0.249846477,0.114429619
120602011203,2011,0.510904184,0.725716455,0.21481211
120602011203,2012,0.435690869,0.623306027,0.187615158
120602011203,2013,0.191644197,0.33859394,0.14694991
120602011203,2014,0.060338937,0.174895523,0.114556586
120602011203,2015,0.128169367,0.199952093,0.071782811
120602011203,2016,0.063269415,0.105273582,0.042004079
120602011203,2017,0.023881567,0.04438946,0.020507893
120602011203,2018,0.202130863,0.356491693,0.15436083
120602011203,2019,0.054361611,0.102762833,0.048401222
120602011203,2020,0.267328194,0.484290131,0.216962019
120602011204,2000,0.0,0.0,0.0
120602011204,2001,0.014582655,0.05098814,0.036405652
120602011204,2002,0.0,0.0,0.0
120602011204,2003,0.0,0.0,0.0
120602011204,2004,0.0,0.0,0.0
120602011204,2005,0.018830921,0.065842263,0.047011433
120602011204,2006,0.000990978,0.003464907,0.002473847
120602011204,2007,0.020283427,0.070920797,0.050637537
120602011204,2008,0.0,0.0,0.0
120602011204,2009,0.0,0.0,0.0
120602011204,2010,0.04047597,0.141524159,0.101048189
120602011204,2011,0.018336658,0.064114214,0.045777474
120602011204,2012,0.016250434,0.056819552,0.040569287
120602011204,2013,0.009607677,0.033593041,0.023985362
120602011204,2014,0.0,0.0,0.0
120602011204,2015,0.0,0.0,0.0
120602011204,2016,0.006555757,0.022922623,0.016366694
120602011204,2017,0.0,0.0,0.0
120602011204,2018,0.004031792,0.014097296,0.010065504
120602011204,2019,0.013281534,0.046439033,0.033157578
120602011204,2020,0.008878899,0.03104547,0.022166486
120602011205,2000,0.0,0.0,0.0
120602011205,2001,0.11623923,0.406430822,0.290191674
120602011205,2002,0.0,0.0,0.0
120602011205,2003,0.0,0.0,0.0
120602011205,2004,0.0,0.0,0.0
120602011205,2005,0.152112274,0.531860822,0.379748638
120602011205,2006,0.108296827,0.378660512,0.270363518
120602011205,2007,0.044262395,0.15476374,0.110501342
120602011205,2008,0.118864727,0.415611213,0.296746235
120602011205,2009,0.0,0.0,0.0
120602011205,2010,0.169445562,0.592466274,0.423021047
120602011205,2011,0.155577055,0.54397571,0.38839874
120602011205,2012,0.134921003,0.471751486,0.336830653
120602011205,2013,0.150771521,0.527173164,0.376401562
120602011205,2014,0.0,0.0,0.0
120602011205,2015,0.0,0.0,0.0
120602011205,2016,0.083230773,0.291016921,0.207786148
120602011205,2017,0.0,0.0,0.0
120602011205,2018,0.078373518,0.274033189,0.195659586
120602011205,2019,0.098794532,0.345435718,0.246641186
120602011205,2020,0.143552683,0.50193253,0.358379847
120602011206,2000,0.0,0.0,0.0
120602011206,2001,0.0,0.0,0.0
120602011206,2002,0.007042222,0.024623244,0.017581022
120602011206,2003,0.015384063,0.020594553,0.005210408
120602011206,2004,0.0,0.0,0.0
120602011206,2005,0.0,0.0,0.0
120602011206,2006,0.046781679,0.10060583,0.053824066
120602011206,2007,3.37e-07,1.181e-06,8.44e-07
120602011206,2008,0.0,0.0,0.0
120602011206,2009,0.0,0.0,0.0
120602011206,2010,0.0,0.0,0.0
120602011206,2011,0.0,0.0,0.0
120602011206,2012,0.0,0.0,0.0
120602011206,2013,0.0,0.0,0.0
120602011206,2014,0.0,0.0,0.0
120602011206,2015,0.0,0.0,0.0
120602011206,2016,0.0,0.0,0.0
120602011206,2017,0.0,0.0,0.0
120602011206,2018,0.011162301,0.039029285,0.027866732
120602011206,2019,0.045428515,0.158840989,0.113412389
120602011206,2020,0.0,0.0,0.0
120602011207,2000,0.342482697,1.189175959,0.846693262
120602011207,2001,0.229464496,0.640962266,0.411497852
120602011207,2002,0.148217534,0.475056301,0.326838767
120602011207,2003,0.155775956,0.489861847,0.334085721
120602011207,2004,0.128745997,0.332677101,0.203931107
120602011207,2005,0.269980915,0.673269145,0.40328823
120602011207,2006,0.314155,0.966630452,0.652475534
120602011207,2007,0.114939247,0.253728956,0.138789797
120602011207,2008,0.073837486,0.220410489,0.146572833
120602011207,2009,0.030262986,0.085488973,0.055225901
120602011207,2010,0.017264658,0.029973342,0.012708597
120602011207,2011,0.178830211,0.487275729,0.308445608
120602011207,2012,0.156110437,0.35805179,0.201941186
120602011207,2013,0.114270384,0.399546822,0.285276605
120602011207,2014,0.134229649,0.44009711,0.305867463
120602011207,2015,0.090256622,0.288360362,0.198103488
120602011207,2016,0.095332208,0.312564145,0.217232273
120602011207,2017,0.074339425,0.235251441,0.160911934
120602011207,2018,0.406326504,1.26581471,0.859488205
120602011207,2019,0.467717211,1.317513112,0.849796068
120602011207,2020,0.298146607,0.792943208,0.494796683
120602011208,2000,0.09448612,0.330370877,0.235884757
120602011208,2001,0.097805074,0.341975603,0.244170614
120602011208,2002,0.066166145,0.231349789,0.165183814
120602011208,2003,0.057821104,0.2021716,0.144350493
120602011208,2004,0.032573112,0.113891891,0.081318694
120602011208,2005,0.089291458,0.312208,0.222916545
120602011208,2006,0.143523386,0.501830107,0.358306808
120602011208,2007,0.057141805,0.199796507,0.142654616
120602011208,2008,0.043630762,0.152555128,0.108924366
120602011208,2009,4.1852e-05,0.000146315,0.000104545
120602011208,2010,0.052872011,0.18486717,0.131995244
120602011208,2011,0.033855858,0.118376726,0.084520871
120602011208,2012,0.085267915,0.298139697,0.212871612
120602011208,2013,0.122461663,0.428187627,0.3057258
120602011208,2014,0.0,0.0,0.0
120602011208,2015,0.0,0.0,0.0
120602011208,2016,0.068883306,0.240850325,0.171967019
120602011208,2017,0.0,0.0,0.0
120602011208,2018,0.095072715,0.332421805,0.23734926
120602011208,2019,0.133973992,0.468440438,0.334466452
120602011208,2020,0.116935943,0.408866806,0.291930779
120602011301,2000,1.59e-06,8.62e-06,7.197e-06
120602011301,2001,0.048960967,0.201485112,0.15252423
120602011301,2002,5.01e-07,2.682e-06,2.178e-06
120602011301,2003,0.004233562,0.017713879,0.013480315
120602011301,2004,8.31e-07,3.822e-06,3.077e-06
120602011301,2005,0.0,0.0,0.0
120602011301,2006,0.0,0.0,0.0
120602011301,2007,0.0,0.0,0.0
120602011301,2008,0.0,0.0,0.0
120602011301,2009,0.0,0.0,0.0
120602011301,2010,0.0,0.0,0.0
120602011301,2011,0.0,0.0,0.0
120602011301,2012,0.0,0.0,0.0
120602011301,2013,0.0,0.0,0.0
120602011301,2014,0.0,0.0,0.0
120602011301,2015,0.0,0.0,0.0
120602011301,2016,0.0,0.0,0.0
120602011301,2017,0.0,0.0,0.0
120602011301,2018,0.0,0.0,0.0
120602011301,2019,0.0,0.0,0.0
120602011301,2020,0.017917533,0.077230672,0.059313224
120602011302,2000,0.03030026,0.105945197,0.07564477
120602011302,2001,0.024598699,0.086009995,0.061411049
120602011302,2002,0.034462441,0.120497844,0.086035567
120602011302,2003,0.041174784,0.152499419,0.111324718
120602011302,2004,0.028854057,0.10088818,0.07203421
120602011302,2005,0.021456726,0.085145693,0.063688967
120602011302,2006,0.000952562,0.003330655,0.002378173
120602011302,2007,0.0,0.0,0.0
120602011302,2008,0.0,0.0,0.0
120602011302,2009,0.008785786,0.030719833,0.021934129
120602011302,2010,0.0,0.0,0.0
120602011302,2011,0.024745685,0.086523647,0.061777879
120602011302,2012,0.0,0.0,0.0
120602011302,2013,0.014337989,0.050132877,0.035794888
120602011302,2014,0.0,0.0,0.0
120602011302,2015,0.0,0.0,0.0
120602011302,2016,0.0,0.0,0.0
120602011302,2017,0.0,0.0,0.0
120602011302,2018,0.263778153,1.018448214,0.754670227
120602011302,2019,0.148891019,0.597956195,0.449065011
120602011302,2020,0.113889776,0.46868209,0.354792481
120602011303,2000,0.0,0.0,0.0
120602011303,2001,0.0,0.0,0.0
120602011303,2002,0.0,0.0,0.0
120602011303,2003,0.0,0.0,0.0
120602011303,2004,0.0,0.0,0.0
120602011303,2005,0.0,0.0,0.0
120602011303,2006,0.0,0.0,0.0
120602011303,2007,0.0,0.0,0.0
120602011303,2008,0.0,0.0,0.0
120602011303,2009,0.0,0.0,0.0
120602011303,2010,0.0,0.0,0.0
120602011303,2011,0.0,0.0,0.0
120602011303,2012,0.0,0.0,0.0
120602011303,2013,0.0,0.0,0.0
120602011303,2014,0.0,0.0,0.0
120602011303,2015,0.0,0.0,0.0
120602011303,2016,0.0,0.0,0.0
120602011303,2017,0.0,0.0,0.0
120602011303,2018,0.080681425,0.080681425,0.0
120602011303,2019,0.0,0.0,0.0
120602011303,2020,0.074497984,0.074497984,0.0
120602020101,2000,5.0617e-05,5.1366e-05,3.39e-07
120602020101,2001,0.0,0.0,0.0
120602020101,2002,3.285e-06,3.37e-06,0.0
120602020101,2003,0.0,0.0,0.0
120602020101,2004,0.0,0.0,0.0
120602020101,2005,0.0,0.0,0.0
120602020101,2006,0.0,0.0,0.0
120602020101,2007,0.0,0.0,0.0
120602020101,2008,0.0,0.0,0.0
120602020101,2009,0.0,0.0,0.0
120602020101,2010,0.0,0.0,0.0
120602020101,2011,0.0,0.0,0.0
120602020101,2012,0.0,0.0,0.0
120602020101,2013,0.0,0.0,0.0
120602020101,2014,0.0,0.0,0.0
120602020101,2015,0.0,0.0,0.0
120602020101,2016,0.0,0.0,0.0
120602020101,2017,0.0,0.0,0.0
120602020101,2018,0.0,0.0,0.0
120602020101,2019,0.0,0.0,0.0
120602020101,2020,0.0,0.0,0.0
120602020102,2000,0.0,0.0,0.0
120602020102,2001,0.0,0.0,0.0
120602020102,2002,0.0,0.0,0.0
120602020102,2003,0.0,0.0,0.0
120602020102,2004,0.0,0.0,0.0
120602020102,2005,0.0,0.0,0.0
120602020102,2006,0.0,0.0,0.0
120602020102,2007,0.0,0.0,0.0
120602020102,2008,0.0,0.0,0.0
120602020102,2009,0.0,0.0,0.0
120602020102,2010,0.0,0.0,0.0
120602020102,2011,0.0,0.0,0.0
120602020102,2012,0.0,0.0,0.0
120602020102,2013,0.0,0.0,0.0
120602020102,2014,0.0,0.0,0.0
120602020102,2015,0.0,0.0,0.0
120602020102,2016,0.0,0.0,0.0
120602020102,2017,0.0,0.0,0.0
120602020102,2018,0.0,0.0,0.0
120602020102,2019,0.0,0.0,0.0
120602020102,2020,0.0,0.0,0.0
120602020103,2000,0.0,0.0,0.0
120602020103,2001,0.0,0.0,0.0
120602020103,2002,0.0,0.0,0.0
120602020103,2003,0.0,0.0,0.0
120602020103,2004,0.0,0.0,0.0
120602020103,2005,0.0,0.0,0.0
120602020103,2006,0.0,0.0,0.0
120602020103,2007,0.0,0.0,0.0
120602020103,2008,0.0,0.0,0.0
120602020103,2009,0.0,0.0,0.0
120602020103,2010,0.0,0.0,0.0
120602020103,2011,0.0,0.0,0.0
120602020103,2012,0.0,0.0,0.0
120602020103,2013,0.0,0.0,0.0
120602020103,2014,0.0,0.0,0.0
120602020103,2015,0.0,0.0,0.0
120602020103,2016,0.0,0.0,0.0
120602020103,2017,0.0,0.0,0.0
120602020103,2018,0.0,0.0,0.0
120602020103,2019,0.0,0.0,0.0
120602020103,2020,0.0,0.0,0.0
120602020104,2000,0.0,0.0,0.0
120602020104,2001,0.0,0.0,0.0
120602020104,2002,0.0,0.0,0.0
120602020104,2003,0.0,0.0,0.0
120602020104,2004,0.0,0.0,0.0
120602020104,2005,0.0,0.0,0.0
120602020104,2006,0.001542742,0.002330485,0.000787658
120602020104,2007,0.000134915,0.000347742,0.000212742
120602020104,2008,0.0,0.0,0.0
120602020104,2009,0.0,0.0,0.0
120602020104,2010,0.001937573,0.006774342,0.004836852
120602020104,2011,0.074050197,0.093972307,0.019922027
120602020104,2012,0.003012295,0.005860415,0.002848287
120602020104,2013,0.002819408,0.005370126,0.0025508
120602020104,2014,0.002838307,0.002864137,2.5745e-05
120602020104,2015,0.0,0.0,0.0
120602020104,2016,0.00255265,0.003560055,0.001007399
120602020104,2017,0.0,0.0,0.0
120602020104,2018,0.046321677,0.103860603,0.057538671
120602020104,2019,0.001640364,0.00442114,0.002780942
120602020104,2020,0.001610169,0.005629475,0.004019306
120602020105,2000,0.005739634,0.00579194,5.2139e-05
120602020105,2001,0.004248877,0.006130995,0.0018822
120602020105,2002,0.005312,0.005360175,4.8258e-05
120602020105,2003,0.0,0.0,0.0
120602020105,2004,0.0,0.0,0.0
120602020105,2005,0.0,0.0,0.0
120602020105,2006,0.004030633,0.004067312,3.6597e-05
120602020105,2007,0.001927737,0.001945238,1.7416e-05
120602020105,2008,0.003307724,0.003337713,2.9989e-05
120602020105,2009,0.0,0.0,0.0
120602020105,2010,0.003990986,0.006775978,0.002784825
120602020105,2011,0.0,0.0,0.0
120602020105,2012,0.000899041,0.002341205,0.001442161
120602020105,2013,0.002911866,0.006143011,0.003237422
120602020105,2014,0.004584055,0.007691438,0.003107301
120602020105,2015,0.002047688,0.002066178,1.8663e-05
120602020105,2016,0.0,0.0,0.0
120602020105,2017,0.00282666,0.00565323,0.00282666
120602020105,2018,0.0,0.0,0.0
120602020105,2019,0.0,0.0,0.0
120602020105,2020,0.0,0.0,0.0
120602020106,2000,0.020375768,0.020560664,0.000184981
120602020106,2001,0.019149477,0.024901792,0.005752315
120602020106,2002,7.466e-06,7.548e-06,0.0
120602020106,2003,7.041e-06,8.466e-06,1.425e-06
120602020106,2004,0.0,0.0,0.0
120602020106,2005,8.912e-06,1.1244e-05,2.414e-06
120602020106,2006,0.0,0.0,0.0
120602020106,2007,2.438e-06,4.033e-06,1.515e-06
120602020106,2008,0.026709516,0.028384224,0.00167462
120602020106,2009,0.0,0.0,0.0
120602020106,2010,0.0,0.0,0.0
120602020106,2011,1.6389e-05,1.6559e-05,0.0
120602020106,2012,0.0,0.0,0.0
120602020106,2013,0.0,0.0,0.0
120602020106,2014,0.0,0.0,0.0
120602020106,2015,0.0,0.0,0.0
120602020106,2016,0.0,0.0,0.0
120602020106,2017,0.0,0.0,0.0
120602020106,2018,0.0,0.0,0.0
120602020106,2019,0.033765715,0.050471866,0.016706236
120602020106,2020,9.473e-06,1.4e-05,4.361e-06
120602020107,2000,0.06531403,0.083735874,0.018421929
120602020107,2001,0.000336507,0.00051526,0.000178668
120602020107,2002,0.069935066,0.102244274,0.032411323
120602020107,2003,0.089723458,0.118996578,0.029273203
120602020107,2004,0.01630585,0.019621964,0.003316115
120602020107,2005,0.044555178,0.065139167,0.020584074
120602020107,2006,0.00028337,0.000285888,2.518e-06
120602020107,2007,0.00503857,0.009670937,0.004632367
120602020107,2008,0.000121183,0.000162303,4.1205e-05
120602020107,2009,0.014085184,0.021736189,0.007651258
120602020107,2010,0.018347822,0.029641126,0.011293389
120602020107,2011,0.058872682,0.07685746,0.017984701
120602020107,2012,0.118802336,0.133485787,0.014683366
120602020107,2013,0.000130005,0.000187507,5.7416e-05
120602020107,2014,0.022006592,0.024698679,0.00269217
120602020107,2015,0.0,0.0,0.0
120602020107,2016,0.0,0.0,0.0
120602020107,2017,7.7962e-05,0.000105425,2.7545e-05
120602020107,2018,0.000224981,0.000294677,6.9863e-05
120602020107,2019,0.000299723,0.000320364,2.0474e-05
120602020107,2020,0.01890579,0.030201003,0.011295134
120602020108,2000,0.018096918,0.044573423,0.026476669
120602020108,2001,0.052107545,0.170286573,0.118178693
120602020108,2002,0.01963346,0.051128808,0.031495263
120602020108,2003,0.04512877,0.155081203,0.109952685
120602020108,2004,0.008639612,0.021927689,0.013287995
120602020108,2005,0.001985071,0.005607614,0.003622542
120602020108,2006,0.00760449,0.026589151,0.018984745
120602020108,2007,0.007416605,0.025932282,0.018515592
120602020108,2008,0.008310869,0.029058872,0.020748172
120602020108,2009,0.048876879,0.170898,0.122021288
120602020108,2010,0.112725932,0.364808636,0.252082704
120602020108,2011,0.0,1.64e-07,0.0
120602020108,2012,0.049679806,0.173705407,0.124025686
120602020108,2013,0.09264389,0.292252307,0.199608332
120602020108,2014,0.156878852,0.512676052,0.355797118
120602020108,2015,0.136893093,0.453288123,0.31639503
120602020108,2016,0.102663768,0.341075536,0.238411683
120602020108,2017,0.088344879,0.307822359,0.219477227
120602020108,2018,0.225815132,0.618671666,0.392856449
120602020108,2019,0.20363537,0.60425929,0.400624008
120602020108,2020,0.112782246,0.375940959,0.263158631
120602020109,2000,0.0,0.0,0.0
120602020109,2001,0.119157518,0.127988811,0.008831293
120602020109,2002,0.002753389,0.002815526,6.1888e-05
120602020109,2003,0.002711219,0.003178422,0.000467205
120602020109,2004,0.0,0.0,0.0
120602020109,2005,0.0,0.0,0.0
120602020109,2006,0.0,0.0,0.0
120602020109,2007,0.081664847,0.089056553,0.007391625
120602020109,2008,0.0,0.0,0.0
120602020109,2009,0.0,0.0,0.0
120602020109,2010,0.0,0.0,0.0
120602020109,2011,0.0,0.0,0.0
120602020109,2012,0.0,0.0,0.0
120602020109,2013,0.0,0.0,0.0
120602020109,2014,0.0,0.0,0.0
120602020109,2015,0.0,0.0,0.0
120602020109,2016,0.112083538,0.12751244,0.015429071
120602020109,2017,0.0,0.0,0.0
120602020109,2018,0.184355419,0.224004238,0.039648737
120602020109,2019,0.155034458,0.172452,0.017417625
120602020109,2020,0.10806324,0.138720342,0.030657098
120602020110,2000,0.229632746,0.802911388,0.573278811
120602020110,2001,0.23365457,0.816974227,0.583319408
120602020110,2002,0.227984904,0.797149915,0.569165008
120602020110,2003,0.192852627,0.674310674,0.481457962
120602020110,2004,0.157233456,0.549767164,0.392533708
120602020110,2005,0.244469655,0.854789205,0.610319299
120602020110,2006,0.265417762,0.928033981,0.662616219
120602020110,2007,0.21078983,0.737027688,0.52623786
120602020110,2008,0.106893727,0.373754363,0.266860637
120602020110,2009,0.175209562,0.612621085,0.437411441
120602020110,2010,0.441030173,1.542063293,1.101033205
120602020110,2011,0.178048852,0.622548438,0.444499586
120602020110,2012,0.285321169,0.997626552,0.712305385
120602020110,2013,0.337500529,1.180071973,0.842571441
120602020110,2014,0.511125244,1.787151132,1.276025885
120602020110,2015,0.381434551,1.33368709,0.95225254
120602020110,2016,0.129954667,0.454386694,0.324432109
120602020110,2017,0.291865337,1.020507616,0.728642441
120602020110,2018,0.389163915,1.360712915,0.971549
120602020110,2019,0.354743474,1.182478589,0.827734863
120602020110,2020,0.524586497,1.808918883,1.284332549
120602020111,2000,0.0,0.0,0.0
120602020111,2001,0.0,0.0,0.0
120602020111,2002,0.0,0.0,0.0
120602020111,2003,0.0,0.0,0.0
120602020111,2004,0.0,0.0,0.0
120602020111,2005,0.0,0.0,0.0
120602020111,2006,0.0,0.0,0.0
120602020111,2007,0.0,0.0,0.0
120602020111,2008,0.0,0.0,0.0
120602020111,2009,0.0,0.0,0.0
120602020111,2010,0.0,0.0,0.0
120602020111,2011,0.0,0.0,0.0
120602020111,2012,0.0,0.0,0.0
120602020111,2013,0.0,0.0,0.0
120602020111,2014,0.0,0.0,0.0
120602020111,2015,0.0,0.0,0.0
120602020111,2016,0.0,0.0,0.0
120602020111,2017,0.0,0.0,0.0
120602020111,2018,0.0,0.0,0.0
120602020111,2019,0.0,0.0,0.0
120602020111,2020,0.0,0.0,0.0
120602020201,2000,0.030044683,0.176733303,0.14668862
120602020201,2001,0.015634093,0.09196571,0.076331447
120602020201,2002,0.017597359,0.103513981,0.085916786
120602020201,2003,0.078622649,0.462485962,0.383863479
120602020201,2004,0.028720948,0.168947224,0.140226191
120602020201,2005,0.076356203,0.449153841,0.372797723
120602020201,2006,0.009322479,0.054837625,0.045515233
120602020201,2007,0.0,0.0,0.0
120602020201,2008,0.0,0.0,0.0
120602020201,2009,0.062497937,0.367634666,0.305136899
120602020201,2010,0.0,0.0,0.0
120602020201,2011,0.032868932,0.19334674,0.160477808
120602020201,2012,0.0,0.0,0.0
120602020201,2013,0.031886474,0.187567592,0.155681033
120602020201,2014,0.0,0.0,0.0
120602020201,2015,0.035014556,0.205967748,0.170953274
120602020201,2016,0.032046648,0.188510077,0.156463347
120602020201,2017,0.016627595,0.097809699,0.081182019
120602020201,2018,0.065532529,0.385485693,0.319953164
120602020201,2019,0.087196466,0.512920704,0.425724156
120602020201,2020,0.059645664,0.350857486,0.291211653
120602020202,2000,0.000649803,0.003822003,0.003172451
120602020202,2001,0.0,0.0,0.0
120602020202,2002,0.0,0.0,0.0
120602020202,2003,0.0,0.0,0.0
120602020202,2004,0.038617642,0.227162934,0.188545128
120602020202,2005,0.0,0.0,0.0
120602020202,2006,0.0,0.0,0.0
120602020202,2007,0.0,0.0,0.0
120602020202,2008,0.0,0.0,0.0
120602020202,2009,0.126119014,0.741876293,0.615757364
120602020202,2010,0.0,0.0,0.0
120602020202,2011,0.0,0.0,0.0
120602020202,2012,0.0,0.0,0.0
120602020202,2013,2.5641e-05,0.000150838,0.000125282
120602020202,2014,0.0,0.0,0.0
120602020202,2015,0.0,0.0,0.0
120602020202,2016,0.0,0.0,0.0
120602020202,2017,0.0,8.5e-08,0.0
120602020202,2018,0.0,0.0,0.0
120602020202,2019,0.065347836,0.384399353,0.319051348
120602020202,2020,0.000103962,0.000611904,0.000507861
120602020203,2000,0.057386123,0.337565628,0.280179508
120602020203,2001,0.005210701,0.030651866,0.025441079
120602020203,2002,0.019494493,0.11467337,0.095178795
120602020203,2003,0.03735083,0.219710411,0.182359666
120602020203,2004,0.050444803,0.296734396,0.246289593
120602020203,2005,0.036735288,0.216090063,0.17935486
120602020203,2006,0.044029342,0.258996249,0.214966989
120602020203,2007,0.009594912,0.056440619,0.046845786
120602020203,2008,0.0,0.0,0.0
120602020203,2009,0.054692762,0.321722345,0.267029414
120602020203,2010,0.0,0.0,0.0
120602020203,2011,0.016956178,0.099742803,0.082786458
120602020203,2012,0.0,0.0,0.0
120602020203,2013,0.020037099,0.117865742,0.097828479
120602020203,2014,0.008714016,0.051259159,0.042545225
120602020203,2015,0.021412129,0.125953436,0.104541307
120602020203,2016,0.016730852,0.098417208,0.081686186
120602020203,2017,0.009690682,0.057003751,0.047313151
120602020203,2018,0.031320397,0.184237619,0.152917222
120602020203,2019,0.058385693,0.343444962,0.285059268
120602020203,2020,0.034849066,0.204995383,0.170146156
120602020204,2000,0.0,0.0,0.0
120602020204,2001,0.0,0.0,0.0
120602020204,2002,0.0,0.0,0.0
120602020204,2003,0.0,0.0,0.0
120602020204,2004,0.026462005,0.155658964,0.129197038
120602020204,2005,0.0,0.0,0.0
120602020204,2006,0.0,0.0,0.0
120602020204,2007,0.0,0.0,0.0
120602020204,2008,0.0,0.0,0.0
120602020204,2009,0.002181523,0.01283174,0.010650468
120602020204,2010,0.0,0.0,0.0
120602020204,2011,0.0,0.0,0.0
120602020204,2012,1.7333e-05,0.000102391,8.4973e-05
120602020204,2013,0.0,0.0,0.0
120602020204,2014,0.0,0.0,0.0
120602020204,2015,0.0,0.0,0.0
120602020204,2016,0.0,0.0,0.0
120602020204,2017,1.7e-07,1.932e-06,1.679e-06
120602020204,2018,0.0,0.0,0.0
120602020204,2019,0.008601816,0.050598173,0.041996356
120602020204,2020,5.0128e-05,0.000314134,0.000264008
120602020205,2000,0.047384164,0.27873071,0.23134638
120602020205,2001,0.040093274,0.235842537,0.195749263
120602020205,2002,0.0,0.0,0.0
120602020205,2003,0.029651334,0.174419701,0.144768364
120602020205,2004,0.02287703,0.13457088,0.111693932
120602020205,2005,0.044608137,0.275359397,0.230751096
120602020205,2006,0.0,0.0,0.0
120602020205,2007,0.0,0.0,0.0
120602020205,2008,0.0,0.0,0.0
120602020205,2009,0.0,0.0,0.0
120602020205,2010,0.0,0.0,0.0
120602020205,2011,0.0,0.0,0.0
120602020205,2012,0.0,0.0,0.0
120602020205,2013,0.016644737,0.097910058,0.081265151
120602020205,2014,0.0,0.0,0.0
120602020205,2015,0.0,0.0,0.0
120602020205,2016,0.0,0.0,0.0
120602020205,2017,0.0,0.0,0.0
120602020205,2018,0.0,0.0,0.0
120602020205,2019,0.027069729,0.159234156,0.132164342
120602020205,2020,0.0,0.0,0.0
120602020206,2000,0.0,0.0,0.0
120602020206,2001,0.0,0.0,0.0
120602020206,2002,0.0,0.0,0.0
120602020206,2003,0.0,0.0,0.0
120602020206,2004,0.0,0.0,0.0
120602020206,2005,0.0,0.0,0.0
120602020206,2006,0.0,0.0,0.0
120602020206,2007,0.0,0.0,0.0
120602020206,2008,0.0,0.0,0.0
120602020206,2009,0.0,0.0,0.0
120602020206,2010,0.0,0.0,0.0
120602020206,2011,0.0,0.0,0.0
120602020206,2012,0.0,0.0,0.0
120602020206,2013,0.0,0.0,0.0
120602020206,2014,0.0,0.0,0.0
120602020206,2015,0.0,0.0,0.0
120602020206,2016,0.0,0.0,0.0
120602020206,2017,0.0,0.0,0.0
120602020206,2018,0.0,0.0,0.0
120602020206,2019,0.00247163,0.040519233,0.038047433
120602020206,2020,0.0,0.0,0.0
120602020207,2000,0.011027005,0.180769686,0.169742847
120602020207,2001,0.016560948,0.271489301,0.254928353
120602020207,2002,0.0,0.0,0.0
120602020207,2003,0.0,0.0,0.0
120602020207,2004,0.0,0.0,0.0
120602020207,2005,0.0,0.0,0.0
120602020207,2006,0.0,0.0,0.0
120602020207,2007,0.0,0.0,0.0
120602020207,2008,0.0,0.0,0.0
120602020207,2009,0.0,0.0,0.0
120602020207,2010,0.0,0.0,0.0
120602020207,2011,0.0,0.0,0.0
120602020207,2012,0.0,0.0,0.0
120602020207,2013,0.0,0.0,0.0
120602020207,2014,0.0,0.0,0.0
120602020207,2015,0.0,0.0,0.0
120602020207,2016,0.0,0.0,0.0
120602020207,2017,0.0,0.0,0.0
120602020207,2018,0.0,0.0,0.0
120602020207,2019,0.0,0.0,0.0
120602020207,2020,0.0,0.0,0.0
120602020301,2000,0.0,0.0,0.0
120602020301,2001,0.0,0.0,0.0
120602020301,2002,0.0,0.0,0.0
120602020301,2003,0.0,0.0,0.0
120602020301,2004,0.0,0.0,0.0
120602020301,2005,0.0,0.0,0.0
120602020301,2006,0.0,0.0,0.0
120602020301,2007,0.0,0.0,0.0
120602020301,2008,0.0,0.0,0.0
120602020301,2009,0.0,0.0,0.0
120602020301,2010,0.0,0.0,0.0
120602020301,2011,0.0,0.0,0.0
120602020301,2012,0.0,0.0,0.0
120602020301,2013,0.0,0.0,0.0
120602020301,2014,0.0,0.0,0.0
120602020301,2015,0.0,0.0,0.0
120602020301,2016,0.0,0.0,0.0
120602020301,2017,0.0,0.0,0.0
120602020301,2018,0.0,0.0,0.0
120602020301,2019,0.0,0.0,0.0
120602020301,2020,0.0,0.0,0.0
120602020302,2000,0.0,0.0,0.0
120602020302,2001,0.0,0.0,0.0
120602020302,2002,0.0,0.0,0.0
120602020302,2003,0.0,0.0,0.0
120602020302,2004,0.0,0.0,0.0
120602020302,2005,0.0,0.0,0.0
120602020302,2006,0.0,0.0,0.0
120602020302,2007,0.0,0.0,0.0
120602020302,2008,0.0,0.0,0.0
120602020302,2009,0.0,0.0,0.0
120602020302,2010,0.0,0.0,0.0
120602020302,2011,0.0,0.0,0.0
120602020302,2012,0.0,0.0,0.0
120602020302,2013,0.0,0.0,0.0
120602020302,2014,0.0,0.0,0.0
120602020302,2015,0.0,0.0,0.0
120602020302,2016,0.0,0.0,0.0
120602020302,2017,0.0,0.0,0.0
120602020302,2018,0.0,0.0,0.0
120602020302,2019,0.0,0.0,0.0
120602020302,2020,0.000968954,0.000968954,0.0
120602020303,2000,0.0,0.0,0.0
120602020303,2001,0.0,0.0,0.0
120602020303,2002,0.0,0.0,0.0
120602020303,2003,0.0,0.0,0.0
120602020303,2004,0.0,0.0,0.0
120602020303,2005,0.0,0.0,0.0
120602020303,2006,0.0,0.0,0.0
120602020303,2007,0.0,0.0,0.0
120602020303,2008,0.0,0.0,0.0
120602020303,2009,0.0,0.0,0.0
120602020303,2010,0.0,0.0,0.0
120602020303,2011,0.0,0.0,0.0
120602020303,2012,0.0,0.0,0.0
120602020303,2013,0.0,0.0,0.0
120602020303,2014,0.0,0.0,0.0
120602020303,2015,0.0,0.0,0.0
120602020303,2016,0.0,0.0,0.0
120602020303,2017,0.0,0.0,0.0
120602020303,2018,0.0,0.0,0.0
120602020303,2019,0.0,0.0,0.0
120602020303,2020,0.0,0.0,0.0
120602020304,2000,0.0,0.0,0.0
120602020304,2001,0.0,0.0,0.0
120602020304,2002,0.0,0.0,0.0
120602020304,2003,0.0,0.0,0.0
120602020304,2004,0.0,0.0,0.0
120602020304,2005,0.0,0.0,0.0
120602020304,2006,0.0,0.0,0.0
120602020304,2007,0.0,0.0,0.0
120602020304,2008,0.0,0.0,0.0
120602020304,2009,0.0,0.0,0.0
120602020304,2010,0.0,0.0,0.0
120602020304,2011,0.0,0.0,0.0
120602020304,2012,0.0,0.0,0.0
120602020304,2013,0.0,0.0,0.0
120602020304,2014,0.0,0.0,0.0
120602020304,2015,0.0,0.0,0.0
120602020304,2016,0.0,0.0,0.0
120602020304,2017,0.0,0.0,0.0
120602020304,2018,0.0,0.0,0.0
120602020304,2019,0.0,0.0,0.0
120602020304,2020,0.0,0.0,0.0
120602020305,2000,0.0,0.0,0.0
120602020305,2001,0.0,0.0,0.0
120602020305,2002,0.0,0.0,0.0
120602020305,2003,0.0,0.0,0.0
120602020305,2004,0.0,0.0,0.0
120602020305,2005,0.0,0.0,0.0
120602020305,2006,0.0,0.0,0.0
120602020305,2007,0.0,0.0,0.0
120602020305,2008,0.0,0.0,0.0
120602020305,2009,0.0,0.0,0.0
120602020305,2010,0.0,0.0,0.0
120602020305,2011,0.0,0.0,0.0
120602020305,2012,0.0,0.0,0.0
120602020305,2013,0.0,0.0,0.0
120602020305,2014,0.0,0.0,0.0
120602020305,2015,0.0,0.0,0.0
120602020305,2016,0.0,0.0,0.0
120602020305,2017,0.0,0.0,0.0
120602020305,2018,0.0,0.0,0.0
120602020305,2019,0.0,0.0,0.0
120602020305,2020,0.0,0.0,0.0
120602020306,2000,0.0,0.0,0.0
120602020306,2001,0.0,0.0,0.0
120602020306,2002,0.0,0.0,0.0
120602020306,2003,0.0,0.0,0.0
120602020306,2004,0.0,0.0,0.0
120602020306,2005,0.0,0.0,0.0
120602020306,2006,0.0,0.0,0.0
120602020306,2007,0.0,0.0,0.0
120602020306,2008,0.0,0.0,0.0
120602020306,2009,0.0,0.0,0.0
120602020306,2010,0.0,0.0,0.0
120602020306,2011,0.0,0.0,0.0
120602020306,2012,0.0,0.0,0.0
120602020306,2013,0.0,0.0,0.0
120602020306,2014,0.0,0.0,0.0
120602020306,2015,0.0,0.0,0.0
120602020306,2016,0.0,0.0,0.0
120602020306,2017,0.0,0.0,0.0
120602020306,2018,0.0,0.0,0.0
120602020306,2019,0.0,0.0,0.0
120602020306,2020,0.0,0.0,0.0
120602020401,2000,0.0,0.0,0.0
120602020401,2001,0.0,0.0,0.0
120602020401,2002,0.0,0.0,0.0
120602020401,2003,0.0,0.0,0.0
120602020401,2004,0.0,0.0,0.0
120602020401,2005,0.0,0.0,0.0
120602020401,2006,0.090316986,0.097115107,0.006798036
120602020401,2007,0.0,0.0,0.0
120602020401,2008,0.0,0.0,0.0
120602020401,2009,0.0,0.0,0.0
120602020401,2010,0.0,0.0,0.0
120602020401,2011,0.0,0.0,0.0
120602020401,2012,0.0,0.0,0.0
120602020401,2013,0.0,0.0,0.0
120602020401,2014,0.0,0.0,0.0
120602020401,2015,0.0,0.0,0.0
120602020401,2016,0.0,0.0,0.0
120602020401,2017,0.0,0.0,0.0
120602020401,2018,0.0,0.0,0.0
120602020401,2019,0.0,0.0,0.0
120602020401,2020,0.0,0.0,0.0
120602020402,2000,0.0,0.0,0.0
120602020402,2001,0.0,0.0,0.0
120602020402,2002,0.0,0.0,0.0
120602020402,2003,0.0,0.0,0.0
120602020402,2004,0.0,0.0,0.0
120602020402,2005,0.0,0.0,0.0
120602020402,2006,0.0,0.0,0.0
120602020402,2007,0.0,0.0,0.0
120602020402,2008,0.0,0.0,0.0
120602020402,2009,0.0,0.0,0.0
120602020402,2010,0.0,0.0,0.0
120602020402,2011,0.0,0.0,0.0
120602020402,2012,0.0,0.0,0.0
120602020402,2013,0.0,0.0,0.0
120602020402,2014,0.0,0.0,0.0
120602020402,2015,0.0,0.0,0.0
120602020402,2016,0.0,0.0,0.0
120602020402,2017,0.0,0.0,0.0
120602020402,2018,0.0,0.0,0.0
120602020402,2019,0.0,0.0,0.0
120602020402,2020,0.0,0.0,0.0
120602020403,2000,0.0,0.0,0.0
120602020403,2001,0.0,0.0,0.0
120602020403,2002,0.0,0.0,0.0
120602020403,2003,0.0,0.0,0.0
120602020403,2004,0.0,0.0,0.0
120602020403,2005,0.0,0.0,0.0
120602020403,2006,0.0,0.0,0.0
120602020403,2007,0.0,0.0,0.0
120602020403,2008,0.0,0.0,0.0
120602020403,2009,0.0,0.0,0.0
120602020403,2010,0.0,0.0,0.0
120602020403,2011,0.0,0.0,0.0
120602020403,2012,0.0,0.0,0.0
120602020403,2013,0.0,0.0,0.0
120602020403,2014,0.0,0.0,0.0
120602020403,2015,0.0,0.0,0.0
120602020403,2016,0.0,0.0,0.0
120602020403,2017,0.0,0.0,0.0
120602020403,2018,0.0,0.0,0.0
120602020403,2019,0.0,0.0,0.0
120602020403,2020,0.0,0.0,0.0
120602020404,2000,0.000400492,0.00656597,0.00616556
120602020404,2001,0.000397044,0.006507732,0.006110773
120602020404,2002,0.0,0.0,0.0
120602020404,2003,0.0,0.0,0.0
120602020404,2004,0.0,0.0,0.0
120602020404,2005,0.0,0.0,0.0
120602020404,2006,0.0,0.0,0.0
120602020404,2007,0.0,0.0,0.0
120602020404,2008,0.0,0.0,0.0
120602020404,2009,0.0,0.0,0.0
120602020404,2010,0.0,0.0,0.0
120602020404,2011,0.0,0.0,0.0
120602020404,2012,0.0,0.0,0.0
120602020404,2013,0.0,0.0,0.0
120602020404,2014,0.0,0.0,0.0
120602020404,2015,0.0,0.0,0.0
120602020404,2016,0.0,0.0,0.0
120602020404,2017,0.0,0.0,0.0
120602020404,2018,0.0,0.0,0.0
120602020404,2019,0.0,0.0,0.0
120602020404,2020,0.0,0.0,0.0
120602020405,2000,0.0,0.0,0.0
120602020405,2001,0.0,0.0,0.0
120602020405,2002,0.0,0.0,0.0
120602020405,2003,0.0,0.0,0.0
120602020405,2004,0.0,0.0,0.0
120602020405,2005,0.0,0.0,0.0
120602020405,2006,0.0,0.0,0.0
120602020405,2007,0.0,0.0,0.0
120602020405,2008,0.0,0.0,0.0
120602020405,2009,0.0,0.0,0.0
120602020405,2010,0.0,0.0,0.0
120602020405,2011,0.0,0.0,0.0
120602020405,2012,0.0,0.0,0.0
120602020405,2013,0.0,0.0,0.0
120602020405,2014,0.0,0.0,0.0
120602020405,2015,0.0,0.0,0.0
120602020405,2016,0.0,0.0,0.0
120602020405,2017,0.0,0.0,0.0
120602020405,2018,0.0,0.0,0.0
120602020405,2019,0.0,0.0,0.0
120602020405,2020,0.0,0.0,0.0
120602020406,2000,0.0,0.0,0.0
120602020406,2001,0.0,0.0,0.0
120602020406,2002,0.0,0.0,0.0
120602020406,2003,0.0,0.0,0.0
120602020406,2004,0.0,0.0,0.0
120602020406,2005,0.0,0.0,0.0
120602020406,2006,0.0,0.0,0.0
120602020406,2007,0.0,0.0,0.0
120602020406,2008,0.0,0.0,0.0
120602020406,2009,0.0,0.0,0.0
120602020406,2010,0.0,0.0,0.0
120602020406,2011,0.0,0.0,0.0
120602020406,2012,0.0,0.0,0.0
120602020406,2013,0.0,0.0,0.0
120602020406,2014,0.0,0.0,0.0
120602020406,2015,0.0,0.0,0.0
120602020406,2016,0.0,0.0,0.0
120602020406,2017,0.0,0.0,0.0
120602020406,2018,0.0,0.0,0.0
120602020406,2019,0.0,0.0,0.0
120602020406,2020,0.0,0.0,0.0
120602020407,2000,0.0,0.0,0.0
120602020407,2001,0.0,0.0,0.0
120602020407,2002,0.0,0.0,0.0
120602020407,2003,0.0,0.0,0.0
120602020407,2004,0.0,0.0,0.0
120602020407,2005,0.0,0.0,0.0
120602020407,2006,0.0,0.0,0.0
120602020407,2007,0.0,0.0,0.0
120602020407,2008,0.0,0.0,0.0
120602020407,2009,0.0,0.0,0.0
120602020407,2010,0.0,0.0,0.0
120602020407,2011,0.0,0.0,0.0
120602020407,2012,0.0,0.0,0.0
120602020407,2013,0.0,0.0,0.0
120602020407,2014,0.0,0.0,0.0
120602020407,2015,0.0,0.0,0.0
120602020407,2016,0.0,0.0,0.0
120602020407,2017,0.0,0.0,0.0
120602020407,2018,0.0,0.0,0.0
120602020407,2019,0.0,0.0,0.0
120602020407,2020,0.0,0.0,0.0
120602020408,2000,0.0,0.0,0.0
120602020408,2001,0.0,0.0,0.0
120602020408,2002,3.3679e-05,0.000551337,0.000517822
120602020408,2003,0.0,0.0,0.0
120602020408,2004,0.0,0.0,0.0
120602020408,2005,0.0,0.0,0.0
120602020408,2006,0.0,0.0,0.0
120602020408,2007,0.0,0.0,0.0
120602020408,2008,0.0,0.0,0.0
120602020408,2009,0.0,0.0,0.0
120602020408,2010,0.0,0.0,0.0
120602020408,2011,0.0,0.0,0.0
120602020408,2012,0.0,0.0,0.0
120602020408,2013,0.0,0.0,0.0
120602020408,2014,0.0,0.0,0.0
120602020408,2015,0.0,0.0,0.0
120602020408,2016,0.0,0.0,0.0
120602020408,2017,0.0,0.0,0.0
120602020408,2018,0.0,0.0,0.0
120602020408,2019,0.0,0.0,0.0
120602020408,2020,0.0,0.0,0.0
120602020501,2000,0.0,0.0,0.0
120602020501,2001,2.2074e-05,0.000361751,0.000339677
120602020501,2002,0.003139304,0.051463871,0.048324315
120602020501,2003,0.005763082,0.094476153,0.088713156
120602020501,2004,0.001715686,0.028125137,0.026409615
120602020501,2005,3.34e-07,6.304e-06,5.97e-06
120602020501,2006,0.0,0.0,0.0
120602020501,2007,0.006398455,0.104893362,0.098494822
120602020501,2008,0.013384601,0.219419131,0.206034361
120602020501,2009,0.010820647,0.177387375,0.166566729
120602020501,2010,0.0,0.0,0.0
120602020501,2011,0.000129268,0.002119863,0.001990759
120602020501,2012,0.002037648,0.033404574,0.031366926
120602020501,2013,0.02449957,0.401632279,0.377132795
120602020501,2014,0.011370904,0.186408526,0.175037622
120602020501,2015,0.0,0.0,0.0
120602020501,2016,0.00483676,0.079291669,0.07445491
120602020501,2017,0.0,0.0,0.0
120602020501,2018,0.012765548,0.209270614,0.196505066
120602020501,2019,0.019306874,0.316507079,0.297200121
120602020501,2020,0.054685459,0.896483298,0.841797833
120602020502,2000,0.018820566,0.308532811,0.289712161
120602020502,2001,0.002738342,0.044890145,0.042151888
120602020502,2002,0.010396036,0.170426784,0.160030666
120602020502,2003,0.022971378,0.376579764,0.353608384
120602020502,2004,0.008751555,0.14346927,0.134717716
120602020502,2005,0.009987444,0.163729644,0.153742118
120602020502,2006,0.0,0.0,0.0
120602020502,2007,0.004789151,0.078509759,0.073720523
120602020502,2008,0.007132213,0.116922596,0.109790301
120602020502,2009,0.025758775,0.422274852,0.396516162
120602020502,2010,0.010872592,0.178238373,0.167365866
120602020502,2011,0.0,0.0,0.0
120602020502,2012,0.002209705,0.036223795,0.03401409
120602020502,2013,0.00555157,0.091009751,0.085458096
120602020502,2014,0.004759652,0.078025915,0.07326643
120602020502,2015,0.0,0.0,0.0
120602020502,2016,0.007352219,0.120526612,0.113174393
120602020502,2017,0.0,0.0,0.0
120602020502,2018,0.005126452,0.084039156,0.078912786
120602020502,2019,0.025907507,0.424713975,0.398806384
120602020502,2020,0.047358642,0.776370396,0.729011757
120602020503,2000,0.0,0.0,0.0
120602020503,2001,0.017409455,0.25984283,0.242433205
120602020503,2002,0.007384756,0.113612545,0.106227789
120602020503,2003,0.011649277,0.190970992,0.179321718
120602020503,2004,0.008089055,0.132607164,0.124518109
120602020503,2005,0.000130721,0.00117814,0.001047334
120602020503,2006,0.0,0.0,0.0
120602020503,2007,2.841e-06,4.5866e-05,4.2942e-05
120602020503,2008,0.01456453,0.191637661,0.177073131
120602020503,2009,0.010303737,0.168913329,0.158609507
120602020503,2010,0.0,0.0,0.0
120602020503,2011,0.042089592,0.637719775,0.595630186
120602020503,2012,0.003741525,0.036325022,0.032583579
120602020503,2013,0.031389997,0.44842663,0.417036882
120602020503,2014,0.018030896,0.269116775,0.251085959
120602020503,2015,0.003507663,0.057503712,0.053995964
120602020503,2016,0.005399191,0.07825003,0.072850754
120602020503,2017,0.016014616,0.190649474,0.174635025
120602020503,2018,0.014903362,0.229282082,0.214378803
120602020503,2019,0.022306148,0.365676441,0.343370293
120602020503,2020,0.048294628,0.699923347,0.651628637
120602020504,2000,8.0232e-05,0.001314148,0.001234
120602020504,2001,0.001010956,0.016572948,0.015561992
120602020504,2002,0.000318825,0.005226518,0.004907693
120602020504,2003,0.000288803,0.00473391,0.004445107
120602020504,2004,0.0,0.0,0.0
120602020504,2005,0.0,0.0,0.0
120602020504,2006,0.0,0.0,0.0
120602020504,2007,0.0,0.0,0.0
120602020504,2008,0.0,0.0,0.0
120602020504,2009,7.7775e-05,0.001274403,0.00119671
120602020504,2010,0.0,0.0,0.0
120602020504,2011,0.000487658,0.007995556,0.007507899
120602020504,2012,0.0,0.0,0.0
120602020504,2013,0.000615786,0.01009491,0.009479038
120602020504,2014,0.0,0.0,0.0
120602020504,2015,5.3603e-05,0.000879321,0.000825715
120602020504,2016,0.0,0.0,0.0
120602020504,2017,0.0,0.0,0.0
120602020504,2018,0.00560703,0.091920129,0.086313099
120602020504,2019,0.001135923,0.018621849,0.017485926
120602020504,2020,0.00654129,0.107235415,0.100694041
120602020505,2000,0.022234123,0.364491563,0.342257519
120602020505,2001,0.004470874,0.073292071,0.068821362
120602020505,2002,0.008408299,0.137840649,0.129432433
120602020505,2003,0.02505623,0.410756203,0.385700142
120602020505,2004,0.004723492,0.077433566,0.072710158
120602020505,2005,0.010313967,0.169083375,0.158769326
120602020505,2006,0.0,0.0,0.0
120602020505,2007,0.005212077,0.085443592,0.080231515
120602020505,2008,0.00598926,0.09818624,0.092196899
120602020505,2009,0.027444271,0.449906104,0.422461915
120602020505,2010,0.0,0.0,0.0
120602020505,2011,4.0386e-05,0.000662392,0.00062217
120602020505,2012,0.003401249,0.055757347,0.052356014
120602020505,2013,0.022185559,0.363696044,0.341510567
120602020505,2014,0.014193907,0.232686416,0.218492595
120602020505,2015,0.005913751,0.096947523,0.091033773
120602020505,2016,0.003777495,0.061925997,0.058148495
120602020505,2017,0.0,0.0,0.0
120602020505,2018,0.028269584,0.46343549,0.435165825
120602020505,2019,0.012239107,0.200641836,0.188402559
120602020505,2020,0.028816036,0.472392691,0.443576904
120602020506,2000,2.518e-05,0.000412079,0.000386984
120602020506,2001,0.0,0.0,0.0
120602020506,2002,0.00519354,0.085140833,0.079947208
120602020506,2003,0.0,0.0,0.0
120602020506,2004,0.0,0.0,0.0
120602020506,2005,0.0,0.0,0.0
120602020506,2006,0.0,0.0,0.0
120602020506,2007,0.0,0.0,0.0
120602020506,2008,0.010431268,0.171005328,0.160573896
120602020506,2009,0.0,0.0,0.0
120602020506,2010,0.000351121,0.005753718,0.005402764
120602020506,2011,0.0,0.0,0.0
120602020506,2012,0.0,0.0,0.0
120602020506,2013,0.008441712,0.138389099,0.129947216
120602020506,2014,0.0,0.0,0.0
120602020506,2015,0.000206852,0.003390559,0.003183959
120602020506,2016,0.0,0.0,0.0
120602020506,2017,0.0,0.0,0.0
120602020506,2018,0.026594921,0.435983055,0.409388049
120602020506,2019,0.009686803,0.158801186,0.149114381
120602020506,2020,7.7197e-05,0.00126485,0.001187735
120602020507,2000,0.003714986,0.060901249,0.057186178
120602020507,2001,0.0,0.0,0.0
120602020507,2002,0.000128836,0.002111962,0.001983126
120602020507,2003,0.003644951,0.059753526,0.056108658
120602020507,2004,0.0,0.0,0.0
120602020507,2005,0.0,0.0,0.0
120602020507,2006,0.0,0.0,0.0
120602020507,2007,0.0,0.0,0.0
120602020507,2008,0.0,1.249e-06,1.249e-06
120602020507,2009,0.0,0.0,0.0
120602020507,2010,0.0,0.0,0.0
120602020507,2011,0.0,0.0,0.0
120602020507,2012,0.0,0.0,0.0
120602020507,2013,0.0,0.0,0.0
120602020507,2014,0.0,0.0,0.0
120602020507,2015,0.0,0.0,0.0
120602020507,2016,0.0,0.0,0.0
120602020507,2017,0.0,0.0,0.0
120602020507,2018,0.0,0.0,0.0
120602020507,2019,0.045687685,0.426988003,0.381300318
120602020507,2020,0.014036781,0.23010829,0.216071675
120602020508,2000,0.0,0.0,0.0
120602020508,2001,0.013802523,0.226271953,0.212469266
120602020508,2002,0.005912189,0.096920707,0.091008518
120602020508,2003,0.001731956,0.028391778,0.026659904
120602020508,2004,0.015486658,0.253880391,0.238393648
120602020508,2005,0.000792685,0.012994252,0.012201567
120602020508,2006,0.001316493,0.021580929,0.020264521
120602020508,2007,0.002414395,0.039580603,0.037166123
120602020508,2008,0.018779904,0.307867519,0.289087615
120602020508,2009,0.002748058,0.04505063,0.04230257
120602020508,2010,0.032442334,0.531841822,0.499399658
120602020508,2011,0.0,0.0,0.0
120602020508,2012,0.005821609,0.095435792,0.089614352
120602020508,2013,0.022602052,0.370527148,0.347925096
120602020508,2014,0.019933036,0.326772463,0.30683943
120602020508,2015,0.011126222,0.182399049,0.171272742
120602020508,2016,0.007189844,0.117867142,0.110677298
120602020508,2017,0.008020775,0.131490258,0.123469392
120602020508,2018,0.011958318,0.196037726,0.184079411
120602020508,2019,0.041257921,0.676360677,0.635102756
120602020508,2020,0.007383708,0.121045582,0.113661705
120602020509,2000,0.05283115,0.152690962,0.099859811
120602020509,2001,0.0,0.0,0.0
120602020509,2002,0.0,0.0,0.0
120602020509,2003,0.01986454,0.057411833,0.037547296
120602020509,2004,0.0,0.0,0.0
120602020509,2005,0.0,0.0,0.0
120602020509,2006,0.0,0.0,0.0
120602020509,2007,0.0,0.0,0.0
120602020509,2008,0.0,0.0,0.0
120602020509,2009,0.0,0.0,0.0
120602020509,2010,0.0,0.0,0.0
120602020509,2011,0.0,0.0,0.0
120602020509,2012,0.0,0.0,0.0
120602020509,2013,0.0,0.0,0.0
120602020509,2014,0.0,0.0,0.0
120602020509,2015,0.0,0.0,0.0
120602020509,2016,0.0,0.0,0.0
120602020509,2017,0.0,0.0,0.0
120602020509,2018,0.0,0.0,0.0
120602020509,2019,0.064374808,0.269350586,0.204975863
120602020509,2020,0.017857191,0.162338191,0.144480833
120602020601,2000,0.0,0.0,0.0
120602020601,2001,0.0,0.0,0.0
120602020601,2002,0.011009929,0.014261671,0.003251658
120602020601,2003,0.0,0.0,0.0
120602020601,2004,0.012876872,0.016921014,0.004044142
120602020601,2005,0.0,0.0,0.0
120602020601,2006,0.0,0.0,0.0
120602020601,2007,0.0,0.0,0.0
120602020601,2008,0.0,0.0,0.0
120602020601,2009,0.0,0.0,0.0
120602020601,2010,0.0,0.0,0.0
120602020601,2011,0.173745885,0.186823666,0.013077781
120602020601,2012,0.0,0.0,0.0
120602020601,2013,0.0,0.0,0.0
120602020601,2014,0.0,0.0,0.0
120602020601,2015,0.121704123,0.130864723,0.0091606
120602020601,2016,0.0,0.0,0.0
120602020601,2017,0.0,0.0,0.0
120602020601,2018,0.0,0.0,0.0
120602020601,2019,0.11613371,0.124874915,0.008741288
120602020601,2020,0.0,0.0,0.0
120602020602,2000,0.255881631,0.275141628,0.019259915
120602020602,2001,0.0,0.0,0.0
120602020602,2002,0.0,0.0,0.0
120602020602,2003,0.150101449,0.161399611,0.011298077
120602020602,2004,0.067308221,0.072374432,0.005066295
120602020602,2005,0.0,0.0,0.0
120602020602,2006,0.0,0.0,0.0
120602020602,2007,0.083327496,0.089599337,0.006272008
120602020602,2008,0.269624336,0.289918727,0.020294393
120602020602,2009,0.073342496,0.078862934,0.005520353
120602020602,2010,0.0,0.0,0.0
120602020602,2011,0.295207504,0.317427471,0.0222198
120602020602,2012,0.0,0.0,0.0
120602020602,2013,0.081822049,0.08798074,0.006158693
120602020602,2014,0.0,0.0,0.0
120602020602,2015,0.135244912,0.145424638,0.010179726
120602020602,2016,0.0,0.0,0.0
120602020602,2017,0.262634674,0.282402784,0.019768192
120602020602,2018,0.228440266,0.24563483,0.017194227
120602020602,2019,0.169961425,0.182754332,0.012792822
120602020602,2020,0.0,0.0,0.0
120602020603,2000,0.0,0.0,0.0
120602020603,2001,0.0,0.0,0.0
120602020603,2002,0.0,0.0,0.0
120602020603,2003,0.000129364,0.000138959,9.764e-06
120602020603,2004,0.0,0.0,0.0
120602020603,2005,0.0,0.0,0.0
120602020603,2006,0.0,0.0,0.0
120602020603,2007,0.0,0.0,0.0
120602020603,2008,0.0,0.0,0.0
120602020603,2009,0.0,0.0,0.0
120602020603,2010,0.0,0.0,0.0
120602020603,2011,0.0,0.0,0.0
120602020603,2012,0.0,0.0,0.0
120602020603,2013,0.0,0.0,0.0
120602020603,2014,0.0,0.0,0.0
120602020603,2015,0.0,0.0,0.0
120602020603,2016,0.0,0.0,0.0
120602020603,2017,0.0,0.0,0.0
120602020603,2018,0.0,0.0,0.0
120602020603,2019,0.124133268,0.133476597,0.009343411
120602020603,2020,0.0,0.0,0.0
120602020604,2000,0.046964883,0.149095038,0.102130153
120602020604,2001,0.065335721,0.161722326,0.096386523
120602020604,2002,0.013205279,0.216479742,0.203274466
120602020604,2003,0.0,0.0,0.0
120602020604,2004,0.055466279,0.158023393,0.102557115
120602020604,2005,0.0,0.0,0.0
120602020604,2006,0.0,0.0,0.0
120602020604,2007,0.0,0.0,0.0
120602020604,2008,0.0,0.0,0.0
120602020604,2009,0.0,0.0,0.0
120602020604,2010,0.0,0.0,0.0
120602020604,2011,0.0,0.0,0.0
120602020604,2012,0.0,0.0,0.0
120602020604,2013,0.0,0.0,0.0
120602020604,2014,0.0,0.0,0.0
120602020604,2015,0.005284641,0.086633197,0.081348726
120602020604,2016,0.0,0.0,0.0
120602020604,2017,0.0,0.0,0.0
120602020604,2018,0.0,0.0,0.0
120602020604,2019,0.045878499,0.395503847,0.349625515
120602020604,2020,0.0,0.0,0.0
120602020605,2000,0.000878415,0.002538798,0.001660464
120602020605,2001,0.045001885,0.130063134,0.085061334
120602020605,2002,0.0,0.0,0.0
120602020605,2003,4.8005e-05,0.000138318,9.0479e-05
120602020605,2004,0.0,0.0,0.0
120602020605,2005,0.0,0.0,0.0
120602020605,2006,0.0,0.0,0.0
120602020605,2007,0.0,0.0,0.0
120602020605,2008,0.046451716,0.134253429,0.087801964
120602020605,2009,0.0,0.0,0.0
120602020605,2010,7.5356e-05,0.000217699,0.000142258
120602020605,2011,0.0,0.0,0.0
120602020605,2012,0.0,0.0,0.0
120602020605,2013,0.042243293,0.12209071,0.079847334
120602020605,2014,0.0,0.0,0.0
120602020605,2015,0.0,0.0,0.0
120602020605,2016,0.0,0.0,0.0
120602020605,2017,0.0,0.0,0.0
120602020605,2018,0.0,0.0,0.0
120602020605,2019,0.035748575,0.103319595,0.067570937
120602020605,2020,6.171e-05,0.000178691,0.000116902
120602020701,2000,0.0,0.0,0.0
120602020701,2001,0.0,0.0,0.0
120602020701,2002,0.0,0.0,0.0
120602020701,2003,0.0,0.0,0.0
120602020701,2004,0.0,0.0,0.0
120602020701,2005,0.0,0.0,0.0
120602020701,2006,0.0,0.0,0.0
120602020701,2007,0.0,0.0,0.0
120602020701,2008,0.0,0.0,0.0
120602020701,2009,0.0,0.0,0.0
120602020701,2010,0.0,0.0,0.0
120602020701,2011,0.0,0.0,0.0
120602020701,2012,0.0,0.0,0.0
120602020701,2013,0.0,0.0,0.0
120602020701,2014,0.0,0.0,0.0
120602020701,2015,0.0,0.0,0.0
120602020701,2016,0.0,0.0,0.0
120602020701,2017,0.0,0.0,0.0
120602020701,2018,0.019054868,0.312375011,0.293320047
120602020701,2019,0.030901071,0.506575312,0.475674326
120602020701,2020,0.002934358,0.048103637,0.045169363
120602020702,2000,0.0,0.0,0.0
120602020702,2001,0.0,0.0,0.0
120602020702,2002,0.0,0.0,0.0
120602020702,2003,0.0,0.0,0.0
120602020702,2004,0.0,0.0,0.0
120602020702,2005,0.0,0.0,0.0
120602020702,2006,0.0,0.0,0.0
120602020702,2007,0.0,0.0,0.0
120602020702,2008,0.0,0.0,0.0
120602020702,2009,0.0,0.0,0.0
120602020702,2010,0.0,0.0,0.0
120602020702,2011,0.0,0.0,0.0
120602020702,2012,0.0,0.0,0.0
120602020702,2013,0.0,0.0,0.0
120602020702,2014,0.0,0.0,0.0
120602020702,2015,0.0,0.0,0.0
120602020702,2016,0.0,0.0,0.0
120602020702,2017,0.0,0.0,0.0
120602020702,2018,0.112931595,0.344303707,0.231372027
120602020702,2019,0.082896047,0.239583803,0.156687841
120602020702,2020,0.106526161,0.361106082,0.254579754
120602020703,2000,0.0,0.0,0.0
120602020703,2001,0.0,0.0,0.0
120602020703,2002,0.0,0.0,0.0
120602020703,2003,0.0,0.0,0.0
120602020703,2004,0.0,0.0,0.0
120602020703,2005,0.0,0.0,0.0
120602020703,2006,0.0,0.0,0.0
120602020703,2007,0.0,0.0,0.0
120602020703,2008,0.0,0.0,0.0
120602020703,2009,0.0,0.0,0.0
120602020703,2010,0.0,0.0,0.0
120602020703,2011,0.0,0.0,0.0
120602020703,2012,0.0,0.0,0.0
120602020703,2013,0.0,0.0,0.0
120602020703,2014,0.0,0.0,0.0
120602020703,2015,0.0,0.0,0.0
120602020703,2016,0.0,0.0,0.0
120602020703,2017,0.0,0.0,0.0
120602020703,2018,0.048256252,0.143193734,0.094937482
120602020703,2019,0.026630058,0.144728521,0.118098384
120602020703,2020,0.0,0.0,0.0
120602020704,2000,0.0,0.0,0.0
120602020704,2001,0.0,0.0,0.0
120602020704,2002,0.0,0.0,0.0
120602020704,2003,0.0,0.0,0.0
120602020704,2004,0.0,0.0,0.0
120602020704,2005,0.0,0.0,0.0
120602020704,2006,0.0,0.0,0.0
120602020704,2007,0.0,0.0,0.0
120602020704,2008,0.0,0.0,0.0
120602020704,2009,0.0,0.0,0.0
120602020704,2010,0.0,0.0,0.0
120602020704,2011,0.0,0.0,0.0
120602020704,2012,0.0,0.0,0.0
120602020704,2013,0.0,0.0,0.0
120602020704,2014,0.0,0.0,0.0
120602020704,2015,0.0,0.0,0.0
120602020704,2016,0.0,0.0,0.0
120602020704,2017,0.0,0.0,0.0
120602020704,2018,0.22411797,0.647739734,0.423621759
120602020704,2019,0.057064671,0.164926638,0.107862052
120602020704,2020,0.017378757,0.050226896,0.032848555
120602020705,2000,0.0,0.0,0.0
120602020705,2001,0.0,0.0,0.0
120602020705,2002,0.0,0.0,0.0
120602020705,2003,0.000309893,0.000470975,0.000160997
120602020705,2004,0.000498355,0.004333153,0.003834883
120602020705,2005,0.0,0.0,0.0
120602020705,2006,0.002945384,0.008069671,0.005124121
120602020705,2007,0.0,0.0,0.0
120602020705,2008,0.0,0.0,0.0
120602020705,2009,0.0,0.0,0.0
120602020705,2010,0.0,0.0,0.0
120602020705,2011,0.0,0.0,0.0
120602020705,2012,0.0,0.0,0.0
120602020705,2013,0.0,0.0,0.0
120602020705,2014,0.0,0.0,0.0
120602020705,2015,0.0,0.0,0.0
120602020705,2016,0.0,0.0,0.0
120602020705,2017,0.0,0.0,0.0
120602020705,2018,0.0,0.0,0.0
120602020705,2019,0.0,0.0,0.0
120602020705,2020,0.186083604,0.426797191,0.240713669
120602020706,2000,0.0,0.0,0.0
120602020706,2001,0.0,0.0,0.0
120602020706,2002,0.0,0.0,0.0
120602020706,2003,0.0,0.0,0.0
120602020706,2004,0.0,0.0,0.0
120602020706,2005,0.0,0.0,0.0
120602020706,2006,0.0,0.0,0.0
120602020706,2007,0.0,0.0,0.0
120602020706,2008,0.0,0.0,0.0
120602020706,2009,0.0,0.0,0.0
120602020706,2010,0.0,0.0,0.0
120602020706,2011,0.0,0.0,0.0
120602020706,2012,0.0,0.0,0.0
120602020706,2013,0.0,0.0,0.0
120602020706,2014,0.0,0.0,0.0
120602020706,2015,0.0,0.0,0.0
120602020706,2016,0.0,0.0,0.0
120602020706,2017,0.0,0.0,0.0
120602020706,2018,0.141187274,0.408055411,0.266868219
120602020706,2019,0.060575778,0.175074581,0.114498888
120602020706,2020,0.194395757,0.561837298,0.367441708
120602020707,2000,0.0,0.0,0.0
120602020707,2001,0.0,0.0,0.0
120602020707,2002,0.0,0.0,0.0
120602020707,2003,0.000170321,0.000376088,0.000205688
120602020707,2004,0.0,0.0,0.0
120602020707,2005,0.0,0.0,0.0
120602020707,2006,0.0,0.0,0.0
120602020707,2007,0.0,0.0,0.0
120602020707,2008,0.0,0.0,0.0
120602020707,2009,0.0,0.0,0.0
120602020707,2010,0.0,0.0,0.0
120602020707,2011,0.0,0.0,0.0
120602020707,2012,0.0,0.0,0.0
120602020707,2013,0.0,0.0,0.0
120602020707,2014,0.0,0.0,0.0
120602020707,2015,0.0,0.0,0.0
120602020707,2016,0.0,0.0,0.0
120602020707,2017,0.0,0.0,0.0
120602020707,2018,2.1288e-05,6.1433e-05,4.0145e-05
120602020707,2019,0.020157452,0.058258419,0.038100882
120602020707,2020,0.055937833,0.161669686,0.10573185
120602020708,2000,0.007441068,0.021506134,0.014065066
120602020708,2001,0.117649537,0.340027397,0.222377951
120602020708,2002,0.117530088,0.339682395,0.222152307
120602020708,2003,0.008102488,0.023417488,0.015315
120602020708,2004,0.0,0.0,0.0
120602020708,2005,0.10244029,0.296070584,0.193630129
120602020708,2006,0.009686197,0.027994712,0.018308512
120602020708,2007,0.0,0.0,0.0
120602020708,2008,0.087212049,0.252058077,0.164845943
120602020708,2009,0.034201874,0.098849386,0.064647512
120602020708,2010,0.021588397,0.06239443,0.040806033
120602020708,2011,0.032931479,0.095178055,0.062246326
120602020708,2012,0.0,0.0,0.0
120602020708,2013,0.097010551,0.280377638,0.183367003
120602020708,2014,0.000815,0.002355507,0.001540425
120602020708,2015,0.0,0.0,0.0
120602020708,2016,0.0,0.0,0.0
120602020708,2017,0.0,0.0,0.0
120602020708,2018,0.015289214,0.044188789,0.028899493
120602020708,2019,0.06660591,0.192503088,0.125896926
120602020708,2020,0.170666262,0.493255456,0.322589027
120602020801,2000,0.117746661,0.340308276,0.222561612
120602020801,2001,0.191266877,0.552794277,0.3615274
120602020801,2002,0.025577526,0.073923277,0.048345751
120602020801,2003,0.034095685,0.098542542,0.064447027
120602020801,2004,0.0,0.0,0.0
120602020801,2005,0.0,0.0,0.0
120602020801,2006,0.119312452,0.344833718,0.225521099
120602020801,2007,0.036783866,0.106312044,0.069528093
120602020801,2008,0.100158511,0.289475563,0.189316967
120602020801,2009,0.056242351,0.162550307,0.106307871
120602020801,2010,0.108986849,0.314990526,0.206003847
120602020801,2011,0.089363353,0.258275775,0.168912263
120602020801,2012,0.0,0.0,0.0
120602020801,2013,0.0,0.0,0.0
120602020801,2014,0.061506841,0.17776554,0.116258619
120602020801,2015,0.0,0.0,0.0
120602020801,2016,0.0,0.0,0.0
120602020801,2017,0.0,0.0,0.0
120602020801,2018,0.003160408,0.009134142,0.005973737
120602020801,2019,0.23430289,0.677175644,0.442872753
120602020801,2020,0.12139594,0.350855385,0.229459363
120602020802,2000,0.0,0.0,0.0
120602020802,2001,0.0,0.0,0.0
120602020802,2002,0.0,0.0,0.0
120602020802,2003,0.045128589,0.130429912,0.085301071
120602020802,2004,0.0,0.0,0.0
120602020802,2005,0.0,0.0,0.0
120602020802,2006,0.0,0.0,0.0
120602020802,2007,0.0,0.0,0.0
120602020802,2008,0.033165074,0.095852445,0.062687536
120602020802,2009,0.0,0.0,0.0
120602020802,2010,0.0,0.0,0.0
120602020802,2011,0.0,0.0,0.0
120602020802,2012,0.0,0.0,0.0
120602020802,2013,0.0,0.0,0.0
120602020802,2014,0.0,0.0,0.0
120602020802,2015,0.0,0.0,0.0
120602020802,2016,0.0,0.0,0.0
120602020802,2017,0.0,0.0,0.0
120602020802,2018,0.004198819,0.012135466,0.007936647
120602020802,2019,0.062369436,0.180258677,0.117889074
120602020802,2020,0.002475454,0.007154765,0.004679227
120602020803,2000,0.000160967,0.000465374,0.00030424
120602020803,2001,0.039150537,0.113152005,0.074001384
120602020803,2002,0.022268849,0.064360679,0.042091836
120602020803,2003,0.0,0.0,0.0
120602020803,2004,0.0,0.0,0.0
120602020803,2005,0.045739537,0.132195079,0.086455701
120602020803,2006,0.0,0.0,0.0
120602020803,2007,0.0,0.0,0.0
120602020803,2008,0.049954107,0.144376221,0.094421943
120602020803,2009,0.000971699,0.002808652,0.001836704
120602020803,2010,1.252e-06,3.592e-06,2.34e-06
120602020803,2011,0.0029084,0.008405677,0.005497277
120602020803,2012,0.0,0.0,0.0
120602020803,2013,0.06782291,0.196019734,0.128196825
120602020803,2014,0.014172364,0.040960441,0.026788159
120602020803,2015,0.0,0.0,0.0
120602020803,2016,0.024408322,0.070544153,0.046135831
120602020803,2017,0.006940866,0.020060425,0.013119553
120602020803,2018,0.023527784,0.067999225,0.044471529
120602020803,2019,0.03216971,0.092976359,0.060806477
120602020803,2020,0.068189016,0.197078339,0.128889238
120602020804,2000,0.096258779,0.278204574,0.181945716
120602020804,2001,0.330025474,0.953830816,0.623805342
120602020804,2002,0.209550775,0.605637964,0.396087274
120602020804,2003,0.146842351,0.424399542,0.277557277
120602020804,2004,0.0,0.0,0.0
120602020804,2005,0.247716126,0.715942723,0.468226603
120602020804,2006,0.0,0.0,0.0
120602020804,2007,0.0,0.0,0.0
120602020804,2008,0.023185085,0.067008795,0.04382371
120602020804,2009,0.057440151,0.166012121,0.108571888
120602020804,2010,0.318792263,0.921364975,0.602572627
120602020804,2011,0.063051553,0.182229962,0.11917849
120602020804,2012,0.0,0.0,0.0
120602020804,2013,0.133739734,0.386530745,0.252791099
120602020804,2014,0.036658833,0.105950589,0.069291507
120602020804,2015,0.0,0.0,0.0
120602020804,2016,0.191642757,0.553880292,0.362237699
120602020804,2017,0.02899851,0.083810567,0.054812312
120602020804,2018,0.040622397,0.117405611,0.076783381
120602020804,2019,0.077847397,0.224992644,0.147145077
120602020804,2020,0.048803948,0.141051437,0.092247828
120602020805,2000,0.106315328,0.307270055,0.200954557
120602020805,2001,0.706993052,2.04333223,1.336339178
120602020805,2002,0.525914493,1.519984468,0.994069641
120602020805,2003,0.306717805,0.886467896,0.57975009
120602020805,2004,0.0,0.0,0.0
120602020805,2005,0.57615666,1.665192493,1.089035748
120602020805,2006,0.0,0.0,0.0
120602020805,2007,0.0,0.0,0.0
120602020805,2008,0.261088388,0.754590702,0.493502314
120602020805,2009,0.370914197,1.072006288,0.70109209
120602020805,2010,0.711141671,2.055322726,1.344181225
120602020805,2011,0.341048504,0.98568897,0.644640548
120602020805,2012,0.0,0.0,0.0
120602020805,2013,0.363928575,1.051816548,0.687888058
120602020805,2014,0.30141017,0.871127556,0.569717471
120602020805,2015,0.0,0.0,0.0
120602020805,2016,0.239088921,0.691008505,0.451919585
120602020805,2017,0.306238088,0.885081397,0.578843068
120602020805,2018,0.111876115,0.323341501,0.211465219
120602020805,2019,0.18827794,0.544155449,0.355877674
120602020805,2020,0.531771902,1.536913077,1.005141178
120602030101,2000,0.087008544,0.163857795,0.076849333
120602030101,2001,0.084315321,0.158786008,0.074470688
120602030101,2002,0.056203337,0.105844663,0.049641074
120602030101,2003,0.059494233,0.112041797,0.052547564
120602030101,2004,0.033423932,0.062944923,0.029521161
120602030101,2005,0.0,0.0,0.0
120602030101,2006,0.0,0.0,0.0
120602030101,2007,0.0,0.0,0.0
120602030101,2008,0.024284352,0.045733555,0.021449036
120602030101,2009,0.0,0.0,0.0
120602030101,2010,0.0,0.0,0.0
120602030101,2011,0.0,0.0,0.0
120602030101,2012,0.0,0.0,0.0
120602030101,2013,0.0,0.0,0.0
120602030101,2014,0.0,0.0,0.0
120602030101,2015,0.0,0.0,0.0
120602030101,2016,0.0,0.0,0.0
120602030101,2017,0.0,0.0,0.0
120602030101,2018,0.0,0.0,0.0
120602030101,2019,0.180461718,0.339852485,0.159391016
120602030101,2020,0.069193393,0.130307637,0.061114243
120602030102,2000,0.0,0.0,0.0
120602030102,2001,0.0,0.0,0.0
120602030102,2002,0.003541422,0.00671991,0.00317857
120602030102,2003,0.0,0.0,0.0
120602030102,2004,0.002352273,0.004430046,0.002077604
120602030102,2005,0.0,0.0,0.0
120602030102,2006,0.0,0.0,0.0
120602030102,2007,0.0,0.0,0.0
120602030102,2008,0.0,0.0,0.0
120602030102,2009,0.0,0.0,0.0
120602030102,2010,0.0,0.0,0.0
120602030102,2011,0.0,0.0,0.0
120602030102,2012,0.0,0.0,0.0
120602030102,2013,0.0,0.0,0.0
120602030102,2014,0.0,0.0,0.0
120602030102,2015,0.0,0.0,0.0
120602030102,2016,0.0,0.0,0.0
120602030102,2017,0.0,0.0,0.0
120602030102,2018,0.0,0.0,0.0
120602030102,2019,0.026462151,0.062410644,0.035948493
120602030102,2020,0.06496768,0.100258781,0.035291101
120602030103,2000,0.0,0.0,0.0
120602030103,2001,0.0,0.0,0.0
120602030103,2002,1.6299e-05,4.731e-05,3.0926e-05
120602030103,2003,0.0,0.0,0.0
120602030103,2004,0.005597227,0.010540863,0.004943719
120602030103,2005,0.0,0.0,0.0
120602030103,2006,0.0,0.0,0.0
120602030103,2007,0.0,0.0,0.0
120602030103,2008,0.0,0.0,0.0
120602030103,2009,0.0,0.0,0.0
120602030103,2010,0.0,0.0,0.0
120602030103,2011,0.0,0.0,0.0
120602030103,2012,0.0,0.0,0.0
120602030103,2013,0.0,0.0,0.0
120602030103,2014,0.0,0.0,0.0
120602030103,2015,0.0,0.0,0.0
120602030103,2016,0.0,0.0,0.0
120602030103,2017,0.0,0.0,0.0
120602030103,2018,0.0,0.0,0.0
120602030103,2019,0.023395068,0.045515778,0.022120795
120602030103,2020,0.092535639,0.132004981,0.039469421
120602030104,2000,0.0,0.0,0.0
120602030104,2001,0.0,0.0,0.0
120602030104,2002,0.087814542,0.241248718,0.153434175
120602030104,2003,0.0,0.0,0.0
120602030104,2004,0.114842126,0.295984866,0.18114274
120602030104,2005,0.0,0.0,0.0
120602030104,2006,0.0,0.0,0.0
120602030104,2007,0.0,0.0,0.0
120602030104,2008,0.0,0.0,0.0
120602030104,2009,0.0,0.0,0.0
120602030104,2010,0.0,0.0,0.0
120602030104,2011,0.0,0.0,0.0
120602030104,2012,0.0,0.0,0.0
120602030104,2013,0.0,0.0,0.0
120602030104,2014,0.0,0.0,0.0
120602030104,2015,0.0,0.0,0.0
120602030104,2016,0.0,0.0,0.0
120602030104,2017,0.0,0.0,0.0
120602030104,2018,0.000345636,0.000865964,0.000520501
120602030104,2019,0.121778216,0.321314789,0.19953649
120602030104,2020,0.236031221,0.629416757,0.393385451
120602030105,2000,0.0,0.0,0.0
120602030105,2001,0.027546797,0.079614948,0.052068151
120602030105,2002,0.007083142,0.020471504,0.013388364
120602030105,2003,0.016305184,0.047124981,0.030819797
120602030105,2004,0.009237896,0.026699273,0.017461377
120602030105,2005,0.024237477,0.070050455,0.04581306
120602030105,2006,0.028231433,0.081593622,0.053362274
120602030105,2007,0.011487482,0.033201005,0.021713523
120602030105,2008,0.0,0.0,0.0
120602030105,2009,0.007224759,0.020880792,0.013656115
120602030105,2010,0.013018573,0.037625918,0.024607345
120602030105,2011,0.024376332,0.070451627,0.046075381
120602030105,2012,0.014160423,0.040926273,0.026765686
120602030105,2013,0.060438384,0.174677293,0.11423891
120602030105,2014,0.0,0.0,0.0
120602030105,2015,0.0,0.0,0.0
120602030105,2016,0.015642773,0.045210273,0.0295675
120602030105,2017,0.0,0.0,0.0
120602030105,2018,0.129672652,0.374776249,0.245103759
120602030105,2019,0.089092888,0.257493762,0.168400789
120602030105,2020,0.129021404,0.372894396,0.243872822
120602030201,2000,9.3328e-05,0.000175738,8.2492e-05
120602030201,2001,0.001520362,0.002863033,0.001342671
120602030201,2002,0.00080714,0.001503151,0.000695929
120602030201,2003,0.037277455,0.057438222,0.020160852
120602030201,2004,0.0,0.0,0.0
120602030201,2005,0.0,0.0,0.0
120602030201,2006,0.0,0.0,0.0
120602030201,2007,0.0,0.0,0.0
120602030201,2008,0.001947156,0.002901825,0.000954587
120602030201,2009,0.0,0.0,0.0
120602030201,2010,0.0,0.0,0.0
120602030201,2011,0.125608211,0.236550364,0.110942077
120602030201,2012,0.014410817,0.015495566,0.001084664
120602030201,2013,0.0,0.0,0.0
120602030201,2014,0.0,0.0,0.0
120602030201,2015,0.0,0.0,0.0
120602030201,2016,0.01282841,0.017219423,0.004391014
120602030201,2017,0.0,0.0,0.0
120602030201,2018,0.275450564,0.330672833,0.055222353
120602030201,2019,0.102623808,0.136286608,0.033662715
120602030201,2020,0.29733685,0.365727995,0.068391145
120602030202,2000,0.0,0.0,0.0
120602030202,2001,1.8636e-05,5.383e-05,3.5025e-05
120602030202,2002,0.0,0.0,0.0
120602030202,2003,0.017828,0.051526252,0.033698252
120602030202,2004,0.0,0.0,0.0
120602030202,2005,0.0,0.0,0.0
120602030202,2006,0.0,0.0,0.0
120602030202,2007,0.000735644,0.002126205,0.001390562
120602030202,2008,0.0,0.0,0.0
120602030202,2009,0.033651408,0.097258567,0.063607074
120602030202,2010,0.0,0.0,0.0
120602030202,2011,0.132250285,0.382226299,0.249976005
120602030202,2012,0.018642016,0.053878631,0.035236615
120602030202,2013,0.000661389,0.0019114,0.001250011
120602030202,2014,0.0,0.0,0.0
120602030202,2015,0.0,0.0,0.0
120602030202,2016,0.0,0.0,0.0
120602030202,2017,0.0,0.0,0.0
120602030202,2018,0.14092371,0.407293942,0.266370395
120602030202,2019,0.0792112,0.22893394,0.149722907
120602030202,2020,0.050815686,0.146866044,0.096050443
120602030301,2000,0.04056088,0.117228107,0.076667227
120602030301,2001,8.3775e-05,0.000242123,0.000158348
120602030301,2002,0.0,0.0,0.0
120602030301,2003,0.045927493,0.132738395,0.086810901
120602030301,2004,0.056246153,0.162561052,0.106314902
120602030301,2005,0.0,0.0,0.0
120602030301,2006,0.0,0.0,0.0
120602030301,2007,0.02857451,0.082585405,0.054010978
120602030301,2008,0.048612596,0.140498525,0.091886096
120602030301,2009,0.123442093,0.35676909,0.233326912
120602030301,2010,0.001893079,0.005273356,0.003380362
120602030301,2011,0.189737825,0.548375055,0.358637225
120602030301,2012,0.045302945,0.130932973,0.085630279
120602030301,2013,0.048873816,0.137672578,0.088798759
120602030301,2014,0.0,0.0,0.0
120602030301,2015,0.0,0.0,0.0
120602030301,2016,0.0,0.0,0.0
120602030301,2017,0.0,0.0,0.0
120602030301,2018,0.170087693,0.485964567,0.315876959
120602030301,2019,0.101531797,0.287625737,0.186093855
120602030301,2020,0.098916492,0.285061582,0.186145172
120602030302,2000,0.094324325,0.272613183,0.178289025
120602030302,2001,0.0,0.0,0.0
120602030302,2002,0.063537011,0.183633162,0.120096066
120602030302,2003,0.0,0.0,0.0
120602030302,2004,0.103854347,0.300157287,0.19630294
120602030302,2005,0.0,0.0,0.0
120602030302,2006,0.0,0.0,0.0
120602030302,2007,0.03269397,0.091836803,0.059142918
120602030302,2008,0.0,0.0,0.0
120602030302,2009,0.103261701,0.290878003,0.187616384
120602030302,2010,0.06823406,0.197208268,0.128974211
120602030302,2011,0.000183655,0.000531033,0.000347208
120602030302,2012,0.077827022,0.221729637,0.143902533
120602030302,2013,0.092589778,0.267600282,0.175010589
120602030302,2014,0.0,0.0,0.0
120602030302,2015,0.0,0.0,0.0
120602030302,2016,0.0,0.0,0.0
120602030302,2017,0.0,0.0,0.0
120602030302,2018,0.129379337,0.37071403,0.241335025
120602030302,2019,0.221464586,0.640071074,0.418606321
120602030302,2020,0.196487372,0.564619008,0.368131555
120602030303,2000,0.04729103,0.136679667,0.089388385
120602030303,2001,0.030404973,0.087875285,0.057470397
120602030303,2002,0.0,0.0,0.0
120602030303,2003,0.0,0.0,0.0
120602030303,2004,0.018372661,0.053100276,0.034727533
120602030303,2005,0.0,0.0,0.0
120602030303,2006,0.035549027,0.10274294,0.067193915
120602030303,2007,0.01154109,0.033355756,0.021814668
120602030303,2008,0.033125,0.095737079,0.062612164
120602030303,2009,0.0,0.0,0.0
120602030303,2010,0.0,0.0,0.0
120602030303,2011,0.031381405,0.09069749,0.059316252
120602030303,2012,0.020014194,0.057844462,0.037830344
120602030303,2013,0.059910318,0.173150997,0.113240847
120602030303,2014,0.0,0.0,0.0
120602030303,2015,0.0,0.0,0.0
120602030303,2016,0.0,0.0,0.0
120602030303,2017,0.0,0.0,0.0
120602030303,2018,0.111880022,0.323352751,0.211472479
120602030303,2019,0.125082375,0.361509485,0.236427447
120602030303,2020,0.121712423,0.351769877,0.230057623
120602040101,2000,0.438594932,0.442578199,0.003983262
120602040101,2001,0.354046901,0.357262271,0.003215373
120602040101,2002,0.499578868,0.504115926,0.004537145
120602040101,2003,0.587261392,0.592594696,0.005333304
120602040101,2004,0.484151467,0.488548366,0.004396899
120602040101,2005,0.74358706,0.750340356,0.006753044
120602040101,2006,0.184048701,0.185720115,0.001671414
120602040101,2007,0.370796044,0.374163463,0.003367416
120602040101,2008,0.405125063,0.408804361,0.003679128
120602040101,2009,0.132942197,0.134149564,0.001207285
120602040101,2010,0.90345494,0.911659693,0.008204923
120602040101,2011,0.6343558,0.640116877,0.005761079
120602040101,2012,0.204342713,0.206198582,0.001855699
120602040101,2013,0.349861236,0.353038537,0.003177381
120602040101,2014,0.517678499,0.522379953,0.00470154
120602040101,2015,0.258171871,0.260516641,0.002344603
120602040101,2016,0.40003206,0.403665011,0.003632951
120602040101,2017,0.311497764,0.314326838,0.002828904
120602040101,2018,0.42118946,0.425014468,0.003825175
120602040101,2019,0.241570564,0.243764545,0.002193811
120602040101,2020,0.485862142,0.490274596,0.004412454
120602040102,2000,1.777687016,1.793831577,0.016144473
120602040102,2001,2.152422427,2.171970096,0.019547753
120602040102,2002,2.411798877,2.433702227,0.021903351
120602040102,2003,1.799909707,1.816255926,0.016346304
120602040102,2004,1.767649098,1.783702306,0.016053208
120602040102,2005,2.100828419,2.11990766,0.019079071
120602040102,2006,1.149320038,1.15975794,0.010437899
120602040102,2007,1.148251334,1.158679422,0.010428252
120602040102,2008,1.220021721,1.23110176,0.011079956
120602040102,2009,1.303648466,1.3154878,0.011839334
120602040102,2010,2.928145951,2.954738553,0.026592518
120602040102,2011,2.684817852,2.70920074,0.024382805
120602040102,2012,2.192519514,2.212431262,0.019912
120602040102,2013,2.22914234,2.249386871,0.020244532
120602040102,2014,2.160643063,2.180265474,0.019622414
120602040102,2015,1.892393956,1.909580079,0.017186205
120602040102,2016,1.450762981,1.463938391,0.013175413
120602040102,2017,2.074785156,2.093627863,0.018842707
120602040102,2018,1.980097874,1.998080559,0.01798277
120602040102,2019,2.119592608,2.138842181,0.019249658
120602040102,2020,2.488500423,2.51110024,0.022599981
120602040103,2000,0.940682055,0.949225057,0.008543169
120602040103,2001,0.64581703,0.651682036,0.005865093
120602040103,2002,0.663082973,0.669104762,0.006022038
120602040103,2003,0.702667942,0.709049181,0.006381408
120602040103,2004,0.352907806,0.356112765,0.003205126
120602040103,2005,0.87618886,0.884146085,0.00795731
120602040103,2006,0.534621153,0.539476337,0.004855266
120602040103,2007,0.212929603,0.214863216,0.001933784
120602040103,2008,0.634707672,0.640472183,0.005764344
120602040103,2009,0.661770556,0.667780589,0.006010033
120602040103,2010,0.417005381,0.420792751,0.0037872
120602040103,2011,0.996236156,1.005283688,0.00904769
120602040103,2012,0.721660675,0.728214735,0.006553975
120602040103,2013,0.963955918,0.972710384,0.008754384
120602040103,2014,1.046812858,1.056319726,0.009506951
120602040103,2015,0.652304912,0.658229022,0.00592411
120602040103,2016,0.596789437,0.602209432,0.005419831
120602040103,2017,0.899011975,0.90717657,0.008164427
120602040103,2018,0.916745751,0.925071501,0.008325668
120602040103,2019,0.588856175,0.594203833,0.005347827
120602040103,2020,1.162832626,1.173393137,0.010560429
120602040104,2000,0.528802134,0.533604749,0.004802369
120602040104,2001,0.465685255,0.469914463,0.00422929
120602040104,2002,0.657389192,0.663359441,0.005970244
120602040104,2003,0.528953477,0.533757088,0.004803775
120602040104,2004,0.523419454,0.52817294,0.004753653
120602040104,2005,0.874977496,0.882923797,0.007946384
120602040104,2006,0.587477093,0.592812386,0.00533529
120602040104,2007,0.314076548,0.316928852,0.002852381
120602040104,2008,0.570403951,0.575584112,0.005180161
120602040104,2009,0.500584652,0.505130877,0.004546142
120602040104,2010,0.390076441,0.393619044,0.003542603
120602040104,2011,0.671703214,0.677803685,0.006100304
120602040104,2012,0.438470579,0.44245271,0.003982049
120602040104,2013,0.542648293,0.547576496,0.004928288
120602040104,2014,0.554662759,0.559699945,0.005037271
120602040104,2015,0.448364438,0.452436353,0.004071918
120602040104,2016,0.366752743,0.370083344,0.003330765
120602040104,2017,0.426337482,0.430209411,0.003871926
120602040104,2018,0.624092285,0.629760101,0.005667901
120602040104,2019,0.661212879,0.667217926,0.006004962
120602040104,2020,0.733032172,0.739689213,0.006657126
120602040105,2000,0.879182658,0.887167254,0.007984596
120602040105,2001,1.568085923,1.582326789,0.014240951
120602040105,2002,1.366722849,1.379134786,0.012412271
120602040105,2003,0.785460759,0.792593997,0.007133323
120602040105,2004,0.742055451,0.748794486,0.006739117
120602040105,2005,1.104713205,1.114745849,0.010032638
120602040105,2006,1.462854784,1.47614006,0.013285195
120602040105,2007,0.535248808,0.540109803,0.004860995
120602040105,2008,1.55191126,1.566005322,0.014094068
120602040105,2009,1.038656942,1.048089921,0.009432811
120602040105,2010,0.98428983,0.993228792,0.008939132
120602040105,2011,0.841358751,0.848999863,0.007641027
120602040105,2012,1.040803057,1.050255347,0.00945212
120602040105,2013,0.693299918,0.6995964,0.006296236
120602040105,2014,0.550672159,0.555673268,0.005001025
120602040105,2015,0.502472649,0.507035868,0.004563304
120602040105,2016,1.002708126,1.011814249,0.009106205
120602040105,2017,1.926399077,1.943894041,0.017494956
120602040105,2018,1.305584482,1.317441452,0.011856885
120602040105,2019,0.938469493,0.94699229,0.0085228
120602040105,2020,1.280917959,1.292550749,0.011633038
120602040106,2000,1.086909809,1.096780776,0.00987097
120602040106,2001,1.23682286,1.248055353,0.011232493
120602040106,2002,1.526954833,1.540822312,0.013867482
120602040106,2003,0.868700107,0.876589301,0.00788911
120602040106,2004,0.856656415,0.864436563,0.007779981
120602040106,2005,1.569163016,1.583413822,0.014250721
120602040106,2006,1.668010088,1.683158447,0.015148441
120602040106,2007,0.393036822,0.396606304,0.003569482
120602040106,2008,1.039828153,1.049271716,0.009443478
120602040106,2009,1.440964811,1.454051016,0.013086627
120602040106,2010,1.193581611,1.204421452,0.010839841
120602040106,2011,1.649096438,1.664072841,0.014976644
120602040106,2012,1.543795153,1.557815609,0.014020292
120602040106,2013,1.396073652,1.408752482,0.012678915
120602040106,2014,1.020223274,1.029488611,0.009265419
120602040106,2015,0.994274345,1.003304014,0.009029836
120602040106,2016,0.877414139,0.885382631,0.007968415
120602040106,2017,1.081175455,1.090994575,0.009819036
120602040106,2018,1.612702899,1.627348907,0.014646093
120602040106,2019,1.546417008,1.560461214,0.014044203
120602040106,2020,2.114690063,2.13389518,0.019205033
120602040107,2000,0.218484847,0.22046894,0.00198426
120602040107,2001,0.136854537,0.138097425,0.001242888
120602040107,2002,0.173166564,0.174739323,0.001572674
120602040107,2003,0.077372712,0.078075449,0.000702655
120602040107,2004,0.188201716,0.189910792,0.001709077
120602040107,2005,0.329507496,0.332500118,0.002992458
120602040107,2006,0.196232033,0.198014153,0.001782121
120602040107,2007,0.137428592,0.138676838,0.00124791
120602040107,2008,0.355971281,0.359203997,0.003232719
120602040107,2009,0.360980277,0.364258529,0.003278252
120602040107,2010,0.042406808,0.042792077,0.000385101
120602040107,2011,0.258607334,0.260955882,0.00234854
120602040107,2012,0.430170719,0.43407756,0.003906754
120602040107,2013,0.310624099,0.313445011,0.002820912
120602040107,2014,0.30749594,0.310288471,0.002792614
120602040107,2015,0.167840252,0.169364507,0.00152434
120602040107,2016,0.197334765,0.19912706,0.001792126
120602040107,2017,0.387225134,0.390741907,0.003516512
120602040107,2018,0.945638477,0.954226718,0.008587989
120602040107,2019,0.852856789,0.860602137,0.00774543
120602040107,2020,1.135933107,1.146249432,0.010316325
120602040201,2000,0.061299683,0.061856432,0.000556915
120602040201,2001,0.13814583,0.139400425,0.001254592
120602040201,2002,0.092857553,0.093700778,0.00084331
120602040201,2003,0.0,0.0,0.0
120602040201,2004,0.0,0.0,0.0
120602040201,2005,0.0,0.0,0.0
120602040201,2006,0.123320827,0.124440814,0.001119819
120602040201,2007,0.0,0.0,0.0
120602040201,2008,0.0,0.0,0.0
120602040201,2009,0.048462833,0.048903014,0.000440101
120602040201,2010,0.0,0.0,0.0
120602040201,2011,0.067811523,0.068427419,0.000615814
120602040201,2012,0.0,0.0,0.0
120602040201,2013,0.0,0.0,0.0
120602040201,2014,0.032253964,0.03254689,0.000292929
120602040201,2015,0.0,0.0,0.0
120602040201,2016,0.065361915,0.065955574,0.000593656
120602040201,2017,0.032396532,0.03269089,0.0002942
120602040201,2018,0.12807603,0.129239186,0.001163241
120602040201,2019,0.090829099,0.091654337,0.000824901
120602040201,2020,0.145460087,0.14678112,0.001321115
120602040202,2000,0.000566178,0.000566178,0.0
120602040202,2001,0.282554638,0.282554638,0.0
120602040202,2002,0.0,0.0,0.0
120602040202,2003,0.0,0.0,0.0
120602040202,2004,0.10818173,0.10818173,0.0
120602040202,2005,0.0,0.0,0.0
120602040202,2006,0.102003044,0.102003044,0.0
120602040202,2007,0.0,0.0,0.0
120602040202,2008,0.077931484,0.077931484,0.0
120602040202,2009,0.177022025,0.177022025,0.0
120602040202,2010,0.471821167,0.471821167,0.0
120602040202,2011,0.22137629,0.22137629,0.0
120602040202,2012,0.0,0.0,0.0
120602040202,2013,0.0,0.0,0.0
120602040202,2014,0.292055775,0.292055775,0.0
120602040202,2015,0.0,0.0,0.0
120602040202,2016,0.163329675,0.163329675,0.0
120602040202,2017,0.306126249,0.306126249,0.0
120602040202,2018,0.227097356,0.227097356,0.0
120602040202,2019,0.458949575,0.458949575,0.0
120602040202,2020,0.161602973,0.161602973,0.0
120602040203,2000,1.244845205,1.25615053,0.011305407
120602040203,2001,0.726847162,0.733448101,0.006600937
120602040203,2002,1.513868633,1.527617123,0.013748575
120602040203,2003,0.848955329,0.856665099,0.007710019
120602040203,2004,0.865913142,0.873777096,0.007863872
120602040203,2005,0.661896696,0.667907819,0.006011208
120602040203,2006,1.523981521,1.537821904,0.013840386
120602040203,2007,0.652191942,0.658114904,0.005923129
120602040203,2008,1.079770423,1.08957671,0.009806205
120602040203,2009,1.418740748,1.431625266,0.0128846
120602040203,2010,0.871162764,0.879074359,0.007911595
120602040203,2011,1.210262288,1.221253416,0.010991293
120602040203,2012,1.846833164,1.86360562,0.016772459
120602040203,2013,1.816812164,1.833311822,0.016499822
120602040203,2014,2.093271534,2.112282203,0.019010501
120602040203,2015,2.239991753,2.260334685,0.020342932
120602040203,2016,1.684538612,1.69983712,0.01529859
120602040203,2017,2.470687866,2.493126184,0.022438063
120602040203,2018,3.044651847,3.072302688,0.027650756
120602040203,2019,2.273119844,2.293763868,0.02064386
120602040203,2020,3.286513738,3.316360995,0.029847254
120602040204,2000,0.0,0.0,0.0
120602040204,2001,0.0,0.0,0.0
120602040204,2002,0.031453011,0.031484436,3.1589e-05
120602040204,2003,0.0,0.0,0.0
120602040204,2004,0.06377003,0.06377003,0.0
120602040204,2005,0.152130781,0.152130781,0.0
120602040204,2006,0.087631721,0.087631721,0.0
120602040204,2007,0.0,0.0,0.0
120602040204,2008,0.10403329,0.10403329,0.0
120602040204,2009,0.116072197,0.116188255,0.000116225
120602040204,2010,0.158645559,0.158645559,0.0
120602040204,2011,0.234459918,0.234459918,0.0
120602040204,2012,0.0,0.0,0.0
120602040204,2013,0.137368342,0.137368342,0.0
120602040204,2014,0.133250756,0.133250756,0.0
120602040204,2015,0.130825852,0.130825852,0.0
120602040204,2016,0.134088546,0.134088546,0.0
120602040204,2017,0.173005014,0.173005014,0.0
120602040204,2018,0.15192023,0.152224745,0.000304348
120602040204,2019,0.100979334,0.100979334,0.0
120602040204,2020,0.15262977,0.15262977,0.0
120602040205,2000,0.0,0.0,0.0
120602040205,2001,0.0,0.0,0.0
120602040205,2002,0.0,0.0,0.0
120602040205,2003,0.0,0.0,0.0
120602040205,2004,0.0,0.0,0.0
120602040205,2005,0.0,0.0,0.0
120602040205,2006,0.0,0.0,0.0
120602040205,2007,0.0,0.0,0.0
120602040205,2008,0.0,0.0,0.0
120602040205,2009,0.0,0.0,0.0
120602040205,2010,0.0,0.0,0.0
120602040205,2011,0.0,0.0,0.0
120602040205,2012,0.0,0.0,0.0
120602040205,2013,0.0,0.0,0.0
120602040205,2014,0.0,0.0,0.0
120602040205,2015,0.0,0.0,0.0
120602040205,2016,0.0,0.0,0.0
120602040205,2017,0.0,0.0,0.0
120602040205,2018,0.0,0.0,0.0
120602040205,2019,0.0,0.0,0.0
120602040205,2020,0.0,0.0,0.0
120602040206,2000,0.0,0.0,0.0
120602040206,2001,0.0,0.0,0.0
120602040206,2002,0.0,0.0,0.0
120602040206,2003,0.0,0.0,0.0
120602040206,2004,0.0,0.0,0.0
120602040206,2005,0.0,0.0,0.0
120602040206,2006,0.000432844,0.000432844,0.0
120602040206,2007,0.0,0.0,0.0
120602040206,2008,0.000550656,0.000550656,0.0
120602040206,2009,0.000670636,0.000670636,0.0
120602040206,2010,0.005671984,0.005671984,0.0
120602040206,2011,0.004723534,0.004723534,0.0
120602040206,2012,0.0,0.0,0.0
120602040206,2013,0.0,0.0,0.0
120602040206,2014,0.001372066,0.001372066,0.0
120602040206,2015,0.0,0.0,0.0
120602040206,2016,0.000728317,0.000728317,0.0
120602040206,2017,0.000812789,0.000812789,0.0
120602040206,2018,0.223208016,0.223208016,0.0
120602040206,2019,0.26196929,0.263285742,0.001316449
120602040206,2020,0.000625142,0.000625142,0.0
120602040301,2000,0.0,0.0,0.0
120602040301,2001,0.0,0.0,0.0
120602040301,2002,0.0,0.0,0.0
120602040301,2003,0.0,0.0,0.0
120602040301,2004,0.0,0.0,0.0
120602040301,2005,0.0,0.0,0.0
120602040301,2006,0.0,0.0,0.0
120602040301,2007,0.0,0.0,0.0
120602040301,2008,0.0,0.0,0.0
120602040301,2009,0.0,0.0,0.0
120602040301,2010,0.0,0.0,0.0
120602040301,2011,0.0,0.0,0.0
120602040301,2012,0.0,0.0,0.0
120602040301,2013,0.0,0.0,0.0
120602040301,2014,0.0,0.0,0.0
120602040301,2015,0.0,0.0,0.0
120602040301,2016,0.0,0.0,0.0
120602040301,2017,0.0,0.0,0.0
120602040301,2018,0.0,0.0,0.0
120602040301,2019,0.0,0.0,0.0
120602040301,2020,0.0,0.0,0.0
120602040302,2000,0.0,0.0,0.0
120602040302,2001,0.0,0.0,0.0
120602040302,2002,0.0,0.0,0.0
120602040302,2003,0.0,0.0,0.0
120602040302,2004,0.0,0.0,0.0
120602040302,2005,0.0,0.0,0.0
120602040302,2006,0.0,0.0,0.0
120602040302,2007,0.0,0.0,0.0
120602040302,2008,0.0,0.0,0.0
120602040302,2009,0.0,0.0,0.0
120602040302,2010,0.0,0.0,0.0
120602040302,2011,0.0,0.0,0.0
120602040302,2012,0.0,0.0,0.0
120602040302,2013,0.0,0.0,0.0
120602040302,2014,0.0,0.0,0.0
120602040302,2015,0.0,0.0,0.0
120602040302,2016,0.0,0.0,0.0
120602040302,2017,0.0,0.0,0.0
120602040302,2018,0.0,0.0,0.0
120602040302,2019,0.080184512,0.086219885,0.006035455
120602040302,2020,0.0,0.0,0.0
120602040303,2000,0.0,0.0,0.0
120602040303,2001,0.0,0.0,0.0
120602040303,2002,0.0,0.0,0.0
120602040303,2003,0.0,0.0,0.0
120602040303,2004,0.0,0.0,0.0
120602040303,2005,0.0,0.0,0.0
120602040303,2006,0.0,0.0,0.0
120602040303,2007,0.0,0.0,0.0
120602040303,2008,0.0,0.0,0.0
120602040303,2009,0.0,0.0,0.0
120602040303,2010,0.0,0.0,0.0
120602040303,2011,0.0,0.0,0.0
120602040303,2012,0.0,0.0,0.0
120602040303,2013,0.0,0.0,0.0
120602040303,2014,0.0,0.0,0.0
120602040303,2015,0.0,0.0,0.0
120602040303,2016,0.0,0.0,0.0
120602040303,2017,0.0,0.0,0.0
120602040303,2018,0.0,0.0,0.0
120602040303,2019,0.0,0.0,0.0
120602040303,2020,0.0,0.0,0.0
120602040304,2000,0.0,0.0,0.0
120602040304,2001,0.0,0.0,0.0
120602040304,2002,0.0,0.0,0.0
120602040304,2003,0.0,0.0,0.0
120602040304,2004,0.0,0.0,0.0
120602040304,2005,0.0,0.0,0.0
120602040304,2006,0.0,0.0,0.0
120602040304,2007,0.0,0.0,0.0
120602040304,2008,0.0,0.0,0.0
120602040304,2009,0.0,0.0,0.0
120602040304,2010,0.0,0.0,0.0
120602040304,2011,0.0,0.0,0.0
120602040304,2012,0.0,0.0,0.0
120602040304,2013,0.0,0.0,0.0
120602040304,2014,0.0,0.0,0.0
120602040304,2015,0.0,0.0,0.0
120602040304,2016,0.0,0.0,0.0
120602040304,2017,0.0,0.0,0.0
120602040304,2018,0.0,0.0,0.0
120602040304,2019,0.0,0.0,0.0
120602040304,2020,0.134455464,0.144575522,0.010120306
120602040305,2000,0.165239137,0.165239137,0.0
120602040305,2001,0.0,0.0,0.0
120602040305,2002,0.0,0.0,0.0
120602040305,2003,0.0,0.0,0.0
120602040305,2004,0.0,0.0,0.0
120602040305,2005,0.0,0.0,0.0
120602040305,2006,0.0,0.0,0.0
120602040305,2007,0.0,0.0,0.0
120602040305,2008,0.0,0.0,0.0
120602040305,2009,0.0,0.0,0.0
120602040305,2010,0.0,0.0,0.0
120602040305,2011,0.0,0.0,0.0
120602040305,2012,0.0,0.0,0.0
120602040305,2013,0.0,0.0,0.0
120602040305,2014,0.0,0.0,0.0
120602040305,2015,0.0,0.0,0.0
120602040305,2016,0.0,0.0,0.0
120602040305,2017,0.0,0.0,0.0
120602040305,2018,0.0,0.0,0.0
120602040305,2019,0.07776057,0.07776057,0.0
120602040305,2020,0.0,0.0,0.0
120602040306,2000,0.0,0.0,0.0
120602040306,2001,0.0,0.0,0.0
120602040306,2002,0.0,0.0,0.0
120602040306,2003,0.0,0.0,0.0
120602040306,2004,0.0,0.0,0.0
120602040306,2005,0.0,0.0,0.0
120602040306,2006,0.0,0.0,0.0
120602040306,2007,0.0,0.0,0.0
120602040306,2008,0.0,0.0,0.0
120602040306,2009,0.0,0.0,0.0
120602040306,2010,0.0,0.0,0.0
120602040306,2011,0.0,0.0,0.0
120602040306,2012,0.0,0.0,0.0
120602040306,2013,0.0,0.0,0.0
120602040306,2014,0.0,0.0,0.0
120602040306,2015,0.0,0.0,0.0
120602040306,2016,0.0,0.0,0.0
120602040306,2017,0.0,0.0,0.0
120602040306,2018,0.0,0.0,0.0
120602040306,2019,0.0,0.0,0.0
120602040306,2020,0.0,0.0,0.0
120602040307,2000,0.0,0.0,0.0
120602040307,2001,0.0,0.0,0.0
120602040307,2002,0.0,0.0,0.0
120602040307,2003,0.0,0.0,0.0
120602040307,2004,0.0,0.0,0.0
120602040307,2005,0.0,0.0,0.0
120602040307,2006,0.0,0.0,0.0
120602040307,2007,0.0,0.0,0.0
120602040307,2008,0.0,0.0,0.0
120602040307,2009,0.0,0.0,0.0
120602040307,2010,0.0,0.0,0.0
120602040307,2011,0.0,0.0,0.0
120602040307,2012,0.0,0.0,0.0
120602040307,2013,0.0,0.0,0.0
120602040307,2014,0.0,0.0,0.0
120602040307,2015,0.0,0.0,0.0
120602040307,2016,0.0,0.0,0.0
120602040307,2017,0.0,0.0,0.0
120602040307,2018,0.0,0.0,0.0
120602040307,2019,0.0,0.0,0.0
120602040307,2020,0.0,0.0,0.0
120602040308,2000,0.0,0.0,0.0
120602040308,2001,0.0,0.0,0.0
120602040308,2002,7.4093e-05,7.9641e-05,5.636e-06
120602040308,2003,0.0,0.0,0.0
120602040308,2004,0.0,0.0,0.0
120602040308,2005,0.0,0.0,0.0
120602040308,2006,0.000137625,0.00014791,1.0373e-05
120602040308,2007,0.0,0.0,0.0
120602040308,2008,0.0,0.0,0.0
120602040308,2009,0.0,0.0,0.0
120602040308,2010,0.0,0.0,0.0
120602040308,2011,0.0,0.0,0.0
120602040308,2012,0.0,0.0,0.0
120602040308,2013,0.0,0.0,0.0
120602040308,2014,0.0,0.0,0.0
120602040308,2015,0.0,0.0,0.0
120602040308,2016,0.004994724,0.005370713,0.000375822
120602040308,2017,0.0,0.0,0.0
120602040308,2018,0.0,0.0,0.0
120602040308,2019,0.0,0.0,0.0
120602040308,2020,0.0,0.0,0.0
120602040309,2000,0.033540404,0.036064929,0.002524691
120602040309,2001,0.042325622,0.045511468,0.003185849
120602040309,2002,0.020900822,0.022474088,0.001573184
120602040309,2003,0.0,0.0,0.0
120602040309,2004,0.089948587,0.096718847,0.006770344
120602040309,2005,0.0,0.0,0.0
120602040309,2006,0.045126151,0.048522814,0.003396663
120602040309,2007,0.0,0.0,0.0
120602040309,2008,0.0,0.0,0.0
120602040309,2009,0.16159686,0.173760134,0.012163189
120602040309,2010,0.261357863,0.281029975,0.019672027
120602040309,2011,0.0,0.0,0.0
120602040309,2012,0.057232038,0.061539885,0.004307762
120602040309,2013,0.210664214,0.226520493,0.015856532
120602040309,2014,0.090419079,0.097225068,0.006805655
120602040309,2015,0.0,0.0,0.0
120602040309,2016,0.062603156,0.067315257,0.004712104
120602040309,2017,0.067689564,0.072784605,0.005094874
120602040309,2018,0.048423932,0.05206869,0.003644841
120602040309,2019,0.0,0.0,0.0
120602040309,2020,0.15736256,0.169207161,0.011844516
120602040401,2000,0.0,0.0,0.0
120602040401,2001,0.0,0.0,0.0
120602040401,2002,0.0,0.0,0.0
120602040401,2003,0.0,0.0,0.0
120602040401,2004,0.0,0.0,0.0
120602040401,2005,0.0,0.0,0.0
120602040401,2006,0.0,0.0,0.0
120602040401,2007,0.0,0.0,0.0
120602040401,2008,0.0,0.0,0.0
120602040401,2009,0.0,0.0,0.0
120602040401,2010,0.0,0.0,0.0
120602040401,2011,0.0,0.0,0.0
120602040401,2012,0.0,0.0,0.0
120602040401,2013,0.0,0.0,0.0
120602040401,2014,0.0,0.0,0.0
120602040401,2015,0.0,0.0,0.0
120602040401,2016,0.0,0.0,0.0
120602040401,2017,0.0,0.0,0.0
120602040401,2018,0.012504266,0.012504266,0.0
120602040401,2019,0.0,0.0,0.0
120602040401,2020,0.00911324,0.00911324,0.0
120602040402,2000,0.0,0.0,0.0
120602040402,2001,0.0,0.0,0.0
120602040402,2002,0.0,0.0,0.0
120602040402,2003,0.0,0.0,0.0
120602040402,2004,0.0,0.0,0.0
120602040402,2005,0.0,0.0,0.0
120602040402,2006,0.0,0.0,0.0
120602040402,2007,0.0,0.0,0.0
120602040402,2008,0.0,0.0,0.0
120602040402,2009,0.0,0.0,0.0
120602040402,2010,0.0,0.0,0.0
120602040402,2011,0.0,0.0,0.0
120602040402,2012,0.0,0.0,0.0
120602040402,2013,0.0,0.0,0.0
120602040402,2014,0.0,0.0,0.0
120602040402,2015,0.0,0.0,0.0
120602040402,2016,0.0,0.0,0.0
120602040402,2017,0.0,0.0,0.0
120602040402,2018,0.0,0.0,0.0
120602040402,2019,0.0,0.0,0.0
120602040402,2020,0.0,0.0,0.0
120602040403,2000,0.0,0.0,0.0
120602040403,2001,0.0,0.0,0.0
120602040403,2002,0.0,0.0,0.0
120602040403,2003,0.0,0.0,0.0
120602040403,2004,0.0,0.0,0.0
120602040403,2005,0.0,0.0,0.0
120602040403,2006,0.0,0.0,0.0
120602040403,2007,0.0,0.0,0.0
120602040403,2008,0.0,0.0,0.0
120602040403,2009,0.0,0.0,0.0
120602040403,2010,0.0,0.0,0.0
120602040403,2011,0.0,0.0,0.0
120602040403,2012,0.0,0.0,0.0
120602040403,2013,0.0,0.0,0.0
120602040403,2014,0.0,0.0,0.0
120602040403,2015,0.0,0.0,0.0
120602040403,2016,0.0,0.0,0.0
120602040403,2017,0.0,0.0,0.0
120602040403,2018,0.0,0.0,0.0
120602040403,2019,0.0,0.0,0.0
120602040403,2020,0.0,0.0,0.0
120602040404,2000,0.033406117,0.03592053,0.002514492
120602040404,2001,0.062020652,0.066688833,0.004668178
120602040404,2002,0.032097093,0.034513063,0.002415888
120602040404,2003,0.108862616,0.117056438,0.008194071
120602040404,2004,0.017318169,0.018621694,0.001303525
120602040404,2005,0.135954293,0.146187219,0.010233008
120602040404,2006,0.0,0.0,0.0
120602040404,2007,0.014748822,0.015858964,0.00111014
120602040404,2008,0.0,0.0,0.0
120602040404,2009,0.00030857,0.000331827,2.326e-05
120602040404,2010,0.159268247,0.171256205,0.011987959
120602040404,2011,0.097414866,0.10474714,0.007332353
120602040404,2012,0.031666809,0.034050336,0.002383445
120602040404,2013,0.197661493,0.212539247,0.014877753
120602040404,2014,0.443123148,0.476476499,0.033353266
120602040404,2015,0.073940616,0.079506192,0.00556549
120602040404,2016,0.055076691,0.059222219,0.004145525
120602040404,2017,0.045166674,0.04856623,0.003399723
120602040404,2018,0.124446795,0.133813732,0.009367022
120602040404,2019,0.142847129,0.153599,0.010751953
120602040404,2020,0.086456036,0.092963536,0.006507497
120602040405,2000,0.0,0.0,0.0
120602040405,2001,0.0,0.0,0.0
120602040405,2002,0.0,0.0,0.0
120602040405,2003,0.0,0.0,0.0
120602040405,2004,0.0,0.0,0.0
120602040405,2005,0.026460644,0.028452441,0.00199171
120602040405,2006,0.0,0.0,0.0
120602040405,2007,0.0,0.0,0.0
120602040405,2008,0.0,0.0,0.0
120602040405,2009,0.0,0.0,0.0
120602040405,2010,0.0,0.0,0.0
120602040405,2011,0.0,0.0,0.0
120602040405,2012,0.0,0.0,0.0
120602040405,2013,0.099587016,0.107082879,0.007495778
120602040405,2014,0.138183962,0.148584868,0.010400907
120602040405,2015,0.062869627,0.067601775,0.004732063
120602040405,2016,0.0,0.0,0.0
120602040405,2017,0.0,0.0,0.0
120602040405,2018,0.004595244,0.004941214,0.000345885
120602040405,2019,0.125639463,0.135096068,0.009456688
120602040405,2020,0.005410749,0.005926194,0.000515612
120602040406,2000,0.0,0.0,0.0
120602040406,2001,0.0,0.0,0.0
120602040406,2002,0.0,0.0,0.0
120602040406,2003,0.0,0.0,0.0
120602040406,2004,0.0,0.0,0.0
120602040406,2005,0.0,0.0,0.0
120602040406,2006,0.0,0.0,0.0
120602040406,2007,0.000168386,0.000486447,0.000318058
120602040406,2008,0.0,0.0,0.0
120602040406,2009,0.0,0.0,0.0
120602040406,2010,0.0,0.0,0.0
120602040406,2011,0.000726592,0.002099956,0.001373282
120602040406,2012,0.0,0.0,0.0
120602040406,2013,0.0,0.0,0.0
120602040406,2014,0.0,0.0,0.0
120602040406,2015,0.0,0.0,0.0
120602040406,2016,0.0,0.0,0.0
120602040406,2017,0.0,0.0,0.0
120602040406,2018,0.0,0.0,0.0
120602040406,2019,0.0,0.0,0.0
120602040406,2020,0.0,0.0,0.0
120602040407,2000,0.0,0.0,0.0
120602040407,2001,0.0,0.0,0.0
120602040407,2002,0.0,0.0,0.0
120602040407,2003,0.0,0.0,0.0
120602040407,2004,0.0,0.0,0.0
120602040407,2005,0.0,0.0,0.0
120602040407,2006,0.0,0.0,0.0
120602040407,2007,0.044764211,0.129375863,0.084611819
120602040407,2008,0.0,0.0,0.0
120602040407,2009,0.055162066,0.159427992,0.104265926
120602040407,2010,0.0,0.0,0.0
120602040407,2011,0.054786764,0.158343184,0.103556504
120602040407,2012,0.000308822,0.000892456,0.000583719
120602040407,2013,0.0,0.0,0.0
120602040407,2014,0.0,0.0,0.0
120602040407,2015,0.0,0.0,0.0
120602040407,2016,0.0,0.0,0.0
120602040407,2017,0.0,0.0,0.0
120602040407,2018,0.0,0.0,0.0
120602040407,2019,0.156892079,0.453445466,0.296553219
120602040407,2020,0.036176404,0.104555893,0.068379658
120701010101,2000,0.018715402,0.054090945,0.035375374
120701010101,2001,0.01116929,0.032281096,0.021111888
120701010101,2002,0.0,0.0,0.0
120701010101,2003,0.010360384,0.029943542,0.019582992
120701010101,2004,0.0,0.0,0.0
120701010101,2005,0.0,0.0,0.0
120701010101,2006,0.0,0.0,0.0
120701010101,2007,0.0,0.0,0.0
120701010101,2008,0.011890104,0.034364571,0.022474546
120701010101,2009,0.0,0.0,0.0
120701010101,2010,0.0,0.0,0.0
120701010101,2011,0.151509003,0.437887301,0.286378296
120701010101,2012,0.0,0.0,0.0
120701010101,2013,0.144352877,0.417204899,0.272852019
120701010101,2014,0.017540627,0.050695885,0.03315509
120701010101,2015,0.0,0.0,0.0
120701010101,2016,0.0,0.0,0.0
120701010101,2017,0.0,0.0,0.0
120701010101,2018,0.202302847,0.58469006,0.382387214
120701010101,2019,0.172701652,0.499137685,0.326436036
120701010101,2020,0.110730199,0.320029634,0.209299352
120701010102,2000,0.0,0.0,0.0
120701010102,2001,0.170701123,0.175799332,0.005098123
120701010102,2002,0.0,0.0,0.0
120701010102,2003,0.237518197,0.250546584,0.013028474
120701010102,2004,0.0,0.0,0.0
120701010102,2005,0.002338312,0.006758233,0.004420088
120701010102,2006,0.0,0.0,0.0
120701010102,2007,0.0,0.0,0.0
120701010102,2008,0.139534645,0.141515954,0.001981139
120701010102,2009,0.0,0.0,0.0
120701010102,2010,0.021800863,0.041289529,0.019488584
120701010102,2011,0.0,0.0,0.0
120701010102,2012,0.0,0.0,0.0
120701010102,2013,0.0,0.0,0.0
120701010102,2014,0.022521175,0.042653729,0.020132386
120701010102,2015,0.0,0.0,0.0
120701010102,2016,0.0,0.0,0.0
120701010102,2017,0.0,0.0,0.0
120701010102,2018,0.0,0.0,0.0
120701010102,2019,0.049398764,0.051190419,0.001791573
120701010102,2020,0.051656708,0.064249691,0.012592899
120701010103,2000,0.0,0.0,0.0
120701010103,2001,0.000709674,0.000719726,1.0137e-05
120701010103,2002,0.013985266,0.014183896,0.000198633
120701010103,2003,0.020457521,0.020747879,0.000290359
120701010103,2004,7.2691e-05,0.000104,3.1142e-05
120701010103,2005,0.041057668,0.041640655,0.000583071
120701010103,2006,0.0,0.0,0.0
120701010103,2007,0.0,0.0,0.0
120701010103,2008,0.0,0.0,0.0
120701010103,2009,0.0,0.0,0.0
120701010103,2010,0.0,0.0,0.0
120701010103,2011,0.0,0.0,0.0
120701010103,2012,0.0,0.0,0.0
120701010103,2013,0.0,0.0,0.0
120701010103,2014,0.0,0.0,0.0
120701010103,2015,0.0,0.0,0.0
120701010103,2016,0.0,0.0,0.0
120701010103,2017,0.0,0.0,0.0
120701010103,2018,0.0,0.0,0.0
120701010103,2019,0.0,0.0,0.0
120701010103,2020,0.025554391,0.02591729,0.00036273
120701010104,2000,0.194292735,0.197051596,0.002758781
120701010104,2001,0.102261614,0.103713482,0.001451951
120701010104,2002,0.257765649,0.261425468,0.003659904
120701010104,2003,0.204171112,0.207069986,0.002899041
120701010104,2004,0.0,0.0,0.0
120701010104,2005,0.32724206,0.331888444,0.004646466
120701010104,2006,0.0,0.0,0.0
120701010104,2007,0.0,0.0,0.0
120701010104,2008,0.002623112,0.00266059,3.723e-05
120701010104,2009,0.0,0.0,0.0
120701010104,2010,0.04906669,0.049763321,0.000696542
120701010104,2011,0.0,0.0,0.0
120701010104,2012,0.0,0.0,0.0
120701010104,2013,0.0,0.0,0.0
120701010104,2014,0.189484441,0.192175058,0.002690447
120701010104,2015,0.0,0.0,0.0
120701010104,2016,0.02465009,0.025000336,0.000349918
120701010104,2017,0.088246932,0.089499937,0.001253005
120701010104,2018,0.116408773,0.118061526,0.001653003
120701010104,2019,0.28346066,0.287485633,0.004024805
120701010104,2020,0.209712811,0.212690454,0.002977727
120701010105,2000,0.019664301,0.032719186,0.013054885
120701010105,2001,0.005832208,0.016856063,0.01102377
120701010105,2002,0.0,0.0,0.0
120701010105,2003,0.0,0.0,0.0
120701010105,2004,0.0,0.0,0.0
120701010105,2005,0.016142471,0.023914795,0.007772244
120701010105,2006,0.0,0.0,0.0
120701010105,2007,0.0,0.0,0.0
120701010105,2008,0.0,0.0,0.0
120701010105,2009,0.0,0.0,0.0
120701010105,2010,0.0,0.0,0.0
120701010105,2011,0.0,0.0,0.0
120701010105,2012,0.0,0.0,0.0
120701010105,2013,0.0,0.0,0.0
120701010105,2014,0.013270225,0.013458784,0.000188559
120701010105,2015,0.0,0.0,0.0
120701010105,2016,0.0,0.0,0.0
120701010105,2017,0.0,0.0,0.0
120701010105,2018,0.251830148,0.49378477,0.241954463
120701010105,2019,0.006983493,0.020183449,0.013199953
120701010105,2020,0.059694415,0.135669055,0.075974803
120701010106,2000,0.128839413,0.130668691,0.001829361
120701010106,2001,0.0,0.0,0.0
120701010106,2002,0.0,0.0,0.0
120701010106,2003,0.0,0.0,0.0
120701010106,2004,0.0,0.0,0.0
120701010106,2005,0.157425386,0.1596606,0.002235384
120701010106,2006,0.0,0.0,0.0
120701010106,2007,0.0,0.0,0.0
120701010106,2008,0.0,0.0,0.0
120701010106,2009,0.0,0.0,0.0
120701010106,2010,0.0,0.0,0.0
120701010106,2011,0.0,0.0,0.0
120701010106,2012,0.0,0.0,0.0
120701010106,2013,0.0,0.0,0.0
120701010106,2014,0.062553052,0.115838893,0.053285926
120701010106,2015,0.0,0.0,0.0
120701010106,2016,0.0,0.0,0.0
120701010106,2017,0.0,0.0,0.0
120701010106,2018,0.142466488,0.206473307,0.064006819
120701010106,2019,0.136541679,0.224206318,0.087664638
120701010106,2020,0.126672052,0.290532126,0.163860243
120701010107,2000,0.36328373,0.368441877,0.005158068
120701010107,2001,0.77312794,0.784105332,0.010977479
120701010107,2002,0.141882266,0.143896808,0.002014458
120701010107,2003,0.0,0.0,0.0
120701010107,2004,0.0,0.0,0.0
120701010107,2005,0.449827732,0.456214622,0.006387142
120701010107,2006,0.0,0.0,0.0
120701010107,2007,0.0,0.0,0.0
120701010107,2008,5.4986e-05,5.5571e-05,7.51e-07
120701010107,2009,0.09185534,0.093159707,0.001304285
120701010107,2010,0.894022164,0.906716047,0.012694214
120701010107,2011,0.0,0.0,0.0
120701010107,2012,0.0,0.0,0.0
120701010107,2013,0.0,0.0,0.0
120701010107,2014,0.919626071,0.932683512,0.013057605
120701010107,2015,0.0,0.0,0.0
120701010107,2016,0.0,0.0,0.0
120701010107,2017,0.209357773,0.212330701,0.002972592
120701010107,2018,0.624790326,0.633661515,0.008871271
120701010107,2019,0.146973416,0.149060258,0.002086838
120701010107,2020,0.601929861,0.610476366,0.008546757
120701010108,2000,0.0,0.0,0.0
120701010108,2001,0.0,0.0,0.0
120701010108,2002,0.0,0.0,0.0
120701010108,2003,0.0,0.0,0.0
120701010108,2004,0.0,0.0,0.0
120701010108,2005,0.0,0.0,0.0
120701010108,2006,0.0,0.0,0.0
120701010108,2007,0.0,0.0,0.0
120701010108,2008,0.0,0.0,0.0
120701010108,2009,0.0,0.0,0.0
120701010108,2010,0.0,0.0,0.0
120701010108,2011,0.0,0.0,0.0
120701010108,2012,0.0,0.0,0.0
120701010108,2013,0.0,0.0,0.0
120701010108,2014,0.0,0.0,0.0
120701010108,2015,0.0,0.0,0.0
120701010108,2016,0.0,0.0,0.0
120701010108,2017,0.0,0.0,0.0
120701010108,2018,0.181239608,0.183812849,0.002573326
120701010108,2019,0.33544497,0.342290852,0.0068458
120701010108,2020,0.175158227,0.177645328,0.002486934
120701010109,2000,0.248772825,0.252305126,0.003532385
120701010109,2001,0.12972691,0.131568814,0.001841986
120701010109,2002,0.0,0.0,0.0
120701010109,2003,0.074391868,0.075448025,0.001056326
120701010109,2004,0.039745995,0.040310251,0.000564342
120701010109,2005,0.170924236,0.173351222,0.00242691
120701010109,2006,0.0,0.0,0.0
120701010109,2007,0.050394041,0.051109504,0.000715463
120701010109,2008,0.217836462,0.220929385,0.003093005
120701010109,2009,0.1950442,0.197813542,0.002769427
120701010109,2010,0.0,0.0,0.0
120701010109,2011,0.0,0.0,0.0
120701010109,2012,0.0,0.0,0.0
120701010109,2013,0.0,0.0,0.0
120701010109,2014,0.0,0.0,0.0
120701010109,2015,0.051858581,0.052594926,0.00073626
120701010109,2016,0.0,0.0,0.0
120701010109,2017,0.0,0.0,0.0
120701010109,2018,0.502910995,0.510051773,0.007140693
120701010109,2019,0.372321556,0.377608107,0.005286466
120701010109,2020,0.501741098,0.508865407,0.007124139
120701010110,2000,0.119632721,0.121331434,0.001698628
120701010110,2001,0.05815726,0.058982989,0.000825814
120701010110,2002,0.04069037,0.041268208,0.000577753
120701010110,2003,0.019703121,0.019982937,0.000279816
120701010110,2004,0.018577284,0.018841044,0.000263678
120701010110,2005,0.042165515,0.042764088,0.000598658
120701010110,2006,0.0,0.0,0.0
120701010110,2007,0.0,0.0,0.0
120701010110,2008,7.2779e-05,7.3691e-05,1.082e-06
120701010110,2009,0.10039654,0.101821956,0.001425499
120701010110,2010,0.0,0.0,0.0
120701010110,2011,0.0,0.0,0.0
120701010110,2012,0.133462153,0.135357287,0.001895046
120701010110,2013,0.181191682,0.183764397,0.00257263
120701010110,2014,0.0,0.0,0.0
120701010110,2015,0.017736666,0.017988515,0.000251852
120701010110,2016,0.0,0.0,0.0
120701010110,2017,0.0,0.0,0.0
120701010110,2018,2.2233e-05,2.2485e-05,3.34e-07
120701010110,2019,0.090054389,0.091333071,0.001278597
120701010110,2020,0.01105818,0.011215232,0.000157052
120701010111,2000,0.080598749,0.081743071,0.001144404
120701010111,2001,0.779130781,0.790193384,0.011062685
120701010111,2002,0.177442304,0.179961759,0.00251954
120701010111,2003,0.02973229,0.030154356,0.000422238
120701010111,2004,0.253927926,0.257533497,0.003605486
120701010111,2005,1.596692696,1.619363885,0.022671189
120701010111,2006,0.414477951,0.420363186,0.005884981
120701010111,2007,0.098478858,0.099877151,0.001398293
120701010111,2008,0.777000975,0.788033481,0.011032505
120701010111,2009,0.371319219,0.37659137,0.005272233
120701010111,2010,1.201142918,1.218197622,0.017054789
120701010111,2011,0.71349289,0.723623551,0.010130745
120701010111,2012,0.0,0.0,0.0
120701010111,2013,0.0,0.0,0.0
120701010111,2014,1.140615493,1.156810915,0.016195422
120701010111,2015,0.0,0.0,0.0
120701010111,2016,0.303358934,0.307666191,0.004307342
120701010111,2017,0.652975496,0.662246986,0.00927149
120701010111,2018,0.319524521,0.324061395,0.004536786
120701010111,2019,1.064778973,1.079897411,0.015118605
120701010111,2020,0.518942459,0.52631097,0.007368342
120701010201,2000,0.115559555,0.116963137,0.001403582
120701010201,2001,0.0,0.0,0.0
120701010201,2002,0.10904283,0.110367156,0.001324411
120701010201,2003,0.0,0.0,0.0
120701010201,2004,0.0,0.0,0.0
120701010201,2005,0.0,0.0,0.0
120701010201,2006,0.0,0.0,0.0
120701010201,2007,0.0,0.0,0.0
120701010201,2008,0.0,0.0,0.0
120701010201,2009,0.10593949,0.112342964,0.006403559
120701010201,2010,0.0,0.0,0.0
120701010201,2011,0.468787477,0.475443732,0.006656173
120701010201,2012,0.0,0.0,0.0
120701010201,2013,0.0,0.0,0.0
120701010201,2014,0.0,0.0,0.0
120701010201,2015,0.0,0.0,0.0
120701010201,2016,0.0,0.0,0.0
120701010201,2017,0.0,0.0,0.0
120701010201,2018,0.342405444,0.429617805,0.087212279
120701010201,2019,0.419393553,0.432810745,0.013417101
120701010201,2020,0.000423484,0.000581057,0.000157574
120701010202,2000,0.0,0.0,0.0
120701010202,2001,0.0,0.0,0.0
120701010202,2002,0.0,0.0,0.0
120701010202,2003,0.075492523,0.075492523,0.0
120701010202,2004,0.001116158,0.001116158,0.0
120701010202,2005,0.0,0.0,0.0
120701010202,2006,0.195144671,0.195144671,0.0
120701010202,2007,0.033134973,0.033134973,0.0
120701010202,2008,0.105110751,0.105110751,0.0
120701010202,2009,0.0403398,0.0403398,0.0
120701010202,2010,0.0,0.0,0.0
120701010202,2011,0.0,0.0,0.0
120701010202,2012,0.0,0.0,0.0
120701010202,2013,0.0,0.0,0.0
120701010202,2014,0.0,0.0,0.0
120701010202,2015,0.0,0.0,0.0
120701010202,2016,0.0,0.0,0.0
120701010202,2017,0.0,0.0,0.0
120701010202,2018,0.065790334,0.065790334,0.0
120701010202,2019,0.13156623,0.13156623,0.0
120701010202,2020,0.053427189,0.053427189,0.0
120701010203,2000,0.006830339,0.006927115,9.7112e-05
120701010203,2001,0.0,0.0,0.0
120701010203,2002,0.0,0.0,0.0
120701010203,2003,0.0,0.0,0.0
120701010203,2004,0.040695773,0.040695773,0.0
120701010203,2005,0.0,0.0,0.0
120701010203,2006,0.304948279,0.305253586,0.000305307
120701010203,2007,0.029973162,0.029973162,0.0
120701010203,2008,0.053538454,0.053538454,0.0
120701010203,2009,0.002839896,0.002839896,0.0
120701010203,2010,0.04722291,0.04722291,0.0
120701010203,2011,0.12450051,0.12450051,0.0
120701010203,2012,0.048196314,0.048196314,0.0
120701010203,2013,0.0,0.0,0.0
120701010203,2014,0.0,0.0,0.0
120701010203,2015,0.0,0.0,0.0
120701010203,2016,0.0,0.0,0.0
120701010203,2017,0.0,0.0,0.0
120701010203,2018,0.486353197,0.486353197,0.0
120701010203,2019,0.216509855,0.216509855,0.0
120701010203,2020,0.037848131,0.038191795,0.000343749
120701010204,2000,0.015923336,0.015923336,0.0
120701010204,2001,0.0,0.0,0.0
120701010204,2002,0.0,0.0,0.0
120701010204,2003,0.0,0.0,0.0
120701010204,2004,0.0,0.0,0.0
120701010204,2005,0.0,0.0,0.0
120701010204,2006,0.109286871,0.109286871,0.0
120701010204,2007,0.033259225,0.033259225,0.0
120701010204,2008,0.033606926,0.033606926,0.0
120701010204,2009,0.0,0.0,0.0
120701010204,2010,0.101220756,0.101220756,0.0
120701010204,2011,0.0,0.0,0.0
120701010204,2012,0.0,0.0,0.0
120701010204,2013,0.0,0.0,0.0
120701010204,2014,0.0,0.0,0.0
120701010204,2015,0.0,0.0,0.0
120701010204,2016,0.0,0.0,0.0
120701010204,2017,0.0,0.0,0.0
120701010204,2018,0.0,0.0,0.0
120701010204,2019,0.0,0.0,0.0
120701010204,2020,0.0,0.0,0.0
120701010205,2000,0.0,0.0,0.0
120701010205,2001,0.0,0.0,0.0
120701010205,2002,0.0,0.0,0.0
120701010205,2003,0.0,0.0,0.0
120701010205,2004,0.0,0.0,0.0
120701010205,2005,0.0,0.0,0.0
120701010205,2006,0.060592545,0.061452929,0.000860216
120701010205,2007,0.036325425,0.03684111,0.00051577
120701010205,2008,0.0,0.0,0.0
120701010205,2009,0.0,0.0,0.0
120701010205,2010,0.0,0.0,0.0
120701010205,2011,0.0,0.0,0.0
120701010205,2012,0.0,0.0,0.0
120701010205,2013,0.0,0.0,0.0
120701010205,2014,0.0,0.0,0.0
120701010205,2015,0.0,0.0,0.0
120701010205,2016,0.0,0.0,0.0
120701010205,2017,0.0,0.0,0.0
120701010205,2018,0.037797532,0.038256501,0.000459049
120701010205,2019,0.0,0.0,0.0
120701010205,2020,0.04447471,0.044969372,0.000494577
120701010206,2000,0.000395604,0.000405754,1.0235e-05
120701010206,2001,0.0,0.0,0.0
120701010206,2002,0.000477282,0.000484049,6.767e-06
120701010206,2003,0.0,0.0,0.0
120701010206,2004,0.053106287,0.057474404,0.004368117
120701010206,2005,0.0,0.0,0.0
120701010206,2006,0.0,0.0,0.0
120701010206,2007,0.0,0.0,0.0
120701010206,2008,0.0,0.0,0.0
120701010206,2009,0.000320633,0.000325129,4.581e-06
120701010206,2010,0.0,0.0,0.0
120701010206,2011,0.576865362,0.602785077,0.025919803
120701010206,2012,0.0,0.0,0.0
120701010206,2013,0.0,0.0,0.0
120701010206,2014,0.0,0.0,0.0
120701010206,2015,0.0,0.0,0.0
120701010206,2016,0.0,0.0,0.0
120701010206,2017,0.0,0.0,0.0
120701010206,2018,0.444607282,0.585780351,0.141173068
120701010206,2019,0.769734337,0.82767143,0.057937005
120701010206,2020,0.25088718,0.292750404,0.041863309
120701010207,2000,0.0,0.0,0.0
120701010207,2001,0.0,0.0,0.0
120701010207,2002,0.0,0.0,0.0
120701010207,2003,0.0,0.0,0.0
120701010207,2004,0.038951932,0.039505077,0.000553145
120701010207,2005,0.0,0.0,0.0
120701010207,2006,0.0,0.0,0.0
120701010207,2007,0.0,0.0,0.0
120701010207,2008,0.0,0.0,0.0
120701010207,2009,0.0,0.0,0.0
120701010207,2010,0.0,0.0,0.0
120701010207,2011,0.14508234,0.147142268,0.002060011
120701010207,2012,0.0,0.0,0.0
120701010207,2013,0.0,0.0,0.0
120701010207,2014,0.0,0.0,0.0
120701010207,2015,0.0,0.0,0.0
120701010207,2016,0.0,0.0,0.0
120701010207,2017,0.0,0.0,0.0
120701010207,2018,0.264443652,0.268198397,0.003754997
120701010207,2019,0.219663726,0.222782674,0.003119033
120701010207,2020,0.259895732,0.263586038,0.003690221
120701010208,2000,0.0,0.0,0.0
120701010208,2001,0.049591219,0.050295425,0.000704123
120701010208,2002,0.0,0.0,0.0
120701010208,2003,0.0,0.0,0.0
120701010208,2004,0.035850727,0.036359656,0.000509014
120701010208,2005,0.073429493,0.074472063,0.001042655
120701010208,2006,0.127379066,0.129187729,0.001808745
120701010208,2007,0.028412214,0.028815611,0.000403567
120701010208,2008,0.053078284,0.053831885,0.000753601
120701010208,2009,0.0,0.0,0.0
120701010208,2010,0.0,0.0,0.0
120701010208,2011,0.392447433,0.398019753,0.005572323
120701010208,2012,0.0,0.0,0.0
120701010208,2013,0.0,0.0,0.0
120701010208,2014,0.0,0.0,0.0
120701010208,2015,0.018118562,0.01837583,0.000257268
120701010208,2016,0.0336515,0.034129254,0.000477839
120701010208,2017,0.0,0.0,0.0
120701010208,2018,0.700983784,0.710936918,0.009953134
120701010208,2019,0.159026677,0.161284633,0.002257956
120701010208,2020,0.413778661,0.419653833,0.005875172
120701010301,2000,0.001954923,0.001982787,2.7697e-05
120701010301,2001,0.381330378,0.386744751,0.00541437
120701010301,2002,0.000395647,0.000401277,5.545e-06
120701010301,2003,0.0,0.0,0.0
120701010301,2004,0.054091358,0.054859262,0.000768071
120701010301,2005,0.52041823,0.52780754,0.007389225
120701010301,2006,0.172603523,0.175054433,0.002450827
120701010301,2007,0.030883403,0.031321921,0.000438518
120701010301,2008,0.243860145,0.247322699,0.003462473
120701010301,2009,0.090114781,0.091394312,0.001279449
120701010301,2010,0.001959148,0.001987121,2.7803e-05
120701010301,2011,0.139309184,0.14128723,0.001978049
120701010301,2012,0.00091303,0.00092594,1.3077e-05
120701010301,2013,0.0,0.0,0.0
120701010301,2014,0.202140474,0.205010841,0.0028702
120701010301,2015,5.7142e-05,5.7981e-05,7.53e-07
120701010301,2016,0.033461331,0.033936473,0.000475137
120701010301,2017,0.039788553,0.040353523,0.000565052
120701010301,2018,0.457526312,0.464022523,0.006496296
120701010301,2019,0.95759137,0.971187989,0.013596619
120701010301,2020,0.765366751,0.776233995,0.010867246
120701010302,2000,0.593493478,0.601920456,0.008426899
120701010302,2001,1.79064414,1.816068956,0.025425066
120701010302,2002,0.0,0.0,0.0
120701010302,2003,0.076375455,0.077459704,0.001084504
120701010302,2004,0.448550208,0.454919082,0.006369038
120701010302,2005,1.975511019,2.003560797,0.02804986
120701010302,2006,0.956609233,0.970191986,0.013582751
120701010302,2007,0.128882304,0.130712326,0.00182994
120701010302,2008,1.035509456,1.050212404,0.01470303
120701010302,2009,1.476274751,1.497236225,0.020961222
120701010302,2010,0.774469852,0.785466373,0.010996605
120701010302,2011,0.857537655,0.869713542,0.012175973
120701010302,2012,0.0,0.0,0.0
120701010302,2013,0.44041526,0.446668559,0.006253299
120701010302,2014,1.071345707,1.086557512,0.015211805
120701010302,2015,0.182135356,0.184721293,0.002586189
120701010302,2016,0.512497546,0.519774445,0.007276811
120701010302,2017,0.843116148,0.85508731,0.011971074
120701010302,2018,1.484949868,1.506034307,0.021084447
120701010302,2019,0.987968112,1.001996178,0.014028066
120701010302,2020,1.429246598,1.449540287,0.020293516
120701010303,2000,0.0,0.0,0.0
120701010303,2001,0.0,0.0,0.0
120701010303,2002,0.031791263,0.031791263,0.0
120701010303,2003,0.060545063,0.060545063,0.0
120701010303,2004,0.027286842,0.027286842,0.0
120701010303,2005,0.0,0.0,0.0
120701010303,2006,0.12128331,0.12128331,0.0
120701010303,2007,0.0,0.0,0.0
120701010303,2008,0.0,0.0,0.0
120701010303,2009,0.0,0.0,0.0
120701010303,2010,0.0,0.0,0.0
120701010303,2011,0.0,0.0,0.0
120701010303,2012,0.0,0.0,0.0
120701010303,2013,0.0,0.0,0.0
120701010303,2014,0.0,0.0,0.0
120701010303,2015,0.0,0.0,0.0
120701010303,2016,0.0,0.0,0.0
120701010303,2017,0.0,0.0,0.0
120701010303,2018,1.836e-06,1.836e-06,0.0
120701010303,2019,0.0,0.0,0.0
120701010303,2020,0.0,0.0,0.0
120701010304,2000,0.0,0.0,0.0
120701010304,2001,0.0,0.0,0.0
120701010304,2002,0.0,0.0,0.0
120701010304,2003,0.0,0.0,0.0
120701010304,2004,0.0,0.0,0.0
120701010304,2005,0.0,0.0,0.0
120701010304,2006,0.0,0.0,0.0
120701010304,2007,0.0,0.0,0.0
120701010304,2008,0.0,0.0,0.0
120701010304,2009,0.0,0.0,0.0
120701010304,2010,0.0,0.0,0.0
120701010304,2011,0.0,0.0,0.0
120701010304,2012,0.0,0.0,0.0
120701010304,2013,0.0,0.0,0.0
120701010304,2014,0.0,0.0,0.0
120701010304,2015,0.0,0.0,0.0
120701010304,2016,0.0,0.0,0.0
120701010304,2017,0.0,0.0,0.0
120701010304,2018,0.009263255,0.009394841,0.000131419
120701010304,2019,0.064745159,0.065597997,0.000852753
120701010304,2020,0.012831809,0.013000702,0.000169057
120701010305,2000,0.73729656,0.758535292,0.021238984
120701010305,2001,0.471690797,0.48627923,0.014588351
120701010305,2002,0.031005986,0.03196491,0.000958923
120701010305,2003,0.231408951,0.23856591,0.007156877
120701010305,2004,0.198555716,0.202401219,0.003845669
120701010305,2005,0.476648156,0.486872397,0.010224326
120701010305,2006,0.575911378,0.587065649,0.011154356
120701010305,2007,0.308536238,0.317097825,0.008561671
120701010305,2008,0.191674803,0.194989645,0.003314842
120701010305,2009,0.331423737,0.337155296,0.005731641
120701010305,2010,0.611115323,0.626784882,0.015669729
120701010305,2011,0.601560712,0.613211786,0.011650989
120701010305,2012,0.453189546,0.464809675,0.01162021
120701010305,2013,0.522956871,0.536365962,0.01340909
120701010305,2014,0.36725963,0.375521027,0.008261562
120701010305,2015,0.556191038,0.571624827,0.015433871
120701010305,2016,0.269748751,0.278091434,0.00834285
120701010305,2017,0.272546005,0.277259216,0.004713293
120701010305,2018,2.266948671,2.32031606,0.053367304
120701010305,2019,0.746612271,0.767330145,0.020717877
120701010305,2020,2.72398359,2.790966746,0.066983156
120701010401,2000,0.05683768,0.057644724,0.000807044
120701010401,2001,0.046477984,0.047137923,0.00065994
120701010401,2002,0.014625036,0.017025595,0.002400644
120701010401,2003,0.033874321,0.034355268,0.000480948
120701010401,2004,0.045782145,0.04906973,0.003287669
120701010401,2005,0.044662499,0.045296819,0.000634153
120701010401,2006,0.012315408,0.012490178,0.000174852
120701010401,2007,0.008088515,0.008203367,0.000114852
120701010401,2008,0.188367981,0.192802639,0.004434571
120701010401,2009,0.144414589,0.146465222,0.002050548
120701010401,2010,0.0,0.0,0.0
120701010401,2011,0.074581896,0.075640918,0.001058937
120701010401,2012,0.175928161,0.179518623,0.003590544
120701010401,2013,0.250509345,0.254066282,0.003556852
120701010401,2014,0.0,0.0,0.0
120701010401,2015,0.024557312,0.024905978,0.000348581
120701010401,2016,0.0,0.0,0.0
120701010401,2017,0.0,0.0,0.0
120701010401,2018,0.599301471,0.671862688,0.072561225
120701010401,2019,0.831777436,0.88486946,0.053092277
120701010401,2020,0.248139175,0.28554574,0.037406484
120701010402,2000,0.002782156,0.002821754,3.9516e-05
120701010402,2001,0.0,0.0,0.0
120701010402,2002,0.095595945,0.096953455,0.001357337
120701010402,2003,0.000377589,0.000382778,5.441e-06
120701010402,2004,0.055547098,0.056335866,0.000788601
120701010402,2005,0.0,0.0,0.0
120701010402,2006,0.195040025,0.19780934,0.002769312
120701010402,2007,0.039918323,0.040485047,0.000566726
120701010402,2008,0.165942227,0.168298298,0.002356071
120701010402,2009,0.127850422,0.129665792,0.001815367
120701010402,2010,0.273190499,0.27706957,0.003878989
120701010402,2011,0.007870795,0.007982537,0.00011191
120701010402,2012,0.385376885,0.390848814,0.005471932
120701010402,2013,0.064519803,0.065435822,0.000916101
120701010402,2014,0.0,0.0,0.0
120701010402,2015,0.084652534,0.085854567,0.001202033
120701010402,2016,0.265641721,0.269413516,0.00377188
120701010402,2017,0.0,0.0,0.0
120701010402,2018,0.45689851,0.4633858,0.006487458
120701010402,2019,0.948353433,0.961818926,0.013465411
120701010402,2020,0.615087522,0.623820861,0.008733421
120701010403,2000,0.12716571,0.129760937,0.002595221
120701010403,2001,0.141682967,0.146065041,0.004381827
120701010403,2002,0.280728781,0.28733757,0.006608871
120701010403,2003,0.279567397,0.284982145,0.005414666
120701010403,2004,0.132132844,0.135243372,0.003110527
120701010403,2005,0.063601419,0.065636222,0.002034721
120701010403,2006,0.554586578,0.57351254,0.018925962
120701010403,2007,0.090471488,0.093173353,0.002702115
120701010403,2008,0.417553107,0.428259492,0.010706552
120701010403,2009,0.154619874,0.163273285,0.008653496
120701010403,2010,0.706857455,0.744060575,0.037203036
120701010403,2011,0.215750101,0.223112904,0.007362638
120701010403,2012,0.16085535,0.166862306,0.006006954
120701010403,2013,0.052693721,0.053441921,0.000748197
120701010403,2014,0.000334882,0.000340071,5.189e-06
120701010403,2015,0.109649871,0.112116175,0.002466474
120701010403,2016,0.081291208,0.083546754,0.002255795
120701010403,2017,0.0,0.0,0.0
120701010403,2018,0.786896827,0.816282951,0.0293862
120701010403,2019,0.503493556,0.525019466,0.021525827
120701010403,2020,0.605465311,0.617821902,0.012356423
120701010404,2000,0.0,0.0,0.0
120701010404,2001,0.0,0.0,0.0
120701010404,2002,0.024025496,0.024366666,0.00034117
120701010404,2003,0.000142721,0.000150816,8.014e-06
120701010404,2004,0.027432552,0.027963937,0.000531385
120701010404,2005,0.014783548,0.015383449,0.000599984
120701010404,2006,0.246377682,0.250638532,0.004260849
120701010404,2007,0.019534827,0.020015082,0.000480425
120701010404,2008,0.0,0.0,0.0
120701010404,2009,0.047804082,0.048482893,0.000678729
120701010404,2010,0.08536783,0.088555786,0.003188038
120701010404,2011,0.108114271,0.111919458,0.003805277
120701010404,2012,0.237666932,0.244765046,0.007098197
120701010404,2013,0.194244255,0.20087306,0.006628805
120701010404,2014,0.033144879,0.033855658,0.000710945
120701010404,2015,0.039153134,0.040447452,0.001294318
120701010404,2016,0.0,0.0,0.0
120701010404,2017,0.0,0.0,0.0
120701010404,2018,0.243308548,0.251872381,0.008563671
120701010404,2019,0.468699732,0.487213866,0.018514052
120701010404,2020,0.133153604,0.139867257,0.006713568
120701010405,2000,0.14484777,0.148105992,0.003258303
120701010405,2001,0.174060384,0.182453252,0.008392784
120701010405,2002,0.239235285,0.249463362,0.010228077
120701010405,2003,0.18000589,0.18967969,0.009673548
120701010405,2004,0.07300647,0.077010989,0.004004519
120701010405,2005,0.203490975,0.21219086,0.0086998
120701010405,2006,0.208169504,0.214607762,0.00643834
120701010405,2007,0.130910052,0.136222674,0.005312792
120701010405,2008,0.281741049,0.294708227,0.012967093
120701010405,2009,0.071062901,0.075040052,0.003977068
120701010405,2010,0.460154652,0.484883718,0.024729151
120701010405,2011,0.0,0.0,0.0
120701010405,2012,0.0,0.0,0.0
120701010405,2013,0.0,0.0,0.0
120701010405,2014,0.0,0.0,0.0
120701010405,2015,0.045442329,0.047985485,0.002543156
120701010405,2016,0.042889063,0.044863189,0.001973959
120701010405,2017,0.048633258,0.051355036,0.002721852
120701010405,2018,0.196005148,0.204811948,0.008806964
120701010405,2019,0.189741203,0.196623049,0.006881847
120701010405,2020,1.052419082,1.072802336,0.020383087
120701010501,2000,0.0,0.0,0.0
120701010501,2001,0.0,0.0,0.0
120701010501,2002,0.0,0.0,0.0
120701010501,2003,0.0,0.0,0.0
120701010501,2004,0.0,0.0,0.0
120701010501,2005,0.0,0.0,0.0
120701010501,2006,0.0,0.0,0.0
120701010501,2007,0.0,0.0,0.0
120701010501,2008,0.000403003,0.000415462,1.2459e-05
120701010501,2009,0.000794874,0.000819556,2.4595e-05
120701010501,2010,0.0,0.0,0.0
120701010501,2011,5.685e-06,5.767e-06,0.0
120701010501,2012,0.0,0.0,0.0
120701010501,2013,0.001038321,0.001070518,3.2197e-05
120701010501,2014,0.000977378,0.001007816,3.0268e-05
120701010501,2015,0.000287627,0.00029643,8.805e-06
120701010501,2016,0.00043723,0.000450631,1.3571e-05
120701010501,2017,0.000548348,0.000565132,1.6951e-05
120701010501,2018,0.00065397,0.000674282,2.023e-05
120701010501,2019,0.000725937,0.000748151,2.2548e-05
120701010501,2020,0.000896413,0.000924399,2.7653e-05
120701010502,2000,0.0,0.0,0.0
120701010502,2001,0.0,0.0,0.0
120701010502,2002,0.0,0.0,0.0
120701010502,2003,0.0,0.0,0.0
120701010502,2004,0.0,0.0,0.0
120701010502,2005,0.0,0.0,0.0
120701010502,2006,0.0,0.0,0.0
120701010502,2007,0.0,0.0,0.0
120701010502,2008,0.0,0.0,0.0
120701010502,2009,0.0,0.0,0.0
120701010502,2010,0.0,0.0,0.0
120701010502,2011,0.0,0.0,0.0
120701010502,2012,0.0,0.0,0.0
120701010502,2013,0.0,0.0,0.0
120701010502,2014,0.0,0.0,0.0
120701010502,2015,0.0,0.0,0.0
120701010502,2016,0.0,0.0,0.0
120701010502,2017,0.0,0.0,0.0
120701010502,2018,0.0,0.0,0.0
120701010502,2019,0.0,0.0,0.0
120701010502,2020,0.0,0.0,0.0
120701010503,2000,0.282306923,0.291037984,0.008731139
120701010503,2001,0.271549551,0.279948066,0.008398345
120701010503,2002,0.232167019,0.239347463,0.007180362
120701010503,2003,0.0,0.0,0.0
120701010503,2004,0.173903699,0.179282085,0.005378467
120701010503,2005,0.298498797,0.307730803,0.009232005
120701010503,2006,0.278282329,0.286889148,0.008606734
120701010503,2007,0.0,0.0,0.0
120701010503,2008,0.527466339,0.543779749,0.016313325
120701010503,2009,0.404189647,0.416690452,0.012500805
120701010503,2010,0.362801975,0.374022679,0.011220701
120701010503,2011,0.733136537,0.755810822,0.02267437
120701010503,2012,0.0,0.0,0.0
120701010503,2013,0.666561115,0.687176359,0.020615329
120701010503,2014,0.415305104,0.428149378,0.012844608
120701010503,2015,0.347489011,0.358236255,0.010747162
120701010503,2016,0.266483262,0.274724825,0.00824173
120701010503,2017,0.390194118,0.402261953,0.012067918
120701010503,2018,0.349345364,0.360149918,0.010804556
120701010503,2019,0.350176249,0.361006238,0.010830156
120701010503,2020,0.382596631,0.394429661,0.011832779
120701010504,2000,0.691240432,0.723811992,0.032571484
120701010504,2001,0.492565353,0.508848573,0.016283137
120701010504,2002,0.387329578,0.406005912,0.018676252
120701010504,2003,0.69837943,0.723709241,0.025329811
120701010504,2004,0.655397281,0.676364781,0.020967249
120701010504,2005,0.155477208,0.162633129,0.007155838
120701010504,2006,0.120119992,0.125648507,0.0055286
120701010504,2007,0.379818888,0.391565827,0.011747022
120701010504,2008,0.924033123,0.970623085,0.046589964
120701010504,2009,0.227870296,0.239108542,0.011238247
120701010504,2010,1.046622652,1.094793545,0.048170978
120701010504,2011,0.749673022,0.776863271,0.027190252
120701010504,2012,0.286011426,0.294857126,0.008845699
120701010504,2013,0.627268299,0.648674573,0.021406359
120701010504,2014,0.644237296,0.67743129,0.033194159
120701010504,2015,0.294137921,0.303234795,0.009097038
120701010504,2016,0.252019172,0.25981373,0.007794478
120701010504,2017,0.625286162,0.648637195,0.023351033
120701010504,2018,0.703438521,0.725942734,0.022504129
120701010504,2019,1.422175096,1.472230893,0.050055795
120701010504,2020,0.339354134,0.357968596,0.018614377
120701010601,2000,0.017071822,0.017599888,0.000527981
120701010601,2001,0.0,0.0,0.0
120701010601,2002,0.019881195,0.020495915,0.000614973
120701010601,2003,0.0,0.0,0.0
120701010601,2004,0.008743388,0.009013806,0.000270336
120701010601,2005,0.0,0.0,0.0
120701010601,2006,0.028112016,0.028981419,0.0008694
120701010601,2007,0.0,0.0,0.0
120701010601,2008,0.028109653,0.028978948,0.000869459
120701010601,2009,0.024468414,0.025225214,0.000756715
120701010601,2010,0.0,0.0,0.0
120701010601,2011,0.053050164,0.05469109,0.001640668
120701010601,2012,0.0,0.0,0.0
120701010601,2013,0.0,0.0,0.0
120701010601,2014,0.0,0.0,0.0
120701010601,2015,0.0,0.0,0.0
120701010601,2016,0.0,0.0,0.0
120701010601,2017,0.0,0.0,0.0
120701010601,2018,0.014685636,0.015139814,0.000454178
120701010601,2019,0.008932499,0.009208677,0.000276266
120701010601,2020,0.010922057,0.01125988,0.00033774
120701010602,2000,0.0,0.0,0.0
120701010602,2001,0.0,0.0,0.0
120701010602,2002,0.0,0.0,0.0
120701010602,2003,0.0,0.0,0.0
120701010602,2004,0.0,0.0,0.0
120701010602,2005,0.0,0.0,0.0
120701010602,2006,0.0,0.0,0.0
120701010602,2007,0.0,0.0,0.0
120701010602,2008,0.0,0.0,0.0
120701010602,2009,0.0,0.0,0.0
120701010602,2010,0.0,0.0,0.0
120701010602,2011,0.0,0.0,0.0
120701010602,2012,0.0,0.0,0.0
120701010602,2013,0.0,0.0,0.0
120701010602,2014,0.0,0.0,0.0
120701010602,2015,0.0,0.0,0.0
120701010602,2016,0.0,0.0,0.0
120701010602,2017,0.0,0.0,0.0
120701010602,2018,0.0,0.0,0.0
120701010602,2019,0.0,0.0,0.0
120701010602,2020,0.0,0.0,0.0
120701010603,2000,2.428544025,2.506237358,0.077693418
120701010603,2001,5.324419882,5.489092679,0.164672797
120701010603,2002,5.187280271,5.347711608,0.160431334
120701010603,2003,4.019614252,4.143932033,0.124317863
120701010603,2004,3.220687779,3.323723311,0.103035448
120701010603,2005,6.96750346,7.190406068,0.222902608
120701010603,2006,6.432986395,6.631944789,0.198958395
120701010603,2007,3.718194493,3.833190348,0.114995767
120701010603,2008,7.706750986,7.945104169,0.238353016
120701010603,2009,6.863158104,7.075420636,0.212262699
120701010603,2010,7.03496223,7.252538337,0.217576107
120701010603,2011,13.975184638,14.422274953,0.447090644
120701010603,2012,3.54601097,3.655681484,0.109670347
120701010603,2013,9.380791482,9.680899356,0.300107874
120701010603,2014,8.740474271,9.010798066,0.270323959
120701010603,2015,2.954536553,3.045914033,0.091377392
120701010603,2016,5.283665404,5.447077746,0.163412342
120701010603,2017,6.849155619,7.060985337,0.211829468
120701010603,2018,10.348089405,10.66813337,0.320043964
120701010603,2019,5.796457984,5.975729742,0.179271926
120701010603,2020,10.491626738,10.827272251,0.335645514
120701010604,2000,0.0,0.0,0.0
120701010604,2001,0.0,0.0,0.0
120701010604,2002,0.0,0.0,0.0
120701010604,2003,0.0,0.0,0.0
120701010604,2004,0.0,0.0,0.0
120701010604,2005,0.0,0.0,0.0
120701010604,2006,0.0,0.0,0.0
120701010604,2007,0.0,0.0,0.0
120701010604,2008,0.0,0.0,0.0
120701010604,2009,0.0,0.0,0.0
120701010604,2010,0.0,0.0,0.0
120701010604,2011,0.0,0.0,0.0
120701010604,2012,0.0,0.0,0.0
120701010604,2013,0.0,0.0,0.0
120701010604,2014,0.0,0.0,0.0
120701010604,2015,0.0,0.0,0.0
120701010604,2016,0.0,0.0,0.0
120701010604,2017,0.0,0.0,0.0
120701010604,2018,0.0,0.0,0.0
120701010604,2019,0.0,0.0,0.0
120701010604,2020,0.0,0.0,0.0
120701010605,2000,0.0,0.0,0.0
120701010605,2001,0.0,0.0,0.0
120701010605,2002,0.0,0.0,0.0
120701010605,2003,0.0,0.0,0.0
120701010605,2004,0.0,0.0,0.0
120701010605,2005,0.0,0.0,0.0
120701010605,2006,0.0,0.0,0.0
120701010605,2007,0.0,0.0,0.0
120701010605,2008,0.0,0.0,0.0
120701010605,2009,0.0,0.0,0.0
120701010605,2010,0.0,0.0,0.0
120701010605,2011,0.0,0.0,0.0
120701010605,2012,0.0,0.0,0.0
120701010605,2013,0.0,0.0,0.0
120701010605,2014,0.0,0.0,0.0
120701010605,2015,0.0,0.0,0.0
120701010605,2016,0.0,0.0,0.0
120701010605,2017,0.0,0.0,0.0
120701010605,2018,0.0,0.0,0.0
120701010605,2019,0.0,0.0,0.0
120701010605,2020,0.0,0.0,0.0
120701010606,2000,3.071138634,3.166122445,0.094983721
120701010606,2001,6.858461184,7.070578655,0.212117389
120701010606,2002,4.930603353,5.083096151,0.152492964
120701010606,2003,8.016827627,8.264770723,0.247943011
120701010606,2004,3.575066407,3.685635607,0.110569117
120701010606,2005,7.279095756,7.504222482,0.225126641
120701010606,2006,8.942741414,9.219320962,0.27657963
120701010606,2007,5.414635068,5.582098079,0.167462929
120701010606,2008,4.946579598,5.099566765,0.152986831
120701010606,2009,5.11531389,5.27351943,0.158205707
120701010606,2010,6.763240723,6.972413189,0.209172378
120701010606,2011,9.375327715,9.66528629,0.28995849
120701010606,2012,4.312033943,4.445395943,0.133361836
120701010606,2013,10.611478795,10.939668967,0.328190088
120701010606,2014,7.335934575,7.56281909,0.2268846
120701010606,2015,4.508918123,4.648369145,0.139451022
120701010606,2016,6.638875172,6.844201057,0.20532597
120701010606,2017,5.997700942,6.183196973,0.185496107
120701010606,2018,8.393438474,8.653029449,0.259590975
120701010606,2019,6.587176041,6.797911288,0.210735164
120701010606,2020,9.201596257,9.486181541,0.284585281
120701010607,2000,0.0,0.0,0.0
120701010607,2001,0.0,0.0,0.0
120701010607,2002,0.0,0.0,0.0
120701010607,2003,0.0,0.0,0.0
120701010607,2004,0.0,0.0,0.0
120701010607,2005,0.0,0.0,0.0
120701010607,2006,0.0,0.0,0.0
120701010607,2007,0.0,0.0,0.0
120701010607,2008,0.0,0.0,0.0
120701010607,2009,0.0,0.0,0.0
120701010607,2010,0.0,0.0,0.0
120701010607,2011,0.0,0.0,0.0
120701010607,2012,0.0,0.0,0.0
120701010607,2013,0.0,0.0,0.0
120701010607,2014,0.0,0.0,0.0
120701010607,2015,0.0,0.0,0.0
120701010607,2016,0.0,0.0,0.0
120701010607,2017,0.0,0.0,0.0
120701010607,2018,0.0,0.0,0.0
120701010607,2019,0.0,0.0,0.0
120701010607,2020,0.0,0.0,0.0
120701010608,2000,0.0,0.0,0.0
120701010608,2001,0.0,0.0,0.0
120701010608,2002,0.0,0.0,0.0
120701010608,2003,0.0,0.0,0.0
120701010608,2004,0.0,0.0,0.0
120701010608,2005,0.0,0.0,0.0
120701010608,2006,0.0,0.0,0.0
120701010608,2007,0.0,0.0,0.0
120701010608,2008,0.0,0.0,0.0
120701010608,2009,0.0,0.0,0.0
120701010608,2010,0.0,0.0,0.0
120701010608,2011,0.0,0.0,0.0
120701010608,2012,0.0,0.0,0.0
120701010608,2013,0.0,0.0,0.0
120701010608,2014,0.0,0.0,0.0
120701010608,2015,0.0,0.0,0.0
120701010608,2016,0.0,0.0,0.0
120701010608,2017,0.0,0.0,0.0
120701010608,2018,0.0,0.0,0.0
120701010608,2019,0.000112449,0.000115992,3.542e-06
120701010608,2020,0.0,0.0,0.0
120701010609,2000,0.0,0.0,0.0
120701010609,2001,0.0,0.0,0.0
120701010609,2002,0.0,0.0,0.0
120701010609,2003,0.0,0.0,0.0
120701010609,2004,0.0,0.0,0.0
120701010609,2005,0.0,0.0,0.0
120701010609,2006,0.0,0.0,0.0
120701010609,2007,0.0,0.0,0.0
120701010609,2008,0.0,0.0,0.0
120701010609,2009,0.0,0.0,0.0
120701010609,2010,0.0,0.0,0.0
120701010609,2011,0.0,0.0,0.0
120701010609,2012,0.0,0.0,0.0
120701010609,2013,0.0,0.0,0.0
120701010609,2014,0.0,0.0,0.0
120701010609,2015,0.0,0.0,0.0
120701010609,2016,0.0,0.0,0.0
120701010609,2017,0.0,0.0,0.0
120701010609,2018,0.0,0.0,0.0
120701010609,2019,0.015532266,0.016012597,0.000480414
120701010609,2020,0.0,0.0,0.0
120701010610,2000,9.422175762,9.713583311,0.291407555
120701010610,2001,11.85653943,12.223236422,0.36669691
120701010610,2002,9.776453356,10.078818082,0.302364556
120701010610,2003,13.998662625,14.431610696,0.432948153
120701010610,2004,7.715281369,7.95389844,0.238616989
120701010610,2005,12.481553759,12.867581167,0.386027326
120701010610,2006,14.720143797,15.175406112,0.455262151
120701010610,2007,8.252348926,8.507576063,0.255227304
120701010610,2008,9.82141009,10.125164923,0.303754833
120701010610,2009,8.678388704,8.946792466,0.268403844
120701010610,2010,9.097339932,9.378701134,0.281361121
120701010610,2011,9.891054556,10.196963537,0.305908981
120701010610,2012,12.389113656,12.772282169,0.383168516
120701010610,2013,19.290705025,19.887324762,0.596619655
120701010610,2014,15.314825975,15.788480266,0.473654542
120701010610,2015,8.302907532,8.559698526,0.256790825
120701010610,2016,9.254737046,9.540966041,0.286228831
120701010610,2017,10.601692356,10.929579666,0.327887395
120701010610,2018,15.160704279,15.629592153,0.468887797
120701010610,2019,8.931514811,9.207747195,0.276232381
120701010610,2020,11.536866552,11.893676973,0.356810423
120701010611,2000,0.0,0.0,0.0
120701010611,2001,0.0,0.0,0.0
120701010611,2002,0.0,0.0,0.0
120701010611,2003,0.0,0.0,0.0
120701010611,2004,0.0,0.0,0.0
120701010611,2005,0.0,0.0,0.0
120701010611,2006,0.0,0.0,0.0
120701010611,2007,0.0,0.0,0.0
120701010611,2008,0.0,0.0,0.0
120701010611,2009,0.0,0.0,0.0
120701010611,2010,0.0,0.0,0.0
120701010611,2011,0.0,0.0,0.0
120701010611,2012,0.0,0.0,0.0
120701010611,2013,0.0,0.0,0.0
120701010611,2014,0.0,0.0,0.0
120701010611,2015,0.0,0.0,0.0
120701010611,2016,0.0,0.0,0.0
120701010611,2017,0.0,0.0,0.0
120701010611,2018,0.0,0.0,0.0
120701010611,2019,0.0005858,0.000891737,0.000305852
120701010611,2020,0.00066544,0.001012923,0.000347489
120701010612,2000,0.0,0.0,0.0
120701010612,2001,0.0,0.0,0.0
120701010612,2002,0.001439351,0.002190614,0.000751345
120701010612,2003,0.0,0.0,0.0
120701010612,2004,0.069029571,0.105067943,0.036038202
120701010612,2005,0.002285099,0.003478249,0.001193066
120701010612,2006,0.002403792,0.00365877,0.001254893
120701010612,2007,6.279e-06,9.378e-06,3.266e-06
120701010612,2008,0.156699219,0.238506899,0.081807768
120701010612,2009,6.0805e-05,9.2422e-05,3.1619e-05
120701010612,2010,0.138435655,0.210708603,0.07227303
120701010612,2011,0.0,0.0,0.0
120701010612,2012,0.294296402,0.447939719,0.153643404
120701010612,2013,0.235241181,0.358053353,0.122812337
120701010612,2014,0.317972611,0.483976523,0.166003912
120701010612,2015,0.127798992,0.194519019,0.066720025
120701010612,2016,0.169789396,0.258431388,0.088641995
120701010612,2017,0.001651912,0.002514408,0.000862496
120701010612,2018,0.23444129,0.356835748,0.122394619
120701010612,2019,0.0,0.0,0.0
120701010612,2020,0.270404667,0.411574863,0.141170115
120701010613,2000,6.960597126,7.516843415,0.556246374
120701010613,2001,9.095413732,9.843521444,0.74810763
120701010613,2002,9.88681426,10.608169814,0.721355553
120701010613,2003,9.602804468,10.325596107,0.722791638
120701010613,2004,6.487973746,7.01402577,0.526052022
120701010613,2005,8.2440302,8.845525767,0.601495734
120701010613,2006,11.356531885,12.146023304,0.789491504
120701010613,2007,5.356546685,5.692398101,0.335851419
120701010613,2008,7.283329046,7.925276445,0.641947404
120701010613,2009,8.015078589,8.655592463,0.640513964
120701010613,2010,7.603314825,8.237611044,0.634296134
120701010613,2011,13.061881647,14.045034167,0.983152353
120701010613,2012,10.237332566,10.914000579,0.676668098
120701010613,2013,12.07253137,12.967273252,0.894741797
120701010613,2014,8.970925381,9.604845386,0.633920005
120701010613,2015,6.825459211,7.307772019,0.482312975
120701010613,2016,6.932578,7.470450648,0.537872314
120701010613,2017,8.621115384,9.22044417,0.599328877
120701010613,2018,13.123229211,14.065626115,0.942397071
120701010613,2019,8.240406186,8.927850682,0.687444584
120701010613,2020,11.678267577,12.436919833,0.75865209
120701010701,2000,3.994647481,6.080133038,2.085485642
120701010701,2001,4.490848707,6.835386093,2.344537386
120701010701,2002,4.188376189,6.375001666,2.186625559
120701010701,2003,4.898663312,7.456108408,2.557445099
120701010701,2004,3.338648822,5.081657093,1.743008355
120701010701,2005,4.215196293,6.41582397,2.200627507
120701010701,2006,4.144285885,6.307893307,2.163607504
120701010701,2007,2.43834743,3.711335701,1.272988107
120701010701,2008,4.839976066,7.366782541,2.526806475
120701010701,2009,4.63365743,7.052750921,2.419093496
120701010701,2010,5.00609897,7.61963291,2.613534025
120701010701,2011,6.459810348,9.832283712,3.372473288
120701010701,2012,4.697184557,7.149443612,2.452259221
120701010701,2013,5.87049703,8.935307597,3.064810567
120701010701,2014,4.875198088,7.420392805,2.545194633
120701010701,2015,3.464831836,5.273716611,1.80888486
120701010701,2016,3.681893951,5.604100484,1.922206448
120701010701,2017,5.131626271,7.810694548,2.679068027
120701010701,2018,5.71528143,8.699058625,2.983777192
120701010701,2019,5.112799523,7.770211899,2.657412452
120701010701,2020,4.656876839,7.077320369,2.42044353
120701010702,2000,0.0,0.0,0.0
120701010702,2001,0.0,0.0,0.0
120701010702,2002,0.0,0.0,0.0
120701010702,2003,0.0,0.0,0.0
120701010702,2004,0.0,0.0,0.0
120701010702,2005,0.0,0.0,0.0
120701010702,2006,0.0,0.0,0.0
120701010702,2007,0.0,0.0,0.0
120701010702,2008,0.0,0.0,0.0
120701010702,2009,0.0,0.0,0.0
120701010702,2010,0.0,0.0,0.0
120701010702,2011,0.0,0.0,0.0
120701010702,2012,0.0,0.0,0.0
120701010702,2013,0.0,0.0,0.0
120701010702,2014,0.0,0.0,0.0
120701010702,2015,0.0,0.0,0.0
120701010702,2016,0.0,0.0,0.0
120701010702,2017,0.0,0.0,0.0
120701010702,2018,0.0,0.0,0.0
120701010702,2019,0.0,0.0,0.0
120701010702,2020,0.0,0.0,0.0
120701010703,2000,2.942669232,4.478948585,1.536279265
120701010703,2001,3.387395564,5.155853285,1.768457723
120701010703,2002,3.501373381,5.329335312,1.827962099
120701010703,2003,4.236049545,6.447564099,2.211514384
120701010703,2004,2.207198751,3.359511167,1.152312331
120701010703,2005,4.023197616,6.123588559,2.10039094
120701010703,2006,4.294517523,6.536556575,2.242038975
120701010703,2007,2.352793164,3.581115874,1.22832271
120701010703,2008,4.104327833,6.247074191,2.142746525
120701010703,2009,3.126784822,4.759185419,1.632400512
120701010703,2010,4.383088378,6.671367479,2.288279016
120701010703,2011,6.803336121,10.355153967,3.551817847
120701010703,2012,4.774597085,7.267271161,2.492673992
120701010703,2013,5.564613742,8.46973177,2.905118027
120701010703,2014,5.47572529,8.334437408,2.858711951
120701010703,2015,3.036407696,4.621625238,1.58521746
120701010703,2016,2.868228112,4.365643975,1.497415779
120701010703,2017,3.989880304,6.072877307,2.082997003
120701010703,2018,5.547946463,8.444363121,2.896416573
120701010703,2019,4.215889055,6.407126074,2.191237268
120701010703,2020,5.280521183,8.037322762,2.756801831
120701010704,2000,0.608315691,0.925899178,0.317583402
120701010704,2001,0.329571258,0.501630507,0.172059167
120701010704,2002,0.329639992,0.501735225,0.172095148
120701010704,2003,0.224644636,0.341924732,0.117280096
120701010704,2004,0.267911407,0.407780066,0.139868492
120701010704,2005,0.299739874,0.456225134,0.156485178
120701010704,2006,1.008228444,1.534594386,0.526365942
120701010704,2007,0.150444841,0.22898766,0.078542734
120701010704,2008,0.517379628,0.787487959,0.270108331
120701010704,2009,0.845252921,1.28653423,0.44128131
120701010704,2010,0.330286948,0.502719786,0.172432838
120701010704,2011,0.873497055,1.329523559,0.456026671
120701010704,2012,0.878390194,1.336971057,0.45858103
120701010704,2013,1.062370162,1.617001564,0.55463157
120701010704,2014,0.447497923,0.681123181,0.233625342
120701010704,2015,0.258963967,0.394161468,0.135197416
120701010704,2016,0.202071153,0.307566369,0.105495216
120701010704,2017,0.578091868,0.879896219,0.301804436
120701010704,2018,0.3331734,0.507113348,0.173939781
120701010704,2019,0.383219619,0.58328717,0.200067466
120701010704,2020,0.390763653,0.594769577,0.204006093
120701010705,2000,4.937664601,7.515471257,2.577806658
120701010705,2001,4.494604277,6.841102353,2.346498244
120701010705,2002,4.293287268,6.534684033,2.241396595
120701010705,2003,3.694104921,5.622686189,1.928581353
120701010705,2004,2.439798213,3.713543795,1.273745415
120701010705,2005,4.895304658,7.450996414,2.555691753
120701010705,2006,5.043196581,7.67609826,2.632901764
120701010705,2007,1.397621663,2.127278019,0.729656268
120701010705,2008,4.926900142,7.499087276,2.572187049
120701010705,2009,3.662376282,5.574392981,1.912016784
120701010705,2010,3.633500285,5.530441756,1.896941471
120701010705,2011,4.475787458,6.812462159,2.336674364
120701010705,2012,4.12676979,6.281232694,2.154462904
120701010705,2013,5.498709899,8.369421463,2.870711564
120701010705,2014,4.139810712,6.301081786,2.161271074
120701010705,2015,2.472672025,3.763579997,1.290907805
120701010705,2016,1.912348003,2.910727852,0.998379516
120701010705,2017,4.503385923,6.854468786,2.351082778
120701010705,2018,4.086913345,6.220568389,2.133654964
120701010705,2019,4.357559885,6.632511351,2.274951386
120701010705,2020,5.648276533,8.597072426,2.948795896
120701010706,2000,3.271730585,4.890479448,1.618748779
120701010706,2001,1.752237781,2.510369192,0.758131408
120701010706,2002,2.898592962,4.213071121,1.314478326
120701010706,2003,2.435680214,3.597754827,1.162074951
120701010706,2004,1.707804885,2.422418183,0.714613295
120701010706,2005,2.510777745,3.536306655,1.025528907
120701010706,2006,2.700457899,4.000678047,1.30022031
120701010706,2007,2.006531079,2.920714603,0.914183693
120701010706,2008,2.805139929,3.995925675,1.190785831
120701010706,2009,3.496716542,5.097254449,1.600537907
120701010706,2010,3.553510115,5.187605751,1.634095808
120701010706,2011,5.349290603,7.83205063,2.482760027
120701010706,2012,3.01273227,4.398149131,1.385416943
120701010706,2013,4.193470249,6.086313792,1.89284363
120701010706,2014,3.500082362,5.124571636,1.624489025
120701010706,2015,2.22412746,3.228051373,1.003923915
120701010706,2016,1.784589041,2.567753989,0.783165115
120701010706,2017,4.711827386,6.888636556,2.17680917
120701010706,2018,3.906356337,5.727795167,1.82143891
120701010706,2019,4.723375205,6.987241575,2.263866288
120701010706,2020,4.675949585,6.92733291,2.25138324
120701010801,2000,4.725362563,4.989823109,0.264460628
120701010801,2001,2.3095166,2.436199055,0.126682373
120701010801,2002,2.827133923,2.985357734,0.158223978
120701010801,2003,2.154974638,2.273179995,0.118205271
120701010801,2004,2.235867628,2.358510003,0.122642623
120701010801,2005,4.765470301,5.037494918,0.272024701
120701010801,2006,4.791727855,5.059902816,0.268174877
120701010801,2007,3.844944715,4.064423433,0.219478797
120701010801,2008,2.321377552,2.451296178,0.12991871
120701010801,2009,4.463581811,4.708419671,0.244837775
120701010801,2010,5.062238879,5.339914573,0.277675605
120701010801,2011,6.065645362,6.405116537,0.339471247
120701010801,2012,4.969287503,5.236341055,0.267053385
120701010801,2013,5.616864104,5.924962293,0.308098016
120701010801,2014,6.547042159,6.913455378,0.366413049
120701010801,2015,1.70885929,1.800694674,0.091835384
120701010801,2016,2.26804527,2.389931923,0.121886489
120701010801,2017,5.337436551,5.630207342,0.292770874
120701010801,2018,4.713847142,4.972412712,0.258565573
120701010801,2019,3.471250784,3.661656803,0.190406184
120701010801,2020,4.179850781,4.399842842,0.219992057
120701010802,2000,0.025751669,0.025751669,0.0
120701010802,2001,0.07011709,0.07011709,0.0
120701010802,2002,0.075877833,0.075877833,0.0
120701010802,2003,0.0,0.0,0.0
120701010802,2004,0.015855268,0.015855268,0.0
120701010802,2005,0.043672219,0.043672219,0.0
120701010802,2006,0.11129474,0.11129474,0.0
120701010802,2007,0.044712326,0.044712326,0.0
120701010802,2008,0.058814429,0.058814429,0.0
120701010802,2009,0.044378564,0.044378564,0.0
120701010802,2010,0.120704008,0.120704008,0.0
120701010802,2011,0.0,0.0,0.0
120701010802,2012,0.0,0.0,0.0
120701010802,2013,0.108083515,0.108083515,0.0
120701010802,2014,0.026000142,0.026000142,0.0
120701010802,2015,0.015427192,0.015427192,0.0
120701010802,2016,0.005395639,0.005395639,0.0
120701010802,2017,0.142696351,0.142696351,0.0
120701010802,2018,0.06546349,0.06546349,0.0
120701010802,2019,0.123766381,0.123766381,0.0
120701010802,2020,0.114125792,0.114125792,0.0
120701010803,2000,0.0,0.0,0.0
120701010803,2001,0.0,0.0,0.0
120701010803,2002,0.0,0.0,0.0
120701010803,2003,0.0,0.0,0.0
120701010803,2004,0.0,0.0,0.0
120701010803,2005,0.0,0.0,0.0
120701010803,2006,0.0,0.0,0.0
120701010803,2007,0.0,0.0,0.0
120701010803,2008,0.0,0.0,0.0
120701010803,2009,0.0,0.0,0.0
120701010803,2010,0.0,0.0,0.0
120701010803,2011,0.0,0.0,0.0
120701010803,2012,0.0,0.0,0.0
120701010803,2013,0.0,0.0,0.0
120701010803,2014,0.0,0.0,0.0
120701010803,2015,0.0,0.0,0.0
120701010803,2016,0.0,0.0,0.0
120701010803,2017,0.0,0.0,0.0
120701010803,2018,0.0,0.0,0.0
120701010803,2019,0.0,0.0,0.0
120701010803,2020,0.00073315,0.000734664,1.514e-06
120701010804,2000,1.712849904,1.716282467,0.003432566
120701010804,2001,1.697094682,1.697094682,0.0
120701010804,2002,1.743845775,1.74559146,0.001745597
120701010804,2003,1.586053252,1.587640912,0.001587658
120701010804,2004,1.116944664,1.1180625,0.001118169
120701010804,2005,1.579005359,1.580585726,0.001580619
120701010804,2006,2.267660438,2.267660438,0.0
120701010804,2007,0.974838951,0.976792414,0.001953627
120701010804,2008,0.985400653,0.98737529,0.001974803
120701010804,2009,0.816818093,0.816818093,0.0
120701010804,2010,2.423381589,2.423381589,0.0
120701010804,2011,0.995262685,0.995262685,0.0
120701010804,2012,1.334291464,1.339650216,0.005358672
120701010804,2013,1.637957405,1.6395972,0.001639795
120701010804,2014,1.505918512,1.510449849,0.00453117
120701010804,2015,0.576684964,0.577840356,0.001155647
120701010804,2016,0.573477672,0.575780776,0.002303186
120701010804,2017,2.667959715,2.670630386,0.002670595
120701010804,2018,1.135915786,1.138192271,0.0022764
120701010804,2019,1.528103704,1.531165984,0.003062282
120701010804,2020,2.682382123,2.687757678,0.005375639
120701010901,2000,0.0,0.0,0.0
120701010901,2001,0.0,0.0,0.0
120701010901,2002,0.0,0.0,0.0
120701010901,2003,0.0,0.0,0.0
120701010901,2004,0.0,0.0,0.0
120701010901,2005,0.0,0.0,0.0
120701010901,2006,0.0,0.0,0.0
120701010901,2007,0.0,0.0,0.0
120701010901,2008,0.0,0.0,0.0
120701010901,2009,0.0,0.0,0.0
120701010901,2010,0.0,0.0,0.0
120701010901,2011,0.0,0.0,0.0
120701010901,2012,0.0,0.0,0.0
120701010901,2013,0.0,0.0,0.0
120701010901,2014,0.0,0.0,0.0
120701010901,2015,0.0,0.0,0.0
120701010901,2016,0.0,0.0,0.0
120701010901,2017,0.0,0.0,0.0
120701010901,2018,0.0,0.0,0.0
120701010901,2019,0.0,0.0,0.0
120701010901,2020,0.0,0.0,0.0
120701010902,2000,0.0,0.0,0.0
120701010902,2001,0.0,0.0,0.0
120701010902,2002,0.0,0.0,0.0
120701010902,2003,0.0,0.0,0.0
120701010902,2004,0.0,0.0,0.0
120701010902,2005,0.0,0.0,0.0
120701010902,2006,0.0,0.0,0.0
120701010902,2007,0.0,0.0,0.0
120701010902,2008,0.0,0.0,0.0
120701010902,2009,0.0,0.0,0.0
120701010902,2010,0.0,0.0,0.0
120701010902,2011,0.0,0.0,0.0
120701010902,2012,0.0,0.0,0.0
120701010902,2013,0.0,0.0,0.0
120701010902,2014,0.0,0.0,0.0
120701010902,2015,0.0,0.0,0.0
120701010902,2016,0.0,0.0,0.0
120701010902,2017,0.0,0.0,0.0
120701010902,2018,0.0,0.0,0.0
120701010902,2019,0.0,0.0,0.0
120701010902,2020,0.0,0.0,0.0
120701010903,2000,0.0,0.0,0.0
120701010903,2001,0.0,0.0,0.0
120701010903,2002,0.0,0.0,0.0
120701010903,2003,0.0,0.0,0.0
120701010903,2004,0.0,0.0,0.0
120701010903,2005,0.0,0.0,0.0
120701010903,2006,0.0,0.0,0.0
120701010903,2007,0.0,0.0,0.0
120701010903,2008,0.0,0.0,0.0
120701010903,2009,0.0,0.0,0.0
120701010903,2010,0.0,0.0,0.0
120701010903,2011,0.0,0.0,0.0
120701010903,2012,0.0,0.0,0.0
120701010903,2013,0.0,0.0,0.0
120701010903,2014,0.0,0.0,0.0
120701010903,2015,0.0,0.0,0.0
120701010903,2016,0.0,0.0,0.0
120701010903,2017,0.0,0.0,0.0
120701010903,2018,0.0,0.0,0.0
120701010903,2019,0.0,0.0,0.0
120701010903,2020,0.0,0.0,0.0
120701010904,2000,3.8374e-05,3.8374e-05,0.0
120701010904,2001,0.0,0.0,0.0
120701010904,2002,0.0,0.0,0.0
120701010904,2003,0.0,0.0,0.0
120701010904,2004,0.0,0.0,0.0
120701010904,2005,0.0,0.0,0.0
120701010904,2006,0.0,0.0,0.0
120701010904,2007,0.0,0.0,0.0
120701010904,2008,0.0,0.0,0.0
120701010904,2009,0.0,0.0,0.0
120701010904,2010,0.0,0.0,0.0
120701010904,2011,0.0,0.0,0.0
120701010904,2012,0.0,0.0,0.0
120701010904,2013,0.0,0.0,0.0
120701010904,2014,0.0,0.0,0.0
120701010904,2015,0.0,0.0,0.0
120701010904,2016,0.0,0.0,0.0
120701010904,2017,0.0,0.0,0.0
120701010904,2018,0.001082918,0.001082918,0.0
120701010904,2019,0.0,0.0,0.0
120701010904,2020,0.001347068,0.001347068,0.0
120701010905,2000,0.003682292,0.003682292,0.0
120701010905,2001,0.0,0.0,0.0
120701010905,2002,0.0,0.0,0.0
120701010905,2003,0.0,0.0,0.0
120701010905,2004,0.021263464,0.021263464,0.0
120701010905,2005,0.005150532,0.005150532,0.0
120701010905,2006,0.0,0.0,0.0
120701010905,2007,0.001322373,0.001322373,0.0
120701010905,2008,0.0,0.0,0.0
120701010905,2009,0.0,0.0,0.0
120701010905,2010,0.0,0.0,0.0
120701010905,2011,0.00697697,0.00697697,0.0
120701010905,2012,0.029677585,0.029677585,0.0
120701010905,2013,0.0,0.0,0.0
120701010905,2014,0.0,0.0,0.0
120701010905,2015,0.0,0.0,0.0
120701010905,2016,0.0,0.0,0.0
120701010905,2017,0.0,0.0,0.0
120701010905,2018,0.044085107,0.044085107,0.0
120701010905,2019,0.035481767,0.035481767,0.0
120701010905,2020,0.032270754,0.032270754,0.0
120701010906,2000,0.001962374,0.001962374,0.0
120701010906,2001,0.0,0.0,0.0
120701010906,2002,0.0,0.0,0.0
120701010906,2003,0.0,0.0,0.0
120701010906,2004,0.0,0.0,0.0
120701010906,2005,0.0,0.0,0.0
120701010906,2006,0.0,0.0,0.0
120701010906,2007,0.0,0.0,0.0
120701010906,2008,0.0,0.0,0.0
120701010906,2009,0.001973348,0.001973348,0.0
120701010906,2010,0.0,0.0,0.0
120701010906,2011,0.00250946,0.00250946,0.0
120701010906,2012,0.0,0.0,0.0
120701010906,2013,0.0,0.0,0.0
120701010906,2014,0.0,0.0,0.0
120701010906,2015,0.0,0.0,0.0
120701010906,2016,0.0,0.0,0.0
120701010906,2017,0.0,0.0,0.0
120701010906,2018,0.000441737,0.000441737,0.0
120701010906,2019,0.0,0.0,0.0
120701010906,2020,0.011261202,0.011261202,0.0
120701010907,2000,0.0,0.0,0.0
120701010907,2001,0.0,0.0,0.0
120701010907,2002,0.0,0.0,0.0
120701010907,2003,0.0,0.0,0.0
120701010907,2004,0.0,0.0,0.0
120701010907,2005,0.0,0.0,0.0
120701010907,2006,0.0,0.0,0.0
120701010907,2007,0.0,0.0,0.0
120701010907,2008,0.0,0.0,0.0
120701010907,2009,0.0,0.0,0.0
120701010907,2010,0.0,0.0,0.0
120701010907,2011,0.0,0.0,0.0
120701010907,2012,0.0,0.0,0.0
120701010907,2013,0.0,0.0,0.0
120701010907,2014,0.0,0.0,0.0
120701010907,2015,0.0,0.0,0.0
120701010907,2016,0.0,0.0,0.0
120701010907,2017,0.0,0.0,0.0
120701010907,2018,0.0,0.0,0.0
120701010907,2019,0.0,0.0,0.0
120701010907,2020,0.0,0.0,0.0
120701010908,2000,2.09639682,2.113303415,0.016906514
120701010908,2001,1.112241592,1.131476622,0.019235118
120701010908,2002,0.941669641,0.951181532,0.009511805
120701010908,2003,1.085874334,1.095736145,0.009861474
120701010908,2004,1.620971779,1.639000964,0.018029101
120701010908,2005,2.024430016,2.036649997,0.012219816
120701010908,2006,2.864741008,2.893677748,0.02893674
120701010908,2007,2.185421992,2.205269367,0.019847375
120701010908,2008,2.008905044,2.023066467,0.014161508
120701010908,2009,0.839550573,0.841233033,0.001682542
120701010908,2010,1.700812934,1.709359652,0.008546964
120701010908,2011,1.304529723,1.30583549,0.001305852
120701010908,2012,2.096484251,2.11126324,0.014778825
120701010908,2013,2.596440896,2.612113863,0.015672551
120701010908,2014,1.900302299,1.917560375,0.017258077
120701010908,2015,0.705414118,0.710386923,0.004972641
120701010908,2016,0.982558915,0.98749626,0.004937678
120701010908,2017,2.089764844,2.102378784,0.012614359
120701010908,2018,2.298042132,2.307271082,0.009229033
120701010908,2019,2.434827586,2.44460594,0.009778608
120701010908,2020,4.089928074,4.127071915,0.037143675
120701020101,2000,0.0,0.0,0.0
120701020101,2001,0.0,0.0,0.0
120701020101,2002,0.0,0.0,0.0
120701020101,2003,0.0,0.0,0.0
120701020101,2004,0.0,0.0,0.0
120701020101,2005,0.0,0.0,0.0
120701020101,2006,0.0,0.0,0.0
120701020101,2007,0.0,0.0,0.0
120701020101,2008,0.0,0.0,0.0
120701020101,2009,0.0,0.0,0.0
120701020101,2010,0.0,0.0,0.0
120701020101,2011,0.0,0.0,0.0
120701020101,2012,0.0,0.0,0.0
120701020101,2013,0.0,0.0,0.0
120701020101,2014,0.0,0.0,0.0
120701020101,2015,0.0,0.0,0.0
120701020101,2016,0.0,0.0,0.0
120701020101,2017,0.0,0.0,0.0
120701020101,2018,0.0,0.0,0.0
120701020101,2019,0.0,0.0,0.0
120701020101,2020,0.000538153,0.000538153,0.0
120701020102,2000,0.0,0.0,0.0
120701020102,2001,0.0,0.0,0.0
120701020102,2002,0.0,0.0,0.0
120701020102,2003,0.0,0.0,0.0
120701020102,2004,0.0,0.0,0.0
120701020102,2005,0.0,0.0,0.0
120701020102,2006,0.0,0.0,0.0
120701020102,2007,0.0,0.0,0.0
120701020102,2008,0.0,0.0,0.0
120701020102,2009,0.0,0.0,0.0
120701020102,2010,0.0,0.0,0.0
120701020102,2011,0.0,0.0,0.0
120701020102,2012,0.0,0.0,0.0
120701020102,2013,0.0,0.0,0.0
120701020102,2014,0.0,0.0,0.0
120701020102,2015,0.0,0.0,0.0
120701020102,2016,0.0,0.0,0.0
120701020102,2017,0.0,0.0,0.0
120701020102,2018,0.0,0.0,0.0
120701020102,2019,0.0,0.0,0.0
120701020102,2020,0.0,0.0,0.0
120701020103,2000,0.0,0.0,0.0
120701020103,2001,0.0,0.0,0.0
120701020103,2002,0.0,0.0,0.0
120701020103,2003,0.0,0.0,0.0
120701020103,2004,0.0,0.0,0.0
120701020103,2005,0.0,0.0,0.0
120701020103,2006,0.0,0.0,0.0
120701020103,2007,0.0,0.0,0.0
120701020103,2008,0.0,0.0,0.0
120701020103,2009,0.0,0.0,0.0
120701020103,2010,0.0,0.0,0.0
120701020103,2011,0.0,0.0,0.0
120701020103,2012,0.0,0.0,0.0
120701020103,2013,0.0,0.0,0.0
120701020103,2014,0.0,0.0,0.0
120701020103,2015,0.0,0.0,0.0
120701020103,2016,0.0,0.0,0.0
120701020103,2017,0.0,0.0,0.0
120701020103,2018,0.0,0.0,0.0
120701020103,2019,0.0,0.0,0.0
120701020103,2020,0.0,0.0,0.0
120701020104,2000,0.0,0.0,0.0
120701020104,2001,0.0,0.0,0.0
120701020104,2002,0.0,0.0,0.0
120701020104,2003,0.0,0.0,0.0
120701020104,2004,0.0,0.0,0.0
120701020104,2005,0.0,0.0,0.0
120701020104,2006,0.0,0.0,0.0
120701020104,2007,0.0,0.0,0.0
120701020104,2008,0.0,0.0,0.0
120701020104,2009,0.0,0.0,0.0
120701020104,2010,0.0,0.0,0.0
120701020104,2011,0.0,0.0,0.0
120701020104,2012,0.0,0.0,0.0
120701020104,2013,0.0,0.0,0.0
120701020104,2014,0.0,0.0,0.0
120701020104,2015,0.0,0.0,0.0
120701020104,2016,0.0,0.0,0.0
120701020104,2017,0.0,0.0,0.0
120701020104,2018,0.0,0.0,0.0
120701020104,2019,0.0,0.0,0.0
120701020104,2020,0.0,0.0,0.0
120701020105,2000,0.0,0.0,0.0
120701020105,2001,0.0,0.0,0.0
120701020105,2002,0.0,0.0,0.0
120701020105,2003,0.0,0.0,0.0
120701020105,2004,0.0,0.0,0.0
120701020105,2005,0.0,0.0,0.0
120701020105,2006,0.0,0.0,0.0
120701020105,2007,0.0,0.0,0.0
120701020105,2008,0.0,0.0,0.0
120701020105,2009,0.0,0.0,0.0
120701020105,2010,0.0,0.0,0.0
120701020105,2011,0.0,0.0,0.0
120701020105,2012,0.0,0.0,0.0
120701020105,2013,0.0,0.0,0.0
120701020105,2014,0.0,0.0,0.0
120701020105,2015,0.0,0.0,0.0
120701020105,2016,0.0,0.0,0.0
120701020105,2017,0.0,0.0,0.0
120701020105,2018,0.001738863,0.001738863,0.0
120701020105,2019,0.003221126,0.003221126,0.0
120701020105,2020,0.0,0.0,0.0
120701020106,2000,0.211480279,0.211480279,0.0
120701020106,2001,0.055973521,0.055973521,0.0
120701020106,2002,0.068894079,0.068894079,0.0
120701020106,2003,0.342788104,0.342788104,0.0
120701020106,2004,0.157505194,0.157505194,0.0
120701020106,2005,0.315123337,0.315123337,0.0
120701020106,2006,0.196792211,0.196792211,0.0
120701020106,2007,0.152670912,0.152670912,0.0
120701020106,2008,0.280752418,0.280752418,0.0
120701020106,2009,0.107966619,0.107966619,0.0
120701020106,2010,0.181003671,0.181003671,0.0
120701020106,2011,0.171130093,0.171130093,0.0
120701020106,2012,0.17421556,0.17421556,0.0
120701020106,2013,0.304769441,0.304769441,0.0
120701020106,2014,0.161797274,0.161797274,0.0
120701020106,2015,0.18942897,0.18942897,0.0
120701020106,2016,0.127806658,0.127806658,0.0
120701020106,2017,0.308599726,0.308599726,0.0
120701020106,2018,0.409243789,0.409243789,0.0
120701020106,2019,0.509222022,0.509222022,0.0
120701020106,2020,0.610741342,0.610741342,0.0
120701020107,2000,0.0,0.0,0.0
120701020107,2001,0.0,0.0,0.0
120701020107,2002,0.0,0.0,0.0
120701020107,2003,0.0,0.0,0.0
120701020107,2004,0.0,0.0,0.0
120701020107,2005,0.048033855,0.048033855,0.0
120701020107,2006,0.027233792,0.027233792,0.0
120701020107,2007,0.046536679,0.049349751,0.002812819
120701020107,2008,0.0,0.0,0.0
120701020107,2009,0.011769718,0.013945307,0.002175589
120701020107,2010,0.0,0.0,0.0
120701020107,2011,0.0,0.0,0.0
120701020107,2012,0.0,0.0,0.0
120701020107,2013,0.0,0.0,0.0
120701020107,2014,0.0,0.0,0.0
120701020107,2015,0.0,0.0,0.0
120701020107,2016,0.0,0.0,0.0
120701020107,2017,0.0,0.0,0.0
120701020107,2018,0.079596293,0.085864466,0.00626809
120701020107,2019,0.01380351,0.016182362,0.0023786
120701020107,2020,0.0,0.0,0.0
120701020108,2000,0.083835631,0.083835631,0.0
120701020108,2001,0.388063614,0.391193211,0.003129521
120701020108,2002,0.0,0.0,0.0
120701020108,2003,0.0,0.0,0.0
120701020108,2004,0.0,0.0,0.0
120701020108,2005,0.41114771,0.413213805,0.002066014
120701020108,2006,0.546705025,0.549452332,0.002747225
120701020108,2007,0.266033422,0.266033422,0.0
120701020108,2008,0.0,0.0,0.0
120701020108,2009,0.236816899,0.237767992,0.000951011
120701020108,2010,0.475203948,0.478553786,0.003349838
120701020108,2011,0.247787364,0.247787364,0.0
120701020108,2012,0.0,0.0,0.0
120701020108,2013,0.520879764,0.520879764,0.0
120701020108,2014,0.642299184,0.642299184,0.0
120701020108,2015,0.0,0.0,0.0
120701020108,2016,0.19850041,0.19850041,0.0
120701020108,2017,0.0,0.0,0.0
120701020108,2018,0.778523016,0.778523016,0.0
120701020108,2019,0.489752926,0.489752926,0.0
120701020108,2020,0.588440505,0.588440505,0.0
120701020109,2000,0.675707902,0.675707902,0.0
120701020109,2001,0.281945885,0.281945885,0.0
120701020109,2002,0.0,0.0,0.0
120701020109,2003,0.0,0.0,0.0
120701020109,2004,0.0,0.0,0.0
120701020109,2005,0.2438014,0.2438014,0.0
120701020109,2006,0.291843244,0.291843244,0.0
120701020109,2007,0.305716052,0.305716052,0.0
120701020109,2008,0.0,0.0,0.0
120701020109,2009,0.134017882,0.134017882,0.0
120701020109,2010,0.497836825,0.497836825,0.0
120701020109,2011,0.483441049,0.483441049,0.0
120701020109,2012,0.0,0.0,0.0
120701020109,2013,0.480172827,0.480172827,0.0
120701020109,2014,0.732004984,0.732004984,0.0
120701020109,2015,0.0,0.0,0.0
120701020109,2016,0.369145719,0.369145719,0.0
120701020109,2017,0.0,0.0,0.0
120701020109,2018,0.647389038,0.647389038,0.0
120701020109,2019,0.619003712,0.619003712,0.0
120701020109,2020,0.923239549,0.923239549,0.0
120701020110,2000,0.0,0.0,0.0
120701020110,2001,0.0,0.0,0.0
120701020110,2002,0.0,0.0,0.0
120701020110,2003,0.0,0.0,0.0
120701020110,2004,0.0,0.0,0.0
120701020110,2005,0.0,0.0,0.0
120701020110,2006,0.0,0.0,0.0
120701020110,2007,0.0,0.0,0.0
120701020110,2008,0.0,0.0,0.0
120701020110,2009,0.0,0.0,0.0
120701020110,2010,0.0,0.0,0.0
120701020110,2011,0.0,0.0,0.0
120701020110,2012,0.0,0.0,0.0
120701020110,2013,0.0,0.0,0.0
120701020110,2014,0.0,0.0,0.0
120701020110,2015,0.0,0.0,0.0
120701020110,2016,0.0,0.0,0.0
120701020110,2017,0.0,0.0,0.0
120701020110,2018,0.0,0.0,0.0
120701020110,2019,2.7471e-05,2.7471e-05,0.0
120701020110,2020,0.0,0.0,0.0
120701020111,2000,0.0,0.0,0.0
120701020111,2001,0.0,0.0,0.0
120701020111,2002,0.0,0.0,0.0
120701020111,2003,0.0,0.0,0.0
120701020111,2004,0.0,0.0,0.0
120701020111,2005,0.0,0.0,0.0
120701020111,2006,0.0,0.0,0.0
120701020111,2007,0.0,0.0,0.0
120701020111,2008,0.0,0.0,0.0
120701020111,2009,0.0,0.0,0.0
120701020111,2010,0.0,0.0,0.0
120701020111,2011,0.0,0.0,0.0
120701020111,2012,0.0,0.0,0.0
120701020111,2013,0.0,0.0,0.0
120701020111,2014,0.0,0.0,0.0
120701020111,2015,0.0,0.0,0.0
120701020111,2016,0.0,0.0,0.0
120701020111,2017,0.0,0.0,0.0
120701020111,2018,0.0,0.0,0.0
120701020111,2019,0.0,0.0,0.0
120701020111,2020,0.0,0.0,0.0
120701020201,2000,0.0,0.0,0.0
120701020201,2001,0.0,0.0,0.0
120701020201,2002,0.0,0.0,0.0
120701020201,2003,0.0,0.0,0.0
120701020201,2004,0.0,0.0,0.0
120701020201,2005,0.0,0.0,0.0
120701020201,2006,0.0,0.0,0.0
120701020201,2007,0.0,0.0,0.0
120701020201,2008,0.0,0.0,0.0
120701020201,2009,0.0,0.0,0.0
120701020201,2010,0.0,0.0,0.0
120701020201,2011,0.0,0.0,0.0
120701020201,2012,0.0,0.0,0.0
120701020201,2013,0.0,0.0,0.0
120701020201,2014,0.0,0.0,0.0
120701020201,2015,0.0,0.0,0.0
120701020201,2016,0.0,0.0,0.0
120701020201,2017,0.0,0.0,0.0
120701020201,2018,0.0,0.0,0.0
120701020201,2019,0.0,0.0,0.0
120701020201,2020,0.0,0.0,0.0
120701020202,2000,0.0,0.0,0.0
120701020202,2001,0.0,0.0,0.0
120701020202,2002,0.0,0.0,0.0
120701020202,2003,0.0,0.0,0.0
120701020202,2004,0.0,0.0,0.0
120701020202,2005,0.0,0.0,0.0
120701020202,2006,0.0,0.0,0.0
120701020202,2007,0.0,0.0,0.0
120701020202,2008,0.0,0.0,0.0
120701020202,2009,0.0,0.0,0.0
120701020202,2010,0.0,0.0,0.0
120701020202,2011,0.0,0.0,0.0
120701020202,2012,0.0,0.0,0.0
120701020202,2013,0.0,0.0,0.0
120701020202,2014,0.0,0.0,0.0
120701020202,2015,0.0,0.0,0.0
120701020202,2016,0.0,0.0,0.0
120701020202,2017,0.0,0.0,0.0
120701020202,2018,0.0,0.0,0.0
120701020202,2019,0.0,0.0,0.0
120701020202,2020,0.0,0.0,0.0
120701020203,2000,0.0,0.0,0.0
120701020203,2001,0.0,0.0,0.0
120701020203,2002,0.0,0.0,0.0
120701020203,2003,0.0,0.0,0.0
120701020203,2004,0.0,0.0,0.0
120701020203,2005,0.0,0.0,0.0
120701020203,2006,0.0,0.0,0.0
120701020203,2007,0.0,0.0,0.0
120701020203,2008,0.0,0.0,0.0
120701020203,2009,0.0,0.0,0.0
120701020203,2010,0.0,0.0,0.0
120701020203,2011,0.0,0.0,0.0
120701020203,2012,0.0,0.0,0.0
120701020203,2013,0.0,0.0,0.0
120701020203,2014,0.0,0.0,0.0
120701020203,2015,0.0,0.0,0.0
120701020203,2016,0.0,0.0,0.0
120701020203,2017,0.0,0.0,0.0
120701020203,2018,0.0,0.0,0.0
120701020203,2019,0.0,0.0,0.0
120701020203,2020,0.0,0.0,0.0
120701020204,2000,0.0,0.0,0.0
120701020204,2001,0.0,0.0,0.0
120701020204,2002,0.0,0.0,0.0
120701020204,2003,0.011565737,0.011565737,0.0
120701020204,2004,0.0,0.0,0.0
120701020204,2005,0.021038877,0.021038877,0.0
120701020204,2006,0.0,0.0,0.0
120701020204,2007,0.0,0.0,0.0
120701020204,2008,0.0,0.0,0.0
120701020204,2009,0.0,0.0,0.0
120701020204,2010,0.0,0.0,0.0
120701020204,2011,0.0,0.0,0.0
120701020204,2012,0.0,0.0,0.0
120701020204,2013,0.0,0.0,0.0
120701020204,2014,0.0,0.0,0.0
120701020204,2015,0.0,0.0,0.0
120701020204,2016,0.0,0.0,0.0
120701020204,2017,0.0,0.0,0.0
120701020204,2018,0.18808009,0.18808009,0.0
120701020204,2019,0.0,0.0,0.0
120701020204,2020,0.0,0.0,0.0
120701020205,2000,0.0,0.0,0.0
120701020205,2001,0.0,0.0,0.0
120701020205,2002,0.0,0.0,0.0
120701020205,2003,0.0,0.0,0.0
120701020205,2004,0.0,0.0,0.0
120701020205,2005,0.0,0.0,0.0
120701020205,2006,0.0,0.0,0.0
120701020205,2007,0.0,0.0,0.0
120701020205,2008,0.0,0.0,0.0
120701020205,2009,0.0,0.0,0.0
120701020205,2010,0.0,0.0,0.0
120701020205,2011,0.0,0.0,0.0
120701020205,2012,0.0,0.0,0.0
120701020205,2013,0.0,0.0,0.0
120701020205,2014,0.0,0.0,0.0
120701020205,2015,0.0,0.0,0.0
120701020205,2016,0.0,0.0,0.0
120701020205,2017,0.0,0.0,0.0
120701020205,2018,0.0,0.0,0.0
120701020205,2019,0.0,0.0,0.0
120701020205,2020,0.0,0.0,0.0
120701020206,2000,0.015728279,0.018635265,0.002907068
120701020206,2001,0.009340534,0.010937732,0.001596863
120701020206,2002,0.0,0.0,0.0
120701020206,2003,0.143581704,0.144885712,0.001303923
120701020206,2004,0.115464432,0.116161347,0.000696918
120701020206,2005,0.131309542,0.136072104,0.004762479
120701020206,2006,0.0,0.0,0.0
120701020206,2007,0.0,0.0,0.0
120701020206,2008,0.015805096,0.015805096,0.0
120701020206,2009,0.0,0.0,0.0
120701020206,2010,0.146768507,0.155310671,0.008542
120701020206,2011,0.0,0.0,0.0
120701020206,2012,0.017853713,0.020219344,0.002365631
120701020206,2013,0.0,0.0,0.0
120701020206,2014,0.017229047,0.020269447,0.0030404
120701020206,2015,0.0,0.0,0.0
120701020206,2016,0.005345852,0.006624437,0.001278333
120701020206,2017,0.0,0.0,0.0
120701020206,2018,0.135549762,0.147980044,0.012430364
120701020206,2019,0.0,0.0,0.0
120701020206,2020,0.016816656,0.021100071,0.004283331
120701020301,2000,0.0,0.0,0.0
120701020301,2001,0.0,0.0,0.0
120701020301,2002,0.0,0.0,0.0
120701020301,2003,0.0,0.0,0.0
120701020301,2004,0.0,0.0,0.0
120701020301,2005,0.0,0.0,0.0
120701020301,2006,0.0,0.0,0.0
120701020301,2007,0.0,0.0,0.0
120701020301,2008,0.0,0.0,0.0
120701020301,2009,0.0,0.0,0.0
120701020301,2010,0.0,0.0,0.0
120701020301,2011,0.0,0.0,0.0
120701020301,2012,0.0,0.0,0.0
120701020301,2013,0.0,0.0,0.0
120701020301,2014,0.0,0.0,0.0
120701020301,2015,0.0,0.0,0.0
120701020301,2016,0.0,0.0,0.0
120701020301,2017,0.0,0.0,0.0
120701020301,2018,0.0,0.0,0.0
120701020301,2019,0.0,0.0,0.0
120701020301,2020,0.0,0.0,0.0
120701020302,2000,0.036417139,0.036417139,0.0
120701020302,2001,0.0,0.0,0.0
120701020302,2002,0.0,0.0,0.0
120701020302,2003,0.01674426,0.01674426,0.0
120701020302,2004,0.01379156,0.01379156,0.0
120701020302,2005,0.0,0.0,0.0
120701020302,2006,8.36e-07,8.36e-07,0.0
120701020302,2007,0.0,0.0,0.0
120701020302,2008,0.0,0.0,0.0
120701020302,2009,0.000558542,0.000558542,0.0
120701020302,2010,0.0,0.0,0.0
120701020302,2011,0.001073099,0.001073099,0.0
120701020302,2012,0.0,0.0,0.0
120701020302,2013,0.001046973,0.001046973,0.0
120701020302,2014,2.342e-06,2.342e-06,0.0
120701020302,2015,0.0,0.0,0.0
120701020302,2016,0.0,0.0,0.0
120701020302,2017,0.0,0.0,0.0
120701020302,2018,0.0,0.0,0.0
120701020302,2019,0.099098063,0.099098063,0.0
120701020302,2020,0.000813847,0.000813847,0.0
120701020303,2000,0.0,0.0,0.0
120701020303,2001,0.0,0.0,0.0
120701020303,2002,0.0,0.0,0.0
120701020303,2003,0.0,0.0,0.0
120701020303,2004,0.0,0.0,0.0
120701020303,2005,0.0,0.0,0.0
120701020303,2006,0.0,0.0,0.0
120701020303,2007,0.0,0.0,0.0
120701020303,2008,0.0,0.0,0.0
120701020303,2009,0.0,0.0,0.0
120701020303,2010,0.0,0.0,0.0
120701020303,2011,0.0,0.0,0.0
120701020303,2012,0.0,0.0,0.0
120701020303,2013,0.0,0.0,0.0
120701020303,2014,0.0,0.0,0.0
120701020303,2015,0.0,0.0,0.0
120701020303,2016,0.0,0.0,0.0
120701020303,2017,0.0,0.0,0.0
120701020303,2018,0.0,0.0,0.0
120701020303,2019,0.0,0.0,0.0
120701020303,2020,0.0,0.0,0.0
120701020304,2000,0.0,0.0,0.0
120701020304,2001,0.0,0.0,0.0
120701020304,2002,0.0,0.0,0.0
120701020304,2003,0.0,0.0,0.0
120701020304,2004,0.0,0.0,0.0
120701020304,2005,0.0,0.0,0.0
120701020304,2006,0.0,0.0,0.0
120701020304,2007,0.0,0.0,0.0
120701020304,2008,0.0,0.0,0.0
120701020304,2009,0.0,0.0,0.0
120701020304,2010,0.0,0.0,0.0
120701020304,2011,0.0,0.0,0.0
120701020304,2012,0.0,0.0,0.0
120701020304,2013,0.0,0.0,0.0
120701020304,2014,0.0,0.0,0.0
120701020304,2015,0.0,0.0,0.0
120701020304,2016,0.0,0.0,0.0
120701020304,2017,0.0,0.0,0.0
120701020304,2018,0.0,0.0,0.0
120701020304,2019,0.0,0.0,0.0
120701020304,2020,0.0,0.0,0.0
120701020305,2000,0.0,0.0,0.0
120701020305,2001,0.0,0.0,0.0
120701020305,2002,0.0,0.0,0.0
120701020305,2003,0.0,0.0,0.0
120701020305,2004,0.0,0.0,0.0
120701020305,2005,0.0,0.0,0.0
120701020305,2006,0.0,0.0,0.0
120701020305,2007,0.0,0.0,0.0
120701020305,2008,0.0,0.0,0.0
120701020305,2009,0.0,0.0,0.0
120701020305,2010,0.0,0.0,0.0
120701020305,2011,0.0,0.0,0.0
120701020305,2012,0.0,0.0,0.0
120701020305,2013,0.0,0.0,0.0
120701020305,2014,0.0,0.0,0.0
120701020305,2015,0.0,0.0,0.0
120701020305,2016,0.0,0.0,0.0
120701020305,2017,0.0,0.0,0.0
120701020305,2018,0.0,0.0,0.0
120701020305,2019,0.0,0.0,0.0
120701020305,2020,0.0,0.0,0.0
120701020306,2000,0.0,0.0,0.0
120701020306,2001,0.0,0.0,0.0
120701020306,2002,0.0,0.0,0.0
120701020306,2003,0.0,0.0,0.0
120701020306,2004,0.0,0.0,0.0
120701020306,2005,0.0,0.0,0.0
120701020306,2006,0.0,0.0,0.0
120701020306,2007,0.0,0.0,0.0
120701020306,2008,0.0,0.0,0.0
120701020306,2009,0.0,0.0,0.0
120701020306,2010,0.0,0.0,0.0
120701020306,2011,0.0,0.0,0.0
120701020306,2012,0.0,0.0,0.0
120701020306,2013,0.0,0.0,0.0
120701020306,2014,0.0,0.0,0.0
120701020306,2015,0.0,0.0,0.0
120701020306,2016,0.0,0.0,0.0
120701020306,2017,0.0,0.0,0.0
120701020306,2018,0.0,0.0,0.0
120701020306,2019,0.0,0.0,0.0
120701020306,2020,0.0,0.0,0.0
120701020307,2000,0.0,0.0,0.0
120701020307,2001,0.0,0.0,0.0
120701020307,2002,0.0,0.0,0.0
120701020307,2003,0.0,0.0,0.0
120701020307,2004,0.0,0.0,0.0
120701020307,2005,0.0,0.0,0.0
120701020307,2006,0.0,0.0,0.0
120701020307,2007,0.0,0.0,0.0
120701020307,2008,0.0,0.0,0.0
120701020307,2009,0.0,0.0,0.0
120701020307,2010,0.0,0.0,0.0
120701020307,2011,0.0,0.0,0.0
120701020307,2012,0.0,0.0,0.0
120701020307,2013,0.0,0.0,0.0
120701020307,2014,0.0,0.0,0.0
120701020307,2015,0.0,0.0,0.0
120701020307,2016,0.0,0.0,0.0
120701020307,2017,0.0,0.0,0.0
120701020307,2018,0.0,0.0,0.0
120701020307,2019,0.0,0.0,0.0
120701020307,2020,0.0,0.0,0.0
120701020308,2000,0.0,0.0,0.0
120701020308,2001,0.0,0.0,0.0
120701020308,2002,0.0,0.0,0.0
120701020308,2003,0.0,0.0,0.0
120701020308,2004,0.0,0.0,0.0
120701020308,2005,0.0,0.0,0.0
120701020308,2006,0.0,0.0,0.0
120701020308,2007,0.0,0.0,0.0
120701020308,2008,0.0,0.0,0.0
120701020308,2009,0.0,0.0,0.0
120701020308,2010,0.0,0.0,0.0
120701020308,2011,0.0,0.0,0.0
120701020308,2012,0.0,0.0,0.0
120701020308,2013,0.0,0.0,0.0
120701020308,2014,0.0,0.0,0.0
120701020308,2015,0.0,0.0,0.0
120701020308,2016,0.0,0.0,0.0
120701020308,2017,0.0,0.0,0.0
120701020308,2018,0.0,0.0,0.0
120701020308,2019,0.0,0.0,0.0
120701020308,2020,0.0,0.0,0.0
120701020309,2000,0.0,0.0,0.0
120701020309,2001,0.0,0.0,0.0
120701020309,2002,0.0,0.0,0.0
120701020309,2003,0.0,0.0,0.0
120701020309,2004,0.0,0.0,0.0
120701020309,2005,0.0,0.0,0.0
120701020309,2006,0.0,0.0,0.0
120701020309,2007,0.031726732,0.031726732,0.0
120701020309,2008,0.064630896,0.064630896,0.0
120701020309,2009,0.032985512,0.032985512,0.0
120701020309,2010,0.0,0.0,0.0
120701020309,2011,0.0,0.0,0.0
120701020309,2012,0.0,0.0,0.0
120701020309,2013,0.0,0.0,0.0
120701020309,2014,0.0,0.0,0.0
120701020309,2015,0.0,0.0,0.0
120701020309,2016,0.0,0.0,0.0
120701020309,2017,0.0,0.0,0.0
120701020309,2018,0.0,0.0,0.0
120701020309,2019,0.0,0.0,0.0
120701020309,2020,0.0,0.0,0.0
120701020401,2000,0.0,0.0,0.0
120701020401,2001,0.0,0.0,0.0
120701020401,2002,0.0,0.0,0.0
120701020401,2003,0.0,0.0,0.0
120701020401,2004,0.0,0.0,0.0
120701020401,2005,0.0,0.0,0.0
120701020401,2006,0.0,0.0,0.0
120701020401,2007,0.0,0.0,0.0
120701020401,2008,0.0,0.0,0.0
120701020401,2009,0.0,0.0,0.0
120701020401,2010,0.0,0.0,0.0
120701020401,2011,0.0,0.0,0.0
120701020401,2012,0.0,0.0,0.0
120701020401,2013,0.0,0.0,0.0
120701020401,2014,0.0,0.0,0.0
120701020401,2015,0.0,0.0,0.0
120701020401,2016,0.0,0.0,0.0
120701020401,2017,0.0,0.0,0.0
120701020401,2018,0.0,0.0,0.0
120701020401,2019,0.001049666,0.001597792,0.000547959
120701020401,2020,0.001157426,0.001761369,0.000604194
120701020402,2000,0.0,0.0,0.0
120701020402,2001,0.0,0.0,0.0
120701020402,2002,0.195707162,0.297879882,0.102172808
120701020402,2003,0.00215014,0.003272879,0.001122573
120701020402,2004,0.085549689,0.130212738,0.044663055
120701020402,2005,0.142954912,0.21758757,0.074632405
120701020402,2006,0.274081797,0.417171636,0.143089756
120701020402,2007,0.093957392,0.143009671,0.049052359
120701020402,2008,0.221023478,0.336413281,0.115389721
120701020402,2009,0.120255989,0.183038096,0.062782025
120701020402,2010,0.292613578,0.445378148,0.15276491
120701020402,2011,0.0,0.0,0.0
120701020402,2012,0.001004213,0.001528514,0.000524134
120701020402,2013,0.247409181,0.376574071,0.129164805
120701020402,2014,0.124656378,0.189735822,0.065079359
120701020402,2015,0.214150877,0.325952419,0.11180171
120701020402,2016,0.000331631,0.000504779,0.000173066
120701020402,2017,0.242894696,0.369702674,0.126807978
120701020402,2018,0.120805126,0.183873671,0.06306871
120701020402,2019,0.297067666,0.452157871,0.155090123
120701020402,2020,0.243191197,0.370153926,0.126962888
120701020403,2000,0.0,0.0,0.0
120701020403,2001,0.0,0.0,0.0
120701020403,2002,0.0,0.0,0.0
120701020403,2003,0.0,0.0,0.0
120701020403,2004,0.0,0.0,0.0
120701020403,2005,0.0,0.0,0.0
120701020403,2006,0.0,0.0,0.0
120701020403,2007,0.0,0.0,0.0
120701020403,2008,0.0,0.0,0.0
120701020403,2009,0.0,0.0,0.0
120701020403,2010,0.0,0.0,0.0
120701020403,2011,0.0,0.0,0.0
120701020403,2012,0.0,0.0,0.0
120701020403,2013,0.0,0.0,0.0
120701020403,2014,0.0,0.0,0.0
120701020403,2015,0.0,0.0,0.0
120701020403,2016,0.0,0.0,0.0
120701020403,2017,0.0,0.0,0.0
120701020403,2018,0.0,0.0,0.0
120701020403,2019,0.0,0.0,0.0
120701020403,2020,0.0,0.0,0.0
120701020404,2000,0.0,0.0,0.0
120701020404,2001,0.0,0.0,0.0
120701020404,2002,0.00019563,0.000297816,0.000102101
120701020404,2003,0.0,0.0,0.0
120701020404,2004,0.000632623,0.000962781,0.00033024
120701020404,2005,0.0,0.0,0.0
120701020404,2006,0.0,0.0,0.0
120701020404,2007,0.000575425,0.000875841,0.000300416
120701020404,2008,0.000755489,0.001149992,0.000394418
120701020404,2009,0.0,0.0,0.0
120701020404,2010,0.0,0.0,0.0
120701020404,2011,0.0,0.0,0.0
120701020404,2012,0.0,0.0,0.0
120701020404,2013,0.0,0.0,0.0
120701020404,2014,0.0,0.0,0.0
120701020404,2015,0.0,0.0,0.0
120701020404,2016,0.0,0.0,0.0
120701020404,2017,0.0,0.0,0.0
120701020404,2018,0.0,0.0,0.0
120701020404,2019,0.001271926,0.001936022,0.000664093
120701020404,2020,0.0,0.0,0.0
120701020405,2000,0.0,0.0,0.0
120701020405,2001,0.0,0.0,0.0
120701020405,2002,0.0,0.0,0.0
120701020405,2003,0.0,0.0,0.0
120701020405,2004,0.0,0.0,0.0
120701020405,2005,0.0,0.0,0.0
120701020405,2006,0.0,0.0,0.0
120701020405,2007,0.0,0.0,0.0
120701020405,2008,0.0,0.0,0.0
120701020405,2009,0.0,0.0,0.0
120701020405,2010,0.0,0.0,0.0
120701020405,2011,0.0,0.0,0.0
120701020405,2012,0.0,0.0,0.0
120701020405,2013,0.0,0.0,0.0
120701020405,2014,0.0,0.0,0.0
120701020405,2015,0.0,0.0,0.0
120701020405,2016,0.0,0.0,0.0
120701020405,2017,0.0,0.0,0.0
120701020405,2018,0.0,0.0,0.0
120701020405,2019,0.000524496,0.000798477,0.000273814
120701020405,2020,0.0,0.0,0.0
120701020406,2000,0.0,0.0,0.0
120701020406,2001,0.0,0.0,0.0
120701020406,2002,0.0,0.0,0.0
120701020406,2003,0.0,0.0,0.0
120701020406,2004,0.0,0.0,0.0
120701020406,2005,0.0,0.0,0.0
120701020406,2006,0.0,0.0,0.0
120701020406,2007,0.0,0.0,0.0
120701020406,2008,0.0,0.0,0.0
120701020406,2009,0.0,0.0,0.0
120701020406,2010,0.0,0.0,0.0
120701020406,2011,0.0,0.0,0.0
120701020406,2012,0.0,0.0,0.0
120701020406,2013,0.0,0.0,0.0
120701020406,2014,0.0,0.0,0.0
120701020406,2015,0.0,0.0,0.0
120701020406,2016,0.0,0.0,0.0
120701020406,2017,0.0,0.0,0.0
120701020406,2018,0.0,0.0,0.0
120701020406,2019,0.0,0.0,0.0
120701020406,2020,0.0,0.0,0.0
120701020501,2000,0.0,0.0,0.0
120701020501,2001,0.0,0.0,0.0
120701020501,2002,0.0,0.0,0.0
120701020501,2003,0.0,0.0,0.0
120701020501,2004,0.0,0.0,0.0
120701020501,2005,0.0,0.0,0.0
120701020501,2006,0.0,0.0,0.0
120701020501,2007,0.001858277,0.001858277,0.0
120701020501,2008,0.00705418,0.00705418,0.0
120701020501,2009,0.003181874,0.003181874,0.0
120701020501,2010,0.011651299,0.017733833,0.006082789
120701020501,2011,0.0,0.0,0.0
120701020501,2012,0.0,0.0,0.0
120701020501,2013,0.022333137,0.029231934,0.006898715
120701020501,2014,0.013428882,0.020439597,0.007010797
120701020501,2015,0.0,0.0,0.0
120701020501,2016,0.0,0.0,0.0
120701020501,2017,0.0,0.0,0.0
120701020501,2018,0.006424186,0.009777926,0.003353825
120701020501,2019,0.0,0.0,0.0
120701020501,2020,0.020280516,0.030868281,0.010587765
120701020502,2000,0.211756811,0.307339486,0.095582505
120701020502,2001,0.0,0.0,0.0
120701020502,2002,0.488192611,0.610240764,0.122048153
120701020502,2003,0.322520595,0.346052156,0.023531479
120701020502,2004,0.0,0.0,0.0
120701020502,2005,0.32040349,0.376502304,0.056098814
120701020502,2006,0.0,0.0,0.0
120701020502,2007,0.154971899,0.226567137,0.071595156
120701020502,2008,0.0,0.0,0.0
120701020502,2009,0.24606937,0.333427515,0.087357978
120701020502,2010,0.274259671,0.391799526,0.117540025
120701020502,2011,0.0,0.0,0.0
120701020502,2012,0.0,0.0,0.0
120701020502,2013,0.14736669,0.177979255,0.030612482
120701020502,2014,0.447150726,0.67139746,0.224246901
120701020502,2015,0.0,0.0,0.0
120701020502,2016,0.0,0.0,0.0
120701020502,2017,0.418200978,0.56437369,0.14617271
120701020502,2018,0.329702384,0.401097674,0.071395449
120701020502,2019,0.0,0.0,0.0
120701020502,2020,0.340001508,0.479550699,0.139549273
120701030101,2000,0.0,0.0,0.0
120701030101,2001,0.0,0.0,0.0
120701030101,2002,0.0,0.0,0.0
120701030101,2003,0.172071644,0.172071644,0.0
120701030101,2004,0.124714781,0.129372046,0.004657434
120701030101,2005,0.0,0.0,0.0
120701030101,2006,0.184683712,0.194608685,0.009925055
120701030101,2007,0.0,0.0,0.0
120701030101,2008,0.0,0.0,0.0
120701030101,2009,0.0,0.0,0.0
120701030101,2010,0.0,0.0,0.0
120701030101,2011,0.0,0.0,0.0
120701030101,2012,0.0,0.0,0.0
120701030101,2013,0.0,0.0,0.0
120701030101,2014,0.0,0.0,0.0
120701030101,2015,0.0,0.0,0.0
120701030101,2016,0.0,0.0,0.0
120701030101,2017,0.0,0.0,0.0
120701030101,2018,0.0,0.0,0.0
120701030101,2019,0.0,0.0,0.0
120701030101,2020,0.0,0.0,0.0
120701030102,2000,0.0,0.0,0.0
120701030102,2001,0.0,0.0,0.0
120701030102,2002,0.0,0.0,0.0
120701030102,2003,0.103186921,0.103186921,0.0
120701030102,2004,0.125519746,0.125519746,0.0
120701030102,2005,0.0,0.0,0.0
120701030102,2006,0.0,0.0,0.0
120701030102,2007,0.0,0.0,0.0
120701030102,2008,0.0,0.0,0.0
120701030102,2009,0.0,0.0,0.0
120701030102,2010,0.0,0.0,0.0
120701030102,2011,0.0,0.0,0.0
120701030102,2012,0.0,0.0,0.0
120701030102,2013,0.0,0.0,0.0
120701030102,2014,0.0,0.0,0.0
120701030102,2015,0.0,0.0,0.0
120701030102,2016,0.0,0.0,0.0
120701030102,2017,0.0,0.0,0.0
120701030102,2018,0.003019723,0.003019723,0.0
120701030102,2019,0.011579427,0.011579427,0.0
120701030102,2020,0.404942112,0.404942112,0.0
120701030103,2000,0.0,0.0,0.0
120701030103,2001,0.0,0.0,0.0
120701030103,2002,0.0,0.0,0.0
120701030103,2003,0.268885756,0.268885756,0.0
120701030103,2004,0.052205298,0.052205298,0.0
120701030103,2005,0.0,0.0,0.0
120701030103,2006,0.0,0.0,0.0
120701030103,2007,0.0,0.0,0.0
120701030103,2008,0.0,0.0,0.0
120701030103,2009,0.0,0.0,0.0
120701030103,2010,0.0,0.0,0.0
120701030103,2011,0.0,0.0,0.0
120701030103,2012,0.0,0.0,0.0
120701030103,2013,0.0,0.0,0.0
120701030103,2014,0.0,0.0,0.0
120701030103,2015,7.8764e-05,7.8764e-05,0.0
120701030103,2016,0.0,0.0,0.0
120701030103,2017,0.0,0.0,0.0
120701030103,2018,0.0,0.0,0.0
120701030103,2019,0.001939066,0.001939066,0.0
120701030103,2020,0.595243833,0.595243833,0.0
120701030104,2000,0.0,0.0,0.0
120701030104,2001,0.0,0.0,0.0
120701030104,2002,0.0,0.0,0.0
120701030104,2003,0.056201951,0.056201951,0.0
120701030104,2004,0.0,0.0,0.0
120701030104,2005,0.0,0.0,0.0
120701030104,2006,0.0,0.0,0.0
120701030104,2007,0.0,0.0,0.0
120701030104,2008,0.0,0.0,0.0
120701030104,2009,0.0,0.0,0.0
120701030104,2010,0.0,0.0,0.0
120701030104,2011,0.0,0.0,0.0
120701030104,2012,0.0,0.0,0.0
120701030104,2013,0.0,0.0,0.0
120701030104,2014,0.0,0.0,0.0
120701030104,2015,0.0,0.0,0.0
120701030104,2016,0.0,0.0,0.0
120701030104,2017,0.0,0.0,0.0
120701030104,2018,0.0,0.0,0.0
120701030104,2019,0.0,0.0,0.0
120701030104,2020,0.0,0.0,0.0
120701030105,2000,0.0,0.0,0.0
120701030105,2001,0.0,0.0,0.0
120701030105,2002,0.0,0.0,0.0
120701030105,2003,0.0,0.0,0.0
120701030105,2004,0.0,0.0,0.0
120701030105,2005,0.0,0.0,0.0
120701030105,2006,0.0,0.0,0.0
120701030105,2007,0.0,0.0,0.0
120701030105,2008,0.0,0.0,0.0
120701030105,2009,0.0,0.0,0.0
120701030105,2010,0.0,0.0,0.0
120701030105,2011,0.0,0.0,0.0
120701030105,2012,0.0,0.0,0.0
120701030105,2013,0.0,0.0,0.0
120701030105,2014,0.0,0.0,0.0
120701030105,2015,0.0,0.0,0.0
120701030105,2016,0.0,0.0,0.0
120701030105,2017,0.0,0.0,0.0
120701030105,2018,0.0,0.0,0.0
120701030105,2019,0.0,0.0,0.0
120701030105,2020,0.0,0.0,0.0
120701030106,2000,0.0,0.0,0.0
120701030106,2001,0.0,0.0,0.0
120701030106,2002,0.0,0.0,0.0
120701030106,2003,0.0,0.0,0.0
120701030106,2004,0.0,0.0,0.0
120701030106,2005,0.0,0.0,0.0
120701030106,2006,0.0,0.0,0.0
120701030106,2007,0.0,0.0,0.0
120701030106,2008,0.0,0.0,0.0
120701030106,2009,0.0,0.0,0.0
120701030106,2010,0.0,0.0,0.0
120701030106,2011,0.0,0.0,0.0
120701030106,2012,0.0,0.0,0.0
120701030106,2013,0.0,0.0,0.0
120701030106,2014,0.0,0.0,0.0
120701030106,2015,0.0,0.0,0.0
120701030106,2016,0.0,0.0,0.0
120701030106,2017,0.0,0.0,0.0
120701030106,2018,0.0,0.0,0.0
120701030106,2019,0.0,0.0,0.0
120701030106,2020,0.0,0.0,0.0
120701030107,2000,0.0,0.0,0.0
120701030107,2001,0.0,0.0,0.0
120701030107,2002,0.0,0.0,0.0
120701030107,2003,0.0,0.0,0.0
120701030107,2004,0.0,0.0,0.0
120701030107,2005,0.0,0.0,0.0
120701030107,2006,0.0,0.0,0.0
120701030107,2007,0.0,0.0,0.0
120701030107,2008,0.0,0.0,0.0
120701030107,2009,0.0,0.0,0.0
120701030107,2010,0.0,0.0,0.0
120701030107,2011,0.0,0.0,0.0
120701030107,2012,0.0,0.0,0.0
120701030107,2013,0.0,0.0,0.0
120701030107,2014,0.0,0.0,0.0
120701030107,2015,0.0,0.0,0.0
120701030107,2016,0.0,0.0,0.0
120701030107,2017,0.0,0.0,0.0
120701030107,2018,0.0,0.0,0.0
120701030107,2019,0.0,0.0,0.0
120701030107,2020,0.053199626,0.053199626,0.0
120701030108,2000,0.0,0.0,0.0
120701030108,2001,0.0,0.0,0.0
120701030108,2002,0.0,0.0,0.0
120701030108,2003,0.0,0.0,0.0
120701030108,2004,0.0,0.0,0.0
120701030108,2005,0.0,0.0,0.0
120701030108,2006,0.0,0.0,0.0
120701030108,2007,0.0,0.0,0.0
120701030108,2008,0.0,0.0,0.0
120701030108,2009,0.0,0.0,0.0
120701030108,2010,0.0,0.0,0.0
120701030108,2011,0.0,0.0,0.0
120701030108,2012,0.0,0.0,0.0
120701030108,2013,0.0,0.0,0.0
120701030108,2014,0.0,0.0,0.0
120701030108,2015,0.0,0.0,0.0
120701030108,2016,0.0,0.0,0.0
120701030108,2017,0.0,0.0,0.0
120701030108,2018,0.0,0.0,0.0
120701030108,2019,0.0,0.0,0.0
120701030108,2020,0.0,0.0,0.0
120701030201,2000,0.0,0.0,0.0
120701030201,2001,0.0,0.0,0.0
120701030201,2002,0.0,0.0,0.0
120701030201,2003,0.001077701,0.001077701,0.0
120701030201,2004,2.3383e-05,2.3383e-05,0.0
120701030201,2005,0.0,0.0,0.0
120701030201,2006,0.001777523,0.001777523,0.0
120701030201,2007,0.0,0.0,0.0
120701030201,2008,0.0,0.0,0.0
120701030201,2009,0.0,0.0,0.0
120701030201,2010,0.0,0.0,0.0
120701030201,2011,0.0,0.0,0.0
120701030201,2012,0.0,0.0,0.0
120701030201,2013,0.0,0.0,0.0
120701030201,2014,0.0,0.0,0.0
120701030201,2015,0.0,0.0,0.0
120701030201,2016,0.0,0.0,0.0
120701030201,2017,0.0,0.0,0.0
120701030201,2018,0.0,0.0,0.0
120701030201,2019,0.0,0.0,0.0
120701030201,2020,0.0,0.0,0.0
120701030202,2000,0.0,0.0,0.0
120701030202,2001,0.0,0.0,0.0
120701030202,2002,0.0,0.0,0.0
120701030202,2003,0.0,0.0,0.0
120701030202,2004,0.0,0.0,0.0
120701030202,2005,0.0,0.0,0.0
120701030202,2006,0.0,0.0,0.0
120701030202,2007,0.0,0.0,0.0
120701030202,2008,0.0,0.0,0.0
120701030202,2009,0.0,0.0,0.0
120701030202,2010,0.0,0.0,0.0
120701030202,2011,0.0,0.0,0.0
120701030202,2012,0.0,0.0,0.0
120701030202,2013,0.0,0.0,0.0
120701030202,2014,0.0,0.0,0.0
120701030202,2015,0.0,0.0,0.0
120701030202,2016,0.0,0.0,0.0
120701030202,2017,0.0,0.0,0.0
120701030202,2018,0.0,0.0,0.0
120701030202,2019,0.0,0.0,0.0
120701030202,2020,0.0,0.0,0.0
120701030203,2000,0.0,0.0,0.0
120701030203,2001,0.0,0.0,0.0
120701030203,2002,0.0,0.0,0.0
120701030203,2003,0.0,0.0,0.0
120701030203,2004,0.0,0.0,0.0
120701030203,2005,0.0,0.0,0.0
120701030203,2006,0.0,0.0,0.0
120701030203,2007,0.0,0.0,0.0
120701030203,2008,0.0,0.0,0.0
120701030203,2009,0.0,0.0,0.0
120701030203,2010,0.0,0.0,0.0
120701030203,2011,0.0,0.0,0.0
120701030203,2012,0.0,0.0,0.0
120701030203,2013,0.0,0.0,0.0
120701030203,2014,0.0,0.0,0.0
120701030203,2015,0.0,0.0,0.0
120701030203,2016,0.0,0.0,0.0
120701030203,2017,0.0,0.0,0.0
120701030203,2018,0.0,0.0,0.0
120701030203,2019,0.0,0.0,0.0
120701030203,2020,0.0,0.0,0.0
120701030204,2000,0.0,0.0,0.0
120701030204,2001,0.0,0.0,0.0
120701030204,2002,0.0,0.0,0.0
120701030204,2003,0.0,0.0,0.0
120701030204,2004,0.0,0.0,0.0
120701030204,2005,0.0,0.0,0.0
120701030204,2006,0.0,0.0,0.0
120701030204,2007,0.0,0.0,0.0
120701030204,2008,0.0,0.0,0.0
120701030204,2009,0.0,0.0,0.0
120701030204,2010,0.0,0.0,0.0
120701030204,2011,0.0,0.0,0.0
120701030204,2012,0.0,0.0,0.0
120701030204,2013,0.0,0.0,0.0
120701030204,2014,0.0,0.0,0.0
120701030204,2015,0.0,0.0,0.0
120701030204,2016,0.0,0.0,0.0
120701030204,2017,0.0,0.0,0.0
120701030204,2018,0.0,0.0,0.0
120701030204,2019,0.0,0.0,0.0
120701030204,2020,0.0,0.0,0.0
120701030301,2000,0.0,0.0,0.0
120701030301,2001,0.0,0.0,0.0
120701030301,2002,0.0,0.0,0.0
120701030301,2003,0.0,0.0,0.0
120701030301,2004,0.0,0.0,0.0
120701030301,2005,0.0,0.0,0.0
120701030301,2006,0.0,0.0,0.0
120701030301,2007,0.0,0.0,0.0
120701030301,2008,0.0,0.0,0.0
120701030301,2009,0.0,0.0,0.0
120701030301,2010,0.0,0.0,0.0
120701030301,2011,0.0,0.0,0.0
120701030301,2012,0.0,0.0,0.0
120701030301,2013,0.0,0.0,0.0
120701030301,2014,0.0,0.0,0.0
120701030301,2015,0.0,0.0,0.0
120701030301,2016,0.0,0.0,0.0
120701030301,2017,0.0,0.0,0.0
120701030301,2018,0.0,0.0,0.0
120701030301,2019,0.0,0.0,0.0
120701030301,2020,0.0,0.0,0.0
120701030302,2000,0.0,0.0,0.0
120701030302,2001,0.0,0.0,0.0
120701030302,2002,0.0,0.0,0.0
120701030302,2003,0.0,0.0,0.0
120701030302,2004,0.0,0.0,0.0
120701030302,2005,0.0,0.0,0.0
120701030302,2006,0.0,0.0,0.0
120701030302,2007,0.0,0.0,0.0
120701030302,2008,0.0,0.0,0.0
120701030302,2009,0.0,0.0,0.0
120701030302,2010,0.0,0.0,0.0
120701030302,2011,0.0,0.0,0.0
120701030302,2012,0.0,0.0,0.0
120701030302,2013,0.0,0.0,0.0
120701030302,2014,0.0,0.0,0.0
120701030302,2015,0.0,0.0,0.0
120701030302,2016,0.0,0.0,0.0
120701030302,2017,0.0,0.0,0.0
120701030302,2018,0.0,0.0,0.0
120701030302,2019,0.0,0.0,0.0
120701030302,2020,0.0,0.0,0.0
120701030303,2000,0.0,0.0,0.0
120701030303,2001,0.0,0.0,0.0
120701030303,2002,0.0,0.0,0.0
120701030303,2003,0.0,0.0,0.0
120701030303,2004,0.0,0.0,0.0
120701030303,2005,0.0,0.0,0.0
120701030303,2006,0.0,0.0,0.0
120701030303,2007,0.0,0.0,0.0
120701030303,2008,0.0,0.0,0.0
120701030303,2009,0.0,0.0,0.0
120701030303,2010,0.0,0.0,0.0
120701030303,2011,0.0,0.0,0.0
120701030303,2012,0.0,0.0,0.0
120701030303,2013,0.0,0.0,0.0
120701030303,2014,0.0,0.0,0.0
120701030303,2015,0.0,0.0,0.0
120701030303,2016,0.0,0.0,0.0
120701030303,2017,0.0,0.0,0.0
120701030303,2018,0.0,0.0,0.0
120701030303,2019,0.0,0.0,0.0
120701030303,2020,0.0,0.0,0.0
120701030304,2000,0.0,0.0,0.0
120701030304,2001,0.0,0.0,0.0
120701030304,2002,0.0,0.0,0.0
120701030304,2003,0.0,0.0,0.0
120701030304,2004,0.0,0.0,0.0
120701030304,2005,0.0,0.0,0.0
120701030304,2006,0.0,0.0,0.0
120701030304,2007,0.0,0.0,0.0
120701030304,2008,0.0,0.0,0.0
120701030304,2009,0.0,0.0,0.0
120701030304,2010,0.0,0.0,0.0
120701030304,2011,0.0,0.0,0.0
120701030304,2012,0.0,0.0,0.0
120701030304,2013,0.0,0.0,0.0
120701030304,2014,0.0,0.0,0.0
120701030304,2015,0.0,0.0,0.0
120701030304,2016,0.0,0.0,0.0
120701030304,2017,0.0,0.0,0.0
120701030304,2018,0.0,0.0,0.0
120701030304,2019,0.0,0.0,0.0
120701030304,2020,0.0,0.0,0.0
120701030305,2000,0.0,0.0,0.0
120701030305,2001,0.0,0.0,0.0
120701030305,2002,0.0,0.0,0.0
120701030305,2003,0.0,0.0,0.0
120701030305,2004,0.0,0.0,0.0
120701030305,2005,0.0,0.0,0.0
120701030305,2006,0.0,0.0,0.0
120701030305,2007,0.0,0.0,0.0
120701030305,2008,0.0,0.0,0.0
120701030305,2009,0.0,0.0,0.0
120701030305,2010,0.0,0.0,0.0
120701030305,2011,0.0,0.0,0.0
120701030305,2012,0.0,0.0,0.0
120701030305,2013,0.0,0.0,0.0
120701030305,2014,0.0,0.0,0.0
120701030305,2015,0.0,0.0,0.0
120701030305,2016,0.0,0.0,0.0
120701030305,2017,0.0,0.0,0.0
120701030305,2018,0.0,0.0,0.0
120701030305,2019,0.0,0.0,0.0
120701030305,2020,0.0,0.0,0.0
120701030306,2000,0.0,0.0,0.0
120701030306,2001,0.0,0.0,0.0
120701030306,2002,0.0,0.0,0.0
120701030306,2003,0.0,0.0,0.0
120701030306,2004,0.0,0.0,0.0
120701030306,2005,0.0,0.0,0.0
120701030306,2006,0.0,0.0,0.0
120701030306,2007,0.0,0.0,0.0
120701030306,2008,0.0,0.0,0.0
120701030306,2009,0.0,0.0,0.0
120701030306,2010,0.0,0.0,0.0
120701030306,2011,0.0,0.0,0.0
120701030306,2012,0.0,0.0,0.0
120701030306,2013,0.0,0.0,0.0
120701030306,2014,0.0,0.0,0.0
120701030306,2015,0.0,0.0,0.0
120701030306,2016,0.0,0.0,0.0
120701030306,2017,0.0,0.0,0.0
120701030306,2018,0.0,0.0,0.0
120701030306,2019,0.0,0.0,0.0
120701030306,2020,0.0,0.0,0.0
120701030307,2000,0.0,0.0,0.0
120701030307,2001,0.0,0.0,0.0
120701030307,2002,0.0,0.0,0.0
120701030307,2003,0.0,0.0,0.0
120701030307,2004,0.0,0.0,0.0
120701030307,2005,0.0,0.0,0.0
120701030307,2006,0.0,0.0,0.0
120701030307,2007,0.0,0.0,0.0
120701030307,2008,0.0,0.0,0.0
120701030307,2009,0.0,0.0,0.0
120701030307,2010,0.0,0.0,0.0
120701030307,2011,0.0,0.0,0.0
120701030307,2012,0.0,0.0,0.0
120701030307,2013,0.0,0.0,0.0
120701030307,2014,0.0,0.0,0.0
120701030307,2015,0.0,0.0,0.0
120701030307,2016,0.0,0.0,0.0
120701030307,2017,0.0,0.0,0.0
120701030307,2018,0.0,0.0,0.0
120701030307,2019,0.0,0.0,0.0
120701030307,2020,0.0,0.0,0.0
120701030308,2000,0.0,0.0,0.0
120701030308,2001,0.0,0.0,0.0
120701030308,2002,0.0,0.0,0.0
120701030308,2003,0.0,0.0,0.0
120701030308,2004,0.0,0.0,0.0
120701030308,2005,0.0,0.0,0.0
120701030308,2006,0.0,0.0,0.0
120701030308,2007,0.0,0.0,0.0
120701030308,2008,0.0,0.0,0.0
120701030308,2009,0.0,0.0,0.0
120701030308,2010,0.0,0.0,0.0
120701030308,2011,0.0,0.0,0.0
120701030308,2012,0.0,0.0,0.0
120701030308,2013,0.0,0.0,0.0
120701030308,2014,0.0,0.0,0.0
120701030308,2015,0.0,0.0,0.0
120701030308,2016,0.0,0.0,0.0
120701030308,2017,0.0,0.0,0.0
120701030308,2018,0.0,0.0,0.0
120701030308,2019,0.0,0.0,0.0
120701030308,2020,0.0,0.0,0.0
120701030309,2000,0.0,0.0,0.0
120701030309,2001,0.0,0.0,0.0
120701030309,2002,0.0,0.0,0.0
120701030309,2003,0.0,0.0,0.0
120701030309,2004,0.0,0.0,0.0
120701030309,2005,0.0,0.0,0.0
120701030309,2006,0.0,0.0,0.0
120701030309,2007,0.0,0.0,0.0
120701030309,2008,0.0,0.0,0.0
120701030309,2009,0.0,0.0,0.0
120701030309,2010,0.0,0.0,0.0
120701030309,2011,0.0,0.0,0.0
120701030309,2012,0.0,0.0,0.0
120701030309,2013,0.0,0.0,0.0
120701030309,2014,0.0,0.0,0.0
120701030309,2015,0.0,0.0,0.0
120701030309,2016,0.0,0.0,0.0
120701030309,2017,0.0,0.0,0.0
120701030309,2018,0.0,0.0,0.0
120701030309,2019,0.0,0.0,0.0
120701030309,2020,0.0,0.0,0.0
120701030401,2000,0.0,0.0,0.0
120701030401,2001,0.0,0.0,0.0
120701030401,2002,0.0,0.0,0.0
120701030401,2003,0.0,0.0,0.0
120701030401,2004,0.0,0.0,0.0
120701030401,2005,0.0,0.0,0.0
120701030401,2006,0.0,0.0,0.0
120701030401,2007,0.0,0.0,0.0
120701030401,2008,0.0,0.0,0.0
120701030401,2009,0.0,0.0,0.0
120701030401,2010,0.0,0.0,0.0
120701030401,2011,0.0,0.0,0.0
120701030401,2012,0.0,0.0,0.0
120701030401,2013,0.0,0.0,0.0
120701030401,2014,0.0,0.0,0.0
120701030401,2015,0.0,0.0,0.0
120701030401,2016,0.0,0.0,0.0
120701030401,2017,0.0,0.0,0.0
120701030401,2018,0.0,0.0,0.0
120701030401,2019,0.0,0.0,0.0
120701030401,2020,0.0,0.0,0.0
120701030402,2000,0.0,0.0,0.0
120701030402,2001,0.0,0.0,0.0
120701030402,2002,0.0,0.0,0.0
120701030402,2003,0.0,0.0,0.0
120701030402,2004,0.0,0.0,0.0
120701030402,2005,0.0,0.0,0.0
120701030402,2006,0.0,0.0,0.0
120701030402,2007,0.0,0.0,0.0
120701030402,2008,0.0,0.0,0.0
120701030402,2009,0.0,0.0,0.0
120701030402,2010,0.0,0.0,0.0
120701030402,2011,0.0,0.0,0.0
120701030402,2012,0.0,0.0,0.0
120701030402,2013,0.0,0.0,0.0
120701030402,2014,0.0,0.0,0.0
120701030402,2015,0.0,0.0,0.0
120701030402,2016,0.0,0.0,0.0
120701030402,2017,0.0,0.0,0.0
120701030402,2018,0.0,0.0,0.0
120701030402,2019,0.0,0.0,0.0
120701030402,2020,0.0,0.0,0.0
120701030403,2000,0.0,0.0,0.0
120701030403,2001,0.0,0.0,0.0
120701030403,2002,0.0,0.0,0.0
120701030403,2003,0.0,0.0,0.0
120701030403,2004,0.0,0.0,0.0
120701030403,2005,0.0,0.0,0.0
120701030403,2006,0.0,0.0,0.0
120701030403,2007,0.0,0.0,0.0
120701030403,2008,0.0,0.0,0.0
120701030403,2009,0.0,0.0,0.0
120701030403,2010,0.0,0.0,0.0
120701030403,2011,0.0,0.0,0.0
120701030403,2012,0.0,0.0,0.0
120701030403,2013,0.0,0.0,0.0
120701030403,2014,0.0,0.0,0.0
120701030403,2015,0.0,0.0,0.0
120701030403,2016,0.0,0.0,0.0
120701030403,2017,0.0,0.0,0.0
120701030403,2018,0.0,0.0,0.0
120701030403,2019,0.0,0.0,0.0
120701030403,2020,0.0,0.0,0.0
120701030404,2000,0.0,0.0,0.0
120701030404,2001,0.0,0.0,0.0
120701030404,2002,0.0,0.0,0.0
120701030404,2003,0.0,0.0,0.0
120701030404,2004,0.0,0.0,0.0
120701030404,2005,0.0,0.0,0.0
120701030404,2006,0.0,0.0,0.0
120701030404,2007,0.0,0.0,0.0
120701030404,2008,0.0,0.0,0.0
120701030404,2009,0.0,0.0,0.0
120701030404,2010,0.0,0.0,0.0
120701030404,2011,0.0,0.0,0.0
120701030404,2012,0.0,0.0,0.0
120701030404,2013,0.0,0.0,0.0
120701030404,2014,0.0,0.0,0.0
120701030404,2015,0.002725099,0.002809441,8.4175e-05
120701030404,2016,0.0,0.0,0.0
120701030404,2017,0.0,0.0,0.0
120701030404,2018,0.0,0.0,0.0
120701030404,2019,0.0,0.0,0.0
120701030404,2020,0.0,0.0,0.0
120701030405,2000,0.0,0.0,0.0
120701030405,2001,0.0,0.0,0.0
120701030405,2002,0.0,0.0,0.0
120701030405,2003,0.0,0.0,0.0
120701030405,2004,0.0,0.0,0.0
120701030405,2005,0.0,0.0,0.0
120701030405,2006,0.0,0.0,0.0
120701030405,2007,0.0,0.0,0.0
120701030405,2008,0.0,0.0,0.0
120701030405,2009,0.0,0.0,0.0
120701030405,2010,0.0,0.0,0.0
120701030405,2011,0.0,0.0,0.0
120701030405,2012,0.0,0.0,0.0
120701030405,2013,0.0,0.0,0.0
120701030405,2014,0.0,0.0,0.0
120701030405,2015,0.044386934,0.045759679,0.00137266
120701030405,2016,0.0,0.0,0.0
120701030405,2017,0.0,0.0,0.0
120701030405,2018,0.0,0.0,0.0
120701030405,2019,0.0,0.0,0.0
120701030405,2020,0.0,0.0,0.0
120701030406,2000,0.0,0.0,0.0
120701030406,2001,0.0,0.0,0.0
120701030406,2002,0.0,0.0,0.0
120701030406,2003,0.0,0.0,0.0
120701030406,2004,0.0,0.0,0.0
120701030406,2005,0.0,0.0,0.0
120701030406,2006,0.0,0.0,0.0
120701030406,2007,0.0,0.0,0.0
120701030406,2008,0.0,0.0,0.0
120701030406,2009,0.0,0.0,0.0
120701030406,2010,0.0,0.0,0.0
120701030406,2011,0.0,0.0,0.0
120701030406,2012,0.0,0.0,0.0
120701030406,2013,0.0,0.0,0.0
120701030406,2014,0.0,0.0,0.0
120701030406,2015,0.0,0.0,0.0
120701030406,2016,0.0,0.0,0.0
120701030406,2017,0.0,0.0,0.0
120701030406,2018,0.0,0.0,0.0
120701030406,2019,0.0,0.0,0.0
120701030406,2020,0.0,0.0,0.0
120701030407,2000,0.0,0.0,0.0
120701030407,2001,0.0,0.0,0.0
120701030407,2002,0.0,0.0,0.0
120701030407,2003,0.0,0.0,0.0
120701030407,2004,0.0,0.0,0.0
120701030407,2005,0.0,0.0,0.0
120701030407,2006,0.0,0.0,0.0
120701030407,2007,0.0,0.0,0.0
120701030407,2008,0.0,0.0,0.0
120701030407,2009,0.0,0.0,0.0
120701030407,2010,0.0,0.0,0.0
120701030407,2011,0.0,0.0,0.0
120701030407,2012,0.0,0.0,0.0
120701030407,2013,0.0,0.0,0.0
120701030407,2014,0.0,0.0,0.0
120701030407,2015,0.0,0.0,0.0
120701030407,2016,0.0,0.0,0.0
120701030407,2017,0.0,0.0,0.0
120701030407,2018,0.0,0.0,0.0
120701030407,2019,0.0,0.0,0.0
120701030407,2020,0.0,0.0,0.0
120701030501,2000,0.0,0.0,0.0
120701030501,2001,0.0,0.0,0.0
120701030501,2002,0.0,0.0,0.0
120701030501,2003,0.0,0.0,0.0
120701030501,2004,0.0,0.0,0.0
120701030501,2005,0.0,0.0,0.0
120701030501,2006,0.0,0.0,0.0
120701030501,2007,0.0,0.0,0.0
120701030501,2008,0.0,0.0,0.0
120701030501,2009,0.0,0.0,0.0
120701030501,2010,0.0,0.0,0.0
120701030501,2011,0.0,0.0,0.0
120701030501,2012,0.0,0.0,0.0
120701030501,2013,0.0,0.0,0.0
120701030501,2014,0.0,0.0,0.0
120701030501,2015,0.0,0.0,0.0
120701030501,2016,0.0,0.0,0.0
120701030501,2017,0.0,0.0,0.0
120701030501,2018,0.0,0.0,0.0
120701030501,2019,0.0,0.0,0.0
120701030501,2020,0.0,0.0,0.0
120701030502,2000,0.0,0.0,0.0
120701030502,2001,0.0,0.0,0.0
120701030502,2002,0.0,0.0,0.0
120701030502,2003,0.0,0.0,0.0
120701030502,2004,0.0,0.0,0.0
120701030502,2005,0.0,0.0,0.0
120701030502,2006,0.0,0.0,0.0
120701030502,2007,0.0,0.0,0.0
120701030502,2008,0.0,0.0,0.0
120701030502,2009,0.0,0.0,0.0
120701030502,2010,0.0,0.0,0.0
120701030502,2011,0.0,0.0,0.0
120701030502,2012,0.0,0.0,0.0
120701030502,2013,0.0,0.0,0.0
120701030502,2014,0.0,0.0,0.0
120701030502,2015,0.0,0.0,0.0
120701030502,2016,0.0,0.0,0.0
120701030502,2017,0.0,0.0,0.0
120701030502,2018,0.0,0.0,0.0
120701030502,2019,0.000120679,0.000124474,3.625e-06
120701030502,2020,0.0,0.0,0.0
120701030503,2000,0.0,0.0,0.0
120701030503,2001,0.0,0.0,0.0
120701030503,2002,0.0,0.0,0.0
120701030503,2003,0.0,0.0,0.0
120701030503,2004,0.0,0.0,0.0
120701030503,2005,0.0,0.0,0.0
120701030503,2006,0.0,0.0,0.0
120701030503,2007,0.0,0.0,0.0
120701030503,2008,0.0,0.0,0.0
120701030503,2009,0.0,0.0,0.0
120701030503,2010,0.0,0.0,0.0
120701030503,2011,0.0,0.0,0.0
120701030503,2012,0.0,0.0,0.0
120701030503,2013,0.0,0.0,0.0
120701030503,2014,0.0,0.0,0.0
120701030503,2015,0.0,0.0,0.0
120701030503,2016,0.0,0.0,0.0
120701030503,2017,0.0,0.0,0.0
120701030503,2018,0.0,0.0,0.0
120701030503,2019,0.0,0.0,0.0
120701030503,2020,0.0,0.0,0.0
120701030504,2000,0.0,0.0,0.0
120701030504,2001,0.0,0.0,0.0
120701030504,2002,0.0,0.0,0.0
120701030504,2003,0.0,0.0,0.0
120701030504,2004,0.0,0.0,0.0
120701030504,2005,0.0,0.0,0.0
120701030504,2006,0.0,0.0,0.0
120701030504,2007,0.0,0.0,0.0
120701030504,2008,0.0,0.0,0.0
120701030504,2009,0.0,0.0,0.0
120701030504,2010,0.0,0.0,0.0
120701030504,2011,0.0,0.0,0.0
120701030504,2012,0.0,0.0,0.0
120701030504,2013,0.0,0.0,0.0
120701030504,2014,0.0,0.0,0.0
120701030504,2015,0.0,0.0,0.0
120701030504,2016,0.0,0.0,0.0
120701030504,2017,0.0,0.0,0.0
120701030504,2018,0.0,0.0,0.0
120701030504,2019,0.0,0.0,0.0
120701030504,2020,0.0,0.0,0.0
120701030505,2000,0.0,0.0,0.0
120701030505,2001,0.0,0.0,0.0
120701030505,2002,0.0,0.0,0.0
120701030505,2003,0.0,0.0,0.0
120701030505,2004,0.0,0.0,0.0
120701030505,2005,0.0,0.0,0.0
120701030505,2006,0.0,0.0,0.0
120701030505,2007,0.0,0.0,0.0
120701030505,2008,0.0,0.0,0.0
120701030505,2009,0.0,0.0,0.0
120701030505,2010,0.0,0.0,0.0
120701030505,2011,0.0,0.0,0.0
120701030505,2012,0.0,0.0,0.0
120701030505,2013,0.0,0.0,0.0
120701030505,2014,0.0,0.0,0.0
120701030505,2015,0.0,0.0,0.0
120701030505,2016,0.0,0.0,0.0
120701030505,2017,0.0,0.0,0.0
120701030505,2018,0.0,0.0,0.0
120701030505,2019,0.0,0.0,0.0
120701030505,2020,0.0,0.0,0.0
120701030506,2000,0.0,0.0,0.0
120701030506,2001,0.0,0.0,0.0
120701030506,2002,0.0,0.0,0.0
120701030506,2003,0.0,0.0,0.0
120701030506,2004,0.0,0.0,0.0
120701030506,2005,0.0,0.0,0.0
120701030506,2006,0.0,0.0,0.0
120701030506,2007,0.0,0.0,0.0
120701030506,2008,0.0,0.0,0.0
120701030506,2009,0.0,0.0,0.0
120701030506,2010,0.0,0.0,0.0
120701030506,2011,0.0,0.0,0.0
120701030506,2012,0.0,0.0,0.0
120701030506,2013,0.0,0.0,0.0
120701030506,2014,0.0,0.0,0.0
120701030506,2015,0.0,0.0,0.0
120701030506,2016,0.0,0.0,0.0
120701030506,2017,0.0,0.0,0.0
120701030506,2018,0.0,0.0,0.0
120701030506,2019,0.0,0.0,0.0
120701030506,2020,0.0,0.0,0.0
120701030507,2000,0.0,0.0,0.0
120701030507,2001,0.0,0.0,0.0
120701030507,2002,0.0,0.0,0.0
120701030507,2003,0.0,0.0,0.0
120701030507,2004,0.0,0.0,0.0
120701030507,2005,0.0,0.0,0.0
120701030507,2006,0.0,0.0,0.0
120701030507,2007,0.0,0.0,0.0
120701030507,2008,0.0,0.0,0.0
120701030507,2009,0.0,0.0,0.0
120701030507,2010,0.0,0.0,0.0
120701030507,2011,0.0,0.0,0.0
120701030507,2012,0.0,0.0,0.0
120701030507,2013,0.0,0.0,0.0
120701030507,2014,0.0,0.0,0.0
120701030507,2015,0.0,0.0,0.0
120701030507,2016,0.0,0.0,0.0
120701030507,2017,0.0,0.0,0.0
120701030507,2018,0.0,0.0,0.0
120701030507,2019,0.121709066,0.125602786,0.003893721
120701030507,2020,0.0,0.0,0.0
120701030508,2000,0.0,0.0,0.0
120701030508,2001,0.0,0.0,0.0
120701030508,2002,0.0,0.0,0.0
120701030508,2003,0.0,0.0,0.0
120701030508,2004,0.0,0.0,0.0
120701030508,2005,0.0,0.0,0.0
120701030508,2006,0.0,0.0,0.0
120701030508,2007,0.0,0.0,0.0
120701030508,2008,0.0,0.0,0.0
120701030508,2009,0.0,0.0,0.0
120701030508,2010,0.0,0.0,0.0
120701030508,2011,0.0,0.0,0.0
120701030508,2012,0.0,0.0,0.0
120701030508,2013,0.0,0.0,0.0
120701030508,2014,0.0,0.0,0.0
120701030508,2015,0.0,0.0,0.0
120701030508,2016,0.0,0.0,0.0
120701030508,2017,0.0,0.0,0.0
120701030508,2018,0.0,0.0,0.0
120701030508,2019,0.0,0.0,0.0
120701030508,2020,0.0,0.0,0.0
120701030509,2000,0.0,0.0,0.0
120701030509,2001,0.0,0.0,0.0
120701030509,2002,0.0,0.0,0.0
120701030509,2003,0.0,0.0,0.0
120701030509,2004,0.0,0.0,0.0
120701030509,2005,0.0,0.0,0.0
120701030509,2006,0.0,0.0,0.0
120701030509,2007,0.0,0.0,0.0
120701030509,2008,0.0,0.0,0.0
120701030509,2009,0.0,0.0,0.0
120701030509,2010,0.0,0.0,0.0
120701030509,2011,0.0,0.0,0.0
120701030509,2012,0.0,0.0,0.0
120701030509,2013,0.0,0.0,0.0
120701030509,2014,0.0,0.0,0.0
120701030509,2015,0.0,0.0,0.0
120701030509,2016,0.0,0.0,0.0
120701030509,2017,0.0,0.0,0.0
120701030509,2018,0.0,0.0,0.0
120701030509,2019,0.0,0.0,0.0
120701030509,2020,0.0,0.0,0.0
120701030510,2000,0.0,0.0,0.0
120701030510,2001,0.0,0.0,0.0
120701030510,2002,0.0,0.0,0.0
120701030510,2003,0.0,0.0,0.0
120701030510,2004,0.0,0.0,0.0
120701030510,2005,0.0,0.0,0.0
120701030510,2006,0.0,0.0,0.0
120701030510,2007,0.0,0.0,0.0
120701030510,2008,0.0,0.0,0.0
120701030510,2009,0.0,0.0,0.0
120701030510,2010,0.0,0.0,0.0
120701030510,2011,0.0,0.0,0.0
120701030510,2012,0.0,0.0,0.0
120701030510,2013,0.0,0.0,0.0
120701030510,2014,0.0,0.0,0.0
120701030510,2015,0.0,0.0,0.0
120701030510,2016,0.0,0.0,0.0
120701030510,2017,0.0,0.0,0.0
120701030510,2018,0.0,0.0,0.0
120701030510,2019,0.0,0.0,0.0
120701030510,2020,0.0,0.0,0.0
120701030601,2000,0.0,0.0,0.0
120701030601,2001,0.0,0.0,0.0
120701030601,2002,0.0,0.0,0.0
120701030601,2003,0.0,0.0,0.0
120701030601,2004,0.0,0.0,0.0
120701030601,2005,0.0,0.0,0.0
120701030601,2006,0.0,0.0,0.0
120701030601,2007,0.0,0.0,0.0
120701030601,2008,0.0,0.0,0.0
120701030601,2009,0.0,0.0,0.0
120701030601,2010,0.0,0.0,0.0
120701030601,2011,0.0,0.0,0.0
120701030601,2012,0.0,0.0,0.0
120701030601,2013,0.0,0.0,0.0
120701030601,2014,0.0,0.0,0.0
120701030601,2015,0.0,0.0,0.0
120701030601,2016,0.0,0.0,0.0
120701030601,2017,0.0,0.0,0.0
120701030601,2018,0.0,0.0,0.0
120701030601,2019,0.0,0.0,0.0
120701030601,2020,0.0,0.0,0.0
120701030602,2000,0.0,0.0,0.0
120701030602,2001,0.141771901,0.149864471,0.008092822
120701030602,2002,0.232851964,0.24614389,0.013291674
120701030602,2003,0.08216809,0.086858452,0.004690444
120701030602,2004,0.0,0.0,0.0
120701030602,2005,0.0,0.0,0.0
120701030602,2006,0.0,0.0,0.0
120701030602,2007,0.0,0.0,0.0
120701030602,2008,0.0,0.0,0.0
120701030602,2009,0.0,0.0,0.0
120701030602,2010,0.0,0.0,0.0
120701030602,2011,0.0,0.0,0.0
120701030602,2012,0.0,0.0,0.0
120701030602,2013,0.0,0.0,0.0
120701030602,2014,0.0,0.0,0.0
120701030602,2015,0.0,0.0,0.0
120701030602,2016,0.0,0.0,0.0
120701030602,2017,0.0,0.0,0.0
120701030602,2018,0.0,0.0,0.0
120701030602,2019,0.139453693,0.147413929,0.007960403
120701030602,2020,0.0,0.0,0.0
120701030603,2000,0.0,0.0,0.0
120701030603,2001,0.0,0.0,0.0
120701030603,2002,0.0,0.0,0.0
120701030603,2003,0.0,0.0,0.0
120701030603,2004,0.0,0.0,0.0
120701030603,2005,0.0,0.0,0.0
120701030603,2006,0.0,0.0,0.0
120701030603,2007,0.0,0.0,0.0
120701030603,2008,0.0,0.0,0.0
120701030603,2009,0.0,0.0,0.0
120701030603,2010,0.0,0.0,0.0
120701030603,2011,0.0,0.0,0.0
120701030603,2012,0.0,0.0,0.0
120701030603,2013,0.0,0.0,0.0
120701030603,2014,0.0,0.0,0.0
120701030603,2015,0.0,0.0,0.0
120701030603,2016,0.0,0.0,0.0
120701030603,2017,0.0,0.0,0.0
120701030603,2018,0.0,0.0,0.0
120701030603,2019,0.0,0.0,0.0
120701030603,2020,0.0,0.0,0.0
120701030604,2000,0.0,0.0,0.0
120701030604,2001,0.0,0.0,0.0
120701030604,2002,0.0,0.0,0.0
120701030604,2003,0.0,0.0,0.0
120701030604,2004,0.0,0.0,0.0
120701030604,2005,0.0,0.0,0.0
120701030604,2006,0.0,0.0,0.0
120701030604,2007,0.0,0.0,0.0
120701030604,2008,0.0,0.0,0.0
120701030604,2009,0.0,0.0,0.0
120701030604,2010,0.0,0.0,0.0
120701030604,2011,0.0,0.0,0.0
120701030604,2012,0.0,0.0,0.0
120701030604,2013,0.0,0.0,0.0
120701030604,2014,0.0,0.0,0.0
120701030604,2015,0.0,0.0,0.0
120701030604,2016,0.0,0.0,0.0
120701030604,2017,0.0,0.0,0.0
120701030604,2018,0.0,0.0,0.0
120701030604,2019,0.0,0.0,0.0
120701030604,2020,0.0,0.0,0.0
120701030701,2000,0.0,0.0,0.0
120701030701,2001,0.0,0.0,0.0
120701030701,2002,0.0,0.0,0.0
120701030701,2003,0.0,0.0,0.0
120701030701,2004,0.0,0.0,0.0
120701030701,2005,0.0,0.0,0.0
120701030701,2006,0.0,0.0,0.0
120701030701,2007,0.0,0.0,0.0
120701030701,2008,0.0,0.0,0.0
120701030701,2009,0.0,0.0,0.0
120701030701,2010,0.0,0.0,0.0
120701030701,2011,0.0,0.0,0.0
120701030701,2012,0.0,0.0,0.0
120701030701,2013,0.0,0.0,0.0
120701030701,2014,0.0,0.0,0.0
120701030701,2015,0.0,0.0,0.0
120701030701,2016,0.0,0.0,0.0
120701030701,2017,0.0,0.0,0.0
120701030701,2018,0.0,0.0,0.0
120701030701,2019,0.0,0.0,0.0
120701030701,2020,0.0,0.0,0.0
120701030702,2000,0.0,0.0,0.0
120701030702,2001,0.0,0.0,0.0
120701030702,2002,0.0,0.0,0.0
120701030702,2003,0.0,0.0,0.0
120701030702,2004,0.0,0.0,0.0
120701030702,2005,0.0,0.0,0.0
120701030702,2006,0.0,0.0,0.0
120701030702,2007,0.0,0.0,0.0
120701030702,2008,0.0,0.0,0.0
120701030702,2009,0.0,0.0,0.0
120701030702,2010,0.0,0.0,0.0
120701030702,2011,0.0,0.0,0.0
120701030702,2012,0.0,0.0,0.0
120701030702,2013,0.0,0.0,0.0
120701030702,2014,0.0,0.0,0.0
120701030702,2015,0.0,0.0,0.0
120701030702,2016,0.0,0.0,0.0
120701030702,2017,0.0,0.0,0.0
120701030702,2018,0.0,0.0,0.0
120701030702,2019,0.0,0.0,0.0
120701030702,2020,0.0,0.0,0.0
120701030703,2000,0.0,0.0,0.0
120701030703,2001,0.0,0.0,0.0
120701030703,2002,0.0,0.0,0.0
120701030703,2003,0.0,0.0,0.0
120701030703,2004,0.0,0.0,0.0
120701030703,2005,0.0,0.0,0.0
120701030703,2006,0.0,0.0,0.0
120701030703,2007,0.0,0.0,0.0
120701030703,2008,0.0,0.0,0.0
120701030703,2009,0.0,0.0,0.0
120701030703,2010,0.0,0.0,0.0
120701030703,2011,0.0,0.0,0.0
120701030703,2012,0.0,0.0,0.0
120701030703,2013,0.0,0.0,0.0
120701030703,2014,0.0,0.0,0.0
120701030703,2015,0.0,0.0,0.0
120701030703,2016,0.0,0.0,0.0
120701030703,2017,0.0,0.0,0.0
120701030703,2018,0.0,0.0,0.0
120701030703,2019,0.0,0.0,0.0
120701030703,2020,0.0,0.0,0.0
120701030704,2000,0.0,0.0,0.0
120701030704,2001,0.0,0.0,0.0
120701030704,2002,0.0,0.0,0.0
120701030704,2003,0.0,0.0,0.0
120701030704,2004,0.0,0.0,0.0
120701030704,2005,0.0,0.0,0.0
120701030704,2006,0.0,0.0,0.0
120701030704,2007,0.0,0.0,0.0
120701030704,2008,0.0,0.0,0.0
120701030704,2009,0.0,0.0,0.0
120701030704,2010,0.0,0.0,0.0
120701030704,2011,0.0,0.0,0.0
120701030704,2012,0.0,0.0,0.0
120701030704,2013,0.0,0.0,0.0
120701030704,2014,0.0,0.0,0.0
120701030704,2015,0.0,0.0,0.0
120701030704,2016,0.0,0.0,0.0
120701030704,2017,0.0,0.0,0.0
120701030704,2018,0.0,0.0,0.0
120701030704,2019,0.0,0.0,0.0
120701030704,2020,0.0,0.0,0.0
120701030705,2000,0.0,0.0,0.0
120701030705,2001,0.0,0.0,0.0
120701030705,2002,0.0,0.0,0.0
120701030705,2003,0.0,0.0,0.0
120701030705,2004,0.0,0.0,0.0
120701030705,2005,0.0,0.0,0.0
120701030705,2006,0.0,0.0,0.0
120701030705,2007,0.0,0.0,0.0
120701030705,2008,0.0,0.0,0.0
120701030705,2009,0.0,0.0,0.0
120701030705,2010,0.0,0.0,0.0
120701030705,2011,0.0,0.0,0.0
120701030705,2012,0.0,0.0,0.0
120701030705,2013,0.0,0.0,0.0
120701030705,2014,0.0,0.0,0.0
120701030705,2015,0.0,0.0,0.0
120701030705,2016,0.0,0.0,0.0
120701030705,2017,0.0,0.0,0.0
120701030705,2018,0.0,0.0,0.0
120701030705,2019,0.0,0.0,0.0
120701030705,2020,0.0,0.0,0.0
120701030706,2000,0.0,0.0,0.0
120701030706,2001,0.0,0.0,0.0
120701030706,2002,0.0,0.0,0.0
120701030706,2003,0.0,0.0,0.0
120701030706,2004,0.0,0.0,0.0
120701030706,2005,0.0,0.0,0.0
120701030706,2006,0.0,0.0,0.0
120701030706,2007,0.0,0.0,0.0
120701030706,2008,0.0,0.0,0.0
120701030706,2009,0.0,0.0,0.0
120701030706,2010,0.0,0.0,0.0
120701030706,2011,0.0,0.0,0.0
120701030706,2012,0.0,0.0,0.0
120701030706,2013,0.0,0.0,0.0
120701030706,2014,0.0,0.0,0.0
120701030706,2015,0.0,0.0,0.0
120701030706,2016,0.0,0.0,0.0
120701030706,2017,0.0,0.0,0.0
120701030706,2018,0.0,0.0,0.0
120701030706,2019,0.0,0.0,0.0
120701030706,2020,0.0,0.0,0.0
120701030707,2000,0.0,0.0,0.0
120701030707,2001,0.0,0.0,0.0
120701030707,2002,0.0,0.0,0.0
120701030707,2003,0.0,0.0,0.0
120701030707,2004,0.0,0.0,0.0
120701030707,2005,0.0,0.0,0.0
120701030707,2006,0.0,0.0,0.0
120701030707,2007,0.0,0.0,0.0
120701030707,2008,0.0,0.0,0.0
120701030707,2009,0.0,0.0,0.0
120701030707,2010,0.0,0.0,0.0
120701030707,2011,0.0,0.0,0.0
120701030707,2012,0.0,0.0,0.0
120701030707,2013,0.0,0.0,0.0
120701030707,2014,0.0,0.0,0.0
120701030707,2015,0.0,0.0,0.0
120701030707,2016,0.0,0.0,0.0
120701030707,2017,0.0,0.0,0.0
120701030707,2018,0.0,0.0,0.0
120701030707,2019,0.0,0.0,0.0
120701030707,2020,0.0,0.0,0.0
120701030801,2000,0.0,0.0,0.0
120701030801,2001,0.0,0.0,0.0
120701030801,2002,0.0,0.0,0.0
120701030801,2003,0.0,0.0,0.0
120701030801,2004,0.0,0.0,0.0
120701030801,2005,0.0,0.0,0.0
120701030801,2006,0.0,0.0,0.0
120701030801,2007,0.0,0.0,0.0
120701030801,2008,0.0,0.0,0.0
120701030801,2009,0.0,0.0,0.0
120701030801,2010,0.0,0.0,0.0
120701030801,2011,0.0,0.0,0.0
120701030801,2012,0.0,0.0,0.0
120701030801,2013,0.0,0.0,0.0
120701030801,2014,0.0,0.0,0.0
120701030801,2015,0.0,0.0,0.0
120701030801,2016,0.0,0.0,0.0
120701030801,2017,0.0,0.0,0.0
120701030801,2018,0.0,0.0,0.0
120701030801,2019,0.075010641,0.075010641,0.0
120701030801,2020,0.0,0.0,0.0
120701030802,2000,0.0,0.0,0.0
120701030802,2001,0.0,0.0,0.0
120701030802,2002,0.0,0.0,0.0
120701030802,2003,0.0,0.0,0.0
120701030802,2004,0.0,0.0,0.0
120701030802,2005,0.0,0.0,0.0
120701030802,2006,0.0,0.0,0.0
120701030802,2007,0.0,0.0,0.0
120701030802,2008,0.0,0.0,0.0
120701030802,2009,0.0,0.0,0.0
120701030802,2010,0.0,0.0,0.0
120701030802,2011,0.0,0.0,0.0
120701030802,2012,0.0,0.0,0.0
120701030802,2013,0.0,0.0,0.0
120701030802,2014,0.0,0.0,0.0
120701030802,2015,0.0,0.0,0.0
120701030802,2016,0.0,0.0,0.0
120701030802,2017,0.0,0.0,0.0
120701030802,2018,0.0,0.0,0.0
120701030802,2019,0.013598296,0.013598296,0.0
120701030802,2020,0.0,0.0,0.0
120701030803,2000,0.033030587,0.034478601,0.001448175
120701030803,2001,0.0,0.0,0.0
120701030803,2002,0.014489833,0.015316852,0.000827099
120701030803,2003,0.0,0.0,0.0
120701030803,2004,0.016968937,0.017937421,0.000968402
120701030803,2005,0.000830099,0.000877504,4.749e-05
120701030803,2006,0.0,0.0,0.0
120701030803,2007,0.0,0.0,0.0
120701030803,2008,0.015412074,0.016291792,0.000879888
120701030803,2009,0.011117918,0.011752567,0.000634564
120701030803,2010,0.0,0.0,0.0
120701030803,2011,0.0,0.0,0.0
120701030803,2012,0.0,0.0,0.0
120701030803,2013,0.0,0.0,0.0
120701030803,2014,0.0,0.0,0.0
120701030803,2015,0.0,0.0,0.0
120701030803,2016,0.0,0.0,0.0
120701030803,2017,0.0,0.0,0.0
120701030803,2018,0.007244501,0.007657926,0.000413425
120701030803,2019,0.0,0.0,0.0
120701030803,2020,0.013613156,0.013933601,0.000320527
120701030804,2000,5.34860556,5.65391721,0.305311481
120701030804,2001,3.021144603,3.19359894,0.172454499
120701030804,2002,3.424800025,3.620295805,0.195495945
120701030804,2003,2.759037663,2.916530392,0.157492647
120701030804,2004,3.099413945,3.276336057,0.176922112
120701030804,2005,4.82731294,5.102867753,0.275554896
120701030804,2006,4.143988874,4.380538145,0.236549016
120701030804,2007,4.823028088,5.098338463,0.275310208
120701030804,2008,5.046966314,5.335059587,0.288093107
120701030804,2009,5.552156307,5.86908717,0.316930693
120701030804,2010,6.179304077,6.53203397,0.352729893
120701030804,2011,7.648378203,8.084966512,0.43658814
120701030804,2012,8.108938216,8.571816331,0.462878281
120701030804,2013,6.692658937,7.074692332,0.382033477
120701030804,2014,8.303711666,8.777707885,0.473996307
120701030804,2015,3.452379285,3.649449507,0.197070219
120701030804,2016,4.546321445,4.80583673,0.259515197
120701030804,2017,7.901375277,8.3524052,0.451029838
120701030804,2018,6.758334775,7.13657309,0.3782384
120701030804,2019,5.553622784,5.864437715,0.310815263
120701030804,2020,7.032450683,7.426030257,0.393579579
120701040101,2000,0.042463328,0.042463328,0.0
120701040101,2001,0.0,0.0,0.0
120701040101,2002,0.0,0.0,0.0
120701040101,2003,0.0,0.0,0.0
120701040101,2004,0.0,0.0,0.0
120701040101,2005,0.0,0.0,0.0
120701040101,2006,0.0,0.0,0.0
120701040101,2007,0.0,0.0,0.0
120701040101,2008,0.0,0.0,0.0
120701040101,2009,0.0,0.0,0.0
120701040101,2010,0.027150112,0.027150112,0.0
120701040101,2011,0.0,0.0,0.0
120701040101,2012,0.0,0.0,0.0
120701040101,2013,0.0,0.0,0.0
120701040101,2014,0.0,0.0,0.0
120701040101,2015,0.0,0.0,0.0
120701040101,2016,0.0,0.0,0.0
120701040101,2017,0.0,0.0,0.0
120701040101,2018,0.0,0.0,0.0
120701040101,2019,0.0,0.0,0.0
120701040101,2020,0.0,0.0,0.0
120701040102,2000,0.256916366,0.264045612,0.007129328
120701040102,2001,0.275540959,0.283187112,0.007646068
120701040102,2002,0.387940236,0.398705258,0.010765107
120701040102,2003,0.169886093,0.174600323,0.004714312
120701040102,2004,0.544576686,0.559688262,0.015111495
120701040102,2005,0.825200973,0.848099575,0.022898603
120701040102,2006,0.875300795,0.899589658,0.024288945
120701040102,2007,0.786591663,0.808418962,0.021827296
120701040102,2008,0.704978036,0.724540757,0.019562552
120701040102,2009,1.073986175,1.103788647,0.029802304
120701040102,2010,1.339732014,1.376908397,0.037176466
120701040102,2011,0.011782836,0.011782836,0.0
120701040102,2012,0.21709785,0.223122216,0.006024281
120701040102,2013,1.176778197,1.209433027,0.032654658
120701040102,2014,1.606128926,1.650697701,0.04456886
120701040102,2015,0.072189742,0.074193016,0.002003189
120701040102,2016,0.060861008,0.06242168,0.001560585
120701040102,2017,0.807120521,0.82951737,0.022396932
120701040102,2018,0.762338186,0.782688178,0.02034983
120701040102,2019,0.694958759,0.714243411,0.019284567
120701040102,2020,0.847191098,0.870700057,0.023508959
120701040103,2000,0.13306053,0.13306053,0.0
120701040103,2001,0.020591318,0.020591318,0.0
120701040103,2002,0.081572381,0.081572381,0.0
120701040103,2003,0.0,0.0,0.0
120701040103,2004,0.0,0.0,0.0
120701040103,2005,0.0,0.0,0.0
120701040103,2006,0.209823871,0.209823871,0.0
120701040103,2007,0.042556252,0.042556252,0.0
120701040103,2008,0.0,0.0,0.0
120701040103,2009,0.0,0.0,0.0
120701040103,2010,0.396945627,0.396945627,0.0
120701040103,2011,0.252164066,0.252164066,0.0
120701040103,2012,0.870808642,0.870808642,0.0
120701040103,2013,0.12302886,0.12302886,0.0
120701040103,2014,0.0,0.0,0.0
120701040103,2015,0.031328312,0.031328312,0.0
120701040103,2016,0.0,0.0,0.0
120701040103,2017,0.212770079,0.212770079,0.0
120701040103,2018,0.070332833,0.070332833,0.0
120701040103,2019,0.0,0.0,0.0
120701040103,2020,0.295068978,0.295068978,0.0
120701040104,2000,0.070878246,0.072844945,0.001966948
120701040104,2001,0.116070951,0.11929177,0.003220816
120701040104,2002,0.025675395,0.026387899,0.000712422
120701040104,2003,0.022831542,0.023464953,0.00063366
120701040104,2004,0.091253921,0.093785923,0.002532257
120701040104,2005,0.01312009,0.013484296,0.000364123
120701040104,2006,0.044738959,0.045980488,0.001241449
120701040104,2007,0.023587518,0.024242055,0.00065454
120701040104,2008,0.03488474,0.035852814,0.000968079
120701040104,2009,0.002331175,0.002395784,6.4693e-05
120701040104,2010,0.116810184,0.120051436,0.003241337
120701040104,2011,0.0,0.0,0.0
120701040104,2012,0.099323393,0.102079536,0.002756142
120701040104,2013,0.006310759,0.006485921,0.000175077
120701040104,2014,0.065211038,0.067020605,0.001809652
120701040104,2015,0.0,0.0,0.0
120701040104,2016,0.0,0.0,0.0
120701040104,2017,0.001163951,0.001196156,3.2205e-05
120701040104,2018,0.244114222,0.250888148,0.006773929
120701040104,2019,0.290422129,0.298481099,0.00805897
120701040104,2020,0.284800672,0.292703656,0.007902984
120701040105,2000,0.041091178,0.042231514,0.001140085
120701040105,2001,0.197092255,0.202561323,0.005469077
120701040105,2002,0.0,0.0,0.0
120701040105,2003,0.012297104,0.012638381,0.00034111
120701040105,2004,0.141032238,0.144945809,0.003913574
120701040105,2005,0.032653071,0.033558992,0.000906085
120701040105,2006,0.031702975,0.032582625,0.000879734
120701040105,2007,0.015694288,0.01612994,0.000435655
120701040105,2008,0.000628421,0.000645842,1.7418e-05
120701040105,2009,0.001505934,0.001547712,4.186e-05
120701040105,2010,0.164197693,0.168753945,0.004556419
120701040105,2011,0.0,0.0,0.0
120701040105,2012,0.015209161,0.015631087,0.00042209
120701040105,2013,0.000707603,0.000727356,1.9584e-05
120701040105,2014,0.316880479,0.325673622,0.008793225
120701040105,2015,0.174053666,0.178883636,0.004829718
120701040105,2016,0.036298025,0.037305306,0.001007284
120701040105,2017,0.000294353,0.000302542,8.353e-06
120701040105,2018,0.28258863,0.290430373,0.007841573
120701040105,2019,0.203716323,0.209369548,0.005652973
120701040105,2020,0.273602612,0.281194918,0.007592303
120701040106,2000,0.103917754,0.106473221,0.002555385
120701040106,2001,0.051548751,0.052979,0.001430416
120701040106,2002,0.086687496,0.088637562,0.001949981
120701040106,2003,0.096011627,0.097276134,0.00126451
120701040106,2004,0.101131967,0.103090609,0.001958642
120701040106,2005,0.05682694,0.058403729,0.001576956
120701040106,2006,0.114002759,0.116329085,0.002326663
120701040106,2007,0.041188093,0.041188093,0.0
120701040106,2008,0.18093274,0.184249063,0.00331632
120701040106,2009,0.070032679,0.071975948,0.001943353
120701040106,2010,0.041946701,0.043110611,0.001164077
120701040106,2011,0.0,0.0,0.0
120701040106,2012,0.210583593,0.211641735,0.001058311
120701040106,2013,0.044816636,0.046060197,0.001243562
120701040106,2014,0.120999748,0.121607822,0.000607986
120701040106,2015,0.0,0.0,0.0
120701040106,2016,0.015733817,0.015940885,0.000207317
120701040106,2017,0.049923764,0.051309227,0.00138546
120701040106,2018,0.044948926,0.046196342,0.001247164
120701040106,2019,0.061461068,0.0627796,0.001318362
120701040106,2020,0.08820532,0.089096352,0.000890948
120701040107,2000,0.27849656,0.27849656,0.0
120701040107,2001,0.281873375,0.281873375,0.0
120701040107,2002,0.0,0.0,0.0
120701040107,2003,0.0,0.0,0.0
120701040107,2004,0.056661921,0.056661921,0.0
120701040107,2005,0.159019011,0.159019011,0.0
120701040107,2006,0.235843989,0.235843989,0.0
120701040107,2007,0.096963247,0.096963247,0.0
120701040107,2008,0.0,0.0,0.0
120701040107,2009,0.322806805,0.322806805,0.0
120701040107,2010,0.517136233,0.517136233,0.0
120701040107,2011,0.0,0.0,0.0
120701040107,2012,0.267810347,0.267810347,0.0
120701040107,2013,0.046700899,0.046700899,0.0
120701040107,2014,0.449505803,0.449505803,0.0
120701040107,2015,0.021514901,0.021514901,0.0
120701040107,2016,0.060743505,0.060743505,0.0
120701040107,2017,0.297030989,0.297030989,0.0
120701040107,2018,0.429350986,0.429350986,0.0
120701040107,2019,0.031063214,0.031063214,0.0
120701040107,2020,0.337243208,0.337243208,0.0
120701040108,2000,0.568322208,0.571752582,0.003430626
120701040108,2001,0.290437953,0.290437953,0.0
120701040108,2002,0.259839529,0.259839529,0.0
120701040108,2003,0.064758164,0.064758164,0.0
120701040108,2004,0.547772505,0.551079227,0.003306464
120701040108,2005,0.075405356,0.075405356,0.0
120701040108,2006,0.493896214,0.493896214,0.0
120701040108,2007,0.309539049,0.310782151,0.001243096
120701040108,2008,0.302362445,0.305725587,0.00336306
120701040108,2009,0.431824753,0.434431252,0.002606499
120701040108,2010,0.812200145,0.81301329,0.000813063
120701040108,2011,0.517332118,0.530053422,0.012721389
120701040108,2012,0.509262926,0.510795399,0.001532473
120701040108,2013,0.25666406,0.25666406,0.0
120701040108,2014,0.719446893,0.720888452,0.001441644
120701040108,2015,0.24081071,0.24081071,0.0
120701040108,2016,0.460925399,0.463707609,0.002782301
120701040108,2017,0.416306118,0.417140345,0.00083431
120701040108,2018,0.79974349,0.801346085,0.001602595
120701040108,2019,0.467831208,0.469709784,0.001878989
120701040108,2020,0.701890601,0.704002822,0.002111975
120701040201,2000,0.0,0.0,0.0
120701040201,2001,0.0,0.0,0.0
120701040201,2002,0.0,0.0,0.0
120701040201,2003,0.0,0.0,0.0
120701040201,2004,0.0,0.0,0.0
120701040201,2005,0.0,0.0,0.0
120701040201,2006,0.0,0.0,0.0
120701040201,2007,0.0,0.0,0.0
120701040201,2008,0.0,0.0,0.0
120701040201,2009,0.0,0.0,0.0
120701040201,2010,0.0,0.0,0.0
120701040201,2011,0.0,0.0,0.0
120701040201,2012,0.0,0.0,0.0
120701040201,2013,0.0,0.0,0.0
120701040201,2014,0.0,0.0,0.0
120701040201,2015,0.0,0.0,0.0
120701040201,2016,0.0,0.0,0.0
120701040201,2017,0.0,0.0,0.0
120701040201,2018,0.0,0.0,0.0
120701040201,2019,0.0,0.0,0.0
120701040201,2020,0.0,0.0,0.0
120701040202,2000,0.0,0.0,0.0
120701040202,2001,0.0,0.0,0.0
120701040202,2002,0.0,0.0,0.0
120701040202,2003,0.0,0.0,0.0
120701040202,2004,0.0,0.0,0.0
120701040202,2005,0.0,0.0,0.0
120701040202,2006,0.0,0.0,0.0
120701040202,2007,0.0,0.0,0.0
120701040202,2008,0.0,0.0,0.0
120701040202,2009,0.0,0.0,0.0
120701040202,2010,0.0,0.0,0.0
120701040202,2011,0.0,0.0,0.0
120701040202,2012,0.0,0.0,0.0
120701040202,2013,0.0,0.0,0.0
120701040202,2014,0.0,0.0,0.0
120701040202,2015,0.0,0.0,0.0
120701040202,2016,0.0,0.0,0.0
120701040202,2017,0.0,0.0,0.0
120701040202,2018,0.0,0.0,0.0
120701040202,2019,0.0,0.0,0.0
120701040202,2020,0.0,0.0,0.0
120701040203,2000,0.0,0.0,0.0
120701040203,2001,0.0,0.0,0.0
120701040203,2002,0.0,0.0,0.0
120701040203,2003,0.0,0.0,0.0
120701040203,2004,0.0,0.0,0.0
120701040203,2005,0.0,0.0,0.0
120701040203,2006,0.0,0.0,0.0
120701040203,2007,0.0,0.0,0.0
120701040203,2008,0.0,0.0,0.0
120701040203,2009,0.0,0.0,0.0
120701040203,2010,0.0,0.0,0.0
120701040203,2011,0.0,0.0,0.0
120701040203,2012,0.0,0.0,0.0
120701040203,2013,0.0,0.0,0.0
120701040203,2014,0.0,0.0,0.0
120701040203,2015,0.0,0.0,0.0
120701040203,2016,0.0,0.0,0.0
120701040203,2017,0.0,0.0,0.0
120701040203,2018,0.0,0.0,0.0
120701040203,2019,0.0,0.0,0.0
120701040203,2020,0.0,0.0,0.0
120701040204,2000,0.0,0.0,0.0
120701040204,2001,0.0,0.0,0.0
120701040204,2002,0.0,0.0,0.0
120701040204,2003,0.0,0.0,0.0
120701040204,2004,0.0,0.0,0.0
120701040204,2005,0.0,0.0,0.0
120701040204,2006,0.0,0.0,0.0
120701040204,2007,0.0,0.0,0.0
120701040204,2008,0.0,0.0,0.0
120701040204,2009,0.0,0.0,0.0
120701040204,2010,0.0,0.0,0.0
120701040204,2011,0.0,0.0,0.0
120701040204,2012,0.0,0.0,0.0
120701040204,2013,0.0,0.0,0.0
120701040204,2014,0.0,0.0,0.0
120701040204,2015,0.0,0.0,0.0
120701040204,2016,0.0,0.0,0.0
120701040204,2017,0.0,0.0,0.0
120701040204,2018,0.0,0.0,0.0
120701040204,2019,0.0,0.0,0.0
120701040204,2020,0.0,0.0,0.0
120701040205,2000,0.0,0.0,0.0
120701040205,2001,0.0,0.0,0.0
120701040205,2002,0.0,0.0,0.0
120701040205,2003,0.0,0.0,0.0
120701040205,2004,0.0,0.0,0.0
120701040205,2005,0.0,0.0,0.0
120701040205,2006,0.0,0.0,0.0
120701040205,2007,0.0,0.0,0.0
120701040205,2008,0.0,0.0,0.0
120701040205,2009,0.0,0.0,0.0
120701040205,2010,0.0,0.0,0.0
120701040205,2011,0.0,0.0,0.0
120701040205,2012,0.0,0.0,0.0
120701040205,2013,0.0,0.0,0.0
120701040205,2014,0.0,0.0,0.0
120701040205,2015,0.0,0.0,0.0
120701040205,2016,0.0,0.0,0.0
120701040205,2017,0.0,0.0,0.0
120701040205,2018,0.0,0.0,0.0
120701040205,2019,0.0,0.0,0.0
120701040205,2020,0.0,0.0,0.0
120701040206,2000,0.0,0.0,0.0
120701040206,2001,0.0,0.0,0.0
120701040206,2002,0.0,0.0,0.0
120701040206,2003,0.0,0.0,0.0
120701040206,2004,0.0,0.0,0.0
120701040206,2005,0.0,0.0,0.0
120701040206,2006,0.0,0.0,0.0
120701040206,2007,0.0,0.0,0.0
120701040206,2008,0.0,0.0,0.0
120701040206,2009,0.0,0.0,0.0
120701040206,2010,0.0,0.0,0.0
120701040206,2011,0.0,0.0,0.0
120701040206,2012,0.0,0.0,0.0
120701040206,2013,0.0,0.0,0.0
120701040206,2014,0.0,0.0,0.0
120701040206,2015,0.0,0.0,0.0
120701040206,2016,0.0,0.0,0.0
120701040206,2017,0.0,0.0,0.0
120701040206,2018,0.0,0.0,0.0
120701040206,2019,0.0,0.0,0.0
120701040206,2020,0.0,0.0,0.0
120701040207,2000,0.0,0.0,0.0
120701040207,2001,0.0,0.0,0.0
120701040207,2002,0.0,0.0,0.0
120701040207,2003,0.0,0.0,0.0
120701040207,2004,0.0,0.0,0.0
120701040207,2005,0.0,0.0,0.0
120701040207,2006,0.0,0.0,0.0
120701040207,2007,0.0,0.0,0.0
120701040207,2008,0.0,0.0,0.0
120701040207,2009,0.0,0.0,0.0
120701040207,2010,0.0,0.0,0.0
120701040207,2011,0.0,0.0,0.0
120701040207,2012,0.0,0.0,0.0
120701040207,2013,0.0,0.0,0.0
120701040207,2014,0.0,0.0,0.0
120701040207,2015,0.0,0.0,0.0
120701040207,2016,0.0,0.0,0.0
120701040207,2017,0.0,0.0,0.0
120701040207,2018,0.0,0.0,0.0
120701040207,2019,0.0,0.0,0.0
120701040207,2020,0.0,0.0,0.0
120701040208,2000,0.0,0.0,0.0
120701040208,2001,0.0,0.0,0.0
120701040208,2002,0.0,0.0,0.0
120701040208,2003,0.0,0.0,0.0
120701040208,2004,0.0,0.0,0.0
120701040208,2005,0.0,0.0,0.0
120701040208,2006,0.0,0.0,0.0
120701040208,2007,0.0,0.0,0.0
120701040208,2008,0.0,0.0,0.0
120701040208,2009,0.0,0.0,0.0
120701040208,2010,0.0,0.0,0.0
120701040208,2011,0.0,0.0,0.0
120701040208,2012,0.0,0.0,0.0
120701040208,2013,0.0,0.0,0.0
120701040208,2014,0.0,0.0,0.0
120701040208,2015,0.0,0.0,0.0
120701040208,2016,0.0,0.0,0.0
120701040208,2017,0.0,0.0,0.0
120701040208,2018,0.0,0.0,0.0
120701040208,2019,0.0,0.0,0.0
120701040208,2020,0.0,0.0,0.0
120701040209,2000,0.0,0.0,0.0
120701040209,2001,0.0,0.0,0.0
120701040209,2002,0.0,0.0,0.0
120701040209,2003,0.0,0.0,0.0
120701040209,2004,0.0,0.0,0.0
120701040209,2005,0.0,0.0,0.0
120701040209,2006,0.0,0.0,0.0
120701040209,2007,0.0,0.0,0.0
120701040209,2008,0.0,0.0,0.0
120701040209,2009,0.0,0.0,0.0
120701040209,2010,0.0,0.0,0.0
120701040209,2011,0.0,0.0,0.0
120701040209,2012,0.0,0.0,0.0
120701040209,2013,0.0,0.0,0.0
120701040209,2014,0.0,0.0,0.0
120701040209,2015,0.0,0.0,0.0
120701040209,2016,0.0,0.0,0.0
120701040209,2017,0.0,0.0,0.0
120701040209,2018,0.0,0.0,0.0
120701040209,2019,0.0,0.0,0.0
120701040209,2020,0.0,0.0,0.0
120701040210,2000,0.274324634,0.275149973,0.000825423
120701040210,2001,0.709241364,0.712089627,0.002848348
120701040210,2002,0.31768811,0.318006126,0.000317934
120701040210,2003,0.322469301,0.325726625,0.003257156
120701040210,2004,0.313885639,0.317056093,0.00317062
120701040210,2005,0.412990532,0.413404104,0.000413233
120701040210,2006,0.791439655,0.792231753,0.000792266
120701040210,2007,0.220071307,0.220955337,0.000883781
120701040210,2008,0.509624757,0.516337074,0.006712486
120701040210,2009,1.247627268,1.251381411,0.003754142
120701040210,2010,1.066142477,1.069350329,0.003208104
120701040210,2011,0.013024151,0.013222589,0.000198268
120701040210,2012,0.464348918,0.466682191,0.002333527
120701040210,2013,1.634057493,1.640619926,0.006562512
120701040210,2014,0.843750836,0.846289712,0.002538959
120701040210,2015,0.22842411,0.232138307,0.003714197
120701040210,2016,0.153549929,0.155729989,0.002180145
120701040210,2017,0.638099778,0.640019964,0.001920014
120701040210,2018,1.304147293,1.310700926,0.006553548
120701040210,2019,1.042397236,1.043440693,0.001043458
120701040210,2020,1.771126995,1.780027139,0.008900063
120701040301,2000,1.092788049,1.123112025,0.030323975
120701040301,2001,0.958473093,0.985069989,0.026596975
120701040301,2002,0.444685044,0.457024745,0.012339616
120701040301,2003,0.369057389,0.379298384,0.010241077
120701040301,2004,1.159782,1.191965137,0.032183137
120701040301,2005,1.242327803,1.276801471,0.034473581
120701040301,2006,1.700422321,1.747607414,0.047185337
120701040301,2007,0.828010395,0.850987208,0.022976816
120701040301,2008,1.727662396,1.775603631,0.047941486
120701040301,2009,2.120991847,2.179847668,0.058855989
120701040301,2010,1.763371142,1.812303348,0.048932208
120701040301,2011,2.168734211,2.228915003,0.06018071
120701040301,2012,1.355574541,1.3931905,0.037616128
120701040301,2013,1.563938068,1.60733617,0.043398186
120701040301,2014,2.217423386,2.27895514,0.061531751
120701040301,2015,1.198806712,1.232072652,0.033266027
120701040301,2016,1.51565123,1.557709273,0.042058213
120701040301,2017,1.296204307,1.332172792,0.035968644
120701040301,2018,2.412405192,2.479347652,0.066942378
120701040301,2019,2.337995951,2.402873466,0.064877427
120701040301,2020,2.858737855,2.938065653,0.079327721
120701040302,2000,0.744810199,0.765478178,0.020667809
120701040302,2001,0.386391978,0.397114115,0.010722137
120701040302,2002,0.508923033,0.52304531,0.014122279
120701040302,2003,0.528817879,0.543491989,0.014674364
120701040302,2004,0.848537404,0.872083661,0.023546339
120701040302,2005,0.914213129,0.939581833,0.025368701
120701040302,2006,0.731519671,0.751818551,0.020299129
120701040302,2007,0.594332534,0.610824844,0.016492301
120701040302,2008,0.622067836,0.639329809,0.017261891
120701040302,2009,0.971985414,0.998957258,0.026971836
120701040302,2010,0.938634729,0.964681096,0.026046534
120701040302,2011,0.96853466,0.995410811,0.026876148
120701040302,2012,1.417704331,1.457044697,0.039340199
120701040302,2013,1.225971948,1.259991644,0.034019784
120701040302,2014,0.292368381,0.30048137,0.008112904
120701040302,2015,0.572421323,0.588305674,0.015884351
120701040302,2016,0.356479669,0.366371831,0.009892
120701040302,2017,0.700343142,0.719777184,0.019433868
120701040302,2018,0.582699214,0.598868742,0.016169444
120701040302,2019,0.925350605,0.951028362,0.025677841
120701040302,2020,0.930318822,0.956134407,0.025815751
120701040303,2000,3.128685107,3.21550373,0.086818617
120701040303,2001,2.67244846,2.74660694,0.0741584
120701040303,2002,2.768647858,2.845475603,0.076828
120701040303,2003,3.794389493,3.899680929,0.105291436
120701040303,2004,2.728508393,2.804222363,0.075714055
120701040303,2005,6.886442214,7.077535515,0.191093384
120701040303,2006,5.11574037,5.257698088,0.14195797
120701040303,2007,2.445643436,2.513508038,0.067864679
120701040303,2008,5.805382746,5.966477678,0.161094929
120701040303,2009,6.197953751,6.369942107,0.171988356
120701040303,2010,6.976794849,7.170395627,0.193600614
120701040303,2011,8.407254296,8.640549016,0.233294729
120701040303,2012,6.158376945,6.329267208,0.170890262
120701040303,2013,6.507221436,6.687791868,0.180570181
120701040303,2014,7.321159362,7.524316134,0.203156603
120701040303,2015,3.272992795,3.363815811,0.090822934
120701040303,2016,4.777962604,4.9105475,0.132584814
120701040303,2017,4.578213255,4.705255137,0.127041871
120701040303,2018,5.605664055,5.761216926,0.155552874
120701040303,2019,6.493001236,6.673176808,0.180175825
120701040303,2020,8.683095172,8.924044249,0.240949161
120701040304,2000,0.429608227,0.436150598,0.006542287
120701040304,2001,0.635091888,0.644109408,0.009017518
120701040304,2002,0.249813436,0.253103762,0.003290244
120701040304,2003,0.564469795,0.574816638,0.010346677
120701040304,2004,0.453345128,0.460248721,0.006903757
120701040304,2005,0.656740162,0.663374096,0.006633767
120701040304,2006,0.757625373,0.764505822,0.006880534
120701040304,2007,0.353612285,0.362307501,0.008695375
120701040304,2008,0.73526397,0.750269426,0.015005456
120701040304,2009,0.690584504,0.696856315,0.006271726
120701040304,2010,0.747378649,0.76263137,0.015252721
120701040304,2011,0.182303732,0.187362523,0.005058795
120701040304,2012,1.319048705,1.344595948,0.025547495
120701040304,2013,0.688636521,0.694890559,0.006254123
120701040304,2014,0.925681534,0.941690164,0.016008715
120701040304,2015,0.431590737,0.440848636,0.009257814
120701040304,2016,0.666012762,0.680299066,0.014286388
120701040304,2017,0.656136195,0.660761504,0.00462531
120701040304,2018,0.932771677,0.947938693,0.015167008
120701040304,2019,1.040060992,1.056972441,0.016911537
120701040304,2020,1.312568016,1.335267525,0.022699587
120701040305,2000,0.142872525,0.142872525,0.0
120701040305,2001,0.204569227,0.204569227,0.0
120701040305,2002,0.188395764,0.188395764,0.0
120701040305,2003,0.031521025,0.031521025,0.0
120701040305,2004,0.11403924,0.11403924,0.0
120701040305,2005,0.162272953,0.162272953,0.0
120701040305,2006,0.030164764,0.030164764,0.0
120701040305,2007,0.001339304,0.001339304,0.0
120701040305,2008,0.004933776,0.004933776,0.0
120701040305,2009,0.093588016,0.093588016,0.0
120701040305,2010,0.140553575,0.140553575,0.0
120701040305,2011,0.0,0.0,0.0
120701040305,2012,0.059868842,0.059868842,0.0
120701040305,2013,0.13434523,0.13434523,0.0
120701040305,2014,0.108311962,0.108311962,0.0
120701040305,2015,0.143195077,0.143195077,0.0
120701040305,2016,0.111161913,0.111161913,0.0
120701040305,2017,0.0,0.0,0.0
120701040305,2018,0.158506359,0.158506359,0.0
120701040305,2019,0.111428981,0.111428981,0.0
120701040305,2020,0.194839587,0.194839587,0.0
120701040306,2000,1.982234022,1.982234022,0.0
120701040306,2001,1.168834542,1.168834542,0.0
120701040306,2002,0.973940501,0.973940501,0.0
120701040306,2003,1.319592049,1.319592049,0.0
120701040306,2004,0.960107071,0.960107071,0.0
120701040306,2005,2.676813252,2.676813252,0.0
120701040306,2006,2.901874342,2.901874342,0.0
120701040306,2007,0.54383857,0.54383857,0.0
120701040306,2008,1.742122615,1.742122615,0.0
120701040306,2009,1.495542885,1.495542885,0.0
120701040306,2010,1.585663241,1.585663241,0.0
120701040306,2011,2.058862326,2.058862326,0.0
120701040306,2012,2.352852281,2.352852281,0.0
120701040306,2013,2.328704332,2.328704332,0.0
120701040306,2014,1.505406463,1.505406463,0.0
120701040306,2015,1.230612742,1.230612742,0.0
120701040306,2016,1.327252303,1.327252303,0.0
120701040306,2017,1.318646197,1.318646197,0.0
120701040306,2018,1.254871907,1.254871907,0.0
120701040306,2019,1.731540266,1.731540266,0.0
120701040306,2020,2.981538541,2.981538541,0.0
120701040307,2000,0.357521896,0.373196186,0.015674205
120701040307,2001,0.258263274,0.271856082,0.01359289
120701040307,2002,0.376303277,0.39694431,0.020641115
120701040307,2003,0.514816411,0.538510863,0.023694619
120701040307,2004,0.193717773,0.207851615,0.014133842
120701040307,2005,0.186904592,0.205841975,0.018937548
120701040307,2006,0.327953238,0.349258156,0.021304836
120701040307,2007,0.114572148,0.126180748,0.011608592
120701040307,2008,0.35809135,0.379736369,0.021644847
120701040307,2009,0.231139422,0.244851222,0.013711718
120701040307,2010,0.231353353,0.237285603,0.005932082
120701040307,2011,0.691349575,0.707624953,0.016275381
120701040307,2012,1.026861645,1.051035265,0.024173787
120701040307,2013,0.424876107,0.432223858,0.007347833
120701040307,2014,0.325204142,0.334228205,0.009024233
120701040307,2015,0.228532047,0.233912008,0.005379879
120701040307,2016,0.519482658,0.533897803,0.01441523
120701040307,2017,0.18968194,0.194945696,0.005263425
120701040307,2018,0.820360408,0.866272986,0.045912411
120701040307,2019,0.610453748,0.628685501,0.018231921
120701040307,2020,0.784426462,0.793953855,0.009527311
120701040308,2000,1.52394474,1.566232992,0.042288333
120701040308,2001,0.751565321,0.786979468,0.035414066
120701040308,2002,1.114505663,1.164582948,0.050077036
120701040308,2003,1.160301786,1.20990797,0.049606099
120701040308,2004,1.055497598,1.107552536,0.052055016
120701040308,2005,2.212378288,2.287878236,0.07550003
120701040308,2006,1.645016468,1.690664589,0.045647871
120701040308,2007,0.342233595,0.359867066,0.017633389
120701040308,2008,2.121365038,2.22365291,0.102287956
120701040308,2009,3.071241833,3.156466468,0.085224553
120701040308,2010,1.467607792,1.508332704,0.040724912
120701040308,2011,4.788436775,4.982764466,0.194327942
120701040308,2012,1.754681191,1.825890984,0.07120962
120701040308,2013,1.920763321,2.004972162,0.084208833
120701040308,2014,2.163767795,2.223810647,0.060042934
120701040308,2015,1.004751721,1.032632836,0.027881112
120701040308,2016,1.536873265,1.597581303,0.060707954
120701040308,2017,1.578556578,1.622360271,0.043803693
120701040308,2018,2.123488342,2.290710178,0.167221921
120701040308,2019,2.183129121,2.243709353,0.060580068
120701040308,2020,2.698930522,2.840979549,0.142048945
120701040309,2000,0.050326861,0.070387085,0.020060301
120701040309,2001,0.131099384,0.14374906,0.012650096
120701040309,2002,0.206195192,0.264352915,0.058157641
120701040309,2003,0.100391877,0.141996932,0.041605052
120701040309,2004,0.09508041,0.112922093,0.017841598
120701040309,2005,0.406617644,0.545795447,0.139177885
120701040309,2006,0.159784792,0.167665055,0.007880266
120701040309,2007,0.019997896,0.022986266,0.002988121
120701040309,2008,0.253487615,0.276130074,0.022642795
120701040309,2009,0.220927049,0.333223071,0.112296189
120701040309,2010,0.381423712,0.450855501,0.069431874
120701040309,2011,0.173371649,0.278285249,0.104913597
120701040309,2012,0.397495929,0.431123557,0.033627631
120701040309,2013,0.419567474,0.524459512,0.104891871
120701040309,2014,0.350794937,0.419611175,0.068816323
120701040309,2015,0.267057537,0.327677934,0.060620315
120701040309,2016,0.409808358,0.48498038,0.075171937
120701040309,2017,0.350995548,0.386133562,0.035138181
120701040309,2018,0.633812532,1.092780279,0.458967748
120701040309,2019,0.449699304,0.655538241,0.205838934
120701040309,2020,0.310248795,0.422682426,0.11243347
120701040401,2000,0.008060134,0.016653137,0.008593169
120701040401,2001,0.117441011,0.242646879,0.125205701
120701040401,2002,0.339019893,0.700454279,0.361434471
120701040401,2003,0.208523929,0.43083443,0.222310501
120701040401,2004,0.017856672,0.036894104,0.01903735
120701040401,2005,0.27748194,0.573310003,0.295827981
120701040401,2006,0.007959247,0.016444868,0.008485622
120701040401,2007,0.007670948,0.015848918,0.008178134
120701040401,2008,0.547195025,1.13056847,0.583373197
120701040401,2009,0.299226,0.618235671,0.319009589
120701040401,2010,0.154565362,0.319349866,0.164784507
120701040401,2011,0.077680364,0.16049646,0.082816263
120701040401,2012,0.952530546,1.968038328,1.015507861
120701040401,2013,0.628102723,1.297733008,0.669630203
120701040401,2014,0.580594345,1.199575088,0.61898066
120701040401,2015,0.005709104,0.011795419,0.006086567
120701040401,2016,0.215848765,0.445968221,0.230119792
120701040401,2017,0.254038978,0.524874047,0.270835066
120701040401,2018,1.391557367,2.875118405,1.483561123
120701040401,2019,1.098129055,2.268861405,1.170732436
120701040401,2020,1.380347082,2.851956885,1.471609803
120701040402,2000,0.0,0.0,0.0
120701040402,2001,0.0,0.0,0.0
120701040402,2002,0.136406559,0.281831786,0.145425227
120701040402,2003,0.00760994,0.015723132,0.008113107
120701040402,2004,0.0,0.0,0.0
120701040402,2005,0.276121822,0.570499773,0.294377868
120701040402,2006,0.002678501,0.005533882,0.002855551
120701040402,2007,0.009797195,0.020242173,0.010444978
120701040402,2008,0.037140997,0.076737669,0.039596672
120701040402,2009,0.028170956,0.058204438,0.030033482
120701040402,2010,0.0,0.0,0.0
120701040402,2011,0.0,0.0,0.0
120701040402,2012,0.29977515,0.619370025,0.319594877
120701040402,2013,0.0,0.0,0.0
120701040402,2014,0.024622271,0.050872649,0.026250299
120701040402,2015,0.023128674,0.047786595,0.024657923
120701040402,2016,0.018170623,0.037542784,0.019372077
120701040402,2017,0.0,0.0,0.0
120701040402,2018,0.020180904,0.04169606,0.021515074
120701040402,2019,0.007175792,0.014826159,0.007650373
120701040402,2020,0.018994156,0.039244219,0.020250068
120701040403,2000,0.0,0.0,0.0
120701040403,2001,0.0,0.0,0.0
120701040403,2002,0.018622551,0.038476271,0.019853805
120701040403,2003,0.0,0.0,0.0
120701040403,2004,0.0,0.0,0.0
120701040403,2005,0.014975164,0.030940444,0.015965364
120701040403,2006,0.0,0.0,0.0
120701040403,2007,0.0,0.0,0.0
120701040403,2008,0.0,0.0,0.0
120701040403,2009,0.0,0.0,0.0
120701040403,2010,0.0,0.0,0.0
120701040403,2011,0.0,0.0,0.0
120701040403,2012,0.0,0.0,0.0
120701040403,2013,0.0,0.0,0.0
120701040403,2014,0.0,0.0,0.0
120701040403,2015,0.0,0.0,0.0
120701040403,2016,0.0,0.0,0.0
120701040403,2017,0.0,0.0,0.0
120701040403,2018,0.0,0.0,0.0
120701040403,2019,0.0,0.0,0.0
120701040403,2020,0.0,0.0,0.0
120701040404,2000,0.008393525,0.017342044,0.008948437
120701040404,2001,0.01169026,0.024153301,0.012463126
120701040404,2002,0.023899323,0.049378844,0.025479521
120701040404,2003,0.045811071,0.094651022,0.048839951
120701040404,2004,0.047519311,0.098180615,0.050661134
120701040404,2005,0.002463107,0.005089041,0.002626025
120701040404,2006,0.026961066,0.055704797,0.028743655
120701040404,2007,0.011917748,0.02462346,0.01270563
120701040404,2008,0.005952063,0.012297456,0.006345475
120701040404,2009,0.038733874,0.080028712,0.041294756
120701040404,2010,0.067565438,0.139597685,0.072032414
120701040404,2011,0.009703175,0.020047811,0.010344636
120701040404,2012,0.122076404,0.252223822,0.130147421
120701040404,2013,0.049767677,0.102826016,0.053058175
120701040404,2014,0.000998523,0.002062992,0.001064468
120701040404,2015,0.0,0.0,0.0
120701040404,2016,0.016732385,0.034571079,0.017838773
120701040404,2017,0.053123633,0.109759652,0.056636019
120701040404,2018,0.227020649,0.469050896,0.242030247
120701040404,2019,0.079888101,0.165058274,0.085170005
120701040404,2020,0.263141508,0.543680814,0.280539309
120701040405,2000,0.992809139,2.051258339,1.058449199
120701040405,2001,0.129998616,0.26859217,0.138593553
120701040405,2002,0.309413271,0.639283477,0.329870205
120701040405,2003,0.514131899,1.062255956,0.548124058
120701040405,2004,0.374054101,0.772839019,0.398784833
120701040405,2005,0.692179573,1.430122868,0.737943381
120701040405,2006,0.439590822,0.908245447,0.468654625
120701040405,2007,0.045440674,0.093885696,0.048444937
120701040405,2008,0.935203541,1.932238678,0.997035221
120701040405,2009,0.816278033,1.686524945,0.870246915
120701040405,2010,0.432668353,0.893942677,0.461274323
120701040405,2011,1.373795819,2.838421356,1.46462537
120701040405,2012,0.354342541,0.732112664,0.377770038
120701040405,2013,1.462083603,3.020833915,1.558750315
120701040405,2014,0.758093956,1.566310074,0.808216033
120701040405,2015,0.472084038,0.975380542,0.503296337
120701040405,2016,0.361616014,0.74714062,0.385524607
120701040405,2017,0.621113238,1.283291663,0.662178425
120701040405,2018,0.9700626,2.004261682,1.034199003
120701040405,2019,0.529867581,1.094767482,0.564900068
120701040405,2020,0.945126907,1.95274156,1.007614653
120701040406,2000,0.557956563,1.152802926,0.594846279
120701040406,2001,0.406362268,0.839591515,0.433229247
120701040406,2002,0.39688029,0.820000466,0.423120258
120701040406,2003,0.164486025,0.339847197,0.175361173
120701040406,2004,0.280369254,0.57927538,0.298906126
120701040406,2005,0.428741501,0.885829745,0.457088074
120701040406,2006,0.416393756,0.86031774,0.443924068
120701040406,2007,0.137229721,0.283532553,0.146302748
120701040406,2008,0.472259126,0.975742153,0.503482858
120701040406,2009,0.26862534,0.55501106,0.286385636
120701040406,2010,0.745673321,1.54064774,0.794974252
120701040406,2011,0.166407301,0.343816403,0.177409271
120701040406,2012,0.479017484,0.989705292,0.510687978
120701040406,2013,0.983658123,2.032351548,1.048693258
120701040406,2014,0.932326244,1.926293959,0.993967715
120701040406,2015,0.135333312,0.279614222,0.144281077
120701040406,2016,0.293639833,0.606693869,0.313054036
120701040406,2017,0.170468589,0.352207764,0.181739178
120701040406,2018,0.286238603,0.591402208,0.305163605
120701040406,2019,0.58486203,1.208392633,0.623530603
120701040406,2020,1.448587194,2.992948749,1.544361637
120701040407,2000,0.315265068,0.651373964,0.336109063
120701040407,2001,0.159662077,0.329880482,0.170218236
120701040407,2002,0.44794191,0.925499899,0.477557989
120701040407,2003,0.220395858,0.455363052,0.234967274
120701040407,2004,0.130291956,0.26919829,0.138906333
120701040407,2005,0.39651111,0.819237759,0.422726649
120701040407,2006,0.082400419,0.170248759,0.087848425
120701040407,2007,0.012778408,0.026401647,0.013623236
120701040407,2008,0.51941568,1.073173101,0.553757339
120701040407,2009,1.005994438,2.078501008,1.072506482
120701040407,2010,0.130458096,0.269541551,0.139083455
120701040407,2011,1.941960907,4.012315679,2.070355022
120701040407,2012,0.368764893,0.761910948,0.393145891
120701040407,2013,0.97566031,2.015826937,1.040166797
120701040407,2014,0.272061403,0.562110441,0.290048874
120701040407,2015,0.614197849,1.269003778,0.654806019
120701040407,2016,0.280874372,0.580318842,0.299444385
120701040407,2017,0.319123304,0.659345718,0.340222332
120701040407,2018,0.856973112,1.770605677,0.913632564
120701040407,2019,0.284707553,0.588238825,0.303531356
120701040407,2020,0.533449801,1.102169096,0.56871921
120701040408,2000,1.186585855,2.451623727,1.265037787
120701040408,2001,0.599601312,1.238845578,0.639244348
120701040408,2002,1.374883041,2.840667044,1.465784255
120701040408,2003,1.162661485,2.402193315,1.239531751
120701040408,2004,0.388444995,0.802572158,0.414127246
120701040408,2005,0.603234795,1.246352962,0.643118003
120701040408,2006,0.095341811,0.196987304,0.101645249
120701040408,2007,0.334909496,0.691961647,0.357052153
120701040408,2008,0.210920352,0.435786123,0.22486577
120701040408,2009,0.886572773,1.831761762,0.945189156
120701040408,2010,0.545003715,1.126040797,0.581037085
120701040408,2011,0.515924584,1.065959973,0.550035386
120701040408,2012,0.600213063,1.240109664,0.639896519
120701040408,2013,0.383253052,0.791845219,0.408592167
120701040408,2014,1.002863216,2.072031411,1.069168353
120701040408,2015,0.248047052,0.512493721,0.264446668
120701040408,2016,0.379007014,0.783072626,0.404065361
120701040408,2017,0.208152575,0.430067244,0.221914751
120701040408,2018,0.534310814,1.103947718,0.569636904
120701040408,2019,0.285216668,0.58929094,0.304074101
120701040408,2020,0.996506904,2.05889841,1.0623915
120701040409,2000,0.007849205,0.016217582,0.008368292
120701040409,2001,0.015823079,0.03269209,0.016869181
120701040409,2002,0.019811334,0.040932575,0.021121159
120701040409,2003,0.027590334,0.057004918,0.029414499
120701040409,2004,0.004632773,0.009572175,0.004939235
120701040409,2005,0.038338868,0.088747156,0.050408458
120701040409,2006,0.002285008,0.033116071,0.030831145
120701040409,2007,0.001734816,0.003584318,0.001849501
120701040409,2008,0.04915903,0.101568178,0.052409148
120701040409,2009,0.002564263,0.037163488,0.03459914
120701040409,2010,0.009780329,0.030950753,0.02117034
120701040409,2011,0.036049101,0.074481493,0.038432392
120701040409,2012,5.3943e-05,0.000111634,5.7607e-05
120701040409,2013,0.032178077,0.066483748,0.034305671
120701040409,2014,0.005700784,0.011778745,0.006077962
120701040409,2015,0.002890175,0.008550978,0.005660721
120701040409,2016,0.011294503,0.023335885,0.012041383
120701040409,2017,0.01867074,0.038576134,0.01990514
120701040409,2018,0.009197463,0.019003249,0.00980554
120701040409,2019,0.09255063,0.191220444,0.098669814
120701040409,2020,0.049718186,0.102723429,0.053005243
120701040501,2000,0.148921361,0.480391628,0.331470183
120701040501,2001,0.889359384,2.251542521,1.362183137
120701040501,2002,0.622959742,1.390534879,0.767575389
120701040501,2003,0.303435542,0.6943606,0.390925058
120701040501,2004,0.308064388,0.916858142,0.608793754
120701040501,2005,0.212568751,0.521001822,0.308433071
120701040501,2006,0.775731425,1.983967436,1.208236422
120701040501,2007,0.239574507,0.642290879,0.402716373
120701040501,2008,0.514568579,1.193894533,0.679325956
120701040501,2009,0.332895145,0.832237866,0.499342638
120701040501,2010,0.422342411,1.319820107,0.897477696
120701040501,2011,0.176486605,0.470631055,0.294144285
120701040501,2012,0.955642828,2.582818609,1.627175617
120701040501,2013,0.715840732,1.69229491,0.976454096
120701040501,2014,1.035717614,2.761913866,1.726196082
120701040501,2015,0.175225225,0.442488088,0.267262693
120701040501,2016,0.292901716,0.806891762,0.513990216
120701040501,2017,0.673271729,1.854743189,1.18147129
120701040501,2018,1.28737211,3.300954474,2.013582121
120701040501,2019,0.809946408,2.237421115,1.427474625
120701040501,2020,1.041350049,2.900696656,1.859346527
120701040502,2000,0.082598727,1.197083246,1.114484434
120701040502,2001,0.149482795,2.166417312,2.016934518
120701040502,2002,0.020693329,0.299902137,0.279208808
120701040502,2003,0.0,0.0,0.0
120701040502,2004,0.049074475,0.711224749,0.662150355
120701040502,2005,0.100490208,1.456380627,1.355890504
120701040502,2006,0.106860027,1.54869849,1.441838299
120701040502,2007,0.026230093,0.380148515,0.35391817
120701040502,2008,0.05306382,0.769040388,0.715976571
120701040502,2009,0.051867414,0.751703096,0.699835597
120701040502,2010,0.150382186,2.179452619,2.029070433
120701040502,2011,0.0,0.0,0.0
120701040502,2012,0.085253005,1.235551538,1.150298451
120701040502,2013,0.0,0.0,0.0
120701040502,2014,0.145726679,2.111978953,1.966252438
120701040502,2015,0.0,0.0,0.0
120701040502,2016,0.032153863,0.465997489,0.433843459
120701040502,2017,0.083931707,1.216401496,1.132469874
120701040502,2018,0.060044312,0.870209038,0.810164474
120701040502,2019,0.132030112,1.913479532,1.781449419
120701040502,2020,0.166625172,2.414856426,2.248231254
120701040503,2000,0.0,0.0,0.0
120701040503,2001,0.003662104,0.053073096,0.049411079
120701040503,2002,7.3718e-05,0.001067841,0.000994293
120701040503,2003,0.000372384,0.005398841,0.005026293
120701040503,2004,0.00015738,0.002283505,0.002125959
120701040503,2005,0.00545849,0.079108044,0.073649805
120701040503,2006,0.000152764,0.002214392,0.00206146
120701040503,2007,0.0,0.0,0.0
120701040503,2008,0.007773825,0.112663784,0.104889874
120701040503,2009,0.000411562,0.005965192,0.005553545
120701040503,2010,0.00333571,0.048342901,0.04500711
120701040503,2011,0.0,0.0,0.0
120701040503,2012,0.010331899,0.149737232,0.139405333
120701040503,2013,0.000368258,0.005336184,0.004968008
120701040503,2014,0.002563877,0.037155121,0.034591652
120701040503,2015,0.005926589,0.085892074,0.0799654
120701040503,2016,0.0,0.0,0.0
120701040503,2017,0.003469014,0.050275595,0.046806496
120701040503,2018,0.011826603,0.171398827,0.159572559
120701040503,2019,0.0066054,0.095730907,0.08912551
120701040503,2020,0.00911277,0.13206832,0.122955628
120701040504,2000,0.0,0.0,0.0
120701040504,2001,0.0,0.0,0.0
120701040504,2002,0.0,0.0,0.0
120701040504,2003,0.006223666,0.090198074,0.083974411
120701040504,2004,0.0,0.0,0.0
120701040504,2005,0.008517934,0.123448981,0.114930959
120701040504,2006,0.0,0.0,0.0
120701040504,2007,0.0,0.0,0.0
120701040504,2008,0.003001112,0.043496016,0.040494822
120701040504,2009,0.0,0.0,0.0
120701040504,2010,0.003334025,0.048319501,0.044985477
120701040504,2011,0.0,0.0,0.0
120701040504,2012,0.009940765,0.144067828,0.134127232
120701040504,2013,0.0,0.0,0.0
120701040504,2014,0.005573449,0.080773433,0.075199984
120701040504,2015,0.006310551,0.091459364,0.085148737
120701040504,2016,0.0,0.0,0.0
120701040504,2017,0.008871277,0.128569414,0.119698219
120701040504,2018,0.001355485,0.019644737,0.018289496
120701040504,2019,0.005588877,0.080997241,0.075408364
120701040504,2020,0.008594708,0.12456127,0.115966478
120701040505,2000,0.0,0.0,0.0
120701040505,2001,0.033900096,0.491304937,0.457405003
120701040505,2002,0.0,0.0,0.0
120701040505,2003,0.060898696,0.882592723,0.821693608
120701040505,2004,0.0,0.0,0.0
120701040505,2005,0.049471956,0.716984189,0.66751257
120701040505,2006,0.0,0.0,0.0
120701040505,2007,0.0,0.0,0.0
120701040505,2008,0.119024366,1.724989161,1.605964964
120701040505,2009,0.0,0.0,0.0
120701040505,2010,0.138298584,2.004326364,1.866027866
120701040505,2011,0.0,0.0,0.0
120701040505,2012,0.105611055,1.530595074,1.424984101
120701040505,2013,0.0,0.0,0.0
120701040505,2014,0.05468574,0.792545085,0.737859518
120701040505,2015,0.032235151,0.467176548,0.434941397
120701040505,2016,0.0,0.0,0.0
120701040505,2017,0.07954203,1.152782715,1.073240679
120701040505,2018,0.067548178,0.978960663,0.911412225
120701040505,2019,0.072310847,1.047983742,0.975672973
120701040505,2020,0.076157675,1.103734016,1.027576505
120702010101,2000,0.112209639,0.114150148,0.001940514
120702010101,2001,0.0,0.0,0.0
120702010101,2002,0.093424901,0.093518551,9.3482e-05
120702010101,2003,0.001381307,0.001495088,0.000113614
120702010101,2004,0.0,0.0,0.0
120702010101,2005,0.0,0.0,0.0
120702010101,2006,0.0,0.0,0.0
120702010101,2007,0.0,0.0,0.0
120702010101,2008,0.141442331,0.147029489,0.005587161
120702010101,2009,0.0,0.0,0.0
120702010101,2010,0.0,0.0,0.0
120702010101,2011,0.135672838,0.13986874,0.004195978
120702010101,2012,0.0,0.0,0.0
120702010101,2013,0.0,0.0,0.0
120702010101,2014,0.0,0.0,0.0
120702010101,2015,0.0,0.0,0.0
120702010101,2016,0.0,0.0,0.0
120702010101,2017,0.0,0.0,0.0
120702010101,2018,0.398678937,0.430538899,0.031859877
120702010101,2019,0.671872307,0.71781206,0.045939836
120702010101,2020,0.738992374,0.786999161,0.048006951
120702010102,2000,9.297e-05,0.000100448,7.563e-06
120702010102,2001,0.0,0.0,0.0
120702010102,2002,0.35219894,0.381167586,0.028968729
120702010102,2003,0.096042482,0.103942123,0.007899559
120702010102,2004,0.164264503,0.177775426,0.013511005
120702010102,2005,0.203609049,0.220356027,0.016746973
120702010102,2006,1.0227e-05,1.1066e-05,7.53e-07
120702010102,2007,0.200886074,0.217409159,0.016523088
120702010102,2008,0.354364377,0.383511093,0.029146883
120702010102,2009,0.270740866,0.293009595,0.022268729
120702010102,2010,0.26642846,0.288342551,0.021914093
120702010102,2011,0.305838049,0.330993458,0.02515549
120702010102,2012,0.146567544,0.158622822,0.012055276
120702010102,2013,0.221566332,0.239790403,0.018224153
120702010102,2014,0.226449951,0.245075578,0.0186258
120702010102,2015,0.284805858,0.308231499,0.023425641
120702010102,2016,0.220065664,0.238166434,0.018100773
120702010102,2017,0.0,0.0,0.0
120702010102,2018,0.346571855,0.375077627,0.02850594
120702010102,2019,0.43197397,0.467504211,0.035530238
120702010102,2020,0.341584057,0.369679708,0.028095735
120702010103,2000,0.0,0.0,0.0
120702010103,2001,0.0,0.0,0.0
120702010103,2002,0.056632219,0.061290342,0.004658123
120702010103,2003,0.144225173,0.156087953,0.011862699
120702010103,2004,0.001401071,0.001516322,0.000115251
120702010103,2005,0.056754923,0.061423112,0.004668107
120702010103,2006,0.0,0.0,0.0
120702010103,2007,0.042679011,0.046189551,0.003510288
120702010103,2008,0.080079921,0.086666489,0.006586738
120702010103,2009,0.030327871,0.032822238,0.002494534
120702010103,2010,0.034784997,0.037646288,0.002860956
120702010103,2011,0.083506644,0.090375003,0.006868523
120702010103,2012,0.192543984,0.208381115,0.015836962
120702010103,2013,0.039526301,0.042777529,0.003251145
120702010103,2014,0.048295608,0.052267934,0.003972326
120702010103,2015,0.049939742,0.054047356,0.004107611
120702010103,2016,0.040704634,0.044052615,0.003348063
120702010103,2017,0.0,0.0,0.0
120702010103,2018,0.073851636,0.079926019,0.006074299
120702010103,2019,0.080829244,0.087477707,0.006648375
120702010103,2020,0.087552145,0.094753336,0.007201358
120702010104,2000,0.020205145,0.021866959,0.001661899
120702010104,2001,0.001667712,0.001804759,0.000137134
120702010104,2002,0.118530995,0.128280227,0.009749315
120702010104,2003,0.121045973,0.131002126,0.009956153
120702010104,2004,0.029702932,0.032146057,0.002443123
120702010104,2005,0.063619258,0.068852036,0.005232778
120702010104,2006,0.0,0.0,0.0
120702010104,2007,0.022170236,0.02399389,0.00182357
120702010104,2008,0.132489705,0.143386995,0.010897374
120702010104,2009,0.145753611,0.157741816,0.01198837
120702010104,2010,0.164057866,0.17755189,0.013494025
120702010104,2011,0.095708312,0.103580403,0.007872003
120702010104,2012,0.314527686,0.34039785,0.025870249
120702010104,2013,0.103747342,0.112280551,0.00853329
120702010104,2014,0.135095748,0.146207463,0.011111797
120702010104,2015,0.090468047,0.097909208,0.007441159
120702010104,2016,0.061235134,0.066271773,0.005036721
120702010104,2017,0.0,0.0,0.0
120702010104,2018,0.044446904,0.048102707,0.003655803
120702010104,2019,0.213316849,0.230862386,0.017545537
120702010104,2020,0.082401325,0.089179036,0.006777628
120702010105,2000,0.0,0.0,0.0
120702010105,2001,0.0,0.0,0.0
120702010105,2002,0.0,0.0,0.0
120702010105,2003,0.0,0.0,0.0
120702010105,2004,0.0,0.0,0.0
120702010105,2005,0.0,0.0,0.0
120702010105,2006,0.0,0.0,0.0
120702010105,2007,0.0,0.0,0.0
120702010105,2008,0.0,0.0,0.0
120702010105,2009,0.0,0.0,0.0
120702010105,2010,0.0,0.0,0.0
120702010105,2011,0.0,0.0,0.0
120702010105,2012,0.0,0.0,0.0
120702010105,2013,0.0,0.0,0.0
120702010105,2014,0.0,0.0,0.0
120702010105,2015,0.0,0.0,0.0
120702010105,2016,0.0,0.0,0.0
120702010105,2017,0.0,0.0,0.0
120702010105,2018,0.0,0.0,0.0
120702010105,2019,0.0,0.0,0.0
120702010105,2020,0.0,0.0,0.0
120702010106,2000,0.0,0.0,0.0
120702010106,2001,0.0,0.0,0.0
120702010106,2002,0.0,0.0,0.0
120702010106,2003,0.0,0.0,0.0
120702010106,2004,0.069996877,0.146436855,0.076440148
120702010106,2005,0.110595167,0.155112348,0.044517181
120702010106,2006,0.0,0.0,0.0
120702010106,2007,0.0,0.0,0.0
120702010106,2008,0.0,0.0,0.0
120702010106,2009,0.126039044,0.196322523,0.070283479
120702010106,2010,0.0,0.0,0.0
120702010106,2011,0.0,0.0,0.0
120702010106,2012,0.199540287,0.23148527,0.031944899
120702010106,2013,0.0,0.0,0.0
120702010106,2014,0.0,0.0,0.0
120702010106,2015,0.135427696,0.161223397,0.025795786
120702010106,2016,0.093972762,0.129617413,0.03564473
120702010106,2017,0.0,0.0,0.0
120702010106,2018,0.06320106,0.103949329,0.040748016
120702010106,2019,0.184368841,0.312489682,0.128120756
120702010106,2020,0.161587055,0.174877637,0.013290667
120702010107,2000,0.0,0.0,0.0
120702010107,2001,0.0,0.0,0.0
120702010107,2002,0.0,0.0,0.0
120702010107,2003,0.0,0.0,0.0
120702010107,2004,0.0,0.0,0.0
120702010107,2005,0.0,0.0,0.0
120702010107,2006,0.018957742,0.02051711,0.001559282
120702010107,2007,0.0,0.0,0.0
120702010107,2008,0.0,0.0,0.0
120702010107,2009,0.0,0.0,0.0
120702010107,2010,0.0,0.0,0.0
120702010107,2011,0.0,0.0,0.0
120702010107,2012,0.091763656,0.099311216,0.007547648
120702010107,2013,0.0,0.0,0.0
120702010107,2014,0.016038077,0.017357195,0.001319121
120702010107,2015,0.022362995,0.024202195,0.001839449
120702010107,2016,0.0,0.0,0.0
120702010107,2017,0.0,0.0,0.0
120702010107,2018,0.0,0.0,0.0
120702010107,2019,0.015124827,0.016368858,0.001243945
120702010107,2020,0.019422568,0.021020041,0.001597639
120702010108,2000,2.047391658,2.215792036,0.168400128
120702010108,2001,1.228502236,1.329547745,0.101045674
120702010108,2002,1.650479575,1.78623331,0.135753732
120702010108,2003,1.126072899,1.218693441,0.09262063
120702010108,2004,1.944232694,2.104147792,0.159915098
120702010108,2005,2.14816369,2.324852636,0.176688781
120702010108,2006,2.466262482,2.669115244,0.202852764
120702010108,2007,0.858101663,0.928681518,0.070579855
120702010108,2008,1.813325041,1.962472964,0.149148008
120702010108,2009,1.27921591,1.384432841,0.105216932
120702010108,2010,1.843671071,1.99531509,0.151644019
120702010108,2011,1.587766219,1.718361573,0.130595603
120702010108,2012,1.493025082,1.615828066,0.12280282
120702010108,2013,2.404642162,2.602426441,0.197784279
120702010108,2014,2.553239666,2.763246233,0.210006649
120702010108,2015,1.160647,1.256111403,0.095464488
120702010108,2016,1.630354634,1.764452896,0.134098347
120702010108,2017,0.283276493,0.306576068,0.02329966
120702010108,2018,2.716476123,2.939909203,0.223433164
120702010108,2019,1.969801145,2.131819351,0.162018121
120702010108,2020,3.18831659,3.450559161,0.262242571
120702010201,2000,1.350024309,1.461065309,0.111041085
120702010201,2001,1.339450537,1.449621701,0.110171252
120702010201,2002,1.726560364,1.868571838,0.142011474
120702010201,2003,0.687933362,0.744516496,0.056583216
120702010201,2004,1.32679129,1.435921352,0.109130063
120702010201,2005,1.622059274,1.755475304,0.1334162
120702010201,2006,2.443939386,2.644955989,0.201016603
120702010201,2007,0.545096767,0.58993151,0.044834827
120702010201,2008,1.041165683,1.12680279,0.085637025
120702010201,2009,1.635588896,1.77011771,0.134528896
120702010201,2010,1.804732148,1.953173392,0.148441159
120702010201,2011,2.290693178,2.479105186,0.188412008
120702010201,2012,1.060200219,1.147402757,0.087202705
120702010201,2013,0.990626816,1.072106874,0.081479975
120702010201,2014,1.269680608,1.374113184,0.104432745
120702010201,2015,0.916664268,0.992061049,0.075396696
120702010201,2016,0.727885787,0.78775524,0.059869451
120702010201,2017,0.273756277,0.296273025,0.022516745
120702010201,2018,1.578648362,1.708494055,0.129845534
120702010201,2019,1.271111041,1.375661364,0.104550238
120702010201,2020,2.67370621,2.893621391,0.219915347
120702010202,2000,0.685944577,0.742364489,0.056419664
120702010202,2001,0.569698036,0.62126274,0.051564871
120702010202,2002,0.476393575,0.518947208,0.042553636
120702010202,2003,0.620732403,0.676916726,0.056184159
120702010202,2004,0.518600208,0.559439071,0.040839197
120702010202,2005,0.835442844,0.91106094,0.075618008
120702010202,2006,0.974600323,1.052484112,0.077883868
120702010202,2007,0.312566334,0.338275184,0.025708852
120702010202,2008,0.669799158,0.728834811,0.059035656
120702010202,2009,0.713509184,0.775553373,0.062044356
120702010202,2010,0.801493559,0.864610304,0.06311649
120702010202,2011,1.265345537,1.369421595,0.10407614
120702010202,2012,0.633749484,0.685876158,0.052126593
120702010202,2013,1.255200214,1.361388619,0.106188408
120702010202,2014,1.129555882,1.223787496,0.094231614
120702010202,2015,0.780075616,0.844237805,0.064162027
120702010202,2016,0.891063328,0.962271451,0.071208123
120702010202,2017,0.188410742,0.205017118,0.016606452
120702010202,2018,1.885677652,2.0385706,0.152892611
120702010202,2019,1.427556507,1.544974584,0.117418159
120702010202,2020,1.529912724,1.659341265,0.129428541
120702010203,2000,2.616328721,2.83766668,0.221338041
120702010203,2001,1.994146181,2.160504926,0.16635883
120702010203,2002,2.164274364,2.347369164,0.183094715
120702010203,2003,1.43016071,1.547792893,0.117632348
120702010203,2004,1.354118989,1.465496675,0.111377686
120702010203,2005,1.714945693,1.856001647,0.141056036
120702010203,2006,2.892214748,3.130102671,0.237887838
120702010203,2007,0.655716373,0.714288066,0.058571693
120702010203,2008,1.353514995,1.469614544,0.116099467
120702010203,2009,2.093815534,2.273415249,0.1795998
120702010203,2010,2.681010427,2.907820488,0.226810142
120702010203,2011,3.808934959,4.131165959,0.322231077
120702010203,2012,2.263494456,2.45764885,0.194154224
120702010203,2013,3.873409304,4.201094685,0.327685384
120702010203,2014,3.163299488,3.434635636,0.271336233
120702010203,2015,1.742826452,1.89231994,0.149493323
120702010203,2016,1.609504126,1.749461019,0.139957057
120702010203,2017,0.614474729,0.66501591,0.050541348
120702010203,2018,3.78639929,4.106723852,0.320324471
120702010203,2019,3.033094227,3.293262038,0.260167559
120702010203,2020,3.93713344,4.265583383,0.32844994
120702010204,2000,3.86790988,4.145669861,0.277759814
120702010204,2001,2.19921551,2.337104723,0.137889047
120702010204,2002,1.715466307,1.846572888,0.13110683
120702010204,2003,1.494878595,1.585237241,0.090358564
120702010204,2004,0.974459833,1.058045183,0.083585686
120702010204,2005,1.500274564,1.621918397,0.121643915
120702010204,2006,2.108452732,2.286825038,0.178372389
120702010204,2007,0.688531364,0.73170171,0.043170345
120702010204,2008,1.855014934,1.979738587,0.124723571
120702010204,2009,2.235311518,2.393267082,0.157955567
120702010204,2010,3.887389132,4.171018288,0.283629156
120702010204,2011,5.51014654,5.937658115,0.427511323
120702010204,2012,2.449968025,2.617487096,0.167519156
120702010204,2013,4.806644507,5.129823222,0.323178882
120702010204,2014,5.421752041,5.848707795,0.426955504
120702010204,2015,1.557625655,1.676669148,0.119043493
120702010204,2016,1.688226055,1.797897929,0.109671874
120702010204,2017,1.815239118,1.929053321,0.113814121
120702010204,2018,3.013820822,3.254666225,0.240845403
120702010204,2019,2.894364975,3.139224545,0.244859488
120702010204,2020,4.246645943,4.615919699,0.369273505
120702010205,2000,1.099836795,1.109825167,0.009988456
120702010205,2001,0.892243729,0.900346819,0.00810309
120702010205,2002,1.087628244,1.097505784,0.009877455
120702010205,2003,0.600402723,0.605855367,0.005452811
120702010205,2004,0.895223309,0.903353418,0.008130194
120702010205,2005,1.01350326,1.022707641,0.009204381
120702010205,2006,1.150611866,1.161061422,0.010449647
120702010205,2007,0.946937236,0.955537134,0.008599901
120702010205,2008,1.175273191,1.18594682,0.010673546
120702010205,2009,1.359195384,1.371539151,0.012343852
120702010205,2010,1.288019986,1.299717608,0.011697455
120702010205,2011,2.119847455,2.139099526,0.019251825
120702010205,2012,1.153864617,1.164343678,0.01047906
120702010205,2013,2.018512016,2.036843545,0.018331696
120702010205,2014,1.801244685,1.81760303,0.0163586
120702010205,2015,1.663572518,1.678680581,0.015108145
120702010205,2016,1.620069511,1.634782563,0.014713139
120702010205,2017,1.786132532,1.802353827,0.016221041
120702010205,2018,1.742538951,1.75836423,0.015825282
120702010205,2019,1.642589479,1.657507011,0.014917532
120702010205,2020,2.028309301,2.046729962,0.018420495
120702010206,2000,1.209277462,1.22025979,0.010982415
120702010206,2001,0.89174057,0.899839082,0.0080986
120702010206,2002,1.075685978,1.086551652,0.010865425
120702010206,2003,0.609589795,0.616369997,0.006780118
120702010206,2004,1.005006022,1.014133402,0.009127213
120702010206,2005,0.419701805,0.423513427,0.00381163
120702010206,2006,0.891023118,0.899115132,0.008092096
120702010206,2007,0.954827551,0.963498934,0.008671553
120702010206,2008,0.937172178,0.945683257,0.008511246
120702010206,2009,1.020050855,1.029314748,0.009263641
120702010206,2010,2.085376025,2.106440353,0.021064244
120702010206,2011,1.416702833,1.429569027,0.012866121
120702010206,2012,1.509065415,1.522770454,0.013705033
120702010206,2013,1.255676342,1.26708009,0.011403748
120702010206,2014,1.131140855,1.141413592,0.010272737
120702010206,2015,0.725145186,0.731730877,0.006585523
120702010206,2016,0.606981549,0.612493877,0.005512486
120702010206,2017,0.858400638,0.866196447,0.007795805
120702010206,2018,0.80499466,0.81230549,0.007310666
120702010206,2019,1.278192195,1.291103337,0.012911058
120702010206,2020,1.418159948,1.431039331,0.012879216
120702010207,2000,2.664804437,2.83791723,0.173112956
120702010207,2001,2.082956677,2.201856956,0.118900277
120702010207,2002,2.55945183,2.691326849,0.131875104
120702010207,2003,1.767698496,1.858778666,0.091080167
120702010207,2004,2.399535637,2.499516434,0.099980631
120702010207,2005,3.317543836,3.43431043,0.116766595
120702010207,2006,3.822181825,3.993920474,0.171738652
120702010207,2007,1.870737715,1.908915784,0.038178321
120702010207,2008,3.750919169,3.843154852,0.092235683
120702010207,2009,3.501340318,3.602201937,0.100861622
120702010207,2010,4.602733348,4.715915378,0.113181948
120702010207,2011,6.447111948,6.632831238,0.185719208
120702010207,2012,4.187383967,4.277205358,0.089821137
120702010207,2013,5.944232507,6.153449956,0.209217285
120702010207,2014,4.001941499,4.117223688,0.115282271
120702010207,2015,3.370819008,3.475071003,0.104252164
120702010207,2016,2.789898066,2.87026544,0.080367374
120702010207,2017,4.273406907,4.396509184,0.123102277
120702010207,2018,4.103448942,4.287825556,0.184376614
120702010207,2019,4.954720255,5.139751321,0.185031068
120702010207,2020,6.245143445,6.438292221,0.193148694
120702010208,2000,0.527186265,0.591016046,0.063829699
120702010208,2001,0.471742545,0.53913434,0.067391877
120702010208,2002,0.345699627,0.401509614,0.055809904
120702010208,2003,0.256206827,0.298957855,0.042750942
120702010208,2004,0.254370967,0.296124388,0.041753587
120702010208,2005,0.30489351,0.357018118,0.05212469
120702010208,2006,0.483661808,0.558500795,0.074839156
120702010208,2007,0.022472038,0.025164767,0.002692562
120702010208,2008,0.311393016,0.362084902,0.050691885
120702010208,2009,0.196625605,0.227839553,0.031213863
120702010208,2010,0.513496751,0.592268496,0.078771745
120702010208,2011,0.381167595,0.443218205,0.062050611
120702010208,2012,0.311637825,0.358204454,0.046566631
120702010208,2013,0.521572381,0.601582841,0.080010545
120702010208,2014,0.558089586,0.634914238,0.076824734
120702010208,2015,0.20569949,0.232955403,0.027255827
120702010208,2016,0.308825191,0.352540008,0.043714902
120702010208,2017,0.055556493,0.061118132,0.005561723
120702010208,2018,0.673560899,0.775098984,0.101537915
120702010208,2019,0.645316882,0.735823068,0.090506101
120702010208,2020,0.776621902,0.884534975,0.107913238
120702010209,2000,0.047637464,0.055781585,0.008144117
120702010209,2001,0.283008285,0.3313916,0.048383151
120702010209,2002,0.202473033,0.237087816,0.034614866
120702010209,2003,0.173376699,0.203017312,0.029640614
120702010209,2004,0.280738978,0.328734208,0.047995314
120702010209,2005,0.557627833,0.652959932,0.095332184
120702010209,2006,0.496664866,0.581574838,0.08490989
120702010209,2007,0.134487274,0.157479323,0.022991964
120702010209,2008,0.702095265,0.822125522,0.120030339
120702010209,2009,0.362975121,0.425029205,0.062054255
120702010209,2010,0.392745803,0.459889696,0.06714389
120702010209,2011,0.604795263,0.708191285,0.103395773
120702010209,2012,0.424205117,0.496727514,0.072522311
120702010209,2013,0.675024679,0.790427077,0.115402397
120702010209,2014,0.325532658,0.381185989,0.055653167
120702010209,2015,0.24324751,0.284833134,0.041585622
120702010209,2016,0.181897754,0.212995063,0.031097227
120702010209,2017,0.282199808,0.330444778,0.048244978
120702010209,2018,2.04461629,2.394164233,0.349548027
120702010209,2019,1.382096419,1.618379827,0.23628349
120702010209,2020,1.832943667,2.146304011,0.313360347
120702010301,2000,1.456039131,1.824610473,0.368571339
120702010301,2001,1.041815288,1.30717089,0.265355852
120702010301,2002,1.109595753,1.33045057,0.220854647
120702010301,2003,0.932449003,1.152594622,0.220145532
120702010301,2004,0.912718615,1.165668806,0.252950107
120702010301,2005,1.171096989,1.460220753,0.289123595
120702010301,2006,1.185196937,1.537220614,0.352023507
120702010301,2007,0.396305241,0.462973362,0.066668121
120702010301,2008,0.985569153,1.190300986,0.204731664
120702010301,2009,1.543021611,1.916797153,0.37377529
120702010301,2010,2.071544129,2.56379214,0.492248181
120702010301,2011,2.355142934,2.896855014,0.541711995
120702010301,2012,1.422005549,1.619596317,0.197590765
120702010301,2013,2.010479611,2.554611849,0.544132323
120702010301,2014,1.754929104,2.249908907,0.494980058
120702010301,2015,1.045887008,1.334039589,0.288152578
120702010301,2016,0.912280721,1.181710642,0.26943009
120702010301,2017,0.803660633,1.008356885,0.204696507
120702010301,2018,2.038610871,2.5969566,0.558345647
120702010301,2019,1.790455389,2.32526674,0.534811351
120702010301,2020,2.580116011,3.417372361,0.837256183
120702010302,2000,1.075294779,1.259127262,0.183832566
120702010302,2001,0.924290581,1.082307296,0.158016964
120702010302,2002,0.711689529,0.855396162,0.143706463
120702010302,2003,0.656405879,0.797576937,0.141171137
120702010302,2004,0.53700641,0.628813202,0.09180671
120702010302,2005,0.930192778,1.130246216,0.200053597
120702010302,2006,0.788314134,1.035892493,0.247578274
120702010302,2007,0.307535093,0.418415074,0.110880066
120702010302,2008,0.612128653,0.827200858,0.215072123
120702010302,2009,1.060567184,1.344191493,0.283624477
120702010302,2010,0.947465195,1.253261022,0.305795578
120702010302,2011,1.505932786,1.866087649,0.360155033
120702010302,2012,0.914490158,1.217696451,0.30320629
120702010302,2013,1.077745405,1.369434945,0.291689622
120702010302,2014,1.059284156,1.373909337,0.314625266
120702010302,2015,0.681446233,0.881560589,0.200114192
120702010302,2016,0.851394893,1.102843079,0.251448268
120702010302,2017,0.711631989,0.955210778,0.243578707
120702010302,2018,1.038733644,1.33685146,0.298117901
120702010302,2019,0.805608403,1.053082668,0.247474348
120702010302,2020,1.008326347,1.299389628,0.291063284
120702010303,2000,0.045384101,0.053142964,0.007758863
120702010303,2001,0.093599038,0.109600737,0.016001616
120702010303,2002,0.146789759,0.171885096,0.025095252
120702010303,2003,0.193061677,0.226067679,0.033005918
120702010303,2004,0.018660115,0.021849989,0.003190208
120702010303,2005,0.207305466,0.242746395,0.035440921
120702010303,2006,0.329087222,0.385348044,0.056260819
120702010303,2007,0.177057049,0.207326959,0.03026966
120702010303,2008,0.210703516,0.246725568,0.036021973
120702010303,2009,0.178293184,0.208774173,0.030481074
120702010303,2010,0.106253219,0.124417997,0.018165027
120702010303,2011,0.252395918,0.295545671,0.043149838
120702010303,2012,0.531653836,0.622545415,0.090891579
120702010303,2013,0.084664479,0.099138696,0.014474381
120702010303,2014,0.336727797,0.394294778,0.057567066
120702010303,2015,0.0,0.0,0.0
120702010303,2016,0.249231202,0.291839781,0.042608658
120702010303,2017,0.065457419,0.076647827,0.011190745
120702010303,2018,0.199196545,0.233251044,0.034054666
120702010303,2019,0.07336094,0.085902712,0.01254177
120702010303,2020,0.302022235,0.353656126,0.051633809
120702010304,2000,0.181680298,0.213490388,0.031810085
120702010304,2001,0.322181304,0.377261537,0.055080148
120702010304,2002,0.398973696,0.467182252,0.068208556
120702010304,2003,0.526725874,0.617498085,0.090772293
120702010304,2004,0.341491844,0.399873525,0.058381762
120702010304,2005,0.431356266,0.505101055,0.073744874
120702010304,2006,0.148470225,0.173852636,0.025382578
120702010304,2007,0.257773274,0.301842099,0.044068992
120702010304,2008,0.380474194,0.445520055,0.065045858
120702010304,2009,0.398952981,0.467158038,0.068205227
120702010304,2010,0.324962142,0.380517742,0.055555518
120702010304,2011,0.650809403,0.762071967,0.111262562
120702010304,2012,1.05652435,1.237147784,0.180623596
120702010304,2013,0.379097816,0.443908381,0.064810559
120702010304,2014,0.333736627,0.390792381,0.057055753
120702010304,2015,0.388716668,0.45517169,0.066455019
120702010304,2016,0.846728393,0.991485066,0.144756836
120702010304,2017,0.210330616,0.24628866,0.035958129
120702010304,2018,0.426117329,0.49896634,0.072849093
120702010304,2019,0.422350756,0.49629937,0.073948532
120702010304,2020,0.789502929,0.924476369,0.134973522
120702010305,2000,0.485018074,0.567936724,0.082918732
120702010305,2001,0.434725784,0.509046603,0.074320737
120702010305,2002,0.850748814,0.996192953,0.145444058
120702010305,2003,0.656337682,0.7685454,0.112207718
120702010305,2004,0.580891232,0.680200473,0.099309238
120702010305,2005,0.911742362,1.067613764,0.15587157
120702010305,2006,0.13162874,0.154132216,0.02250323
120702010305,2007,0.628168734,0.735560685,0.107391951
120702010305,2008,0.45728782,0.535465852,0.078177863
120702010305,2009,1.059680633,1.240843959,0.181163244
120702010305,2010,0.664116578,0.777654216,0.113537389
120702010305,2011,0.785613,0.919921551,0.134308551
120702010305,2012,1.03833118,1.215844724,0.177513374
120702010305,2013,1.029487778,1.205489132,0.176001353
120702010305,2014,0.351073052,0.411092532,0.060019562
120702010305,2015,0.760810967,0.890879378,0.130068411
120702010305,2016,0.616423631,0.721807831,0.105383869
120702010305,2017,0.982066795,1.14996106,0.167894348
120702010305,2018,0.67988034,0.796112641,0.116232468
120702010305,2019,1.099251493,1.287179753,0.187928263
120702010305,2020,1.461474814,1.711328872,0.249854142
120702010306,2000,0.036512178,0.042754402,0.006242142
120702010306,2001,0.752722485,0.881407956,0.128685638
120702010306,2002,0.645108537,0.755396485,0.110287948
120702010306,2003,0.475066249,0.556283652,0.081217321
120702010306,2004,0.592132536,0.69336344,0.101230989
120702010306,2005,1.03895046,1.216569575,0.177619123
120702010306,2006,0.988696,1.157723548,0.169027627
120702010306,2007,0.28500489,0.333729277,0.048724471
120702010306,2008,0.637417126,0.746390025,0.108972817
120702010306,2009,1.156045838,1.353683699,0.197637778
120702010306,2010,1.119578222,1.310981564,0.191403345
120702010306,2011,2.049558074,2.399950879,0.350392721
120702010306,2012,0.944079361,1.105479251,0.16140006
120702010306,2013,0.488393159,0.571888932,0.083495852
120702010306,2014,0.02090217,0.024475529,0.003573526
120702010306,2015,0.283126781,0.331530132,0.048403353
120702010306,2016,0.355541716,0.416325404,0.060783522
120702010306,2017,0.507985674,0.594830942,0.086845353
120702010306,2018,0.514788786,0.602797282,0.088008411
120702010306,2019,0.787393052,0.922006093,0.134612792
120702010306,2020,1.588176183,1.859690981,0.271514883
120702010307,2000,0.905869574,1.060737199,0.154867631
120702010307,2001,0.786237049,0.920652282,0.134415312
120702010307,2002,1.577844496,1.847593123,0.269748542
120702010307,2003,1.136217222,1.330464956,0.194247986
120702010307,2004,1.37862909,1.614319683,0.23569068
120702010307,2005,2.651876101,3.105241129,0.453365195
120702010307,2006,1.906777123,2.232760134,0.325983011
120702010307,2007,1.510675211,1.768940433,0.258265304
120702010307,2008,2.401820664,2.812436549,0.410615634
120702010307,2009,2.582432523,3.023925751,0.441493227
120702010307,2010,2.837977836,3.323158882,0.485181214
120702010307,2011,2.049752455,2.400178603,0.350426142
120702010307,2012,2.230218505,2.61149726,0.381278751
120702010307,2013,2.605984803,3.051504452,0.445519485
120702010307,2014,1.677123011,1.963844112,0.286721186
120702010307,2015,1.44881471,1.696504178,0.247689551
120702010307,2016,1.53662962,1.799332098,0.262702393
120702010307,2017,2.068224926,2.42180894,0.353584104
120702010307,2018,2.922830318,3.42251786,0.499687625
120702010307,2019,2.069115984,2.422852655,0.353736422
120702010307,2020,3.374600484,3.951523044,0.576922393
120702010401,2000,0.169880224,0.183853107,0.013972713
120702010401,2001,0.098920647,0.107057008,0.008136277
120702010401,2002,0.192739704,0.208592814,0.015853112
120702010401,2003,0.052783142,0.057124493,0.004341436
120702010401,2004,0.120261333,0.130152921,0.009891669
120702010401,2005,0.405258975,0.438592126,0.033332901
120702010401,2006,0.227380512,0.24608277,0.018702258
120702010401,2007,0.147903682,0.160069068,0.012165219
120702010401,2008,0.256775907,0.277895872,0.021120046
120702010401,2009,0.439558123,0.475712318,0.036154027
120702010401,2010,0.446955101,0.483717786,0.036762518
120702010401,2011,0.278957836,0.301902597,0.022944679
120702010401,2012,0.164473546,0.178001724,0.013528093
120702010401,2013,0.371419781,0.40196946,0.030549597
120702010401,2014,0.485725753,0.525677211,0.039951542
120702010401,2015,0.2924974,0.316555556,0.024058238
120702010401,2016,0.159404183,0.172515489,0.013111306
120702010401,2017,0.0,0.0,0.0
120702010401,2018,0.260786874,0.282236841,0.021450134
120702010401,2019,0.606174033,0.656032636,0.049858436
120702010401,2020,0.657463112,0.71154006,0.054076945
120702010402,2000,0.561358074,0.607530372,0.046172298
120702010402,2001,0.471373422,0.5101444,0.038770978
120702010402,2002,0.652042989,0.705674189,0.0536312
120702010402,2003,0.601460482,0.650931329,0.049470762
120702010402,2004,0.29030941,0.31418768,0.02387827
120702010402,2005,0.389443619,0.421475748,0.032032123
120702010402,2006,0.168166726,0.181998592,0.013831951
120702010402,2007,0.299882841,0.324548548,0.02466554
120702010402,2008,0.44702271,0.483791003,0.036768044
120702010402,2009,0.634815422,0.687029844,0.052214255
120702010402,2010,0.511343923,0.553402353,0.042058512
120702010402,2011,0.409098948,0.442747866,0.033649008
120702010402,2012,0.272694301,0.295123773,0.022429383
120702010402,2013,0.294333734,0.318543079,0.024209178
120702010402,2014,1.103607742,1.194380764,0.090772852
120702010402,2015,0.211241101,0.228615888,0.017374871
120702010402,2016,0.467037437,0.505451754,0.038414399
120702010402,2017,0.0,0.0,0.0
120702010402,2018,0.681713326,0.737784838,0.05607151
120702010402,2019,1.405256192,1.512654578,0.107398384
120702010402,2020,1.040140836,1.124476713,0.084335708
120702010403,2000,0.583322281,0.631301161,0.047978874
120702010403,2001,0.395453858,0.427980504,0.032526479
120702010403,2002,0.720476997,0.779737112,0.059260033
120702010403,2003,0.322741836,0.349287811,0.026545975
120702010403,2004,0.397230295,0.429902915,0.032672623
120702010403,2005,0.584035748,0.632073282,0.048037532
120702010403,2006,0.311244877,0.336845222,0.025600345
120702010403,2007,0.227280532,0.245974501,0.018694134
120702010403,2008,0.56022376,0.606302806,0.046079134
120702010403,2009,0.438697507,0.474780825,0.036083321
120702010403,2010,0.548876627,0.594022386,0.045145844
120702010403,2011,0.499153581,0.540209597,0.041055932
120702010403,2012,0.465614366,0.50391159,0.038297221
120702010403,2013,0.058916427,0.063762403,0.004845978
120702010403,2014,0.2080286,0.225139356,0.017110589
120702010403,2015,0.466518208,0.504889767,0.038371644
120702010403,2016,0.104789964,0.113409158,0.008619027
120702010403,2017,0.0,0.0,0.0
120702010403,2018,0.188603685,0.204116622,0.01551277
120702010403,2019,0.4498658,0.486867751,0.037001953
120702010403,2020,0.348005516,0.376629369,0.028623855
120702010404,2000,0.010200536,0.011039549,0.000839098
120702010404,2001,0.001326992,0.001436041,0.000109134
120702010404,2002,0.419451216,0.453951545,0.034500326
120702010404,2003,0.077180356,0.083528523,0.006348252
120702010404,2004,0.331551773,0.358822331,0.027270557
120702010404,2005,0.265197619,0.287010644,0.021812778
120702010404,2006,0.285161279,0.308615956,0.023454762
120702010404,2007,0.0,0.0,0.0
120702010404,2008,0.001622801,0.001756347,0.000133546
120702010404,2009,0.312872299,0.338606408,0.025734022
120702010404,2010,0.0,0.0,0.0
120702010404,2011,0.0,0.0,0.0
120702010404,2012,0.357315587,0.391793579,0.034477658
120702010404,2013,0.010387416,0.011241718,0.000854384
120702010404,2014,0.0,0.0,0.0
120702010404,2015,0.006797101,0.007527153,0.000730219
120702010404,2016,0.008378036,0.009067372,0.000689169
120702010404,2017,0.0,0.0,0.0
120702010404,2018,0.210349159,0.233461792,0.023112633
120702010404,2019,0.162642822,0.18233503,0.019692129
120702010404,2020,0.322294306,0.351083186,0.028788795
120702010405,2000,0.08049727,0.08711841,0.006621057
120702010405,2001,0.470230022,0.508906948,0.038676926
120702010405,2002,0.343885827,0.372170918,0.028284923
120702010405,2003,0.315854578,0.341833874,0.025979463
120702010405,2004,0.311042027,0.336625801,0.025583522
120702010405,2005,0.280777323,0.303871466,0.02309423
120702010405,2006,0.316492277,0.342524282,0.026031923
120702010405,2007,0.190424107,0.20608677,0.015662578
120702010405,2008,0.271712975,0.294061694,0.022348634
120702010405,2009,0.526611822,0.569926019,0.043314279
120702010405,2010,0.373755603,0.404497227,0.030741789
120702010405,2011,0.195170537,0.211223518,0.016052896
120702010405,2012,0.265683413,0.287536197,0.021852617
120702010405,2013,0.0,0.0,0.0
120702010405,2014,0.329095433,0.356163978,0.027068378
120702010405,2015,0.219060334,0.237078285,0.018018033
120702010405,2016,0.232697874,0.251837587,0.019139631
120702010405,2017,0.0,0.0,0.0
120702010405,2018,0.270424529,0.292667096,0.022242737
120702010405,2019,0.288730953,0.31247954,0.023748501
120702010405,2020,0.230592369,0.249558866,0.018966413
120702010406,2000,0.437580672,0.477708276,0.040127525
120702010406,2001,0.424914649,0.45986437,0.034949718
120702010406,2002,0.963187608,1.061948849,0.098761238
120702010406,2003,0.660673751,0.73083371,0.070160041
120702010406,2004,0.409006907,0.450448148,0.041441074
120702010406,2005,0.395499603,0.428030038,0.032530186
120702010406,2006,0.374597723,0.405408786,0.030811063
120702010406,2007,0.027428321,0.03007491,0.002646589
120702010406,2008,0.309741189,0.33521788,0.025476607
120702010406,2009,0.803325444,0.870341704,0.067016181
120702010406,2010,0.59267309,0.642116104,0.049442932
120702010406,2011,0.982211553,1.062999548,0.080788079
120702010406,2012,0.582373664,0.64208791,0.059714333
120702010406,2013,0.658327104,0.72264217,0.064315063
120702010406,2014,0.829776263,0.90685937,0.077082942
120702010406,2015,0.673434436,0.728825129,0.055390696
120702010406,2016,0.441437005,0.48403177,0.042594929
120702010406,2017,0.257017145,0.27997503,0.022958041
120702010406,2018,0.710317118,0.782287392,0.071970441
120702010406,2019,0.528166082,0.583609151,0.055442901
120702010406,2020,1.15786174,1.265422721,0.107560896
120702010407,2000,0.228510372,0.265401014,0.036890806
120702010407,2001,0.446862515,0.521426499,0.074563984
120702010407,2002,0.416935627,0.488215019,0.07127931
120702010407,2003,0.372092258,0.434687227,0.062595052
120702010407,2004,0.324989295,0.380549423,0.055560295
120702010407,2005,0.342292611,0.400811093,0.058518315
120702010407,2006,0.483717567,0.561157192,0.07743971
120702010407,2007,0.255626575,0.294500729,0.038874153
120702010407,2008,0.26476888,0.31003376,0.045264962
120702010407,2009,0.444829597,0.513067603,0.068238005
120702010407,2010,0.670020447,0.776385307,0.10636486
120702010407,2011,0.828884367,0.959356989,0.130472455
120702010407,2012,0.637197385,0.738351544,0.101154243
120702010407,2013,0.730804123,0.847800433,0.116996477
120702010407,2014,0.8251544,0.958367499,0.133213181
120702010407,2015,0.399063605,0.463488638,0.064424948
120702010407,2016,0.392444404,0.454744292,0.062300055
120702010407,2017,0.306452159,0.355513038,0.049060795
120702010407,2018,0.553811844,0.643967356,0.090155342
120702010407,2019,0.712029025,0.82890457,0.11687546
120702010407,2020,1.681448052,1.959729732,0.278281596
120702010408,2000,0.47263318,0.532244475,0.05961138
120702010408,2001,0.761250948,0.829249416,0.067998384
120702010408,2002,0.903270789,0.995888337,0.092617718
120702010408,2003,0.461059559,0.512858247,0.051798605
120702010408,2004,0.541904658,0.604129929,0.062225519
120702010408,2005,0.921856855,0.983838795,0.061981696
120702010408,2006,1.142127589,1.241442992,0.09931557
120702010408,2007,0.234354329,0.255287882,0.020933556
120702010408,2008,0.624214828,0.667609388,0.043394475
120702010408,2009,0.405805836,0.444475148,0.038669315
120702010408,2010,0.832289241,0.894934449,0.06264546
120702010408,2011,0.710381227,0.781497433,0.071116285
120702010408,2012,0.915162257,0.958285074,0.043122738
120702010408,2013,0.799116871,0.882027268,0.082910477
120702010408,2014,0.562613677,0.6237402,0.061126438
120702010408,2015,0.661364718,0.699117137,0.037752337
120702010408,2016,0.439272109,0.449153374,0.009881265
120702010408,2017,0.666023833,0.713851811,0.047828148
120702010408,2018,1.588258208,1.788578978,0.20032077
120702010408,2019,1.220207581,1.380325301,0.160117803
120702010408,2020,1.892597093,2.126513645,0.233916552
120702010409,2000,0.660052855,0.772895664,0.112842724
120702010409,2001,0.879123142,1.029418008,0.150294953
120702010409,2002,0.861971833,1.009334614,0.147362868
120702010409,2003,0.417456247,0.4888248,0.071368384
120702010409,2004,0.870968027,1.019868951,0.148901008
120702010409,2005,0.893980049,1.046815038,0.152835066
120702010409,2006,1.739168178,2.036496493,0.297328567
120702010409,2007,0.622071545,0.72842094,0.106349477
120702010409,2008,1.041110544,1.219098997,0.177988451
120702010409,2009,1.090332751,1.276736351,0.186403518
120702010409,2010,2.292873786,2.684863953,0.391990082
120702010409,2011,2.070760482,2.424777978,0.354017496
120702010409,2012,1.040795115,1.218729451,0.1779345
120702010409,2013,1.633455222,1.912711145,0.279255756
120702010409,2014,1.261557603,1.477233795,0.215676192
120702010409,2015,0.945297375,1.106905496,0.16160829
120702010409,2016,1.073003945,1.256444746,0.183440967
120702010409,2017,1.098611666,1.286430353,0.187818849
120702010409,2018,3.520914216,4.122850288,0.601936241
120702010409,2019,3.758653737,4.401233863,0.642580211
120702010409,2020,5.146025322,6.025790516,0.879765448
120702010501,2000,2.023913486,2.19275594,0.168842205
120702010501,2001,1.437716619,1.555970397,0.118253858
120702010501,2002,1.587642318,1.744662041,0.157019559
120702010501,2003,1.574000918,1.718341523,0.144340605
120702010501,2004,1.09370106,1.170986131,0.077285153
120702010501,2005,2.214611145,2.381302334,0.166691268
120702010501,2006,2.533680825,2.745049685,0.211368773
120702010501,2007,0.731005647,0.79717066,0.066165181
120702010501,2008,2.017706568,2.190778115,0.173071464
120702010501,2009,1.675483093,1.843215581,0.16773274
120702010501,2010,1.97257509,2.158178482,0.185603395
120702010501,2011,2.150117641,2.347290071,0.197172515
120702010501,2012,2.410495596,2.586368803,0.175873123
120702010501,2013,1.544255266,1.685868205,0.141612855
120702010501,2014,1.537693027,1.714262093,0.176569066
120702010501,2015,1.600386175,1.707989392,0.107603301
120702010501,2016,1.842089921,1.993603762,0.151513923
120702010501,2017,2.342767362,2.516398899,0.173631616
120702010501,2018,2.31575317,2.558843038,0.243090038
120702010501,2019,1.74475446,1.911012655,0.166257948
120702010501,2020,2.231868615,2.44186927,0.210000656
120702010502,2000,2.608740891,3.054731694,0.445990637
120702010502,2001,2.583095488,3.024701975,0.44160649
120702010502,2002,2.238697562,2.621425855,0.382728208
120702010502,2003,2.786704499,3.263119989,0.476415493
120702010502,2004,2.08455621,2.440932352,0.35637606
120702010502,2005,2.110223997,2.470988252,0.36076434
120702010502,2006,1.535837945,1.798405164,0.262567219
120702010502,2007,1.294133838,1.515379268,0.22124526
120702010502,2008,2.992957139,3.504633831,0.511676527
120702010502,2009,2.942669707,3.445748871,0.503079167
120702010502,2010,2.834518266,3.319108129,0.484589693
120702010502,2011,2.863276507,3.35278257,0.489506485
120702010502,2012,3.789701459,4.437589705,0.647888077
120702010502,2013,3.384883244,3.963563452,0.578680208
120702010502,2014,3.218184537,3.768365874,0.550181507
120702010502,2015,3.230362132,3.782625345,0.552263384
120702010502,2016,2.952419393,3.457165566,0.504746172
120702010502,2017,3.47251011,4.066171192,0.593661077
120702010502,2018,3.571134474,4.181656255,0.610521866
120702010502,2019,3.348083647,3.920472655,0.572389093
120702010502,2020,4.317817582,5.055992574,0.738174822
120702010503,2000,2.135317216,2.500371503,0.365054199
120702010503,2001,1.962470085,2.297974438,0.335504107
120702010503,2002,1.789158888,2.09503363,0.30587491
120702010503,2003,1.333408712,1.561368586,0.227959959
120702010503,2004,0.810300191,0.948829167,0.138529057
120702010503,2005,1.600300778,1.873888542,0.273587682
120702010503,2006,2.214517027,2.593111203,0.37859426
120702010503,2007,0.503412838,0.589476373,0.086063529
120702010503,2008,1.535218448,1.797679727,0.262461279
120702010503,2009,1.80940629,2.118742904,0.309336277
120702010503,2010,1.826020723,2.138197775,0.312176882
120702010503,2011,2.060400356,2.412646907,0.352246389
120702010503,2012,1.620922495,1.898035852,0.277113189
120702010503,2013,1.654772995,1.937673359,0.282900282
120702010503,2014,1.074895704,1.258660058,0.183764441
120702010503,2015,0.30552194,0.357753907,0.052232134
120702010503,2016,0.582052872,0.681560571,0.099507954
120702010503,2017,0.693642134,0.812227249,0.118585285
120702010503,2018,2.580436658,3.021588545,0.44115206
120702010503,2019,1.302691819,1.525400205,0.222708301
120702010503,2020,2.052056997,2.40287682,0.350819989
120702010504,2000,0.591982208,0.69318759,0.101205467
120702010504,2001,0.680976504,0.797396375,0.116419789
120702010504,2002,0.375336033,0.439503548,0.064167433
120702010504,2003,0.340673304,0.398914803,0.058241581
120702010504,2004,0.320972508,0.375845943,0.054873437
120702010504,2005,0.489440107,0.573114871,0.083674764
120702010504,2006,0.353720386,0.414192392,0.06047217
120702010504,2007,0.230362611,0.269745419,0.039382811
120702010504,2008,0.428292077,0.501513137,0.073220811
120702010504,2009,0.682741995,0.799463699,0.116721789
120702010504,2010,0.555215304,0.650134992,0.09491977
120702010504,2011,0.388017523,0.454353044,0.066335521
120702010504,2012,0.633222347,0.741478292,0.108256112
120702010504,2013,0.548744312,0.642557899,0.093813416
120702010504,2014,0.392783551,0.459933923,0.067150375
120702010504,2015,0.41700911,0.48830097,0.071291942
120702010504,2016,0.409142145,0.479089301,0.069947071
120702010504,2017,0.341047638,0.399353244,0.058305605
120702010504,2018,0.232104781,0.27178537,0.039680671
120702010504,2019,0.293126597,0.343239652,0.05011297
120702010504,2020,0.412799454,0.483371541,0.070572339
120702010505,2000,0.357587158,0.418720262,0.06113335
120702010505,2001,0.472041066,0.552741452,0.080700304
120702010505,2002,0.18277677,0.214024447,0.031247592
120702010505,2003,0.195560838,0.228994222,0.033433129
120702010505,2004,0.123441014,0.144544626,0.021103443
120702010505,2005,0.0978738,0.114606323,0.016732438
120702010505,2006,0.01789394,0.020953288,0.003059178
120702010505,2007,0.085813978,0.100484778,0.014670718
120702010505,2008,0.177721025,0.208104369,0.030383178
120702010505,2009,0.266575926,0.312149951,0.045573942
120702010505,2010,0.297155753,0.347957573,0.050801734
120702010505,2011,0.378088159,0.442726178,0.064637937
120702010505,2012,0.648583893,0.759466011,0.110882036
120702010505,2013,0.290870367,0.340597589,0.049727307
120702010505,2014,0.383276219,0.448801307,0.065525003
120702010505,2015,0.493599562,0.577985556,0.084385825
120702010505,2016,0.538694585,0.630789858,0.092095109
120702010505,2017,0.539173721,0.631350904,0.092177268
120702010505,2018,0.253747337,0.297128153,0.043380649
120702010505,2019,0.231307934,0.270852455,0.039544438
120702010505,2020,0.501756697,0.587537295,0.085780347
120702010506,2000,0.407990883,0.752750645,0.344759929
120702010506,2001,0.512214879,0.810466636,0.298251756
120702010506,2002,0.022281285,0.073535663,0.051254378
120702010506,2003,0.112894,0.318909707,0.206015625
120702010506,2004,0.077951418,0.206767546,0.128816213
120702010506,2005,0.01912803,0.022398321,0.003270208
120702010506,2006,0.014347058,0.112085942,0.09773897
120702010506,2007,0.07122646,0.191985173,0.120758463
120702010506,2008,0.136960167,0.452013516,0.315053432
120702010506,2009,0.067755381,0.264669082,0.196913868
120702010506,2010,0.050398197,0.086743726,0.036345526
120702010506,2011,0.124359501,0.274524041,0.150164707
120702010506,2012,0.263333101,0.515328806,0.251995705
120702010506,2013,0.06777097,0.33058963,0.262818825
120702010506,2014,0.098287515,0.264213852,0.165926088
120702010506,2015,0.048341595,0.075889337,0.027547825
120702010506,2016,0.130045986,0.20840691,0.078360923
120702010506,2017,0.049654627,0.092467189,0.0428124
120702010506,2018,0.008650729,0.076554285,0.067903641
120702010506,2019,0.196590203,0.612430326,0.41584029
120702010506,2020,0.123891615,0.284154934,0.160263238
120702010507,2000,0.653693019,0.765448473,0.111755454
120702010507,2001,0.732348329,0.857550699,0.12520237
120702010507,2002,0.212127833,0.248393049,0.036265384
120702010507,2003,0.216344655,0.253331025,0.036986285
120702010507,2004,0.166010117,0.194391246,0.028381131
120702010507,2005,0.096149044,0.112586759,0.016437633
120702010507,2006,0.159976151,0.187325732,0.02734966
120702010507,2007,0.159272915,0.1865022,0.027229288
120702010507,2008,0.181763423,0.212837705,0.031074284
120702010507,2009,0.339604332,0.397663307,0.058058888
120702010507,2010,0.16476283,0.192930901,0.028167904
120702010507,2011,0.0,0.0,0.0
120702010507,2012,0.102048967,0.119495322,0.017446519
120702010507,2013,0.411783718,0.482182279,0.070398559
120702010507,2014,0.337282625,0.394944562,0.057661937
120702010507,2015,0.227815471,0.26676271,0.038947326
120702010507,2016,0.143210205,0.167693434,0.024483311
120702010507,2017,0.381887512,0.447174912,0.065287493
120702010507,2018,0.137675488,0.161212458,0.023537055
120702010507,2019,0.450210822,0.527178929,0.076968192
120702010507,2020,0.372011582,0.435610525,0.063599191
120702010508,2000,1.448542779,1.696186011,0.247643145
120702010508,2001,1.736785696,2.033706874,0.296921345
120702010508,2002,1.073306764,1.256799636,0.183492704
120702010508,2003,0.724768658,0.84867526,0.123906433
120702010508,2004,1.080173754,1.264840669,0.184666749
120702010508,2005,1.262058,1.477819584,0.215761584
120702010508,2006,0.390124729,0.456820458,0.066695808
120702010508,2007,0.85647037,1.002892734,0.146422279
120702010508,2008,1.235091492,1.446243221,0.211151481
120702010508,2009,1.683231932,1.970997586,0.287765655
120702010508,2010,1.815513241,2.125893715,0.310380389
120702010508,2011,0.776744756,0.909537184,0.132792345
120702010508,2012,1.723838322,2.018546284,0.294707716
120702010508,2013,1.655760236,1.938829477,0.283069074
120702010508,2014,1.73100634,2.026939636,0.295933211
120702010508,2015,1.269688477,1.486754751,0.217066192
120702010508,2016,1.578659096,1.848546896,0.269887716
120702010508,2017,2.075088904,2.429846373,0.35475746
120702010508,2018,1.525739885,1.786580562,0.260840679
120702010508,2019,2.614484732,3.047184929,0.432700195
120702010508,2020,2.991975016,3.503483831,0.511508648
120702010509,2000,3.210431254,3.759287096,0.548855926
120702010509,2001,2.628912584,3.078351932,0.449439351
120702010509,2002,3.324040929,3.892319427,0.568278581
120702010509,2003,3.029615219,3.547558879,0.517943658
120702010509,2004,2.197891123,2.57364315,0.375751861
120702010509,2005,3.752694726,4.39425629,0.641561312
120702010509,2006,3.291411033,3.854111299,0.562700184
120702010509,2007,0.886811647,1.038421093,0.151609529
120702010509,2008,3.639309631,4.261486877,0.622177082
120702010509,2009,3.972833019,4.652029263,0.679196329
120702010509,2010,4.394121726,5.145341584,0.751219852
120702010509,2011,5.316971904,6.225962458,0.908990471
120702010509,2012,5.13450203,6.012297538,0.877795426
120702010509,2013,5.965143381,6.98494534,1.019802126
120702010509,2014,6.000029951,7.025796373,1.025766173
120702010509,2015,4.440549962,5.199707153,0.759157277
120702010509,2016,4.188960137,4.905105478,0.7161455
120702010509,2017,5.360469858,6.276896677,0.916426901
120702010509,2018,6.125255255,7.172429992,1.047174737
120702010509,2019,5.850323888,6.850496444,1.000172556
120702010509,2020,6.595354836,7.722897951,1.12754303
120702010601,2000,2.647355377,2.671398068,0.024042607
120702010601,2001,3.053436636,3.087397953,0.033961318
120702010601,2002,3.7719726,3.817786107,0.045813425
120702010601,2003,2.561551455,2.590042148,0.028490529
120702010601,2004,2.613361872,2.642428746,0.029066708
120702010601,2005,4.687149553,4.729717164,0.042567534
120702010601,2006,4.429778189,4.501807101,0.072028995
120702010601,2007,2.205584367,2.225614912,0.02003046
120702010601,2008,5.151095536,5.197876372,0.046781003
120702010601,2009,4.310651318,4.358595926,0.047944526
120702010601,2010,5.106308,5.157886732,0.051578989
120702010601,2011,4.309056534,4.361393274,0.052336822
120702010601,2012,5.552217658,5.619653372,0.06743588
120702010601,2013,4.899616447,4.964150384,0.064533855
120702010601,2014,4.354389748,4.416216795,0.061826964
120702010601,2015,3.727526356,3.768985181,0.041458904
120702010601,2016,3.923043587,3.970691902,0.047648314
120702010601,2017,6.121423775,6.183256334,0.061832482
120702010601,2018,5.244456759,5.302787356,0.058330679
120702010601,2019,4.963329104,5.054306625,0.090977518
120702010601,2020,6.261204399,6.356552727,0.095348328
120702010602,2000,0.699638923,0.758827492,0.059188648
120702010602,2001,0.916824521,1.015309641,0.098484953
120702010602,2002,0.859660838,0.953060885,0.093399964
120702010602,2003,0.841442145,0.942264312,0.10082217
120702010602,2004,0.571296418,0.635479918,0.064183415
120702010602,2005,0.982067074,1.089974603,0.107907449
120702010602,2006,1.076473216,1.198745167,0.122272036
120702010602,2007,0.512063992,0.573420038,0.061355879
120702010602,2008,0.621854541,0.704251929,0.082397388
120702010602,2009,1.027678397,1.152105816,0.124427416
120702010602,2010,1.047036805,1.196613488,0.149576603
120702010602,2011,0.942719255,1.071271852,0.128552679
120702010602,2012,1.267156505,1.43505826,0.167901757
120702010602,2013,1.135749904,1.276123603,0.140373614
120702010602,2014,1.409218405,1.583391312,0.174173077
120702010602,2015,0.862358984,0.985552992,0.123194093
120702010602,2016,1.015054781,1.144368402,0.129313705
120702010602,2017,1.469086767,1.641437655,0.172350805
120702010602,2018,1.491221847,1.65691303,0.165691353
120702010602,2019,1.523508167,1.698448329,0.174940247
120702010602,2020,1.680212413,1.877332347,0.197119852
120702010603,2000,1.5905045,1.842994762,0.25249026
120702010603,2001,2.522945962,2.954269159,0.431323367
120702010603,2002,1.885755907,2.208145167,0.322389093
120702010603,2003,1.37389406,1.60877531,0.234881167
120702010603,2004,1.375296396,1.610417178,0.235120863
120702010603,2005,2.853868068,3.318451277,0.464583211
120702010603,2006,2.82365689,3.283322156,0.459665181
120702010603,2007,1.216566255,1.424550682,0.207984512
120702010603,2008,2.715416443,3.157460956,0.442044429
120702010603,2009,2.755822559,3.204444584,0.448622274
120702010603,2010,2.775726025,3.227588392,0.451862449
120702010603,2011,2.593755685,3.005510674,0.411754912
120702010603,2012,2.276628448,2.641100322,0.364471787
120702010603,2013,2.150824345,2.498053707,0.347229447
120702010603,2014,2.621422479,3.044625441,0.423202877
120702010603,2015,1.083722096,1.255761178,0.172039334
120702010603,2016,1.379275249,1.601945719,0.222670637
120702010603,2017,2.836799751,3.29860434,0.461804504
120702010603,2018,2.988606225,3.479169044,0.490562904
120702010603,2019,3.124403178,3.616207197,0.491804184
120702010603,2020,4.042052437,4.689155956,0.647103522
120702010604,2000,0.236869008,0.275749615,0.038880776
120702010604,2001,0.534693416,0.612477997,0.077784745
120702010604,2002,0.368829512,0.428871638,0.060042123
120702010604,2003,0.348958299,0.405765605,0.056807225
120702010604,2004,0.312205273,0.36557997,0.053374781
120702010604,2005,0.360825608,0.419564644,0.058739036
120702010604,2006,0.161211468,0.181544507,0.020332956
120702010604,2007,0.307958559,0.358508203,0.050549729
120702010604,2008,0.519814596,0.603733656,0.083919145
120702010604,2009,0.857244279,1.003798871,0.146554592
120702010604,2010,0.925762521,1.077721249,0.151958649
120702010604,2011,0.382747605,0.444022559,0.061275123
120702010604,2012,1.156766735,1.346643574,0.189876839
120702010604,2013,0.524875844,0.597808551,0.072932625
120702010604,2014,0.616350441,0.717520792,0.101170436
120702010604,2015,0.572692942,0.650048953,0.077355847
120702010604,2016,0.690987806,0.789700306,0.098712579
120702010604,2017,0.839789978,0.970855452,0.131065395
120702010604,2018,0.594270641,0.665476597,0.071206123
120702010604,2019,0.725937186,0.809294515,0.083357329
120702010604,2020,0.985702328,1.110025036,0.124322787
120702010605,2000,0.0,0.0,0.0
120702010605,2001,0.131655973,0.133525364,0.001869304
120702010605,2002,0.134875786,0.135010718,0.000134929
120702010605,2003,0.141302441,0.142729668,0.001427312
120702010605,2004,0.015499421,0.015499421,0.0
120702010605,2005,0.0,0.0,0.0
120702010605,2006,0.209424159,0.209843762,0.000419685
120702010605,2007,0.007254666,0.007254666,0.0
120702010605,2008,0.0,0.0,0.0
120702010605,2009,0.236248734,0.236248734,0.0
120702010605,2010,0.003951107,0.003963014,1.1904e-05
120702010605,2011,0.0,0.0,0.0
120702010605,2012,0.069368456,0.069507445,0.000138995
120702010605,2013,0.0,0.0,0.0
120702010605,2014,0.173555096,0.173555096,0.0
120702010605,2015,0.006588742,0.006588742,0.0
120702010605,2016,0.023896691,0.024040811,0.000144292
120702010605,2017,0.0,0.0,0.0
120702010605,2018,0.325940827,0.327578696,0.001637866
120702010605,2019,0.369143844,0.375528099,0.006384005
120702010605,2020,0.224375276,0.224599989,0.000224795
120702010701,2000,0.018214555,0.018214555,0.0
120702010701,2001,0.081162542,0.081162542,0.0
120702010701,2002,0.0,0.0,0.0
120702010701,2003,7.53e-07,7.53e-07,0.0
120702010701,2004,0.0,0.0,0.0
120702010701,2005,0.06064811,0.06064811,0.0
120702010701,2006,0.0,0.0,0.0
120702010701,2007,0.032904542,0.032904542,0.0
120702010701,2008,0.0,0.0,0.0
120702010701,2009,0.245520447,0.245520447,0.0
120702010701,2010,0.029445712,0.029445712,0.0
120702010701,2011,0.0,0.0,0.0
120702010701,2012,0.077721423,0.077721423,0.0
120702010701,2013,0.046826488,0.046826488,0.0
120702010701,2014,0.024798562,0.024798562,0.0
120702010701,2015,0.028183967,0.028183967,0.0
120702010701,2016,0.0,0.0,0.0
120702010701,2017,0.048909255,0.048909255,0.0
120702010701,2018,0.20258786,0.20258786,0.0
120702010701,2019,0.09113323,0.09113323,0.0
120702010701,2020,0.144727817,0.144727817,0.0
120702010702,2000,0.188304639,0.188304639,0.0
120702010702,2001,1.0384e-05,1.0384e-05,0.0
120702010702,2002,0.0,0.0,0.0
120702010702,2003,0.0,0.0,0.0
120702010702,2004,0.0,0.0,0.0
120702010702,2005,0.0,0.0,0.0
120702010702,2006,2.5589e-05,2.5589e-05,0.0
120702010702,2007,0.0,0.0,0.0
120702010702,2008,0.0,0.0,0.0
120702010702,2009,0.0,0.0,0.0
120702010702,2010,3.8816e-05,3.8816e-05,0.0
120702010702,2011,0.0,0.0,0.0
120702010702,2012,0.0,0.0,0.0
120702010702,2013,0.0,0.0,0.0
120702010702,2014,0.002899008,0.002899008,0.0
120702010702,2015,0.0,0.0,0.0
120702010702,2016,0.0,0.0,0.0
120702010702,2017,0.0,0.0,0.0
120702010702,2018,0.0,0.0,0.0
120702010702,2019,0.001078562,0.001078562,0.0
120702010702,2020,0.00295018,0.00295018,0.0
120702010703,2000,0.0,0.0,0.0
120702010703,2001,0.0,0.0,0.0
120702010703,2002,0.0,0.0,0.0
120702010703,2003,0.0,0.0,0.0
120702010703,2004,0.0,0.0,0.0
120702010703,2005,0.0,0.0,0.0
120702010703,2006,0.0,0.0,0.0
120702010703,2007,0.0,0.0,0.0
120702010703,2008,0.0,0.0,0.0
120702010703,2009,0.0,0.0,0.0
120702010703,2010,0.0,0.0,0.0
120702010703,2011,0.0,0.0,0.0
120702010703,2012,0.0,0.0,0.0
120702010703,2013,0.0,0.0,0.0
120702010703,2014,0.0,0.0,0.0
120702010703,2015,0.0,0.0,0.0
120702010703,2016,0.0,0.0,0.0
120702010703,2017,0.0,0.0,0.0
120702010703,2018,0.0,0.0,0.0
120702010703,2019,0.0,0.0,0.0
120702010703,2020,0.0,0.0,0.0
120702010704,2000,0.014651372,0.014651372,0.0
120702010704,2001,0.0,0.0,0.0
120702010704,2002,0.0,0.0,0.0
120702010704,2003,0.0,0.0,0.0
120702010704,2004,0.0,0.0,0.0
120702010704,2005,0.0,0.0,0.0
120702010704,2006,0.0,0.0,0.0
120702010704,2007,0.0,0.0,0.0
120702010704,2008,0.0,0.0,0.0
120702010704,2009,0.0,0.0,0.0
120702010704,2010,0.0,0.0,0.0
120702010704,2011,0.0,0.0,0.0
120702010704,2012,0.0,0.0,0.0
120702010704,2013,0.0,0.0,0.0
120702010704,2014,0.0,0.0,0.0
120702010704,2015,0.0,0.0,0.0
120702010704,2016,0.0,0.0,0.0
120702010704,2017,0.0,0.0,0.0
120702010704,2018,0.0,0.0,0.0
120702010704,2019,0.0,0.0,0.0
120702010704,2020,0.0,0.0,0.0
120702010705,2000,0.008314311,0.008314311,0.0
120702010705,2001,0.0,0.0,0.0
120702010705,2002,0.0,0.0,0.0
120702010705,2003,0.0,0.0,0.0
120702010705,2004,0.0,0.0,0.0
120702010705,2005,0.0,0.0,0.0
120702010705,2006,0.0,0.0,0.0
120702010705,2007,0.0,0.0,0.0
120702010705,2008,0.0,0.0,0.0
120702010705,2009,0.0,0.0,0.0
120702010705,2010,0.0,0.0,0.0
120702010705,2011,0.0,0.0,0.0
120702010705,2012,0.0,0.0,0.0
120702010705,2013,0.0,0.0,0.0
120702010705,2014,0.0,0.0,0.0
120702010705,2015,0.0,0.0,0.0
120702010705,2016,0.0,0.0,0.0
120702010705,2017,0.0,0.0,0.0
120702010705,2018,0.0,0.0,0.0
120702010705,2019,0.0,0.0,0.0
120702010705,2020,0.0,0.0,0.0
120702010801,2000,0.0,0.0,0.0
120702010801,2001,0.0,0.0,0.0
120702010801,2002,0.0,0.0,0.0
120702010801,2003,0.013138655,0.013138655,0.0
120702010801,2004,0.0,0.0,0.0
120702010801,2005,0.0,0.0,0.0
120702010801,2006,0.023190474,0.023190474,0.0
120702010801,2007,0.051466616,0.051466616,0.0
120702010801,2008,0.0,0.0,0.0
120702010801,2009,0.0,0.0,0.0
120702010801,2010,0.123121203,0.123121203,0.0
120702010801,2011,0.286612392,0.286612392,0.0
120702010801,2012,0.0,0.0,0.0
120702010801,2013,0.0,0.0,0.0
120702010801,2014,0.0,0.0,0.0
120702010801,2015,0.0,0.0,0.0
120702010801,2016,0.0,0.0,0.0
120702010801,2017,0.0,0.0,0.0
120702010801,2018,0.0,0.0,0.0
120702010801,2019,0.0,0.0,0.0
120702010801,2020,0.0,0.0,0.0
120702010802,2000,0.0,0.0,0.0
120702010802,2001,0.0,0.0,0.0
120702010802,2002,0.0,0.0,0.0
120702010802,2003,0.058002468,0.058529282,0.000526816
120702010802,2004,0.0,0.0,0.0
120702010802,2005,0.001161622,0.001350578,0.000189038
120702010802,2006,0.154383441,0.154383441,0.0
120702010802,2007,0.019899636,0.019899636,0.0
120702010802,2008,0.081315249,0.081315249,0.0
120702010802,2009,0.0,0.0,0.0
120702010802,2010,0.036789553,0.036789553,0.0
120702010802,2011,0.059180863,0.077461677,0.018280899
120702010802,2012,0.0,0.0,0.0
120702010802,2013,0.113132732,0.113132732,0.0
120702010802,2014,0.0,0.0,0.0
120702010802,2015,0.0,0.0,0.0
120702010802,2016,0.0,0.0,0.0
120702010802,2017,0.0,0.0,0.0
120702010802,2018,0.003875301,0.003875301,0.0
120702010802,2019,0.0,0.0,0.0
120702010802,2020,0.000537093,0.000669678,0.000132585
120702010803,2000,0.0,0.0,0.0
120702010803,2001,0.0,0.0,0.0
120702010803,2002,0.0,0.0,0.0
120702010803,2003,0.0,0.0,0.0
120702010803,2004,0.0,0.0,0.0
120702010803,2005,0.0,0.0,0.0
120702010803,2006,0.0,0.0,0.0
120702010803,2007,0.0,0.0,0.0
120702010803,2008,0.0,0.0,0.0
120702010803,2009,0.0,0.0,0.0
120702010803,2010,0.0,0.0,0.0
120702010803,2011,0.0,0.0,0.0
120702010803,2012,0.0,0.0,0.0
120702010803,2013,0.0,0.0,0.0
120702010803,2014,0.0,0.0,0.0
120702010803,2015,0.0,0.0,0.0
120702010803,2016,0.0,0.0,0.0
120702010803,2017,0.0,0.0,0.0
120702010803,2018,0.0,0.0,0.0
120702010803,2019,0.0,0.0,0.0
120702010803,2020,0.0,0.0,0.0
120702010804,2000,0.0,0.0,0.0
120702010804,2001,0.0,0.0,0.0
120702010804,2002,0.0,0.0,0.0
120702010804,2003,0.0,0.0,0.0
120702010804,2004,0.0,0.0,0.0
120702010804,2005,0.0,0.0,0.0
120702010804,2006,0.056263507,0.056263507,0.0
120702010804,2007,0.0,0.0,0.0
120702010804,2008,0.0,0.0,0.0
120702010804,2009,0.0,0.0,0.0
120702010804,2010,0.0,0.0,0.0
120702010804,2011,0.0,0.0,0.0
120702010804,2012,0.0,0.0,0.0
120702010804,2013,0.0,0.0,0.0
120702010804,2014,0.0,0.0,0.0
120702010804,2015,0.0,0.0,0.0
120702010804,2016,0.0,0.0,0.0
120702010804,2017,0.0,0.0,0.0
120702010804,2018,0.202351151,0.202351151,0.0
120702010804,2019,0.100304658,0.100304658,0.0
120702010804,2020,0.259849454,0.259849454,0.0
120702010805,2000,0.0,0.0,0.0
120702010805,2001,0.0,0.0,0.0
120702010805,2002,0.0,0.0,0.0
120702010805,2003,0.0,0.0,0.0
120702010805,2004,0.0,0.0,0.0
120702010805,2005,0.0,0.0,0.0
120702010805,2006,0.0,0.0,0.0
120702010805,2007,0.0,0.0,0.0
120702010805,2008,0.0,0.0,0.0
120702010805,2009,0.0,0.0,0.0
120702010805,2010,0.0,0.0,0.0
120702010805,2011,0.0,0.0,0.0
120702010805,2012,0.0,0.0,0.0
120702010805,2013,0.0,0.0,0.0
120702010805,2014,0.0,0.0,0.0
120702010805,2015,0.0,0.0,0.0
120702010805,2016,0.0,0.0,0.0
120702010805,2017,0.0,0.0,0.0
120702010805,2018,0.0,0.0,0.0
120702010805,2019,0.0,0.0,0.0
120702010805,2020,0.0,0.0,0.0
120702010806,2000,0.0,0.0,0.0
120702010806,2001,0.0,0.0,0.0
120702010806,2002,0.0,0.0,0.0
120702010806,2003,0.0,0.0,0.0
120702010806,2004,0.0,0.0,0.0
120702010806,2005,0.029385704,0.055340397,0.025954693
120702010806,2006,0.0,0.0,0.0
120702010806,2007,0.0,0.0,0.0
120702010806,2008,0.01558376,0.029347839,0.013764161
120702010806,2009,0.0,0.0,0.0
120702010806,2010,0.0,0.0,0.0
120702010806,2011,0.0,0.0,0.0
120702010806,2012,0.0,0.0,0.0
120702010806,2013,0.0,0.0,0.0
120702010806,2014,0.0,0.0,0.0
120702010806,2015,0.0,0.0,0.0
120702010806,2016,0.0,0.0,0.0
120702010806,2017,0.0,0.0,0.0
120702010806,2018,8.0244e-05,0.000151126,7.0882e-05
120702010806,2019,0.0,0.0,0.0
120702010806,2020,0.0,0.0,0.0
120702010901,2000,0.0,0.0,0.0
120702010901,2001,0.0,0.0,0.0
120702010901,2002,0.0,0.0,0.0
120702010901,2003,0.0,0.0,0.0
120702010901,2004,0.0,0.0,0.0
120702010901,2005,0.0,0.0,0.0
120702010901,2006,0.0,0.0,0.0
120702010901,2007,0.0,0.0,0.0
120702010901,2008,0.0,0.0,0.0
120702010901,2009,0.0,0.0,0.0
120702010901,2010,0.0,0.0,0.0
120702010901,2011,0.0,0.0,0.0
120702010901,2012,0.0,0.0,0.0
120702010901,2013,0.0,0.0,0.0
120702010901,2014,0.0,0.0,0.0
120702010901,2015,0.0,0.0,0.0
120702010901,2016,0.0,0.0,0.0
120702010901,2017,0.0,0.0,0.0
120702010901,2018,0.0,0.0,0.0
120702010901,2019,0.0,0.0,0.0
120702010901,2020,0.126743948,0.238689134,0.111945186
120702010902,2000,0.0,0.0,0.0
120702010902,2001,0.0,0.0,0.0
120702010902,2002,0.0,0.0,0.0
120702010902,2003,0.0,0.0,0.0
120702010902,2004,0.0,0.0,0.0
120702010902,2005,0.0,0.0,0.0
120702010902,2006,0.0,0.0,0.0
120702010902,2007,0.0,0.0,0.0
120702010902,2008,0.0,0.0,0.0
120702010902,2009,0.0,0.0,0.0
120702010902,2010,0.0,0.0,0.0
120702010902,2011,0.0,0.0,0.0
120702010902,2012,0.0,0.0,0.0
120702010902,2013,0.0,0.0,0.0
120702010902,2014,0.0,0.0,0.0
120702010902,2015,0.0,0.0,0.0
120702010902,2016,0.0,0.0,0.0
120702010902,2017,0.0,0.0,0.0
120702010902,2018,0.0,0.0,0.0
120702010902,2019,0.0,0.0,0.0
120702010902,2020,0.0,0.0,0.0
120702010903,2000,0.002388984,0.004498984,0.00211009
120702010903,2001,0.000567044,0.001067893,0.000500847
120702010903,2002,0.001612945,0.003037721,0.001424693
120702010903,2003,0.002722197,0.005126403,0.00240437
120702010903,2004,0.0,0.0,0.0
120702010903,2005,0.0,0.0,0.0
120702010903,2006,0.0,0.0,0.0
120702010903,2007,0.0,0.0,0.0
120702010903,2008,0.0,0.0,0.0
120702010903,2009,0.0,0.0,0.0
120702010903,2010,0.0,0.0,0.0
120702010903,2011,0.0,0.0,0.0
120702010903,2012,0.0,0.0,0.0
120702010903,2013,0.0,0.0,0.0
120702010903,2014,0.0,0.0,0.0
120702010903,2015,0.0,0.0,0.0
120702010903,2016,0.0,0.0,0.0
120702010903,2017,0.0,0.0,0.0
120702010903,2018,0.035978874,0.067756896,0.031777937
120702010903,2019,0.001651304,0.003109775,0.001458471
120702010903,2020,0.000682145,0.001284525,0.000602298
120702010904,2000,0.0,0.0,0.0
120702010904,2001,0.0,0.0,0.0
120702010904,2002,0.0,0.0,0.0
120702010904,2003,0.0,0.0,0.0
120702010904,2004,0.0,0.0,0.0
120702010904,2005,0.0,0.0,0.0
120702010904,2006,0.0,0.0,0.0
120702010904,2007,0.0,0.0,0.0
120702010904,2008,0.0,0.0,0.0
120702010904,2009,0.0,0.0,0.0
120702010904,2010,0.0,0.0,0.0
120702010904,2011,0.0,0.0,0.0
120702010904,2012,0.0,0.0,0.0
120702010904,2013,0.0,0.0,0.0
120702010904,2014,0.0,0.0,0.0
120702010904,2015,0.0,0.0,0.0
120702010904,2016,0.0,0.0,0.0
120702010904,2017,0.0,0.0,0.0
120702010904,2018,0.0,0.0,0.0
120702010904,2019,0.0,0.0,0.0
120702010904,2020,0.0,0.0,0.0
120702010905,2000,0.0,0.0,0.0
120702010905,2001,0.0,0.0,0.0
120702010905,2002,0.0,0.0,0.0
120702010905,2003,0.0,0.0,0.0
120702010905,2004,0.0,0.0,0.0
120702010905,2005,0.0,0.0,0.0
120702010905,2006,0.0,0.0,0.0
120702010905,2007,0.0,0.0,0.0
120702010905,2008,0.0,0.0,0.0
120702010905,2009,0.0,0.0,0.0
120702010905,2010,0.0,0.0,0.0
120702010905,2011,0.0,0.0,0.0
120702010905,2012,0.0,0.0,0.0
120702010905,2013,0.0,0.0,0.0
120702010905,2014,0.0,0.0,0.0
120702010905,2015,0.0,0.0,0.0
120702010905,2016,0.0,0.0,0.0
120702010905,2017,0.0,0.0,0.0
120702010905,2018,0.0,0.0,0.0
120702010905,2019,0.0,0.0,0.0
120702010905,2020,0.0,0.0,0.0
120702010906,2000,0.0,0.0,0.0
120702010906,2001,0.0,0.0,0.0
120702010906,2002,0.0,0.0,0.0
120702010906,2003,0.0,0.0,0.0
120702010906,2004,0.000637757,0.001201096,0.000563339
120702010906,2005,0.0,0.0,0.0
120702010906,2006,0.0,0.0,0.0
120702010906,2007,0.0,0.0,0.0
120702010906,2008,0.0,0.0,0.0
120702010906,2009,0.0,0.0,0.0
120702010906,2010,0.0,0.0,0.0
120702010906,2011,0.0,0.0,0.0
120702010906,2012,0.0,0.0,0.0
120702010906,2013,0.0,0.0,0.0
120702010906,2014,0.0,0.0,0.0
120702010906,2015,0.0,0.0,0.0
120702010906,2016,0.0,0.0,0.0
120702010906,2017,0.0,0.0,0.0
120702010906,2018,0.0,0.0,0.0
120702010906,2019,0.001442784,0.00271706,0.001274274
120702010906,2020,0.0,0.0,0.0
120702010907,2000,0.0,0.0,0.0
120702010907,2001,0.0,0.0,0.0
120702010907,2002,0.0,0.0,0.0
120702010907,2003,0.0,0.0,0.0
120702010907,2004,0.0,0.0,0.0
120702010907,2005,0.0,0.0,0.0
120702010907,2006,0.0,0.0,0.0
120702010907,2007,0.0,0.0,0.0
120702010907,2008,0.099784598,0.187918281,0.088133765
120702010907,2009,0.0,0.0,0.0
120702010907,2010,0.12817417,0.24138269,0.113208521
120702010907,2011,0.0,0.0,0.0
120702010907,2012,0.0,0.0,0.0
120702010907,2013,0.070037041,0.131896649,0.061859523
120702010907,2014,0.0,0.0,0.0
120702010907,2015,0.093615419,0.176300233,0.082684899
120702010907,2016,0.0,0.0,0.0
120702010907,2017,0.0,0.0,0.0
120702010907,2018,0.450715216,0.848804433,0.398089301
120702010907,2019,0.074222482,0.139778666,0.065556181
120702010907,2020,0.061587801,0.115984467,0.054396667
120702010908,2000,0.0,0.0,0.0
120702010908,2001,0.0,0.0,0.0
120702010908,2002,0.0,0.0,0.0
120702010908,2003,0.0,0.0,0.0
120702010908,2004,0.003181883,0.005991995,0.002810361
120702010908,2005,0.0,0.0,0.0
120702010908,2006,0.0,0.0,0.0
120702010908,2007,0.0,0.0,0.0
120702010908,2008,5.303e-05,9.9899e-05,4.6869e-05
120702010908,2009,0.013427855,0.025287545,0.011859942
120702010908,2010,0.010240386,0.019285041,0.009044652
120702010908,2011,0.035785205,0.067391956,0.031606833
120702010908,2012,0.0,0.0,0.0
120702010908,2013,0.0,0.0,0.0
120702010908,2014,0.0,0.0,0.0
120702010908,2015,0.0,0.0,0.0
120702010908,2016,0.0,0.0,0.0
120702010908,2017,0.0,0.0,0.0
120702010908,2018,0.36833691,0.693666493,0.325329501
120702010908,2019,0.004092068,0.007706375,0.003614307
120702010908,2020,0.02296462,0.043247836,0.020283137
120702011001,2000,0.0,0.0,0.0
120702011001,2001,0.0,0.0,0.0
120702011001,2002,0.0,0.0,0.0
120702011001,2003,0.173509033,0.453026099,0.279517066
120702011001,2004,0.17097659,0.396697298,0.225720792
120702011001,2005,0.0,0.0,0.0
120702011001,2006,0.0,0.0,0.0
120702011001,2007,0.0,0.0,0.0
120702011001,2008,0.0,0.0,0.0
120702011001,2009,0.132275534,0.325801921,0.193526384
120702011001,2010,0.0,0.0,0.0
120702011001,2011,0.347883082,0.746530164,0.398646992
120702011001,2012,0.0,0.0,0.0
120702011001,2013,0.0,0.0,0.0
120702011001,2014,0.0,0.0,0.0
120702011001,2015,0.0,0.0,0.0
120702011001,2016,0.0,0.0,0.0
120702011001,2017,0.0,0.0,0.0
120702011001,2018,0.0,0.0,0.0
120702011001,2019,0.0,0.0,0.0
120702011001,2020,0.049561803,0.113674052,0.064112082
120702011002,2000,0.0,0.0,0.0
120702011002,2001,0.0,0.0,0.0
120702011002,2002,0.0,0.0,0.0
120702011002,2003,0.000230682,0.00043534,0.000204658
120702011002,2004,0.039780049,0.082360342,0.042580377
120702011002,2005,0.0,0.0,0.0
120702011002,2006,0.0,0.0,0.0
120702011002,2007,0.0,0.0,0.0
120702011002,2008,0.0,0.0,0.0
120702011002,2009,0.049639173,0.101098044,0.051458953
120702011002,2010,0.100609726,0.195358501,0.094748942
120702011002,2011,0.167589507,0.324157682,0.156568175
120702011002,2012,0.0,0.0,0.0
120702011002,2013,0.0,0.0,0.0
120702011002,2014,0.0,0.0,0.0
120702011002,2015,0.0,0.0,0.0
120702011002,2016,0.0,0.0,0.0
120702011002,2017,0.0,0.0,0.0
120702011002,2018,0.141536107,0.26654629,0.125010184
120702011002,2019,0.002565556,0.005070433,0.002504792
120702011002,2020,0.198832784,0.390634301,0.191801432
120702011003,2000,0.0,0.0,0.0
120702011003,2001,0.0,0.0,0.0
120702011003,2002,0.0,0.0,0.0
120702011003,2003,0.0,0.0,0.0
120702011003,2004,0.0,0.0,0.0
120702011003,2005,0.0,0.0,0.0
120702011003,2006,0.0,0.0,0.0
120702011003,2007,0.0,0.0,0.0
120702011003,2008,0.0,0.0,0.0
120702011003,2009,0.0,0.0,0.0
120702011003,2010,0.0,0.0,0.0
120702011003,2011,0.0,0.0,0.0
120702011003,2012,0.0,0.0,0.0
120702011003,2013,0.0,0.0,0.0
120702011003,2014,0.0,0.0,0.0
120702011003,2015,0.0,0.0,0.0
120702011003,2016,0.0,0.0,0.0
120702011003,2017,0.0,0.0,0.0
120702011003,2018,0.000112079,0.000211277,9.903e-05
120702011003,2019,6.6011e-05,0.000124756,5.8663e-05
120702011003,2020,1.3309e-05,2.4858e-05,1.1716e-05
120702011004,2000,0.0,0.0,0.0
120702011004,2001,0.0,0.0,0.0
120702011004,2002,0.0,0.0,0.0
120702011004,2003,0.019138975,0.041879532,0.022740638
120702011004,2004,0.020871478,0.045670628,0.024799148
120702011004,2005,4.9871e-05,0.000109151,5.9444e-05
120702011004,2006,0.0,0.0,0.0
120702011004,2007,0.0,0.0,0.0
120702011004,2008,0.0,0.0,0.0
120702011004,2009,0.026652438,0.058320323,0.031667885
120702011004,2010,0.0,0.0,0.0
120702011004,2011,0.025057932,0.054831063,0.029773132
120702011004,2012,0.0,0.0,0.0
120702011004,2013,0.0,0.0,0.0
120702011004,2014,0.0,0.0,0.0
120702011004,2015,0.0,0.0,0.0
120702011004,2016,0.0,0.0,0.0
120702011004,2017,0.0,0.0,0.0
120702011004,2018,0.0,0.0,0.0
120702011004,2019,0.0,0.0,0.0
120702011004,2020,0.082101973,0.179654363,0.097552475
120702011005,2000,0.0,0.0,0.0
120702011005,2001,0.0,0.0,0.0
120702011005,2002,0.0,0.0,0.0
120702011005,2003,0.031401674,0.068712745,0.037310986
120702011005,2004,0.032341145,0.070768708,0.038427399
120702011005,2005,0.0,0.0,0.0
120702011005,2006,0.0,0.0,0.0
120702011005,2007,0.0,0.0,0.0
120702011005,2008,0.0,0.0,0.0
120702011005,2009,0.0,0.0,0.0
120702011005,2010,0.0,0.0,0.0
120702011005,2011,0.095688674,0.209384671,0.11369591
120702011005,2012,0.0,0.0,0.0
120702011005,2013,0.0,0.0,0.0
120702011005,2014,0.0,0.0,0.0
120702011005,2015,0.0,0.0,0.0
120702011005,2016,0.0,0.0,0.0
120702011005,2017,0.0,0.0,0.0
120702011005,2018,0.0,0.0,0.0
120702011005,2019,0.0,0.0,0.0
120702011005,2020,0.044744779,0.089668899,0.044924287
120702011101,2000,0.0,0.0,0.0
120702011101,2001,0.0,0.0,0.0
120702011101,2002,0.0,0.0,0.0
120702011101,2003,0.0,0.0,0.0
120702011101,2004,0.0,0.0,0.0
120702011101,2005,0.0,0.0,0.0
120702011101,2006,0.0,0.0,0.0
120702011101,2007,0.0,0.0,0.0
120702011101,2008,0.0,0.0,0.0
120702011101,2009,0.0,0.0,0.0
120702011101,2010,0.0,0.0,0.0
120702011101,2011,0.0,0.0,0.0
120702011101,2012,0.0,0.0,0.0
120702011101,2013,0.0,0.0,0.0
120702011101,2014,0.0,0.0,0.0
120702011101,2015,0.0,0.0,0.0
120702011101,2016,0.0,0.0,0.0
120702011101,2017,0.0,0.0,0.0
120702011101,2018,0.0,0.0,0.0
120702011101,2019,0.0,0.0,0.0
120702011101,2020,0.0,0.0,0.0
120702011102,2000,0.0,0.0,0.0
120702011102,2001,0.0,0.0,0.0
120702011102,2002,0.0,0.0,0.0
120702011102,2003,0.0,0.0,0.0
120702011102,2004,0.0,0.0,0.0
120702011102,2005,0.0,0.0,0.0
120702011102,2006,0.0,0.0,0.0
120702011102,2007,0.0,0.0,0.0
120702011102,2008,0.0,0.0,0.0
120702011102,2009,0.0,0.0,0.0
120702011102,2010,0.0,0.0,0.0
120702011102,2011,0.0,0.0,0.0
120702011102,2012,0.0,0.0,0.0
120702011102,2013,0.0,0.0,0.0
120702011102,2014,0.0,0.0,0.0
120702011102,2015,0.0,0.0,0.0
120702011102,2016,0.0,0.0,0.0
120702011102,2017,0.0,0.0,0.0
120702011102,2018,0.0,0.0,0.0
120702011102,2019,0.0,0.0,0.0
120702011102,2020,0.0,0.0,0.0
120702011103,2000,0.0,0.0,0.0
120702011103,2001,0.0,0.0,0.0
120702011103,2002,0.0,0.0,0.0
120702011103,2003,0.0,0.0,0.0
120702011103,2004,0.0,0.0,0.0
120702011103,2005,0.0,0.0,0.0
120702011103,2006,0.0,0.0,0.0
120702011103,2007,0.0,0.0,0.0
120702011103,2008,0.0,0.0,0.0
120702011103,2009,0.0,0.0,0.0
120702011103,2010,0.0,0.0,0.0
120702011103,2011,0.0,0.0,0.0
120702011103,2012,0.0,0.0,0.0
120702011103,2013,0.0,0.0,0.0
120702011103,2014,0.0,0.0,0.0
120702011103,2015,0.0,0.0,0.0
120702011103,2016,0.0,0.0,0.0
120702011103,2017,0.0,0.0,0.0
120702011103,2018,0.0,0.0,0.0
120702011103,2019,0.0,0.0,0.0
120702011103,2020,0.0,0.0,0.0
120702011104,2000,0.0,0.0,0.0
120702011104,2001,0.0,0.0,0.0
120702011104,2002,0.0,0.0,0.0
120702011104,2003,0.0,0.0,0.0
120702011104,2004,0.0,0.0,0.0
120702011104,2005,0.0,0.0,0.0
120702011104,2006,0.0,0.0,0.0
120702011104,2007,0.0,0.0,0.0
120702011104,2008,0.0,0.0,0.0
120702011104,2009,0.0,0.0,0.0
120702011104,2010,0.0,0.0,0.0
120702011104,2011,0.0,0.0,0.0
120702011104,2012,0.0,0.0,0.0
120702011104,2013,0.0,0.0,0.0
120702011104,2014,0.0,0.0,0.0
120702011104,2015,0.0,0.0,0.0
120702011104,2016,0.0,0.0,0.0
120702011104,2017,0.0,0.0,0.0
120702011104,2018,0.0,0.0,0.0
120702011104,2019,0.0,0.0,0.0
120702011104,2020,0.0,0.0,0.0
120702011105,2000,0.033778883,0.073914328,0.04013553
120702011105,2001,0.0,0.0,0.0
120702011105,2002,0.0,0.0,0.0
120702011105,2003,0.0,0.0,0.0
120702011105,2004,0.024288391,0.053147587,0.028859112
120702011105,2005,0.0,0.0,0.0
120702011105,2006,0.0,0.0,0.0
120702011105,2007,0.0,0.0,0.0
120702011105,2008,0.0,0.0,0.0
120702011105,2009,0.0,0.0,0.0
120702011105,2010,0.0,0.0,0.0
120702011105,2011,0.0,0.0,0.0
120702011105,2012,0.0,0.0,0.0
120702011105,2013,0.0,0.0,0.0
120702011105,2014,0.0,0.0,0.0
120702011105,2015,0.0,0.0,0.0
120702011105,2016,0.0,0.0,0.0
120702011105,2017,0.0,0.0,0.0
120702011105,2018,0.0,0.0,0.0
120702011105,2019,0.0,0.0,0.0
120702011105,2020,0.0,0.0,0.0
120702011106,2000,0.060978735,0.133432527,0.072453792
120702011106,2001,0.0,0.0,0.0
120702011106,2002,0.000112427,0.000245953,0.000133523
120702011106,2003,0.00044829,0.000981115,0.000532825
120702011106,2004,0.027392366,0.05993956,0.032547194
120702011106,2005,0.000924501,0.002023123,0.001098455
120702011106,2006,0.0,0.0,0.0
120702011106,2007,0.000274003,0.000599649,0.000325647
120702011106,2008,0.0,0.0,0.0
120702011106,2009,0.000378616,0.000828186,0.000449734
120702011106,2010,0.0,0.0,0.0
120702011106,2011,0.0,0.0,0.0
120702011106,2012,0.0,0.0,0.0
120702011106,2013,0.000524186,0.001146652,0.000622715
120702011106,2014,8.6767e-05,0.000190189,0.00010334
120702011106,2015,0.0,0.0,0.0
120702011106,2016,0.0,0.0,0.0
120702011106,2017,0.0,0.0,0.0
120702011106,2018,0.005467066,0.011962822,0.006495753
120702011106,2019,0.0,0.0,0.0
120702011106,2020,0.008057705,0.017631959,0.009574087
120702020101,2000,0.121469098,0.754466699,0.632997601
120702020101,2001,0.073078948,0.164222458,0.091143592
120702020101,2002,8.893e-06,8.4652e-05,7.5674e-05
120702020101,2003,0.080476088,0.519201236,0.438725063
120702020101,2004,0.014674516,0.138439612,0.123764932
120702020101,2005,0.016665874,0.134401838,0.117735879
120702020101,2006,0.082036951,0.471476953,0.389440005
120702020101,2007,0.037264184,0.18632126,0.149056907
120702020101,2008,0.020368825,0.192158544,0.171789803
120702020101,2009,0.067672011,0.524588764,0.456916753
120702020101,2010,0.025366493,0.101873315,0.076507074
120702020101,2011,0.03818231,0.360210156,0.322027932
120702020101,2012,0.06191147,0.364185,0.302273697
120702020101,2013,0.113173874,0.431961553,0.318787679
120702020101,2014,0.044148586,0.416496123,0.372347622
120702020101,2015,0.029757195,0.280728244,0.250971049
120702020101,2016,0.075222869,0.592306475,0.517083519
120702020101,2017,0.059186044,0.558359578,0.499173367
120702020101,2018,0.069015795,0.610759463,0.541743584
120702020101,2019,0.096812967,0.663102967,0.566289997
120702020101,2020,0.164561142,1.509735678,1.345174197
120702020102,2000,0.072345074,0.07285494,0.000510038
120702020102,2001,0.130195912,0.13071874,0.000522912
120702020102,2002,0.0,0.0,0.0
120702020102,2003,0.081433403,0.081433403,0.0
120702020102,2004,0.0,0.0,0.0
120702020102,2005,0.058504951,0.058504951,0.0
120702020102,2006,0.044190682,0.044190682,0.0
120702020102,2007,0.0,0.0,0.0
120702020102,2008,0.001659489,0.001679533,2.0213e-05
120702020102,2009,0.059397603,0.059397603,0.0
120702020102,2010,0.032635005,0.032635005,0.0
120702020102,2011,0.0,0.0,0.0
120702020102,2012,0.0,0.0,0.0
120702020102,2013,0.071317244,0.071317244,0.0
120702020102,2014,0.05945374,0.05945374,0.0
120702020102,2015,0.0,0.0,0.0
120702020102,2016,0.06795459,0.06795459,0.0
120702020102,2017,0.0,0.0,0.0
120702020102,2018,0.17210189,0.181733726,0.009631833
120702020102,2019,0.351520468,0.353642373,0.002121822
120702020102,2020,0.076842604,0.082893762,0.00605124
120702020103,2000,0.0,0.0,0.0
120702020103,2001,0.0,0.0,0.0
120702020103,2002,0.0,0.0,0.0
120702020103,2003,0.0,0.0,0.0
120702020103,2004,0.0,0.0,0.0
120702020103,2005,0.0,0.0,0.0
120702020103,2006,0.0,0.0,0.0
120702020103,2007,0.0,0.0,0.0
120702020103,2008,0.0,0.0,0.0
120702020103,2009,0.0,0.0,0.0
120702020103,2010,0.0,0.0,0.0
120702020103,2011,0.0,0.0,0.0
120702020103,2012,0.0,0.0,0.0
120702020103,2013,0.0,0.0,0.0
120702020103,2014,0.0,0.0,0.0
120702020103,2015,0.0,0.0,0.0
120702020103,2016,0.0,0.0,0.0
120702020103,2017,0.0,0.0,0.0
120702020103,2018,0.0,0.0,0.0
120702020103,2019,0.038448986,0.038448986,0.0
120702020103,2020,0.0,0.0,0.0
120702020104,2000,0.0,0.0,0.0
120702020104,2001,0.0,0.0,0.0
120702020104,2002,0.0,0.0,0.0
120702020104,2003,0.0,0.0,0.0
120702020104,2004,0.0,0.0,0.0
120702020104,2005,0.0,0.0,0.0
120702020104,2006,0.0,0.0,0.0
120702020104,2007,0.0,0.0,0.0
120702020104,2008,0.0,0.0,0.0
120702020104,2009,0.0,0.0,0.0
120702020104,2010,0.0,0.0,0.0
120702020104,2011,0.0,0.0,0.0
120702020104,2012,0.0,0.0,0.0
120702020104,2013,0.0,0.0,0.0
120702020104,2014,0.0,0.0,0.0
120702020104,2015,0.0,0.0,0.0
120702020104,2016,0.0,0.0,0.0
120702020104,2017,0.0,0.0,0.0
120702020104,2018,0.0,0.0,0.0
120702020104,2019,0.030387137,0.030387137,0.0
120702020104,2020,0.0,0.0,0.0
120702020105,2000,0.0,0.0,0.0
120702020105,2001,0.0,0.0,0.0
120702020105,2002,0.0,0.0,0.0
120702020105,2003,0.0,0.0,0.0
120702020105,2004,0.0,0.0,0.0
120702020105,2005,0.0,0.0,0.0
120702020105,2006,0.0,0.0,0.0
120702020105,2007,0.0,0.0,0.0
120702020105,2008,0.0,0.0,0.0
120702020105,2009,0.0,0.0,0.0
120702020105,2010,0.0,0.0,0.0
120702020105,2011,0.0,0.0,0.0
120702020105,2012,0.0,0.0,0.0
120702020105,2013,0.0,0.0,0.0
120702020105,2014,0.0,0.0,0.0
120702020105,2015,0.0,0.0,0.0
120702020105,2016,0.0,0.0,0.0
120702020105,2017,0.0,0.0,0.0
120702020105,2018,0.0,0.0,0.0
120702020105,2019,0.0,0.0,0.0
120702020105,2020,0.0,0.0,0.0
120702020106,2000,0.0,0.0,0.0
120702020106,2001,0.0,0.0,0.0
120702020106,2002,0.0,0.0,0.0
120702020106,2003,0.0,0.0,0.0
120702020106,2004,0.0,0.0,0.0
120702020106,2005,0.0,0.0,0.0
120702020106,2006,0.0,0.0,0.0
120702020106,2007,0.0,0.0,0.0
120702020106,2008,0.0,0.0,0.0
120702020106,2009,0.0,0.0,0.0
120702020106,2010,0.0,0.0,0.0
120702020106,2011,0.0,0.0,0.0
120702020106,2012,0.0,0.0,0.0
120702020106,2013,0.0,0.0,0.0
120702020106,2014,0.0,0.0,0.0
120702020106,2015,0.0,0.0,0.0
120702020106,2016,0.0,0.0,0.0
120702020106,2017,0.0,0.0,0.0
120702020106,2018,0.0,0.0,0.0
120702020106,2019,0.141748855,0.141748855,0.0
120702020106,2020,0.0,0.0,0.0
120702020201,2000,0.0,0.0,0.0
120702020201,2001,0.0,0.0,0.0
120702020201,2002,0.0,0.0,0.0
120702020201,2003,0.0,0.0,0.0
120702020201,2004,0.0,0.0,0.0
120702020201,2005,0.0,0.0,0.0
120702020201,2006,0.0,0.0,0.0
120702020201,2007,0.0,0.0,0.0
120702020201,2008,0.0,0.0,0.0
120702020201,2009,0.0,0.0,0.0
120702020201,2010,0.0,0.0,0.0
120702020201,2011,0.0,0.0,0.0
120702020201,2012,0.0,0.0,0.0
120702020201,2013,0.0,0.0,0.0
120702020201,2014,0.0,0.0,0.0
120702020201,2015,0.0,0.0,0.0
120702020201,2016,0.0,0.0,0.0
120702020201,2017,0.0,0.0,0.0
120702020201,2018,0.0,0.0,0.0
120702020201,2019,0.003966899,0.007470707,0.003503805
120702020201,2020,0.0,0.0,0.0
120702020202,2000,0.0,0.0,0.0
120702020202,2001,0.0,0.0,0.0
120702020202,2002,0.0,0.0,0.0
120702020202,2003,0.0,0.0,0.0
120702020202,2004,0.0,0.0,0.0
120702020202,2005,0.0,0.0,0.0
120702020202,2006,0.0,0.0,0.0
120702020202,2007,0.0,0.0,0.0
120702020202,2008,0.0,0.0,0.0
120702020202,2009,0.0,0.0,0.0
120702020202,2010,0.0,0.0,0.0
120702020202,2011,0.0,0.0,0.0
120702020202,2012,0.0,0.0,0.0
120702020202,2013,0.0,0.0,0.0
120702020202,2014,0.0,0.0,0.0
120702020202,2015,0.0,0.0,0.0
120702020202,2016,0.0,0.0,0.0
120702020202,2017,0.0,0.0,0.0
120702020202,2018,0.0,0.0,0.0
120702020202,2019,0.0,0.0,0.0
120702020202,2020,0.0,0.0,0.0
120702020203,2000,0.0,0.0,0.0
120702020203,2001,0.0,0.0,0.0
120702020203,2002,0.0,0.0,0.0
120702020203,2003,0.0,0.0,0.0
120702020203,2004,0.0,0.0,0.0
120702020203,2005,0.0,0.0,0.0
120702020203,2006,0.0,0.0,0.0
120702020203,2007,0.0,0.0,0.0
120702020203,2008,0.0,0.0,0.0
120702020203,2009,0.0,0.0,0.0
120702020203,2010,0.0,0.0,0.0
120702020203,2011,0.0,0.0,0.0
120702020203,2012,0.0,0.0,0.0
120702020203,2013,0.0,0.0,0.0
120702020203,2014,0.0,0.0,0.0
120702020203,2015,0.0,0.0,0.0
120702020203,2016,0.0,0.0,0.0
120702020203,2017,0.0,0.0,0.0
120702020203,2018,0.0,0.0,0.0
120702020203,2019,0.0,0.0,0.0
120702020203,2020,0.0,0.0,0.0
120702020204,2000,0.0,0.0,0.0
120702020204,2001,0.0,0.0,0.0
120702020204,2002,0.0,0.0,0.0
120702020204,2003,0.0,0.0,0.0
120702020204,2004,0.0,0.0,0.0
120702020204,2005,0.0,0.0,0.0
120702020204,2006,0.0,0.0,0.0
120702020204,2007,0.0,0.0,0.0
120702020204,2008,0.0,0.0,0.0
120702020204,2009,0.0,0.0,0.0
120702020204,2010,0.0,0.0,0.0
120702020204,2011,0.0,0.0,0.0
120702020204,2012,0.0,0.0,0.0
120702020204,2013,0.0,0.0,0.0
120702020204,2014,0.0,0.0,0.0
120702020204,2015,0.0,0.0,0.0
120702020204,2016,0.0,0.0,0.0
120702020204,2017,0.0,0.0,0.0
120702020204,2018,0.0,0.0,0.0
120702020204,2019,0.0,0.0,0.0
120702020204,2020,0.0,0.0,0.0
120702020205,2000,0.0,0.0,0.0
120702020205,2001,0.0,0.0,0.0
120702020205,2002,0.0,0.0,0.0
120702020205,2003,0.0,0.0,0.0
120702020205,2004,0.0,0.0,0.0
120702020205,2005,0.0,0.0,0.0
120702020205,2006,0.0,0.0,0.0
120702020205,2007,0.0,0.0,0.0
120702020205,2008,0.0,0.0,0.0
120702020205,2009,0.0,0.0,0.0
120702020205,2010,0.0,0.0,0.0
120702020205,2011,0.0,0.0,0.0
120702020205,2012,0.0,0.0,0.0
120702020205,2013,0.0,0.0,0.0
120702020205,2014,0.0,0.0,0.0
120702020205,2015,0.0,0.0,0.0
120702020205,2016,0.0,0.0,0.0
120702020205,2017,0.0,0.0,0.0
120702020205,2018,0.0,0.0,0.0
120702020205,2019,0.0,0.0,0.0
120702020205,2020,0.0,0.0,0.0
120702020301,2000,0.0,0.0,0.0
120702020301,2001,0.0,0.0,0.0
120702020301,2002,0.0,0.0,0.0
120702020301,2003,0.0,0.0,0.0
120702020301,2004,0.0,0.0,0.0
120702020301,2005,0.0,0.0,0.0
120702020301,2006,0.0,0.0,0.0
120702020301,2007,0.0,0.0,0.0
120702020301,2008,0.0,0.0,0.0
120702020301,2009,0.0,0.0,0.0
120702020301,2010,0.0,0.0,0.0
120702020301,2011,0.0,0.0,0.0
120702020301,2012,0.0,0.0,0.0
120702020301,2013,0.0,0.0,0.0
120702020301,2014,0.0,0.0,0.0
120702020301,2015,0.0,0.0,0.0
120702020301,2016,0.0,0.0,0.0
120702020301,2017,0.0,0.0,0.0
120702020301,2018,0.0,0.0,0.0
120702020301,2019,0.0,0.0,0.0
120702020301,2020,0.0,0.0,0.0
120702020302,2000,0.0,0.0,0.0
120702020302,2001,0.0,0.0,0.0
120702020302,2002,0.0,0.0,0.0
120702020302,2003,0.0,0.0,0.0
120702020302,2004,0.0,0.0,0.0
120702020302,2005,0.0,0.0,0.0
120702020302,2006,0.0,0.0,0.0
120702020302,2007,0.0,0.0,0.0
120702020302,2008,0.0,0.0,0.0
120702020302,2009,0.0,0.0,0.0
120702020302,2010,0.0,0.0,0.0
120702020302,2011,0.0,0.0,0.0
120702020302,2012,0.0,0.0,0.0
120702020302,2013,0.0,0.0,0.0
120702020302,2014,0.0,0.0,0.0
120702020302,2015,0.0,0.0,0.0
120702020302,2016,0.0,0.0,0.0
120702020302,2017,0.0,0.0,0.0
120702020302,2018,0.0,0.0,0.0
120702020302,2019,0.0,0.0,0.0
120702020302,2020,0.0,0.0,0.0
120702020303,2000,0.0,0.0,0.0
120702020303,2001,0.0,0.0,0.0
120702020303,2002,0.0,0.0,0.0
120702020303,2003,0.0,0.0,0.0
120702020303,2004,0.0,0.0,0.0
120702020303,2005,0.0,0.0,0.0
120702020303,2006,0.0,0.0,0.0
120702020303,2007,0.0,0.0,0.0
120702020303,2008,0.0,0.0,0.0
120702020303,2009,0.0,0.0,0.0
120702020303,2010,0.0,0.0,0.0
120702020303,2011,0.0,0.0,0.0
120702020303,2012,0.0,0.0,0.0
120702020303,2013,0.0,0.0,0.0
120702020303,2014,0.0,0.0,0.0
120702020303,2015,0.0,0.0,0.0
120702020303,2016,0.0,0.0,0.0
120702020303,2017,0.0,0.0,0.0
120702020303,2018,0.0,0.0,0.0
120702020303,2019,0.0,0.0,0.0
120702020303,2020,0.0,0.0,0.0
120702020304,2000,0.0,0.0,0.0
120702020304,2001,0.0,0.0,0.0
120702020304,2002,0.0,0.0,0.0
120702020304,2003,0.0,0.0,0.0
120702020304,2004,0.0,0.0,0.0
120702020304,2005,0.0,0.0,0.0
120702020304,2006,0.0,0.0,0.0
120702020304,2007,0.0,0.0,0.0
120702020304,2008,0.0,0.0,0.0
120702020304,2009,0.0,0.0,0.0
120702020304,2010,0.0,0.0,0.0
120702020304,2011,0.0,0.0,0.0
120702020304,2012,0.0,0.0,0.0
120702020304,2013,0.0,0.0,0.0
120702020304,2014,0.0,0.0,0.0
120702020304,2015,0.0,0.0,0.0
120702020304,2016,0.0,0.0,0.0
120702020304,2017,0.0,0.0,0.0
120702020304,2018,0.0,0.0,0.0
120702020304,2019,0.0,0.0,0.0
120702020304,2020,0.0,0.0,0.0
120702020305,2000,0.0,0.0,0.0
120702020305,2001,0.0,0.0,0.0
120702020305,2002,0.0,0.0,0.0
120702020305,2003,0.0,0.0,0.0
120702020305,2004,0.0,0.0,0.0
120702020305,2005,0.0,0.0,0.0
120702020305,2006,0.0,0.0,0.0
120702020305,2007,0.0,0.0,0.0
120702020305,2008,0.0,0.0,0.0
120702020305,2009,0.0,0.0,0.0
120702020305,2010,0.0,0.0,0.0
120702020305,2011,0.0,0.0,0.0
120702020305,2012,0.0,0.0,0.0
120702020305,2013,0.0,0.0,0.0
120702020305,2014,0.0,0.0,0.0
120702020305,2015,0.0,0.0,0.0
120702020305,2016,0.0,0.0,0.0
120702020305,2017,0.0,0.0,0.0
120702020305,2018,0.0,0.0,0.0
120702020305,2019,0.0,0.0,0.0
120702020305,2020,0.0,0.0,0.0
120702020306,2000,0.0,0.0,0.0
120702020306,2001,0.0,0.0,0.0
120702020306,2002,0.0,0.0,0.0
120702020306,2003,0.0,0.0,0.0
120702020306,2004,0.0,0.0,0.0
120702020306,2005,0.0,0.0,0.0
120702020306,2006,0.0,0.0,0.0
120702020306,2007,0.0,0.0,0.0
120702020306,2008,0.0,0.0,0.0
120702020306,2009,0.0,0.0,0.0
120702020306,2010,0.0,0.0,0.0
120702020306,2011,0.0,0.0,0.0
120702020306,2012,0.0,0.0,0.0
120702020306,2013,0.0,0.0,0.0
120702020306,2014,0.0,0.0,0.0
120702020306,2015,0.0,0.0,0.0
120702020306,2016,0.0,0.0,0.0
120702020306,2017,0.0,0.0,0.0
120702020306,2018,0.0,0.0,0.0
120702020306,2019,0.0,0.0,0.0
120702020306,2020,0.0,0.0,0.0
120702020307,2000,0.0,0.0,0.0
120702020307,2001,0.0,0.0,0.0
120702020307,2002,0.0,0.0,0.0
120702020307,2003,0.0,0.0,0.0
120702020307,2004,0.0,0.0,0.0
120702020307,2005,0.0,0.0,0.0
120702020307,2006,0.0,0.0,0.0
120702020307,2007,0.0,0.0,0.0
120702020307,2008,0.0,0.0,0.0
120702020307,2009,0.0,0.0,0.0
120702020307,2010,0.0,0.0,0.0
120702020307,2011,0.0,0.0,0.0
120702020307,2012,0.0,0.0,0.0
120702020307,2013,0.0,0.0,0.0
120702020307,2014,0.0,0.0,0.0
120702020307,2015,0.0,0.0,0.0
120702020307,2016,0.0,0.0,0.0
120702020307,2017,0.0,0.0,0.0
120702020307,2018,0.0,0.0,0.0
120702020307,2019,0.0,0.0,0.0
120702020307,2020,0.0,0.0,0.0
120702030101,2000,0.009501787,0.089640579,0.080138708
120702030101,2001,3.4625e-05,0.000326844,0.000292137
120702030101,2002,0.0,0.0,0.0
120702030101,2003,0.007902378,0.074550118,0.066647822
120702030101,2004,0.0,0.0,0.0
120702030101,2005,0.00114666,0.010818414,0.009671589
120702030101,2006,0.0,0.0,0.0
120702030101,2007,0.0,0.0,0.0
120702030101,2008,0.0,0.0,0.0
120702030101,2009,0.010222564,0.09644,0.086217268
120702030101,2010,0.0,0.0,0.0
120702030101,2011,0.0,0.0,0.0
120702030101,2012,0.0,0.0,0.0
120702030101,2013,0.0,0.0,0.0
120702030101,2014,0.008358351,0.07885226,0.070493825
120702030101,2015,0.013046948,0.123085258,0.110038142
120702030101,2016,0.0,0.0,0.0
120702030101,2017,0.0,0.0,0.0
120702030101,2018,0.011542463,0.108891178,0.0973488
120702030101,2019,0.023981515,0.226241636,0.202259953
120702030101,2020,0.025186768,0.237610724,0.212424041
120702030102,2000,0.0,0.0,0.0
120702030102,2001,0.010053433,0.094842655,0.084789225
120702030102,2002,0.0,0.0,0.0
120702030102,2003,0.0,0.0,0.0
120702030102,2004,0.0,0.0,0.0
120702030102,2005,0.0,0.0,0.0
120702030102,2006,0.0,0.0,0.0
120702030102,2007,0.003290633,0.031043479,0.027752847
120702030102,2008,1.1066e-05,0.000103669,9.277e-05
120702030102,2009,7.803e-06,7.4016e-05,6.5959e-05
120702030102,2010,5.044e-06,4.7151e-05,4.2195e-05
120702030102,2011,1.5915e-05,0.000150121,0.000134121
120702030102,2012,1.8869e-05,0.000178451,0.000159754
120702030102,2013,1.2282e-05,0.000116942,0.00010466
120702030102,2014,0.0,0.0,0.0
120702030102,2015,0.0,0.0,0.0
120702030102,2016,0.0,0.0,0.0
120702030102,2017,2.1923e-05,0.000207085,0.000185326
120702030102,2018,0.005978211,0.056397841,0.050419882
120702030102,2019,1.0797e-05,0.000102112,9.1145e-05
120702030102,2020,1.1997e-05,0.000113169,0.000101257
120702030103,2000,0.0,0.0,0.0
120702030103,2001,0.0,0.0,0.0
120702030103,2002,0.0,0.0,0.0
120702030103,2003,0.0,0.0,0.0
120702030103,2004,0.0,0.0,0.0
120702030103,2005,0.0,0.0,0.0
120702030103,2006,0.034202633,0.077733304,0.043530671
120702030103,2007,0.0,0.0,0.0
120702030103,2008,0.0,0.0,0.0
120702030103,2009,0.0,0.0,0.0
120702030103,2010,0.0,0.0,0.0
120702030103,2011,0.0,0.0,0.0
120702030103,2012,0.0,0.0,0.0
120702030103,2013,0.0,0.0,0.0
120702030103,2014,0.0,0.0,0.0
120702030103,2015,0.0,0.0,0.0
120702030103,2016,0.0,0.0,0.0
120702030103,2017,0.0,0.0,0.0
120702030103,2018,0.069144279,0.130460962,0.061316597
120702030103,2019,0.0,0.0,0.0
120702030103,2020,0.0,0.0,0.0
120702030104,2000,0.068003822,0.456400825,0.388397085
120702030104,2001,0.069239696,0.653204877,0.583965181
120702030104,2002,0.020924296,0.134996342,0.114071962
120702030104,2003,0.041221427,0.206106962,0.164885534
120702030104,2004,0.020875642,0.195098877,0.17422332
120702030104,2005,0.0,0.0,0.0
120702030104,2006,0.102514647,0.732247775,0.629733129
120702030104,2007,0.015498838,0.146215581,0.130716745
120702030104,2008,0.077772839,0.733705937,0.655933014
120702030104,2009,0.068854764,0.649573063,0.580718466
120702030104,2010,0.061148444,0.576871597,0.515723153
120702030104,2011,0.038950975,0.367462055,0.328511079
120702030104,2012,0.109924926,1.037028396,0.92710347
120702030104,2013,0.047729975,0.45028423,0.402554088
120702030104,2014,0.025218671,0.23791209,0.212693416
120702030104,2015,0.05353729,0.411824899,0.358287693
120702030104,2016,0.041963984,0.395886254,0.353922355
120702030104,2017,0.090880093,0.75107654,0.660196364
120702030104,2018,0.133720556,0.891470551,0.75774991
120702030104,2019,0.053884458,0.508343847,0.454459384
120702030104,2020,0.147313167,0.91498844,0.767675276
120702030105,2000,0.04372694,0.079648443,0.035921497
120702030105,2001,0.0,0.0,0.0
120702030105,2002,0.039221581,0.071053751,0.031832085
120702030105,2003,0.002359403,0.002960512,0.000600942
120702030105,2004,0.035054708,0.035054708,0.0
120702030105,2005,0.0,0.0,0.0
120702030105,2006,0.059625682,0.059625682,0.0
120702030105,2007,0.0,0.0,0.0
120702030105,2008,0.0,0.0,0.0
120702030105,2009,0.0,0.0,0.0
120702030105,2010,0.044972677,0.059019342,0.014046499
120702030105,2011,0.0,0.0,0.0
120702030105,2012,0.0,0.0,0.0
120702030105,2013,0.0,0.0,0.0
120702030105,2014,0.0,0.0,0.0
120702030105,2015,0.0,0.0,0.0
120702030105,2016,0.0,0.0,0.0
120702030105,2017,0.045394989,0.06252749,0.01713234
120702030105,2018,0.11252897,0.148847833,0.036318863
120702030105,2019,0.0,0.0,0.0
120702030105,2020,0.103440273,0.136464902,0.033024377
120702030106,2000,0.000106426,0.000901339,0.000795077
120702030106,2001,0.0,0.0,0.0
120702030106,2002,0.0,0.0,0.0
120702030106,2003,0.0,0.0,0.0
120702030106,2004,0.0,0.0,0.0
120702030106,2005,0.0,0.0,0.0
120702030106,2006,0.0,0.0,0.0
120702030106,2007,0.0,0.0,0.0
120702030106,2008,0.0,0.0,0.0
120702030106,2009,0.0,0.0,0.0
120702030106,2010,0.0,0.0,0.0
120702030106,2011,0.0,0.0,0.0
120702030106,2012,0.000221563,0.001877653,0.001656342
120702030106,2013,0.0,0.0,0.0
120702030106,2014,0.0,0.0,0.0
120702030106,2015,0.0,0.0,0.0
120702030106,2016,0.0,0.0,0.0
120702030106,2017,0.0,0.0,0.0
120702030106,2018,0.000162214,0.001375526,0.001213142
120702030106,2019,0.0,0.0,0.0
120702030106,2020,0.00513315,0.043501484,0.038368333
120702030201,2000,0.0,0.0,0.0
120702030201,2001,0.0,0.0,0.0
120702030201,2002,0.0,0.0,0.0
120702030201,2003,0.0,0.0,0.0
120702030201,2004,0.0,0.0,0.0
120702030201,2005,0.0,0.0,0.0
120702030201,2006,0.0,0.0,0.0
120702030201,2007,0.0,0.0,0.0
120702030201,2008,0.00030344,0.002862096,0.002558489
120702030201,2009,0.0,0.0,0.0
120702030201,2010,0.0,0.0,0.0
120702030201,2011,0.0,0.0,0.0
120702030201,2012,0.0,0.0,0.0
120702030201,2013,0.0,0.0,0.0
120702030201,2014,0.0,0.0,0.0
120702030201,2015,0.0,0.0,0.0
120702030201,2016,0.0,0.0,0.0
120702030201,2017,0.0,0.0,0.0
120702030201,2018,0.0,0.0,0.0
120702030201,2019,0.000663551,0.006260216,0.005596499
120702030201,2020,0.0,0.0,0.0
120702030202,2000,0.0,0.0,0.0
120702030202,2001,0.0,0.0,0.0
120702030202,2002,0.0,0.0,0.0
120702030202,2003,0.0,0.0,0.0
120702030202,2004,0.0,0.0,0.0
120702030202,2005,0.0,0.0,0.0
120702030202,2006,0.0,0.0,0.0
120702030202,2007,0.0,0.0,0.0
120702030202,2008,0.0,0.0,0.0
120702030202,2009,0.0,0.0,0.0
120702030202,2010,0.0,0.0,0.0
120702030202,2011,0.0,0.0,0.0
120702030202,2012,0.0,0.0,0.0
120702030202,2013,0.0,0.0,0.0
120702030202,2014,0.0,0.0,0.0
120702030202,2015,0.0,0.0,0.0
120702030202,2016,0.0,0.0,0.0
120702030202,2017,0.0,0.0,0.0
120702030202,2018,0.0,0.0,0.0
120702030202,2019,0.0,0.0,0.0
120702030202,2020,0.0,0.0,0.0
120702030203,2000,2.4388e-05,0.000206596,0.000182123
120702030203,2001,0.0,0.0,0.0
120702030203,2002,0.0,0.0,0.0
120702030203,2003,0.0,0.0,0.0
120702030203,2004,0.0,0.0,0.0
120702030203,2005,0.0,0.0,0.0
120702030203,2006,0.0,0.0,0.0
120702030203,2007,0.0,0.0,0.0
120702030203,2008,0.0,0.0,0.0
120702030203,2009,0.0,0.0,0.0
120702030203,2010,0.0,0.0,0.0
120702030203,2011,0.0,0.0,0.0
120702030203,2012,0.0,0.0,0.0
120702030203,2013,0.0,0.0,0.0
120702030203,2014,0.007338025,0.062186208,0.054848266
120702030203,2015,0.00571274,0.048413142,0.042700485
120702030203,2016,0.0,0.0,0.0
120702030203,2017,0.0,0.0,0.0
120702030203,2018,0.0,0.0,0.0
120702030203,2019,0.007173049,0.060789121,0.053616071
120702030203,2020,0.009395085,0.079619607,0.070224522
120702030204,2000,0.0,0.0,0.0
120702030204,2001,0.0,0.0,0.0
120702030204,2002,0.0,0.0,0.0
120702030204,2003,0.0,0.0,0.0
120702030204,2004,0.0,0.0,0.0
120702030204,2005,0.007593956,0.064355715,0.056761759
120702030204,2006,0.0,0.0,0.0
120702030204,2007,0.0,0.0,0.0
120702030204,2008,0.0,0.0,0.0
120702030204,2009,0.0,0.0,0.0
120702030204,2010,0.003981767,0.033743923,0.029762156
120702030204,2011,0.0,0.0,0.0
120702030204,2012,0.008146934,0.069041557,0.060894708
120702030204,2013,0.0,0.0,0.0
120702030204,2014,0.0,0.0,0.0
120702030204,2015,0.0,0.0,0.0
120702030204,2016,0.0,0.0,0.0
120702030204,2017,0.0,0.0,0.0
120702030204,2018,0.0,0.0,0.0
120702030204,2019,0.0,0.0,0.0
120702030204,2020,0.007053508,0.059774978,0.052721473
120702030205,2000,0.020610205,0.174662967,0.154052762
120702030205,2001,0.014464395,0.1225804,0.108116005
120702030205,2002,0.004379649,0.03711557,0.03273609
120702030205,2003,0.0,0.0,0.0
120702030205,2004,0.012833893,0.108761667,0.095927776
120702030205,2005,0.010916142,0.092509392,0.081593332
120702030205,2006,0.003636879,0.030820767,0.027183888
120702030205,2007,0.003922956,0.033245022,0.029322151
120702030205,2008,0.026170634,0.22178471,0.195614077
120702030205,2009,0.014471068,0.122635984,0.108164918
120702030205,2010,0.006254299,0.053003049,0.046748663
120702030205,2011,0.005861301,0.049671625,0.04381049
120702030205,2012,0.068769339,0.582792279,0.514022937
120702030205,2013,0.001281192,0.010856773,0.009575663
120702030205,2014,0.0,0.0,0.0
120702030205,2015,0.01004729,0.085146923,0.075099551
120702030205,2016,0.015683874,0.132913743,0.117229869
120702030205,2017,0.007275701,0.061658153,0.054382447
120702030205,2018,0.013888868,0.117702142,0.103813356
120702030205,2019,0.011731222,0.099417414,0.08768611
120702030205,2020,0.036812724,0.311970757,0.275158199
120702030301,2000,0.0,0.0,0.0
120702030301,2001,0.0,0.0,0.0
120702030301,2002,0.0,0.0,0.0
120702030301,2003,0.0,0.0,0.0
120702030301,2004,0.0,0.0,0.0
120702030301,2005,0.0,0.0,0.0
120702030301,2006,0.0,0.0,0.0
120702030301,2007,0.0,0.0,0.0
120702030301,2008,0.0,0.0,0.0
120702030301,2009,0.0,0.0,0.0
120702030301,2010,0.0,0.0,0.0
120702030301,2011,0.0,0.0,0.0
120702030301,2012,0.0,0.0,0.0
120702030301,2013,0.0,0.0,0.0
120702030301,2014,0.0,0.0,0.0
120702030301,2015,0.0,0.0,0.0
120702030301,2016,0.0,0.0,0.0
120702030301,2017,0.0,0.0,0.0
120702030301,2018,0.0,0.0,0.0
120702030301,2019,0.0,0.0,0.0
120702030301,2020,0.0,0.0,0.0
120702030302,2000,0.0,0.0,0.0
120702030302,2001,0.010204348,0.086478011,0.076273581
120702030302,2002,0.010166619,0.086157644,0.07599111
120702030302,2003,0.016817726,0.142522863,0.125705137
120702030302,2004,0.0,0.0,0.0
120702030302,2005,0.0,0.0,0.0
120702030302,2006,0.008100375,0.068646671,0.060546466
120702030302,2007,0.0016632,0.014095526,0.012432241
120702030302,2008,0.0,0.0,0.0
120702030302,2009,0.006387112,0.054127362,0.047740334
120702030302,2010,0.0,0.0,0.0
120702030302,2011,0.007033482,0.059606085,0.052572603
120702030302,2012,0.004246344,0.035986516,0.031740169
120702030302,2013,0.010044392,0.085122373,0.075077896
120702030302,2014,0.0,0.0,0.0
120702030302,2015,0.006525975,0.055305455,0.048779227
120702030302,2016,0.0,0.0,0.0
120702030302,2017,0.005523186,0.046806682,0.041283496
120702030302,2018,0.0,0.0,0.0
120702030302,2019,0.01787471,0.151481208,0.133606416
120702030302,2020,0.010764082,0.091221057,0.080456975
120702030303,2000,0.0,0.0,0.0
120702030303,2001,0.001788951,0.015160551,0.013371433
120702030303,2002,0.0,0.0,0.0
120702030303,2003,0.0,0.0,0.0
120702030303,2004,0.0,0.0,0.0
120702030303,2005,0.0,0.0,0.0
120702030303,2006,0.0,0.0,0.0
120702030303,2007,0.0,0.0,0.0
120702030303,2008,0.0,0.0,0.0
120702030303,2009,0.0,0.0,0.0
120702030303,2010,0.0,0.0,0.0
120702030303,2011,0.0,0.0,0.0
120702030303,2012,0.001318678,0.011175199,0.009856522
120702030303,2013,0.0,0.0,0.0
120702030303,2014,0.0,0.0,0.0
120702030303,2015,0.002247756,0.019048959,0.016801203
120702030303,2016,0.0,0.0,0.0
120702030303,2017,0.0,0.0,0.0
120702030303,2018,0.0,0.0,0.0
120702030303,2019,0.0,0.0,0.0
120702030303,2020,0.010871923,0.092135997,0.081263992
120702030304,2000,0.0,0.0,0.0
120702030304,2001,0.0,0.0,0.0
120702030304,2002,0.0,0.0,0.0
120702030304,2003,0.0,0.0,0.0
120702030304,2004,0.0,0.0,0.0
120702030304,2005,0.0,0.0,0.0
120702030304,2006,0.0,0.0,0.0
120702030304,2007,0.0,0.0,0.0
120702030304,2008,0.0,0.0,0.0
120702030304,2009,0.0,0.0,0.0
120702030304,2010,0.0,0.0,0.0
120702030304,2011,0.0,0.0,0.0
120702030304,2012,0.0,0.0,0.0
120702030304,2013,0.0,0.0,0.0
120702030304,2014,0.0,0.0,0.0
120702030304,2015,0.0,0.0,0.0
120702030304,2016,0.0,0.0,0.0
120702030304,2017,0.0,0.0,0.0
120702030304,2018,0.0,0.0,0.0
120702030304,2019,0.0,0.0,0.0
120702030304,2020,0.0,0.0,0.0
120702030305,2000,0.0,0.0,0.0
120702030305,2001,0.0,0.0,0.0
120702030305,2002,0.0,0.0,0.0
120702030305,2003,0.0,0.0,0.0
120702030305,2004,0.0,0.0,0.0
120702030305,2005,0.0,0.0,0.0
120702030305,2006,0.0,0.0,0.0
120702030305,2007,0.0,0.0,0.0
120702030305,2008,0.0,0.0,0.0
120702030305,2009,0.0,0.0,0.0
120702030305,2010,0.0,0.0,0.0
120702030305,2011,0.0,0.0,0.0
120702030305,2012,0.0,0.0,0.0
120702030305,2013,0.0,0.0,0.0
120702030305,2014,0.0,0.0,0.0
120702030305,2015,0.0,0.0,0.0
120702030305,2016,0.0,0.0,0.0
120702030305,2017,0.0,0.0,0.0
120702030305,2018,0.0,0.0,0.0
120702030305,2019,0.0,0.0,0.0
120702030305,2020,0.0,0.0,0.0
120702030306,2000,0.0,0.0,0.0
120702030306,2001,0.0,0.0,0.0
120702030306,2002,0.0,0.0,0.0
120702030306,2003,0.0,0.0,0.0
120702030306,2004,0.0,0.0,0.0
120702030306,2005,0.0,0.0,0.0
120702030306,2006,0.0,0.0,0.0
120702030306,2007,0.0,0.0,0.0
120702030306,2008,0.0,0.0,0.0
120702030306,2009,0.0,0.0,0.0
120702030306,2010,0.0,0.0,0.0
120702030306,2011,0.0,0.0,0.0
120702030306,2012,0.0,0.0,0.0
120702030306,2013,0.0,0.0,0.0
120702030306,2014,0.0,0.0,0.0
120702030306,2015,0.0,0.0,0.0
120702030306,2016,0.0,0.0,0.0
120702030306,2017,0.0,0.0,0.0
120702030306,2018,0.0,0.0,0.0
120702030306,2019,0.0,0.0,0.0
120702030306,2020,0.000487369,0.00413044,0.003642989
120702030307,2000,0.0,0.0,0.0
120702030307,2001,0.0,0.0,0.0
120702030307,2002,0.0,0.0,0.0
120702030307,2003,0.0,0.0,0.0
120702030307,2004,0.014163484,0.078251194,0.064087626
120702030307,2005,0.0,0.0,0.0
120702030307,2006,0.0,0.0,0.0
120702030307,2007,0.0,0.0,0.0
120702030307,2008,0.0,0.0,0.0
120702030307,2009,0.0,0.0,0.0
120702030307,2010,0.0,0.0,0.0
120702030307,2011,0.0,0.0,0.0
120702030307,2012,0.0,0.0,0.0
120702030307,2013,0.0,0.0,0.0
120702030307,2014,0.0,0.0,0.0
120702030307,2015,0.0,0.0,0.0
120702030307,2016,0.0,0.0,0.0
120702030307,2017,0.0,0.0,0.0
120702030307,2018,0.0,0.0,0.0
120702030307,2019,0.0,0.0,0.0
120702030307,2020,0.034895396,0.20054818,0.165652869
120702030308,2000,0.0,0.0,0.0
120702030308,2001,0.0,0.0,0.0
120702030308,2002,0.0,0.0,0.0
120702030308,2003,0.0,0.0,0.0
120702030308,2004,0.0,0.0,0.0
120702030308,2005,0.0,0.0,0.0
120702030308,2006,0.0,0.0,0.0
120702030308,2007,0.0,0.0,0.0
120702030308,2008,0.0,0.0,0.0
120702030308,2009,0.0,0.0,0.0
120702030308,2010,0.0,0.0,0.0
120702030308,2011,0.0,0.0,0.0
120702030308,2012,0.0,0.0,0.0
120702030308,2013,0.0,0.0,0.0
120702030308,2014,0.0,0.0,0.0
120702030308,2015,0.0,0.0,0.0
120702030308,2016,0.0,0.0,0.0
120702030308,2017,0.0,0.0,0.0
120702030308,2018,0.0,0.0,0.0
120702030308,2019,0.0,0.0,0.0
120702030308,2020,0.0,0.0,0.0
120702030309,2000,0.00265679,0.022515208,0.019858336
120702030309,2001,0.000578978,0.004907381,0.004328236
120702030309,2002,0.0,0.0,0.0
120702030309,2003,0.001885896,0.015981995,0.014096184
120702030309,2004,0.0,0.0,0.0
120702030309,2005,0.0,0.0,0.0
120702030309,2006,0.003993622,0.033844833,0.029851126
120702030309,2007,0.000134619,0.001141055,0.001006433
120702030309,2008,0.009669019,0.081940251,0.072271317
120702030309,2009,0.006023005,0.051042773,0.045019767
120702030309,2010,0.01983566,0.168099356,0.148263696
120702030309,2011,0.025470953,0.215855208,0.190384337
120702030309,2012,0.002675598,0.022674464,0.019998954
120702030309,2013,0.016709995,0.14160969,0.124899611
120702030309,2014,0.005282589,0.044766419,0.039483995
120702030309,2015,0.007626816,0.064633907,0.057007255
120702030309,2016,0.0,0.0,0.0
120702030309,2017,0.0,0.0,0.0
120702030309,2018,0.003347142,0.028365795,0.025018567
120702030309,2019,0.002082436,0.017648556,0.015566121
120702030309,2020,0.028050219,0.237713522,0.209663383
120702030401,2000,0.0,0.0,0.0
120702030401,2001,0.0,0.0,0.0
120702030401,2002,0.0,0.0,0.0
120702030401,2003,0.0,0.0,0.0
120702030401,2004,0.0,0.0,0.0
120702030401,2005,0.0,0.0,0.0
120702030401,2006,0.0,0.0,0.0
120702030401,2007,0.0,0.0,0.0
120702030401,2008,0.0,0.0,0.0
120702030401,2009,0.0,0.0,0.0
120702030401,2010,0.0,0.0,0.0
120702030401,2011,0.0,0.0,0.0
120702030401,2012,0.0,0.0,0.0
120702030401,2013,0.0,0.0,0.0
120702030401,2014,0.0,0.0,0.0
120702030401,2015,0.0,0.0,0.0
120702030401,2016,0.0,0.0,0.0
120702030401,2017,0.0,0.0,0.0
120702030401,2018,0.0,0.0,0.0
120702030401,2019,0.009147107,0.016876674,0.007729567
120702030401,2020,0.0,0.0,0.0
120702030402,2000,0.0,0.0,0.0
120702030402,2001,0.054749942,0.110160879,0.055411022
120702030402,2002,0.0,0.0,0.0
120702030402,2003,0.0,0.0,0.0
120702030402,2004,0.0,0.0,0.0
120702030402,2005,0.0,0.0,0.0
120702030402,2006,0.0,0.0,0.0
120702030402,2007,0.0,0.0,0.0
120702030402,2008,0.0,0.0,0.0
120702030402,2009,0.0,0.0,0.0
120702030402,2010,0.0,0.0,0.0
120702030402,2011,0.0,0.0,0.0
120702030402,2012,0.0,0.0,0.0
120702030402,2013,0.0,0.0,0.0
120702030402,2014,0.0,0.0,0.0
120702030402,2015,0.0,0.0,0.0
120702030402,2016,0.0,0.0,0.0
120702030402,2017,0.0,0.0,0.0
120702030402,2018,0.0,0.0,0.0
120702030402,2019,0.095596477,0.176377249,0.080780855
120702030402,2020,0.0,0.0,0.0
120702030403,2000,0.0,0.0,0.0
120702030403,2001,0.01095263,0.023966356,0.013013816
120702030403,2002,0.0,0.0,0.0
120702030403,2003,0.0,0.0,0.0
120702030403,2004,0.0,0.0,0.0
120702030403,2005,0.000659734,0.001443871,0.00078397
120702030403,2006,0.0,0.0,0.0
120702030403,2007,0.0,0.0,0.0
120702030403,2008,0.0,0.0,0.0
120702030403,2009,0.0,0.0,0.0
120702030403,2010,0.0,0.0,0.0
120702030403,2011,0.0,0.0,0.0
120702030403,2012,0.0,0.0,0.0
120702030403,2013,0.0,0.0,0.0
120702030403,2014,0.0,0.0,0.0
120702030403,2015,0.0,0.0,0.0
120702030403,2016,0.000695787,0.001522443,0.000826825
120702030403,2017,0.0,0.0,0.0
120702030403,2018,0.0,0.0,0.0
120702030403,2019,0.0,0.0,0.0
120702030403,2020,0.0,0.0,0.0
120702030404,2000,0.0,0.0,0.0
120702030404,2001,0.029605367,0.06478186,0.035176493
120702030404,2002,0.0,0.0,0.0
120702030404,2003,0.0,0.0,0.0
120702030404,2004,0.0,0.0,0.0
120702030404,2005,0.0,0.0,0.0
120702030404,2006,0.0,0.0,0.0
120702030404,2007,0.0,0.0,0.0
120702030404,2008,0.0,0.0,0.0
120702030404,2009,0.0,0.0,0.0
120702030404,2010,0.0,0.0,0.0
120702030404,2011,0.0,0.0,0.0
120702030404,2012,0.0,0.0,0.0
120702030404,2013,0.0,0.0,0.0
120702030404,2014,0.0,0.0,0.0
120702030404,2015,0.0,0.0,0.0
120702030404,2016,0.0,0.0,0.0
120702030404,2017,0.0,0.0,0.0
120702030404,2018,0.0,0.0,0.0
120702030404,2019,0.0,0.0,0.0
120702030404,2020,0.000627352,0.001372691,0.000745421
120702030501,2000,0.0,0.0,0.0
120702030501,2001,0.0,0.0,0.0
120702030501,2002,0.0,0.0,0.0
120702030501,2003,0.0,0.0,0.0
120702030501,2004,0.0,0.0,0.0
120702030501,2005,0.0,0.0,0.0
120702030501,2006,0.0,0.0,0.0
120702030501,2007,0.0,0.0,0.0
120702030501,2008,0.0,0.0,0.0
120702030501,2009,0.0,0.0,0.0
120702030501,2010,0.0,0.0,0.0
120702030501,2011,0.0,0.0,0.0
120702030501,2012,0.0,0.0,0.0
120702030501,2013,0.0,0.0,0.0
120702030501,2014,0.0,0.0,0.0
120702030501,2015,0.0,0.0,0.0
120702030501,2016,0.0,0.0,0.0
120702030501,2017,0.0,0.0,0.0
120702030501,2018,0.0,0.0,0.0
120702030501,2019,0.0,0.0,0.0
120702030501,2020,0.0,0.0,0.0
120702030502,2000,0.000170842,0.000894787,0.000723863
120702030502,2001,0.0,0.0,0.0
120702030502,2002,0.0,0.0,0.0
120702030502,2003,3.3162e-05,0.000174184,0.000141022
120702030502,2004,0.0,0.0,0.0
120702030502,2005,0.000346866,0.001816107,0.001469326
120702030502,2006,0.000247318,0.001294197,0.001047129
120702030502,2007,0.0,0.0,0.0
120702030502,2008,0.0,0.0,0.0
120702030502,2009,0.0,0.0,0.0
120702030502,2010,0.0,0.0,0.0
120702030502,2011,0.0,0.0,0.0
120702030502,2012,0.0,0.0,0.0
120702030502,2013,0.0,0.0,0.0
120702030502,2014,0.0,0.0,0.0
120702030502,2015,0.0,0.0,0.0
120702030502,2016,0.0,0.0,0.0
120702030502,2017,0.0,0.0,0.0
120702030502,2018,0.0,0.0,0.0
120702030502,2019,0.0,0.0,0.0
120702030502,2020,0.0,0.0,0.0
120702030503,2000,0.0,0.0,0.0
120702030503,2001,0.0,0.0,0.0
120702030503,2002,0.0,0.0,0.0
120702030503,2003,0.0,0.0,0.0
120702030503,2004,0.0,0.0,0.0
120702030503,2005,0.0,0.0,0.0
120702030503,2006,0.0,0.0,0.0
120702030503,2007,0.0,0.0,0.0
120702030503,2008,0.0,0.0,0.0
120702030503,2009,0.0,0.0,0.0
120702030503,2010,0.0,0.0,0.0
120702030503,2011,0.0,0.0,0.0
120702030503,2012,0.0,0.0,0.0
120702030503,2013,0.0,0.0,0.0
120702030503,2014,0.0,0.0,0.0
120702030503,2015,0.0,0.0,0.0
120702030503,2016,0.0,0.0,0.0
120702030503,2017,0.0,0.0,0.0
120702030503,2018,0.0,0.0,0.0
120702030503,2019,0.0,0.0,0.0
120702030503,2020,0.0,0.0,0.0
120702030504,2000,0.0,0.0,0.0
120702030504,2001,0.0,0.0,0.0
120702030504,2002,0.0,0.0,0.0
120702030504,2003,0.0,0.0,0.0
120702030504,2004,0.026342101,0.153151918,0.126809732
120702030504,2005,0.0,0.0,0.0
120702030504,2006,0.0,0.0,0.0
120702030504,2007,0.0,0.0,0.0
120702030504,2008,0.0,0.0,0.0
120702030504,2009,0.0,0.0,0.0
120702030504,2010,0.0,0.0,0.0
120702030504,2011,0.0,0.0,0.0
120702030504,2012,0.0,0.0,0.0
120702030504,2013,0.0,0.0,0.0
120702030504,2014,0.0,0.0,0.0
120702030504,2015,0.0,0.0,0.0
120702030504,2016,0.0,0.0,0.0
120702030504,2017,0.0,0.0,0.0
120702030504,2018,0.0,0.0,0.0
120702030504,2019,0.0,0.0,0.0
120702030504,2020,0.023557303,0.142771281,0.11921406
120702030505,2000,0.0,0.0,0.0
120702030505,2001,0.0,0.0,0.0
120702030505,2002,0.0,0.0,0.0
120702030505,2003,0.0,0.0,0.0
120702030505,2004,0.0,0.0,0.0
120702030505,2005,0.0,0.0,0.0
120702030505,2006,0.0,0.0,0.0
120702030505,2007,0.0,0.0,0.0
120702030505,2008,0.0,0.0,0.0
120702030505,2009,0.0,0.0,0.0
120702030505,2010,0.0,0.0,0.0
120702030505,2011,0.0,0.0,0.0
120702030505,2012,0.0,0.0,0.0
120702030505,2013,0.0,0.0,0.0
120702030505,2014,0.0,0.0,0.0
120702030505,2015,0.0,0.0,0.0
120702030505,2016,0.0,0.0,0.0
120702030505,2017,0.0,0.0,0.0
120702030505,2018,0.0,0.0,0.0
120702030505,2019,0.0,0.0,0.0
120702030505,2020,0.0,0.0,0.0
120702030506,2000,0.0,0.0,0.0
120702030506,2001,0.0,0.0,0.0
120702030506,2002,0.146768597,0.594204932,0.447436252
120702030506,2003,0.0,0.0,0.0
120702030506,2004,0.0,0.0,0.0
120702030506,2005,0.0,0.0,0.0
120702030506,2006,0.0,0.0,0.0
120702030506,2007,0.0,0.0,0.0
120702030506,2008,0.0,0.0,0.0
120702030506,2009,0.0,0.0,0.0
120702030506,2010,0.0,0.0,0.0
120702030506,2011,0.0,0.0,0.0
120702030506,2012,0.0,0.0,0.0
120702030506,2013,0.0,0.0,0.0
120702030506,2014,0.0,0.0,0.0
120702030506,2015,0.0,0.0,0.0
120702030506,2016,0.0,0.0,0.0
120702030506,2017,0.0,0.0,0.0
120702030506,2018,0.0,0.0,0.0
120702030506,2019,0.0,0.0,0.0
120702030506,2020,0.0,0.0,0.0
120702030507,2000,0.0,0.0,0.0
120702030507,2001,0.0,0.0,0.0
120702030507,2002,0.031231811,0.068341145,0.037109249
120702030507,2003,0.0,0.0,0.0
120702030507,2004,0.0,0.0,0.0
120702030507,2005,0.0,0.0,0.0
120702030507,2006,0.0,0.0,0.0
120702030507,2007,0.0,0.0,0.0
120702030507,2008,0.0,0.0,0.0
120702030507,2009,0.0,0.0,0.0
120702030507,2010,0.0,0.0,0.0
120702030507,2011,0.0,0.0,0.0
120702030507,2012,0.0,0.0,0.0
120702030507,2013,0.0,0.0,0.0
120702030507,2014,0.0,0.0,0.0
120702030507,2015,0.0,0.0,0.0
120702030507,2016,0.0,0.0,0.0
120702030507,2017,0.0,0.0,0.0
120702030507,2018,0.0,0.0,0.0
120702030507,2019,0.0,0.0,0.0
120702030507,2020,0.0,0.0,0.0
120702030508,2000,0.0,0.0,0.0
120702030508,2001,0.0,0.0,0.0
120702030508,2002,0.0,0.0,0.0
120702030508,2003,0.0,0.0,0.0
120702030508,2004,0.0,0.0,0.0
120702030508,2005,0.0,0.0,0.0
120702030508,2006,0.0,0.0,0.0
120702030508,2007,0.0,0.0,0.0
120702030508,2008,0.0,0.0,0.0
120702030508,2009,0.0,0.0,0.0
120702030508,2010,0.0,0.0,0.0
120702030508,2011,0.0,0.0,0.0
120702030508,2012,0.0,0.0,0.0
120702030508,2013,0.0,0.0,0.0
120702030508,2014,0.0,0.0,0.0
120702030508,2015,0.0,0.0,0.0
120702030508,2016,0.0,0.0,0.0
120702030508,2017,0.0,0.0,0.0
120702030508,2018,0.0,0.0,0.0
120702030508,2019,0.0,0.0,0.0
120702030508,2020,0.0,0.0,0.0
120702030509,2000,0.0,0.0,0.0
120702030509,2001,0.0,0.0,0.0
120702030509,2002,0.0,0.0,0.0
120702030509,2003,0.0,0.0,0.0
120702030509,2004,0.0,0.0,0.0
120702030509,2005,0.0,0.0,0.0
120702030509,2006,0.0,0.0,0.0
120702030509,2007,0.0,0.0,0.0
120702030509,2008,0.0,0.0,0.0
120702030509,2009,0.0,0.0,0.0
120702030509,2010,0.0,0.0,0.0
120702030509,2011,0.0,0.0,0.0
120702030509,2012,0.0,0.0,0.0
120702030509,2013,0.0,0.0,0.0
120702030509,2014,0.0,0.0,0.0
120702030509,2015,0.0,0.0,0.0
120702030509,2016,0.0,0.0,0.0
120702030509,2017,0.0,0.0,0.0
120702030509,2018,0.0,0.0,0.0
120702030509,2019,0.0,0.0,0.0
120702030509,2020,0.0,0.0,0.0
120702030510,2000,0.0,0.0,0.0
120702030510,2001,0.0,0.0,0.0
120702030510,2002,0.0,0.0,0.0
120702030510,2003,0.0,0.0,0.0
120702030510,2004,0.0,0.0,0.0
120702030510,2005,0.0,0.0,0.0
120702030510,2006,0.0,0.0,0.0
120702030510,2007,0.0,0.0,0.0
120702030510,2008,0.0,0.0,0.0
120702030510,2009,0.0,0.0,0.0
120702030510,2010,0.0,0.0,0.0
120702030510,2011,0.0,0.0,0.0
120702030510,2012,0.0,0.0,0.0
120702030510,2013,0.0,0.0,0.0
120702030510,2014,0.0,0.0,0.0
120702030510,2015,0.0,0.0,0.0
120702030510,2016,0.0,0.0,0.0
120702030510,2017,0.0,0.0,0.0
120702030510,2018,0.0,0.0,0.0
120702030510,2019,0.0,0.0,0.0
120702030510,2020,0.0,0.0,0.0
120702030511,2000,0.0,0.0,0.0
120702030511,2001,0.0,0.0,0.0
120702030511,2002,0.0,0.0,0.0
120702030511,2003,0.00416886,0.009122145,0.004953285
120702030511,2004,0.0,0.0,0.0
120702030511,2005,0.006005622,0.013141362,0.00713574
120702030511,2006,0.0,0.0,0.0
120702030511,2007,0.002137981,0.004678529,0.002540548
120702030511,2008,0.0,0.0,0.0
120702030511,2009,0.012378951,0.02708737,0.014708501
120702030511,2010,0.0,0.0,0.0
120702030511,2011,0.009691304,0.021206153,0.011514926
120702030511,2012,0.0,0.0,0.0
120702030511,2013,0.003849011,0.008422685,0.004573427
120702030511,2014,0.0,0.0,0.0
120702030511,2015,0.0,0.0,0.0
120702030511,2016,0.010250456,0.022430107,0.012179566
120702030511,2017,0.0,0.0,0.0
120702030511,2018,0.065363342,0.143027049,0.077663701
120702030511,2019,0.0,0.0,0.0
120702030511,2020,0.027487855,0.060148891,0.03266079
120702040101,2000,0.159127773,0.348201123,0.189073098
120702040101,2001,0.137648238,0.301199595,0.163551353
120702040101,2002,0.048459455,0.106038411,0.057578789
120702040101,2003,0.135264751,0.295984638,0.160719466
120702040101,2004,0.071246268,0.155899937,0.084653669
120702040101,2005,0.142796096,0.312463915,0.169667904
120702040101,2006,0.0,0.0,0.0
120702040101,2007,0.062220616,0.136150288,0.073929589
120702040101,2008,0.051078385,0.111768626,0.06069032
120702040101,2009,0.062256666,0.136229175,0.073972353
120702040101,2010,0.01482103,0.032431499,0.017610471
120702040101,2011,0.234648071,0.51345326,0.278805189
120702040101,2012,0.123877339,0.271066363,0.147189027
120702040101,2013,0.0,0.0,0.0
120702040101,2014,0.026866718,0.058789526,0.031922559
120702040101,2015,0.0,0.0,0.0
120702040101,2016,0.011352221,0.024840817,0.013488429
120702040101,2017,0.021034082,0.046026014,0.024992101
120702040101,2018,0.387645685,0.848240104,0.460594337
120702040101,2019,0.416854033,0.912153362,0.495299162
120702040101,2020,0.457571254,1.001250142,0.543678891
120702040102,2000,0.207405626,0.453841601,0.246435978
120702040102,2001,0.181193419,0.396484611,0.215291192
120702040102,2002,0.0,0.0,0.0
120702040102,2003,0.071459942,0.156367474,0.084907532
120702040102,2004,0.072777872,0.159251153,0.086473363
120702040102,2005,0.212387666,0.464743096,0.252355512
120702040102,2006,0.0,0.0,0.0
120702040102,2007,0.053924052,0.117995849,0.064071712
120702040102,2008,0.0,0.0,0.0
120702040102,2009,0.154927564,0.339009814,0.184082247
120702040102,2010,0.0,0.0,0.0
120702040102,2011,0.199419564,0.436366622,0.236947227
120702040102,2012,0.09144018,0.200088055,0.108647626
120702040102,2013,0.0,0.0,0.0
120702040102,2014,0.0,0.0,0.0
120702040102,2015,0.0,0.0,0.0
120702040102,2016,0.0,0.0,0.0
120702040102,2017,0.0,0.0,0.0
120702040102,2018,0.172571816,0.377618479,0.205046745
120702040102,2019,0.145365655,0.318087,0.172721175
120702040102,2020,0.092886396,0.203252598,0.110366117
120702040103,2000,0.102603003,0.224514033,0.121911194
120702040103,2001,0.097591268,0.21354794,0.115956586
120702040103,2002,0.0,0.0,0.0
120702040103,2003,0.022474584,0.049178523,0.02670394
120702040103,2004,0.006945699,0.01519838,0.008252847
120702040103,2005,0.059164227,0.129462162,0.070298022
120702040103,2006,0.0,0.0,0.0
120702040103,2007,0.004714238,0.010315564,0.005601241
120702040103,2008,0.0,0.0,0.0
120702040103,2009,0.008256742,0.018067219,0.009810477
120702040103,2010,0.0,0.0,0.0
120702040103,2011,0.0,0.0,0.0
120702040103,2012,0.015990492,0.034990303,0.018999732
120702040103,2013,0.0,0.0,0.0
120702040103,2014,0.0,0.0,0.0
120702040103,2015,0.0,0.0,0.0
120702040103,2016,0.033325568,0.072922363,0.03959688
120702040103,2017,0.0,0.0,0.0
120702040103,2018,0.095273384,0.208475425,0.113202288
120702040103,2019,0.126320348,0.27641206,0.150091879
120702040103,2020,0.025557145,0.055924107,0.030366713
120702040104,2000,0.092865454,0.203206331,0.110341128
120702040104,2001,0.05783823,0.126560408,0.068722342
120702040104,2002,0.000267532,0.000585616,0.000318
120702040104,2003,0.000816219,0.001786096,0.000969795
120702040104,2004,0.05401944,0.118204434,0.064184913
120702040104,2005,0.076078822,0.166474293,0.090395553
120702040104,2006,0.000864458,0.001891447,0.001026986
120702040104,2007,0.0,0.0,0.0
120702040104,2008,0.0,0.0,0.0
120702040104,2009,0.0,0.0,0.0
120702040104,2010,0.0,0.0,0.0
120702040104,2011,0.0,0.0,0.0
120702040104,2012,0.0,0.0,0.0
120702040104,2013,0.0,0.0,0.0
120702040104,2014,0.0,0.0,0.0
120702040104,2015,0.0,0.0,0.0
120702040104,2016,0.092826962,0.203122399,0.110295434
120702040104,2017,0.0,0.0,0.0
120702040104,2018,0.420504603,0.920141507,0.499636819
120702040104,2019,0.302182405,0.661230515,0.359048192
120702040104,2020,0.220183995,0.481803036,0.261619126
120702040105,2000,0.164366609,0.359664336,0.195297645
120702040105,2001,0.09941203,0.217056849,0.117644652
120702040105,2002,0.053832164,0.117794795,0.06396263
120702040105,2003,0.088881663,0.194064589,0.105183096
120702040105,2004,0.014088986,0.030829232,0.016740328
120702040105,2005,0.0,0.0,0.0
120702040105,2006,0.031500441,0.068928734,0.037428293
120702040105,2007,0.0,0.0,0.0
120702040105,2008,0.0,0.0,0.0
120702040105,2009,0.042897671,0.093868011,0.05097034
120702040105,2010,0.0,0.0,0.0
120702040105,2011,0.0,0.0,0.0
120702040105,2012,0.0,0.0,0.0
120702040105,2013,0.156631395,0.342738373,0.186106893
120702040105,2014,0.045427005,0.099402855,0.053975682
120702040105,2015,0.0,0.0,0.0
120702040105,2016,0.0,0.0,0.0
120702040105,2017,0.0,0.0,0.0
120702040105,2018,0.232866699,0.509554984,0.276688375
120702040105,2019,0.146825655,0.321281425,0.17445577
120702040105,2020,0.080373347,0.175871776,0.095498344
120702040106,2000,0.028020893,0.051699096,0.023678197
120702040106,2001,0.058220932,0.107418677,0.049197745
120702040106,2002,0.057193222,0.105522647,0.04832926
120702040106,2003,0.030564044,0.056391153,0.02582711
120702040106,2004,0.005754423,0.010816522,0.005062098
120702040106,2005,0.0,0.0,0.0
120702040106,2006,0.044787605,0.083093693,0.03830617
120702040106,2007,0.0,0.0,0.0
120702040106,2008,0.0,0.0,0.0
120702040106,2009,0.017427082,0.036306449,0.018879367
120702040106,2010,0.0,0.0,0.0
120702040106,2011,0.0,0.0,0.0
120702040106,2012,0.0,0.0,0.0
120702040106,2013,0.046514014,0.085819241,0.039305145
120702040106,2014,0.071488186,0.139625041,0.068137025
120702040106,2015,0.0,0.0,0.0
120702040106,2016,0.0,0.0,0.0
120702040106,2017,0.0,0.0,0.0
120702040106,2018,0.198920685,0.38180557,0.182884885
120702040106,2019,0.095083016,0.178727337,0.083644488
120702040106,2020,0.188293795,0.351951096,0.163657301
120702040107,2000,0.153526183,0.185194443,0.03166826
120702040107,2001,0.065009392,0.087260877,0.022251567
120702040107,2002,0.0,0.0,0.0
120702040107,2003,0.0,0.0,0.0
120702040107,2004,0.007520235,0.016455604,0.008935287
120702040107,2005,0.122575192,0.129435395,0.006860118
120702040107,2006,0.0,0.0,0.0
120702040107,2007,0.0,0.0,0.0
120702040107,2008,0.0,0.0,0.0
120702040107,2009,0.01054317,0.023070088,0.012527
120702040107,2010,0.0,0.0,0.0
120702040107,2011,0.104668532,0.229033841,0.124365312
120702040107,2012,0.047593423,0.104142937,0.056549683
120702040107,2013,0.0,0.0,0.0
120702040107,2014,0.0,0.0,0.0
120702040107,2015,0.0,0.0,0.0
120702040107,2016,0.0,0.0,0.0
120702040107,2017,0.0,0.0,0.0
120702040107,2018,0.044650751,0.054518521,0.009867847
120702040107,2019,0.009523844,0.011474603,0.001950507
120702040107,2020,0.098299484,0.141032281,0.042732631
120702040108,2000,0.17811071,0.302909628,0.124798667
120702040108,2001,0.069168071,0.090652715,0.021484729
120702040108,2002,0.08448811,0.143687036,0.059199011
120702040108,2003,0.086176488,0.172698301,0.086521899
120702040108,2004,0.047222847,0.066604877,0.01938203
120702040108,2005,1.836e-06,3.504e-06,1.836e-06
120702040108,2006,0.265959186,0.487998323,0.222039389
120702040108,2007,0.0,0.0,0.0
120702040108,2008,0.000147049,0.00032176,0.00017471
120702040108,2009,0.229955534,0.432247058,0.202291773
120702040108,2010,0.0,0.0,0.0
120702040108,2011,0.0,0.0,0.0
120702040108,2012,0.0,0.0,0.0
120702040108,2013,0.245559682,0.348311674,0.102751992
120702040108,2014,0.140816701,0.251010011,0.110193392
120702040108,2015,0.0,0.0,0.0
120702040108,2016,0.003240418,0.004793716,0.001553128
120702040108,2017,0.003191411,0.004177403,0.000985825
120702040108,2018,0.522645279,0.689505616,0.166860252
120702040108,2019,0.381581751,0.516348721,0.13476697
120702040108,2020,0.319717803,0.560908617,0.24119073
120702040109,2000,0.0,0.0,0.0
120702040109,2001,0.014882668,0.015715715,0.000832877
120702040109,2002,0.03257409,0.034397162,0.001823071
120702040109,2003,0.012487507,0.013186326,0.000698819
120702040109,2004,0.0,0.0,0.0
120702040109,2005,0.0,0.0,0.0
120702040109,2006,0.0,0.0,0.0
120702040109,2007,0.0,0.0,0.0
120702040109,2008,0.0,0.0,0.0
120702040109,2009,0.0,0.0,0.0
120702040109,2010,0.0,0.0,0.0
120702040109,2011,0.0,0.0,0.0
120702040109,2012,0.0,0.0,0.0
120702040109,2013,0.0,0.0,0.0
120702040109,2014,0.0,0.0,0.0
120702040109,2015,0.0,0.0,0.0
120702040109,2016,0.0,0.0,0.0
120702040109,2017,0.0,0.0,0.0
120702040109,2018,0.0,0.0,0.0
120702040109,2019,0.012249447,0.012934967,0.000685603
120702040109,2020,0.005728363,0.006048981,0.000320533
120702040110,2000,1.622470601,1.763554923,0.141084404
120702040110,2001,1.393591584,1.539880197,0.146288534
120702040110,2002,0.354867986,0.382813422,0.027945351
120702040110,2003,0.507693638,0.627557016,0.119863378
120702040110,2004,0.301978844,0.341219101,0.039240257
120702040110,2005,0.867003027,0.955901959,0.088898934
120702040110,2006,0.287908359,0.311589079,0.023680723
120702040110,2007,0.045332293,0.072185011,0.026852882
120702040110,2008,0.0,0.0,0.0
120702040110,2009,0.304794395,0.338660337,0.03386611
120702040110,2010,0.0,0.0,0.0
120702040110,2011,0.173761556,0.210110742,0.036349186
120702040110,2012,0.099494254,0.190237445,0.090743361
120702040110,2013,0.345701693,0.423135334,0.077433726
120702040110,2014,0.461575956,0.494192745,0.032616704
120702040110,2015,0.0,0.0,0.0
120702040110,2016,0.191945473,0.206171484,0.014225844
120702040110,2017,0.150924249,0.159370816,0.008446564
120702040110,2018,1.343847827,1.470293008,0.126445266
120702040110,2019,0.840949677,0.904246948,0.063297274
120702040110,2020,1.604009145,1.83106071,0.227051402
120702040111,2000,0.116877803,0.123418992,0.006541189
120702040111,2001,0.102830326,0.108585367,0.005754956
120702040111,2002,0.0,0.0,0.0
120702040111,2003,0.0,0.0,0.0
120702040111,2004,0.0,0.0,0.0
120702040111,2005,0.09348166,0.098713304,0.005231644
120702040111,2006,0.0,0.0,0.0
120702040111,2007,0.0,0.0,0.0
120702040111,2008,0.0,0.0,0.0
120702040111,2009,0.0,0.0,0.0
120702040111,2010,0.0,0.0,0.0
120702040111,2011,0.0,0.0,0.0
120702040111,2012,0.0,0.0,0.0
120702040111,2013,0.0,0.0,0.0
120702040111,2014,0.0,0.0,0.0
120702040111,2015,0.0,0.0,0.0
120702040111,2016,0.0,0.0,0.0
120702040111,2017,0.0,0.0,0.0
120702040111,2018,0.001059208,0.001118474,5.9263e-05
120702040111,2019,0.0,0.0,0.0
120702040111,2020,0.080917464,0.085445997,0.004528702
120702040201,2000,0.026494844,0.057975281,0.031480601
120702040201,2001,0.0,0.0,0.0
120702040201,2002,0.01410857,0.030872126,0.016763553
120702040201,2003,0.026399989,0.057768178,0.031368189
120702040201,2004,0.0,0.0,0.0
120702040201,2005,0.0,0.0,0.0
120702040201,2006,0.0,0.0,0.0
120702040201,2007,0.0,0.0,0.0
120702040201,2008,0.006619295,0.014484197,0.007864986
120702040201,2009,0.0,0.0,0.0
120702040201,2010,0.0,0.0,0.0
120702040201,2011,0.0,0.0,0.0
120702040201,2012,0.0,0.0,0.0
120702040201,2013,0.0,0.0,0.0
120702040201,2014,0.0,0.0,0.0
120702040201,2015,0.0,0.0,0.0
120702040201,2016,0.0,0.0,0.0
120702040201,2017,0.0,0.0,0.0
120702040201,2018,0.0,0.0,0.0
120702040201,2019,0.10150911,0.223096896,0.121587953
120702040201,2020,0.080020582,0.175099907,0.09507924
120702040202,2000,0.0,0.0,0.0
120702040202,2001,0.0,0.0,0.0
120702040202,2002,0.0,0.0,0.0
120702040202,2003,0.001836888,0.004019375,0.002182573
120702040202,2004,5.525e-06,1.1885e-05,6.361e-06
120702040202,2005,0.070196345,0.153602707,0.083406197
120702040202,2006,0.0,0.0,0.0
120702040202,2007,0.0,0.0,0.0
120702040202,2008,0.0,0.0,0.0
120702040202,2009,0.0,0.0,0.0
120702040202,2010,0.0,0.0,0.0
120702040202,2011,0.003195085,0.006991534,0.003796447
120702040202,2012,0.0,0.0,0.0
120702040202,2013,0.0,0.0,0.0
120702040202,2014,0.0,0.0,0.0
120702040202,2015,0.0,0.0,0.0
120702040202,2016,0.0,0.0,0.0
120702040202,2017,0.0,0.0,0.0
120702040202,2018,0.0,0.0,0.0
120702040202,2019,0.019610304,0.04291077,0.023300468
120702040202,2020,0.087673077,0.191844801,0.104171724
120702040203,2000,0.006623631,0.014493798,0.00787009
120702040203,2001,0.0,0.0,0.0
120702040203,2002,0.000165742,0.000362504,0.000196762
120702040203,2003,0.0,0.0,0.0
120702040203,2004,0.0,0.0,0.0
120702040203,2005,0.069455101,0.151980359,0.082525422
120702040203,2006,0.0,0.0,0.0
120702040203,2007,0.0,0.0,0.0
120702040203,2008,0.027232355,0.059589541,0.032357101
120702040203,2009,0.0,0.0,0.0
120702040203,2010,0.0,0.0,0.0
120702040203,2011,0.0,0.0,0.0
120702040203,2012,0.0,0.0,0.0
120702040203,2013,0.0,0.0,0.0
120702040203,2014,0.0,0.0,0.0
120702040203,2015,0.0,0.0,0.0
120702040203,2016,0.0,0.0,0.0
120702040203,2017,0.0,0.0,0.0
120702040203,2018,0.159162718,0.348277247,0.189114532
120702040203,2019,0.217302852,0.475498225,0.25819554
120702040203,2020,0.060584885,0.132571022,0.071985885
120702040204,2000,0.00095682,0.002093896,0.00113691
120702040204,2001,0.00082643,0.001808159,0.000981899
120702040204,2002,0.0,0.0,0.0
120702040204,2003,0.0,0.0,0.0
120702040204,2004,0.000163423,0.000244464,8.079e-05
120702040204,2005,0.0,0.0,0.0
120702040204,2006,0.0,0.0,0.0
120702040204,2007,0.0,0.0,0.0
120702040204,2008,0.0,0.0,0.0
120702040204,2009,0.0,0.0,0.0
120702040204,2010,0.0,0.0,0.0
120702040204,2011,0.000214299,0.00046894,0.000254805
120702040204,2012,0.0,0.0,0.0
120702040204,2013,0.0,0.0,0.0
120702040204,2014,0.0,0.0,0.0
120702040204,2015,0.0,0.0,0.0
120702040204,2016,0.0,0.0,0.0
120702040204,2017,0.0,0.0,0.0
120702040204,2018,0.0,0.0,0.0
120702040204,2019,0.0,0.0,0.0
120702040204,2020,0.19701662,0.252585279,0.055568743
120702040205,2000,0.0,0.0,0.0
120702040205,2001,0.0,0.0,0.0
120702040205,2002,0.0,0.0,0.0
120702040205,2003,0.0,0.0,0.0
120702040205,2004,0.0,0.0,0.0
120702040205,2005,0.0,0.0,0.0
120702040205,2006,0.0,0.0,0.0
120702040205,2007,0.0,0.0,0.0
120702040205,2008,0.0,0.0,0.0
120702040205,2009,0.0,0.0,0.0
120702040205,2010,0.0,0.0,0.0
120702040205,2011,0.000158877,0.000284559,0.000125597
120702040205,2012,0.000104798,0.00019953,9.4902e-05
120702040205,2013,0.0,0.0,0.0
120702040205,2014,0.0,0.0,0.0
120702040205,2015,0.0,0.0,0.0
120702040205,2016,0.0,0.0,0.0
120702040205,2017,0.0,0.0,0.0
120702040205,2018,0.21014589,0.358610559,0.148464753
120702040205,2019,0.445372912,0.953689356,0.508316444
120702040205,2020,0.172225027,0.338359352,0.166134407
120702040206,2000,0.13726882,0.144951235,0.007682415
120702040206,2001,0.140268195,0.147650805,0.007382529
120702040206,2002,0.0,0.0,0.0
120702040206,2003,0.054052129,0.057077151,0.003025107
120702040206,2004,0.065262762,0.070783964,0.005521202
120702040206,2005,0.165328978,0.174213934,0.008884956
120702040206,2006,0.0,0.0,0.0
120702040206,2007,0.0,0.0,0.0
120702040206,2008,0.0,0.0,0.0
120702040206,2009,0.0,0.0,0.0
120702040206,2010,0.000248,0.00026294,1.5022e-05
120702040206,2011,0.149132074,0.157478592,0.008346271
120702040206,2012,0.213060779,0.228851525,0.015790746
120702040206,2013,0.246601233,0.260402636,0.013801318
120702040206,2014,0.0,0.0,0.0
120702040206,2015,0.070324658,0.077878858,0.007554288
120702040206,2016,0.0,0.0,0.0
120702040206,2017,0.0,0.0,0.0
120702040206,2018,0.190906482,0.208641005,0.017734523
120702040206,2019,1.11824669,1.320243819,0.201997296
120702040206,2020,0.230799705,0.274761459,0.043961839
120702040207,2000,0.0,0.0,0.0
120702040207,2001,0.02080683,0.032059855,0.01125294
120702040207,2002,0.0624962,0.065993975,0.00349769
120702040207,2003,0.063626342,0.067187203,0.003560775
120702040207,2004,0.033003254,0.034850115,0.001847197
120702040207,2005,0.0,0.0,0.0
120702040207,2006,0.0,0.0,0.0
120702040207,2007,0.0,0.0,0.0
120702040207,2008,0.0,0.0,0.0
120702040207,2009,0.0,0.0,0.0
120702040207,2010,0.031040512,0.032777781,0.001737266
120702040207,2011,0.042230855,0.05033483,0.008103893
120702040207,2012,0.0,0.0,0.0
120702040207,2013,0.047272386,0.049917937,0.002645638
120702040207,2014,0.0,0.0,0.0
120702040207,2015,0.014705647,0.01552863,0.000823066
120702040207,2016,0.0,0.0,0.0
120702040207,2017,0.0,0.0,0.0
120702040207,2018,0.003728616,0.005142784,0.001414249
120702040207,2019,0.426426356,0.455583701,0.029157512
120702040207,2020,0.12557818,0.132606287,0.007028022
120702040301,2000,0.0,0.0,0.0
120702040301,2001,0.015713819,0.016593247,0.000879427
120702040301,2002,0.0,0.0,0.0
120702040301,2003,0.0,0.0,0.0
120702040301,2004,0.0,0.0,0.0
120702040301,2005,0.0,0.0,0.0
120702040301,2006,0.0,0.0,0.0
120702040301,2007,0.009776638,0.010323959,0.000547151
120702040301,2008,0.0,0.0,0.0
120702040301,2009,0.0,0.0,0.0
120702040301,2010,0.0,0.0,0.0
120702040301,2011,0.0,0.0,0.0
120702040301,2012,0.0,0.0,0.0
120702040301,2013,0.0,0.0,0.0
120702040301,2014,0.0,0.0,0.0
120702040301,2015,0.0,0.0,0.0
120702040301,2016,0.0,0.0,0.0
120702040301,2017,0.0,0.0,0.0
120702040301,2018,0.066680756,0.070412759,0.003731918
120702040301,2019,0.021081307,0.022261175,0.001179701
120702040301,2020,0.073247199,0.077346639,0.004099355
120702040302,2000,0.0,0.0,0.0
120702040302,2001,0.0,0.0,0.0
120702040302,2002,0.0,0.0,0.0
120702040302,2003,0.030280066,0.031974655,0.001694671
120702040302,2004,0.0,0.0,0.0
120702040302,2005,0.047095825,0.049731655,0.002635745
120702040302,2006,0.0,0.0,0.0
120702040302,2007,0.0,0.0,0.0
120702040302,2008,0.0,0.0,0.0
120702040302,2009,0.019265203,0.020343595,0.001078225
120702040302,2010,0.0,0.0,0.0
120702040302,2011,0.017545797,0.018527784,0.000981819
120702040302,2012,0.0,0.0,0.0
120702040302,2013,0.0,0.0,0.0
120702040302,2014,0.0,0.0,0.0
120702040302,2015,0.005490808,0.005798175,0.000307282
120702040302,2016,0.0,0.0,0.0
120702040302,2017,0.0,0.0,0.0
120702040302,2018,0.333409049,0.352068699,0.018659729
120702040302,2019,0.646974389,0.683182973,0.036208751
120702040302,2020,0.278534191,0.29412268,0.015588489
120702040303,2000,0.0,0.0,0.0
120702040303,2001,0.018046255,0.019056238,0.001010066
120702040303,2002,0.0,0.0,0.0
120702040303,2003,0.0,0.0,0.0
120702040303,2004,0.0,0.0,0.0
120702040303,2005,0.0,0.0,0.0
120702040303,2006,0.0,0.0,0.0
120702040303,2007,0.044674318,0.047174619,0.002500301
120702040303,2008,0.0,0.0,0.0
120702040303,2009,0.0,0.0,0.0
120702040303,2010,0.039389074,0.041593449,0.00220446
120702040303,2011,0.0,0.0,0.0
120702040303,2012,0.0,0.0,0.0
120702040303,2013,0.0,0.0,0.0
120702040303,2014,0.073832559,0.077964542,0.004132071
120702040303,2015,0.0,0.0,0.0
120702040303,2016,0.0,0.0,0.0
120702040303,2017,0.0,0.0,0.0
120702040303,2018,0.218074118,0.230278967,0.012204767
120702040303,2019,0.0,0.0,0.0
120702040303,2020,0.177367743,0.18729426,0.009926686
120702040304,2000,0.0,0.0,0.0
120702040304,2001,0.0,0.0,0.0
120702040304,2002,0.0,0.0,0.0
120702040304,2003,0.0,0.0,0.0
120702040304,2004,0.0,0.0,0.0
120702040304,2005,0.0,0.0,0.0
120702040304,2006,0.0,0.0,0.0
120702040304,2007,0.0,0.0,0.0
120702040304,2008,0.0,0.0,0.0
120702040304,2009,0.0,0.0,0.0
120702040304,2010,0.0,0.0,0.0
120702040304,2011,0.0,0.0,0.0
120702040304,2012,0.0,0.0,0.0
120702040304,2013,0.0,0.0,0.0
120702040304,2014,0.0,0.0,0.0
120702040304,2015,0.0,0.0,0.0
120702040304,2016,0.0,0.0,0.0
120702040304,2017,0.0,0.0,0.0
120702040304,2018,0.0,0.0,0.0
120702040304,2019,0.0,0.0,0.0
120702040304,2020,0.0,0.0,0.0
120702040305,2000,0.0,0.0,0.0
120702040305,2001,0.0,0.0,0.0
120702040305,2002,0.0,0.0,0.0
120702040305,2003,0.0,0.0,0.0
120702040305,2004,0.0,0.0,0.0
120702040305,2005,0.0,0.0,0.0
120702040305,2006,0.0,0.0,0.0
120702040305,2007,0.0,0.0,0.0
120702040305,2008,0.0,0.0,0.0
120702040305,2009,0.0,0.0,0.0
120702040305,2010,0.0,0.0,0.0
120702040305,2011,0.0,0.0,0.0
120702040305,2012,0.0,0.0,0.0
120702040305,2013,0.0,0.0,0.0
120702040305,2014,0.0,0.0,0.0
120702040305,2015,0.0,0.0,0.0
120702040305,2016,0.0,0.0,0.0
120702040305,2017,0.0,0.0,0.0
120702040305,2018,0.0,0.0,0.0
120702040305,2019,0.0,0.0,0.0
120702040305,2020,0.0,0.0,0.0
120702040306,2000,0.0,0.0,0.0
120702040306,2001,0.33078803,0.349300907,0.018512874
120702040306,2002,0.230274666,0.243162184,0.012887682
120702040306,2003,0.247469874,0.26131986,0.013849986
120702040306,2004,0.0,0.0,0.0
120702040306,2005,0.440000364,0.464625562,0.024625115
120702040306,2006,0.292699074,0.309080203,0.016381214
120702040306,2007,0.20534246,0.216834748,0.011492285
120702040306,2008,0.0,0.0,0.0
120702040306,2009,0.017816964,0.018814132,0.00099709
120702040306,2010,0.768912879,0.811946115,0.043033151
120702040306,2011,0.0,0.0,0.0
120702040306,2012,0.0,0.0,0.0
120702040306,2013,0.156383049,0.165135151,0.008752184
120702040306,2014,0.454191315,0.479610789,0.025419389
120702040306,2015,0.0,0.0,0.0
120702040306,2016,0.185038019,0.195393686,0.010355828
120702040306,2017,0.0,0.0,0.0
120702040306,2018,0.620285553,0.655000674,0.034715118
120702040306,2019,0.309449288,0.326767932,0.017318644
120702040306,2020,0.647908907,0.684169959,0.036260967
120702040307,2000,0.0,0.0,0.0
120702040307,2001,0.096408603,0.101804205,0.005395603
120702040307,2002,0.066163016,0.069866022,0.003702838
120702040307,2003,0.173032679,0.182716627,0.009683951
120702040307,2004,0.0,0.0,0.0
120702040307,2005,0.009646504,0.010186375,0.000539956
120702040307,2006,0.0,0.0,0.0
120702040307,2007,0.122575934,0.129436203,0.006860101
120702040307,2008,0.037883557,0.040003779,0.002120303
120702040307,2009,0.0,0.0,0.0
120702040307,2010,0.123230986,0.130127652,0.006896751
120702040307,2011,0.0,0.0,0.0
120702040307,2012,0.0,0.0,0.0
120702040307,2013,0.0,0.0,0.0
120702040307,2014,0.187365079,0.197851266,0.010486189
120702040307,2015,0.0,0.0,0.0
120702040307,2016,0.115564279,0.122031997,0.006467716
120702040307,2017,0.0,0.0,0.0
120702040307,2018,0.0,0.0,0.0
120702040307,2019,0.020250523,0.02138389,0.001133285
120702040307,2020,0.092732571,0.097922489,0.005189915
120702040308,2000,0.0,0.0,0.0
120702040308,2001,0.154147753,0.162774723,0.008627055
120702040308,2002,0.143990918,0.152049468,0.008058718
120702040308,2003,0.523443403,0.552738515,0.029295112
120702040308,2004,0.006758022,0.007136128,0.000378189
120702040308,2005,0.708950452,0.748627537,0.03967717
120702040308,2006,0.250673901,0.264703142,0.014029323
120702040308,2007,0.22556177,0.23818549,0.012623888
120702040308,2008,0.431131975,0.455260719,0.024128825
120702040308,2009,0.376409726,0.397475849,0.021066208
120702040308,2010,0.613702597,0.648049197,0.034346515
120702040308,2011,1.376092603,1.453107252,0.077014723
120702040308,2012,0.0,0.0,0.0
120702040308,2013,1.073985559,1.134092405,0.060106929
120702040308,2014,0.492994167,0.520584992,0.027590907
120702040308,2015,0.0,0.0,0.0
120702040308,2016,0.328098828,0.346461434,0.018362609
120702040308,2017,0.0,0.0,0.0
120702040308,2018,0.023980989,0.025323148,0.001342153
120702040308,2019,0.31110091,0.3285122,0.017411041
120702040308,2020,0.84709591,0.894504574,0.047408664
120702050101,2000,0.0,0.0,0.0
120702050101,2001,0.0,0.0,0.0
120702050101,2002,0.0,0.0,0.0
120702050101,2003,0.0,0.0,0.0
120702050101,2004,0.0,0.0,0.0
120702050101,2005,0.0,0.0,0.0
120702050101,2006,0.0,0.0,0.0
120702050101,2007,0.0,0.0,0.0
120702050101,2008,0.0,0.0,0.0
120702050101,2009,0.0,0.0,0.0
120702050101,2010,0.0,0.0,0.0
120702050101,2011,0.0,0.0,0.0
120702050101,2012,0.0,0.0,0.0
120702050101,2013,0.0,0.0,0.0
120702050101,2014,0.0,0.0,0.0
120702050101,2015,0.0,0.0,0.0
120702050101,2016,0.0,0.0,0.0
120702050101,2017,0.0,0.0,0.0
120702050101,2018,0.0,0.0,0.0
120702050101,2019,0.0,0.0,0.0
120702050101,2020,0.0,0.0,0.0
120702050102,2000,0.0,0.0,0.0
120702050102,2001,0.0,0.0,0.0
120702050102,2002,0.0,0.0,0.0
120702050102,2003,0.0,0.0,0.0
120702050102,2004,0.0,0.0,0.0
120702050102,2005,0.0,0.0,0.0
120702050102,2006,0.0,0.0,0.0
120702050102,2007,0.0,0.0,0.0
120702050102,2008,0.0,0.0,0.0
120702050102,2009,0.0,0.0,0.0
120702050102,2010,0.0,0.0,0.0
120702050102,2011,0.0,0.0,0.0
120702050102,2012,0.0,0.0,0.0
120702050102,2013,0.0,0.0,0.0
120702050102,2014,0.0,0.0,0.0
120702050102,2015,0.0,0.0,0.0
120702050102,2016,0.0,0.0,0.0
120702050102,2017,0.0,0.0,0.0
120702050102,2018,0.002482211,0.012996753,0.010514375
120702050102,2019,0.0,0.0,0.0
120702050102,2020,0.002044257,0.010702959,0.008658702
120702050103,2000,0.0,0.0,0.0
120702050103,2001,0.0,0.0,0.0
120702050103,2002,0.0,0.0,0.0
120702050103,2003,0.0,0.0,0.0
120702050103,2004,0.0,0.0,0.0
120702050103,2005,0.0,0.0,0.0
120702050103,2006,0.0,0.0,0.0
120702050103,2007,0.0,0.0,0.0
120702050103,2008,0.0,0.0,0.0
120702050103,2009,0.0,0.0,0.0
120702050103,2010,0.0,0.0,0.0
120702050103,2011,0.0,0.0,0.0
120702050103,2012,0.0,0.0,0.0
120702050103,2013,0.0,0.0,0.0
120702050103,2014,0.0,0.0,0.0
120702050103,2015,0.0,0.0,0.0
120702050103,2016,0.0,0.0,0.0
120702050103,2017,0.0,0.0,0.0
120702050103,2018,0.0,0.0,0.0
120702050103,2019,0.0,0.0,0.0
120702050103,2020,0.0,0.0,0.0
120702050104,2000,0.000655746,0.001470292,0.000814544
120702050104,2001,0.0,0.0,0.0
120702050104,2002,0.000680236,0.0035612,0.002880962
120702050104,2003,0.001017216,0.005325162,0.00430803
120702050104,2004,0.0,0.0,0.0
120702050104,2005,0.000691649,0.003621233,0.002929501
120702050104,2006,0.000511047,0.002675468,0.002164501
120702050104,2007,0.0,0.0,0.0
120702050104,2008,0.0,0.0,0.0
120702050104,2009,0.0,0.0,0.0
120702050104,2010,0.0,0.0,0.0
120702050104,2011,0.0,0.0,0.0
120702050104,2012,0.0,0.0,0.0
120702050104,2013,0.0,0.0,0.0
120702050104,2014,0.0,0.0,0.0
120702050104,2015,0.0,0.0,0.0
120702050104,2016,0.0,0.0,0.0
120702050104,2017,0.0,0.0,0.0
120702050104,2018,0.0,0.0,0.0
120702050104,2019,0.0,0.0,0.0
120702050104,2020,0.0,0.0,0.0
120702050105,2000,0.0,0.0,0.0
120702050105,2001,0.0,0.0,0.0
120702050105,2002,0.0,0.0,0.0
120702050105,2003,0.0,0.0,0.0
120702050105,2004,0.0,0.0,0.0
120702050105,2005,0.0,0.0,0.0
120702050105,2006,0.0,0.0,0.0
120702050105,2007,0.0,0.0,0.0
120702050105,2008,0.0,0.0,0.0
120702050105,2009,0.0,0.0,0.0
120702050105,2010,0.0,0.0,0.0
120702050105,2011,0.0,0.0,0.0
120702050105,2012,0.0,0.0,0.0
120702050105,2013,0.0,0.0,0.0
120702050105,2014,0.0,0.0,0.0
120702050105,2015,0.0,0.0,0.0
120702050105,2016,0.0,0.0,0.0
120702050105,2017,0.0,0.0,0.0
120702050105,2018,0.0,0.0,0.0
120702050105,2019,0.0,0.0,0.0
120702050105,2020,0.0,0.0,0.0
120702050106,2000,0.0,0.0,0.0
120702050106,2001,0.0,0.0,0.0
120702050106,2002,0.0,0.0,0.0
120702050106,2003,0.0,0.0,0.0
120702050106,2004,0.0,0.0,0.0
120702050106,2005,0.0,0.0,0.0
120702050106,2006,0.0,0.0,0.0
120702050106,2007,0.0,0.0,0.0
120702050106,2008,0.0,0.0,0.0
120702050106,2009,0.0,0.0,0.0
120702050106,2010,0.0,0.0,0.0
120702050106,2011,0.0,0.0,0.0
120702050106,2012,0.0,0.0,0.0
120702050106,2013,0.0,0.0,0.0
120702050106,2014,0.0,0.0,0.0
120702050106,2015,0.0,0.0,0.0
120702050106,2016,0.0,0.0,0.0
120702050106,2017,0.0,0.0,0.0
120702050106,2018,0.0,0.0,0.0
120702050106,2019,0.0,0.0,0.0
120702050106,2020,0.0,0.0,0.0
120702050201,2000,0.0,0.0,0.0
120702050201,2001,0.0,0.0,0.0
120702050201,2002,0.0,0.0,0.0
120702050201,2003,0.0,0.0,0.0
120702050201,2004,0.0,0.0,0.0
120702050201,2005,0.0,0.0,0.0
120702050201,2006,0.0,0.0,0.0
120702050201,2007,0.0,0.0,0.0
120702050201,2008,0.0,0.0,0.0
120702050201,2009,0.0,0.0,0.0
120702050201,2010,0.0,0.0,0.0
120702050201,2011,0.0,0.0,0.0
120702050201,2012,0.0,0.0,0.0
120702050201,2013,0.0,0.0,0.0
120702050201,2014,0.0,0.0,0.0
120702050201,2015,0.0,0.0,0.0
120702050201,2016,0.0,0.0,0.0
120702050201,2017,0.0,0.0,0.0
120702050201,2018,0.0,0.0,0.0
120702050201,2019,0.0,0.0,0.0
120702050201,2020,0.0,0.0,0.0
120702050202,2000,0.0,0.0,0.0
120702050202,2001,0.0,0.0,0.0
120702050202,2002,0.0,0.0,0.0
120702050202,2003,0.0,0.0,0.0
120702050202,2004,0.0,0.0,0.0
120702050202,2005,0.0,0.0,0.0
120702050202,2006,0.0,0.0,0.0
120702050202,2007,0.0,0.0,0.0
120702050202,2008,0.0,0.0,0.0
120702050202,2009,0.0,0.0,0.0
120702050202,2010,0.0,0.0,0.0
120702050202,2011,0.0,0.0,0.0
120702050202,2012,0.0,0.0,0.0
120702050202,2013,0.0,0.0,0.0
120702050202,2014,0.0,0.0,0.0
120702050202,2015,0.0,0.0,0.0
120702050202,2016,0.0,0.0,0.0
120702050202,2017,0.0,0.0,0.0
120702050202,2018,0.0,0.0,0.0
120702050202,2019,0.0,0.0,0.0
120702050202,2020,0.0,0.0,0.0
120702050203,2000,0.0,0.0,0.0
120702050203,2001,0.0,0.0,0.0
120702050203,2002,0.0,0.0,0.0
120702050203,2003,0.0,0.0,0.0
120702050203,2004,0.0,0.0,0.0
120702050203,2005,0.0,0.0,0.0
120702050203,2006,0.0,0.0,0.0
120702050203,2007,0.0,0.0,0.0
120702050203,2008,0.0,0.0,0.0
120702050203,2009,0.0,0.0,0.0
120702050203,2010,0.0,0.0,0.0
120702050203,2011,0.0,0.0,0.0
120702050203,2012,0.0,0.0,0.0
120702050203,2013,0.0,0.0,0.0
120702050203,2014,0.0,0.0,0.0
120702050203,2015,0.0,0.0,0.0
120702050203,2016,0.0,0.0,0.0
120702050203,2017,0.0,0.0,0.0
120702050203,2018,0.0,0.0,0.0
120702050203,2019,0.0,0.0,0.0
120702050203,2020,0.0,0.0,0.0
120702050301,2000,0.093645648,0.284637257,0.190991609
120702050301,2001,0.03065877,0.073522625,0.042863433
120702050301,2002,0.02143263,0.045312159,0.023879529
120702050301,2003,0.054852175,0.129368422,0.074516247
120702050301,2004,0.0,0.0,0.0
120702050301,2005,0.02951134,0.154508967,0.124997795
120702050301,2006,0.077101745,0.240192559,0.163090814
120702050301,2007,0.0,0.0,0.0
120702050301,2008,0.0,0.0,0.0
120702050301,2009,0.0,0.0,0.0
120702050301,2010,0.0,0.0,0.0
120702050301,2011,0.0,0.0,0.0
120702050301,2012,0.0,0.0,0.0
120702050301,2013,0.0,0.0,0.0
120702050301,2014,0.0,0.0,0.0
120702050301,2015,0.0,0.0,0.0
120702050301,2016,0.0,0.0,0.0
120702050301,2017,0.0,0.0,0.0
120702050301,2018,0.0,0.0,0.0
120702050301,2019,0.0,0.0,0.0
120702050301,2020,0.0,0.0,0.0
120702050302,2000,0.101794563,0.187812907,0.086018344
120702050302,2001,0.0,0.0,0.0
120702050302,2002,0.0,0.0,0.0
120702050302,2003,0.0,0.0,0.0
120702050302,2004,0.0,0.0,0.0
120702050302,2005,0.0,0.0,0.0
120702050302,2006,0.0,0.0,0.0
120702050302,2007,0.0,0.0,0.0
120702050302,2008,0.0,0.0,0.0
120702050302,2009,0.0,0.0,0.0
120702050302,2010,0.0,0.0,0.0
120702050302,2011,0.0,0.0,0.0
120702050302,2012,0.0,0.0,0.0
120702050302,2013,0.0,0.0,0.0
120702050302,2014,0.0,0.0,0.0
120702050302,2015,0.0,0.0,0.0
120702050302,2016,0.0,0.0,0.0
120702050302,2017,0.0,0.0,0.0
120702050302,2018,0.072023699,0.132885022,0.060861318
120702050302,2019,0.096361351,0.177788405,0.08142714
120702050302,2020,0.0,0.0,0.0
120702050303,2000,0.01024106,0.018894803,0.008653743
120702050303,2001,0.0,0.0,0.0
120702050303,2002,0.016774479,0.030949205,0.014174726
120702050303,2003,0.019335468,0.035674392,0.016338841
120702050303,2004,0.0,0.0,0.0
120702050303,2005,0.0,0.0,0.0
120702050303,2006,0.0,0.0,0.0
120702050303,2007,0.0,0.0,0.0
120702050303,2008,0.0,0.0,0.0
120702050303,2009,0.0,0.0,0.0
120702050303,2010,0.0,0.0,0.0
120702050303,2011,0.0,0.0,0.0
120702050303,2012,0.0,0.0,0.0
120702050303,2013,0.0,0.0,0.0
120702050303,2014,0.0,0.0,0.0
120702050303,2015,0.0,0.0,0.0
120702050303,2016,0.0,0.0,0.0
120702050303,2017,0.0,0.0,0.0
120702050303,2018,0.034611942,0.063859479,0.029247619
120702050303,2019,0.007439948,0.013726784,0.006286836
120702050303,2020,0.0,0.0,0.0
120702050401,2000,0.0,0.0,0.0
120702050401,2001,0.0,0.0,0.0
120702050401,2002,0.0,0.0,0.0
120702050401,2003,0.0,0.0,0.0
120702050401,2004,0.0,0.0,0.0
120702050401,2005,0.0,0.0,0.0
120702050401,2006,0.0,0.0,0.0
120702050401,2007,0.0,0.0,0.0
120702050401,2008,0.0,0.0,0.0
120702050401,2009,0.0,0.0,0.0
120702050401,2010,0.0,0.0,0.0
120702050401,2011,0.0,0.0,0.0
120702050401,2012,0.0,0.0,0.0
120702050401,2013,0.0,0.0,0.0
120702050401,2014,0.0,0.0,0.0
120702050401,2015,0.0,0.0,0.0
120702050401,2016,0.0,0.0,0.0
120702050401,2017,0.0,0.0,0.0
120702050401,2018,0.0,0.0,0.0
120702050401,2019,0.0,0.0,0.0
120702050401,2020,0.0,0.0,0.0
120702050402,2000,0.0,0.0,0.0
120702050402,2001,0.0,0.0,0.0
120702050402,2002,0.0,0.0,0.0
120702050402,2003,0.0,0.0,0.0
120702050402,2004,0.0,0.0,0.0
120702050402,2005,0.0,0.0,0.0
120702050402,2006,0.0,0.0,0.0
120702050402,2007,0.0,0.0,0.0
120702050402,2008,0.0,0.0,0.0
120702050402,2009,0.0,0.0,0.0
120702050402,2010,0.0,0.0,0.0
120702050402,2011,0.0,0.0,0.0
120702050402,2012,0.0,0.0,0.0
120702050402,2013,0.0,0.0,0.0
120702050402,2014,0.0,0.0,0.0
120702050402,2015,0.0,0.0,0.0
120702050402,2016,0.0,0.0,0.0
120702050402,2017,0.0,0.0,0.0
120702050402,2018,0.0,0.0,0.0
120702050402,2019,0.0,0.0,0.0
120702050402,2020,0.0,0.0,0.0
120702050403,2000,0.0,0.0,0.0
120702050403,2001,0.0,0.0,0.0
120702050403,2002,0.0,0.0,0.0
120702050403,2003,0.0,0.0,0.0
120702050403,2004,0.0,0.0,0.0
120702050403,2005,0.0,0.0,0.0
120702050403,2006,0.0,0.0,0.0
120702050403,2007,0.0,0.0,0.0
120702050403,2008,0.0,0.0,0.0
120702050403,2009,0.0,0.0,0.0
120702050403,2010,0.0,0.0,0.0
120702050403,2011,0.0,0.0,0.0
120702050403,2012,0.0,0.0,0.0
120702050403,2013,0.0,0.0,0.0
120702050403,2014,0.0,0.0,0.0
120702050403,2015,0.0,0.0,0.0
120702050403,2016,0.0,0.0,0.0
120702050403,2017,0.0,0.0,0.0
120702050403,2018,0.0,0.0,0.0
120702050403,2019,0.0,0.0,0.0
120702050403,2020,0.0,0.0,0.0
120702050404,2000,0.0,0.0,0.0
120702050404,2001,0.041217304,0.076046323,0.034829101
120702050404,2002,0.001906712,0.00352437,0.001617658
120702050404,2003,0.003909145,0.007265964,0.003356904
120702050404,2004,0.038160189,0.070406276,0.032246169
120702050404,2005,0.0,0.0,0.0
120702050404,2006,0.0,0.0,0.0
120702050404,2007,0.026567419,0.049017392,0.022450058
120702050404,2008,0.0,0.0,0.0
120702050404,2009,0.0,0.0,0.0
120702050404,2010,0.026022162,0.048011337,0.02198926
120702050404,2011,0.004878671,0.009001118,0.004122532
120702050404,2012,0.0,0.0,0.0
120702050404,2013,0.0,0.0,0.0
120702050404,2014,0.035791597,0.066036142,0.03024463
120702050404,2015,0.0,0.0,0.0
120702050404,2016,0.042247762,0.077947992,0.035700063
120702050404,2017,0.023482458,0.043325447,0.019843156
120702050404,2018,0.224659915,0.414501811,0.189841811
120702050404,2019,0.160784088,0.298855364,0.138071192
120702050404,2020,0.394906085,0.728609101,0.333702932
120702050405,2000,0.19681906,0.363134981,0.16631576
120702050405,2001,0.254025753,0.468682321,0.214656485
120702050405,2002,0.0,0.0,0.0
120702050405,2003,0.116119236,0.214242164,0.098122764
120702050405,2004,0.274349858,0.506180743,0.231830719
120702050405,2005,0.0,0.0,0.0
120702050405,2006,0.0,0.0,0.0
120702050405,2007,0.139802948,0.257939151,0.118136126
120702050405,2008,0.0,0.0,0.0
120702050405,2009,0.0,0.0,0.0
120702050405,2010,0.206506419,0.381008381,0.174501797
120702050405,2011,0.004182247,0.007716581,0.003534175
120702050405,2012,0.0,0.0,0.0
120702050405,2013,0.0,0.0,0.0
120702050405,2014,0.007237082,0.013352679,0.006115427
120702050405,2015,0.0,0.0,0.0
120702050405,2016,0.003679492,0.006788842,0.003109268
120702050405,2017,0.0,0.0,0.0
120702050405,2018,0.332219997,0.612952052,0.280732055
120702050405,2019,0.007781211,0.01435666,0.006575282
120702050405,2020,0.000278303,0.000513445,0.000235224
120702050406,2000,0.0,0.0,0.0
120702050406,2001,0.111210241,0.205185285,0.093974874
120702050406,2002,0.061571912,0.113601403,0.052029405
120702050406,2003,0.031649638,0.058394118,0.026744479
120702050406,2004,0.139722593,0.257790962,0.118068202
120702050406,2005,0.0,0.0,0.0
120702050406,2006,0.0,0.0,0.0
120702050406,2007,0.160417712,0.295973784,0.135556068
120702050406,2008,0.000612522,0.001130068,0.000517462
120702050406,2009,0.0,0.0,0.0
120702050406,2010,0.209647534,0.386803658,0.177156041
120702050406,2011,0.002480532,0.004576921,0.00209614
120702050406,2012,0.0,0.0,0.0
120702050406,2013,0.00057226,0.001055893,0.000483633
120702050406,2014,0.400207005,0.738389271,0.338182351
120702050406,2015,0.000154556,0.000285318,0.000130677
120702050406,2016,0.180677593,0.333353448,0.152675937
120702050406,2017,0.177826532,0.328092964,0.150266518
120702050406,2018,0.544918038,1.005383819,0.460465866
120702050406,2019,0.474968978,0.876326633,0.401357573
120702050406,2020,0.71029968,1.310516273,0.600216426
120702050407,2000,0.0,0.0,0.0
120702050407,2001,0.0,0.0,0.0
120702050407,2002,0.121680808,0.224503405,0.1028226
120702050407,2003,0.145080679,0.267676408,0.122595981
120702050407,2004,0.254060298,0.458592451,0.204532238
120702050407,2005,0.0,0.0,0.0
120702050407,2006,0.230323049,0.38451257,0.154189447
120702050407,2007,0.107158288,0.197708945,0.090550658
120702050407,2008,0.001165309,0.001731426,0.000566202
120702050407,2009,0.0,0.0,0.0
120702050407,2010,0.0,0.0,0.0
120702050407,2011,0.235023318,0.387827052,0.152803984
120702050407,2012,0.0,0.0,0.0
120702050407,2013,0.0,0.0,0.0
120702050407,2014,0.177583214,0.314306356,0.136723307
120702050407,2015,0.000447696,0.000700638,0.000252942
120702050407,2016,0.101720134,0.18394221,0.082222246
120702050407,2017,0.128505282,0.223487381,0.094982019
120702050407,2018,0.177331496,0.302613378,0.125281882
120702050407,2019,0.146741825,0.266803323,0.120061414
120702050407,2020,0.270181727,0.485938085,0.215756607
120702050408,2000,0.169396675,0.312540082,0.143143407
120702050408,2001,0.066893984,0.123420419,0.056526518
120702050408,2002,0.0,0.0,0.0
120702050408,2003,0.03459429,0.063827121,0.029232745
120702050408,2004,0.060781546,0.112143008,0.05136138
120702050408,2005,0.0,0.0,0.0
120702050408,2006,0.0,0.0,0.0
120702050408,2007,0.054926521,0.101340419,0.046413907
120702050408,2008,0.0,0.0,0.0
120702050408,2009,0.0,0.0,0.0
120702050408,2010,0.101982058,0.188158781,0.086176641
120702050408,2011,0.0,0.0,0.0
120702050408,2012,0.0,0.0,0.0
120702050408,2013,0.0,0.0,0.0
120702050408,2014,0.0,0.0,0.0
120702050408,2015,0.0,0.0,0.0
120702050408,2016,0.0,0.0,0.0
120702050408,2017,0.0,0.0,0.0
120702050408,2018,0.034590962,0.059028833,0.024437953
120702050408,2019,0.0,0.0,0.0
120702050408,2020,0.0,0.0,0.0
120702050409,2000,0.001494317,0.002756803,0.001262486
120702050409,2001,0.0,0.0,0.0
120702050409,2002,0.0,0.0,0.0
120702050409,2003,0.0,0.0,0.0
120702050409,2004,0.003746844,0.006913213,0.003166202
120702050409,2005,0.0,0.0,0.0
120702050409,2006,0.0,0.0,0.0
120702050409,2007,0.000618611,0.00093051,0.000311647
120702050409,2008,0.0,0.0,0.0
120702050409,2009,0.0,0.0,0.0
120702050409,2010,0.005322904,0.008164118,0.002841129
120702050409,2011,0.006748816,0.009157205,0.002408397
120702050409,2012,0.0,0.0,0.0
120702050409,2013,0.0,0.0,0.0
120702050409,2014,0.0,0.0,0.0
120702050409,2015,0.0,0.0,0.0
120702050409,2016,0.0,0.0,0.0
120702050409,2017,0.0,0.0,0.0
120702050409,2018,0.003285488,0.005430559,0.002145079
120702050409,2019,0.001193638,0.001578956,0.000385233
120702050409,2020,0.003342134,0.005165514,0.001823464
120702050410,2000,0.0,0.0,0.0
120702050410,2001,0.0,0.0,0.0
120702050410,2002,0.007247227,0.007652874,0.000405652
120702050410,2003,0.007676934,0.008106512,0.000429663
120702050410,2004,0.0,0.0,0.0
120702050410,2005,0.0,0.0,0.0
120702050410,2006,0.0,0.0,0.0
120702050410,2007,0.0,0.0,0.0
120702050410,2008,0.0,0.0,0.0
120702050410,2009,0.0,0.0,0.0
120702050410,2010,0.0,0.0,0.0
120702050410,2011,0.0,0.0,0.0
120702050410,2012,0.0,0.0,0.0
120702050410,2013,0.0,0.0,0.0
120702050410,2014,0.0,0.0,0.0
120702050410,2015,0.0,0.0,0.0
120702050410,2016,0.0,0.0,0.0
120702050410,2017,0.0,0.0,0.0
120702050410,2018,0.0,0.0,0.0
120702050410,2019,0.0,0.0,0.0
120702050410,2020,0.0,0.0,0.0
120702050501,2000,0.0,0.0,0.0
120702050501,2001,0.0,0.0,0.0
120702050501,2002,0.0,0.0,0.0
120702050501,2003,0.0,0.0,0.0
120702050501,2004,0.0,0.0,0.0
120702050501,2005,0.0,0.0,0.0
120702050501,2006,0.0,0.0,0.0
120702050501,2007,0.0,0.0,0.0
120702050501,2008,0.0,0.0,0.0
120702050501,2009,0.0,0.0,0.0
120702050501,2010,0.0,0.0,0.0
120702050501,2011,0.0,0.0,0.0
120702050501,2012,0.0,0.0,0.0
120702050501,2013,0.0,0.0,0.0
120702050501,2014,0.0,0.0,0.0
120702050501,2015,0.0,0.0,0.0
120702050501,2016,0.0,0.0,0.0
120702050501,2017,0.0,0.0,0.0
120702050501,2018,0.06362497,0.117389173,0.053764205
120702050501,2019,0.000283452,0.000523181,0.000239644
120702050501,2020,0.0,0.0,0.0
120702050502,2000,0.000677265,0.001249639,0.000572287
120702050502,2001,0.00965737,0.017818047,0.008160677
120702050502,2002,0.097913252,0.180651893,0.082738641
120702050502,2003,0.062221844,0.114800323,0.052578647
120702050502,2004,0.007972205,0.01470882,0.006736445
120702050502,2005,0.0,0.0,0.0
120702050502,2006,0.0,0.0,0.0
120702050502,2007,0.004714704,0.008698718,0.003984096
120702050502,2008,0.0,0.0,0.0
120702050502,2009,0.0,0.0,0.0
120702050502,2010,0.01440637,0.02657986,0.01217366
120702050502,2011,0.184302104,0.340040882,0.155738778
120702050502,2012,0.0,0.0,0.0
120702050502,2013,0.069391699,0.128029011,0.058637395
120702050502,2014,0.045778707,0.084462468,0.038683762
120702050502,2015,0.036759112,0.067821137,0.031062025
120702050502,2016,0.0,0.0,0.0
120702050502,2017,0.0,0.0,0.0
120702050502,2018,0.042988819,0.079315181,0.036326362
120702050502,2019,0.149427737,0.275696986,0.126269249
120702050502,2020,0.264160623,0.487381079,0.223220623
120702050503,2000,7.8921e-05,0.000145574,6.6735e-05
120702050503,2001,0.135929666,0.25079263,0.114863049
120702050503,2002,0.03710903,0.068466863,0.031357918
120702050503,2003,0.0,0.0,0.0
120702050503,2004,0.0,0.0,0.0
120702050503,2005,0.0,0.0,0.0
120702050503,2006,0.0,0.0,0.0
120702050503,2007,0.0,1.7e-07,0.0
120702050503,2008,0.0,0.0,0.0
120702050503,2009,0.0,0.0,0.0
120702050503,2010,4.7123e-05,8.6926e-05,3.9803e-05
120702050503,2011,0.0,0.0,0.0
120702050503,2012,0.0,0.0,0.0
120702050503,2013,0.0,0.0,0.0
120702050503,2014,0.0,0.0,0.0
120702050503,2015,0.0,0.0,0.0
120702050503,2016,0.0,0.0,0.0
120702050503,2017,0.0,0.0,0.0
120702050503,2018,0.183037847,0.337707956,0.154670192
120702050503,2019,0.191911679,0.354080633,0.162168866
120702050503,2020,0.008760475,0.016163426,0.007402869
120702050504,2000,0.0,0.0,0.0
120702050504,2001,0.189904488,0.350377299,0.160472726
120702050504,2002,0.212266468,0.391635416,0.179368948
120702050504,2003,0.092206455,0.170122584,0.077916047
120702050504,2004,0.051125872,0.094328033,0.043202325
120702050504,2005,0.0,0.0,0.0
120702050504,2006,0.0,0.0,0.0
120702050504,2007,0.009842219,0.018159252,0.008316866
120702050504,2008,0.0,0.0,0.0
120702050504,2009,0.0,0.0,0.0
120702050504,2010,0.075458671,0.139222405,0.063763819
120702050504,2011,0.120449633,0.222231978,0.101782085
120702050504,2012,0.0,0.0,0.0
120702050504,2013,0.095365923,0.175951847,0.080585923
120702050504,2014,0.03954363,0.072958468,0.033415003
120702050504,2015,0.064199,0.11844817,0.054249255
120702050504,2016,0.0,0.0,0.0
120702050504,2017,0.0,0.0,0.0
120702050504,2018,0.296187888,0.54647237,0.25028423
120702050504,2019,0.150743542,0.278124564,0.127381022
120702050504,2020,0.210110358,0.387657623,0.17754718
120702050505,2000,0.0,0.0,0.0
120702050505,2001,0.23576754,0.434995463,0.199227841
120702050505,2002,0.090082178,0.166203181,0.076121167
120702050505,2003,0.050123581,0.092479044,0.042355296
120702050505,2004,0.007140689,0.013174705,0.006034098
120702050505,2005,0.0,0.0,0.0
120702050505,2006,0.006702784,0.012366849,0.005663981
120702050505,2007,0.031252685,0.057662052,0.026409118
120702050505,2008,0.0,0.0,0.0
120702050505,2009,0.016829784,0.031051373,0.014221504
120702050505,2010,0.012252422,0.022605786,0.010353447
120702050505,2011,0.216810984,0.400020164,0.183209345
120702050505,2012,0.0,0.0,0.0
120702050505,2013,0.133807984,0.246878066,0.11307017
120702050505,2014,0.058978216,0.108815964,0.049837663
120702050505,2015,0.102122751,0.18841854,0.086295704
120702050505,2016,0.0,0.0,0.0
120702050505,2017,0.0,0.0,0.0
120702050505,2018,0.33076517,0.610267995,0.27950274
120702050505,2019,0.318587666,0.587800178,0.269212427
120702050505,2020,0.193749418,0.357471142,0.163721721
120702050506,2000,0.081240423,0.123842361,0.04260177
120702050506,2001,0.201018282,0.327925438,0.126907074
120702050506,2002,0.104514671,0.205737449,0.101222863
120702050506,2003,0.053072186,0.066673532,0.01360143
120702050506,2004,0.099310186,0.139676587,0.040366484
120702050506,2005,0.134611455,0.173692162,0.039080789
120702050506,2006,0.83515811,1.413127318,0.577969041
120702050506,2007,0.073490345,0.117209723,0.043719211
120702050506,2008,0.493355366,0.653450833,0.160095467
120702050506,2009,0.272538151,0.571358584,0.298820603
120702050506,2010,0.176334773,0.233555926,0.057221238
120702050506,2011,0.168495732,0.253376962,0.084881312
120702050506,2012,0.100316902,0.122039883,0.021723066
120702050506,2013,0.394390203,0.48931803,0.09492766
120702050506,2014,0.571128049,0.959879123,0.388751074
120702050506,2015,0.080771962,0.111256203,0.030484159
120702050506,2016,0.260023842,0.386940486,0.126916566
120702050506,2017,0.629508189,0.88290077,0.253392496
120702050506,2018,0.30051497,0.354799353,0.054284384
120702050506,2019,0.305805718,0.454391942,0.148586058
120702050506,2020,0.328520552,0.555872325,0.227351855
120702050507,2000,0.107643514,0.131112642,0.02346921
120702050507,2001,0.158376392,0.181001688,0.022625211
120702050507,2002,0.015257296,0.02354523,0.008287934
120702050507,2003,0.0,0.0,0.0
120702050507,2004,0.228662557,0.330915273,0.102252798
120702050507,2005,0.245784049,0.291213405,0.045429192
120702050507,2006,0.0,0.0,0.0
120702050507,2007,0.072373844,0.1157982,0.043424274
120702050507,2008,0.185614937,0.262168003,0.076553153
120702050507,2009,0.087355688,0.124972332,0.037616641
120702050507,2010,0.077484332,0.142959896,0.065475644
120702050507,2011,0.253914216,0.35712254,0.103208323
120702050507,2012,0.283156019,0.337894899,0.054739046
120702050507,2013,0.349586471,0.610098403,0.260512014
120702050507,2014,0.215879803,0.384127742,0.16824794
120702050507,2015,0.079809488,0.108880605,0.029071118
120702050507,2016,0.157670265,0.282057571,0.124387388
120702050507,2017,0.133651967,0.215916085,0.082264118
120702050507,2018,0.200941263,0.33658494,0.135643762
120702050507,2019,0.748728088,1.201810918,0.453082578
120702050507,2020,0.333994361,0.482650814,0.148656536
120702050508,2000,0.046162664,0.048746093,0.002583514
120702050508,2001,0.050483003,0.053308351,0.002825433
120702050508,2002,0.037972474,0.040097655,0.002125181
120702050508,2003,0.047128688,0.049766411,0.002637636
120702050508,2004,0.12268156,0.129547596,0.006866038
120702050508,2005,0.0,0.0,0.0
120702050508,2006,0.0,0.0,0.0
120702050508,2007,0.0,0.0,0.0
120702050508,2008,0.0,0.0,0.0
120702050508,2009,0.0,0.0,0.0
120702050508,2010,0.094874674,0.100184485,0.005309726
120702050508,2011,0.0,0.0,0.0
120702050508,2012,0.0,0.0,0.0
120702050508,2013,0.0,0.0,0.0
120702050508,2014,0.0,0.0,0.0
120702050508,2015,0.0,0.0,0.0
120702050508,2016,0.0,0.0,0.0
120702050508,2017,0.0,0.0,0.0
120702050508,2018,0.191138342,0.201835644,0.010697386
120702050508,2019,0.0,0.0,0.0
120702050508,2020,0.061235432,0.064662607,0.003427008
120800010108,2000,0.784186803,0.784186803,0.0
120800010108,2001,3.066665085,3.066665085,0.0
120800010108,2002,2.088033964,2.088033964,0.0
120800010108,2003,2.559358532,2.559358532,0.0
120800010108,2004,0.82099968,0.82099968,0.0
120800010108,2005,1.353029956,1.353029956,0.0
120800010108,2006,1.675303375,1.675303375,0.0
120800010108,2007,1.170043953,1.170043953,0.0
120800010108,2008,1.463439776,1.463439776,0.0
120800010108,2009,3.474689468,3.474689468,0.0
120800010108,2010,5.449545118,5.449545118,0.0
120800010108,2011,5.388130326,5.388130326,0.0
120800010108,2012,4.429991254,4.429991254,0.0
120800010108,2013,3.421888504,3.421888504,0.0
120800010108,2014,3.472160748,3.472160748,0.0
120800010108,2015,0.758863055,0.758863055,0.0
120800010108,2016,3.258377634,3.258377634,0.0
120800010108,2017,3.725817241,3.725817241,0.0
120800010108,2018,3.941522052,3.941522052,0.0
120800010108,2019,4.641013882,4.641013882,0.0
120800010108,2020,6.906475842,6.906475842,0.0
120800010110,2000,2.596267281,2.596267281,0.0
120800010110,2001,2.5588868,2.5588868,0.0
120800010110,2002,2.360222074,2.360222074,0.0
120800010110,2003,1.996503912,1.996503912,0.0
120800010110,2004,1.934967587,1.934967587,0.0
120800010110,2005,2.347632441,2.347632441,0.0
120800010110,2006,2.319096107,2.319096107,0.0
120800010110,2007,2.024570822,2.024570822,0.0
120800010110,2008,1.600965254,1.600965254,0.0
120800010110,2009,2.450551926,2.450551926,0.0
120800010110,2010,2.737885751,2.737885751,0.0
120800010110,2011,2.813630677,2.813630677,0.0
120800010110,2012,2.925268208,2.925268208,0.0
120800010110,2013,2.353494047,2.353494047,0.0
120800010110,2014,2.60791703,2.60791703,0.0
120800010110,2015,1.533972781,1.533972781,0.0
120800010110,2016,2.575529027,2.575529027,0.0
120800010110,2017,2.801640822,2.801640822,0.0
120800010110,2018,4.272346463,4.272346463,0.0
120800010110,2019,4.275975411,4.275975411,0.0
120800010110,2020,6.995111358,6.995111358,0.0
120800010209,2000,2.98606421,2.98606421,0.0
120800010209,2001,1.39981377,1.39981377,0.0
120800010209,2002,4.777146567,4.777146567,0.0
120800010209,2003,2.722513373,2.722513373,0.0
120800010209,2004,2.85702021,2.85702021,0.0
120800010209,2005,3.089437186,3.089437186,0.0
120800010209,2006,2.10612377,2.10612377,0.0
120800010209,2007,2.868432008,2.868432008,0.0
120800010209,2008,1.977193765,1.977193765,0.0
120800010209,2009,3.40495211,3.40495211,0.0
120800010209,2010,3.572194912,3.572194912,0.0
120800010209,2011,1.820469838,1.820469838,0.0
120800010209,2012,1.454315257,1.454315257,0.0
120800010209,2013,4.759343474,4.759343474,0.0
120800010209,2014,2.072505668,2.072505668,0.0
120800010209,2015,2.967138312,2.967138312,0.0
120800010209,2016,2.606134628,2.606134628,0.0
120800010209,2017,4.212305436,4.212305436,0.0
120800010209,2018,1.681916866,1.681916866,0.0
120800010209,2019,2.078920847,2.078920847,0.0
120800010209,2020,3.369966205,3.369966205,0.0
120800010210,2000,0.028176366,0.028176366,0.0
120800010210,2001,0.228671852,0.228671852,0.0
120800010210,2002,0.067310112,0.067310112,0.0
120800010210,2003,0.378392896,0.378392896,0.0
120800010210,2004,0.100925432,0.100925432,0.0
120800010210,2005,0.015204704,0.015204704,0.0
120800010210,2006,0.049476984,0.049476984,0.0
120800010210,2007,0.140709038,0.140709038,0.0
120800010210,2008,0.073775189,0.073775189,0.0
120800010210,2009,0.086460468,0.086460468,0.0
120800010210,2010,0.108823342,0.108823342,0.0
120800010210,2011,0.005135482,0.005135482,0.0
120800010210,2012,0.225056451,0.225056451,0.0
120800010210,2013,0.203387159,0.203387159,0.0
120800010210,2014,0.18698331,0.18698331,0.0
120800010210,2015,0.081206822,0.081206822,0.0
120800010210,2016,0.161243577,0.161243577,0.0
120800010210,2017,0.037487203,0.037487203,0.0
120800010210,2018,0.009452573,0.009452573,0.0
120800010210,2019,0.006381134,0.006381134,0.0
120800010210,2020,0.012639459,0.012639459,0.0
120800010211,2000,2.39072759,2.39072759,0.0
120800010211,2001,1.780096373,1.780096373,0.0
120800010211,2002,2.444065367,2.444065367,0.0
120800010211,2003,1.741036603,1.741036603,0.0
120800010211,2004,1.563592235,1.563592235,0.0
120800010211,2005,2.292735003,2.292735003,0.0
120800010211,2006,2.614908737,2.614908737,0.0
120800010211,2007,2.175418701,2.175418701,0.0
120800010211,2008,1.561045959,1.561045959,0.0
120800010211,2009,2.513304162,2.513304162,0.0
120800010211,2010,2.761302419,2.761302419,0.0
120800010211,2011,2.409398266,2.409398266,0.0
120800010211,2012,2.377861525,2.377861525,0.0
120800010211,2013,2.888053674,2.888053674,0.0
120800010211,2014,2.447250296,2.447250296,0.0
120800010211,2015,3.019371641,3.019371641,0.0
120800010211,2016,3.124353863,3.124353863,0.0
120800010211,2017,3.147561181,3.147561181,0.0
120800010211,2018,3.169345,3.169345,0.0
120800010211,2019,3.13653977,3.13653977,0.0
120800010211,2020,4.295681276,4.295681276,0.0
120800010301,2000,8.311856161,8.311856161,0.0
120800010301,2001,5.806536852,5.806536852,0.0
120800010301,2002,7.675004532,7.675004532,0.0
120800010301,2003,5.647953885,5.647953885,0.0
120800010301,2004,6.281677932,6.281677932,0.0
120800010301,2005,5.928280595,5.928280595,0.0
120800010301,2006,5.81360929,5.81360929,0.0
120800010301,2007,6.688098685,6.688098685,0.0
120800010301,2008,5.249464232,5.249464232,0.0
120800010301,2009,5.56978243,5.56978243,0.0
120800010301,2010,7.148205488,7.148205488,0.0
120800010301,2011,5.59823849,5.59823849,0.0
120800010301,2012,5.74487182,5.74487182,0.0
120800010301,2013,6.618104501,6.618104501,0.0
120800010301,2014,4.568104323,4.568104323,0.0
120800010301,2015,6.010362088,6.010362088,0.0
120800010301,2016,6.644477358,6.644477358,0.0
120800010301,2017,6.829071962,6.829071962,0.0
120800010301,2018,4.367434181,4.367434181,0.0
120800010301,2019,4.250347784,4.250347784,0.0
120800010301,2020,7.312482514,7.312482514,0.0
120800010302,2000,1.525083109,1.525083109,0.0
120800010302,2001,1.035191386,1.035191386,0.0
120800010302,2002,1.439953266,1.439953266,0.0
120800010302,2003,1.075005173,1.075005173,0.0
120800010302,2004,1.348540566,1.348540566,0.0
120800010302,2005,1.644741285,1.644741285,0.0
120800010302,2006,1.399415663,1.399415663,0.0
120800010302,2007,2.084885537,2.084885537,0.0
120800010302,2008,2.068010336,2.068010336,0.0
120800010302,2009,2.611090362,2.611090362,0.0
120800010302,2010,2.531657132,2.531657132,0.0
120800010302,2011,2.090213685,2.090213685,0.0
120800010302,2012,2.034895658,2.034895658,0.0
120800010302,2013,1.323351321,1.323351321,0.0
120800010302,2014,1.847067699,1.847067699,0.0
120800010302,2015,1.816239121,1.816239121,0.0
120800010302,2016,2.019468432,2.019468432,0.0
120800010302,2017,2.362274978,2.362274978,0.0
120800010302,2018,1.631116529,1.631116529,0.0
120800010302,2019,2.160461778,2.160461778,0.0
120800010302,2020,2.383199322,2.383199322,0.0
120800010303,2000,7.134433216,7.134433216,0.0
120800010303,2001,4.360857866,4.360857866,0.0
120800010303,2002,7.772311326,7.772311326,0.0
120800010303,2003,4.851525151,4.851525151,0.0
120800010303,2004,5.179877727,5.179877727,0.0
120800010303,2005,7.129818238,7.129818238,0.0
120800010303,2006,7.112453477,7.112453477,0.0
120800010303,2007,4.933107416,4.933107416,0.0
120800010303,2008,5.439064675,5.439064675,0.0
120800010303,2009,7.009105644,7.009105644,0.0
120800010303,2010,6.120850636,6.120850636,0.0
120800010303,2011,5.463135973,5.463135973,0.0
120800010303,2012,5.471497538,5.471497538,0.0
120800010303,2013,4.694321159,4.694321159,0.0
120800010303,2014,4.248636816,4.248636816,0.0
120800010303,2015,5.678485129,5.678485129,0.0
120800010303,2016,5.535103199,5.535103199,0.0
120800010303,2017,6.105204395,6.105204395,0.0
120800010303,2018,5.099629534,5.099629534,0.0
120800010303,2019,4.637041655,4.637041655,0.0
120800010303,2020,5.674501533,5.674501533,0.0
120800010304,2000,2.65668853,2.65668853,0.0
120800010304,2001,2.122622008,2.122622008,0.0
120800010304,2002,2.023564677,2.023564677,0.0
120800010304,2003,1.792744044,1.792744044,0.0
120800010304,2004,1.819159437,1.819159437,0.0
120800010304,2005,2.119475507,2.119475507,0.0
120800010304,2006,2.117314816,2.117314816,0.0
120800010304,2007,2.134640485,2.134640485,0.0
120800010304,2008,2.167399153,2.167399153,0.0
120800010304,2009,2.678767871,2.678767871,0.0
120800010304,2010,2.599787378,2.599787378,0.0
120800010304,2011,2.596462477,2.596462477,0.0
120800010304,2012,2.749710183,2.749710183,0.0
120800010304,2013,2.508208079,2.508208079,0.0
120800010304,2014,2.117478951,2.117478951,0.0
120800010304,2015,2.481470912,2.481470912,0.0
120800010304,2016,2.576774642,2.576774642,0.0
120800010304,2017,1.406097326,1.406097326,0.0
120800010304,2018,1.262143923,1.262143923,0.0
120800010304,2019,1.849096416,1.849096416,0.0
120800010304,2020,2.985096527,2.985096527,0.0
120800010305,2000,1.418559877,1.424256861,0.005697066
120800010305,2001,1.439424973,1.446658255,0.007233279
120800010305,2002,1.493522833,1.501027951,0.007505118
120800010305,2003,1.088781044,1.09425231,0.005471266
120800010305,2004,1.499423757,1.506958456,0.007534784
120800010305,2005,1.807288827,1.816370701,0.009081792
120800010305,2006,1.631577734,1.639776605,0.008198874
120800010305,2007,1.665898734,1.674270068,0.008371337
120800010305,2008,1.423816852,1.430971645,0.007154874
120800010305,2009,2.118773321,2.127282447,0.008509214
120800010305,2010,2.705276195,2.721605901,0.016329622
120800010305,2011,2.995197712,3.004210353,0.009012559
120800010305,2012,1.081260809,1.086694197,0.005433388
120800010305,2013,1.497008132,1.504530616,0.007522655
120800010305,2014,1.257018953,1.263335844,0.006316638
120800010305,2015,3.191563953,3.207602022,0.016038068
120800010305,2016,1.279475932,1.284614328,0.005138478
120800010305,2017,1.684754989,1.693220877,0.00846614
120800010305,2018,1.141684367,1.145119693,0.003435323
120800010305,2019,2.473712627,2.486143085,0.012430625
120800010305,2020,2.234067694,2.243039779,0.008972169
120800010306,2000,8.423674992,8.500176667,0.076501508
120800010306,2001,5.687078855,5.738727477,0.051648619
120800010306,2002,6.390502663,6.448539551,0.058036805
120800010306,2003,4.645000838,4.687185512,0.042184756
120800010306,2004,5.266770038,5.31460147,0.047831432
120800010306,2005,7.569109978,7.637850567,0.068740671
120800010306,2006,5.211450573,5.258779795,0.047329055
120800010306,2007,6.918503129,6.98133506,0.062832016
120800010306,2008,5.73877629,5.790894366,0.052118079
120800010306,2009,6.643082441,6.70341303,0.060330753
120800010306,2010,6.257347079,6.31417471,0.056827545
120800010306,2011,7.448433715,7.516078666,0.067644619
120800010306,2012,4.625108847,4.667112981,0.042004134
120800010306,2013,7.861382564,7.932777679,0.07139503
120800010306,2014,4.678117488,4.720602885,0.042485482
120800010306,2015,7.662835603,7.732427488,0.069591882
120800010306,2016,5.671702443,5.723211481,0.05150879
120800010306,2017,4.635311978,4.677408877,0.042096647
120800010306,2018,6.139727323,6.195486693,0.055759285
120800010306,2019,6.773475386,6.834990389,0.061515003
120800010306,2020,7.334819637,7.401432486,0.06661285
120800010307,2000,3.305434997,3.325387432,0.019952183
120800010307,2001,3.458269375,3.47914426,0.020874885
120800010307,2002,2.772186444,2.788919912,0.016733553
120800010307,2003,3.806362438,3.829338474,0.022975953
120800010307,2004,3.970504038,3.998493522,0.027989484
120800010307,2005,3.550019663,3.571448282,0.021428625
120800010307,2006,2.686520964,2.705459227,0.018938178
120800010307,2007,3.45021663,3.474538567,0.02432177
120800010307,2008,3.232350664,3.255136566,0.022785902
120800010307,2009,4.061884984,4.090518592,0.028633608
120800010307,2010,3.831201488,3.854327438,0.023126038
120800010307,2011,4.067666334,4.096340641,0.028674389
120800010307,2012,3.721140077,3.747371754,0.026231678
120800010307,2013,5.6738134,5.713809822,0.039996671
120800010307,2014,3.24149551,3.261061866,0.019566356
120800010307,2015,5.579189145,5.612866373,0.033677142
120800010307,2016,3.248191776,3.271089432,0.022897574
120800010307,2017,3.560064836,3.585160937,0.025096184
120800010307,2018,3.160429041,3.18270786,0.022278904
120800010307,2019,5.459675392,5.492631126,0.032955819
120800010307,2020,3.79365953,3.816558822,0.02289929
120800010308,2000,7.494641191,7.562705555,0.068064366
120800010308,2001,7.350918882,7.417678014,0.066759132
120800010308,2002,7.660310811,7.729879822,0.069569011
120800010308,2003,6.587633953,6.64746106,0.05982711
120800010308,2004,5.882042781,5.93546182,0.05341912
120800010308,2005,6.812849729,6.874722126,0.061872562
120800010308,2006,7.741730403,7.812038622,0.070308386
120800010308,2007,10.709239803,10.806498219,0.097258501
120800010308,2008,6.421583495,6.479902705,0.058319123
120800010308,2009,8.910323858,8.991244997,0.080921222
120800010308,2010,7.626286386,7.695546181,0.069259795
120800010308,2011,12.071632014,12.181263468,0.109631288
120800010308,2012,7.441286964,7.50886688,0.067579746
120800010308,2013,10.414752805,10.509336748,0.094584025
120800010308,2014,7.057632148,7.121727726,0.064095411
120800010308,2015,9.556853334,9.643646134,0.0867928
120800010308,2016,8.093415309,8.166917587,0.073502197
120800010308,2017,6.874892353,6.937328293,0.062436025
120800010308,2018,8.914716603,8.995677844,0.080961071
120800010308,2019,9.371065263,9.456170984,0.085105468
120800010308,2020,10.799164995,10.897240208,0.09807521
120800010309,2000,6.426387842,6.48475053,0.058362689
120800010309,2001,4.13361309,4.171153556,0.037540299
120800010309,2002,6.663498584,6.72401457,0.060516071
120800010309,2003,4.464089378,4.504631156,0.040541611
120800010309,2004,4.93508309,4.979902164,0.044818992
120800010309,2005,4.809544225,4.853223318,0.043679011
120800010309,2006,6.626619107,6.686800337,0.060181145
120800010309,2007,6.754146241,6.815485652,0.061339329
120800010309,2008,4.709652617,4.752424473,0.042771855
120800010309,2009,6.288115416,6.345222203,0.057106871
120800010309,2010,5.450980732,5.500485252,0.049504353
120800010309,2011,8.309026951,8.384487296,0.075460427
120800010309,2012,3.582474107,3.615009347,0.032535071
120800010309,2013,5.422298762,5.471542556,0.049243797
120800010309,2014,3.96997009,4.006024384,0.036054129
120800010309,2015,5.381002948,5.429871847,0.048868896
120800010309,2016,6.372154098,6.430024421,0.057870325
120800010309,2017,4.443438416,4.483792474,0.040354142
120800010309,2018,5.547331871,5.597711285,0.050379496
120800010309,2019,6.870893184,6.933292778,0.062399597
120800010309,2020,7.775577309,7.846193107,0.070615716
120800010310,2000,8.44804206,8.499036415,0.050994189
120800010310,2001,7.736242041,7.790777581,0.054535455
120800010310,2002,9.076463984,9.131251468,0.054787567
120800010310,2003,7.946411285,7.994377668,0.047966299
120800010310,2004,5.908897399,5.938590486,0.029693003
120800010310,2005,10.095808586,10.156749148,0.060940477
120800010310,2006,7.860993386,7.908444129,0.047450573
120800010310,2007,7.430463658,7.475315688,0.04485186
120800010310,2008,6.940583309,6.989509932,0.048926541
120800010310,2009,10.72016517,10.78487431,0.06470931
120800010310,2010,9.098133016,9.153051153,0.054918304
120800010310,2011,15.358060573,15.466324833,0.108264178
120800010310,2012,9.859064716,9.918576249,0.059511366
120800010310,2013,11.34150057,11.409960321,0.068459751
120800010310,2014,8.621562668,8.673604156,0.052041658
120800010310,2015,9.970298921,10.030481995,0.060182907
120800010310,2016,7.931334189,7.979209462,0.047875355
120800010310,2017,8.417427384,8.459726148,0.0422986
120800010310,2018,9.764740551,9.823682679,0.058942129
120800010310,2019,13.2236774,13.303498436,0.079820868
120800010310,2020,12.633704158,12.722763478,0.08905932
120800010402,2000,1.594256801,1.594256801,0.0
120800010402,2001,0.437281556,0.437281556,0.0
120800010402,2002,1.451129312,1.451129312,0.0
120800010402,2003,1.027467926,1.027467926,0.0
120800010402,2004,1.142235719,1.142235719,0.0
120800010402,2005,0.336807345,0.336807345,0.0
120800010402,2006,1.055953373,1.055953373,0.0
120800010402,2007,0.701019378,0.701019378,0.0
120800010402,2008,0.962883249,0.962883249,0.0
120800010402,2009,1.224369797,1.224369797,0.0
120800010402,2010,1.241717567,1.241717567,0.0
120800010402,2011,1.361581501,1.361581501,0.0
120800010402,2012,1.114686385,1.114686385,0.0
120800010402,2013,0.858599523,0.858599523,0.0
120800010402,2014,0.857636132,0.857636132,0.0
120800010402,2015,0.823014967,0.823014967,0.0
120800010402,2016,0.39549091,0.39549091,0.0
120800010402,2017,0.781151529,0.781151529,0.0
120800010402,2018,0.880294164,0.880294164,0.0
120800010402,2019,1.26033777,1.26033777,0.0
120800010402,2020,0.908299243,0.908299243,0.0
120800010403,2000,8.040535,8.040535,0.0
120800010403,2001,7.185323575,7.185323575,0.0
120800010403,2002,7.530823814,7.530823814,0.0
120800010403,2003,6.785138622,6.785138622,0.0
120800010403,2004,6.740870691,6.740870691,0.0
120800010403,2005,8.381383173,8.381383173,0.0
120800010403,2006,7.016472981,7.016472981,0.0
120800010403,2007,7.427499438,7.427499438,0.0
120800010403,2008,6.664431331,6.664431331,0.0
120800010403,2009,8.859763255,8.859763255,0.0
120800010403,2010,7.045844622,7.045844622,0.0
120800010403,2011,6.595040712,6.595040712,0.0
120800010403,2012,5.557306833,5.557306833,0.0
120800010403,2013,6.030759411,6.030759411,0.0
120800010403,2014,5.816929425,5.816929425,0.0
120800010403,2015,6.896759496,6.896759496,0.0
120800010403,2016,6.575683396,6.575683396,0.0
120800010403,2017,7.568976312,7.568976312,0.0
120800010403,2018,5.03518289,5.03518289,0.0
120800010403,2019,6.430588611,6.430588611,0.0
120800010403,2020,6.608918653,6.608918653,0.0
120800010404,2000,0.549011107,0.549011107,0.0
120800010404,2001,1.004450378,1.004450378,0.0
120800010404,2002,1.193999542,1.193999542,0.0
120800010404,2003,1.878460784,1.878460784,0.0
120800010404,2004,2.464414861,2.464414861,0.0
120800010404,2005,2.169602918,2.169602918,0.0
120800010404,2006,1.770895411,1.770895411,0.0
120800010404,2007,3.241671205,3.241671205,0.0
120800010404,2008,0.208952251,0.208952251,0.0
120800010404,2009,1.701407518,1.701407518,0.0
120800010404,2010,0.973134008,0.973134008,0.0
120800010404,2011,0.828521458,0.828521458,0.0
120800010404,2012,0.827290891,0.827290891,0.0
120800010404,2013,1.842230773,1.842230773,0.0
120800010404,2014,2.314680715,2.314680715,0.0
120800010404,2015,3.320888548,3.320888548,0.0
120800010404,2016,1.729362232,1.729362232,0.0
120800010404,2017,2.320467214,2.320467214,0.0
120800010404,2018,1.341101356,1.341101356,0.0
120800010404,2019,0.841388186,0.841388186,0.0
120800010404,2020,1.558567055,1.558567055,0.0
120800010405,2000,11.592323208,11.697601642,0.105278437
120800010405,2001,7.872288063,7.943781921,0.071494025
120800010405,2002,9.115756575,9.198543504,0.082787014
120800010405,2003,8.51089817,8.588192096,0.077293756
120800010405,2004,7.652975792,7.722478068,0.069502279
120800010405,2005,8.706010948,8.785076658,0.079065707
120800010405,2006,7.742090145,7.81240177,0.07031154
120800010405,2007,6.574931178,6.634643112,0.059711767
120800010405,2008,7.238235795,7.303971516,0.065735724
120800010405,2009,8.241760814,8.316610323,0.074849507
120800010405,2010,7.532551085,7.600959805,0.068408638
120800010405,2011,9.671304625,9.759136989,0.087832195
120800010405,2012,6.754898486,6.816244776,0.061346126
120800010405,2013,5.347000274,5.39556043,0.048560071
120800010405,2014,6.586532984,6.646350123,0.05981714
120800010405,2015,7.467861696,7.53568286,0.067821079
120800010405,2016,7.907440251,7.979253628,0.07181329
120800010405,2017,6.610433852,6.670468011,0.060034247
120800010405,2018,6.651304137,6.711709523,0.060405551
120800010405,2019,9.357743989,9.442728773,0.084984532
120800010405,2020,8.895623869,8.976411396,0.080787779
120800010406,2000,1.954401459,1.972150923,0.017749464
120800010406,2001,1.83992963,1.856639296,0.016709748
120800010406,2002,1.550852088,1.564936529,0.014084441
120800010406,2003,1.922306444,1.939764444,0.017457918
120800010406,2004,0.539070295,0.543417604,0.004347393
120800010406,2005,1.523578279,1.537414997,0.013836718
120800010406,2006,1.605819847,1.620403452,0.014583523
120800010406,2007,1.011047362,1.020229378,0.009182099
120800010406,2008,0.819459874,0.826901866,0.007442077
120800010406,2009,1.757831605,1.773795712,0.015964192
120800010406,2010,2.515670871,2.53851751,0.022846638
120800010406,2011,2.875221005,2.90133294,0.026112019
120800010406,2012,1.126873607,1.137107393,0.010233954
120800010406,2013,1.438116353,1.451176989,0.013060636
120800010406,2014,1.361196918,1.373558896,0.012362063
120800010406,2015,2.006191734,2.024411326,0.018219759
120800010406,2016,1.47345606,1.486837445,0.013381467
120800010406,2017,1.092995252,1.102921504,0.009926337
120800010406,2018,1.319632079,1.331616586,0.011984592
120800010406,2019,1.441466211,1.454557164,0.013090951
120800010406,2020,1.961273265,1.979084869,0.017811691
120800010407,2000,7.673028175,7.742712596,0.069684336
120800010407,2001,5.364358214,5.413076014,0.048717715
120800010407,2002,6.824405742,6.886383121,0.06197746
120800010407,2003,6.490614447,6.549560567,0.058946121
120800010407,2004,5.319370046,5.367679254,0.048309208
120800010407,2005,5.5407588,5.591078296,0.050319827
120800010407,2006,5.28112754,5.329089452,0.047961745
120800010407,2007,4.483473107,4.524190833,0.040717729
120800010407,2008,5.064846557,5.110844175,0.045997617
120800010407,2009,6.907584288,6.970317115,0.06273291
120800010407,2010,7.527104663,7.595463844,0.068359181
120800010407,2011,8.141061556,8.214996567,0.073935008
120800010407,2012,5.035338434,5.081067907,0.045729639
120800010407,2013,5.460338153,5.509927318,0.049589334
120800010407,2014,5.997282477,6.051748208,0.054465729
120800010407,2015,7.052000775,7.116045293,0.064044348
120800010407,2016,6.486326434,6.545233495,0.058907142
120800010407,2017,5.48424103,5.534047745,0.049806466
120800010407,2018,3.896403507,3.931789334,0.035385997
120800010407,2019,6.650984033,6.711386447,0.060402414
120800010407,2020,6.517225481,6.57641327,0.059187708
